minute_utc,channel,n,bus_v_mean,ma_mean
2026-07-11T00:47,0x40,491,3.2558,0.0
2026-07-11T00:47,0x44,491,3.32,10.0
2026-07-11T00:48,0x40,594,3.2556,0.0
2026-07-11T00:48,0x44,594,3.32,10.0
2026-07-11T00:49,0x40,595,3.2558,0.0
2026-07-11T00:49,0x44,595,3.32,10.0
2026-07-11T00:50,0x40,595,3.255,0.0
2026-07-11T00:50,0x44,595,3.32,10.0
2026-07-11T00:51,0x40,594,3.2554,0.0
2026-07-11T00:51,0x44,594,3.32,10.0
2026-07-11T00:52,0x40,595,3.2546,0.0
2026-07-11T00:52,0x44,595,3.32,10.0
2026-07-11T00:53,0x40,594,3.2552,0.0
2026-07-11T00:53,0x44,594,3.32,10.0
2026-07-11T00:54,0x40,595,3.2557,0.0
2026-07-11T00:54,0x44,595,3.32,10.0
2026-07-11T00:55,0x40,595,3.2541,0.0
2026-07-11T00:55,0x44,595,3.3197,10.0
2026-07-11T00:56,0x40,594,3.2523,0.0
2026-07-11T00:56,0x44,594,3.3198,10.0
2026-07-11T00:57,0x40,595,3.2526,0.0
2026-07-11T00:57,0x44,595,3.3198,10.0
2026-07-11T00:58,0x40,594,3.2521,0.0
2026-07-11T00:58,0x44,594,3.3197,10.0
2026-07-11T00:59,0x40,595,3.2521,0.0
2026-07-11T00:59,0x44,595,3.3197,10.0
2026-07-11T01:00,0x40,595,3.2529,0.0
2026-07-11T01:00,0x44,595,3.3196,10.0
2026-07-11T01:01,0x40,594,3.2526,0.0
2026-07-11T01:01,0x44,594,3.3196,10.0
2026-07-11T01:02,0x40,595,3.2535,0.0
2026-07-11T01:02,0x44,595,3.3196,10.0
2026-07-11T01:03,0x40,594,3.2546,0.0
2026-07-11T01:03,0x44,594,3.3197,10.0
2026-07-11T01:04,0x40,595,3.2546,0.0
2026-07-11T01:04,0x44,595,3.32,10.0
2026-07-11T01:05,0x40,595,3.2541,0.0
2026-07-11T01:05,0x44,595,3.3199,10.0
2026-07-11T01:06,0x40,594,3.2538,0.0
2026-07-11T01:06,0x44,594,3.3199,10.0
2026-07-11T01:07,0x40,595,3.2529,0.0
2026-07-11T01:07,0x44,595,3.3197,10.0
2026-07-11T01:08,0x40,595,3.2522,0.0
2026-07-11T01:08,0x44,595,3.3198,10.0
2026-07-11T01:09,0x40,594,3.2519,0.0
2026-07-11T01:09,0x44,594,3.3197,10.0
2026-07-11T01:10,0x40,595,3.252,0.0
2026-07-11T01:10,0x44,595,3.3196,10.0
2026-07-11T01:11,0x40,594,3.252,0.0
2026-07-11T01:11,0x44,594,3.3195,10.0
2026-07-11T01:12,0x40,595,3.252,0.0
2026-07-11T01:12,0x44,595,3.3195,10.0
2026-07-11T01:13,0x40,594,3.2519,0.0
2026-07-11T01:13,0x44,594,3.3194,10.0
2026-07-11T01:14,0x40,595,3.2519,0.0
2026-07-11T01:14,0x44,595,3.3196,10.0
2026-07-11T01:15,0x40,595,3.2519,0.0
2026-07-11T01:15,0x44,595,3.3198,10.0
2026-07-11T01:16,0x40,594,3.2528,13.64
2026-07-11T01:16,0x44,594,3.3171,10.0
2026-07-11T01:17,0x40,595,3.2539,0.0
2026-07-11T01:17,0x44,595,3.3157,10.0
2026-07-11T01:18,0x40,594,3.2557,0.0
2026-07-11T01:18,0x44,594,3.316,10.0
2026-07-11T01:19,0x40,595,3.2573,0.0
2026-07-11T01:19,0x44,595,3.316,10.0
2026-07-11T01:20,0x40,595,3.2096,0.0
2026-07-11T01:20,0x44,595,3.316,10.0
2026-07-11T01:21,0x40,594,3.2067,0.0
2026-07-11T01:21,0x44,594,3.316,10.0
2026-07-11T01:22,0x40,595,3.2064,0.0
2026-07-11T01:22,0x44,595,3.316,10.0
2026-07-11T01:23,0x40,594,3.207,0.0
2026-07-11T01:23,0x44,594,3.316,10.0
2026-07-11T01:24,0x40,595,3.2064,0.0
2026-07-11T01:24,0x44,595,3.316,10.0
2026-07-11T01:25,0x40,595,3.206,0.0
2026-07-11T01:25,0x44,595,3.316,10.0
2026-07-11T01:26,0x40,594,3.2073,0.0
2026-07-11T01:26,0x44,594,3.316,10.0
2026-07-11T01:27,0x40,595,3.207,0.0
2026-07-11T01:27,0x44,595,3.316,10.0
2026-07-11T01:28,0x40,594,3.2082,0.0
2026-07-11T01:28,0x44,594,3.3154,10.0
2026-07-11T01:29,0x40,595,3.214,0.0
2026-07-11T01:29,0x44,595,3.312,10.0
2026-07-11T01:30,0x40,595,3.2139,0.0
2026-07-11T01:30,0x44,595,3.312,10.0
2026-07-11T01:31,0x40,594,3.2132,0.0
2026-07-11T01:31,0x44,594,3.312,10.0
2026-07-11T01:32,0x40,595,3.2138,0.0
2026-07-11T01:32,0x44,595,3.3119,10.0
2026-07-11T01:33,0x40,594,3.2142,0.0
2026-07-11T01:33,0x44,594,3.312,10.0
2026-07-11T01:34,0x40,595,3.2137,0.0
2026-07-11T01:34,0x44,595,3.312,10.0
2026-07-11T01:35,0x40,595,3.2146,0.0
2026-07-11T01:35,0x44,595,3.3119,10.0
2026-07-11T01:36,0x40,594,3.2158,0.0
2026-07-11T01:36,0x44,594,3.3126,10.0
2026-07-11T01:37,0x40,595,3.2147,0.0
2026-07-11T01:37,0x44,595,3.312,10.0
2026-07-11T01:38,0x40,594,3.2146,0.0
2026-07-11T01:38,0x44,594,3.312,10.0
2026-07-11T01:39,0x40,595,3.2139,0.0
2026-07-11T01:39,0x44,595,3.312,10.0
2026-07-11T01:40,0x40,595,3.2127,0.0
2026-07-11T01:40,0x44,595,3.312,10.0
2026-07-11T01:41,0x40,594,3.2128,0.0
2026-07-11T01:41,0x44,594,3.312,10.0
2026-07-11T01:42,0x40,595,3.2129,0.0
2026-07-11T01:42,0x44,595,3.312,10.0
2026-07-11T01:43,0x40,594,3.2124,0.0
2026-07-11T01:43,0x44,594,3.312,10.0
2026-07-11T01:44,0x40,595,3.2119,0.0
2026-07-11T01:44,0x44,595,3.312,10.0
2026-07-11T01:45,0x40,594,3.2114,0.0
2026-07-11T01:45,0x44,594,3.312,10.0
2026-07-11T01:46,0x40,595,3.2107,0.0
2026-07-11T01:46,0x44,595,3.312,10.0
2026-07-11T01:47,0x40,595,3.2099,0.0
2026-07-11T01:47,0x44,595,3.312,10.0
2026-07-11T01:48,0x40,594,3.2102,0.0
2026-07-11T01:48,0x44,594,3.312,10.0
2026-07-11T01:49,0x40,595,3.2106,0.0
2026-07-11T01:49,0x44,595,3.312,10.0
2026-07-11T01:50,0x40,594,3.2115,0.0
2026-07-11T01:50,0x44,594,3.312,10.0
2026-07-11T01:51,0x40,595,3.2107,0.0
2026-07-11T01:51,0x44,595,3.312,10.0
2026-07-11T01:52,0x40,595,3.2106,0.0
2026-07-11T01:52,0x44,595,3.312,10.0
2026-07-11T01:53,0x40,594,3.2099,0.0
2026-07-11T01:53,0x44,594,3.312,10.0
2026-07-11T01:54,0x40,595,3.2104,0.0
2026-07-11T01:54,0x44,595,3.312,10.0
2026-07-11T01:55,0x40,595,3.2106,0.0
2026-07-11T01:55,0x44,595,3.312,10.0
2026-07-11T01:56,0x40,594,3.211,0.0
2026-07-11T01:56,0x44,594,3.312,10.0
2026-07-11T01:57,0x40,595,3.211,0.0
2026-07-11T01:57,0x44,595,3.312,10.0
2026-07-11T01:58,0x40,594,3.2105,0.0
2026-07-11T01:58,0x44,594,3.312,10.0
2026-07-11T01:59,0x40,595,3.2099,0.0
2026-07-11T01:59,0x44,595,3.312,10.0
2026-07-11T02:00,0x40,595,3.2102,0.0
2026-07-11T02:00,0x44,595,3.312,10.0
2026-07-11T02:01,0x40,594,3.2111,0.0
2026-07-11T02:01,0x44,594,3.312,10.0
2026-07-11T02:02,0x40,595,3.2104,0.0
2026-07-11T02:02,0x44,595,3.312,10.0
2026-07-11T02:03,0x40,594,3.2102,0.0
2026-07-11T02:03,0x44,594,3.312,10.0
2026-07-11T02:04,0x40,595,3.2101,0.0
2026-07-11T02:04,0x44,595,3.312,10.0
2026-07-11T02:05,0x40,595,3.2105,0.0
2026-07-11T02:05,0x44,595,3.312,10.0
2026-07-11T02:06,0x40,594,3.2109,0.0
2026-07-11T02:06,0x44,594,3.312,10.0
2026-07-11T02:07,0x40,595,3.2106,0.0
2026-07-11T02:07,0x44,595,3.312,10.0
2026-07-11T02:08,0x40,594,3.2094,0.0
2026-07-11T02:08,0x44,594,3.312,10.0
2026-07-11T02:09,0x40,595,3.2103,0.0
2026-07-11T02:09,0x44,595,3.312,10.0
2026-07-11T02:10,0x40,595,3.2106,0.0
2026-07-11T02:10,0x44,595,3.312,10.0
2026-07-11T02:11,0x40,594,3.2107,0.0
2026-07-11T02:11,0x44,594,3.312,10.0
2026-07-11T02:12,0x40,595,3.1845,0.0
2026-07-11T02:12,0x44,595,3.3122,10.0
2026-07-11T02:13,0x40,594,3.1824,0.0
2026-07-11T02:13,0x44,594,3.312,10.0
2026-07-11T02:14,0x40,595,3.1836,0.0
2026-07-11T02:14,0x44,595,3.312,10.0
2026-07-11T02:15,0x40,595,3.183,0.0
2026-07-11T02:15,0x44,595,3.312,10.0
2026-07-11T02:16,0x40,594,3.1832,0.0
2026-07-11T02:16,0x44,594,3.312,10.0
2026-07-11T02:17,0x40,595,3.1824,0.0
2026-07-11T02:17,0x44,595,3.312,10.0
2026-07-11T02:18,0x40,594,3.1825,0.0
2026-07-11T02:18,0x44,594,3.312,10.0
2026-07-11T02:19,0x40,595,3.1829,0.0
2026-07-11T02:19,0x44,595,3.312,10.0
2026-07-11T02:20,0x40,595,3.1826,0.0
2026-07-11T02:20,0x44,595,3.312,10.0
2026-07-11T02:21,0x40,594,3.1823,0.0
2026-07-11T02:21,0x44,594,3.312,10.0
2026-07-11T02:22,0x40,595,3.1822,0.0
2026-07-11T02:22,0x44,595,3.312,10.0
2026-07-11T02:23,0x40,594,3.1823,0.0
2026-07-11T02:23,0x44,594,3.312,10.0
2026-07-11T02:24,0x40,595,3.1824,0.0
2026-07-11T02:24,0x44,595,3.312,10.0
2026-07-11T02:25,0x40,595,3.1823,0.0
2026-07-11T02:25,0x44,595,3.312,10.0
2026-07-11T02:26,0x40,594,3.1825,0.0
2026-07-11T02:26,0x44,594,3.312,10.0
2026-07-11T02:27,0x40,595,3.1828,0.0
2026-07-11T02:27,0x44,595,3.312,10.0
2026-07-11T02:28,0x40,594,3.1819,0.0
2026-07-11T02:28,0x44,594,3.312,10.0
2026-07-11T02:29,0x40,595,3.1822,0.0
2026-07-11T02:29,0x44,595,3.312,10.0
2026-07-11T02:30,0x40,595,3.1828,0.0
2026-07-11T02:30,0x44,595,3.312,10.0
2026-07-11T02:31,0x40,594,3.1825,0.0
2026-07-11T02:31,0x44,594,3.312,10.0
2026-07-11T02:32,0x40,595,3.182,0.0
2026-07-11T02:32,0x44,595,3.312,10.0
2026-07-11T02:33,0x40,594,3.1825,0.0
2026-07-11T02:33,0x44,594,3.312,10.0
2026-07-11T02:34,0x40,595,3.183,0.0
2026-07-11T02:34,0x44,595,3.312,10.0
2026-07-11T02:35,0x40,595,3.1822,0.0
2026-07-11T02:35,0x44,595,3.312,10.0
2026-07-11T02:36,0x40,594,3.182,0.0
2026-07-11T02:36,0x44,594,3.312,10.0
2026-07-11T02:37,0x40,595,3.1828,0.0
2026-07-11T02:37,0x44,595,3.312,10.0
2026-07-11T02:38,0x40,594,3.1825,0.0
2026-07-11T02:38,0x44,594,3.312,10.0
2026-07-11T02:39,0x40,595,3.1822,0.0
2026-07-11T02:39,0x44,595,3.312,10.0
2026-07-11T02:40,0x40,595,3.1828,0.0
2026-07-11T02:40,0x44,595,3.312,10.0
2026-07-11T02:41,0x40,594,3.1825,0.0
2026-07-11T02:41,0x44,594,3.312,10.0
2026-07-11T02:42,0x40,595,3.1825,0.0
2026-07-11T02:42,0x44,595,3.312,10.0
2026-07-11T02:43,0x40,594,3.1821,0.0
2026-07-11T02:43,0x44,594,3.312,10.0
2026-07-11T02:44,0x40,595,3.1828,0.0
2026-07-11T02:44,0x44,595,3.312,10.0
2026-07-11T02:45,0x40,595,3.1813,0.0
2026-07-11T02:45,0x44,595,3.312,10.0
2026-07-11T02:46,0x40,594,3.1822,0.0
2026-07-11T02:46,0x44,594,3.312,10.0
2026-07-11T02:47,0x40,595,3.1825,0.0
2026-07-11T02:47,0x44,595,3.312,10.0
2026-07-11T02:48,0x40,594,3.1818,0.0
2026-07-11T02:48,0x44,594,3.312,10.0
2026-07-11T02:49,0x40,595,3.1819,0.0
2026-07-11T02:49,0x44,595,3.312,10.0
2026-07-11T02:50,0x40,594,3.1816,0.0
2026-07-11T02:50,0x44,594,3.312,10.0
2026-07-11T02:51,0x40,595,3.1824,0.0
2026-07-11T02:51,0x44,595,3.312,10.0
2026-07-11T02:52,0x40,595,3.1825,0.0
2026-07-11T02:52,0x44,595,3.312,10.0
2026-07-11T02:53,0x40,594,3.1819,0.0
2026-07-11T02:53,0x44,594,3.312,10.0
2026-07-11T02:54,0x40,595,3.1825,0.0
2026-07-11T02:54,0x44,595,3.312,10.0
2026-07-11T02:55,0x40,594,3.182,0.0
2026-07-11T02:55,0x44,594,3.312,10.0
2026-07-11T02:56,0x40,595,3.1819,0.0
2026-07-11T02:56,0x44,595,3.312,10.0
2026-07-11T02:57,0x40,595,3.1822,0.0
2026-07-11T02:57,0x44,595,3.312,10.0
2026-07-11T02:58,0x40,594,3.1822,0.0
2026-07-11T02:58,0x44,594,3.312,10.0
2026-07-11T02:59,0x40,595,3.1824,0.0
2026-07-11T02:59,0x44,595,3.312,10.0
2026-07-11T03:00,0x40,594,3.1814,0.0
2026-07-11T03:00,0x44,594,3.312,10.0
2026-07-11T03:01,0x40,595,3.182,0.0
2026-07-11T03:01,0x44,595,3.312,10.0
2026-07-11T03:02,0x40,594,3.1819,0.0
2026-07-11T03:02,0x44,594,3.312,10.0
2026-07-11T03:03,0x40,595,3.1826,0.0
2026-07-11T03:03,0x44,595,3.312,10.0
2026-07-11T03:04,0x40,595,3.1819,0.0
2026-07-11T03:04,0x44,595,3.312,10.0
2026-07-11T03:05,0x40,594,3.1827,0.0
2026-07-11T03:05,0x44,594,3.312,10.0
2026-07-11T03:06,0x40,595,3.1816,0.0
2026-07-11T03:06,0x44,595,3.312,10.0
2026-07-11T03:07,0x40,594,3.1815,0.0
2026-07-11T03:07,0x44,594,3.312,10.0
2026-07-11T03:08,0x40,595,3.1824,0.0
2026-07-11T03:08,0x44,595,3.312,10.0
2026-07-11T03:09,0x40,594,3.1823,0.0
2026-07-11T03:09,0x44,594,3.312,10.0
2026-07-11T03:10,0x40,595,3.1829,0.0
2026-07-11T03:10,0x44,595,3.312,10.0
2026-07-11T03:11,0x40,595,3.1819,0.0
2026-07-11T03:11,0x44,595,3.312,10.0
2026-07-11T03:12,0x40,594,3.1825,0.0
2026-07-11T03:12,0x44,594,3.312,10.0
2026-07-11T03:13,0x40,595,3.182,0.0
2026-07-11T03:13,0x44,595,3.312,10.0
2026-07-11T03:14,0x40,594,3.1826,0.0
2026-07-11T03:14,0x44,594,3.312,10.0
2026-07-11T03:15,0x40,595,3.1823,0.0
2026-07-11T03:15,0x44,595,3.312,10.0
2026-07-11T03:16,0x40,594,3.1824,0.0
2026-07-11T03:16,0x44,594,3.312,10.0
2026-07-11T03:17,0x40,595,3.182,0.0
2026-07-11T03:17,0x44,595,3.3132,10.0
2026-07-11T03:18,0x40,595,3.1842,0.0
2026-07-11T03:18,0x44,595,3.3152,10.0
2026-07-11T03:19,0x40,594,3.1824,0.0
2026-07-11T03:19,0x44,594,3.316,10.0
2026-07-11T03:20,0x40,595,3.1817,0.0
2026-07-11T03:20,0x44,595,3.3147,10.0
2026-07-11T03:21,0x40,594,3.1819,0.0
2026-07-11T03:21,0x44,594,3.3142,10.0
2026-07-11T03:22,0x40,595,3.1826,0.0
2026-07-11T03:22,0x44,595,3.314,10.0
2026-07-11T03:23,0x40,595,1.4121,-1.43
2026-07-11T03:23,0x44,595,1.2192,3.65
2026-07-11T03:24,0x40,595,1.4801,-34.39
2026-07-11T03:24,0x44,595,0.8474,2.56
2026-07-11T03:25,0x40,595,0.9919,-7.52
2026-07-11T03:25,0x44,595,0.1795,0.55
2026-07-11T03:26,0x40,594,0.1302,0.94
2026-07-11T03:26,0x44,594,0.0,-0.01
2026-07-11T03:27,0x40,595,0.1284,1.0
2026-07-11T03:27,0x44,595,0.0,0.0
2026-07-11T03:28,0x40,595,0.1275,0.75
2026-07-11T03:28,0x44,595,0.0,0.0
2026-07-11T03:29,0x40,596,0.0936,0.06
2026-07-11T03:29,0x44,596,0.0,-0.04
2026-07-11T03:30,0x40,595,0.3202,-1.86
2026-07-11T03:30,0x44,595,0.0044,-0.43
2026-07-11T03:31,0x40,595,0.854,-11.26
2026-07-11T03:31,0x44,595,0.2657,0.74
2026-07-11T03:32,0x40,595,0.1112,-0.0
2026-07-11T03:32,0x44,595,0.0,-0.57
2026-07-11T03:33,0x40,595,0.094,0.0
2026-07-11T03:33,0x44,595,0.0,-0.1
2026-07-11T03:34,0x40,595,0.0999,0.0
2026-07-11T03:34,0x44,595,0.0,0.0
2026-07-11T03:35,0x40,596,0.1284,0.0
2026-07-11T03:35,0x44,595,0.0,0.0
2026-07-11T03:36,0x44,596,0.0022,0.0
2026-07-11T03:36,0x40,595,0.1294,0.0
2026-07-11T03:37,0x40,595,0.3103,0.54
2026-07-11T03:37,0x44,595,0.0251,-0.24
2026-07-11T03:38,0x40,594,0.2973,0.37
2026-07-11T03:38,0x44,594,0.0208,-0.78
2026-07-11T03:39,0x40,595,0.3412,-0.68
2026-07-11T03:39,0x44,595,0.0215,-1.0
2026-07-11T03:40,0x40,594,0.283,0.0
2026-07-11T03:40,0x44,594,0.0255,-1.0
2026-07-11T03:41,0x40,595,0.2897,0.0
2026-07-11T03:41,0x44,595,0.024,-1.0
2026-07-11T03:42,0x40,595,0.2918,0.0
2026-07-11T03:42,0x44,595,0.024,-1.0
2026-07-11T03:43,0x40,594,0.292,0.0
2026-07-11T03:43,0x44,594,0.024,-1.0
2026-07-11T03:44,0x40,595,0.2923,0.0
2026-07-11T03:44,0x44,595,0.024,-1.0
2026-07-11T03:45,0x40,595,0.2468,0.08
2026-07-11T03:45,0x44,595,0.0202,-0.9
2026-07-11T03:46,0x40,594,0.4613,2.95
2026-07-11T03:46,0x44,594,0.0301,-0.59
2026-07-11T03:47,0x40,595,0.4308,0.0
2026-07-11T03:47,0x44,595,0.0388,-1.0
2026-07-11T03:48,0x40,595,0.3474,0.0
2026-07-11T03:48,0x44,595,0.0162,-1.0
2026-07-11T03:49,0x40,485,0.4206,0.0
2026-07-11T03:49,0x44,595,0.1544,-1.2
2026-07-11T03:50,0x44,596,0.501,-1.58
2026-07-11T03:51,0x44,597,0.0,1.61
2026-07-11T03:52,0x44,597,0.0,2.21
2026-07-11T03:53,0x44,596,0.0,2.89
2026-07-11T03:54,0x44,597,1.7531,7.47
2026-07-11T03:55,0x44,597,2.8561,10.41
2026-07-11T03:56,0x44,596,2.86,10.46
2026-07-11T03:57,0x44,597,2.885,10.52
2026-07-11T03:58,0x44,70,2.8558,10.59
2026-07-11T03:58,0x45,43,3.2482,-125.37
2026-07-11T03:59,0x44,594,2.8531,11.0
2026-07-11T03:59,0x45,594,3.2481,-125.59
2026-07-11T04:00,0x44,594,2.8528,11.0
2026-07-11T04:00,0x45,594,3.248,-126.27
2026-07-11T04:01,0x44,595,2.8688,10.98
2026-07-11T04:01,0x45,595,3.2477,-126.06
2026-07-11T04:02,0x44,594,2.8758,11.0
2026-07-11T04:02,0x45,594,3.248,-125.91
2026-07-11T04:03,0x44,594,2.876,11.0
2026-07-11T04:03,0x45,594,3.248,-126.0
2026-07-11T04:04,0x44,595,2.8781,10.99
2026-07-11T04:04,0x45,595,3.2469,-126.02
2026-07-11T04:05,0x44,594,2.8997,10.96
2026-07-11T04:05,0x45,594,3.2969,35.74
2026-07-11T04:06,0x44,594,2.9358,11.0
2026-07-11T04:06,0x45,594,3.4493,543.76
2026-07-11T04:07,0x44,595,2.9381,11.0
2026-07-11T04:07,0x45,595,3.4575,563.11
2026-07-11T04:08,0x44,594,2.9254,10.99
2026-07-11T04:08,0x45,594,3.4568,573.54
2026-07-11T04:09,0x44,594,2.9,11.0
2026-07-11T04:09,0x45,594,3.4671,581.03
2026-07-11T04:10,0x44,595,2.9,11.0
2026-07-11T04:10,0x45,595,3.4717,587.21
2026-07-11T04:11,0x44,594,2.9,11.0
2026-07-11T04:11,0x45,594,3.4741,591.67
2026-07-11T04:12,0x44,595,2.9,11.0
2026-07-11T04:12,0x45,595,3.4768,595.98
2026-07-11T04:13,0x44,594,2.9653,10.98
2026-07-11T04:13,0x45,594,3.5117,664.05
2026-07-11T04:14,0x44,594,2.9932,10.99
2026-07-11T04:14,0x45,594,3.564,814.19
2026-07-11T04:15,0x44,595,2.9941,11.0
2026-07-11T04:15,0x45,595,3.564,806.02
2026-07-11T04:16,0x44,594,2.9946,10.99
2026-07-11T04:16,0x45,594,3.564,798.88
2026-07-11T04:17,0x44,594,2.9939,11.0
2026-07-11T04:17,0x45,594,3.5608,441.65
2026-07-11T04:18,0x44,595,2.9948,10.99
2026-07-11T04:18,0x45,595,3.5622,652.04
2026-07-11T04:19,0x44,594,2.9959,10.97
2026-07-11T04:19,0x45,594,3.564,812.66
2026-07-11T04:20,0x44,594,2.9702,11.0
2026-07-11T04:20,0x45,594,3.5635,805.88
2026-07-11T04:21,0x44,595,2.9854,10.98
2026-07-11T04:21,0x45,595,3.5618,799.6
2026-07-11T04:22,0x44,594,2.996,10.99
2026-07-11T04:22,0x45,594,3.5646,794.12
2026-07-11T04:23,0x44,594,2.996,10.98
2026-07-11T04:23,0x45,594,3.5654,789.3
2026-07-11T04:24,0x44,595,2.996,10.98
2026-07-11T04:24,0x45,595,3.5658,784.88
2026-07-11T04:25,0x44,594,2.996,10.99
2026-07-11T04:25,0x45,594,3.5672,781.18
2026-07-11T04:26,0x44,595,2.9851,10.99
2026-07-11T04:26,0x45,595,3.5666,777.67
2026-07-11T04:27,0x44,594,2.9848,10.98
2026-07-11T04:27,0x45,594,3.5664,774.64
2026-07-11T04:28,0x44,594,2.9731,10.99
2026-07-11T04:28,0x45,594,3.5665,771.72
2026-07-11T04:29,0x44,595,2.968,11.0
2026-07-11T04:29,0x45,595,3.5672,769.17
2026-07-11T04:30,0x44,594,2.968,11.0
2026-07-11T04:30,0x45,594,3.5678,767.33
2026-07-11T04:31,0x44,594,2.9761,11.0
2026-07-11T04:31,0x45,594,3.5665,765.73
2026-07-11T04:32,0x44,595,2.9959,10.99
2026-07-11T04:32,0x45,595,3.568,764.71
2026-07-11T04:33,0x44,594,2.996,11.0
2026-07-11T04:33,0x45,594,3.568,764.04
2026-07-11T04:34,0x44,594,2.996,11.0
2026-07-11T04:34,0x45,594,3.568,763.1
2026-07-11T04:35,0x44,595,2.996,11.0
2026-07-11T04:35,0x45,595,3.568,762.51
2026-07-11T04:36,0x44,594,2.996,10.98
2026-07-11T04:36,0x45,594,3.568,761.95
2026-07-11T04:37,0x44,594,2.996,10.99
2026-07-11T04:37,0x45,594,3.568,762.01
2026-07-11T04:38,0x44,595,2.9727,11.0
2026-07-11T04:38,0x45,595,3.5671,761.72
2026-07-11T04:39,0x44,594,2.9756,10.99
2026-07-11T04:39,0x45,594,3.566,761.57
2026-07-11T04:40,0x44,594,2.996,11.0
2026-07-11T04:40,0x45,594,3.568,761.14
2026-07-11T04:41,0x44,595,2.996,11.0
2026-07-11T04:41,0x45,595,3.568,761.09
2026-07-11T04:42,0x44,594,2.9732,11.0
2026-07-11T04:42,0x45,594,3.5677,761.55
2026-07-11T04:43,0x44,594,2.9891,10.99
2026-07-11T04:43,0x45,594,3.5674,762.04
2026-07-11T04:44,0x44,595,2.973,11.0
2026-07-11T04:44,0x45,595,3.5675,762.07
2026-07-11T04:45,0x44,594,2.968,11.0
2026-07-11T04:45,0x45,594,3.568,762.09
2026-07-11T04:46,0x44,594,2.9862,10.99
2026-07-11T04:46,0x45,594,3.5676,762.07
2026-07-11T04:47,0x44,595,2.9958,10.99
2026-07-11T04:47,0x45,595,3.568,762.05
2026-07-11T04:48,0x44,594,2.9751,11.0
2026-07-11T04:48,0x45,594,3.5663,762.08
2026-07-11T04:49,0x44,594,2.9712,10.99
2026-07-11T04:49,0x45,594,3.5681,762.06
2026-07-11T04:50,0x44,595,2.9732,11.0
2026-07-11T04:50,0x45,595,3.5667,762.16
2026-07-11T04:51,0x44,594,2.968,11.0
2026-07-11T04:51,0x45,594,3.568,762.93
2026-07-11T04:52,0x44,595,2.968,11.0
2026-07-11T04:52,0x45,594,3.568,763.24
2026-07-11T04:53,0x45,595,3.568,763.18
2026-07-11T04:53,0x44,594,2.968,11.0
2026-07-11T04:54,0x44,594,2.9816,10.99
2026-07-11T04:54,0x45,594,3.5662,763.95
2026-07-11T04:55,0x44,595,2.996,10.99
2026-07-11T04:55,0x45,595,3.568,763.95
2026-07-11T04:56,0x44,594,2.9729,10.99
2026-07-11T04:56,0x45,594,3.5662,763.9
2026-07-11T04:57,0x44,594,2.968,11.0
2026-07-11T04:57,0x45,594,3.568,764.02
2026-07-11T04:58,0x44,595,2.9949,10.97
2026-07-11T04:58,0x45,595,3.568,763.68
2026-07-11T04:59,0x44,594,2.996,10.99
2026-07-11T04:59,0x45,594,3.568,763.67
2026-07-11T05:00,0x44,594,2.9709,10.99
2026-07-11T05:00,0x45,594,3.5669,764.08
2026-07-11T05:01,0x44,595,2.968,11.0
2026-07-11T05:01,0x45,595,3.568,764.3
2026-07-11T05:02,0x44,594,2.9777,10.98
2026-07-11T05:02,0x45,594,3.5649,764.99
2026-07-11T05:03,0x44,594,2.9827,11.0
2026-07-11T05:03,0x45,594,3.568,765.06
2026-07-11T05:04,0x44,595,2.968,11.0
2026-07-11T05:04,0x45,595,3.568,765.44
2026-07-11T05:05,0x44,594,2.9796,10.99
2026-07-11T05:05,0x45,594,3.5631,765.41
2026-07-11T05:06,0x44,594,2.9711,11.0
2026-07-11T05:06,0x45,594,3.568,764.54
2026-07-11T05:07,0x44,595,2.971,11.0
2026-07-11T05:07,0x45,595,3.568,765.69
2026-07-11T05:08,0x44,594,2.9807,10.98
2026-07-11T05:08,0x45,594,3.5643,766.31
2026-07-11T05:09,0x44,594,2.9953,10.99
2026-07-11T05:09,0x45,594,3.5673,766.22
2026-07-11T05:10,0x44,595,2.996,10.99
2026-07-11T05:10,0x45,595,3.568,766.99
2026-07-11T05:11,0x44,594,2.996,11.0
2026-07-11T05:11,0x45,594,3.568,767.06
2026-07-11T05:12,0x44,594,2.9747,11.0
2026-07-11T05:12,0x45,594,3.5664,767.05
2026-07-11T05:13,0x44,595,2.9681,11.0
2026-07-11T05:13,0x45,595,3.568,767.05
2026-07-11T05:14,0x44,594,2.9685,11.0
2026-07-11T05:14,0x45,594,3.568,767.18
2026-07-11T05:15,0x44,595,2.9688,11.0
2026-07-11T05:15,0x45,595,3.568,767.98
2026-07-11T05:16,0x44,594,2.9702,11.0
2026-07-11T05:16,0x45,594,3.568,767.03
2026-07-11T05:17,0x44,594,2.9744,10.99
2026-07-11T05:17,0x45,594,3.5675,767.12
2026-07-11T05:18,0x44,595,2.9955,10.96
2026-07-11T05:18,0x45,595,3.5616,767.05
2026-07-11T05:19,0x44,594,2.996,11.0
2026-07-11T05:19,0x45,594,3.568,766.32
2026-07-11T05:20,0x44,594,2.996,10.99
2026-07-11T05:20,0x45,594,3.5679,767.04
2026-07-11T05:21,0x44,595,2.996,11.0
2026-07-11T05:21,0x45,595,3.568,767.08
2026-07-11T05:22,0x44,594,2.996,10.98
2026-07-11T05:22,0x45,594,3.568,765.04
2026-07-11T05:23,0x44,594,2.9862,10.99
2026-07-11T05:23,0x45,594,3.5677,758.02
2026-07-11T05:24,0x44,595,2.968,11.0
2026-07-11T05:24,0x45,595,3.568,752.75
2026-07-11T05:25,0x44,594,2.9753,10.99
2026-07-11T05:25,0x45,594,3.5674,752.96
2026-07-11T05:26,0x44,594,2.9883,10.98
2026-07-11T05:26,0x45,594,3.5624,753.78
2026-07-11T05:27,0x44,595,2.996,10.99
2026-07-11T05:27,0x45,595,3.568,755.06
2026-07-11T05:28,0x44,594,2.996,10.99
2026-07-11T05:28,0x45,594,3.568,756.05
2026-07-11T05:29,0x44,595,2.996,10.99
2026-07-11T05:29,0x45,595,3.568,756.07
2026-07-11T05:30,0x44,594,2.996,10.99
2026-07-11T05:30,0x45,594,3.568,752.33
2026-07-11T05:31,0x44,594,2.996,10.99
2026-07-11T05:31,0x45,594,3.568,745.0
2026-07-11T05:32,0x44,595,2.996,10.99
2026-07-11T05:32,0x45,595,3.5691,746.7
2026-07-11T05:33,0x44,594,2.996,10.99
2026-07-11T05:33,0x45,594,3.5685,747.07
2026-07-11T05:34,0x44,594,2.996,10.99
2026-07-11T05:34,0x45,594,3.5681,744.89
2026-07-11T05:35,0x44,595,2.9959,10.98
2026-07-11T05:35,0x45,595,3.5677,745.01
2026-07-11T05:36,0x44,594,2.9691,11.0
2026-07-11T05:36,0x45,594,3.5685,745.06
2026-07-11T05:37,0x44,594,2.9853,10.99
2026-07-11T05:37,0x45,594,3.567,745.12
2026-07-11T05:38,0x44,595,2.996,10.98
2026-07-11T05:38,0x45,595,3.5689,745.83
2026-07-11T05:39,0x44,594,2.9948,10.98
2026-07-11T05:39,0x45,594,3.5624,746.1
2026-07-11T05:40,0x44,594,2.9887,10.97
2026-07-11T05:40,0x45,594,3.5626,746.09
2026-07-11T05:41,0x44,595,2.9701,11.0
2026-07-11T05:41,0x45,595,3.568,746.07
2026-07-11T05:42,0x44,594,2.9687,11.0
2026-07-11T05:42,0x45,594,3.568,746.06
2026-07-11T05:43,0x44,594,2.9741,10.98
2026-07-11T05:43,0x45,594,3.5672,746.09
2026-07-11T05:44,0x44,595,2.996,10.99
2026-07-11T05:44,0x45,595,3.569,746.07
2026-07-11T05:45,0x44,594,2.996,10.99
2026-07-11T05:45,0x45,594,3.5699,746.06
2026-07-11T05:46,0x44,594,2.979,11.0
2026-07-11T05:46,0x45,594,3.5676,746.07
2026-07-11T05:47,0x44,595,2.9893,10.98
2026-07-11T05:47,0x45,595,3.564,746.1
2026-07-11T05:48,0x44,594,2.9979,10.98
2026-07-11T05:48,0x45,594,3.5656,746.09
2026-07-11T05:49,0x44,594,2.9709,11.0
2026-07-11T05:49,0x45,594,3.5675,745.8
2026-07-11T05:50,0x44,595,2.9765,10.98
2026-07-11T05:50,0x45,595,3.5664,745.57
2026-07-11T05:51,0x44,594,2.9689,11.0
2026-07-11T05:51,0x45,594,3.5681,745.59
2026-07-11T05:52,0x44,594,2.9939,10.97
2026-07-11T05:52,0x45,594,3.5645,745.99
2026-07-11T05:53,0x44,595,2.9827,10.99
2026-07-11T05:53,0x45,595,3.5643,746.03
2026-07-11T05:54,0x44,594,2.9932,10.98
2026-07-11T05:54,0x45,594,3.567,745.94
2026-07-11T05:55,0x44,594,2.996,10.99
2026-07-11T05:55,0x45,594,3.5691,746.07
2026-07-11T05:56,0x44,595,2.9867,10.99
2026-07-11T05:56,0x45,595,3.5675,746.07
2026-07-11T05:57,0x44,594,2.969,11.0
2026-07-11T05:57,0x45,594,3.5681,746.06
2026-07-11T05:58,0x44,595,2.9686,11.0
2026-07-11T05:58,0x45,595,3.568,746.07
2026-07-11T05:59,0x44,594,2.9697,11.0
2026-07-11T05:59,0x45,594,3.5681,746.07
2026-07-11T06:00,0x44,594,2.9974,10.98
2026-07-11T06:00,0x45,594,3.5658,746.08
2026-07-11T06:01,0x44,595,2.996,11.0
2026-07-11T06:01,0x45,595,3.5684,746.07
2026-07-11T06:02,0x44,594,2.996,10.97
2026-07-11T06:02,0x45,594,3.5685,746.06
2026-07-11T06:03,0x44,594,2.9946,10.98
2026-07-11T06:03,0x45,594,3.5678,746.08
2026-07-11T06:04,0x44,595,2.9717,11.0
2026-07-11T06:04,0x45,595,3.5688,746.08
2026-07-11T06:05,0x44,594,2.9718,11.0
2026-07-11T06:05,0x45,594,3.5681,746.06
2026-07-11T06:06,0x44,594,2.9715,11.0
2026-07-11T06:06,0x45,594,3.5681,746.07
2026-07-11T06:07,0x44,595,2.9786,10.99
2026-07-11T06:07,0x45,595,3.5663,746.09
2026-07-11T06:08,0x44,594,2.9962,10.97
2026-07-11T06:08,0x45,594,3.5569,746.14
2026-07-11T06:09,0x44,594,2.971,11.0
2026-07-11T06:09,0x45,594,3.568,746.06
2026-07-11T06:10,0x44,595,2.9716,11.0
2026-07-11T06:10,0x45,595,3.5681,746.07
2026-07-11T06:11,0x44,594,2.9821,10.98
2026-07-11T06:11,0x45,594,3.5643,746.1
2026-07-11T06:12,0x44,594,2.9943,10.98
2026-07-11T06:12,0x45,594,3.5671,746.09
2026-07-11T06:13,0x44,595,2.9961,10.97
2026-07-11T06:13,0x45,595,3.5683,745.93
2026-07-11T06:14,0x44,594,2.9962,10.99
2026-07-11T06:14,0x45,594,3.5707,746.06
2026-07-11T06:15,0x44,594,2.9924,10.97
2026-07-11T06:15,0x45,594,3.5666,746.09
2026-07-11T06:16,0x44,595,2.9961,10.98
2026-07-11T06:16,0x45,595,3.5689,746.08
2026-07-11T06:17,0x44,594,2.9782,10.98
2026-07-11T06:17,0x45,594,3.5684,746.05
2026-07-11T06:18,0x44,594,2.972,11.0
2026-07-11T06:18,0x45,594,3.568,746.07
2026-07-11T06:19,0x44,595,2.9977,10.96
2026-07-11T06:19,0x45,595,3.5667,746.07
2026-07-11T06:20,0x44,594,2.9813,10.99
2026-07-11T06:20,0x45,594,3.5684,746.08
2026-07-11T06:21,0x44,594,2.9882,10.98
2026-07-11T06:21,0x45,594,3.5688,745.83
2026-07-11T06:22,0x44,595,2.9963,10.99
2026-07-11T06:22,0x45,595,3.5712,745.89
2026-07-11T06:23,0x44,594,2.9907,10.98
2026-07-11T06:23,0x45,594,3.5684,745.23
2026-07-11T06:24,0x44,595,2.9705,11.0
2026-07-11T06:24,0x45,595,3.569,744.98
2026-07-11T06:25,0x44,594,2.9699,11.0
2026-07-11T06:25,0x45,594,3.5684,744.32
2026-07-11T06:26,0x44,594,2.9691,11.0
2026-07-11T06:26,0x45,594,3.5688,744.08
2026-07-11T06:27,0x44,595,2.9686,11.0
2026-07-11T06:27,0x45,595,3.5687,744.09
2026-07-11T06:28,0x44,594,2.9885,10.99
2026-07-11T06:28,0x45,594,3.5709,744.08
2026-07-11T06:29,0x44,594,2.996,11.0
2026-07-11T06:29,0x45,594,3.5715,744.07
2026-07-11T06:30,0x44,595,2.9952,10.99
2026-07-11T06:30,0x45,595,3.5689,744.08
2026-07-11T06:31,0x44,594,2.996,11.0
2026-07-11T06:31,0x45,594,3.5715,744.07
2026-07-11T06:32,0x44,594,2.9761,10.99
2026-07-11T06:32,0x45,594,3.5684,744.06
2026-07-11T06:33,0x44,595,2.9813,10.99
2026-07-11T06:33,0x45,595,3.5655,744.1
2026-07-11T06:34,0x44,594,2.9683,11.0
2026-07-11T06:34,0x45,594,3.5695,744.05
2026-07-11T06:35,0x44,594,2.968,11.0
2026-07-11T06:35,0x45,594,3.5688,744.04
2026-07-11T06:36,0x44,595,2.9885,10.99
2026-07-11T06:36,0x45,595,3.5702,743.97
2026-07-11T06:37,0x44,594,2.996,11.0
2026-07-11T06:37,0x45,594,3.5716,743.77
2026-07-11T06:38,0x44,594,2.996,11.0
2026-07-11T06:38,0x45,594,3.5716,743.71
2026-07-11T06:39,0x44,595,2.9884,11.0
2026-07-11T06:39,0x45,595,3.5705,743.6
2026-07-11T06:40,0x44,594,2.968,11.0
2026-07-11T06:40,0x45,594,3.5692,743.74
2026-07-11T06:41,0x44,594,2.9918,11.0
2026-07-11T06:41,0x45,594,3.5694,743.32
2026-07-11T06:42,0x44,595,2.996,11.0
2026-07-11T06:42,0x45,595,3.5717,743.08
2026-07-11T06:43,0x44,594,2.9881,10.99
2026-07-11T06:43,0x45,594,3.5701,743.12
2026-07-11T06:44,0x44,595,2.987,11.0
2026-07-11T06:44,0x45,595,3.5705,743.08
2026-07-11T06:45,0x44,594,2.9766,10.99
2026-07-11T06:45,0x45,594,3.5697,743.07
2026-07-11T06:46,0x44,594,2.968,11.0
2026-07-11T06:46,0x45,594,3.5692,743.06
2026-07-11T06:47,0x44,595,2.9681,11.0
2026-07-11T06:47,0x45,595,3.5695,743.06
2026-07-11T06:48,0x44,594,2.968,11.0
2026-07-11T06:48,0x45,594,3.5692,743.06
2026-07-11T06:49,0x44,595,2.9909,11.0
2026-07-11T06:49,0x45,595,3.5709,742.97
2026-07-11T06:50,0x44,594,2.9808,11.0
2026-07-11T06:50,0x45,594,3.5686,743.02
2026-07-11T06:51,0x44,595,2.9943,10.99
2026-07-11T06:51,0x45,595,3.5706,742.62
2026-07-11T06:52,0x44,594,2.996,11.0
2026-07-11T06:52,0x45,594,3.572,742.89
2026-07-11T06:53,0x44,594,2.996,11.0
2026-07-11T06:53,0x45,594,3.5719,742.36
2026-07-11T06:54,0x44,595,2.9841,10.99
2026-07-11T06:54,0x45,595,3.5702,742.23
2026-07-11T06:55,0x44,594,2.996,10.99
2026-07-11T06:55,0x45,594,3.572,742.16
2026-07-11T06:56,0x44,595,2.9834,10.99
2026-07-11T06:56,0x45,595,3.5697,742.09
2026-07-11T06:57,0x44,594,2.9794,11.0
2026-07-11T06:57,0x45,594,3.5691,742.06
2026-07-11T06:58,0x44,594,2.9681,11.0
2026-07-11T06:58,0x45,594,3.5699,742.02
2026-07-11T06:59,0x44,595,2.968,11.0
2026-07-11T06:59,0x45,595,3.5697,741.99
2026-07-11T07:00,0x44,594,2.969,11.0
2026-07-11T07:00,0x45,594,3.5719,741.6
2026-07-11T07:01,0x44,594,2.9759,11.0
2026-07-11T07:01,0x45,594,3.5709,741.47
2026-07-11T07:02,0x44,595,2.982,10.99
2026-07-11T07:02,0x45,595,3.5688,741.39
2026-07-11T07:03,0x44,594,2.9682,11.0
2026-07-11T07:03,0x45,594,3.5707,741.09
2026-07-11T07:04,0x44,595,2.9687,11.0
2026-07-11T07:04,0x45,595,3.5714,741.08
2026-07-11T07:05,0x44,594,2.9889,10.99
2026-07-11T07:05,0x45,594,3.5702,741.07
2026-07-11T07:06,0x44,594,2.9767,11.0
2026-07-11T07:06,0x45,594,3.5685,741.08
2026-07-11T07:07,0x44,595,2.9688,11.0
2026-07-11T07:07,0x45,595,3.5712,741.07
2026-07-11T07:08,0x44,594,2.9799,10.99
2026-07-11T07:08,0x45,594,3.5643,741.09
2026-07-11T07:09,0x44,594,2.9684,11.0
2026-07-11T07:09,0x45,594,3.5709,741.03
2026-07-11T07:10,0x44,595,2.993,10.97
2026-07-11T07:10,0x45,595,3.5701,740.84
2026-07-11T07:11,0x44,594,2.9713,11.0
2026-07-11T07:11,0x45,594,3.5688,740.87
2026-07-11T07:12,0x44,595,2.9778,11.0
2026-07-11T07:12,0x45,595,3.5704,740.42
2026-07-11T07:13,0x44,594,2.9922,10.98
2026-07-11T07:13,0x45,594,3.5674,740.11
2026-07-11T07:14,0x44,594,2.9875,10.99
2026-07-11T07:14,0x45,594,3.5713,740.07
2026-07-11T07:15,0x44,595,2.9979,10.99
2026-07-11T07:15,0x45,595,3.5701,740.05
2026-07-11T07:16,0x44,594,2.9962,10.98
2026-07-11T07:16,0x45,594,3.5697,739.95
2026-07-11T07:17,0x44,594,2.9683,11.0
2026-07-11T07:17,0x45,594,3.5712,739.46
2026-07-11T07:18,0x44,594,2.9685,11.0
2026-07-11T07:18,0x45,594,3.5713,739.09
2026-07-11T07:19,0x44,594,2.9681,11.0
2026-07-11T07:19,0x45,594,3.5712,739.07
2026-07-11T07:20,0x44,594,2.9945,10.99
2026-07-11T07:20,0x45,594,3.5687,739.09
2026-07-11T07:21,0x44,594,2.9831,11.0
2026-07-11T07:21,0x45,594,3.5699,738.8
2026-07-11T07:22,0x44,595,2.9883,10.99
2026-07-11T07:22,0x45,595,3.5685,738.1
2026-07-11T07:23,0x44,594,2.996,11.0
2026-07-11T07:23,0x45,594,3.572,738.07
2026-07-11T07:24,0x44,594,2.996,11.0
2026-07-11T07:24,0x45,594,3.572,738.06
2026-07-11T07:25,0x44,594,2.9824,11.0
2026-07-11T07:25,0x45,594,3.5716,738.01
2026-07-11T07:26,0x44,595,2.9683,11.0
2026-07-11T07:26,0x45,595,3.5717,737.63
2026-07-11T07:27,0x44,594,2.9906,10.97
2026-07-11T07:27,0x45,594,3.5694,737.09
2026-07-11T07:28,0x44,594,2.996,11.0
2026-07-11T07:28,0x45,594,3.572,737.06
2026-07-11T07:29,0x44,595,2.996,11.0
2026-07-11T07:29,0x45,594,3.572,736.99
2026-07-11T07:30,0x45,595,3.5707,736.43
2026-07-11T07:30,0x44,594,2.9959,10.99
2026-07-11T07:31,0x44,594,2.9785,10.99
2026-07-11T07:31,0x45,594,3.5714,736.1
2026-07-11T07:32,0x44,594,2.9915,10.99
2026-07-11T07:32,0x45,594,3.5706,736.08
2026-07-11T07:33,0x44,595,2.996,11.0
2026-07-11T07:33,0x45,595,3.572,735.89
2026-07-11T07:34,0x44,594,2.996,11.0
2026-07-11T07:34,0x45,594,3.572,735.23
2026-07-11T07:35,0x44,594,2.996,11.0
2026-07-11T07:35,0x45,594,3.572,735.06
2026-07-11T07:36,0x44,595,2.9843,11.0
2026-07-11T07:36,0x45,595,3.5717,734.86
2026-07-11T07:37,0x44,594,2.9826,10.99
2026-07-11T07:37,0x45,594,3.5714,734.49
2026-07-11T07:38,0x44,594,2.996,10.99
2026-07-11T07:38,0x45,594,3.572,734.43
2026-07-11T07:39,0x44,595,2.996,10.99
2026-07-11T07:39,0x45,595,3.572,734.08
2026-07-11T07:40,0x44,594,2.9717,11.0
2026-07-11T07:40,0x45,594,3.57,734.06
2026-07-11T07:41,0x44,594,2.9844,10.99
2026-07-11T07:41,0x45,594,3.5705,734.05
2026-07-11T07:42,0x44,595,2.996,11.0
2026-07-11T07:42,0x45,595,3.572,733.66
2026-07-11T07:43,0x44,595,2.996,10.99
2026-07-11T07:43,0x45,595,3.572,733.17
2026-07-11T07:44,0x44,594,2.9905,10.98
2026-07-11T07:44,0x45,594,3.5691,733.1
2026-07-11T07:45,0x44,594,2.9898,10.99
2026-07-11T07:45,0x45,594,3.5694,733.09
2026-07-11T07:46,0x44,595,2.9948,11.0
2026-07-11T07:46,0x45,595,3.5715,733.06
2026-07-11T07:47,0x44,594,2.9736,10.99
2026-07-11T07:47,0x45,594,3.5713,732.88
2026-07-11T07:48,0x44,595,2.968,11.0
2026-07-11T07:48,0x45,595,3.5719,732.3
2026-07-11T07:49,0x44,594,2.979,10.98
2026-07-11T07:49,0x45,594,3.5687,732.22
2026-07-11T07:50,0x44,595,2.996,11.0
2026-07-11T07:50,0x45,595,3.572,732.09
2026-07-11T07:51,0x44,594,2.996,10.99
2026-07-11T07:51,0x45,594,3.572,732.06
2026-07-11T07:52,0x44,595,2.9943,10.99
2026-07-11T07:52,0x45,595,3.5707,732.08
2026-07-11T07:53,0x44,594,2.979,10.99
2026-07-11T07:53,0x45,594,3.5708,731.98
2026-07-11T07:54,0x44,595,2.9681,11.0
2026-07-11T07:54,0x45,595,3.572,731.59
2026-07-11T07:55,0x44,594,2.9916,10.97
2026-07-11T07:55,0x45,594,3.5711,731.34
2026-07-11T07:56,0x44,595,2.996,10.99
2026-07-11T07:56,0x45,595,3.572,731.17
2026-07-11T07:57,0x44,594,2.996,11.0
2026-07-11T07:57,0x45,594,3.572,731.06
2026-07-11T07:58,0x44,594,2.9772,11.0
2026-07-11T07:58,0x45,594,3.5719,731.0
2026-07-11T07:59,0x44,594,2.9692,11.0
2026-07-11T07:59,0x45,594,3.572,730.58
2026-07-11T08:00,0x44,594,2.982,10.98
2026-07-11T08:00,0x45,594,3.5724,730.31
2026-07-11T08:01,0x44,594,2.9867,11.0
2026-07-11T08:01,0x45,594,3.5714,730.1
2026-07-11T08:02,0x44,594,2.9681,11.0
2026-07-11T08:02,0x45,594,3.572,730.06
2026-07-11T08:03,0x44,595,2.9818,10.99
2026-07-11T08:03,0x45,595,3.5712,730.08
2026-07-11T08:04,0x44,594,2.996,11.0
2026-07-11T08:04,0x45,594,3.572,729.78
2026-07-11T08:05,0x44,594,2.996,11.0
2026-07-11T08:05,0x45,594,3.572,729.11
2026-07-11T08:06,0x44,595,2.9708,10.99
2026-07-11T08:06,0x45,595,3.5705,729.09
2026-07-11T08:07,0x44,594,2.9693,11.0
2026-07-11T08:07,0x45,594,3.572,729.07
2026-07-11T08:08,0x44,594,2.9681,11.0
2026-07-11T08:08,0x45,594,3.572,729.06
2026-07-11T08:09,0x44,595,2.9692,11.0
2026-07-11T08:09,0x45,595,3.572,728.77
2026-07-11T08:10,0x44,594,2.9764,10.97
2026-07-11T08:10,0x45,594,3.571,728.12
2026-07-11T08:11,0x44,594,2.9775,11.0
2026-07-11T08:11,0x45,594,3.5701,728.07
2026-07-11T08:12,0x44,595,2.9787,10.99
2026-07-11T08:12,0x45,595,3.5683,728.08
2026-07-11T08:13,0x44,594,2.9951,10.98
2026-07-11T08:13,0x45,594,3.5704,727.87
2026-07-11T08:14,0x44,594,2.9944,11.0
2026-07-11T08:14,0x45,594,3.5721,727.12
2026-07-11T08:15,0x44,595,2.9681,11.0
2026-07-11T08:15,0x45,595,3.572,727.07
2026-07-11T08:16,0x44,594,2.9948,11.0
2026-07-11T08:16,0x45,594,3.5713,727.03
2026-07-11T08:17,0x44,594,2.996,11.0
2026-07-11T08:17,0x45,594,3.572,726.74
2026-07-11T08:18,0x44,595,2.996,11.0
2026-07-11T08:18,0x45,595,3.572,726.27
2026-07-11T08:19,0x44,594,2.985,10.99
2026-07-11T08:19,0x45,594,3.5696,726.15
2026-07-11T08:20,0x44,594,2.991,10.99
2026-07-11T08:20,0x45,594,3.5716,726.06
2026-07-11T08:21,0x44,595,2.9829,11.0
2026-07-11T08:21,0x45,595,3.5717,725.91
2026-07-11T08:22,0x44,594,2.9865,10.99
2026-07-11T08:22,0x45,594,3.5679,725.27
2026-07-11T08:23,0x44,594,2.9868,11.0
2026-07-11T08:23,0x45,594,3.5713,725.07
2026-07-11T08:24,0x44,595,2.996,11.0
2026-07-11T08:24,0x45,595,3.572,725.05
2026-07-11T08:25,0x44,594,2.9798,10.99
2026-07-11T08:25,0x45,594,3.5651,725.07
2026-07-11T08:26,0x44,594,2.9682,11.0
2026-07-11T08:26,0x45,594,3.572,724.97
2026-07-11T08:27,0x44,595,2.9681,11.0
2026-07-11T08:27,0x45,595,3.572,724.19
2026-07-11T08:28,0x44,594,2.9855,10.99
2026-07-11T08:28,0x45,594,3.5699,724.1
2026-07-11T08:29,0x44,594,2.9681,11.0
2026-07-11T08:29,0x45,594,3.572,724.07
2026-07-11T08:30,0x44,595,2.9906,10.99
2026-07-11T08:30,0x45,595,3.5708,724.08
2026-07-11T08:31,0x44,594,2.9686,11.0
2026-07-11T08:31,0x45,594,3.572,723.92
2026-07-11T08:32,0x44,594,2.968,11.0
2026-07-11T08:32,0x45,594,3.572,723.55
2026-07-11T08:33,0x44,595,2.9684,11.0
2026-07-11T08:33,0x45,595,3.572,723.15
2026-07-11T08:34,0x44,594,2.9681,11.0
2026-07-11T08:34,0x45,594,3.572,723.07
2026-07-11T08:35,0x44,595,2.9788,10.98
2026-07-11T08:35,0x45,595,3.5679,723.09
2026-07-11T08:36,0x44,594,2.9749,10.99
2026-07-11T08:36,0x45,594,3.5715,723.07
2026-07-11T08:37,0x44,595,2.975,10.99
2026-07-11T08:37,0x45,595,3.5717,723.07
2026-07-11T08:38,0x44,594,2.996,11.0
2026-07-11T08:38,0x45,594,3.572,723.07
2026-07-11T08:39,0x44,594,2.996,11.0
2026-07-11T08:39,0x45,594,3.572,723.06
2026-07-11T08:40,0x44,595,2.9804,10.99
2026-07-11T08:40,0x45,595,3.5678,723.02
2026-07-11T08:41,0x44,594,2.996,10.99
2026-07-11T08:41,0x45,594,3.572,722.76
2026-07-11T08:42,0x44,594,2.9826,11.0
2026-07-11T08:42,0x45,594,3.5692,722.3
2026-07-11T08:43,0x44,595,2.968,11.0
2026-07-11T08:43,0x45,595,3.572,722.09
2026-07-11T08:44,0x44,594,2.9956,10.99
2026-07-11T08:44,0x45,594,3.5708,722.04
2026-07-11T08:45,0x44,594,2.9926,11.0
2026-07-11T08:45,0x45,594,3.5701,722.04
2026-07-11T08:46,0x44,595,2.9851,10.99
2026-07-11T08:46,0x45,595,3.5691,721.93
2026-07-11T08:47,0x44,594,2.9762,10.98
2026-07-11T08:47,0x45,594,3.5699,721.48
2026-07-11T08:48,0x44,594,2.9723,10.99
2026-07-11T08:48,0x45,594,3.5717,721.17
2026-07-11T08:49,0x44,595,2.9871,10.99
2026-07-11T08:49,0x45,595,3.5708,721.08
2026-07-11T08:50,0x44,594,2.9681,11.0
2026-07-11T08:50,0x45,594,3.572,721.06
2026-07-11T08:51,0x44,594,2.9888,10.96
2026-07-11T08:51,0x45,594,3.5643,721.09
2026-07-11T08:52,0x44,595,2.996,10.99
2026-07-11T08:52,0x45,595,3.5721,720.96
2026-07-11T08:53,0x44,594,2.996,10.99
2026-07-11T08:53,0x45,594,3.572,720.53
2026-07-11T08:54,0x44,594,2.9814,11.0
2026-07-11T08:54,0x45,594,3.5716,720.09
2026-07-11T08:55,0x44,595,2.968,11.0
2026-07-11T08:55,0x45,595,3.572,720.06
2026-07-11T08:56,0x44,594,2.9681,10.97
2026-07-11T08:56,0x45,594,3.572,720.07
2026-07-11T08:57,0x44,594,2.9819,10.97
2026-07-11T08:57,0x45,594,3.5672,720.1
2026-07-11T08:58,0x44,595,2.9984,10.98
2026-07-11T08:58,0x45,595,3.5714,720.07
2026-07-11T08:59,0x44,594,2.996,10.99
2026-07-11T08:59,0x45,594,3.572,720.05
2026-07-11T09:00,0x44,594,2.9727,11.0
2026-07-11T09:00,0x45,594,3.5715,719.63
2026-07-11T09:01,0x44,595,2.9821,10.99
2026-07-11T09:01,0x45,595,3.5677,719.32
2026-07-11T09:02,0x44,594,2.9866,10.99
2026-07-11T09:02,0x45,594,3.5701,719.09
2026-07-11T09:03,0x44,594,2.978,10.99
2026-07-11T09:03,0x45,594,3.5718,719.06
2026-07-11T09:04,0x44,595,2.983,10.99
2026-07-11T09:04,0x45,595,3.571,719.08
2026-07-11T09:05,0x44,594,2.996,11.0
2026-07-11T09:05,0x45,594,3.572,719.06
2026-07-11T09:06,0x44,594,2.986,11.0
2026-07-11T09:06,0x45,594,3.572,719.07
2026-07-11T09:07,0x44,595,2.9879,10.99
2026-07-11T09:07,0x45,595,3.5713,718.99
2026-07-11T09:08,0x44,594,2.996,11.0
2026-07-11T09:08,0x45,594,3.572,718.93
2026-07-11T09:09,0x44,594,2.9767,11.0
2026-07-11T09:09,0x45,594,3.5714,718.75
2026-07-11T09:10,0x44,595,2.9812,10.99
2026-07-11T09:10,0x45,595,3.571,718.11
2026-07-11T09:11,0x44,594,2.9825,10.99
2026-07-11T09:11,0x45,594,3.5701,718.07
2026-07-11T09:12,0x44,595,2.996,11.0
2026-07-11T09:12,0x45,595,3.572,718.07
2026-07-11T09:13,0x44,594,2.9933,11.0
2026-07-11T09:13,0x45,594,3.5715,718.06
2026-07-11T09:14,0x44,594,2.9681,11.0
2026-07-11T09:14,0x45,594,3.572,717.97
2026-07-11T09:15,0x44,595,2.9682,11.0
2026-07-11T09:15,0x45,595,3.572,717.12
2026-07-11T09:16,0x44,594,2.9785,10.99
2026-07-11T09:16,0x45,594,3.5693,717.08
2026-07-11T09:17,0x44,594,2.9927,10.99
2026-07-11T09:17,0x45,594,3.5707,717.09
2026-07-11T09:18,0x44,595,2.9928,10.99
2026-07-11T09:18,0x45,595,3.5688,717.07
2026-07-11T09:19,0x44,594,2.9903,11.0
2026-07-11T09:19,0x45,594,3.5716,717.05
2026-07-11T09:20,0x44,594,2.9751,10.99
2026-07-11T09:20,0x45,594,3.569,716.85
2026-07-11T09:21,0x44,595,2.9818,10.99
2026-07-11T09:21,0x45,595,3.5691,716.23
2026-07-11T09:22,0x44,594,2.9685,11.0
2026-07-11T09:22,0x45,594,3.572,716.08
2026-07-11T09:23,0x44,594,2.9797,10.99
2026-07-11T09:23,0x45,594,3.57,716.08
2026-07-11T09:24,0x44,595,2.9831,10.99
2026-07-11T09:24,0x45,595,3.5709,716.09
2026-07-11T09:25,0x44,594,2.9952,10.99
2026-07-11T09:25,0x45,594,3.5712,716.08
2026-07-11T09:26,0x44,594,2.9948,10.98
2026-07-11T09:26,0x45,594,3.5662,716.08
2026-07-11T09:27,0x44,595,2.996,10.99
2026-07-11T09:27,0x45,595,3.572,716.07
2026-07-11T09:28,0x44,594,2.969,11.0
2026-07-11T09:28,0x45,594,3.5709,715.84
2026-07-11T09:29,0x44,594,2.9811,10.98
2026-07-11T09:29,0x45,594,3.5693,715.61
2026-07-11T09:30,0x44,595,2.9838,10.99
2026-07-11T09:30,0x45,595,3.5708,715.29
2026-07-11T09:31,0x44,594,2.996,11.0
2026-07-11T09:31,0x45,594,3.572,715.08
2026-07-11T09:32,0x44,595,2.996,11.0
2026-07-11T09:32,0x45,595,3.572,715.12
2026-07-11T09:33,0x44,594,2.9961,11.0
2026-07-11T09:33,0x45,594,3.5713,715.07
2026-07-11T09:34,0x44,594,2.968,11.0
2026-07-11T09:34,0x45,594,3.572,715.07
2026-07-11T09:35,0x44,595,2.9682,11.0
2026-07-11T09:35,0x45,595,3.572,714.98
2026-07-11T09:36,0x44,594,2.9681,11.0
2026-07-11T09:36,0x45,594,3.572,714.87
2026-07-11T09:37,0x44,595,2.9683,11.0
2026-07-11T09:37,0x45,595,3.572,714.86
2026-07-11T09:38,0x44,594,2.9908,10.99
2026-07-11T09:38,0x45,594,3.5716,714.96
2026-07-11T09:39,0x44,594,2.9794,11.0
2026-07-11T09:39,0x45,594,3.5703,714.6
2026-07-11T09:40,0x44,595,2.9681,11.0
2026-07-11T09:40,0x45,595,3.572,714.38
2026-07-11T09:41,0x44,594,2.9681,11.0
2026-07-11T09:41,0x45,594,3.572,714.23
2026-07-11T09:42,0x44,595,2.9887,10.99
2026-07-11T09:42,0x45,595,3.5713,714.08
2026-07-11T09:43,0x44,594,2.9781,11.0
2026-07-11T09:43,0x45,594,3.572,714.08
2026-07-11T09:44,0x44,594,2.983,10.99
2026-07-11T09:44,0x45,594,3.5718,714.07
2026-07-11T09:45,0x44,595,2.996,11.0
2026-07-11T09:45,0x45,595,3.5722,714.05
2026-07-11T09:46,0x44,594,2.9808,10.99
2026-07-11T09:46,0x45,594,3.5701,713.71
2026-07-11T09:47,0x44,595,2.9851,11.0
2026-07-11T09:47,0x45,595,3.5703,713.2
2026-07-11T09:48,0x44,594,2.968,11.0
2026-07-11T09:48,0x45,594,3.572,713.07
2026-07-11T09:49,0x44,594,2.9847,10.99
2026-07-11T09:49,0x45,594,3.5686,713.05
2026-07-11T09:50,0x44,595,2.9817,10.99
2026-07-11T09:50,0x45,595,3.5711,712.94
2026-07-11T09:51,0x44,594,2.9755,10.98
2026-07-11T09:51,0x45,594,3.5718,712.51
2026-07-11T09:52,0x44,594,2.9747,10.99
2026-07-11T09:52,0x45,594,3.5715,712.14
2026-07-11T09:53,0x44,595,2.9877,11.0
2026-07-11T09:53,0x45,595,3.57,712.08
2026-07-11T09:54,0x44,594,2.9958,10.99
2026-07-11T09:54,0x45,594,3.5691,712.08
2026-07-11T09:55,0x44,594,2.9784,11.0
2026-07-11T09:55,0x45,594,3.5712,711.92
2026-07-11T09:56,0x44,595,2.9942,10.99
2026-07-11T09:56,0x45,595,3.5717,711.36
2026-07-11T09:57,0x44,594,2.9908,10.98
2026-07-11T09:57,0x45,594,3.5673,711.19
2026-07-11T09:58,0x44,595,2.9824,11.0
2026-07-11T09:58,0x45,595,3.5722,711.06
2026-07-11T09:59,0x44,594,2.9681,11.0
2026-07-11T09:59,0x45,594,3.572,710.8
2026-07-11T10:00,0x44,594,2.982,10.99
2026-07-11T10:00,0x45,594,3.5703,710.2
2026-07-11T10:01,0x44,595,2.968,11.0
2026-07-11T10:01,0x45,595,3.572,710.09
2026-07-11T10:02,0x44,594,2.9785,10.99
2026-07-11T10:02,0x45,594,3.5717,710.07
2026-07-11T10:03,0x44,594,2.996,11.0
2026-07-11T10:03,0x45,594,3.5721,710.08
2026-07-11T10:04,0x44,595,2.996,11.0
2026-07-11T10:04,0x45,595,3.5726,710.05
2026-07-11T10:05,0x44,594,2.996,10.99
2026-07-11T10:05,0x45,594,3.5722,709.65
2026-07-11T10:06,0x44,595,2.9928,10.99
2026-07-11T10:06,0x45,595,3.5712,709.3
2026-07-11T10:07,0x44,594,2.996,10.99
2026-07-11T10:07,0x45,594,3.5722,709.07
2026-07-11T10:08,0x44,594,2.996,10.99
2026-07-11T10:08,0x45,594,3.5732,709.07
2026-07-11T10:09,0x44,594,2.996,11.0
2026-07-11T10:09,0x45,594,3.572,708.89
2026-07-11T10:10,0x44,594,2.9898,10.99
2026-07-11T10:10,0x45,594,3.5699,708.18
2026-07-11T10:11,0x44,595,2.9834,10.99
2026-07-11T10:11,0x45,595,3.5717,708.08
2026-07-11T10:12,0x44,594,2.996,11.0
2026-07-11T10:12,0x45,594,3.572,708.06
2026-07-11T10:13,0x44,594,2.9759,11.0
2026-07-11T10:13,0x45,594,3.5715,707.51
2026-07-11T10:14,0x44,594,2.968,11.0
2026-07-11T10:14,0x45,594,3.572,707.06
2026-07-11T10:15,0x44,595,2.9868,10.99
2026-07-11T10:15,0x45,595,3.5682,707.08
2026-07-11T10:16,0x44,594,2.996,11.0
2026-07-11T10:16,0x45,594,3.572,707.05
2026-07-11T10:17,0x44,594,2.996,10.99
2026-07-11T10:17,0x45,594,3.5721,706.87
2026-07-11T10:18,0x44,594,2.996,10.99
2026-07-11T10:18,0x45,594,3.572,706.51
2026-07-11T10:19,0x44,595,2.996,10.99
2026-07-11T10:19,0x45,595,3.5724,706.08
2026-07-11T10:20,0x44,594,2.9974,10.99
2026-07-11T10:20,0x45,594,3.5693,706.08
2026-07-11T10:21,0x44,594,2.9944,10.99
2026-07-11T10:21,0x45,594,3.5701,706.04
2026-07-11T10:22,0x44,595,2.9853,11.0
2026-07-11T10:22,0x45,595,3.5713,705.53
2026-07-11T10:23,0x44,594,2.9909,11.0
2026-07-11T10:23,0x45,594,3.5712,705.2
2026-07-11T10:24,0x44,594,2.996,10.99
2026-07-11T10:24,0x45,594,3.5721,705.07
2026-07-11T10:25,0x44,595,2.9948,10.98
2026-07-11T10:25,0x45,595,3.5702,705.08
2026-07-11T10:26,0x44,594,2.996,11.0
2026-07-11T10:26,0x45,594,3.5723,705.02
2026-07-11T10:27,0x44,594,2.9819,11.0
2026-07-11T10:27,0x45,594,3.5705,704.25
2026-07-11T10:28,0x44,595,2.968,11.0
2026-07-11T10:28,0x45,595,3.572,704.06
2026-07-11T10:29,0x44,594,2.9714,10.99
2026-07-11T10:29,0x45,594,3.5701,703.66
2026-07-11T10:30,0x44,594,2.993,10.99
2026-07-11T10:30,0x45,594,3.5702,703.11
2026-07-11T10:31,0x44,595,2.968,11.0
2026-07-11T10:31,0x45,595,3.572,703.07
2026-07-11T10:32,0x44,594,2.968,11.0
2026-07-11T10:32,0x45,594,3.572,703.04
2026-07-11T10:33,0x44,594,2.9681,11.0
2026-07-11T10:33,0x45,594,3.5721,702.68
2026-07-11T10:34,0x44,595,2.968,11.0
2026-07-11T10:34,0x45,595,3.572,702.07
2026-07-11T10:35,0x44,594,2.968,11.0
2026-07-11T10:35,0x45,594,3.572,702.07
2026-07-11T10:36,0x44,594,2.9923,10.99
2026-07-11T10:36,0x45,594,3.5714,701.95
2026-07-11T10:37,0x44,595,2.9768,10.99
2026-07-11T10:37,0x45,595,3.5716,701.33
2026-07-11T10:38,0x44,594,2.9814,10.99
2026-07-11T10:38,0x45,594,3.5711,701.07
2026-07-11T10:39,0x44,594,2.9694,11.0
2026-07-11T10:39,0x45,594,3.5713,701.03
2026-07-11T10:40,0x44,595,2.9847,10.98
2026-07-11T10:40,0x45,595,3.5727,700.27
2026-07-11T10:41,0x44,594,2.996,11.0
2026-07-11T10:41,0x45,594,3.5725,700.06
2026-07-11T10:42,0x44,594,2.996,10.99
2026-07-11T10:42,0x45,594,3.5729,699.7
2026-07-11T10:43,0x44,595,2.9757,10.99
2026-07-11T10:43,0x45,595,3.5697,699.17
2026-07-11T10:44,0x44,594,2.9798,10.99
2026-07-11T10:44,0x45,594,3.5696,699.09
2026-07-11T10:45,0x44,594,2.9781,10.99
2026-07-11T10:45,0x45,594,3.5733,698.85
2026-07-11T10:46,0x44,595,2.9862,10.97
2026-07-11T10:46,0x45,595,3.5685,698.16
2026-07-11T10:47,0x44,594,2.9822,11.0
2026-07-11T10:47,0x45,594,3.5704,698.07
2026-07-11T10:48,0x44,594,2.9949,10.98
2026-07-11T10:48,0x45,594,3.5682,698.04
2026-07-11T10:49,0x44,595,2.9714,10.99
2026-07-11T10:49,0x45,594,3.5713,697.41
2026-07-11T10:50,0x45,595,3.572,697.07
2026-07-11T10:50,0x44,594,2.968,11.0
2026-07-11T10:51,0x44,594,2.9844,11.0
2026-07-11T10:51,0x45,594,3.5701,697.0
2026-07-11T10:52,0x44,595,2.9745,11.0
2026-07-11T10:52,0x45,594,3.569,696.53
2026-07-11T10:53,0x45,595,3.5691,696.36
2026-07-11T10:53,0x44,594,2.9975,10.98
2026-07-11T10:54,0x44,594,2.9972,10.98
2026-07-11T10:54,0x45,594,3.5697,696.08
2026-07-11T10:55,0x44,594,2.996,10.99
2026-07-11T10:55,0x45,594,3.5724,696.0
2026-07-11T10:56,0x44,595,2.9792,10.99
2026-07-11T10:56,0x45,595,3.5704,695.41
2026-07-11T10:57,0x44,594,2.968,11.0
2026-07-11T10:57,0x45,594,3.5721,695.17
2026-07-11T10:58,0x44,595,2.968,11.0
2026-07-11T10:58,0x45,595,3.572,695.08
2026-07-11T10:59,0x44,594,2.968,11.0
2026-07-11T10:59,0x45,594,3.5721,695.02
2026-07-11T11:00,0x44,595,2.968,11.0
2026-07-11T11:00,0x45,595,3.5721,694.22
2026-07-11T11:01,0x44,594,2.99,10.99
2026-07-11T11:01,0x45,594,3.5704,694.07
2026-07-11T11:02,0x44,594,2.996,11.0
2026-07-11T11:02,0x45,594,3.5722,693.95
2026-07-11T11:03,0x44,595,2.9939,10.99
2026-07-11T11:03,0x45,595,3.5708,693.21
2026-07-11T11:04,0x44,594,2.996,11.0
2026-07-11T11:04,0x45,594,3.5742,692.51
2026-07-11T11:05,0x44,595,2.996,11.0
2026-07-11T11:05,0x45,595,3.5726,692.02
2026-07-11T11:06,0x44,594,2.996,10.99
2026-07-11T11:06,0x45,594,3.5727,691.2
2026-07-11T11:07,0x44,594,2.977,11.0
2026-07-11T11:07,0x45,594,3.5711,691.07
2026-07-11T11:08,0x44,595,2.9703,10.99
2026-07-11T11:08,0x45,595,3.5702,690.43
2026-07-11T11:09,0x44,594,2.996,11.0
2026-07-11T11:09,0x45,594,3.5737,690.06
2026-07-11T11:10,0x44,595,2.9959,10.99
2026-07-11T11:10,0x45,594,3.5708,689.92
2026-07-11T11:11,0x45,595,3.5731,689.12
2026-07-11T11:11,0x44,594,2.968,11.0
2026-07-11T11:12,0x44,594,2.9681,11.0
2026-07-11T11:12,0x45,594,3.5743,689.06
2026-07-11T11:13,0x44,595,2.968,11.0
2026-07-11T11:13,0x45,595,3.5729,688.29
2026-07-11T11:14,0x44,594,2.9928,10.97
2026-07-11T11:14,0x45,594,3.5739,688.05
2026-07-11T11:15,0x44,594,2.9966,10.98
2026-07-11T11:15,0x45,594,3.5702,687.31
2026-07-11T11:16,0x44,595,2.9936,10.98
2026-07-11T11:16,0x45,595,3.5725,687.04
2026-07-11T11:17,0x44,594,2.996,10.99
2026-07-11T11:17,0x45,594,3.5737,686.21
2026-07-11T11:18,0x44,594,2.996,11.0
2026-07-11T11:18,0x45,594,3.5744,686.03
2026-07-11T11:19,0x44,595,2.9873,10.98
2026-07-11T11:19,0x45,595,3.5705,685.19
2026-07-11T11:20,0x44,594,2.968,11.0
2026-07-11T11:20,0x45,594,3.5724,684.41
2026-07-11T11:21,0x44,594,2.9718,10.99
2026-07-11T11:21,0x45,594,3.574,684.06
2026-07-11T11:22,0x44,595,2.9759,11.0
2026-07-11T11:22,0x45,595,3.5725,683.25
2026-07-11T11:23,0x44,594,2.968,11.0
2026-07-11T11:23,0x45,594,3.5727,682.47
2026-07-11T11:24,0x44,594,2.9798,10.98
2026-07-11T11:24,0x45,594,3.5712,682.0
2026-07-11T11:25,0x44,595,2.968,11.0
2026-07-11T11:25,0x45,595,3.5739,680.97
2026-07-11T11:26,0x44,594,2.9779,10.99
2026-07-11T11:26,0x45,594,3.5737,680.03
2026-07-11T11:27,0x44,594,2.9957,10.98
2026-07-11T11:27,0x45,594,3.5743,679.12
2026-07-11T11:28,0x44,595,2.968,11.0
2026-07-11T11:28,0x45,595,3.5731,678.34
2026-07-11T11:29,0x44,594,2.9902,10.97
2026-07-11T11:29,0x45,594,3.569,677.49
2026-07-11T11:30,0x44,595,2.9946,10.98
2026-07-11T11:30,0x45,595,3.5675,676.63
2026-07-11T11:31,0x44,594,2.9774,11.0
2026-07-11T11:31,0x45,594,3.5736,675.74
2026-07-11T11:32,0x44,594,2.99,10.98
2026-07-11T11:32,0x45,594,3.5677,674.78
2026-07-11T11:33,0x44,595,2.9681,11.0
2026-07-11T11:33,0x45,595,3.575,673.73
2026-07-11T11:34,0x44,594,2.968,11.0
2026-07-11T11:34,0x45,594,3.5752,672.77
2026-07-11T11:35,0x44,594,2.9745,10.99
2026-07-11T11:35,0x45,594,3.5742,671.71
2026-07-11T11:36,0x44,595,2.996,11.0
2026-07-11T11:36,0x45,595,3.576,670.68
2026-07-11T11:37,0x44,594,2.996,11.0
2026-07-11T11:37,0x45,594,3.5761,669.74
2026-07-11T11:38,0x44,594,2.9881,10.98
2026-07-11T11:38,0x45,594,3.5684,668.73
2026-07-11T11:39,0x44,595,2.9769,10.99
2026-07-11T11:39,0x45,595,3.5721,667.61
2026-07-11T11:40,0x44,594,2.9928,10.99
2026-07-11T11:40,0x45,594,3.5736,666.31
2026-07-11T11:41,0x44,594,2.996,11.0
2026-07-11T11:41,0x45,594,3.576,665.36
2026-07-11T11:42,0x44,595,2.996,10.99
2026-07-11T11:42,0x45,595,3.576,663.9
2026-07-11T11:43,0x44,594,2.9859,10.99
2026-07-11T11:43,0x45,594,3.5742,662.56
2026-07-11T11:44,0x44,594,2.9802,10.97
2026-07-11T11:44,0x45,594,3.576,661.04
2026-07-11T11:45,0x44,595,2.996,11.0
2026-07-11T11:45,0x45,595,3.576,659.51
2026-07-11T11:46,0x44,594,2.9958,10.99
2026-07-11T11:46,0x45,594,3.5751,657.72
2026-07-11T11:47,0x44,595,2.9821,10.99
2026-07-11T11:47,0x45,595,3.5755,656.09
2026-07-11T11:48,0x44,594,2.9948,10.99
2026-07-11T11:48,0x45,594,3.5746,654.13
2026-07-11T11:49,0x44,594,2.9957,10.99
2026-07-11T11:49,0x45,594,3.576,652.23
2026-07-11T11:50,0x44,595,2.9908,10.99
2026-07-11T11:50,0x45,595,3.5749,650.21
2026-07-11T11:51,0x44,594,2.968,11.0
2026-07-11T11:51,0x45,594,3.576,648.34
2026-07-11T11:52,0x44,595,2.968,11.0
2026-07-11T11:52,0x45,595,3.576,646.27
2026-07-11T11:53,0x44,594,2.968,11.0
2026-07-11T11:53,0x45,594,3.576,644.03
2026-07-11T11:54,0x44,594,2.968,11.0
2026-07-11T11:54,0x45,594,3.576,641.86
2026-07-11T11:55,0x44,595,2.9919,10.99
2026-07-11T11:55,0x45,595,3.5752,639.5
2026-07-11T11:56,0x44,594,2.9948,10.99
2026-07-11T11:56,0x45,594,3.5764,636.91
2026-07-11T11:57,0x44,595,2.9946,10.99
2026-07-11T11:57,0x45,595,3.5763,634.18
2026-07-11T11:58,0x44,594,2.9709,10.99
2026-07-11T11:58,0x45,594,3.5747,631.29
2026-07-11T11:59,0x44,594,2.968,11.0
2026-07-11T11:59,0x45,594,3.5774,628.07
2026-07-11T12:00,0x44,595,2.968,11.0
2026-07-11T12:00,0x45,595,3.5761,624.59
2026-07-11T12:01,0x44,594,2.9879,10.99
2026-07-11T12:01,0x45,594,3.5744,621.27
2026-07-11T12:02,0x44,595,2.973,10.99
2026-07-11T12:02,0x45,595,3.5752,617.3
2026-07-11T12:03,0x44,594,2.9938,10.99
2026-07-11T12:03,0x45,594,3.5799,613.3
2026-07-11T12:04,0x44,594,2.9826,10.99
2026-07-11T12:04,0x45,594,3.5765,608.9
2026-07-11T12:05,0x44,595,2.9956,10.98
2026-07-11T12:05,0x45,595,3.5774,604.03
2026-07-11T12:06,0x44,594,2.9946,10.98
2026-07-11T12:06,0x45,594,3.5774,599.04
2026-07-11T12:07,0x44,594,2.9943,11.0
2026-07-11T12:07,0x45,594,3.58,593.56
2026-07-11T12:08,0x44,595,2.9832,10.99
2026-07-11T12:08,0x45,595,3.5788,587.52
2026-07-11T12:09,0x44,594,2.9833,10.99
2026-07-11T12:09,0x45,594,3.5761,581.01
2026-07-11T12:10,0x44,595,2.9923,11.0
2026-07-11T12:10,0x45,595,3.58,574.04
2026-07-11T12:11,0x44,594,2.9926,10.99
2026-07-11T12:11,0x45,594,3.5804,566.61
2026-07-11T12:12,0x44,594,2.9715,10.99
2026-07-11T12:12,0x45,594,3.5794,558.52
2026-07-11T12:13,0x44,595,2.9927,10.99
2026-07-11T12:13,0x45,595,3.5797,549.88
2026-07-11T12:14,0x44,594,2.968,11.0
2026-07-11T12:14,0x45,594,3.5816,540.54
2026-07-11T12:15,0x44,594,2.9677,11.0
2026-07-11T12:15,0x45,594,3.584,530.66
2026-07-11T12:16,0x44,595,2.9822,11.0
2026-07-11T12:16,0x45,595,3.583,519.98
2026-07-11T12:17,0x44,594,2.9921,10.99
2026-07-11T12:17,0x45,594,3.584,508.7
2026-07-11T12:18,0x44,594,2.992,10.99
2026-07-11T12:18,0x45,594,3.584,496.73
2026-07-11T12:19,0x44,595,2.992,10.99
2026-07-11T12:19,0x45,595,3.5841,484.04
2026-07-11T12:20,0x44,594,2.992,10.99
2026-07-11T12:20,0x45,594,3.586,470.67
2026-07-11T12:21,0x44,595,2.9933,10.99
2026-07-11T12:21,0x45,595,3.5862,456.81
2026-07-11T12:22,0x44,594,2.992,10.99
2026-07-11T12:22,0x45,594,3.588,442.34
2026-07-11T12:23,0x44,594,2.992,10.99
2026-07-11T12:23,0x45,594,3.588,427.47
2026-07-11T12:24,0x44,594,2.992,11.0
2026-07-11T12:24,0x45,594,3.5881,412.08
2026-07-11T12:25,0x44,594,2.992,10.99
2026-07-11T12:25,0x45,594,3.5892,396.46
2026-07-11T12:26,0x44,594,2.9918,10.99
2026-07-11T12:26,0x45,594,3.5918,380.33
2026-07-11T12:27,0x44,595,2.9768,11.0
2026-07-11T12:27,0x45,595,3.5912,364.08
2026-07-11T12:28,0x44,594,2.964,11.0
2026-07-11T12:28,0x45,594,3.592,347.8
2026-07-11T12:29,0x44,594,2.964,11.0
2026-07-11T12:29,0x45,594,3.592,331.49
2026-07-11T12:30,0x44,594,2.964,11.0
2026-07-11T12:30,0x45,594,3.5921,315.31
2026-07-11T12:31,0x44,594,2.964,11.0
2026-07-11T12:31,0x45,594,3.5943,299.54
2026-07-11T12:32,0x44,595,2.964,11.0
2026-07-11T12:32,0x45,595,3.5958,283.79
2026-07-11T12:33,0x44,594,2.964,11.0
2026-07-11T12:33,0x45,594,3.596,268.63
2026-07-11T12:34,0x44,594,2.964,11.0
2026-07-11T12:34,0x45,594,3.596,253.96
2026-07-11T12:35,0x44,595,2.9876,10.99
2026-07-11T12:35,0x45,595,3.5966,239.69
2026-07-11T12:36,0x44,594,2.9855,10.99
2026-07-11T12:36,0x45,594,3.5977,226.14
2026-07-11T12:37,0x44,594,2.974,10.99
2026-07-11T12:37,0x45,594,3.5981,213.12
2026-07-11T12:38,0x44,595,2.9752,10.99
2026-07-11T12:38,0x45,595,3.5981,200.77
2026-07-11T12:39,0x44,594,2.9622,11.0
2026-07-11T12:39,0x45,594,3.6,189.05
2026-07-11T12:40,0x44,594,2.9618,11.0
2026-07-11T12:40,0x45,594,3.6,177.63
2026-07-11T12:41,0x44,595,2.9617,11.0
2026-07-11T12:41,0x45,595,3.6,166.69
2026-07-11T12:42,0x44,594,2.9608,11.0
2026-07-11T12:42,0x45,594,3.6,156.7
2026-07-11T12:43,0x44,594,2.9604,11.0
2026-07-11T12:43,0x45,594,3.5997,146.53
2026-07-11T12:44,0x44,595,2.9611,11.0
2026-07-11T12:44,0x45,595,3.5998,135.19
2026-07-11T12:45,0x44,594,2.9627,11.0
2026-07-11T12:45,0x45,594,3.6,129.76
2026-07-11T12:46,0x44,594,2.9602,11.0
2026-07-11T12:46,0x45,594,3.6001,125.58
2026-07-11T12:47,0x44,595,2.9607,11.0
2026-07-11T12:47,0x45,595,3.6023,121.78
2026-07-11T12:48,0x44,594,2.9684,10.99
2026-07-11T12:48,0x45,594,3.6029,117.93
2026-07-11T12:49,0x44,594,2.9738,10.99
2026-07-11T12:49,0x45,594,3.6036,114.33
2026-07-11T12:50,0x44,595,2.9705,10.98
2026-07-11T12:50,0x45,595,3.6033,109.98
2026-07-11T12:51,0x44,594,2.96,11.0
2026-07-11T12:51,0x45,594,3.6061,104.04
2026-07-11T12:52,0x44,594,2.9602,11.0
2026-07-11T12:52,0x45,594,3.6054,94.92
2026-07-11T12:53,0x44,595,2.9791,10.99
2026-07-11T12:53,0x45,595,3.6051,90.48
2026-07-11T12:54,0x44,594,2.988,11.0
2026-07-11T12:54,0x45,594,3.608,87.0
2026-07-11T12:55,0x44,594,2.988,11.0
2026-07-11T12:55,0x45,594,3.608,83.51
2026-07-11T12:56,0x44,595,2.988,11.0
2026-07-11T12:56,0x45,595,3.608,80.13
2026-07-11T12:57,0x44,594,2.988,10.99
2026-07-11T12:57,0x45,594,3.608,76.93
2026-07-11T12:58,0x44,594,2.988,10.99
2026-07-11T12:58,0x45,594,3.608,74.03
2026-07-11T12:59,0x44,595,2.9699,10.99
2026-07-11T12:59,0x45,595,3.6078,70.86
2026-07-11T13:00,0x44,594,2.96,11.0
2026-07-11T13:00,0x45,594,3.5872,6.96
2026-07-11T13:01,0x44,595,2.96,11.0
2026-07-11T13:01,0x45,595,3.5779,0.0
2026-07-11T13:02,0x44,594,2.9849,10.99
2026-07-11T13:02,0x45,594,3.5711,-0.01
2026-07-11T13:03,0x44,595,2.9872,11.0
2026-07-11T13:03,0x45,595,3.5687,0.0
2026-07-11T13:04,0x44,595,2.9879,11.0
2026-07-11T13:04,0x45,595,3.565,0.0
2026-07-11T13:05,0x44,594,2.9873,11.0
2026-07-11T13:05,0x45,594,3.5617,0.0
2026-07-11T13:06,0x44,595,2.9876,11.0
2026-07-11T13:06,0x45,595,3.5596,0.0
2026-07-11T13:07,0x44,594,2.9877,11.0
2026-07-11T13:07,0x45,594,3.5561,0.0
2026-07-11T13:08,0x44,595,2.9875,11.0
2026-07-11T13:08,0x45,595,3.5555,0.0
2026-07-11T13:09,0x44,595,2.9876,10.99
2026-07-11T13:09,0x45,595,3.5521,0.0
2026-07-11T13:10,0x44,594,2.9878,11.0
2026-07-11T13:10,0x45,594,3.552,0.0
2026-07-11T13:11,0x44,595,2.9798,11.0
2026-07-11T13:11,0x45,595,3.5501,0.0
2026-07-11T13:12,0x44,594,2.96,11.0
2026-07-11T13:12,0x45,594,3.548,0.0
2026-07-11T13:13,0x44,595,2.96,11.0
2026-07-11T13:13,0x45,595,3.5478,0.0
2026-07-11T13:14,0x44,595,2.96,11.0
2026-07-11T13:14,0x45,595,3.545,0.0
2026-07-11T13:15,0x44,594,2.96,11.0
2026-07-11T13:15,0x45,594,3.5441,0.0
2026-07-11T13:16,0x44,595,2.96,11.0
2026-07-11T13:16,0x45,595,3.544,0.0
2026-07-11T13:17,0x44,594,2.96,11.0
2026-07-11T13:17,0x45,594,3.5439,0.0
2026-07-11T13:18,0x44,595,2.96,11.0
2026-07-11T13:18,0x45,595,3.5423,0.0
2026-07-11T13:19,0x44,595,2.9859,10.99
2026-07-11T13:19,0x45,595,3.5384,0.0
2026-07-11T13:20,0x44,594,2.9877,11.0
2026-07-11T13:20,0x45,594,3.5407,0.0
2026-07-11T13:21,0x44,595,2.9877,10.99
2026-07-11T13:21,0x45,595,3.54,0.0
2026-07-11T13:22,0x44,594,2.9813,10.99
2026-07-11T13:22,0x45,594,3.5352,0.0
2026-07-11T13:23,0x44,595,2.96,11.0
2026-07-11T13:23,0x45,595,3.5362,0.0
2026-07-11T13:24,0x44,595,2.96,11.0
2026-07-11T13:24,0x45,595,3.536,0.0
2026-07-11T13:25,0x44,594,2.96,11.0
2026-07-11T13:25,0x45,594,3.536,0.0
2026-07-11T13:26,0x44,595,2.96,11.0
2026-07-11T13:26,0x45,595,3.536,0.0
2026-07-11T13:27,0x44,594,2.96,11.0
2026-07-11T13:27,0x45,594,3.536,0.0
2026-07-11T13:28,0x44,595,2.96,11.0
2026-07-11T13:28,0x45,595,3.5358,0.0
2026-07-11T13:29,0x44,595,2.96,11.0
2026-07-11T13:29,0x45,595,3.5339,0.0
2026-07-11T13:30,0x44,594,2.96,11.0
2026-07-11T13:30,0x45,594,3.5322,0.0
2026-07-11T13:31,0x44,595,2.96,11.0
2026-07-11T13:31,0x45,595,3.532,0.0
2026-07-11T13:32,0x44,594,2.96,11.0
2026-07-11T13:32,0x45,594,3.5321,0.0
2026-07-11T13:33,0x44,595,2.96,11.0
2026-07-11T13:33,0x45,595,3.532,0.0
2026-07-11T13:34,0x44,595,2.96,11.0
2026-07-11T13:34,0x45,595,3.532,0.0
2026-07-11T13:35,0x44,594,2.96,11.0
2026-07-11T13:35,0x45,594,3.532,0.0
2026-07-11T13:36,0x44,595,2.9725,11.0
2026-07-11T13:36,0x45,595,3.5314,-0.0
2026-07-11T13:37,0x44,594,2.9879,11.0
2026-07-11T13:37,0x45,594,3.532,0.0
2026-07-11T13:38,0x44,595,2.9878,11.0
2026-07-11T13:38,0x45,595,3.532,0.0
2026-07-11T13:39,0x44,595,2.9878,11.0
2026-07-11T13:39,0x45,595,3.5316,0.0
2026-07-11T13:40,0x44,594,2.9877,11.0
2026-07-11T13:40,0x45,594,3.5304,0.0
2026-07-11T13:41,0x44,595,2.9791,11.0
2026-07-11T13:41,0x45,595,3.5272,0.0
2026-07-11T13:42,0x44,594,2.96,11.0
2026-07-11T13:42,0x45,594,3.5281,0.0
2026-07-11T13:43,0x44,595,2.96,11.0
2026-07-11T13:43,0x45,595,3.528,0.0
2026-07-11T13:44,0x44,595,2.9899,10.96
2026-07-11T13:44,0x45,595,3.5276,0.0
2026-07-11T13:45,0x44,594,2.988,11.0
2026-07-11T13:45,0x45,594,3.5282,0.0
2026-07-11T13:46,0x44,595,2.9878,11.0
2026-07-11T13:46,0x45,595,3.528,0.0
2026-07-11T13:47,0x44,594,2.9877,10.99
2026-07-11T13:47,0x45,594,3.528,0.0
2026-07-11T13:48,0x44,597,2.9878,11.0
2026-07-11T13:48,0x45,597,3.528,0.0
2026-07-11T13:49,0x44,595,2.9877,11.0
2026-07-11T13:49,0x45,595,3.528,0.0
2026-07-11T13:50,0x44,594,2.9875,11.0
2026-07-11T13:50,0x45,594,3.528,0.0
2026-07-11T13:51,0x44,595,2.9796,11.0
2026-07-11T13:51,0x45,595,3.5254,0.0
2026-07-11T13:52,0x44,594,2.97,10.99
2026-07-11T13:52,0x45,594,3.5252,0.0
2026-07-11T13:53,0x44,595,2.9785,10.99
2026-07-11T13:53,0x45,595,3.5271,-0.0
2026-07-11T13:54,0x44,595,2.96,11.0
2026-07-11T13:54,0x45,595,3.5264,0.0
2026-07-11T13:55,0x44,594,2.96,11.0
2026-07-11T13:55,0x45,594,3.5241,0.0
2026-07-11T13:56,0x44,595,2.9779,11.0
2026-07-11T13:56,0x45,595,3.5216,0.0
2026-07-11T13:57,0x44,595,2.9879,11.0
2026-07-11T13:57,0x45,595,3.5261,0.0
2026-07-11T13:58,0x44,595,2.9875,10.99
2026-07-11T13:58,0x45,595,3.5242,0.0
2026-07-11T13:59,0x44,595,2.9863,11.0
2026-07-11T13:59,0x45,595,3.5222,0.0
2026-07-11T14:00,0x44,594,2.96,11.0
2026-07-11T14:00,0x45,594,3.524,0.0
2026-07-11T14:01,0x44,595,2.96,11.0
2026-07-11T14:01,0x45,595,3.524,0.0
2026-07-11T14:02,0x44,595,2.96,11.0
2026-07-11T14:02,0x45,595,3.524,0.0
2026-07-11T14:03,0x44,595,2.96,11.0
2026-07-11T14:03,0x45,595,3.524,0.0
2026-07-11T14:04,0x44,594,2.96,11.0
2026-07-11T14:04,0x45,594,3.524,0.0
2026-07-11T14:05,0x44,594,2.96,11.0
2026-07-11T14:05,0x45,594,3.524,0.0
2026-07-11T14:06,0x44,594,2.9644,10.99
2026-07-11T14:06,0x45,594,3.523,0.0
2026-07-11T14:07,0x44,594,2.9878,10.99
2026-07-11T14:07,0x45,594,3.524,0.0
2026-07-11T14:08,0x44,595,2.9875,11.0
2026-07-11T14:08,0x45,595,3.524,0.0
2026-07-11T14:09,0x44,595,2.9875,10.99
2026-07-11T14:09,0x45,595,3.524,0.0
2026-07-11T14:10,0x44,595,2.9875,10.99
2026-07-11T14:10,0x45,595,3.524,0.0
2026-07-11T14:11,0x44,595,2.9876,11.0
2026-07-11T14:11,0x45,595,3.5239,0.0
2026-07-11T14:12,0x44,595,2.9877,11.0
2026-07-11T14:12,0x45,595,3.5234,0.0
2026-07-11T14:13,0x44,594,2.9877,11.0
2026-07-11T14:13,0x45,594,3.5226,0.0
2026-07-11T14:14,0x44,594,2.9878,10.99
2026-07-11T14:14,0x45,594,3.5219,0.0
2026-07-11T14:15,0x44,594,2.9878,11.0
2026-07-11T14:15,0x45,594,3.5213,0.0
2026-07-11T14:16,0x44,595,2.9795,10.99
2026-07-11T14:16,0x45,595,3.5193,0.0
2026-07-11T14:17,0x44,594,2.9876,10.99
2026-07-11T14:17,0x45,594,3.5202,0.0
2026-07-11T14:18,0x44,595,2.9879,11.0
2026-07-11T14:18,0x45,595,3.5212,0.0
2026-07-11T14:19,0x44,595,2.9878,11.0
2026-07-11T14:19,0x45,595,3.52,0.0
2026-07-11T14:20,0x44,595,2.9876,11.0
2026-07-11T14:20,0x45,595,3.52,0.0
2026-07-11T14:21,0x44,594,2.9877,10.99
2026-07-11T14:21,0x45,594,3.52,0.0
2026-07-11T14:22,0x44,595,2.988,11.0
2026-07-11T14:22,0x45,595,3.5201,0.0
2026-07-11T14:23,0x44,595,2.9874,10.97
2026-07-11T14:23,0x45,595,3.5177,-0.0
2026-07-11T14:24,0x44,595,2.9837,10.98
2026-07-11T14:24,0x45,595,3.5181,0.0
2026-07-11T14:25,0x44,595,2.9812,10.98
2026-07-11T14:25,0x45,595,3.5192,0.0
2026-07-11T14:26,0x44,594,2.988,10.98
2026-07-11T14:26,0x45,594,3.5202,0.0
2026-07-11T14:27,0x44,595,2.988,10.99
2026-07-11T14:27,0x45,595,3.52,0.0
2026-07-11T14:28,0x44,595,2.988,10.98
2026-07-11T14:28,0x45,595,3.52,0.0
2026-07-11T14:29,0x44,594,2.988,10.98
2026-07-11T14:29,0x45,594,3.52,0.0
2026-07-11T14:30,0x44,595,2.9867,10.98
2026-07-11T14:30,0x45,595,3.5201,0.0
2026-07-11T14:31,0x44,595,2.9613,11.0
2026-07-11T14:31,0x45,595,3.5199,0.0
2026-07-11T14:32,0x44,594,2.9629,11.0
2026-07-11T14:32,0x45,594,3.5199,0.0
2026-07-11T14:33,0x44,595,2.963,11.0
2026-07-11T14:33,0x45,595,3.5197,0.0
2026-07-11T14:34,0x44,594,2.9619,11.0
2026-07-11T14:34,0x45,594,3.5188,0.0
2026-07-11T14:35,0x44,595,2.9619,11.0
2026-07-11T14:35,0x45,595,3.5182,0.0
2026-07-11T14:36,0x44,594,2.7967,354.99
2026-07-11T14:36,0x45,594,3.2428,-456.34
2026-07-11T14:37,0x44,594,2.7177,591.59
2026-07-11T14:37,0x45,594,3.0368,-767.24
2026-07-11T14:38,0x44,594,2.7296,598.39
2026-07-11T14:38,0x45,594,3.0059,-781.61
2026-07-11T14:39,0x44,594,2.7291,601.49
2026-07-11T14:39,0x45,594,2.9997,-789.95
2026-07-11T14:40,0x44,595,2.7248,600.19
2026-07-11T14:40,0x45,595,2.9897,-791.7
2026-07-11T14:41,0x44,594,2.7071,599.16
2026-07-11T14:41,0x45,594,2.9895,-792.95
2026-07-11T14:42,0x44,594,2.7124,598.12
2026-07-11T14:42,0x45,594,2.976,-794.07
2026-07-11T14:43,0x44,595,2.7194,597.47
2026-07-11T14:43,0x45,595,2.9588,-795.59
2026-07-11T14:44,0x44,594,2.718,596.78
2026-07-11T14:44,0x45,594,2.9527,-796.55
2026-07-11T14:45,0x44,594,2.7124,596.49
2026-07-11T14:45,0x45,594,2.9477,-797.95
2026-07-11T14:46,0x44,595,2.7112,597.0
2026-07-11T14:46,0x45,595,2.9456,-800.35
2026-07-11T14:47,0x44,594,2.7072,598.02
2026-07-11T14:47,0x45,594,2.9452,-803.4
2026-07-11T14:48,0x44,595,2.7239,598.4
2026-07-11T14:48,0x45,595,2.9214,-805.59
2026-07-11T14:49,0x44,594,2.7153,597.86
2026-07-11T14:49,0x45,594,2.927,-806.23
2026-07-11T14:50,0x44,594,2.7119,597.11
2026-07-11T14:50,0x45,594,2.921,-806.89
2026-07-11T14:51,0x44,595,2.7056,597.02
2026-07-11T14:51,0x45,595,2.9203,-808.08
2026-07-11T14:52,0x44,594,2.7083,595.76
2026-07-11T14:52,0x45,594,2.9154,-807.88
2026-07-11T14:53,0x44,594,2.7092,594.08
2026-07-11T14:53,0x45,594,2.9063,-806.64
2026-07-11T14:54,0x44,595,2.7035,593.62
2026-07-11T14:54,0x45,595,2.9048,-807.31
2026-07-11T14:55,0x44,594,2.708,594.01
2026-07-11T14:55,0x45,594,2.9039,-808.43
2026-07-11T14:56,0x44,594,2.7022,592.68
2026-07-11T14:56,0x45,594,2.8988,-808.51
2026-07-11T14:57,0x44,595,2.7061,592.12
2026-07-11T14:57,0x45,595,2.8962,-808.24
2026-07-11T14:58,0x44,594,2.7017,593.18
2026-07-11T14:58,0x45,594,2.8991,-810.62
2026-07-11T14:59,0x44,594,2.7083,594.81
2026-07-11T14:59,0x45,594,2.8912,-813.56
2026-07-11T15:00,0x44,595,2.7095,595.27
2026-07-11T15:00,0x45,595,2.8927,-815.4
2026-07-11T15:01,0x44,594,2.7094,596.02
2026-07-11T15:01,0x45,594,2.8921,-816.5
2026-07-11T15:02,0x44,595,2.7118,596.33
2026-07-11T15:02,0x45,595,2.8777,-817.84
2026-07-11T15:03,0x44,594,2.7074,595.53
2026-07-11T15:03,0x45,594,2.8829,-817.33
2026-07-11T15:04,0x44,594,2.713,594.25
2026-07-11T15:04,0x45,594,2.887,-816.35
2026-07-11T15:05,0x44,595,2.7085,594.32
2026-07-11T15:05,0x45,595,2.8799,-816.68
2026-07-11T15:06,0x44,594,2.708,593.9
2026-07-11T15:06,0x45,594,2.8883,-816.4
2026-07-11T15:07,0x44,594,2.708,593.29
2026-07-11T15:07,0x45,594,2.8806,-816.4
2026-07-11T15:08,0x44,595,2.7049,593.17
2026-07-11T15:08,0x45,595,2.8821,-816.73
2026-07-11T15:09,0x44,594,2.7107,593.21
2026-07-11T15:09,0x45,594,2.8772,-817.12
2026-07-11T15:10,0x44,595,2.7099,593.79
2026-07-11T15:10,0x45,595,2.8734,-818.01
2026-07-11T15:11,0x44,594,2.711,594.11
2026-07-11T15:11,0x45,594,2.8692,-818.6
2026-07-11T15:12,0x44,594,2.7118,594.12
2026-07-11T15:12,0x45,594,2.8719,-818.89
2026-07-11T15:13,0x44,595,2.712,594.12
2026-07-11T15:13,0x45,595,2.8701,-819.1
2026-07-11T15:14,0x44,594,2.7084,594.1
2026-07-11T15:14,0x45,594,2.8768,-819.29
2026-07-11T15:15,0x44,594,2.7039,594.1
2026-07-11T15:15,0x45,594,2.8784,-819.33
2026-07-11T15:16,0x44,595,2.7112,594.14
2026-07-11T15:16,0x45,595,2.8688,-819.25
2026-07-11T15:17,0x44,594,2.7084,594.12
2026-07-11T15:17,0x45,594,2.8763,-819.07
2026-07-11T15:18,0x44,594,2.7085,594.12
2026-07-11T15:18,0x45,594,2.8681,-819.21
2026-07-11T15:19,0x44,595,2.7084,594.07
2026-07-11T15:19,0x45,595,2.88,-818.7
2026-07-11T15:20,0x44,594,2.6951,593.93
2026-07-11T15:20,0x45,594,2.8817,-818.47
2026-07-11T15:21,0x44,595,2.6979,593.77
2026-07-11T15:21,0x45,595,2.8835,-818.33
2026-07-11T15:22,0x44,594,2.7121,593.24
2026-07-11T15:22,0x45,594,2.8711,-818.03
2026-07-11T15:23,0x44,594,2.7005,593.1
2026-07-11T15:23,0x45,594,2.8728,-817.77
2026-07-11T15:24,0x44,595,2.704,592.62
2026-07-11T15:24,0x45,595,2.8737,-816.91
2026-07-11T15:25,0x44,594,2.6978,591.15
2026-07-11T15:25,0x45,594,2.8815,-814.99
2026-07-11T15:26,0x44,594,2.7117,591.1
2026-07-11T15:26,0x45,594,2.8632,-814.67
2026-07-11T15:27,0x44,595,2.6988,590.5
2026-07-11T15:27,0x45,595,2.8752,-814.0
2026-07-11T15:28,0x44,594,2.7017,590.08
2026-07-11T15:28,0x45,594,2.8711,-813.51
2026-07-11T15:29,0x44,594,2.7002,589.33
2026-07-11T15:29,0x45,594,2.8699,-812.28
2026-07-11T15:30,0x44,595,2.6961,585.11
2026-07-11T15:30,0x45,595,2.8833,-806.29
2026-07-11T15:31,0x44,594,2.7002,585.28
2026-07-11T15:31,0x45,594,2.8766,-806.67
2026-07-11T15:32,0x44,594,2.7024,585.14
2026-07-11T15:32,0x45,594,2.872,-806.26
2026-07-11T15:33,0x44,595,2.6999,585.65
2026-07-11T15:33,0x45,595,2.8816,-806.71
2026-07-11T15:34,0x44,594,2.7009,586.06
2026-07-11T15:34,0x45,594,2.8753,-807.25
2026-07-11T15:35,0x44,595,2.6993,586.25
2026-07-11T15:35,0x45,595,2.8806,-807.72
2026-07-11T15:36,0x44,594,2.6988,586.22
2026-07-11T15:36,0x45,594,2.8818,-807.36
2026-07-11T15:37,0x44,594,2.6986,586.08
2026-07-11T15:37,0x45,594,2.8748,-807.19
2026-07-11T15:38,0x44,595,2.7064,586.05
2026-07-11T15:38,0x45,595,2.8708,-807.21
2026-07-11T15:39,0x44,594,2.7039,586.06
2026-07-11T15:39,0x45,594,2.8747,-807.18
2026-07-11T15:40,0x44,595,2.705,585.97
2026-07-11T15:40,0x45,595,2.8745,-806.91
2026-07-11T15:41,0x44,594,2.6961,585.33
2026-07-11T15:41,0x45,594,2.8822,-806.53
2026-07-11T15:42,0x44,594,2.6971,585.08
2026-07-11T15:42,0x45,594,2.8758,-806.14
2026-07-11T15:43,0x44,595,2.7028,585.11
2026-07-11T15:43,0x45,595,2.876,-805.88
2026-07-11T15:44,0x44,594,2.6961,585.06
2026-07-11T15:44,0x45,594,2.8827,-805.82
2026-07-11T15:45,0x44,595,2.6983,585.08
2026-07-11T15:45,0x45,595,2.8693,-805.67
2026-07-11T15:46,0x44,594,2.6985,585.14
2026-07-11T15:46,0x45,594,2.8703,-805.65
2026-07-11T15:47,0x44,594,2.6923,585.05
2026-07-11T15:47,0x45,594,2.8667,-805.44
2026-07-11T15:48,0x44,595,2.6956,585.05
2026-07-11T15:48,0x45,595,2.8751,-805.35
2026-07-11T15:49,0x44,594,2.6938,585.01
2026-07-11T15:49,0x45,594,2.8724,-805.09
2026-07-11T15:50,0x44,595,2.6946,584.55
2026-07-11T15:50,0x45,595,2.8723,-804.68
2026-07-11T15:51,0x44,594,2.6938,584.4
2026-07-11T15:51,0x45,594,2.8742,-804.59
2026-07-11T15:52,0x44,594,2.6987,584.82
2026-07-11T15:52,0x45,594,2.8687,-804.9
2026-07-11T15:53,0x44,595,2.6913,585.03
2026-07-11T15:53,0x45,595,2.8773,-805.16
2026-07-11T15:54,0x44,594,2.6859,584.5
2026-07-11T15:54,0x45,594,2.8792,-804.75
2026-07-11T15:55,0x44,594,2.6882,584.09
2026-07-11T15:55,0x45,594,2.8741,-804.26
2026-07-11T15:56,0x44,595,2.6874,584.06
2026-07-11T15:56,0x45,595,2.8739,-804.04
2026-07-11T15:57,0x44,594,2.6956,583.92
2026-07-11T15:57,0x45,594,2.8673,-803.6
2026-07-11T15:58,0x44,595,2.6925,583.42
2026-07-11T15:58,0x45,595,2.8656,-803.33
2026-07-11T15:59,0x44,594,2.692,583.13
2026-07-11T15:59,0x45,594,2.8722,-802.76
2026-07-11T16:00,0x44,594,2.6891,583.08
2026-07-11T16:00,0x45,594,2.8752,-802.74
2026-07-11T16:01,0x44,595,2.6914,583.08
2026-07-11T16:01,0x45,595,2.8738,-802.58
2026-07-11T16:02,0x44,594,2.6873,582.94
2026-07-11T16:02,0x45,594,2.8698,-802.21
2026-07-11T16:03,0x44,595,2.688,582.9
2026-07-11T16:03,0x45,595,2.8716,-802.17
2026-07-11T16:04,0x44,594,2.69,582.26
2026-07-11T16:04,0x45,594,2.8722,-801.77
2026-07-11T16:05,0x44,594,2.6858,582.12
2026-07-11T16:05,0x45,594,2.8781,-801.39
2026-07-11T16:06,0x44,595,2.6885,582.08
2026-07-11T16:06,0x45,595,2.8791,-801.39
2026-07-11T16:07,0x44,594,2.6929,581.92
2026-07-11T16:07,0x45,594,2.8747,-800.9
2026-07-11T16:08,0x44,594,2.6855,580.99
2026-07-11T16:08,0x45,594,2.8756,-799.96
2026-07-11T16:09,0x44,595,2.6887,580.32
2026-07-11T16:09,0x45,595,2.8755,-799.16
2026-07-11T16:10,0x44,594,2.6862,579.91
2026-07-11T16:10,0x45,594,2.881,-798.33
2026-07-11T16:11,0x44,595,2.6858,579.21
2026-07-11T16:11,0x45,595,2.8806,-797.97
2026-07-11T16:12,0x44,594,2.6884,579.1
2026-07-11T16:12,0x45,594,2.8698,-797.24
2026-07-11T16:13,0x44,594,2.6839,579.07
2026-07-11T16:13,0x45,594,2.8733,-797.15
2026-07-11T16:14,0x44,595,2.6827,579.04
2026-07-11T16:14,0x45,595,2.8829,-796.91
2026-07-11T16:15,0x44,594,2.6877,578.95
2026-07-11T16:15,0x45,594,2.8762,-797.72
2026-07-11T16:16,0x44,595,2.686,578.22
2026-07-11T16:16,0x45,595,2.8795,-796.11
2026-07-11T16:17,0x44,594,2.6875,578.07
2026-07-11T16:17,0x45,594,2.872,-795.6
2026-07-11T16:18,0x44,594,2.6839,577.92
2026-07-11T16:18,0x45,594,2.8817,-795.35
2026-07-11T16:19,0x44,595,2.6859,577.19
2026-07-11T16:19,0x45,595,2.871,-794.67
2026-07-11T16:20,0x44,594,2.6794,575.95
2026-07-11T16:20,0x45,594,2.8681,-794.07
2026-07-11T16:21,0x44,595,2.6828,576.85
2026-07-11T16:21,0x45,595,2.8722,-795.1
2026-07-11T16:22,0x44,594,2.6855,577.24
2026-07-11T16:22,0x45,594,2.8687,-795.79
2026-07-11T16:23,0x44,594,2.6886,578.17
2026-07-11T16:23,0x45,594,2.8712,-797.09
2026-07-11T16:24,0x44,595,2.6622,559.68
2026-07-11T16:24,0x45,595,2.8556,-773.56
2026-07-11T16:25,0x44,594,2.647,555.18
2026-07-11T16:25,0x45,594,2.8538,-766.91
2026-07-11T16:26,0x44,594,2.647,555.07
2026-07-11T16:26,0x45,594,2.8522,-766.56
2026-07-11T16:27,0x44,595,2.6452,555.08
2026-07-11T16:27,0x45,595,2.8524,-766.64
2026-07-11T16:28,0x44,594,2.6496,555.04
2026-07-11T16:28,0x45,594,2.8538,-766.39
2026-07-11T16:29,0x44,595,2.6441,554.47
2026-07-11T16:29,0x45,595,2.8505,-765.26
2026-07-11T16:30,0x44,594,2.6451,553.27
2026-07-11T16:30,0x45,594,2.8477,-763.62
2026-07-11T16:31,0x44,594,2.6425,553.08
2026-07-11T16:31,0x45,594,2.8474,-763.43
2026-07-11T16:32,0x44,595,2.6425,553.05
2026-07-11T16:32,0x45,595,2.854,-763.14
2026-07-11T16:33,0x44,594,2.6437,552.98
2026-07-11T16:33,0x45,594,2.8528,-763.08
2026-07-11T16:34,0x44,594,2.6385,552.45
2026-07-11T16:34,0x45,594,2.8539,-762.74
2026-07-11T16:35,0x44,595,2.6401,551.87
2026-07-11T16:35,0x45,595,2.8536,-761.95
2026-07-11T16:36,0x44,594,2.6438,551.19
2026-07-11T16:36,0x45,594,2.8462,-761.37
2026-07-11T16:37,0x44,595,2.6401,551.08
2026-07-11T16:37,0x45,595,2.8504,-761.12
2026-07-11T16:38,0x44,594,2.642,550.91
2026-07-11T16:38,0x45,594,2.8487,-760.68
2026-07-11T16:39,0x44,594,2.6396,549.75
2026-07-11T16:39,0x45,594,2.8401,-758.97
2026-07-11T16:40,0x44,595,2.6374,548.77
2026-07-11T16:40,0x45,595,2.8475,-757.77
2026-07-11T16:41,0x44,594,2.6337,548.11
2026-07-11T16:41,0x45,594,2.8582,-756.97
2026-07-11T16:42,0x44,594,2.6292,548.14
2026-07-11T16:42,0x45,594,2.8564,-756.77
2026-07-11T16:43,0x44,595,2.6263,547.57
2026-07-11T16:43,0x45,595,2.86,-756.04
2026-07-11T16:44,0x44,594,2.6365,547.34
2026-07-11T16:44,0x45,594,2.8485,-755.48
2026-07-11T16:45,0x44,595,2.6323,546.05
2026-07-11T16:45,0x45,595,2.854,-753.76
2026-07-11T16:46,0x44,594,2.6283,545.09
2026-07-11T16:46,0x45,594,2.8569,-752.69
2026-07-11T16:47,0x44,595,2.6267,544.26
2026-07-11T16:47,0x45,595,2.8597,-751.24
2026-07-11T16:48,0x44,594,2.6289,544.09
2026-07-11T16:48,0x45,594,2.8537,-750.88
2026-07-11T16:49,0x44,594,2.6242,544.01
2026-07-11T16:49,0x45,594,2.8629,-750.61
2026-07-11T16:50,0x44,595,2.6242,542.57
2026-07-11T16:50,0x45,595,2.8541,-749.03
2026-07-11T16:51,0x44,594,2.6227,542.03
2026-07-11T16:51,0x45,594,2.8566,-748.09
2026-07-11T16:52,0x44,595,2.6234,541.99
2026-07-11T16:52,0x45,595,2.8638,-747.63
2026-07-11T16:53,0x44,594,2.6245,541.68
2026-07-11T16:53,0x45,594,2.8553,-747.39
2026-07-11T16:54,0x44,595,2.62,541.06
2026-07-11T16:54,0x45,594,2.8583,-746.97
2026-07-11T16:55,0x45,595,2.8641,-746.1
2026-07-11T16:55,0x44,594,2.6185,540.58
2026-07-11T16:56,0x44,594,2.6235,538.1
2026-07-11T16:56,0x45,594,2.8549,-742.97
2026-07-11T16:57,0x44,595,2.6148,536.42
2026-07-11T16:57,0x45,595,2.8597,-740.46
2026-07-11T16:58,0x44,594,2.6091,532.75
2026-07-11T16:58,0x45,594,2.8612,-735.49
2026-07-11T16:59,0x44,594,2.6091,529.06
2026-07-11T16:59,0x45,594,2.8542,-730.49
2026-07-11T17:00,0x44,595,2.6125,530.14
2026-07-11T17:00,0x45,595,2.8544,-731.56
2026-07-11T17:01,0x44,594,2.6103,528.79
2026-07-11T17:01,0x45,594,2.8569,-729.71
2026-07-11T17:02,0x44,595,2.6038,529.88
2026-07-11T17:02,0x45,595,2.8591,-730.85
2026-07-11T17:03,0x44,594,2.6076,530.68
2026-07-11T17:03,0x45,594,2.8616,-732.35
2026-07-11T17:04,0x44,594,2.6031,529.92
2026-07-11T17:04,0x45,594,2.864,-731.1
2026-07-11T17:05,0x44,595,2.6031,528.76
2026-07-11T17:05,0x45,595,2.8609,-729.3
2026-07-11T17:06,0x44,594,2.6023,528.78
2026-07-11T17:06,0x45,594,2.8604,-729.47
2026-07-11T17:07,0x44,595,2.6084,529.35
2026-07-11T17:07,0x45,595,2.8586,-729.93
2026-07-11T17:08,0x44,594,2.6042,529.36
2026-07-11T17:08,0x45,594,2.8605,-730.9
2026-07-11T17:09,0x44,594,2.6022,529.01
2026-07-11T17:09,0x45,594,2.8697,-730.5
2026-07-11T17:10,0x44,595,2.6033,528.79
2026-07-11T17:10,0x45,595,2.8598,-730.31
2026-07-11T17:11,0x44,594,2.6011,528.11
2026-07-11T17:11,0x45,594,2.8664,-729.25
2026-07-11T17:12,0x44,595,2.603,527.57
2026-07-11T17:12,0x45,595,2.8677,-728.21
2026-07-11T17:13,0x44,594,2.597,526.19
2026-07-11T17:13,0x45,594,2.8663,-726.8
2026-07-11T17:14,0x44,594,2.5981,526.04
2026-07-11T17:14,0x45,594,2.8682,-726.37
2026-07-11T17:15,0x44,595,2.5971,525.78
2026-07-11T17:15,0x45,595,2.8703,-726.03
2026-07-11T17:16,0x44,594,2.5943,525.04
2026-07-11T17:16,0x45,594,2.868,-724.89
2026-07-11T17:17,0x44,594,2.5935,523.96
2026-07-11T17:17,0x45,594,2.8706,-723.6
2026-07-11T17:18,0x44,595,2.5908,520.02
2026-07-11T17:18,0x45,595,2.8742,-718.07
2026-07-11T17:19,0x44,594,2.5856,517.26
2026-07-11T17:19,0x45,594,2.878,-714.22
2026-07-11T17:20,0x44,594,2.5846,514.95
2026-07-11T17:20,0x45,594,2.8781,-710.93
2026-07-11T17:21,0x44,594,2.5794,510.81
2026-07-11T17:21,0x45,594,2.8769,-705.54
2026-07-11T17:22,0x44,595,2.5742,509.36
2026-07-11T17:22,0x45,595,2.879,-703.5
2026-07-11T17:23,0x44,594,2.5679,504.94
2026-07-11T17:23,0x45,594,2.8824,-697.61
2026-07-11T17:24,0x44,594,2.5598,500.2
2026-07-11T17:24,0x45,594,2.8874,-691.12
2026-07-11T17:25,0x44,595,2.5459,495.49
2026-07-11T17:25,0x45,595,2.8946,-684.91
2026-07-11T17:26,0x44,594,2.5441,490.05
2026-07-11T17:26,0x45,594,2.9041,-677.66
2026-07-11T17:27,0x44,594,2.54,487.07
2026-07-11T17:27,0x45,594,2.8943,-673.59
2026-07-11T17:28,0x44,594,2.514,471.2
2026-07-11T17:28,0x45,594,2.9106,-652.87
2026-07-11T17:29,0x44,595,2.5254,477.13
2026-07-11T17:29,0x45,595,2.9108,-660.75
2026-07-11T17:30,0x44,594,2.5083,462.36
2026-07-11T17:30,0x45,594,2.9082,-641.36
2026-07-11T17:31,0x44,594,2.5112,468.59
2026-07-11T17:31,0x45,594,2.9164,-649.53
2026-07-11T17:32,0x44,595,2.5473,491.23
2026-07-11T17:32,0x45,595,2.9016,-679.0
2026-07-11T17:33,0x44,594,2.5487,491.38
2026-07-11T17:33,0x45,594,2.8906,-679.25
2026-07-11T17:34,0x44,594,2.535,485.59
2026-07-11T17:34,0x45,594,2.9027,-671.65
2026-07-11T17:35,0x44,595,2.5027,463.57
2026-07-11T17:35,0x45,595,2.918,-642.36
2026-07-11T17:36,0x44,594,2.5112,462.49
2026-07-11T17:36,0x45,594,2.9165,-641.07
2026-07-11T17:37,0x44,595,2.4921,453.63
2026-07-11T17:37,0x45,595,2.9266,-631.38
2026-07-11T17:38,0x44,594,2.4789,439.29
2026-07-11T17:38,0x45,594,2.9296,-613.35
2026-07-11T17:39,0x44,594,2.4859,446.05
2026-07-11T17:39,0x45,594,2.9281,-622.03
2026-07-11T17:40,0x44,595,2.5204,471.24
2026-07-11T17:40,0x45,595,2.9116,-654.37
2026-07-11T17:41,0x44,594,2.49,449.3
2026-07-11T17:41,0x45,594,2.9264,-626.05
2026-07-11T17:42,0x44,594,2.4902,451.33
2026-07-11T17:42,0x45,594,2.9316,-628.51
2026-07-11T17:43,0x44,595,2.4857,449.41
2026-07-11T17:43,0x45,595,2.9299,-626.16
2026-07-11T17:44,0x44,594,2.4852,446.24
2026-07-11T17:44,0x45,594,2.9291,-622.29
2026-07-11T17:45,0x44,594,2.5035,459.12
2026-07-11T17:45,0x45,594,2.9177,-638.66
2026-07-11T17:46,0x44,595,2.5221,470.34
2026-07-11T17:46,0x45,595,2.9082,-653.55
2026-07-11T17:47,0x44,594,2.4935,452.29
2026-07-11T17:47,0x45,594,2.9252,-629.74
2026-07-11T17:48,0x44,594,2.5318,473.9
2026-07-11T17:48,0x45,594,2.8999,-658.06
2026-07-11T17:49,0x44,595,2.502,455.46
2026-07-11T17:49,0x45,595,2.9101,-633.99
2026-07-11T17:50,0x44,594,2.5207,470.61
2026-07-11T17:50,0x45,594,2.9079,-653.98
2026-07-11T17:51,0x44,594,2.5255,473.21
2026-07-11T17:51,0x45,594,2.9075,-657.28
2026-07-11T17:52,0x44,595,2.5338,474.0
2026-07-11T17:52,0x45,595,2.9037,-657.88
2026-07-11T17:53,0x44,594,2.5237,474.08
2026-07-11T17:53,0x45,594,2.9063,-658.0
2026-07-11T17:54,0x44,595,2.525,474.02
2026-07-11T17:54,0x45,595,2.9046,-658.22
2026-07-11T17:55,0x44,594,2.5304,474.09
2026-07-11T17:55,0x45,594,2.8964,-658.26
2026-07-11T17:56,0x44,594,2.5251,475.59
2026-07-11T17:56,0x45,594,2.904,-660.03
2026-07-11T17:57,0x44,595,2.5258,476.02
2026-07-11T17:57,0x45,595,2.9077,-660.55
2026-07-11T17:58,0x44,594,2.5327,476.06
2026-07-11T17:58,0x45,594,2.8996,-661.07
2026-07-11T17:59,0x44,595,2.531,476.19
2026-07-11T17:59,0x45,594,2.9027,-661.19
2026-07-11T18:00,0x45,595,2.8985,-661.01
2026-07-11T18:00,0x44,594,2.5326,476.08
2026-07-11T18:01,0x44,594,2.5368,478.3
2026-07-11T18:01,0x45,594,2.8954,-663.93
2026-07-11T18:02,0x44,595,2.5268,476.38
2026-07-11T18:02,0x45,595,2.9028,-661.34
2026-07-11T18:03,0x44,594,2.5321,476.03
2026-07-11T18:03,0x45,594,2.9012,-660.72
2026-07-11T18:04,0x44,594,2.526,476.01
2026-07-11T18:04,0x45,594,2.9011,-660.66
2026-07-11T18:05,0x44,595,2.527,475.95
2026-07-11T18:05,0x45,595,2.9036,-660.43
2026-07-11T18:06,0x44,594,2.527,475.22
2026-07-11T18:06,0x45,594,2.9013,-660.0
2026-07-11T18:07,0x44,595,2.5289,475.23
2026-07-11T18:07,0x45,595,2.9028,-660.06
2026-07-11T18:08,0x44,594,2.5269,475.71
2026-07-11T18:08,0x45,594,2.9013,-660.32
2026-07-11T18:09,0x44,594,2.5255,475.91
2026-07-11T18:09,0x45,594,2.9062,-660.28
2026-07-11T18:10,0x44,595,2.53,476.02
2026-07-11T18:10,0x45,595,2.8975,-660.62
2026-07-11T18:11,0x44,594,2.5231,476.03
2026-07-11T18:11,0x45,594,2.9029,-660.64
2026-07-11T18:12,0x44,594,2.5292,476.03
2026-07-11T18:12,0x45,594,2.8973,-660.7
2026-07-11T18:13,0x44,595,2.5281,476.01
2026-07-11T18:13,0x45,595,2.8964,-660.75
2026-07-11T18:14,0x44,594,2.5235,476.02
2026-07-11T18:14,0x45,594,2.9058,-660.81
2026-07-11T18:15,0x44,594,2.5312,476.05
2026-07-11T18:15,0x45,594,2.9013,-660.77
2026-07-11T18:16,0x44,595,2.5285,476.03
2026-07-11T18:16,0x45,595,2.9008,-660.94
2026-07-11T18:17,0x44,594,2.5283,476.04
2026-07-11T18:17,0x45,594,2.899,-661.01
2026-07-11T18:18,0x44,595,2.5306,476.39
2026-07-11T18:18,0x45,595,2.9063,-661.53
2026-07-11T18:19,0x44,594,2.5307,476.67
2026-07-11T18:19,0x45,594,2.902,-661.46
2026-07-11T18:20,0x44,594,2.5261,476.13
2026-07-11T18:20,0x45,594,2.9022,-661.28
2026-07-11T18:21,0x44,595,2.5293,476.02
2026-07-11T18:21,0x45,595,2.9017,-660.88
2026-07-11T18:22,0x44,594,2.5247,476.02
2026-07-11T18:22,0x45,594,2.9034,-660.6
2026-07-11T18:23,0x44,594,2.527,476.03
2026-07-11T18:23,0x45,594,2.8957,-660.76
2026-07-11T18:24,0x44,595,2.5318,476.04
2026-07-11T18:24,0x45,595,2.9022,-660.63
2026-07-11T18:25,0x44,594,2.5293,475.86
2026-07-11T18:25,0x45,594,2.9016,-660.55
2026-07-11T18:26,0x44,595,2.5278,475.79
2026-07-11T18:26,0x45,595,2.9008,-660.63
2026-07-11T18:27,0x44,594,2.5214,475.85
2026-07-11T18:27,0x45,594,2.9045,-660.49
2026-07-11T18:28,0x44,594,2.5251,475.56
2026-07-11T18:28,0x45,594,2.9038,-660.36
2026-07-11T18:29,0x44,595,2.5256,475.07
2026-07-11T18:29,0x45,595,2.8997,-660.01
2026-07-11T18:30,0x44,594,2.5295,475.42
2026-07-11T18:30,0x45,594,2.9052,-660.32
2026-07-11T18:31,0x44,594,2.5315,475.84
2026-07-11T18:31,0x45,594,2.9002,-660.53
2026-07-11T18:32,0x44,595,2.527,475.83
2026-07-11T18:32,0x45,595,2.9065,-660.39
2026-07-11T18:33,0x44,594,2.5324,475.64
2026-07-11T18:33,0x45,594,2.9029,-660.39
2026-07-11T18:34,0x44,594,2.5284,475.84
2026-07-11T18:34,0x45,594,2.8992,-660.34
2026-07-11T18:35,0x44,595,2.5351,476.03
2026-07-11T18:35,0x45,595,2.8945,-660.98
2026-07-11T18:36,0x44,594,2.5252,476.02
2026-07-11T18:36,0x45,594,2.8983,-660.93
2026-07-11T18:37,0x44,595,2.5259,476.03
2026-07-11T18:37,0x45,595,2.9039,-660.83
2026-07-11T18:38,0x44,594,2.5277,476.07
2026-07-11T18:38,0x45,594,2.896,-661.1
2026-07-11T18:39,0x44,594,2.5323,476.0
2026-07-11T18:39,0x45,594,2.9011,-660.69
2026-07-11T18:40,0x44,595,2.5241,476.0
2026-07-11T18:40,0x45,595,2.9016,-660.78
2026-07-11T18:41,0x44,594,2.5306,476.06
2026-07-11T18:41,0x45,594,2.9001,-661.0
2026-07-11T18:42,0x44,595,2.5319,476.03
2026-07-11T18:42,0x45,595,2.9014,-661.31
2026-07-11T18:43,0x44,594,2.5339,476.23
2026-07-11T18:43,0x45,594,2.8953,-661.37
2026-07-11T18:44,0x44,595,2.5314,476.68
2026-07-11T18:44,0x45,595,2.8963,-661.85
2026-07-11T18:45,0x44,594,2.525,477.0
2026-07-11T18:45,0x45,594,2.895,-662.11
2026-07-11T18:46,0x44,595,2.5198,476.72
2026-07-11T18:46,0x45,595,2.9024,-661.79
2026-07-11T18:47,0x44,594,2.5303,476.53
2026-07-11T18:47,0x45,594,2.8963,-661.85
2026-07-11T18:48,0x44,594,2.5232,476.58
2026-07-11T18:48,0x45,594,2.8982,-661.85
2026-07-11T18:49,0x44,595,2.5321,476.28
2026-07-11T18:49,0x45,595,2.8988,-661.67
2026-07-11T18:50,0x44,594,2.5347,476.88
2026-07-11T18:50,0x45,594,2.8961,-662.02
2026-07-11T18:51,0x44,595,2.5315,476.98
2026-07-11T18:51,0x45,595,2.8977,-662.03
2026-07-11T18:52,0x44,594,2.5302,476.99
2026-07-11T18:52,0x45,594,2.8966,-662.0
2026-07-11T18:53,0x44,594,2.5325,476.73
2026-07-11T18:53,0x45,594,2.8967,-661.94
2026-07-11T18:54,0x44,595,2.5254,476.93
2026-07-11T18:54,0x45,595,2.9004,-661.97
2026-07-11T18:55,0x44,594,2.531,476.87
2026-07-11T18:55,0x45,594,2.895,-662.1
2026-07-11T18:56,0x44,595,2.5301,477.02
2026-07-11T18:56,0x45,595,2.8949,-662.33
2026-07-11T18:57,0x44,594,2.5384,476.82
2026-07-11T18:57,0x45,594,2.89,-662.17
2026-07-11T18:58,0x44,594,2.5272,476.65
2026-07-11T18:58,0x45,594,2.8998,-662.03
2026-07-11T18:59,0x44,595,2.5268,476.4
2026-07-11T18:59,0x45,595,2.896,-661.85
2026-07-11T19:00,0x44,594,2.5306,476.72
2026-07-11T19:00,0x45,594,2.8915,-662.02
2026-07-11T19:01,0x44,595,2.5299,477.02
2026-07-11T19:01,0x45,595,2.8961,-662.23
2026-07-11T19:02,0x44,594,2.5306,476.94
2026-07-11T19:02,0x45,594,2.8972,-662.12
2026-07-11T19:03,0x44,594,2.5299,476.98
2026-07-11T19:03,0x45,594,2.9014,-662.14
2026-07-11T19:04,0x44,595,2.5316,477.02
2026-07-11T19:04,0x45,595,2.894,-662.28
2026-07-11T19:05,0x44,594,2.5363,477.03
2026-07-11T19:05,0x45,594,2.9,-662.28
2026-07-11T19:06,0x44,594,2.5318,477.02
2026-07-11T19:06,0x45,594,2.9018,-662.9
2026-07-11T19:07,0x44,595,2.5316,477.04
2026-07-11T19:07,0x45,595,2.8957,-662.9
2026-07-11T19:08,0x44,594,2.5332,477.07
2026-07-11T19:08,0x45,594,2.8966,-663.07
2026-07-11T19:09,0x44,594,2.5252,477.06
2026-07-11T19:09,0x45,594,2.8927,-663.1
2026-07-11T19:10,0x44,595,2.538,477.07
2026-07-11T19:10,0x45,595,2.8939,-663.11
2026-07-11T19:11,0x44,594,2.5351,477.05
2026-07-11T19:11,0x45,594,2.8993,-662.65
2026-07-11T19:12,0x44,595,2.5295,477.04
2026-07-11T19:12,0x45,595,2.8948,-662.72
2026-07-11T19:13,0x44,594,2.5363,477.1
2026-07-11T19:13,0x45,594,2.8919,-663.1
2026-07-11T19:14,0x44,594,2.5308,477.81
2026-07-11T19:14,0x45,594,2.8903,-663.4
2026-07-11T19:15,0x44,595,2.5332,477.31
2026-07-11T19:15,0x45,595,2.8919,-663.28
2026-07-11T19:16,0x44,594,2.5324,477.19
2026-07-11T19:16,0x45,594,2.8901,-663.23
2026-07-11T19:17,0x44,594,2.5359,477.21
2026-07-11T19:17,0x45,594,2.8897,-663.31
2026-07-11T19:18,0x44,595,2.5333,477.33
2026-07-11T19:18,0x45,595,2.895,-663.38
2026-07-11T19:19,0x44,594,2.5252,477.8
2026-07-11T19:19,0x45,594,2.8982,-663.32
2026-07-11T19:20,0x44,595,2.5327,477.74
2026-07-11T19:20,0x45,595,2.8877,-663.4
2026-07-11T19:21,0x44,594,2.5296,477.91
2026-07-11T19:21,0x45,594,2.8887,-663.55
2026-07-11T19:22,0x44,594,2.5311,477.93
2026-07-11T19:22,0x45,594,2.8916,-663.61
2026-07-11T19:23,0x44,595,2.5301,477.76
2026-07-11T19:23,0x45,595,2.8907,-663.46
2026-07-11T19:24,0x44,594,2.53,477.88
2026-07-11T19:24,0x45,594,2.8942,-663.62
2026-07-11T19:25,0x44,595,2.528,477.98
2026-07-11T19:25,0x45,595,2.8922,-663.62
2026-07-11T19:26,0x44,594,2.5266,478.01
2026-07-11T19:26,0x45,594,2.8966,-664.14
2026-07-11T19:27,0x44,594,2.5355,478.03
2026-07-11T19:27,0x45,594,2.8905,-664.18
2026-07-11T19:28,0x44,595,2.5306,477.91
2026-07-11T19:28,0x45,595,2.8962,-663.72
2026-07-11T19:29,0x44,594,2.5362,477.64
2026-07-11T19:29,0x45,594,2.8903,-663.43
2026-07-11T19:30,0x44,595,2.5275,477.99
2026-07-11T19:30,0x45,595,2.8916,-663.65
2026-07-11T19:31,0x44,594,2.5306,477.91
2026-07-11T19:31,0x45,594,2.8935,-663.71
2026-07-11T19:32,0x44,594,2.5303,477.82
2026-07-11T19:32,0x45,594,2.8952,-663.67
2026-07-11T19:33,0x44,595,2.5374,477.86
2026-07-11T19:33,0x45,595,2.8902,-663.64
2026-07-11T19:34,0x44,594,2.5315,478.0
2026-07-11T19:34,0x45,594,2.8942,-663.81
2026-07-11T19:35,0x44,594,2.5331,478.01
2026-07-11T19:35,0x45,594,2.8885,-663.81
2026-07-11T19:36,0x44,595,2.5362,478.04
2026-07-11T19:36,0x45,595,2.8834,-664.05
2026-07-11T19:37,0x44,594,2.5387,478.05
2026-07-11T19:37,0x45,594,2.8833,-664.3
2026-07-11T19:38,0x44,595,2.5342,478.25
2026-07-11T19:38,0x45,595,2.8889,-664.83
2026-07-11T19:39,0x44,594,2.5392,478.63
2026-07-11T19:39,0x45,594,2.8834,-665.12
2026-07-11T19:40,0x44,594,2.5354,478.55
2026-07-11T19:40,0x45,594,2.8885,-664.95
2026-07-11T19:41,0x44,595,2.5412,478.23
2026-07-11T19:41,0x45,595,2.8707,-664.81
2026-07-11T19:42,0x44,594,2.5443,478.1
2026-07-11T19:42,0x45,594,2.8765,-664.67
2026-07-11T19:43,0x44,594,2.5389,478.08
2026-07-11T19:43,0x45,594,2.883,-664.54
2026-07-11T19:44,0x44,595,2.5374,478.07
2026-07-11T19:44,0x45,595,2.8781,-664.43
2026-07-11T19:45,0x44,594,2.5323,478.03
2026-07-11T19:45,0x45,594,2.887,-664.35
2026-07-11T19:46,0x44,595,2.5379,478.09
2026-07-11T19:46,0x45,595,2.8809,-664.47
2026-07-11T19:47,0x44,594,2.5334,478.05
2026-07-11T19:47,0x45,594,2.8854,-664.64
2026-07-11T19:48,0x44,594,2.5409,478.06
2026-07-11T19:48,0x45,594,2.8742,-664.64
2026-07-11T19:49,0x44,595,2.5365,478.1
2026-07-11T19:49,0x45,595,2.8823,-664.92
2026-07-11T19:50,0x44,594,2.5385,478.22
2026-07-11T19:50,0x45,594,2.8805,-664.96
2026-07-11T19:51,0x44,594,2.5374,478.26
2026-07-11T19:51,0x45,594,2.8882,-665.05
2026-07-11T19:52,0x44,595,2.5402,478.34
2026-07-11T19:52,0x45,595,2.8839,-665.16
2026-07-11T19:53,0x44,594,2.5425,478.85
2026-07-11T19:53,0x45,594,2.8744,-665.23
2026-07-11T19:54,0x44,594,2.5394,478.96
2026-07-11T19:54,0x45,594,2.8826,-665.28
2026-07-11T19:55,0x44,595,2.5356,478.78
2026-07-11T19:55,0x45,595,2.8834,-665.31
2026-07-11T19:56,0x44,594,2.5371,478.54
2026-07-11T19:56,0x45,594,2.8896,-665.22
2026-07-11T19:57,0x44,595,2.5364,478.91
2026-07-11T19:57,0x45,595,2.8825,-665.46
2026-07-11T19:58,0x44,594,2.5399,479.04
2026-07-11T19:58,0x45,594,2.8794,-665.63
2026-07-11T19:59,0x44,594,2.527,479.02
2026-07-11T19:59,0x45,594,2.8854,-665.87
2026-07-11T20:00,0x44,595,2.5333,479.08
2026-07-11T20:00,0x45,595,2.888,-666.15
2026-07-11T20:01,0x44,594,2.5397,479.07
2026-07-11T20:01,0x45,594,2.8806,-666.21
2026-07-11T20:02,0x44,594,2.5374,479.07
2026-07-11T20:02,0x45,594,2.8817,-666.0
2026-07-11T20:03,0x44,595,2.5394,479.07
2026-07-11T20:03,0x45,595,2.8789,-666.21
2026-07-11T20:04,0x44,594,2.5367,479.04
2026-07-11T20:04,0x45,594,2.8775,-666.08
2026-07-11T20:05,0x44,595,2.5347,479.05
2026-07-11T20:05,0x45,594,2.8861,-665.81
2026-07-11T20:06,0x45,595,2.8851,-665.69
2026-07-11T20:06,0x44,594,2.5329,479.02
2026-07-11T20:07,0x44,594,2.5328,479.02
2026-07-11T20:07,0x45,594,2.8882,-665.71
2026-07-11T20:08,0x44,595,2.5358,479.02
2026-07-11T20:08,0x45,595,2.886,-665.87
2026-07-11T20:09,0x44,594,2.5399,479.04
2026-07-11T20:09,0x45,594,2.8795,-665.68
2026-07-11T20:10,0x44,594,2.5407,479.03
2026-07-11T20:10,0x45,594,2.8768,-665.84
2026-07-11T20:11,0x44,595,2.5378,479.01
2026-07-11T20:11,0x45,595,2.8799,-665.74
2026-07-11T20:12,0x44,594,2.5365,479.02
2026-07-11T20:12,0x45,594,2.8835,-665.76
2026-07-11T20:13,0x44,594,2.5378,479.02
2026-07-11T20:13,0x45,594,2.8789,-665.74
2026-07-11T20:14,0x44,595,2.5446,479.04
2026-07-11T20:14,0x45,595,2.869,-665.99
2026-07-11T20:15,0x44,594,2.5325,479.02
2026-07-11T20:15,0x45,594,2.8837,-665.65
2026-07-11T20:16,0x44,594,2.5357,479.01
2026-07-11T20:16,0x45,594,2.8791,-665.74
2026-07-11T20:17,0x44,595,2.5303,478.99
2026-07-11T20:17,0x45,595,2.8889,-665.43
2026-07-11T20:18,0x44,594,2.5375,478.7
2026-07-11T20:18,0x45,594,2.8801,-666.09
2026-07-11T20:19,0x44,595,2.5292,478.45
2026-07-11T20:19,0x45,595,2.8802,-666.71
2026-07-11T20:20,0x44,594,2.5304,478.08
2026-07-11T20:20,0x45,594,2.8778,-666.34
2026-07-11T20:21,0x44,594,2.5282,478.05
2026-07-11T20:21,0x45,594,2.8838,-666.2
2026-07-11T20:22,0x44,595,2.5305,478.06
2026-07-11T20:22,0x45,595,2.8807,-666.21
2026-07-11T20:23,0x44,594,2.5358,478.11
2026-07-11T20:23,0x45,594,2.8805,-666.34
2026-07-11T20:24,0x44,594,2.5344,478.45
2026-07-11T20:24,0x45,594,2.8854,-666.35
2026-07-11T20:25,0x44,595,2.5305,478.58
2026-07-11T20:25,0x45,595,2.8831,-666.44
2026-07-11T20:26,0x44,594,2.5366,478.09
2026-07-11T20:26,0x45,594,2.8735,-666.23
2026-07-11T20:27,0x44,595,2.5287,478.05
2026-07-11T20:27,0x45,595,2.8836,-666.14
2026-07-11T20:28,0x44,594,2.5321,478.5
2026-07-11T20:28,0x45,594,2.8785,-666.24
2026-07-11T20:29,0x44,594,2.5142,478.63
2026-07-11T20:29,0x45,594,2.8658,-665.91
2026-07-11T20:30,0x44,595,2.5148,478.44
2026-07-11T20:30,0x45,595,2.8674,-665.88
2026-07-11T20:31,0x44,594,2.488,475.87
2026-07-11T20:31,0x45,594,2.844,-662.17
2026-07-11T20:32,0x44,594,2.4631,480.33
2026-07-11T20:32,0x45,594,2.8408,-668.14
2026-07-11T20:33,0x44,595,2.4741,498.43
2026-07-11T20:33,0x45,595,2.8456,-692.58
2026-07-11T20:34,0x44,594,2.4802,500.81
2026-07-11T20:34,0x45,594,2.8516,-695.81
2026-07-11T20:35,0x44,595,2.476,502.4
2026-07-11T20:35,0x45,595,2.8402,-698.91
2026-07-11T20:36,0x44,594,2.3964,503.46
2026-07-11T20:36,0x45,594,2.8504,-700.77
2026-07-11T20:37,0x44,594,2.3804,502.84
2026-07-11T20:37,0x45,594,2.8534,-700.5
2026-07-11T20:38,0x44,595,2.3895,502.26
2026-07-11T20:38,0x45,595,2.8537,-701.11
2026-07-11T20:39,0x44,594,2.3867,502.59
2026-07-11T20:39,0x45,594,2.8543,-700.82
2026-07-11T20:40,0x44,595,2.3959,502.49
2026-07-11T20:40,0x45,595,2.8465,-700.83
2026-07-11T20:41,0x44,594,2.3899,502.97
2026-07-11T20:41,0x45,594,2.8499,-701.03
2026-07-11T20:42,0x44,594,2.3991,503.45
2026-07-11T20:42,0x45,594,2.8488,-701.55
2026-07-11T20:43,0x44,595,2.3911,503.33
2026-07-11T20:43,0x45,595,2.854,-701.64
2026-07-11T20:44,0x44,594,2.4101,503.45
2026-07-11T20:44,0x45,594,2.835,-701.55
2026-07-11T20:45,0x44,594,2.3939,503.3
2026-07-11T20:45,0x45,594,2.8516,-701.35
2026-07-11T20:46,0x44,595,2.3932,503.29
2026-07-11T20:46,0x45,595,2.8573,-701.44
2026-07-11T20:47,0x44,594,2.3908,503.17
2026-07-11T20:47,0x45,594,2.8544,-701.5
2026-07-11T20:48,0x44,595,2.3926,503.11
2026-07-11T20:48,0x45,595,2.8547,-701.17
2026-07-11T20:49,0x44,594,2.3908,502.93
2026-07-11T20:49,0x45,594,2.8524,-701.02
2026-07-11T20:50,0x44,594,2.3868,503.38
2026-07-11T20:50,0x45,594,2.852,-701.17
2026-07-11T20:51,0x44,595,2.3937,503.16
2026-07-11T20:51,0x45,595,2.8522,-701.36
2026-07-11T20:52,0x44,594,2.4183,503.14
2026-07-11T20:52,0x45,594,2.8436,-701.29
2026-07-11T20:53,0x44,594,2.4041,503.2
2026-07-11T20:53,0x45,594,2.8438,-701.62
2026-07-11T20:54,0x44,595,2.3995,503.34
2026-07-11T20:54,0x45,595,2.846,-701.58
2026-07-11T20:55,0x44,594,2.3953,503.43
2026-07-11T20:55,0x45,594,2.8458,-701.65
2026-07-11T20:56,0x44,595,2.3961,503.34
2026-07-11T20:56,0x45,595,2.8543,-701.88
2026-07-11T20:57,0x44,594,2.3912,503.55
2026-07-11T20:57,0x45,594,2.8477,-702.09
2026-07-11T20:58,0x44,594,2.3975,503.28
2026-07-11T20:58,0x45,594,2.8469,-702.03
2026-07-11T20:59,0x44,595,2.3958,503.36
2026-07-11T20:59,0x45,595,2.8427,-701.94
2026-07-11T21:00,0x44,594,2.4056,503.29
2026-07-11T21:00,0x45,594,2.8424,-701.89
2026-07-11T21:01,0x44,595,2.3898,503.42
2026-07-11T21:01,0x45,595,2.8506,-701.89
2026-07-11T21:02,0x44,594,2.3935,503.41
2026-07-11T21:02,0x45,594,2.8482,-701.99
2026-07-11T21:03,0x44,594,2.3903,503.57
2026-07-11T21:03,0x45,594,2.8458,-701.69
2026-07-11T21:04,0x44,595,2.3921,503.29
2026-07-11T21:04,0x45,595,2.8537,-701.91
2026-07-11T21:05,0x44,594,2.376,503.65
2026-07-11T21:05,0x45,594,2.8552,-702.05
2026-07-11T21:06,0x44,595,2.3878,503.48
2026-07-11T21:06,0x45,594,2.8554,-702.01
2026-07-11T21:07,0x45,595,2.8421,-701.83
2026-07-11T21:07,0x44,594,2.3991,503.4
2026-07-11T21:08,0x44,594,2.3881,503.5
2026-07-11T21:08,0x45,594,2.8503,-701.94
2026-07-11T21:09,0x44,595,2.387,503.37
2026-07-11T21:09,0x45,595,2.854,-701.71
2026-07-11T21:10,0x44,594,2.3826,503.48
2026-07-11T21:10,0x45,594,2.8584,-701.44
2026-07-11T21:11,0x44,594,2.3979,503.26
2026-07-11T21:11,0x45,594,2.8462,-701.46
2026-07-11T21:12,0x44,595,2.3877,503.44
2026-07-11T21:12,0x45,595,2.8509,-701.32
2026-07-11T21:13,0x44,594,2.3935,503.33
2026-07-11T21:13,0x45,594,2.8476,-701.41
2026-07-11T21:14,0x44,595,2.3885,503.42
2026-07-11T21:14,0x45,595,2.8502,-701.39
2026-07-11T21:15,0x44,594,2.3982,502.93
2026-07-11T21:15,0x45,594,2.8473,-701.45
2026-07-11T21:16,0x44,594,2.3969,502.5
2026-07-11T21:16,0x45,594,2.8509,-701.21
2026-07-11T21:17,0x44,595,2.3983,502.46
2026-07-11T21:17,0x45,595,2.844,-701.33
2026-07-11T21:18,0x44,594,2.4059,506.64
2026-07-11T21:18,0x45,594,2.8372,-706.54
2026-07-11T21:19,0x44,595,2.4059,509.53
2026-07-11T21:19,0x45,595,2.8437,-710.64
2026-07-11T21:20,0x44,594,2.4106,508.33
2026-07-11T21:20,0x45,594,2.834,-709.44
2026-07-11T21:21,0x44,594,2.4089,508.18
2026-07-11T21:21,0x45,594,2.8404,-709.19
2026-07-11T21:22,0x44,595,2.409,508.32
2026-07-11T21:22,0x45,595,2.8366,-708.91
2026-07-11T21:23,0x44,594,2.4043,507.89
2026-07-11T21:23,0x45,594,2.8419,-708.51
2026-07-11T21:24,0x44,594,2.3969,507.52
2026-07-11T21:24,0x45,594,2.8429,-707.64
2026-07-11T21:25,0x44,595,2.4081,507.26
2026-07-11T21:25,0x45,595,2.8381,-707.54
2026-07-11T21:26,0x44,594,2.4071,506.57
2026-07-11T21:26,0x45,594,2.8435,-707.14
2026-07-11T21:27,0x44,595,2.4078,506.48
2026-07-11T21:27,0x45,595,2.8419,-706.59
2026-07-11T21:28,0x44,594,2.3961,506.11
2026-07-11T21:28,0x45,594,2.8491,-706.37
2026-07-11T21:29,0x44,594,2.3935,505.66
2026-07-11T21:29,0x45,594,2.8465,-705.83
2026-07-11T21:30,0x44,595,2.3974,504.92
2026-07-11T21:30,0x45,595,2.8455,-704.63
2026-07-11T21:31,0x44,594,2.3853,504.21
2026-07-11T21:31,0x45,594,2.8504,-703.42
2026-07-11T21:32,0x44,595,2.3943,503.36
2026-07-11T21:32,0x45,594,2.8498,-703.02
2026-07-11T21:33,0x45,595,2.842,-702.94
2026-07-11T21:33,0x44,594,2.3981,503.4
2026-07-11T21:34,0x44,594,2.4043,503.3
2026-07-11T21:34,0x45,594,2.8451,-702.53
2026-07-11T21:35,0x44,595,2.398,503.53
2026-07-11T21:35,0x45,595,2.8435,-702.31
2026-07-11T21:36,0x44,594,2.3939,503.3
2026-07-11T21:36,0x45,594,2.8474,-702.21
2026-07-11T21:37,0x44,594,2.3836,503.46
2026-07-11T21:37,0x45,594,2.8497,-702.19
2026-07-11T21:38,0x44,595,2.398,503.39
2026-07-11T21:38,0x45,595,2.844,-702.29
2026-07-11T21:39,0x44,594,2.4064,503.27
2026-07-11T21:39,0x45,594,2.8361,-702.28
2026-07-11T21:40,0x44,595,2.4053,502.79
2026-07-11T21:40,0x45,595,2.8459,-702.02
2026-07-11T21:41,0x44,594,2.3848,502.65
2026-07-11T21:41,0x45,594,2.8426,-701.64
2026-07-11T21:42,0x44,594,2.3958,502.3
2026-07-11T21:42,0x45,594,2.8451,-701.44
2026-07-11T21:43,0x44,595,2.3967,502.51
2026-07-11T21:43,0x45,595,2.8423,-701.28
2026-07-11T21:44,0x44,594,2.3986,502.48
2026-07-11T21:44,0x45,594,2.835,-701.39
2026-07-11T21:45,0x44,595,2.4057,502.22
2026-07-11T21:45,0x45,595,2.8353,-701.34
2026-07-11T21:46,0x44,594,2.4026,502.34
2026-07-11T21:46,0x45,594,2.8343,-701.47
2026-07-11T21:47,0x44,594,2.4023,502.32
2026-07-11T21:47,0x45,594,2.83,-701.4
2026-07-11T21:48,0x44,595,2.3849,502.44
2026-07-11T21:48,0x45,595,2.8452,-701.29
2026-07-11T21:49,0x44,594,2.3794,502.65
2026-07-11T21:49,0x45,594,2.8461,-701.16
2026-07-11T21:50,0x44,595,2.4026,502.27
2026-07-11T21:50,0x45,595,2.8344,-701.19
2026-07-11T21:51,0x44,594,2.4007,501.96
2026-07-11T21:51,0x45,594,2.8302,-701.18
2026-07-11T21:52,0x44,595,2.3956,502.19
2026-07-11T21:52,0x45,595,2.8437,-701.24
2026-07-11T21:53,0x44,594,2.3871,502.41
2026-07-11T21:53,0x45,594,2.8472,-701.29
2026-07-11T21:54,0x44,595,2.3946,502.38
2026-07-11T21:54,0x45,595,2.8393,-701.2
2026-07-11T21:55,0x44,594,2.4089,502.08
2026-07-11T21:55,0x45,594,2.8305,-701.38
2026-07-11T21:56,0x44,595,2.3896,502.35
2026-07-11T21:56,0x45,594,2.8459,-701.6
2026-07-11T21:57,0x45,595,2.8391,-701.57
2026-07-11T21:57,0x44,594,2.3975,502.27
2026-07-11T21:58,0x44,594,2.3829,502.34
2026-07-11T21:58,0x45,594,2.847,-701.48
2026-07-11T21:59,0x44,595,2.4034,501.81
2026-07-11T21:59,0x45,595,2.8309,-701.33
2026-07-11T22:00,0x44,594,2.3966,501.69
2026-07-11T22:00,0x45,594,2.8398,-701.2
2026-07-11T22:01,0x44,595,2.3944,501.72
2026-07-11T22:01,0x45,595,2.8376,-701.24
2026-07-11T22:02,0x44,594,2.3892,501.48
2026-07-11T22:02,0x45,594,2.8407,-701.31
2026-07-11T22:03,0x44,595,2.3956,501.44
2026-07-11T22:03,0x45,595,2.8384,-701.15
2026-07-11T22:04,0x44,594,2.394,501.34
2026-07-11T22:04,0x45,594,2.8412,-701.05
2026-07-11T22:05,0x44,594,2.3882,501.36
2026-07-11T22:05,0x45,594,2.8435,-701.0
2026-07-11T22:06,0x44,595,2.3897,501.43
2026-07-11T22:06,0x45,595,2.8401,-701.49
2026-07-11T22:07,0x44,594,2.3941,501.39
2026-07-11T22:07,0x45,594,2.8352,-701.03
2026-07-11T22:08,0x44,595,2.3718,501.58
2026-07-11T22:08,0x45,595,2.849,-700.89
2026-07-11T22:09,0x44,594,2.4032,501.2
2026-07-11T22:09,0x45,594,2.8328,-701.26
2026-07-11T22:10,0x44,595,2.3932,501.22
2026-07-11T22:10,0x45,595,2.8377,-701.05
2026-07-11T22:11,0x44,594,2.3962,501.01
2026-07-11T22:11,0x45,594,2.8342,-700.44
2026-07-11T22:12,0x44,594,2.3847,500.95
2026-07-11T22:12,0x45,594,2.844,-700.35
2026-07-11T22:13,0x44,595,2.3863,501.15
2026-07-11T22:13,0x45,595,2.8417,-700.47
2026-07-11T22:14,0x44,594,2.3895,501.02
2026-07-11T22:14,0x45,594,2.8418,-700.34
2026-07-11T22:15,0x44,595,2.3944,501.01
2026-07-11T22:15,0x45,595,2.8343,-700.46
2026-07-11T22:16,0x44,594,2.3925,500.74
2026-07-11T22:16,0x45,594,2.8376,-700.37
2026-07-11T22:17,0x44,595,2.3908,500.51
2026-07-11T22:17,0x45,595,2.8405,-700.41
2026-07-11T22:18,0x44,594,2.3987,500.35
2026-07-11T22:18,0x45,594,2.8332,-699.93
2026-07-11T22:19,0x44,594,2.3999,500.4
2026-07-11T22:19,0x45,594,2.8312,-699.86
2026-07-11T22:20,0x44,595,2.3827,500.49
2026-07-11T22:20,0x45,595,2.8391,-699.98
2026-07-11T22:21,0x44,594,2.3908,500.39
2026-07-11T22:21,0x45,594,2.8371,-700.17
2026-07-11T22:22,0x44,595,2.4018,500.32
2026-07-11T22:22,0x45,595,2.8324,-700.28
2026-07-11T22:23,0x44,594,2.3946,500.25
2026-07-11T22:23,0x45,594,2.8373,-699.95
2026-07-11T22:24,0x44,594,2.3925,500.39
2026-07-11T22:24,0x45,594,2.8363,-699.7
2026-07-11T22:25,0x44,594,2.4024,500.29
2026-07-11T22:25,0x45,594,2.8276,-699.72
2026-07-11T22:26,0x44,594,2.3876,500.32
2026-07-11T22:26,0x45,594,2.8411,-699.46
2026-07-11T22:27,0x44,594,2.3877,500.12
2026-07-11T22:27,0x45,594,2.8413,-699.36
2026-07-11T22:28,0x44,595,2.3861,500.37
2026-07-11T22:28,0x45,595,2.8333,-699.38
2026-07-11T22:29,0x44,594,2.395,500.42
2026-07-11T22:29,0x45,594,2.839,-699.52
2026-07-11T22:30,0x44,594,2.391,500.39
2026-07-11T22:30,0x45,594,2.8351,-699.57
2026-07-11T22:31,0x44,594,2.4053,500.33
2026-07-11T22:31,0x45,594,2.824,-699.83
2026-07-11T22:32,0x44,595,2.3954,500.16
2026-07-11T22:32,0x45,595,2.8379,-700.11
2026-07-11T22:33,0x44,594,2.395,500.28
2026-07-11T22:33,0x45,594,2.8384,-700.11
2026-07-11T22:34,0x44,594,2.387,500.3
2026-07-11T22:34,0x45,594,2.8422,-700.3
2026-07-11T22:35,0x44,595,2.3886,500.4
2026-07-11T22:35,0x45,595,2.8399,-700.31
2026-07-11T22:36,0x44,594,2.3892,500.42
2026-07-11T22:36,0x45,594,2.8374,-700.42
2026-07-11T22:37,0x44,594,2.3887,500.46
2026-07-11T22:37,0x45,594,2.8426,-700.3
2026-07-11T22:38,0x44,595,2.384,500.4
2026-07-11T22:38,0x45,595,2.8406,-700.39
2026-07-11T22:39,0x44,594,2.3828,500.53
2026-07-11T22:39,0x45,594,2.8417,-700.32
2026-07-11T22:40,0x44,594,2.3988,500.32
2026-07-11T22:40,0x45,594,2.8388,-700.47
2026-07-11T22:41,0x44,595,2.4129,500.18
2026-07-11T22:41,0x45,595,2.8244,-700.57
2026-07-11T22:42,0x44,594,2.388,500.32
2026-07-11T22:42,0x45,594,2.8321,-700.48
2026-07-11T22:43,0x44,595,2.3975,499.98
2026-07-11T22:43,0x45,595,2.8321,-700.52
2026-07-11T22:44,0x44,594,2.3882,499.75
2026-07-11T22:44,0x45,594,2.8378,-700.35
2026-07-11T22:45,0x44,595,2.3978,499.55
2026-07-11T22:45,0x45,595,2.8275,-700.46
2026-07-11T22:46,0x44,594,2.3996,499.43
2026-07-11T22:46,0x45,594,2.8301,-700.58
2026-07-11T22:47,0x44,595,2.3898,499.45
2026-07-11T22:47,0x45,595,2.8353,-700.54
2026-07-11T22:48,0x44,594,2.3974,499.44
2026-07-11T22:48,0x45,594,2.8294,-700.54
2026-07-11T22:49,0x44,594,2.3774,499.53
2026-07-11T22:49,0x45,594,2.8432,-700.79
2026-07-11T22:50,0x44,595,2.391,499.39
2026-07-11T22:50,0x45,595,2.8309,-700.75
2026-07-11T22:51,0x44,594,2.4254,499.25
2026-07-11T22:51,0x45,594,2.8106,-700.87
2026-07-11T22:52,0x44,594,2.3982,499.25
2026-07-11T22:52,0x45,594,2.8313,-700.81
2026-07-11T22:53,0x44,595,2.3842,499.44
2026-07-11T22:53,0x45,595,2.8316,-700.74
2026-07-11T22:54,0x44,594,2.3882,499.43
2026-07-11T22:54,0x45,594,2.8338,-700.78
2026-07-11T22:55,0x44,595,2.3851,499.58
2026-07-11T22:55,0x45,595,2.8263,-700.86
2026-07-11T22:56,0x44,594,2.3941,499.4
2026-07-11T22:56,0x45,594,2.8197,-700.82
2026-07-11T22:57,0x44,594,2.3904,499.34
2026-07-11T22:57,0x45,594,2.8311,-700.66
2026-07-11T22:58,0x44,595,2.3824,499.39
2026-07-11T22:58,0x45,595,2.8306,-700.63
2026-07-11T22:59,0x44,594,2.3812,499.27
2026-07-11T22:59,0x45,594,2.8344,-700.58
2026-07-11T23:00,0x44,594,2.3957,499.13
2026-07-11T23:00,0x45,594,2.8258,-700.55
2026-07-11T23:01,0x44,595,2.3852,498.78
2026-07-11T23:01,0x45,595,2.835,-700.53
2026-07-11T23:02,0x44,594,2.3934,498.47
2026-07-11T23:02,0x45,594,2.8238,-700.56
2026-07-11T23:03,0x44,595,2.3959,498.46
2026-07-11T23:03,0x45,595,2.8205,-700.45
2026-07-11T23:04,0x44,594,2.3884,498.53
2026-07-11T23:04,0x45,594,2.8267,-700.39
2026-07-11T23:05,0x44,594,2.4057,498.24
2026-07-11T23:05,0x45,594,2.8152,-700.35
2026-07-11T23:06,0x44,595,2.3922,498.34
2026-07-11T23:06,0x45,595,2.8255,-700.31
2026-07-11T23:07,0x44,594,2.3902,498.28
2026-07-11T23:07,0x45,594,2.8214,-700.55
2026-07-11T23:08,0x44,594,2.3842,498.51
2026-07-11T23:08,0x45,594,2.8219,-700.67
2026-07-11T23:09,0x44,595,2.3962,498.53
2026-07-11T23:09,0x45,595,2.8161,-700.94
2026-07-11T23:10,0x44,594,2.3796,498.44
2026-07-11T23:10,0x45,594,2.8293,-700.54
2026-07-11T23:11,0x44,595,2.3835,498.46
2026-07-11T23:11,0x45,595,2.827,-700.58
2026-07-11T23:12,0x44,594,2.3964,498.17
2026-07-11T23:12,0x45,594,2.8231,-700.76
2026-07-11T23:13,0x44,594,2.3937,498.37
2026-07-11T23:13,0x45,594,2.8217,-700.62
2026-07-11T23:14,0x44,595,2.3815,498.39
2026-07-11T23:14,0x45,595,2.8287,-700.49
2026-07-11T23:15,0x44,594,2.3965,498.25
2026-07-11T23:15,0x45,594,2.8109,-700.55
2026-07-11T23:16,0x44,594,2.3915,498.33
2026-07-11T23:16,0x45,594,2.8196,-700.59
2026-07-11T23:17,0x44,595,2.3926,498.12
2026-07-11T23:17,0x45,595,2.812,-700.54
2026-07-11T23:18,0x44,594,2.3868,498.03
2026-07-11T23:18,0x45,594,2.8198,-700.53
2026-07-11T23:19,0x44,594,2.3933,497.43
2026-07-11T23:19,0x45,594,2.8195,-700.44
2026-07-11T23:20,0x44,595,2.3876,497.47
2026-07-11T23:20,0x45,595,2.8171,-700.44
2026-07-11T23:21,0x44,594,2.3802,497.48
2026-07-11T23:21,0x45,594,2.8244,-700.52
2026-07-11T23:22,0x44,595,2.3929,497.33
2026-07-11T23:22,0x45,595,2.8177,-700.3
2026-07-11T23:23,0x44,594,2.3912,497.32
2026-07-11T23:23,0x45,594,2.8197,-700.3
2026-07-11T23:24,0x44,594,2.3796,497.24
2026-07-11T23:24,0x45,594,2.8314,-700.25
2026-07-11T23:25,0x44,595,2.3798,497.5
2026-07-11T23:25,0x45,595,2.825,-700.25
2026-07-11T23:26,0x44,594,2.3803,497.44
2026-07-11T23:26,0x45,594,2.826,-700.52
2026-07-11T23:27,0x44,594,2.3793,497.32
2026-07-11T23:27,0x45,594,2.828,-700.41
2026-07-11T23:28,0x44,595,2.3986,497.29
2026-07-11T23:28,0x45,595,2.8108,-700.22
2026-07-11T23:29,0x44,594,2.3871,497.33
2026-07-11T23:29,0x45,594,2.8196,-700.26
2026-07-11T23:30,0x44,594,2.3825,497.3
2026-07-11T23:30,0x45,594,2.8228,-700.17
2026-07-11T23:31,0x44,595,2.3881,497.3
2026-07-11T23:31,0x45,595,2.8137,-700.28
2026-07-11T23:32,0x44,594,2.3956,497.08
2026-07-11T23:32,0x45,594,2.8205,-700.34
2026-07-11T23:33,0x44,595,2.3968,496.78
2026-07-11T23:33,0x45,595,2.8183,-700.19
2026-07-11T23:34,0x44,594,2.3741,496.72
2026-07-11T23:34,0x45,594,2.8242,-700.05
2026-07-11T23:35,0x44,594,2.3805,496.37
2026-07-11T23:35,0x45,594,2.8232,-699.97
2026-07-11T23:36,0x44,595,2.3835,496.44
2026-07-11T23:36,0x45,595,2.8181,-700.05
2026-07-11T23:37,0x44,594,2.3861,496.33
2026-07-11T23:37,0x45,594,2.8191,-700.05
2026-07-11T23:38,0x44,595,2.3704,496.83
2026-07-11T23:38,0x45,595,2.8163,-700.11
2026-07-11T23:39,0x44,594,2.3854,496.46
2026-07-11T23:39,0x45,594,2.8182,-700.23
2026-07-11T23:40,0x44,594,2.3801,496.39
2026-07-11T23:40,0x45,594,2.8222,-700.17
2026-07-11T23:41,0x44,595,2.3991,496.15
2026-07-11T23:41,0x45,595,2.8153,-700.3
2026-07-11T23:42,0x44,594,2.3933,496.23
2026-07-11T23:42,0x45,594,2.8154,-700.2
2026-07-11T23:43,0x44,595,2.3935,496.33
2026-07-11T23:43,0x45,595,2.8123,-700.29
2026-07-11T23:44,0x44,594,2.4014,496.35
2026-07-11T23:44,0x45,594,2.8045,-700.33
2026-07-11T23:45,0x44,594,2.3829,496.47
2026-07-11T23:45,0x45,594,2.8154,-700.37
2026-07-11T23:46,0x44,595,2.3873,496.32
2026-07-11T23:46,0x45,595,2.8223,-700.28
2026-07-11T23:47,0x44,594,2.3975,496.12
2026-07-11T23:47,0x45,594,2.8125,-700.29
2026-07-11T23:48,0x44,595,2.383,496.39
2026-07-11T23:48,0x45,595,2.816,-700.3
2026-07-11T23:49,0x44,594,2.3873,496.33
2026-07-11T23:49,0x45,594,2.8152,-700.45
2026-07-11T23:50,0x44,594,2.3883,496.31
2026-07-11T23:50,0x45,594,2.8207,-700.23
2026-07-11T23:51,0x44,595,2.4024,496.25
2026-07-11T23:51,0x45,595,2.8145,-700.48
2026-07-11T23:52,0x44,594,2.3923,496.23
2026-07-11T23:52,0x45,594,2.815,-700.29
2026-07-11T23:53,0x44,594,2.3922,496.34
2026-07-11T23:53,0x45,594,2.8093,-700.4
2026-07-11T23:54,0x44,595,2.3875,496.38
2026-07-11T23:54,0x45,595,2.8172,-700.23
2026-07-11T23:55,0x44,594,2.3804,496.46
2026-07-11T23:55,0x45,594,2.8141,-700.21
2026-07-11T23:56,0x44,595,2.3805,496.32
2026-07-11T23:56,0x45,595,2.8229,-700.34
2026-07-11T23:57,0x44,594,2.3877,496.32
2026-07-11T23:57,0x45,594,2.8106,-700.41
2026-07-11T23:58,0x44,594,2.3832,496.39
2026-07-11T23:58,0x45,594,2.8171,-700.53
2026-07-11T23:59,0x44,595,2.38,496.43
2026-07-11T23:59,0x45,595,2.8162,-700.7
2026-07-12T00:00,0x44,594,2.3854,496.39
2026-07-12T00:00,0x45,594,2.8167,-700.75
2026-07-12T00:01,0x44,594,2.3872,496.45
2026-07-12T00:01,0x45,594,2.8141,-700.9
2026-07-12T00:02,0x44,595,2.3809,496.46
2026-07-12T00:02,0x45,595,2.8162,-701.0
2026-07-12T00:03,0x44,594,2.3879,496.48
2026-07-12T00:03,0x45,594,2.8126,-701.1
2026-07-12T00:04,0x44,595,2.3834,496.39
2026-07-12T00:04,0x45,594,2.8151,-701.09
2026-07-12T00:05,0x45,595,2.8157,-701.04
2026-07-12T00:05,0x44,594,2.3873,496.27
2026-07-12T00:06,0x44,594,2.3841,496.27
2026-07-12T00:06,0x45,594,2.8135,-701.21
2026-07-12T00:07,0x44,595,2.4017,496.26
2026-07-12T00:07,0x45,595,2.8052,-700.97
2026-07-12T00:08,0x44,594,2.3808,496.38
2026-07-12T00:08,0x45,594,2.8149,-701.12
2026-07-12T00:09,0x44,595,2.3843,496.33
2026-07-12T00:09,0x45,595,2.8182,-701.17
2026-07-12T00:10,0x44,594,2.3926,496.26
2026-07-12T00:10,0x45,594,2.8118,-701.06
2026-07-12T00:11,0x44,595,2.3947,496.29
2026-07-12T00:11,0x45,595,2.8117,-701.28
2026-07-12T00:12,0x44,594,2.3885,496.32
2026-07-12T00:12,0x45,594,2.8106,-701.25
2026-07-12T00:13,0x44,594,2.3786,496.39
2026-07-12T00:13,0x45,594,2.82,-701.32
2026-07-12T00:14,0x44,595,2.385,496.31
2026-07-12T00:14,0x45,595,2.8162,-701.54
2026-07-12T00:15,0x44,594,2.3794,496.47
2026-07-12T00:15,0x45,594,2.816,-701.44
2026-07-12T00:16,0x44,595,2.4119,496.25
2026-07-12T00:16,0x45,595,2.795,-701.48
2026-07-12T00:17,0x44,594,2.3833,496.23
2026-07-12T00:17,0x45,594,2.8182,-701.31
2026-07-12T00:18,0x44,595,2.3877,496.38
2026-07-12T00:18,0x45,595,2.8101,-701.24
2026-07-12T00:19,0x44,594,2.3691,496.59
2026-07-12T00:19,0x45,594,2.822,-701.19
2026-07-12T00:20,0x44,594,2.3835,496.4
2026-07-12T00:20,0x45,594,2.814,-701.18
2026-07-12T00:21,0x44,595,2.3875,496.21
2026-07-12T00:21,0x45,595,2.8107,-701.28
2026-07-12T00:22,0x44,594,2.3847,496.46
2026-07-12T00:22,0x45,594,2.8115,-701.28
2026-07-12T00:23,0x44,595,2.3897,496.31
2026-07-12T00:23,0x45,595,2.8074,-701.2
2026-07-12T00:24,0x44,594,2.3796,496.39
2026-07-12T00:24,0x45,594,2.815,-701.24
2026-07-12T00:25,0x44,594,2.3823,496.37
2026-07-12T00:25,0x45,594,2.8161,-701.28
2026-07-12T00:26,0x44,595,2.3855,496.26
2026-07-12T00:26,0x45,595,2.8136,-701.26
2026-07-12T00:27,0x44,594,2.3954,496.25
2026-07-12T00:27,0x45,594,2.8028,-701.17
2026-07-12T00:28,0x44,595,2.3801,496.33
2026-07-12T00:28,0x45,595,2.8088,-701.13
2026-07-12T00:29,0x44,594,2.3829,496.17
2026-07-12T00:29,0x45,594,2.8116,-700.96
2026-07-12T00:30,0x44,594,2.3814,496.31
2026-07-12T00:30,0x45,594,2.817,-701.13
2026-07-12T00:31,0x44,595,2.3892,496.27
2026-07-12T00:31,0x45,595,2.8166,-701.16
2026-07-12T00:32,0x44,594,2.3795,496.12
2026-07-12T00:32,0x45,594,2.8157,-701.08
2026-07-12T00:33,0x44,595,2.3979,496.31
2026-07-12T00:33,0x45,595,2.8019,-701.1
2026-07-12T00:34,0x44,594,2.3734,496.51
2026-07-12T00:34,0x45,594,2.8165,-701.19
2026-07-12T00:35,0x44,594,2.3827,496.41
2026-07-12T00:35,0x45,594,2.8108,-701.32
2026-07-12T00:36,0x44,595,2.3835,496.29
2026-07-12T00:36,0x45,595,2.8108,-701.34
2026-07-12T00:37,0x44,594,2.3861,496.38
2026-07-12T00:37,0x45,594,2.8075,-701.16
2026-07-12T00:38,0x44,595,2.3832,496.33
2026-07-12T00:38,0x45,595,2.8116,-701.22
2026-07-12T00:39,0x44,594,2.3952,496.0
2026-07-12T00:39,0x45,594,2.807,-701.13
2026-07-12T00:40,0x44,594,2.3803,495.72
2026-07-12T00:40,0x45,594,2.8119,-700.8
2026-07-12T00:41,0x44,595,2.3917,495.4
2026-07-12T00:41,0x45,595,2.8083,-700.94
2026-07-12T00:42,0x44,594,2.3923,495.2
2026-07-12T00:42,0x45,594,2.8067,-700.71
2026-07-12T00:43,0x44,594,2.3918,495.31
2026-07-12T00:43,0x45,594,2.81,-700.72
2026-07-12T00:44,0x44,595,2.3849,495.25
2026-07-12T00:44,0x45,595,2.8151,-700.42
2026-07-12T00:45,0x44,594,2.3822,495.29
2026-07-12T00:45,0x45,594,2.8139,-700.42
2026-07-12T00:46,0x44,594,2.384,495.41
2026-07-12T00:46,0x45,594,2.8116,-700.3
2026-07-12T00:47,0x44,595,2.3925,495.32
2026-07-12T00:47,0x45,595,2.8093,-700.3
2026-07-12T00:48,0x44,594,2.3813,495.4
2026-07-12T00:48,0x45,594,2.8089,-700.18
2026-07-12T00:49,0x44,594,2.3957,495.33
2026-07-12T00:49,0x45,594,2.8038,-700.19
2026-07-12T00:50,0x44,595,2.3834,495.39
2026-07-12T00:50,0x45,595,2.8069,-699.89
2026-07-12T00:51,0x44,594,2.3863,495.15
2026-07-12T00:51,0x45,594,2.808,-699.96
2026-07-12T00:52,0x44,594,2.3827,495.0
2026-07-12T00:52,0x45,594,2.8033,-699.73
2026-07-12T00:53,0x44,595,2.3878,494.52
2026-07-12T00:53,0x45,595,2.8094,-699.59
2026-07-12T00:54,0x44,594,2.3918,494.15
2026-07-12T00:54,0x45,594,2.8099,-699.29
2026-07-12T00:55,0x44,594,2.3865,494.46
2026-07-12T00:55,0x45,594,2.8091,-699.45
2026-07-12T00:56,0x44,595,2.3854,494.37
2026-07-12T00:56,0x45,595,2.811,-699.74
2026-07-12T00:57,0x44,594,2.3773,494.56
2026-07-12T00:57,0x45,594,2.8071,-699.82
2026-07-12T00:58,0x44,594,2.3854,494.38
2026-07-12T00:58,0x45,594,2.8058,-699.79
2026-07-12T00:59,0x44,595,2.372,494.51
2026-07-12T00:59,0x45,595,2.8153,-699.63
2026-07-12T01:00,0x44,594,2.3869,494.31
2026-07-12T01:00,0x45,594,2.8132,-699.51
2026-07-12T01:01,0x44,594,2.3862,494.23
2026-07-12T01:01,0x45,594,2.813,-699.56
2026-07-12T01:02,0x44,595,2.3912,494.23
2026-07-12T01:02,0x45,595,2.8095,-699.57
2026-07-12T01:03,0x44,594,2.3827,494.39
2026-07-12T01:03,0x45,594,2.8128,-699.69
2026-07-12T01:04,0x44,594,2.3843,494.3
2026-07-12T01:04,0x45,594,2.8117,-699.6
2026-07-12T01:05,0x44,595,2.3891,494.31
2026-07-12T01:05,0x45,595,2.8116,-699.56
2026-07-12T01:06,0x44,594,2.3863,494.35
2026-07-12T01:06,0x45,594,2.8138,-699.58
2026-07-12T01:07,0x44,595,2.3915,494.28
2026-07-12T01:07,0x45,595,2.8044,-699.46
2026-07-12T01:08,0x44,594,2.3861,494.25
2026-07-12T01:08,0x45,594,2.8056,-699.4
2026-07-12T01:09,0x44,594,2.3884,494.3
2026-07-12T01:09,0x45,594,2.8079,-699.37
2026-07-12T01:10,0x44,595,2.3784,494.41
2026-07-12T01:10,0x45,595,2.8103,-699.35
2026-07-12T01:11,0x44,594,2.3807,494.39
2026-07-12T01:11,0x45,594,2.8115,-699.26
2026-07-12T01:12,0x44,594,2.3897,494.1
2026-07-12T01:12,0x45,594,2.8129,-699.25
2026-07-12T01:13,0x44,595,2.3737,494.35
2026-07-12T01:13,0x45,595,2.8177,-699.4
2026-07-12T01:14,0x44,594,2.3845,494.36
2026-07-12T01:14,0x45,594,2.8059,-699.34
2026-07-12T01:15,0x44,595,2.3782,494.42
2026-07-12T01:15,0x45,595,2.8078,-699.42
2026-07-12T01:16,0x44,594,2.3857,494.21
2026-07-12T01:16,0x45,594,2.8126,-699.56
2026-07-12T01:17,0x44,594,2.3748,494.3
2026-07-12T01:17,0x45,594,2.8166,-699.37
2026-07-12T01:18,0x44,595,2.3854,494.21
2026-07-12T01:18,0x45,595,2.8086,-699.31
2026-07-12T01:19,0x44,594,2.3847,494.29
2026-07-12T01:19,0x45,594,2.8158,-699.18
2026-07-12T01:20,0x44,594,2.3681,494.51
2026-07-12T01:20,0x45,594,2.8159,-699.05
2026-07-12T01:21,0x44,595,2.366,494.52
2026-07-12T01:21,0x45,595,2.8136,-698.84
2026-07-12T01:22,0x44,594,2.3808,494.22
2026-07-12T01:22,0x45,594,2.8112,-698.91
2026-07-12T01:23,0x44,595,2.3725,494.18
2026-07-12T01:23,0x45,595,2.813,-698.75
2026-07-12T01:24,0x44,594,2.3829,493.95
2026-07-12T01:24,0x45,594,2.8077,-698.59
2026-07-12T01:25,0x44,594,2.3967,494.11
2026-07-12T01:25,0x45,594,2.7973,-698.82
2026-07-12T01:26,0x44,595,2.4022,494.03
2026-07-12T01:26,0x45,595,2.7988,-699.03
2026-07-12T01:27,0x44,594,2.3787,494.15
2026-07-12T01:27,0x45,594,2.8157,-698.83
2026-07-12T01:28,0x44,595,2.3738,493.97
2026-07-12T01:28,0x45,594,2.8118,-698.91
2026-07-12T01:29,0x45,595,2.8086,-698.75
2026-07-12T01:29,0x44,594,2.3833,493.81
2026-07-12T01:30,0x44,594,2.3746,493.57
2026-07-12T01:30,0x45,594,2.8076,-698.7
2026-07-12T01:31,0x44,595,2.3856,493.2
2026-07-12T01:31,0x45,595,2.8082,-697.66
2026-07-12T01:32,0x44,594,2.3967,493.18
2026-07-12T01:32,0x45,594,2.7989,-698.06
2026-07-12T01:33,0x44,594,2.3865,493.28
2026-07-12T01:33,0x45,594,2.8022,-698.24
2026-07-12T01:34,0x44,595,2.3887,493.21
2026-07-12T01:34,0x45,595,2.8006,-697.75
2026-07-12T01:35,0x44,594,2.3791,493.14
2026-07-12T01:35,0x45,594,2.8138,-697.56
2026-07-12T01:36,0x44,594,2.3891,493.33
2026-07-12T01:36,0x45,594,2.8004,-697.69
2026-07-12T01:37,0x44,595,2.397,493.24
2026-07-12T01:37,0x45,595,2.7942,-697.7
2026-07-12T01:38,0x44,594,2.3829,493.14
2026-07-12T01:38,0x45,594,2.8045,-697.64
2026-07-12T01:39,0x44,595,2.3847,492.96
2026-07-12T01:39,0x45,595,2.8059,-697.42
2026-07-12T01:40,0x44,594,2.3895,493.07
2026-07-12T01:40,0x45,594,2.803,-697.52
2026-07-12T01:41,0x44,594,2.3969,493.13
2026-07-12T01:41,0x45,594,2.7962,-697.72
2026-07-12T01:42,0x44,595,2.3886,493.22
2026-07-12T01:42,0x45,595,2.8045,-697.53
2026-07-12T01:43,0x44,594,2.3825,493.18
2026-07-12T01:43,0x45,594,2.8055,-697.52
2026-07-12T01:44,0x44,595,2.3711,493.15
2026-07-12T01:44,0x45,595,2.8062,-697.43
2026-07-12T01:45,0x44,594,2.382,492.56
2026-07-12T01:45,0x45,594,2.8066,-697.22
2026-07-12T01:46,0x44,594,2.3938,492.33
2026-07-12T01:46,0x45,594,2.7912,-697.15
2026-07-12T01:47,0x44,595,2.3741,492.43
2026-07-12T01:47,0x45,595,2.8009,-696.82
2026-07-12T01:48,0x44,594,2.3872,492.28
2026-07-12T01:48,0x45,594,2.7952,-696.82
2026-07-12T01:49,0x44,594,2.3766,492.37
2026-07-12T01:49,0x45,594,2.8065,-696.96
2026-07-12T01:50,0x44,595,2.3754,492.45
2026-07-12T01:50,0x45,595,2.805,-696.86
2026-07-12T01:51,0x44,594,2.3831,492.34
2026-07-12T01:51,0x45,594,2.7995,-697.11
2026-07-12T01:52,0x44,594,2.3727,492.55
2026-07-12T01:52,0x45,594,2.8027,-696.91
2026-07-12T01:53,0x44,595,2.3706,492.55
2026-07-12T01:53,0x45,595,2.8104,-696.96
2026-07-12T01:54,0x44,594,2.3833,492.23
2026-07-12T01:54,0x45,594,2.806,-696.94
2026-07-12T01:55,0x44,594,2.3824,492.39
2026-07-12T01:55,0x45,594,2.7999,-696.66
2026-07-12T01:56,0x44,595,2.3857,492.28
2026-07-12T01:56,0x45,595,2.7977,-696.79
2026-07-12T01:57,0x44,594,2.3839,492.24
2026-07-12T01:57,0x45,594,2.8098,-696.8
2026-07-12T01:58,0x44,595,2.3777,492.36
2026-07-12T01:58,0x45,594,2.8048,-696.73
2026-07-12T01:59,0x45,595,2.8101,-696.76
2026-07-12T01:59,0x44,594,2.3716,492.4
2026-07-12T02:00,0x44,594,2.3777,492.39
2026-07-12T02:00,0x45,594,2.8001,-697.09
2026-07-12T02:01,0x44,595,2.3637,492.51
2026-07-12T02:01,0x45,595,2.8118,-696.93
2026-07-12T02:02,0x44,594,2.3715,492.44
2026-07-12T02:02,0x45,594,2.8091,-696.73
2026-07-12T02:03,0x44,594,2.3804,492.26
2026-07-12T02:03,0x45,594,2.8046,-696.69
2026-07-12T02:04,0x44,595,2.3774,492.25
2026-07-12T02:04,0x45,595,2.802,-696.46
2026-07-12T02:05,0x44,594,2.3804,492.16
2026-07-12T02:05,0x45,594,2.8033,-696.49
2026-07-12T02:06,0x44,594,2.4523,539.14
2026-07-12T02:06,0x45,594,2.7922,-765.78
2026-07-12T02:07,0x44,595,2.5617,590.64
2026-07-12T02:07,0x45,595,2.7753,-841.67
2026-07-12T02:08,0x44,594,2.5557,592.4
2026-07-12T02:08,0x45,594,2.7815,-845.23
2026-07-12T02:09,0x44,595,2.56,591.85
2026-07-12T02:09,0x45,595,2.7804,-844.19
2026-07-12T02:10,0x44,594,2.5732,593.49
2026-07-12T02:10,0x45,594,2.7706,-847.32
2026-07-12T02:11,0x44,594,2.54,589.57
2026-07-12T02:11,0x45,594,2.7789,-840.59
2026-07-12T02:12,0x44,595,2.5482,588.2
2026-07-12T02:12,0x45,595,2.7747,-837.0
2026-07-12T02:13,0x44,594,2.5429,588.59
2026-07-12T02:13,0x45,594,2.7837,-837.47
2026-07-12T02:14,0x44,594,2.5572,589.1
2026-07-12T02:14,0x45,594,2.7637,-838.28
2026-07-12T02:15,0x44,595,2.5578,589.2
2026-07-12T02:15,0x45,595,2.7716,-838.55
2026-07-12T02:16,0x44,594,2.5478,589.33
2026-07-12T02:16,0x45,594,2.7685,-838.45
2026-07-12T02:17,0x44,594,2.5656,589.16
2026-07-12T02:17,0x45,594,2.7597,-838.45
2026-07-12T02:18,0x44,595,2.549,589.16
2026-07-12T02:18,0x45,595,2.7795,-838.29
2026-07-12T02:19,0x44,594,2.5465,589.19
2026-07-12T02:19,0x45,594,2.7708,-838.35
2026-07-12T02:20,0x44,595,2.5649,588.95
2026-07-12T02:20,0x45,595,2.7679,-838.41
2026-07-12T02:21,0x44,594,2.56,588.26
2026-07-12T02:21,0x45,594,2.7662,-837.31
2026-07-12T02:22,0x44,594,2.5886,587.3
2026-07-12T02:22,0x45,594,2.7461,-835.73
2026-07-12T02:23,0x44,595,2.5907,587.42
2026-07-12T02:23,0x45,595,2.7492,-835.55
2026-07-12T02:24,0x44,594,2.5766,587.46
2026-07-12T02:24,0x45,594,2.7652,-835.39
2026-07-12T02:25,0x44,594,2.577,587.56
2026-07-12T02:25,0x45,594,2.767,-835.62
2026-07-12T02:26,0x44,595,2.5717,587.72
2026-07-12T02:26,0x45,595,2.7577,-835.6
2026-07-12T02:27,0x44,594,2.5701,588.26
2026-07-12T02:27,0x45,594,2.7634,-835.77
2026-07-12T02:28,0x44,595,2.5795,588.34
2026-07-12T02:28,0x45,595,2.7558,-835.96
2026-07-12T02:29,0x44,594,2.5752,588.31
2026-07-12T02:29,0x45,594,2.7626,-835.83
2026-07-12T02:30,0x44,594,2.5773,588.36
2026-07-12T02:30,0x45,594,2.7649,-835.84
2026-07-12T02:31,0x44,595,2.583,588.31
2026-07-12T02:31,0x45,595,2.7525,-835.72
2026-07-12T02:32,0x44,594,2.5825,588.2
2026-07-12T02:32,0x45,594,2.7587,-835.42
2026-07-12T02:33,0x44,594,2.5757,588.35
2026-07-12T02:33,0x45,594,2.7583,-835.47
2026-07-12T02:34,0x44,595,2.5861,588.24
2026-07-12T02:34,0x45,595,2.7546,-835.4
2026-07-12T02:35,0x44,594,2.5833,588.29
2026-07-12T02:35,0x45,594,2.7521,-835.41
2026-07-12T02:36,0x44,595,2.5799,588.35
2026-07-12T02:36,0x45,595,2.7562,-835.44
2026-07-12T02:37,0x44,594,2.5836,588.28
2026-07-12T02:37,0x45,594,2.7552,-835.43
2026-07-12T02:38,0x44,594,2.5721,588.38
2026-07-12T02:38,0x45,594,2.7645,-835.52
2026-07-12T02:39,0x44,595,2.5658,588.26
2026-07-12T02:39,0x45,595,2.7646,-834.95
2026-07-12T02:40,0x44,594,2.5679,588.41
2026-07-12T02:40,0x45,594,2.7658,-834.98
2026-07-12T02:41,0x44,595,2.5712,588.36
2026-07-12T02:41,0x45,594,2.7571,-835.24
2026-07-12T02:42,0x45,595,2.7638,-835.14
2026-07-12T02:42,0x44,594,2.5666,588.37
2026-07-12T02:43,0x44,594,2.5562,588.34
2026-07-12T02:43,0x45,594,2.7727,-835.16
2026-07-12T02:44,0x44,595,2.5598,588.22
2026-07-12T02:44,0x45,595,2.7718,-835.38
2026-07-12T02:45,0x44,594,2.5631,588.32
2026-07-12T02:45,0x45,594,2.7719,-835.41
2026-07-12T02:46,0x44,594,2.5821,588.41
2026-07-12T02:46,0x45,594,2.7525,-835.49
2026-07-12T02:47,0x44,595,2.5707,588.3
2026-07-12T02:47,0x45,595,2.7621,-835.54
2026-07-12T02:48,0x44,594,2.5585,588.44
2026-07-12T02:48,0x45,594,2.7677,-835.58
2026-07-12T02:49,0x44,595,2.5744,588.25
2026-07-12T02:49,0x45,595,2.7592,-835.6
2026-07-12T02:50,0x44,594,2.5639,588.26
2026-07-12T02:50,0x45,594,2.7649,-835.3
2026-07-12T02:51,0x44,594,2.5601,588.42
2026-07-12T02:51,0x45,594,2.7639,-835.16
2026-07-12T02:52,0x44,595,2.56,588.24
2026-07-12T02:52,0x45,595,2.7709,-834.83
2026-07-12T02:53,0x44,594,2.5566,588.33
2026-07-12T02:53,0x45,594,2.7759,-834.97
2026-07-12T02:54,0x44,594,2.5638,588.28
2026-07-12T02:54,0x45,594,2.7725,-834.99
2026-07-12T02:55,0x44,595,2.5572,588.33
2026-07-12T02:55,0x45,595,2.7733,-835.67
2026-07-12T02:56,0x44,594,2.5615,588.32
2026-07-12T02:56,0x45,594,2.7683,-835.03
2026-07-12T02:57,0x44,595,2.5594,588.37
2026-07-12T02:57,0x45,595,2.7735,-834.78
2026-07-12T02:58,0x44,594,2.5599,588.29
2026-07-12T02:58,0x45,594,2.7733,-834.58
2026-07-12T02:59,0x44,594,2.5611,588.1
2026-07-12T02:59,0x45,594,2.7665,-834.47
2026-07-12T03:00,0x44,595,2.553,588.37
2026-07-12T03:00,0x45,595,2.7774,-834.64
2026-07-12T03:01,0x44,594,2.5643,588.2
2026-07-12T03:01,0x45,594,2.7727,-834.67
2026-07-12T03:02,0x44,595,2.5617,588.31
2026-07-12T03:02,0x45,595,2.7683,-834.63
2026-07-12T03:03,0x44,594,2.5602,588.24
2026-07-12T03:03,0x45,594,2.772,-834.92
2026-07-12T03:04,0x44,594,2.5686,588.13
2026-07-12T03:04,0x45,594,2.7608,-835.03
2026-07-12T03:05,0x44,595,2.5569,587.86
2026-07-12T03:05,0x45,595,2.7713,-834.59
2026-07-12T03:06,0x44,594,2.556,587.72
2026-07-12T03:06,0x45,594,2.7749,-834.52
2026-07-12T03:07,0x44,594,2.5496,587.89
2026-07-12T03:07,0x45,594,2.7685,-834.34
2026-07-12T03:08,0x44,595,2.5451,587.45
2026-07-12T03:08,0x45,595,2.7744,-833.89
2026-07-12T03:09,0x44,594,2.5377,587.6
2026-07-12T03:09,0x45,594,2.7803,-833.65
2026-07-12T03:10,0x44,595,2.5572,587.36
2026-07-12T03:10,0x45,595,2.7649,-833.78
2026-07-12T03:11,0x44,594,2.5403,587.54
2026-07-12T03:11,0x45,594,2.7765,-833.97
2026-07-12T03:12,0x44,594,2.5639,587.39
2026-07-12T03:12,0x45,594,2.7623,-833.86
2026-07-12T03:13,0x44,595,2.5481,587.3
2026-07-12T03:13,0x45,595,2.7781,-833.97
2026-07-12T03:14,0x44,594,2.5577,587.49
2026-07-12T03:14,0x45,594,2.7675,-834.03
2026-07-12T03:15,0x44,594,2.5644,587.48
2026-07-12T03:15,0x45,594,2.7628,-834.32
2026-07-12T03:16,0x44,595,2.556,587.42
2026-07-12T03:16,0x45,595,2.7733,-834.3
2026-07-12T03:17,0x44,594,2.5624,587.27
2026-07-12T03:17,0x45,594,2.7722,-834.25
2026-07-12T03:18,0x44,595,2.5677,587.37
2026-07-12T03:18,0x45,595,2.759,-833.92
2026-07-12T03:19,0x44,594,2.5606,587.31
2026-07-12T03:19,0x45,594,2.768,-834.02
2026-07-12T03:20,0x44,594,2.5555,587.44
2026-07-12T03:20,0x45,594,2.7708,-834.09
2026-07-12T03:21,0x44,595,2.5627,587.19
2026-07-12T03:21,0x45,595,2.7647,-833.74
2026-07-12T03:22,0x44,594,2.5551,587.44
2026-07-12T03:22,0x45,594,2.7768,-833.69
2026-07-12T03:23,0x44,594,2.55,587.45
2026-07-12T03:23,0x45,594,2.7705,-833.44
2026-07-12T03:24,0x44,595,2.5533,587.29
2026-07-12T03:24,0x45,595,2.7752,-833.27
2026-07-12T03:25,0x44,594,2.5589,586.4
2026-07-12T03:25,0x45,594,2.7696,-832.07
2026-07-12T03:26,0x44,594,2.5589,582.2
2026-07-12T03:26,0x45,594,2.772,-826.55
2026-07-12T03:27,0x44,595,2.5604,583.33
2026-07-12T03:27,0x45,595,2.7763,-828.28
2026-07-12T03:28,0x44,594,2.563,584.17
2026-07-12T03:28,0x45,594,2.7653,-829.28
2026-07-12T03:29,0x44,595,2.5723,584.1
2026-07-12T03:29,0x45,595,2.7635,-829.46
2026-07-12T03:30,0x44,594,2.56,583.18
2026-07-12T03:30,0x45,594,2.7731,-827.59
2026-07-12T03:31,0x44,594,2.5719,583.57
2026-07-12T03:31,0x45,594,2.7674,-828.46
2026-07-12T03:32,0x44,595,2.5618,584.08
2026-07-12T03:32,0x45,595,2.7738,-828.81
2026-07-12T03:33,0x44,594,2.5647,584.38
2026-07-12T03:33,0x45,594,2.7681,-829.12
2026-07-12T03:34,0x44,594,2.5634,584.38
2026-07-12T03:34,0x45,594,2.7643,-829.05
2026-07-12T03:35,0x44,595,2.5639,584.37
2026-07-12T03:35,0x45,595,2.7679,-829.1
2026-07-12T03:36,0x44,594,2.5632,584.48
2026-07-12T03:36,0x45,594,2.7726,-829.35
2026-07-12T03:37,0x44,595,2.5589,584.41
2026-07-12T03:37,0x45,595,2.7735,-829.22
2026-07-12T03:38,0x44,594,2.5674,584.46
2026-07-12T03:38,0x45,594,2.7668,-829.18
2026-07-12T03:39,0x44,594,2.5533,584.46
2026-07-12T03:39,0x45,594,2.7717,-828.84
2026-07-12T03:40,0x44,595,2.5597,584.22
2026-07-12T03:40,0x45,595,2.7669,-828.84
2026-07-12T03:41,0x44,594,2.5617,584.39
2026-07-12T03:41,0x45,594,2.7753,-829.09
2026-07-12T03:42,0x44,594,2.5699,584.36
2026-07-12T03:42,0x45,594,2.7658,-829.21
2026-07-12T03:43,0x44,595,2.5703,584.46
2026-07-12T03:43,0x45,595,2.7689,-829.29
2026-07-12T03:44,0x44,594,2.5625,584.04
2026-07-12T03:44,0x45,594,2.7714,-828.91
2026-07-12T03:45,0x44,595,2.5559,577.75
2026-07-12T03:45,0x45,595,2.7756,-819.78
2026-07-12T03:46,0x44,594,2.5604,577.45
2026-07-12T03:46,0x45,594,2.7622,-819.31
2026-07-12T03:47,0x44,594,2.5594,577.46
2026-07-12T03:47,0x45,594,2.7682,-819.52
2026-07-12T03:48,0x44,595,2.553,577.81
2026-07-12T03:48,0x45,595,2.7709,-819.9
2026-07-12T03:49,0x44,594,2.5635,577.95
2026-07-12T03:49,0x45,594,2.7584,-819.94
2026-07-12T03:50,0x44,594,2.5627,578.28
2026-07-12T03:50,0x45,594,2.7575,-820.53
2026-07-12T03:51,0x44,595,2.5544,578.27
2026-07-12T03:51,0x45,595,2.7668,-820.12
2026-07-12T03:52,0x44,594,2.5534,578.45
2026-07-12T03:52,0x45,594,2.7666,-820.14
2026-07-12T03:53,0x44,595,2.5539,578.42
2026-07-12T03:53,0x45,595,2.7632,-820.09
2026-07-12T03:54,0x44,594,2.553,578.31
2026-07-12T03:54,0x45,594,2.7711,-820.03
2026-07-12T03:55,0x44,594,2.5603,578.33
2026-07-12T03:55,0x45,594,2.759,-820.04
2026-07-12T03:56,0x44,595,2.5691,578.18
2026-07-12T03:56,0x45,595,2.7637,-819.88
2026-07-12T03:57,0x44,594,2.5644,578.22
2026-07-12T03:57,0x45,594,2.7598,-819.95
2026-07-12T03:58,0x44,594,2.566,578.13
2026-07-12T03:58,0x45,594,2.7602,-819.87
2026-07-12T03:59,0x44,595,2.5605,578.3
2026-07-12T03:59,0x45,595,2.7616,-819.99
2026-07-12T04:00,0x44,594,2.5568,578.27
2026-07-12T04:00,0x45,594,2.7694,-820.05
2026-07-12T04:01,0x44,595,2.5709,577.78
2026-07-12T04:01,0x45,595,2.7575,-819.66
2026-07-12T04:02,0x44,594,2.5529,578.14
2026-07-12T04:02,0x45,594,2.7662,-819.95
2026-07-12T04:03,0x44,594,2.5512,578.39
2026-07-12T04:03,0x45,594,2.765,-820.14
2026-07-12T04:04,0x44,595,2.5615,578.22
2026-07-12T04:04,0x45,595,2.7643,-820.22
2026-07-12T04:05,0x44,594,2.549,578.5
2026-07-12T04:05,0x45,594,2.7727,-820.34
2026-07-12T04:06,0x44,594,2.5413,578.48
2026-07-12T04:06,0x45,594,2.7658,-820.42
2026-07-12T04:07,0x44,595,2.5522,578.37
2026-07-12T04:07,0x45,595,2.7692,-820.51
2026-07-12T04:08,0x44,594,2.5623,578.6
2026-07-12T04:08,0x45,594,2.7547,-820.88
2026-07-12T04:09,0x44,595,2.5494,578.68
2026-07-12T04:09,0x45,595,2.7652,-820.8
2026-07-12T04:10,0x44,594,2.5468,578.53
2026-07-12T04:10,0x45,594,2.7657,-820.69
2026-07-12T04:11,0x44,594,2.5441,578.61
2026-07-12T04:11,0x45,594,2.7648,-821.08
2026-07-12T04:12,0x44,595,2.5502,578.76
2026-07-12T04:12,0x45,595,2.7675,-820.92
2026-07-12T04:13,0x44,594,2.5486,578.61
2026-07-12T04:13,0x45,594,2.7619,-820.7
2026-07-12T04:14,0x44,594,2.5542,572.97
2026-07-12T04:14,0x45,594,2.7576,-813.61
2026-07-12T04:15,0x44,595,2.5357,548.4
2026-07-12T04:15,0x45,595,2.7639,-780.85
2026-07-12T04:16,0x44,594,2.5361,549.85
2026-07-12T04:16,0x45,594,2.7624,-781.68
2026-07-12T04:17,0x44,595,2.5385,550.7
2026-07-12T04:17,0x45,595,2.761,-782.41
2026-07-12T04:18,0x44,594,2.5374,550.95
2026-07-12T04:18,0x45,594,2.7634,-782.46
2026-07-12T04:19,0x44,594,2.538,551.03
2026-07-12T04:19,0x45,594,2.7637,-782.19
2026-07-12T04:20,0x44,595,2.5326,551.24
2026-07-12T04:20,0x45,595,2.763,-781.97
2026-07-12T04:21,0x44,594,2.5316,551.18
2026-07-12T04:21,0x45,594,2.7703,-781.54
2026-07-12T04:22,0x44,595,2.5415,551.31
2026-07-12T04:22,0x45,595,2.7567,-782.03
2026-07-12T04:23,0x44,594,2.5294,552.02
2026-07-12T04:23,0x45,594,2.7684,-783.24
2026-07-12T04:24,0x44,594,2.5295,552.34
2026-07-12T04:24,0x45,594,2.7691,-783.51
2026-07-12T04:25,0x44,595,2.5295,552.42
2026-07-12T04:25,0x45,595,2.7634,-783.37
2026-07-12T04:26,0x44,594,2.5378,552.36
2026-07-12T04:26,0x45,594,2.7626,-783.93
2026-07-12T04:27,0x44,594,2.5378,552.46
2026-07-12T04:27,0x45,594,2.7581,-784.18
2026-07-12T04:28,0x44,595,2.5334,552.28
2026-07-12T04:28,0x45,595,2.7662,-784.48
2026-07-12T04:29,0x44,594,2.5432,552.16
2026-07-12T04:29,0x45,594,2.7553,-784.63
2026-07-12T04:30,0x44,595,2.5395,552.54
2026-07-12T04:30,0x45,595,2.7594,-785.06
2026-07-12T04:31,0x44,594,2.5408,553.0
2026-07-12T04:31,0x45,594,2.7545,-785.31
2026-07-12T04:32,0x44,594,2.5381,553.19
2026-07-12T04:32,0x45,594,2.7643,-785.64
2026-07-12T04:33,0x44,595,2.5312,553.18
2026-07-12T04:33,0x45,595,2.765,-785.59
2026-07-12T04:34,0x44,594,2.5254,553.47
2026-07-12T04:34,0x45,594,2.7691,-785.5
2026-07-12T04:35,0x44,594,2.5259,553.53
2026-07-12T04:35,0x45,594,2.7637,-785.93
2026-07-12T04:36,0x44,595,2.5324,553.49
2026-07-12T04:36,0x45,595,2.7636,-785.5
2026-07-12T04:37,0x44,594,2.5309,553.45
2026-07-12T04:37,0x45,594,2.7677,-785.52
2026-07-12T04:38,0x44,595,2.5311,553.41
2026-07-12T04:38,0x45,595,2.7631,-785.44
2026-07-12T04:39,0x44,594,2.5344,553.55
2026-07-12T04:39,0x45,594,2.7557,-785.79
2026-07-12T04:40,0x44,594,2.542,553.28
2026-07-12T04:40,0x45,594,2.7538,-785.74
2026-07-12T04:41,0x44,595,2.528,553.58
2026-07-12T04:41,0x45,595,2.7637,-786.03
2026-07-12T04:42,0x44,594,2.5277,553.56
2026-07-12T04:42,0x45,594,2.7653,-785.78
2026-07-12T04:43,0x44,594,2.534,553.26
2026-07-12T04:43,0x45,594,2.7655,-785.6
2026-07-12T04:44,0x44,595,2.5377,553.18
2026-07-12T04:44,0x45,595,2.7621,-785.52
2026-07-12T04:45,0x44,594,2.5415,553.12
2026-07-12T04:45,0x45,594,2.7573,-787.09
2026-07-12T04:46,0x44,595,2.5515,553.27
2026-07-12T04:46,0x45,595,2.7438,-787.23
2026-07-12T04:47,0x44,594,2.5334,553.32
2026-07-12T04:47,0x45,594,2.7615,-787.04
2026-07-12T04:48,0x44,594,2.5357,553.13
2026-07-12T04:48,0x45,594,2.7582,-786.99
2026-07-12T04:49,0x44,595,2.5312,553.32
2026-07-12T04:49,0x45,595,2.7592,-787.13
2026-07-12T04:50,0x44,594,2.5354,553.38
2026-07-12T04:50,0x45,594,2.748,-787.25
2026-07-12T04:51,0x44,594,2.5343,553.26
2026-07-12T04:51,0x45,594,2.7587,-787.05
2026-07-12T04:52,0x44,595,2.5293,553.29
2026-07-12T04:52,0x45,595,2.7552,-787.21
2026-07-12T04:53,0x44,594,2.5558,553.15
2026-07-12T04:53,0x45,594,2.7407,-787.23
2026-07-12T04:54,0x44,594,2.535,553.24
2026-07-12T04:54,0x45,594,2.759,-787.22
2026-07-12T04:55,0x44,595,2.5314,553.37
2026-07-12T04:55,0x45,595,2.7578,-787.05
2026-07-12T04:56,0x44,594,2.5286,549.26
2026-07-12T04:56,0x45,594,2.7576,-781.45
2026-07-12T04:57,0x44,595,2.519,550.53
2026-07-12T04:57,0x45,595,2.7622,-783.1
2026-07-12T04:58,0x44,594,2.5264,551.27
2026-07-12T04:58,0x45,594,2.76,-784.31
2026-07-12T04:59,0x44,594,2.5237,551.82
2026-07-12T04:59,0x45,594,2.7602,-785.05
2026-07-12T05:00,0x44,595,2.5392,551.12
2026-07-12T05:00,0x45,595,2.7443,-787.49
2026-07-12T05:01,0x44,594,2.5655,550.78
2026-07-12T05:01,0x45,594,2.7242,-788.48
2026-07-12T05:02,0x44,595,2.5582,551.36
2026-07-12T05:02,0x45,595,2.731,-788.95
2026-07-12T05:03,0x44,594,2.5473,551.67
2026-07-12T05:03,0x45,594,2.7434,-789.1
2026-07-12T05:04,0x44,594,2.5531,551.81
2026-07-12T05:04,0x45,594,2.7285,-789.22
2026-07-12T05:05,0x44,595,2.5606,552.04
2026-07-12T05:05,0x45,595,2.7276,-789.76
2026-07-12T05:06,0x44,594,2.5514,552.13
2026-07-12T05:06,0x45,594,2.743,-789.83
2026-07-12T05:07,0x44,594,2.5615,552.21
2026-07-12T05:07,0x45,594,2.7328,-789.99
2026-07-12T05:08,0x44,595,2.5552,552.31
2026-07-12T05:08,0x45,595,2.7332,-790.18
2026-07-12T05:09,0x44,594,2.5602,552.37
2026-07-12T05:09,0x45,594,2.7293,-790.15
2026-07-12T05:10,0x44,595,2.5601,552.3
2026-07-12T05:10,0x45,595,2.7328,-789.88
2026-07-12T05:11,0x44,594,2.5575,552.48
2026-07-12T05:11,0x45,594,2.7386,-789.95
2026-07-12T05:12,0x44,594,2.5555,552.38
2026-07-12T05:12,0x45,594,2.7333,-790.1
2026-07-12T05:13,0x44,595,2.5561,552.08
2026-07-12T05:13,0x45,595,2.7341,-789.49
2026-07-12T05:14,0x44,594,2.5573,552.55
2026-07-12T05:14,0x45,594,2.7351,-790.28
2026-07-12T05:15,0x44,594,2.5454,554.86
2026-07-12T05:15,0x45,594,2.7361,-793.34
2026-07-12T05:16,0x44,595,2.5531,555.49
2026-07-12T05:16,0x45,595,2.7374,-794.68
2026-07-12T05:17,0x44,594,2.5564,555.9
2026-07-12T05:17,0x45,594,2.7315,-795.06
2026-07-12T05:18,0x44,595,2.5558,553.94
2026-07-12T05:18,0x45,595,2.735,-792.46
2026-07-12T05:19,0x44,594,2.5457,554.68
2026-07-12T05:19,0x45,594,2.7351,-793.19
2026-07-12T05:20,0x44,594,2.5515,555.31
2026-07-12T05:20,0x45,594,2.7368,-794.07
2026-07-12T05:21,0x44,595,2.5575,555.25
2026-07-12T05:21,0x45,595,2.7375,-794.28
2026-07-12T05:22,0x44,594,2.5494,554.99
2026-07-12T05:22,0x45,594,2.7377,-793.81
2026-07-12T05:23,0x44,595,2.5377,555.31
2026-07-12T05:23,0x45,595,2.7462,-794.09
2026-07-12T05:24,0x44,594,2.5576,555.25
2026-07-12T05:24,0x45,594,2.7357,-794.13
2026-07-12T05:25,0x44,594,2.549,555.5
2026-07-12T05:25,0x45,594,2.7337,-794.24
2026-07-12T05:26,0x44,595,2.5515,555.38
2026-07-12T05:26,0x45,595,2.737,-794.3
2026-07-12T05:27,0x44,594,2.5568,555.29
2026-07-12T05:27,0x45,594,2.7332,-794.3
2026-07-12T05:28,0x44,595,2.5438,555.39
2026-07-12T05:28,0x45,595,2.7383,-794.19
2026-07-12T05:29,0x44,594,2.5394,555.47
2026-07-12T05:29,0x45,594,2.7378,-794.27
2026-07-12T05:30,0x44,594,2.5454,555.49
2026-07-12T05:30,0x45,594,2.7388,-794.22
2026-07-12T05:31,0x44,595,2.5482,555.34
2026-07-12T05:31,0x45,595,2.7338,-794.29
2026-07-12T05:32,0x44,594,2.5584,555.29
2026-07-12T05:32,0x45,594,2.733,-794.28
2026-07-12T05:33,0x44,594,2.5536,555.36
2026-07-12T05:33,0x45,594,2.7255,-794.29
2026-07-12T05:34,0x44,595,2.5431,555.45
2026-07-12T05:34,0x45,595,2.7406,-794.21
2026-07-12T05:35,0x44,594,2.5525,555.53
2026-07-12T05:35,0x45,594,2.7387,-794.32
2026-07-12T05:36,0x44,595,2.5475,555.48
2026-07-12T05:36,0x45,595,2.7335,-794.53
2026-07-12T05:37,0x44,594,2.5424,555.67
2026-07-12T05:37,0x45,594,2.7398,-794.71
2026-07-12T05:38,0x44,594,2.5368,555.72
2026-07-12T05:38,0x45,594,2.7453,-794.64
2026-07-12T05:39,0x44,595,2.5486,555.53
2026-07-12T05:39,0x45,595,2.7364,-794.69
2026-07-12T05:40,0x44,594,2.551,555.46
2026-07-12T05:40,0x45,594,2.7335,-794.64
2026-07-12T05:41,0x44,595,2.563,555.16
2026-07-12T05:41,0x45,594,2.7411,-794.62
2026-07-12T05:42,0x45,595,2.7386,-790.74
2026-07-12T05:42,0x44,594,2.5724,552.46
2026-07-12T05:43,0x44,594,2.5689,552.07
2026-07-12T05:43,0x45,594,2.7372,-790.05
2026-07-12T05:44,0x44,595,2.554,552.71
2026-07-12T05:44,0x45,595,2.7406,-790.46
2026-07-12T05:45,0x44,594,2.5632,552.96
2026-07-12T05:45,0x45,594,2.7301,-791.18
2026-07-12T05:46,0x44,594,2.5681,553.15
2026-07-12T05:46,0x45,594,2.7305,-791.3
2026-07-12T05:47,0x44,595,2.574,553.27
2026-07-12T05:47,0x45,595,2.725,-791.52
2026-07-12T05:48,0x44,594,2.5589,553.48
2026-07-12T05:48,0x45,594,2.7338,-791.86
2026-07-12T05:49,0x44,594,2.5523,553.64
2026-07-12T05:49,0x45,594,2.7387,-792.12
2026-07-12T05:50,0x44,595,2.5677,553.78
2026-07-12T05:50,0x45,595,2.7297,-792.17
2026-07-12T05:51,0x44,594,2.5616,553.93
2026-07-12T05:51,0x45,594,2.7316,-792.38
2026-07-12T05:52,0x44,595,2.5614,553.91
2026-07-12T05:52,0x45,594,2.7383,-792.4
2026-07-12T05:53,0x45,595,2.737,-792.37
2026-07-12T05:53,0x44,594,2.5601,553.95
2026-07-12T05:54,0x44,594,2.5602,553.95
2026-07-12T05:54,0x45,594,2.7289,-792.37
2026-07-12T05:55,0x44,595,2.5614,553.93
2026-07-12T05:55,0x45,595,2.735,-792.68
2026-07-12T05:56,0x44,594,2.5597,553.95
2026-07-12T05:56,0x45,594,2.7376,-792.78
2026-07-12T05:57,0x44,594,2.5543,553.98
2026-07-12T05:57,0x45,594,2.7335,-792.82
2026-07-12T05:58,0x44,595,2.5574,554.01
2026-07-12T05:58,0x45,595,2.7345,-792.85
2026-07-12T05:59,0x44,594,2.5694,553.95
2026-07-12T05:59,0x45,594,2.7318,-792.98
2026-07-12T06:00,0x44,594,2.5621,553.97
2026-07-12T06:00,0x45,594,2.7355,-792.9
2026-07-12T06:01,0x44,595,2.5654,553.96
2026-07-12T06:01,0x45,595,2.7246,-792.95
2026-07-12T06:02,0x44,594,2.5667,553.96
2026-07-12T06:02,0x45,594,2.7324,-793.11
2026-07-12T06:03,0x44,595,2.5592,554.03
2026-07-12T06:03,0x45,594,2.7274,-792.99
2026-07-12T06:04,0x45,595,2.7304,-793.19
2026-07-12T06:04,0x44,594,2.5582,554.0
2026-07-12T06:05,0x44,594,2.5548,554.13
2026-07-12T06:05,0x45,594,2.7407,-793.17
2026-07-12T06:06,0x44,595,2.5648,554.23
2026-07-12T06:06,0x45,595,2.7285,-793.28
2026-07-12T06:07,0x44,594,2.5598,554.32
2026-07-12T06:07,0x45,594,2.7306,-793.09
2026-07-12T06:08,0x44,594,2.5622,554.34
2026-07-12T06:08,0x45,594,2.7275,-793.14
2026-07-12T06:09,0x44,595,2.5566,554.25
2026-07-12T06:09,0x45,595,2.7383,-793.1
2026-07-12T06:10,0x44,594,2.5648,554.21
2026-07-12T06:10,0x45,594,2.7299,-793.29
2026-07-12T06:11,0x44,594,2.5371,554.46
2026-07-12T06:11,0x45,594,2.7333,-793.06
2026-07-12T06:12,0x44,595,2.5388,554.47
2026-07-12T06:12,0x45,595,2.7304,-793.12
2026-07-12T06:13,0x44,594,2.5368,554.38
2026-07-12T06:13,0x45,594,2.7313,-793.13
2026-07-12T06:14,0x44,595,2.5362,554.29
2026-07-12T06:14,0x45,595,2.7363,-793.03
2026-07-12T06:15,0x44,594,2.5385,554.5
2026-07-12T06:15,0x45,594,2.7332,-793.02
2026-07-12T06:16,0x44,594,2.5366,554.32
2026-07-12T06:16,0x45,594,2.7331,-792.92
2026-07-12T06:17,0x44,595,2.538,554.06
2026-07-12T06:17,0x45,595,2.7359,-792.82
2026-07-12T06:18,0x44,594,2.5434,554.19
2026-07-12T06:18,0x45,594,2.7353,-792.87
2026-07-12T06:19,0x44,595,2.534,554.16
2026-07-12T06:19,0x45,594,2.7411,-792.78
2026-07-12T06:20,0x45,595,2.7371,-792.86
2026-07-12T06:20,0x44,594,2.5312,554.3
2026-07-12T06:21,0x44,594,2.5384,554.04
2026-07-12T06:21,0x45,594,2.7373,-792.93
2026-07-12T06:22,0x44,595,2.5273,554.37
2026-07-12T06:22,0x45,595,2.7364,-792.84
2026-07-12T06:23,0x44,594,2.5322,554.45
2026-07-12T06:23,0x45,594,2.7291,-793.14
2026-07-12T06:24,0x44,594,2.5356,554.4
2026-07-12T06:24,0x45,594,2.733,-793.18
2026-07-12T06:25,0x44,595,2.5403,554.16
2026-07-12T06:25,0x45,595,2.7349,-792.84
2026-07-12T06:26,0x44,594,2.5196,554.1
2026-07-12T06:26,0x45,594,2.736,-792.8
2026-07-12T06:27,0x44,595,2.533,553.94
2026-07-12T06:27,0x45,595,2.7273,-792.63
2026-07-12T06:28,0x44,594,2.5484,553.85
2026-07-12T06:28,0x45,594,2.7297,-792.72
2026-07-12T06:29,0x44,594,2.5429,553.8
2026-07-12T06:29,0x45,594,2.7282,-792.54
2026-07-12T06:30,0x44,595,2.5346,553.75
2026-07-12T06:30,0x45,595,2.7356,-792.78
2026-07-12T06:31,0x44,594,2.5492,553.74
2026-07-12T06:31,0x45,594,2.7311,-792.74
2026-07-12T06:32,0x44,595,2.5463,553.54
2026-07-12T06:32,0x45,595,2.7313,-792.52
2026-07-12T06:33,0x44,594,2.5471,553.43
2026-07-12T06:33,0x45,594,2.7186,-792.43
2026-07-12T06:34,0x44,594,2.5486,553.44
2026-07-12T06:34,0x45,594,2.7254,-792.25
2026-07-12T06:35,0x44,595,2.548,553.37
2026-07-12T06:35,0x45,595,2.7256,-792.16
2026-07-12T06:36,0x44,594,2.5442,553.28
2026-07-12T06:36,0x45,594,2.7268,-792.27
2026-07-12T06:37,0x44,594,2.5551,553.15
2026-07-12T06:37,0x45,594,2.7257,-792.22
2026-07-12T06:38,0x44,595,2.5535,553.09
2026-07-12T06:38,0x45,595,2.7215,-791.94
2026-07-12T06:39,0x44,594,2.5435,553.18
2026-07-12T06:39,0x45,594,2.7309,-792.1
2026-07-12T06:40,0x44,595,2.5408,553.14
2026-07-12T06:40,0x45,595,2.7306,-792.0
2026-07-12T06:41,0x44,594,2.5479,552.97
2026-07-12T06:41,0x45,594,2.7301,-791.97
2026-07-12T06:42,0x44,594,2.546,552.97
2026-07-12T06:42,0x45,594,2.7313,-791.84
2026-07-12T06:43,0x44,595,2.5445,552.99
2026-07-12T06:43,0x45,595,2.7188,-792.13
2026-07-12T06:44,0x44,594,2.5539,552.92
2026-07-12T06:44,0x45,594,2.717,-792.14
2026-07-12T06:45,0x44,594,2.5411,553.03
2026-07-12T06:45,0x45,594,2.7339,-792.26
2026-07-12T06:46,0x44,595,2.5391,553.0
2026-07-12T06:46,0x45,595,2.7282,-792.18
2026-07-12T06:47,0x44,594,2.542,552.93
2026-07-12T06:47,0x45,594,2.732,-792.15
2026-07-12T06:48,0x44,595,2.5496,552.86
2026-07-12T06:48,0x45,595,2.7219,-792.03
2026-07-12T06:49,0x44,594,2.5398,552.88
2026-07-12T06:49,0x45,594,2.7293,-791.89
2026-07-12T06:50,0x44,594,2.5416,552.86
2026-07-12T06:50,0x45,594,2.7268,-791.86
2026-07-12T06:51,0x44,595,2.541,552.81
2026-07-12T06:51,0x45,595,2.7348,-791.9
2026-07-12T06:52,0x44,594,2.5473,552.78
2026-07-12T06:52,0x45,594,2.7248,-791.98
2026-07-12T06:53,0x44,594,2.5503,552.56
2026-07-12T06:53,0x45,594,2.7275,-791.77
2026-07-12T06:54,0x44,595,2.5412,552.45
2026-07-12T06:54,0x45,595,2.7276,-791.66
2026-07-12T06:55,0x44,594,2.5446,552.36
2026-07-12T06:55,0x45,594,2.726,-791.61
2026-07-12T06:56,0x44,595,2.5422,552.33
2026-07-12T06:56,0x45,595,2.7312,-791.66
2026-07-12T06:57,0x44,594,2.54,552.25
2026-07-12T06:57,0x45,594,2.7301,-791.41
2026-07-12T06:58,0x44,594,2.5511,552.36
2026-07-12T06:58,0x45,594,2.7088,-791.59
2026-07-12T06:59,0x44,595,2.5439,552.36
2026-07-12T06:59,0x45,595,2.7248,-791.31
2026-07-12T07:00,0x44,594,2.5329,552.57
2026-07-12T07:00,0x45,594,2.7295,-791.35
2026-07-12T07:01,0x44,595,2.5504,552.4
2026-07-12T07:01,0x45,595,2.7186,-791.41
2026-07-12T07:02,0x44,594,2.5317,552.36
2026-07-12T07:02,0x45,594,2.7371,-791.25
2026-07-12T07:03,0x44,594,2.5359,552.26
2026-07-12T07:03,0x45,594,2.734,-791.21
2026-07-12T07:04,0x44,595,2.5346,552.39
2026-07-12T07:04,0x45,595,2.7318,-791.21
2026-07-12T07:05,0x44,594,2.5405,552.28
2026-07-12T07:05,0x45,594,2.7304,-791.16
2026-07-12T07:06,0x44,594,2.5439,552.24
2026-07-12T07:06,0x45,594,2.7186,-791.28
2026-07-12T07:07,0x44,595,2.5434,552.22
2026-07-12T07:07,0x45,595,2.7209,-791.24
2026-07-12T07:08,0x44,594,2.5473,552.11
2026-07-12T07:08,0x45,594,2.7233,-791.12
2026-07-12T07:09,0x44,595,2.5352,552.21
2026-07-12T07:09,0x45,595,2.7295,-791.14
2026-07-12T07:10,0x44,594,2.5399,552.19
2026-07-12T07:10,0x45,594,2.7298,-791.22
2026-07-12T07:11,0x44,594,2.5448,551.96
2026-07-12T07:11,0x45,594,2.718,-791.28
2026-07-12T07:12,0x44,595,2.5304,552.0
2026-07-12T07:12,0x45,595,2.7304,-791.08
2026-07-12T07:13,0x44,594,2.5473,551.92
2026-07-12T07:13,0x45,594,2.7267,-791.16
2026-07-12T07:14,0x44,595,2.5529,551.85
2026-07-12T07:14,0x45,595,2.7225,-791.12
2026-07-12T07:15,0x44,594,2.5341,551.94
2026-07-12T07:15,0x45,594,2.7255,-791.17
2026-07-12T07:16,0x44,594,2.5568,551.88
2026-07-12T07:16,0x45,594,2.7149,-791.24
2026-07-12T07:17,0x44,595,2.5514,551.85
2026-07-12T07:17,0x45,595,2.7207,-791.19
2026-07-12T07:18,0x44,594,2.5474,551.84
2026-07-12T07:18,0x45,594,2.7274,-791.09
2026-07-12T07:19,0x44,594,2.5404,551.89
2026-07-12T07:19,0x45,594,2.721,-791.11
2026-07-12T07:20,0x44,595,2.5426,551.87
2026-07-12T07:20,0x45,595,2.7219,-791.15
2026-07-12T07:21,0x44,594,2.5398,551.8
2026-07-12T07:21,0x45,594,2.7208,-791.12
2026-07-12T07:22,0x44,595,2.5371,551.61
2026-07-12T07:22,0x45,595,2.7329,-791.07
2026-07-12T07:23,0x44,594,2.5422,551.41
2026-07-12T07:23,0x45,594,2.7268,-790.87
2026-07-12T07:24,0x44,594,2.5328,551.58
2026-07-12T07:24,0x45,594,2.7303,-791.07
2026-07-12T07:25,0x44,595,2.5375,551.62
2026-07-12T07:25,0x45,595,2.7269,-791.09
2026-07-12T07:26,0x44,594,2.541,551.62
2026-07-12T07:26,0x45,594,2.7264,-791.26
2026-07-12T07:27,0x44,594,2.546,551.59
2026-07-12T07:27,0x45,594,2.7171,-791.16
2026-07-12T07:28,0x44,595,2.5366,551.56
2026-07-12T07:28,0x45,595,2.7236,-791.17
2026-07-12T07:29,0x44,594,2.5372,551.34
2026-07-12T07:29,0x45,594,2.7277,-791.07
2026-07-12T07:30,0x44,595,2.5334,551.41
2026-07-12T07:30,0x45,595,2.7349,-791.08
2026-07-12T07:31,0x44,594,2.5386,551.35
2026-07-12T07:31,0x45,594,2.7174,-791.11
2026-07-12T07:32,0x44,595,2.5365,551.34
2026-07-12T07:32,0x45,595,2.7302,-791.02
2026-07-12T07:33,0x44,594,2.5357,551.41
2026-07-12T07:33,0x45,594,2.7258,-790.99
2026-07-12T07:34,0x44,594,2.5341,551.39
2026-07-12T07:34,0x45,594,2.7299,-790.99
2026-07-12T07:35,0x44,595,2.521,551.55
2026-07-12T07:35,0x45,595,2.738,-791.11
2026-07-12T07:36,0x44,594,2.5433,551.44
2026-07-12T07:36,0x45,594,2.7187,-791.23
2026-07-12T07:37,0x44,595,2.5352,551.31
2026-07-12T07:37,0x45,595,2.7261,-791.07
2026-07-12T07:38,0x44,594,2.5287,551.51
2026-07-12T07:38,0x45,594,2.7263,-791.15
2026-07-12T07:39,0x44,595,2.541,551.37
2026-07-12T07:39,0x45,595,2.7182,-791.19
2026-07-12T07:40,0x44,594,2.5407,551.35
2026-07-12T07:40,0x45,594,2.7237,-791.2
2026-07-12T07:41,0x44,594,2.5445,551.37
2026-07-12T07:41,0x45,594,2.7172,-791.32
2026-07-12T07:42,0x44,595,2.5352,551.38
2026-07-12T07:42,0x45,595,2.7221,-791.25
2026-07-12T07:43,0x44,594,2.5407,551.39
2026-07-12T07:43,0x45,594,2.7232,-791.39
2026-07-12T07:44,0x44,595,2.5419,551.26
2026-07-12T07:44,0x45,595,2.7187,-791.28
2026-07-12T07:45,0x44,594,2.5301,551.32
2026-07-12T07:45,0x45,594,2.725,-791.15
2026-07-12T07:46,0x44,594,2.5279,551.44
2026-07-12T07:46,0x45,594,2.7254,-791.4
2026-07-12T07:47,0x44,595,2.5449,551.35
2026-07-12T07:47,0x45,595,2.7169,-791.41
2026-07-12T07:48,0x44,594,2.5393,551.32
2026-07-12T07:48,0x45,594,2.7166,-791.28
2026-07-12T07:49,0x44,595,2.5425,551.23
2026-07-12T07:49,0x45,595,2.7228,-791.42
2026-07-12T07:50,0x44,594,2.533,551.15
2026-07-12T07:50,0x45,594,2.7278,-791.34
2026-07-12T07:51,0x44,594,2.5361,551.24
2026-07-12T07:51,0x45,594,2.7226,-791.55
2026-07-12T07:52,0x44,595,2.5498,551.18
2026-07-12T07:52,0x45,595,2.7206,-791.63
2026-07-12T07:53,0x44,594,2.5413,550.96
2026-07-12T07:53,0x45,594,2.7228,-791.47
2026-07-12T07:54,0x44,595,2.5542,550.93
2026-07-12T07:54,0x45,595,2.7198,-791.47
2026-07-12T07:55,0x44,594,2.5291,550.95
2026-07-12T07:55,0x45,594,2.7278,-791.45
2026-07-12T07:56,0x44,594,2.5408,550.92
2026-07-12T07:56,0x45,594,2.7221,-791.43
2026-07-12T07:57,0x44,595,2.5447,550.9
2026-07-12T07:57,0x45,595,2.7153,-791.43
2026-07-12T07:58,0x44,594,2.5373,550.92
2026-07-12T07:58,0x45,594,2.7253,-791.54
2026-07-12T07:59,0x44,595,2.5442,550.87
2026-07-12T07:59,0x45,595,2.7096,-791.63
2026-07-12T08:00,0x44,594,2.5382,550.85
2026-07-12T08:00,0x45,594,2.7166,-791.69
2026-07-12T08:01,0x44,594,2.5405,550.82
2026-07-12T08:01,0x45,594,2.7153,-791.79
2026-07-12T08:02,0x44,595,2.5311,550.84
2026-07-12T08:02,0x45,595,2.7259,-791.65
2026-07-12T08:03,0x44,594,2.5381,550.77
2026-07-12T08:03,0x45,594,2.7192,-791.73
2026-07-12T08:04,0x44,595,2.5322,550.74
2026-07-12T08:04,0x45,595,2.7188,-791.81
2026-07-12T08:05,0x44,594,2.5486,550.55
2026-07-12T08:05,0x45,594,2.7111,-791.74
2026-07-12T08:06,0x44,594,2.5371,550.47
2026-07-12T08:06,0x45,594,2.7194,-791.64
2026-07-12T08:07,0x44,595,2.5303,550.49
2026-07-12T08:07,0x45,595,2.7242,-791.61
2026-07-12T08:08,0x44,594,2.54,550.41
2026-07-12T08:08,0x45,594,2.7169,-791.76
2026-07-12T08:09,0x44,595,2.5476,550.31
2026-07-12T08:09,0x45,595,2.7115,-791.72
2026-07-12T08:10,0x44,594,2.5335,550.48
2026-07-12T08:10,0x45,594,2.7206,-791.52
2026-07-12T08:11,0x44,594,2.5263,550.6
2026-07-12T08:11,0x45,594,2.7162,-791.62
2026-07-12T08:12,0x44,595,2.5452,550.3
2026-07-12T08:12,0x45,595,2.7105,-791.84
2026-07-12T08:13,0x44,594,2.5353,550.33
2026-07-12T08:13,0x45,594,2.7175,-791.8
2026-07-12T08:14,0x44,595,2.5281,550.48
2026-07-12T08:14,0x45,595,2.7179,-791.86
2026-07-12T08:15,0x44,594,2.526,550.56
2026-07-12T08:15,0x45,594,2.725,-792.01
2026-07-12T08:16,0x44,594,2.5259,550.6
2026-07-12T08:16,0x45,594,2.7177,-791.92
2026-07-12T08:17,0x44,595,2.5415,550.32
2026-07-12T08:17,0x45,595,2.7154,-792.05
2026-07-12T08:18,0x44,594,2.5372,550.27
2026-07-12T08:18,0x45,594,2.7156,-792.01
2026-07-12T08:19,0x44,595,2.543,550.34
2026-07-12T08:19,0x45,595,2.7139,-792.11
2026-07-12T08:20,0x44,594,2.5387,550.35
2026-07-12T08:20,0x45,594,2.7148,-792.2
2026-07-12T08:21,0x44,594,2.534,550.26
2026-07-12T08:21,0x45,594,2.7181,-792.4
2026-07-12T08:22,0x44,594,2.5322,550.32
2026-07-12T08:22,0x45,594,2.723,-792.5
2026-07-12T08:23,0x44,595,2.5272,550.33
2026-07-12T08:23,0x45,595,2.7204,-792.35
2026-07-12T08:24,0x44,594,2.5316,550.27
2026-07-12T08:24,0x45,594,2.715,-792.21
2026-07-12T08:25,0x44,594,2.5341,550.33
2026-07-12T08:25,0x45,594,2.7128,-792.23
2026-07-12T08:26,0x44,594,2.5364,550.13
2026-07-12T08:26,0x45,594,2.7134,-792.13
2026-07-12T08:27,0x44,595,2.5278,550.22
2026-07-12T08:27,0x45,595,2.7168,-792.19
2026-07-12T08:28,0x44,594,2.5307,550.02
2026-07-12T08:28,0x45,594,2.7215,-792.25
2026-07-12T08:29,0x44,594,2.5322,549.97
2026-07-12T08:29,0x45,594,2.715,-792.26
2026-07-12T08:30,0x44,594,2.5348,549.98
2026-07-12T08:30,0x45,594,2.7213,-792.44
2026-07-12T08:31,0x44,595,2.5287,549.97
2026-07-12T08:31,0x45,595,2.7128,-792.35
2026-07-12T08:32,0x44,594,2.5347,549.94
2026-07-12T08:32,0x45,594,2.718,-792.32
2026-07-12T08:33,0x44,594,2.5321,549.94
2026-07-12T08:33,0x45,594,2.7193,-792.27
2026-07-12T08:34,0x44,595,2.5318,549.92
2026-07-12T08:34,0x45,595,2.7104,-792.31
2026-07-12T08:35,0x44,594,2.5337,549.91
2026-07-12T08:35,0x45,594,2.7128,-792.44
2026-07-12T08:36,0x44,594,2.5312,549.92
2026-07-12T08:36,0x45,594,2.7122,-792.57
2026-07-12T08:37,0x44,595,2.5402,549.81
2026-07-12T08:37,0x45,595,2.7125,-792.33
2026-07-12T08:38,0x44,594,2.5298,549.84
2026-07-12T08:38,0x45,594,2.716,-792.37
2026-07-12T08:39,0x44,595,2.5316,549.78
2026-07-12T08:39,0x45,595,2.7145,-792.32
2026-07-12T08:40,0x44,594,2.5415,549.68
2026-07-12T08:40,0x45,594,2.7045,-792.4
2026-07-12T08:41,0x44,595,2.5366,549.67
2026-07-12T08:41,0x45,595,2.7068,-792.55
2026-07-12T08:42,0x44,594,2.5293,549.64
2026-07-12T08:42,0x45,594,2.7098,-792.56
2026-07-12T08:43,0x44,594,2.5286,549.48
2026-07-12T08:43,0x45,594,2.7166,-792.54
2026-07-12T08:44,0x44,595,2.5183,549.54
2026-07-12T08:44,0x45,595,2.7089,-792.49
2026-07-12T08:45,0x44,594,2.5212,549.48
2026-07-12T08:45,0x45,594,2.7162,-792.59
2026-07-12T08:46,0x44,595,2.5271,549.52
2026-07-12T08:46,0x45,595,2.7128,-792.62
2026-07-12T08:47,0x44,594,2.5251,549.51
2026-07-12T08:47,0x45,594,2.7141,-792.73
2026-07-12T08:48,0x44,594,2.5322,549.35
2026-07-12T08:48,0x45,594,2.7142,-792.78
2026-07-12T08:49,0x44,595,2.531,549.54
2026-07-12T08:49,0x45,595,2.7094,-792.86
2026-07-12T08:50,0x44,594,2.5255,549.43
2026-07-12T08:50,0x45,594,2.7111,-793.12
2026-07-12T08:51,0x44,594,2.5246,549.55
2026-07-12T08:51,0x45,594,2.7079,-793.21
2026-07-12T08:52,0x44,595,2.5331,549.37
2026-07-12T08:52,0x45,595,2.7132,-793.19
2026-07-12T08:53,0x44,594,2.5208,549.58
2026-07-12T08:53,0x45,594,2.712,-793.46
2026-07-12T08:54,0x44,595,2.5301,549.31
2026-07-12T08:54,0x45,595,2.7049,-793.34
2026-07-12T08:55,0x44,594,2.5239,549.47
2026-07-12T08:55,0x45,594,2.71,-793.28
2026-07-12T08:56,0x44,595,2.5203,549.51
2026-07-12T08:56,0x45,595,2.7104,-794.22
2026-07-12T08:57,0x44,594,2.5305,549.45
2026-07-12T08:57,0x45,594,2.7033,-795.66
2026-07-12T08:58,0x44,595,2.521,549.53
2026-07-12T08:58,0x45,595,2.7064,-795.78
2026-07-12T08:59,0x44,594,2.5397,549.35
2026-07-12T08:59,0x45,594,2.6998,-796.09
2026-07-12T09:00,0x44,595,2.524,549.5
2026-07-12T09:00,0x45,595,2.7068,-796.2
2026-07-12T09:01,0x44,594,2.5339,549.27
2026-07-12T09:01,0x45,594,2.7032,-796.05
2026-07-12T09:02,0x44,595,2.5398,549.07
2026-07-12T09:02,0x45,595,2.6963,-795.96
2026-07-12T09:03,0x44,594,2.5287,548.98
2026-07-12T09:03,0x45,594,2.7031,-795.43
2026-07-12T09:04,0x44,595,2.5358,548.97
2026-07-12T09:04,0x45,595,2.706,-795.48
2026-07-12T09:05,0x44,594,2.5199,548.99
2026-07-12T09:05,0x45,594,2.7122,-793.45
2026-07-12T09:06,0x44,594,2.5204,549.04
2026-07-12T09:06,0x45,594,2.7146,-793.63
2026-07-12T09:07,0x44,595,2.5202,548.96
2026-07-12T09:07,0x45,595,2.713,-793.67
2026-07-12T09:08,0x44,594,2.5322,548.96
2026-07-12T09:08,0x45,594,2.7046,-793.84
2026-07-12T09:09,0x44,595,2.53,548.94
2026-07-12T09:09,0x45,595,2.7088,-793.8
2026-07-12T09:10,0x44,594,2.5289,548.94
2026-07-12T09:10,0x45,594,2.7029,-793.92
2026-07-12T09:11,0x44,594,2.5335,548.99
2026-07-12T09:11,0x45,594,2.6961,-794.16
2026-07-12T09:12,0x44,595,2.5284,548.93
2026-07-12T09:12,0x45,595,2.7039,-794.16
2026-07-12T09:13,0x44,594,2.5246,548.94
2026-07-12T09:13,0x45,594,2.7047,-794.14
2026-07-12T09:14,0x44,594,2.5234,548.95
2026-07-12T09:14,0x45,594,2.7103,-794.11
2026-07-12T09:15,0x44,594,2.5242,548.9
2026-07-12T09:15,0x45,594,2.7042,-794.19
2026-07-12T09:16,0x44,595,2.5253,548.88
2026-07-12T09:16,0x45,595,2.6988,-794.24
2026-07-12T09:17,0x44,594,2.5307,548.84
2026-07-12T09:17,0x45,594,2.6979,-794.3
2026-07-12T09:18,0x44,594,2.5266,548.87
2026-07-12T09:18,0x45,594,2.7063,-794.4
2026-07-12T09:19,0x44,595,2.5343,548.87
2026-07-12T09:19,0x45,595,2.7005,-794.47
2026-07-12T09:20,0x44,594,2.5271,548.84
2026-07-12T09:20,0x45,594,2.7067,-794.4
2026-07-12T09:21,0x44,594,2.5237,548.76
2026-07-12T09:21,0x45,594,2.703,-794.55
2026-07-12T09:22,0x44,594,2.5389,548.65
2026-07-12T09:22,0x45,594,2.6954,-794.59
2026-07-12T09:23,0x44,595,2.5345,548.58
2026-07-12T09:23,0x45,595,2.7057,-794.6
2026-07-12T09:24,0x44,594,2.5277,548.7
2026-07-12T09:24,0x45,594,2.6934,-794.88
2026-07-12T09:25,0x44,595,2.5177,548.66
2026-07-12T09:25,0x45,594,2.7072,-794.84
2026-07-12T09:26,0x45,595,2.6971,-794.95
2026-07-12T09:26,0x44,594,2.5332,548.55
2026-07-12T09:27,0x44,594,2.5303,548.52
2026-07-12T09:27,0x45,594,2.6999,-794.84
2026-07-12T09:28,0x44,595,2.5314,548.49
2026-07-12T09:28,0x45,595,2.6975,-794.82
2026-07-12T09:29,0x44,594,2.5238,548.25
2026-07-12T09:29,0x45,594,2.703,-794.77
2026-07-12T09:30,0x44,594,2.5327,548.45
2026-07-12T09:30,0x45,594,2.6883,-794.85
2026-07-12T09:31,0x44,595,2.5328,548.37
2026-07-12T09:31,0x45,595,2.7023,-794.82
2026-07-12T09:32,0x44,594,2.5304,548.34
2026-07-12T09:32,0x45,594,2.6963,-795.64
2026-07-12T09:33,0x44,594,2.5196,548.46
2026-07-12T09:33,0x45,594,2.6975,-795.63
2026-07-12T09:34,0x44,594,2.5283,548.36
2026-07-12T09:34,0x45,594,2.6936,-795.41
2026-07-12T09:35,0x44,595,2.5404,548.05
2026-07-12T09:35,0x45,595,2.6882,-795.15
2026-07-12T09:36,0x44,594,2.5268,548.16
2026-07-12T09:36,0x45,594,2.6959,-794.85
2026-07-12T09:37,0x44,594,2.5303,548.06
2026-07-12T09:37,0x45,594,2.6985,-794.74
2026-07-12T09:38,0x44,595,2.5256,548.01
2026-07-12T09:38,0x45,595,2.697,-794.83
2026-07-12T09:39,0x44,594,2.5063,548.05
2026-07-12T09:39,0x45,594,2.7105,-794.7
2026-07-12T09:40,0x44,594,2.5183,547.95
2026-07-12T09:40,0x45,594,2.6983,-794.84
2026-07-12T09:41,0x44,595,2.5267,547.92
2026-07-12T09:41,0x45,595,2.6907,-794.87
2026-07-12T09:42,0x44,594,2.5133,547.97
2026-07-12T09:42,0x45,594,2.6998,-794.79
2026-07-12T09:43,0x44,594,2.5189,547.93
2026-07-12T09:43,0x45,594,2.7032,-794.85
2026-07-12T09:44,0x44,595,2.5234,547.94
2026-07-12T09:44,0x45,595,2.7014,-794.83
2026-07-12T09:45,0x44,594,2.5261,547.87
2026-07-12T09:45,0x45,594,2.6977,-794.77
2026-07-12T09:46,0x44,594,2.5293,547.55
2026-07-12T09:46,0x45,594,2.6941,-794.48
2026-07-12T09:47,0x44,595,2.5419,547.39
2026-07-12T09:47,0x45,595,2.6879,-794.26
2026-07-12T09:48,0x44,594,2.5338,547.27
2026-07-12T09:48,0x45,594,2.699,-794.14
2026-07-12T09:49,0x44,594,2.5201,547.34
2026-07-12T09:49,0x45,594,2.6983,-794.17
2026-07-12T09:50,0x44,595,2.5174,547.08
2026-07-12T09:50,0x45,595,2.7012,-793.99
2026-07-12T09:51,0x44,594,2.5256,547.02
2026-07-12T09:51,0x45,594,2.6941,-793.9
2026-07-12T09:52,0x44,594,2.5295,546.9
2026-07-12T09:52,0x45,594,2.6931,-793.68
2026-07-12T09:53,0x44,595,2.523,546.9
2026-07-12T09:53,0x45,595,2.6926,-793.78
2026-07-12T09:54,0x44,594,2.5253,546.87
2026-07-12T09:54,0x45,594,2.6985,-793.75
2026-07-12T09:55,0x44,594,2.5227,546.78
2026-07-12T09:55,0x45,594,2.6908,-793.56
2026-07-12T09:56,0x44,595,2.522,546.58
2026-07-12T09:56,0x45,595,2.694,-793.5
2026-07-12T09:57,0x44,594,2.5196,546.56
2026-07-12T09:57,0x45,594,2.7009,-793.48
2026-07-12T09:58,0x44,594,2.5151,546.45
2026-07-12T09:58,0x45,594,2.7064,-793.51
2026-07-12T09:59,0x44,595,2.5323,546.35
2026-07-12T09:59,0x45,595,2.6887,-793.55
2026-07-12T10:00,0x44,594,2.5214,546.42
2026-07-12T10:00,0x45,594,2.6996,-793.61
2026-07-12T10:01,0x44,594,2.5295,546.4
2026-07-12T10:01,0x45,594,2.698,-793.68
2026-07-12T10:02,0x44,595,2.5202,546.42
2026-07-12T10:02,0x45,595,2.6916,-793.61
2026-07-12T10:03,0x44,594,2.5161,546.42
2026-07-12T10:03,0x45,594,2.698,-793.72
2026-07-12T10:04,0x44,594,2.52,546.38
2026-07-12T10:04,0x45,594,2.696,-793.73
2026-07-12T10:05,0x44,595,2.5316,546.21
2026-07-12T10:05,0x45,595,2.6949,-793.74
2026-07-12T10:06,0x44,594,2.5231,546.34
2026-07-12T10:06,0x45,594,2.6922,-793.47
2026-07-12T10:07,0x44,595,2.5284,546.24
2026-07-12T10:07,0x45,595,2.698,-793.55
2026-07-12T10:08,0x44,594,2.5303,546.16
2026-07-12T10:08,0x45,594,2.6895,-793.55
2026-07-12T10:09,0x44,594,2.5217,546.12
2026-07-12T10:09,0x45,594,2.6945,-793.53
2026-07-12T10:10,0x44,595,2.5162,545.98
2026-07-12T10:10,0x45,595,2.6948,-793.58
2026-07-12T10:11,0x44,594,2.5251,545.93
2026-07-12T10:11,0x45,594,2.6913,-793.41
2026-07-12T10:12,0x44,594,2.5306,545.9
2026-07-12T10:12,0x45,594,2.6871,-793.57
2026-07-12T10:13,0x44,595,2.5327,545.91
2026-07-12T10:13,0x45,595,2.6888,-793.51
2026-07-12T10:14,0x44,594,2.5189,545.79
2026-07-12T10:14,0x45,594,2.6949,-793.4
2026-07-12T10:15,0x44,594,2.5156,545.77
2026-07-12T10:15,0x45,594,2.6911,-793.35
2026-07-12T10:16,0x44,595,2.5202,545.54
2026-07-12T10:16,0x45,595,2.6933,-793.37
2026-07-12T10:17,0x44,594,2.5092,545.48
2026-07-12T10:17,0x45,594,2.698,-793.22
2026-07-12T10:18,0x44,594,2.5126,545.39
2026-07-12T10:18,0x45,594,2.696,-793.14
2026-07-12T10:19,0x44,595,2.5244,545.36
2026-07-12T10:19,0x45,595,2.6862,-793.25
2026-07-12T10:20,0x44,594,2.5135,545.42
2026-07-12T10:20,0x45,594,2.6957,-793.2
2026-07-12T10:21,0x44,595,2.525,545.23
2026-07-12T10:21,0x45,595,2.6889,-793.26
2026-07-12T10:22,0x44,594,2.5204,545.19
2026-07-12T10:22,0x45,594,2.6891,-793.12
2026-07-12T10:23,0x44,595,2.5235,545.06
2026-07-12T10:23,0x45,595,2.6843,-793.11
2026-07-12T10:24,0x44,594,2.5121,544.98
2026-07-12T10:24,0x45,594,2.6852,-793.12
2026-07-12T10:25,0x44,594,2.5181,544.93
2026-07-12T10:25,0x45,594,2.6923,-793.04
2026-07-12T10:26,0x44,595,2.5128,544.92
2026-07-12T10:26,0x45,595,2.6946,-792.86
2026-07-12T10:27,0x44,594,2.5217,544.84
2026-07-12T10:27,0x45,594,2.6835,-793.01
2026-07-12T10:28,0x44,595,2.5216,544.84
2026-07-12T10:28,0x45,595,2.69,-792.98
2026-07-12T10:29,0x44,594,2.522,544.84
2026-07-12T10:29,0x45,594,2.6887,-793.22
2026-07-12T10:30,0x44,594,2.5145,544.83
2026-07-12T10:30,0x45,594,2.6904,-793.22
2026-07-12T10:31,0x44,595,2.524,544.87
2026-07-12T10:31,0x45,595,2.6838,-793.49
2026-07-12T10:32,0x44,594,2.5196,544.71
2026-07-12T10:32,0x45,594,2.6898,-793.38
2026-07-12T10:33,0x44,595,2.5158,544.8
2026-07-12T10:33,0x45,595,2.6925,-793.33
2026-07-12T10:34,0x44,594,2.5151,544.75
2026-07-12T10:34,0x45,594,2.6888,-793.41
2026-07-12T10:35,0x44,594,2.5234,544.62
2026-07-12T10:35,0x45,594,2.691,-793.46
2026-07-12T10:36,0x44,595,2.5298,544.48
2026-07-12T10:36,0x45,595,2.6739,-793.48
2026-07-12T10:37,0x44,594,2.5221,544.46
2026-07-12T10:37,0x45,594,2.6804,-793.47
2026-07-12T10:38,0x44,594,2.538,544.48
2026-07-12T10:38,0x45,594,2.6693,-793.72
2026-07-12T10:39,0x44,595,2.5147,544.58
2026-07-12T10:39,0x45,595,2.686,-793.54
2026-07-12T10:40,0x44,594,2.5266,544.37
2026-07-12T10:40,0x45,594,2.6852,-793.64
2026-07-12T10:41,0x44,594,2.518,544.43
2026-07-12T10:41,0x45,594,2.6828,-793.67
2026-07-12T10:42,0x44,595,2.5216,544.32
2026-07-12T10:42,0x45,595,2.6847,-793.65
2026-07-12T10:43,0x44,594,2.5253,544.53
2026-07-12T10:43,0x45,594,2.6805,-793.87
2026-07-12T10:44,0x44,594,2.515,544.45
2026-07-12T10:44,0x45,594,2.6851,-793.93
2026-07-12T10:45,0x44,595,2.5331,544.38
2026-07-12T10:45,0x45,595,2.6718,-794.03
2026-07-12T10:46,0x44,594,2.5253,544.3
2026-07-12T10:46,0x45,594,2.6708,-794.04
2026-07-12T10:47,0x44,594,2.5186,544.18
2026-07-12T10:47,0x45,594,2.6873,-794.03
2026-07-12T10:48,0x44,595,2.5106,544.4
2026-07-12T10:48,0x45,595,2.6886,-794.07
2026-07-12T10:49,0x44,594,2.5184,544.21
2026-07-12T10:49,0x45,594,2.6847,-794.15
2026-07-12T10:50,0x44,594,2.5011,544.56
2026-07-12T10:50,0x45,594,2.6891,-794.08
2026-07-12T10:51,0x44,595,2.5235,544.35
2026-07-12T10:51,0x45,595,2.6732,-794.19
2026-07-12T10:52,0x44,594,2.5058,544.46
2026-07-12T10:52,0x45,594,2.6869,-794.22
2026-07-12T10:53,0x44,594,2.5223,544.23
2026-07-12T10:53,0x45,594,2.6744,-794.36
2026-07-12T10:54,0x44,595,2.5069,544.28
2026-07-12T10:54,0x45,595,2.6831,-794.42
2026-07-12T10:55,0x44,594,2.5143,544.09
2026-07-12T10:55,0x45,594,2.6811,-794.28
2026-07-12T10:56,0x44,594,2.5183,544.1
2026-07-12T10:56,0x45,594,2.6831,-794.63
2026-07-12T10:57,0x44,595,2.5148,544.2
2026-07-12T10:57,0x45,595,2.6771,-794.7
2026-07-12T10:58,0x44,594,2.5179,544.17
2026-07-12T10:58,0x45,594,2.6784,-794.71
2026-07-12T10:59,0x44,595,2.5205,543.98
2026-07-12T10:59,0x45,595,2.676,-794.8
2026-07-12T11:00,0x44,594,2.5048,544.1
2026-07-12T11:00,0x45,594,2.6861,-794.94
2026-07-12T11:01,0x44,594,2.5262,543.96
2026-07-12T11:01,0x45,594,2.6756,-795.0
2026-07-12T11:02,0x44,595,2.521,543.94
2026-07-12T11:02,0x45,595,2.6801,-795.03
2026-07-12T11:03,0x44,594,2.5155,543.95
2026-07-12T11:03,0x45,594,2.6784,-795.07
2026-07-12T11:04,0x44,594,2.5206,543.94
2026-07-12T11:04,0x45,594,2.6726,-795.16
2026-07-12T11:05,0x44,595,2.5222,543.92
2026-07-12T11:05,0x45,595,2.6767,-795.16
2026-07-12T11:06,0x44,594,2.5215,543.9
2026-07-12T11:06,0x45,594,2.6767,-795.16
2026-07-12T11:07,0x44,594,2.5182,543.88
2026-07-12T11:07,0x45,594,2.6794,-795.17
2026-07-12T11:08,0x44,595,2.5093,543.91
2026-07-12T11:08,0x45,595,2.6815,-795.37
2026-07-12T11:09,0x44,594,2.5158,543.87
2026-07-12T11:09,0x45,594,2.6728,-795.47
2026-07-12T11:10,0x44,594,2.5111,543.88
2026-07-12T11:10,0x45,594,2.6733,-795.37
2026-07-12T11:11,0x44,595,2.507,543.67
2026-07-12T11:11,0x45,595,2.6777,-795.51
2026-07-12T11:12,0x44,594,2.5204,543.6
2026-07-12T11:12,0x45,594,2.6702,-795.46
2026-07-12T11:13,0x44,595,2.5164,543.51
2026-07-12T11:13,0x45,595,2.6754,-795.59
2026-07-12T11:14,0x44,594,2.5058,543.62
2026-07-12T11:14,0x45,594,2.6771,-795.68
2026-07-12T11:15,0x44,594,2.5091,543.45
2026-07-12T11:15,0x45,594,2.6826,-795.73
2026-07-12T11:16,0x44,595,2.511,543.38
2026-07-12T11:16,0x45,595,2.6725,-795.64
2026-07-12T11:17,0x44,594,2.5151,543.32
2026-07-12T11:17,0x45,594,2.6783,-795.54
2026-07-12T11:18,0x44,594,2.5217,543.29
2026-07-12T11:18,0x45,594,2.6675,-795.84
2026-07-12T11:19,0x44,595,2.5125,543.24
2026-07-12T11:19,0x45,595,2.6776,-795.69
2026-07-12T11:20,0x44,594,2.5118,543.14
2026-07-12T11:20,0x45,594,2.677,-795.6
2026-07-12T11:21,0x44,595,2.5051,542.99
2026-07-12T11:21,0x45,595,2.6678,-795.69
2026-07-12T11:22,0x44,594,2.5169,542.92
2026-07-12T11:22,0x45,594,2.6614,-795.74
2026-07-12T11:23,0x44,594,2.5089,542.93
2026-07-12T11:23,0x45,594,2.6704,-795.75
2026-07-12T11:24,0x44,595,2.5156,542.93
2026-07-12T11:24,0x45,595,2.6708,-795.69
2026-07-12T11:25,0x44,594,2.5156,542.9
2026-07-12T11:25,0x45,594,2.6699,-795.85
2026-07-12T11:26,0x44,595,2.515,542.91
2026-07-12T11:26,0x45,595,2.6632,-795.8
2026-07-12T11:27,0x44,594,2.5079,542.88
2026-07-12T11:27,0x45,594,2.6729,-795.89
2026-07-12T11:28,0x44,594,2.5142,542.76
2026-07-12T11:28,0x45,594,2.6645,-796.05
2026-07-12T11:29,0x44,595,2.5054,542.69
2026-07-12T11:29,0x45,595,2.672,-795.99
2026-07-12T11:30,0x44,594,2.5207,542.63
2026-07-12T11:30,0x45,594,2.6685,-796.09
2026-07-12T11:31,0x44,594,2.5123,542.66
2026-07-12T11:31,0x45,594,2.6675,-796.27
2026-07-12T11:32,0x44,595,2.5163,542.42
2026-07-12T11:32,0x45,595,2.6658,-796.19
2026-07-12T11:33,0x44,594,2.5027,542.49
2026-07-12T11:33,0x45,594,2.6671,-796.14
2026-07-12T11:34,0x44,595,2.5011,542.43
2026-07-12T11:34,0x45,595,2.6714,-796.19
2026-07-12T11:35,0x44,594,2.505,542.37
2026-07-12T11:35,0x45,594,2.6766,-796.08
2026-07-12T11:36,0x44,594,2.5166,542.27
2026-07-12T11:36,0x45,594,2.6714,-796.12
2026-07-12T11:37,0x44,595,2.5038,542.4
2026-07-12T11:37,0x45,595,2.6692,-796.17
2026-07-12T11:38,0x44,594,2.5127,542.27
2026-07-12T11:38,0x45,594,2.6662,-796.2
2026-07-12T11:39,0x44,594,2.5091,542.36
2026-07-12T11:39,0x45,594,2.6732,-796.26
2026-07-12T11:40,0x44,595,2.5118,542.11
2026-07-12T11:40,0x45,595,2.6704,-796.18
2026-07-12T11:41,0x44,594,2.5014,542.1
2026-07-12T11:41,0x45,594,2.6685,-796.21
2026-07-12T11:42,0x44,595,2.5215,541.96
2026-07-12T11:42,0x45,595,2.6563,-796.22
2026-07-12T11:43,0x44,594,2.5089,541.9
2026-07-12T11:43,0x45,594,2.6669,-796.25
2026-07-12T11:44,0x44,594,2.5169,541.82
2026-07-12T11:44,0x45,594,2.6628,-796.16
2026-07-12T11:45,0x44,595,2.5077,541.76
2026-07-12T11:45,0x45,595,2.6651,-796.16
2026-07-12T11:46,0x44,594,2.5139,541.47
2026-07-12T11:46,0x45,594,2.67,-796.06
2026-07-12T11:47,0x44,594,2.5145,541.47
2026-07-12T11:47,0x45,594,2.6636,-796.11
2026-07-12T11:48,0x44,595,2.514,541.31
2026-07-12T11:48,0x45,595,2.6622,-796.05
2026-07-12T11:49,0x44,594,2.4826,541.7
2026-07-12T11:49,0x45,594,2.6745,-796.02
2026-07-12T11:50,0x44,594,2.5119,541.35
2026-07-12T11:50,0x45,594,2.6572,-796.17
2026-07-12T11:51,0x44,594,2.5028,541.21
2026-07-12T11:51,0x45,594,2.673,-796.01
2026-07-12T11:52,0x44,595,2.5074,541.3
2026-07-12T11:52,0x45,595,2.6641,-796.21
2026-07-12T11:53,0x44,594,2.5079,541.19
2026-07-12T11:53,0x45,594,2.6618,-796.19
2026-07-12T11:54,0x44,594,2.5256,541.03
2026-07-12T11:54,0x45,594,2.6468,-796.3
2026-07-12T11:55,0x44,595,2.5018,541.02
2026-07-12T11:55,0x45,595,2.6651,-796.22
2026-07-12T11:56,0x44,594,2.5094,540.97
2026-07-12T11:56,0x45,594,2.6535,-796.47
2026-07-12T11:57,0x44,594,2.5127,540.96
2026-07-12T11:57,0x45,594,2.6657,-796.21
2026-07-12T11:58,0x44,595,2.5099,540.94
2026-07-12T11:58,0x45,595,2.667,-796.37
2026-07-12T11:59,0x44,594,2.5173,540.91
2026-07-12T11:59,0x45,594,2.6415,-796.45
2026-07-12T12:00,0x44,594,2.5001,540.91
2026-07-12T12:00,0x45,594,2.6681,-796.25
2026-07-12T12:01,0x44,595,2.4997,540.78
2026-07-12T12:01,0x45,595,2.6678,-796.24
2026-07-12T12:02,0x44,594,2.5098,540.78
2026-07-12T12:02,0x45,594,2.6506,-796.27
2026-07-12T12:03,0x44,594,2.5023,540.49
2026-07-12T12:03,0x45,594,2.6593,-796.32
2026-07-12T12:04,0x44,595,2.5075,540.38
2026-07-12T12:04,0x45,594,2.6542,-796.27
2026-07-12T12:05,0x45,595,2.6602,-796.26
2026-07-12T12:05,0x44,594,2.5116,540.3
2026-07-12T12:06,0x44,594,2.5144,540.33
2026-07-12T12:06,0x45,594,2.6502,-796.53
2026-07-12T12:07,0x44,595,2.5057,540.25
2026-07-12T12:07,0x45,595,2.6592,-796.42
2026-07-12T12:08,0x44,594,2.5082,540.34
2026-07-12T12:08,0x45,594,2.6527,-796.59
2026-07-12T12:09,0x44,594,2.4906,540.68
2026-07-12T12:09,0x45,594,2.6598,-796.5
2026-07-12T12:10,0x44,595,2.5026,540.33
2026-07-12T12:10,0x45,595,2.6595,-796.68
2026-07-12T12:11,0x44,594,2.508,540.19
2026-07-12T12:11,0x45,594,2.6438,-796.72
2026-07-12T12:12,0x44,594,2.5071,540.12
2026-07-12T12:12,0x45,594,2.6551,-796.84
2026-07-12T12:13,0x44,595,2.5249,539.93
2026-07-12T12:13,0x45,595,2.643,-796.77
2026-07-12T12:14,0x44,594,2.4978,539.91
2026-07-12T12:14,0x45,594,2.6564,-796.66
2026-07-12T12:15,0x44,594,2.5099,539.82
2026-07-12T12:15,0x45,594,2.649,-796.77
2026-07-12T12:16,0x44,595,2.5094,539.78
2026-07-12T12:16,0x45,595,2.6504,-797.28
2026-07-12T12:17,0x44,594,2.5061,539.67
2026-07-12T12:17,0x45,594,2.646,-797.02
2026-07-12T12:18,0x44,594,2.5091,539.52
2026-07-12T12:18,0x45,594,2.6429,-797.15
2026-07-12T12:19,0x44,595,2.4991,539.58
2026-07-12T12:19,0x45,595,2.6561,-797.15
2026-07-12T12:20,0x44,594,2.5085,539.49
2026-07-12T12:20,0x45,594,2.6474,-797.25
2026-07-12T12:21,0x44,594,2.5027,539.59
2026-07-12T12:21,0x45,594,2.6506,-797.34
2026-07-12T12:22,0x44,595,2.5082,539.51
2026-07-12T12:22,0x45,595,2.6501,-797.36
2026-07-12T12:23,0x44,594,2.5094,539.12
2026-07-12T12:23,0x45,594,2.6466,-797.54
2026-07-12T12:24,0x44,594,2.507,539.51
2026-07-12T12:24,0x45,594,2.651,-797.75
2026-07-12T12:25,0x44,595,2.4937,539.56
2026-07-12T12:25,0x45,595,2.6491,-797.71
2026-07-12T12:26,0x44,594,2.4876,539.6
2026-07-12T12:26,0x45,594,2.6602,-797.99
2026-07-12T12:27,0x44,594,2.5003,539.42
2026-07-12T12:27,0x45,594,2.6464,-798.13
2026-07-12T12:28,0x44,595,2.4982,539.3
2026-07-12T12:28,0x45,595,2.6553,-798.23
2026-07-12T12:29,0x44,594,2.5034,539.37
2026-07-12T12:29,0x45,594,2.6463,-798.54
2026-07-12T12:30,0x44,594,2.5075,539.35
2026-07-12T12:30,0x45,594,2.6374,-798.71
2026-07-12T12:31,0x44,595,2.5027,539.4
2026-07-12T12:31,0x45,595,2.6494,-798.97
2026-07-12T12:32,0x44,594,2.5062,539.21
2026-07-12T12:32,0x45,594,2.6402,-799.01
2026-07-12T12:33,0x44,595,2.508,539.17
2026-07-12T12:33,0x45,595,2.6425,-799.16
2026-07-12T12:34,0x44,594,2.502,539.18
2026-07-12T12:34,0x45,594,2.6468,-799.27
2026-07-12T12:35,0x44,594,2.5026,539.03
2026-07-12T12:35,0x45,594,2.6396,-799.37
2026-07-12T12:36,0x44,595,2.5161,538.96
2026-07-12T12:36,0x45,595,2.6337,-799.45
2026-07-12T12:37,0x44,594,2.4982,538.98
2026-07-12T12:37,0x45,594,2.6484,-799.46
2026-07-12T12:38,0x44,594,2.4942,538.97
2026-07-12T12:38,0x45,594,2.6384,-799.44
2026-07-12T12:39,0x44,595,2.5089,538.9
2026-07-12T12:39,0x45,595,2.6274,-799.63
2026-07-12T12:40,0x44,594,2.4929,538.94
2026-07-12T12:40,0x45,594,2.6448,-799.56
2026-07-12T12:41,0x44,594,2.5126,538.87
2026-07-12T12:41,0x45,594,2.6353,-799.65
2026-07-12T12:42,0x44,595,2.5066,538.77
2026-07-12T12:42,0x45,595,2.6382,-799.54
2026-07-12T12:43,0x44,594,2.5016,538.65
2026-07-12T12:43,0x45,594,2.6422,-799.53
2026-07-12T12:44,0x44,594,2.5054,538.44
2026-07-12T12:44,0x45,594,2.6372,-799.42
2026-07-12T12:45,0x44,595,2.5077,538.62
2026-07-12T12:45,0x45,595,2.6332,-799.51
2026-07-12T12:46,0x44,594,2.4995,538.49
2026-07-12T12:46,0x45,594,2.6372,-799.73
2026-07-12T12:47,0x44,595,2.505,538.38
2026-07-12T12:47,0x45,595,2.6322,-799.45
2026-07-12T12:48,0x44,594,2.4946,538.5
2026-07-12T12:48,0x45,594,2.6373,-799.43
2026-07-12T12:49,0x44,594,2.4978,538.57
2026-07-12T12:49,0x45,594,2.6369,-799.45
2026-07-12T12:50,0x44,595,2.4945,538.4
2026-07-12T12:50,0x45,595,2.6401,-799.53
2026-07-12T12:51,0x44,594,2.5084,538.26
2026-07-12T12:51,0x45,594,2.6391,-799.43
2026-07-12T12:52,0x44,594,2.4895,538.43
2026-07-12T12:52,0x45,594,2.636,-799.42
2026-07-12T12:53,0x44,595,2.4906,538.45
2026-07-12T12:53,0x45,595,2.6349,-799.52
2026-07-12T12:54,0x44,594,2.4942,538.36
2026-07-12T12:54,0x45,594,2.6396,-799.28
2026-07-12T12:55,0x44,594,2.5129,538.04
2026-07-12T12:55,0x45,594,2.6176,-799.41
2026-07-12T12:56,0x44,595,2.4878,538.08
2026-07-12T12:56,0x45,595,2.6458,-799.4
2026-07-12T12:57,0x44,594,2.488,538.04
2026-07-12T12:57,0x45,594,2.6423,-799.44
2026-07-12T12:58,0x44,595,2.4963,537.94
2026-07-12T12:58,0x45,595,2.6382,-799.38
2026-07-12T12:59,0x44,594,2.5007,537.92
2026-07-12T12:59,0x45,594,2.6337,-799.37
2026-07-12T13:00,0x44,594,2.491,537.91
2026-07-12T13:00,0x45,594,2.6391,-799.25
2026-07-12T13:01,0x44,595,2.4964,537.82
2026-07-12T13:01,0x45,595,2.6387,-799.46
2026-07-12T13:02,0x44,594,2.4996,537.65
2026-07-12T13:02,0x45,594,2.6432,-799.22
2026-07-12T13:03,0x44,594,2.5024,537.63
2026-07-12T13:03,0x45,594,2.6344,-799.09
2026-07-12T13:04,0x44,595,2.4974,537.6
2026-07-12T13:04,0x45,595,2.6353,-799.05
2026-07-12T13:05,0x44,594,2.4957,537.39
2026-07-12T13:05,0x45,594,2.6408,-799.03
2026-07-12T13:06,0x44,594,2.5067,537.39
2026-07-12T13:06,0x45,594,2.6349,-799.23
2026-07-12T13:07,0x44,595,2.5007,537.38
2026-07-12T13:07,0x45,595,2.633,-799.06
2026-07-12T13:08,0x44,594,2.4976,537.38
2026-07-12T13:08,0x45,594,2.6326,-799.09
2026-07-12T13:09,0x44,594,2.51,537.32
2026-07-12T13:09,0x45,594,2.6314,-799.13
2026-07-12T13:10,0x44,595,2.5027,537.37
2026-07-12T13:10,0x45,595,2.636,-798.95
2026-07-12T13:11,0x44,594,2.4913,537.29
2026-07-12T13:11,0x45,594,2.6372,-798.92
2026-07-12T13:12,0x44,594,2.4963,537.18
2026-07-12T13:12,0x45,594,2.642,-798.9
2026-07-12T13:13,0x44,595,2.5074,537.08
2026-07-12T13:13,0x45,595,2.6307,-798.87
2026-07-12T13:14,0x44,594,2.5073,536.98
2026-07-12T13:14,0x45,594,2.6327,-798.84
2026-07-12T13:15,0x44,595,2.5023,536.95
2026-07-12T13:15,0x45,595,2.6308,-798.84
2026-07-12T13:16,0x44,594,2.4965,536.95
2026-07-12T13:16,0x45,594,2.6381,-798.71
2026-07-12T13:17,0x44,594,2.5017,536.91
2026-07-12T13:17,0x45,594,2.6318,-798.84
2026-07-12T13:18,0x44,595,2.4937,536.9
2026-07-12T13:18,0x45,595,2.635,-798.46
2026-07-12T13:19,0x44,594,2.4917,536.8
2026-07-12T13:19,0x45,594,2.6436,-798.49
2026-07-12T13:20,0x44,594,2.5057,536.58
2026-07-12T13:20,0x45,594,2.6356,-798.44
2026-07-12T13:21,0x44,595,2.496,536.51
2026-07-12T13:21,0x45,595,2.6372,-798.38
2026-07-12T13:22,0x44,594,2.4949,536.43
2026-07-12T13:22,0x45,594,2.6308,-798.3
2026-07-12T13:23,0x44,594,2.4913,536.57
2026-07-12T13:23,0x45,594,2.6339,-798.36
2026-07-12T13:24,0x44,595,2.4856,536.6
2026-07-12T13:24,0x45,595,2.6387,-798.27
2026-07-12T13:25,0x44,594,2.4999,536.2
2026-07-12T13:25,0x45,594,2.6345,-798.27
2026-07-12T13:26,0x44,594,2.4821,536.6
2026-07-12T13:26,0x45,594,2.6378,-798.3
2026-07-12T13:27,0x44,595,2.4925,536.28
2026-07-12T13:27,0x45,595,2.6353,-798.28
2026-07-12T13:28,0x44,594,2.4929,536.53
2026-07-12T13:28,0x45,594,2.6326,-798.33
2026-07-12T13:29,0x44,594,2.4957,536.3
2026-07-12T13:29,0x45,594,2.638,-798.25
2026-07-12T13:30,0x44,595,2.493,536.2
2026-07-12T13:30,0x45,595,2.6326,-798.17
2026-07-12T13:31,0x44,594,2.5003,536.03
2026-07-12T13:31,0x45,594,2.638,-798.18
2026-07-12T13:32,0x44,594,2.5036,536.08
2026-07-12T13:32,0x45,594,2.6267,-798.28
2026-07-12T13:33,0x44,595,2.4902,536.08
2026-07-12T13:33,0x45,595,2.6377,-798.38
2026-07-12T13:34,0x44,594,2.4977,536.05
2026-07-12T13:34,0x45,594,2.6321,-798.37
2026-07-12T13:35,0x44,594,2.4963,535.98
2026-07-12T13:35,0x45,594,2.628,-798.28
2026-07-12T13:36,0x44,595,2.4964,536.01
2026-07-12T13:36,0x45,595,2.6167,-798.38
2026-07-12T13:37,0x44,594,2.4937,535.98
2026-07-12T13:37,0x45,594,2.6309,-798.38
2026-07-12T13:38,0x44,594,2.4996,535.97
2026-07-12T13:38,0x45,594,2.6213,-798.39
2026-07-12T13:39,0x44,595,2.5021,535.93
2026-07-12T13:39,0x45,595,2.6243,-798.53
2026-07-12T13:40,0x44,594,2.4882,535.96
2026-07-12T13:40,0x45,594,2.6336,-798.58
2026-07-12T13:41,0x44,594,2.4836,535.97
2026-07-12T13:41,0x45,594,2.6349,-798.66
2026-07-12T13:42,0x44,595,2.4982,535.92
2026-07-12T13:42,0x45,595,2.6248,-798.59
2026-07-12T13:43,0x44,594,2.4887,535.9
2026-07-12T13:43,0x45,594,2.6325,-798.52
2026-07-12T13:44,0x44,594,2.4888,535.9
2026-07-12T13:44,0x45,594,2.6296,-798.72
2026-07-12T13:45,0x44,595,2.5024,535.93
2026-07-12T13:45,0x45,595,2.6271,-798.88
2026-07-12T13:46,0x44,594,2.5034,535.91
2026-07-12T13:46,0x45,594,2.6274,-799.08
2026-07-12T13:47,0x44,594,2.5007,535.9
2026-07-12T13:47,0x45,594,2.6213,-799.05
2026-07-12T13:48,0x44,595,2.5006,535.9
2026-07-12T13:48,0x45,595,2.6193,-799.16
2026-07-12T13:49,0x44,594,2.4947,535.83
2026-07-12T13:49,0x45,594,2.6316,-799.02
2026-07-12T13:50,0x44,595,2.5015,535.59
2026-07-12T13:50,0x45,595,2.6279,-798.96
2026-07-12T13:51,0x44,594,2.4993,535.42
2026-07-12T13:51,0x45,594,2.6271,-799.1
2026-07-12T13:52,0x44,594,2.5001,535.36
2026-07-12T13:52,0x45,594,2.6188,-798.9
2026-07-12T13:53,0x44,595,2.4893,535.59
2026-07-12T13:53,0x45,595,2.6261,-798.85
2026-07-12T13:54,0x44,594,2.5031,535.31
2026-07-12T13:54,0x45,594,2.6218,-798.88
2026-07-12T13:55,0x44,594,2.5032,535.34
2026-07-12T13:55,0x45,594,2.6253,-799.01
2026-07-12T13:56,0x44,595,2.4957,535.31
2026-07-12T13:56,0x45,595,2.6229,-799.05
2026-07-12T13:57,0x44,594,2.5033,535.48
2026-07-12T13:57,0x45,594,2.6208,-799.14
2026-07-12T13:58,0x44,594,2.4976,535.21
2026-07-12T13:58,0x45,594,2.6228,-799.19
2026-07-12T13:59,0x44,595,2.4996,535.18
2026-07-12T13:59,0x45,595,2.6225,-799.19
2026-07-12T14:00,0x44,594,2.5015,535.11
2026-07-12T14:00,0x45,594,2.6206,-799.18
2026-07-12T14:01,0x44,594,2.4917,535.07
2026-07-12T14:01,0x45,594,2.6222,-799.16
2026-07-12T14:02,0x44,595,2.4942,534.97
2026-07-12T14:02,0x45,595,2.6205,-799.16
2026-07-12T14:03,0x44,594,2.4983,534.94
2026-07-12T14:03,0x45,594,2.6235,-799.24
2026-07-12T14:04,0x44,594,2.4808,534.95
2026-07-12T14:04,0x45,594,2.6204,-799.37
2026-07-12T14:05,0x44,595,2.4911,534.93
2026-07-12T14:05,0x45,595,2.6131,-799.31
2026-07-12T14:06,0x44,594,2.482,534.94
2026-07-12T14:06,0x45,594,2.6224,-799.4
2026-07-12T14:07,0x44,595,2.5004,534.85
2026-07-12T14:07,0x45,594,2.6161,-799.45
2026-07-12T14:08,0x45,595,2.6181,-799.47
2026-07-12T14:08,0x44,594,2.4879,534.85
2026-07-12T14:09,0x44,594,2.4844,534.81
2026-07-12T14:09,0x45,594,2.6238,-799.55
2026-07-12T14:10,0x44,595,2.4894,534.6
2026-07-12T14:10,0x45,595,2.6239,-799.57
2026-07-12T14:11,0x44,594,2.4856,534.54
2026-07-12T14:11,0x45,594,2.6246,-799.68
2026-07-12T14:12,0x44,594,2.4965,534.4
2026-07-12T14:12,0x45,594,2.6169,-799.87
2026-07-12T14:13,0x44,595,2.4977,534.4
2026-07-12T14:13,0x45,595,2.6161,-800.05
2026-07-12T14:14,0x44,594,2.4852,534.49
2026-07-12T14:14,0x45,594,2.6164,-800.09
2026-07-12T14:15,0x44,594,2.4805,534.59
2026-07-12T14:15,0x45,594,2.6128,-800.29
2026-07-12T14:16,0x44,595,2.4972,534.29
2026-07-12T14:16,0x45,595,2.6151,-800.42
2026-07-12T14:17,0x44,594,2.499,534.4
2026-07-12T14:17,0x45,594,2.612,-800.64
2026-07-12T14:18,0x44,594,2.5012,534.29
2026-07-12T14:18,0x45,594,2.6121,-800.99
2026-07-12T14:19,0x44,595,2.5017,534.33
2026-07-12T14:19,0x45,595,2.6029,-801.16
2026-07-12T14:20,0x44,594,2.4938,534.31
2026-07-12T14:20,0x45,594,2.6065,-801.47
2026-07-12T14:21,0x44,595,2.4978,534.24
2026-07-12T14:21,0x45,594,2.6088,-801.81
2026-07-12T14:22,0x45,595,2.6042,-802.23
2026-07-12T14:22,0x44,594,2.4914,534.29
2026-07-12T14:23,0x44,594,2.491,534.27
2026-07-12T14:23,0x45,594,2.608,-802.65
2026-07-12T14:24,0x44,595,2.4966,534.13
2026-07-12T14:24,0x45,595,2.6031,-802.97
2026-07-12T14:25,0x44,594,2.4936,533.99
2026-07-12T14:25,0x45,594,2.607,-803.46
2026-07-12T14:26,0x44,594,2.4903,533.94
2026-07-12T14:26,0x45,594,2.6067,-804.08
2026-07-12T14:27,0x44,595,2.5029,533.9
2026-07-12T14:27,0x45,595,2.5946,-804.26
2026-07-12T14:28,0x44,594,2.4899,533.89
2026-07-12T14:28,0x45,594,2.6033,-804.95
2026-07-12T14:29,0x44,594,2.4916,533.89
2026-07-12T14:29,0x45,594,2.5932,-805.38
2026-07-12T14:30,0x44,595,2.489,533.82
2026-07-12T14:30,0x45,595,2.5966,-806.05
2026-07-12T14:31,0x44,594,2.4908,533.63
2026-07-12T14:31,0x45,594,2.5972,-806.54
2026-07-12T14:32,0x44,594,2.4877,533.49
2026-07-12T14:32,0x45,594,2.5909,-807.41
2026-07-12T14:33,0x44,595,2.4841,533.43
2026-07-12T14:33,0x45,595,2.5896,-808.02
2026-07-12T14:34,0x44,594,2.4849,533.57
2026-07-12T14:34,0x45,594,2.5885,-808.64
2026-07-12T14:35,0x44,595,2.4832,533.51
2026-07-12T14:35,0x45,595,2.5868,-809.35
2026-07-12T14:36,0x44,594,2.488,533.46
2026-07-12T14:36,0x45,594,2.5858,-810.23
2026-07-12T14:37,0x44,594,2.4838,533.41
2026-07-12T14:37,0x45,594,2.5874,-810.99
2026-07-12T14:38,0x44,595,2.4994,533.33
2026-07-12T14:38,0x45,595,2.5738,-811.86
2026-07-12T14:39,0x44,594,2.4991,533.21
2026-07-12T14:39,0x45,594,2.5719,-812.6
2026-07-12T14:40,0x44,594,2.4842,533.26
2026-07-12T14:40,0x45,594,2.5688,-813.52
2026-07-12T14:41,0x44,595,2.4993,533.02
2026-07-12T14:41,0x45,595,2.5711,-814.25
2026-07-12T14:42,0x44,594,2.4888,532.96
2026-07-12T14:42,0x45,594,2.5669,-815.12
2026-07-12T14:43,0x44,595,2.484,532.95
2026-07-12T14:43,0x45,595,2.5656,-816.05
2026-07-12T14:44,0x44,594,2.4923,532.9
2026-07-12T14:44,0x45,594,2.5574,-816.92
2026-07-12T14:45,0x44,594,2.4953,532.88
2026-07-12T14:45,0x45,594,2.5548,-817.87
2026-07-12T14:46,0x44,595,2.4835,532.89
2026-07-12T14:46,0x45,595,2.557,-818.92
2026-07-12T14:47,0x44,594,2.4922,532.79
2026-07-12T14:47,0x45,594,2.5482,-819.88
2026-07-12T14:48,0x44,594,2.4955,532.62
2026-07-12T14:48,0x45,594,2.5371,-820.96
2026-07-12T14:49,0x44,595,2.4977,532.51
2026-07-12T14:49,0x45,595,2.5392,-822.08
2026-07-12T14:50,0x44,594,2.4912,532.34
2026-07-12T14:50,0x45,594,2.5466,-823.12
2026-07-12T14:51,0x44,595,2.4818,532.47
2026-07-12T14:51,0x45,595,2.532,-824.46
2026-07-12T14:52,0x44,594,2.484,532.57
2026-07-12T14:52,0x45,594,2.5286,-825.54
2026-07-12T14:53,0x44,594,2.4902,532.3
2026-07-12T14:53,0x45,594,2.5358,-826.75
2026-07-12T14:54,0x44,595,2.4905,532.3
2026-07-12T14:54,0x45,595,2.5268,-828.04
2026-07-12T14:55,0x44,594,2.4933,532.29
2026-07-12T14:55,0x45,594,2.5194,-829.28
2026-07-12T14:56,0x44,594,2.4912,532.44
2026-07-12T14:56,0x45,594,2.5151,-830.56
2026-07-12T14:57,0x44,595,2.5025,532.31
2026-07-12T14:57,0x45,595,2.5063,-831.78
2026-07-12T14:58,0x44,594,2.491,532.4
2026-07-12T14:58,0x45,594,2.5108,-833.32
2026-07-12T14:59,0x44,594,2.4854,532.29
2026-07-12T14:59,0x45,594,2.5115,-834.53
2026-07-12T15:00,0x44,595,2.4849,532.04
2026-07-12T15:00,0x45,595,2.5114,-835.77
2026-07-12T15:01,0x44,594,2.4691,532.08
2026-07-12T15:01,0x45,594,2.5166,-837.19
2026-07-12T15:02,0x44,594,2.4861,532.01
2026-07-12T15:02,0x45,594,2.504,-838.73
2026-07-12T15:03,0x44,595,2.4864,531.94
2026-07-12T15:03,0x45,595,2.4979,-840.14
2026-07-12T15:04,0x44,594,2.4806,531.94
2026-07-12T15:04,0x45,594,2.4941,-841.61
2026-07-12T15:05,0x44,595,2.4909,531.92
2026-07-12T15:05,0x45,595,2.4906,-843.03
2026-07-12T15:06,0x44,594,2.4874,531.9
2026-07-12T15:06,0x45,594,2.4828,-844.72
2026-07-12T15:07,0x44,594,2.4667,531.9
2026-07-12T15:07,0x45,594,2.481,-846.1
2026-07-12T15:08,0x44,595,2.475,531.79
2026-07-12T15:08,0x45,595,2.4744,-847.65
2026-07-12T15:09,0x44,594,2.4839,531.68
2026-07-12T15:09,0x45,594,2.4722,-849.42
2026-07-12T15:10,0x44,594,2.476,531.75
2026-07-12T15:10,0x45,594,2.4698,-851.16
2026-07-12T15:11,0x44,595,2.473,531.68
2026-07-12T15:11,0x45,595,2.4655,-852.91
2026-07-12T15:12,0x44,594,2.4774,531.62
2026-07-12T15:12,0x45,594,2.4616,-854.89
2026-07-12T15:13,0x44,595,2.4879,531.36
2026-07-12T15:13,0x45,595,2.4598,-856.92
2026-07-12T15:14,0x44,594,2.4938,531.35
2026-07-12T15:14,0x45,594,2.4441,-859.23
2026-07-12T15:15,0x44,595,2.4876,531.44
2026-07-12T15:15,0x45,595,2.435,-861.13
2026-07-12T15:16,0x44,594,2.4857,531.51
2026-07-12T15:16,0x45,594,2.4344,-863.04
2026-07-12T15:17,0x44,594,2.4825,531.37
2026-07-12T15:17,0x45,594,2.4377,-864.97
2026-07-12T15:18,0x44,595,2.4876,531.32
2026-07-12T15:18,0x45,595,2.4318,-867.1
2026-07-12T15:19,0x44,594,2.4699,531.48
2026-07-12T15:19,0x45,594,2.4283,-869.16
2026-07-12T15:20,0x44,595,2.4814,531.48
2026-07-12T15:20,0x45,595,2.4174,-871.62
2026-07-12T15:21,0x44,594,2.4655,531.07
2026-07-12T15:21,0x45,594,2.4183,-873.58
2026-07-12T15:22,0x44,594,2.4693,529.46
2026-07-12T15:22,0x45,594,2.4095,-873.27
2026-07-12T15:23,0x44,595,2.4528,529.77
2026-07-12T15:23,0x45,595,2.41,-875.77
2026-07-12T15:24,0x44,594,2.4588,529.79
2026-07-12T15:24,0x45,594,2.4038,-878.45
2026-07-12T15:25,0x44,595,2.4542,529.87
2026-07-12T15:25,0x45,594,2.3991,-881.28
2026-07-12T15:26,0x45,595,2.5628,-621.75
2026-07-12T15:26,0x44,594,2.5514,348.36
2026-07-12T15:27,0x44,594,2.512,407.34
2026-07-12T15:27,0x45,594,2.5063,-706.88
2026-07-12T15:28,0x44,595,2.4842,457.4
2026-07-12T15:28,0x45,595,2.454,-782.33
2026-07-12T15:29,0x44,594,2.4528,530.31
2026-07-12T15:29,0x45,594,2.3706,-891.78
2026-07-12T15:30,0x44,594,2.5072,399.99
2026-07-12T15:30,0x45,594,2.4936,-702.36
2026-07-12T15:31,0x44,595,2.6602,70.86
2026-07-12T15:31,0x45,595,2.8089,-223.17
2026-07-12T15:32,0x44,594,2.4603,531.19
2026-07-12T15:32,0x45,594,2.3706,-898.14
2026-07-12T15:33,0x44,595,2.5489,334.24
2026-07-12T15:33,0x45,595,2.5445,-611.19
2026-07-12T15:34,0x44,594,2.5532,332.83
2026-07-12T15:34,0x45,594,2.5451,-611.43
2026-07-12T15:35,0x44,594,2.5418,335.79
2026-07-12T15:35,0x45,594,2.5406,-613.48
2026-07-12T15:36,0x44,595,2.6689,124.72
2026-07-12T15:36,0x45,595,2.7263,-304.29
2026-07-12T15:37,0x44,594,2.4617,531.53
2026-07-12T15:37,0x45,594,2.3215,-910.1
2026-07-12T15:38,0x44,594,2.557,283.22
2026-07-12T15:38,0x45,594,2.5717,-540.91
2026-07-12T15:39,0x44,595,2.6537,115.95
2026-07-12T15:39,0x45,595,2.7237,-295.71
2026-07-12T15:40,0x44,594,2.6382,136.79
2026-07-12T15:40,0x45,594,2.7093,-319.86
2026-07-12T15:41,0x44,594,2.5649,322.74
2026-07-12T15:41,0x45,594,2.523,-603.99
2026-07-12T15:42,0x44,595,2.6696,79.4
2026-07-12T15:42,0x45,595,2.7523,-241.25
2026-07-12T15:43,0x44,594,2.7012,49.85
2026-07-12T15:43,0x45,594,2.7821,-193.92
2026-07-12T15:44,0x44,594,2.6826,92.53
2026-07-12T15:44,0x45,594,2.7399,-261.34
2026-07-12T15:45,0x44,595,2.6778,71.22
2026-07-12T15:45,0x45,595,2.7595,-225.74
2026-07-12T15:46,0x44,594,2.5367,303.11
2026-07-12T15:46,0x45,594,2.5372,-575.87
2026-07-12T15:47,0x44,594,2.6596,131.48
2026-07-12T15:47,0x45,594,2.6976,-317.12
2026-07-12T15:48,0x44,595,2.6099,150.82
2026-07-12T15:48,0x45,595,2.6871,-343.47
2026-07-12T15:49,0x44,594,2.6021,159.87
2026-07-12T15:49,0x45,594,2.6651,-361.73
2026-07-12T15:50,0x44,595,2.5872,180.75
2026-07-12T15:50,0x45,595,2.6497,-385.91
2026-07-12T15:51,0x44,594,2.4929,266.89
2026-07-12T15:51,0x45,594,2.5716,-524.49
2026-07-12T15:52,0x44,594,2.5429,136.82
2026-07-12T15:52,0x45,594,2.6915,-327.29
2026-07-12T15:53,0x44,595,2.5971,132.09
2026-07-12T15:53,0x45,595,2.6914,-322.21
2026-07-12T15:54,0x44,594,2.6016,124.67
2026-07-12T15:54,0x45,594,2.6927,-309.11
2026-07-12T15:55,0x44,594,2.6003,136.25
2026-07-12T15:55,0x45,594,2.6851,-326.28
2026-07-12T15:56,0x44,595,2.5404,196.05
2026-07-12T15:56,0x45,595,2.6256,-423.48
2026-07-12T15:57,0x44,594,2.6057,78.66
2026-07-12T15:57,0x45,594,2.7295,-236.81
2026-07-12T15:58,0x44,594,2.7079,28.59
2026-07-12T15:58,0x45,594,2.7417,-168.96
2026-07-12T15:59,0x44,595,2.6866,137.77
2026-07-12T15:59,0x45,595,2.6671,-328.24
2026-07-12T16:00,0x44,594,2.6011,136.91
2026-07-12T16:00,0x45,594,2.6557,-329.25
2026-07-12T16:01,0x44,594,2.6244,142.83
2026-07-12T16:01,0x45,594,2.6406,-340.97
2026-07-12T16:02,0x44,594,2.6199,137.62
2026-07-12T16:02,0x45,594,2.6477,-332.72
2026-07-12T16:03,0x44,594,2.6712,66.92
2026-07-12T16:03,0x45,594,2.708,-223.46
2026-07-12T16:04,0x44,594,2.667,28.54
2026-07-12T16:04,0x45,594,2.7607,-170.04
2026-07-12T16:05,0x44,594,2.6026,117.53
2026-07-12T16:05,0x45,594,2.6655,-302.89
2026-07-12T16:06,0x44,594,2.6428,48.87
2026-07-12T16:06,0x45,594,2.7258,-195.81
2026-07-12T16:07,0x44,594,2.7821,27.96
2026-07-12T16:07,0x45,594,2.7113,-170.71
2026-07-12T16:08,0x44,595,2.726,28.38
2026-07-12T16:08,0x45,595,2.7237,-165.98
2026-07-12T16:09,0x44,594,2.6705,28.52
2026-07-12T16:09,0x45,594,2.7274,-167.31
2026-07-12T16:10,0x44,594,2.6466,48.61
2026-07-12T16:10,0x45,594,2.7159,-201.72
2026-07-12T16:11,0x44,595,2.7235,28.28
2026-07-12T16:11,0x45,595,2.746,-167.12
2026-07-12T16:12,0x44,594,2.6734,11.24
2026-07-12T16:12,0x45,594,2.7533,-143.39
2026-07-12T16:13,0x44,594,2.6514,28.3
2026-07-12T16:13,0x45,594,2.745,-167.51
2026-07-12T16:14,0x44,595,2.6675,11.2
2026-07-12T16:14,0x45,595,2.7479,-143.47
2026-07-12T16:15,0x44,594,2.6408,11.49
2026-07-12T16:15,0x45,594,2.7549,-140.51
2026-07-12T16:16,0x44,594,2.6876,11.29
2026-07-12T16:16,0x45,594,2.7363,-140.54
2026-07-12T16:17,0x44,595,2.68,10.98
2026-07-12T16:17,0x45,595,2.7561,-139.76
2026-07-12T16:18,0x44,594,2.6992,10.96
2026-07-12T16:18,0x45,594,2.7344,-144.49
2026-07-12T16:19,0x44,594,2.6545,11.05
2026-07-12T16:19,0x45,594,2.7557,-144.57
2026-07-12T16:20,0x44,595,2.6797,10.99
2026-07-12T16:20,0x45,595,2.7512,-140.76
2026-07-12T16:21,0x44,594,2.6208,11.14
2026-07-12T16:21,0x45,594,2.7526,-144.72
2026-07-12T16:22,0x44,594,2.683,10.91
2026-07-12T16:22,0x45,594,2.7262,-140.41
2026-07-12T16:23,0x44,595,2.6985,10.98
2026-07-12T16:23,0x45,595,2.7254,-144.46
2026-07-12T16:24,0x44,594,2.6549,10.97
2026-07-12T16:24,0x45,594,2.7464,-141.16
2026-07-12T16:25,0x44,594,2.6723,10.97
2026-07-12T16:25,0x45,594,2.7405,-141.62
2026-07-12T16:26,0x44,595,2.6924,10.99
2026-07-12T16:26,0x45,595,2.7349,-144.78
2026-07-12T16:27,0x44,594,2.6621,10.97
2026-07-12T16:27,0x45,594,2.7306,-140.95
2026-07-12T16:28,0x44,594,2.6633,10.97
2026-07-12T16:28,0x45,594,2.7345,-144.81
2026-07-12T16:29,0x44,594,2.7046,10.92
2026-07-12T16:29,0x45,594,2.7211,-145.24
2026-07-12T16:30,0x44,595,2.7589,10.78
2026-07-12T16:30,0x45,595,2.6923,-142.49
2026-07-12T16:31,0x44,594,2.6838,10.93
2026-07-12T16:31,0x45,594,2.722,-144.85
2026-07-12T16:32,0x44,594,2.6773,11.04
2026-07-12T16:32,0x45,594,2.7129,-145.4
2026-07-12T16:33,0x44,595,2.7009,11.11
2026-07-12T16:33,0x45,595,2.7206,-141.82
2026-07-12T16:34,0x44,594,2.6959,10.96
2026-07-12T16:34,0x45,594,2.7129,-145.81
2026-07-12T16:35,0x44,594,2.6565,11.03
2026-07-12T16:35,0x45,594,2.7255,-142.01
2026-07-12T16:36,0x44,594,2.6679,10.97
2026-07-12T16:36,0x45,594,2.7215,-146.21
2026-07-12T16:37,0x44,595,2.6751,10.94
2026-07-12T16:37,0x45,595,2.7201,-146.26
2026-07-12T16:38,0x44,594,2.6989,10.95
2026-07-12T16:38,0x45,594,2.7127,-141.9
2026-07-12T16:39,0x44,595,2.6224,11.08
2026-07-12T16:39,0x45,595,2.7223,-146.82
2026-07-12T16:40,0x44,594,2.6249,11.22
2026-07-12T16:40,0x45,594,2.7208,-142.33
2026-07-12T16:41,0x44,594,2.6607,10.99
2026-07-12T16:41,0x45,594,2.7088,-146.68
2026-07-12T16:42,0x44,595,2.6591,10.96
2026-07-12T16:42,0x45,595,2.7148,-142.84
2026-07-12T16:43,0x44,594,2.6414,11.01
2026-07-12T16:43,0x45,594,2.7073,-146.86
2026-07-12T16:44,0x44,594,2.7074,10.9
2026-07-12T16:44,0x45,594,2.699,-142.98
2026-07-12T16:45,0x44,595,2.6689,11.2
2026-07-12T16:45,0x45,595,2.7018,-147.03
2026-07-12T16:46,0x44,594,2.6465,10.98
2026-07-12T16:46,0x45,594,2.7047,-143.3
2026-07-12T16:47,0x44,594,2.634,11.09
2026-07-12T16:47,0x45,594,2.6984,-144.09
2026-07-12T16:48,0x44,595,2.6251,11.11
2026-07-12T16:48,0x45,595,2.7044,-146.11
2026-07-12T16:49,0x44,594,2.6585,11.0
2026-07-12T16:49,0x45,594,2.7034,-143.53
2026-07-12T16:50,0x44,594,2.6659,10.98
2026-07-12T16:50,0x45,594,2.698,-147.56
2026-07-12T16:51,0x44,594,2.6506,11.0
2026-07-12T16:51,0x45,594,2.6911,-143.42
2026-07-12T16:52,0x44,595,2.6607,11.01
2026-07-12T16:52,0x45,595,2.6924,-148.08
2026-07-12T16:53,0x44,594,2.6542,11.02
2026-07-12T16:53,0x45,594,2.6915,-147.78
2026-07-12T16:54,0x44,594,2.6149,11.13
2026-07-12T16:54,0x45,594,2.6916,-143.86
2026-07-12T16:55,0x44,595,2.6209,11.09
2026-07-12T16:55,0x45,595,2.6894,-148.82
2026-07-12T16:56,0x44,594,2.6159,11.07
2026-07-12T16:56,0x45,594,2.6876,-144.27
2026-07-12T16:57,0x44,594,2.6665,10.94
2026-07-12T16:57,0x45,594,2.6783,-148.5
2026-07-12T16:58,0x44,595,2.6451,10.98
2026-07-12T16:58,0x45,595,2.6834,-144.31
2026-07-12T16:59,0x44,594,2.6537,11.0
2026-07-12T16:59,0x45,594,2.6806,-148.64
2026-07-12T17:00,0x44,594,2.6564,10.95
2026-07-12T17:00,0x45,594,2.6795,-144.69
2026-07-12T17:01,0x44,595,2.6396,11.05
2026-07-12T17:01,0x45,595,2.6746,-149.57
2026-07-12T17:02,0x44,594,2.6209,11.01
2026-07-12T17:02,0x45,594,2.6735,-145.53
2026-07-12T17:03,0x44,594,2.6627,11.0
2026-07-12T17:03,0x45,594,2.6697,-149.14
2026-07-12T17:04,0x44,595,2.6538,10.91
2026-07-12T17:04,0x45,595,2.6693,-145.82
2026-07-12T17:05,0x44,594,2.6308,11.05
2026-07-12T17:05,0x45,594,2.6602,-149.62
2026-07-12T17:06,0x44,594,2.6126,11.1
2026-07-12T17:06,0x45,594,2.6635,-145.66
2026-07-12T17:07,0x44,595,2.674,11.02
2026-07-12T17:07,0x45,595,2.6487,-149.67
2026-07-12T17:08,0x44,594,2.655,10.99
2026-07-12T17:08,0x45,594,2.6573,-150.0
2026-07-12T17:09,0x44,594,2.6666,10.94
2026-07-12T17:09,0x45,594,2.6384,-146.5
2026-07-12T17:10,0x44,595,2.6423,11.05
2026-07-12T17:10,0x45,595,2.642,-146.43
2026-07-12T17:11,0x44,594,2.6954,10.87
2026-07-12T17:11,0x45,594,2.6428,-150.72
2026-07-12T17:12,0x44,594,2.6474,10.94
2026-07-12T17:12,0x45,594,2.6468,-147.14
2026-07-12T17:13,0x44,594,2.6601,11.04
2026-07-12T17:13,0x45,594,2.6399,-151.26
2026-07-12T17:14,0x44,595,2.6492,10.93
2026-07-12T17:14,0x45,595,2.6402,-146.73
2026-07-12T17:15,0x44,594,2.6538,10.95
2026-07-12T17:15,0x45,594,2.6355,-151.73
2026-07-12T17:16,0x44,594,2.6869,11.0
2026-07-12T17:16,0x45,594,2.6233,-147.47
2026-07-12T17:17,0x44,595,2.6548,11.0
2026-07-12T17:17,0x45,595,2.622,-151.68
2026-07-12T17:18,0x44,594,2.654,10.95
2026-07-12T17:18,0x45,594,2.6268,-147.9
2026-07-12T17:19,0x44,594,2.6704,10.9
2026-07-12T17:19,0x45,594,2.617,-147.71
2026-07-12T17:20,0x44,595,2.6556,10.96
2026-07-12T17:20,0x45,595,2.6153,-152.27
2026-07-12T17:21,0x44,594,2.6195,11.06
2026-07-12T17:21,0x45,594,2.6143,-148.63
2026-07-12T17:22,0x44,594,2.6391,11.04
2026-07-12T17:22,0x45,594,2.6061,-152.87
2026-07-12T17:23,0x44,595,2.6418,10.98
2026-07-12T17:23,0x45,595,2.6071,-148.79
2026-07-12T17:24,0x44,594,2.6814,10.99
2026-07-12T17:24,0x45,594,2.595,-152.96
2026-07-12T17:25,0x44,594,2.6691,10.98
2026-07-12T17:25,0x45,594,2.595,-149.68
2026-07-12T17:26,0x44,594,2.6536,10.96
2026-07-12T17:26,0x45,594,2.5931,-154.08
2026-07-12T17:27,0x44,595,2.6539,10.99
2026-07-12T17:27,0x45,595,2.5899,-150.86
2026-07-12T17:28,0x44,594,2.6519,10.94
2026-07-12T17:28,0x45,594,2.5843,-155.23
2026-07-12T17:29,0x44,594,2.6621,10.96
2026-07-12T17:29,0x45,594,2.5776,-159.6
2026-07-12T17:30,0x44,595,2.6537,10.9
2026-07-12T17:30,0x45,595,2.5727,-151.82
2026-07-12T17:31,0x44,594,2.6193,11.08
2026-07-12T17:31,0x45,594,2.5682,-155.8
2026-07-12T17:32,0x44,594,2.6881,10.89
2026-07-12T17:32,0x45,594,2.5601,-156.28
2026-07-12T17:33,0x44,595,2.6697,10.91
2026-07-12T17:33,0x45,595,2.5498,-156.87
2026-07-12T17:34,0x44,594,2.6513,10.92
2026-07-12T17:34,0x45,594,2.5533,-155.35
2026-07-12T17:35,0x44,594,2.6525,10.98
2026-07-12T17:35,0x45,594,2.5426,-154.73
2026-07-12T17:36,0x44,595,2.6737,10.91
2026-07-12T17:36,0x45,595,2.5103,-153.65
2026-07-12T17:37,0x44,594,2.644,10.99
2026-07-12T17:37,0x45,594,2.5352,-158.12
2026-07-12T17:38,0x44,594,2.6543,10.95
2026-07-12T17:38,0x45,594,2.5301,-158.16
2026-07-12T17:39,0x44,595,2.6524,10.93
2026-07-12T17:39,0x45,595,2.5216,-155.15
2026-07-12T17:40,0x44,594,2.6579,10.96
2026-07-12T17:40,0x45,594,2.5172,-159.65
2026-07-12T17:41,0x44,594,2.6461,10.93
2026-07-12T17:41,0x45,594,2.5118,-155.64
2026-07-12T17:42,0x44,595,2.6724,10.99
2026-07-12T17:42,0x45,595,2.494,-160.19
2026-07-12T17:43,0x44,594,2.612,11.03
2026-07-12T17:43,0x45,594,2.4971,-156.71
2026-07-12T17:44,0x44,594,2.6225,11.02
2026-07-12T17:44,0x45,594,2.4881,-160.62
2026-07-12T17:45,0x44,595,2.6093,11.06
2026-07-12T17:45,0x45,595,2.4816,-157.18
2026-07-12T17:46,0x44,594,2.6678,11.01
2026-07-12T17:46,0x45,594,2.4709,-162.46
2026-07-12T17:47,0x44,594,2.607,11.03
2026-07-12T17:47,0x45,594,2.4636,-160.87
2026-07-12T17:48,0x44,594,2.6561,10.46
2026-07-12T17:48,0x45,594,2.4732,-112.01
2026-07-12T17:49,0x44,595,2.544,10.28
2026-07-12T17:49,0x45,595,2.4826,-73.12
2026-07-12T17:50,0x44,594,2.5074,10.37
2026-07-12T17:50,0x45,594,2.4806,-69.28
2026-07-12T17:51,0x44,594,2.5177,10.37
2026-07-12T17:51,0x45,594,2.4797,-69.26
2026-07-12T17:52,0x44,346,2.5514,10.23
2026-07-12T17:52,0x45,346,2.473,-69.68
