# fixture_id,F3FD7C
# firmware,net-bench-2026-08-06.4
# capture_id,3
# pulse_ms,12
# requested_conversion_hz,80000
# vsns_sample_hz,40318.504
# d7s_sample_hz,40318.504
# radio_quiet,true
t_ms,bank_v,vsns_mv,d7s_mv,gate_command
-10.3178,12.2844,3048,0,0
-10.2930,12.2803,3047,0,0
-10.2682,12.3569,3066,0,0
-10.2434,12.2521,3040,0,0
-10.2186,12.2924,3050,0,0
-10.1938,12.3005,3052,0,0
-10.1690,12.2602,3042,0,0
-10.1442,12.3529,3065,0,0
-10.1194,12.3206,3057,0,0
-10.0946,12.2924,3050,0,0
-10.0698,12.2521,3040,0,0
-10.0450,12.2441,3038,0,0
-10.0202,12.1997,3027,0,0
-9.9954,12.2199,3032,0,0
-9.9706,12.3287,3059,0,0
-9.9458,12.2763,3046,0,0
-9.9210,12.2239,3033,0,0
-9.8962,12.2803,3047,0,0
-9.8714,12.2844,3048,0,0
-9.8466,12.2521,3040,0,0
-9.8218,12.2803,3047,0,0
-9.7970,12.2844,3048,0,0
-9.7722,12.2481,3039,0,0
-9.7474,12.3206,3057,0,0
-9.7226,12.3005,3052,0,0
-9.6978,12.2682,3044,0,0
-9.6730,12.2521,3040,0,0
-9.6482,12.2924,3050,0,0
-9.6234,12.2924,3050,0,0
-9.5986,12.2441,3038,0,0
-9.5738,12.2844,3048,0,0
-9.5490,12.3488,3064,0,0
-9.5242,12.2844,3048,0,0
-9.4994,12.3287,3059,0,0
-9.4746,12.3045,3053,0,0
-9.4498,12.4133,3080,0,0
-9.4250,12.2481,3039,0,0
-9.4002,12.3045,3053,0,0
-9.3753,12.2723,3045,0,0
-9.3505,12.2320,3035,0,0
-9.3257,12.3166,3056,0,0
-9.3009,12.2723,3045,0,0
-9.2761,12.2360,3036,0,0
-9.2513,12.3287,3059,0,0
-9.2265,12.2521,3040,0,0
-9.2017,12.3126,3055,0,0
-9.1769,12.2965,3051,0,0
-9.1521,12.2924,3050,0,0
-9.1273,12.2803,3047,0,0
-9.1025,12.2924,3050,0,0
-9.0777,12.2723,3045,0,0
-9.0529,12.2803,3047,0,0
-9.0281,12.2602,3042,0,0
-9.0033,12.2199,3032,0,0
-8.9785,12.2682,3044,0,0
-8.9537,12.2682,3044,0,0
-8.9289,12.3206,3057,0,0
-8.9041,12.2803,3047,0,0
-8.8793,12.2763,3046,0,0
-8.8545,12.2682,3044,0,0
-8.8297,12.3771,3071,0,0
-8.8049,12.2763,3046,0,0
-8.7801,12.2844,3048,0,0
-8.7553,12.3005,3052,0,0
-8.7305,12.2844,3048,0,0
-8.7057,12.2521,3040,0,0
-8.6809,12.3085,3054,0,0
-8.6561,12.2723,3045,0,0
-8.6313,12.3932,3075,0,0
-8.6065,12.2481,3039,0,0
-8.5817,12.2481,3039,0,0
-8.5569,12.3166,3056,0,0
-8.5321,12.2803,3047,0,0
-8.5073,12.2803,3047,0,0
-8.4825,12.3005,3052,0,0
-8.4577,12.2682,3044,0,0
-8.4329,12.2521,3040,0,0
-8.4081,12.3126,3055,0,0
-8.3832,12.2924,3050,0,0
-8.3584,12.3206,3057,0,0
-8.3336,12.2763,3046,0,0
-8.3088,12.2763,3046,0,0
-8.2840,12.2803,3047,0,0
-8.2592,12.2803,3047,0,0
-8.2344,12.2602,3042,0,0
-8.2096,12.2803,3047,0,0
-8.1848,12.3811,3072,0,0
-8.1600,12.2763,3046,0,0
-8.1352,12.2723,3045,0,0
-8.1104,12.2803,3047,0,0
-8.0856,12.3085,3054,0,0
-8.0608,12.2803,3047,0,0
-8.0360,12.2682,3044,0,0
-8.0112,12.2763,3046,0,0
-7.9864,12.2602,3042,0,0
-7.9616,12.2844,3048,0,0
-7.9368,12.2602,3042,0,0
-7.9120,12.2763,3046,0,0
-7.8872,12.2360,3036,0,0
-7.8624,12.2924,3050,0,0
-7.8376,12.2682,3044,0,0
-7.8128,12.3206,3057,0,0
-7.7880,12.2844,3048,0,0
-7.7632,12.2803,3047,0,0
-7.7384,12.2763,3046,0,0
-7.7136,12.3005,3052,0,0
-7.6888,12.2521,3040,0,0
-7.6640,12.2521,3040,0,0
-7.6392,12.2803,3047,0,0
-7.6144,12.2844,3048,0,0
-7.5896,12.2360,3036,0,0
-7.5648,12.3085,3054,0,0
-7.5400,12.3166,3056,0,0
-7.5152,12.3206,3057,0,0
-7.4904,12.2279,3034,0,0
-7.4656,12.2803,3047,0,0
-7.4408,12.2803,3047,0,0
-7.4159,12.2521,3040,0,0
-7.3911,12.2763,3046,0,0
-7.3663,12.2803,3047,0,0
-7.3415,12.3488,3064,0,0
-7.3167,12.2803,3047,0,0
-7.2919,12.2602,3042,0,0
-7.2671,12.2521,3040,0,0
-7.2423,12.2441,3038,0,0
-7.2175,12.2521,3040,0,0
-7.1927,12.2844,3048,0,0
-7.1679,12.2763,3046,0,0
-7.1431,12.3206,3057,0,0
-7.1183,12.2844,3048,0,0
-7.0935,12.2521,3040,0,0
-7.0687,12.2521,3040,0,0
-7.0439,12.2803,3047,0,0
-7.0191,12.3045,3053,0,0
-6.9943,12.2844,3048,0,0
-6.9695,12.2763,3046,0,0
-6.9447,12.2763,3046,0,0
-6.9199,12.2844,3048,0,0
-6.8951,12.2763,3046,0,0
-6.8703,12.3206,3057,0,0
-6.8455,12.3126,3055,0,0
-6.8207,12.3126,3055,0,0
-6.7959,12.2602,3042,0,0
-6.7711,12.2521,3040,0,0
-6.7463,12.2481,3039,0,0
-6.7215,12.2803,3047,0,0
-6.6967,12.3085,3054,0,0
-6.6719,12.3045,3053,0,0
-6.6471,12.2803,3047,0,0
-6.6223,12.2763,3046,0,0
-6.5975,12.3045,3053,0,0
-6.5727,12.2844,3048,0,0
-6.5479,12.2602,3042,0,0
-6.5231,12.2481,3039,0,0
-6.4983,12.2521,3040,0,0
-6.4735,12.2924,3050,0,0
-6.4487,12.2844,3048,0,0
-6.4238,12.3166,3056,0,0
-6.3990,12.3166,3056,0,0
-6.3742,12.2803,3047,0,0
-6.3494,12.2803,3047,0,0
-6.3246,12.3085,3054,0,0
-6.2998,12.2521,3040,0,0
-6.2750,12.2602,3042,0,0
-6.2502,12.2521,3040,0,0
-6.2254,12.3126,3055,0,0
-6.2006,12.2199,3032,0,0
-6.1758,12.2844,3048,0,0
-6.1510,12.3529,3065,0,0
-6.1262,12.3005,3052,0,0
-6.1014,12.2602,3042,0,0
-6.0766,12.2924,3050,0,0
-6.0518,12.2803,3047,0,0
-6.0270,12.2844,3048,0,0
-6.0022,12.2803,3047,0,0
-5.9774,12.2844,3048,0,0
-5.9526,12.3771,3071,0,0
-5.9278,12.2844,3048,0,0
-5.9030,12.2924,3050,0,0
-5.8782,12.2844,3048,0,0
-5.8534,12.3609,3067,0,0
-5.8286,12.2844,3048,0,0
-5.8038,12.2682,3044,0,0
-5.7790,12.2844,3048,0,0
-5.7542,12.2803,3047,0,0
-5.7294,12.2844,3048,0,0
-5.7046,12.2803,3047,0,0
-5.6798,12.2924,3050,0,0
-5.6550,12.3005,3052,0,0
-5.6302,12.3166,3056,0,0
-5.6054,12.2602,3042,0,0
-5.5806,12.2844,3048,0,0
-5.5558,12.2844,3048,0,0
-5.5310,12.3166,3056,0,0
-5.5062,12.2602,3042,0,0
-5.4814,12.3166,3056,0,0
-5.4566,12.3166,3056,0,0
-5.4317,12.2481,3039,0,0
-5.4069,12.2803,3047,0,0
-5.3821,12.2924,3050,0,0
-5.3573,12.2965,3051,0,0
-5.3325,12.2844,3048,0,0
-5.3077,12.2924,3050,0,0
-5.2829,12.3287,3059,0,0
-5.2581,12.2481,3039,0,0
-5.2333,12.3005,3052,0,0
-5.2085,12.2521,3040,0,0
-5.1837,12.2602,3042,0,0
-5.1589,12.2602,3042,0,0
-5.1341,12.2844,3048,0,0
-5.1093,12.2682,3044,0,0
-5.0845,12.2602,3042,0,0
-5.0597,12.2763,3046,0,0
-5.0349,12.2602,3042,0,0
-5.0101,12.3126,3055,0,0
-4.9853,12.3166,3056,0,0
-4.9605,12.2521,3040,0,0
-4.9357,12.2803,3047,0,0
-4.9109,12.2320,3035,0,0
-4.8861,12.2763,3046,0,0
-4.8613,12.3045,3053,0,0
-4.8365,12.2521,3040,0,0
-4.8117,12.2682,3044,0,0
-4.7869,12.3005,3052,0,0
-4.7621,12.3126,3055,0,0
-4.7373,12.3126,3055,0,0
-4.7125,12.3206,3057,0,0
-4.6877,12.2360,3036,0,0
-4.6629,12.2602,3042,0,0
-4.6381,12.3690,3069,0,0
-4.6133,12.2803,3047,0,0
-4.5885,12.2803,3047,0,0
-4.5637,12.2924,3050,0,0
-4.5389,12.3529,3065,0,0
-4.5141,12.3206,3057,0,0
-4.4893,12.2360,3036,0,0
-4.4645,12.3085,3054,0,0
-4.4396,12.2803,3047,0,0
-4.4148,12.3126,3055,0,0
-4.3900,12.2682,3044,0,0
-4.3652,12.3851,3073,0,0
-4.3404,12.2441,3038,0,0
-4.3156,12.2239,3033,0,0
-4.2908,12.2521,3040,0,0
-4.2660,12.2360,3036,0,0
-4.2412,12.2844,3048,0,0
-4.2164,12.2844,3048,0,0
-4.1916,12.2682,3044,0,0
-4.1668,12.2844,3048,0,0
-4.1420,12.3488,3064,0,0
-4.1172,12.2481,3039,0,0
-4.0924,12.2360,3036,0,0
-4.0676,12.3529,3065,0,0
-4.0428,12.2924,3050,0,0
-4.0180,12.2682,3044,0,0
-3.9932,12.2924,3050,0,0
-3.9684,12.3085,3054,0,0
-3.9436,12.2481,3039,0,0
-3.9188,12.2924,3050,0,0
-3.8940,12.2803,3047,0,0
-3.8692,12.2602,3042,0,0
-3.8444,12.2602,3042,0,0
-3.8196,12.2521,3040,0,0
-3.7948,12.3327,3060,0,0
-3.7700,12.2844,3048,0,0
-3.7452,12.2602,3042,0,0
-3.7204,12.2521,3040,0,0
-3.6956,12.3327,3060,0,0
-3.6708,12.2521,3040,0,0
-3.6460,12.2441,3038,0,0
-3.6212,12.3529,3065,0,0
-3.5964,12.3126,3055,0,0
-3.5716,12.2481,3039,0,0
-3.5468,12.3206,3057,0,0
-3.5220,12.3126,3055,0,0
-3.4972,12.3206,3057,0,0
-3.4724,12.2682,3044,0,0
-3.4475,12.3488,3064,0,0
-3.4227,12.2763,3046,0,0
-3.3979,12.2844,3048,0,0
-3.3731,12.2924,3050,0,0
-3.3483,12.2844,3048,0,0
-3.3235,12.2320,3035,0,0
-3.2987,12.3005,3052,0,0
-3.2739,12.1997,3027,0,0
-3.2491,12.2521,3040,0,0
-3.2243,12.3206,3057,0,0
-3.1995,12.2803,3047,0,0
-3.1747,12.3488,3064,0,0
-3.1499,12.2803,3047,0,0
-3.1251,12.2239,3033,0,0
-3.1003,12.3045,3053,0,0
-3.0755,12.3730,3070,0,0
-3.0507,12.2360,3036,0,0
-3.0259,12.3569,3066,0,0
-3.0011,12.3488,3064,0,0
-2.9763,12.2602,3042,0,0
-2.9515,12.3206,3057,0,0
-2.9267,12.2682,3044,0,0
-2.9019,12.2763,3046,0,0
-2.8771,12.3166,3056,0,0
-2.8523,12.2602,3042,0,0
-2.8275,12.2763,3046,0,0
-2.8027,12.3247,3058,0,0
-2.7779,12.2602,3042,0,0
-2.7531,12.2602,3042,0,0
-2.7283,12.2844,3048,0,0
-2.7035,12.2763,3046,0,0
-2.6787,12.2763,3046,0,0
-2.6539,12.2602,3042,0,0
-2.6291,12.3005,3052,0,0
-2.6043,12.3045,3053,0,0
-2.5795,12.2521,3040,0,0
-2.5547,12.3085,3054,0,0
-2.5299,12.3005,3052,0,0
-2.5051,12.2924,3050,0,0
-2.4803,12.2844,3048,0,0
-2.4554,12.2924,3050,0,0
-2.4306,12.3206,3057,0,0
-2.4058,12.3166,3056,0,0
-2.3810,12.2965,3051,0,0
-2.3562,12.3206,3057,0,0
-2.3314,12.2521,3040,0,0
-2.3066,12.2602,3042,0,0
-2.2818,12.3166,3056,0,0
-2.2570,12.2763,3046,0,0
-2.2322,12.2844,3048,0,0
-2.2074,12.2521,3040,0,0
-2.1826,12.2602,3042,0,0
-2.1578,12.2602,3042,0,0
-2.1330,12.2844,3048,0,0
-2.1082,12.2521,3040,0,0
-2.0834,12.3206,3057,0,0
-2.0586,12.2924,3050,0,0
-2.0338,12.2441,3038,0,0
-2.0090,12.2965,3051,0,0
-1.9842,12.3166,3056,0,0
-1.9594,12.2763,3046,0,0
-1.9346,12.2481,3039,0,0
-1.9098,12.2682,3044,0,0
-1.8850,12.2844,3048,0,0
-1.8602,12.2803,3047,0,0
-1.8354,12.3287,3059,0,0
-1.8106,12.2521,3040,0,0
-1.7858,12.2803,3047,0,0
-1.7610,12.2521,3040,0,0
-1.7362,12.2844,3048,0,0
-1.7114,12.2924,3050,0,0
-1.6866,12.2602,3042,0,0
-1.6618,12.3166,3056,0,0
-1.6370,12.3206,3057,0,0
-1.6122,12.2360,3036,0,0
-1.5874,12.2602,3042,0,0
-1.5626,12.2602,3042,0,0
-1.5378,12.2521,3040,0,0
-1.5130,12.2481,3039,0,0
-1.4882,12.2924,3050,0,0
-1.4633,12.2803,3047,0,0
-1.4385,12.2803,3047,0,0
-1.4137,12.3287,3059,0,0
-1.3889,12.2924,3050,0,0
-1.3641,12.2763,3046,0,0
-1.3393,12.2682,3044,0,0
-1.3145,12.2602,3042,0,0
-1.2897,12.2602,3042,0,0
-1.2649,12.2521,3040,0,0
-1.2401,12.2602,3042,0,0
-1.2153,12.2844,3048,0,0
-1.1905,12.3488,3064,0,0
-1.1657,12.3166,3056,0,0
-1.1409,12.2844,3048,0,0
-1.1161,12.5181,3106,0,0
-1.0913,12.2521,3040,0,0
-1.0665,12.2763,3046,0,0
-1.0417,12.2803,3047,0,0
-1.0169,12.2521,3040,0,0
-0.9921,12.3005,3052,0,0
-0.9673,12.3247,3058,0,0
-0.9425,12.2481,3039,0,0
-0.9177,12.3206,3057,0,0
-0.8929,12.2844,3048,0,0
-0.8681,12.2844,3048,0,0
-0.8433,12.2158,3031,0,0
-0.8185,12.2602,3042,0,0
-0.7937,12.2602,3042,0,0
-0.7689,12.2602,3042,0,0
-0.7441,12.2803,3047,0,0
-0.7193,12.3166,3056,0,0
-0.6945,12.2803,3047,0,0
-0.6697,12.2481,3039,0,0
-0.6449,12.3085,3054,0,0
-0.6201,12.3085,3054,0,0
-0.5953,12.2682,3044,0,0
-0.5705,12.2763,3046,0,0
-0.5457,12.2924,3050,0,0
-0.5209,12.3085,3054,0,0
-0.4961,12.2763,3046,0,0
-0.4712,12.3085,3054,0,0
-0.4464,12.2844,3048,0,0
-0.4216,12.2682,3044,0,0
-0.3968,12.2924,3050,0,0
-0.3720,12.2803,3047,0,0
-0.3472,12.2441,3038,0,0
-0.3224,12.2844,3048,0,0
-0.2976,12.2924,3050,0,0
-0.2728,12.3206,3057,0,0
-0.2480,12.3045,3053,0,0
-0.2232,12.2602,3042,0,0
-0.1984,12.3327,3060,0,0
-0.1736,12.2844,3048,0,0
-0.1488,12.3166,3056,0,0
-0.1240,12.2521,3040,0,0
-0.0992,12.2844,3048,0,0
-0.0744,12.3166,3056,0,0
-0.0496,12.2360,3036,0,0
-0.0248,12.2844,3048,0,0
0.0000,12.3085,3054,0,1
0.0248,12.2803,3047,0,1
0.0496,12.3529,3065,3180,1
0.0744,12.3327,3060,3180,1
0.0992,12.3488,3064,3181,1
0.1240,12.2521,3040,3183,1
0.1488,12.2803,3047,3185,1
0.1736,12.3287,3059,3180,1
0.1984,12.2844,3048,3179,1
0.2232,12.3126,3055,3185,1
0.2480,12.2803,3047,3180,1
0.2728,12.2924,3050,3180,1
0.2976,12.2763,3046,3184,1
0.3224,12.2803,3047,3185,1
0.3472,12.2844,3048,3185,1
0.3720,12.2924,3050,3183,1
0.3968,12.2844,3048,3185,1
0.4216,12.1997,3027,3180,1
0.4464,12.2924,3050,3180,1
0.4712,12.3206,3057,3183,1
0.4961,12.2803,3047,3181,1
0.5209,12.2844,3048,3181,1
0.5457,12.3085,3054,3184,1
0.5705,12.3166,3056,3185,1
0.5953,12.3005,3052,3181,1
0.6201,12.3488,3064,3185,1
0.6449,12.3327,3060,3182,1
0.6697,12.2481,3039,3185,1
0.6945,12.2602,3042,3186,1
0.7193,12.3609,3067,3185,1
0.7441,12.2763,3046,3189,1
0.7689,12.2924,3050,3181,1
0.7937,12.2602,3042,3180,1
0.8185,12.3529,3065,3178,1
0.8433,12.3085,3054,3189,1
0.8681,12.3005,3052,3186,1
0.8929,12.2844,3048,3180,1
0.9177,12.2844,3048,3185,1
0.9425,12.3166,3056,3183,1
0.9673,12.2521,3040,3184,1
0.9921,12.2602,3042,3183,1
1.0169,12.3126,3055,3186,1
1.0417,12.3448,3063,3186,1
1.0665,12.2602,3042,3186,1
1.0913,12.2763,3046,3186,1
1.1161,12.3488,3064,3185,1
1.1409,12.2924,3050,3185,1
1.1657,12.3005,3052,3189,1
1.1905,12.2803,3047,3185,1
1.2153,12.3529,3065,3185,1
1.2401,12.3529,3065,3183,1
1.2649,12.2763,3046,3185,1
1.2897,12.2803,3047,3186,1
1.3145,12.2763,3046,3183,1
1.3393,12.3529,3065,3186,1
1.3641,12.3166,3056,3189,1
1.3889,12.2803,3047,3184,1
1.4137,12.2682,3044,3185,1
1.4385,12.3005,3052,3180,1
1.4633,12.3327,3060,3183,1
1.4882,12.3085,3054,3185,1
1.5130,12.2602,3042,3185,1
1.5378,12.2481,3039,3183,1
1.5626,12.3287,3059,3185,1
1.5874,12.3730,3070,3180,1
1.6122,12.3206,3057,3189,1
1.6370,12.2682,3044,3186,1
1.6618,12.2481,3039,3181,1
1.6866,12.2682,3044,3186,1
1.7114,12.4053,3078,3182,1
1.7362,12.3488,3064,3185,1
1.7610,12.2924,3050,3189,1
1.7858,12.3085,3054,3189,1
1.8106,12.2723,3045,3189,1
1.8354,12.2682,3044,3183,1
1.8602,12.2441,3038,3180,1
1.8850,12.3811,3072,3185,1
1.9098,12.4214,3082,3183,1
1.9346,12.4012,3077,3181,1
1.9594,12.3851,3073,3185,1
1.9842,12.4053,3078,3180,1
2.0090,12.3287,3059,3185,1
2.0338,12.3126,3055,3189,1
2.0586,12.3569,3066,3189,1
2.0834,12.3206,3057,3189,1
2.1082,12.3005,3052,3189,1
2.1330,12.3569,3066,3188,1
2.1578,12.3488,3064,3189,1
2.1826,12.3488,3064,3189,1
2.2074,12.3771,3071,3180,1
2.2322,12.3690,3069,3185,1
2.2570,12.5020,3102,3182,1
2.2818,12.4536,3090,3185,1
2.3066,12.1917,3025,3189,1
2.3314,12.2844,3048,3189,1
2.3562,12.3771,3071,3189,1
2.3810,12.4698,3094,3177,1
2.4058,12.5504,3114,3186,1
2.4306,12.2481,3039,3189,1
2.4554,12.4133,3080,3186,1
2.4803,12.6552,3140,3186,1
2.5051,12.3851,3073,3189,1
2.5299,12.3892,3074,3187,1
2.5547,12.4174,3081,3186,1
2.5795,12.2602,3042,3189,1
2.6043,12.4859,3098,3181,1
2.6291,12.5342,3110,3189,1
2.6539,12.6431,3137,3189,1
2.6787,12.8526,3189,3189,1
2.7035,11.3574,2818,3117,1
2.7283,12.8526,3189,3189,1
2.7531,12.2682,3044,3084,1
2.7779,12.8526,3189,3189,1
2.8027,12.2682,3044,3090,1
2.8275,12.8526,3189,3189,1
2.8523,11.9055,2954,3180,1
2.8771,11.4461,2840,3128,1
2.9019,11.2728,2797,3189,1
2.9267,12.8526,3189,3189,1
2.9515,11.0471,2741,3189,1
2.9763,12.8526,3189,3189,1
3.0011,12.2521,3040,3189,1
3.0259,11.7242,2909,3189,1
3.0507,12.8526,3189,3189,1
3.0755,11.5025,2854,3186,1
3.1003,12.8526,3189,3189,1
3.1251,11.8088,2930,3189,1
3.1499,12.7358,3160,3189,1
3.1747,11.7362,2912,3158,1
3.1995,11.3534,2817,3167,1
3.2243,12.2199,3032,3189,1
3.2491,12.3206,3057,3189,1
3.2739,12.8526,3189,3144,1
3.2987,12.8526,3189,3189,1
3.3235,12.0264,2984,3168,1
3.3483,12.3166,3056,3189,1
3.3731,12.8526,3189,3189,1
3.3979,11.3775,2823,3186,1
3.4227,12.5222,3107,3163,1
3.4475,12.5423,3112,3185,1
3.4724,12.8405,3186,3170,1
3.4972,12.8526,3189,3164,1
3.5220,12.2602,3042,3189,1
3.5468,12.5342,3110,3169,1
3.5716,12.7075,3153,3188,1
3.5964,11.2042,2780,3189,1
3.6212,12.8526,3189,3189,1
3.6460,12.8526,3189,3189,1
3.6708,12.1070,3004,3129,1
3.6956,12.8526,3189,3189,1
3.7204,12.3771,3071,3189,1
3.7452,12.8526,3189,3189,1
3.7700,11.5105,2856,3189,1
3.7948,12.3529,3065,3157,1
3.8196,12.8526,3189,3189,1
3.8444,12.8526,3189,3149,1
3.8692,12.8526,3189,3180,1
3.8940,12.8526,3189,3175,1
3.9188,12.3166,3056,3189,1
3.9436,10.7045,2656,3189,1
3.9684,11.6476,2890,3189,1
3.9932,12.7075,3153,3167,1
4.0180,12.8526,3189,3175,1
4.0428,12.6148,3130,3189,1
4.0676,12.4295,3084,3189,1
4.0924,12.8526,3189,3189,1
4.1172,12.5060,3103,3183,1
4.1420,12.8526,3189,3172,1
4.1668,12.8526,3189,3173,1
4.1916,12.6148,3130,3189,1
4.2164,12.6390,3136,3189,1
4.2412,12.8526,3189,3179,1
4.2660,12.8526,3189,3180,1
4.2908,12.3569,3066,3189,1
4.3156,12.8526,3189,3180,1
4.3404,12.6148,3130,3189,1
4.3652,12.2602,3042,3189,1
4.3900,12.8526,3189,3170,1
4.4148,12.8526,3189,3157,1
4.4396,12.4496,3089,3170,1
4.4645,12.8526,3189,3167,1
4.4893,12.1473,3014,3145,1
4.5141,12.1393,3012,3162,1
4.5389,12.8526,3189,3189,1
4.5637,12.5222,3107,3185,1
4.5885,11.6637,2894,3175,1
4.6133,12.8526,3189,3181,1
4.6381,12.8526,3189,3189,1
4.6629,12.6350,3135,3189,1
4.6877,12.8365,3185,3163,1
4.7125,11.9498,2965,3189,1
4.7373,12.8526,3189,3175,1
4.7621,11.6395,2888,3185,1
4.7869,12.1554,3016,3189,1
4.8117,12.3972,3076,3189,1
4.8365,11.7443,2914,3189,1
4.8613,11.8692,2945,3189,1
4.8861,11.8692,2945,3180,1
4.9109,11.6355,2887,3189,1
4.9357,12.6431,3137,3160,1
4.9605,12.8526,3189,3189,1
4.9853,12.7237,3157,3189,1
5.0101,12.5383,3111,3174,1
5.0349,11.0027,2730,3189,1
5.0597,11.6032,2879,3172,1
5.0845,12.5504,3114,3186,1
5.1093,12.8526,3189,3155,1
5.1341,12.8526,3189,3189,1
5.1589,12.8526,3189,3183,1
5.1837,12.0909,3000,3189,1
5.2085,11.4541,2842,3189,1
5.2333,12.8526,3189,3189,1
5.2581,11.7524,2916,3189,1
5.2829,11.6355,2887,3181,1
5.3077,12.8405,3186,3165,1
5.3325,12.8526,3189,3189,1
5.3573,11.9095,2955,3189,1
5.3821,12.8526,3189,3189,1
5.4069,11.7040,2904,3189,1
5.4317,12.5060,3103,3185,1
5.4566,12.8526,3189,3189,1
5.4814,11.6597,2893,3189,1
5.5062,12.6390,3136,3153,1
5.5310,12.8526,3189,3168,1
5.5558,11.8975,2952,3189,1
5.5806,12.8526,3189,3171,1
5.6054,12.8526,3189,3189,1
5.6302,12.3851,3073,3178,1
5.6550,12.0466,2989,3189,1
5.6798,12.6592,3141,3189,1
5.7046,12.0264,2984,3189,1
5.7294,12.3488,3064,3177,1
5.7542,12.8123,3179,3157,1
5.7790,12.8526,3189,3189,1
5.8038,12.4859,3098,3189,1
5.8286,11.5428,2864,3189,1
5.8534,12.6834,3147,3189,1
5.8782,12.6511,3139,3189,1
5.9030,12.8526,3189,3178,1
5.9278,12.8526,3189,3163,1
5.9526,11.8330,2936,3160,1
5.9774,10.8455,2691,3180,1
6.0022,12.0264,2984,3189,1
6.0270,12.8526,3189,3189,1
6.0518,12.7559,3165,3188,1
6.0766,12.0143,2981,3180,1
6.1014,12.5866,3123,3189,1
6.1262,11.6032,2879,3186,1
6.1510,12.8526,3189,3185,1
6.1758,12.8526,3189,3137,1
6.2006,12.8526,3189,3175,1
6.2254,12.3851,3073,3189,1
6.2502,12.8526,3189,3189,1
6.2750,11.7967,2927,3180,1
6.2998,12.8526,3189,3163,1
6.3246,12.4496,3089,3189,1
6.3494,11.5307,2861,3189,1
6.3742,11.9982,2977,3189,1
6.3990,11.4904,2851,3151,1
6.4238,12.2803,3047,3189,1
6.4487,12.3206,3057,3189,1
6.4735,12.4859,3098,3137,1
6.4983,11.5428,2864,3175,1
6.5231,12.2521,3040,3141,1
6.5479,11.8048,2929,3189,1
6.5727,12.5423,3112,3189,1
6.5975,12.8526,3189,3185,1
6.6223,12.8526,3189,3189,1
6.6471,12.3609,3067,3180,1
6.6719,12.8526,3189,3167,1
6.6967,11.8733,2946,3180,1
6.7215,12.4375,3086,3189,1
6.7463,11.2445,2790,3175,1
6.7711,12.3287,3059,3179,1
6.7959,12.7156,3155,3163,1
6.8207,12.8526,3189,3180,1
6.8455,11.8410,2938,3165,1
6.8703,11.4178,2833,3189,1
6.8951,12.8526,3189,3179,1
6.9199,12.0788,2997,3189,1
6.9447,12.8526,3189,3189,1
6.9695,12.8526,3189,3178,1
6.9943,12.6148,3130,3189,1
7.0191,12.8526,3189,3189,1
7.0439,12.8526,3189,3163,1
7.0687,12.1876,3024,3147,1
7.0935,12.8526,3189,3154,1
7.1183,12.7196,3156,3185,1
7.1431,12.0264,2984,3189,1
7.1679,11.6919,2901,3189,1
7.1927,12.6068,3128,3182,1
7.2175,12.3529,3065,3149,1
7.2423,12.8526,3189,3167,1
7.2671,12.8526,3189,3189,1
7.2919,11.8813,2948,3082,1
7.3167,12.8526,3189,3189,1
7.3415,11.8249,2934,3186,1
7.3663,12.8526,3189,3189,1
7.3911,12.5222,3107,3174,1
7.4159,12.5544,3115,3146,1
7.4408,11.7362,2912,3166,1
7.4656,12.8526,3189,3189,1
7.4904,11.9337,2961,3189,1
7.5152,12.8526,3189,3189,1
7.5400,12.6310,3134,3178,1
7.5648,12.8526,3189,3162,1
7.5896,12.8526,3189,3163,1
7.6144,12.3408,3062,3189,1
7.6392,12.8526,3189,3174,1
7.6640,12.3005,3052,3189,1
7.6888,12.6068,3128,3159,1
7.7136,12.8486,3188,3189,1
7.7384,12.8526,3189,3167,1
7.7632,12.5060,3103,3178,1
7.7880,12.8526,3189,3189,1
7.8128,11.5871,2875,3189,1
7.8376,11.9095,2955,3189,1
7.8624,12.8526,3189,3189,1
7.8872,11.5912,2876,3181,1
7.9120,12.3327,3060,3189,1
7.9368,12.2199,3032,3176,1
7.9616,11.5831,2874,3189,1
7.9864,11.9498,2965,3153,1
8.0112,12.8526,3189,3189,1
8.0360,11.5428,2864,3178,1
8.0608,12.2360,3036,3189,1
8.0856,11.7886,2925,3189,1
8.1104,12.4375,3086,3189,1
8.1352,12.1191,3007,3189,1
8.1600,12.2844,3048,3189,1
8.1848,11.6395,2888,3189,1
8.2096,11.8692,2945,3189,1
8.2344,11.5952,2877,3189,1
8.2592,12.8526,3189,3189,1
8.2840,12.8526,3189,3149,1
8.3088,12.8526,3189,3189,1
8.3336,12.6834,3147,3189,1
8.3584,11.0027,2730,3162,1
8.3832,12.8526,3189,3173,1
8.4081,12.8526,3189,3189,1
8.4329,12.8526,3189,3189,1
8.4577,12.8526,3189,3174,1
8.4825,12.2924,3050,3189,1
8.5073,11.8249,2934,3177,1
8.5321,11.6395,2888,3189,1
8.5569,10.7166,2659,3163,1
8.5817,10.8294,2687,3189,1
8.6065,12.4093,3079,3180,1
8.6313,12.8526,3189,3189,1
8.6561,12.8526,3189,3189,1
8.6809,12.2481,3039,3178,1
8.7057,12.1232,3008,3189,1
8.7305,12.8526,3189,3177,1
8.7553,12.8526,3189,3189,1
8.7801,10.1322,2514,3189,1
8.8049,11.5428,2864,3179,1
8.8297,12.7962,3175,3189,1
8.8545,11.6516,2891,3160,1
8.8793,12.4496,3089,3189,1
8.9041,12.1514,3015,3189,1
8.9289,12.8526,3189,3166,1
8.9537,12.1070,3004,3189,1
8.9785,11.7362,2912,3189,1
9.0033,10.9826,2725,3185,1
9.0281,12.3529,3065,3177,1
9.0529,12.8526,3189,3163,1
9.0777,12.7156,3155,3189,1
9.1025,11.5105,2856,3189,1
9.1273,11.9055,2954,3160,1
9.1521,12.2199,3032,3189,1
9.1769,11.2607,2794,3160,1
9.2017,12.8526,3189,3167,1
9.2265,12.5423,3112,3171,1
9.2513,11.3574,2818,3189,1
9.2761,12.7962,3175,3157,1
9.3009,11.7725,2921,3127,1
9.3257,11.9418,2963,3189,1
9.3505,11.7967,2927,3189,1
9.3753,12.6350,3135,3189,1
9.4002,12.0264,2984,3189,1
9.4250,12.7962,3175,3181,1
9.4498,11.6395,2888,3167,1
9.4746,12.4496,3089,3189,1
9.4994,11.9418,2963,3185,1
9.5242,11.8975,2952,3189,1
9.5490,12.3972,3076,3150,1
9.5738,12.1917,3025,3189,1
9.5986,12.4496,3089,3153,1
9.6234,12.2279,3034,3170,1
9.6482,12.5987,3126,3189,1
9.6730,12.8526,3189,3189,1
9.6978,12.0264,2984,3175,1
9.7226,12.7519,3164,3189,1
9.7474,11.6798,2898,3189,1
9.7722,11.6879,2900,3189,1
9.7970,12.6793,3146,3176,1
9.8218,12.1876,3024,3180,1
9.8466,12.8526,3189,3158,1
9.8714,12.2844,3048,3189,1
9.8962,11.5710,2871,3179,1
9.9210,12.4496,3089,3157,1
9.9458,12.4899,3099,3189,1
9.9706,12.7156,3155,3175,1
9.9954,12.8526,3189,3189,1
10.0202,12.5544,3115,3175,1
10.0450,12.8526,3189,3154,1
10.0698,12.8526,3189,3189,1
10.0946,11.9015,2953,3179,1
10.1194,12.8526,3189,3183,1
10.1442,12.3126,3055,3189,1
10.1690,11.3775,2823,3189,1
10.1938,11.2365,2788,3186,1
10.2186,12.3247,3058,3189,1
10.2434,12.6350,3135,3189,1
10.2682,11.6677,2895,3184,1
10.2930,12.0909,3000,3170,1
10.3178,12.6148,3130,3177,1
10.3426,11.3252,2810,3154,1
10.3674,11.7645,2919,3189,1
10.3923,11.7886,2925,3141,1
10.4171,12.1352,3011,3189,1
10.4419,12.8526,3189,3189,1
10.4667,12.8526,3189,3169,1
10.4915,12.4536,3090,3174,1
10.5163,12.7882,3173,3189,1
10.5411,12.3851,3073,3172,1
10.5659,12.2038,3028,3169,1
10.5907,12.8526,3189,3189,1
10.6155,11.6395,2888,3175,1
10.6403,11.8692,2945,3189,1
10.6651,12.6672,3143,3183,1
10.6899,12.8526,3189,3189,1
10.7147,12.8526,3189,3189,1
10.7395,12.8526,3189,3152,1
10.7643,12.1473,3014,3189,1
10.7891,12.2199,3032,3185,1
10.8139,12.8526,3189,3189,1
10.8387,12.0143,2981,3189,1
10.8635,12.4295,3084,3162,1
10.8883,12.4053,3078,3144,1
10.9131,12.8526,3189,3186,1
10.9379,10.8455,2691,3189,1
10.9627,11.6677,2895,3186,1
10.9875,11.3775,2823,3189,1
11.0123,12.7599,3166,3189,1
11.0371,12.8405,3186,3189,1
11.0619,11.5831,2874,3089,1
11.0867,12.3851,3073,3175,1
11.1115,12.7922,3174,3189,1
11.1363,11.2607,2794,3189,1
11.1611,11.5549,2867,3189,1
11.1859,12.3892,3074,3157,1
11.2107,11.7242,2909,3158,1
11.2355,11.8168,2932,3189,1
11.2603,12.0506,2990,3169,1
11.2851,12.3327,3060,3189,1
11.3099,11.7242,2909,3171,1
11.3347,12.8526,3189,3178,1
11.3595,12.3529,3065,3189,1
11.3844,12.4093,3079,3189,1
11.4092,11.8692,2945,3189,1
11.4340,12.3569,3066,3159,1
11.4588,12.1997,3027,3189,1
11.4836,11.3695,2821,3189,1
11.5084,11.0833,2750,3189,1
11.5332,12.3488,3064,3189,1
11.5580,12.8526,3189,3149,1
11.5828,12.2360,3036,3189,1
11.6076,12.8526,3189,3176,1
11.6324,12.7801,3171,3155,1
11.6572,11.7362,2912,3185,1
11.6820,11.7967,2927,3189,1
11.7068,11.9418,2963,3186,1
11.7316,12.4738,3095,3189,1
11.7564,11.8209,2933,3189,1
11.7812,12.6148,3130,3172,1
11.8060,12.6108,3129,3189,1
11.8308,11.4178,2833,3189,1
11.8556,12.4375,3086,3189,1
11.8804,10.7569,2669,3189,1
11.9052,12.8526,3189,3179,1
11.9300,12.4738,3095,3168,1
11.9548,12.8526,3189,3189,1
11.9796,12.3529,3065,3183,1
12.0044,11.6032,2879,3175,0
12.0292,11.9700,2970,3170,0
12.0540,12.6148,3130,3189,0
12.0788,12.8526,3189,0,0
12.1036,12.1514,3015,0,0
12.1284,12.1393,3012,0,0
12.1532,12.8526,3189,0,0
12.1780,12.0909,3000,0,0
12.2028,12.5584,3116,0,0
12.2276,11.3010,2804,0,0
12.2524,12.5222,3107,0,0
12.2772,11.3856,2825,0,0
12.3020,11.0793,2749,0,0
12.3268,12.4012,3077,0,0
12.3516,12.8526,3189,0,0
12.3765,12.7720,3169,0,0
12.4013,12.3811,3072,0,0
12.4261,12.0708,2995,0,0
12.4509,12.5544,3115,0,0
12.4757,12.8526,3189,7,0
12.5005,12.8526,3189,0,0
12.5253,12.4698,3094,0,0
12.5501,12.8526,3189,0,0
12.5749,12.7478,3163,0,0
12.5997,12.0909,3000,0,0
12.6245,12.8526,3189,0,0
12.6493,11.2365,2788,0,0
12.6741,12.8526,3189,0,0
12.6989,12.5141,3105,0,0
12.7237,11.8813,2948,7,0
12.7485,12.8526,3189,0,0
12.7733,12.5222,3107,0,0
12.7981,11.5629,2869,0,0
12.8229,12.7358,3160,0,0
12.8477,11.9942,2976,9,0
12.8725,11.8934,2951,0,0
12.8973,12.3811,3072,0,0
12.9221,11.9660,2969,0,0
12.9469,11.8330,2936,0,0
12.9717,11.9700,2970,0,0
12.9965,11.4178,2833,4,0
13.0213,12.8526,3189,0,0
13.0461,12.4657,3093,0,0
13.0709,11.8330,2936,0,0
13.0957,11.8612,2943,0,0
13.1205,12.8526,3189,0,0
13.1453,11.3534,2817,0,0
13.1701,12.0264,2984,0,0
13.1949,12.5665,3118,0,0
13.2197,11.3856,2825,0,0
13.2445,11.9498,2965,0,0
13.2693,12.2360,3036,0,0
13.2941,11.2365,2788,0,0
13.3189,11.5025,2854,84,0
13.3437,12.8526,3189,0,0
13.3686,11.5105,2856,0,0
13.3934,12.8526,3189,0,0
13.4182,12.8486,3188,0,0
13.4430,12.1796,3022,0,0
13.4678,12.6834,3147,0,0
13.4926,11.5831,2874,0,0
13.5174,12.6431,3137,0,0
13.5422,12.8526,3189,0,0
13.5670,12.3529,3065,0,0
13.5918,11.9458,2964,0,0
13.6166,12.0788,2997,0,0
13.6414,11.9176,2957,0,0
13.6662,11.6597,2893,0,0
13.6910,11.9660,2969,1,0
13.7158,12.6874,3148,0,0
13.7406,12.8526,3189,0,0
13.7654,11.4985,2853,0,0
13.7902,12.7237,3157,0,0
13.8150,12.8526,3189,0,0
13.8398,12.0264,2984,0,0
13.8646,12.6310,3134,0,0
13.8894,12.7720,3169,0,0
13.9142,12.7962,3175,0,0
13.9390,12.7035,3152,0,0
13.9638,11.2445,2790,0,0
13.9886,12.4496,3089,0,0
14.0134,12.0425,2988,0,0
14.0382,12.5020,3102,0,0
14.0630,12.7075,3153,0,0
14.0878,12.8526,3189,0,0
14.1126,12.3892,3074,4,0
14.1374,11.7040,2904,0,0
14.1622,11.4864,2850,0,0
14.1870,12.0788,2997,0,0
14.2118,11.3735,2822,0,0
14.2366,12.6390,3136,0,0
14.2614,11.4098,2831,0,0
14.2862,11.4501,2841,0,0
14.3110,11.5629,2869,0,0
14.3358,12.8526,3189,0,0
14.3607,12.1514,3015,0,0
14.3855,11.9095,2955,0,0
14.4103,12.8526,3189,0,0
14.4351,11.5307,2861,0,0
14.4599,12.4980,3101,0,0
14.4847,12.4899,3099,0,0
14.5095,11.9619,2968,0,0
14.5343,12.8526,3189,17,0
14.5591,12.3972,3076,0,0
14.5839,11.2123,2782,0,0
14.6087,12.7358,3160,0,0
14.6335,11.4985,2853,0,0
14.6583,11.0592,2744,0,0
14.6831,11.5952,2877,0,0
14.7079,12.8526,3189,0,0
14.7327,12.1796,3022,0,0
14.7575,12.8526,3189,0,0
14.7823,11.1156,2758,0,0
14.8071,12.5181,3106,0,0
14.8319,11.1478,2766,0,0
14.8567,11.3010,2804,0,0
14.8815,12.8526,3189,0,0
14.9063,12.0909,3000,0,0
14.9311,12.1796,3022,0,0
14.9559,12.6672,3143,19,0
14.9807,12.8526,3189,0,0
15.0055,11.6758,2897,0,0
15.0303,12.0425,2988,0,0
15.0551,11.1438,2765,0,0
15.0799,11.2607,2794,0,0
15.1047,12.8526,3189,0,0
15.1295,12.3892,3074,0,0
15.1543,11.8934,2951,0,0
15.1791,11.6718,2896,0,0
15.2039,12.7156,3155,0,0
15.2287,12.5544,3115,23,0
15.2535,12.8526,3189,0,0
15.2783,11.8934,2951,5,0
15.3031,12.6874,3148,0,0
15.3279,12.3005,3052,0,0
15.3528,11.6758,2897,0,0
15.3776,12.8526,3189,0,0
15.4024,12.8526,3189,0,0
15.4272,12.0949,3001,0,0
15.4520,11.6677,2895,0,0
15.4768,12.0949,3001,109,0
15.5016,11.5307,2861,0,0
15.5264,12.1594,3017,0,0
15.5512,12.2682,3044,0,0
15.5760,12.8526,3189,0,0
15.6008,12.1796,3022,0,0
15.6256,12.7559,3165,0,0
15.6504,12.4738,3095,0,0
15.6752,11.5226,2859,0,0
15.7000,12.8526,3189,0,0
15.7248,12.8526,3189,4,0
15.7496,11.7886,2925,0,0
15.7744,12.3206,3057,0,0
15.7992,11.5428,2864,0,0
15.8240,12.5060,3103,0,0
15.8488,12.8526,3189,0,0
15.8736,11.5105,2856,0,0
15.8984,11.9660,2969,0,0
15.9232,12.0022,2978,0,0
15.9480,11.7362,2912,0,0
15.9728,11.9982,2977,0,0
15.9976,11.5549,2867,0,0
16.0224,12.2038,3028,0,0
16.0472,12.7720,3169,0,0
16.0720,11.7040,2904,0,0
16.0968,11.8975,2952,0,0
16.1216,12.6672,3143,0,0
16.1464,11.5952,2877,0,0
16.1712,12.8526,3189,0,0
16.1960,12.7962,3175,0,0
16.2208,12.3045,3053,3,0
16.2456,11.7242,2909,0,0
16.2704,12.3206,3057,0,0
16.2952,12.1675,3019,0,0
16.3200,12.8204,3181,0,0
16.3449,12.0627,2993,0,0
16.3697,12.7519,3164,0,0
16.3945,12.8526,3189,0,0
16.4193,12.3851,3073,0,0
16.4441,11.0390,2739,0,0
16.4689,11.1236,2760,0,0
16.4937,12.4214,3082,0,0
16.5185,12.7559,3165,0,0
16.5433,11.1236,2760,0,0
16.5681,12.3206,3057,0,0
16.5929,11.4178,2833,0,0
16.6177,11.8209,2933,0,0
16.6425,12.4456,3088,0,0
16.6673,10.8818,2700,0,0
16.6921,12.8526,3189,0,0
16.7169,12.8526,3189,0,0
16.7417,12.4375,3086,0,0
16.7665,11.3856,2825,0,0
16.7913,11.3655,2820,0,0
16.8161,12.7035,3152,106,0
16.8409,12.6310,3134,0,0
16.8657,12.5584,3116,0,0
16.8905,12.7841,3172,0,0
16.9153,12.2158,3031,2,0
16.9401,11.8612,2943,11,0
16.9649,12.8526,3189,0,0
16.9897,11.7443,2914,0,0
17.0145,12.2441,3038,0,0
17.0393,11.9498,2965,0,0
17.0641,12.2158,3031,0,0
17.0889,12.8526,3189,19,0
17.1137,12.4053,3078,0,0
17.1385,12.1594,3017,0,0
17.1633,11.9378,2962,0,0
17.1881,11.5871,2875,0,0
17.2129,12.8526,3189,0,0
17.2377,12.8526,3189,0,0
17.2625,11.6798,2898,0,0
17.2873,11.5105,2856,0,0
17.3122,12.8526,3189,0,0
17.3370,12.6632,3142,0,0
17.3618,12.6874,3148,0,0
17.3866,11.9015,2953,0,0
17.4114,12.7720,3169,0,0
17.4362,12.5222,3107,0,0
17.4610,12.8526,3189,2,0
17.4858,11.8330,2936,0,0
17.5106,10.7488,2667,0,0
17.5354,12.7116,3154,0,0
17.5602,12.4053,3078,0,0
17.5850,12.7438,3162,0,0
17.6098,12.7761,3170,0,0
17.6346,11.6838,2899,0,0
17.6594,10.9906,2727,0,0
17.6842,12.8526,3189,0,0
17.7090,11.7362,2912,0,0
17.7338,11.4582,2843,0,0
17.7586,12.8526,3189,23,0
17.7834,12.8526,3189,0,0
17.8082,12.8526,3189,0,0
17.8330,12.6834,3147,0,0
17.8578,12.4859,3098,0,0
17.8826,11.8249,2934,0,0
17.9074,12.3488,3064,0,0
17.9322,12.6592,3141,0,0
17.9570,12.5383,3111,0,0
17.9818,12.8365,3185,0,0
18.0066,11.3655,2820,0,0
18.0314,9.9911,2479,0,0
18.0562,11.9660,2969,0,0
18.0810,12.3851,3073,0,0
18.1058,12.5987,3126,0,0
18.1306,12.1514,3015,0,0
18.1554,11.6919,2901,0,0
18.1802,12.3166,3056,0,0
18.2050,12.5060,3103,0,0
18.2298,11.8168,2932,0,0
18.2546,11.9942,2976,0,0
18.2794,12.8526,3189,0,0
18.3043,11.8652,2944,0,0
18.3291,11.7040,2904,0,0
18.3539,11.8088,2930,0,0
18.3787,10.6682,2647,0,0
18.4035,11.5589,2868,0,0
18.4283,12.7761,3170,0,0
18.4531,11.8048,2929,0,0
18.4779,11.5750,2872,0,0
18.5027,11.3252,2810,0,0
18.5275,12.0909,3000,6,0
18.5523,12.2320,3035,0,0
18.5771,12.8365,3185,0,0
18.6019,12.8526,3189,139,0
18.6267,12.8526,3189,0,0
18.6515,12.6874,3148,0,0
18.6763,12.8526,3189,0,0
18.7011,10.8455,2691,0,0
18.7259,12.3166,3056,0,0
18.7507,12.8526,3189,0,0
18.7755,11.6637,2894,0,0
18.8003,12.2924,3050,0,0
18.8251,12.4295,3084,0,0
18.8499,12.8526,3189,0,0
18.8747,11.6597,2893,0,0
18.8995,11.3977,2828,0,0
18.9243,12.4899,3099,0,0
18.9491,12.7116,3154,0,0
18.9739,12.8526,3189,0,0
18.9987,12.3327,3060,0,0
19.0235,12.8526,3189,0,0
19.0483,11.7282,2910,0,0
19.0731,12.6914,3149,0,0
19.0979,12.6148,3130,0,0
19.1227,11.4501,2841,0,0
19.1475,12.8526,3189,0,0
19.1723,12.8526,3189,0,0
19.1971,12.6834,3147,0,0
19.2219,12.7962,3175,0,0
19.2467,12.0305,2985,2,0
19.2715,12.8526,3189,0,0
19.2964,11.9378,2962,0,0
19.3212,12.5544,3115,2,0
19.3460,11.8048,2929,0,0
19.3708,12.2481,3039,0,0
19.3956,12.4456,3088,0,0
19.4204,12.3892,3074,0,0
19.4452,11.8975,2952,0,0
19.4700,11.5670,2870,0,0
19.4948,11.6758,2897,0,0
19.5196,12.1514,3015,0,0
19.5444,12.6310,3134,0,0
19.5692,11.5670,2870,0,0
19.5940,12.7640,3167,0,0
19.6188,11.4340,2837,0,0
19.6436,11.6597,2893,0,0
19.6684,11.9821,2973,0,0
19.6932,11.4702,2846,0,0
19.7180,11.5508,2866,0,0
19.7428,11.7967,2927,0,0
19.7676,12.2602,3042,0,0
19.7924,12.8526,3189,0,0
19.8172,12.7922,3174,0,0
19.8420,11.9942,2976,0,0
19.8668,11.5428,2864,52,0
19.8916,12.2763,3046,0,0
19.9164,10.1040,2507,0,0
19.9412,11.3816,2824,0,0
19.9660,11.9015,2953,0,0
19.9908,12.0022,2978,0,0
20.0156,12.5866,3123,0,0
20.0404,11.8692,2945,0,0
20.0652,11.9821,2973,0,0
20.0900,12.8083,3178,0,0
20.1148,12.8526,3189,0,0
20.1396,11.4702,2846,0,0
20.1644,12.3892,3074,0,0
20.1892,11.6516,2891,4,0
20.2140,12.8526,3189,0,0
20.2388,11.2042,2780,0,0
20.2636,12.8526,3189,0,0
20.2885,12.7478,3163,0,0
20.3133,11.6395,2888,0,0
20.3381,12.8526,3189,0,0
20.3629,12.7882,3173,0,0
20.3877,11.2607,2794,0,0
20.4125,12.8526,3189,0,0
20.4373,12.2239,3033,0,0
20.4621,12.5181,3106,0,0
20.4869,11.6677,2895,0,0
20.5117,12.6148,3130,0,0
20.5365,12.7358,3160,0,0
20.5613,11.6516,2891,0,0
20.5861,12.8083,3178,0,0
20.6109,12.8526,3189,0,0
20.6357,11.6637,2894,0,0
20.6605,12.2239,3033,0,0
20.6853,12.1232,3008,0,0
20.7101,12.0587,2992,0,0
20.7349,11.1720,2772,0,0
20.7597,12.6874,3148,0,0
20.7845,12.8526,3189,0,0
20.8093,12.8405,3186,0,0
20.8341,10.9100,2707,0,0
20.8589,12.8526,3189,7,0
20.8837,12.1997,3027,0,0
20.9085,12.8526,3189,0,0
20.9333,11.3372,2813,0,0
20.9581,12.8164,3180,0,0
20.9829,11.4259,2835,0,0
21.0077,11.9095,2955,0,0
21.0325,11.5549,2867,0,0
21.0573,12.2844,3048,0,0
21.0821,11.9498,2965,0,0
21.1069,11.3695,2821,0,0
21.1317,11.2244,2785,0,0
21.1565,12.8526,3189,0,0
21.1813,12.3327,3060,0,0
21.2061,12.6028,3127,0,0
21.2309,12.8526,3189,0,0
21.2557,12.6511,3139,6,0
21.2806,11.8209,2933,0,0
21.3054,12.3327,3060,0,0
21.3302,12.5544,3115,0,0
21.3550,10.9987,2729,0,0
21.3798,12.1997,3027,11,0
21.4046,12.1232,3008,0,0
21.4294,12.6672,3143,0,0
21.4542,11.8813,2948,0,0
21.4790,12.5705,3119,0,0
21.5038,12.5987,3126,0,0
21.5286,11.7443,2914,0,0
21.5534,11.1922,2777,0,0
21.5782,12.4375,3086,0,0
21.6030,11.4017,2829,3,0
21.6278,11.1317,2762,0,0
21.6526,12.0546,2991,0,0
21.6774,12.2481,3039,0,0
21.7022,12.8526,3189,0,0
21.7270,12.6350,3135,0,0
21.7518,12.8526,3189,0,0
21.7766,11.0229,2735,0,0
21.8014,12.8526,3189,0,0
21.8262,11.7967,2927,0,0
21.8510,11.8370,2937,0,0
21.8758,11.6677,2895,0,0
21.9006,12.0909,3000,0,0
21.9254,12.7640,3167,0,0
21.9502,12.4496,3089,0,0
21.9750,12.7035,3152,5,0
21.9998,12.8526,3189,0,0
22.0246,11.9821,2973,0,0
22.0494,12.8526,3189,1,0
22.0742,11.5105,2856,0,0
22.0990,12.1635,3018,0,0
22.1238,12.8526,3189,0,0
22.1486,11.3735,2822,0,0
22.1734,11.4340,2837,0,0
22.1982,11.1639,2770,0,0
22.2230,12.4738,3095,0,0
22.2478,12.2602,3042,0,0
22.2727,12.4093,3079,0,0
22.2975,12.8526,3189,0,0
22.3223,11.8894,2950,0,0
22.3471,11.1156,2758,0,0
22.3719,11.5912,2876,0,0
22.3967,12.8526,3189,0,0
22.4215,12.7680,3168,0,0
22.4463,12.8526,3189,0,0
22.4711,11.9861,2974,9,0
22.4959,11.3453,2815,0,0
22.5207,12.7438,3162,0,0
22.5455,11.4098,2831,0,0
22.5703,11.1801,2774,0,0
22.5951,12.4496,3089,0,0
22.6199,12.8526,3189,0,0
22.6447,11.0793,2749,0,0
22.6695,12.6269,3133,0,0
22.6943,12.8526,3189,0,0
22.7191,12.8526,3189,0,0
22.7439,12.8526,3189,0,0
22.7687,10.6884,2652,0,0
22.7935,12.7317,3159,0,0
22.8183,12.8526,3189,0,0
22.8431,12.1393,3012,0,0
22.8679,12.8526,3189,0,0
22.8927,11.8330,2936,0,0
22.9175,12.4818,3097,0,0
22.9423,12.8526,3189,0,0
22.9671,11.5629,2869,0,0
22.9919,10.8052,2681,0,0
23.0167,11.9821,2973,0,0
23.0415,11.9095,2955,0,0
23.0663,12.8526,3189,0,0
23.0911,12.3972,3076,0,0
23.1159,12.0909,3000,0,0
23.1407,11.1881,2776,0,0
23.1655,11.2889,2801,0,0
23.1903,10.8455,2691,0,0
23.2151,11.4783,2848,0,0
23.2400,12.6914,3149,0,0
23.2648,11.6838,2899,0,0
23.2896,11.9982,2977,6,0
23.3144,12.8526,3189,0,0
23.3392,12.2320,3035,0,0
23.3640,12.8526,3189,151,0
23.3888,12.5060,3103,0,0
23.4136,12.5987,3126,0,0
23.4384,11.7040,2904,0,0
23.4632,12.8526,3189,0,0
23.4880,12.2481,3039,0,0
23.5128,12.6672,3143,0,0
23.5376,11.5226,2859,0,0
23.5624,11.7886,2925,0,0
23.5872,12.8526,3189,0,0
23.6120,11.9095,2955,0,0
23.6368,12.1030,3003,0,0
23.6616,11.4138,2832,0,0
23.6864,12.8526,3189,0,0
23.7112,12.8526,3189,0,0
23.7360,11.9378,2962,0,0
23.7608,12.7801,3171,0,0
23.7856,11.5831,2874,0,0
23.8104,12.7116,3154,0,0
23.8352,12.0909,3000,0,0
23.8600,12.8526,3189,0,0
23.8848,11.6959,2902,0,0
23.9096,12.8526,3189,0,0
23.9344,12.5866,3123,0,0
23.9592,12.4496,3089,0,0
23.9840,11.2889,2801,0,0
24.0088,12.7438,3162,0,0
24.0336,12.8526,3189,0,0
24.0584,12.1796,3022,0,0
24.0832,11.7322,2911,0,0
24.1080,12.1594,3017,5,0
24.1328,12.8526,3189,0,0
24.1576,12.0022,2978,0,0
24.1824,12.2924,3050,0,0
24.2072,12.8526,3189,0,0
24.2320,12.6068,3128,0,0
24.2569,11.8330,2936,0,0
24.2817,11.4662,2845,0,0
24.3065,12.4093,3079,0,0
24.3313,12.8526,3189,0,0
24.3561,11.9498,2965,0,0
24.3809,12.7358,3160,0,0
24.4057,12.8526,3189,0,0
24.4305,12.0143,2981,0,0
24.4553,11.8048,2929,0,0
24.4801,12.8526,3189,0,0
24.5049,11.5871,2875,0,0
24.5297,11.3252,2810,0,0
24.5545,12.2481,3039,11,0
24.5793,12.8526,3189,0,0
24.6041,10.7569,2669,0,0
24.6289,12.8526,3189,0,0
24.6537,12.5584,3116,0,0
24.6785,12.1514,3015,0,0
24.7033,12.4093,3079,0,0
24.7281,12.5020,3102,0,0
24.7529,12.2199,3032,5,0
24.7777,12.6310,3134,0,0
24.8025,12.2481,3039,0,0
24.8273,12.8526,3189,0,0
24.8521,12.4899,3099,0,0
24.8769,12.0143,2981,0,0
24.9017,12.5584,3116,0,0
24.9265,12.2239,3033,0,0
24.9513,11.0712,2747,0,0
24.9761,12.8285,3183,0,0
25.0009,11.2445,2790,0,0
25.0257,12.8526,3189,0,0
25.0505,12.4738,3095,0,0
25.0753,12.6148,3130,0,0
25.1001,10.9423,2715,0,0
25.1249,11.8410,2938,0,0
25.1497,11.2365,2788,0,0
25.1745,12.3206,3057,0,0
25.1993,11.9660,2969,0,0
25.2241,11.7564,2917,0,0
25.2490,12.4214,3082,87,0
25.2738,12.7478,3163,204,0
25.2986,11.8088,2930,0,0
25.3234,12.8526,3189,0,0
25.3482,11.7806,2923,0,0
25.3730,12.2763,3046,0,0
25.3978,12.8526,3189,24,0
25.4226,12.2602,3042,0,0
25.4474,11.3735,2822,0,0
25.4722,12.4818,3097,0,0
25.4970,11.6355,2887,0,0
25.5218,11.1720,2772,0,0
25.5466,12.1836,3023,8,0
25.5714,12.8526,3189,0,0
25.5962,12.5866,3123,0,0
25.6210,11.9498,2965,0,0
25.6458,11.0350,2738,22,0
25.6706,12.0466,2989,0,0
25.6954,12.8526,3189,0,0
25.7202,12.0305,2985,0,0
25.7450,11.2728,2797,0,0
25.7698,12.8526,3189,0,0
25.7946,12.4012,3077,0,0
25.8194,11.6677,2895,0,0
25.8442,12.8526,3189,0,0
25.8690,12.8526,3189,0,0
25.8938,11.8813,2948,0,0
25.9186,11.6959,2902,0,0
25.9434,11.9821,2973,0,0
25.9682,11.6959,2902,0,0
25.9930,12.4496,3089,0,0
26.0178,12.5383,3111,0,0
26.0426,11.8410,2938,0,0
26.0674,12.8526,3189,12,0
26.0922,11.7524,2916,0,0
26.1170,12.0466,2989,0,0
26.1418,12.8526,3189,0,0
26.1666,12.2521,3040,7,0
26.1914,11.7282,2910,24,0
26.2163,12.5423,3112,0,0
26.2411,11.3453,2815,0,0
26.2659,12.8526,3189,0,0
26.2907,12.1675,3019,0,0
26.3155,11.2365,2788,0,0
26.3403,11.4582,2843,0,0
26.3651,11.7886,2925,7,0
26.3899,12.2602,3042,193,0
26.4147,11.5871,2875,0,0
26.4395,12.7882,3173,2,0
26.4643,12.8526,3189,0,0
26.4891,12.3488,3064,0,0
26.5139,12.4335,3085,0,0
26.5387,11.7886,2925,0,0
26.5635,12.6672,3143,0,0
26.5883,11.7242,2909,0,0
26.6131,11.8209,2933,0,0
26.6379,12.8526,3189,0,0
26.6627,11.6919,2901,0,0
26.6875,12.6189,3131,0,0
26.7123,11.7000,2903,7,0
26.7371,11.8088,2930,0,0
26.7619,12.8526,3189,0,0
26.7867,11.7362,2912,1,0
26.8115,11.8249,2934,0,0
26.8363,12.8526,3189,0,0
26.8611,12.8526,3189,0,0
26.8859,12.0627,2993,0,0
26.9107,11.5146,2857,0,0
26.9355,12.8365,3185,0,0
26.9603,12.8526,3189,0,0
26.9851,11.9378,2962,0,0
27.0099,12.0143,2981,0,0
27.0347,11.2405,2789,0,0
27.0595,12.8526,3189,0,0
27.0843,12.8285,3183,0,0
27.1091,12.8526,3189,0,0
27.1339,12.0425,2988,10,0
27.1587,11.6113,2881,0,0
27.1835,11.3574,2818,0,0
27.2084,11.2365,2788,0,0
27.2332,11.0833,2750,0,0
27.2580,12.0748,2996,0,0
27.2828,12.1675,3019,48,0
27.3076,12.8204,3181,0,0
27.3324,12.8526,3189,0,0
27.3572,12.5947,3125,0,0
27.3820,12.8285,3183,0,0
27.4068,11.6274,2885,0,0
27.4316,12.4859,3098,0,0
27.4564,12.5423,3112,0,0
27.4812,12.6350,3135,0,0
27.5060,12.1352,3011,0,0
27.5308,12.0425,2988,0,0
27.5556,12.3851,3073,0,0
27.5804,12.4496,3089,0,0
27.6052,11.3735,2822,0,0
27.6300,11.8330,2936,0,0
27.6548,11.7806,2923,0,0
27.6796,12.4859,3098,0,0
27.7044,12.0022,2978,0,0
27.7292,11.7242,2909,0,0
27.7540,12.8083,3178,0,0
27.7788,11.5146,2857,0,0
27.8036,12.8526,3189,0,0
27.8284,11.9700,2970,0,0
27.8532,12.8526,3189,0,0
27.8780,11.3372,2813,0,0
27.9028,12.0022,2978,8,0
27.9276,10.9826,2725,0,0
27.9524,11.6113,2881,0,0
27.9772,12.3771,3071,7,0
28.0020,12.6632,3142,0,0
28.0268,12.4859,3098,0,0
28.0516,12.3529,3065,0,0
28.0764,12.2682,3044,0,0
28.1012,12.7156,3155,0,0
28.1260,12.8526,3189,0,0
28.1508,12.6672,3143,0,0
28.1756,11.9982,2977,0,0
28.2005,12.8526,3189,0,0
28.2253,11.7121,2906,0,0
28.2501,12.1191,3007,23,0
28.2749,12.8526,3189,6,0
28.2997,11.5912,2876,0,0
28.3245,12.8526,3189,0,0
28.3493,12.7962,3175,0,0
28.3741,11.7886,2925,0,0
28.3989,11.3775,2823,0,0
28.4237,12.8526,3189,0,0
28.4485,12.5222,3107,0,0
28.4733,12.5584,3116,43,0
28.4981,11.2445,2790,0,0
28.5229,11.8692,2945,0,0
28.5477,11.6758,2897,0,0
28.5725,12.0345,2986,0,0
28.5973,12.1997,3027,0,0
28.6221,12.8526,3189,0,0
28.6469,11.5549,2867,0,0
28.6717,11.9055,2954,0,0
28.6965,11.9498,2965,0,0
28.7213,12.4657,3093,0,0
28.7461,12.4496,3089,0,0
28.7709,12.6874,3148,0,0
28.7957,12.2279,3034,0,0
28.8205,10.8657,2696,0,0
28.8453,12.8405,3186,0,0
28.8701,12.2602,3042,0,0
28.8949,11.2365,2788,0,0
28.9197,12.4375,3086,0,0
28.9445,12.0788,2997,0,0
28.9693,12.8526,3189,0,0
28.9941,12.8526,3189,0,0
29.0189,12.0425,2988,0,0
29.0437,11.1599,2769,0,0
29.0685,12.8526,3189,0,0
29.0933,12.0022,2978,21,0
29.1181,11.5871,2875,0,0
29.1429,11.4743,2847,0,0
29.1677,12.6713,3144,0,0
29.1926,11.2204,2784,0,0
29.2174,11.0914,2752,0,0
29.2422,12.8526,3189,0,0
29.2670,12.8526,3189,0,0
29.2918,12.1151,3006,0,0
29.3166,12.2481,3039,0,0
29.3414,12.7478,3163,6,0
29.3662,11.7886,2925,0,0
29.3910,11.8975,2952,0,0
29.4158,11.5186,2858,0,0
29.4406,11.6838,2899,0,0
29.4654,12.8526,3189,7,0
29.4902,12.8526,3189,0,0
29.5150,12.7882,3173,0,0
29.5398,12.0788,2997,0,0
29.5646,11.8249,2934,0,0
29.5894,12.0466,2989,0,0
29.6142,12.8526,3189,0,0
29.6390,12.8526,3189,0,0
29.6638,11.9337,2961,0,0
29.6886,11.7967,2927,0,0
29.7134,12.2682,3044,3,0
29.7382,12.8526,3189,23,0
29.7630,11.9176,2957,0,0
29.7878,12.7116,3154,0,0
29.8126,12.8526,3189,0,0
29.8374,11.9378,2962,4,0
29.8622,12.8526,3189,0,0
29.8870,12.2320,3035,0,0
29.9118,12.8526,3189,0,0
29.9366,11.7121,2906,0,0
29.9614,12.8526,3189,0,0
29.9862,12.0909,3000,0,0
30.0110,12.1514,3015,0,0
30.0358,12.7478,3163,0,0
30.0606,12.8526,3189,0,0
30.0854,12.3972,3076,0,0
30.1102,11.0632,2745,0,0
30.1350,12.0224,2983,0,0
30.1598,12.0466,2989,0,0
30.1847,12.8526,3189,0,0
30.2095,12.0143,2981,0,0
30.2343,10.7528,2668,0,0
30.2591,11.9378,2962,0,0
30.2839,12.8405,3186,0,0
30.3087,12.8526,3189,0,0
30.3335,12.3206,3057,3,0
30.3583,12.1070,3004,0,0
30.3831,11.7201,2908,0,0
30.4079,12.7478,3163,0,0
30.4327,11.6919,2901,0,0
30.4575,12.3851,3073,0,0
30.4823,11.0592,2744,0,0
30.5071,11.3050,2805,0,0
30.5319,12.5907,3124,0,0
30.5567,12.3730,3070,0,0
30.5815,12.0466,2989,0,0
30.6063,11.6234,2884,0,0
30.6311,11.4259,2835,0,0
30.6559,12.8526,3189,1,0
30.6807,12.8526,3189,0,0
30.7055,12.0788,2997,0,0
30.7303,11.3735,2822,0,0
30.7551,11.6032,2879,0,0
30.7799,12.2481,3039,5,0
30.8047,11.6274,2885,5,0
30.8295,12.0466,2989,0,0
30.8543,12.8526,3189,0,0
30.8791,11.6395,2888,0,0
30.9039,10.8173,2684,0,0
30.9287,12.8526,3189,0,0
30.9535,12.7841,3172,0,0
30.9783,12.1070,3004,0,0
31.0031,12.8365,3185,0,0
31.0279,12.4093,3079,0,0
31.0527,11.3252,2810,0,0
31.0775,11.3977,2828,0,0
31.1023,12.7358,3160,0,0
31.1271,12.3166,3056,0,0
31.1519,12.8526,3189,0,0
31.1768,12.8526,3189,0,0
31.2016,11.9458,2964,0,0
31.2264,11.5388,2863,0,0
31.2512,11.5105,2856,0,0
31.2760,12.3529,3065,0,0
31.3008,12.5463,3113,0,0
31.3256,12.3771,3071,0,0
31.3504,11.1599,2769,0,0
31.3752,12.3529,3065,0,0
31.4000,11.5952,2877,0,0
31.4248,11.5307,2861,0,0
31.4496,12.5544,3115,80,0
31.4744,11.5025,2854,0,0
31.4992,12.1151,3006,0,0
31.5240,12.0506,2990,0,0
31.5488,11.8934,2951,0,0
31.5736,12.5544,3115,0,0
31.5984,12.8526,3189,0,0
31.6232,11.9095,2955,0,0
31.6480,11.2325,2787,0,0
31.6728,11.9700,2970,0,0
31.6976,11.9861,2974,0,0
31.7224,12.0143,2981,0,0
31.7472,12.4859,3098,0,0
31.7720,12.6874,3148,0,0
31.7968,12.6592,3141,0,0
31.8216,11.6637,2894,0,0
31.8464,12.5141,3105,0,0
31.8712,12.2844,3048,0,0
31.8960,12.4174,3081,0,0
31.9208,11.5025,2854,0,0
31.9456,11.5831,2874,0,0
31.9704,11.8048,2929,0,0
31.9952,11.3856,2825,0,0
32.0200,12.8526,3189,0,0
32.0448,11.8854,2949,0,0
32.0696,11.9700,2970,0,0
32.0944,12.2844,3048,0,0
32.1192,12.0788,2997,6,0
32.1441,12.8526,3189,0,0
32.1689,12.6914,3149,0,0
32.1937,12.8526,3189,0,0
32.2185,12.3851,3073,0,0
32.2433,12.3569,3066,0,0
32.2681,11.7483,2915,0,0
32.2929,12.6189,3131,0,0
32.3177,12.8365,3185,0,0
32.3425,11.0148,2733,0,0
32.3673,12.0708,2995,0,0
32.3921,11.1357,2763,0,0
32.4169,12.8526,3189,0,0
32.4417,12.3488,3064,7,0
32.4665,12.8526,3189,0,0
32.4913,12.5342,3110,0,0
32.5161,12.8526,3189,0,0
32.5409,11.7242,2909,6,0
32.5657,12.2521,3040,0,0
32.5905,11.1599,2769,0,0
32.6153,12.4496,3089,1,0
32.6401,12.5020,3102,0,0
32.6649,12.8526,3189,0,0
32.6897,11.4340,2837,0,0
32.7145,12.8405,3186,0,0
32.7393,11.4864,2850,0,0
32.7641,12.8526,3189,0,0
32.7889,12.1232,3008,0,0
32.8137,11.7242,2909,0,0
32.8385,11.9660,2969,0,0
32.8633,12.3488,3064,0,0
32.8881,12.8526,3189,0,0
32.9129,11.9660,2969,0,0
32.9377,12.8526,3189,0,0
32.9625,12.2481,3039,0,0
32.9873,12.2158,3031,1,0
33.0121,12.7962,3175,0,0
33.0369,12.8526,3189,0,0
33.0617,12.8486,3188,0,0
33.0865,12.8526,3189,0,0
33.1113,11.7886,2925,0,0
33.1362,12.8325,3184,0,0
33.1610,11.8894,2950,0,0
33.1858,12.8526,3189,0,0
33.2106,12.3569,3066,0,0
33.2354,12.1393,3012,0,0
33.2602,12.2038,3028,0,0
33.2850,11.6234,2884,0,0
33.3098,12.8526,3189,0,0
33.3346,12.8526,3189,0,0
33.3594,12.1232,3008,0,0
33.3842,12.8526,3189,0,0
33.4090,11.7282,2910,0,0
33.4338,11.4582,2843,0,0
33.4586,11.3856,2825,0,0
33.4834,12.5141,3105,0,0
33.5082,12.8526,3189,0,0
33.5330,12.1594,3017,0,0
33.5578,12.1796,3022,0,0
33.5826,11.7886,2925,0,0
33.6074,12.2199,3032,0,0
33.6322,12.6431,3137,0,0
33.6570,12.0143,2981,0,0
33.6818,11.3131,2807,0,0
33.7066,11.7886,2925,0,0
33.7314,11.6274,2885,0,0
33.7562,12.8526,3189,0,0
33.7810,12.1715,3020,0,0
33.8058,11.8209,2933,0,0
33.8306,11.1156,2758,7,0
33.8554,11.6838,2899,0,0
33.8802,12.4053,3078,0,0
33.9050,12.5181,3106,0,0
33.9298,12.8526,3189,0,0
33.9546,12.2481,3039,0,0
33.9794,12.7801,3171,0,0
34.0042,12.8526,3189,0,0
34.0290,12.8526,3189,0,0
34.0538,11.7524,2916,0,0
34.0786,12.8526,3189,0,0
34.1034,12.8526,3189,0,0
34.1283,12.8526,3189,0,0
34.1531,11.3534,2817,0,0
34.1779,12.1151,3006,0,0
34.2027,12.4295,3084,0,0
34.2275,12.0305,2985,0,0
34.2523,11.7645,2919,0,0
34.2771,12.7761,3170,0,0
34.3019,11.9942,2976,0,0
34.3267,12.0143,2981,4,0
34.3515,11.8410,2938,0,0
34.3763,11.8048,2929,0,0
34.4011,11.3856,2825,0,0
34.4259,12.4698,3094,151,0
34.4507,12.1352,3011,0,0
34.4755,12.2844,3048,0,0
34.5003,12.6552,3140,0,0
34.5251,12.0909,3000,0,0
34.5499,11.2607,2794,0,0
34.5747,11.9337,2961,0,0
34.5995,12.7640,3167,0,0
34.6243,12.6592,3141,86,0
34.6491,12.8526,3189,0,0
34.6739,12.1232,3008,0,0
34.6987,11.3372,2813,0,0
34.7235,12.6511,3139,5,0
34.7483,12.5222,3107,0,0
34.7731,12.8526,3189,0,0
34.7979,12.3126,3055,0,0
34.8227,12.8526,3189,0,0
34.8475,12.2763,3046,0,0
34.8723,12.8526,3189,0,0
34.8971,12.8526,3189,0,0
34.9219,12.7519,3164,0,0
34.9467,11.6355,2887,0,0
34.9715,12.8123,3179,0,0
34.9963,11.7483,2915,0,0
35.0211,12.8526,3189,0,0
35.0459,12.2199,3032,0,0
35.0707,11.5549,2867,0,0
35.0955,12.8526,3189,0,0
35.1203,12.8526,3189,0,0
35.1452,11.9700,2970,0,0
35.1700,12.8526,3189,0,0
35.1948,12.8526,3189,0,0
35.2196,11.7645,2919,0,0
35.2444,12.8526,3189,0,0
35.2692,12.8526,3189,0,0
35.2940,12.0748,2996,4,0
35.3188,12.8526,3189,5,0
35.3436,11.9418,2963,0,0
35.3684,12.8526,3189,0,0
35.3932,12.8526,3189,6,0
35.4180,11.5670,2870,0,0
35.4428,11.5831,2874,0,0
35.4676,11.9942,2976,0,0
35.4924,11.9821,2973,0,0
35.5172,12.2682,3044,0,0
35.5420,12.8526,3189,0,0
35.5668,12.7156,3155,0,0
35.5916,11.8048,2929,0,0
35.6164,12.8083,3178,0,0
35.6412,12.6552,3140,0,0
35.6660,12.8526,3189,0,0
35.6908,11.9821,2973,0,0
35.7156,12.8526,3189,0,0
35.7404,12.8526,3189,0,0
35.7652,11.5226,2859,0,0
35.7900,12.8526,3189,0,0
35.8148,12.2279,3034,0,0
35.8396,11.3050,2805,0,0
35.8644,12.7882,3173,0,0
35.8892,11.2244,2785,0,0
35.9140,12.7478,3163,108,0
35.9388,12.2682,3044,0,0
35.9636,12.8526,3189,0,0
35.9884,12.8526,3189,0,0
36.0132,12.7962,3175,0,0
36.0380,11.5549,2867,0,0
36.0628,12.6874,3148,0,0
36.0877,12.1796,3022,0,0
36.1124,12.7358,3160,0,0
36.1373,12.8526,3189,0,0
36.1621,12.6350,3135,0,0
36.1869,12.5907,3124,0,0
36.2117,12.8526,3189,0,0
36.2365,12.8526,3189,0,0
36.2613,12.8526,3189,0,0
36.2861,12.4496,3089,0,0
36.3109,11.8813,2948,0,0
36.3357,12.3287,3059,0,0
36.3605,12.4174,3081,0,0
36.3853,12.8526,3189,0,0
36.4101,12.3206,3057,0,0
36.4349,12.6108,3129,0,0
36.4597,11.9861,2974,0,0
36.4845,12.8083,3178,0,0
36.5093,12.0305,2985,0,0
36.5341,12.8526,3189,0,0
36.5589,12.0506,2990,0,0
36.5837,12.8526,3189,0,0
36.6085,11.5871,2875,7,0
36.6333,11.6838,2899,0,0
36.6581,11.8692,2945,0,0
36.6829,11.5750,2872,0,0
36.7077,12.7801,3171,0,0
36.7325,12.8526,3189,0,0
36.7573,12.8526,3189,0,0
36.7821,12.3851,3073,0,0
36.8069,12.8526,3189,0,0
36.8317,12.0264,2984,0,0
36.8565,11.8048,2929,0,0
36.8813,12.3166,3056,0,0
36.9061,12.0909,3000,0,0
36.9309,12.8526,3189,0,0
36.9557,12.3166,3056,0,0
36.9805,12.8526,3189,0,0
37.0053,12.8526,3189,0,0
37.0301,12.8526,3189,0,0
37.0549,12.1070,3004,0,0
37.0798,11.6919,2901,0,0
37.1046,12.8526,3189,0,0
37.1294,11.6758,2897,0,0
37.1542,12.6552,3140,0,0
37.1790,12.8526,3189,0,0
37.2038,12.7478,3163,0,0
37.2286,12.8526,3189,0,0
37.2534,12.8526,3189,0,0
37.2782,12.7156,3155,0,0
37.3030,11.0592,2744,0,0
37.3278,12.4536,3090,0,0
37.3526,12.4899,3099,0,0
37.3774,11.9821,2973,0,0
37.4022,12.8526,3189,0,0
37.4270,12.7438,3162,0,0
37.4518,12.8365,3185,5,0
37.4766,11.8975,2952,0,0
37.5014,11.9700,2970,0,0
37.5262,11.4702,2846,0,0
37.5510,11.8088,2930,0,0
37.5758,12.8526,3189,0,0
37.6006,12.6834,3147,0,0
37.6254,12.3045,3053,0,0
37.6502,12.8526,3189,0,0
37.6750,12.8164,3180,0,0
37.6998,12.6148,3130,0,0
37.7246,12.1393,3012,0,0
37.7494,12.8526,3189,0,0
37.7742,12.5907,3124,0,0
37.7990,11.4582,2843,0,0
37.8238,12.8526,3189,0,0
37.8486,12.3206,3057,0,0
37.8734,12.8526,3189,0,0
37.8982,12.3166,3056,0,0
37.9230,12.6914,3149,0,0
37.9478,12.8526,3189,0,0
37.9726,10.9463,2716,0,0
37.9974,12.8526,3189,0,0
38.0222,11.9337,2961,0,0
38.0470,12.6995,3151,0,0
38.0718,12.8526,3189,0,0
38.0967,12.5786,3121,0,0
38.1215,11.9297,2960,0,0
38.1463,12.6874,3148,4,0
38.1711,11.6798,2898,0,0
38.1959,10.9987,2729,0,0
38.2207,12.7116,3154,0,0
38.2455,12.2844,3048,0,0
38.2703,11.6758,2897,39,0
38.2951,11.8249,2934,0,0
38.3199,11.9660,2969,0,0
38.3447,12.1514,3015,0,0
38.3695,12.3569,3066,0,0
38.3943,10.6884,2652,0,0
38.4191,12.2844,3048,1,0
38.4439,11.1760,2773,0,0
38.4687,11.7483,2915,0,0
38.4935,12.2602,3042,0,0
38.5183,12.8526,3189,0,0
38.5431,12.3085,3054,0,0
38.5679,12.2844,3048,0,0
38.5927,12.1352,3011,0,0
38.6175,11.1599,2769,0,0
38.6423,12.6632,3142,4,0
38.6671,12.8526,3189,0,0
38.6919,12.8526,3189,0,0
38.7167,11.7201,2908,0,0
38.7415,11.7362,2912,0,0
38.7663,12.2521,3040,4,0
38.7911,11.5871,2875,0,0
38.8159,12.0909,3000,0,0
38.8407,12.5544,3115,0,0
38.8655,12.6148,3130,0,0
38.8903,12.8526,3189,0,0
38.9151,11.8894,2950,0,0
38.9399,12.6592,3141,0,0
38.9647,11.3655,2820,0,0
38.9895,12.2158,3031,0,0
39.0143,12.8526,3189,0,0
39.0391,12.1594,3017,0,0
39.0639,11.6395,2888,0,0
39.0888,11.8531,2941,0,0
39.1136,12.8526,3189,4,0
39.1384,11.1639,2770,0,0
39.1632,12.8526,3189,101,0
39.1880,12.8526,3189,0,0
39.2128,12.4859,3098,0,0
39.2376,12.8526,3189,0,0
39.2624,12.8526,3189,0,0
39.2872,11.8048,2929,0,0
39.3120,11.5549,2867,0,0
39.3368,12.0909,3000,0,0
39.3616,12.8526,3189,0,0
39.3864,12.1070,3004,0,0
39.4112,12.8526,3189,0,0
39.4360,12.7438,3162,9,0
39.4608,11.4178,2833,0,0
39.4856,11.9700,2970,0,0
39.5104,12.8365,3185,0,0
39.5352,11.7524,2916,0,0
39.5600,12.2844,3048,4,0
39.5848,11.6355,2887,0,0
39.6096,12.8526,3189,0,0
39.6344,12.8526,3189,0,0
39.6592,12.5987,3126,0,0
39.6840,12.8526,3189,0,0
39.7088,12.8526,3189,0,0
39.7336,12.0506,2990,0,0
39.7584,11.7645,2919,0,0
39.7832,11.6798,2898,1,0
39.8080,11.6838,2899,0,0
39.8328,12.8526,3189,0,0
39.8576,12.3408,3062,0,0
39.8824,12.6028,3127,0,0
39.9072,12.7317,3159,0,0
39.9320,12.8526,3189,0,0
39.9568,12.8526,3189,0,0
39.9816,12.1917,3025,0,0
40.0064,12.8526,3189,0,0
40.0312,12.8526,3189,0,0
40.0560,12.0143,2981,0,0
40.0809,12.5907,3124,0,0
40.1057,12.8325,3184,0,0
40.1305,12.6148,3130,1,0
40.1553,9.1689,2275,0,0
40.1801,12.4335,3085,0,0
40.2049,12.2521,3040,4,0
40.2297,11.3655,2820,0,0
40.2545,12.7640,3167,0,0
40.2793,12.8526,3189,0,0
40.3041,12.4899,3099,0,0
40.3289,12.8526,3189,0,0
40.3537,12.1715,3020,0,0
40.3785,12.1232,3008,0,0
40.4033,12.5504,3114,0,0
40.4281,12.3408,3062,0,0
40.4529,12.5141,3105,0,0
40.4777,12.8526,3189,0,0
40.5025,12.8285,3183,0,0
40.5273,11.7242,2909,0,0
40.5521,12.1070,3004,0,0
40.5769,12.0506,2990,0,0
40.6017,12.7317,3159,0,0
40.6265,12.4295,3084,0,0
40.6513,12.8526,3189,0,0
40.6761,12.8526,3189,0,0
40.7009,12.8526,3189,0,0
40.7257,12.8526,3189,0,0
40.7505,11.3937,2827,0,0
40.7753,12.8526,3189,0,0
40.8001,11.6637,2894,0,0
40.8249,11.8894,2950,0,0
40.8497,12.8526,3189,0,0
40.8745,12.7237,3157,0,0
40.8993,12.8526,3189,0,0
40.9241,12.8526,3189,0,0
40.9489,12.8526,3189,0,0
40.9737,12.3488,3064,0,0
40.9985,12.3206,3057,0,0
41.0233,12.5342,3110,0,0
41.0481,12.3045,3053,2,0
41.0730,11.7121,2906,0,0
41.0978,11.8934,2951,0,0
41.1226,12.8526,3189,0,0
41.1474,11.7886,2925,6,0
41.1722,12.2602,3042,0,0
41.1970,11.6274,2885,0,0
41.2218,10.9584,2719,0,0
41.2466,11.6516,2891,0,0
41.2714,12.6350,3135,0,0
41.2962,12.0909,3000,0,0
41.3210,12.8043,3177,0,0
41.3458,11.7886,2925,0,0
41.3706,11.1841,2775,0,0
41.3954,12.4093,3079,1,0
41.4202,11.8370,2937,0,0
41.4450,11.4622,2844,0,0
41.4698,12.2763,3046,0,0
41.4946,11.9095,2955,0,0
41.5194,12.8526,3189,0,0
41.5442,11.0874,2751,0,0
41.5690,12.3166,3056,0,0
41.5938,11.8088,2930,0,0
41.6186,12.6552,3140,0,0
41.6434,12.8526,3189,0,0
41.6682,11.9942,2976,7,0
41.6930,12.8526,3189,0,0
41.7178,12.1675,3019,0,0
41.7426,11.8048,2929,0,0
41.7674,12.7358,3160,13,0
41.7922,11.9297,2960,6,0
41.8170,11.7645,2919,0,0
41.8418,12.4818,3097,0,0
41.8666,12.8526,3189,0,0
41.8914,12.8526,3189,0,0
41.9162,12.6672,3143,0,0
41.9410,11.1599,2769,0,0
41.9658,12.1876,3024,0,0
41.9906,12.8526,3189,0,0
42.0154,12.3166,3056,0,0
42.0402,12.8526,3189,0,0
42.0651,12.8526,3189,0,0
42.0899,11.9498,2965,0,0
42.1147,12.8526,3189,0,0
42.1395,12.8526,3189,0,0
42.1643,12.6592,3141,0,0
42.1891,12.7559,3165,0,0
42.2139,11.5831,2874,0,0
42.2387,12.8526,3189,20,0
42.2635,10.9906,2727,0,0
42.2883,12.8526,3189,0,0
42.3131,12.4496,3089,0,0
42.3379,12.8526,3189,0,0
42.3627,12.7116,3154,0,0
42.3875,11.1680,2771,0,0
42.4123,12.5222,3107,0,0
42.4371,12.2521,3040,0,0
42.4619,11.7040,2904,0,0
42.4867,12.8526,3189,0,0
42.5115,11.7242,2909,0,0
42.5363,12.8526,3189,0,0
42.5611,12.4496,3089,0,0
42.5859,12.8526,3189,0,0
42.6107,12.8526,3189,0,0
42.6355,11.1841,2775,0,0
42.6603,11.7362,2912,0,0
42.6851,11.1075,2756,4,0
42.7099,12.8526,3189,0,0
42.7347,11.0914,2752,0,0
42.7595,12.8526,3189,0,0
42.7843,12.2320,3035,0,0
42.8091,12.3488,3064,0,0
42.8339,11.4098,2831,0,0
42.8587,12.8526,3189,0,0
42.8835,12.8526,3189,0,0
42.9083,12.8526,3189,0,0
42.9331,12.6874,3148,0,0
42.9579,12.8526,3189,9,0
42.9827,12.8526,3189,0,0
43.0075,9.8218,2437,0,0
43.0324,12.3972,3076,0,0
43.0572,12.5544,3115,0,0
43.0820,12.3045,3053,0,0
43.1068,12.5060,3103,0,0
43.1316,12.4174,3081,0,0
43.1564,12.1232,3008,0,0
43.1812,12.8526,3189,7,0
43.2060,12.4174,3081,0,0
43.2308,12.8526,3189,0,0
43.2556,11.9700,2970,0,0
43.2804,12.7075,3153,3,0
43.3052,11.7524,2916,0,0
43.3300,12.3206,3057,0,0
43.3548,12.6310,3134,0,0
43.3796,12.4133,3080,0,0
43.4044,12.8526,3189,0,0
43.4292,12.2158,3031,0,0
43.4540,12.8526,3189,0,0
43.4788,12.8526,3189,0,0
43.5036,12.4375,3086,0,0
43.5284,11.9700,2970,0,0
43.5532,12.3166,3056,0,0
43.5780,12.8526,3189,92,0
43.6028,12.3730,3070,0,0
43.6276,10.8455,2691,0,0
43.6524,12.8526,3189,3,0
43.6772,12.3488,3064,0,0
43.7020,12.8526,3189,0,0
43.7268,10.8214,2685,0,0
43.7516,11.5549,2867,0,0
43.7764,10.9221,2710,0,0
43.8012,11.7362,2912,0,0
43.8260,11.7121,2906,0,0
43.8508,12.7116,3154,0,0
43.8756,12.8526,3189,0,0
43.9004,12.2803,3047,0,0
43.9252,11.6395,2888,0,0
43.9500,12.3730,3070,0,0
43.9748,10.2329,2539,0,0
43.9996,12.0506,2990,0,0
44.0245,12.8526,3189,0,0
44.0493,12.6914,3149,0,0
44.0741,11.8612,2943,95,0
44.0989,12.1393,3012,0,0
44.1237,12.8526,3189,0,0
44.1485,12.7962,3175,0,0
44.1733,11.8007,2928,0,0
44.1981,11.6758,2897,0,0
44.2229,12.1997,3027,0,0
44.2477,12.5020,3102,0,0
44.2725,12.8526,3189,0,0
44.2973,12.5423,3112,0,0
44.3221,12.8526,3189,0,0
44.3469,12.7116,3154,0,0
44.3717,11.6879,2900,0,0
44.3965,12.0425,2988,0,0
44.4213,12.3488,3064,0,0
44.4461,12.8526,3189,0,0
44.4709,12.4859,3098,0,0
44.4957,12.8285,3183,0,0
44.5205,12.2521,3040,0,0
44.5453,12.8526,3189,0,0
44.5701,11.7886,2925,0,0
44.5949,11.7040,2904,0,0
44.6197,11.9942,2976,0,0
44.6445,12.8486,3188,0,0
44.6693,12.8526,3189,0,0
44.6941,12.8526,3189,0,0
44.7189,12.8526,3189,0,0
44.7437,12.5544,3115,0,0
44.7685,12.8526,3189,0,0
44.7933,11.2445,2790,0,0
44.8181,11.8289,2935,0,0
44.8429,12.8526,3189,0,0
44.8677,10.7488,2667,0,0
44.8925,12.8123,3179,0,0
44.9173,12.6108,3129,0,0
44.9421,12.8526,3189,0,0
44.9669,11.8330,2936,0,0
44.9917,12.2924,3050,0,0
45.0166,11.6032,2879,7,0
45.0414,12.8526,3189,0,0
45.0662,12.8526,3189,0,0
45.0910,12.8526,3189,0,0
45.1158,12.1232,3008,0,0
45.1406,11.7362,2912,0,0
45.1654,12.4375,3086,0,0
45.1902,12.2602,3042,0,0
45.2150,12.6189,3131,0,0
45.2398,12.6713,3144,0,0
45.2646,12.8526,3189,4,0
45.2894,12.7116,3154,0,0
45.3142,11.8934,2951,0,0
45.3390,12.5786,3121,0,0
45.3638,11.6838,2899,0,0
45.3886,12.7720,3169,0,0
45.4134,11.8572,2942,0,0
45.4382,12.8526,3189,0,0
45.4630,12.8526,3189,0,0
45.4878,11.9861,2974,0,0
45.5126,12.0143,2981,0,0
45.5374,11.8934,2951,0,0
45.5622,11.6032,2879,0,0
45.5870,12.8526,3189,0,0
45.6118,12.8526,3189,0,0
45.6366,12.4133,3080,0,0
45.6614,11.7806,2923,0,0
45.6862,12.6874,3148,0,0
45.7110,12.8526,3189,0,0
45.7358,11.1841,2775,0,0
45.7606,12.8526,3189,0,0
45.7854,12.8526,3189,0,0
45.8102,12.8526,3189,0,0
45.8350,12.3569,3066,0,0
45.8598,12.7478,3163,1,0
45.8846,12.8526,3189,0,0
45.9094,12.6108,3129,0,0
45.9342,12.4174,3081,0,0
45.9590,12.6592,3141,9,0
45.9838,12.8526,3189,0,0
46.0087,12.8526,3189,0,0
46.0335,12.2279,3034,0,0
46.0583,12.8526,3189,0,0
46.0831,12.5383,3111,0,0
46.1079,11.4178,2833,0,0
46.1327,12.0224,2983,3,0
46.1575,12.1675,3019,0,0
46.1823,12.1352,3011,0,0
46.2071,12.1997,3027,0,0
46.2319,11.6516,2891,0,0
46.2567,12.1070,3004,7,0
46.2815,12.0022,2978,0,0
46.3063,12.1232,3008,111,0
46.3311,11.1720,2772,0,0
46.3559,11.3211,2809,0,0
46.3807,12.8486,3188,0,0
46.4055,11.1357,2763,0,0
46.4303,12.6068,3128,0,0
46.4551,12.8526,3189,0,0
46.4799,12.8526,3189,0,0
46.5047,12.8164,3180,0,0
46.5295,11.2083,2781,0,0
46.5543,12.8123,3179,0,0
46.5791,12.8526,3189,0,0
46.6039,12.8526,3189,0,0
46.6287,12.7882,3173,0,0
46.6535,12.8526,3189,0,0
46.6783,12.3327,3060,0,0
46.7031,12.6350,3135,0,0
46.7279,12.8526,3189,0,0
46.7527,12.8526,3189,0,0
46.7775,11.6234,2884,24,0
46.8023,12.8526,3189,0,0
46.8271,12.2360,3036,0,0
46.8519,11.9942,2976,0,0
46.8767,12.8526,3189,0,0
46.9015,12.6350,3135,0,0
46.9263,12.7882,3173,0,0
46.9511,12.6672,3143,0,0
46.9759,12.2320,3035,0,0
47.0008,11.8410,2938,0,0
47.0256,12.7841,3172,0,0
47.0504,12.6874,3148,0,0
47.0752,12.4738,3095,0,0
47.1000,12.8526,3189,0,0
47.1248,12.8244,3182,0,0
47.1496,11.8975,2952,0,0
47.1744,12.6914,3149,0,0
47.1992,12.2682,3044,0,0
47.2240,12.7962,3175,0,0
47.2488,11.2808,2799,0,0
47.2736,12.8526,3189,0,0
47.2984,11.8410,2938,0,0
47.3232,12.5060,3103,0,0
47.3480,12.8526,3189,0,0
47.3728,12.8526,3189,0,0
47.3976,11.8531,2941,0,0
47.4224,12.0909,3000,0,0
47.4472,12.6269,3133,0,0
47.4720,11.3937,2827,0,0
47.4968,12.8285,3183,0,0
47.5216,12.8526,3189,0,0
47.5464,12.5907,3124,0,0
47.5712,11.8813,2948,0,0
47.5960,11.7886,2925,0,0
47.6208,11.5831,2874,0,0
47.6456,11.8330,2936,0,0
47.6704,12.5584,3116,0,0
47.6952,12.4214,3082,0,0
47.7200,12.3851,3073,0,0
47.7448,12.8526,3189,0,0
47.7696,12.1715,3020,0,0
47.7944,12.8526,3189,0,0
47.8192,12.8526,3189,0,0
47.8440,12.8365,3185,0,0
47.8688,12.8526,3189,0,0
47.8936,12.6914,3149,0,0
47.9184,11.2123,2782,0,0
47.9432,12.7237,3157,0,0
47.9680,12.8526,3189,0,0
47.9929,12.8526,3189,2,0
48.0177,11.7040,2904,0,0
48.0425,12.8164,3180,0,0
48.0673,11.5549,2867,0,0
48.0921,12.8123,3179,0,0
48.1169,12.7720,3169,0,0
48.1417,11.5307,2861,0,0
48.1665,12.8043,3177,7,0
48.1913,10.3377,2565,0,0
48.2161,12.6914,3149,0,0
48.2409,12.8526,3189,0,0
48.2657,12.8002,3176,0,0
48.2905,12.8526,3189,0,0
48.3153,12.2682,3044,0,0
48.3401,12.3690,3069,0,0
48.3649,12.8526,3189,23,0
48.3897,12.8526,3189,0,0
48.4145,11.8813,2948,0,0
48.4393,12.4738,3095,0,0
48.4641,12.8526,3189,0,0
48.4889,12.6672,3143,0,0
48.5137,12.6148,3130,0,0
48.5385,10.9826,2725,0,0
48.5633,11.6637,2894,0,0
48.5881,10.6682,2647,0,0
48.6129,12.8526,3189,0,0
48.6377,11.7967,2927,0,0
48.6625,11.0753,2748,0,0
48.6873,12.8526,3189,0,0
48.7121,12.8526,3189,0,0
48.7369,12.5141,3105,0,0
48.7617,12.8526,3189,0,0
48.7865,12.8526,3189,0,0
48.8113,12.0143,2981,0,0
48.8361,12.8526,3189,0,0
48.8609,12.3045,3053,0,0
48.8857,11.7121,2906,0,0
48.9105,12.8526,3189,0,0
48.9353,12.7478,3163,7,0
48.9602,12.8526,3189,0,0
48.9850,11.9700,2970,0,0
49.0098,11.1639,2770,0,0
49.0346,11.7403,2913,0,0
49.0594,11.4985,2853,0,0
49.0842,12.3327,3060,0,0
49.1090,11.9095,2955,3,0
49.1338,12.8526,3189,0,0
49.1586,11.7403,2913,0,0
49.1834,12.8526,3189,55,0
49.2082,11.0914,2752,0,0
49.2330,12.2239,3033,0,0
49.2578,12.8164,3180,0,0
49.2826,12.7116,3154,0,0
49.3074,12.8526,3189,0,0
49.3322,12.0022,2978,0,0
49.3570,11.2728,2797,24,0
49.3818,12.4738,3095,0,0
49.4066,12.8526,3189,0,0
49.4314,12.8526,3189,0,0
49.4562,12.8526,3189,0,0
49.4810,12.8526,3189,0,0
49.5058,12.8526,3189,0,0
49.5306,12.8526,3189,0,0
49.5554,12.8526,3189,0,0
49.5802,12.3327,3060,0,0
49.6050,12.2965,3051,0,0
49.6298,11.5428,2864,0,0
49.6546,11.6234,2884,0,0
49.6794,11.7201,2908,0,0
49.7042,11.3735,2822,0,0
49.7290,11.8975,2952,0,0
49.7538,12.8526,3189,0,0
49.7786,11.7604,2918,0,0
49.8034,12.4980,3101,0,0
49.8282,12.8526,3189,0,0
49.8530,12.8526,3189,0,0
49.8778,12.6672,3143,0,0
49.9026,12.4053,3078,0,0
49.9274,12.8526,3189,0,0
49.9523,12.2844,3048,0,0
49.9771,12.8526,3189,0,0
50.0019,11.7040,2904,0,0
50.0267,11.4904,2851,0,0
50.0515,11.8612,2943,0,0
50.0763,11.7483,2915,0,0
50.1011,10.9423,2715,0,0
50.1259,12.8526,3189,0,0
50.1507,11.8934,2951,0,0
50.1755,12.3408,3062,0,0
50.2003,11.8612,2943,0,0
50.2251,12.6955,3150,0,0
50.2499,11.7604,2918,0,0
50.2747,12.5987,3126,0,0
50.2995,12.4174,3081,0,0
50.3243,11.9337,2961,0,0
50.3491,12.1070,3004,0,0
50.3739,11.9095,2955,0,0
50.3987,11.5549,2867,0,0
50.4235,12.8526,3189,8,0
50.4483,12.3609,3067,0,0
50.4731,12.8526,3189,0,0
50.4979,11.8289,2935,0,0
50.5227,12.4053,3078,0,0
50.5475,11.5670,2870,0,0
50.5723,11.5105,2856,0,0
50.5971,12.8526,3189,0,0
50.6219,12.8526,3189,0,0
50.6467,12.0345,2986,0,0
50.6715,11.6274,2885,0,0
50.6963,12.1594,3017,0,0
50.7211,12.8526,3189,0,0
50.7459,12.7438,3162,45,0
50.7707,11.6838,2899,0,0
50.7955,11.3453,2815,0,0
50.8203,11.9337,2961,5,0
50.8451,12.2481,3039,0,0
50.8699,12.6592,3141,0,0
50.8947,12.8526,3189,0,0
50.9195,12.8526,3189,0,0
50.9444,12.8526,3189,0,0
50.9692,11.6516,2891,0,0
50.9940,12.8526,3189,0,0
51.0188,12.8526,3189,0,0
51.0436,12.1997,3027,0,0
51.0684,11.0914,2752,0,0
51.0932,12.1675,3019,0,0
51.1180,12.7116,3154,0,0
51.1428,12.2038,3028,0,0
51.1676,12.8526,3189,142,0
51.1924,12.2320,3035,0,0
51.2172,12.8526,3189,0,0
51.2420,12.8526,3189,0,0
51.2668,11.8652,2944,0,0
51.2916,12.8526,3189,0,0
51.3164,12.5786,3121,0,0
51.3412,12.5423,3112,0,0
51.3660,12.8405,3186,24,0
51.3908,11.9498,2965,0,0
51.4156,12.4093,3079,0,0
51.4404,12.6148,3130,0,0
51.4652,12.5584,3116,0,0
51.4900,12.8526,3189,1,0
51.5148,11.4864,2850,0,0
51.5396,12.0506,2990,0,0
51.5644,12.8526,3189,0,0
51.5892,11.0914,2752,0,0
51.6140,11.9095,2955,0,0
51.6388,12.8526,3189,0,0
51.6636,12.8526,3189,0,0
51.6884,12.3529,3065,0,0
51.7132,12.8365,3185,0,0
51.7380,12.2038,3028,0,0
51.7628,12.8083,3178,0,0
51.7876,12.1796,3022,0,0
51.8124,11.3534,2817,0,0
51.8372,12.1232,3008,0,0
51.8620,11.8652,2944,0,0
51.8868,12.1715,3020,0,0
51.9116,11.1922,2777,0,0
51.9365,12.8526,3189,0,0
51.9613,12.0627,2993,0,0
51.9861,10.8738,2698,0,0
52.0109,12.2239,3033,0,0
52.0357,12.2199,3032,0,0
52.0605,11.7967,2927,0,0
52.0853,12.1635,3018,0,0
52.1101,11.5871,2875,0,0
52.1349,11.5549,2867,0,0
52.1597,11.4702,2846,0,0
52.1845,12.3609,3067,0,0
52.2093,12.4174,3081,0,0
52.2341,12.8526,3189,0,0
52.2589,12.5020,3102,0,0
52.2837,12.8526,3189,0,0
52.3085,12.8526,3189,0,0
52.3333,11.8330,2936,0,0
52.3581,12.8526,3189,0,0
52.3829,12.6350,3135,0,0
52.4077,12.5222,3107,0,0
52.4325,11.4461,2840,0,0
52.4573,12.8526,3189,0,0
52.4821,11.7362,2912,0,0
52.5069,12.6955,3150,0,0
52.5317,12.2360,3036,0,0
52.5565,12.8526,3189,0,0
52.5813,12.8526,3189,0,0
52.6061,12.5625,3117,0,0
52.6309,12.3529,3065,0,0
52.6557,12.8526,3189,0,0
52.6805,12.8526,3189,0,0
52.7053,10.9463,2716,3,0
52.7301,11.8813,2948,6,0
52.7549,12.7116,3154,0,0
52.7797,12.6672,3143,0,0
52.8045,11.7362,2912,0,0
52.8293,11.5750,2872,0,0
52.8541,12.8526,3189,0,0
52.8789,11.9176,2957,0,0
52.9037,11.3977,2828,0,0
52.9286,12.1352,3011,0,0
52.9534,12.1514,3015,0,0
52.9782,12.8526,3189,0,0
53.0030,12.8526,3189,0,0
53.0278,12.8526,3189,0,0
53.0526,12.8526,3189,0,0
53.0774,12.8526,3189,0,0
53.1022,12.8526,3189,0,0
53.1270,12.0143,2981,0,0
53.1518,12.8526,3189,0,0
53.1766,12.7519,3164,0,0
53.2014,11.4299,2836,0,0
53.2262,12.8526,3189,0,0
53.2510,12.8526,3189,0,0
53.2758,12.0425,2988,0,0
53.3006,12.4133,3080,0,0
53.3254,12.8526,3189,0,0
53.3502,11.9458,2964,0,0
53.3750,12.8164,3180,0,0
53.3998,12.6713,3144,0,0
53.4246,12.8526,3189,0,0
53.4494,12.8526,3189,0,0
53.4742,12.8526,3189,0,0
53.4990,12.8526,3189,0,0
53.5238,11.0914,2752,0,0
53.5486,11.3372,2813,0,0
53.5734,11.8975,2952,0,0
53.5982,12.2682,3044,10,0
53.6230,12.8526,3189,0,0
53.6478,12.0506,2990,0,0
53.6726,12.4375,3086,0,0
53.6974,11.9055,2954,0,0
53.7222,12.8486,3188,0,0
53.7470,11.7725,2921,0,0
53.7718,12.8526,3189,2,0
53.7966,11.6758,2897,0,0
53.8214,12.1070,3004,0,0
53.8462,12.8526,3189,0,0
53.8710,12.8526,3189,0,0
53.8958,11.9821,2973,0,0
53.9207,12.8526,3189,0,0
53.9455,11.2042,2780,0,0
53.9703,12.6148,3130,0,0
53.9951,11.2728,2797,0,0
54.0199,12.8526,3189,0,0
54.0447,11.9176,2957,0,0
54.0695,11.9982,2977,23,0
54.0943,12.4980,3101,0,0
54.1191,12.0909,3000,0,0
54.1439,12.8526,3189,0,0
54.1687,11.0027,2730,0,0
54.1935,12.8526,3189,0,0
54.2183,12.8526,3189,6,0
54.2431,12.8526,3189,0,0
54.2679,11.7362,2912,0,0
54.2927,11.7886,2925,0,0
54.3175,11.0712,2747,0,0
54.3423,12.8526,3189,36,0
54.3671,12.8526,3189,0,0
54.3919,12.2199,3032,4,0
54.4167,12.8526,3189,0,0
54.4415,12.1715,3020,0,0
54.4663,12.8526,3189,0,0
54.4911,12.8526,3189,0,0
54.5159,12.0627,2993,0,0
54.5407,11.4461,2840,0,0
54.5655,12.8526,3189,0,0
54.5903,12.6955,3150,0,0
54.6151,12.7116,3154,0,0
54.6399,12.6310,3134,0,0
54.6647,12.8526,3189,0,0
54.6895,12.8526,3189,0,0
54.7143,12.8526,3189,0,0
54.7391,11.5226,2859,0,0
54.7639,11.4622,2844,0,0
54.7887,12.8526,3189,0,0
54.8135,12.8526,3189,0,0
54.8383,12.7801,3171,0,0
54.8631,11.8612,2943,0,0
54.8880,12.7237,3157,0,0
54.9128,11.4783,2848,0,0
54.9376,12.8526,3189,0,0
54.9624,12.5907,3124,0,0
54.9872,12.8526,3189,0,0
55.0120,12.4456,3088,0,0
55.0368,12.6068,3128,0,0
55.0616,11.9055,2954,0,0
55.0864,12.8526,3189,0,0
55.1112,12.8526,3189,0,0
55.1360,12.3408,3062,0,0
55.1608,12.8526,3189,0,0
55.1856,12.5947,3125,0,0
55.2104,11.3252,2810,0,0
55.2352,11.3735,2822,0,0
55.2600,12.6310,3134,0,0
55.2848,12.0506,2990,0,0
55.3096,12.3327,3060,0,0
55.3344,11.2889,2801,0,0
55.3592,12.5141,3105,0,0
55.3840,12.8526,3189,0,0
55.4088,11.7443,2914,0,0
55.4336,12.7196,3156,0,0
55.4584,11.6395,2888,4,0
55.4832,12.5101,3104,0,0
55.5080,11.8209,2933,0,0
55.5328,12.5383,3111,6,0
55.5576,11.3775,2823,0,0
55.5824,12.6310,3134,0,0
55.6072,12.8526,3189,0,0
55.6320,12.8526,3189,0,0
55.6568,11.8531,2941,0,0
55.6816,12.3166,3056,0,0
55.7064,12.8526,3189,0,0
55.7312,11.6395,2888,0,0
55.7560,12.8526,3189,0,0
55.7808,12.7196,3156,0,0
55.8056,11.7967,2927,0,0
55.8304,12.3166,3056,0,0
55.8552,11.9176,2957,0,0
55.8801,12.8526,3189,0,0
55.9049,11.7886,2925,0,0
55.9297,12.8526,3189,0,0
55.9545,11.6798,2898,0,0
55.9793,12.8526,3189,0,0
56.0041,12.8526,3189,0,0
56.0289,12.2682,3044,0,0
56.0537,11.8531,2941,0,0
56.0785,12.4859,3098,0,0
56.1033,12.6672,3143,0,0
56.1281,12.6834,3147,8,0
56.1529,12.8526,3189,0,0
56.1777,12.6874,3148,0,0
56.2025,12.4053,3078,0,0
56.2273,12.5786,3121,0,0
56.2521,11.9095,2955,0,0
56.2769,12.2360,3036,0,0
56.3017,12.0909,3000,0,0
56.3265,12.1796,3022,0,0
56.3513,12.8526,3189,0,0
56.3761,12.7196,3156,0,0
56.4009,12.8526,3189,2,0
56.4257,12.8526,3189,0,0
56.4505,11.8612,2943,0,0
56.4753,12.6632,3142,0,0
56.5001,11.6395,2888,0,0
56.5249,11.9498,2965,138,0
56.5497,11.1236,2760,0,0
56.5745,12.5786,3121,9,0
56.5993,11.7967,2927,0,0
56.6241,11.7645,2919,0,0
56.6489,12.8526,3189,0,0
56.6737,12.8526,3189,0,0
56.6985,12.3972,3076,0,0
56.7233,12.4093,3079,34,0
56.7481,12.3206,3057,0,0
56.7729,12.8526,3189,0,0
56.7977,12.8164,3180,0,0
56.8225,12.8526,3189,0,0
56.8473,12.8526,3189,0,0
56.8722,12.8526,3189,0,0
56.8970,11.8652,2944,0,0
56.9218,11.5912,2876,0,0
56.9466,12.0143,2981,0,0
56.9714,12.7358,3160,0,0
56.9962,12.8526,3189,9,0
57.0210,12.3851,3073,0,0
57.0458,12.8526,3189,0,0
57.0706,12.8526,3189,0,0
57.0954,12.8526,3189,0,0
57.1202,12.8526,3189,0,0
57.1450,12.8526,3189,0,0
57.1698,11.9095,2955,0,0
57.1946,12.8365,3185,0,0
57.2194,12.8526,3189,0,0
57.2442,12.3851,3073,0,0
57.2690,12.8526,3189,0,0
57.2938,11.9700,2970,0,0
57.3186,11.7524,2916,0,0
57.3434,12.8486,3188,10,0
57.3682,11.7886,2925,0,0
57.3930,12.0506,2990,0,0
57.4178,12.2682,3044,0,0
57.4426,12.8526,3189,0,0
57.4674,12.5987,3126,0,0
57.4922,11.8531,2941,0,0
57.5170,11.8088,2930,0,0
57.5418,11.8410,2938,0,0
57.5666,12.7358,3160,0,0
57.5914,12.7156,3155,0,0
57.6162,11.7886,2925,0,0
57.6410,12.8526,3189,0,0
57.6658,12.4536,3090,0,0
57.6906,12.8526,3189,0,0
57.7154,12.5907,3124,23,0
57.7402,12.8526,3189,9,0
57.7650,11.8813,2948,0,0
57.7898,12.8526,3189,5,0
57.8146,11.9418,2963,0,0
57.8394,12.8526,3189,0,0
57.8643,12.8526,3189,0,0
57.8891,12.7075,3153,0,0
57.9139,12.0587,2992,0,0
57.9387,11.8410,2938,0,0
57.9635,11.5589,2868,0,0
57.9883,12.8526,3189,0,0
58.0131,11.8410,2938,0,0
58.0379,12.8526,3189,0,0
58.0627,12.8526,3189,0,0
58.0875,11.8410,2938,0,0
58.1123,12.8526,3189,0,0
58.1371,12.5745,3120,0,0
58.1619,11.8330,2936,0,0
58.1867,9.5155,2361,0,0
58.2115,12.8526,3189,0,0
58.2363,12.8526,3189,0,0
58.2611,12.3166,3056,0,0
58.2859,12.1070,3004,0,0
58.3107,12.8526,3189,0,0
58.3355,11.7604,2918,9,0
58.3603,12.4738,3095,6,0
58.3851,12.8325,3184,0,0
58.4099,12.8526,3189,0,0
58.4347,12.8526,3189,0,0
58.4595,12.0264,2984,0,0
58.4843,12.8526,3189,0,0
58.5091,12.8526,3189,0,0
58.5339,12.5786,3121,0,0
58.5587,12.8526,3189,0,0
58.5835,12.8083,3178,0,0
58.6083,12.8526,3189,0,0
58.6331,12.6874,3148,0,0
58.6579,12.8526,3189,0,0
58.6827,12.7962,3175,0,0
58.7075,12.8526,3189,0,0
58.7323,12.8526,3189,0,0
58.7571,12.8526,3189,0,0
58.7819,12.1352,3011,0,0
58.8067,12.5907,3124,0,0
58.8315,12.8526,3189,0,0
58.8563,12.2682,3044,0,0
58.8812,12.8526,3189,7,0
58.9060,11.6758,2897,0,0
58.9308,12.7196,3156,4,0
58.9556,11.0914,2752,0,0
58.9804,12.3327,3060,0,0
59.0052,11.8088,2930,0,0
59.0300,12.5222,3107,0,0
59.0548,12.4496,3089,0,0
59.0796,12.2602,3042,0,0
59.1044,12.3811,3072,0,0
59.1292,12.8526,3189,0,0
59.1540,12.8083,3178,0,0
59.1788,12.4738,3095,0,0
59.2036,12.8526,3189,18,0
59.2284,12.5907,3124,0,0
59.2532,11.9498,2965,0,0
59.2780,12.8526,3189,0,0
59.3028,12.2320,3035,0,0
59.3276,11.0390,2739,0,0
59.3524,12.8526,3189,0,0
59.3772,11.7040,2904,0,0
59.4020,12.4496,3089,0,0
59.4268,12.8526,3189,0,0
59.4516,11.9861,2974,0,0
59.4764,12.0345,2986,0,0
59.5012,12.8526,3189,6,0
59.5260,12.8526,3189,0,0
59.5508,10.9423,2715,0,0
59.5756,11.9095,2955,0,0
59.6004,12.8526,3189,0,0
59.6252,12.8526,3189,19,0
59.6500,12.6672,3143,0,0
59.6748,12.6350,3135,0,0
59.6996,12.8526,3189,0,0
59.7244,11.5912,2876,0,0
59.7492,12.2441,3038,0,0
59.7740,12.2682,3044,0,0
59.7988,12.7962,3175,0,0
59.8236,12.4980,3101,0,0
59.8484,12.8526,3189,0,0
59.8733,12.7640,3167,0,0
59.8981,12.8526,3189,0,0
59.9229,12.8526,3189,0,0
59.9477,12.8405,3186,0,0
59.9725,12.6874,3148,0,0
59.9973,12.7358,3160,0,0
60.0221,12.8526,3189,28,0
60.0469,12.3851,3073,0,0
60.0717,12.8526,3189,0,0
60.0965,12.8526,3189,0,0
60.1213,12.8526,3189,0,0
60.1461,12.8526,3189,0,0
60.1709,12.8526,3189,0,0
60.1957,12.5060,3103,0,0
60.2205,11.3050,2805,24,0
60.2453,12.8526,3189,0,0
60.2701,12.8526,3189,0,0
60.2949,11.4299,2836,0,0
60.3197,12.7156,3155,0,0
60.3445,12.8526,3189,0,0
60.3693,12.5141,3105,6,0
60.3941,12.1232,3008,0,0
60.4189,12.8526,3189,0,0
60.4437,12.8526,3189,2,0
60.4685,12.7237,3157,0,0
60.4933,12.5463,3113,0,0
60.5181,12.6189,3131,0,0
60.5429,12.8526,3189,0,0
60.5677,12.8526,3189,0,0
60.5925,12.8526,3189,0,0
60.6173,11.6032,2879,0,0
60.6421,12.8526,3189,0,0
60.6669,12.8526,3189,0,0
60.6917,12.5584,3116,0,0
60.7165,12.8526,3189,0,0
60.7413,11.0914,2752,0,0
60.7661,12.8526,3189,0,0
60.7909,11.9700,2970,8,0
60.8158,11.7040,2904,0,0
60.8405,12.8526,3189,0,0
60.8654,12.8526,3189,6,0
60.8902,12.4859,3098,0,0
60.9150,11.2607,2794,0,0
60.9398,11.1236,2760,0,0
60.9646,12.8526,3189,0,0
60.9894,12.5060,3103,0,0
61.0142,12.8526,3189,0,0
61.0390,12.8083,3178,0,0
61.0638,12.8526,3189,101,0
61.0886,12.8526,3189,0,0
61.1134,12.8526,3189,0,0
61.1382,12.8526,3189,0,0
61.1630,12.5786,3121,0,0
61.1878,12.4496,3089,0,0
61.2126,12.0506,2990,0,0
61.2374,12.8526,3189,0,0
61.2622,11.8249,2934,0,0
61.2870,12.2682,3044,0,0
61.3118,11.7040,2904,0,0
61.3366,12.8526,3189,0,0
61.3614,12.4053,3078,0,0
61.3862,12.8526,3189,0,0
61.4110,12.3892,3074,0,0
61.4358,12.8405,3186,0,0
61.4606,11.5226,2859,0,0
61.4854,11.4461,2840,0,0
61.5102,12.5222,3107,11,0
61.5350,12.8526,3189,0,0
61.5598,12.7438,3162,0,0
61.5846,12.8526,3189,0,0
61.6094,12.1635,3018,0,0
61.6342,12.3206,3057,15,0
61.6590,12.0949,3001,0,0
61.6838,12.8526,3189,0,0
61.7086,11.7564,2917,0,0
61.7334,12.8244,3182,5,0
61.7582,12.8244,3182,0,0
61.7830,12.8526,3189,0,0
61.8078,12.0587,2992,0,0
61.8327,11.3574,2818,0,0
61.8575,12.2844,3048,0,0
61.8823,11.8168,2932,0,0
61.9071,12.5987,3126,0,0
61.9319,12.5383,3111,0,0
61.9567,12.7438,3162,0,0
61.9815,12.6108,3129,0,0
62.0063,12.6189,3131,0,0
62.0311,12.4818,3097,0,0
62.0559,12.7196,3156,0,0
62.0807,12.1594,3017,0,0
62.1055,11.5428,2864,0,0
62.1303,12.8526,3189,0,0
62.1551,12.2481,3039,0,0
62.1799,12.8526,3189,0,0
62.2047,12.6672,3143,0,0
62.2295,11.7282,2910,0,0
62.2543,11.4098,2831,0,0
62.2791,12.2924,3050,4,0
62.3039,12.2844,3048,0,0
62.3287,12.8526,3189,0,0
62.3535,11.6798,2898,0,0
62.3783,12.8526,3189,0,0
62.4031,12.8526,3189,0,0
62.4279,12.6310,3134,0,0
62.4527,12.8526,3189,0,0
62.4775,12.5705,3119,0,0
62.5023,12.8526,3189,0,0
62.5271,11.1720,2772,0,0
62.5519,12.4335,3085,0,0
62.5767,12.4012,3077,0,0
62.6015,12.1796,3022,9,0
62.6263,12.8526,3189,0,0
62.6511,12.4174,3081,0,0
62.6759,12.8365,3185,0,0
62.7007,12.8526,3189,0,0
62.7255,12.8526,3189,0,0
62.7503,11.3574,2818,0,0
62.7751,12.8526,3189,0,0
62.7999,11.3292,2811,0,0
62.8248,12.8526,3189,0,0
62.8496,12.8526,3189,0,0
62.8744,12.2360,3036,0,0
62.8992,12.7196,3156,0,0
62.9240,12.4093,3079,13,0
62.9488,12.8526,3189,0,0
62.9736,12.8526,3189,21,0
62.9984,11.8330,2936,0,0
63.0232,11.9821,2973,0,0
63.0480,12.8526,3189,0,0
63.0728,12.8526,3189,9,0
63.0976,11.8813,2948,0,0
63.1224,11.8330,2936,0,0
63.1472,12.2279,3034,11,0
63.1720,12.8526,3189,0,0
63.1968,12.8164,3180,0,0
63.2216,12.8526,3189,0,0
63.2464,11.8652,2944,0,0
63.2712,12.8526,3189,0,0
63.2960,12.8123,3179,2,0
63.3208,12.0264,2984,0,0
63.3456,11.9821,2973,0,0
63.3704,12.8083,3178,0,0
63.3952,12.7438,3162,0,0
63.4200,12.5060,3103,0,0
63.4448,12.1514,3015,0,0
63.4696,12.3085,3054,0,0
63.4944,12.0143,2981,0,0
63.5192,12.8526,3189,0,0
63.5440,12.8526,3189,0,0
63.5688,12.8526,3189,0,0
63.5936,11.6032,2879,7,0
63.6184,12.8526,3189,0,0
63.6432,11.8813,2948,0,0
63.6680,11.0914,2752,0,0
63.6928,11.0914,2752,0,0
63.7176,11.6718,2896,0,0
63.7424,12.1352,3011,0,0
63.7672,11.9942,2976,0,0
63.7920,12.8526,3189,1,0
63.8169,11.6838,2899,0,0
63.8417,12.6672,3143,0,0
63.8665,12.8526,3189,0,0
63.8913,11.2728,2797,0,0
63.9161,12.8526,3189,0,0
63.9409,11.8410,2938,0,0
63.9657,12.5141,3105,0,0
63.9905,12.8526,3189,0,0
64.0153,11.4461,2840,0,0
64.0401,12.8526,3189,0,0
64.0649,11.0914,2752,0,0
64.0897,12.8526,3189,0,0
64.1145,11.8410,2938,0,0
64.1393,11.9942,2976,0,0
64.1641,12.8526,3189,0,0
64.1889,10.6319,2638,0,0
64.2137,12.8526,3189,11,0
64.2385,11.6032,2879,0,0
64.2633,12.0264,2984,0,0
64.2881,12.8526,3189,0,0
64.3129,11.0027,2730,0,0
64.3377,12.8526,3189,0,0
64.3625,12.8526,3189,0,0
64.3873,11.0027,2730,0,0
64.4121,12.8526,3189,0,0
64.4369,12.6552,3140,0,0
64.4617,11.2607,2794,0,0
64.4865,12.8526,3189,0,0
64.5113,12.8526,3189,0,0
64.5361,11.2365,2788,0,0
64.5609,12.5342,3110,0,0
64.5857,12.8526,3189,0,0
64.6105,12.1070,3004,0,0
64.6353,11.3010,2804,0,0
64.6601,12.6431,3137,0,0
64.6849,12.8526,3189,0,0
64.7097,12.8526,3189,0,0
64.7345,12.1070,3004,0,0
64.7593,12.0224,2983,0,0
64.7841,12.2481,3039,0,0
64.8090,12.4657,3093,0,0
64.8338,11.9821,2973,0,0
64.8586,12.6552,3140,0,0
64.8834,12.5987,3126,0,0
64.9082,12.5544,3115,0,0
64.9330,12.4859,3098,0,0
64.9578,12.4698,3094,0,0
64.9826,12.4698,3094,0,0
65.0074,12.5342,3110,0,0
65.0322,12.5383,3111,0,0
65.0570,12.5020,3102,0,0
65.0818,12.5020,3102,63,0
65.1066,12.3851,3073,0,0
65.1314,12.3488,3064,0,0
65.1562,12.3166,3056,0,0
65.1810,12.2481,3039,0,0
65.2058,12.4496,3089,0,0
65.2306,12.2320,3035,0,0
65.2554,12.3126,3055,0,0
65.2802,12.2441,3038,0,0
65.3050,12.3851,3073,0,0
65.3298,12.3448,3063,0,0
65.3546,12.2844,3048,0,0
65.3794,12.4496,3089,0,0
65.4042,12.2924,3050,0,0
65.4290,12.2481,3039,0,0
65.4538,12.4093,3079,0,0
65.4786,12.2965,3051,0,0
65.5034,12.2682,3044,0,0
65.5282,12.3569,3066,0,0
65.5530,12.2521,3040,0,0
65.5778,12.4375,3086,0,0
65.6026,12.3005,3052,0,0
65.6274,12.2924,3050,0,0
65.6522,12.3730,3070,0,0
65.6770,12.2602,3042,0,0
65.7018,12.2803,3047,0,0
65.7266,12.3327,3060,0,0
65.7514,12.2320,3035,0,0
65.7763,12.3609,3067,0,0
65.8011,12.2602,3042,0,0
65.8259,12.3005,3052,0,0
65.8507,12.3206,3057,0,0
65.8755,12.3085,3054,0,0
65.9003,12.3529,3065,0,0
65.9251,12.2682,3044,0,0
65.9499,12.3529,3065,0,0
65.9747,12.3005,3052,0,0
65.9995,12.3166,3056,0,0
66.0243,12.3327,3060,0,0
66.0491,12.2844,3048,0,0
66.0739,12.2924,3050,0,0
66.0987,12.2924,3050,0,0
66.1235,12.3166,3056,0,0
66.1483,12.3126,3055,0,0
66.1731,12.3045,3053,0,0
66.1979,12.2844,3048,0,0
66.2227,12.3166,3056,0,0
66.2475,12.3005,3052,0,0
66.2723,12.2924,3050,0,0
66.2971,12.3085,3054,0,0
66.3219,12.2965,3051,0,0
66.3467,12.2844,3048,0,0
66.3715,12.4133,3080,0,0
66.3963,12.2803,3047,0,0
66.4211,12.3126,3055,0,0
66.4459,12.2844,3048,0,0
66.4707,12.3045,3053,0,0
66.4955,12.2924,3050,0,0
66.5203,12.2924,3050,0,0
66.5451,12.3327,3060,0,0
66.5699,12.3327,3060,0,0
66.5947,12.2924,3050,0,0
66.6195,12.3126,3055,0,0
66.6443,12.3448,3063,0,0
66.6691,12.3529,3065,0,0
66.6939,12.3408,3062,0,0
66.7187,12.3206,3057,0,0
66.7435,12.3327,3060,0,0
66.7683,12.2723,3045,0,0
66.7932,12.3287,3059,0,0
66.8180,12.3247,3058,0,0
66.8428,12.3488,3064,0,0
66.8676,12.2924,3050,0,0
66.8924,12.3166,3056,0,0
66.9172,12.3327,3060,0,0
66.9420,12.3529,3065,0,0
66.9668,12.3206,3057,0,0
66.9916,12.3569,3066,0,0
67.0164,12.2803,3047,0,0
67.0412,12.3448,3063,0,0
67.0660,12.3126,3055,0,0
67.0908,12.3287,3059,0,0
67.1156,12.3005,3052,0,0
67.1404,12.2924,3050,0,0
67.1652,12.3287,3059,0,0
67.1900,12.3005,3052,0,0
67.2148,12.3569,3066,0,0
67.2396,12.2763,3046,0,0
67.2644,12.2803,3047,0,0
67.2892,12.3126,3055,0,0
67.3140,12.3166,3056,0,0
67.3388,12.3488,3064,0,0
67.3636,12.3206,3057,0,0
67.3884,12.3126,3055,0,0
67.4132,12.3166,3056,0,0
67.4380,12.3085,3054,0,0
67.4628,12.3005,3052,0,0
67.4876,12.3005,3052,0,0
67.5124,12.3085,3054,0,0
67.5372,12.3206,3057,0,0
67.5620,12.3569,3066,0,0
67.5868,12.3005,3052,0,0
67.6116,12.3085,3054,0,0
67.6364,12.3247,3058,0,0
67.6612,12.3569,3066,0,0
67.6860,12.3488,3064,0,0
67.7108,12.2924,3050,0,0
67.7356,12.3206,3057,0,0
67.7605,12.3529,3065,0,0
67.7853,12.3529,3065,0,0
67.8101,12.3287,3059,0,0
67.8349,12.2924,3050,0,0
67.8597,12.3327,3060,0,0
67.8845,12.3126,3055,0,0
67.9093,12.3327,3060,0,0
67.9341,12.2844,3048,0,0
67.9589,12.3247,3058,0,0
67.9837,12.3730,3070,0,0
68.0085,12.3206,3057,0,0
68.0333,12.3166,3056,0,0
68.0581,12.3166,3056,0,0
68.0829,12.2924,3050,0,0
68.1077,12.2844,3048,0,0
68.1325,12.3569,3066,0,0
68.1573,12.3569,3066,0,0
68.1821,12.2803,3047,0,0
68.2069,12.3287,3059,0,0
68.2317,12.3327,3060,0,0
68.2565,12.3206,3057,0,0
68.2813,12.3206,3057,0,0
68.3061,12.3609,3067,0,0
68.3309,12.3327,3060,0,0
68.3557,12.2924,3050,0,0
68.3805,12.3206,3057,0,0
68.4053,12.3287,3059,0,0
68.4301,12.2844,3048,0,0
68.4549,12.3206,3057,0,0
68.4797,12.3327,3060,0,0
68.5045,12.3488,3064,0,0
68.5293,12.3529,3065,0,0
68.5541,12.3166,3056,0,0
68.5789,12.3166,3056,0,0
68.6037,12.3327,3060,0,0
68.6285,12.3811,3072,0,0
68.6533,12.3529,3065,0,0
68.6781,12.3569,3066,0,0
68.7029,12.3327,3060,0,0
68.7277,12.3609,3067,0,0
68.7525,12.3529,3065,0,0
68.7774,12.3287,3059,0,0
68.8022,12.3690,3069,0,0
68.8270,12.3529,3065,0,0
68.8518,12.3529,3065,0,0
68.8766,12.3166,3056,0,0
68.9014,12.3327,3060,0,0
68.9262,12.3730,3070,0,0
68.9510,12.3206,3057,0,0
68.9758,12.3247,3058,0,0
69.0006,12.3287,3059,0,0
69.0254,12.3206,3057,0,0
69.0502,12.3206,3057,0,0
69.0750,12.3448,3063,0,0
69.0998,12.3166,3056,0,0
69.1246,12.3287,3059,0,0
69.1494,12.3166,3056,0,0
69.1742,12.3287,3059,0,0
69.1990,12.2844,3048,0,0
69.2238,12.3206,3057,0,0
69.2486,12.3488,3064,0,0
69.2734,12.3529,3065,0,0
69.2982,12.3488,3064,0,0
69.3230,12.3166,3056,0,0
69.3478,12.3206,3057,0,0
69.3726,12.3126,3055,0,0
69.3974,12.3851,3073,0,0
69.4222,12.3126,3055,0,0
69.4470,12.3488,3064,0,0
69.4718,12.3529,3065,0,0
69.4966,12.3488,3064,0,0
69.5214,12.3166,3056,0,0
69.5462,12.3448,3063,0,0
69.5710,12.2844,3048,0,0
69.5958,12.3166,3056,0,0
69.6206,12.3287,3059,0,0
69.6454,12.3206,3057,0,0
69.6702,12.3529,3065,0,0
69.6950,12.3247,3058,0,0
69.7198,12.3529,3065,0,0
69.7447,12.3730,3070,0,0
69.7695,12.3569,3066,0,0
69.7943,12.3488,3064,0,0
69.8191,12.3206,3057,0,0
69.8439,12.3892,3074,0,0
69.8687,12.3287,3059,0,0
69.8935,12.3529,3065,0,0
69.9183,12.3569,3066,0,0
69.9431,12.3166,3056,0,0
69.9679,12.3771,3071,0,0
69.9927,12.3206,3057,0,0
70.0175,12.3166,3056,0,0
70.0423,12.3690,3069,0,0
70.0671,12.3851,3073,0,0
70.0919,12.3166,3056,0,0
70.1167,12.3085,3054,0,0
70.1415,12.3730,3070,0,0
70.1663,12.3206,3057,0,0
70.1911,12.3932,3075,0,0
70.2159,12.3569,3066,0,0
70.2407,12.3166,3056,0,0
70.2655,12.3247,3058,0,0
70.2903,12.3609,3067,0,0
70.3151,12.2924,3050,0,0
70.3399,12.3569,3066,0,0
70.3647,12.3529,3065,0,0
70.3895,12.3730,3070,0,0
70.4143,12.3529,3065,0,0
70.4391,12.3529,3065,0,0
70.4639,12.3529,3065,0,0
70.4887,12.3206,3057,0,0
70.5135,12.3488,3064,0,0
70.5383,12.3488,3064,0,0
70.5631,12.3771,3071,0,0
70.5879,12.3529,3065,0,0
70.6127,12.3206,3057,0,0
70.6375,12.3287,3059,0,0
70.6623,12.3609,3067,0,0
70.6871,12.3206,3057,0,0
70.7120,12.3206,3057,0,0
70.7368,12.3448,3063,0,0
70.7616,12.3206,3057,0,0
70.7864,12.3488,3064,0,0
70.8112,12.3569,3066,0,0
70.8360,12.3448,3063,0,0
70.8608,12.3327,3060,0,0
70.8856,12.3609,3067,0,0
70.9104,12.3206,3057,0,0
70.9352,12.3609,3067,0,0
70.9600,12.3327,3060,0,0
70.9848,12.3569,3066,0,0
71.0096,12.3126,3055,0,0
71.0344,12.3126,3055,0,0
71.0592,12.3448,3063,0,0
71.0840,12.3609,3067,0,0
71.1088,12.3166,3056,0,0
71.1336,12.3569,3066,0,0
71.1584,12.3609,3067,0,0
71.1832,12.3529,3065,0,0
71.2080,12.3005,3052,0,0
71.2328,12.3448,3063,0,0
71.2576,12.3085,3054,0,0
71.2824,12.3448,3063,0,0
71.3072,12.3569,3066,0,0
71.3320,12.3287,3059,0,0
71.3568,12.3206,3057,0,0
71.3816,12.3892,3074,0,0
71.4064,12.3569,3066,0,0
71.4312,12.3327,3060,0,0
71.4560,12.3529,3065,0,0
71.4808,12.3488,3064,0,0
71.5056,12.3730,3070,0,0
71.5304,12.3529,3065,0,0
71.5552,12.2803,3047,0,0
71.5800,12.3206,3057,0,0
71.6048,12.3247,3058,0,0
71.6296,12.3609,3067,0,0
71.6544,12.3206,3057,0,0
71.6792,12.3529,3065,0,0
71.7040,12.3206,3057,0,0
71.7289,12.3529,3065,0,0
71.7537,12.3771,3071,0,0
71.7785,12.3287,3059,0,0
71.8033,12.3287,3059,0,0
71.8281,12.3569,3066,0,0
71.8529,12.3488,3064,0,0
71.8777,12.3448,3063,0,0
71.9025,12.3488,3064,0,0
71.9273,12.3851,3073,0,0
71.9521,12.3529,3065,0,0
71.9769,12.3488,3064,0,0
72.0017,12.3529,3065,0,0
72.0265,12.3892,3074,0,0
72.0513,12.3206,3057,0,0
72.0761,12.3529,3065,0,0
72.1009,12.3811,3072,0,0
72.1257,12.3206,3057,0,0
72.1505,12.3247,3058,0,0
72.1753,12.3569,3066,0,0
72.2001,12.3488,3064,0,0
72.2249,12.3206,3057,0,0
72.2497,12.3529,3065,0,0
72.2745,12.3206,3057,0,0
72.2993,12.3811,3072,0,0
72.3241,12.3690,3069,0,0
72.3489,12.3287,3059,0,0
72.3737,12.3327,3060,0,0
72.3985,12.3569,3066,0,0
72.4233,12.3166,3056,0,0
72.4481,12.3448,3063,0,0
72.4729,12.2844,3048,0,0
72.4977,12.3529,3065,0,0
72.5225,12.3206,3057,0,0
72.5473,12.3811,3072,0,0
72.5721,12.3166,3056,0,0
72.5969,12.3529,3065,0,0
72.6217,12.3287,3059,0,0
72.6465,12.3690,3069,0,0
72.6713,12.3569,3066,0,0
72.6962,12.2844,3048,0,0
72.7210,12.3448,3063,0,0
72.7458,12.3126,3055,0,0
72.7706,12.3085,3054,0,0
72.7954,12.3327,3060,0,0
72.8202,12.3771,3071,0,0
72.8450,12.3206,3057,0,0
72.8698,12.3206,3057,0,0
72.8946,12.3488,3064,0,0
72.9194,12.3529,3065,0,0
72.9442,12.3529,3065,0,0
72.9690,12.3166,3056,0,0
72.9938,12.3287,3059,0,0
73.0186,12.3609,3067,0,0
73.0434,12.3569,3066,0,0
73.0682,12.2844,3048,0,0
73.0930,12.3327,3060,0,0
73.1178,12.3690,3069,0,0
73.1426,12.3247,3058,0,0
73.1674,12.3448,3063,0,0
73.1922,12.3448,3063,0,0
73.2170,12.3529,3065,0,0
73.2418,12.3569,3066,0,0
73.2666,12.3206,3057,0,0
73.2914,12.3932,3075,0,0
73.3162,12.3206,3057,0,0
73.3410,12.3609,3067,0,0
73.3658,12.3448,3063,0,0
73.3906,12.3247,3058,0,0
73.4154,12.3690,3069,0,0
73.4402,12.3247,3058,0,0
73.4650,12.3488,3064,0,0
73.4898,12.3609,3067,0,0
73.5146,12.3771,3071,0,0
73.5394,12.3166,3056,0,0
73.5642,12.3609,3067,0,0
73.5890,12.3206,3057,0,0
73.6138,12.3488,3064,0,0
73.6386,12.3529,3065,0,0
73.6634,12.3730,3070,0,0
73.6882,12.3488,3064,0,0
73.7131,12.3690,3069,0,0
73.7379,12.3609,3067,0,0
73.7627,12.3529,3065,0,0
73.7875,12.2844,3048,0,0
73.8123,12.3488,3064,0,0
73.8371,12.3529,3065,0,0
73.8619,12.3529,3065,0,0
73.8867,12.3488,3064,0,0
73.9115,12.3529,3065,0,0
73.9363,12.3529,3065,0,0
73.9611,12.3529,3065,0,0
73.9859,12.3488,3064,0,0
74.0107,12.3126,3055,0,0
74.0355,12.3488,3064,0,0
74.0603,12.3569,3066,0,0
74.0851,12.3972,3076,0,0
74.1099,12.3488,3064,0,0
74.1347,12.3529,3065,0,0
74.1595,12.3730,3070,0,0
74.1843,12.3085,3054,0,0
74.2091,12.3206,3057,0,0
74.2339,12.3529,3065,0,0
74.2587,12.3569,3066,0,0
74.2835,12.3569,3066,0,0
74.3083,12.3529,3065,0,0
74.3331,12.3609,3067,0,0
74.3579,12.3206,3057,0,0
74.3827,12.3206,3057,0,0
74.4075,12.3166,3056,0,0
74.4323,12.3529,3065,0,0
74.4571,12.3327,3060,0,0
74.4819,12.2924,3050,0,0
74.5067,12.3287,3059,0,0
74.5315,12.3529,3065,0,0
74.5563,12.3488,3064,0,0
74.5811,12.3488,3064,0,0
74.6059,12.3730,3070,0,0
74.6307,12.3609,3067,0,0
74.6555,12.3327,3060,0,0
74.6804,12.3488,3064,0,0
74.7052,12.3166,3056,0,0
74.7300,12.3529,3065,0,0
74.7548,12.3569,3066,0,0
74.7796,12.3327,3060,0,0
74.8044,12.3488,3064,0,0
74.8292,12.3327,3060,0,0
74.8540,12.3569,3066,0,0
74.8788,12.3166,3056,0,0
74.9036,12.3488,3064,0,0
74.9284,12.3529,3065,0,0
74.9532,12.3448,3063,0,0
74.9780,12.3488,3064,0,0
75.0028,12.3085,3054,0,0
75.0276,12.2924,3050,0,0
75.0524,12.3448,3063,0,0
75.0772,12.3730,3070,0,0
75.1020,12.3085,3054,0,0
75.1268,12.3005,3052,0,0
75.1516,12.3529,3065,0,0
75.1764,12.3771,3071,0,0
75.2012,12.3287,3059,0,0
75.2260,12.3327,3060,0,0
75.2508,12.3569,3066,0,0
75.2756,12.3488,3064,0,0
75.3004,12.3851,3073,0,0
75.3252,12.3609,3067,0,0
75.3500,12.3529,3065,0,0
75.3748,12.3448,3063,0,0
75.3996,12.3529,3065,0,0
75.4244,12.3851,3073,0,0
75.4492,12.3408,3062,0,0
75.4740,12.3529,3065,0,0
75.4988,12.3690,3069,0,0
75.5236,12.3287,3059,0,0
75.5484,12.3529,3065,0,0
75.5732,12.3488,3064,0,0
75.5980,12.3488,3064,0,0
75.6228,12.3488,3064,0,0
75.6477,12.3730,3070,0,0
75.6724,12.3529,3065,0,0
75.6973,12.3206,3057,0,0
75.7221,12.3529,3065,0,0
75.7469,12.3730,3070,0,0
75.7717,12.3569,3066,0,0
75.7965,12.3287,3059,0,0
75.8213,12.3569,3066,0,0
75.8461,12.3488,3064,0,0
75.8709,12.3529,3065,0,0
75.8957,12.2844,3048,0,0
75.9205,12.3529,3065,0,0
75.9453,12.3005,3052,0,0
75.9701,12.3569,3066,0,0
75.9949,12.3569,3066,0,0
76.0197,12.3529,3065,0,0
76.0445,12.3206,3057,0,0
76.0693,12.3569,3066,0,0
76.0941,12.3569,3066,0,0
76.1189,12.3609,3067,0,0
76.1437,12.3287,3059,0,0
76.1685,12.3690,3069,0,0
76.1933,12.3811,3072,0,0
76.2181,12.3569,3066,0,0
76.2429,12.3529,3065,0,0
76.2677,12.3851,3073,0,0
76.2925,12.3287,3059,0,0
76.3173,12.3287,3059,0,0
76.3421,12.3771,3071,0,0
76.3669,12.3206,3057,0,0
76.3917,12.2844,3048,0,0
76.4165,12.3609,3067,0,0
76.4413,12.3609,3067,0,0
76.4661,12.3247,3058,0,0
76.4909,12.3206,3057,0,0
76.5157,12.3166,3056,0,0
76.5405,12.2803,3047,0,0
76.5653,12.3488,3064,0,0
76.5901,12.3206,3057,0,0
76.6149,12.3488,3064,0,0
76.6397,12.3166,3056,0,0
76.6646,12.3206,3057,0,0
76.6894,12.3287,3059,0,0
76.7142,12.3488,3064,0,0
76.7390,12.3811,3072,0,0
76.7638,12.3488,3064,0,0
76.7886,12.3327,3060,0,0
76.8134,12.4093,3079,0,0
76.8382,12.3166,3056,0,0
76.8630,12.3529,3065,0,0
76.8878,12.3609,3067,0,0
76.9126,12.2924,3050,0,0
76.9374,12.3488,3064,0,0
76.9622,12.3488,3064,0,0
76.9870,12.3529,3065,0,0
77.0118,12.3166,3056,0,0
77.0366,12.3448,3063,0,0
77.0614,12.3488,3064,0,0
77.0862,12.3287,3059,0,0
77.1110,12.3529,3065,0,0
77.1358,12.3529,3065,0,0
77.1606,12.3206,3057,0,0
77.1854,12.3166,3056,0,0
77.2102,12.3045,3053,0,0
77.2350,12.3488,3064,0,0
77.2598,12.3287,3059,0,0
77.2846,12.3609,3067,0,0
77.3094,12.3287,3059,0,0
77.3342,12.3247,3058,0,0
77.3590,12.3771,3071,0,0
77.3838,12.3166,3056,0,0
77.4086,12.3287,3059,0,0
77.4334,12.3126,3055,0,0
77.4582,12.3448,3063,0,0
77.4830,12.3488,3064,0,0
77.5078,12.3287,3059,0,0
77.5326,12.3529,3065,0,0
77.5574,12.3126,3055,0,0
77.5822,12.3085,3054,0,0
77.6070,12.3932,3075,0,0
77.6319,12.3166,3056,0,0
77.6567,12.3206,3057,0,0
77.6815,12.3569,3066,0,0
77.7063,12.3609,3067,0,0
77.7311,12.3206,3057,0,0
77.7559,12.3730,3070,0,0
77.7807,12.3851,3073,0,0
77.8055,12.3569,3066,0,0
77.8303,12.3730,3070,0,0
77.8551,12.3730,3070,0,0
77.8799,12.3609,3067,0,0
77.9047,12.3730,3070,0,0
77.9295,12.3488,3064,0,0
77.9543,12.3166,3056,0,0
77.9791,12.3166,3056,0,0
78.0039,12.3448,3063,0,0
78.0287,12.3045,3053,0,0
78.0535,12.3327,3060,0,0
78.0783,12.3488,3064,0,0
78.1031,12.3609,3067,0,0
78.1279,12.3206,3057,0,0
78.1527,12.3327,3060,0,0
78.1775,12.3730,3070,0,0
78.2023,12.3448,3063,0,0
78.2271,12.3126,3055,0,0
78.2519,12.3448,3063,0,0
78.2767,12.3690,3069,0,0
78.3015,12.3609,3067,0,0
78.3263,12.3690,3069,0,0
78.3511,12.3690,3069,0,0
78.3759,12.3287,3059,0,0
78.4007,12.3569,3066,0,0
78.4255,12.3529,3065,0,0
78.4503,12.3730,3070,0,0
78.4751,12.3327,3060,0,0
78.4999,12.3730,3070,0,0
78.5247,12.3569,3066,0,0
78.5495,12.3730,3070,0,0
78.5743,12.3529,3065,0,0
78.5991,12.3529,3065,0,0
78.6239,12.3085,3054,0,0
78.6488,12.3488,3064,0,0
78.6736,12.3488,3064,0,0
78.6984,12.2924,3050,0,0
78.7232,12.3206,3057,0,0
78.7480,12.3730,3070,0,0
78.7728,12.3085,3054,0,0
78.7976,12.3327,3060,0,0
78.8224,12.3529,3065,0,0
78.8472,12.3529,3065,0,0
78.8720,12.3448,3063,0,0
78.8968,12.3206,3057,0,0
78.9216,12.3569,3066,0,0
78.9464,12.3730,3070,0,0
78.9712,12.3488,3064,0,0
78.9960,12.3488,3064,0,0
79.0208,12.3488,3064,0,0
79.0456,12.3287,3059,0,0
79.0704,12.3771,3071,0,0
79.0952,12.3126,3055,0,0
79.1200,12.3529,3065,0,0
79.1448,12.3247,3058,0,0
79.1696,12.3771,3071,0,0
79.1944,12.3085,3054,0,0
79.2192,12.3126,3055,0,0
79.2440,12.3287,3059,0,0
79.2688,12.3569,3066,0,0
79.2936,12.3488,3064,0,0
79.3184,12.3166,3056,0,0
79.3432,12.3327,3060,0,0
79.3680,12.3488,3064,0,0
79.3928,12.3569,3066,0,0
79.4176,12.3609,3067,0,0
79.4424,12.3327,3060,0,0
79.4672,12.3650,3068,0,0
79.4920,12.3569,3066,0,0
79.5168,12.3690,3069,0,0
79.5416,12.3448,3063,0,0
79.5664,12.3529,3065,0,0
79.5912,12.3851,3073,0,0
79.6161,12.3206,3057,0,0
79.6409,12.3569,3066,0,0
79.6657,12.3851,3073,0,0
79.6905,12.3529,3065,0,0
79.7153,12.3771,3071,0,0
79.7401,12.3811,3072,0,0
79.7649,12.3287,3059,0,0
79.7897,12.3771,3071,0,0
79.8145,12.3287,3059,0,0
79.8393,12.3287,3059,0,0
79.8641,12.3690,3069,0,0
79.8889,12.3287,3059,0,0
79.9137,12.3005,3052,0,0
79.9385,12.2924,3050,0,0
79.9633,12.3529,3065,0,0
79.9881,12.3529,3065,0,0
80.0129,12.3851,3073,0,0
80.0377,12.3488,3064,0,0
80.0625,12.3085,3054,0,0
80.0873,12.3126,3055,0,0
80.1121,12.3529,3065,0,0
80.1369,12.3529,3065,0,0
80.1617,12.3327,3060,0,0
80.1865,12.3529,3065,0,0
80.2113,12.3569,3066,0,0
80.2361,12.3206,3057,0,0
80.2609,12.3488,3064,0,0
80.2857,12.3529,3065,0,0
80.3105,12.3206,3057,0,0
80.3353,12.3327,3060,0,0
80.3601,12.3609,3067,0,0
80.3849,12.3650,3068,0,0
80.4097,12.3488,3064,0,0
80.4345,12.3287,3059,0,0
80.4593,12.3488,3064,0,0
80.4841,12.3488,3064,0,0
80.5089,12.3569,3066,0,0
80.5337,12.3488,3064,0,0
80.5585,12.3287,3059,0,0
80.5833,12.3448,3063,0,0
80.6081,12.3206,3057,0,0
80.6329,12.3166,3056,0,0
80.6578,12.3609,3067,0,0
80.6826,12.3287,3059,0,0
80.7074,12.3609,3067,0,0
80.7322,12.3609,3067,0,0
80.7570,12.3166,3056,0,0
80.7818,12.3529,3065,0,0
80.8066,12.3327,3060,0,0
80.8314,12.3085,3054,0,0
80.8562,12.3488,3064,0,0
80.8810,12.3529,3065,0,0
80.9058,12.3488,3064,0,0
80.9306,12.3206,3057,0,0
80.9554,12.3287,3059,0,0
80.9802,12.2924,3050,0,0
81.0050,12.3448,3063,0,0
81.0298,12.3085,3054,0,0
81.0546,12.3488,3064,0,0
81.0794,12.3569,3066,0,0
81.1042,12.3488,3064,0,0
81.1290,12.3488,3064,0,0
81.1538,12.3488,3064,0,0
81.1786,12.3206,3057,0,0
81.2034,12.3005,3052,0,0
81.2282,12.3529,3065,0,0
81.2530,12.3529,3065,0,0
81.2778,12.3609,3067,0,0
81.3026,12.3529,3065,0,0
81.3274,12.3287,3059,0,0
81.3522,12.3529,3065,0,0
81.3770,12.3569,3066,0,0
81.4018,12.3488,3064,0,0
81.4266,12.3287,3059,0,0
81.4514,12.3529,3065,0,0
81.4762,12.3569,3066,0,0
81.5010,12.3166,3056,0,0
81.5258,12.3287,3059,0,0
81.5506,12.3327,3060,0,0
81.5754,12.3609,3067,0,0
81.6003,12.3730,3070,0,0
81.6251,12.3569,3066,0,0
81.6499,12.3730,3070,0,0
81.6747,12.3206,3057,0,0
81.6995,12.3327,3060,0,0
81.7243,12.3609,3067,0,0
81.7491,12.3206,3057,0,0
81.7739,12.3126,3055,0,0
81.7987,12.2803,3047,0,0
81.8235,12.3650,3068,0,0
81.8483,12.3448,3063,0,0
81.8731,12.3690,3069,0,0
81.8979,12.3206,3057,0,0
81.9227,12.3005,3052,0,0
81.9475,12.3488,3064,0,0
81.9723,12.3529,3065,0,0
81.9971,12.3771,3071,0,0
82.0219,12.3206,3057,0,0
82.0467,12.3166,3056,0,0
82.0715,12.3569,3066,0,0
82.0963,12.3851,3073,0,0
82.1211,12.3811,3072,0,0
82.1459,12.3126,3055,0,0
82.1707,12.2844,3048,0,0
82.1955,12.3488,3064,0,0
82.2203,12.3892,3074,0,0
82.2451,12.3892,3074,0,0
82.2699,12.3569,3066,0,0
82.2947,12.3771,3071,0,0
82.3195,12.3126,3055,0,0
82.3443,12.3771,3071,0,0
82.3691,12.3206,3057,0,0
82.3939,12.3488,3064,0,0
82.4187,12.3529,3065,0,0
82.4435,12.3730,3070,0,0
82.4683,12.3206,3057,0,0
82.4931,12.3488,3064,0,0
82.5179,12.3569,3066,0,0
82.5427,12.3327,3060,0,0
82.5676,12.3650,3068,0,0
82.5924,12.3287,3059,0,0
82.6171,12.3085,3054,0,0
82.6420,12.3488,3064,0,0
82.6668,12.3529,3065,0,0
82.6916,12.3287,3059,0,0
82.7164,12.3851,3073,0,0
82.7412,12.3488,3064,0,0
82.7660,12.3126,3055,0,0
82.7908,12.3488,3064,0,0
82.8156,12.3529,3065,0,0
82.8404,12.3206,3057,0,0
82.8652,12.3045,3053,0,0
82.8900,12.3488,3064,0,0
82.9148,12.2924,3050,0,0
82.9396,12.3569,3066,0,0
82.9644,12.3488,3064,0,0
82.9892,12.3771,3071,0,0
83.0140,12.3206,3057,0,0
83.0388,12.3247,3058,0,0
83.0636,12.3206,3057,0,0
83.0884,12.3287,3059,0,0
83.1132,12.3408,3062,0,0
83.1380,12.3529,3065,0,0
83.1628,12.3206,3057,0,0
83.1876,12.2924,3050,0,0
83.2124,12.3287,3059,0,0
83.2372,12.3569,3066,0,0
83.2620,12.3448,3063,0,0
83.2868,12.3488,3064,0,0
83.3116,12.3529,3065,0,0
83.3364,12.3529,3065,0,0
83.3612,12.3851,3073,0,0
83.3860,12.3166,3056,0,0
83.4108,12.3529,3065,0,0
83.4356,12.3569,3066,0,0
83.4604,12.3529,3065,0,0
83.4852,12.3529,3065,0,0
83.5100,12.3166,3056,0,0
83.5348,12.3488,3064,0,0
83.5596,12.3609,3067,0,0
83.5844,12.3206,3057,0,0
83.6093,12.3609,3067,0,0
83.6341,12.3690,3069,0,0
83.6589,12.3206,3057,0,0
83.6837,12.3730,3070,0,0
83.7085,12.3529,3065,0,0
83.7333,12.3529,3065,0,0
83.7581,12.3206,3057,0,0
83.7829,12.3206,3057,0,0
83.8077,12.3005,3052,0,0
83.8325,12.3287,3059,0,0
83.8573,12.4174,3081,0,0
83.8821,12.3327,3060,0,0
83.9069,12.3206,3057,0,0
83.9317,12.3206,3057,0,0
83.9565,12.3529,3065,0,0
83.9813,12.3327,3060,0,0
84.0061,12.3690,3069,0,0
84.0309,12.3488,3064,0,0
84.0557,12.3771,3071,0,0
84.0805,12.3287,3059,0,0
84.1053,12.3529,3065,0,0
84.1301,12.3488,3064,0,0
84.1549,12.3771,3071,0,0
84.1797,12.3206,3057,0,0
84.2045,12.3488,3064,0,0
84.2293,12.3609,3067,0,0
84.2541,12.3529,3065,0,0
84.2789,12.3529,3065,0,0
84.3037,12.3529,3065,0,0
84.3285,12.3045,3053,0,0
84.3533,12.3247,3058,0,0
84.3781,12.3488,3064,0,0
84.4029,12.3730,3070,0,0
84.4277,12.3529,3065,0,0
84.4525,12.3327,3060,0,0
84.4773,12.3287,3059,0,0
84.5021,12.3448,3063,0,0
84.5269,12.3529,3065,0,0
84.5518,12.3569,3066,0,0
84.5766,12.3488,3064,0,0
84.6014,12.3488,3064,0,0
84.6262,12.3690,3069,0,0
84.6510,12.3529,3065,0,0
84.6758,12.3327,3060,0,0
84.7006,12.3488,3064,0,0
84.7254,12.3287,3059,0,0
84.7502,12.3529,3065,0,0
84.7750,12.3529,3065,0,0
84.7998,12.3448,3063,0,0
84.8246,12.3488,3064,0,0
84.8494,12.3488,3064,0,0
84.8742,12.3287,3059,0,0
84.8990,12.3247,3058,0,0
84.9238,12.3488,3064,0,0
84.9486,12.3609,3067,0,0
84.9734,12.3206,3057,0,0
84.9982,12.3327,3060,0,0
85.0230,12.3529,3065,0,0
85.0478,12.3327,3060,0,0
85.0726,12.3085,3054,0,0
85.0974,12.3206,3057,0,0
85.1222,12.3529,3065,0,0
85.1470,12.3569,3066,0,0
85.1718,12.3690,3069,0,0
85.1966,12.3247,3058,0,0
85.2214,12.3529,3065,0,0
85.2462,12.3166,3056,0,0
85.2710,12.3085,3054,0,0
85.2958,12.3569,3066,0,0
85.3206,12.3287,3059,0,0
85.3454,12.3287,3059,0,0
85.3702,12.3730,3070,0,0
85.3950,12.3609,3067,0,0
85.4198,12.3488,3064,0,0
85.4446,12.3005,3052,0,0
85.4694,12.3166,3056,0,0
85.4942,12.3287,3059,0,0
85.5190,12.3206,3057,0,0
85.5438,12.3247,3058,0,0
85.5686,12.3488,3064,0,0
85.5935,12.3247,3058,0,0
85.6183,12.3609,3067,0,0
85.6431,12.3690,3069,0,0
85.6679,12.3690,3069,0,0
85.6927,12.4053,3078,0,0
85.7175,12.3005,3052,0,0
85.7423,12.3327,3060,0,0
85.7671,12.3488,3064,0,0
85.7919,12.3488,3064,0,0
85.8167,12.3206,3057,0,0
85.8415,12.3529,3065,0,0
85.8663,12.3448,3063,0,0
85.8911,12.3287,3059,0,0
85.9159,12.3650,3068,0,0
85.9407,12.3287,3059,0,0
85.9655,12.3166,3056,0,0
85.9903,12.3771,3071,0,0
86.0151,12.3569,3066,0,0
86.0399,12.3206,3057,0,0
86.0647,12.3529,3065,0,0
86.0895,12.3529,3065,0,0
86.1143,12.3206,3057,0,0
86.1391,12.3569,3066,0,0
86.1639,12.3730,3070,0,0
86.1887,12.3206,3057,0,0
86.2135,12.3206,3057,0,0
86.2383,12.3005,3052,0,0
86.2631,12.3085,3054,0,0
86.2879,12.3287,3059,0,0
86.3127,12.3488,3064,0,0
86.3375,12.3206,3057,0,0
86.3623,12.3126,3055,0,0
86.3871,12.3126,3055,0,0
86.4119,12.3126,3055,0,0
86.4367,12.3811,3072,0,0
86.4615,12.3529,3065,0,0
86.4863,12.3287,3059,0,0
86.5111,12.3287,3059,0,0
86.5359,12.3609,3067,0,0
86.5608,12.3206,3057,0,0
86.5856,12.3287,3059,0,0
86.6104,12.3488,3064,0,0
86.6352,12.3408,3062,0,0
86.6600,12.3126,3055,0,0
86.6848,12.3166,3056,0,0
86.7096,12.3488,3064,0,0
86.7344,12.3771,3071,0,0
86.7592,12.3488,3064,0,0
86.7840,12.3126,3055,0,0
86.8088,12.3690,3069,0,0
86.8336,12.3609,3067,0,0
86.8584,12.3085,3054,0,0
86.8832,12.3529,3065,0,0
86.9080,12.3085,3054,0,0
86.9328,12.3085,3054,0,0
86.9576,12.3287,3059,0,0
86.9824,12.3488,3064,0,0
87.0072,12.3569,3066,0,0
87.0320,12.3287,3059,0,0
87.0568,12.3488,3064,0,0
87.0816,12.3166,3056,0,0
87.1064,12.3126,3055,0,0
87.1312,12.3730,3070,0,0
87.1560,12.3529,3065,0,0
87.1808,12.3166,3056,0,0
87.2056,12.3206,3057,0,0
87.2304,12.3529,3065,0,0
87.2552,12.3690,3069,0,0
87.2800,12.3448,3063,0,0
87.3048,12.3206,3057,0,0
87.3296,12.3488,3064,0,0
87.3544,12.3529,3065,0,0
87.3792,12.3448,3063,0,0
87.4040,12.3488,3064,0,0
87.4288,12.3085,3054,0,0
87.4536,12.3529,3065,0,0
87.4784,12.3206,3057,0,0
87.5033,12.3206,3057,0,0
87.5280,12.3247,3058,0,0
87.5528,12.3408,3062,0,0
87.5777,12.3529,3065,0,0
87.6025,12.3488,3064,0,0
87.6273,12.3448,3063,0,0
87.6521,12.3609,3067,0,0
87.6769,12.3085,3054,0,0
87.7017,12.3448,3063,0,0
87.7265,12.3690,3069,0,0
87.7513,12.3529,3065,0,0
87.7761,12.3206,3057,0,0
87.8009,12.3206,3057,0,0
87.8257,12.3609,3067,0,0
87.8505,12.3206,3057,0,0
87.8753,12.3206,3057,0,0
87.9001,12.3166,3056,0,0
87.9249,12.3488,3064,0,0
87.9497,12.3488,3064,0,0
87.9745,12.3569,3066,0,0
87.9993,12.3206,3057,0,0
88.0241,12.3166,3056,0,0
88.0489,12.3488,3064,0,0
88.0737,12.3126,3055,0,0
88.0985,12.3771,3071,0,0
88.1233,12.3488,3064,0,0
88.1481,12.3287,3059,0,0
88.1729,12.3609,3067,0,0
88.1977,12.3690,3069,0,0
88.2225,12.3085,3054,0,0
88.2473,12.3851,3073,0,0
88.2721,12.3206,3057,0,0
88.2969,12.3569,3066,0,0
88.3217,12.3287,3059,0,0
88.3465,12.3609,3067,0,0
88.3713,12.3569,3066,0,0
88.3961,12.3569,3066,0,0
88.4209,12.3529,3065,0,0
88.4457,12.3771,3071,0,0
88.4705,12.3569,3066,0,0
88.4953,12.3488,3064,0,0
88.5201,12.3085,3054,0,0
88.5450,12.3206,3057,0,0
88.5698,12.3488,3064,0,0
88.5946,12.3166,3056,0,0
88.6194,12.3126,3055,0,0
88.6442,12.3690,3069,0,0
88.6690,12.3529,3065,0,0
88.6938,12.3287,3059,0,0
88.7186,12.3609,3067,0,0
88.7434,12.3488,3064,0,0
88.7682,12.3287,3059,0,0
88.7930,12.3488,3064,0,0
88.8178,12.3488,3064,0,0
88.8426,12.3448,3063,0,0
88.8674,12.3327,3060,0,0
88.8922,12.3206,3057,0,0
88.9170,12.3287,3059,0,0
88.9418,12.3771,3071,0,0
88.9666,12.3166,3056,0,0
88.9914,12.3126,3055,0,0
89.0162,12.3206,3057,0,0
89.0410,12.3609,3067,0,0
89.0658,12.3448,3063,0,0
89.0906,12.3488,3064,0,0
89.1154,12.3327,3060,0,0
89.1402,12.3287,3059,0,0
89.1650,12.3287,3059,0,0
89.1898,12.3488,3064,0,0
89.2146,12.3166,3056,0,0
89.2394,12.3529,3065,0,0
89.2642,12.3206,3057,0,0
89.2890,12.3811,3072,0,0
89.3138,12.3287,3059,0,0
89.3386,12.3488,3064,0,0
89.3634,12.3569,3066,0,0
89.3882,12.3488,3064,0,0
89.4130,12.3327,3060,0,0
89.4378,12.3529,3065,0,0
89.4626,12.3488,3064,0,0
89.4874,12.2965,3051,0,0
89.5123,12.3609,3067,0,0
89.5371,12.3529,3065,0,0
89.5619,12.3126,3055,0,0
89.5867,12.3488,3064,0,0
89.6115,12.3408,3062,0,0
89.6363,12.2844,3048,0,0
89.6611,12.3448,3063,0,0
89.6859,12.3730,3070,0,0
89.7107,12.3327,3060,0,0
89.7355,12.3609,3067,0,0
89.7603,12.3569,3066,0,0
89.7851,12.3488,3064,0,0
89.8099,12.3529,3065,0,0
89.8347,12.3569,3066,0,0
89.8595,12.3206,3057,0,0
89.8843,12.3690,3069,0,0
89.9091,12.3206,3057,0,0
89.9339,12.3287,3059,0,0
89.9587,12.3529,3065,0,0
89.9835,12.3327,3060,0,0
90.0083,12.3327,3060,0,0
90.0331,12.3488,3064,0,0
90.0579,12.3045,3053,0,0
90.0827,12.3448,3063,0,0
90.1075,12.3488,3064,0,0
90.1323,12.3488,3064,0,0
90.1571,12.3166,3056,0,0
90.1819,12.3609,3067,0,0
90.2067,12.3529,3065,0,0
90.2315,12.3206,3057,0,0
90.2563,12.3650,3068,0,0
90.2811,12.3488,3064,0,0
90.3059,12.3730,3070,0,0
90.3307,12.3126,3055,0,0
90.3555,12.3287,3059,0,0
90.3803,12.3166,3056,0,0
90.4051,12.3287,3059,0,0
90.4299,12.3488,3064,0,0
90.4547,12.2844,3048,0,0
90.4795,12.3206,3057,0,0
90.5043,12.3529,3065,0,0
90.5292,12.3206,3057,0,0
90.5540,12.3206,3057,0,0
90.5788,12.3166,3056,0,0
90.6036,12.3085,3054,0,0
90.6284,12.3730,3070,0,0
90.6532,12.3206,3057,0,0
90.6780,12.3529,3065,0,0
90.7028,12.3892,3074,0,0
90.7276,12.3206,3057,0,0
90.7524,12.3448,3063,0,0
90.7772,12.3085,3054,0,0
90.8020,12.3529,3065,0,0
90.8268,12.3488,3064,0,0
90.8516,12.3327,3060,0,0
90.8764,12.3327,3060,0,0
90.9012,12.3488,3064,0,0
90.9260,12.3327,3060,0,0
90.9508,12.3166,3056,0,0
90.9756,12.3488,3064,0,0
91.0004,12.3085,3054,0,0
91.0252,12.3771,3071,0,0
91.0500,12.3690,3069,0,0
91.0748,12.3327,3060,0,0
91.0996,12.3529,3065,0,0
91.1244,12.3206,3057,0,0
91.1492,12.2481,3039,0,0
91.1740,12.3287,3059,0,0
91.1988,12.3569,3066,0,0
91.2236,12.2844,3048,0,0
91.2484,12.3287,3059,0,0
91.2732,12.3730,3070,0,0
91.2980,12.3529,3065,0,0
91.3228,12.3488,3064,0,0
91.3476,12.3569,3066,0,0
91.3724,12.3488,3064,0,0
91.3972,12.3488,3064,0,0
91.4220,12.3609,3067,0,0
91.4468,12.3206,3057,0,0
91.4716,12.3206,3057,0,0
91.4965,12.3488,3064,0,0
91.5213,12.3166,3056,0,0
91.5461,12.3085,3054,0,0
91.5709,12.3327,3060,0,0
91.5957,12.3851,3073,0,0
91.6205,12.3448,3063,0,0
91.6453,12.3488,3064,0,0
91.6701,12.3287,3059,0,0
91.6949,12.3085,3054,0,0
91.7197,12.3166,3056,0,0
91.7445,12.3529,3065,0,0
91.7693,12.3730,3070,0,0
91.7941,12.3488,3064,0,0
91.8189,12.3569,3066,0,0
91.8437,12.3247,3058,0,0
91.8685,12.3771,3071,0,0
91.8933,12.3206,3057,0,0
91.9181,12.3488,3064,0,0
91.9429,12.3892,3074,0,0
91.9677,12.3609,3067,0,0
91.9925,12.3448,3063,0,0
92.0173,12.3448,3063,0,0
92.0421,12.3488,3064,0,0
92.0669,12.3851,3073,0,0
92.0917,12.3690,3069,0,0
92.1165,12.3287,3059,0,0
92.1413,12.3206,3057,0,0
92.1661,12.3166,3056,0,0
92.1909,12.3529,3065,0,0
92.2157,12.3206,3057,0,0
92.2405,12.3650,3068,0,0
92.2653,12.3206,3057,0,0
92.2901,12.3327,3060,0,0
92.3149,12.3206,3057,0,0
92.3397,12.3206,3057,0,0
92.3645,12.3488,3064,0,0
92.3893,12.3287,3059,0,0
92.4141,12.3085,3054,0,0
92.4389,12.3327,3060,0,0
92.4637,12.3327,3060,0,0
92.4885,12.3166,3056,0,0
92.5134,12.3085,3054,0,0
92.5382,12.3085,3054,0,0
92.5630,12.3529,3065,0,0
92.5878,12.3609,3067,0,0
92.6126,12.3408,3062,0,0
92.6374,12.3771,3071,0,0
92.6622,12.3730,3070,0,0
92.6870,12.3448,3063,0,0
92.7118,12.3287,3059,0,0
92.7366,12.3609,3067,0,0
92.7614,12.3488,3064,0,0
92.7862,12.3448,3063,0,0
92.8110,12.3529,3065,0,0
92.8358,12.3206,3057,0,0
92.8606,12.3126,3055,0,0
92.8854,12.3529,3065,0,0
92.9102,12.3206,3057,0,0
92.9350,12.3287,3059,0,0
92.9598,12.3488,3064,0,0
92.9846,12.2844,3048,0,0
93.0094,12.3327,3060,0,0
93.0342,12.3529,3065,0,0
93.0590,12.3045,3053,0,0
93.0838,12.3206,3057,0,0
93.1086,12.3488,3064,0,0
93.1334,12.3206,3057,0,0
93.1582,12.3327,3060,0,0
93.1830,12.3488,3064,0,0
93.2078,12.3609,3067,0,0
93.2326,12.3287,3059,0,0
93.2574,12.3166,3056,0,0
93.2822,12.3166,3056,0,0
93.3070,12.3690,3069,0,0
93.3318,12.3851,3073,0,0
93.3566,12.3529,3065,0,0
93.3814,12.2965,3051,0,0
93.4062,12.3851,3073,0,0
93.4310,12.3488,3064,0,0
93.4558,12.3529,3065,0,0
93.4807,12.3690,3069,0,0
93.5055,12.3045,3053,0,0
93.5303,12.3488,3064,0,0
93.5551,12.3529,3065,0,0
93.5799,12.3287,3059,0,0
93.6047,12.3529,3065,0,0
93.6295,12.3529,3065,0,0
93.6543,12.2924,3050,0,0
93.6791,12.3327,3060,0,0
93.7039,12.3045,3053,0,0
93.7287,12.3488,3064,0,0
93.7535,12.3609,3067,0,0
93.7783,12.3287,3059,0,0
93.8031,12.3166,3056,0,0
93.8279,12.3529,3065,0,0
93.8527,12.3166,3056,0,0
93.8775,12.3529,3065,0,0
93.9023,12.3448,3063,0,0
93.9271,12.3408,3062,0,0
93.9519,12.3327,3060,0,0
93.9767,12.3488,3064,0,0
94.0015,12.3166,3056,0,0
94.0263,12.3327,3060,0,0
94.0511,12.3730,3070,0,0
94.0759,12.3448,3063,0,0
94.1007,12.3166,3056,0,0
94.1255,12.3529,3065,0,0
94.1503,12.3529,3065,0,0
94.1751,12.3126,3055,0,0
94.1999,12.3771,3071,0,0
94.2247,12.3206,3057,0,0
94.2495,12.3569,3066,0,0
94.2743,12.3529,3065,0,0
94.2991,12.3206,3057,0,0
94.3239,12.3529,3065,0,0
94.3487,12.3327,3060,0,0
94.3735,12.3488,3064,0,0
94.3983,12.3166,3056,0,0
94.4231,12.3206,3057,0,0
94.4480,12.3327,3060,0,0
94.4727,12.3206,3057,0,0
94.4976,12.2844,3048,0,0
94.5224,12.3247,3058,0,0
94.5472,12.3448,3063,0,0
94.5720,12.3206,3057,0,0
94.5968,12.3488,3064,0,0
94.6216,12.3166,3056,0,0
94.6464,12.3650,3068,0,0
94.6712,12.3166,3056,0,0
94.6960,12.3206,3057,0,0
94.7208,12.3206,3057,0,0
94.7456,12.3488,3064,0,0
94.7704,12.2803,3047,0,0
94.7952,12.3569,3066,0,0
94.8200,12.3529,3065,0,0
94.8448,12.3609,3067,0,0
94.8696,12.3005,3052,0,0
94.8944,12.3287,3059,0,0
94.9192,12.3166,3056,0,0
94.9440,12.3972,3076,0,0
94.9688,12.3166,3056,0,0
94.9936,12.3488,3064,0,0
95.0184,12.3529,3065,0,0
95.0432,12.3287,3059,0,0
95.0680,12.3206,3057,0,0
95.0928,12.3206,3057,0,0
95.1176,12.3327,3060,0,0
95.1424,12.3609,3067,0,0
95.1672,12.3529,3065,0,0
95.1920,12.3126,3055,0,0
95.2168,12.3287,3059,0,0
95.2416,12.3045,3053,0,0
95.2664,12.3085,3054,0,0
95.2912,12.3730,3070,0,0
95.3160,12.3166,3056,0,0
95.3408,12.3569,3066,0,0
95.3656,12.3085,3054,0,0
95.3904,12.3166,3056,0,0
95.4152,12.3730,3070,0,0
95.4400,12.3085,3054,0,0
95.4649,12.3166,3056,0,0
95.4897,12.3287,3059,0,0
95.5145,12.3126,3055,0,0
95.5393,12.3569,3066,0,0
95.5641,12.3529,3065,0,0
95.5889,12.3488,3064,0,0
95.6137,12.3730,3070,0,0
95.6385,12.3529,3065,0,0
95.6633,12.3529,3065,0,0
95.6881,12.3488,3064,0,0
95.7129,12.3085,3054,0,0
95.7377,12.3166,3056,0,0
95.7625,12.3529,3065,0,0
95.7873,12.3488,3064,0,0
95.8121,12.3206,3057,0,0
95.8369,12.3287,3059,0,0
95.8617,12.3488,3064,0,0
95.8865,12.3206,3057,0,0
95.9113,12.3730,3070,0,0
95.9361,12.3327,3060,0,0
95.9609,12.3327,3060,0,0
95.9857,12.3690,3069,0,0
96.0105,12.3529,3065,0,0
96.0353,12.3488,3064,0,0
96.0601,12.3488,3064,0,0
96.0849,12.3771,3071,0,0
96.1097,12.3287,3059,0,0
96.1345,12.3730,3070,0,0
96.1593,12.3569,3066,0,0
96.1841,12.3811,3072,0,0
96.2089,12.3206,3057,0,0
96.2337,12.3609,3067,0,0
96.2585,12.3206,3057,0,0
96.2833,12.3206,3057,0,0
96.3081,12.3287,3059,0,0
96.3329,12.3529,3065,0,0
96.3577,12.3287,3059,0,0
96.3825,12.3529,3065,0,0
96.4073,12.3488,3064,0,0
96.4322,12.3609,3067,0,0
96.4570,12.3569,3066,0,0
96.4818,12.3085,3054,0,0
96.5066,12.3529,3065,0,0
96.5314,12.3126,3055,0,0
96.5562,12.3206,3057,0,0
96.5810,12.3166,3056,0,0
96.6058,12.3529,3065,0,0
96.6306,12.3488,3064,0,0
96.6554,12.3569,3066,0,0
96.6802,12.3448,3063,0,0
96.7050,12.3206,3057,0,0
96.7298,12.3488,3064,0,0
96.7546,12.3690,3069,0,0
96.7794,12.3488,3064,0,0
96.8042,12.3730,3070,0,0
96.8290,12.2965,3051,0,0
96.8538,12.3569,3066,0,0
96.8786,12.3166,3056,0,0
96.9034,12.3126,3055,0,0
96.9282,12.3771,3071,0,0
96.9530,12.3690,3069,0,0
96.9778,12.3529,3065,0,0
97.0026,12.3771,3071,0,0
97.0274,12.3488,3064,0,0
97.0522,12.3690,3069,0,0
97.0770,12.3206,3057,0,0
97.1018,12.3609,3067,0,0
97.1266,12.3287,3059,0,0
97.1514,12.3206,3057,0,0
97.1762,12.3488,3064,0,0
97.2010,12.3126,3055,0,0
97.2258,12.3488,3064,0,0
97.2506,12.3327,3060,0,0
97.2754,12.3206,3057,0,0
97.3002,12.3488,3064,0,0
97.3250,12.3287,3059,0,0
97.3498,12.3287,3059,0,0
97.3746,12.3529,3065,0,0
97.3994,12.3045,3053,0,0
97.4242,12.3166,3056,0,0
97.4491,12.4053,3078,0,0
97.4739,12.3488,3064,0,0
97.4987,12.3126,3055,0,0
97.5235,12.3206,3057,0,0
97.5483,12.3206,3057,0,0
97.5731,12.3690,3069,0,0
97.5979,12.3488,3064,0,0
97.6227,12.3690,3069,0,0
97.6475,12.3126,3055,0,0
97.6723,12.3569,3066,0,0
97.6971,12.2965,3051,0,0
97.7219,12.3488,3064,0,0
97.7467,12.3327,3060,0,0
97.7715,12.3166,3056,0,0
97.7963,12.3529,3065,0,0
97.8211,12.3609,3067,0,0
97.8459,12.3448,3063,0,0
97.8707,12.3287,3059,0,0
97.8955,12.3488,3064,0,0
97.9203,12.3488,3064,0,0
97.9451,12.3085,3054,0,0
97.9699,12.3206,3057,0,0
97.9947,12.3529,3065,0,0
98.0195,12.3488,3064,0,0
98.0443,12.3569,3066,0,0
98.0691,12.3690,3069,0,0
98.0939,12.3206,3057,0,0
98.1187,12.3126,3055,0,0
98.1435,12.3206,3057,0,0
98.1683,12.3488,3064,0,0
98.1931,12.3448,3063,0,0
98.2179,12.3126,3055,0,0
98.2427,12.3085,3054,0,0
98.2675,12.3529,3065,0,0
98.2923,12.3488,3064,0,0
98.3171,12.3529,3065,0,0
98.3419,12.3690,3069,0,0
98.3667,12.3448,3063,0,0
98.3915,12.3045,3053,0,0
98.4164,12.3085,3054,0,0
98.4412,12.3448,3063,0,0
98.4660,12.3609,3067,0,0
98.4908,12.3126,3055,0,0
98.5156,12.3529,3065,0,0
98.5404,12.3529,3065,0,0
98.5652,12.3206,3057,0,0
98.5900,12.3166,3056,0,0
98.6148,12.3529,3065,0,0
98.6396,12.3448,3063,0,0
98.6644,12.3609,3067,0,0
98.6892,12.3126,3055,0,0
98.7140,12.3569,3066,0,0
98.7388,12.3488,3064,0,0
98.7636,12.3206,3057,0,0
98.7884,12.3609,3067,0,0
98.8132,12.3045,3053,0,0
98.8380,12.3287,3059,0,0
98.8628,12.3448,3063,0,0
98.8876,12.3771,3071,0,0
98.9124,12.3488,3064,0,0
98.9372,12.3287,3059,0,0
98.9620,12.3206,3057,0,0
98.9868,12.3529,3065,0,0
99.0116,12.3126,3055,0,0
99.0364,12.3126,3055,0,0
99.0612,12.3529,3065,0,0
99.0860,12.3569,3066,0,0
99.1108,12.3448,3063,0,0
99.1356,12.3206,3057,0,0
99.1604,12.3448,3063,0,0
99.1852,12.3488,3064,0,0
99.2100,12.3206,3057,0,0
99.2348,12.3287,3059,0,0
99.2596,12.3811,3072,0,0
99.2844,12.3166,3056,0,0
99.3092,12.3529,3065,0,0
99.3340,12.3166,3056,0,0
99.3588,12.3287,3059,0,0
99.3837,12.3569,3066,0,0
99.4084,12.3206,3057,0,0
99.4333,12.2965,3051,0,0
99.4581,12.3488,3064,0,0
99.4829,12.3529,3065,0,0
99.5077,12.3448,3063,0,0
99.5325,12.3650,3068,0,0
99.5573,12.3287,3059,0,0
99.5821,12.3448,3063,0,0
99.6069,12.3287,3059,0,0
99.6317,12.3609,3067,0,0
99.6565,12.3488,3064,0,0
99.6813,12.2844,3048,0,0
99.7061,12.3287,3059,0,0
99.7309,12.3488,3064,0,0
99.7557,12.3045,3053,0,0
99.7805,12.3448,3063,0,0
99.8053,12.3730,3070,0,0
99.8301,12.3529,3065,0,0
99.8549,12.3327,3060,0,0
99.8797,12.3730,3070,0,0
99.9045,12.3609,3067,0,0
99.9293,12.3488,3064,0,0
99.9541,12.3126,3055,0,0
99.9789,12.3327,3060,0,0
100.0037,12.3448,3063,0,0
100.0285,12.3005,3052,0,0
100.0533,12.3085,3054,0,0
100.0781,12.3569,3066,0,0
100.1029,12.2844,3048,0,0
100.1277,12.3005,3052,0,0
100.1525,12.2803,3047,0,0
100.1773,12.3085,3054,0,0
100.2021,12.3609,3067,0,0
100.2269,12.3206,3057,0,0
100.2517,12.3166,3056,0,0
100.2765,12.3287,3059,0,0
100.3013,12.3166,3056,0,0
100.3261,12.3569,3066,0,0
100.3509,12.3488,3064,0,0
100.3757,12.3408,3062,0,0
100.4006,12.3166,3056,0,0
100.4254,12.3730,3070,0,0
100.4502,12.3327,3060,0,0
100.4750,12.3206,3057,0,0
100.4998,12.3247,3058,0,0
100.5246,12.3247,3058,0,0
100.5494,12.3247,3058,0,0
100.5742,12.3126,3055,0,0
100.5990,12.3811,3072,0,0
100.6238,12.3206,3057,0,0
100.6486,12.3448,3063,0,0
100.6734,12.3085,3054,0,0
100.6982,12.2924,3050,0,0
100.7230,12.3569,3066,0,0
100.7478,12.3730,3070,0,0
100.7726,12.3771,3071,0,0
100.7974,12.3529,3065,0,0
100.8222,12.3327,3060,0,0
100.8470,12.3206,3057,0,0
100.8718,12.3327,3060,0,0
100.8966,12.3126,3055,0,0
100.9214,12.3206,3057,0,0
100.9462,12.3206,3057,0,0
100.9710,12.3085,3054,0,0
100.9958,12.3529,3065,0,0
101.0206,12.3287,3059,0,0
101.0454,12.3771,3071,0,0
101.0702,12.3287,3059,0,0
101.0950,12.3569,3066,0,0
101.1198,12.3206,3057,0,0
101.1446,12.3488,3064,0,0
101.1694,12.3166,3056,0,0
101.1942,12.3569,3066,0,0
101.2190,12.3085,3054,0,0
101.2438,12.3287,3059,0,0
101.2686,12.3206,3057,0,0
101.2934,12.3730,3070,0,0
101.3182,12.3206,3057,0,0
101.3430,12.3206,3057,0,0
101.3679,12.3206,3057,0,0
101.3927,12.3448,3063,0,0
101.4174,12.3529,3065,0,0
101.4423,12.3448,3063,0,0
101.4671,12.3085,3054,0,0
101.4919,12.3166,3056,0,0
101.5167,12.3327,3060,0,0
101.5415,12.3126,3055,0,0
101.5663,12.2924,3050,0,0
101.5911,12.3448,3063,0,0
101.6159,12.3085,3054,0,0
101.6407,12.3448,3063,0,0
101.6655,12.3287,3059,0,0
101.6903,12.3569,3066,0,0
101.7151,12.3287,3059,0,0
101.7399,12.3448,3063,0,0
101.7647,12.3488,3064,0,0
101.7895,12.3488,3064,0,0
101.8143,12.3085,3054,0,0
101.8391,12.3488,3064,0,0
101.8639,12.3609,3067,0,0
101.8887,12.3771,3071,0,0
101.9135,12.3166,3056,0,0
101.9383,12.3206,3057,0,0
101.9631,12.3488,3064,0,0
101.9879,12.3206,3057,0,0
102.0127,12.3609,3067,0,0
102.0375,12.3166,3056,0,0
102.0623,12.3327,3060,0,0
102.0871,12.3327,3060,0,0
102.1119,12.3529,3065,0,0
102.1367,12.3166,3056,0,0
102.1615,12.3206,3057,0,0
102.1863,12.2924,3050,0,0
102.2111,12.3206,3057,0,0
102.2359,12.2844,3048,0,0
102.2607,12.3609,3067,0,0
102.2855,12.3085,3054,0,0
102.3103,12.3488,3064,0,0
102.3351,12.3327,3060,0,0
102.3599,12.3206,3057,0,0
102.3848,12.3730,3070,0,0
102.4096,12.3529,3065,0,0
102.4344,12.3448,3063,0,0
102.4592,12.3488,3064,0,0
102.4840,12.3569,3066,0,0
102.5088,12.3085,3054,0,0
102.5336,12.3126,3055,0,0
102.5584,12.3690,3069,0,0
102.5832,12.3287,3059,0,0
102.6080,12.3206,3057,0,0
102.6328,12.3206,3057,0,0
102.6576,12.3126,3055,0,0
102.6824,12.3448,3063,0,0
102.7072,12.3327,3060,0,0
102.7320,12.3730,3070,0,0
102.7568,12.3287,3059,0,0
102.7816,12.3327,3060,0,0
102.8064,12.3206,3057,0,0
102.8312,12.2844,3048,0,0
102.8560,12.3206,3057,0,0
102.8808,12.3005,3052,0,0
102.9056,12.3166,3056,0,0
102.9304,12.3085,3054,0,0
102.9552,12.3529,3065,0,0
102.9800,12.3166,3056,0,0
103.0048,12.2924,3050,0,0
103.0296,12.3287,3059,0,0
103.0544,12.3529,3065,0,0
103.0792,12.3609,3067,0,0
103.1040,12.3730,3070,0,0
103.1288,12.3287,3059,0,0
103.1536,12.3126,3055,0,0
103.1784,12.3488,3064,0,0
103.2032,12.3287,3059,0,0
103.2280,12.2844,3048,0,0
103.2528,12.3327,3060,0,0
103.2776,12.3690,3069,0,0
103.3024,12.3166,3056,0,0
103.3272,12.3327,3060,0,0
103.3521,12.3690,3069,0,0
103.3769,12.3327,3060,0,0
103.4017,12.3488,3064,0,0
103.4265,12.3771,3071,0,0
103.4513,12.3166,3056,0,0
103.4761,12.3569,3066,0,0
103.5009,12.3327,3060,0,0
103.5257,12.3206,3057,0,0
103.5505,12.3166,3056,0,0
103.5753,12.3488,3064,0,0
103.6001,12.3448,3063,0,0
103.6249,12.2844,3048,0,0
103.6497,12.3327,3060,0,0
103.6745,12.3166,3056,0,0
103.6993,12.3529,3065,0,0
103.7241,12.3206,3057,0,0
103.7489,12.3730,3070,0,0
103.7737,12.3529,3065,0,0
103.7985,12.3488,3064,0,0
103.8233,12.3488,3064,0,0
103.8481,12.3206,3057,0,0
103.8729,12.3488,3064,0,0
103.8977,12.3569,3066,0,0
103.9225,12.3206,3057,0,0
103.9473,12.3488,3064,0,0
103.9721,12.3771,3071,0,0
103.9969,12.3085,3054,0,0
104.0217,12.3771,3071,0,0
104.0465,12.3045,3053,0,0
104.0713,12.3327,3060,0,0
104.0961,12.3085,3054,0,0
104.1209,12.3126,3055,0,0
104.1457,12.3529,3065,0,0
104.1705,12.3529,3065,0,0
104.1953,12.3730,3070,0,0
104.2201,12.3085,3054,0,0
104.2449,12.3488,3064,0,0
104.2697,12.3327,3060,0,0
104.2945,12.3206,3057,0,0
104.3193,12.3126,3055,0,0
104.3441,12.3206,3057,0,0
104.3689,12.3206,3057,0,0
104.3938,12.3529,3065,0,0
104.4186,12.3206,3057,0,0
104.4434,12.3206,3057,0,0
104.4682,12.3085,3054,0,0
104.4930,12.3851,3073,0,0
104.5178,12.3247,3058,0,0
104.5426,12.3287,3059,0,0
104.5674,12.3448,3063,0,0
104.5922,12.2844,3048,0,0
104.6170,12.3609,3067,0,0
104.6418,12.3005,3052,0,0
104.6666,12.3166,3056,0,0
104.6914,12.3448,3063,0,0
104.7162,12.3287,3059,0,0
104.7410,12.3206,3057,0,0
104.7658,12.3206,3057,0,0
104.7906,12.2803,3047,0,0
104.8154,12.3166,3056,0,0
104.8402,12.3569,3066,0,0
104.8650,12.3327,3060,0,0
104.8898,12.3005,3052,0,0
104.9146,12.3085,3054,0,0
104.9394,12.3327,3060,0,0
104.9642,12.3126,3055,0,0
104.9890,12.3448,3063,0,0
105.0138,12.2924,3050,0,0
105.0386,12.3488,3064,0,0
105.0634,12.3126,3055,0,0
105.0882,12.3488,3064,0,0
105.1130,12.3126,3055,0,0
105.1378,12.3126,3055,0,0
105.1626,12.3488,3064,0,0
105.1874,12.3529,3065,0,0
105.2122,12.2924,3050,0,0
105.2370,12.3166,3056,0,0
105.2618,12.3529,3065,0,0
105.2866,12.3206,3057,0,0
105.3114,12.3206,3057,0,0
105.3363,12.3287,3059,0,0
105.3611,12.3287,3059,0,0
105.3859,12.3569,3066,0,0
105.4107,12.2844,3048,0,0
105.4355,12.2803,3047,0,0
105.4603,12.3045,3053,0,0
105.4851,12.3569,3066,0,0
105.5099,12.2924,3050,0,0
105.5347,12.3488,3064,0,0
105.5595,12.3287,3059,0,0
105.5843,12.3085,3054,0,0
105.6091,12.3609,3067,0,0
105.6339,12.3488,3064,0,0
105.6587,12.3206,3057,0,0
105.6835,12.3569,3066,0,0
105.7083,12.3488,3064,0,0
105.7331,12.3327,3060,0,0
105.7579,12.3206,3057,0,0
105.7827,12.3327,3060,0,0
105.8075,12.3287,3059,0,0
105.8323,12.3005,3052,0,0
105.8571,12.3085,3054,0,0
105.8819,12.3247,3058,0,0
105.9067,12.3448,3063,0,0
105.9315,12.3126,3055,0,0
105.9563,12.3126,3055,0,0
105.9811,12.3166,3056,0,0
106.0059,12.3609,3067,0,0
106.0307,12.3569,3066,0,0
106.0555,12.2803,3047,0,0
106.0803,12.3529,3065,0,0
106.1051,12.3529,3065,0,0
106.1299,12.3045,3053,0,0
106.1547,12.3488,3064,0,0
106.1795,12.3327,3060,0,0
106.2043,12.3327,3060,0,0
106.2291,12.3327,3060,0,0
106.2539,12.3851,3073,0,0
106.2787,12.3609,3067,0,0
106.3036,12.2924,3050,0,0
106.3284,12.3488,3064,0,0
106.3531,12.3771,3071,0,0
106.3780,12.3287,3059,0,0
106.4028,12.3126,3055,0,0
106.4276,12.3730,3070,0,0
106.4524,12.3166,3056,0,0
106.4772,12.3206,3057,0,0
106.5020,12.3166,3056,0,0
106.5268,12.3045,3053,0,0
106.5516,12.3206,3057,0,0
106.5764,12.3609,3067,0,0
106.6012,12.3166,3056,0,0
106.6260,12.3529,3065,0,0
106.6508,12.3206,3057,0,0
106.6756,12.3166,3056,0,0
106.7004,12.3247,3058,0,0
106.7252,12.3529,3065,0,0
106.7500,12.3166,3056,0,0
106.7748,12.2803,3047,0,0
106.7996,12.3327,3060,0,0
106.8244,12.3569,3066,0,0
106.8492,12.3206,3057,0,0
106.8740,12.3327,3060,0,0
106.8988,12.3529,3065,0,0
106.9236,12.3206,3057,0,0
106.9484,12.3206,3057,0,0
106.9732,12.3005,3052,0,0
106.9980,12.3488,3064,0,0
107.0228,12.3488,3064,0,0
107.0476,12.3488,3064,0,0
107.0724,12.3206,3057,0,0
107.0972,12.3287,3059,0,0
107.1220,12.3287,3059,0,0
107.1468,12.3005,3052,0,0
107.1716,12.3609,3067,0,0
107.1964,12.3126,3055,0,0
107.2212,12.3206,3057,0,0
107.2460,12.3529,3065,0,0
107.2708,12.3448,3063,0,0
107.2956,12.3488,3064,0,0
107.3204,12.3529,3065,0,0
107.3453,12.3448,3063,0,0
107.3701,12.3126,3055,0,0
107.3949,12.3488,3064,0,0
107.4197,12.3448,3063,0,0
107.4445,12.3166,3056,0,0
107.4693,12.3488,3064,0,0
107.4941,12.3206,3057,0,0
107.5189,12.3529,3065,0,0
107.5437,12.3488,3064,0,0
107.5685,12.3488,3064,0,0
107.5933,12.3690,3069,0,0
107.6181,12.3206,3057,0,0
107.6429,12.3247,3058,0,0
107.6677,12.3811,3072,0,0
107.6925,12.3206,3057,0,0
107.7173,12.3126,3055,0,0
107.7421,12.3287,3059,0,0
107.7669,12.3206,3057,0,0
107.7917,12.3488,3064,0,0
107.8165,12.3206,3057,0,0
107.8413,12.3287,3059,0,0
107.8661,12.3005,3052,0,0
107.8909,12.3005,3052,0,0
107.9157,12.3488,3064,0,0
107.9405,12.3327,3060,0,0
107.9653,12.3206,3057,0,0
107.9901,12.3529,3065,0,0
108.0149,12.3730,3070,0,0
108.0397,12.3327,3060,0,0
108.0645,12.3488,3064,0,0
108.0893,12.3448,3063,0,0
108.1141,12.2844,3048,0,0
108.1389,12.3771,3071,0,0
108.1637,12.3166,3056,0,0
108.1885,12.3609,3067,0,0
108.2133,12.3529,3065,0,0
108.2381,12.3166,3056,0,0
108.2629,12.3327,3060,0,0
108.2878,12.3730,3070,0,0
108.3126,12.3690,3069,0,0
108.3374,12.3771,3071,0,0
108.3622,12.3287,3059,0,0
108.3870,12.3206,3057,0,0
108.4118,12.3206,3057,0,0
108.4366,12.3488,3064,0,0
108.4614,12.3126,3055,0,0
108.4862,12.3730,3070,0,0
108.5110,12.2844,3048,0,0
108.5358,12.3488,3064,0,0
108.5606,12.3126,3055,0,0
108.5854,12.2924,3050,0,0
108.6102,12.2924,3050,0,0
108.6350,12.3247,3058,0,0
108.6598,12.3488,3064,0,0
108.6846,12.3327,3060,0,0
108.7094,12.3327,3060,0,0
108.7342,12.3771,3071,0,0
108.7590,12.3690,3069,0,0
108.7838,12.3569,3066,0,0
108.8086,12.3126,3055,0,0
108.8334,12.3287,3059,0,0
108.8582,12.3529,3065,0,0
108.8830,12.3287,3059,0,0
108.9078,12.3690,3069,0,0
108.9326,12.3005,3052,0,0
108.9574,12.3448,3063,0,0
108.9822,12.3327,3060,0,0
109.0070,12.3408,3062,0,0
109.0318,12.3247,3058,0,0
109.0566,12.3488,3064,0,0
109.0814,12.3327,3060,0,0
109.1062,12.3085,3054,0,0
109.1310,12.3488,3064,0,0
109.1558,12.3488,3064,0,0
109.1806,12.3609,3067,0,0
109.2054,12.3126,3055,0,0
109.2302,12.3206,3057,0,0
109.2550,12.3166,3056,0,0
109.2798,12.3247,3058,0,0
109.3046,12.3085,3054,0,0
109.3295,12.3529,3065,0,0
109.3543,12.3166,3056,0,0
109.3791,12.3771,3071,0,0
109.4039,12.3166,3056,0,0
109.4287,12.2924,3050,0,0
109.4535,12.3126,3055,0,0
109.4783,12.3126,3055,0,0
109.5031,12.3529,3065,0,0
109.5279,12.2844,3048,0,0
109.5527,12.3529,3065,0,0
109.5775,12.3690,3069,0,0
109.6023,12.3126,3055,0,0
109.6271,12.3206,3057,0,0
109.6519,12.3730,3070,0,0
109.6767,12.3085,3054,0,0
109.7015,12.3005,3052,0,0
109.7263,12.3327,3060,0,0
109.7511,12.3569,3066,0,0
109.7759,12.3569,3066,0,0
109.8007,12.3206,3057,0,0
109.8255,12.3569,3066,0,0
109.8503,12.3488,3064,0,0
109.8751,12.3448,3063,0,0
109.8999,12.3529,3065,0,0
109.9247,12.3488,3064,0,0
109.9495,12.2924,3050,0,0
109.9743,12.2844,3048,0,0
109.9991,12.3166,3056,0,0
110.0239,12.3488,3064,0,0
110.0487,12.3488,3064,0,0
110.0735,12.3005,3052,0,0
110.0983,12.3569,3066,0,0
110.1231,12.3448,3063,0,0
110.1479,12.3569,3066,0,0
110.1727,12.3488,3064,0,0
110.1975,12.2924,3050,0,0
110.2223,12.3287,3059,0,0
110.2471,12.3488,3064,0,0
110.2719,12.3085,3054,0,0
110.2968,12.3609,3067,0,0
110.3216,12.3529,3065,0,0
110.3464,12.3166,3056,0,0
110.3712,12.2924,3050,0,0
110.3960,12.3206,3057,0,0
110.4208,12.3569,3066,0,0
110.4456,12.3206,3057,0,0
110.4704,12.3448,3063,0,0
110.4952,12.3166,3056,0,0
110.5200,12.3206,3057,0,0
110.5448,12.2844,3048,0,0
110.5696,12.3287,3059,0,0
110.5944,12.3126,3055,0,0
110.6192,12.3529,3065,0,0
110.6440,12.3609,3067,0,0
110.6688,12.3488,3064,0,0
110.6936,12.3166,3056,0,0
110.7184,12.3529,3065,0,0
110.7432,12.2844,3048,0,0
110.7680,12.3206,3057,0,0
110.7928,12.3327,3060,0,0
110.8176,12.3287,3059,0,0
110.8424,12.3327,3060,0,0
110.8672,12.3166,3056,0,0
110.8920,12.3206,3057,0,0
110.9168,12.3287,3059,0,0
110.9416,12.3569,3066,0,0
110.9664,12.2844,3048,0,0
110.9912,12.3085,3054,0,0
111.0160,12.3206,3057,0,0
111.0408,12.3529,3065,0,0
111.0656,12.3126,3055,0,0
111.0904,12.3569,3066,0,0
111.1152,12.3166,3056,0,0
111.1400,12.3529,3065,0,0
111.1648,12.3609,3067,0,0
111.1896,12.3529,3065,0,0
111.2144,12.3488,3064,0,0
111.2393,12.3126,3055,0,0
111.2640,12.3287,3059,0,0
111.2888,12.3488,3064,0,0
111.3137,12.3488,3064,0,0
111.3385,12.3166,3056,0,0
111.3633,12.3166,3056,0,0
111.3881,12.3166,3056,0,0
111.4129,12.3327,3060,0,0
111.4377,12.2844,3048,0,0
111.4625,12.3529,3065,0,0
111.4873,12.3488,3064,0,0
111.5121,12.2844,3048,0,0
111.5369,12.3287,3059,0,0
111.5617,12.3045,3053,0,0
111.5865,12.3488,3064,0,0
111.6113,12.3488,3064,0,0
111.6361,12.3488,3064,0,0
111.6609,12.2844,3048,0,0
111.6857,12.3206,3057,0,0
111.7105,12.3287,3059,0,0
111.7353,12.3609,3067,0,0
111.7601,12.3206,3057,0,0
111.7849,12.3206,3057,0,0
111.8097,12.3126,3055,0,0
111.8345,12.3448,3063,0,0
111.8593,12.3206,3057,0,0
111.8841,12.3488,3064,0,0
111.9089,12.3569,3066,0,0
111.9337,12.3166,3056,0,0
111.9585,12.3609,3067,0,0
111.9833,12.3206,3057,0,0
112.0081,12.3327,3060,0,0
112.0329,12.3569,3066,0,0
112.0577,12.3730,3070,0,0
112.0825,12.3448,3063,0,0
112.1073,12.2924,3050,0,0
112.1321,12.3287,3059,0,0
112.1569,12.3287,3059,0,0
112.1817,12.3126,3055,0,0
112.2065,12.3206,3057,0,0
112.2313,12.3408,3062,0,0
112.2561,12.3569,3066,0,0
112.2810,12.3488,3064,0,0
112.3058,12.3126,3055,0,0
112.3306,12.3287,3059,0,0
112.3554,12.3529,3065,0,0
112.3802,12.3206,3057,0,0
112.4050,12.3287,3059,0,0
112.4298,12.3609,3067,0,0
112.4546,12.3529,3065,0,0
112.4794,12.3730,3070,0,0
112.5042,12.3085,3054,0,0
112.5290,12.3488,3064,0,0
112.5538,12.3569,3066,0,0
112.5786,12.3569,3066,0,0
112.6034,12.3287,3059,0,0
112.6282,12.3206,3057,0,0
112.6530,12.3488,3064,0,0
112.6778,12.3488,3064,0,0
112.7026,12.3206,3057,0,0
112.7274,12.2602,3042,0,0
112.7522,12.3206,3057,0,0
112.7770,12.3166,3056,0,0
112.8018,12.3166,3056,0,0
112.8266,12.2844,3048,0,0
112.8514,12.3488,3064,0,0
112.8762,12.2844,3048,0,0
112.9010,12.3206,3057,0,0
112.9258,12.3206,3057,0,0
112.9506,12.3206,3057,0,0
112.9754,12.3206,3057,0,0
113.0002,12.3085,3054,0,0
113.0250,12.3287,3059,0,0
113.0498,12.3206,3057,0,0
113.0746,12.3529,3065,0,0
113.0994,12.3085,3054,0,0
113.1242,12.3206,3057,0,0
113.1490,12.3609,3067,0,0
113.1738,12.3287,3059,0,0
113.1986,12.3206,3057,0,0
113.2234,12.3166,3056,0,0
113.2483,12.3206,3057,0,0
113.2731,12.3327,3060,0,0
113.2979,12.3488,3064,0,0
113.3227,12.3247,3058,0,0
113.3475,12.3488,3064,0,0
113.3723,12.3529,3065,0,0
113.3971,12.3529,3065,0,0
113.4219,12.3085,3054,0,0
113.4467,12.3166,3056,0,0
113.4715,12.3529,3065,0,0
113.4963,12.2965,3051,0,0
113.5211,12.3206,3057,0,0
113.5459,12.3488,3064,0,0
113.5707,12.3085,3054,0,0
113.5955,12.3206,3057,0,0
113.6203,12.3569,3066,0,0
113.6451,12.3287,3059,0,0
113.6699,12.3448,3063,0,0
113.6947,12.3488,3064,0,0
113.7195,12.3206,3057,0,0
113.7443,12.2803,3047,0,0
113.7691,12.3206,3057,0,0
113.7939,12.3609,3067,0,0
113.8187,12.3690,3069,0,0
113.8435,12.3488,3064,0,0
113.8683,12.3529,3065,0,0
113.8931,12.3166,3056,0,0
113.9179,12.3166,3056,0,0
113.9427,12.3488,3064,0,0
113.9675,12.3529,3065,0,0
113.9923,12.3166,3056,0,0
114.0171,12.3126,3055,0,0
114.0419,12.3287,3059,0,0
114.0667,12.3529,3065,0,0
114.0915,12.3327,3060,0,0
114.1163,12.3005,3052,0,0
114.1411,12.3609,3067,0,0
114.1659,12.3448,3063,0,0
114.1907,12.3569,3066,0,0
114.2155,12.3488,3064,0,0
114.2403,12.3529,3065,0,0
114.2652,12.3126,3055,0,0
114.2900,12.3206,3057,0,0
114.3148,12.3529,3065,0,0
114.3396,12.3327,3060,0,0
114.3644,12.3488,3064,0,0
114.3892,12.3206,3057,0,0
114.4140,12.3206,3057,0,0
114.4388,12.3085,3054,0,0
114.4636,12.3085,3054,0,0
114.4884,12.3206,3057,0,0
114.5132,12.3166,3056,0,0
114.5380,12.3287,3059,0,0
114.5628,12.3408,3062,0,0
114.5876,12.3206,3057,0,0
114.6124,12.3166,3056,0,0
114.6372,12.3408,3062,0,0
114.6620,12.3126,3055,0,0
114.6868,12.3247,3058,0,0
114.7116,12.2844,3048,0,0
114.7364,12.3206,3057,0,0
114.7612,12.3327,3060,0,0
114.7860,12.3126,3055,0,0
114.8108,12.3247,3058,0,0
114.8356,12.3206,3057,0,0
114.8604,12.3529,3065,0,0
114.8852,12.3569,3066,0,0
114.9100,12.3206,3057,0,0
114.9348,12.3085,3054,0,0
114.9596,12.3529,3065,0,0
114.9844,12.3448,3063,0,0
115.0092,12.3327,3060,0,0
115.0340,12.3609,3067,0,0
115.0588,12.3448,3063,0,0
115.0836,12.3488,3064,0,0
115.1084,12.3529,3065,0,0
115.1332,12.3166,3056,0,0
115.1580,12.3287,3059,0,0
115.1828,12.3488,3064,0,0
115.2076,12.3529,3065,0,0
115.2325,12.3085,3054,0,0
115.2573,12.3488,3064,0,0
115.2821,12.3771,3071,0,0
115.3069,12.3287,3059,0,0
115.3317,12.3206,3057,0,0
115.3565,12.3247,3058,0,0
115.3813,12.3690,3069,0,0
115.4061,12.3206,3057,0,0
115.4309,12.3529,3065,0,0
115.4557,12.3206,3057,0,0
115.4805,12.3609,3067,0,0
115.5053,12.2803,3047,0,0
115.5301,12.3327,3060,0,0
115.5549,12.3771,3071,0,0
115.5797,12.3287,3059,0,0
115.6045,12.3166,3056,0,0
115.6293,12.3287,3059,0,0
115.6541,12.2844,3048,0,0
115.6789,12.3206,3057,0,0
115.7037,12.3206,3057,0,0
115.7285,12.3166,3056,0,0
115.7533,12.3529,3065,0,0
115.7781,12.3448,3063,0,0
115.8029,12.3327,3060,0,0
115.8277,12.3166,3056,0,0
115.8525,12.3569,3066,0,0
115.8773,12.3529,3065,0,0
115.9021,12.3609,3067,0,0
115.9269,12.2924,3050,0,0
115.9517,12.3448,3063,0,0
115.9765,12.2965,3051,0,0
116.0013,12.3085,3054,0,0
116.0261,12.3206,3057,0,0
116.0509,12.3287,3059,0,0
116.0757,12.3609,3067,0,0
116.1005,12.3206,3057,0,0
116.1253,12.3488,3064,0,0
116.1501,12.3488,3064,0,0
116.1749,12.3529,3065,0,0
116.1997,12.3206,3057,0,0
116.2245,12.3166,3056,0,0
116.2494,12.3085,3054,0,0
116.2742,12.3287,3059,0,0
116.2990,12.3569,3066,0,0
116.3238,12.3166,3056,0,0
116.3486,12.3529,3065,0,0
116.3734,12.3448,3063,0,0
116.3982,12.3206,3057,0,0
116.4230,12.3085,3054,0,0
116.4478,12.2763,3046,0,0
116.4726,12.3166,3056,0,0
116.4974,12.3166,3056,0,0
116.5222,12.3166,3056,0,0
116.5470,12.3166,3056,0,0
116.5718,12.3206,3057,0,0
116.5966,12.3771,3071,0,0
116.6214,12.3166,3056,0,0
116.6462,12.3529,3065,0,0
116.6710,12.3609,3067,0,0
116.6958,12.3166,3056,0,0
116.7206,12.3126,3055,0,0
116.7454,12.3206,3057,0,0
116.7702,12.3529,3065,0,0
116.7950,12.3529,3065,0,0
116.8198,12.3206,3057,0,0
116.8446,12.3206,3057,0,0
116.8694,12.3488,3064,0,0
116.8942,12.3569,3066,0,0
116.9190,12.3085,3054,0,0
116.9438,12.3287,3059,0,0
116.9686,12.3287,3059,0,0
116.9934,12.3730,3070,0,0
117.0182,12.3166,3056,0,0
117.0430,12.3488,3064,0,0
117.0678,12.3206,3057,0,0
117.0926,12.3166,3056,0,0
117.1174,12.3488,3064,0,0
117.1422,12.3327,3060,0,0
117.1670,12.3166,3056,0,0
117.1918,12.3126,3055,0,0
117.2167,12.3166,3056,0,0
117.2415,12.2844,3048,0,0
117.2663,12.3730,3070,0,0
117.2911,12.3327,3060,0,0
117.3159,12.3166,3056,0,0
117.3407,12.3247,3058,0,0
117.3655,12.3206,3057,0,0
117.3903,12.3085,3054,0,0
117.4151,12.3005,3052,0,0
117.4399,12.3488,3064,0,0
117.4647,12.3529,3065,0,0
117.4895,12.3287,3059,0,0
117.5143,12.3206,3057,0,0
117.5391,12.3529,3065,0,0
117.5639,12.3287,3059,0,0
117.5887,12.3287,3059,0,0
117.6135,12.2965,3051,0,0
117.6383,12.3166,3056,0,0
117.6631,12.3529,3065,0,0
117.6879,12.3488,3064,0,0
117.7127,12.3206,3057,0,0
117.7375,12.3005,3052,0,0
117.7623,12.2924,3050,0,0
117.7871,12.3126,3055,0,0
117.8119,12.3287,3059,0,0
117.8367,12.3126,3055,0,0
117.8615,12.2682,3044,0,0
117.8863,12.3045,3053,0,0
117.9111,12.3126,3055,0,0
117.9359,12.3126,3055,0,0
117.9607,12.3045,3053,0,0
117.9855,12.3085,3054,0,0
118.0103,12.3206,3057,0,0
118.0351,12.3206,3057,0,0
118.0599,12.3327,3060,0,0
118.0847,12.3327,3060,0,0
118.1095,12.3529,3065,0,0
118.1343,12.3609,3067,0,0
118.1591,12.3488,3064,0,0
118.1840,12.3408,3062,0,0
118.2087,12.3287,3059,0,0
118.2336,12.3730,3070,0,0
118.2584,12.2965,3051,0,0
118.2832,12.2924,3050,0,0
118.3080,12.2844,3048,0,0
118.3328,12.3448,3063,0,0
118.3576,12.3569,3066,0,0
118.3824,12.3569,3066,0,0
118.4072,12.3529,3065,0,0
118.4320,12.3529,3065,0,0
118.4568,12.2844,3048,0,0
118.4816,12.3206,3057,0,0
118.5064,12.3529,3065,0,0
118.5312,12.2924,3050,0,0
118.5560,12.3206,3057,0,0
118.5808,12.3327,3060,0,0
118.6056,12.3126,3055,0,0
118.6304,12.3206,3057,0,0
118.6552,12.3529,3065,0,0
118.6800,12.3206,3057,0,0
118.7048,12.3247,3058,0,0
118.7296,12.3045,3053,0,0
118.7544,12.3085,3054,0,0
118.7792,12.3206,3057,0,0
118.8040,12.3085,3054,0,0
118.8288,12.3206,3057,0,0
118.8536,12.3529,3065,0,0
118.8784,12.3690,3069,0,0
118.9032,12.3126,3055,0,0
118.9280,12.3488,3064,0,0
118.9528,12.3529,3065,0,0
118.9776,12.3166,3056,0,0
119.0024,12.2965,3051,0,0
119.0272,12.3085,3054,0,0
119.0520,12.2844,3048,0,0
119.0768,12.3488,3064,0,0
119.1016,12.3126,3055,0,0
119.1264,12.2924,3050,0,0
119.1512,12.3166,3056,0,0
119.1760,12.3085,3054,0,0
119.2009,12.3287,3059,0,0
119.2257,12.3287,3059,0,0
119.2505,12.3126,3055,0,0
119.2753,12.3529,3065,0,0
119.3001,12.3287,3059,0,0
119.3249,12.3206,3057,0,0
119.3497,12.3005,3052,0,0
119.3745,12.3126,3055,0,0
119.3993,12.3529,3065,0,0
119.4241,12.3609,3067,0,0
119.4489,12.3126,3055,0,0
119.4737,12.3529,3065,0,0
119.4985,12.3287,3059,0,0
119.5233,12.3287,3059,0,0
119.5481,12.3488,3064,0,0
119.5729,12.3529,3065,0,0
119.5977,12.2682,3044,0,0
119.6225,12.2924,3050,0,0
119.6473,12.3206,3057,0,0
119.6721,12.3166,3056,0,0
119.6969,12.2844,3048,0,0
119.7217,12.3206,3057,0,0
119.7465,12.3287,3059,0,0
119.7713,12.3488,3064,0,0
119.7961,12.3287,3059,0,0
119.8209,12.3126,3055,0,0
119.8457,12.3529,3065,0,0
119.8705,12.3488,3064,0,0
119.8953,12.3488,3064,0,0
119.9201,12.3327,3060,0,0
119.9449,12.3488,3064,0,0
119.9697,12.3085,3054,0,0
119.9945,12.3206,3057,0,0
120.0193,12.3247,3058,0,0
120.0441,12.3690,3069,0,0
120.0689,12.3408,3062,0,0
120.0937,12.3206,3057,0,0
120.1185,12.3287,3059,0,0
120.1433,12.3569,3066,0,0
120.1682,12.3206,3057,0,0
120.1930,12.3327,3060,0,0
120.2178,12.3730,3070,0,0
120.2426,12.3287,3059,0,0
120.2674,12.3287,3059,0,0
120.2922,12.3005,3052,0,0
120.3170,12.3166,3056,0,0
120.3418,12.3126,3055,0,0
120.3666,12.3206,3057,0,0
120.3914,12.3287,3059,0,0
120.4162,12.3488,3064,0,0
120.4410,12.3327,3060,0,0
120.4658,12.3206,3057,0,0
120.4906,12.3529,3065,0,0
120.5154,12.3488,3064,0,0
120.5402,12.3529,3065,0,0
120.5650,12.3005,3052,0,0
120.5898,12.3166,3056,0,0
120.6146,12.3811,3072,0,0
120.6394,12.3529,3065,0,0
120.6642,12.3206,3057,0,0
120.6890,12.3287,3059,0,0
120.7138,12.3166,3056,0,0
120.7386,12.3448,3063,0,0
120.7634,12.3206,3057,0,0
120.7882,12.3126,3055,0,0
120.8130,12.3488,3064,0,0
120.8378,12.3529,3065,0,0
120.8626,12.2602,3042,0,0
120.8874,12.3126,3055,0,0
120.9122,12.3327,3060,0,0
120.9370,12.3287,3059,0,0
120.9618,12.3166,3056,0,0
120.9866,12.3166,3056,0,0
121.0114,12.3488,3064,0,0
121.0362,12.3287,3059,0,0
121.0610,12.3206,3057,0,0
121.0858,12.3126,3055,0,0
121.1106,12.3892,3074,0,0
121.1354,12.3206,3057,0,0
121.1602,12.3166,3056,0,0
121.1851,12.3488,3064,0,0
121.2099,12.3529,3065,0,0
121.2347,12.3488,3064,0,0
121.2595,12.3569,3066,0,0
121.2843,12.3529,3065,0,0
121.3091,12.3005,3052,0,0
121.3339,12.2965,3051,0,0
121.3587,12.3206,3057,0,0
121.3835,12.3529,3065,0,0
121.4083,12.3085,3054,0,0
121.4331,12.3488,3064,0,0
121.4579,12.3206,3057,0,0
121.4827,12.3166,3056,0,0
121.5075,12.3327,3060,0,0
121.5323,12.3529,3065,0,0
121.5571,12.3488,3064,0,0
121.5819,12.2924,3050,0,0
121.6067,12.3287,3059,0,0
121.6315,12.3287,3059,0,0
121.6563,12.3529,3065,0,0
121.6811,12.3085,3054,0,0
121.7059,12.3085,3054,0,0
121.7307,12.3488,3064,0,0
121.7555,12.3206,3057,0,0
121.7803,12.3166,3056,0,0
121.8051,12.3609,3067,0,0
121.8299,12.2924,3050,0,0
121.8547,12.3166,3056,0,0
121.8795,12.3206,3057,0,0
121.9043,12.3166,3056,0,0
121.9291,12.2924,3050,0,0
121.9539,12.3488,3064,0,0
121.9787,12.3609,3067,0,0
122.0035,12.3206,3057,0,0
122.0283,12.3488,3064,0,0
122.0531,12.3247,3058,0,0
122.0779,12.3206,3057,0,0
122.1027,12.3529,3065,0,0
122.1275,12.3488,3064,0,0
122.1524,12.3408,3062,0,0
122.1772,12.3287,3059,0,0
122.2020,12.3085,3054,0,0
122.2268,12.3126,3055,0,0
122.2516,12.3488,3064,0,0
122.2764,12.2763,3046,0,0
122.3012,12.3287,3059,0,0
122.3260,12.3609,3067,0,0
122.3508,12.2844,3048,0,0
122.3756,12.3085,3054,0,0
122.4004,12.3327,3060,0,0
122.4252,12.3327,3060,0,0
122.4500,12.3166,3056,0,0
122.4748,12.3206,3057,0,0
122.4996,12.3488,3064,0,0
122.5244,12.3327,3060,0,0
122.5492,12.2924,3050,0,0
122.5740,12.2924,3050,0,0
122.5988,12.3690,3069,0,0
122.6236,12.3529,3065,0,0
122.6484,12.3206,3057,0,0
122.6732,12.3166,3056,0,0
122.6980,12.3327,3060,0,0
122.7228,12.3327,3060,0,0
122.7476,12.3126,3055,0,0
122.7724,12.3529,3065,0,0
122.7972,12.2924,3050,0,0
122.8220,12.3609,3067,0,0
122.8468,12.3529,3065,0,0
122.8716,12.3287,3059,0,0
122.8964,12.3287,3059,0,0
122.9212,12.3206,3057,0,0
122.9460,12.3771,3071,0,0
122.9708,12.2924,3050,0,0
122.9956,12.3126,3055,0,0
123.0204,12.3327,3060,0,0
123.0452,12.3247,3058,0,0
123.0700,12.3327,3060,0,0
123.0948,12.3206,3057,0,0
123.1196,12.3448,3063,0,0
123.1444,12.3005,3052,0,0
123.1693,12.2844,3048,0,0
123.1941,12.3609,3067,0,0
123.2189,12.3085,3054,0,0
123.2437,12.3166,3056,0,0
123.2685,12.3287,3059,0,0
123.2933,12.3690,3069,0,0
123.3181,12.3085,3054,0,0
123.3429,12.3488,3064,0,0
123.3677,12.3126,3055,0,0
123.3925,12.3166,3056,0,0
123.4173,12.3529,3065,0,0
123.4421,12.3488,3064,0,0
123.4669,12.3166,3056,0,0
123.4917,12.3005,3052,0,0
123.5165,12.3126,3055,0,0
123.5413,12.3206,3057,0,0
123.5661,12.3529,3065,0,0
123.5909,12.3569,3066,0,0
123.6157,12.3206,3057,0,0
123.6405,12.3529,3065,0,0
123.6653,12.3448,3063,0,0
123.6901,12.2924,3050,0,0
123.7149,12.2965,3051,0,0
123.7397,12.3287,3059,0,0
123.7645,12.3166,3056,0,0
123.7893,12.3005,3052,0,0
123.8141,12.3569,3066,0,0
123.8389,12.3488,3064,0,0
123.8637,12.3287,3059,0,0
123.8885,12.3488,3064,0,0
123.9133,12.2965,3051,0,0
123.9381,12.3166,3056,0,0
123.9629,12.3166,3056,0,0
123.9877,12.3569,3066,0,0
124.0125,12.3126,3055,0,0
124.0373,12.3085,3054,0,0
124.0621,12.3166,3056,0,0
124.0869,12.3287,3059,0,0
124.1117,12.3327,3060,0,0
124.1366,12.3126,3055,0,0
124.1614,12.3529,3065,0,0
124.1862,12.3488,3064,0,0
124.2110,12.3206,3057,0,0
124.2358,12.3166,3056,0,0
124.2606,12.3166,3056,0,0
124.2854,12.2924,3050,0,0
124.3102,12.3206,3057,0,0
124.3350,12.2844,3048,0,0
124.3598,12.2844,3048,0,0
124.3846,12.3287,3059,0,0
124.4094,12.3206,3057,0,0
124.4342,12.3488,3064,0,0
124.4590,12.3488,3064,0,0
124.4838,12.2803,3047,0,0
124.5086,12.3206,3057,0,0
124.5334,12.3448,3063,0,0
124.5582,12.3327,3060,0,0
124.5830,12.3488,3064,0,0
124.6078,12.3488,3064,0,0
124.6326,12.3488,3064,0,0
124.6574,12.3005,3052,0,0
124.6822,12.3206,3057,0,0
124.7070,12.3206,3057,0,0
124.7318,12.3206,3057,0,0
124.7566,12.3206,3057,0,0
124.7814,12.3730,3070,0,0
124.8062,12.3166,3056,0,0
124.8310,12.3488,3064,0,0
124.8558,12.2844,3048,0,0
124.8806,12.2965,3051,0,0
124.9054,12.3206,3057,0,0
124.9302,12.3287,3059,0,0
124.9550,12.3085,3054,0,0
124.9798,12.3206,3057,0,0
125.0046,12.3327,3060,0,0
125.0294,12.3166,3056,0,0
125.0542,12.3005,3052,0,0
125.0790,12.2924,3050,0,0
125.1039,12.3206,3057,0,0
125.1287,12.3085,3054,0,0
125.1535,12.3166,3056,0,0
125.1783,12.3488,3064,0,0
125.2031,12.3569,3066,0,0
125.2279,12.3529,3065,0,0
125.2527,12.3529,3065,0,0
125.2775,12.3448,3063,0,0
125.3023,12.3287,3059,0,0
125.3271,12.2924,3050,0,0
125.3519,12.3529,3065,0,0
125.3767,12.3488,3064,0,0
125.4015,12.3166,3056,0,0
125.4263,12.3166,3056,0,0
125.4511,12.3206,3057,0,0
125.4759,12.2924,3050,0,0
125.5007,12.3327,3060,0,0
125.5255,12.3126,3055,0,0
125.5503,12.3690,3069,0,0
125.5751,12.3247,3058,0,0
125.5999,12.3126,3055,0,0
125.6247,12.3166,3056,0,0
125.6495,12.3045,3053,0,0
125.6743,12.2844,3048,0,0
125.6991,12.3609,3067,0,0
125.7239,12.3206,3057,0,0
125.7487,12.3206,3057,0,0
125.7735,12.3488,3064,0,0
125.7983,12.3327,3060,0,0
125.8231,12.3206,3057,0,0
125.8479,12.3327,3060,0,0
125.8727,12.3206,3057,0,0
125.8975,12.3529,3065,0,0
125.9223,12.3206,3057,0,0
125.9471,12.2803,3047,0,0
125.9719,12.3005,3052,0,0
125.9967,12.3569,3066,0,0
126.0215,12.3085,3054,0,0
126.0463,12.3166,3056,0,0
126.0711,12.3730,3070,0,0
126.0959,12.3488,3064,0,0
126.1208,12.3166,3056,0,0
126.1456,12.3166,3056,0,0
126.1704,12.3488,3064,0,0
126.1952,12.3569,3066,0,0
126.2200,12.3166,3056,0,0
126.2448,12.3327,3060,0,0
126.2696,12.3126,3055,0,0
126.2944,12.2924,3050,0,0
126.3192,12.3045,3053,0,0
126.3440,12.3327,3060,0,0
126.3688,12.3085,3054,0,0
126.3936,12.3287,3059,0,0
126.4184,12.2924,3050,0,0
126.4432,12.3206,3057,0,0
126.4680,12.3529,3065,0,0
126.4928,12.3448,3063,0,0
126.5176,12.3488,3064,0,0
126.5424,12.3287,3059,0,0
126.5672,12.3247,3058,0,0
126.5920,12.3206,3057,0,0
126.6168,12.3448,3063,0,0
126.6416,12.3488,3064,0,0
126.6664,12.3085,3054,0,0
126.6912,12.3327,3060,0,0
126.7160,12.3166,3056,0,0
126.7408,12.2924,3050,0,0
126.7656,12.3206,3057,0,0
126.7904,12.3609,3067,0,0
126.8152,12.3448,3063,0,0
126.8400,12.3166,3056,0,0
126.8648,12.2844,3048,0,0
126.8896,12.3126,3055,0,0
126.9144,12.3730,3070,0,0
126.9392,12.3327,3060,0,0
126.9640,12.2965,3051,0,0
126.9888,12.3005,3052,0,0
127.0136,12.3206,3057,0,0
127.0384,12.3085,3054,0,0
127.0632,12.3327,3060,0,0
127.0881,12.3166,3056,0,0
127.1129,12.3166,3056,0,0
127.1377,12.3287,3059,0,0
127.1625,12.3085,3054,0,0
127.1873,12.3206,3057,0,0
127.2121,12.3569,3066,0,0
127.2369,12.3085,3054,0,0
127.2617,12.3206,3057,0,0
127.2865,12.3206,3057,0,0
127.3113,12.3166,3056,0,0
127.3361,12.3609,3067,0,0
127.3609,12.3085,3054,0,0
127.3857,12.3206,3057,0,0
127.4105,12.3206,3057,0,0
127.4353,12.3045,3053,0,0
127.4601,12.3126,3055,0,0
127.4849,12.3529,3065,0,0
127.5097,12.3005,3052,0,0
127.5345,12.2844,3048,0,0
127.5593,12.3448,3063,0,0
127.5841,12.3529,3065,0,0
127.6089,12.3327,3060,0,0
127.6337,12.3488,3064,0,0
127.6585,12.3085,3054,0,0
127.6833,12.3529,3065,0,0
127.7081,12.3529,3065,0,0
127.7329,12.3166,3056,0,0
127.7577,12.3206,3057,0,0
127.7825,12.3488,3064,0,0
127.8073,12.3609,3067,0,0
127.8321,12.3327,3060,0,0
127.8569,12.3529,3065,0,0
127.8817,12.3529,3065,0,0
127.9065,12.3771,3071,0,0
127.9313,12.3206,3057,0,0
127.9561,12.2965,3051,0,0
127.9809,12.3166,3056,0,0
128.0057,12.3206,3057,0,0
128.0305,12.3206,3057,0,0
128.0553,12.3287,3059,0,0
128.0802,12.2803,3047,0,0
128.1049,12.2803,3047,0,0
128.1298,12.3488,3064,0,0
128.1546,12.3287,3059,0,0
128.1794,12.3488,3064,0,0
128.2042,12.3166,3056,0,0
128.2290,12.3488,3064,0,0
128.2538,12.3287,3059,0,0
128.2786,12.2924,3050,0,0
128.3034,12.3327,3060,0,0
128.3282,12.3488,3064,0,0
128.3530,12.3569,3066,0,0
128.3778,12.3166,3056,0,0
128.4026,12.3126,3055,0,0
128.4274,12.3206,3057,0,0
128.4522,12.3448,3063,0,0
128.4770,12.3206,3057,0,0
128.5018,12.3206,3057,0,0
128.5266,12.3166,3056,0,0
128.5514,12.3287,3059,0,0
128.5762,12.3448,3063,0,0
128.6010,12.3690,3069,0,0
128.6258,12.3206,3057,0,0
128.6506,12.3287,3059,0,0
128.6754,12.3529,3065,0,0
128.7002,12.2965,3051,0,0
128.7250,12.3085,3054,0,0
128.7498,12.3488,3064,0,0
128.7746,12.3206,3057,0,0
128.7994,12.3287,3059,0,0
128.8242,12.3488,3064,0,0
128.8490,12.3488,3064,0,0
128.8738,12.3206,3057,0,0
128.8986,12.3206,3057,0,0
128.9234,12.3327,3060,0,0
128.9482,12.3085,3054,0,0
128.9730,12.3448,3063,0,0
128.9978,12.3569,3066,0,0
129.0226,12.3488,3064,0,0
129.0474,12.3085,3054,0,0
129.0723,12.3287,3059,0,0
129.0970,12.3569,3066,0,0
129.1219,12.2844,3048,0,0
129.1467,12.3408,3062,0,0
129.1715,12.3166,3056,0,0
129.1963,12.3327,3060,0,0
129.2211,12.2924,3050,0,0
129.2459,12.3126,3055,0,0
129.2707,12.3206,3057,0,0
129.2955,12.3609,3067,0,0
129.3203,12.2924,3050,0,0
129.3451,12.3529,3065,0,0
129.3699,12.3529,3065,0,0
129.3947,12.3529,3065,0,0
129.4195,12.3488,3064,0,0
129.4443,12.2803,3047,0,0
129.4691,12.3126,3055,0,0
129.4939,12.3206,3057,0,0
129.5187,12.3206,3057,0,0
129.5435,12.3206,3057,0,0
129.5683,12.3609,3067,0,0
129.5931,12.3085,3054,0,0
129.6179,12.3206,3057,0,0
129.6427,12.3488,3064,0,0
129.6675,12.3206,3057,0,0
129.6923,12.3206,3057,0,0
129.7171,12.3488,3064,0,0
129.7419,12.3569,3066,0,0
129.7667,12.3126,3055,0,0
129.7915,12.2924,3050,0,0
129.8163,12.3287,3059,0,0
129.8411,12.3005,3052,0,0
129.8659,12.3126,3055,0,0
129.8907,12.3529,3065,0,0
129.9155,12.3287,3059,0,0
129.9403,12.3166,3056,0,0
129.9651,12.3126,3055,0,0
129.9899,12.3448,3063,0,0
130.0147,12.3166,3056,0,0
130.0396,12.3045,3053,0,0
130.0643,12.3166,3056,0,0
130.0892,12.3488,3064,0,0
130.1140,12.3206,3057,0,0
130.1388,12.2521,3040,0,0
130.1636,12.3085,3054,0,0
130.1884,12.3166,3056,0,0
130.2132,12.3005,3052,0,0
130.2380,12.3529,3065,0,0
130.2628,12.3488,3064,0,0
130.2876,12.3690,3069,0,0
130.3124,12.3206,3057,0,0
130.3372,12.3206,3057,0,0
130.3620,12.2763,3046,0,0
130.3868,12.3085,3054,0,0
130.4116,12.3206,3057,0,0
130.4364,12.3488,3064,0,0
130.4612,12.3085,3054,0,0
130.4860,12.3247,3058,0,0
130.5108,12.3166,3056,0,0
130.5356,12.3730,3070,0,0
130.5604,12.3085,3054,0,0
130.5852,12.3126,3055,0,0
130.6100,12.3488,3064,0,0
130.6348,12.3529,3065,0,0
130.6596,12.3126,3055,0,0
130.6844,12.3126,3055,0,0
130.7092,12.3327,3060,0,0
130.7340,12.3569,3066,0,0
130.7588,12.3529,3065,0,0
130.7836,12.3287,3059,0,0
130.8084,12.2844,3048,0,0
130.8332,12.3488,3064,0,0
130.8580,12.3448,3063,0,0
130.8828,12.3166,3056,0,0
130.9076,12.3166,3056,0,0
130.9324,12.3609,3067,0,0
130.9572,12.3287,3059,0,0
130.9820,12.3206,3057,0,0
131.0069,12.3488,3064,0,0
131.0316,12.3488,3064,0,0
131.0565,12.3206,3057,0,0
131.0813,12.3166,3056,0,0
131.1060,12.3529,3065,0,0
131.1309,12.3730,3070,0,0
131.1557,12.3206,3057,0,0
131.1805,12.3166,3056,0,0
131.2053,12.3247,3058,0,0
131.2301,12.3488,3064,0,0
131.2549,12.3166,3056,0,0
131.2797,12.3085,3054,0,0
131.3045,12.3569,3066,0,0
131.3293,12.3166,3056,0,0
131.3541,12.3206,3057,0,0
131.3789,12.3488,3064,0,0
131.4037,12.3206,3057,0,0
131.4285,12.2844,3048,0,0
131.4533,12.3206,3057,0,0
131.4781,12.3085,3054,0,0
131.5029,12.2844,3048,0,0
131.5277,12.3327,3060,0,0
131.5525,12.3609,3067,0,0
131.5773,12.3206,3057,0,0
131.6021,12.3529,3065,0,0
131.6269,12.3005,3052,0,0
131.6517,12.3488,3064,0,0
131.6765,12.3609,3067,0,0
131.7013,12.3488,3064,0,0
131.7261,12.3166,3056,0,0
131.7509,12.3166,3056,0,0
131.7757,12.3206,3057,0,0
131.8005,12.3166,3056,0,0
131.8253,12.3287,3059,0,0
131.8501,12.3327,3060,0,0
131.8749,12.3448,3063,0,0
131.8997,12.3206,3057,0,0
131.9245,12.3488,3064,0,0
131.9493,12.3488,3064,0,0
131.9741,12.3206,3057,0,0
131.9989,12.3126,3055,0,0
132.0237,12.3005,3052,0,0
132.0486,12.3166,3056,0,0
132.0733,12.3488,3064,0,0
132.0982,12.3851,3073,0,0
132.1230,12.2965,3051,0,0
132.1478,12.2924,3050,0,0
132.1726,12.3166,3056,0,0
132.1974,12.3529,3065,0,0
132.2222,12.3166,3056,0,0
132.2470,12.3287,3059,0,0
132.2718,12.3569,3066,0,0
132.2966,12.3448,3063,0,0
132.3214,12.3488,3064,0,0
132.3462,12.3488,3064,0,0
132.3710,12.3126,3055,0,0
132.3958,12.3005,3052,0,0
132.4206,12.3166,3056,0,0
132.4454,12.3448,3063,0,0
132.4702,12.3569,3066,0,0
132.4950,12.3166,3056,0,0
132.5198,12.3488,3064,0,0
132.5446,12.3529,3065,0,0
132.5694,12.3569,3066,0,0
132.5942,12.3287,3059,0,0
132.6190,12.3327,3060,0,0
132.6438,12.3206,3057,0,0
132.6686,12.2965,3051,0,0
132.6934,12.3287,3059,0,0
132.7182,12.3126,3055,0,0
132.7430,12.3488,3064,0,0
132.7678,12.3529,3065,0,0
132.7926,12.3166,3056,0,0
132.8174,12.3206,3057,0,0
132.8422,12.3126,3055,0,0
132.8670,12.3206,3057,0,0
132.8918,12.3206,3057,0,0
132.9166,12.3569,3066,0,0
132.9414,12.2844,3048,0,0
132.9662,12.2763,3046,0,0
132.9910,12.3085,3054,0,0
133.0159,12.3206,3057,0,0
133.0406,12.3206,3057,0,0
133.0655,12.3206,3057,0,0
133.0903,12.2682,3044,0,0
133.1151,12.3206,3057,0,0
133.1399,12.3126,3055,0,0
133.1647,12.3488,3064,0,0
133.1895,12.3327,3060,0,0
133.2143,12.3488,3064,0,0
133.2391,12.3287,3059,0,0
133.2639,12.3085,3054,0,0
133.2887,12.3529,3065,0,0
133.3135,12.2763,3046,0,0
133.3383,12.3529,3065,0,0
133.3631,12.3327,3060,0,0
133.3879,12.3206,3057,0,0
133.4127,12.2844,3048,0,0
133.4375,12.2965,3051,0,0
133.4623,12.3206,3057,0,0
133.4871,12.3206,3057,0,0
133.5119,12.3771,3071,0,0
133.5367,12.3327,3060,0,0
133.5615,12.2682,3044,0,0
133.5863,12.3327,3060,0,0
133.6111,12.3488,3064,0,0
133.6359,12.3206,3057,0,0
133.6607,12.3287,3059,0,0
133.6855,12.2803,3047,0,0
133.7103,12.3166,3056,0,0
133.7351,12.3126,3055,0,0
133.7599,12.3166,3056,0,0
133.7847,12.3166,3056,0,0
133.8095,12.3569,3066,0,0
133.8343,12.3085,3054,0,0
133.8591,12.3166,3056,0,0
133.8839,12.3005,3052,0,0
133.9087,12.3529,3065,0,0
133.9335,12.3448,3063,0,0
133.9583,12.3287,3059,0,0
133.9831,12.3166,3056,0,0
134.0079,12.3327,3060,0,0
134.0327,12.3206,3057,0,0
134.0576,12.2803,3047,0,0
134.0824,12.3529,3065,0,0
134.1072,12.3327,3060,0,0
134.1320,12.3327,3060,0,0
134.1568,12.3327,3060,0,0
134.1816,12.3327,3060,0,0
134.2064,12.2924,3050,0,0
134.2312,12.2844,3048,0,0
134.2560,12.3206,3057,0,0
134.2808,12.3609,3067,0,0
134.3056,12.3287,3059,0,0
134.3304,12.3327,3060,0,0
134.3552,12.3126,3055,0,0
134.3800,12.3206,3057,0,0
134.4048,12.3448,3063,0,0
134.4296,12.3166,3056,0,0
134.4544,12.3206,3057,0,0
134.4792,12.3166,3056,0,0
134.5040,12.3126,3055,0,0
134.5288,12.3287,3059,0,0
134.5536,12.3206,3057,0,0
134.5784,12.2924,3050,0,0
134.6032,12.3045,3053,0,0
134.6280,12.3488,3064,0,0
134.6528,12.2924,3050,0,0
134.6776,12.3206,3057,0,0
134.7024,12.3166,3056,0,0
134.7272,12.2924,3050,0,0
134.7520,12.3126,3055,0,0
134.7768,12.3569,3066,0,0
134.8016,12.3126,3055,0,0
134.8264,12.3166,3056,0,0
134.8512,12.3126,3055,0,0
134.8760,12.3529,3065,0,0
134.9008,12.3569,3066,0,0
134.9256,12.2803,3047,0,0
134.9504,12.3488,3064,0,0
134.9753,12.3166,3056,0,0
135.0000,12.3529,3065,0,0
135.0249,12.3448,3063,0,0
135.0497,12.3287,3059,0,0
135.0745,12.2844,3048,0,0
135.0993,12.3206,3057,0,0
135.1241,12.3206,3057,0,0
135.1489,12.3126,3055,0,0
135.1737,12.3488,3064,0,0
135.1985,12.3287,3059,0,0
135.2233,12.3327,3060,0,0
135.2481,12.3327,3060,0,0
135.2729,12.3166,3056,0,0
135.2977,12.3206,3057,0,0
135.3225,12.3327,3060,0,0
135.3473,12.3126,3055,0,0
135.3721,12.3529,3065,0,0
135.3969,12.3166,3056,0,0
135.4217,12.3206,3057,0,0
135.4465,12.3327,3060,0,0
135.4713,12.3488,3064,0,0
135.4961,12.3448,3063,0,0
135.5209,12.3005,3052,0,0
135.5457,12.3206,3057,0,0
135.5705,12.3206,3057,0,0
135.5953,12.3488,3064,0,0
135.6201,12.2844,3048,0,0
135.6449,12.3408,3062,0,0
135.6697,12.3287,3059,0,0
135.6945,12.2924,3050,0,0
135.7193,12.2965,3051,0,0
135.7441,12.3448,3063,0,0
135.7689,12.3529,3065,0,0
135.7937,12.3166,3056,0,0
135.8185,12.3287,3059,0,0
135.8433,12.3206,3057,0,0
135.8681,12.3126,3055,0,0
135.8929,12.3448,3063,0,0
135.9177,12.3206,3057,0,0
135.9426,12.3448,3063,0,0
135.9673,12.2844,3048,0,0
135.9921,12.3690,3069,0,0
136.0170,12.3206,3057,0,0
136.0417,12.3287,3059,0,0
136.0666,12.3166,3056,0,0
136.0914,12.3609,3067,0,0
136.1162,12.3166,3056,0,0
136.1410,12.3126,3055,0,0
136.1658,12.3045,3053,0,0
136.1906,12.3287,3059,0,0
136.2154,12.3206,3057,0,0
136.2402,12.3085,3054,0,0
136.2650,12.3609,3067,0,0
136.2898,12.3488,3064,0,0
136.3146,12.3488,3064,0,0
136.3394,12.3327,3060,0,0
136.3642,12.3247,3058,0,0
136.3890,12.3045,3053,0,0
136.4138,12.3287,3059,0,0
136.4386,12.3206,3057,0,0
136.4634,12.3569,3066,0,0
136.4882,12.3166,3056,0,0
136.5130,12.3287,3059,0,0
136.5378,12.3126,3055,0,0
136.5626,12.3126,3055,0,0
136.5874,12.3126,3055,0,0
136.6122,12.2844,3048,0,0
136.6370,12.3448,3063,0,0
136.6618,12.3287,3059,0,0
136.6866,12.3206,3057,0,0
136.7114,12.3166,3056,0,0
136.7362,12.3247,3058,0,0
136.7610,12.3247,3058,0,0
136.7858,12.3166,3056,0,0
136.8106,12.3085,3054,0,0
136.8354,12.3166,3056,0,0
136.8602,12.3529,3065,0,0
136.8850,12.3448,3063,0,0
136.9098,12.3126,3055,0,0
136.9346,12.3206,3057,0,0
136.9594,12.3206,3057,0,0
136.9843,12.3085,3054,0,0
137.0090,12.3206,3057,0,0
137.0339,12.3166,3056,0,0
137.0587,12.3609,3067,0,0
137.0835,12.3569,3066,0,0
137.1083,12.2924,3050,0,0
137.1331,12.3488,3064,0,0
137.1579,12.3327,3060,0,0
137.1827,12.3166,3056,0,0
137.2075,12.3085,3054,0,0
137.2323,12.3327,3060,0,0
137.2571,12.3609,3067,0,0
137.2819,12.2844,3048,0,0
137.3067,12.3488,3064,0,0
137.3315,12.3327,3060,0,0
137.3563,12.3408,3062,0,0
137.3811,12.3206,3057,0,0
137.4059,12.3488,3064,0,0
137.4307,12.3126,3055,0,0
137.4555,12.3287,3059,0,0
137.4803,12.3529,3065,0,0
137.5051,12.3287,3059,0,0
137.5299,12.3287,3059,0,0
137.5547,12.3488,3064,0,0
137.5795,12.3287,3059,0,0
137.6043,12.3206,3057,0,0
137.6291,12.3206,3057,0,0
137.6539,12.3206,3057,0,0
137.6787,12.3488,3064,0,0
137.7035,12.3166,3056,0,0
137.7283,12.3126,3055,0,0
137.7531,12.2924,3050,0,0
137.7779,12.3569,3066,0,0
137.8027,12.2844,3048,0,0
137.8275,12.3166,3056,0,0
137.8523,12.3488,3064,0,0
137.8771,12.3085,3054,0,0
137.9019,12.2844,3048,0,0
137.9267,12.3488,3064,0,0
137.9516,12.3166,3056,0,0
137.9763,12.2844,3048,0,0
138.0012,12.2844,3048,0,0
138.0260,12.3005,3052,0,0
138.0508,12.3529,3065,0,0
138.0756,12.3126,3055,0,0
138.1004,12.3488,3064,0,0
138.1252,12.3529,3065,0,0
138.1500,12.3206,3057,0,0
138.1748,12.3287,3059,0,0
138.1996,12.3529,3065,0,0
138.2244,12.3287,3059,0,0
138.2492,12.3287,3059,0,0
138.2740,12.3045,3053,0,0
138.2988,12.3730,3070,0,0
138.3236,12.3126,3055,0,0
138.3484,12.3126,3055,0,0
138.3732,12.3287,3059,0,0
138.3980,12.3126,3055,0,0
138.4228,12.3206,3057,0,0
138.4476,12.3327,3060,0,0
138.4724,12.3287,3059,0,0
138.4972,12.3166,3056,0,0
138.5220,12.3085,3054,0,0
138.5468,12.3287,3059,0,0
138.5716,12.3287,3059,0,0
138.5964,12.2844,3048,0,0
138.6212,12.3126,3055,0,0
138.6460,12.3488,3064,0,0
138.6708,12.3327,3060,0,0
138.6956,12.2924,3050,0,0
138.7204,12.2924,3050,0,0
138.7452,12.3045,3053,0,0
138.7700,12.3287,3059,0,0
138.7948,12.3609,3067,0,0
138.8196,12.2763,3046,0,0
138.8444,12.3287,3059,0,0
138.8692,12.3085,3054,0,0
138.8940,12.2924,3050,0,0
138.9188,12.3005,3052,0,0
138.9436,12.3287,3059,0,0
138.9684,12.3488,3064,0,0
138.9933,12.3488,3064,0,0
139.0181,12.3005,3052,0,0
139.0429,12.2924,3050,0,0
139.0677,12.2602,3042,0,0
139.0925,12.2924,3050,0,0
139.1173,12.3327,3060,0,0
139.1421,12.3287,3059,0,0
139.1669,12.2844,3048,0,0
139.1917,12.3206,3057,0,0
139.2165,12.3166,3056,0,0
139.2413,12.3529,3065,0,0
139.2661,12.3327,3060,0,0
139.2909,12.3085,3054,0,0
139.3157,12.3287,3059,0,0
139.3405,12.3448,3063,0,0
139.3653,12.3085,3054,0,0
139.3901,12.3650,3068,0,0
139.4149,12.3166,3056,0,0
139.4397,12.3247,3058,0,0
139.4645,12.3488,3064,0,0
139.4893,12.3166,3056,0,0
139.5141,12.3166,3056,0,0
139.5389,12.2924,3050,0,0
139.5637,12.3166,3056,0,0
139.5885,12.3488,3064,0,0
139.6133,12.3126,3055,0,0
139.6381,12.3247,3058,0,0
139.6629,12.2844,3048,0,0
139.6877,12.3569,3066,0,0
139.7125,12.3529,3065,0,0
139.7373,12.3126,3055,0,0
139.7621,12.3166,3056,0,0
139.7869,12.3126,3055,0,0
139.8117,12.3287,3059,0,0
139.8365,12.3126,3055,0,0
139.8613,12.3206,3057,0,0
139.8861,12.3247,3058,0,0
139.9109,12.3529,3065,0,0
139.9357,12.2803,3047,0,0
139.9606,12.3488,3064,0,0
139.9854,12.3206,3057,0,0
140.0102,12.2844,3048,0,0
140.0350,12.2844,3048,0,0
140.0598,12.3247,3058,0,0
140.0846,12.3166,3056,0,0
140.1094,12.3488,3064,0,0
140.1342,12.3529,3065,0,0
140.1590,12.3206,3057,0,0
140.1838,12.3529,3065,0,0
140.2086,12.3206,3057,0,0
140.2334,12.3327,3060,0,0
140.2582,12.3166,3056,0,0
140.2830,12.3166,3056,0,0
140.3078,12.3327,3060,0,0
140.3326,12.3529,3065,0,0
140.3574,12.3085,3054,0,0
140.3822,12.3569,3066,0,0
140.4070,12.3488,3064,0,0
140.4318,12.2844,3048,0,0
140.4566,12.3448,3063,0,0
140.4814,12.2924,3050,0,0
140.5062,12.3126,3055,0,0
140.5310,12.2844,3048,0,0
140.5558,12.3206,3057,0,0
140.5806,12.2924,3050,0,0
140.6054,12.2844,3048,0,0
140.6302,12.3126,3055,0,0
140.6550,12.3529,3065,0,0
140.6798,12.2924,3050,0,0
140.7046,12.3085,3054,0,0
140.7294,12.3287,3059,0,0
140.7542,12.3005,3052,0,0
140.7790,12.3488,3064,0,0
140.8038,12.3166,3056,0,0
140.8286,12.3126,3055,0,0
140.8534,12.3287,3059,0,0
140.8783,12.3327,3060,0,0
140.9030,12.3126,3055,0,0
140.9278,12.3690,3069,0,0
140.9527,12.3166,3056,0,0
140.9774,12.2844,3048,0,0
141.0023,12.2844,3048,0,0
141.0271,12.3166,3056,0,0
141.0519,12.3287,3059,0,0
141.0767,12.3488,3064,0,0
141.1015,12.3287,3059,0,0
141.1263,12.3206,3057,0,0
141.1511,12.3408,3062,0,0
141.1759,12.2965,3051,0,0
141.2007,12.3488,3064,0,0
141.2255,12.3166,3056,0,0
141.2503,12.3247,3058,0,0
141.2751,12.3247,3058,0,0
141.2999,12.3569,3066,0,0
141.3247,12.3206,3057,0,0
141.3495,12.2965,3051,0,0
141.3743,12.3166,3056,0,0
141.3991,12.3166,3056,0,0
141.4239,12.3206,3057,0,0
141.4487,12.3206,3057,0,0
141.4735,12.3287,3059,0,0
141.4983,12.3488,3064,0,0
141.5231,12.3206,3057,0,0
141.5479,12.3287,3059,0,0
141.5727,12.3045,3053,0,0
141.5975,12.3166,3056,0,0
141.6223,12.3569,3066,0,0
141.6471,12.3206,3057,0,0
141.6719,12.3085,3054,0,0
141.6967,12.3287,3059,0,0
141.7215,12.3327,3060,0,0
141.7463,12.2844,3048,0,0
141.7711,12.3247,3058,0,0
141.7959,12.3488,3064,0,0
141.8207,12.3287,3059,0,0
141.8455,12.3206,3057,0,0
141.8703,12.3327,3060,0,0
141.8951,12.3287,3059,0,0
141.9200,12.3085,3054,0,0
141.9447,12.3206,3057,0,0
141.9696,12.3005,3052,0,0
141.9944,12.3206,3057,0,0
142.0192,12.3126,3055,0,0
142.0440,12.3287,3059,0,0
142.0688,12.3126,3055,0,0
142.0936,12.3327,3060,0,0
142.1184,12.3126,3055,0,0
142.1432,12.3166,3056,0,0
142.1680,12.2924,3050,0,0
142.1928,12.3126,3055,0,0
142.2176,12.3287,3059,0,0
142.2424,12.3126,3055,0,0
142.2672,12.2844,3048,0,0
142.2920,12.3287,3059,0,0
142.3168,12.3005,3052,0,0
142.3416,12.3206,3057,0,0
142.3664,12.3166,3056,0,0
142.3912,12.3166,3056,0,0
142.4160,12.2965,3051,0,0
142.4408,12.2924,3050,0,0
142.4656,12.3327,3060,0,0
142.4904,12.2844,3048,0,0
142.5152,12.3045,3053,0,0
142.5400,12.2924,3050,0,0
142.5648,12.3206,3057,0,0
142.5896,12.3287,3059,0,0
142.6144,12.3488,3064,0,0
142.6392,12.3488,3064,0,0
142.6640,12.3247,3058,0,0
142.6888,12.3166,3056,0,0
142.7136,12.3206,3057,0,0
142.7384,12.3287,3059,0,0
142.7632,12.3085,3054,0,0
142.7880,12.3287,3059,0,0
142.8128,12.2924,3050,0,0
142.8376,12.3206,3057,0,0
142.8624,12.3206,3057,0,0
142.8873,12.3126,3055,0,0
142.9120,12.3569,3066,0,0
142.9368,12.2924,3050,0,0
142.9617,12.3206,3057,0,0
142.9865,12.3085,3054,0,0
143.0113,12.3166,3056,0,0
143.0361,12.2844,3048,0,0
143.0609,12.3327,3060,0,0
143.0857,12.3488,3064,0,0
143.1105,12.3085,3054,0,0
143.1353,12.3730,3070,0,0
143.1601,12.3287,3059,0,0
143.1849,12.3005,3052,0,0
143.2097,12.2844,3048,0,0
143.2345,12.3206,3057,0,0
143.2593,12.2763,3046,0,0
143.2841,12.3206,3057,0,0
143.3089,12.2844,3048,0,0
143.3337,12.3085,3054,0,0
143.3585,12.3730,3070,0,0
143.3833,12.2924,3050,0,0
143.4081,12.3206,3057,0,0
143.4329,12.3287,3059,0,0
143.4577,12.3126,3055,0,0
143.4825,12.3005,3052,0,0
143.5073,12.3166,3056,0,0
143.5321,12.3085,3054,0,0
143.5569,12.2924,3050,0,0
143.5817,12.3126,3055,0,0
143.6065,12.3327,3060,0,0
143.6313,12.3206,3057,0,0
143.6561,12.3287,3059,0,0
143.6809,12.2965,3051,0,0
143.7057,12.3206,3057,0,0
143.7305,12.2924,3050,0,0
143.7553,12.3287,3059,0,0
143.7801,12.3529,3065,0,0
143.8049,12.3005,3052,0,0
143.8297,12.3287,3059,0,0
143.8545,12.3005,3052,0,0
143.8793,12.3488,3064,0,0
143.9041,12.3488,3064,0,0
143.9290,12.3166,3056,0,0
143.9538,12.3206,3057,0,0
143.9786,12.3287,3059,0,0
144.0034,12.3488,3064,0,0
144.0282,12.2844,3048,0,0
144.0530,12.3126,3055,0,0
144.0778,12.2803,3047,0,0
144.1026,12.3085,3054,0,0
144.1274,12.3488,3064,0,0
144.1522,12.3247,3058,0,0
144.1770,12.3166,3056,0,0
144.2018,12.3327,3060,0,0
144.2266,12.3287,3059,0,0
144.2514,12.3126,3055,0,0
144.2762,12.3166,3056,0,0
144.3010,12.3529,3065,0,0
144.3258,12.3166,3056,0,0
144.3506,12.3529,3065,0,0
144.3754,12.3166,3056,0,0
144.4002,12.2844,3048,0,0
144.4250,12.3529,3065,0,0
144.4498,12.3287,3059,0,0
144.4746,12.3811,3072,0,0
144.4994,12.3327,3060,0,0
144.5242,12.3488,3064,0,0
144.5490,12.2844,3048,0,0
144.5738,12.3287,3059,0,0
144.5986,12.3166,3056,0,0
144.6234,12.2803,3047,0,0
144.6482,12.2924,3050,0,0
144.6730,12.3005,3052,0,0
144.6978,12.2965,3051,0,0
144.7226,12.3488,3064,0,0
144.7474,12.3327,3060,0,0
144.7722,12.3166,3056,0,0
144.7970,12.3529,3065,0,0
144.8218,12.3206,3057,0,0
144.8466,12.3206,3057,0,0
144.8714,12.3287,3059,0,0
144.8963,12.3005,3052,0,0
144.9211,12.3448,3063,0,0
144.9459,12.3005,3052,0,0
144.9707,12.3206,3057,0,0
144.9955,12.3166,3056,0,0
145.0203,12.3287,3059,0,0
145.0451,12.3206,3057,0,0
145.0699,12.2844,3048,0,0
145.0947,12.3166,3056,0,0
145.1195,12.3206,3057,0,0
145.1443,12.3529,3065,0,0
145.1691,12.2924,3050,0,0
145.1939,12.3327,3060,0,0
145.2187,12.3206,3057,0,0
145.2435,12.3448,3063,0,0
145.2683,12.3448,3063,0,0
145.2931,12.3206,3057,0,0
145.3179,12.3085,3054,0,0
145.3427,12.3206,3057,0,0
145.3675,12.3488,3064,0,0
145.3923,12.3327,3060,0,0
145.4171,12.3126,3055,0,0
145.4419,12.2803,3047,0,0
145.4667,12.3085,3054,0,0
145.4915,12.3166,3056,0,0
145.5163,12.3287,3059,0,0
145.5411,12.2965,3051,0,0
145.5659,12.2844,3048,0,0
145.5907,12.2844,3048,0,0
145.6155,12.3126,3055,0,0
145.6403,12.3569,3066,0,0
145.6651,12.3126,3055,0,0
145.6899,12.2803,3047,0,0
145.7147,12.3126,3055,0,0
145.7395,12.2803,3047,0,0
145.7643,12.3085,3054,0,0
145.7891,12.2924,3050,0,0
145.8139,12.3085,3054,0,0
145.8387,12.2924,3050,0,0
145.8635,12.3569,3066,0,0
145.8884,12.3327,3060,0,0
145.9131,12.2924,3050,0,0
145.9380,12.3166,3056,0,0
145.9628,12.3206,3057,0,0
145.9876,12.2924,3050,0,0
146.0124,12.3569,3066,0,0
146.0372,12.3730,3070,0,0
146.0620,12.3448,3063,0,0
146.0868,12.3247,3058,0,0
146.1116,12.3166,3056,0,0
146.1364,12.2763,3046,0,0
146.1612,12.3327,3060,0,0
146.1860,12.3166,3056,0,0
146.2108,12.2965,3051,0,0
146.2356,12.3126,3055,0,0
146.2604,12.2844,3048,0,0
146.2852,12.3287,3059,0,0
146.3100,12.3085,3054,0,0
146.3348,12.2844,3048,0,0
146.3596,12.3206,3057,0,0
146.3844,12.3569,3066,0,0
146.4092,12.3206,3057,0,0
146.4340,12.3085,3054,0,0
146.4588,12.3287,3059,0,0
146.4836,12.3206,3057,0,0
146.5084,12.2803,3047,0,0
146.5332,12.3045,3053,0,0
146.5580,12.3529,3065,0,0
146.5828,12.2924,3050,0,0
146.6076,12.3166,3056,0,0
146.6324,12.3085,3054,0,0
146.6572,12.3206,3057,0,0
146.6820,12.3126,3055,0,0
146.7068,12.3166,3056,0,0
146.7316,12.3206,3057,0,0
146.7564,12.3488,3064,0,0
146.7812,12.2803,3047,0,0
146.8060,12.3166,3056,0,0
146.8308,12.3609,3067,0,0
146.8557,12.3085,3054,0,0
146.8804,12.3529,3065,0,0
146.9053,12.3247,3058,0,0
146.9301,12.3287,3059,0,0
146.9549,12.3206,3057,0,0
146.9797,12.3005,3052,0,0
147.0045,12.3085,3054,0,0
147.0293,12.3327,3060,0,0
147.0541,12.2602,3042,0,0
147.0789,12.3206,3057,0,0
147.1037,12.3448,3063,0,0
147.1285,12.3287,3059,0,0
147.1533,12.2844,3048,0,0
147.1781,12.2844,3048,0,0
147.2029,12.3247,3058,0,0
147.2277,12.3166,3056,0,0
147.2525,12.3166,3056,0,0
147.2773,12.3206,3057,0,0
147.3021,12.3448,3063,0,0
147.3269,12.3529,3065,0,0
147.3517,12.2844,3048,0,0
147.3765,12.3488,3064,0,0
147.4013,12.3206,3057,0,0
147.4261,12.3206,3057,0,0
147.4509,12.3206,3057,0,0
147.4757,12.2965,3051,0,0
147.5005,12.3085,3054,0,0
147.5253,12.3609,3067,0,0
147.5501,12.3529,3065,0,0
147.5749,12.3529,3065,0,0
147.5997,12.3287,3059,0,0
147.6245,12.2965,3051,0,0
147.6493,12.2965,3051,0,0
147.6741,12.2682,3044,0,0
147.6989,12.3166,3056,0,0
147.7237,12.2844,3048,0,0
147.7485,12.3488,3064,0,0
147.7733,12.3529,3065,0,0
147.7981,12.3206,3057,0,0
147.8230,12.2924,3050,0,0
147.8477,12.3085,3054,0,0
147.8725,12.2924,3050,0,0
147.8974,12.3287,3059,0,0
147.9221,12.3166,3056,0,0
147.9470,12.2844,3048,0,0
147.9718,12.3166,3056,0,0
147.9966,12.3166,3056,0,0
148.0214,12.3287,3059,0,0
148.0462,12.3126,3055,0,0
148.0710,12.3529,3065,0,0
148.0958,12.3327,3060,0,0
148.1206,12.3287,3059,0,0
148.1454,12.3488,3064,0,0
148.1702,12.3287,3059,0,0
148.1950,12.3166,3056,0,0
148.2198,12.3327,3060,0,0
148.2446,12.3569,3066,0,0
148.2694,12.3166,3056,0,0
148.2942,12.3166,3056,0,0
148.3190,12.3771,3071,0,0
148.3438,12.3206,3057,0,0
148.3686,12.3206,3057,0,0
148.3934,12.3529,3065,0,0
148.4182,12.3488,3064,0,0
148.4430,12.3529,3065,0,0
148.4678,12.3126,3055,0,0
148.4926,12.3488,3064,0,0
148.5174,12.3166,3056,0,0
148.5422,12.3569,3066,0,0
148.5670,12.3287,3059,0,0
148.5918,12.3247,3058,0,0
148.6166,12.3206,3057,0,0
148.6414,12.3045,3053,0,0
148.6662,12.2844,3048,0,0
148.6910,12.3206,3057,0,0
148.7158,12.3166,3056,0,0
148.7406,12.2965,3051,0,0
148.7654,12.3488,3064,0,0
148.7902,12.2844,3048,0,0
148.8150,12.3287,3059,0,0
148.8398,12.3126,3055,0,0
148.8647,12.2521,3040,0,0
148.8895,12.3206,3057,0,0
148.9143,12.3126,3055,0,0
148.9391,12.3206,3057,0,0
148.9639,12.3529,3065,0,0
148.9887,12.2844,3048,0,0
149.0135,12.3126,3055,0,0
149.0383,12.2844,3048,0,0
149.0631,12.2763,3046,0,0
149.0879,12.3166,3056,0,0
149.1127,12.3448,3063,0,0
149.1375,12.3085,3054,0,0
149.1623,12.3166,3056,0,0
149.1871,12.3569,3066,0,0
149.2119,12.3327,3060,0,0
149.2367,12.3206,3057,0,0
149.2615,12.3166,3056,0,0
149.2863,12.3488,3064,0,0
149.3111,12.2844,3048,0,0
149.3359,12.3005,3052,0,0
149.3607,12.3206,3057,0,0
149.3855,12.3126,3055,0,0
149.4103,12.3448,3063,0,0
149.4351,12.3327,3060,0,0
149.4599,12.3166,3056,0,0
149.4847,12.2844,3048,0,0
149.5095,12.3126,3055,0,0
149.5343,12.3085,3054,0,0
149.5591,12.3247,3058,0,0
149.5839,12.3287,3059,0,0
149.6087,12.3005,3052,0,0
149.6335,12.3166,3056,0,0
149.6583,12.3206,3057,0,0
149.6831,12.2924,3050,0,0
149.7079,12.3166,3056,0,0
149.7327,12.3206,3057,0,0
149.7575,12.3609,3067,0,0
149.7823,12.3206,3057,0,0
149.8071,12.3569,3066,0,0
149.8320,12.3206,3057,0,0
149.8568,12.3206,3057,0,0
149.8815,12.3206,3057,0,0
149.9064,12.3327,3060,0,0
149.9312,12.3287,3059,0,0
149.9560,12.3287,3059,0,0
149.9808,12.3206,3057,0,0
150.0056,12.3448,3063,0,0
150.0304,12.3085,3054,0,0
150.0552,12.3126,3055,0,0
150.0800,12.3448,3063,0,0
150.1048,12.3206,3057,0,0
150.1296,12.3247,3058,0,0
150.1544,12.2844,3048,0,0
150.1792,12.3166,3056,0,0
150.2040,12.3166,3056,0,0
150.2288,12.3690,3069,0,0
150.2536,12.2924,3050,0,0
150.2784,12.3085,3054,0,0
150.3032,12.3206,3057,0,0
150.3280,12.3206,3057,0,0
150.3528,12.3529,3065,0,0
150.3776,12.3327,3060,0,0
150.4024,12.2844,3048,0,0
150.4272,12.3166,3056,0,0
150.4520,12.3166,3056,0,0
150.4768,12.3811,3072,0,0
150.5016,12.2924,3050,0,0
150.5264,12.3126,3055,0,0
150.5512,12.3529,3065,0,0
150.5760,12.3166,3056,0,0
150.6008,12.3488,3064,0,0
150.6256,12.3206,3057,0,0
150.6504,12.3166,3056,0,0
150.6752,12.3166,3056,0,0
150.7000,12.3488,3064,0,0
150.7248,12.3206,3057,0,0
150.7496,12.3126,3055,0,0
150.7744,12.3488,3064,0,0
150.7992,12.2844,3048,0,0
150.8241,12.3327,3060,0,0
150.8488,12.3166,3056,0,0
150.8737,12.3529,3065,0,0
150.8985,12.3529,3065,0,0
150.9233,12.2803,3047,0,0
150.9481,12.3529,3065,0,0
150.9729,12.2844,3048,0,0
150.9977,12.3448,3063,0,0
151.0225,12.3247,3058,0,0
151.0473,12.3166,3056,0,0
151.0721,12.2763,3046,0,0
151.0969,12.3529,3065,0,0
151.1217,12.3327,3060,0,0
151.1465,12.3206,3057,0,0
151.1713,12.3488,3064,0,0
151.1961,12.3609,3067,0,0
151.2209,12.3206,3057,0,0
151.2457,12.3166,3056,0,0
151.2705,12.3327,3060,0,0
151.2953,12.3488,3064,0,0
151.3201,12.3166,3056,0,0
151.3449,12.3529,3065,0,0
151.3697,12.3448,3063,0,0
151.3945,12.3166,3056,0,0
151.4193,12.3206,3057,0,0
151.4441,12.2965,3051,0,0
151.4689,12.3569,3066,0,0
151.4937,12.3005,3052,0,0
151.5185,12.2844,3048,0,0
151.5433,12.3287,3059,0,0
151.5681,12.3206,3057,0,0
151.5929,12.3488,3064,0,0
151.6177,12.3206,3057,0,0
151.6425,12.3085,3054,0,0
151.6673,12.2844,3048,0,0
151.6921,12.3327,3060,0,0
151.7169,12.3448,3063,0,0
151.7417,12.3206,3057,0,0
151.7665,12.3609,3067,0,0
151.7914,12.3247,3058,0,0
151.8161,12.2844,3048,0,0
151.8410,12.2924,3050,0,0
151.8658,12.2844,3048,0,0
151.8906,12.2924,3050,0,0
151.9154,12.3287,3059,0,0
151.9402,12.3085,3054,0,0
151.9650,12.3166,3056,0,0
151.9898,12.3529,3065,0,0
152.0146,12.3166,3056,0,0
152.0394,12.3005,3052,0,0
152.0642,12.3327,3060,0,0
152.0890,12.3488,3064,0,0
152.1138,12.3327,3060,0,0
152.1386,12.3206,3057,0,0
152.1634,12.3569,3066,0,0
152.1882,12.2803,3047,0,0
152.2130,12.2924,3050,0,0
152.2378,12.3569,3066,0,0
152.2626,12.2965,3051,0,0
152.2874,12.2965,3051,0,0
152.3122,12.3287,3059,0,0
152.3370,12.3166,3056,0,0
152.3618,12.3287,3059,0,0
152.3866,12.3045,3053,0,0
152.4114,12.3085,3054,0,0
152.4362,12.3287,3059,0,0
152.4610,12.3166,3056,0,0
152.4858,12.3005,3052,0,0
152.5106,12.3206,3057,0,0
152.5354,12.3529,3065,0,0
152.5602,12.3206,3057,0,0
152.5850,12.3166,3056,0,0
152.6098,12.3287,3059,0,0
152.6346,12.2924,3050,0,0
152.6594,12.3287,3059,0,0
152.6842,12.3206,3057,0,0
152.7090,12.3126,3055,0,0
152.7338,12.3529,3065,0,0
152.7587,12.3247,3058,0,0
152.7834,12.3126,3055,0,0
152.8082,12.3206,3057,0,0
152.8331,12.2803,3047,0,0
152.8578,12.3005,3052,0,0
152.8827,12.3247,3058,0,0
152.9075,12.3206,3057,0,0
152.9323,12.3529,3065,0,0
152.9571,12.3448,3063,0,0
152.9819,12.2602,3042,0,0
153.0067,12.3045,3053,0,0
153.0315,12.3206,3057,0,0
153.0563,12.3488,3064,0,0
153.0811,12.3085,3054,0,0
153.1059,12.3206,3057,0,0
153.1307,12.3005,3052,0,0
153.1555,12.2803,3047,0,0
153.1803,12.3609,3067,0,0
153.2051,12.3488,3064,0,0
153.2299,12.3005,3052,0,0
153.2547,12.3488,3064,0,0
153.2795,12.3287,3059,0,0
153.3043,12.3327,3060,0,0
153.3291,12.3529,3065,0,0
153.3539,12.3569,3066,0,0
153.3787,12.3206,3057,0,0
153.4035,12.3005,3052,0,0
153.4283,12.3206,3057,0,0
153.4531,12.2844,3048,0,0
153.4779,12.3166,3056,0,0
153.5027,12.3085,3054,0,0
153.5275,12.2924,3050,0,0
153.5523,12.3005,3052,0,0
153.5771,12.3166,3056,0,0
153.6019,12.3327,3060,0,0
153.6267,12.2763,3046,0,0
153.6515,12.2844,3048,0,0
153.6763,12.3206,3057,0,0
153.7011,12.3529,3065,0,0
153.7259,12.3085,3054,0,0
153.7507,12.3126,3055,0,0
153.7755,12.3529,3065,0,0
153.8004,12.3287,3059,0,0
153.8251,12.3206,3057,0,0
153.8500,12.3327,3060,0,0
153.8748,12.3488,3064,0,0
153.8996,12.3085,3054,0,0
153.9244,12.3166,3056,0,0
153.9492,12.3529,3065,0,0
153.9740,12.3166,3056,0,0
153.9988,12.2803,3047,0,0
154.0236,12.3488,3064,0,0
154.0484,12.2924,3050,0,0
154.0732,12.3166,3056,0,0
154.0980,12.3126,3055,0,0
154.1228,12.2924,3050,0,0
154.1476,12.3005,3052,0,0
154.1724,12.3448,3063,0,0
154.1972,12.3327,3060,0,0
154.2220,12.3166,3056,0,0
154.2468,12.2803,3047,0,0
154.2716,12.3085,3054,0,0
154.2964,12.3488,3064,0,0
154.3212,12.2803,3047,0,0
154.3460,12.3085,3054,0,0
154.3708,12.3005,3052,0,0
154.3956,12.3327,3060,0,0
154.4204,12.2803,3047,0,0
154.4452,12.2844,3048,0,0
154.4700,12.3206,3057,0,0
154.4948,12.3529,3065,0,0
154.5196,12.3126,3055,0,0
154.5444,12.3327,3060,0,0
154.5692,12.3488,3064,0,0
154.5940,12.3005,3052,0,0
154.6188,12.2924,3050,0,0
154.6436,12.3488,3064,0,0
154.6684,12.3287,3059,0,0
154.6932,12.2965,3051,0,0
154.7180,12.3045,3053,0,0
154.7428,12.3488,3064,0,0
154.7677,12.3206,3057,0,0
154.7924,12.3569,3066,0,0
154.8172,12.2965,3051,0,0
154.8421,12.3206,3057,0,0
154.8669,12.3005,3052,0,0
154.8917,12.3206,3057,0,0
154.9165,12.3488,3064,0,0
154.9413,12.2844,3048,0,0
154.9661,12.3206,3057,0,0
154.9909,12.3045,3053,0,0
155.0157,12.2924,3050,0,0
155.0405,12.3488,3064,0,0
155.0653,12.3085,3054,0,0
155.0901,12.3287,3059,0,0
155.1149,12.3206,3057,0,0
155.1397,12.3085,3054,0,0
155.1645,12.3126,3055,0,0
155.1893,12.3529,3065,0,0
155.2141,12.3206,3057,0,0
155.2389,12.3730,3070,0,0
155.2637,12.3811,3072,0,0
155.2885,12.2844,3048,0,0
155.3133,12.3206,3057,0,0
155.3381,12.3045,3053,0,0
155.3629,12.3166,3056,0,0
155.3877,12.3126,3055,0,0
155.4125,12.2682,3044,0,0
155.4373,12.2844,3048,0,0
155.4621,12.3287,3059,0,0
155.4869,12.3126,3055,0,0
155.5117,12.3569,3066,0,0
155.5365,12.2924,3050,0,0
155.5613,12.2924,3050,0,0
155.5861,12.3166,3056,0,0
155.6109,12.3085,3054,0,0
155.6357,12.3045,3053,0,0
155.6605,12.3206,3057,0,0
155.6853,12.3085,3054,0,0
155.7101,12.2924,3050,0,0
155.7349,12.2844,3048,0,0
155.7598,12.2844,3048,0,0
155.7845,12.3206,3057,0,0
155.8094,12.3085,3054,0,0
155.8342,12.3529,3065,0,0
155.8590,12.3206,3057,0,0
155.8838,12.3488,3064,0,0
155.9086,12.3287,3059,0,0
155.9334,12.3126,3055,0,0
155.9582,12.3448,3063,0,0
155.9830,12.2924,3050,0,0
156.0078,12.3166,3056,0,0
156.0326,12.3287,3059,0,0
156.0574,12.2924,3050,0,0
156.0822,12.3287,3059,0,0
156.1070,12.2763,3046,0,0
156.1318,12.3206,3057,0,0
156.1566,12.2763,3046,0,0
156.1814,12.2803,3047,0,0
156.2062,12.3206,3057,0,0
156.2310,12.3247,3058,0,0
156.2558,12.3488,3064,0,0
156.2806,12.2844,3048,0,0
156.3054,12.3247,3058,0,0
156.3302,12.3206,3057,0,0
156.3550,12.3609,3067,0,0
156.3798,12.3166,3056,0,0
156.4046,12.3085,3054,0,0
156.4294,12.3166,3056,0,0
156.4542,12.2924,3050,0,0
156.4790,12.3126,3055,0,0
156.5038,12.3166,3056,0,0
156.5286,12.3247,3058,0,0
156.5534,12.3005,3052,0,0
156.5782,12.3488,3064,0,0
156.6030,12.2924,3050,0,0
156.6278,12.3529,3065,0,0
156.6526,12.2602,3042,0,0
156.6774,12.3005,3052,0,0
156.7022,12.2924,3050,0,0
156.7271,12.3327,3060,0,0
156.7518,12.3045,3053,0,0
156.7767,12.3206,3057,0,0
156.8015,12.3085,3054,0,0
156.8262,12.3327,3060,0,0
156.8511,12.3126,3055,0,0
156.8759,12.2924,3050,0,0
156.9007,12.3166,3056,0,0
156.9255,12.2803,3047,0,0
156.9503,12.3206,3057,0,0
156.9751,12.3126,3055,0,0
156.9999,12.3206,3057,0,0
157.0247,12.2924,3050,0,0
157.0495,12.3126,3055,0,0
157.0743,12.3085,3054,0,0
157.0991,12.2844,3048,0,0
157.1239,12.2844,3048,0,0
157.1487,12.3045,3053,0,0
157.1735,12.3287,3059,0,0
157.1983,12.2763,3046,0,0
157.2231,12.3247,3058,0,0
157.2479,12.3045,3053,0,0
157.2727,12.3488,3064,0,0
157.2975,12.3166,3056,0,0
157.3223,12.3085,3054,0,0
157.3471,12.3488,3064,0,0
157.3719,12.3488,3064,0,0
157.3967,12.3206,3057,0,0
157.4215,12.3287,3059,0,0
157.4463,12.3609,3067,0,0
157.4711,12.2803,3047,0,0
157.4959,12.3166,3056,0,0
157.5207,12.2965,3051,0,0
157.5455,12.3488,3064,0,0
157.5703,12.3166,3056,0,0
157.5951,12.3569,3066,0,0
157.6199,12.3085,3054,0,0
157.6447,12.3206,3057,0,0
157.6695,12.3206,3057,0,0
157.6943,12.3085,3054,0,0
157.7191,12.3206,3057,0,0
157.7439,12.3166,3056,0,0
157.7688,12.2844,3048,0,0
157.7935,12.3206,3057,0,0
157.8184,12.2844,3048,0,0
157.8432,12.3448,3063,0,0
157.8680,12.3166,3056,0,0
157.8928,12.3206,3057,0,0
157.9176,12.3166,3056,0,0
157.9424,12.3206,3057,0,0
157.9672,12.3166,3056,0,0
157.9920,12.3448,3063,0,0
158.0168,12.2924,3050,0,0
158.0416,12.3206,3057,0,0
158.0664,12.3247,3058,0,0
158.0912,12.3166,3056,0,0
158.1160,12.3529,3065,0,0
158.1408,12.3327,3060,0,0
158.1656,12.3166,3056,0,0
158.1904,12.3085,3054,0,0
158.2152,12.2844,3048,0,0
158.2400,12.3206,3057,0,0
158.2648,12.3287,3059,0,0
158.2896,12.3085,3054,0,0
158.3144,12.3529,3065,0,0
158.3392,12.3126,3055,0,0
158.3640,12.3206,3057,0,0
158.3888,12.3206,3057,0,0
158.4136,12.3166,3056,0,0
158.4384,12.3448,3063,0,0
158.4632,12.3206,3057,0,0
158.4880,12.2803,3047,0,0
158.5128,12.3085,3054,0,0
158.5376,12.3166,3056,0,0
158.5624,12.3327,3060,0,0
158.5872,12.3206,3057,0,0
158.6120,12.3166,3056,0,0
158.6368,12.2844,3048,0,0
158.6616,12.3206,3057,0,0
158.6864,12.2965,3051,0,0
158.7112,12.3206,3057,0,0
158.7361,12.2965,3051,0,0
158.7608,12.3287,3059,0,0
158.7857,12.3166,3056,0,0
158.8105,12.3206,3057,0,0
158.8353,12.3448,3063,0,0
158.8601,12.3247,3058,0,0
158.8849,12.3166,3056,0,0
158.9097,12.2521,3040,0,0
158.9345,12.3206,3057,0,0
158.9593,12.2844,3048,0,0
158.9841,12.2924,3050,0,0
159.0089,12.3287,3059,0,0
159.0337,12.3529,3065,0,0
159.0585,12.2844,3048,0,0
159.0833,12.3327,3060,0,0
159.1081,12.3851,3073,0,0
159.1329,12.2924,3050,0,0
159.1577,12.3206,3057,0,0
159.1825,12.3045,3053,0,0
159.2073,12.3085,3054,0,0
159.2321,12.3327,3060,0,0
159.2569,12.3166,3056,0,0
159.2817,12.3005,3052,0,0
159.3065,12.3287,3059,0,0
159.3313,12.2763,3046,0,0
159.3561,12.3126,3055,0,0
159.3809,12.2965,3051,0,0
159.4057,12.3287,3059,0,0
159.4305,12.3529,3065,0,0
159.4553,12.3206,3057,0,0
159.4801,12.3126,3055,0,0
159.5049,12.3206,3057,0,0
159.5297,12.3327,3060,0,0
159.5545,12.3730,3070,0,0
159.5793,12.3327,3060,0,0
159.6041,12.2844,3048,0,0
159.6289,12.3166,3056,0,0
159.6537,12.3206,3057,0,0
159.6785,12.3166,3056,0,0
159.7034,12.3206,3057,0,0
159.7281,12.3085,3054,0,0
159.7529,12.3206,3057,0,0
159.7778,12.2481,3039,0,0
159.8026,12.3005,3052,0,0
159.8274,12.2763,3046,0,0
159.8522,12.3126,3055,0,0
159.8770,12.3287,3059,0,0
159.9018,12.3166,3056,0,0
159.9266,12.3166,3056,0,0
159.9514,12.3126,3055,0,0
159.9762,12.3206,3057,0,0
160.0010,12.3488,3064,0,0
160.0258,12.3126,3055,0,0
160.0506,12.3166,3056,0,0
160.0754,12.3005,3052,0,0
160.1002,12.2924,3050,0,0
160.1250,12.3287,3059,0,0
160.1498,12.3166,3056,0,0
160.1746,12.3166,3056,0,0
160.1994,12.2924,3050,0,0
160.2242,12.3126,3055,0,0
160.2490,12.3045,3053,0,0
160.2738,12.2844,3048,0,0
160.2986,12.3327,3060,0,0
160.3234,12.3166,3056,0,0
160.3482,12.3085,3054,0,0
160.3730,12.2844,3048,0,0
160.3978,12.3085,3054,0,0
160.4226,12.3287,3059,0,0
160.4474,12.3206,3057,0,0
160.4722,12.3085,3054,0,0
160.4970,12.2803,3047,0,0
160.5218,12.3206,3057,0,0
160.5466,12.2965,3051,0,0
160.5714,12.3166,3056,0,0
160.5962,12.3206,3057,0,0
160.6210,12.3287,3059,0,0
160.6458,12.3085,3054,0,0
160.6706,12.3166,3056,0,0
160.6954,12.3206,3057,0,0
160.7202,12.3730,3070,0,0
160.7451,12.2763,3046,0,0
160.7699,12.2803,3047,0,0
160.7947,12.3166,3056,0,0
160.8195,12.2844,3048,0,0
160.8443,12.3005,3052,0,0
160.8691,12.3488,3064,0,0
160.8939,12.2924,3050,0,0
160.9187,12.3085,3054,0,0
160.9435,12.3206,3057,0,0
160.9683,12.2924,3050,0,0
160.9931,12.3488,3064,0,0
161.0179,12.3206,3057,0,0
161.0427,12.3448,3063,0,0
161.0675,12.3166,3056,0,0
161.0923,12.3247,3058,0,0
161.1171,12.3529,3065,0,0
161.1419,12.3287,3059,0,0
161.1667,12.3085,3054,0,0
161.1915,12.3247,3058,0,0
161.2163,12.3206,3057,0,0
161.2411,12.2844,3048,0,0
161.2659,12.3166,3056,0,0
161.2907,12.2844,3048,0,0
161.3155,12.3247,3058,0,0
161.3403,12.3287,3059,0,0
161.3651,12.3287,3059,0,0
161.3899,12.2844,3048,0,0
161.4147,12.3085,3054,0,0
161.4395,12.3206,3057,0,0
161.4643,12.3287,3059,0,0
161.4891,12.2803,3047,0,0
161.5139,12.2844,3048,0,0
161.5387,12.3166,3056,0,0
161.5635,12.3166,3056,0,0
161.5883,12.2924,3050,0,0
161.6131,12.3287,3059,0,0
161.6379,12.3085,3054,0,0
161.6628,12.3166,3056,0,0
161.6875,12.3126,3055,0,0
161.7124,12.3045,3053,0,0
161.7372,12.3206,3057,0,0
161.7619,12.3206,3057,0,0
161.7868,12.3085,3054,0,0
161.8116,12.3166,3056,0,0
161.8364,12.3206,3057,0,0
161.8612,12.3206,3057,0,0
161.8860,12.3529,3065,0,0
161.9108,12.3166,3056,0,0
161.9356,12.2803,3047,0,0
161.9604,12.2924,3050,0,0
161.9852,12.3529,3065,0,0
162.0100,12.3730,3070,0,0
162.0348,12.3085,3054,0,0
162.0596,12.3005,3052,0,0
162.0844,12.3045,3053,0,0
162.1092,12.3488,3064,0,0
162.1340,12.3085,3054,0,0
162.1588,12.2844,3048,0,0
162.1836,12.3488,3064,0,0
162.2084,12.3166,3056,0,0
162.2332,12.2803,3047,0,0
162.2580,12.3126,3055,0,0
162.2828,12.3287,3059,0,0
162.3076,12.2844,3048,0,0
162.3324,12.3287,3059,0,0
162.3572,12.3085,3054,0,0
162.3820,12.3529,3065,0,0
162.4068,12.3206,3057,0,0
162.4316,12.2965,3051,0,0
162.4564,12.3206,3057,0,0
162.4812,12.3166,3056,0,0
162.5060,12.3327,3060,0,0
162.5308,12.3005,3052,0,0
162.5556,12.3206,3057,0,0
162.5804,12.3327,3060,0,0
162.6052,12.3126,3055,0,0
162.6300,12.3085,3054,0,0
162.6548,12.3327,3060,0,0
162.6796,12.3287,3059,0,0
162.7045,12.3206,3057,0,0
162.7292,12.3206,3057,0,0
162.7541,12.3166,3056,0,0
162.7789,12.3166,3056,0,0
162.8037,12.3206,3057,0,0
162.8285,12.3488,3064,0,0
162.8533,12.2844,3048,0,0
162.8781,12.3488,3064,0,0
162.9029,12.3206,3057,0,0
162.9277,12.3206,3057,0,0
162.9525,12.3488,3064,0,0
162.9773,12.2924,3050,0,0
163.0021,12.2924,3050,0,0
163.0269,12.3287,3059,0,0
163.0517,12.3206,3057,0,0
163.0765,12.2844,3048,0,0
163.1013,12.3085,3054,0,0
163.1261,12.3166,3056,0,0
163.1509,12.3206,3057,0,0
163.1757,12.3085,3054,0,0
163.2005,12.3569,3066,0,0
163.2253,12.3287,3059,0,0
163.2501,12.3488,3064,0,0
163.2749,12.3166,3056,0,0
163.2997,12.3085,3054,0,0
163.3245,12.3166,3056,0,0
163.3493,12.3166,3056,0,0
163.3741,12.3206,3057,0,0
163.3989,12.2924,3050,0,0
163.4237,12.2924,3050,0,0
163.4485,12.3085,3054,0,0
163.4733,12.3126,3055,0,0
163.4981,12.3609,3067,0,0
163.5229,12.3287,3059,0,0
163.5477,12.3206,3057,0,0
163.5725,12.3287,3059,0,0
163.5973,12.3529,3065,0,0
163.6221,12.3287,3059,0,0
163.6469,12.3206,3057,0,0
163.6718,12.3005,3052,0,0
163.6965,12.3126,3055,0,0
163.7214,12.3005,3052,0,0
163.7462,12.3206,3057,0,0
163.7710,12.2803,3047,0,0
163.7958,12.2924,3050,0,0
163.8206,12.3690,3069,0,0
163.8454,12.3166,3056,0,0
163.8702,12.2844,3048,0,0
163.8950,12.3206,3057,0,0
163.9198,12.3488,3064,0,0
163.9446,12.3206,3057,0,0
163.9694,12.3166,3056,0,0
163.9942,12.2924,3050,0,0
164.0190,12.3206,3057,0,0
164.0438,12.3488,3064,0,0
164.0686,12.3166,3056,0,0
164.0934,12.3730,3070,0,0
164.1182,12.3166,3056,0,0
164.1430,12.3488,3064,0,0
164.1678,12.3166,3056,0,0
164.1926,12.3287,3059,0,0
164.2174,12.3206,3057,0,0
164.2422,12.3609,3067,0,0
164.2670,12.3327,3060,0,0
164.2918,12.3529,3065,0,0
164.3166,12.3045,3053,0,0
164.3414,12.2844,3048,0,0
164.3662,12.2602,3042,0,0
164.3910,12.3166,3056,0,0
164.4158,12.3206,3057,0,0
164.4406,12.3005,3052,0,0
164.4654,12.3206,3057,0,0
164.4902,12.2844,3048,0,0
164.5150,12.3327,3060,0,0
164.5398,12.3045,3053,0,0
164.5646,12.3287,3059,0,0
164.5894,12.3126,3055,0,0
164.6142,12.2924,3050,0,0
164.6390,12.2682,3044,0,0
164.6638,12.3206,3057,0,0
164.6886,12.3730,3070,0,0
164.7135,12.2844,3048,0,0
164.7383,12.2965,3051,0,0
164.7631,12.3085,3054,0,0
164.7879,12.2602,3042,0,0
164.8127,12.2924,3050,0,0
164.8375,12.3166,3056,0,0
164.8623,12.3206,3057,0,0
164.8871,12.3488,3064,0,0
164.9119,12.3126,3055,0,0
164.9367,12.2844,3048,0,0
164.9615,12.2965,3051,0,0
164.9863,12.3287,3059,0,0
165.0111,12.2803,3047,0,0
165.0359,12.3247,3058,0,0
165.0607,12.3327,3060,0,0
165.0855,12.3206,3057,0,0
165.1103,12.3287,3059,0,0
165.1351,12.2924,3050,0,0
165.1599,12.3529,3065,0,0
165.1847,12.3287,3059,0,0
165.2095,12.2844,3048,0,0
165.2343,12.3166,3056,0,0
165.2591,12.3085,3054,0,0
165.2839,12.3287,3059,0,0
165.3087,12.3126,3055,0,0
165.3335,12.3529,3065,0,0
165.3583,12.3327,3060,0,0
165.3831,12.3609,3067,0,0
165.4079,12.2924,3050,0,0
165.4327,12.3085,3054,0,0
165.4575,12.2844,3048,0,0
165.4823,12.2763,3046,0,0
165.5071,12.3206,3057,0,0
165.5319,12.3488,3064,0,0
165.5567,12.3166,3056,0,0
165.5815,12.3126,3055,0,0
165.6063,12.3126,3055,0,0
165.6311,12.3206,3057,0,0
165.6559,12.3085,3054,0,0
165.6808,12.3287,3059,0,0
165.7056,12.3488,3064,0,0
165.7304,12.3327,3060,0,0
165.7552,12.3448,3063,0,0
165.7800,12.3287,3059,0,0
165.8048,12.3085,3054,0,0
165.8296,12.3488,3064,0,0
165.8544,12.3488,3064,0,0
165.8792,12.3166,3056,0,0
165.9040,12.3448,3063,0,0
165.9288,12.3005,3052,0,0
165.9536,12.2844,3048,0,0
165.9784,12.3085,3054,0,0
166.0032,12.2803,3047,0,0
166.0280,12.3327,3060,0,0
166.0528,12.3206,3057,0,0
166.0776,12.3005,3052,0,0
166.1024,12.2844,3048,0,0
166.1272,12.2803,3047,0,0
166.1520,12.3488,3064,0,0
166.1768,12.2844,3048,0,0
166.2016,12.2965,3051,0,0
166.2264,12.3730,3070,0,0
166.2512,12.3287,3059,0,0
166.2760,12.3085,3054,0,0
166.3008,12.2844,3048,0,0
166.3256,12.3005,3052,0,0
166.3504,12.3166,3056,0,0
166.3752,12.3005,3052,0,0
166.4000,12.3206,3057,0,0
166.4248,12.3327,3060,0,0
166.4496,12.3206,3057,0,0
166.4744,12.3287,3059,0,0
166.4992,12.3126,3055,0,0
166.5240,12.2844,3048,0,0
166.5488,12.3287,3059,0,0
166.5736,12.2803,3047,0,0
166.5984,12.2763,3046,0,0
166.6232,12.3085,3054,0,0
166.6481,12.3488,3064,0,0
166.6729,12.3085,3054,0,0
166.6976,12.3166,3056,0,0
166.7225,12.3206,3057,0,0
166.7473,12.3085,3054,0,0
166.7721,12.3287,3059,0,0
166.7969,12.2602,3042,0,0
166.8217,12.3206,3057,0,0
166.8465,12.2844,3048,0,0
166.8713,12.2924,3050,0,0
166.8961,12.2924,3050,0,0
166.9209,12.3529,3065,0,0
166.9457,12.2763,3046,0,0
166.9705,12.2924,3050,0,0
166.9953,12.3166,3056,0,0
167.0201,12.3287,3059,0,0
167.0449,12.3166,3056,0,0
167.0697,12.3126,3055,0,0
167.0945,12.3126,3055,0,0
167.1193,12.3206,3057,0,0
167.1441,12.3488,3064,0,0
167.1689,12.3166,3056,0,0
167.1937,12.3327,3060,0,0
167.2185,12.3166,3056,0,0
167.2433,12.3206,3057,0,0
167.2681,12.3488,3064,0,0
167.2929,12.2803,3047,0,0
167.3177,12.3126,3055,0,0
167.3425,12.3166,3056,0,0
167.3673,12.2965,3051,0,0
167.3921,12.3247,3058,0,0
167.4169,12.3206,3057,0,0
167.4417,12.3045,3053,0,0
167.4665,12.3287,3059,0,0
167.4913,12.3085,3054,0,0
167.5161,12.3206,3057,0,0
167.5409,12.3448,3063,0,0
167.5657,12.3327,3060,0,0
167.5905,12.3529,3065,0,0
167.6153,12.3327,3060,0,0
167.6402,12.3247,3058,0,0
167.6649,12.3287,3059,0,0
167.6898,12.3206,3057,0,0
167.7146,12.3166,3056,0,0
167.7394,12.3005,3052,0,0
167.7642,12.3529,3065,0,0
167.7890,12.3166,3056,0,0
167.8138,12.2924,3050,0,0
167.8386,12.3448,3063,0,0
167.8634,12.3488,3064,0,0
167.8882,12.3609,3067,0,0
167.9130,12.3126,3055,0,0
167.9378,12.3206,3057,0,0
167.9626,12.2803,3047,0,0
167.9874,12.2844,3048,0,0
168.0122,12.3408,3062,0,0
168.0370,12.3327,3060,0,0
168.0618,12.3488,3064,0,0
168.0866,12.3085,3054,0,0
168.1114,12.3126,3055,0,0
168.1362,12.2803,3047,0,0
168.1610,12.2844,3048,0,0
168.1858,12.2844,3048,0,0
168.2106,12.3569,3066,0,0
168.2354,12.3287,3059,0,0
168.2602,12.3206,3057,0,0
168.2850,12.3488,3064,0,0
168.3098,12.3005,3052,0,0
168.3346,12.3488,3064,0,0
168.3594,12.2844,3048,0,0
168.3842,12.3287,3059,0,0
168.4090,12.3085,3054,0,0
168.4338,12.3529,3065,0,0
168.4586,12.3287,3059,0,0
168.4834,12.3126,3055,0,0
168.5082,12.3529,3065,0,0
168.5330,12.3287,3059,0,0
168.5578,12.2803,3047,0,0
168.5826,12.3166,3056,0,0
168.6075,12.3126,3055,0,0
168.6322,12.3206,3057,0,0
168.6571,12.3327,3060,0,0
168.6819,12.3005,3052,0,0
168.7066,12.2844,3048,0,0
168.7315,12.2844,3048,0,0
168.7563,12.3045,3053,0,0
168.7811,12.3085,3054,0,0
168.8059,12.3287,3059,0,0
168.8307,12.3045,3053,0,0
168.8555,12.3166,3056,0,0
168.8803,12.3166,3056,0,0
168.9051,12.3166,3056,0,0
168.9299,12.3126,3055,0,0
168.9547,12.3085,3054,0,0
168.9795,12.3166,3056,0,0
169.0043,12.3126,3055,0,0
169.0291,12.3085,3054,0,0
169.0539,12.3206,3057,0,0
169.0787,12.3206,3057,0,0
169.1035,12.2924,3050,0,0
169.1283,12.3206,3057,0,0
169.1531,12.3448,3063,0,0
169.1779,12.3166,3056,0,0
169.2027,12.2844,3048,0,0
169.2275,12.3488,3064,0,0
169.2523,12.3126,3055,0,0
169.2771,12.3126,3055,0,0
169.3019,12.3206,3057,0,0
169.3267,12.2924,3050,0,0
169.3515,12.3287,3059,0,0
169.3763,12.2803,3047,0,0
169.4011,12.3085,3054,0,0
169.4259,12.3488,3064,0,0
169.4507,12.3529,3065,0,0
169.4755,12.3045,3053,0,0
169.5003,12.3569,3066,0,0
169.5251,12.3166,3056,0,0
169.5499,12.3206,3057,0,0
169.5747,12.3206,3057,0,0
169.5995,12.3085,3054,0,0
169.6243,12.3287,3059,0,0
169.6492,12.3287,3059,0,0
169.6740,12.3327,3060,0,0
169.6988,12.2844,3048,0,0
169.7236,12.3045,3053,0,0
169.7484,12.3126,3055,0,0
169.7732,12.2844,3048,0,0
169.7980,12.3085,3054,0,0
169.8228,12.3085,3054,0,0
169.8476,12.3206,3057,0,0
169.8724,12.3206,3057,0,0
169.8972,12.3126,3055,0,0
169.9220,12.3206,3057,0,0
169.9468,12.3206,3057,0,0
169.9716,12.2844,3048,0,0
169.9964,12.3206,3057,0,0
170.0212,12.3327,3060,0,0
170.0460,12.2924,3050,0,0
170.0708,12.3126,3055,0,0
170.0956,12.3085,3054,0,0
170.1204,12.3206,3057,0,0
170.1452,12.3005,3052,0,0
170.1700,12.3166,3056,0,0
170.1948,12.2965,3051,0,0
170.2196,12.2924,3050,0,0
170.2444,12.3166,3056,0,0
170.2692,12.3045,3053,0,0
170.2940,12.3166,3056,0,0
170.3188,12.2924,3050,0,0
170.3436,12.3005,3052,0,0
170.3684,12.3166,3056,0,0
170.3932,12.2844,3048,0,0
170.4180,12.3206,3057,0,0
170.4428,12.2844,3048,0,0
170.4676,12.3085,3054,0,0
170.4924,12.3005,3052,0,0
170.5172,12.3126,3055,0,0
170.5420,12.3327,3060,0,0
170.5668,12.3206,3057,0,0
170.5916,12.3488,3064,0,0
170.6165,12.3005,3052,0,0
170.6413,12.3529,3065,0,0
170.6661,12.3045,3053,0,0
170.6909,12.3206,3057,0,0
170.7157,12.3488,3064,0,0
170.7405,12.3327,3060,0,0
170.7653,12.3206,3057,0,0
170.7901,12.3206,3057,0,0
170.8149,12.3126,3055,0,0
170.8397,12.3166,3056,0,0
170.8645,12.3166,3056,0,0
170.8893,12.3529,3065,0,0
170.9141,12.2844,3048,0,0
170.9389,12.3126,3055,0,0
170.9637,12.2763,3046,0,0
170.9885,12.2965,3051,0,0
171.0133,12.3327,3060,0,0
171.0381,12.3206,3057,0,0
171.0629,12.2965,3051,0,0
171.0877,12.3206,3057,0,0
171.1125,12.3247,3058,0,0
171.1373,12.3166,3056,0,0
171.1621,12.2803,3047,0,0
171.1869,12.3126,3055,0,0
171.2117,12.3166,3056,0,0
171.2365,12.3287,3059,0,0
171.2613,12.3206,3057,0,0
171.2861,12.3287,3059,0,0
171.3109,12.3005,3052,0,0
171.3357,12.3166,3056,0,0
171.3605,12.3166,3056,0,0
171.3853,12.3206,3057,0,0
171.4101,12.3005,3052,0,0
171.4349,12.3287,3059,0,0
171.4597,12.3206,3057,0,0
171.4845,12.3206,3057,0,0
171.5093,12.3287,3059,0,0
171.5341,12.3085,3054,0,0
171.5589,12.3488,3064,0,0
171.5837,12.2803,3047,0,0
171.6086,12.3206,3057,0,0
171.6333,12.3126,3055,0,0
171.6582,12.3085,3054,0,0
171.6830,12.3488,3064,0,0
171.7078,12.3327,3060,0,0
171.7326,12.3126,3055,0,0
171.7574,12.3327,3060,0,0
171.7822,12.3166,3056,0,0
171.8070,12.3206,3057,0,0
171.8318,12.3126,3055,0,0
171.8566,12.2924,3050,0,0
171.8814,12.3166,3056,0,0
171.9062,12.3085,3054,0,0
171.9310,12.3045,3053,0,0
171.9558,12.3287,3059,0,0
171.9806,12.3166,3056,0,0
172.0054,12.3247,3058,0,0
172.0302,12.3206,3057,0,0
172.0550,12.3166,3056,0,0
172.0798,12.2844,3048,0,0
172.1046,12.3529,3065,0,0
172.1294,12.3327,3060,0,0
172.1542,12.3206,3057,0,0
172.1790,12.2844,3048,0,0
172.2038,12.3206,3057,0,0
172.2286,12.3206,3057,0,0
172.2534,12.3327,3060,0,0
172.2782,12.3126,3055,0,0
172.3030,12.2763,3046,0,0
172.3278,12.3206,3057,0,0
172.3526,12.2682,3044,0,0
172.3774,12.3206,3057,0,0
172.4022,12.3045,3053,0,0
172.4270,12.3206,3057,0,0
172.4518,12.3529,3065,0,0
172.4766,12.3529,3065,0,0
172.5014,12.2844,3048,0,0
172.5262,12.3206,3057,0,0
172.5510,12.3488,3064,0,0
172.5759,12.3126,3055,0,0
172.6006,12.3206,3057,0,0
172.6255,12.3206,3057,0,0
172.6503,12.3287,3059,0,0
172.6751,12.2924,3050,0,0
172.6999,12.2924,3050,0,0
172.7247,12.3166,3056,0,0
172.7495,12.3488,3064,0,0
172.7743,12.3247,3058,0,0
172.7991,12.3287,3059,0,0
172.8239,12.2844,3048,0,0
172.8487,12.3287,3059,0,0
172.8735,12.3206,3057,0,0
172.8983,12.2924,3050,0,0
172.9231,12.2965,3051,0,0
172.9479,12.2844,3048,0,0
172.9727,12.3126,3055,0,0
172.9975,12.2803,3047,0,0
173.0223,12.2924,3050,0,0
173.0471,12.3206,3057,0,0
173.0719,12.3126,3055,0,0
173.0967,12.3045,3053,0,0
173.1215,12.3327,3060,0,0
173.1463,12.3166,3056,0,0
173.1711,12.3085,3054,0,0
173.1959,12.3488,3064,0,0
173.2207,12.3126,3055,0,0
173.2455,12.2360,3036,0,0
173.2703,12.3166,3056,0,0
173.2951,12.3287,3059,0,0
173.3199,12.2965,3051,0,0
173.3447,12.3045,3053,0,0
173.3695,12.3005,3052,0,0
173.3943,12.3045,3053,0,0
173.4191,12.3488,3064,0,0
173.4439,12.3327,3060,0,0
173.4687,12.3206,3057,0,0
173.4935,12.3085,3054,0,0
173.5183,12.3085,3054,0,0
173.5432,12.3126,3055,0,0
173.5679,12.3045,3053,0,0
173.5928,12.3287,3059,0,0
173.6176,12.3287,3059,0,0
173.6423,12.3206,3057,0,0
173.6672,12.3085,3054,0,0
173.6920,12.3206,3057,0,0
173.7168,12.3085,3054,0,0
173.7416,12.3085,3054,0,0
173.7664,12.3247,3058,0,0
173.7912,12.2723,3045,0,0
173.8160,12.3327,3060,0,0
173.8408,12.3126,3055,0,0
173.8656,12.3126,3055,0,0
173.8904,12.3005,3052,0,0
173.9152,12.3166,3056,0,0
173.9400,12.3126,3055,0,0
173.9648,12.3206,3057,0,0
173.9896,12.2924,3050,0,0
174.0144,12.3488,3064,0,0
174.0392,12.3609,3067,0,0
174.0640,12.3327,3060,0,0
174.0888,12.2965,3051,0,0
174.1136,12.3045,3053,0,0
174.1384,12.3166,3056,0,0
174.1632,12.3206,3057,0,0
174.1880,12.3005,3052,0,0
174.2128,12.3166,3056,0,0
174.2376,12.3166,3056,0,0
174.2624,12.3005,3052,0,0
174.2872,12.2844,3048,0,0
174.3120,12.3488,3064,0,0
174.3368,12.3529,3065,0,0
174.3616,12.2924,3050,0,0
174.3864,12.3166,3056,0,0
174.4112,12.3206,3057,0,0
174.4360,12.3488,3064,0,0
174.4608,12.3206,3057,0,0
174.4856,12.3126,3055,0,0
174.5104,12.3166,3056,0,0
174.5352,12.3166,3056,0,0
174.5600,12.2803,3047,0,0
174.5849,12.2924,3050,0,0
174.6096,12.3126,3055,0,0
174.6345,12.3206,3057,0,0
174.6593,12.2803,3047,0,0
174.6841,12.3126,3055,0,0
174.7089,12.2924,3050,0,0
174.7337,12.2803,3047,0,0
174.7585,12.3327,3060,0,0
174.7833,12.2803,3047,0,0
174.8081,12.3166,3056,0,0
174.8329,12.3166,3056,0,0
174.8577,12.2803,3047,0,0
174.8825,12.3206,3057,0,0
174.9073,12.3488,3064,0,0
174.9321,12.3206,3057,0,0
174.9569,12.2844,3048,0,0
174.9817,12.3166,3056,0,0
175.0065,12.3488,3064,0,0
175.0313,12.2803,3047,0,0
175.0561,12.3166,3056,0,0
175.0809,12.3529,3065,0,0
175.1057,12.3529,3065,0,0
175.1305,12.3166,3056,0,0
175.1553,12.2803,3047,0,0
175.1801,12.3126,3055,0,0
175.2049,12.3287,3059,0,0
175.2297,12.3287,3059,0,0
175.2545,12.3005,3052,0,0
175.2793,12.3085,3054,0,0
175.3041,12.3206,3057,0,0
175.3289,12.3488,3064,0,0
175.3537,12.3166,3056,0,0
175.3785,12.3287,3059,0,0
175.4033,12.3166,3056,0,0
175.4281,12.3206,3057,0,0
175.4529,12.3206,3057,0,0
175.4777,12.3287,3059,0,0
175.5025,12.3206,3057,0,0
175.5273,12.3085,3054,0,0
175.5522,12.2803,3047,0,0
175.5770,12.2844,3048,0,0
175.6018,12.2803,3047,0,0
175.6266,12.3126,3055,0,0
175.6514,12.3488,3064,0,0
175.6762,12.2803,3047,0,0
175.7010,12.3005,3052,0,0
175.7258,12.3327,3060,0,0
175.7506,12.3085,3054,0,0
175.7754,12.3166,3056,0,0
175.8002,12.3327,3060,0,0
175.8250,12.3126,3055,0,0
175.8498,12.3327,3060,0,0
175.8746,12.3488,3064,0,0
175.8994,12.2844,3048,0,0
175.9242,12.2844,3048,0,0
175.9490,12.2803,3047,0,0
175.9738,12.2844,3048,0,0
175.9986,12.3488,3064,0,0
176.0234,12.2924,3050,0,0
176.0482,12.2844,3048,0,0
176.0730,12.3166,3056,0,0
176.0978,12.3247,3058,0,0
176.1226,12.3206,3057,0,0
176.1474,12.3448,3063,0,0
176.1722,12.3247,3058,0,0
176.1970,12.3206,3057,0,0
176.2218,12.3206,3057,0,0
176.2466,12.3206,3057,0,0
176.2714,12.2763,3046,0,0
176.2962,12.2924,3050,0,0
176.3210,12.3085,3054,0,0
176.3458,12.3327,3060,0,0
176.3706,12.3005,3052,0,0
176.3954,12.2682,3044,0,0
176.4202,12.3005,3052,0,0
176.4450,12.3206,3057,0,0
176.4698,12.2763,3046,0,0
176.4946,12.3247,3058,0,0
176.5194,12.3488,3064,0,0
176.5443,12.3005,3052,0,0
176.5690,12.3085,3054,0,0
176.5939,12.2844,3048,0,0
176.6187,12.3247,3058,0,0
176.6435,12.2924,3050,0,0
176.6683,12.3085,3054,0,0
176.6931,12.3327,3060,0,0
176.7179,12.3085,3054,0,0
176.7427,12.3488,3064,0,0
176.7675,12.3206,3057,0,0
176.7923,12.3085,3054,0,0
176.8171,12.2924,3050,0,0
176.8419,12.2602,3042,0,0
176.8667,12.3166,3056,0,0
176.8915,12.3287,3059,0,0
176.9163,12.3811,3072,0,0
176.9411,12.3126,3055,0,0
176.9659,12.3529,3065,0,0
176.9907,12.3569,3066,0,0
177.0155,12.3488,3064,0,0
177.0403,12.3085,3054,0,0
177.0651,12.3126,3055,0,0
177.0899,12.3045,3053,0,0
177.1147,12.3206,3057,0,0
177.1395,12.2924,3050,0,0
177.1643,12.3085,3054,0,0
177.1891,12.3327,3060,0,0
177.2139,12.2723,3045,0,0
177.2387,12.3045,3053,0,0
177.2635,12.3126,3055,0,0
177.2883,12.2844,3048,0,0
177.3131,12.2803,3047,0,0
177.3379,12.2844,3048,0,0
177.3627,12.3166,3056,0,0
177.3875,12.3206,3057,0,0
177.4123,12.3488,3064,0,0
177.4371,12.3166,3056,0,0
177.4619,12.3005,3052,0,0
177.4867,12.2924,3050,0,0
177.5116,12.3287,3059,0,0
177.5363,12.2844,3048,0,0
177.5612,12.2803,3047,0,0
177.5860,12.3206,3057,0,0
177.6108,12.3126,3055,0,0
177.6356,12.3287,3059,0,0
177.6604,12.3085,3054,0,0
177.6852,12.3206,3057,0,0
177.7100,12.3327,3060,0,0
177.7348,12.3166,3056,0,0
177.7596,12.3448,3063,0,0
177.7844,12.3529,3065,0,0
177.8092,12.3287,3059,0,0
177.8340,12.3690,3069,0,0
177.8588,12.3166,3056,0,0
177.8836,12.3085,3054,0,0
177.9084,12.3206,3057,0,0
177.9332,12.2803,3047,0,0
177.9580,12.3126,3055,0,0
177.9828,12.3206,3057,0,0
178.0076,12.3166,3056,0,0
178.0324,12.3247,3058,0,0
178.0572,12.3166,3056,0,0
178.0820,12.3085,3054,0,0
178.1068,12.3488,3064,0,0
178.1316,12.3005,3052,0,0
178.1564,12.2844,3048,0,0
178.1812,12.3085,3054,0,0
178.2060,12.2924,3050,0,0
178.2308,12.3448,3063,0,0
178.2556,12.3085,3054,0,0
178.2804,12.2924,3050,0,0
178.3052,12.2844,3048,0,0
178.3300,12.3005,3052,0,0
178.3548,12.3166,3056,0,0
178.3796,12.3287,3059,0,0
178.4044,12.3005,3052,0,0
178.4292,12.2965,3051,0,0
178.4540,12.3166,3056,0,0
178.4789,12.2844,3048,0,0
178.5036,12.3488,3064,0,0
178.5284,12.3206,3057,0,0
178.5533,12.3206,3057,0,0
178.5780,12.3206,3057,0,0
178.6029,12.2924,3050,0,0
178.6277,12.2844,3048,0,0
178.6525,12.3126,3055,0,0
178.6773,12.3771,3071,0,0
178.7021,12.3327,3060,0,0
178.7269,12.3166,3056,0,0
178.7517,12.3206,3057,0,0
178.7765,12.3206,3057,0,0
178.8013,12.2965,3051,0,0
178.8261,12.3287,3059,0,0
178.8509,12.2844,3048,0,0
178.8757,12.3166,3056,0,0
178.9005,12.3206,3057,0,0
178.9253,12.2844,3048,0,0
178.9501,12.3206,3057,0,0
178.9749,12.3005,3052,0,0
178.9997,12.3488,3064,0,0
179.0245,12.3166,3056,0,0
179.0493,12.3529,3065,0,0
179.0741,12.2844,3048,0,0
179.0989,12.3085,3054,0,0
179.1237,12.3327,3060,0,0
179.1485,12.2965,3051,0,0
179.1733,12.3166,3056,0,0
179.1981,12.3287,3059,0,0
179.2229,12.3085,3054,0,0
179.2477,12.3045,3053,0,0
179.2725,12.3327,3060,0,0
179.2973,12.2844,3048,0,0
179.3221,12.3206,3057,0,0
179.3469,12.2924,3050,0,0
179.3717,12.3287,3059,0,0
179.3965,12.3448,3063,0,0
179.4213,12.3085,3054,0,0
179.4461,12.3126,3055,0,0
179.4709,12.2803,3047,0,0
179.4957,12.2682,3044,0,0
179.5206,12.3126,3055,0,0
179.5453,12.3327,3060,0,0
179.5702,12.3206,3057,0,0
179.5950,12.3085,3054,0,0
179.6198,12.3045,3053,0,0
179.6446,12.3488,3064,0,0
179.6694,12.3166,3056,0,0
179.6942,12.3730,3070,0,0
179.7190,12.3206,3057,0,0
179.7438,12.3206,3057,0,0
179.7686,12.2763,3046,0,0
179.7934,12.3045,3053,0,0
179.8182,12.3206,3057,0,0
179.8430,12.3488,3064,0,0
179.8678,12.3166,3056,0,0
179.8926,12.2844,3048,0,0
179.9174,12.2844,3048,0,0
179.9422,12.3529,3065,0,0
179.9670,12.2924,3050,0,0
179.9918,12.3166,3056,0,0
180.0166,12.2803,3047,0,0
180.0414,12.2844,3048,0,0
180.0662,12.2521,3040,0,0
180.0910,12.3005,3052,0,0
180.1158,12.3287,3059,0,0
180.1406,12.3730,3070,0,0
180.1654,12.3529,3065,0,0
180.1902,12.3287,3059,0,0
180.2150,12.3247,3058,0,0
180.2398,12.2803,3047,0,0
180.2646,12.3166,3056,0,0
180.2894,12.3609,3067,0,0
180.3142,12.3166,3056,0,0
180.3390,12.3488,3064,0,0
180.3638,12.2844,3048,0,0
180.3886,12.3287,3059,0,0
180.4134,12.3569,3066,0,0
180.4382,12.2803,3047,0,0
180.4630,12.2924,3050,0,0
180.4879,12.3126,3055,0,0
180.5126,12.3166,3056,0,0
180.5375,12.3529,3065,0,0
180.5623,12.3206,3057,0,0
180.5871,12.2844,3048,0,0
180.6119,12.2844,3048,0,0
180.6367,12.3166,3056,0,0
180.6615,12.3166,3056,0,0
180.6863,12.3287,3059,0,0
180.7111,12.3287,3059,0,0
180.7359,12.2803,3047,0,0
180.7607,12.3085,3054,0,0
180.7855,12.3529,3065,0,0
180.8103,12.3408,3062,0,0
180.8351,12.3206,3057,0,0
180.8599,12.3206,3057,0,0
180.8847,12.3126,3055,0,0
180.9095,12.3206,3057,0,0
180.9343,12.3287,3059,0,0
180.9591,12.3247,3058,0,0
180.9839,12.3126,3055,0,0
181.0087,12.3206,3057,0,0
181.0335,12.2844,3048,0,0
181.0583,12.3005,3052,0,0
181.0831,12.3569,3066,0,0
181.1079,12.3005,3052,0,0
181.1327,12.3085,3054,0,0
181.1575,12.2965,3051,0,0
181.1823,12.3126,3055,0,0
181.2071,12.2965,3051,0,0
181.2319,12.2803,3047,0,0
181.2567,12.2924,3050,0,0
181.2815,12.3166,3056,0,0
181.3063,12.3206,3057,0,0
181.3311,12.3206,3057,0,0
181.3559,12.2844,3048,0,0
181.3807,12.3126,3055,0,0
181.4055,12.3488,3064,0,0
181.4303,12.2924,3050,0,0
181.4551,12.3126,3055,0,0
181.4799,12.3045,3053,0,0
181.5047,12.3005,3052,0,0
181.5296,12.3206,3057,0,0
181.5544,12.3488,3064,0,0
181.5792,12.3085,3054,0,0
181.6040,12.3045,3053,0,0
181.6288,12.2803,3047,0,0
181.6536,12.2763,3046,0,0
181.6784,12.3609,3067,0,0
181.7032,12.3287,3059,0,0
181.7280,12.3085,3054,0,0
181.7528,12.3085,3054,0,0
181.7776,12.3005,3052,0,0
181.8024,12.3126,3055,0,0
181.8272,12.3126,3055,0,0
181.8520,12.3488,3064,0,0
181.8768,12.3085,3054,0,0
181.9016,12.3287,3059,0,0
181.9264,12.2844,3048,0,0
181.9512,12.3166,3056,0,0
181.9760,12.3206,3057,0,0
182.0008,12.3206,3057,0,0
182.0256,12.3327,3060,0,0
182.0504,12.3085,3054,0,0
182.0752,12.2844,3048,0,0
182.1000,12.2803,3047,0,0
182.1248,12.2924,3050,0,0
182.1496,12.2844,3048,0,0
182.1744,12.3529,3065,0,0
182.1992,12.2844,3048,0,0
182.2240,12.3166,3056,0,0
182.2488,12.2602,3042,0,0
182.2736,12.3166,3056,0,0
182.2984,12.3166,3056,0,0
182.3232,12.3287,3059,0,0
182.3480,12.3488,3064,0,0
182.3728,12.2844,3048,0,0
182.3976,12.2803,3047,0,0
182.4224,12.3206,3057,0,0
182.4473,12.3166,3056,0,0
182.4720,12.2803,3047,0,0
182.4969,12.3085,3054,0,0
182.5217,12.3247,3058,0,0
182.5465,12.3126,3055,0,0
182.5713,12.3166,3056,0,0
182.5961,12.2924,3050,0,0
182.6209,12.2844,3048,0,0
182.6457,12.2803,3047,0,0
182.6705,12.3005,3052,0,0
182.6953,12.2924,3050,0,0
182.7201,12.3166,3056,0,0
182.7449,12.3126,3055,0,0
182.7697,12.3488,3064,0,0
182.7945,12.3045,3053,0,0
182.8193,12.3327,3060,0,0
182.8441,12.3247,3058,0,0
182.8689,12.3529,3065,0,0
182.8937,12.2763,3046,0,0
182.9185,12.3166,3056,0,0
182.9433,12.3206,3057,0,0
182.9681,12.3085,3054,0,0
182.9929,12.2844,3048,0,0
183.0177,12.3166,3056,0,0
183.0425,12.3488,3064,0,0
183.0673,12.2763,3046,0,0
183.0921,12.3166,3056,0,0
183.1169,12.3206,3057,0,0
183.1417,12.3327,3060,0,0
183.1665,12.2844,3048,0,0
183.1913,12.2924,3050,0,0
183.2161,12.3247,3058,0,0
183.2409,12.2924,3050,0,0
183.2657,12.2924,3050,0,0
183.2905,12.2803,3047,0,0
183.3153,12.3005,3052,0,0
183.3401,12.3488,3064,0,0
183.3649,12.3206,3057,0,0
183.3897,12.2965,3051,0,0
183.4146,12.3166,3056,0,0
183.4393,12.3166,3056,0,0
183.4641,12.2844,3048,0,0
183.4890,12.2965,3051,0,0
183.5137,12.3166,3056,0,0
183.5386,12.2763,3046,0,0
183.5634,12.3206,3057,0,0
183.5882,12.3126,3055,0,0
183.6130,12.3005,3052,0,0
183.6378,12.3085,3054,0,0
183.6626,12.3206,3057,0,0
183.6874,12.2682,3044,0,0
183.7122,12.2723,3045,0,0
183.7370,12.3126,3055,0,0
183.7618,12.2844,3048,0,0
183.7866,12.3448,3063,0,0
183.8114,12.2844,3048,0,0
183.8362,12.3005,3052,0,0
183.8610,12.3206,3057,0,0
183.8858,12.3126,3055,0,0
183.9106,12.3085,3054,0,0
183.9354,12.2844,3048,0,0
183.9602,12.3005,3052,0,0
183.9850,12.3085,3054,0,0
184.0098,12.3166,3056,0,0
184.0346,12.3126,3055,0,0
184.0594,12.2803,3047,0,0
184.0842,12.2924,3050,0,0
184.1090,12.3005,3052,0,0
184.1338,12.3045,3053,0,0
184.1586,12.2199,3032,0,0
184.1834,12.3126,3055,0,0
184.2082,12.3166,3056,0,0
184.2330,12.3085,3054,0,0
184.2578,12.3166,3056,0,0
184.2826,12.2844,3048,0,0
184.3074,12.3126,3055,0,0
184.3322,12.3166,3056,0,0
184.3570,12.2924,3050,0,0
184.3818,12.3126,3055,0,0
184.4066,12.2844,3048,0,0
184.4314,12.3166,3056,0,0
184.4563,12.3206,3057,0,0
184.4810,12.3529,3065,0,0
184.5059,12.2844,3048,0,0
184.5307,12.3085,3054,0,0
184.5555,12.2844,3048,0,0
184.5803,12.2803,3047,0,0
184.6051,12.3206,3057,0,0
184.6299,12.2844,3048,0,0
184.6547,12.3287,3059,0,0
184.6795,12.3247,3058,0,0
184.7043,12.2924,3050,0,0
184.7291,12.2924,3050,0,0
184.7539,12.3126,3055,0,0
184.7787,12.2924,3050,0,0
184.8035,12.3327,3060,0,0
184.8283,12.3488,3064,0,0
184.8531,12.2924,3050,0,0
184.8779,12.2521,3040,0,0
184.9027,12.3085,3054,0,0
184.9275,12.2924,3050,0,0
184.9523,12.3206,3057,0,0
184.9771,12.3166,3056,0,0
185.0019,12.3206,3057,0,0
185.0267,12.3327,3060,0,0
185.0515,12.2924,3050,0,0
185.0763,12.2803,3047,0,0
185.1011,12.3166,3056,0,0
185.1259,12.2763,3046,0,0
185.1507,12.3085,3054,0,0
185.1755,12.2924,3050,0,0
185.2003,12.2803,3047,0,0
185.2251,12.3166,3056,0,0
185.2499,12.3206,3057,0,0
185.2747,12.3206,3057,0,0
185.2995,12.3166,3056,0,0
185.3243,12.2844,3048,0,0
185.3491,12.3085,3054,0,0
185.3739,12.3126,3055,0,0
185.3987,12.3166,3056,0,0
185.4236,12.3005,3052,0,0
185.4483,12.3126,3055,0,0
185.4731,12.3166,3056,0,0
185.4980,12.3488,3064,0,0
185.5228,12.3408,3062,0,0
185.5476,12.2682,3044,0,0
185.5724,12.2844,3048,0,0
185.5972,12.3206,3057,0,0
185.6220,12.2723,3045,0,0
185.6468,12.3327,3060,0,0
185.6716,12.3488,3064,0,0
185.6964,12.2844,3048,0,0
185.7212,12.3327,3060,0,0
185.7460,12.3166,3056,0,0
185.7708,12.3126,3055,0,0
185.7956,12.3327,3060,0,0
185.8204,12.3206,3057,0,0
185.8452,12.3166,3056,0,0
185.8700,12.3206,3057,0,0
185.8948,12.3529,3065,0,0
185.9196,12.2924,3050,0,0
185.9444,12.3488,3064,0,0
185.9692,12.3488,3064,0,0
185.9940,12.2844,3048,0,0
186.0188,12.3126,3055,0,0
186.0436,12.3166,3056,0,0
186.0684,12.2803,3047,0,0
186.0932,12.2844,3048,0,0
186.1180,12.2844,3048,0,0
186.1428,12.3287,3059,0,0
186.1676,12.3085,3054,0,0
186.1924,12.3166,3056,0,0
186.2172,12.3005,3052,0,0
186.2420,12.3005,3052,0,0
186.2668,12.3166,3056,0,0
186.2916,12.3166,3056,0,0
186.3164,12.3327,3060,0,0
186.3412,12.2844,3048,0,0
186.3660,12.3206,3057,0,0
186.3908,12.2602,3042,0,0
186.4156,12.2965,3051,0,0
186.4404,12.2924,3050,0,0
186.4653,12.3287,3059,0,0
186.4901,12.3327,3060,0,0
186.5149,12.3488,3064,0,0
186.5397,12.2924,3050,0,0
186.5645,12.3206,3057,0,0
186.5893,12.2521,3040,0,0
186.6141,12.2803,3047,0,0
186.6389,12.3166,3056,0,0
186.6637,12.3287,3059,0,0
186.6885,12.2803,3047,0,0
186.7133,12.2844,3048,0,0
186.7381,12.3287,3059,0,0
186.7629,12.3327,3060,0,0
186.7877,12.3126,3055,0,0
186.8125,12.3488,3064,0,0
186.8373,12.3206,3057,0,0
186.8621,12.2803,3047,0,0
186.8869,12.3085,3054,0,0
186.9117,12.3206,3057,0,0
186.9365,12.3287,3059,0,0
186.9613,12.2844,3048,0,0
186.9861,12.3206,3057,0,0
187.0109,12.2682,3044,0,0
187.0357,12.3085,3054,0,0
187.0605,12.2803,3047,0,0
187.0853,12.3126,3055,0,0
187.1101,12.3166,3056,0,0
187.1349,12.3327,3060,0,0
187.1597,12.2844,3048,0,0
187.1845,12.3448,3063,0,0
187.2093,12.3529,3065,0,0
187.2341,12.3166,3056,0,0
187.2589,12.2924,3050,0,0
187.2837,12.3126,3055,0,0
187.3085,12.3005,3052,0,0
187.3333,12.3045,3053,0,0
187.3581,12.2844,3048,0,0
187.3829,12.3206,3057,0,0
187.4077,12.2803,3047,0,0
187.4326,12.2965,3051,0,0
187.4574,12.3166,3056,0,0
187.4822,12.3206,3057,0,0
187.5070,12.3166,3056,0,0
187.5318,12.2924,3050,0,0
187.5566,12.3085,3054,0,0
187.5814,12.2803,3047,0,0
187.6062,12.3005,3052,0,0
187.6310,12.3005,3052,0,0
187.6558,12.3085,3054,0,0
187.6806,12.3166,3056,0,0
187.7054,12.3005,3052,0,0
187.7302,12.2844,3048,0,0
187.7550,12.3287,3059,0,0
187.7798,12.2844,3048,0,0
187.8046,12.2924,3050,0,0
187.8294,12.3488,3064,0,0
187.8542,12.3206,3057,0,0
187.8790,12.3287,3059,0,0
187.9038,12.3005,3052,0,0
187.9286,12.3166,3056,0,0
187.9534,12.3287,3059,0,0
187.9782,12.3045,3053,0,0
188.0030,12.3327,3060,0,0
188.0278,12.3327,3060,0,0
188.0526,12.2763,3046,0,0
188.0774,12.2844,3048,0,0
188.1022,12.3206,3057,0,0
188.1270,12.3287,3059,0,0
188.1518,12.2803,3047,0,0
188.1766,12.3085,3054,0,0
188.2014,12.3206,3057,0,0
188.2262,12.3126,3055,0,0
188.2510,12.3206,3057,0,0
188.2758,12.2844,3048,0,0
188.3006,12.3045,3053,0,0
188.3254,12.3085,3054,0,0
188.3503,12.2844,3048,0,0
188.3750,12.3206,3057,0,0
188.3998,12.3166,3056,0,0
188.4247,12.3166,3056,0,0
188.4494,12.2763,3046,0,0
188.4743,12.3488,3064,0,0
188.4991,12.2965,3051,0,0
188.5239,12.3126,3055,0,0
188.5487,12.3166,3056,0,0
188.5735,12.3448,3063,0,0
188.5983,12.3287,3059,0,0
188.6231,12.3005,3052,0,0
188.6479,12.2803,3047,0,0
188.6727,12.3206,3057,0,0
188.6975,12.3005,3052,0,0
188.7223,12.2844,3048,0,0
188.7471,12.2924,3050,0,0
188.7719,12.3085,3054,0,0
188.7967,12.3327,3060,0,0
188.8215,12.2521,3040,0,0
188.8463,12.3126,3055,0,0
188.8711,12.3085,3054,0,0
188.8959,12.3166,3056,0,0
188.9207,12.2924,3050,0,0
188.9455,12.2803,3047,0,0
188.9703,12.2844,3048,0,0
188.9951,12.2803,3047,0,0
189.0199,12.3166,3056,0,0
189.0447,12.3327,3060,0,0
189.0695,12.2924,3050,0,0
189.0943,12.2924,3050,0,0
189.1191,12.3126,3055,0,0
189.1439,12.3085,3054,0,0
189.1687,12.3327,3060,0,0
189.1935,12.3488,3064,0,0
189.2183,12.2803,3047,0,0
189.2431,12.2844,3048,0,0
189.2679,12.3166,3056,0,0
189.2927,12.3005,3052,0,0
189.3175,12.3126,3055,0,0
189.3423,12.3166,3056,0,0
189.3671,12.2682,3044,0,0
189.3920,12.3085,3054,0,0
189.4167,12.3206,3057,0,0
189.4416,12.3529,3065,0,0
189.4664,12.2803,3047,0,0
189.4912,12.2844,3048,0,0
189.5160,12.3206,3057,0,0
189.5408,12.3166,3056,0,0
189.5656,12.2723,3045,0,0
189.5904,12.3166,3056,0,0
189.6152,12.3166,3056,0,0
189.6400,12.3085,3054,0,0
189.6648,12.3166,3056,0,0
189.6896,12.3569,3066,0,0
189.7144,12.3488,3064,0,0
189.7392,12.3126,3055,0,0
189.7640,12.3247,3058,0,0
189.7888,12.3488,3064,0,0
189.8136,12.3488,3064,0,0
189.8384,12.3206,3057,0,0
189.8632,12.3529,3065,0,0
189.8880,12.3287,3059,0,0
189.9128,12.2965,3051,0,0
189.9376,12.2965,3051,0,0
189.9624,12.3206,3057,0,0
189.9872,12.3488,3064,0,0
190.0120,12.3327,3060,0,0
190.0368,12.2803,3047,0,0
190.0616,12.2844,3048,0,0
190.0864,12.3488,3064,0,0
190.1112,12.2239,3033,0,0
190.1360,12.3166,3056,0,0
190.1608,12.3166,3056,0,0
190.1856,12.2844,3048,0,0
190.2104,12.3327,3060,0,0
190.2352,12.3287,3059,0,0
190.2600,12.2481,3039,0,0
190.2848,12.2844,3048,0,0
190.3096,12.3287,3059,0,0
190.3344,12.2965,3051,0,0
190.3593,12.3287,3059,0,0
190.3840,12.3045,3053,0,0
190.4088,12.3448,3063,0,0
190.4337,12.2803,3047,0,0
190.4585,12.3287,3059,0,0
190.4833,12.3287,3059,0,0
190.5081,12.2844,3048,0,0
190.5329,12.3247,3058,0,0
190.5577,12.3529,3065,0,0
190.5825,12.2924,3050,0,0
190.6073,12.2844,3048,0,0
190.6321,12.2844,3048,0,0
190.6569,12.3005,3052,0,0
190.6817,12.3327,3060,0,0
190.7065,12.3488,3064,0,0
190.7313,12.2803,3047,0,0
190.7561,12.2844,3048,0,0
190.7809,12.3287,3059,0,0
190.8057,12.3287,3059,0,0
190.8305,12.3206,3057,0,0
190.8553,12.2844,3048,0,0
190.8801,12.2803,3047,0,0
190.9049,12.2763,3046,0,0
190.9297,12.3085,3054,0,0
190.9545,12.3690,3069,0,0
190.9793,12.2965,3051,0,0
191.0041,12.2924,3050,0,0
191.0289,12.3327,3060,0,0
191.0537,12.3206,3057,0,0
191.0785,12.2844,3048,0,0
191.1033,12.3569,3066,0,0
191.1281,12.3166,3056,0,0
191.1529,12.3247,3058,0,0
191.1777,12.3166,3056,0,0
191.2025,12.3126,3055,0,0
191.2273,12.3609,3067,0,0
191.2521,12.3206,3057,0,0
191.2769,12.2803,3047,0,0
191.3017,12.2965,3051,0,0
191.3265,12.3045,3053,0,0
191.3513,12.3085,3054,0,0
191.3761,12.3287,3059,0,0
191.4010,12.2763,3046,0,0
191.4258,12.3166,3056,0,0
191.4506,12.3085,3054,0,0
191.4754,12.3287,3059,0,0
191.5002,12.3126,3055,0,0
191.5250,12.3206,3057,0,0
191.5498,12.3287,3059,0,0
191.5746,12.3126,3055,0,0
191.5994,12.3126,3055,0,0
191.6242,12.2803,3047,0,0
191.6490,12.3005,3052,0,0
191.6738,12.2844,3048,0,0
191.6986,12.3206,3057,0,0
191.7234,12.2965,3051,0,0
191.7482,12.3166,3056,0,0
191.7730,12.3166,3056,0,0
191.7978,12.3126,3055,0,0
191.8226,12.2844,3048,0,0
191.8474,12.2682,3044,0,0
191.8722,12.2924,3050,0,0
191.8970,12.3126,3055,0,0
191.9218,12.3247,3058,0,0
191.9466,12.3126,3055,0,0
191.9714,12.2602,3042,0,0
191.9962,12.2924,3050,0,0
192.0210,12.3126,3055,0,0
192.0458,12.2844,3048,0,0
192.0706,12.3488,3064,0,0
192.0954,12.3126,3055,0,0
192.1202,12.3206,3057,0,0
192.1450,12.3327,3060,0,0
192.1698,12.3206,3057,0,0
192.1946,12.2924,3050,0,0
192.2194,12.2924,3050,0,0
192.2442,12.3166,3056,0,0
192.2690,12.2682,3044,0,0
192.2938,12.3166,3056,0,0
192.3186,12.3005,3052,0,0
192.3434,12.3005,3052,0,0
192.3683,12.2924,3050,0,0
192.3931,12.3166,3056,0,0
192.4178,12.3085,3054,0,0
192.4427,12.3609,3067,0,0
192.4675,12.2844,3048,0,0
192.4923,12.2803,3047,0,0
192.5171,12.3166,3056,0,0
192.5419,12.2924,3050,0,0
192.5667,12.2924,3050,0,0
192.5915,12.3488,3064,0,0
192.6163,12.2844,3048,0,0
192.6411,12.2763,3046,0,0
192.6659,12.3206,3057,0,0
192.6907,12.2682,3044,0,0
192.7155,12.3206,3057,0,0
192.7403,12.3126,3055,0,0
192.7651,12.3126,3055,0,0
192.7899,12.3166,3056,0,0
192.8147,12.2844,3048,0,0
192.8395,12.3085,3054,0,0
192.8643,12.3126,3055,0,0
192.8891,12.3327,3060,0,0
192.9139,12.2844,3048,0,0
192.9387,12.3126,3055,0,0
192.9635,12.3166,3056,0,0
192.9883,12.3529,3065,0,0
193.0131,12.2682,3044,0,0
193.0379,12.2844,3048,0,0
193.0627,12.3811,3072,0,0
193.0875,12.3529,3065,0,0
193.1123,12.2844,3048,0,0
193.1371,12.2803,3047,0,0
193.1619,12.3166,3056,0,0
193.1867,12.3085,3054,0,0
193.2115,12.3005,3052,0,0
193.2363,12.3488,3064,0,0
193.2611,12.2803,3047,0,0
193.2859,12.3247,3058,0,0
193.3107,12.2602,3042,0,0
193.3355,12.3247,3058,0,0
193.3604,12.3206,3057,0,0
193.3851,12.2763,3046,0,0
193.4100,12.2844,3048,0,0
193.4348,12.3609,3067,0,0
193.4596,12.3206,3057,0,0
193.4844,12.2924,3050,0,0
193.5092,12.3206,3057,0,0
193.5340,12.3045,3053,0,0
193.5588,12.3166,3056,0,0
193.5836,12.3327,3060,0,0
193.6084,12.3166,3056,0,0
193.6332,12.3126,3055,0,0
193.6580,12.3287,3059,0,0
193.6828,12.3166,3056,0,0
193.7076,12.2924,3050,0,0
193.7324,12.3166,3056,0,0
193.7572,12.3206,3057,0,0
193.7820,12.2924,3050,0,0
193.8068,12.3206,3057,0,0
193.8316,12.3166,3056,0,0
193.8564,12.3045,3053,0,0
193.8812,12.2844,3048,0,0
193.9060,12.3206,3057,0,0
193.9308,12.3206,3057,0,0
193.9556,12.2602,3042,0,0
193.9804,12.2763,3046,0,0
194.0052,12.3005,3052,0,0
194.0300,12.3569,3066,0,0
194.0548,12.2844,3048,0,0
194.0796,12.2803,3047,0,0
194.1044,12.3206,3057,0,0
194.1292,12.2924,3050,0,0
194.1540,12.2844,3048,0,0
194.1788,12.3287,3059,0,0
194.2036,12.3166,3056,0,0
194.2284,12.3206,3057,0,0
194.2532,12.2803,3047,0,0
194.2780,12.2844,3048,0,0
194.3028,12.3206,3057,0,0
194.3277,12.3488,3064,0,0
194.3524,12.2803,3047,0,0
194.3773,12.2844,3048,0,0
194.4021,12.3166,3056,0,0
194.4269,12.3206,3057,0,0
194.4517,12.3126,3055,0,0
194.4765,12.3287,3059,0,0
194.5013,12.3287,3059,0,0
194.5261,12.2844,3048,0,0
194.5509,12.2844,3048,0,0
194.5757,12.3529,3065,0,0
194.6005,12.3287,3059,0,0
194.6253,12.2924,3050,0,0
194.6501,12.2803,3047,0,0
194.6749,12.3327,3060,0,0
194.6997,12.2682,3044,0,0
194.7245,12.2803,3047,0,0
194.7493,12.2803,3047,0,0
194.7741,12.2844,3048,0,0
194.7989,12.2844,3048,0,0
194.8237,12.2844,3048,0,0
194.8485,12.3206,3057,0,0
194.8733,12.3005,3052,0,0
194.8981,12.3488,3064,0,0
194.9229,12.2844,3048,0,0
194.9477,12.3327,3060,0,0
194.9725,12.3488,3064,0,0
194.9973,12.2924,3050,0,0
195.0221,12.3045,3053,0,0
195.0469,12.3126,3055,0,0
195.0717,12.3488,3064,0,0
195.0965,12.2924,3050,0,0
195.1213,12.3166,3056,0,0
195.1461,12.3126,3055,0,0
195.1709,12.3126,3055,0,0
195.1957,12.3488,3064,0,0
195.2205,12.3206,3057,0,0
195.2453,12.3488,3064,0,0
195.2701,12.3005,3052,0,0
195.2950,12.2965,3051,0,0
195.3197,12.3488,3064,0,0
195.3445,12.3085,3054,0,0
195.3694,12.2844,3048,0,0
195.3941,12.2763,3046,0,0
195.4190,12.3085,3054,0,0
195.4438,12.3166,3056,0,0
195.4686,12.3327,3060,0,0
195.4934,12.2844,3048,0,0
195.5182,12.2924,3050,0,0
195.5430,12.3247,3058,0,0
195.5678,12.2844,3048,0,0
195.5926,12.3085,3054,0,0
195.6174,12.3327,3060,0,0
195.6422,12.3327,3060,0,0
195.6670,12.3005,3052,0,0
195.6918,12.3206,3057,0,0
195.7166,12.3287,3059,0,0
195.7414,12.2763,3046,0,0
195.7662,12.3126,3055,0,0
195.7910,12.3206,3057,0,0
195.8158,12.2803,3047,0,0
195.8406,12.3327,3060,0,0
195.8654,12.3166,3056,0,0
195.8902,12.3126,3055,0,0
195.9150,12.2844,3048,0,0
195.9398,12.2924,3050,0,0
195.9646,12.2844,3048,0,0
195.9894,12.3287,3059,0,0
196.0142,12.2844,3048,0,0
196.0390,12.2803,3047,0,0
196.0638,12.2803,3047,0,0
196.0886,12.3488,3064,0,0
196.1134,12.3206,3057,0,0
196.1382,12.3166,3056,0,0
196.1630,12.3488,3064,0,0
196.1878,12.3005,3052,0,0
196.2126,12.2924,3050,0,0
196.2374,12.2844,3048,0,0
196.2622,12.3327,3060,0,0
196.2870,12.3327,3060,0,0
196.3118,12.3126,3055,0,0
196.3367,12.3005,3052,0,0
196.3615,12.2924,3050,0,0
196.3863,12.3327,3060,0,0
196.4111,12.3287,3059,0,0
196.4359,12.3005,3052,0,0
196.4607,12.3085,3054,0,0
196.4855,12.2844,3048,0,0
196.5103,12.3166,3056,0,0
196.5351,12.3126,3055,0,0
196.5599,12.3085,3054,0,0
196.5847,12.2844,3048,0,0
196.6095,12.3327,3060,0,0
196.6343,12.3005,3052,0,0
196.6591,12.3126,3055,0,0
196.6839,12.3488,3064,0,0
196.7087,12.3005,3052,0,0
196.7335,12.3327,3060,0,0
196.7583,12.3529,3065,0,0
196.7831,12.3488,3064,0,0
196.8079,12.2723,3045,0,0
196.8327,12.2924,3050,0,0
196.8575,12.3126,3055,0,0
196.8823,12.2803,3047,0,0
196.9071,12.3206,3057,0,0
196.9319,12.3085,3054,0,0
196.9567,12.3085,3054,0,0
196.9815,12.3327,3060,0,0
197.0063,12.3448,3063,0,0
197.0311,12.3206,3057,0,0
197.0559,12.3085,3054,0,0
197.0807,12.3327,3060,0,0
197.1055,12.3287,3059,0,0
197.1303,12.2844,3048,0,0
197.1551,12.3206,3057,0,0
197.1799,12.3206,3057,0,0
197.2047,12.3045,3053,0,0
197.2295,12.2803,3047,0,0
197.2543,12.3085,3054,0,0
197.2791,12.3166,3056,0,0
197.3040,12.3206,3057,0,0
197.3288,12.2763,3046,0,0
197.3535,12.3126,3055,0,0
197.3784,12.3045,3053,0,0
197.4032,12.3085,3054,0,0
197.4280,12.3206,3057,0,0
197.4528,12.3166,3056,0,0
197.4776,12.3206,3057,0,0
197.5024,12.3085,3054,0,0
197.5272,12.2803,3047,0,0
197.5520,12.3287,3059,0,0
197.5768,12.3085,3054,0,0
197.6016,12.3206,3057,0,0
197.6264,12.3166,3056,0,0
197.6512,12.3488,3064,0,0
197.6760,12.3206,3057,0,0
197.7008,12.3166,3056,0,0
197.7256,12.3126,3055,0,0
197.7504,12.3166,3056,0,0
197.7752,12.2844,3048,0,0
197.8000,12.3126,3055,0,0
197.8248,12.3206,3057,0,0
197.8496,12.3247,3058,0,0
197.8744,12.3166,3056,0,0
197.8992,12.3005,3052,0,0
197.9240,12.3166,3056,0,0
197.9488,12.2924,3050,0,0
197.9736,12.2723,3045,0,0
197.9984,12.3085,3054,0,0
198.0232,12.3085,3054,0,0
198.0480,12.2844,3048,0,0
198.0728,12.3247,3058,0,0
198.0976,12.3287,3059,0,0
198.1224,12.3005,3052,0,0
198.1472,12.3166,3056,0,0
198.1720,12.3206,3057,0,0
198.1968,12.3448,3063,0,0
198.2216,12.3206,3057,0,0
198.2464,12.2763,3046,0,0
198.2712,12.2763,3046,0,0
198.2961,12.3206,3057,0,0
198.3208,12.2844,3048,0,0
198.3457,12.3126,3055,0,0
198.3705,12.3126,3055,0,0
198.3953,12.3206,3057,0,0
198.4201,12.3166,3056,0,0
198.4449,12.3126,3055,0,0
198.4697,12.2844,3048,0,0
198.4945,12.2844,3048,0,0
198.5193,12.3126,3055,0,0
198.5441,12.2844,3048,0,0
198.5689,12.3085,3054,0,0
198.5937,12.3166,3056,0,0
198.6185,12.2844,3048,0,0
198.6433,12.2803,3047,0,0
198.6681,12.2924,3050,0,0
198.6929,12.3005,3052,0,0
198.7177,12.3166,3056,0,0
198.7425,12.3529,3065,0,0
198.7673,12.3085,3054,0,0
198.7921,12.2924,3050,0,0
198.8169,12.2924,3050,0,0
198.8417,12.3287,3059,0,0
198.8665,12.3287,3059,0,0
198.8913,12.2844,3048,0,0
198.9161,12.3247,3058,0,0
198.9409,12.2844,3048,0,0
198.9657,12.3448,3063,0,0
198.9905,12.2844,3048,0,0
199.0153,12.3045,3053,0,0
199.0401,12.2803,3047,0,0
199.0649,12.3166,3056,0,0
199.0897,12.2844,3048,0,0
199.1145,12.3488,3064,0,0
199.1393,12.2803,3047,0,0
199.1641,12.3166,3056,0,0
199.1889,12.3085,3054,0,0
199.2137,12.3529,3065,0,0
199.2385,12.3085,3054,0,0
199.2634,12.3247,3058,0,0
199.2881,12.2682,3044,0,0
199.3130,12.3166,3056,0,0
199.3378,12.3166,3056,0,0
199.3625,12.3166,3056,0,0
199.3874,12.2803,3047,0,0
199.4122,12.3166,3056,0,0
199.4370,12.3085,3054,0,0
199.4618,12.2682,3044,0,0
199.4866,12.3126,3055,0,0
199.5114,12.3327,3060,0,0
199.5362,12.3045,3053,0,0
199.5610,12.3166,3056,0,0
199.5858,12.2803,3047,0,0
199.6106,12.2965,3051,0,0
199.6354,12.2803,3047,0,0
199.6602,12.3206,3057,0,0
199.6850,12.2844,3048,0,0
199.7098,12.3529,3065,0,0
199.7346,12.2965,3051,0,0
199.7594,12.3085,3054,0,0
199.7842,12.3166,3056,0,0
199.8090,12.3287,3059,0,0
199.8338,12.2844,3048,0,0
199.8586,12.3005,3052,0,0
199.8834,12.3206,3057,0,0
199.9082,12.3206,3057,0,0
199.9330,12.2924,3050,0,0
199.9578,12.2844,3048,0,0
199.9826,12.2924,3050,0,0
200.0074,12.3287,3059,0,0
200.0322,12.3166,3056,0,0
200.0570,12.3206,3057,0,0
200.0818,12.2924,3050,0,0
200.1066,12.2844,3048,0,0
200.1314,12.3005,3052,0,0
200.1562,12.3609,3067,0,0
200.1810,12.2844,3048,0,0
200.2058,12.3085,3054,0,0
200.2306,12.2844,3048,0,0
200.2554,12.2844,3048,0,0
200.2802,12.3206,3057,0,0
200.3051,12.3609,3067,0,0
200.3298,12.2844,3048,0,0
200.3547,12.2924,3050,0,0
200.3795,12.3408,3062,0,0
200.4043,12.2844,3048,0,0
200.4291,12.3287,3059,0,0
200.4539,12.2602,3042,0,0
200.4787,12.3005,3052,0,0
200.5035,12.3126,3055,0,0
200.5283,12.3488,3064,0,0
200.5531,12.2924,3050,0,0
200.5779,12.3126,3055,0,0
200.6027,12.3005,3052,0,0
200.6275,12.2763,3046,0,0
200.6523,12.3005,3052,0,0
200.6771,12.3287,3059,0,0
200.7019,12.2803,3047,0,0
200.7267,12.2844,3048,0,0
200.7515,12.2763,3046,0,0
200.7763,12.3166,3056,0,0
200.8011,12.3206,3057,0,0
200.8259,12.2844,3048,0,0
200.8507,12.2844,3048,0,0
200.8755,12.2803,3047,0,0
200.9003,12.3206,3057,0,0
200.9251,12.3085,3054,0,0
200.9499,12.2803,3047,0,0
200.9747,12.3166,3056,0,0
200.9995,12.3005,3052,0,0
201.0243,12.3166,3056,0,0
201.0491,12.3287,3059,0,0
201.0739,12.2844,3048,0,0
201.0987,12.3085,3054,0,0
201.1235,12.2803,3047,0,0
201.1483,12.2521,3040,0,0
201.1731,12.3287,3059,0,0
201.1979,12.3166,3056,0,0
201.2227,12.3085,3054,0,0
201.2475,12.3166,3056,0,0
201.2724,12.2844,3048,0,0
201.2971,12.2844,3048,0,0
201.3220,12.3206,3057,0,0
201.3468,12.2844,3048,0,0
201.3716,12.2965,3051,0,0
201.3964,12.3287,3059,0,0
201.4212,12.3045,3053,0,0
201.4460,12.3206,3057,0,0
201.4708,12.3126,3055,0,0
201.4956,12.2844,3048,0,0
201.5204,12.2844,3048,0,0
201.5452,12.3085,3054,0,0
201.5700,12.3287,3059,0,0
201.5948,12.2844,3048,0,0
201.6196,12.3166,3056,0,0
201.6444,12.3085,3054,0,0
201.6692,12.3206,3057,0,0
201.6940,12.3206,3057,0,0
201.7188,12.3408,3062,0,0
201.7436,12.3166,3056,0,0
201.7684,12.3327,3060,0,0
201.7932,12.3488,3064,0,0
201.8180,12.3085,3054,0,0
201.8428,12.3005,3052,0,0
201.8676,12.3247,3058,0,0
201.8924,12.3045,3053,0,0
201.9172,12.3085,3054,0,0
201.9420,12.3005,3052,0,0
201.9668,12.2844,3048,0,0
201.9916,12.3045,3053,0,0
202.0164,12.2844,3048,0,0
202.0412,12.3206,3057,0,0
202.0660,12.3206,3057,0,0
202.0908,12.3206,3057,0,0
202.1156,12.2803,3047,0,0
202.1404,12.3085,3054,0,0
202.1652,12.3488,3064,0,0
202.1900,12.3206,3057,0,0
202.2148,12.3206,3057,0,0
202.2397,12.3206,3057,0,0
202.2645,12.3085,3054,0,0
202.2892,12.2844,3048,0,0
202.3141,12.3005,3052,0,0
202.3389,12.2602,3042,0,0
202.3637,12.2844,3048,0,0
202.3885,12.3529,3065,0,0
202.4133,12.3206,3057,0,0
202.4381,12.2924,3050,0,0
202.4629,12.3569,3066,0,0
202.4877,12.3287,3059,0,0
202.5125,12.3126,3055,0,0
202.5373,12.2803,3047,0,0
202.5621,12.2602,3042,0,0
202.5869,12.3166,3056,0,0
202.6117,12.3005,3052,0,0
202.6365,12.3206,3057,0,0
202.6613,12.3126,3055,0,0
202.6861,12.2803,3047,0,0
202.7109,12.2924,3050,0,0
202.7357,12.2965,3051,0,0
202.7605,12.3126,3055,0,0
202.7853,12.3206,3057,0,0
202.8101,12.3126,3055,0,0
202.8349,12.3206,3057,0,0
202.8597,12.3327,3060,0,0
202.8845,12.3005,3052,0,0
202.9093,12.3206,3057,0,0
202.9341,12.3085,3054,0,0
202.9589,12.3206,3057,0,0
202.9837,12.3206,3057,0,0
203.0085,12.2924,3050,0,0
203.0333,12.3206,3057,0,0
203.0581,12.3126,3055,0,0
203.0829,12.3448,3063,0,0
203.1077,12.3166,3056,0,0
203.1325,12.3287,3059,0,0
203.1573,12.2844,3048,0,0
203.1821,12.3247,3058,0,0
203.2069,12.3488,3064,0,0
203.2318,12.2924,3050,0,0
203.2565,12.2763,3046,0,0
203.2814,12.3488,3064,0,0
203.3062,12.3206,3057,0,0
203.3310,12.3166,3056,0,0
203.3558,12.3126,3055,0,0
203.3806,12.3126,3055,0,0
203.4054,12.3126,3055,0,0
203.4302,12.2844,3048,0,0
203.4550,12.3327,3060,0,0
203.4798,12.3126,3055,0,0
203.5046,12.3005,3052,0,0
203.5294,12.3085,3054,0,0
203.5542,12.3206,3057,0,0
203.5790,12.3206,3057,0,0
203.6038,12.3327,3060,0,0
203.6286,12.3327,3060,0,0
203.6534,12.3126,3055,0,0
203.6782,12.3045,3053,0,0
203.7030,12.3206,3057,0,0
203.7278,12.2924,3050,0,0
203.7526,12.3166,3056,0,0
203.7774,12.3448,3063,0,0
203.8022,12.2924,3050,0,0
203.8270,12.2924,3050,0,0
203.8518,12.3005,3052,0,0
203.8766,12.3206,3057,0,0
203.9014,12.3488,3064,0,0
203.9262,12.2844,3048,0,0
203.9510,12.2965,3051,0,0
203.9758,12.3488,3064,0,0
204.0006,12.3206,3057,0,0
204.0254,12.2844,3048,0,0
204.0502,12.3488,3064,0,0
204.0750,12.3005,3052,0,0
204.0998,12.3085,3054,0,0
204.1246,12.3085,3054,0,0
204.1494,12.3126,3055,0,0
204.1742,12.3085,3054,0,0
204.1991,12.3126,3055,0,0
204.2238,12.3005,3052,0,0
204.2487,12.3126,3055,0,0
204.2735,12.3085,3054,0,0
204.2982,12.2844,3048,0,0
204.3231,12.3206,3057,0,0
204.3479,12.3166,3056,0,0
204.3727,12.3206,3057,0,0
204.3975,12.2803,3047,0,0
204.4223,12.2965,3051,0,0
204.4471,12.3327,3060,0,0
204.4719,12.3488,3064,0,0
204.4967,12.2763,3046,0,0
204.5215,12.3166,3056,0,0
204.5463,12.2844,3048,0,0
204.5711,12.3126,3055,0,0
204.5959,12.3206,3057,0,0
204.6207,12.2844,3048,0,0
204.6455,12.2844,3048,0,0
204.6703,12.3206,3057,0,0
204.6951,12.2924,3050,0,0
204.7199,12.3166,3056,0,0
204.7447,12.3488,3064,0,0
204.7695,12.3609,3067,0,0
204.7943,12.3005,3052,0,0
204.8191,12.3045,3053,0,0
204.8439,12.3045,3053,0,0
204.8687,12.3126,3055,0,0
204.8935,12.3166,3056,0,0
204.9183,12.2803,3047,0,0
204.9431,12.3126,3055,0,0
204.9679,12.2924,3050,0,0
204.9927,12.2320,3035,0,0
205.0175,12.2763,3046,0,0
205.0423,12.3045,3053,0,0
205.0671,12.2682,3044,0,0
205.0919,12.2924,3050,0,0
205.1167,12.2844,3048,0,0
205.1415,12.2844,3048,0,0
205.1663,12.3166,3056,0,0
205.1911,12.3166,3056,0,0
205.2159,12.3085,3054,0,0
205.2408,12.3206,3057,0,0
205.2655,12.2844,3048,0,0
205.2904,12.3408,3062,0,0
205.3152,12.3287,3059,0,0
205.3400,12.3126,3055,0,0
205.3648,12.2763,3046,0,0
205.3896,12.3206,3057,0,0
205.4144,12.3206,3057,0,0
205.4392,12.2844,3048,0,0
205.4640,12.3126,3055,0,0
205.4888,12.2924,3050,0,0
205.5136,12.2924,3050,0,0
205.5384,12.3085,3054,0,0
205.5632,12.2965,3051,0,0
205.5880,12.3166,3056,0,0
205.6128,12.2844,3048,0,0
205.6376,12.3247,3058,0,0
205.6624,12.3287,3059,0,0
205.6872,12.3085,3054,0,0
205.7120,12.3085,3054,0,0
205.7368,12.2924,3050,0,0
205.7616,12.3126,3055,0,0
205.7864,12.3005,3052,0,0
205.8112,12.3005,3052,0,0
205.8360,12.2844,3048,0,0
205.8608,12.2924,3050,0,0
205.8856,12.3206,3057,0,0
205.9104,12.2924,3050,0,0
205.9352,12.3206,3057,0,0
205.9600,12.3005,3052,0,0
205.9848,12.3448,3063,0,0
206.0096,12.3085,3054,0,0
206.0344,12.2803,3047,0,0
206.0592,12.3126,3055,0,0
206.0840,12.3126,3055,0,0
206.1088,12.2602,3042,0,0
206.1336,12.2844,3048,0,0
206.1584,12.2844,3048,0,0
206.1832,12.2844,3048,0,0
206.2081,12.2844,3048,0,0
206.2328,12.2521,3040,0,0
206.2577,12.3287,3059,0,0
206.2825,12.3085,3054,0,0
206.3073,12.2965,3051,0,0
206.3321,12.3327,3060,0,0
206.3569,12.3247,3058,0,0
206.3817,12.2844,3048,0,0
206.4065,12.2803,3047,0,0
206.4313,12.2844,3048,0,0
206.4561,12.2965,3051,0,0
206.4809,12.3166,3056,0,0
206.5057,12.3206,3057,0,0
206.5305,12.2682,3044,0,0
206.5553,12.2803,3047,0,0
206.5801,12.2844,3048,0,0
206.6049,12.3287,3059,0,0
206.6297,12.2844,3048,0,0
206.6545,12.2763,3046,0,0
206.6793,12.2803,3047,0,0
206.7041,12.3085,3054,0,0
206.7289,12.3488,3064,0,0
206.7537,12.3206,3057,0,0
206.7785,12.3085,3054,0,0
206.8033,12.2844,3048,0,0
206.8281,12.3126,3055,0,0
206.8529,12.3166,3056,0,0
206.8777,12.3085,3054,0,0
206.9025,12.2602,3042,0,0
206.9273,12.2844,3048,0,0
206.9521,12.3206,3057,0,0
206.9769,12.3448,3063,0,0
207.0017,12.3206,3057,0,0
207.0265,12.2682,3044,0,0
207.0513,12.3085,3054,0,0
207.0761,12.2844,3048,0,0
207.1009,12.3166,3056,0,0
207.1257,12.3166,3056,0,0
207.1505,12.3327,3060,0,0
207.1753,12.3206,3057,0,0
207.2001,12.3005,3052,0,0
207.2249,12.3085,3054,0,0
207.2498,12.3085,3054,0,0
207.2746,12.3005,3052,0,0
207.2994,12.3085,3054,0,0
207.3242,12.2924,3050,0,0
207.3490,12.2924,3050,0,0
207.3738,12.3126,3055,0,0
207.3986,12.2763,3046,0,0
207.4234,12.2844,3048,0,0
207.4482,12.3206,3057,0,0
207.4730,12.3206,3057,0,0
207.4978,12.2924,3050,0,0
207.5226,12.3206,3057,0,0
207.5474,12.3166,3056,0,0
207.5722,12.2844,3048,0,0
207.5970,12.3287,3059,0,0
207.6218,12.3327,3060,0,0
207.6466,12.2682,3044,0,0
207.6714,12.3166,3056,0,0
207.6962,12.3085,3054,0,0
207.7210,12.2682,3044,0,0
207.7458,12.3327,3060,0,0
207.7706,12.3287,3059,0,0
207.7954,12.2682,3044,0,0
207.8202,12.2924,3050,0,0
207.8450,12.2803,3047,0,0
207.8698,12.2924,3050,0,0
207.8946,12.3448,3063,0,0
207.9194,12.3005,3052,0,0
207.9442,12.3206,3057,0,0
207.9690,12.3247,3058,0,0
207.9938,12.3085,3054,0,0
208.0186,12.3488,3064,0,0
208.0434,12.2924,3050,0,0
208.0682,12.2682,3044,0,0
208.0930,12.2844,3048,0,0
208.1178,12.3085,3054,0,0
208.1426,12.3287,3059,0,0
208.1674,12.2803,3047,0,0
208.1922,12.3005,3052,0,0
208.2171,12.3005,3052,0,0
208.2419,12.3126,3055,0,0
208.2667,12.3085,3054,0,0
208.2915,12.3085,3054,0,0
208.3163,12.3085,3054,0,0
208.3411,12.2803,3047,0,0
208.3659,12.2682,3044,0,0
208.3907,12.2924,3050,0,0
208.4155,12.2521,3040,0,0
208.4403,12.2844,3048,0,0
208.4651,12.3126,3055,0,0
208.4899,12.2924,3050,0,0
208.5147,12.3206,3057,0,0
208.5395,12.3085,3054,0,0
208.5643,12.2844,3048,0,0
208.5891,12.2844,3048,0,0
208.6139,12.3206,3057,0,0
208.6387,12.3488,3064,0,0
208.6635,12.3488,3064,0,0
208.6883,12.2844,3048,0,0
208.7131,12.3206,3057,0,0
208.7379,12.3005,3052,0,0
208.7627,12.3085,3054,0,0
208.7875,12.3005,3052,0,0
208.8123,12.3126,3055,0,0
208.8371,12.2803,3047,0,0
208.8619,12.2965,3051,0,0
208.8867,12.2602,3042,0,0
208.9115,12.2844,3048,0,0
208.9363,12.3287,3059,0,0
208.9611,12.3166,3056,0,0
208.9859,12.2924,3050,0,0
209.0107,12.2965,3051,0,0
209.0355,12.3166,3056,0,0
209.0603,12.2844,3048,0,0
209.0851,12.2844,3048,0,0
209.1099,12.2844,3048,0,0
209.1348,12.3206,3057,0,0
209.1595,12.2924,3050,0,0
209.1844,12.3126,3055,0,0
209.2092,12.2924,3050,0,0
209.2339,12.2844,3048,0,0
209.2588,12.2803,3047,0,0
209.2836,12.2521,3040,0,0
209.3084,12.3206,3057,0,0
209.3332,12.3247,3058,0,0
209.3580,12.3327,3060,0,0
209.3828,12.3206,3057,0,0
209.4076,12.3126,3055,0,0
209.4324,12.3005,3052,0,0
209.4572,12.3488,3064,0,0
209.4820,12.3206,3057,0,0
209.5068,12.3005,3052,0,0
209.5316,12.3166,3056,0,0
209.5564,12.2763,3046,0,0
209.5812,12.3529,3065,0,0
209.6060,12.3166,3056,0,0
209.6308,12.3085,3054,0,0
209.6556,12.2924,3050,0,0
209.6804,12.2602,3042,0,0
209.7052,12.2924,3050,0,0
209.7300,12.3247,3058,0,0
209.7548,12.3166,3056,0,0
209.7796,12.2924,3050,0,0
209.8044,12.2844,3048,0,0
209.8292,12.2965,3051,0,0
209.8540,12.3045,3053,0,0
209.8788,12.3126,3055,0,0
209.9036,12.3327,3060,0,0
209.9284,12.2844,3048,0,0
209.9532,12.2844,3048,0,0
209.9780,12.3327,3060,0,0
210.0028,12.3569,3066,0,0
210.0276,12.2803,3047,0,0
210.0524,12.2803,3047,0,0
210.0772,12.2602,3042,0,0
210.1020,12.2844,3048,0,0
210.1268,12.3247,3058,0,0
210.1516,12.2924,3050,0,0
210.1765,12.2924,3050,0,0
210.2012,12.3126,3055,0,0
210.2261,12.3166,3056,0,0
210.2509,12.2763,3046,0,0
210.2757,12.3327,3060,0,0
210.3005,12.3448,3063,0,0
210.3253,12.3206,3057,0,0
210.3501,12.3166,3056,0,0
210.3749,12.2924,3050,0,0
210.3997,12.3085,3054,0,0
210.4245,12.3126,3055,0,0
210.4493,12.3166,3056,0,0
210.4741,12.2803,3047,0,0
210.4989,12.3005,3052,0,0
210.5237,12.3166,3056,0,0
210.5485,12.3247,3058,0,0
210.5733,12.2803,3047,0,0
210.5981,12.3287,3059,0,0
210.6229,12.3005,3052,0,0
210.6477,12.3287,3059,0,0
210.6725,12.3085,3054,0,0
210.6973,12.3126,3055,0,0
210.7221,12.3166,3056,0,0
210.7469,12.3005,3052,0,0
210.7717,12.2965,3051,0,0
210.7965,12.2803,3047,0,0
210.8213,12.2602,3042,0,0
210.8461,12.2803,3047,0,0
210.8709,12.3045,3053,0,0
210.8957,12.2803,3047,0,0
210.9205,12.2924,3050,0,0
210.9453,12.3085,3054,0,0
210.9701,12.2682,3044,0,0
210.9949,12.2924,3050,0,0
211.0197,12.2924,3050,0,0
211.0445,12.3488,3064,0,0
211.0693,12.3529,3065,0,0
211.0941,12.2844,3048,0,0
211.1189,12.3126,3055,0,0
211.1438,12.3166,3056,0,0
211.1685,12.3166,3056,0,0
211.1934,12.3287,3059,0,0
211.2182,12.3529,3065,0,0
211.2430,12.3045,3053,0,0
211.2678,12.2924,3050,0,0
211.2926,12.2803,3047,0,0
211.3174,12.2844,3048,0,0
211.3422,12.3005,3052,0,0
211.3670,12.2924,3050,0,0
211.3918,12.2844,3048,0,0
211.4166,12.3206,3057,0,0
211.4414,12.2441,3038,0,0
211.4662,12.2803,3047,0,0
211.4910,12.2844,3048,0,0
211.5158,12.3126,3055,0,0
211.5406,12.3206,3057,0,0
211.5654,12.2844,3048,0,0
211.5902,12.2844,3048,0,0
211.6150,12.3609,3067,0,0
211.6398,12.2803,3047,0,0
211.6646,12.3126,3055,0,0
211.6894,12.2844,3048,0,0
211.7142,12.3085,3054,0,0
211.7390,12.3045,3053,0,0
211.7638,12.2844,3048,0,0
211.7886,12.2924,3050,0,0
211.8134,12.2844,3048,0,0
211.8382,12.3126,3055,0,0
211.8630,12.2723,3045,0,0
211.8878,12.2844,3048,0,0
211.9126,12.2844,3048,0,0
211.9374,12.2924,3050,0,0
211.9622,12.3126,3055,0,0
211.9870,12.2602,3042,0,0
212.0118,12.2682,3044,0,0
212.0366,12.3166,3056,0,0
212.0614,12.3166,3056,0,0
212.0862,12.2965,3051,0,0
212.1110,12.2924,3050,0,0
212.1358,12.2521,3040,0,0
212.1606,12.3488,3064,0,0
212.1855,12.3206,3057,0,0
212.2103,12.3327,3060,0,0
212.2351,12.2763,3046,0,0
212.2599,12.2803,3047,0,0
212.2847,12.3166,3056,0,0
212.3095,12.2682,3044,0,0
212.3343,12.2844,3048,0,0
212.3591,12.3206,3057,0,0
212.3839,12.2844,3048,0,0
212.4087,12.2844,3048,0,0
212.4335,12.3126,3055,0,0
212.4583,12.2924,3050,0,0
212.4831,12.3166,3056,0,0
212.5079,12.2803,3047,0,0
212.5327,12.3126,3055,0,0
212.5575,12.3126,3055,0,0
212.5823,12.2844,3048,0,0
212.6071,12.3448,3063,0,0
212.6319,12.3166,3056,0,0
212.6567,12.2723,3045,0,0
212.6815,12.3327,3060,0,0
212.7063,12.3126,3055,0,0
212.7311,12.2844,3048,0,0
212.7559,12.3166,3056,0,0
212.7807,12.2803,3047,0,0
212.8055,12.2844,3048,0,0
212.8303,12.2844,3048,0,0
212.8551,12.3166,3056,0,0
212.8799,12.3206,3057,0,0
212.9047,12.3206,3057,0,0
212.9295,12.2763,3046,0,0
212.9543,12.2803,3047,0,0
212.9791,12.3166,3056,0,0
213.0039,12.2844,3048,0,0
213.0287,12.3126,3055,0,0
213.0535,12.2803,3047,0,0
213.0783,12.3085,3054,0,0
213.1031,12.3085,3054,0,0
213.1279,12.2844,3048,0,0
213.1528,12.3287,3059,0,0
213.1776,12.2844,3048,0,0
213.2024,12.3045,3053,0,0
213.2272,12.3206,3057,0,0
213.2520,12.2965,3051,0,0
213.2768,12.3287,3059,0,0
213.3016,12.2803,3047,0,0
213.3264,12.3166,3056,0,0
213.3512,12.3166,3056,0,0
213.3760,12.2803,3047,0,0
213.4008,12.2844,3048,0,0
213.4256,12.3005,3052,0,0
213.4504,12.2763,3046,0,0
213.4752,12.2803,3047,0,0
213.5000,12.3206,3057,0,0
213.5248,12.3448,3063,0,0
213.5496,12.3206,3057,0,0
213.5744,12.2844,3048,0,0
213.5992,12.2763,3046,0,0
213.6240,12.3287,3059,0,0
213.6488,12.2803,3047,0,0
213.6736,12.2844,3048,0,0
213.6984,12.3166,3056,0,0
213.7232,12.3005,3052,0,0
213.7480,12.3005,3052,0,0
213.7728,12.3287,3059,0,0
213.7976,12.3206,3057,0,0
213.8224,12.3287,3059,0,0
213.8472,12.2924,3050,0,0
213.8720,12.3206,3057,0,0
213.8968,12.2844,3048,0,0
213.9216,12.3126,3055,0,0
213.9464,12.3206,3057,0,0
213.9712,12.2763,3046,0,0
213.9960,12.3166,3056,0,0
214.0208,12.3045,3053,0,0
214.0456,12.3126,3055,0,0
214.0704,12.2763,3046,0,0
214.0952,12.3206,3057,0,0
214.1200,12.2965,3051,0,0
214.1449,12.2803,3047,0,0
214.1696,12.2844,3048,0,0
214.1945,12.3166,3056,0,0
214.2193,12.2803,3047,0,0
214.2441,12.2965,3051,0,0
214.2689,12.2844,3048,0,0
214.2937,12.3126,3055,0,0
214.3185,12.3287,3059,0,0
214.3433,12.3005,3052,0,0
214.3681,12.2844,3048,0,0
214.3929,12.2763,3046,0,0
214.4177,12.3287,3059,0,0
214.4425,12.3206,3057,0,0
214.4673,12.3488,3064,0,0
214.4921,12.3166,3056,0,0
214.5169,12.2803,3047,0,0
214.5417,12.3287,3059,0,0
214.5665,12.3166,3056,0,0
214.5913,12.3287,3059,0,0
214.6161,12.2803,3047,0,0
214.6409,12.2844,3048,0,0
214.6657,12.3126,3055,0,0
214.6905,12.3166,3056,0,0
214.7153,12.2844,3048,0,0
214.7401,12.2763,3046,0,0
214.7649,12.3287,3059,0,0
214.7897,12.3005,3052,0,0
214.8145,12.3529,3065,0,0
214.8393,12.3166,3056,0,0
214.8641,12.2803,3047,0,0
214.8889,12.3206,3057,0,0
214.9137,12.3206,3057,0,0
214.9385,12.2803,3047,0,0
214.9633,12.2844,3048,0,0
214.9881,12.3327,3060,0,0
215.0129,12.2844,3048,0,0
215.0377,12.2844,3048,0,0
215.0625,12.3206,3057,0,0
215.0873,12.3327,3060,0,0
215.1122,12.3166,3056,0,0
215.1369,12.3045,3053,0,0
215.1618,12.2763,3046,0,0
215.1866,12.2844,3048,0,0
215.2114,12.3166,3056,0,0
215.2362,12.3085,3054,0,0
215.2610,12.2844,3048,0,0
215.2858,12.2924,3050,0,0
215.3106,12.3166,3056,0,0
215.3354,12.3085,3054,0,0
215.3602,12.2844,3048,0,0
215.3850,12.2763,3046,0,0
215.4098,12.3327,3060,0,0
215.4346,12.3005,3052,0,0
215.4594,12.2924,3050,0,0
215.4842,12.3488,3064,0,0
215.5090,12.3327,3060,0,0
215.5338,12.2803,3047,0,0
215.5586,12.2844,3048,0,0
215.5834,12.2965,3051,0,0
215.6082,12.3529,3065,0,0
215.6330,12.3448,3063,0,0
215.6578,12.2924,3050,0,0
215.6826,12.2844,3048,0,0
215.7074,12.2844,3048,0,0
215.7322,12.3085,3054,0,0
215.7570,12.2844,3048,0,0
215.7818,12.3529,3065,0,0
215.8066,12.3126,3055,0,0
215.8314,12.2763,3046,0,0
215.8562,12.3206,3057,0,0
215.8810,12.2763,3046,0,0
215.9058,12.3166,3056,0,0
215.9306,12.3126,3055,0,0
215.9554,12.2965,3051,0,0
215.9802,12.3085,3054,0,0
216.0050,12.3126,3055,0,0
216.0298,12.3085,3054,0,0
216.0546,12.2441,3038,0,0
216.0795,12.2924,3050,0,0
216.1042,12.3085,3054,0,0
216.1291,12.3327,3060,0,0
216.1539,12.3206,3057,0,0
216.1786,12.3085,3054,0,0
216.2035,12.2924,3050,0,0
216.2283,12.2803,3047,0,0
216.2531,12.3206,3057,0,0
216.2779,12.3166,3056,0,0
216.3027,12.3126,3055,0,0
216.3275,12.3206,3057,0,0
216.3523,12.2682,3044,0,0
216.3771,12.2924,3050,0,0
216.4019,12.3126,3055,0,0
216.4267,12.3327,3060,0,0
216.4515,12.2803,3047,0,0
216.4763,12.2844,3048,0,0
216.5011,12.3166,3056,0,0
216.5259,12.2763,3046,0,0
216.5507,12.3206,3057,0,0
216.5755,12.3488,3064,0,0
216.6003,12.2521,3040,0,0
216.6251,12.3005,3052,0,0
216.6499,12.3085,3054,0,0
216.6747,12.2803,3047,0,0
216.6995,12.3166,3056,0,0
216.7243,12.2803,3047,0,0
216.7491,12.2602,3042,0,0
216.7739,12.3287,3059,0,0
216.7987,12.3166,3056,0,0
216.8235,12.3126,3055,0,0
216.8483,12.3085,3054,0,0
216.8731,12.2965,3051,0,0
216.8979,12.2723,3045,0,0
216.9227,12.2844,3048,0,0
216.9475,12.3206,3057,0,0
216.9723,12.3085,3054,0,0
216.9971,12.2723,3045,0,0
217.0219,12.3085,3054,0,0
217.0467,12.3247,3058,0,0
217.0715,12.3085,3054,0,0
217.0963,12.3287,3059,0,0
217.1212,12.3126,3055,0,0
217.1460,12.3085,3054,0,0
217.1708,12.2803,3047,0,0
217.1956,12.3126,3055,0,0
217.2204,12.2844,3048,0,0
217.2452,12.3327,3060,0,0
217.2700,12.2803,3047,0,0
217.2948,12.2723,3045,0,0
217.3196,12.3327,3060,0,0
217.3444,12.3206,3057,0,0
217.3692,12.3166,3056,0,0
217.3940,12.3166,3056,0,0
217.4188,12.3287,3059,0,0
217.4436,12.2844,3048,0,0
217.4684,12.3287,3059,0,0
217.4932,12.3126,3055,0,0
217.5180,12.2803,3047,0,0
217.5428,12.3126,3055,0,0
217.5676,12.3569,3066,0,0
217.5924,12.3085,3054,0,0
217.6172,12.3085,3054,0,0
217.6420,12.3005,3052,0,0
217.6668,12.2682,3044,0,0
217.6916,12.3206,3057,0,0
217.7164,12.3126,3055,0,0
217.7412,12.3126,3055,0,0
217.7660,12.3166,3056,0,0
217.7908,12.2763,3046,0,0
217.8156,12.2844,3048,0,0
217.8404,12.3166,3056,0,0
217.8652,12.2844,3048,0,0
217.8900,12.2844,3048,0,0
217.9148,12.2521,3040,0,0
217.9396,12.2803,3047,0,0
217.9644,12.3005,3052,0,0
217.9892,12.2965,3051,0,0
218.0140,12.3166,3056,0,0
218.0388,12.2602,3042,0,0
218.0636,12.2844,3048,0,0
218.0885,12.2844,3048,0,0
218.1133,12.3327,3060,0,0
218.1381,12.3327,3060,0,0
218.1629,12.3327,3060,0,0
218.1877,12.2602,3042,0,0
218.2125,12.2844,3048,0,0
218.2373,12.3085,3054,0,0
218.2621,12.2803,3047,0,0
218.2869,12.2844,3048,0,0
218.3117,12.2844,3048,0,0
218.3365,12.2844,3048,0,0
218.3613,12.3166,3056,0,0
218.3861,12.3448,3063,0,0
218.4109,12.3206,3057,0,0
218.4357,12.3085,3054,0,0
218.4605,12.2844,3048,0,0
218.4853,12.2844,3048,0,0
218.5101,12.2682,3044,0,0
218.5349,12.3045,3053,0,0
218.5597,12.3005,3052,0,0
218.5845,12.3126,3055,0,0
218.6093,12.3247,3058,0,0
218.6341,12.3005,3052,0,0
218.6589,12.3247,3058,0,0
218.6837,12.2803,3047,0,0
218.7085,12.2803,3047,0,0
218.7333,12.3045,3053,0,0
218.7581,12.2682,3044,0,0
218.7829,12.3085,3054,0,0
218.8077,12.3166,3056,0,0
218.8325,12.2803,3047,0,0
218.8573,12.3085,3054,0,0
218.8821,12.2844,3048,0,0
218.9069,12.2803,3047,0,0
218.9317,12.3247,3058,0,0
218.9565,12.2602,3042,0,0
218.9813,12.2803,3047,0,0
219.0061,12.2844,3048,0,0
219.0309,12.3085,3054,0,0
219.0557,12.3005,3052,0,0
219.0806,12.2763,3046,0,0
219.1053,12.3126,3055,0,0
219.1302,12.3085,3054,0,0
219.1550,12.2803,3047,0,0
219.1798,12.3085,3054,0,0
219.2046,12.3247,3058,0,0
219.2294,12.3206,3057,0,0
219.2542,12.2924,3050,0,0
219.2790,12.3206,3057,0,0
219.3038,12.3690,3069,0,0
219.3286,12.3247,3058,0,0
219.3534,12.2521,3040,0,0
219.3782,12.2803,3047,0,0
219.4030,12.3206,3057,0,0
219.4278,12.3247,3058,0,0
219.4526,12.3206,3057,0,0
219.4774,12.2924,3050,0,0
219.5022,12.2924,3050,0,0
219.5270,12.3166,3056,0,0
219.5518,12.2763,3046,0,0
219.5766,12.2844,3048,0,0
219.6014,12.3045,3053,0,0
219.6262,12.3045,3053,0,0
219.6510,12.3085,3054,0,0
219.6758,12.3206,3057,0,0
219.7006,12.3166,3056,0,0
219.7254,12.2844,3048,0,0
219.7502,12.2763,3046,0,0
219.7750,12.3085,3054,0,0
219.7998,12.2844,3048,0,0
219.8246,12.3085,3054,0,0
219.8494,12.3529,3065,0,0
219.8742,12.3206,3057,0,0
219.8990,12.2924,3050,0,0
219.9238,12.3166,3056,0,0
219.9486,12.3045,3053,0,0
219.9734,12.2803,3047,0,0
219.9982,12.3206,3057,0,0
220.0230,12.2924,3050,0,0
220.0479,12.3126,3055,0,0
220.0726,12.2844,3048,0,0
220.0975,12.3085,3054,0,0
220.1223,12.3206,3057,0,0
220.1471,12.2481,3039,0,0
220.1719,12.2924,3050,0,0
220.1967,12.3166,3056,0,0
220.2215,12.2763,3046,0,0
220.2463,12.2844,3048,0,0
220.2711,12.3126,3055,0,0
220.2959,12.3206,3057,0,0
220.3207,12.3126,3055,0,0
220.3455,12.2924,3050,0,0
220.3703,12.2844,3048,0,0
220.3951,12.2602,3042,0,0
220.4199,12.2965,3051,0,0
220.4447,12.3488,3064,0,0
220.4695,12.2803,3047,0,0
220.4943,12.2844,3048,0,0
220.5191,12.3126,3055,0,0
220.5439,12.3085,3054,0,0
220.5687,12.2844,3048,0,0
220.5935,12.2844,3048,0,0
220.6183,12.3005,3052,0,0
220.6431,12.3327,3060,0,0
220.6679,12.2924,3050,0,0
220.6927,12.2844,3048,0,0
220.7175,12.3529,3065,0,0
220.7423,12.2924,3050,0,0
220.7671,12.2924,3050,0,0
220.7919,12.2803,3047,0,0
220.8167,12.3327,3060,0,0
220.8415,12.3287,3059,0,0
220.8663,12.2763,3046,0,0
220.8911,12.3085,3054,0,0
220.9159,12.2803,3047,0,0
220.9407,12.2803,3047,0,0
220.9655,12.2844,3048,0,0
220.9903,12.2844,3048,0,0
221.0152,12.3206,3057,0,0
221.0399,12.2803,3047,0,0
221.0647,12.2803,3047,0,0
221.0896,12.3005,3052,0,0
221.1143,12.2844,3048,0,0
221.1392,12.3206,3057,0,0
221.1640,12.3126,3055,0,0
221.1888,12.3126,3055,0,0
221.2136,12.2602,3042,0,0
221.2384,12.3488,3064,0,0
221.2632,12.2924,3050,0,0
221.2880,12.2924,3050,0,0
221.3128,12.2844,3048,0,0
221.3376,12.2844,3048,0,0
221.3624,12.3045,3053,0,0
221.3872,12.3287,3059,0,0
221.4120,12.2803,3047,0,0
221.4368,12.3085,3054,0,0
221.4616,12.3126,3055,0,0
221.4864,12.2844,3048,0,0
221.5112,12.3488,3064,0,0
221.5360,12.3206,3057,0,0
221.5608,12.2844,3048,0,0
221.5856,12.3045,3053,0,0
221.6104,12.3126,3055,0,0
221.6352,12.2844,3048,0,0
221.6600,12.2924,3050,0,0
221.6848,12.2844,3048,0,0
221.7096,12.3166,3056,0,0
221.7344,12.2803,3047,0,0
221.7592,12.3166,3056,0,0
221.7840,12.3206,3057,0,0
221.8088,12.3287,3059,0,0
221.8336,12.2803,3047,0,0
221.8584,12.2844,3048,0,0
221.8832,12.2924,3050,0,0
221.9080,12.3005,3052,0,0
221.9328,12.2844,3048,0,0
221.9576,12.2844,3048,0,0
221.9824,12.3206,3057,0,0
222.0072,12.2844,3048,0,0
222.0320,12.2682,3044,0,0
222.0569,12.3529,3065,0,0
222.0816,12.3529,3065,0,0
222.1065,12.2844,3048,0,0
222.1313,12.2844,3048,0,0
222.1561,12.2965,3051,0,0
222.1809,12.3327,3060,0,0
222.2057,12.3166,3056,0,0
222.2305,12.3166,3056,0,0
222.2553,12.3126,3055,0,0
222.2801,12.2521,3040,0,0
222.3049,12.2803,3047,0,0
222.3297,12.3085,3054,0,0
222.3545,12.2723,3045,0,0
222.3793,12.2803,3047,0,0
222.4041,12.3166,3056,0,0
222.4289,12.2682,3044,0,0
222.4537,12.2924,3050,0,0
222.4785,12.2803,3047,0,0
222.5033,12.2924,3050,0,0
222.5281,12.3206,3057,0,0
222.5529,12.2803,3047,0,0
222.5777,12.3206,3057,0,0
222.6025,12.3166,3056,0,0
222.6273,12.2844,3048,0,0
222.6521,12.2602,3042,0,0
222.6769,12.3005,3052,0,0
222.7017,12.3166,3056,0,0
222.7265,12.3287,3059,0,0
222.7513,12.3206,3057,0,0
222.7761,12.3166,3056,0,0
222.8009,12.2844,3048,0,0
222.8257,12.2803,3047,0,0
222.8505,12.2844,3048,0,0
222.8753,12.3206,3057,0,0
222.9001,12.3166,3056,0,0
222.9249,12.2602,3042,0,0
222.9497,12.2763,3046,0,0
222.9745,12.3166,3056,0,0
222.9993,12.2844,3048,0,0
223.0242,12.2924,3050,0,0
223.0490,12.3287,3059,0,0
223.0738,12.2924,3050,0,0
223.0986,12.3488,3064,0,0
223.1234,12.2803,3047,0,0
223.1482,12.3126,3055,0,0
223.1730,12.2803,3047,0,0
223.1978,12.2844,3048,0,0
223.2226,12.2481,3039,0,0
223.2474,12.3085,3054,0,0
223.2722,12.2844,3048,0,0
223.2970,12.3005,3052,0,0
223.3218,12.2844,3048,0,0
223.3466,12.2924,3050,0,0
223.3714,12.3166,3056,0,0
223.3962,12.2521,3040,0,0
223.4210,12.2723,3045,0,0
223.4458,12.3005,3052,0,0
223.4706,12.2803,3047,0,0
223.4954,12.3166,3056,0,0
223.5202,12.3287,3059,0,0
223.5450,12.2803,3047,0,0
223.5698,12.3327,3060,0,0
223.5946,12.3206,3057,0,0
223.6194,12.2844,3048,0,0
223.6442,12.2924,3050,0,0
223.6690,12.3287,3059,0,0
223.6938,12.3045,3053,0,0
223.7186,12.3045,3053,0,0
223.7434,12.3126,3055,0,0
223.7682,12.3045,3053,0,0
223.7930,12.3327,3060,0,0
223.8178,12.2521,3040,0,0
223.8426,12.3166,3056,0,0
223.8674,12.2602,3042,0,0
223.8922,12.3166,3056,0,0
223.9170,12.2844,3048,0,0
223.9418,12.3005,3052,0,0
223.9666,12.3287,3059,0,0
223.9914,12.3327,3060,0,0
224.0163,12.2844,3048,0,0
224.0410,12.2602,3042,0,0
224.0659,12.2803,3047,0,0
224.0907,12.3166,3056,0,0
224.1155,12.3206,3057,0,0
224.1403,12.2844,3048,0,0
224.1651,12.2763,3046,0,0
224.1899,12.2844,3048,0,0
224.2147,12.2844,3048,0,0
224.2395,12.3166,3056,0,0
224.2643,12.3005,3052,0,0
224.2891,12.3005,3052,0,0
224.3139,12.2924,3050,0,0
224.3387,12.3126,3055,0,0
224.3635,12.2723,3045,0,0
224.3883,12.2803,3047,0,0
224.4131,12.2844,3048,0,0
224.4379,12.3045,3053,0,0
224.4627,12.2763,3046,0,0
224.4875,12.2763,3046,0,0
224.5123,12.2844,3048,0,0
224.5371,12.3287,3059,0,0
224.5619,12.3166,3056,0,0
224.5867,12.2441,3038,0,0
224.6115,12.3166,3056,0,0
224.6363,12.3206,3057,0,0
224.6611,12.3126,3055,0,0
224.6859,12.2803,3047,0,0
224.7107,12.3005,3052,0,0
224.7355,12.2682,3044,0,0
224.7603,12.3126,3055,0,0
224.7851,12.3327,3060,0,0
224.8099,12.3126,3055,0,0
224.8347,12.2924,3050,0,0
224.8595,12.2844,3048,0,0
224.8843,12.2844,3048,0,0
224.9091,12.3247,3058,0,0
224.9339,12.3085,3054,0,0
224.9587,12.2723,3045,0,0
224.9836,12.2803,3047,0,0
225.0083,12.3126,3055,0,0
225.0332,12.3327,3060,0,0
225.0580,12.2803,3047,0,0
225.0828,12.2965,3051,0,0
225.1076,12.2844,3048,0,0
225.1324,12.2803,3047,0,0
225.1572,12.2602,3042,0,0
225.1820,12.2924,3050,0,0
225.2068,12.2803,3047,0,0
225.2316,12.2803,3047,0,0
225.2564,12.3166,3056,0,0
225.2812,12.2521,3040,0,0
225.3060,12.2844,3048,0,0
225.3308,12.3247,3058,0,0
225.3556,12.2924,3050,0,0
225.3804,12.3126,3055,0,0
225.4052,12.2924,3050,0,0
225.4300,12.2844,3048,0,0
225.4548,12.3529,3065,0,0
225.4796,12.2924,3050,0,0
225.5044,12.2602,3042,0,0
225.5292,12.2844,3048,0,0
225.5540,12.3005,3052,0,0
225.5788,12.3206,3057,0,0
225.6036,12.2924,3050,0,0
225.6284,12.3045,3053,0,0
225.6532,12.2924,3050,0,0
225.6780,12.2723,3045,0,0
225.7028,12.3247,3058,0,0
225.7276,12.2682,3044,0,0
225.7524,12.2763,3046,0,0
225.7772,12.2965,3051,0,0
225.8020,12.3005,3052,0,0
225.8268,12.3085,3054,0,0
225.8516,12.3166,3056,0,0
225.8764,12.2723,3045,0,0
225.9012,12.2844,3048,0,0
225.9260,12.3126,3055,0,0
225.9509,12.3085,3054,0,0
225.9756,12.2965,3051,0,0
226.0004,12.3166,3056,0,0
226.0253,12.2803,3047,0,0
226.0500,12.2844,3048,0,0
226.0749,12.3287,3059,0,0
226.0997,12.2965,3051,0,0
226.1245,12.2844,3048,0,0
226.1493,12.3085,3054,0,0
226.1741,12.3206,3057,0,0
226.1989,12.3529,3065,0,0
226.2237,12.2844,3048,0,0
226.2485,12.3126,3055,0,0
226.2733,12.3126,3055,0,0
226.2981,12.3045,3053,0,0
226.3229,12.3166,3056,0,0
226.3477,12.2965,3051,0,0
226.3725,12.2803,3047,0,0
226.3973,12.2521,3040,0,0
226.4221,12.2602,3042,0,0
226.4469,12.3126,3055,0,0
226.4717,12.3166,3056,0,0
226.4965,12.2924,3050,0,0
226.5213,12.3529,3065,0,0
226.5461,12.2763,3046,0,0
226.5709,12.2803,3047,0,0
226.5957,12.3206,3057,0,0
226.6205,12.3005,3052,0,0
226.6453,12.2965,3051,0,0
226.6701,12.3166,3056,0,0
226.6949,12.2682,3044,0,0
226.7197,12.2602,3042,0,0
226.7445,12.2803,3047,0,0
226.7693,12.3247,3058,0,0
226.7941,12.2844,3048,0,0
226.8189,12.3166,3056,0,0
226.8437,12.3126,3055,0,0
226.8685,12.2602,3042,0,0
226.8933,12.2965,3051,0,0
226.9181,12.3126,3055,0,0
226.9429,12.2844,3048,0,0
226.9677,12.2803,3047,0,0
226.9926,12.2844,3048,0,0
227.0173,12.2521,3040,0,0
227.0422,12.2965,3051,0,0
227.0670,12.3085,3054,0,0
227.0918,12.3126,3055,0,0
227.1166,12.3166,3056,0,0
227.1414,12.3327,3060,0,0
227.1662,12.2844,3048,0,0
227.1910,12.2844,3048,0,0
227.2158,12.3327,3060,0,0
227.2406,12.3166,3056,0,0
227.2654,12.2924,3050,0,0
227.2902,12.2844,3048,0,0
227.3150,12.2924,3050,0,0
227.3398,12.3045,3053,0,0
227.3646,12.3126,3055,0,0
227.3894,12.2360,3036,0,0
227.4142,12.2844,3048,0,0
227.4390,12.2682,3044,0,0
227.4638,12.2602,3042,0,0
227.4886,12.3206,3057,0,0
227.5134,12.2803,3047,0,0
227.5382,12.2924,3050,0,0
227.5630,12.2602,3042,0,0
227.5878,12.3005,3052,0,0
227.6126,12.3126,3055,0,0
227.6374,12.3206,3057,0,0
227.6622,12.2844,3048,0,0
227.6870,12.2602,3042,0,0
227.7118,12.2924,3050,0,0
227.7366,12.2803,3047,0,0
227.7614,12.3045,3053,0,0
227.7862,12.2924,3050,0,0
227.8110,12.2803,3047,0,0
227.8358,12.2844,3048,0,0
227.8606,12.2844,3048,0,0
227.8854,12.3085,3054,0,0
227.9102,12.3005,3052,0,0
227.9350,12.2844,3048,0,0
227.9599,12.2844,3048,0,0
227.9846,12.2602,3042,0,0
228.0094,12.3085,3054,0,0
228.0343,12.3126,3055,0,0
228.0591,12.2521,3040,0,0
228.0839,12.2924,3050,0,0
228.1087,12.3287,3059,0,0
228.1335,12.3166,3056,0,0
228.1583,12.2803,3047,0,0
228.1831,12.2803,3047,0,0
228.2079,12.2844,3048,0,0
228.2327,12.3166,3056,0,0
228.2575,12.2965,3051,0,0
228.2823,12.2844,3048,0,0
228.3071,12.2924,3050,0,0
228.3319,12.3045,3053,0,0
228.3567,12.2682,3044,0,0
228.3815,12.3005,3052,0,0
228.4063,12.2803,3047,0,0
228.4311,12.3166,3056,0,0
228.4559,12.3166,3056,0,0
228.4807,12.3126,3055,0,0
228.5055,12.3166,3056,0,0
228.5303,12.2481,3039,0,0
228.5551,12.2602,3042,0,0
228.5799,12.3085,3054,0,0
228.6047,12.2803,3047,0,0
228.6295,12.2924,3050,0,0
228.6543,12.2924,3050,0,0
228.6791,12.3166,3056,0,0
228.7039,12.3287,3059,0,0
228.7287,12.3206,3057,0,0
228.7535,12.2844,3048,0,0
228.7783,12.3085,3054,0,0
228.8031,12.2602,3042,0,0
228.8279,12.3287,3059,0,0
228.8527,12.2924,3050,0,0
228.8775,12.3085,3054,0,0
228.9023,12.2320,3035,0,0
228.9271,12.2844,3048,0,0
228.9520,12.2803,3047,0,0
228.9767,12.3327,3060,0,0
229.0016,12.2844,3048,0,0
229.0264,12.2924,3050,0,0
229.0512,12.2844,3048,0,0
229.0760,12.3045,3053,0,0
229.1008,12.3126,3055,0,0
229.1256,12.2924,3050,0,0
229.1504,12.3206,3057,0,0
229.1752,12.2803,3047,0,0
229.2000,12.2763,3046,0,0
229.2248,12.3126,3055,0,0
229.2496,12.2602,3042,0,0
229.2744,12.2844,3048,0,0
229.2992,12.2763,3046,0,0
229.3240,12.3126,3055,0,0
229.3488,12.2844,3048,0,0
229.3736,12.2924,3050,0,0
229.3984,12.2844,3048,0,0
229.4232,12.2803,3047,0,0
229.4480,12.2602,3042,0,0
229.4728,12.2844,3048,0,0
229.4976,12.3126,3055,0,0
229.5224,12.2844,3048,0,0
229.5472,12.3005,3052,0,0
229.5720,12.2803,3047,0,0
229.5968,12.3005,3052,0,0
229.6216,12.2924,3050,0,0
229.6464,12.3085,3054,0,0
229.6712,12.2844,3048,0,0
229.6960,12.3126,3055,0,0
229.7208,12.3287,3059,0,0
229.7456,12.2481,3039,0,0
229.7704,12.3045,3053,0,0
229.7952,12.2763,3046,0,0
229.8200,12.2602,3042,0,0
229.8448,12.2682,3044,0,0
229.8696,12.3327,3060,0,0
229.8944,12.3166,3056,0,0
229.9193,12.2924,3050,0,0
229.9440,12.2844,3048,0,0
229.9689,12.2924,3050,0,0
229.9937,12.2763,3046,0,0
230.0185,12.2844,3048,0,0
230.0433,12.3166,3056,0,0
230.0681,12.3287,3059,0,0
230.0929,12.2803,3047,0,0
230.1177,12.2803,3047,0,0
230.1425,12.2844,3048,0,0
230.1673,12.2844,3048,0,0
230.1921,12.3166,3056,0,0
230.2169,12.3247,3058,0,0
230.2417,12.2803,3047,0,0
230.2665,12.2803,3047,0,0
230.2913,12.2803,3047,0,0
230.3161,12.2965,3051,0,0
230.3409,12.3085,3054,0,0
230.3657,12.2602,3042,0,0
230.3905,12.2844,3048,0,0
230.4153,12.3126,3055,0,0
230.4401,12.3126,3055,0,0
230.4649,12.3206,3057,0,0
230.4897,12.2803,3047,0,0
230.5145,12.3085,3054,0,0
230.5393,12.3206,3057,0,0
230.5641,12.3529,3065,0,0
230.5889,12.2844,3048,0,0
230.6137,12.2521,3040,0,0
230.6385,12.3045,3053,0,0
230.6633,12.3126,3055,0,0
230.6881,12.2924,3050,0,0
230.7129,12.2521,3040,0,0
230.7377,12.2844,3048,0,0
230.7625,12.2844,3048,0,0
230.7873,12.3166,3056,0,0
230.8121,12.2682,3044,0,0
230.8369,12.3045,3053,0,0
230.8617,12.3287,3059,0,0
230.8866,12.3085,3054,0,0
230.9113,12.3126,3055,0,0
230.9361,12.3166,3056,0,0
230.9610,12.3166,3056,0,0
230.9857,12.3327,3060,0,0
231.0106,12.3206,3057,0,0
231.0354,12.2965,3051,0,0
231.0602,12.2844,3048,0,0
231.0850,12.3005,3052,0,0
231.1098,12.3488,3064,0,0
231.1346,12.3287,3059,0,0
231.1594,12.2763,3046,0,0
231.1842,12.2844,3048,0,0
231.2090,12.3166,3056,0,0
231.2338,12.3045,3053,0,0
231.2586,12.2602,3042,0,0
231.2834,12.2844,3048,0,0
231.3082,12.3287,3059,0,0
231.3330,12.2844,3048,0,0
231.3578,12.2602,3042,0,0
231.3826,12.3085,3054,0,0
231.4074,12.2844,3048,0,0
231.4322,12.3327,3060,0,0
231.4570,12.2924,3050,0,0
231.4818,12.3126,3055,0,0
231.5066,12.2844,3048,0,0
231.5314,12.3166,3056,0,0
231.5562,12.2844,3048,0,0
231.5810,12.2844,3048,0,0
231.6058,12.2924,3050,0,0
231.6306,12.2682,3044,0,0
231.6554,12.2803,3047,0,0
231.6802,12.3085,3054,0,0
231.7050,12.2844,3048,0,0
231.7298,12.3045,3053,0,0
231.7546,12.3206,3057,0,0
231.7794,12.2844,3048,0,0
231.8042,12.3287,3059,0,0
231.8290,12.2844,3048,0,0
231.8538,12.2682,3044,0,0
231.8786,12.3085,3054,0,0
231.9034,12.3206,3057,0,0
231.9283,12.2803,3047,0,0
231.9530,12.3126,3055,0,0
231.9779,12.2803,3047,0,0
232.0027,12.2682,3044,0,0
232.0275,12.3045,3053,0,0
232.0523,12.3327,3060,0,0
232.0771,12.3126,3055,0,0
232.1019,12.2924,3050,0,0
232.1267,12.2803,3047,0,0
232.1515,12.3327,3060,0,0
232.1763,12.3206,3057,0,0
232.2011,12.2803,3047,0,0
232.2259,12.2803,3047,0,0
232.2507,12.2844,3048,0,0
232.2755,12.2844,3048,0,0
232.3003,12.2803,3047,0,0
232.3251,12.2682,3044,0,0
232.3499,12.2844,3048,0,0
232.3747,12.3327,3060,0,0
232.3995,12.3206,3057,0,0
232.4243,12.3085,3054,0,0
232.4491,12.3287,3059,0,0
232.4739,12.2844,3048,0,0
232.4987,12.2924,3050,0,0
232.5235,12.2803,3047,0,0
232.5483,12.3166,3056,0,0
232.5731,12.3166,3056,0,0
232.5979,12.3126,3055,0,0
232.6227,12.3126,3055,0,0
232.6475,12.2803,3047,0,0
232.6723,12.2441,3038,0,0
232.6971,12.3126,3055,0,0
232.7219,12.2844,3048,0,0
232.7467,12.3247,3058,0,0
232.7715,12.3488,3064,0,0
232.7963,12.3005,3052,0,0
232.8211,12.2844,3048,0,0
232.8459,12.2924,3050,0,0
232.8707,12.3488,3064,0,0
232.8956,12.3085,3054,0,0
232.9203,12.3206,3057,0,0
232.9451,12.2763,3046,0,0
232.9700,12.2844,3048,0,0
232.9948,12.2763,3046,0,0
233.0196,12.2844,3048,0,0
233.0444,12.3085,3054,0,0
233.0692,12.3287,3059,0,0
233.0940,12.2844,3048,0,0
233.1188,12.2844,3048,0,0
233.1436,12.3005,3052,0,0
233.1684,12.2763,3046,0,0
233.1932,12.2844,3048,0,0
233.2180,12.2844,3048,0,0
233.2428,12.2924,3050,0,0
233.2676,12.3005,3052,0,0
233.2924,12.2521,3040,0,0
233.3172,12.3247,3058,0,0
233.3420,12.3488,3064,0,0
233.3668,12.3045,3053,0,0
233.3916,12.2844,3048,0,0
233.4164,12.3126,3055,0,0
233.4412,12.3085,3054,0,0
233.4660,12.3126,3055,0,0
233.4908,12.2924,3050,0,0
233.5156,12.2803,3047,0,0
233.5404,12.2763,3046,0,0
233.5652,12.2844,3048,0,0
233.5900,12.2602,3042,0,0
233.6148,12.3206,3057,0,0
233.6396,12.2844,3048,0,0
233.6644,12.3166,3056,0,0
233.6892,12.2803,3047,0,0
233.7140,12.3166,3056,0,0
233.7388,12.2763,3046,0,0
233.7636,12.2844,3048,0,0
233.7884,12.2844,3048,0,0
233.8132,12.2602,3042,0,0
233.8380,12.2803,3047,0,0
233.8628,12.2803,3047,0,0
233.8876,12.3206,3057,0,0
233.9124,12.2521,3040,0,0
233.9373,12.3005,3052,0,0
233.9621,12.3085,3054,0,0
233.9869,12.2602,3042,0,0
234.0117,12.3126,3055,0,0
234.0365,12.3206,3057,0,0
234.0613,12.3206,3057,0,0
234.0861,12.2844,3048,0,0
234.1109,12.3005,3052,0,0
234.1357,12.3085,3054,0,0
234.1605,12.3126,3055,0,0
234.1853,12.2763,3046,0,0
234.2101,12.2803,3047,0,0
234.2349,12.2924,3050,0,0
234.2597,12.2682,3044,0,0
234.2845,12.2723,3045,0,0
234.3093,12.2844,3048,0,0
234.3341,12.2844,3048,0,0
234.3589,12.3085,3054,0,0
234.3837,12.2803,3047,0,0
234.4085,12.3166,3056,0,0
234.4333,12.2924,3050,0,0
234.4581,12.2844,3048,0,0
234.4829,12.3085,3054,0,0
234.5077,12.3126,3055,0,0
234.5325,12.3166,3056,0,0
234.5573,12.3085,3054,0,0
234.5821,12.2844,3048,0,0
234.6069,12.2803,3047,0,0
234.6317,12.3488,3064,0,0
234.6565,12.3166,3056,0,0
234.6813,12.2763,3046,0,0
234.7061,12.2803,3047,0,0
234.7309,12.3126,3055,0,0
234.7557,12.3005,3052,0,0
234.7805,12.2844,3048,0,0
234.8053,12.2844,3048,0,0
234.8301,12.2602,3042,0,0
234.8549,12.2844,3048,0,0
234.8797,12.3126,3055,0,0
234.9046,12.3206,3057,0,0
234.9294,12.2844,3048,0,0
234.9541,12.2965,3051,0,0
234.9790,12.3166,3056,0,0
235.0038,12.3085,3054,0,0
235.0286,12.3085,3054,0,0
235.0534,12.2803,3047,0,0
235.0782,12.3166,3056,0,0
235.1030,12.3005,3052,0,0
235.1278,12.3166,3056,0,0
235.1526,12.2803,3047,0,0
235.1774,12.2602,3042,0,0
235.2022,12.2602,3042,0,0
235.2270,12.2965,3051,0,0
235.2518,12.3045,3053,0,0
235.2766,12.3529,3065,0,0
235.3014,12.2602,3042,0,0
235.3262,12.2844,3048,0,0
235.3510,12.2803,3047,0,0
235.3758,12.2924,3050,0,0
235.4006,12.2803,3047,0,0
235.4254,12.3126,3055,0,0
235.4502,12.3206,3057,0,0
235.4750,12.2924,3050,0,0
235.4998,12.2924,3050,0,0
235.5246,12.3126,3055,0,0
235.5494,12.3085,3054,0,0
235.5742,12.3488,3064,0,0
235.5990,12.2763,3046,0,0
235.6238,12.2803,3047,0,0
235.6486,12.3085,3054,0,0
235.6734,12.2763,3046,0,0
235.6982,12.2844,3048,0,0
235.7230,12.3206,3057,0,0
235.7478,12.3126,3055,0,0
235.7726,12.2682,3044,0,0
235.7974,12.3488,3064,0,0
235.8222,12.2763,3046,0,0
235.8470,12.2844,3048,0,0
235.8718,12.3206,3057,0,0
235.8967,12.2924,3050,0,0
235.9214,12.2844,3048,0,0
235.9463,12.2763,3046,0,0
235.9711,12.3166,3056,0,0
235.9959,12.2682,3044,0,0
236.0207,12.2803,3047,0,0
236.0455,12.3085,3054,0,0
236.0703,12.3085,3054,0,0
236.0951,12.2844,3048,0,0
236.1199,12.2803,3047,0,0
236.1447,12.2844,3048,0,0
236.1695,12.2844,3048,0,0
236.1943,12.3206,3057,0,0
236.2191,12.2924,3050,0,0
236.2439,12.2844,3048,0,0
236.2687,12.2803,3047,0,0
236.2935,12.2844,3048,0,0
236.3183,12.3126,3055,0,0
236.3431,12.2803,3047,0,0
236.3679,12.2844,3048,0,0
236.3927,12.3166,3056,0,0
236.4175,12.3166,3056,0,0
236.4423,12.3005,3052,0,0
236.4671,12.3206,3057,0,0
236.4919,12.2844,3048,0,0
236.5167,12.2763,3046,0,0
236.5415,12.2521,3040,0,0
236.5663,12.3166,3056,0,0
236.5911,12.3126,3055,0,0
236.6159,12.3166,3056,0,0
236.6407,12.3005,3052,0,0
236.6655,12.3126,3055,0,0
236.6903,12.3206,3057,0,0
236.7151,12.3206,3057,0,0
236.7399,12.3126,3055,0,0
236.7647,12.2924,3050,0,0
236.7895,12.2924,3050,0,0
236.8143,12.3045,3053,0,0
236.8391,12.3206,3057,0,0
236.8640,12.2844,3048,0,0
236.8887,12.2924,3050,0,0
236.9136,12.2481,3039,0,0
236.9384,12.3005,3052,0,0
236.9632,12.3085,3054,0,0
236.9880,12.3287,3059,0,0
237.0128,12.2763,3046,0,0
237.0376,12.2602,3042,0,0
237.0624,12.3005,3052,0,0
237.0872,12.3327,3060,0,0
237.1120,12.2844,3048,0,0
237.1368,12.3085,3054,0,0
237.1616,12.2602,3042,0,0
237.1864,12.2844,3048,0,0
237.2112,12.3206,3057,0,0
237.2360,12.2924,3050,0,0
237.2608,12.3085,3054,0,0
237.2856,12.2602,3042,0,0
237.3104,12.3166,3056,0,0
237.3352,12.3126,3055,0,0
237.3600,12.3005,3052,0,0
237.3848,12.3085,3054,0,0
237.4096,12.2844,3048,0,0
237.4344,12.2763,3046,0,0
237.4592,12.2844,3048,0,0
237.4840,12.2844,3048,0,0
237.5088,12.3005,3052,0,0
237.5336,12.2682,3044,0,0
237.5584,12.2803,3047,0,0
237.5832,12.3166,3056,0,0
237.6080,12.3126,3055,0,0
237.6328,12.3206,3057,0,0
237.6576,12.3166,3056,0,0
237.6824,12.2803,3047,0,0
237.7072,12.2844,3048,0,0
237.7320,12.2965,3051,0,0
237.7568,12.3206,3057,0,0
237.7816,12.3085,3054,0,0
237.8064,12.3247,3058,0,0
237.8313,12.2682,3044,0,0
237.8560,12.3287,3059,0,0
237.8808,12.2844,3048,0,0
237.9057,12.2965,3051,0,0
237.9305,12.2682,3044,0,0
237.9553,12.2844,3048,0,0
237.9801,12.2481,3039,0,0
238.0049,12.2844,3048,0,0
238.0297,12.3287,3059,0,0
238.0545,12.2844,3048,0,0
238.0793,12.2481,3039,0,0
238.1041,12.2844,3048,0,0
238.1289,12.3166,3056,0,0
238.1537,12.2803,3047,0,0
238.1785,12.2521,3040,0,0
238.2033,12.3126,3055,0,0
238.2281,12.3206,3057,0,0
238.2529,12.2763,3046,0,0
238.2777,12.3166,3056,0,0
238.3025,12.3045,3053,0,0
238.3273,12.2924,3050,0,0
238.3521,12.3126,3055,0,0
238.3769,12.2803,3047,0,0
238.4017,12.3005,3052,0,0
238.4265,12.2965,3051,0,0
238.4513,12.2803,3047,0,0
238.4761,12.2602,3042,0,0
238.5009,12.2924,3050,0,0
238.5257,12.2763,3046,0,0
238.5505,12.2521,3040,0,0
238.5753,12.3206,3057,0,0
238.6001,12.2924,3050,0,0
238.6249,12.2844,3048,0,0
238.6497,12.2924,3050,0,0
238.6745,12.3327,3060,0,0
238.6993,12.2844,3048,0,0
238.7241,12.2844,3048,0,0
238.7489,12.2803,3047,0,0
238.7737,12.3005,3052,0,0
238.7985,12.2763,3046,0,0
238.8233,12.2844,3048,0,0
238.8481,12.2723,3045,0,0
238.8730,12.2723,3045,0,0
238.8978,12.3166,3056,0,0
238.9226,12.3488,3064,0,0
238.9474,12.2803,3047,0,0
238.9722,12.3126,3055,0,0
238.9970,12.3166,3056,0,0
239.0218,12.2803,3047,0,0
239.0466,12.3005,3052,0,0
239.0714,12.2844,3048,0,0
239.0962,12.3085,3054,0,0
239.1210,12.2763,3046,0,0
239.1458,12.2763,3046,0,0
239.1706,12.3085,3054,0,0
239.1954,12.3085,3054,0,0
239.2202,12.2924,3050,0,0
239.2450,12.3085,3054,0,0
239.2698,12.3126,3055,0,0
239.2946,12.3085,3054,0,0
239.3194,12.3085,3054,0,0
239.3442,12.2803,3047,0,0
239.3690,12.2803,3047,0,0
239.3938,12.2844,3048,0,0
239.4186,12.3126,3055,0,0
239.4434,12.3085,3054,0,0
239.4682,12.2844,3048,0,0
239.4930,12.2521,3040,0,0
239.5178,12.2763,3046,0,0
239.5426,12.3206,3057,0,0
239.5674,12.2924,3050,0,0
239.5922,12.2844,3048,0,0
239.6170,12.2763,3046,0,0
239.6418,12.2803,3047,0,0
239.6666,12.3085,3054,0,0
239.6914,12.3166,3056,0,0
239.7162,12.3045,3053,0,0
239.7410,12.3085,3054,0,0
239.7658,12.2803,3047,0,0
239.7906,12.2602,3042,0,0
239.8154,12.3126,3055,0,0
239.8403,12.3005,3052,0,0
239.8651,12.2803,3047,0,0
239.8898,12.2602,3042,0,0
239.9147,12.3247,3058,0,0
239.9395,12.3045,3053,0,0
239.9643,12.2924,3050,0,0
239.9891,12.2844,3048,0,0
240.0139,12.3005,3052,0,0
240.0387,12.2965,3051,0,0
240.0635,12.2803,3047,0,0
240.0883,12.2924,3050,0,0
240.1131,12.3206,3057,0,0
240.1379,12.2844,3048,0,0
240.1627,12.2521,3040,0,0
240.1875,12.2763,3046,0,0
240.2123,12.2803,3047,0,0
240.2371,12.2844,3048,0,0
240.2619,12.2924,3050,0,0
240.2867,12.3126,3055,0,0
240.3115,12.2803,3047,0,0
240.3363,12.3206,3057,0,0
240.3611,12.3085,3054,0,0
240.3859,12.2803,3047,0,0
240.4107,12.2844,3048,0,0
240.4355,12.2602,3042,0,0
240.4603,12.2844,3048,0,0
240.4851,12.2844,3048,0,0
240.5099,12.3327,3060,0,0
240.5347,12.2965,3051,0,0
240.5595,12.3327,3060,0,0
240.5843,12.3166,3056,0,0
240.6091,12.1917,3025,0,0
240.6339,12.3206,3057,0,0
240.6587,12.3085,3054,0,0
240.6835,12.2844,3048,0,0
240.7083,12.2682,3044,0,0
240.7331,12.3287,3059,0,0
240.7579,12.2844,3048,0,0
240.7827,12.2924,3050,0,0
240.8075,12.2803,3047,0,0
240.8324,12.2844,3048,0,0
240.8571,12.2803,3047,0,0
240.8820,12.2521,3040,0,0
240.9068,12.2844,3048,0,0
240.9316,12.2924,3050,0,0
240.9564,12.2803,3047,0,0
240.9812,12.2763,3046,0,0
241.0060,12.2803,3047,0,0
241.0308,12.2924,3050,0,0
241.0556,12.3488,3064,0,0
241.0804,12.3206,3057,0,0
241.1052,12.3206,3057,0,0
241.1300,12.2521,3040,0,0
241.1548,12.2682,3044,0,0
241.1796,12.3126,3055,0,0
241.2044,12.2803,3047,0,0
241.2292,12.2803,3047,0,0
241.2540,12.2803,3047,0,0
241.2788,12.3287,3059,0,0
241.3036,12.3085,3054,0,0
241.3284,12.2844,3048,0,0
241.3532,12.3166,3056,0,0
241.3780,12.3126,3055,0,0
241.4028,12.2481,3039,0,0
241.4276,12.2763,3046,0,0
241.4524,12.3166,3056,0,0
241.4772,12.3206,3057,0,0
241.5020,12.3085,3054,0,0
241.5268,12.2803,3047,0,0
241.5516,12.3085,3054,0,0
241.5764,12.2803,3047,0,0
241.6012,12.3166,3056,0,0
241.6260,12.3166,3056,0,0
241.6508,12.2602,3042,0,0
241.6756,12.2803,3047,0,0
241.7004,12.3206,3057,0,0
241.7252,12.2844,3048,0,0
241.7500,12.2924,3050,0,0
241.7748,12.3126,3055,0,0
241.7997,12.3206,3057,0,0
241.8244,12.2924,3050,0,0
241.8493,12.2803,3047,0,0
241.8741,12.3206,3057,0,0
241.8988,12.2602,3042,0,0
241.9237,12.2803,3047,0,0
241.9485,12.3126,3055,0,0
241.9733,12.3085,3054,0,0
241.9981,12.2844,3048,0,0
242.0229,12.3045,3053,0,0
242.0477,12.3206,3057,0,0
242.0725,12.2682,3044,0,0
242.0973,12.3166,3056,0,0
242.1221,12.2803,3047,0,0
242.1469,12.2803,3047,0,0
242.1717,12.3005,3052,0,0
242.1965,12.2803,3047,0,0
242.2213,12.3085,3054,0,0
242.2461,12.2844,3048,0,0
242.2709,12.2844,3048,0,0
242.2957,12.3287,3059,0,0
242.3205,12.2844,3048,0,0
242.3453,12.2844,3048,0,0
242.3701,12.3327,3060,0,0
242.3949,12.3247,3058,0,0
242.4197,12.2803,3047,0,0
242.4445,12.2844,3048,0,0
242.4693,12.2924,3050,0,0
242.4941,12.2844,3048,0,0
242.5189,12.3005,3052,0,0
242.5437,12.2924,3050,0,0
242.5685,12.2844,3048,0,0
242.5933,12.3206,3057,0,0
242.6181,12.3126,3055,0,0
242.6429,12.2844,3048,0,0
242.6677,12.2844,3048,0,0
242.6925,12.3206,3057,0,0
242.7173,12.3126,3055,0,0
242.7421,12.3166,3056,0,0
242.7669,12.2803,3047,0,0
242.7917,12.2924,3050,0,0
242.8165,12.2803,3047,0,0
242.8414,12.2844,3048,0,0
242.8661,12.3005,3052,0,0
242.8910,12.2844,3048,0,0
242.9158,12.2844,3048,0,0
242.9406,12.2803,3047,0,0
242.9654,12.3206,3057,0,0
242.9902,12.2924,3050,0,0
243.0150,12.2844,3048,0,0
243.0398,12.3126,3055,0,0
243.0646,12.2763,3046,0,0
243.0894,12.2803,3047,0,0
243.1142,12.3166,3056,0,0
243.1390,12.2763,3046,0,0
243.1638,12.2521,3040,0,0
243.1886,12.2844,3048,0,0
243.2134,12.2803,3047,0,0
243.2382,12.3126,3055,0,0
243.2630,12.2763,3046,0,0
243.2878,12.2602,3042,0,0
243.3126,12.2844,3048,0,0
243.3374,12.2602,3042,0,0
243.3622,12.2844,3048,0,0
243.3870,12.2924,3050,0,0
243.4118,12.3327,3060,0,0
243.4366,12.2763,3046,0,0
243.4614,12.3287,3059,0,0
243.4862,12.2924,3050,0,0
243.5110,12.3247,3058,0,0
243.5358,12.3045,3053,0,0
243.5606,12.2682,3044,0,0
243.5854,12.2803,3047,0,0
243.6102,12.2682,3044,0,0
243.6350,12.3166,3056,0,0
243.6598,12.2803,3047,0,0
243.6846,12.2924,3050,0,0
243.7094,12.2803,3047,0,0
243.7342,12.3206,3057,0,0
243.7590,12.3085,3054,0,0
243.7838,12.3126,3055,0,0
243.8087,12.2682,3044,0,0
243.8335,12.2602,3042,0,0
243.8583,12.3166,3056,0,0
243.8831,12.3126,3055,0,0
243.9079,12.2844,3048,0,0
243.9327,12.2965,3051,0,0
243.9575,12.3045,3053,0,0
243.9823,12.2844,3048,0,0
244.0071,12.3126,3055,0,0
244.0319,12.2965,3051,0,0
244.0567,12.2844,3048,0,0
244.0815,12.2602,3042,0,0
244.1063,12.2602,3042,0,0
244.1311,12.3166,3056,0,0
244.1559,12.2924,3050,0,0
244.1807,12.3206,3057,0,0
244.2055,12.3166,3056,0,0
244.2303,12.2803,3047,0,0
244.2551,12.2803,3047,0,0
244.2799,12.2521,3040,0,0
244.3047,12.2965,3051,0,0
244.3295,12.3126,3055,0,0
244.3543,12.2844,3048,0,0
244.3791,12.2803,3047,0,0
244.4039,12.2803,3047,0,0
244.4287,12.3126,3055,0,0
244.4535,12.2924,3050,0,0
244.4783,12.2803,3047,0,0
244.5031,12.2965,3051,0,0
244.5279,12.2521,3040,0,0
244.5527,12.2803,3047,0,0
244.5775,12.3448,3063,0,0
244.6023,12.3166,3056,0,0
244.6271,12.2844,3048,0,0
244.6519,12.2602,3042,0,0
244.6767,12.3126,3055,0,0
244.7015,12.3287,3059,0,0
244.7263,12.3166,3056,0,0
244.7511,12.2763,3046,0,0
244.7760,12.2521,3040,0,0
244.8008,12.3126,3055,0,0
244.8255,12.2844,3048,0,0
244.8504,12.2521,3040,0,0
244.8752,12.2844,3048,0,0
244.9000,12.3166,3056,0,0
244.9248,12.3085,3054,0,0
244.9496,12.2803,3047,0,0
244.9744,12.2924,3050,0,0
244.9992,12.2803,3047,0,0
245.0240,12.3005,3052,0,0
245.0488,12.2844,3048,0,0
245.0736,12.2844,3048,0,0
245.0984,12.3166,3056,0,0
245.1232,12.2844,3048,0,0
245.1480,12.2803,3047,0,0
245.1728,12.2844,3048,0,0
245.1976,12.2844,3048,0,0
245.2224,12.3085,3054,0,0
245.2472,12.3247,3058,0,0
245.2720,12.3166,3056,0,0
245.2968,12.2602,3042,0,0
245.3216,12.2844,3048,0,0
245.3464,12.2924,3050,0,0
245.3712,12.3126,3055,0,0
245.3960,12.2803,3047,0,0
245.4208,12.2682,3044,0,0
245.4456,12.2602,3042,0,0
245.4704,12.2844,3048,0,0
245.4952,12.2844,3048,0,0
245.5200,12.2844,3048,0,0
245.5448,12.3166,3056,0,0
245.5696,12.2844,3048,0,0
245.5944,12.2602,3042,0,0
245.6192,12.2521,3040,0,0
245.6440,12.2803,3047,0,0
245.6688,12.3085,3054,0,0
245.6936,12.2803,3047,0,0
245.7184,12.3206,3057,0,0
245.7432,12.2965,3051,0,0
245.7681,12.2844,3048,0,0
245.7928,12.3206,3057,0,0
245.8177,12.2521,3040,0,0
245.8425,12.2602,3042,0,0
245.8673,12.3206,3057,0,0
245.8921,12.2763,3046,0,0
245.9169,12.2763,3046,0,0
245.9417,12.2763,3046,0,0
245.9665,12.3247,3058,0,0
245.9913,12.2803,3047,0,0
246.0161,12.3166,3056,0,0
246.0409,12.3126,3055,0,0
246.0657,12.3206,3057,0,0
246.0905,12.2602,3042,0,0
246.1153,12.2965,3051,0,0
246.1401,12.2803,3047,0,0
246.1649,12.3126,3055,0,0
246.1897,12.3166,3056,0,0
246.2145,12.2803,3047,0,0
246.2393,12.2803,3047,0,0
246.2641,12.3166,3056,0,0
246.2889,12.2924,3050,0,0
246.3137,12.2844,3048,0,0
246.3385,12.2803,3047,0,0
246.3633,12.2803,3047,0,0
246.3881,12.2763,3046,0,0
246.4129,12.2682,3044,0,0
246.4377,12.2924,3050,0,0
246.4625,12.2763,3046,0,0
246.4873,12.2682,3044,0,0
246.5121,12.3166,3056,0,0
246.5369,12.2803,3047,0,0
246.5617,12.2763,3046,0,0
246.5865,12.2844,3048,0,0
246.6113,12.2844,3048,0,0
246.6361,12.2803,3047,0,0
246.6609,12.3206,3057,0,0
246.6857,12.2924,3050,0,0
246.7105,12.2844,3048,0,0
246.7354,12.2602,3042,0,0
246.7601,12.2521,3040,0,0
246.7850,12.2844,3048,0,0
246.8098,12.2844,3048,0,0
246.8345,12.3005,3052,0,0
246.8594,12.2682,3044,0,0
246.8842,12.3005,3052,0,0
246.9090,12.3166,3056,0,0
246.9338,12.3085,3054,0,0
246.9586,12.2924,3050,0,0
246.9834,12.3085,3054,0,0
247.0082,12.2803,3047,0,0
247.0330,12.2844,3048,0,0
247.0578,12.3085,3054,0,0
247.0826,12.3206,3057,0,0
247.1074,12.3085,3054,0,0
247.1322,12.3126,3055,0,0
247.1570,12.2763,3046,0,0
247.1818,12.2803,3047,0,0
247.2066,12.3287,3059,0,0
247.2314,12.2602,3042,0,0
247.2562,12.2924,3050,0,0
247.2810,12.3166,3056,0,0
247.3058,12.3166,3056,0,0
247.3306,12.3206,3057,0,0
247.3554,12.3005,3052,0,0
247.3802,12.2924,3050,0,0
247.4050,12.2924,3050,0,0
247.4298,12.3206,3057,0,0
247.4546,12.2803,3047,0,0
247.4794,12.3206,3057,0,0
247.5042,12.2763,3046,0,0
247.5290,12.2803,3047,0,0
247.5538,12.3005,3052,0,0
247.5786,12.3247,3058,0,0
247.6034,12.2844,3048,0,0
247.6282,12.2844,3048,0,0
247.6530,12.2602,3042,0,0
247.6778,12.2682,3044,0,0
247.7026,12.3085,3054,0,0
247.7274,12.2763,3046,0,0
247.7522,12.3206,3057,0,0
247.7771,12.2844,3048,0,0
247.8018,12.2965,3051,0,0
247.8267,12.3085,3054,0,0
247.8515,12.3045,3053,0,0
247.8763,12.2924,3050,0,0
247.9011,12.2521,3040,0,0
247.9259,12.3085,3054,0,0
247.9507,12.3085,3054,0,0
247.9755,12.3005,3052,0,0
248.0003,12.2763,3046,0,0
248.0251,12.2924,3050,0,0
248.0499,12.3005,3052,0,0
248.0747,12.2763,3046,0,0
248.0995,12.2844,3048,0,0
248.1243,12.2924,3050,0,0
248.1491,12.2723,3045,0,0
248.1739,12.2844,3048,0,0
248.1987,12.3166,3056,0,0
248.2235,12.3085,3054,0,0
248.2483,12.3126,3055,0,0
248.2731,12.3005,3052,0,0
248.2979,12.3166,3056,0,0
248.3227,12.3085,3054,0,0
248.3475,12.3166,3056,0,0
248.3723,12.3247,3058,0,0
248.3971,12.2924,3050,0,0
248.4219,12.3085,3054,0,0
248.4467,12.3126,3055,0,0
248.4715,12.2965,3051,0,0
248.4963,12.3287,3059,0,0
248.5211,12.3045,3053,0,0
248.5459,12.3005,3052,0,0
248.5707,12.2602,3042,0,0
248.5955,12.2803,3047,0,0
248.6203,12.3005,3052,0,0
248.6451,12.2763,3046,0,0
248.6699,12.3005,3052,0,0
248.6947,12.3206,3057,0,0
248.7195,12.2924,3050,0,0
248.7444,12.3166,3056,0,0
248.7691,12.2682,3044,0,0
248.7940,12.3206,3057,0,0
248.8188,12.2763,3046,0,0
248.8436,12.2723,3045,0,0
248.8684,12.2924,3050,0,0
248.8932,12.3287,3059,0,0
248.9180,12.2803,3047,0,0
248.9428,12.2682,3044,0,0
248.9676,12.3166,3056,0,0
248.9924,12.2682,3044,0,0
249.0172,12.2803,3047,0,0
249.0420,12.3126,3055,0,0
249.0668,12.3085,3054,0,0
249.0916,12.2763,3046,0,0
249.1164,12.2682,3044,0,0
249.1412,12.3166,3056,0,0
249.1660,12.2521,3040,0,0
249.1908,12.2723,3045,0,0
249.2156,12.2924,3050,0,0
249.2404,12.2844,3048,0,0
249.2652,12.2763,3046,0,0
249.2900,12.2763,3046,0,0
249.3148,12.2803,3047,0,0
249.3396,12.2844,3048,0,0
249.3644,12.2844,3048,0,0
249.3892,12.3287,3059,0,0
249.4140,12.2803,3047,0,0
249.4388,12.2763,3046,0,0
249.4636,12.2602,3042,0,0
249.4884,12.2844,3048,0,0
249.5132,12.2803,3047,0,0
249.5380,12.2803,3047,0,0
249.5628,12.3126,3055,0,0
249.5876,12.2924,3050,0,0
249.6124,12.2602,3042,0,0
249.6372,12.2803,3047,0,0
249.6620,12.3126,3055,0,0
249.6868,12.2763,3046,0,0
249.7116,12.2602,3042,0,0
249.7365,12.2844,3048,0,0
249.7612,12.3085,3054,0,0
249.7861,12.3085,3054,0,0
249.8109,12.3166,3056,0,0
249.8357,12.2924,3050,0,0
249.8605,12.2924,3050,0,0
249.8853,12.2763,3046,0,0
249.9101,12.2803,3047,0,0
249.9349,12.3287,3059,0,0
249.9597,12.2803,3047,0,0
249.9845,12.2803,3047,0,0
250.0093,12.2602,3042,0,0
250.0341,12.2763,3046,0,0
250.0589,12.2803,3047,0,0
250.0837,12.3166,3056,0,0
250.1085,12.2602,3042,0,0
250.1333,12.2844,3048,0,0
250.1581,12.2763,3046,0,0
250.1829,12.2844,3048,0,0
250.2077,12.3005,3052,0,0
250.2325,12.3085,3054,0,0
250.2573,12.2803,3047,0,0
250.2821,12.2803,3047,0,0
250.3069,12.3126,3055,0,0
250.3317,12.2924,3050,0,0
250.3565,12.3045,3053,0,0
250.3813,12.3005,3052,0,0
250.4061,12.2844,3048,0,0
250.4309,12.2481,3039,0,0
250.4557,12.3085,3054,0,0
250.4805,12.3287,3059,0,0
250.5053,12.2803,3047,0,0
250.5301,12.3005,3052,0,0
250.5549,12.2803,3047,0,0
250.5797,12.2521,3040,0,0
250.6045,12.2602,3042,0,0
250.6293,12.3166,3056,0,0
250.6541,12.2199,3032,0,0
250.6789,12.2965,3051,0,0
250.7038,12.3166,3056,0,0
250.7285,12.3327,3060,0,0
250.7534,12.3206,3057,0,0
250.7782,12.2763,3046,0,0
250.8030,12.3166,3056,0,0
250.8278,12.3085,3054,0,0
250.8526,12.2924,3050,0,0
250.8774,12.2763,3046,0,0
250.9022,12.2763,3046,0,0
250.9270,12.3206,3057,0,0
250.9518,12.3327,3060,0,0
250.9766,12.3327,3060,0,0
251.0014,12.2844,3048,0,0
251.0262,12.2924,3050,0,0
251.0510,12.2682,3044,0,0
251.0758,12.3005,3052,0,0
251.1006,12.2763,3046,0,0
251.1254,12.2844,3048,0,0
251.1502,12.2844,3048,0,0
251.1750,12.3045,3053,0,0
251.1998,12.2763,3046,0,0
251.2246,12.3005,3052,0,0
251.2494,12.2844,3048,0,0
251.2742,12.2924,3050,0,0
251.2990,12.2844,3048,0,0
251.3238,12.2723,3045,0,0
251.3486,12.2844,3048,0,0
251.3734,12.3126,3055,0,0
251.3982,12.2803,3047,0,0
251.4230,12.3085,3054,0,0
251.4478,12.3166,3056,0,0
251.4726,12.2844,3048,0,0
251.4974,12.2844,3048,0,0
251.5222,12.2803,3047,0,0
251.5470,12.2602,3042,0,0
251.5718,12.2199,3032,0,0
251.5966,12.3287,3059,0,0
251.6214,12.3126,3055,0,0
251.6462,12.2844,3048,0,0
251.6711,12.3085,3054,0,0
251.6958,12.2763,3046,0,0
251.7207,12.2844,3048,0,0
251.7455,12.2602,3042,0,0
251.7702,12.3166,3056,0,0
251.7951,12.2844,3048,0,0
251.8199,12.2844,3048,0,0
251.8447,12.3166,3056,0,0
251.8695,12.3005,3052,0,0
251.8943,12.2682,3044,0,0
251.9191,12.2965,3051,0,0
251.9439,12.2844,3048,0,0
251.9687,12.2521,3040,0,0
251.9935,12.3166,3056,0,0
252.0183,12.2481,3039,0,0
252.0431,12.2844,3048,0,0
252.0679,12.2521,3040,0,0
252.0927,12.2844,3048,0,0
252.1175,12.2481,3039,0,0
252.1423,12.2844,3048,0,0
252.1671,12.3166,3056,0,0
252.1919,12.2844,3048,0,0
252.2167,12.2844,3048,0,0
252.2415,12.3126,3055,0,0
252.2663,12.3206,3057,0,0
252.2911,12.2844,3048,0,0
252.3159,12.3206,3057,0,0
252.3407,12.3206,3057,0,0
252.3655,12.3005,3052,0,0
252.3903,12.3206,3057,0,0
252.4151,12.3247,3058,0,0
252.4399,12.2844,3048,0,0
252.4647,12.2965,3051,0,0
252.4895,12.2682,3044,0,0
252.5143,12.3085,3054,0,0
252.5391,12.2803,3047,0,0
252.5639,12.2803,3047,0,0
252.5887,12.3327,3060,0,0
252.6135,12.2723,3045,0,0
252.6383,12.2521,3040,0,0
252.6631,12.2803,3047,0,0
252.6879,12.2763,3046,0,0
252.7128,12.2803,3047,0,0
252.7375,12.3005,3052,0,0
252.7624,12.2924,3050,0,0
252.7872,12.2723,3045,0,0
252.8120,12.2803,3047,0,0
252.8368,12.2803,3047,0,0
252.8616,12.2682,3044,0,0
252.8864,12.3005,3052,0,0
252.9112,12.2844,3048,0,0
252.9360,12.2763,3046,0,0
252.9608,12.3085,3054,0,0
252.9856,12.3085,3054,0,0
253.0104,12.2965,3051,0,0
253.0352,12.2803,3047,0,0
253.0600,12.2763,3046,0,0
253.0848,12.2844,3048,0,0
253.1096,12.3005,3052,0,0
253.1344,12.2602,3042,0,0
253.1592,12.2844,3048,0,0
253.1840,12.3126,3055,0,0
253.2088,12.3126,3055,0,0
253.2336,12.3085,3054,0,0
253.2584,12.3085,3054,0,0
253.2832,12.2844,3048,0,0
253.3080,12.2844,3048,0,0
253.3328,12.2924,3050,0,0
253.3576,12.3005,3052,0,0
253.3824,12.2763,3046,0,0
253.4072,12.2682,3044,0,0
253.4320,12.3005,3052,0,0
253.4568,12.2924,3050,0,0
253.4816,12.3166,3056,0,0
253.5064,12.2965,3051,0,0
253.5312,12.2844,3048,0,0
253.5560,12.3126,3055,0,0
253.5808,12.2803,3047,0,0
253.6056,12.2803,3047,0,0
253.6304,12.3005,3052,0,0
253.6552,12.2844,3048,0,0
253.6801,12.2521,3040,0,0
253.7048,12.2844,3048,0,0
253.7297,12.2965,3051,0,0
253.7545,12.3005,3052,0,0
253.7793,12.2521,3040,0,0
253.8041,12.2844,3048,0,0
253.8289,12.3126,3055,0,0
253.8537,12.3166,3056,0,0
253.8785,12.3045,3053,0,0
253.9033,12.2682,3044,0,0
253.9281,12.2803,3047,0,0
253.9529,12.2602,3042,0,0
253.9777,12.3327,3060,0,0
254.0025,12.3247,3058,0,0
254.0273,12.2844,3048,0,0
254.0521,12.2803,3047,0,0
254.0769,12.2803,3047,0,0
254.1017,12.3206,3057,0,0
254.1265,12.2965,3051,0,0
254.1513,12.3166,3056,0,0
254.1761,12.3085,3054,0,0
254.2009,12.2723,3045,0,0
254.2257,12.2924,3050,0,0
254.2505,12.3005,3052,0,0
254.2753,12.2844,3048,0,0
254.3001,12.2602,3042,0,0
254.3249,12.2844,3048,0,0
254.3497,12.2844,3048,0,0
254.3745,12.2844,3048,0,0
254.3993,12.3206,3057,0,0
254.4241,12.3247,3058,0,0
254.4489,12.3045,3053,0,0
254.4737,12.2844,3048,0,0
254.4985,12.2803,3047,0,0
254.5233,12.2965,3051,0,0
254.5481,12.2441,3038,0,0
254.5729,12.2723,3045,0,0
254.5977,12.3166,3056,0,0
254.6225,12.3166,3056,0,0
254.6473,12.3085,3054,0,0
254.6721,12.2844,3048,0,0
254.6969,12.2602,3042,0,0
254.7218,12.2682,3044,0,0
254.7466,12.2844,3048,0,0
254.7714,12.2521,3040,0,0
254.7962,12.3206,3057,0,0
254.8210,12.2803,3047,0,0
254.8458,12.2763,3046,0,0
254.8706,12.2844,3048,0,0
254.8954,12.2844,3048,0,0
254.9202,12.2803,3047,0,0
254.9450,12.2844,3048,0,0
254.9698,12.2844,3048,0,0
254.9946,12.2924,3050,0,0
255.0194,12.2682,3044,0,0
255.0442,12.2844,3048,0,0
255.0690,12.3126,3055,0,0
255.0938,12.2803,3047,0,0
255.1186,12.2924,3050,0,0
255.1434,12.3045,3053,0,0
255.1682,12.3005,3052,0,0
255.1930,12.2723,3045,0,0
255.2178,12.2844,3048,0,0
255.2426,12.2844,3048,0,0
255.2674,12.2682,3044,0,0
255.2922,12.2803,3047,0,0
255.3170,12.2844,3048,0,0
255.3418,12.2844,3048,0,0
255.3666,12.2803,3047,0,0
255.3914,12.2844,3048,0,0
255.4162,12.2924,3050,0,0
255.4410,12.2844,3048,0,0
255.4658,12.2844,3048,0,0
255.4906,12.2844,3048,0,0
255.5154,12.3045,3053,0,0
255.5402,12.2763,3046,0,0
255.5650,12.2682,3044,0,0
255.5898,12.3126,3055,0,0
255.6146,12.2803,3047,0,0
255.6395,12.2844,3048,0,0
255.6642,12.2682,3044,0,0
255.6891,12.2803,3047,0,0
255.7139,12.3005,3052,0,0
255.7387,12.3166,3056,0,0
255.7635,12.2602,3042,0,0
255.7883,12.2803,3047,0,0
255.8131,12.3085,3054,0,0
255.8379,12.2803,3047,0,0
255.8627,12.2803,3047,0,0
255.8875,12.2844,3048,0,0
255.9123,12.3206,3057,0,0
255.9371,12.3005,3052,0,0
255.9619,12.3085,3054,0,0
255.9867,12.2844,3048,0,0
256.0115,12.2763,3046,0,0
256.0363,12.2682,3044,0,0
256.0611,12.2844,3048,0,0
256.0859,12.3247,3058,0,0
256.1107,12.3126,3055,0,0
256.1355,12.2844,3048,0,0
256.1603,12.2763,3046,0,0
256.1851,12.2763,3046,0,0
256.2099,12.3085,3054,0,0
256.2347,12.3085,3054,0,0
256.2595,12.2803,3047,0,0
256.2843,12.2602,3042,0,0
256.3091,12.3287,3059,0,0
256.3339,12.2803,3047,0,0
256.3587,12.3327,3060,0,0
256.3835,12.3206,3057,0,0
256.4083,12.2602,3042,0,0
256.4331,12.2965,3051,0,0
256.4579,12.3126,3055,0,0
256.4827,12.2844,3048,0,0
256.5075,12.2844,3048,0,0
256.5323,12.3045,3053,0,0
256.5571,12.2521,3040,0,0
256.5819,12.2803,3047,0,0
256.6068,12.2844,3048,0,0
256.6316,12.2924,3050,0,0
256.6563,12.2441,3038,0,0
256.6812,12.2803,3047,0,0
256.7060,12.3166,3056,0,0
256.7307,12.3166,3056,0,0
256.7556,12.2723,3045,0,0
256.7804,12.2803,3047,0,0
256.8052,12.2844,3048,0,0
256.8300,12.2803,3047,0,0
256.8548,12.2803,3047,0,0
256.8796,12.2844,3048,0,0
256.9044,12.3166,3056,0,0
256.9292,12.2602,3042,0,0
256.9540,12.2803,3047,0,0
256.9788,12.2844,3048,0,0
257.0036,12.3287,3059,0,0
257.0284,12.2763,3046,0,0
257.0532,12.2521,3040,0,0
257.0780,12.2803,3047,0,0
257.1028,12.2682,3044,0,0
257.1276,12.3005,3052,0,0
257.1524,12.3247,3058,0,0
257.1772,12.3166,3056,0,0
257.2020,12.2844,3048,0,0
257.2268,12.2803,3047,0,0
257.2516,12.2844,3048,0,0
257.2764,12.3045,3053,0,0
257.3012,12.2803,3047,0,0
257.3260,12.2682,3044,0,0
257.3508,12.3085,3054,0,0
257.3756,12.2844,3048,0,0
257.4004,12.2844,3048,0,0
257.4252,12.2803,3047,0,0
257.4500,12.2521,3040,0,0
257.4748,12.2199,3032,0,0
257.4996,12.3005,3052,0,0
257.5244,12.3126,3055,0,0
257.5492,12.2844,3048,0,0
257.5740,12.2844,3048,0,0
257.5988,12.3126,3055,0,0
257.6237,12.2682,3044,0,0
257.6484,12.2763,3046,0,0
257.6732,12.3085,3054,0,0
257.6981,12.2763,3046,0,0
257.7229,12.2844,3048,0,0
257.7477,12.2844,3048,0,0
257.7725,12.2844,3048,0,0
257.7973,12.2481,3039,0,0
257.8221,12.3166,3056,0,0
257.8469,12.3005,3052,0,0
257.8717,12.2844,3048,0,0
257.8965,12.2803,3047,0,0
257.9213,12.2682,3044,0,0
257.9461,12.3166,3056,0,0
257.9709,12.2924,3050,0,0
257.9957,12.2602,3042,0,0
258.0205,12.3085,3054,0,0
258.0453,12.2682,3044,0,0
258.0701,12.2803,3047,0,0
258.0949,12.3005,3052,0,0
258.1197,12.2844,3048,0,0
258.1445,12.2803,3047,0,0
258.1693,12.2803,3047,0,0
258.1941,12.2924,3050,0,0
258.2189,12.2844,3048,0,0
258.2437,12.2763,3046,0,0
258.2685,12.2602,3042,0,0
258.2933,12.3085,3054,0,0
258.3181,12.3166,3056,0,0
258.3429,12.3126,3055,0,0
258.3677,12.2924,3050,0,0
258.3925,12.3126,3055,0,0
258.4173,12.2965,3051,0,0
258.4421,12.3206,3057,0,0
258.4669,12.3488,3064,0,0
258.4917,12.2844,3048,0,0
258.5165,12.2844,3048,0,0
258.5414,12.3206,3057,0,0
258.5661,12.3206,3057,0,0
258.5909,12.2763,3046,0,0
258.6158,12.2844,3048,0,0
258.6406,12.2844,3048,0,0
258.6653,12.2803,3047,0,0
258.6902,12.3085,3054,0,0
258.7150,12.3045,3053,0,0
258.7397,12.3126,3055,0,0
258.7646,12.2763,3046,0,0
258.7894,12.2803,3047,0,0
258.8142,12.2803,3047,0,0
258.8390,12.3005,3052,0,0
258.8638,12.3126,3055,0,0
258.8886,12.2803,3047,0,0
258.9134,12.3005,3052,0,0
258.9382,12.2803,3047,0,0
258.9630,12.3045,3053,0,0
258.9878,12.2844,3048,0,0
259.0126,12.3206,3057,0,0
259.0374,12.3126,3055,0,0
259.0622,12.2602,3042,0,0
259.0870,12.2844,3048,0,0
259.1118,12.2924,3050,0,0
259.1366,12.2844,3048,0,0
259.1614,12.2481,3039,0,0
259.1862,12.2521,3040,0,0
259.2110,12.3005,3052,0,0
259.2358,12.3126,3055,0,0
259.2606,12.2924,3050,0,0
259.2854,12.2803,3047,0,0
259.3102,12.3206,3057,0,0
259.3350,12.2803,3047,0,0
259.3598,12.2763,3046,0,0
259.3846,12.2924,3050,0,0
259.4094,12.2924,3050,0,0
259.4342,12.2602,3042,0,0
259.4590,12.3126,3055,0,0
259.4838,12.3206,3057,0,0
259.5086,12.3206,3057,0,0
259.5334,12.2844,3048,0,0
259.5582,12.2803,3047,0,0
259.5830,12.2763,3046,0,0
259.6078,12.3085,3054,0,0
259.6327,12.2844,3048,0,0
259.6574,12.2924,3050,0,0
259.6823,12.3166,3056,0,0
259.7071,12.3206,3057,0,0
259.7319,12.2763,3046,0,0
259.7567,12.2803,3047,0,0
259.7815,12.3005,3052,0,0
259.8063,12.3166,3056,0,0
259.8311,12.2763,3046,0,0
259.8559,12.2682,3044,0,0
259.8807,12.2844,3048,0,0
259.9055,12.2844,3048,0,0
259.9303,12.2682,3044,0,0
259.9551,12.2803,3047,0,0
259.9799,12.3206,3057,0,0
260.0047,12.2763,3046,0,0
260.0295,12.3126,3055,0,0
260.0543,12.2844,3048,0,0
260.0791,12.2521,3040,0,0
260.1039,12.2602,3042,0,0
260.1287,12.3327,3060,0,0
260.1535,12.2844,3048,0,0
260.1783,12.3206,3057,0,0
260.2031,12.2844,3048,0,0
260.2279,12.2924,3050,0,0
260.2527,12.3529,3065,0,0
260.2775,12.2924,3050,0,0
260.3023,12.2844,3048,0,0
260.3271,12.3166,3056,0,0
260.3519,12.3085,3054,0,0
260.3767,12.2924,3050,0,0
260.4015,12.3126,3055,0,0
260.4263,12.2924,3050,0,0
260.4511,12.3166,3056,0,0
260.4759,12.3166,3056,0,0
260.5007,12.2844,3048,0,0
260.5255,12.2803,3047,0,0
260.5504,12.3126,3055,0,0
260.5751,12.3166,3056,0,0
260.5999,12.2803,3047,0,0
260.6248,12.2844,3048,0,0
260.6496,12.3126,3055,0,0
260.6743,12.2965,3051,0,0
260.6992,12.2844,3048,0,0
260.7240,12.3166,3056,0,0
260.7487,12.2844,3048,0,0
260.7736,12.3045,3053,0,0
260.7984,12.2924,3050,0,0
260.8232,12.2844,3048,0,0
260.8480,12.2844,3048,0,0
260.8728,12.3005,3052,0,0
260.8976,12.2803,3047,0,0
260.9224,12.2924,3050,0,0
260.9472,12.3287,3059,0,0
260.9720,12.2844,3048,0,0
260.9968,12.2602,3042,0,0
261.0216,12.2803,3047,0,0
261.0464,12.2924,3050,0,0
261.0712,12.2844,3048,0,0
261.0960,12.3126,3055,0,0
261.1208,12.3045,3053,0,0
261.1456,12.3126,3055,0,0
261.1704,12.2924,3050,0,0
261.1952,12.2844,3048,0,0
261.2200,12.2844,3048,0,0
261.2448,12.2602,3042,0,0
261.2696,12.3206,3057,0,0
261.2944,12.2521,3040,0,0
261.3192,12.2844,3048,0,0
261.3440,12.2602,3042,0,0
261.3688,12.3005,3052,0,0
261.3936,12.2965,3051,0,0
261.4184,12.3206,3057,0,0
261.4432,12.2763,3046,0,0
261.4680,12.2844,3048,0,0
261.4928,12.3005,3052,0,0
261.5176,12.2924,3050,0,0
261.5424,12.2481,3039,0,0
261.5672,12.2158,3031,0,0
261.5920,12.3126,3055,0,0
261.6169,12.3126,3055,0,0
261.6417,12.2803,3047,0,0
261.6664,12.2602,3042,0,0
261.6913,12.2844,3048,0,0
261.7161,12.2803,3047,0,0
261.7409,12.2803,3047,0,0
261.7657,12.3166,3056,0,0
261.7905,12.3126,3055,0,0
261.8153,12.2803,3047,0,0
261.8401,12.2803,3047,0,0
261.8649,12.3085,3054,0,0
261.8897,12.2924,3050,0,0
261.9145,12.2844,3048,0,0
261.9393,12.3045,3053,0,0
261.9641,12.2844,3048,0,0
261.9889,12.3005,3052,0,0
262.0137,12.2844,3048,0,0
262.0385,12.2723,3045,0,0
262.0633,12.2803,3047,0,0
262.0881,12.2602,3042,0,0
262.1129,12.3206,3057,0,0
262.1377,12.3327,3060,0,0
262.1625,12.3126,3055,0,0
262.1873,12.2521,3040,0,0
262.2121,12.2682,3044,0,0
262.2369,12.3045,3053,0,0
262.2617,12.3126,3055,0,0
262.2865,12.2844,3048,0,0
262.3113,12.3206,3057,0,0
262.3361,12.2803,3047,0,0
262.3609,12.2924,3050,0,0
262.3857,12.3166,3056,0,0
262.4105,12.2602,3042,0,0
262.4353,12.2803,3047,0,0
262.4601,12.2763,3046,0,0
262.4849,12.2844,3048,0,0
262.5097,12.2763,3046,0,0
262.5345,12.3005,3052,0,0
262.5594,12.2844,3048,0,0
262.5841,12.2844,3048,0,0
262.6089,12.3529,3065,0,0
262.6338,12.3005,3052,0,0
262.6586,12.2844,3048,0,0
262.6833,12.2924,3050,0,0
