# fixture_id,F3FD7C
# firmware,net-bench-2026-08-06.4
# capture_id,7
# pulse_ms,12
# requested_conversion_hz,80000
# vsns_sample_hz,40318.652
# d7s_sample_hz,40318.652
# radio_quiet,true
t_ms,bank_v,vsns_mv,d7s_mv,gate_command
-10.3178,5.0782,1260,0,0
-10.2930,5.0782,1260,0,0
-10.2682,5.0782,1260,0,0
-10.2434,5.0862,1262,0,0
-10.2186,5.0862,1262,0,0
-10.1938,5.0782,1260,0,0
-10.1690,5.0661,1257,0,0
-10.1442,5.0862,1262,0,0
-10.1194,5.0943,1264,0,0
-10.0946,5.0862,1262,0,0
-10.0698,5.0782,1260,0,0
-10.0450,5.1104,1268,0,0
-10.0202,5.0943,1264,0,0
-9.9954,5.0782,1260,0,0
-9.9706,5.0661,1257,0,0
-9.9458,5.0943,1264,0,0
-9.9210,5.0782,1260,0,0
-9.8962,5.0943,1264,0,0
-9.8714,5.1064,1267,0,0
-9.8466,5.0338,1249,0,0
-9.8218,5.0782,1260,0,0
-9.7970,5.0862,1262,0,0
-9.7722,5.0862,1262,0,0
-9.7473,5.0782,1260,0,0
-9.7225,5.0782,1260,0,0
-9.6977,5.0943,1264,0,0
-9.6729,5.0782,1260,0,0
-9.6481,5.0943,1264,0,0
-9.6233,5.0862,1262,0,0
-9.5985,5.0782,1260,0,0
-9.5737,5.0822,1261,0,0
-9.5489,5.0822,1261,0,0
-9.5241,5.0580,1255,0,0
-9.4993,5.0822,1261,0,0
-9.4745,5.0943,1264,0,0
-9.4497,5.0943,1264,0,0
-9.4249,5.1064,1267,0,0
-9.4001,5.0822,1261,0,0
-9.3753,5.0742,1259,0,0
-9.3505,5.0943,1264,0,0
-9.3257,5.0862,1262,0,0
-9.3009,5.0862,1262,0,0
-9.2761,5.0943,1264,0,0
-9.2513,5.0822,1261,0,0
-9.2265,5.0943,1264,0,0
-9.2017,5.0983,1265,0,0
-9.1769,5.0742,1259,0,0
-9.1521,5.0782,1260,0,0
-9.1273,5.0500,1253,0,0
-9.1025,5.0782,1260,0,0
-9.0777,5.0943,1264,0,0
-9.0529,5.0943,1264,0,0
-9.0281,5.0862,1262,0,0
-9.0033,5.0782,1260,0,0
-8.9785,5.0943,1264,0,0
-8.9537,5.0983,1265,0,0
-8.9289,5.0782,1260,0,0
-8.9041,5.0661,1257,0,0
-8.8793,5.0782,1260,0,0
-8.8545,5.0943,1264,0,0
-8.8297,5.0782,1260,0,0
-8.8049,5.0862,1262,0,0
-8.7801,5.0943,1264,0,0
-8.7553,5.0661,1257,0,0
-8.7305,5.0782,1260,0,0
-8.7056,5.0822,1261,0,0
-8.6808,5.0903,1263,0,0
-8.6560,5.1024,1266,0,0
-8.6312,5.0862,1262,0,0
-8.6064,5.0862,1262,0,0
-8.5816,5.0742,1259,0,0
-8.5568,5.0903,1263,0,0
-8.5320,5.0983,1265,0,0
-8.5072,5.0782,1260,0,0
-8.4824,5.0943,1264,0,0
-8.4576,5.1064,1267,0,0
-8.4328,5.0903,1263,0,0
-8.4080,5.0782,1260,0,0
-8.3832,5.0862,1262,0,0
-8.3584,5.0822,1261,0,0
-8.3336,5.0701,1258,0,0
-8.3088,5.0943,1264,0,0
-8.2840,5.0742,1259,0,0
-8.2592,5.0782,1260,0,0
-8.2344,5.0983,1265,0,0
-8.2096,5.0782,1260,0,0
-8.1848,5.0943,1264,0,0
-8.1600,5.0943,1264,0,0
-8.1352,5.0943,1264,0,0
-8.1104,5.0822,1261,0,0
-8.0856,5.0903,1263,0,0
-8.0608,5.0862,1262,0,0
-8.0360,5.0177,1245,0,0
-8.0112,5.0338,1249,0,0
-7.9864,5.1024,1266,0,0
-7.9616,5.0943,1264,0,0
-7.9368,5.0862,1262,0,0
-7.9120,5.0661,1257,0,0
-7.8872,5.1145,1269,0,0
-7.8624,5.0742,1259,0,0
-7.8376,5.0822,1261,0,0
-7.8128,5.0862,1262,0,0
-7.7880,5.0822,1261,0,0
-7.7632,5.1064,1267,0,0
-7.7384,5.0782,1260,0,0
-7.7136,5.0983,1265,0,0
-7.6887,5.0782,1260,0,0
-7.6639,5.0822,1261,0,0
-7.6391,5.0822,1261,0,0
-7.6143,5.0943,1264,0,0
-7.5895,5.0822,1261,0,0
-7.5647,5.0782,1260,0,0
-7.5399,5.0983,1265,0,0
-7.5151,5.0782,1260,0,0
-7.4903,5.0862,1262,0,0
-7.4655,5.1024,1266,0,0
-7.4407,5.0782,1260,0,0
-7.4159,5.0782,1260,0,0
-7.3911,5.0742,1259,0,0
-7.3663,5.0943,1264,0,0
-7.3415,5.0862,1262,0,0
-7.3167,5.1225,1271,0,0
-7.2919,5.0943,1264,0,0
-7.2671,5.0983,1265,0,0
-7.2423,5.0742,1259,0,0
-7.2175,5.0903,1263,0,0
-7.1927,5.0782,1260,0,0
-7.1679,5.0822,1261,0,0
-7.1431,5.0903,1263,0,0
-7.1183,5.0742,1259,0,0
-7.0935,5.0983,1265,0,0
-7.0687,5.0782,1260,0,0
-7.0439,5.0822,1261,0,0
-7.0191,5.0943,1264,0,0
-6.9943,5.0782,1260,0,0
-6.9695,5.0822,1261,0,0
-6.9447,5.0943,1264,0,0
-6.9199,5.0782,1260,0,0
-6.8951,5.0862,1262,0,0
-6.8703,5.0782,1260,0,0
-6.8455,5.0782,1260,0,0
-6.8207,5.1145,1269,0,0
-6.7959,5.0943,1264,0,0
-6.7711,5.0903,1263,0,0
-6.7463,5.0701,1258,0,0
-6.7215,5.0742,1259,0,0
-6.6967,5.0782,1260,0,0
-6.6719,5.0983,1265,0,0
-6.6470,5.1024,1266,0,0
-6.6222,5.0943,1264,0,0
-6.5974,5.0782,1260,0,0
-6.5726,5.0903,1263,0,0
-6.5478,5.1064,1267,0,0
-6.5230,5.1064,1267,0,0
-6.4982,5.0862,1262,0,0
-6.4734,5.0983,1265,0,0
-6.4486,5.0943,1264,0,0
-6.4238,5.0862,1262,0,0
-6.3990,5.0943,1264,0,0
-6.3742,5.0943,1264,0,0
-6.3494,5.0782,1260,0,0
-6.3246,5.0943,1264,0,0
-6.2998,5.0862,1262,0,0
-6.2750,5.0782,1260,0,0
-6.2502,5.0943,1264,0,0
-6.2254,5.0822,1261,0,0
-6.2006,5.0903,1263,0,0
-6.1758,5.0862,1262,0,0
-6.1510,5.0742,1259,0,0
-6.1262,5.0661,1257,0,0
-6.1014,5.1064,1267,0,0
-6.0766,5.0862,1262,0,0
-6.0518,5.0943,1264,0,0
-6.0270,5.1064,1267,0,0
-6.0022,5.0943,1264,0,0
-5.9774,5.0742,1259,0,0
-5.9526,5.0862,1262,0,0
-5.9278,5.1225,1271,0,0
-5.9030,5.0862,1262,0,0
-5.8782,5.0943,1264,0,0
-5.8534,5.0903,1263,0,0
-5.8286,5.0862,1262,0,0
-5.8038,5.0742,1259,0,0
-5.7790,5.0862,1262,0,0
-5.7542,5.0701,1258,0,0
-5.7294,5.0943,1264,0,0
-5.7046,5.0943,1264,0,0
-5.6798,5.1064,1267,0,0
-5.6550,5.0862,1262,0,0
-5.6301,5.1104,1268,0,0
-5.6053,5.1265,1272,0,0
-5.5805,5.0782,1260,0,0
-5.5557,5.0943,1264,0,0
-5.5309,5.0943,1264,0,0
-5.5061,5.0862,1262,0,0
-5.4813,5.0983,1265,0,0
-5.4565,5.0862,1262,0,0
-5.4317,5.0943,1264,0,0
-5.4069,5.0862,1262,0,0
-5.3821,5.0862,1262,0,0
-5.3573,5.0903,1263,0,0
-5.3325,5.0822,1261,0,0
-5.3077,5.0742,1259,0,0
-5.2829,5.1064,1267,0,0
-5.2581,5.0056,1242,0,0
-5.2333,5.0822,1261,0,0
-5.2085,5.0983,1265,0,0
-5.1837,5.1064,1267,0,0
-5.1589,5.0742,1259,0,0
-5.1341,5.0742,1259,0,0
-5.1093,5.0903,1263,0,0
-5.0845,5.0983,1265,0,0
-5.0597,5.0742,1259,0,0
-5.0349,5.1064,1267,0,0
-5.0101,5.0943,1264,0,0
-4.9853,5.0822,1261,0,0
-4.9605,5.0943,1264,0,0
-4.9357,5.1265,1272,0,0
-4.9109,5.0943,1264,0,0
-4.8861,5.0862,1262,0,0
-4.8613,5.0742,1259,0,0
-4.8365,5.0862,1262,0,0
-4.8117,5.0862,1262,0,0
-4.7869,5.0862,1262,0,0
-4.7621,5.0862,1262,0,0
-4.7373,5.1104,1268,0,0
-4.7125,5.0943,1264,0,0
-4.6877,5.0862,1262,0,0
-4.6629,5.0862,1262,0,0
-4.6381,5.0862,1262,0,0
-4.6132,5.0983,1265,0,0
-4.5884,5.0580,1255,0,0
-4.5636,5.0862,1262,0,0
-4.5388,5.0943,1264,0,0
-4.5140,5.0661,1257,0,0
-4.4892,5.0943,1264,0,0
-4.4644,5.0943,1264,0,0
-4.4396,5.0943,1264,0,0
-4.4148,5.0298,1248,0,0
-4.3900,5.1064,1267,0,0
-4.3652,5.0822,1261,0,0
-4.3404,5.1145,1269,0,0
-4.3156,5.0782,1260,0,0
-4.2908,5.0943,1264,0,0
-4.2660,5.0742,1259,0,0
-4.2412,5.1064,1267,0,0
-4.2164,5.0943,1264,0,0
-4.1916,5.0862,1262,0,0
-4.1668,5.0943,1264,0,0
-4.1420,5.0701,1258,0,0
-4.1172,5.0943,1264,0,0
-4.0924,5.1265,1272,0,0
-4.0676,5.0862,1262,0,0
-4.0428,5.0742,1259,0,0
-4.0180,5.0943,1264,0,0
-3.9932,5.0782,1260,0,0
-3.9684,5.0862,1262,0,0
-3.9436,5.0862,1262,0,0
-3.9188,5.0782,1260,0,0
-3.8940,5.0862,1262,0,0
-3.8692,5.0822,1261,0,0
-3.8444,5.0862,1262,0,0
-3.8196,5.0903,1263,0,0
-3.7948,5.0903,1263,0,0
-3.7700,5.0742,1259,0,0
-3.7452,5.1024,1266,0,0
-3.7204,5.0943,1264,0,0
-3.6956,5.0661,1257,0,0
-3.6708,5.0903,1263,0,0
-3.6460,5.0742,1259,0,0
-3.6212,5.0782,1260,0,0
-3.5964,5.0500,1253,0,0
-3.5715,5.1104,1268,0,0
-3.5467,5.0742,1259,0,0
-3.5219,5.0943,1264,0,0
-3.4971,5.0782,1260,0,0
-3.4723,5.0822,1261,0,0
-3.4475,5.0661,1257,0,0
-3.4227,5.0782,1260,0,0
-3.3979,5.0701,1258,0,0
-3.3731,5.0661,1257,0,0
-3.3483,5.0862,1262,0,0
-3.3235,5.0661,1257,0,0
-3.2987,5.0943,1264,0,0
-3.2739,5.0943,1264,0,0
-3.2491,5.0862,1262,0,0
-3.2243,5.0862,1262,0,0
-3.1995,5.0661,1257,0,0
-3.1747,5.0943,1264,0,0
-3.1499,5.0822,1261,0,0
-3.1251,5.0742,1259,0,0
-3.1003,5.0943,1264,0,0
-3.0755,5.0943,1264,0,0
-3.0507,5.0943,1264,0,0
-3.0259,5.0983,1265,0,0
-3.0011,5.0943,1264,0,0
-2.9763,5.0782,1260,0,0
-2.9515,5.0782,1260,0,0
-2.9267,5.0701,1258,0,0
-2.9019,5.1104,1268,0,0
-2.8771,5.0822,1261,0,0
-2.8523,5.0782,1260,0,0
-2.8275,5.0862,1262,0,0
-2.8027,5.0782,1260,0,0
-2.7779,5.0943,1264,0,0
-2.7531,5.0943,1264,0,0
-2.7283,5.0862,1262,0,0
-2.7035,5.0862,1262,0,0
-2.6787,5.0822,1261,0,0
-2.6539,5.0782,1260,0,0
-2.6291,5.0943,1264,0,0
-2.6043,5.0943,1264,0,0
-2.5795,5.0943,1264,0,0
-2.5546,5.0862,1262,0,0
-2.5298,5.0983,1265,0,0
-2.5050,5.0782,1260,0,0
-2.4802,5.0862,1262,0,0
-2.4554,5.0943,1264,0,0
-2.4306,5.0701,1258,0,0
-2.4058,5.0862,1262,0,0
-2.3810,5.0983,1265,0,0
-2.3562,5.0943,1264,0,0
-2.3314,5.0782,1260,0,0
-2.3066,5.0983,1265,0,0
-2.2818,5.0782,1260,0,0
-2.2570,5.1064,1267,0,0
-2.2322,5.0943,1264,0,0
-2.2074,5.0903,1263,0,0
-2.1826,5.0419,1251,0,0
-2.1578,5.0943,1264,0,0
-2.1330,5.0742,1259,0,0
-2.1082,5.0862,1262,0,0
-2.0834,5.0782,1260,0,0
-2.0586,5.1064,1267,0,0
-2.0338,5.1064,1267,0,0
-2.0090,5.0943,1264,0,0
-1.9842,5.0701,1258,0,0
-1.9594,5.0822,1261,0,0
-1.9346,5.0862,1262,0,0
-1.9098,5.0903,1263,0,0
-1.8850,5.0862,1262,0,0
-1.8602,5.0903,1263,0,0
-1.8354,5.0500,1253,0,0
-1.8106,5.0822,1261,0,0
-1.7858,5.0903,1263,0,0
-1.7610,5.0822,1261,0,0
-1.7362,5.0862,1262,0,0
-1.7114,5.0943,1264,0,0
-1.6866,5.0943,1264,0,0
-1.6618,5.0782,1260,0,0
-1.6370,5.0983,1265,0,0
-1.6122,5.0782,1260,0,0
-1.5874,5.0903,1263,0,0
-1.5626,5.0862,1262,0,0
-1.5377,5.0782,1260,0,0
-1.5129,5.0943,1264,0,0
-1.4881,5.0943,1264,0,0
-1.4633,5.0822,1261,0,0
-1.4385,5.0742,1259,0,0
-1.4137,5.0701,1258,0,0
-1.3889,5.0782,1260,0,0
-1.3641,5.1104,1268,0,0
-1.3393,5.0782,1260,0,0
-1.3145,5.0943,1264,0,0
-1.2897,5.0983,1265,0,0
-1.2649,5.0943,1264,0,0
-1.2401,5.0822,1261,0,0
-1.2153,5.0903,1263,0,0
-1.1905,5.0782,1260,0,0
-1.1657,5.0742,1259,0,0
-1.1409,5.1225,1271,0,0
-1.1161,5.0862,1262,0,0
-1.0913,5.0943,1264,0,0
-1.0665,5.1225,1271,0,0
-1.0417,5.0822,1261,0,0
-1.0169,5.0943,1264,0,0
-0.9921,5.0782,1260,0,0
-0.9673,5.1064,1267,0,0
-0.9425,5.0943,1264,0,0
-0.9177,5.0661,1257,0,0
-0.8929,5.0943,1264,0,0
-0.8681,5.0862,1262,0,0
-0.8433,5.0782,1260,0,0
-0.8185,5.0701,1258,0,0
-0.7937,5.0943,1264,0,0
-0.7689,5.0983,1265,0,0
-0.7441,5.0540,1254,0,0
-0.7193,5.0782,1260,0,0
-0.6945,5.0862,1262,0,0
-0.6697,5.0782,1260,0,0
-0.6449,5.0822,1261,0,0
-0.6201,5.0862,1262,0,0
-0.5953,5.0983,1265,0,0
-0.5705,5.0782,1260,0,0
-0.5457,5.0701,1258,0,0
-0.5209,5.0943,1264,0,0
-0.4960,5.0500,1253,0,0
-0.4712,5.0742,1259,0,0
-0.4464,5.0862,1262,0,0
-0.4216,5.0822,1261,0,0
-0.3968,5.0782,1260,0,0
-0.3720,5.0661,1257,0,0
-0.3472,5.0862,1262,0,0
-0.3224,5.0822,1261,0,0
-0.2976,5.0983,1265,0,0
-0.2728,5.0782,1260,0,0
-0.2480,5.0862,1262,0,0
-0.2232,5.0782,1260,0,0
-0.1984,5.0943,1264,0,0
-0.1736,5.0983,1265,0,0
-0.1488,5.0983,1265,0,0
-0.1240,5.0782,1260,0,0
-0.0992,5.0782,1260,0,0
-0.0744,5.1104,1268,0,0
-0.0496,5.0903,1263,0,0
-0.0248,5.0580,1255,0,0
0.0000,5.0943,1264,0,1
0.0248,5.0782,1260,0,1
0.0496,5.0983,1265,3185,1
0.0744,5.0661,1257,3185,1
0.0992,5.0903,1263,3183,1
0.1240,5.0943,1264,3184,1
0.1488,5.0661,1257,3183,1
0.1736,5.0782,1260,3183,1
0.1984,5.0862,1262,3181,1
0.2232,5.0862,1262,3185,1
0.2480,5.0943,1264,3185,1
0.2728,5.0903,1263,3180,1
0.2976,5.0782,1260,3185,1
0.3224,5.0782,1260,3186,1
0.3472,5.0862,1262,3185,1
0.3720,5.0943,1264,3185,1
0.3968,5.0943,1264,3186,1
0.4216,5.0943,1264,3184,1
0.4464,5.0943,1264,3186,1
0.4712,5.0983,1265,3187,1
0.4960,5.0782,1260,3183,1
0.5209,5.0943,1264,3186,1
0.5457,5.0822,1261,3185,1
0.5705,5.0943,1264,3183,1
0.5953,5.0983,1265,3189,1
0.6201,5.0983,1265,3185,1
0.6449,5.0983,1265,3183,1
0.6697,5.0782,1260,3186,1
0.6945,5.0782,1260,3182,1
0.7193,5.0782,1260,3183,1
0.7441,5.1346,1274,3185,1
0.7689,5.1064,1267,3180,1
0.7937,5.0943,1264,3181,1
0.8185,5.1104,1268,3181,1
0.8433,5.1024,1266,3186,1
0.8681,5.0983,1265,3183,1
0.8929,5.0862,1262,3185,1
0.9177,5.0943,1264,3185,1
0.9425,5.0983,1265,3182,1
0.9673,5.0822,1261,3186,1
0.9921,5.0943,1264,3185,1
1.0169,5.1064,1267,3183,1
1.0417,5.0943,1264,3186,1
1.0665,5.1265,1272,3185,1
1.0913,5.0822,1261,3185,1
1.1161,5.0983,1265,3187,1
1.1409,5.0822,1261,3185,1
1.1657,5.1104,1268,3183,1
1.1905,5.0782,1260,3183,1
1.2153,5.0903,1263,3185,1
1.2401,5.0943,1264,3185,1
1.2649,5.1064,1267,3186,1
1.2897,5.0862,1262,3185,1
1.3145,5.1024,1266,3185,1
1.3393,5.0822,1261,3181,1
1.3641,5.1225,1271,3184,1
1.3889,5.0983,1265,3185,1
1.4137,5.0983,1265,3186,1
1.4385,5.0943,1264,3183,1
1.4633,5.1024,1266,3186,1
1.4881,5.0943,1264,3185,1
1.5129,5.1265,1272,3185,1
1.5377,5.0903,1263,3186,1
1.5626,5.0862,1262,3186,1
1.5874,5.1104,1268,3180,1
1.6122,5.0742,1259,3185,1
1.6370,5.0742,1259,3183,1
1.6618,5.0822,1261,3186,1
1.6866,5.0943,1264,3185,1
1.7114,5.0862,1262,3183,1
1.7362,5.0983,1265,3185,1
1.7610,5.0903,1263,3183,1
1.7858,5.0862,1262,3187,1
1.8106,5.0903,1263,3186,1
1.8354,5.0943,1264,3186,1
1.8602,5.1225,1271,3185,1
1.8850,5.0983,1265,3183,1
1.9098,5.1346,1274,3187,1
1.9346,5.0782,1260,3182,1
1.9594,5.0862,1262,3185,1
1.9842,5.0782,1260,3184,1
2.0090,5.0500,1253,3185,1
2.0338,5.1064,1267,3185,1
2.0586,5.1104,1268,3188,1
2.0834,5.1265,1272,3184,1
2.1082,5.0943,1264,3185,1
2.1330,5.1104,1268,3185,1
2.1578,5.0943,1264,3184,1
2.1826,5.0701,1258,3186,1
2.2074,5.0822,1261,3184,1
2.2322,5.0661,1257,3187,1
2.2570,5.0419,1251,3185,1
2.2818,5.0782,1260,3185,1
2.3066,5.0983,1265,3184,1
2.3314,5.0983,1265,3185,1
2.3562,5.0943,1264,3189,1
2.3810,5.0943,1264,3180,1
2.4058,5.0580,1255,3186,1
2.4306,5.0983,1265,3186,1
2.4554,5.0661,1257,3185,1
2.4802,5.0943,1264,3185,1
2.5050,5.0943,1264,3183,1
2.5298,5.0943,1264,3185,1
2.5546,5.1265,1272,3186,1
2.5795,5.0862,1262,3185,1
2.6043,5.0822,1261,3186,1
2.6291,5.1064,1267,3184,1
2.6539,5.0862,1262,3185,1
2.6787,5.0943,1264,3186,1
2.7035,5.0983,1265,3184,1
2.7283,5.1024,1266,3184,1
2.7531,5.0903,1263,3185,1
2.7779,5.0983,1265,3185,1
2.8027,5.0742,1259,3186,1
2.8275,5.0983,1265,3185,1
2.8523,5.1145,1269,3185,1
2.8771,5.0862,1262,3185,1
2.9019,5.0782,1260,3186,1
2.9267,5.0983,1265,3184,1
2.9515,5.0862,1262,3181,1
2.9763,5.0782,1260,3183,1
3.0011,5.0862,1262,3186,1
3.0259,5.1024,1266,3184,1
3.0507,5.0782,1260,3185,1
3.0755,5.0862,1262,3189,1
3.1003,5.0983,1265,3185,1
3.1251,5.1024,1266,3184,1
3.1499,5.0943,1264,3185,1
3.1747,5.0943,1264,3181,1
3.1995,5.0983,1265,3185,1
3.2243,5.0943,1264,3186,1
3.2491,5.0742,1259,3186,1
3.2739,5.0661,1257,3185,1
3.2987,5.0742,1259,3185,1
3.3235,5.0983,1265,3183,1
3.3483,5.0822,1261,3185,1
3.3731,5.0782,1260,3183,1
3.3979,5.0782,1260,3186,1
3.4227,5.0782,1260,3185,1
3.4475,5.0822,1261,3189,1
3.4723,5.1225,1271,3183,1
3.4971,5.0862,1262,3186,1
3.5219,5.0903,1263,3188,1
3.5467,5.0983,1265,3186,1
3.5715,5.1145,1269,3185,1
3.5964,5.0983,1265,3186,1
3.6212,5.0943,1264,3183,1
3.6460,5.0661,1257,3186,1
3.6708,5.1064,1267,3183,1
3.6956,5.0782,1260,3185,1
3.7204,5.0782,1260,3185,1
3.7452,5.1104,1268,3186,1
3.7700,5.0782,1260,3179,1
3.7948,5.0983,1265,3185,1
3.8196,5.0862,1262,3186,1
3.8444,5.0983,1265,3185,1
3.8692,5.0782,1260,3185,1
3.8940,5.0903,1263,3186,1
3.9188,5.0983,1265,3183,1
3.9436,5.0862,1262,3185,1
3.9684,5.0903,1263,3180,1
3.9932,5.0943,1264,3185,1
4.0180,5.0943,1264,3185,1
4.0428,5.0983,1265,3185,1
4.0676,5.0943,1264,3186,1
4.0924,5.0943,1264,3185,1
4.1172,5.0782,1260,3185,1
4.1420,5.0943,1264,3183,1
4.1668,5.0742,1259,3186,1
4.1916,5.0862,1262,3185,1
4.2164,5.0903,1263,3185,1
4.2412,5.0822,1261,3183,1
4.2660,5.0983,1265,3185,1
4.2908,5.0822,1261,3185,1
4.3156,5.0862,1262,3185,1
4.3404,5.0742,1259,3189,1
4.3652,5.0742,1259,3180,1
4.3900,5.0983,1265,3186,1
4.4148,5.0782,1260,3185,1
4.4396,5.0943,1264,3184,1
4.4644,5.0782,1260,3184,1
4.4892,5.0742,1259,3189,1
4.5140,5.1104,1268,3186,1
4.5388,5.0782,1260,3186,1
4.5636,5.0298,1248,3189,1
4.5884,5.0782,1260,3185,1
4.6132,5.0661,1257,3185,1
4.6381,5.0943,1264,3189,1
4.6629,5.0782,1260,3185,1
4.6877,5.0500,1253,3183,1
4.7125,5.0701,1258,3187,1
4.7373,5.0943,1264,3184,1
4.7621,5.0701,1258,3180,1
4.7869,5.0419,1251,3181,1
4.8117,5.0862,1262,3187,1
4.8365,5.0782,1260,3186,1
4.8613,5.0983,1265,3185,1
4.8861,5.0782,1260,3186,1
4.9109,5.0782,1260,3185,1
4.9357,5.0500,1253,3186,1
4.9605,5.0782,1260,3185,1
4.9853,5.0540,1254,3186,1
5.0101,5.0782,1260,3184,1
5.0349,5.0742,1259,3181,1
5.0597,5.0742,1259,3186,1
5.0845,5.0782,1260,3184,1
5.1093,5.0782,1260,3189,1
5.1341,5.0782,1260,3183,1
5.1589,5.0862,1262,3185,1
5.1837,5.0661,1257,3187,1
5.2085,5.1024,1266,3185,1
5.2333,5.0661,1257,3185,1
5.2581,5.0500,1253,3189,1
5.2829,5.0782,1260,3185,1
5.3077,5.0782,1260,3185,1
5.3325,5.0782,1260,3185,1
5.3573,5.0540,1254,3187,1
5.3821,5.0782,1260,3186,1
5.4069,5.0782,1260,3185,1
5.4317,5.0419,1251,3186,1
5.4565,5.0822,1261,3183,1
5.4813,5.0661,1257,3189,1
5.5061,5.0742,1259,3187,1
5.5309,5.0661,1257,3187,1
5.5557,5.0782,1260,3180,1
5.5805,5.0701,1258,3187,1
5.6053,5.0903,1263,3185,1
5.6301,5.0379,1250,3185,1
5.6550,4.9412,1226,3185,1
5.6798,5.0379,1250,3186,1
5.7046,5.0419,1251,3185,1
5.7294,5.0782,1260,3185,1
5.7542,5.0782,1260,3186,1
5.7790,5.0742,1259,3185,1
5.8038,5.0661,1257,3186,1
5.8286,5.0379,1250,3186,1
5.8534,5.0218,1246,3186,1
5.8782,5.0782,1260,3185,1
5.9030,5.0500,1253,3183,1
5.9278,5.0742,1259,3189,1
5.9526,5.0701,1258,3186,1
5.9774,5.0379,1250,3185,1
6.0022,5.0742,1259,3189,1
6.0270,5.0943,1264,3186,1
6.0518,5.0782,1260,3185,1
6.0766,5.0379,1250,3187,1
6.1014,5.0782,1260,3186,1
6.1262,5.0500,1253,3186,1
6.1510,5.0419,1251,3189,1
6.1758,5.0782,1260,3185,1
6.2006,5.0379,1250,3185,1
6.2254,5.0822,1261,3186,1
6.2502,5.0661,1257,3185,1
6.2750,5.0742,1259,3183,1
6.2998,5.0379,1250,3185,1
6.3246,5.0661,1257,3184,1
6.3494,5.0338,1249,3181,1
6.3742,5.0298,1248,3187,1
6.3990,5.0742,1259,3184,1
6.4238,5.0742,1259,3185,1
6.4486,5.0742,1259,3186,1
6.4734,5.0419,1251,3189,1
6.4982,5.0862,1262,3185,1
6.5230,5.0379,1250,3186,1
6.5478,5.0822,1261,3186,1
6.5726,5.0661,1257,3184,1
6.5974,5.0782,1260,3183,1
6.6222,5.0742,1259,3186,1
6.6470,5.0419,1251,3186,1
6.6719,5.0419,1251,3186,1
6.6967,5.0298,1248,3186,1
6.7215,5.0379,1250,3186,1
6.7463,5.0379,1250,3189,1
6.7711,5.0298,1248,3183,1
6.7959,5.0379,1250,3186,1
6.8207,5.0419,1251,3185,1
6.8455,5.0580,1255,3185,1
6.8703,5.0419,1251,3186,1
6.8951,5.0943,1264,3185,1
6.9199,5.0500,1253,3185,1
6.9447,5.0742,1259,3185,1
6.9695,5.0540,1254,3185,1
6.9943,5.0742,1259,3185,1
7.0191,5.0338,1249,3186,1
7.0439,5.0419,1251,3185,1
7.0687,5.0338,1249,3185,1
7.0935,5.0338,1249,3185,1
7.1183,5.0298,1248,3186,1
7.1431,5.0298,1248,3180,1
7.1679,5.0580,1255,3189,1
7.1927,5.0379,1250,3184,1
7.2175,5.0338,1249,3185,1
7.2423,5.0298,1248,3189,1
7.2671,5.0500,1253,3186,1
7.2919,5.0338,1249,3187,1
7.3167,5.0379,1250,3185,1
7.3415,5.0500,1253,3186,1
7.3663,5.0298,1248,3186,1
7.3911,5.0419,1251,3185,1
7.4159,5.0338,1249,3185,1
7.4407,5.0742,1259,3186,1
7.4655,5.0419,1251,3186,1
7.4903,5.0742,1259,3185,1
7.5151,5.0218,1246,3187,1
7.5399,5.0540,1254,3189,1
7.5647,5.0177,1245,3187,1
7.5895,5.0338,1249,3185,1
7.6143,5.0298,1248,3189,1
7.6391,5.0419,1251,3186,1
7.6639,5.0540,1254,3189,1
7.6887,5.0218,1246,3185,1
7.7136,5.0701,1258,3189,1
7.7384,5.0742,1259,3185,1
7.7632,5.0177,1245,3186,1
7.7880,5.0701,1258,3186,1
7.8128,5.0500,1253,3185,1
7.8376,5.0338,1249,3189,1
7.8624,5.0419,1251,3186,1
7.8872,5.0379,1250,3186,1
7.9120,5.0177,1245,3185,1
7.9368,5.0338,1249,3180,1
7.9616,5.0097,1243,3186,1
7.9864,5.0298,1248,3183,1
8.0112,5.0218,1246,3189,1
8.0360,5.0419,1251,3189,1
8.0608,5.0661,1257,3183,1
8.0856,5.0218,1246,3185,1
8.1104,5.0338,1249,3185,1
8.1352,5.0298,1248,3186,1
8.1600,5.0097,1243,3189,1
8.1848,5.0500,1253,3185,1
8.2096,5.0177,1245,3187,1
8.2344,5.0379,1250,3185,1
8.2592,5.0338,1249,3185,1
8.2840,5.0218,1246,3186,1
8.3088,5.0338,1249,3184,1
8.3336,5.0338,1249,3188,1
8.3584,5.0298,1248,3185,1
8.3832,5.0097,1243,3185,1
8.4080,5.0338,1249,3187,1
8.4328,5.0338,1249,3187,1
8.4576,5.0298,1248,3186,1
8.4824,5.0580,1255,3189,1
8.5072,5.0379,1250,3185,1
8.5320,5.0218,1246,3184,1
8.5568,5.0298,1248,3186,1
8.5816,5.0218,1246,3186,1
8.6064,5.0218,1246,3189,1
8.6312,5.0419,1251,3186,1
8.6560,5.0218,1246,3185,1
8.6808,5.0218,1246,3185,1
8.7056,5.0419,1251,3185,1
8.7305,5.0218,1246,3180,1
8.7553,5.0218,1246,3185,1
8.7801,5.0218,1246,3189,1
8.8049,5.0218,1246,3185,1
8.8297,5.0056,1242,3186,1
8.8545,5.0338,1249,3185,1
8.8793,5.0218,1246,3186,1
8.9041,5.0298,1248,3186,1
8.9289,5.0218,1246,3186,1
8.9537,5.0218,1246,3186,1
8.9785,5.0177,1245,3186,1
9.0033,5.0338,1249,3186,1
9.0281,5.0298,1248,3189,1
9.0529,5.0419,1251,3185,1
9.0777,5.0338,1249,3186,1
9.1025,5.0298,1248,3186,1
9.1273,5.0338,1249,3186,1
9.1521,4.9935,1239,3186,1
9.1769,5.0379,1250,3185,1
9.2017,4.9935,1239,3186,1
9.2265,5.0298,1248,3189,1
9.2513,5.0379,1250,3186,1
9.2761,5.0338,1249,3183,1
9.3009,5.0298,1248,3185,1
9.3257,5.0338,1249,3189,1
9.3505,5.0218,1246,3189,1
9.3753,5.0218,1246,3185,1
9.4001,5.0338,1249,3185,1
9.4249,5.0177,1245,3189,1
9.4497,5.0177,1245,3186,1
9.4745,5.0056,1242,3183,1
9.4993,5.0218,1246,3189,1
9.5241,5.0177,1245,3179,1
9.5489,5.0177,1245,3189,1
9.5737,5.0218,1246,3185,1
9.5985,5.0177,1245,3186,1
9.6233,5.0177,1245,3186,1
9.6481,5.0218,1246,3185,1
9.6729,5.0097,1243,3188,1
9.6977,5.0338,1249,3186,1
9.7225,5.0016,1241,3189,1
9.7473,5.0097,1243,3187,1
9.7722,5.0097,1243,3180,1
9.7970,5.0298,1248,3187,1
9.8218,5.0177,1245,3183,1
9.8466,5.0177,1245,3185,1
9.8714,5.0298,1248,3189,1
9.8962,5.0218,1246,3186,1
9.9210,5.0056,1242,3186,1
9.9458,5.0097,1243,3189,1
9.9706,5.0097,1243,3185,1
9.9954,5.0338,1249,3185,1
10.0202,5.0177,1245,3187,1
10.0450,4.9935,1239,3185,1
10.0698,4.9815,1236,3186,1
10.0946,5.0298,1248,3189,1
10.1194,5.0177,1245,3185,1
10.1442,4.9855,1237,3189,1
10.1690,5.0097,1243,3188,1
10.1938,5.0218,1246,3186,1
10.2186,4.9855,1237,3189,1
10.2434,5.0298,1248,3186,1
10.2682,5.0177,1245,3180,1
10.2930,5.0177,1245,3187,1
10.3178,4.9855,1237,3183,1
10.3426,5.0097,1243,3189,1
10.3674,5.0056,1242,3186,1
10.3922,4.9815,1236,3186,1
10.4170,5.0056,1242,3187,1
10.4418,5.0177,1245,3185,1
10.4666,5.0097,1243,3187,1
10.4914,5.0097,1243,3189,1
10.5162,5.0218,1246,3185,1
10.5410,5.0097,1243,3185,1
10.5658,5.0056,1242,3189,1
10.5906,5.0298,1248,3189,1
10.6154,5.0177,1245,3185,1
10.6402,5.0298,1248,3185,1
10.6650,5.0177,1245,3189,1
10.6898,5.0056,1242,3187,1
10.7146,4.9935,1239,3186,1
10.7394,4.9935,1239,3186,1
10.7642,4.9855,1237,3186,1
10.7891,4.9613,1231,3189,1
10.8139,5.0218,1246,3186,1
10.8387,5.0298,1248,3185,1
10.8635,5.0177,1245,3187,1
10.8883,4.9734,1234,3189,1
10.9131,5.0298,1248,3185,1
10.9379,4.9935,1239,3185,1
10.9627,5.0056,1242,3186,1
10.9875,5.0056,1242,3185,1
11.0123,4.9935,1239,3189,1
11.0371,4.9855,1237,3186,1
11.0619,5.0177,1245,3186,1
11.0867,5.0056,1242,3185,1
11.1115,5.0097,1243,3183,1
11.1363,4.9855,1237,3187,1
11.1611,5.0218,1246,3186,1
11.1859,5.0218,1246,3189,1
11.2107,5.0177,1245,3185,1
11.2355,4.9935,1239,3186,1
11.2603,4.9935,1239,3185,1
11.2851,4.9935,1239,3187,1
11.3099,4.9935,1239,3189,1
11.3347,5.0177,1245,3187,1
11.3595,5.0298,1248,3185,1
11.3843,5.0016,1241,3186,1
11.4091,5.0177,1245,3185,1
11.4339,5.0177,1245,3189,1
11.4587,5.0338,1249,3185,1
11.4835,4.9815,1236,3189,1
11.5083,5.0298,1248,3186,1
11.5331,4.9855,1237,3189,1
11.5579,4.9935,1239,3186,1
11.5827,4.9734,1234,3185,1
11.6075,5.0177,1245,3186,1
11.6323,4.9935,1239,3186,1
11.6571,5.0056,1242,3189,1
11.6819,4.9694,1233,3186,1
11.7067,4.9935,1239,3185,1
11.7315,4.9815,1236,3186,1
11.7563,4.9815,1236,3189,1
11.7811,5.0016,1241,3186,1
11.8060,5.0177,1245,3186,1
11.8308,5.0056,1242,3185,1
11.8556,4.9815,1236,3189,1
11.8804,4.9855,1237,3186,1
11.9052,4.9815,1236,3180,1
11.9300,5.0097,1243,3183,1
11.9548,4.9815,1236,3189,1
11.9796,5.0097,1243,3187,1
12.0044,4.9935,1239,3186,0
12.0292,4.9855,1237,3189,0
12.0540,4.9412,1226,3185,0
12.0788,4.9412,1226,0,0
12.1036,5.0177,1245,0,0
12.1284,4.9734,1234,0,0
12.1532,4.9734,1234,0,0
12.1780,4.9412,1226,0,0
12.2028,5.0056,1242,0,0
12.2276,4.9815,1236,0,0
12.2524,4.9331,1224,0,0
12.2772,4.9331,1224,0,0
12.3020,4.9855,1237,0,0
12.3268,4.9935,1239,0,0
12.3516,4.9734,1234,0,0
12.3764,5.0016,1241,0,0
12.4012,4.9694,1233,0,0
12.4260,4.9815,1236,0,0
12.4508,4.9855,1237,0,0
12.4756,4.9734,1234,0,0
12.5004,4.9734,1234,0,0
12.5252,4.9170,1220,0,0
12.5500,5.0097,1243,0,0
12.5748,4.9613,1231,0,0
12.5996,5.0056,1242,0,0
12.6244,4.9734,1234,0,0
12.6492,4.9613,1231,0,0
12.6740,4.9734,1234,0,0
12.6988,4.9734,1234,0,0
12.7236,4.9734,1234,0,0
12.7484,4.9734,1234,0,0
12.7732,4.9613,1231,0,0
12.7980,4.9935,1239,0,0
12.8228,4.9815,1236,0,0
12.8477,4.9170,1220,0,0
12.8725,4.9734,1234,0,0
12.8973,4.9371,1225,0,0
12.9221,5.0056,1242,0,0
12.9469,4.9734,1234,0,0
12.9717,4.9855,1237,0,0
12.9965,4.9815,1236,0,0
13.0213,4.9734,1234,0,0
13.0461,4.9694,1233,0,0
13.0709,4.9734,1234,0,0
13.0957,4.9855,1237,0,0
13.1205,4.9815,1236,0,0
13.1453,4.9855,1237,0,0
13.1701,4.9935,1239,0,0
13.1949,4.9734,1234,0,0
13.2197,4.9412,1226,0,0
13.2445,4.9855,1237,0,0
13.2693,4.9935,1239,0,0
13.2941,4.9734,1234,0,0
13.3189,4.9694,1233,0,0
13.3437,4.9613,1231,0,0
13.3685,4.9694,1233,0,0
13.3933,4.9412,1226,0,0
13.4181,4.9613,1231,0,0
13.4429,4.9371,1225,0,0
13.4677,4.9855,1237,0,0
13.4925,4.9815,1236,0,0
13.5173,4.9492,1228,0,0
13.5421,4.9734,1234,0,0
13.5669,4.9331,1224,0,0
13.5917,4.9613,1231,0,0
13.6165,4.9734,1234,0,0
13.6413,4.9613,1231,0,0
13.6661,4.9331,1224,0,0
13.6909,4.9734,1234,0,0
13.7157,4.9734,1234,0,0
13.7405,4.9291,1223,0,0
13.7653,4.9653,1232,0,0
13.7901,4.9694,1233,0,0
13.8149,4.9734,1234,0,0
13.8397,4.9694,1233,0,0
13.8646,4.9935,1239,0,0
13.8894,4.9613,1231,0,0
13.9142,4.9734,1234,0,0
13.9390,4.9613,1231,0,0
13.9638,4.9855,1237,0,0
13.9886,4.9734,1234,0,0
14.0134,4.9734,1234,0,0
14.0382,4.9734,1234,0,0
14.0630,4.9734,1234,0,0
14.0878,4.9815,1236,0,0
14.1126,4.9815,1236,0,0
14.1374,4.9734,1234,0,0
14.1622,4.9331,1224,0,0
14.1870,4.9170,1220,0,0
14.2118,4.9734,1234,0,0
14.2366,4.9250,1222,0,0
14.2614,4.9815,1236,0,0
14.2862,4.9734,1234,0,0
14.3110,4.9613,1231,0,0
14.3358,4.9694,1233,0,0
14.3606,4.9734,1234,0,0
14.3854,4.9734,1234,0,0
14.4102,4.9734,1234,0,0
14.4350,4.9412,1226,0,0
14.4598,4.9734,1234,0,0
14.4846,4.9694,1233,0,0
14.5094,4.9815,1236,0,0
14.5342,4.9935,1239,0,0
14.5590,4.9815,1236,0,0
14.5838,4.9734,1234,0,0
14.6086,4.9694,1233,0,0
14.6334,4.9734,1234,0,0
14.6582,4.9250,1222,0,0
14.6830,4.9734,1234,0,0
14.7078,4.9291,1223,0,0
14.7326,4.9815,1236,0,0
14.7574,4.9935,1239,0,0
14.7822,4.9331,1224,0,0
14.8070,4.9371,1225,0,0
14.8318,4.9613,1231,0,0
14.8566,4.9734,1234,0,0
14.8814,4.9734,1234,0,0
14.9063,4.9653,1232,0,0
14.9311,4.9855,1237,0,0
14.9559,4.9734,1234,0,0
14.9807,4.9613,1231,0,0
15.0055,4.9734,1234,0,0
15.0303,4.9734,1234,0,0
15.0551,4.9734,1234,0,0
15.0799,4.9653,1232,0,0
15.1047,4.9371,1225,0,0
15.1295,4.9734,1234,0,0
15.1543,4.9412,1226,0,0
15.1791,4.9250,1222,0,0
15.2039,4.9694,1233,0,0
15.2287,4.9734,1234,0,0
15.2535,4.9734,1234,0,0
15.2783,4.9694,1233,0,0
15.3031,4.9734,1234,0,0
15.3279,4.9694,1233,0,0
15.3527,4.9734,1234,0,0
15.3775,4.9734,1234,0,0
15.4023,4.9694,1233,0,0
15.4271,4.9653,1232,0,0
15.4519,4.9734,1234,0,0
15.4767,4.9734,1234,0,0
15.5015,4.9815,1236,0,0
15.5263,4.9734,1234,0,0
15.5511,4.9492,1228,0,0
15.5759,4.9734,1234,0,0
15.6007,4.9815,1236,0,0
15.6255,4.9250,1222,0,0
15.6503,4.9734,1234,0,0
15.6751,4.9613,1231,0,0
15.6999,4.9331,1224,0,0
15.7247,4.9734,1234,0,0
15.7495,4.9815,1236,0,0
15.7743,4.9613,1231,0,0
15.7991,4.9734,1234,0,0
15.8239,4.9492,1228,0,0
15.8487,4.9412,1226,0,0
15.8735,4.9371,1225,0,0
15.8983,4.9935,1239,0,0
15.9232,4.9613,1231,0,0
15.9480,4.9694,1233,0,0
15.9728,4.9734,1234,0,0
15.9976,4.9613,1231,0,0
16.0224,4.9734,1234,0,0
16.0472,4.9734,1234,0,0
16.0720,4.9734,1234,0,0
16.0968,4.9613,1231,0,0
16.1216,4.9815,1236,0,0
16.1464,4.9815,1236,0,0
16.1712,4.9855,1237,0,0
16.1960,4.9815,1236,0,0
16.2208,4.9331,1224,0,0
16.2456,4.9734,1234,0,0
16.2704,4.9855,1237,0,0
16.2952,4.9734,1234,0,0
16.3200,4.9613,1231,0,0
16.3448,4.9653,1232,0,0
16.3696,4.9734,1234,0,0
16.3944,4.9734,1234,0,0
16.4192,4.9815,1236,0,0
16.4440,4.9734,1234,0,0
16.4688,4.9815,1236,0,0
16.4936,4.9815,1236,0,0
16.5184,4.9734,1234,0,0
16.5432,4.9170,1220,0,0
16.5680,4.9734,1234,0,0
16.5928,4.9815,1236,0,0
16.6176,4.9815,1236,0,0
16.6424,4.9653,1232,0,0
16.6672,4.9653,1232,0,0
16.6920,4.9412,1226,0,0
16.7168,4.9613,1231,0,0
16.7416,4.9815,1236,0,0
16.7664,4.9734,1234,0,0
16.7912,4.9855,1237,0,0
16.8160,4.9855,1237,0,0
16.8408,5.0097,1243,0,0
16.8656,4.9653,1232,0,0
16.8904,4.9492,1228,0,0
16.9152,4.9815,1236,0,0
16.9401,4.9734,1234,0,0
16.9649,4.9935,1239,0,0
16.9897,4.9613,1231,0,0
17.0145,4.9734,1234,0,0
17.0393,4.9613,1231,0,0
17.0641,4.9613,1231,0,0
17.0889,4.9694,1233,0,0
17.1137,4.9815,1236,0,0
17.1385,4.9734,1234,0,0
17.1633,4.9653,1232,0,0
17.1881,4.9815,1236,0,0
17.2129,4.9492,1228,0,0
17.2377,4.9815,1236,0,0
17.2625,4.9371,1225,0,0
17.2873,4.9855,1237,0,0
17.3121,4.9412,1226,0,0
17.3369,4.9653,1232,0,0
17.3617,4.9492,1228,0,0
17.3865,4.9855,1237,0,0
17.4113,4.9855,1237,0,0
17.4361,4.9734,1234,0,0
17.4609,4.9734,1234,0,0
17.4857,4.9855,1237,0,0
17.5105,4.9734,1234,0,0
17.5353,4.9613,1231,0,0
17.5601,4.9734,1234,0,0
17.5849,4.9815,1236,0,0
17.6097,4.9653,1232,0,0
17.6345,4.9694,1233,0,0
17.6593,4.9855,1237,0,0
17.6841,4.9815,1236,0,0
17.7089,4.9653,1232,0,0
17.7337,4.9935,1239,0,0
17.7585,4.9734,1234,0,0
17.7833,4.9734,1234,0,0
17.8081,4.9855,1237,0,0
17.8329,4.9734,1234,0,0
17.8577,4.9694,1233,0,0
17.8825,4.9734,1234,0,0
17.9073,4.9291,1223,0,0
17.9321,4.9613,1231,0,0
17.9569,5.0056,1242,0,0
17.9818,4.9613,1231,0,0
18.0066,4.9412,1226,0,0
18.0314,4.9815,1236,0,0
18.0562,4.9734,1234,0,0
18.0810,5.0097,1243,0,0
18.1058,4.9331,1224,0,0
18.1306,4.9815,1236,0,0
18.1554,4.9815,1236,0,0
18.1802,4.9815,1236,0,0
18.2050,4.9694,1233,0,0
18.2298,4.9653,1232,0,0
18.2546,4.9653,1232,0,0
18.2794,4.9855,1237,0,0
18.3042,4.9694,1233,0,0
18.3290,4.9734,1234,0,0
18.3538,4.9815,1236,0,0
18.3786,4.9734,1234,0,0
18.4034,4.9734,1234,0,0
18.4282,5.0177,1245,0,0
18.4530,4.9815,1236,0,0
18.4778,4.9734,1234,0,0
18.5026,4.9935,1239,0,0
18.5274,4.9412,1226,0,0
18.5522,4.9815,1236,0,0
18.5770,4.9734,1234,0,0
18.6018,4.9734,1234,0,0
18.6266,5.0097,1243,0,0
18.6514,4.9815,1236,0,0
18.6762,4.9694,1233,0,0
18.7010,4.9935,1239,0,0
18.7258,4.9815,1236,0,0
18.7506,4.9815,1236,0,0
18.7754,4.9855,1237,0,0
18.8002,4.9613,1231,0,0
18.8250,4.9815,1236,0,0
18.8498,4.9734,1234,0,0
18.8746,4.9734,1234,0,0
18.8994,4.9734,1234,0,0
18.9242,4.9653,1232,0,0
18.9490,4.9734,1234,0,0
18.9738,4.9815,1236,0,0
18.9987,4.9734,1234,0,0
19.0235,4.9815,1236,0,0
19.0483,4.9734,1234,0,0
19.0731,4.9815,1236,0,0
19.0979,4.9815,1236,0,0
19.1227,4.9734,1234,0,0
19.1475,4.9815,1236,0,0
19.1723,4.9935,1239,0,0
19.1971,4.9734,1234,0,0
19.2219,4.9855,1237,0,0
19.2467,4.9815,1236,0,0
19.2715,5.0097,1243,0,0
19.2963,4.9855,1237,0,0
19.3211,4.9855,1237,0,0
19.3459,4.9815,1236,0,0
19.3707,4.9734,1234,0,0
19.3955,4.9855,1237,0,0
19.4203,4.9815,1236,0,0
19.4451,4.9734,1234,0,0
19.4699,4.9734,1234,0,0
19.4947,5.0056,1242,0,0
19.5195,4.9331,1224,0,0
19.5443,4.9734,1234,0,0
19.5691,4.9855,1237,0,0
19.5939,4.9734,1234,0,0
19.6187,4.9815,1236,0,0
19.6435,4.9694,1233,0,0
19.6683,4.9734,1234,0,0
19.6931,4.9815,1236,0,0
19.7179,5.0097,1243,0,0
19.7427,4.9613,1231,0,0
19.7675,4.9734,1234,0,0
19.7923,4.9935,1239,0,0
19.8171,5.0056,1242,0,0
19.8419,4.9734,1234,0,0
19.8667,4.9653,1232,0,0
19.8915,4.9935,1239,0,0
19.9163,4.9855,1237,0,0
19.9411,4.9734,1234,0,0
19.9659,4.9734,1234,0,0
19.9907,4.9734,1234,0,0
20.0156,4.9734,1234,0,0
20.0404,5.0016,1241,0,0
20.0652,4.9734,1234,0,0
20.0900,5.0177,1245,0,0
20.1148,4.9855,1237,0,0
20.1396,4.9815,1236,0,0
20.1644,4.9855,1237,0,0
20.1892,4.9855,1237,0,0
20.2140,4.9935,1239,0,0
20.2388,4.9734,1234,0,0
20.2636,4.9734,1234,0,0
20.2884,4.9815,1236,0,0
20.3132,4.9935,1239,0,0
20.3380,4.9855,1237,0,0
20.3628,4.9008,1216,0,0
20.3876,5.0016,1241,0,0
20.4124,4.9734,1234,0,0
20.4372,4.9815,1236,0,0
20.4620,4.9613,1231,0,0
20.4868,4.9855,1237,0,0
20.5116,4.9734,1234,0,0
20.5364,4.9855,1237,0,0
20.5612,4.9815,1236,0,0
20.5860,4.9734,1234,0,0
20.6108,5.0097,1243,0,0
20.6356,4.9855,1237,0,0
20.6604,4.9734,1234,0,0
20.6852,4.9935,1239,0,0
20.7100,4.9815,1236,0,0
20.7348,4.9815,1236,0,0
20.7596,4.9855,1237,0,0
20.7844,5.0097,1243,0,0
20.8092,5.0097,1243,0,0
20.8340,5.0177,1245,0,0
20.8588,4.9815,1236,0,0
20.8836,4.9815,1236,0,0
20.9084,4.9855,1237,0,0
20.9332,4.9815,1236,0,0
20.9580,4.9815,1236,0,0
20.9828,4.9815,1236,0,0
21.0076,4.9815,1236,0,0
21.0324,4.9815,1236,0,0
21.0573,5.0056,1242,0,0
21.0821,5.0056,1242,0,0
21.1069,4.9935,1239,0,0
21.1317,4.9734,1234,0,0
21.1565,4.9935,1239,0,0
21.1813,4.9935,1239,0,0
21.2061,4.9855,1237,0,0
21.2309,4.9855,1237,0,0
21.2557,4.9815,1236,0,0
21.2805,4.9815,1236,0,0
21.3053,4.9855,1237,0,0
21.3301,5.0016,1241,0,0
21.3549,4.9734,1234,0,0
21.3797,4.9815,1236,0,0
21.4045,4.9734,1234,0,0
21.4293,4.9935,1239,0,0
21.4541,4.9653,1232,0,0
21.4789,4.9815,1236,0,0
21.5037,4.9855,1237,0,0
21.5285,4.9855,1237,0,0
21.5533,4.9815,1236,0,0
21.5781,4.9935,1239,0,0
21.6029,4.9935,1239,0,0
21.6277,4.9371,1225,0,0
21.6525,4.9815,1236,0,0
21.6773,4.9935,1239,0,0
21.7021,4.9815,1236,0,0
21.7269,5.0177,1245,0,0
21.7517,5.0097,1243,0,0
21.7765,4.9734,1234,0,0
21.8013,4.9935,1239,0,0
21.8261,4.9815,1236,0,0
21.8509,5.0016,1241,0,0
21.8757,4.9815,1236,0,0
21.9005,4.9855,1237,0,0
21.9253,4.9653,1232,0,0
21.9501,4.9855,1237,0,0
21.9749,5.0097,1243,0,0
21.9997,5.0097,1243,0,0
22.0245,4.9855,1237,0,0
22.0493,4.9815,1236,0,0
22.0742,4.9935,1239,0,0
22.0990,5.0177,1245,0,0
22.1238,4.9935,1239,0,0
22.1486,4.9815,1236,0,0
22.1734,4.9935,1239,0,0
22.1982,4.9815,1236,0,0
22.2230,5.0016,1241,0,0
22.2478,4.9734,1234,0,0
22.2726,4.9855,1237,0,0
22.2974,5.0177,1245,0,0
22.3222,5.0177,1245,0,0
22.3470,4.9935,1239,0,0
22.3718,4.9734,1234,0,0
22.3966,4.9935,1239,0,0
22.4214,5.0097,1243,0,0
22.4462,4.9815,1236,0,0
22.4710,4.9935,1239,0,0
22.4958,4.9855,1237,0,0
22.5206,5.0056,1242,0,0
22.5454,4.9935,1239,0,0
22.5702,5.0580,1255,0,0
22.5950,5.0097,1243,0,0
22.6198,4.9855,1237,0,0
22.6446,4.9734,1234,0,0
22.6694,4.9815,1236,0,0
22.6942,4.9855,1237,0,0
22.7190,4.9734,1234,0,0
22.7438,4.9935,1239,0,0
22.7686,4.9855,1237,0,0
22.7934,4.9935,1239,0,0
22.8182,5.0298,1248,0,0
22.8430,4.9734,1234,0,0
22.8678,5.0056,1242,0,0
22.8926,4.9734,1234,0,0
22.9174,5.0056,1242,0,0
22.9422,5.0097,1243,0,0
22.9670,4.9935,1239,0,0
22.9918,4.9935,1239,0,0
23.0166,5.0056,1242,0,0
23.0414,4.9694,1233,0,0
23.0662,4.9815,1236,0,0
23.0910,5.0218,1246,0,0
23.1159,5.0177,1245,0,0
23.1407,4.9935,1239,0,0
23.1655,4.9935,1239,0,0
23.1903,4.9815,1236,0,0
23.2151,4.9613,1231,0,0
23.2399,4.9855,1237,0,0
23.2647,4.9855,1237,0,0
23.2895,4.9734,1234,0,0
23.3143,4.9935,1239,0,0
23.3391,4.9935,1239,0,0
23.3639,4.9855,1237,0,0
23.3887,4.9935,1239,0,0
23.4135,5.0177,1245,0,0
23.4383,4.9734,1234,0,0
23.4631,4.9935,1239,0,0
23.4879,5.0056,1242,0,0
23.5127,5.0056,1242,0,0
23.5375,4.9815,1236,0,0
23.5623,4.9855,1237,0,0
23.5871,4.9935,1239,0,0
23.6119,4.9935,1239,0,0
23.6367,4.9734,1234,0,0
23.6615,4.9815,1236,0,0
23.6863,4.9855,1237,0,0
23.7111,5.0056,1242,0,0
23.7359,5.0056,1242,0,0
23.7607,5.0056,1242,0,0
23.7855,5.0298,1248,0,0
23.8103,4.9815,1236,0,0
23.8351,5.0097,1243,0,0
23.8599,5.0056,1242,0,0
23.8847,5.0097,1243,0,0
23.9095,5.0177,1245,0,0
23.9343,5.0097,1243,0,0
23.9591,4.9935,1239,0,0
23.9839,4.9935,1239,0,0
24.0087,5.0218,1246,0,0
24.0335,4.9815,1236,0,0
24.0583,4.9815,1236,0,0
24.0831,5.0218,1246,0,0
24.1079,5.0016,1241,0,0
24.1328,5.0338,1249,0,0
24.1576,5.0056,1242,0,0
24.1824,5.0298,1248,0,0
24.2072,5.0177,1245,0,0
24.2320,5.0298,1248,0,0
24.2568,4.9935,1239,0,0
24.2816,4.9855,1237,0,0
24.3064,4.9734,1234,0,0
24.3312,5.0056,1242,0,0
24.3560,5.0097,1243,0,0
24.3808,4.9935,1239,0,0
24.4056,4.9935,1239,0,0
24.4304,4.9935,1239,0,0
24.4552,5.0056,1242,0,0
24.4800,5.0056,1242,0,0
24.5048,5.0056,1242,0,0
24.5296,5.0177,1245,0,0
24.5544,4.9935,1239,0,0
24.5792,4.9734,1234,0,0
24.6040,5.0016,1241,0,0
24.6288,5.0016,1241,0,0
24.6536,4.9815,1236,0,0
24.6784,5.0056,1242,0,0
24.7032,5.0177,1245,0,0
24.7280,4.9935,1239,0,0
24.7528,4.9815,1236,0,0
24.7776,5.0097,1243,0,0
24.8024,4.9815,1236,0,0
24.8272,4.9855,1237,0,0
24.8520,5.0016,1241,0,0
24.8768,5.0177,1245,0,0
24.9016,4.9815,1236,0,0
24.9264,5.0177,1245,0,0
24.9512,5.0097,1243,0,0
24.9760,4.9734,1234,0,0
25.0008,4.9855,1237,0,0
25.0256,5.0177,1245,0,0
25.0504,5.0097,1243,0,0
25.0752,4.9935,1239,0,0
25.1000,4.9935,1239,0,0
25.1248,4.9734,1234,0,0
25.1497,5.0097,1243,0,0
25.1745,5.0218,1246,0,0
25.1993,5.0177,1245,0,0
25.2241,4.9855,1237,0,0
25.2489,4.9935,1239,0,0
25.2737,4.9815,1236,0,0
25.2985,5.0298,1248,0,0
25.3233,4.9935,1239,0,0
25.3481,5.0056,1242,0,0
25.3729,5.0177,1245,0,0
25.3977,4.9613,1231,0,0
25.4225,4.9734,1234,0,0
25.4473,4.9815,1236,0,0
25.4721,4.9815,1236,0,0
25.4969,4.9815,1236,0,0
25.5217,4.9855,1237,0,0
25.5465,4.9855,1237,0,0
25.5713,5.0218,1246,0,0
25.5961,5.0097,1243,0,0
25.6209,4.9855,1237,0,0
25.6457,4.9734,1234,0,0
25.6705,4.9815,1236,0,0
25.6953,4.9815,1236,0,0
25.7201,5.0177,1245,0,0
25.7449,5.0056,1242,0,0
25.7697,4.9935,1239,0,0
25.7945,4.9935,1239,0,0
25.8193,5.0056,1242,0,0
25.8441,5.0177,1245,0,0
25.8689,4.9855,1237,0,0
25.8937,4.9935,1239,0,0
25.9185,5.0177,1245,0,0
25.9433,4.9855,1237,0,0
25.9681,5.0177,1245,0,0
25.9929,5.0177,1245,0,0
26.0177,5.0177,1245,0,0
26.0425,5.0177,1245,0,0
26.0673,4.9935,1239,0,0
26.0921,4.9815,1236,0,0
26.1169,5.0177,1245,0,0
26.1417,5.0016,1241,0,0
26.1665,5.0298,1248,0,0
26.1914,5.0097,1243,0,0
26.2162,4.9734,1234,0,0
26.2410,5.0177,1245,0,0
26.2658,4.9815,1236,0,0
26.2906,5.0177,1245,0,0
26.3154,4.9935,1239,0,0
26.3402,5.0298,1248,0,0
26.3650,5.0097,1243,0,0
26.3898,5.0177,1245,0,0
26.4146,4.9935,1239,0,0
26.4394,4.9734,1234,0,0
26.4642,5.0097,1243,0,0
26.4890,5.0298,1248,0,0
26.5138,5.0097,1243,0,0
26.5386,4.9694,1233,0,0
26.5634,4.9855,1237,0,0
26.5882,4.9935,1239,0,0
26.6130,4.9935,1239,0,0
26.6378,5.0338,1249,0,0
26.6626,5.0016,1241,0,0
26.6874,4.9855,1237,0,0
26.7122,5.0177,1245,0,0
26.7370,5.0338,1249,0,0
26.7618,5.0177,1245,0,0
26.7866,5.0177,1245,0,0
26.8114,4.9935,1239,0,0
26.8362,5.0218,1246,0,0
26.8610,5.0097,1243,0,0
26.8858,5.0056,1242,0,0
26.9106,5.0218,1246,0,0
26.9354,4.9935,1239,0,0
26.9602,5.0338,1249,0,0
26.9850,5.0298,1248,0,0
27.0098,4.9855,1237,0,0
27.0346,5.0177,1245,0,0
27.0594,5.0016,1241,0,0
27.0842,5.0016,1241,0,0
27.1090,5.0056,1242,0,0
27.1338,4.9855,1237,0,0
27.1586,5.0177,1245,0,0
27.1834,5.0298,1248,0,0
27.2083,4.9815,1236,0,0
27.2331,5.0298,1248,0,0
27.2579,4.9855,1237,0,0
27.2827,4.9935,1239,0,0
27.3075,4.9855,1237,0,0
27.3323,5.0056,1242,0,0
27.3571,5.0097,1243,0,0
27.3819,5.0016,1241,0,0
27.4067,5.0338,1249,0,0
27.4315,4.9935,1239,0,0
27.4563,4.9935,1239,0,0
27.4811,5.0298,1248,0,0
27.5059,4.9815,1236,0,0
27.5307,4.9935,1239,0,0
27.5555,5.0298,1248,0,0
27.5803,5.0177,1245,0,0
27.6051,4.9734,1234,0,0
27.6299,4.9734,1234,0,0
27.6547,5.0016,1241,0,0
27.6795,5.0177,1245,0,0
27.7043,4.9935,1239,0,0
27.7291,5.0338,1249,0,0
27.7539,4.9935,1239,0,0
27.7787,5.0016,1241,0,0
27.8035,5.0056,1242,0,0
27.8283,5.0298,1248,0,0
27.8531,5.0097,1243,0,0
27.8779,5.0177,1245,0,0
27.9027,4.9855,1237,0,0
27.9275,5.0177,1245,0,0
27.9523,5.0177,1245,0,0
27.9771,5.0097,1243,0,0
28.0019,5.0097,1243,0,0
28.0267,5.0298,1248,0,0
28.0515,5.0056,1242,0,0
28.0763,5.0218,1246,0,0
28.1011,5.0056,1242,0,0
28.1259,5.0097,1243,0,0
28.1507,5.0218,1246,0,0
28.1755,5.0298,1248,0,0
28.2003,4.9855,1237,0,0
28.2251,5.0056,1242,0,0
28.2500,4.9935,1239,0,0
28.2748,5.0177,1245,0,0
28.2996,5.0177,1245,0,0
28.3244,5.0177,1245,0,0
28.3492,5.0338,1249,0,0
28.3740,4.9935,1239,0,0
28.3988,5.0177,1245,0,0
28.4236,5.0056,1242,0,0
28.4484,5.0016,1241,0,0
28.4732,4.9935,1239,0,0
28.4980,5.0419,1251,0,0
28.5228,5.0218,1246,0,0
28.5476,4.9734,1234,0,0
28.5724,5.0177,1245,0,0
28.5972,4.9935,1239,0,0
28.6220,5.0218,1246,0,0
28.6468,4.9935,1239,0,0
28.6716,5.0338,1249,0,0
28.6964,5.0177,1245,0,0
28.7212,5.0218,1246,0,0
28.7460,5.0177,1245,0,0
28.7708,5.0177,1245,0,0
28.7956,5.0177,1245,0,0
28.8204,5.0218,1246,0,0
28.8452,5.0218,1246,0,0
28.8700,5.0218,1246,0,0
28.8948,5.0177,1245,0,0
28.9196,5.0056,1242,0,0
28.9444,5.0177,1245,0,0
28.9692,5.0177,1245,0,0
28.9940,5.0097,1243,0,0
29.0188,5.0097,1243,0,0
29.0436,5.0338,1249,0,0
29.0684,5.0218,1246,0,0
29.0932,5.0218,1246,0,0
29.1180,5.0338,1249,0,0
29.1428,5.0540,1254,0,0
29.1676,5.0338,1249,0,0
29.1924,5.0056,1242,0,0
29.2172,4.9935,1239,0,0
29.2420,5.0298,1248,0,0
29.2669,5.0298,1248,0,0
29.2917,5.0218,1246,0,0
29.3165,4.9935,1239,0,0
29.3413,4.9935,1239,0,0
29.3661,4.9855,1237,0,0
29.3909,5.0177,1245,0,0
29.4157,4.9855,1237,0,0
29.4405,5.0177,1245,0,0
29.4653,5.0016,1241,0,0
29.4901,5.0338,1249,0,0
29.5149,5.0177,1245,0,0
29.5397,4.9815,1236,0,0
29.5645,5.0097,1243,0,0
29.5893,4.9935,1239,0,0
29.6141,5.0056,1242,0,0
29.6389,5.0097,1243,0,0
29.6637,5.0177,1245,0,0
29.6885,5.0056,1242,0,0
29.7133,5.0056,1242,0,0
29.7381,5.0097,1243,0,0
29.7629,5.0097,1243,0,0
29.7877,4.9935,1239,0,0
29.8125,5.0177,1245,0,0
29.8373,5.0177,1245,0,0
29.8621,5.0298,1248,0,0
29.8869,4.9935,1239,0,0
29.9117,5.0298,1248,0,0
29.9365,5.0056,1242,0,0
29.9613,5.0097,1243,0,0
29.9861,5.0218,1246,0,0
30.0109,5.0097,1243,0,0
30.0357,5.0056,1242,0,0
30.0605,5.0097,1243,0,0
30.0853,5.0338,1249,0,0
30.1101,5.0338,1249,0,0
30.1349,5.0177,1245,0,0
30.1597,5.0177,1245,0,0
30.1845,4.9935,1239,0,0
30.2093,5.0218,1246,0,0
30.2341,5.0298,1248,0,0
30.2589,5.0298,1248,0,0
30.2838,5.0338,1249,0,0
30.3086,5.0177,1245,0,0
30.3334,5.0298,1248,0,0
30.3582,5.0298,1248,0,0
30.3830,4.9855,1237,0,0
30.4078,4.9250,1222,0,0
30.4326,5.0097,1243,0,0
30.4574,5.0177,1245,0,0
30.4822,5.0218,1246,0,0
30.5070,5.0056,1242,0,0
30.5318,4.9935,1239,0,0
30.5566,5.0097,1243,0,0
30.5814,5.0298,1248,0,0
30.6062,5.0298,1248,0,0
30.6310,5.0298,1248,0,0
30.6558,5.0298,1248,0,0
30.6806,5.0338,1249,0,0
30.7054,5.0056,1242,0,0
30.7302,4.9935,1239,0,0
30.7550,5.0177,1245,0,0
30.7798,5.0338,1249,0,0
30.8046,4.9935,1239,0,0
30.8294,5.0177,1245,0,0
30.8542,4.9815,1236,0,0
30.8790,5.0218,1246,0,0
30.9038,5.0338,1249,0,0
30.9286,5.0056,1242,0,0
30.9534,5.0097,1243,0,0
30.9782,5.0097,1243,0,0
31.0030,5.0177,1245,0,0
31.0278,5.0338,1249,0,0
31.0526,4.9935,1239,0,0
31.0774,5.0298,1248,0,0
31.1022,5.0218,1246,0,0
31.1270,5.0097,1243,0,0
31.1518,4.9935,1239,0,0
31.1766,5.0097,1243,0,0
31.2014,5.0419,1251,0,0
31.2262,5.0016,1241,0,0
31.2510,5.0298,1248,0,0
31.2758,5.0661,1257,0,0
31.3006,5.0298,1248,0,0
31.3255,5.0097,1243,0,0
31.3503,5.0177,1245,0,0
31.3751,5.0177,1245,0,0
31.3999,5.0016,1241,0,0
31.4247,5.0338,1249,0,0
31.4495,5.0097,1243,0,0
31.4743,5.0298,1248,0,0
31.4991,5.0177,1245,0,0
31.5239,5.0298,1248,0,0
31.5487,5.0218,1246,0,0
31.5735,5.0177,1245,0,0
31.5983,5.0218,1246,0,0
31.6231,5.0218,1246,0,0
31.6479,5.0298,1248,0,0
31.6727,5.0177,1245,0,0
31.6975,5.0177,1245,0,0
31.7223,5.0177,1245,0,0
31.7471,4.8968,1215,0,0
31.7719,4.9935,1239,0,0
31.7967,4.9855,1237,0,0
31.8215,5.0298,1248,0,0
31.8463,4.9855,1237,0,0
31.8711,4.9815,1236,0,0
31.8959,5.0218,1246,0,0
31.9207,5.0379,1250,0,0
31.9455,5.0177,1245,0,0
31.9703,5.0298,1248,0,0
31.9951,5.0298,1248,0,0
32.0199,4.9935,1239,0,0
32.0447,5.0298,1248,0,0
32.0695,5.0177,1245,0,0
32.0943,5.0218,1246,0,0
32.1191,5.0298,1248,0,0
32.1439,4.9613,1231,0,0
32.1687,4.9935,1239,0,0
32.1935,5.0338,1249,0,0
32.2183,5.0097,1243,0,0
32.2431,5.0218,1246,0,0
32.2679,5.0056,1242,0,0
32.2927,5.0218,1246,0,0
32.3175,5.0338,1249,0,0
32.3424,5.0218,1246,0,0
32.3672,5.0177,1245,0,0
32.3920,5.0419,1251,0,0
32.4168,5.0298,1248,0,0
32.4416,5.0218,1246,0,0
32.4664,4.9935,1239,0,0
32.4912,5.0218,1246,0,0
32.5160,5.0177,1245,0,0
32.5408,5.0097,1243,0,0
32.5656,5.0298,1248,0,0
32.5904,5.0097,1243,0,0
32.6152,5.0782,1260,0,0
32.6400,5.0338,1249,0,0
32.6648,5.0177,1245,0,0
32.6896,5.0177,1245,0,0
32.7144,5.0338,1249,0,0
32.7392,5.0177,1245,0,0
32.7640,5.0097,1243,0,0
32.7888,5.0338,1249,0,0
32.8136,5.0056,1242,0,0
32.8384,5.0218,1246,0,0
32.8632,5.0419,1251,0,0
32.8880,5.0338,1249,0,0
32.9128,5.0177,1245,0,0
32.9376,5.0097,1243,0,0
32.9624,5.0338,1249,0,0
32.9872,5.0218,1246,0,0
33.0120,5.0419,1251,0,0
33.0368,5.0338,1249,0,0
33.0616,5.0218,1246,0,0
33.0864,4.9935,1239,0,0
33.1112,5.0097,1243,0,0
33.1360,5.0218,1246,0,0
33.1608,5.0298,1248,0,0
33.1856,5.0218,1246,0,0
33.2104,5.0338,1249,0,0
33.2352,5.0338,1249,0,0
33.2600,5.0218,1246,0,0
33.2848,5.0056,1242,0,0
33.3096,5.0298,1248,0,0
33.3344,5.0298,1248,0,0
33.3592,5.0218,1246,0,0
33.3841,5.0056,1242,0,0
33.4089,5.0338,1249,0,0
33.4337,5.0298,1248,0,0
33.4585,5.0419,1251,0,0
33.4833,5.0177,1245,0,0
33.5081,5.0097,1243,0,0
33.5329,5.0298,1248,0,0
33.5577,5.0298,1248,0,0
33.5825,5.0298,1248,0,0
33.6073,5.0298,1248,0,0
33.6321,5.0177,1245,0,0
33.6569,5.0218,1246,0,0
33.6817,5.0661,1257,0,0
33.7065,5.0379,1250,0,0
33.7313,5.0177,1245,0,0
33.7561,5.0177,1245,0,0
33.7809,5.0177,1245,0,0
33.8057,5.0338,1249,0,0
33.8305,4.9815,1236,0,0
33.8553,4.9815,1236,0,0
33.8801,4.9734,1234,0,0
33.9049,5.0056,1242,0,0
33.9297,5.0338,1249,0,0
33.9545,5.0338,1249,0,0
33.9793,5.0338,1249,0,0
34.0041,5.0056,1242,0,0
34.0289,5.0338,1249,0,0
34.0537,5.0177,1245,0,0
34.0785,5.0177,1245,0,0
34.1033,5.0338,1249,0,0
34.1281,5.0218,1246,0,0
34.1529,5.0298,1248,0,0
34.1777,5.0379,1250,0,0
34.2025,5.0016,1241,0,0
34.2273,5.0056,1242,0,0
34.2521,5.0218,1246,0,0
34.2769,5.0379,1250,0,0
34.3017,5.0177,1245,0,0
34.3265,5.0097,1243,0,0
34.3513,5.0338,1249,0,0
34.3761,5.0338,1249,0,0
34.4010,5.0298,1248,0,0
34.4258,5.0097,1243,0,0
34.4506,5.0338,1249,0,0
34.4754,5.0177,1245,0,0
34.5002,5.0338,1249,0,0
34.5250,5.0218,1246,0,0
34.5498,5.0500,1253,0,0
34.5746,5.0218,1246,0,0
34.5994,5.0419,1251,0,0
34.6242,5.0097,1243,0,0
34.6490,5.0218,1246,0,0
34.6738,5.0218,1246,0,0
34.6986,5.0177,1245,0,0
34.7234,5.0218,1246,0,0
34.7482,5.0177,1245,0,0
34.7730,5.0338,1249,0,0
34.7978,5.0298,1248,0,0
34.8226,5.0500,1253,0,0
34.8474,5.0338,1249,0,0
34.8722,5.0218,1246,0,0
34.8970,5.0298,1248,0,0
34.9218,5.0218,1246,0,0
34.9466,5.0218,1246,0,0
34.9714,5.0338,1249,0,0
34.9962,5.0298,1248,0,0
35.0210,5.0218,1246,0,0
35.0458,5.0298,1248,0,0
35.0706,5.0218,1246,0,0
35.0954,5.0298,1248,0,0
35.1202,5.0218,1246,0,0
35.1450,5.0097,1243,0,0
35.1698,5.0338,1249,0,0
35.1946,5.0298,1248,0,0
35.2194,5.0419,1251,0,0
35.2442,5.0298,1248,0,0
35.2690,5.0218,1246,0,0
35.2938,5.0379,1250,0,0
35.3186,5.0338,1249,0,0
35.3434,5.0338,1249,0,0
35.3682,5.0298,1248,0,0
35.3930,5.0500,1253,0,0
35.4179,5.0218,1246,0,0
35.4427,5.0218,1246,0,0
35.4675,4.9855,1237,0,0
35.4923,5.0298,1248,0,0
35.5171,5.0097,1243,0,0
35.5419,5.0338,1249,0,0
35.5667,5.0298,1248,0,0
35.5915,5.0298,1248,0,0
35.6163,5.0298,1248,0,0
35.6411,5.0298,1248,0,0
35.6659,5.0419,1251,0,0
35.6907,5.0338,1249,0,0
35.7155,5.0298,1248,0,0
35.7403,5.0177,1245,0,0
35.7651,5.0218,1246,0,0
35.7899,5.0338,1249,0,0
35.8147,5.0097,1243,0,0
35.8395,5.0419,1251,0,0
35.8643,5.0338,1249,0,0
35.8891,5.0338,1249,0,0
35.9139,5.0177,1245,0,0
35.9387,5.0298,1248,0,0
35.9635,5.0419,1251,0,0
35.9883,5.0298,1248,0,0
36.0131,5.0298,1248,0,0
36.0379,5.0338,1249,0,0
36.0627,5.0097,1243,0,0
36.0875,5.0298,1248,0,0
36.1123,5.0742,1259,0,0
36.1371,5.0379,1250,0,0
36.1619,5.0419,1251,0,0
36.1867,5.0298,1248,0,0
36.2115,5.0782,1260,0,0
36.2363,4.9935,1239,0,0
36.2611,5.0298,1248,0,0
36.2859,5.0056,1242,0,0
36.3107,5.0379,1250,0,0
36.3355,5.0419,1251,0,0
36.3603,5.0218,1246,0,0
36.3851,5.0298,1248,0,0
36.4099,5.0218,1246,0,0
36.4347,5.0338,1249,0,0
36.4596,4.9935,1239,0,0
36.4844,5.0661,1257,0,0
36.5092,5.0338,1249,0,0
36.5340,5.0338,1249,0,0
36.5588,4.9855,1237,0,0
36.5836,5.0298,1248,0,0
36.6084,5.0298,1248,0,0
36.6332,5.0419,1251,0,0
36.6580,5.0338,1249,0,0
36.6828,5.0177,1245,0,0
36.7076,5.0177,1245,0,0
36.7324,5.0218,1246,0,0
36.7572,5.0298,1248,0,0
36.7820,5.0298,1248,0,0
36.8068,5.0379,1250,0,0
36.8316,5.0338,1249,0,0
36.8564,5.0056,1242,0,0
36.8812,5.0298,1248,0,0
36.9060,5.0338,1249,0,0
36.9308,5.0379,1250,0,0
36.9556,5.0298,1248,0,0
36.9804,5.0338,1249,0,0
37.0052,5.0218,1246,0,0
37.0300,5.0298,1248,0,0
37.0548,5.0177,1245,0,0
37.0796,5.0177,1245,0,0
37.1044,5.0298,1248,0,0
37.1292,5.0218,1246,0,0
37.1540,5.0419,1251,0,0
37.1788,5.0419,1251,0,0
37.2036,5.0338,1249,0,0
37.2284,5.0298,1248,0,0
37.2532,5.0177,1245,0,0
37.2780,4.9855,1237,0,0
37.3028,5.0298,1248,0,0
37.3276,5.0338,1249,0,0
37.3524,5.0338,1249,0,0
37.3772,5.0419,1251,0,0
37.4020,5.0298,1248,0,0
37.4268,5.0298,1248,0,0
37.4516,5.0097,1243,0,0
37.4765,5.0419,1251,0,0
37.5013,5.0540,1254,0,0
37.5261,5.0419,1251,0,0
37.5509,5.0218,1246,0,0
37.5757,5.0218,1246,0,0
37.6005,5.0218,1246,0,0
37.6253,5.0379,1250,0,0
37.6501,5.0298,1248,0,0
37.6749,5.0298,1248,0,0
37.6997,5.0338,1249,0,0
37.7245,5.0298,1248,0,0
37.7493,5.0500,1253,0,0
37.7741,5.0218,1246,0,0
37.7989,5.0338,1249,0,0
37.8237,5.0218,1246,0,0
37.8485,5.0419,1251,0,0
37.8733,5.0177,1245,0,0
37.8981,5.0298,1248,0,0
37.9229,5.0379,1250,0,0
37.9477,5.0218,1246,0,0
37.9725,5.0338,1249,0,0
37.9973,5.0218,1246,0,0
38.0221,5.0661,1257,0,0
38.0469,5.0379,1250,0,0
38.0717,5.0500,1253,0,0
38.0965,5.0379,1250,0,0
38.1213,5.0338,1249,0,0
38.1461,5.0298,1248,0,0
38.1709,5.0338,1249,0,0
38.1957,5.0218,1246,0,0
38.2205,5.0298,1248,0,0
38.2453,5.0379,1250,0,0
38.2701,5.0338,1249,0,0
38.2949,5.0218,1246,0,0
38.3197,5.0177,1245,0,0
38.3445,5.0742,1259,0,0
38.3693,5.0419,1251,0,0
38.3941,5.0379,1250,0,0
38.4189,5.0298,1248,0,0
38.4437,5.0379,1250,0,0
38.4685,5.0177,1245,0,0
38.4934,5.0218,1246,0,0
38.5182,5.0379,1250,0,0
38.5430,5.0338,1249,0,0
38.5678,5.0338,1249,0,0
38.5926,5.0218,1246,0,0
38.6174,5.0338,1249,0,0
38.6422,5.0338,1249,0,0
38.6670,5.0056,1242,0,0
38.6918,5.0500,1253,0,0
38.7166,5.0298,1248,0,0
38.7414,5.0177,1245,0,0
38.7662,5.0298,1248,0,0
38.7910,5.0177,1245,0,0
38.8158,5.0298,1248,0,0
38.8406,5.0379,1250,0,0
38.8654,5.0338,1249,0,0
38.8902,5.0177,1245,0,0
38.9150,5.0056,1242,0,0
38.9398,5.0379,1250,0,0
38.9646,5.0338,1249,0,0
38.9894,5.0338,1249,0,0
39.0142,5.0338,1249,0,0
39.0390,5.0218,1246,0,0
39.0638,5.0379,1250,0,0
39.0886,5.0298,1248,0,0
39.1134,5.0500,1253,0,0
39.1382,5.0298,1248,0,0
39.1630,5.0298,1248,0,0
39.1878,5.0338,1249,0,0
39.2126,5.0298,1248,0,0
39.2374,5.0338,1249,0,0
39.2622,5.0338,1249,0,0
39.2870,5.0177,1245,0,0
39.3118,4.9935,1239,0,0
39.3366,5.0338,1249,0,0
39.3614,5.0298,1248,0,0
39.3862,5.0338,1249,0,0
39.4110,5.0500,1253,0,0
39.4358,5.0379,1250,0,0
39.4606,5.0500,1253,0,0
39.4854,5.0218,1246,0,0
39.5103,5.0580,1255,0,0
39.5351,5.0298,1248,0,0
39.5599,5.0338,1249,0,0
39.5847,5.0661,1257,0,0
39.6095,5.0298,1248,0,0
39.6343,5.0298,1248,0,0
39.6591,5.0338,1249,0,0
39.6839,5.0419,1251,0,0
39.7087,5.0338,1249,0,0
39.7335,5.0338,1249,0,0
39.7583,5.0419,1251,0,0
39.7831,5.0338,1249,0,0
39.8079,5.0419,1251,0,0
39.8327,5.0298,1248,0,0
39.8575,5.0298,1248,0,0
39.8823,5.0298,1248,0,0
39.9071,5.0338,1249,0,0
39.9319,5.0218,1246,0,0
39.9567,5.0419,1251,0,0
39.9815,5.0338,1249,0,0
40.0063,5.0701,1258,0,0
40.0311,5.0661,1257,0,0
40.0559,5.0419,1251,0,0
40.0807,5.0701,1258,0,0
40.1055,5.0379,1250,0,0
40.1303,5.0419,1251,0,0
40.1551,5.0500,1253,0,0
40.1799,5.0500,1253,0,0
40.2047,5.0218,1246,0,0
40.2295,5.0338,1249,0,0
40.2543,5.0218,1246,0,0
40.2791,5.0419,1251,0,0
40.3039,5.0177,1245,0,0
40.3287,5.0338,1249,0,0
40.3535,5.0379,1250,0,0
40.3783,5.0419,1251,0,0
40.4031,5.0379,1250,0,0
40.4279,5.0298,1248,0,0
40.4527,5.0298,1248,0,0
40.4775,5.0540,1254,0,0
40.5023,5.0419,1251,0,0
40.5271,5.0419,1251,0,0
40.5520,5.0419,1251,0,0
40.5768,5.0338,1249,0,0
40.6016,5.0379,1250,0,0
40.6264,5.0419,1251,0,0
40.6512,5.0338,1249,0,0
40.6760,5.0379,1250,0,0
40.7008,5.0338,1249,0,0
40.7256,5.0177,1245,0,0
40.7504,5.0298,1248,0,0
40.7752,5.0298,1248,0,0
40.8000,5.0379,1250,0,0
40.8248,5.0218,1246,0,0
40.8496,5.0298,1248,0,0
40.8744,5.0338,1249,0,0
40.8992,5.0338,1249,0,0
40.9240,5.0338,1249,0,0
40.9488,5.0500,1253,0,0
40.9736,5.0218,1246,0,0
40.9984,5.0661,1257,0,0
41.0232,5.0338,1249,0,0
41.0480,5.0661,1257,0,0
41.0728,5.0177,1245,0,0
41.0976,5.0540,1254,0,0
41.1224,5.0742,1259,0,0
41.1472,5.0379,1250,0,0
41.1720,5.0742,1259,0,0
41.1968,5.0419,1251,0,0
41.2216,5.0500,1253,0,0
41.2464,5.0500,1253,0,0
41.2712,5.0338,1249,0,0
41.2960,5.0338,1249,0,0
41.3208,5.0661,1257,0,0
41.3456,5.0379,1250,0,0
41.3704,5.0218,1246,0,0
41.3952,5.0419,1251,0,0
41.4200,5.0338,1249,0,0
41.4448,5.0419,1251,0,0
41.4696,5.0540,1254,0,0
41.4944,5.0419,1251,0,0
41.5192,5.0500,1253,0,0
41.5440,5.0661,1257,0,0
41.5689,5.0338,1249,0,0
41.5937,5.0298,1248,0,0
41.6185,5.0338,1249,0,0
41.6433,5.0379,1250,0,0
41.6681,5.0419,1251,0,0
41.6929,5.0177,1245,0,0
41.7177,5.0419,1251,0,0
41.7425,5.0298,1248,0,0
41.7673,5.0379,1250,0,0
41.7921,5.1870,1287,0,0
41.8169,5.0298,1248,0,0
41.8417,5.0298,1248,0,0
41.8665,5.0419,1251,0,0
41.8913,5.0379,1250,0,0
41.9161,5.0298,1248,0,0
41.9409,5.0177,1245,0,0
41.9657,5.0298,1248,0,0
41.9905,5.0338,1249,0,0
42.0153,5.0338,1249,0,0
42.0401,5.0379,1250,0,0
42.0649,5.0419,1251,0,0
42.0897,5.0500,1253,0,0
42.1145,5.0338,1249,0,0
42.1393,5.0298,1248,0,0
42.1641,5.0298,1248,0,0
42.1889,5.0298,1248,0,0
42.2137,5.0419,1251,0,0
42.2385,5.0298,1248,0,0
42.2633,5.0661,1257,0,0
42.2881,5.0298,1248,0,0
42.3129,5.0379,1250,0,0
42.3377,5.0218,1246,0,0
42.3625,5.0500,1253,0,0
42.3873,5.0379,1250,0,0
42.4121,5.0379,1250,0,0
42.4369,5.0338,1249,0,0
42.4617,5.0379,1250,0,0
42.4865,5.0379,1250,0,0
42.5113,5.0379,1250,0,0
42.5361,5.0500,1253,0,0
42.5609,5.0338,1249,0,0
42.5858,5.0500,1253,0,0
42.6105,5.0419,1251,0,0
42.6354,5.0177,1245,0,0
42.6602,4.9291,1223,0,0
42.6850,5.0540,1254,0,0
42.7098,5.0379,1250,0,0
42.7346,5.0338,1249,0,0
42.7594,5.0298,1248,0,0
42.7842,5.0338,1249,0,0
42.8090,5.0338,1249,0,0
42.8338,5.0782,1260,0,0
42.8586,5.0338,1249,0,0
42.8834,5.0379,1250,0,0
42.9082,5.0742,1259,0,0
42.9330,5.0379,1250,0,0
42.9578,5.0177,1245,0,0
42.9826,5.0500,1253,0,0
43.0074,5.0338,1249,0,0
43.0322,5.0419,1251,0,0
43.0570,5.0661,1257,0,0
43.0818,5.0782,1260,0,0
43.1066,5.0338,1249,0,0
43.1314,5.0419,1251,0,0
43.1562,5.0822,1261,0,0
43.1810,5.0338,1249,0,0
43.2058,5.0661,1257,0,0
43.2306,5.0056,1242,0,0
43.2554,5.0379,1250,0,0
43.2802,5.0218,1246,0,0
43.3050,5.0419,1251,0,0
43.3298,5.0298,1248,0,0
43.3546,5.0419,1251,0,0
43.3794,5.0177,1245,0,0
43.4042,5.0379,1250,0,0
43.4290,5.0379,1250,0,0
43.4538,5.0338,1249,0,0
43.4786,5.0419,1251,0,0
43.5034,5.0419,1251,0,0
43.5282,5.0218,1246,0,0
43.5530,5.0218,1246,0,0
43.5778,5.0500,1253,0,0
43.6026,5.0661,1257,0,0
43.6274,5.0338,1249,0,0
43.6523,5.0419,1251,0,0
43.6771,5.0298,1248,0,0
43.7019,5.0298,1248,0,0
43.7267,5.0419,1251,0,0
43.7515,5.0379,1250,0,0
43.7763,5.0338,1249,0,0
43.8011,5.0500,1253,0,0
43.8259,5.0338,1249,0,0
43.8507,5.0379,1250,0,0
43.8755,5.0540,1254,0,0
43.9003,5.0218,1246,0,0
43.9251,4.9734,1234,0,0
43.9499,5.0379,1250,0,0
43.9747,5.0218,1246,0,0
43.9995,5.0379,1250,0,0
44.0243,5.0379,1250,0,0
44.0491,5.0298,1248,0,0
44.0739,5.0379,1250,0,0
44.0987,5.0338,1249,0,0
44.1235,5.0338,1249,0,0
44.1483,5.0379,1250,0,0
44.1731,5.0338,1249,0,0
44.1979,5.0419,1251,0,0
44.2227,5.0782,1260,0,0
44.2475,5.0298,1248,0,0
44.2723,5.0379,1250,0,0
44.2971,5.0379,1250,0,0
44.3219,5.0379,1250,0,0
44.3467,5.0177,1245,0,0
44.3715,5.0782,1260,0,0
44.3963,5.0298,1248,0,0
44.4211,5.0419,1251,0,0
44.4459,5.0177,1245,0,0
44.4707,5.0338,1249,0,0
44.4955,5.0419,1251,0,0
44.5203,5.0540,1254,0,0
44.5451,5.0500,1253,0,0
44.5699,5.0742,1259,0,0
44.5947,5.0298,1248,0,0
44.6195,5.0338,1249,0,0
44.6443,5.0338,1249,0,0
44.6692,5.0379,1250,0,0
44.6940,5.0298,1248,0,0
44.7188,5.0500,1253,0,0
44.7436,5.0580,1255,0,0
44.7684,5.0338,1249,0,0
44.7932,4.9935,1239,0,0
44.8180,5.0298,1248,0,0
44.8428,5.0500,1253,0,0
44.8676,5.0338,1249,0,0
44.8924,5.0298,1248,0,0
44.9172,5.0862,1262,0,0
44.9420,5.0379,1250,0,0
44.9668,5.0419,1251,0,0
44.9916,5.0500,1253,0,0
45.0164,5.0298,1248,0,0
45.0412,5.0298,1248,0,0
45.0660,5.0379,1250,0,0
45.0908,5.0419,1251,0,0
45.1156,5.0338,1249,0,0
45.1404,5.0379,1250,0,0
45.1652,5.0701,1258,0,0
45.1900,5.0379,1250,0,0
45.2148,5.0298,1248,0,0
45.2396,5.0540,1254,0,0
45.2644,5.0419,1251,0,0
45.2892,5.0500,1253,0,0
45.3140,5.0379,1250,0,0
45.3388,5.0338,1249,0,0
45.3636,5.0500,1253,0,0
45.3884,5.0298,1248,0,0
45.4132,5.0338,1249,0,0
45.4380,5.0298,1248,0,0
45.4628,5.0298,1248,0,0
45.4876,5.0661,1257,0,0
45.5124,5.0338,1249,0,0
45.5372,5.0218,1246,0,0
45.5620,5.0782,1260,0,0
45.5868,5.0338,1249,0,0
45.6116,5.0782,1260,0,0
45.6364,5.0379,1250,0,0
45.6612,5.0338,1249,0,0
45.6861,5.0701,1258,0,0
45.7109,5.0661,1257,0,0
45.7357,5.0500,1253,0,0
45.7605,5.0379,1250,0,0
45.7853,5.0419,1251,0,0
45.8101,5.0419,1251,0,0
45.8349,5.0500,1253,0,0
45.8597,5.0298,1248,0,0
45.8845,5.0379,1250,0,0
45.9093,5.0298,1248,0,0
45.9341,5.0298,1248,0,0
45.9589,5.0298,1248,0,0
45.9837,5.0338,1249,0,0
46.0085,5.0661,1257,0,0
46.0333,5.0419,1251,0,0
46.0581,5.0379,1250,0,0
46.0829,5.0218,1246,0,0
46.1077,5.0218,1246,0,0
46.1325,5.0338,1249,0,0
46.1573,5.0540,1254,0,0
46.1821,5.0742,1259,0,0
46.2069,5.0379,1250,0,0
46.2317,5.0338,1249,0,0
46.2565,5.0298,1248,0,0
46.2813,5.0661,1257,0,0
46.3061,5.0782,1260,0,0
46.3309,5.0419,1251,0,0
46.3557,5.0419,1251,0,0
46.3805,5.0338,1249,0,0
46.4053,5.0903,1263,0,0
46.4301,5.0298,1248,0,0
46.4549,5.0500,1253,0,0
46.4797,5.0500,1253,0,0
46.5045,5.0338,1249,0,0
46.5293,5.0338,1249,0,0
46.5541,5.0298,1248,0,0
46.5789,5.0419,1251,0,0
46.6037,5.0661,1257,0,0
46.6285,5.0338,1249,0,0
46.6533,5.0338,1249,0,0
46.6781,5.0782,1260,0,0
46.7029,5.0338,1249,0,0
46.7278,5.0661,1257,0,0
46.7526,5.0742,1259,0,0
46.7774,5.0782,1260,0,0
46.8022,5.0338,1249,0,0
46.8270,5.0379,1250,0,0
46.8518,5.0379,1250,0,0
46.8766,5.0419,1251,0,0
46.9014,5.0338,1249,0,0
46.9262,5.0419,1251,0,0
46.9510,5.0298,1248,0,0
46.9758,5.0379,1250,0,0
47.0006,5.0500,1253,0,0
47.0254,5.0379,1250,0,0
47.0502,5.0338,1249,0,0
47.0750,5.0338,1249,0,0
47.0998,5.0701,1258,0,0
47.1246,5.0661,1257,0,0
47.1494,5.0379,1250,0,0
47.1742,5.0500,1253,0,0
47.1990,5.0742,1259,0,0
47.2238,5.0298,1248,0,0
47.2486,5.0056,1242,0,0
47.2734,5.0338,1249,0,0
47.2982,5.0661,1257,0,0
47.3230,5.0379,1250,0,0
47.3478,5.0379,1250,0,0
47.3726,5.0742,1259,0,0
47.3974,5.0701,1258,0,0
47.4222,5.0419,1251,0,0
47.4470,5.0822,1261,0,0
47.4718,5.0177,1245,0,0
47.4966,5.0580,1255,0,0
47.5214,5.0661,1257,0,0
47.5462,5.0419,1251,0,0
47.5710,5.0218,1246,0,0
47.5958,5.0742,1259,0,0
47.6206,5.0540,1254,0,0
47.6454,5.0540,1254,0,0
47.6702,5.0379,1250,0,0
47.6950,5.0742,1259,0,0
47.7198,5.0338,1249,0,0
47.7447,5.0419,1251,0,0
47.7695,5.0500,1253,0,0
47.7943,5.0661,1257,0,0
47.8191,5.0298,1248,0,0
47.8439,5.0701,1258,0,0
47.8687,5.0661,1257,0,0
47.8935,5.0419,1251,0,0
47.9183,5.0338,1249,0,0
47.9431,5.0298,1248,0,0
47.9679,5.0298,1248,0,0
47.9927,5.0742,1259,0,0
48.0175,5.0298,1248,0,0
48.0423,5.0742,1259,0,0
48.0671,5.0742,1259,0,0
48.0919,5.0419,1251,0,0
48.1167,5.0661,1257,0,0
48.1415,5.0298,1248,0,0
48.1663,5.0379,1250,0,0
48.1911,5.0500,1253,0,0
48.2159,5.0298,1248,0,0
48.2407,5.0500,1253,0,0
48.2655,5.0338,1249,0,0
48.2903,5.0298,1248,0,0
48.3151,5.0782,1260,0,0
48.3399,5.0500,1253,0,0
48.3647,5.0177,1245,0,0
48.3895,5.0379,1250,0,0
48.4143,5.0177,1245,0,0
48.4391,5.0540,1254,0,0
48.4639,5.0379,1250,0,0
48.4887,5.0661,1257,0,0
48.5135,5.0540,1254,0,0
48.5383,5.0661,1257,0,0
48.5631,5.0500,1253,0,0
48.5879,5.0338,1249,0,0
48.6127,5.0701,1258,0,0
48.6375,5.0419,1251,0,0
48.6623,5.0379,1250,0,0
48.6871,5.0500,1253,0,0
48.7119,5.0338,1249,0,0
48.7367,5.0338,1249,0,0
48.7616,5.0661,1257,0,0
48.7864,5.0379,1250,0,0
48.8112,5.0338,1249,0,0
48.8360,5.0419,1251,0,0
48.8608,5.0338,1249,0,0
48.8856,5.0419,1251,0,0
48.9104,5.0338,1249,0,0
48.9352,5.0540,1254,0,0
48.9600,5.0661,1257,0,0
48.9848,5.0419,1251,0,0
49.0096,5.0661,1257,0,0
49.0344,5.0661,1257,0,0
49.0592,5.0338,1249,0,0
49.0840,5.0701,1258,0,0
49.1088,5.0419,1251,0,0
49.1336,5.0540,1254,0,0
49.1584,5.0862,1262,0,0
49.1832,5.0419,1251,0,0
49.2080,5.0379,1250,0,0
49.2328,5.0540,1254,0,0
49.2576,5.0661,1257,0,0
49.2824,5.0338,1249,0,0
49.3072,5.0742,1259,0,0
49.3320,5.0379,1250,0,0
49.3568,5.0419,1251,0,0
49.3816,5.0419,1251,0,0
49.4064,5.0218,1246,0,0
49.4312,5.0701,1258,0,0
49.4560,5.0379,1250,0,0
49.4808,5.0661,1257,0,0
49.5056,5.0742,1259,0,0
49.5304,5.0782,1260,0,0
49.5552,5.0580,1255,0,0
49.5800,5.0661,1257,0,0
49.6048,5.0500,1253,0,0
49.6296,5.0338,1249,0,0
49.6544,5.0338,1249,0,0
49.6792,5.0742,1259,0,0
49.7040,5.0338,1249,0,0
49.7288,5.0782,1260,0,0
49.7536,5.0500,1253,0,0
49.7785,5.0661,1257,0,0
49.8033,5.0379,1250,0,0
49.8281,5.0419,1251,0,0
49.8529,5.0419,1251,0,0
49.8777,5.0661,1257,0,0
49.9025,5.0419,1251,0,0
49.9273,5.0419,1251,0,0
49.9521,5.0500,1253,0,0
49.9769,5.0338,1249,0,0
50.0017,5.0379,1250,0,0
50.0265,5.0338,1249,0,0
50.0513,5.0338,1249,0,0
50.0761,5.0701,1258,0,0
50.1009,5.0661,1257,0,0
50.1257,5.0379,1250,0,0
50.1505,5.0419,1251,0,0
50.1753,5.0782,1260,0,0
50.2001,5.0661,1257,0,0
50.2249,5.0661,1257,0,0
50.2497,5.0661,1257,0,0
50.2745,5.0379,1250,0,0
50.2993,5.0661,1257,0,0
50.3241,5.0782,1260,0,0
50.3489,5.0782,1260,0,0
50.3737,5.0419,1251,0,0
50.3985,5.0218,1246,0,0
50.4233,5.0742,1259,0,0
50.4481,5.0338,1249,0,0
50.4729,5.0500,1253,0,0
50.4977,5.0782,1260,0,0
50.5225,5.0338,1249,0,0
50.5473,5.0661,1257,0,0
50.5721,5.0218,1246,0,0
50.5969,5.0379,1250,0,0
50.6217,5.0338,1249,0,0
50.6465,5.0379,1250,0,0
50.6713,5.0742,1259,0,0
50.6961,5.0742,1259,0,0
50.7209,5.0742,1259,0,0
50.7457,5.0580,1255,0,0
50.7705,5.0742,1259,0,0
50.7953,5.0701,1258,0,0
50.8202,5.0338,1249,0,0
50.8450,5.0782,1260,0,0
50.8698,5.0338,1249,0,0
50.8946,5.0338,1249,0,0
50.9194,5.0983,1265,0,0
50.9442,5.0822,1261,0,0
50.9690,5.0742,1259,0,0
50.9938,5.0379,1250,0,0
51.0186,5.0500,1253,0,0
51.0434,5.0298,1248,0,0
51.0682,5.0782,1260,0,0
51.0930,5.0782,1260,0,0
51.1178,5.0298,1248,0,0
51.1426,5.0500,1253,0,0
51.1674,5.0298,1248,0,0
51.1922,5.0822,1261,0,0
51.2170,5.0298,1248,0,0
51.2418,5.0379,1250,0,0
51.2666,5.0419,1251,0,0
51.2914,5.0540,1254,0,0
51.3162,5.0742,1259,0,0
51.3410,5.0218,1246,0,0
51.3658,5.0782,1260,0,0
51.3906,5.0500,1253,0,0
51.4154,5.0379,1250,0,0
51.4402,5.0419,1251,0,0
51.4650,5.0338,1249,0,0
51.4898,5.0661,1257,0,0
51.5146,5.0742,1259,0,0
51.5394,5.0742,1259,0,0
51.5642,5.0943,1264,0,0
51.5890,5.0419,1251,0,0
51.6138,5.0419,1251,0,0
51.6386,5.0298,1248,0,0
51.6634,5.0782,1260,0,0
51.6882,5.0338,1249,0,0
51.7130,5.0782,1260,0,0
51.7378,5.0661,1257,0,0
51.7626,5.0379,1250,0,0
51.7874,5.0419,1251,0,0
51.8122,5.0701,1258,0,0
51.8371,5.0177,1245,0,0
51.8619,5.0782,1260,0,0
51.8867,5.0419,1251,0,0
51.9115,5.0379,1250,0,0
51.9363,5.0419,1251,0,0
51.9611,5.0419,1251,0,0
51.9859,5.0742,1259,0,0
52.0107,5.0661,1257,0,0
52.0355,5.0782,1260,0,0
52.0603,5.0338,1249,0,0
52.0851,5.0661,1257,0,0
52.1099,5.0338,1249,0,0
52.1347,5.0419,1251,0,0
52.1595,5.0298,1248,0,0
52.1843,5.0742,1259,0,0
52.2091,5.0661,1257,0,0
52.2339,5.0943,1264,0,0
52.2587,5.0661,1257,0,0
52.2835,5.0701,1258,0,0
52.3083,5.0379,1250,0,0
52.3331,5.0338,1249,0,0
52.3579,5.0379,1250,0,0
52.3827,5.0500,1253,0,0
52.4075,5.0338,1249,0,0
52.4323,5.0782,1260,0,0
52.4571,5.0822,1261,0,0
52.4819,5.0782,1260,0,0
52.5067,5.0580,1255,0,0
52.5315,5.0379,1250,0,0
52.5563,5.0580,1255,0,0
52.5811,5.0419,1251,0,0
52.6059,5.0661,1257,0,0
52.6307,5.0782,1260,0,0
52.6555,5.0742,1259,0,0
52.6803,5.0500,1253,0,0
52.7051,5.1548,1279,0,0
52.7299,5.0379,1250,0,0
52.7547,5.0419,1251,0,0
52.7795,5.0379,1250,0,0
52.8043,5.0379,1250,0,0
52.8291,5.0701,1258,0,0
52.8540,5.0822,1261,0,0
52.8787,5.0338,1249,0,0
52.9036,5.0500,1253,0,0
52.9284,5.0742,1259,0,0
52.9532,5.0500,1253,0,0
52.9780,5.0419,1251,0,0
53.0028,5.0419,1251,0,0
53.0276,5.0298,1248,0,0
53.0524,5.0419,1251,0,0
53.0772,5.0742,1259,0,0
53.1020,5.0782,1260,0,0
53.1268,5.0862,1262,0,0
53.1516,5.0419,1251,0,0
53.1764,5.0379,1250,0,0
53.2012,5.0379,1250,0,0
53.2260,5.0379,1250,0,0
53.2508,5.0298,1248,0,0
53.2756,5.0298,1248,0,0
53.3004,5.0338,1249,0,0
53.3252,5.0661,1257,0,0
53.3500,5.0661,1257,0,0
53.3748,5.0540,1254,0,0
53.3996,5.0379,1250,0,0
53.4244,5.0661,1257,0,0
53.4492,5.0298,1248,0,0
53.4740,5.0862,1262,0,0
53.4988,5.0379,1250,0,0
53.5236,5.0661,1257,0,0
53.5484,5.0903,1263,0,0
53.5732,5.0862,1262,0,0
53.5980,5.0500,1253,0,0
53.6228,5.0298,1248,0,0
53.6476,5.0661,1257,0,0
53.6724,5.0701,1258,0,0
53.6972,5.0580,1255,0,0
53.7220,5.0379,1250,0,0
53.7468,5.0580,1255,0,0
53.7716,5.0782,1260,0,0
53.7964,5.0338,1249,0,0
53.8212,5.0742,1259,0,0
53.8460,5.0500,1253,0,0
53.8708,5.0782,1260,0,0
53.8956,5.0056,1242,0,0
53.9205,5.0580,1255,0,0
53.9453,5.0338,1249,0,0
53.9701,5.0782,1260,0,0
53.9949,5.0379,1250,0,0
54.0197,5.0419,1251,0,0
54.0445,5.0419,1251,0,0
54.0693,5.0862,1262,0,0
54.0941,5.0661,1257,0,0
54.1189,5.0540,1254,0,0
54.1437,5.0500,1253,0,0
54.1685,5.0782,1260,0,0
54.1933,5.0500,1253,0,0
54.2181,5.0661,1257,0,0
54.2429,5.0500,1253,0,0
54.2677,5.0782,1260,0,0
54.2925,5.0580,1255,0,0
54.3173,5.0379,1250,0,0
54.3421,5.0782,1260,0,0
54.3669,5.0419,1251,0,0
54.3917,5.0742,1259,0,0
54.4165,5.0540,1254,0,0
54.4413,5.0862,1262,0,0
54.4661,5.0742,1259,0,0
54.4909,5.0500,1253,0,0
54.5157,5.0661,1257,0,0
54.5405,5.0701,1258,0,0
54.5653,5.0500,1253,0,0
54.5901,5.0782,1260,0,0
54.6149,5.0661,1257,0,0
54.6397,5.0862,1262,0,0
54.6645,5.0742,1259,0,0
54.6893,5.0661,1257,0,0
54.7141,5.0742,1259,0,0
54.7389,5.0782,1260,0,0
54.7637,5.0540,1254,0,0
54.7885,5.0943,1264,0,0
54.8133,5.0379,1250,0,0
54.8381,5.0782,1260,0,0
54.8629,5.0943,1264,0,0
54.8877,5.0661,1257,0,0
54.9125,5.0782,1260,0,0
54.9374,5.0661,1257,0,0
54.9622,5.0782,1260,0,0
54.9870,5.0661,1257,0,0
55.0118,5.0862,1262,0,0
55.0366,5.0661,1257,0,0
55.0614,5.0742,1259,0,0
55.0862,5.0500,1253,0,0
55.1110,5.0701,1258,0,0
55.1358,5.0782,1260,0,0
55.1606,5.0661,1257,0,0
55.1854,5.0822,1261,0,0
55.2102,5.0298,1248,0,0
55.2350,5.0701,1258,0,0
55.2598,5.0742,1259,0,0
55.2846,5.0379,1250,0,0
55.3094,5.0419,1251,0,0
55.3342,5.0379,1250,0,0
55.3590,5.0661,1257,0,0
55.3838,5.0742,1259,0,0
55.4086,5.0419,1251,0,0
55.4334,5.0379,1250,0,0
55.4582,5.0903,1263,0,0
55.4830,5.0338,1249,0,0
55.5078,5.0782,1260,0,0
55.5326,5.0661,1257,0,0
55.5574,5.0862,1262,0,0
55.5822,5.0701,1258,0,0
55.6070,5.0379,1250,0,0
55.6318,5.0379,1250,0,0
55.6566,5.0338,1249,0,0
55.6814,5.0782,1260,0,0
55.7062,5.0661,1257,0,0
55.7310,5.0862,1262,0,0
55.7558,5.0540,1254,0,0
55.7806,5.0338,1249,0,0
55.8054,5.0742,1259,0,0
55.8302,5.0822,1261,0,0
55.8550,5.0500,1253,0,0
55.8798,5.0742,1259,0,0
55.9046,5.0742,1259,0,0
55.9294,5.0500,1253,0,0
55.9543,5.0701,1258,0,0
55.9791,5.0661,1257,0,0
56.0039,5.0419,1251,0,0
56.0287,5.0419,1251,0,0
56.0535,5.0943,1264,0,0
56.0783,5.0822,1261,0,0
56.1031,5.0661,1257,0,0
56.1279,5.0782,1260,0,0
56.1527,5.0379,1250,0,0
56.1775,5.0701,1258,0,0
56.2023,5.0500,1253,0,0
56.2271,5.0822,1261,0,0
56.2519,5.0782,1260,0,0
56.2767,5.0580,1255,0,0
56.3015,5.0379,1250,0,0
56.3263,5.0500,1253,0,0
56.3511,5.0782,1260,0,0
56.3759,5.0419,1251,0,0
56.4007,5.0419,1251,0,0
56.4255,5.0661,1257,0,0
56.4503,5.0540,1254,0,0
56.4751,5.0661,1257,0,0
56.4999,5.0701,1258,0,0
56.5247,5.0782,1260,0,0
56.5495,5.0742,1259,0,0
56.5743,5.0298,1248,0,0
56.5991,5.0782,1260,0,0
56.6239,5.0661,1257,0,0
56.6487,5.0661,1257,0,0
56.6735,5.0701,1258,0,0
56.6983,5.0500,1253,0,0
56.7231,5.0540,1254,0,0
56.7479,5.0742,1259,0,0
56.7727,5.0822,1261,0,0
56.7975,5.0661,1257,0,0
56.8223,5.0298,1248,0,0
56.8471,5.0782,1260,0,0
56.8719,5.0782,1260,0,0
56.8967,5.0379,1250,0,0
56.9215,5.0862,1262,0,0
56.9463,5.0379,1250,0,0
56.9711,5.0862,1262,0,0
56.9960,5.0742,1259,0,0
57.0208,5.0782,1260,0,0
57.0456,5.0782,1260,0,0
57.0704,5.0338,1249,0,0
57.0952,5.0822,1261,0,0
57.1200,5.0862,1262,0,0
57.1448,5.0419,1251,0,0
57.1696,5.0540,1254,0,0
57.1944,5.0419,1251,0,0
57.2192,5.0298,1248,0,0
57.2440,5.0661,1257,0,0
57.2688,5.0379,1250,0,0
57.2936,5.0419,1251,0,0
57.3184,5.0500,1253,0,0
57.3432,5.0742,1259,0,0
57.3680,5.0500,1253,0,0
57.3928,5.0742,1259,0,0
57.4176,5.0661,1257,0,0
57.4424,5.0742,1259,0,0
57.4672,5.0701,1258,0,0
57.4920,5.0419,1251,0,0
57.5168,5.0862,1262,0,0
57.5416,5.0661,1257,0,0
57.5664,5.0742,1259,0,0
57.5912,5.0580,1255,0,0
57.6160,5.0742,1259,0,0
57.6408,5.0782,1260,0,0
57.6656,5.0661,1257,0,0
57.6904,5.0742,1259,0,0
57.7152,5.0822,1261,0,0
57.7400,5.0782,1260,0,0
57.7648,5.0661,1257,0,0
57.7896,5.0500,1253,0,0
57.8144,5.0661,1257,0,0
57.8392,5.0500,1253,0,0
57.8640,5.0500,1253,0,0
57.8888,5.0782,1260,0,0
57.9136,5.0661,1257,0,0
57.9384,5.0701,1258,0,0
57.9632,5.0338,1249,0,0
57.9880,5.0580,1255,0,0
58.0129,5.0661,1257,0,0
58.0377,5.0782,1260,0,0
58.0625,5.0379,1250,0,0
58.0873,5.0782,1260,0,0
58.1121,5.0419,1251,0,0
58.1369,5.0782,1260,0,0
58.1617,5.0661,1257,0,0
58.1865,5.0580,1255,0,0
58.2113,5.0419,1251,0,0
58.2361,5.0903,1263,0,0
58.2609,5.0580,1255,0,0
58.2857,5.0540,1254,0,0
58.3105,5.0540,1254,0,0
58.3353,5.0782,1260,0,0
58.3601,5.0661,1257,0,0
58.3849,5.0742,1259,0,0
58.4097,5.0540,1254,0,0
58.4345,5.0419,1251,0,0
58.4593,5.0943,1264,0,0
58.4841,5.0943,1264,0,0
58.5089,5.0983,1265,0,0
58.5337,5.0338,1249,0,0
58.5585,5.0782,1260,0,0
58.5833,5.0419,1251,0,0
58.6081,5.0540,1254,0,0
58.6329,5.0782,1260,0,0
58.6577,5.0661,1257,0,0
58.6825,5.0661,1257,0,0
58.7073,5.0419,1251,0,0
58.7321,5.0298,1248,0,0
58.7569,5.0338,1249,0,0
58.7817,5.0379,1250,0,0
58.8065,5.0661,1257,0,0
58.8313,5.0742,1259,0,0
58.8561,5.0822,1261,0,0
58.8809,5.0742,1259,0,0
58.9057,5.0500,1253,0,0
58.9305,5.0338,1249,0,0
58.9553,5.0782,1260,0,0
58.9801,5.0782,1260,0,0
59.0049,5.0742,1259,0,0
59.0298,5.0661,1257,0,0
59.0546,5.0742,1259,0,0
59.0794,5.0701,1258,0,0
59.1042,5.0379,1250,0,0
59.1290,5.0580,1255,0,0
59.1538,5.0661,1257,0,0
59.1786,5.0782,1260,0,0
59.2034,5.0419,1251,0,0
59.2282,5.0782,1260,0,0
59.2530,5.0782,1260,0,0
59.2778,5.0500,1253,0,0
59.3026,5.0379,1250,0,0
59.3274,5.0701,1258,0,0
59.3522,5.0862,1262,0,0
59.3770,5.0701,1258,0,0
59.4018,5.0782,1260,0,0
59.4266,5.0379,1250,0,0
59.4514,5.0782,1260,0,0
59.4762,5.0742,1259,0,0
59.5010,5.0742,1259,0,0
59.5258,5.0782,1260,0,0
59.5506,5.0661,1257,0,0
59.5754,5.0419,1251,0,0
59.6002,5.0661,1257,0,0
59.6250,5.0419,1251,0,0
59.6498,5.0742,1259,0,0
59.6746,5.0661,1257,0,0
59.6994,5.0661,1257,0,0
59.7242,5.0742,1259,0,0
59.7490,5.0540,1254,0,0
59.7738,5.0782,1260,0,0
59.7986,5.0540,1254,0,0
59.8234,5.0742,1259,0,0
59.8482,5.0661,1257,0,0
59.8730,5.0338,1249,0,0
59.8978,5.0742,1259,0,0
59.9226,5.0661,1257,0,0
59.9474,5.0661,1257,0,0
59.9722,5.0862,1262,0,0
59.9970,5.0742,1259,0,0
60.0218,5.0782,1260,0,0
60.0466,5.0782,1260,0,0
60.0715,5.0742,1259,0,0
60.0963,5.0419,1251,0,0
60.1211,5.0903,1263,0,0
60.1459,5.0943,1264,0,0
60.1707,5.0742,1259,0,0
60.1955,5.0379,1250,0,0
60.2203,5.0701,1258,0,0
60.2451,5.0782,1260,0,0
60.2699,5.0943,1264,0,0
60.2947,5.0298,1248,0,0
60.3195,5.0742,1259,0,0
60.3443,5.0298,1248,0,0
60.3691,5.0661,1257,0,0
60.3939,5.0742,1259,0,0
60.4187,5.0419,1251,0,0
60.4435,5.0742,1259,0,0
60.4683,5.0782,1260,0,0
60.4931,5.0661,1257,0,0
60.5179,5.0782,1260,0,0
60.5427,5.0782,1260,0,0
60.5675,5.0862,1262,0,0
60.5923,5.0782,1260,0,0
60.6171,5.0580,1255,0,0
60.6419,5.0500,1253,0,0
60.6667,5.0782,1260,0,0
60.6915,5.0540,1254,0,0
60.7163,5.0822,1261,0,0
60.7411,5.0661,1257,0,0
60.7659,5.0782,1260,0,0
60.7907,5.0782,1260,0,0
60.8155,5.0379,1250,0,0
60.8403,5.0419,1251,0,0
60.8651,5.0540,1254,0,0
60.8899,5.0983,1265,0,0
60.9147,5.0742,1259,0,0
60.9395,5.0742,1259,0,0
60.9643,5.0661,1257,0,0
60.9891,5.0701,1258,0,0
61.0139,5.0742,1259,0,0
61.0387,5.0500,1253,0,0
61.0635,5.0742,1259,0,0
61.0884,5.0742,1259,0,0
61.1132,5.0580,1255,0,0
61.1380,5.0661,1257,0,0
61.1628,5.0661,1257,0,0
61.1876,5.0742,1259,0,0
61.2124,5.0580,1255,0,0
61.2372,5.0701,1258,0,0
61.2620,5.0661,1257,0,0
61.2868,5.0742,1259,0,0
61.3116,5.0742,1259,0,0
61.3364,5.0862,1262,0,0
61.3612,5.0661,1257,0,0
61.3860,5.0661,1257,0,0
61.4108,5.0661,1257,0,0
61.4356,5.0782,1260,0,0
61.4604,5.0742,1259,0,0
61.4852,5.0862,1262,0,0
61.5100,5.0701,1258,0,0
61.5348,5.0782,1260,0,0
61.5596,5.0500,1253,0,0
61.5844,5.0782,1260,0,0
61.6092,5.0298,1248,0,0
61.6340,5.0500,1253,0,0
61.6588,5.0742,1259,0,0
61.6836,5.0742,1259,0,0
61.7084,5.0782,1260,0,0
61.7332,5.0661,1257,0,0
61.7580,5.0701,1258,0,0
61.7828,5.0742,1259,0,0
61.8076,5.0338,1249,0,0
61.8324,5.0782,1260,0,0
61.8572,5.0661,1257,0,0
61.8820,5.0742,1259,0,0
61.9068,5.0782,1260,0,0
61.9316,5.0661,1257,0,0
61.9564,5.0661,1257,0,0
61.9812,5.0782,1260,0,0
62.0060,5.0742,1259,0,0
62.0308,5.0742,1259,0,0
62.0556,5.0661,1257,0,0
62.0804,5.0500,1253,0,0
62.1053,5.0742,1259,0,0
62.1301,5.0782,1260,0,0
62.1549,5.0379,1250,0,0
62.1797,5.0742,1259,0,0
62.2045,5.0701,1258,0,0
62.2293,5.0661,1257,0,0
62.2541,5.0782,1260,0,0
62.2789,5.0580,1255,0,0
62.3037,5.0742,1259,0,0
62.3285,5.0419,1251,0,0
62.3533,5.0742,1259,0,0
62.3781,5.0419,1251,0,0
62.4029,5.0943,1264,0,0
62.4277,5.0338,1249,0,0
62.4525,5.0742,1259,0,0
62.4773,5.0500,1253,0,0
62.5021,5.0782,1260,0,0
62.5269,5.0782,1260,0,0
62.5517,5.0500,1253,0,0
62.5765,5.0742,1259,0,0
62.6013,5.0580,1255,0,0
62.6261,5.0742,1259,0,0
62.6509,5.0661,1257,0,0
62.6757,5.0782,1260,0,0
62.7005,5.0742,1259,0,0
62.7253,5.0379,1250,0,0
62.7501,5.0862,1262,0,0
62.7749,5.0822,1261,0,0
62.7997,5.0742,1259,0,0
62.8245,5.0862,1262,0,0
62.8493,5.0822,1261,0,0
62.8741,5.0862,1262,0,0
62.8989,5.0822,1261,0,0
62.9237,5.0338,1249,0,0
62.9485,5.0419,1251,0,0
62.9733,5.0782,1260,0,0
62.9981,5.0862,1262,0,0
63.0229,5.0742,1259,0,0
63.0477,5.0742,1259,0,0
63.0725,5.0943,1264,0,0
63.0973,5.0742,1259,0,0
63.1222,5.0983,1265,0,0
63.1470,5.0379,1250,0,0
63.1718,5.0701,1258,0,0
63.1966,5.0500,1253,0,0
63.2214,5.0540,1254,0,0
63.2462,5.0419,1251,0,0
63.2710,5.0500,1253,0,0
63.2958,5.0338,1249,0,0
63.3206,5.0822,1261,0,0
63.3454,5.0580,1255,0,0
63.3702,5.0379,1250,0,0
63.3950,5.0742,1259,0,0
63.4198,5.0379,1250,0,0
63.4446,5.0661,1257,0,0
63.4694,5.0338,1249,0,0
63.4942,5.0943,1264,0,0
63.5190,5.0177,1245,0,0
63.5438,5.0379,1250,0,0
63.5686,5.0782,1260,0,0
63.5934,5.0782,1260,0,0
63.6182,5.0822,1261,0,0
63.6430,5.0782,1260,0,0
63.6678,5.0379,1250,0,0
63.6926,5.0500,1253,0,0
63.7174,5.0782,1260,0,0
63.7422,5.1064,1267,0,0
63.7670,5.0379,1250,0,0
63.7918,5.0701,1258,0,0
63.8166,5.0782,1260,0,0
63.8414,5.0742,1259,0,0
63.8662,5.0701,1258,0,0
63.8910,5.0661,1257,0,0
63.9158,5.0782,1260,0,0
63.9406,5.0379,1250,0,0
63.9654,5.0862,1262,0,0
63.9902,5.0580,1255,0,0
64.0150,5.0701,1258,0,0
64.0398,5.0742,1259,0,0
64.0646,5.0701,1258,0,0
64.0894,5.0661,1257,0,0
64.1142,5.0661,1257,0,0
64.1390,5.0983,1265,0,0
64.1638,5.0661,1257,0,0
64.1887,5.0701,1258,0,0
64.2135,5.0419,1251,0,0
64.2383,5.0379,1250,0,0
64.2631,5.0943,1264,0,0
64.2879,5.0862,1262,0,0
64.3127,5.0218,1246,0,0
64.3375,5.0822,1261,0,0
64.3623,5.0661,1257,0,0
64.3871,5.0500,1253,0,0
64.4119,5.0983,1265,0,0
64.4367,5.0782,1260,0,0
64.4615,5.0419,1251,0,0
64.4863,5.0742,1259,0,0
64.5111,5.0500,1253,0,0
64.5359,5.0782,1260,0,0
64.5607,5.0500,1253,0,0
64.5855,5.0943,1264,0,0
64.6103,5.0701,1258,0,0
64.6351,5.0782,1260,0,0
64.6599,5.0701,1258,0,0
64.6847,5.0500,1253,0,0
64.7095,5.0742,1259,0,0
64.7343,5.0862,1262,0,0
64.7591,5.0983,1265,0,0
64.7839,5.0500,1253,0,0
64.8087,5.0943,1264,0,0
64.8335,5.0742,1259,0,0
64.8583,5.0540,1254,0,0
64.8831,5.0782,1260,0,0
64.9079,5.0943,1264,0,0
64.9327,5.0782,1260,0,0
64.9575,5.0943,1264,0,0
64.9823,5.0419,1251,0,0
65.0071,5.0782,1260,0,0
65.0319,5.0661,1257,0,0
65.0567,5.0338,1249,0,0
65.0815,5.0822,1261,0,0
65.1063,5.0782,1260,0,0
65.1311,5.0661,1257,0,0
65.1559,5.0742,1259,0,0
65.1807,5.0661,1257,0,0
65.2056,5.0419,1251,0,0
65.2304,5.0500,1253,0,0
65.2552,5.0540,1254,0,0
65.2800,5.0782,1260,0,0
65.3048,5.0661,1257,0,0
65.3296,5.0701,1258,0,0
65.3544,5.0742,1259,0,0
65.3792,5.0782,1260,0,0
65.4040,5.0661,1257,0,0
65.4288,5.0661,1257,0,0
65.4536,5.0742,1259,0,0
65.4784,5.0862,1262,0,0
65.5032,5.0379,1250,0,0
65.5280,5.0782,1260,0,0
65.5528,5.0903,1263,0,0
65.5776,5.0540,1254,0,0
65.6024,5.0701,1258,0,0
65.6272,5.0822,1261,0,0
65.6520,5.0782,1260,0,0
65.6768,5.0500,1253,0,0
65.7016,5.0500,1253,0,0
65.7264,5.0661,1257,0,0
65.7512,5.0379,1250,0,0
65.7760,5.0983,1265,0,0
65.8008,5.0742,1259,0,0
65.8256,5.0742,1259,0,0
65.8504,5.0862,1262,0,0
65.8752,5.0701,1258,0,0
65.9000,5.0822,1261,0,0
65.9248,5.0338,1249,0,0
65.9496,5.0540,1254,0,0
65.9744,5.0782,1260,0,0
65.9992,5.0862,1262,0,0
66.0240,5.0782,1260,0,0
66.0488,5.0782,1260,0,0
66.0736,5.0782,1260,0,0
66.0984,5.0701,1258,0,0
66.1232,5.0500,1253,0,0
66.1480,5.0661,1257,0,0
66.1728,5.0661,1257,0,0
66.1976,5.0742,1259,0,0
66.2225,5.0742,1259,0,0
66.2473,5.0661,1257,0,0
66.2721,5.0782,1260,0,0
66.2969,5.0822,1261,0,0
66.3217,5.0862,1262,0,0
66.3465,5.0540,1254,0,0
66.3713,5.0661,1257,0,0
66.3961,5.0782,1260,0,0
66.4209,5.0742,1259,0,0
66.4457,5.0661,1257,0,0
66.4705,5.0782,1260,0,0
66.4953,5.0540,1254,0,0
66.5201,5.0379,1250,0,0
66.5449,5.0782,1260,0,0
66.5697,5.1265,1272,0,0
66.5945,5.0742,1259,0,0
66.6193,5.0782,1260,0,0
66.6441,5.0782,1260,0,0
66.6689,5.0782,1260,0,0
66.6937,5.0701,1258,0,0
66.7185,5.0742,1259,0,0
66.7433,5.0742,1259,0,0
66.7681,5.0540,1254,0,0
66.7929,5.0661,1257,0,0
66.8177,5.0983,1265,0,0
66.8425,5.0943,1264,0,0
66.8673,5.0419,1251,0,0
66.8921,5.0782,1260,0,0
66.9169,5.0701,1258,0,0
66.9417,5.0742,1259,0,0
66.9665,5.0500,1253,0,0
66.9913,5.0379,1250,0,0
67.0161,5.0540,1254,0,0
67.0409,5.0338,1249,0,0
67.0657,5.0661,1257,0,0
67.0905,5.0782,1260,0,0
67.1153,5.0782,1260,0,0
67.1401,5.0782,1260,0,0
67.1649,5.0540,1254,0,0
67.1897,5.0661,1257,0,0
67.2145,5.0742,1259,0,0
67.2393,5.0500,1253,0,0
67.2642,5.0701,1258,0,0
67.2890,5.0742,1259,0,0
67.3138,5.0782,1260,0,0
67.3386,5.0903,1263,0,0
67.3634,5.0661,1257,0,0
67.3882,5.0500,1253,0,0
67.4130,5.0782,1260,0,0
67.4378,5.0943,1264,0,0
67.4626,5.0661,1257,0,0
67.4874,5.0742,1259,0,0
67.5122,5.0782,1260,0,0
67.5370,5.0701,1258,0,0
67.5618,5.0903,1263,0,0
67.5866,5.0338,1249,0,0
67.6114,5.0661,1257,0,0
67.6362,5.0782,1260,0,0
67.6610,5.0822,1261,0,0
67.6858,5.0379,1250,0,0
67.7106,5.0661,1257,0,0
67.7354,5.0782,1260,0,0
67.7602,5.0338,1249,0,0
67.7850,5.0782,1260,0,0
67.8098,5.0822,1261,0,0
67.8346,5.0742,1259,0,0
67.8594,5.0500,1253,0,0
67.8842,5.0943,1264,0,0
67.9090,5.0782,1260,0,0
67.9338,5.0903,1263,0,0
67.9586,5.0379,1250,0,0
67.9834,5.0500,1253,0,0
68.0082,5.0742,1259,0,0
68.0330,5.0822,1261,0,0
68.0578,5.0943,1264,0,0
68.0826,5.0338,1249,0,0
68.1074,5.0782,1260,0,0
68.1322,5.0379,1250,0,0
68.1570,5.0742,1259,0,0
68.1818,5.0742,1259,0,0
68.2066,5.0742,1259,0,0
68.2314,5.0943,1264,0,0
68.2562,5.0419,1251,0,0
68.2811,5.0822,1261,0,0
68.3059,5.0540,1254,0,0
68.3307,5.0822,1261,0,0
68.3555,5.0782,1260,0,0
68.3803,5.0661,1257,0,0
68.4051,5.0338,1249,0,0
68.4299,5.0782,1260,0,0
68.4547,5.0701,1258,0,0
68.4795,5.0540,1254,0,0
68.5043,5.0500,1253,0,0
68.5291,5.0500,1253,0,0
68.5539,5.0379,1250,0,0
68.5787,5.0500,1253,0,0
68.6035,5.0782,1260,0,0
68.6283,5.0701,1258,0,0
68.6531,5.0742,1259,0,0
68.6779,5.0742,1259,0,0
68.7027,5.0661,1257,0,0
68.7275,5.0782,1260,0,0
68.7523,5.0862,1262,0,0
68.7771,5.0862,1262,0,0
68.8019,5.0943,1264,0,0
68.8267,5.0862,1262,0,0
68.8515,5.0943,1264,0,0
68.8763,5.0782,1260,0,0
68.9011,5.0822,1261,0,0
68.9259,5.0943,1264,0,0
68.9507,5.0782,1260,0,0
68.9755,5.0701,1258,0,0
69.0003,5.0379,1250,0,0
69.0251,5.0862,1262,0,0
69.0499,5.0500,1253,0,0
69.0747,5.0661,1257,0,0
69.0995,5.0782,1260,0,0
69.1243,5.0742,1259,0,0
69.1491,5.0701,1258,0,0
69.1739,5.0661,1257,0,0
69.1987,5.0500,1253,0,0
69.2235,5.0500,1253,0,0
69.2483,5.0661,1257,0,0
69.2731,5.0782,1260,0,0
69.2980,5.0782,1260,0,0
69.3228,5.0943,1264,0,0
69.3476,5.0338,1249,0,0
69.3724,5.1064,1267,0,0
69.3972,5.0822,1261,0,0
69.4220,5.0822,1261,0,0
69.4468,5.0580,1255,0,0
69.4716,5.0500,1253,0,0
69.4964,5.0782,1260,0,0
69.5212,5.0419,1251,0,0
69.5460,5.0983,1265,0,0
69.5708,5.0782,1260,0,0
69.5956,5.0742,1259,0,0
69.6204,5.0782,1260,0,0
69.6452,5.0500,1253,0,0
69.6700,5.0742,1259,0,0
69.6948,5.0701,1258,0,0
69.7196,5.0943,1264,0,0
69.7444,5.0903,1263,0,0
69.7692,5.0742,1259,0,0
69.7940,5.0862,1262,0,0
69.8188,5.0782,1260,0,0
69.8436,5.0419,1251,0,0
69.8684,5.0419,1251,0,0
69.8932,5.0742,1259,0,0
69.9180,5.0379,1250,0,0
69.9428,5.0983,1265,0,0
69.9676,5.0661,1257,0,0
69.9924,5.0742,1259,0,0
70.0172,5.0701,1258,0,0
70.0420,5.0782,1260,0,0
70.0668,5.0782,1260,0,0
70.0916,5.0862,1262,0,0
70.1164,5.0742,1259,0,0
70.1412,5.0822,1261,0,0
70.1660,5.0661,1257,0,0
70.1908,5.0661,1257,0,0
70.2156,5.0661,1257,0,0
70.2404,5.0742,1259,0,0
70.2652,5.0661,1257,0,0
70.2900,5.0500,1253,0,0
70.3148,5.0661,1257,0,0
70.3397,5.0580,1255,0,0
70.3645,5.0661,1257,0,0
70.3893,5.0782,1260,0,0
70.4141,5.0661,1257,0,0
70.4389,5.0500,1253,0,0
70.4637,5.0943,1264,0,0
70.4885,5.0661,1257,0,0
70.5133,5.0500,1253,0,0
70.5381,5.0782,1260,0,0
70.5629,5.0862,1262,0,0
70.5877,5.0742,1259,0,0
70.6125,5.0782,1260,0,0
70.6373,5.0782,1260,0,0
70.6621,5.0701,1258,0,0
70.6869,5.0742,1259,0,0
70.7117,5.0661,1257,0,0
70.7365,5.0661,1257,0,0
70.7613,5.0782,1260,0,0
70.7861,5.0701,1258,0,0
70.8109,5.0782,1260,0,0
70.8357,5.0742,1259,0,0
70.8605,5.0782,1260,0,0
70.8853,5.0701,1258,0,0
70.9101,5.0782,1260,0,0
70.9349,5.0742,1259,0,0
70.9597,5.0540,1254,0,0
70.9845,5.0661,1257,0,0
71.0093,5.0419,1251,0,0
71.0341,5.1024,1266,0,0
71.0589,5.0822,1261,0,0
71.0837,5.0500,1253,0,0
71.1085,5.0661,1257,0,0
71.1333,5.0822,1261,0,0
71.1581,5.0742,1259,0,0
71.1829,5.0379,1250,0,0
71.2077,5.0379,1250,0,0
71.2325,5.0782,1260,0,0
71.2573,5.0822,1261,0,0
71.2821,5.0742,1259,0,0
71.3069,5.0782,1260,0,0
71.3317,5.0701,1258,0,0
71.3566,5.0661,1257,0,0
71.3814,5.0822,1261,0,0
71.4062,5.0742,1259,0,0
71.4310,5.0782,1260,0,0
71.4558,5.0742,1259,0,0
71.4806,5.0862,1262,0,0
71.5054,5.0782,1260,0,0
71.5302,5.0742,1259,0,0
71.5550,5.0943,1264,0,0
71.5798,5.0782,1260,0,0
71.6046,5.0701,1258,0,0
71.6294,5.0983,1265,0,0
71.6542,5.0782,1260,0,0
71.6790,5.0500,1253,0,0
71.7038,5.0862,1262,0,0
71.7286,5.0742,1259,0,0
71.7534,5.0782,1260,0,0
71.7782,5.0379,1250,0,0
71.8030,5.0903,1263,0,0
71.8278,5.0661,1257,0,0
71.8526,5.0903,1263,0,0
71.8774,5.0742,1259,0,0
71.9022,5.0782,1260,0,0
71.9270,5.0661,1257,0,0
71.9518,5.0500,1253,0,0
71.9766,5.0862,1262,0,0
72.0014,5.0983,1265,0,0
72.0262,5.0983,1265,0,0
72.0510,5.0903,1263,0,0
72.0758,5.0500,1253,0,0
72.1006,5.0943,1264,0,0
72.1254,5.0782,1260,0,0
72.1502,5.0661,1257,0,0
72.1750,5.0580,1255,0,0
72.1998,5.0661,1257,0,0
72.2246,5.0500,1253,0,0
72.2494,5.0742,1259,0,0
72.2742,5.0742,1259,0,0
72.2990,5.0943,1264,0,0
72.3238,5.0862,1262,0,0
72.3486,5.0701,1258,0,0
72.3735,5.0782,1260,0,0
72.3983,5.0742,1259,0,0
72.4231,5.0943,1264,0,0
72.4479,5.0782,1260,0,0
72.4727,5.0540,1254,0,0
72.4975,5.0822,1261,0,0
72.5223,5.1104,1268,0,0
72.5471,5.0540,1254,0,0
72.5719,5.0983,1265,0,0
72.5967,5.0903,1263,0,0
72.6215,5.0782,1260,0,0
72.6463,5.0782,1260,0,0
72.6711,5.0661,1257,0,0
72.6959,5.0782,1260,0,0
72.7207,5.0661,1257,0,0
72.7455,5.0742,1259,0,0
72.7703,5.0822,1261,0,0
72.7951,5.0862,1262,0,0
72.8199,5.0742,1259,0,0
72.8447,5.0782,1260,0,0
72.8695,5.0701,1258,0,0
72.8943,5.0661,1257,0,0
72.9191,5.0903,1263,0,0
72.9439,5.0500,1253,0,0
72.9687,5.0943,1264,0,0
72.9935,5.0742,1259,0,0
73.0183,5.0782,1260,0,0
73.0431,5.0782,1260,0,0
73.0679,5.0701,1258,0,0
73.0927,5.0661,1257,0,0
73.1175,5.0782,1260,0,0
73.1423,5.0822,1261,0,0
73.1671,5.0742,1259,0,0
73.1919,5.0500,1253,0,0
73.2167,5.0862,1262,0,0
73.2415,5.0983,1265,0,0
73.2663,5.0822,1261,0,0
73.2911,5.0701,1258,0,0
73.3159,5.0782,1260,0,0
73.3407,5.0742,1259,0,0
73.3655,5.0862,1262,0,0
73.3904,5.0580,1255,0,0
73.4152,5.0943,1264,0,0
73.4400,5.0419,1251,0,0
73.4648,5.0782,1260,0,0
73.4896,5.0500,1253,0,0
73.5144,5.0701,1258,0,0
73.5392,5.0782,1260,0,0
73.5640,5.0661,1257,0,0
73.5888,5.0742,1259,0,0
73.6136,5.0822,1261,0,0
73.6384,5.0782,1260,0,0
73.6632,4.9815,1236,0,0
73.6880,5.0862,1262,0,0
73.7128,5.0782,1260,0,0
73.7376,5.0500,1253,0,0
73.7624,5.0742,1259,0,0
73.7872,5.0903,1263,0,0
73.8120,5.0822,1261,0,0
73.8368,5.0661,1257,0,0
73.8616,5.0862,1262,0,0
73.8864,5.0782,1260,0,0
73.9112,5.0782,1260,0,0
73.9360,5.0742,1259,0,0
73.9608,5.0742,1259,0,0
73.9856,5.0661,1257,0,0
74.0104,5.0862,1262,0,0
74.0352,5.0782,1260,0,0
74.0600,5.0983,1265,0,0
74.0848,5.0701,1258,0,0
74.1096,5.0862,1262,0,0
74.1344,5.0742,1259,0,0
74.1592,5.0742,1259,0,0
74.1840,5.0862,1262,0,0
74.2088,5.0862,1262,0,0
74.2336,5.0862,1262,0,0
74.2584,5.0701,1258,0,0
74.2832,5.0661,1257,0,0
74.3080,5.0580,1255,0,0
74.3328,5.0742,1259,0,0
74.3576,5.0943,1264,0,0
74.3824,5.0661,1257,0,0
74.4072,5.0782,1260,0,0
74.4321,5.0661,1257,0,0
74.4569,5.0580,1255,0,0
74.4817,5.0701,1258,0,0
74.5065,5.0862,1262,0,0
74.5313,5.0500,1253,0,0
74.5561,5.0742,1259,0,0
74.5809,5.0742,1259,0,0
74.6057,5.0983,1265,0,0
74.6305,5.0782,1260,0,0
74.6553,5.0782,1260,0,0
74.6801,5.0500,1253,0,0
74.7049,5.0742,1259,0,0
74.7297,5.0661,1257,0,0
74.7545,5.0782,1260,0,0
74.7793,5.0822,1261,0,0
74.8041,5.0661,1257,0,0
74.8289,5.0862,1262,0,0
74.8537,5.0782,1260,0,0
74.8785,5.0742,1259,0,0
74.9033,5.0862,1262,0,0
74.9281,5.0822,1261,0,0
74.9529,5.0862,1262,0,0
74.9777,5.0661,1257,0,0
75.0025,5.0822,1261,0,0
75.0273,5.0661,1257,0,0
75.0521,5.0782,1260,0,0
75.0769,5.0661,1257,0,0
75.1017,5.0862,1262,0,0
75.1265,5.0782,1260,0,0
75.1513,5.0943,1264,0,0
75.1761,5.0500,1253,0,0
75.2009,5.0379,1250,0,0
75.2257,5.0943,1264,0,0
75.2505,5.0782,1260,0,0
75.2753,5.0822,1261,0,0
75.3001,5.0862,1262,0,0
75.3249,5.0983,1265,0,0
75.3497,5.0742,1259,0,0
75.3745,5.0742,1259,0,0
75.3993,5.0419,1251,0,0
75.4241,5.0500,1253,0,0
75.4490,5.0943,1264,0,0
75.4738,5.0742,1259,0,0
75.4986,5.1024,1266,0,0
75.5234,5.0822,1261,0,0
75.5482,5.0580,1255,0,0
75.5730,5.0822,1261,0,0
75.5978,5.0862,1262,0,0
75.6226,5.0661,1257,0,0
75.6474,5.0742,1259,0,0
75.6722,5.0903,1263,0,0
75.6970,5.0862,1262,0,0
75.7218,5.0782,1260,0,0
75.7466,5.0580,1255,0,0
75.7714,5.0782,1260,0,0
75.7962,5.0661,1257,0,0
75.8210,5.0540,1254,0,0
75.8458,5.0500,1253,0,0
75.8706,5.0782,1260,0,0
75.8954,5.0782,1260,0,0
75.9202,5.0903,1263,0,0
75.9450,5.0822,1261,0,0
75.9698,5.0701,1258,0,0
75.9946,5.0338,1249,0,0
76.0194,5.0661,1257,0,0
76.0442,5.0862,1262,0,0
76.0690,5.0862,1262,0,0
76.0938,5.0943,1264,0,0
76.1186,5.0983,1265,0,0
76.1434,5.0742,1259,0,0
76.1682,5.0943,1264,0,0
76.1930,5.0822,1261,0,0
76.2178,5.0661,1257,0,0
76.2426,5.0379,1250,0,0
76.2674,5.0782,1260,0,0
76.2922,5.0943,1264,0,0
76.3170,5.0500,1253,0,0
76.3418,5.0782,1260,0,0
76.3666,5.0903,1263,0,0
76.3914,5.0782,1260,0,0
76.4162,5.0782,1260,0,0
76.4410,5.0983,1265,0,0
76.4659,5.0661,1257,0,0
76.4907,5.0943,1264,0,0
76.5155,5.0903,1263,0,0
76.5403,5.0943,1264,0,0
76.5651,5.0661,1257,0,0
76.5899,5.0782,1260,0,0
76.6147,5.0943,1264,0,0
76.6395,5.0822,1261,0,0
76.6643,5.0943,1264,0,0
76.6891,5.0500,1253,0,0
76.7139,5.0338,1249,0,0
76.7387,5.0379,1250,0,0
76.7635,5.0742,1259,0,0
76.7883,5.0782,1260,0,0
76.8131,5.0661,1257,0,0
76.8379,5.0862,1262,0,0
76.8627,5.0379,1250,0,0
76.8875,5.0782,1260,0,0
76.9123,5.0701,1258,0,0
76.9371,5.0943,1264,0,0
76.9619,5.0661,1257,0,0
76.9867,5.0943,1264,0,0
77.0115,5.0943,1264,0,0
77.0363,5.0500,1253,0,0
77.0611,5.0419,1251,0,0
77.0859,5.0782,1260,0,0
77.1107,5.0862,1262,0,0
77.1355,5.0782,1260,0,0
77.1603,5.0943,1264,0,0
77.1851,5.0379,1250,0,0
77.2099,5.0782,1260,0,0
77.2347,5.0903,1263,0,0
77.2595,5.0983,1265,0,0
77.2843,5.0661,1257,0,0
77.3091,5.0661,1257,0,0
77.3339,5.0742,1259,0,0
77.3587,5.0983,1265,0,0
77.3835,5.0661,1257,0,0
77.4083,5.0782,1260,0,0
77.4331,5.1024,1266,0,0
77.4579,5.0661,1257,0,0
77.4827,5.0983,1265,0,0
77.5076,5.0822,1261,0,0
77.5324,5.0822,1261,0,0
77.5572,5.0782,1260,0,0
77.5820,5.0782,1260,0,0
77.6068,5.0500,1253,0,0
77.6316,5.0782,1260,0,0
77.6564,5.0782,1260,0,0
77.6812,5.0943,1264,0,0
77.7060,5.1024,1266,0,0
77.7308,5.0943,1264,0,0
77.7556,5.0742,1259,0,0
77.7804,5.0822,1261,0,0
77.8052,5.0782,1260,0,0
77.8300,5.0661,1257,0,0
77.8548,5.0742,1259,0,0
77.8796,5.0782,1260,0,0
77.9044,5.0943,1264,0,0
77.9292,5.0862,1262,0,0
77.9540,5.0742,1259,0,0
77.9788,5.0661,1257,0,0
78.0036,5.0540,1254,0,0
78.0284,5.0782,1260,0,0
78.0532,5.0782,1260,0,0
78.0780,5.0782,1260,0,0
78.1028,5.0742,1259,0,0
78.1276,5.0379,1250,0,0
78.1524,5.0782,1260,0,0
78.1772,5.0782,1260,0,0
78.2020,5.0338,1249,0,0
78.2268,5.0862,1262,0,0
78.2516,5.0943,1264,0,0
78.2764,5.0862,1262,0,0
78.3012,5.0862,1262,0,0
78.3260,5.0862,1262,0,0
78.3508,5.0782,1260,0,0
78.3756,5.0943,1264,0,0
78.4004,5.0782,1260,0,0
78.4252,5.0782,1260,0,0
78.4500,5.0782,1260,0,0
78.4748,5.0782,1260,0,0
78.4996,5.0661,1257,0,0
78.5245,5.0943,1264,0,0
78.5493,5.0782,1260,0,0
78.5741,5.0782,1260,0,0
78.5989,5.1024,1266,0,0
78.6237,5.0903,1263,0,0
78.6485,5.0742,1259,0,0
78.6733,5.0742,1259,0,0
78.6981,5.0661,1257,0,0
78.7229,5.0782,1260,0,0
78.7477,5.0742,1259,0,0
78.7725,5.0943,1264,0,0
78.7973,5.0742,1259,0,0
78.8221,5.0742,1259,0,0
78.8469,5.0540,1254,0,0
78.8717,5.0782,1260,0,0
78.8965,5.0943,1264,0,0
78.9213,5.0862,1262,0,0
78.9461,5.0903,1263,0,0
78.9709,5.0862,1262,0,0
78.9957,5.0742,1259,0,0
79.0205,5.0580,1255,0,0
79.0453,5.0782,1260,0,0
79.0701,5.0742,1259,0,0
79.0949,5.0661,1257,0,0
79.1197,5.0782,1260,0,0
79.1445,5.0742,1259,0,0
79.1693,5.0661,1257,0,0
79.1941,5.0983,1265,0,0
79.2189,5.0540,1254,0,0
79.2437,5.0742,1259,0,0
79.2685,5.0943,1264,0,0
79.2933,5.0782,1260,0,0
79.3181,5.0862,1262,0,0
79.3429,5.0661,1257,0,0
79.3677,5.0782,1260,0,0
79.3925,5.0943,1264,0,0
79.4173,5.0661,1257,0,0
79.4421,5.0782,1260,0,0
79.4669,5.0943,1264,0,0
79.4917,5.0661,1257,0,0
79.5165,5.0661,1257,0,0
79.5414,5.0742,1259,0,0
79.5662,5.0701,1258,0,0
79.5910,5.0862,1262,0,0
79.6158,5.0822,1261,0,0
79.6406,5.0983,1265,0,0
79.6654,5.0661,1257,0,0
79.6902,5.0742,1259,0,0
79.7150,5.0862,1262,0,0
79.7398,5.0298,1248,0,0
79.7646,5.1064,1267,0,0
79.7894,5.0782,1260,0,0
79.8142,5.0782,1260,0,0
79.8390,5.0822,1261,0,0
79.8638,5.0661,1257,0,0
79.8886,5.0943,1264,0,0
79.9134,5.0862,1262,0,0
79.9382,5.0701,1258,0,0
79.9630,5.0782,1260,0,0
79.9878,5.0782,1260,0,0
80.0126,5.0782,1260,0,0
80.0374,5.0742,1259,0,0
80.0622,5.0540,1254,0,0
80.0870,5.0983,1265,0,0
80.1118,5.0701,1258,0,0
80.1366,5.1225,1271,0,0
80.1614,5.0862,1262,0,0
80.1862,5.0943,1264,0,0
80.2110,5.0742,1259,0,0
80.2358,5.0983,1265,0,0
80.2606,5.0580,1255,0,0
80.2854,5.0782,1260,0,0
80.3102,5.0903,1263,0,0
80.3350,5.0862,1262,0,0
80.3598,5.0822,1261,0,0
80.3846,5.0782,1260,0,0
80.4094,5.0742,1259,0,0
80.4342,5.0500,1253,0,0
80.4590,5.0782,1260,0,0
80.4838,5.0983,1265,0,0
80.5086,5.0903,1263,0,0
80.5334,5.0782,1260,0,0
80.5583,5.0742,1259,0,0
80.5831,5.0903,1263,0,0
80.6079,5.0862,1262,0,0
80.6327,5.0943,1264,0,0
80.6575,5.0782,1260,0,0
80.6823,5.1064,1267,0,0
80.7071,5.0822,1261,0,0
80.7319,5.0742,1259,0,0
80.7567,5.0782,1260,0,0
80.7815,5.0782,1260,0,0
80.8063,5.0661,1257,0,0
80.8311,5.0742,1259,0,0
80.8559,5.0862,1262,0,0
80.8807,5.0500,1253,0,0
80.9055,5.0943,1264,0,0
80.9303,5.0903,1263,0,0
80.9551,5.0701,1258,0,0
80.9799,5.0903,1263,0,0
81.0047,5.0742,1259,0,0
81.0295,5.0742,1259,0,0
81.0543,5.0701,1258,0,0
81.0791,5.0742,1259,0,0
81.1039,5.0500,1253,0,0
81.1287,5.0943,1264,0,0
81.1535,5.0701,1258,0,0
81.1783,5.0782,1260,0,0
81.2031,5.0903,1263,0,0
81.2279,5.0782,1260,0,0
81.2527,5.0661,1257,0,0
81.2775,5.0862,1262,0,0
81.3023,5.0661,1257,0,0
81.3271,5.0338,1249,0,0
81.3519,5.0943,1264,0,0
81.3767,5.0742,1259,0,0
81.4015,5.0661,1257,0,0
81.4263,5.0943,1264,0,0
81.4511,5.0983,1265,0,0
81.4759,5.0742,1259,0,0
81.5007,5.0742,1259,0,0
81.5255,5.0782,1260,0,0
81.5503,5.0782,1260,0,0
81.5751,5.0862,1262,0,0
81.6000,5.0782,1260,0,0
81.6247,5.0661,1257,0,0
81.6496,5.0661,1257,0,0
81.6744,5.0661,1257,0,0
81.6992,5.0661,1257,0,0
81.7240,5.0782,1260,0,0
81.7488,5.0500,1253,0,0
81.7736,5.0742,1259,0,0
81.7984,5.0661,1257,0,0
81.8232,5.0903,1263,0,0
81.8480,5.0943,1264,0,0
81.8728,5.0661,1257,0,0
81.8976,5.0862,1262,0,0
81.9224,5.0943,1264,0,0
81.9472,5.0782,1260,0,0
81.9720,5.0983,1265,0,0
81.9968,5.0903,1263,0,0
82.0216,5.0661,1257,0,0
82.0464,5.0862,1262,0,0
82.0712,5.0862,1262,0,0
82.0960,5.0862,1262,0,0
82.1208,5.0862,1262,0,0
82.1456,5.0822,1261,0,0
82.1704,5.0943,1264,0,0
82.1952,5.1064,1267,0,0
82.2200,5.0782,1260,0,0
82.2448,5.0943,1264,0,0
82.2696,5.0782,1260,0,0
82.2944,5.0862,1262,0,0
82.3192,5.0661,1257,0,0
82.3440,5.0742,1259,0,0
82.3688,5.0661,1257,0,0
82.3936,5.0782,1260,0,0
82.4184,5.0500,1253,0,0
82.4432,5.0862,1262,0,0
82.4680,5.0661,1257,0,0
82.4928,5.0782,1260,0,0
82.5176,5.0782,1260,0,0
82.5424,5.0862,1262,0,0
82.5672,5.0862,1262,0,0
82.5920,5.0782,1260,0,0
82.6169,5.0943,1264,0,0
82.6416,5.0822,1261,0,0
82.6665,5.0903,1263,0,0
82.6913,5.0661,1257,0,0
82.7161,5.0742,1259,0,0
82.7409,5.0782,1260,0,0
82.7657,5.0782,1260,0,0
82.7905,5.0742,1259,0,0
82.8153,5.0943,1264,0,0
82.8401,5.0862,1262,0,0
82.8649,5.0782,1260,0,0
82.8897,5.0379,1250,0,0
82.9145,5.0862,1262,0,0
82.9393,5.0782,1260,0,0
82.9641,5.0782,1260,0,0
82.9889,5.0943,1264,0,0
83.0137,5.0580,1255,0,0
83.0385,5.0782,1260,0,0
83.0633,5.0822,1261,0,0
83.0881,5.0943,1264,0,0
83.1129,5.0943,1264,0,0
83.1377,5.0822,1261,0,0
83.1625,5.0661,1257,0,0
83.1873,5.0782,1260,0,0
83.2121,5.0338,1249,0,0
83.2369,5.0782,1260,0,0
83.2617,5.0661,1257,0,0
83.2865,5.0661,1257,0,0
83.3113,5.0661,1257,0,0
83.3361,5.0822,1261,0,0
83.3609,5.0661,1257,0,0
83.3857,5.0943,1264,0,0
83.4105,5.0782,1260,0,0
83.4353,5.0943,1264,0,0
83.4601,5.0983,1265,0,0
83.4849,5.0943,1264,0,0
83.5097,5.0943,1264,0,0
83.5345,5.0782,1260,0,0
83.5593,5.0661,1257,0,0
83.5841,5.0540,1254,0,0
83.6089,5.0782,1260,0,0
83.6338,5.0943,1264,0,0
83.6585,5.0862,1262,0,0
83.6833,5.0903,1263,0,0
83.7082,5.0419,1251,0,0
83.7330,5.0742,1259,0,0
83.7578,5.0379,1250,0,0
83.7826,5.0742,1259,0,0
83.8074,5.0540,1254,0,0
83.8322,5.0862,1262,0,0
83.8570,5.0943,1264,0,0
83.8818,5.0661,1257,0,0
83.9066,5.0943,1264,0,0
83.9314,5.0782,1260,0,0
83.9562,5.0903,1263,0,0
83.9810,5.0742,1259,0,0
84.0058,5.0782,1260,0,0
84.0306,5.0701,1258,0,0
84.0554,5.0782,1260,0,0
84.0802,5.0782,1260,0,0
84.1050,5.0862,1262,0,0
84.1298,5.0500,1253,0,0
84.1546,5.0701,1258,0,0
84.1794,5.0943,1264,0,0
84.2042,5.0782,1260,0,0
84.2290,5.0943,1264,0,0
84.2538,5.0943,1264,0,0
84.2786,5.0983,1265,0,0
84.3034,5.0701,1258,0,0
84.3282,5.0822,1261,0,0
84.3530,5.0661,1257,0,0
84.3778,5.0782,1260,0,0
84.4026,5.0661,1257,0,0
84.4274,5.0661,1257,0,0
84.4522,5.0701,1258,0,0
84.4770,5.0943,1264,0,0
84.5018,5.0983,1265,0,0
84.5266,5.0782,1260,0,0
84.5514,5.0782,1260,0,0
84.5762,5.0661,1257,0,0
84.6010,5.0943,1264,0,0
84.6258,5.0943,1264,0,0
84.6507,5.0379,1250,0,0
84.6754,5.0983,1265,0,0
84.7002,5.0822,1261,0,0
84.7251,5.0782,1260,0,0
84.7499,5.0782,1260,0,0
84.7747,5.0822,1261,0,0
84.7995,5.0943,1264,0,0
84.8243,5.0782,1260,0,0
84.8491,5.0862,1262,0,0
84.8739,5.0742,1259,0,0
84.8987,5.0782,1260,0,0
84.9235,5.0903,1263,0,0
84.9483,5.0903,1263,0,0
84.9731,5.0903,1263,0,0
84.9979,5.0943,1264,0,0
85.0227,5.0782,1260,0,0
85.0475,5.0419,1251,0,0
85.0723,5.1104,1268,0,0
85.0971,5.0701,1258,0,0
85.1219,5.0822,1261,0,0
85.1467,5.0862,1262,0,0
85.1715,5.0782,1260,0,0
85.1963,5.0782,1260,0,0
85.2211,5.0782,1260,0,0
85.2459,5.0742,1259,0,0
85.2707,5.0822,1261,0,0
85.2955,5.0742,1259,0,0
85.3203,5.0701,1258,0,0
85.3451,5.0822,1261,0,0
85.3699,5.0782,1260,0,0
85.3947,5.0782,1260,0,0
85.4195,5.0661,1257,0,0
85.4443,5.0943,1264,0,0
85.4691,5.0903,1263,0,0
85.4939,5.0943,1264,0,0
85.5187,5.0742,1259,0,0
85.5435,5.0943,1264,0,0
85.5683,5.0862,1262,0,0
85.5931,5.0742,1259,0,0
85.6179,5.0782,1260,0,0
85.6427,5.0742,1259,0,0
85.6675,5.0822,1261,0,0
85.6923,5.0943,1264,0,0
85.7171,5.0742,1259,0,0
85.7420,5.0822,1261,0,0
85.7668,5.0742,1259,0,0
85.7916,5.0943,1264,0,0
85.8164,5.1024,1266,0,0
85.8412,5.0782,1260,0,0
85.8660,5.0379,1250,0,0
85.8908,5.0943,1264,0,0
85.9156,5.0782,1260,0,0
85.9404,5.0862,1262,0,0
85.9652,5.0661,1257,0,0
85.9900,5.0862,1262,0,0
86.0148,5.0862,1262,0,0
86.0396,5.0782,1260,0,0
86.0644,5.0983,1265,0,0
86.0892,5.0862,1262,0,0
86.1140,5.0742,1259,0,0
86.1388,5.0782,1260,0,0
86.1636,5.0862,1262,0,0
86.1884,5.0782,1260,0,0
86.2132,5.0943,1264,0,0
86.2380,5.0983,1265,0,0
86.2628,5.0782,1260,0,0
86.2876,5.0903,1263,0,0
86.3124,5.0782,1260,0,0
86.3372,5.0822,1261,0,0
86.3620,5.0782,1260,0,0
86.3868,5.0661,1257,0,0
86.4116,5.0943,1264,0,0
86.4364,5.0943,1264,0,0
86.4612,5.0983,1265,0,0
86.4860,5.1427,1276,0,0
86.5108,5.0943,1264,0,0
86.5356,5.0983,1265,0,0
86.5604,5.0822,1261,0,0
86.5852,5.0943,1264,0,0
86.6100,5.0661,1257,0,0
86.6348,5.0862,1262,0,0
86.6596,5.0943,1264,0,0
86.6844,5.0862,1262,0,0
86.7092,5.1265,1272,0,0
86.7340,5.0983,1265,0,0
86.7589,5.0943,1264,0,0
86.7837,5.0782,1260,0,0
86.8085,5.0782,1260,0,0
86.8333,5.0862,1262,0,0
86.8581,5.0500,1253,0,0
86.8829,5.0983,1265,0,0
86.9077,5.0661,1257,0,0
86.9325,5.0943,1264,0,0
86.9573,5.0661,1257,0,0
86.9821,5.0862,1262,0,0
87.0069,5.0782,1260,0,0
87.0317,5.0862,1262,0,0
87.0565,5.0782,1260,0,0
87.0813,5.0782,1260,0,0
87.1061,5.0862,1262,0,0
87.1309,5.0782,1260,0,0
87.1557,5.0862,1262,0,0
87.1805,5.0661,1257,0,0
87.2053,5.0943,1264,0,0
87.2301,5.0782,1260,0,0
87.2549,5.0782,1260,0,0
87.2797,5.0822,1261,0,0
87.3045,5.0661,1257,0,0
87.3293,5.0903,1263,0,0
87.3541,5.0742,1259,0,0
87.3789,5.0943,1264,0,0
87.4037,5.0782,1260,0,0
87.4285,5.0822,1261,0,0
87.4533,5.0782,1260,0,0
87.4781,5.0943,1264,0,0
87.5029,5.0742,1259,0,0
87.5277,5.0661,1257,0,0
87.5525,5.1104,1268,0,0
87.5773,5.0943,1264,0,0
87.6021,5.0943,1264,0,0
87.6269,5.0862,1262,0,0
87.6517,5.0943,1264,0,0
87.6765,5.0782,1260,0,0
87.7013,5.0701,1258,0,0
87.7261,5.0822,1261,0,0
87.7509,5.0742,1259,0,0
87.7757,5.0943,1264,0,0
87.8006,5.0943,1264,0,0
87.8254,5.0943,1264,0,0
87.8502,5.0742,1259,0,0
87.8750,5.0782,1260,0,0
87.8998,5.0742,1259,0,0
87.9246,5.0943,1264,0,0
87.9494,5.0742,1259,0,0
87.9742,5.0500,1253,0,0
87.9990,5.0661,1257,0,0
88.0238,5.0862,1262,0,0
88.0486,5.0782,1260,0,0
88.0734,5.0903,1263,0,0
88.0982,5.0742,1259,0,0
88.1230,5.0862,1262,0,0
88.1478,5.0862,1262,0,0
88.1726,5.0742,1259,0,0
88.1974,5.0782,1260,0,0
88.2222,5.0782,1260,0,0
88.2470,5.0661,1257,0,0
88.2718,5.0943,1264,0,0
88.2966,5.0822,1261,0,0
88.3214,5.0943,1264,0,0
88.3462,5.0983,1265,0,0
88.3710,5.0943,1264,0,0
88.3958,5.1024,1266,0,0
88.4206,5.0862,1262,0,0
88.4454,5.0983,1265,0,0
88.4702,5.0782,1260,0,0
88.4950,5.0580,1255,0,0
88.5198,5.0742,1259,0,0
88.5446,5.0500,1253,0,0
88.5694,5.0500,1253,0,0
88.5942,5.0943,1264,0,0
88.6190,5.0661,1257,0,0
88.6438,5.0943,1264,0,0
88.6686,5.0903,1263,0,0
88.6934,5.0862,1262,0,0
88.7182,5.0782,1260,0,0
88.7430,5.0943,1264,0,0
88.7678,5.0782,1260,0,0
88.7926,5.0782,1260,0,0
88.8175,5.0742,1259,0,0
88.8423,5.0379,1250,0,0
88.8671,5.0943,1264,0,0
88.8919,5.0782,1260,0,0
88.9167,5.0782,1260,0,0
88.9415,5.0782,1260,0,0
88.9663,5.0782,1260,0,0
88.9911,5.0742,1259,0,0
89.0159,5.0782,1260,0,0
89.0407,5.0943,1264,0,0
89.0655,5.0822,1261,0,0
89.0903,5.0782,1260,0,0
89.1151,5.0782,1260,0,0
89.1399,5.0782,1260,0,0
89.1647,5.0943,1264,0,0
89.1895,5.0862,1262,0,0
89.2143,5.0782,1260,0,0
89.2391,5.0701,1258,0,0
89.2639,5.0862,1262,0,0
89.2887,5.0862,1262,0,0
89.3135,5.0782,1260,0,0
89.3383,5.0862,1262,0,0
89.3631,5.0782,1260,0,0
89.3879,5.0943,1264,0,0
89.4127,5.0862,1262,0,0
89.4375,5.0742,1259,0,0
89.4623,5.0943,1264,0,0
89.4871,5.0782,1260,0,0
89.5119,5.0943,1264,0,0
89.5367,5.0661,1257,0,0
89.5615,5.0580,1255,0,0
89.5863,5.0943,1264,0,0
89.6111,5.0701,1258,0,0
89.6359,5.0742,1259,0,0
89.6607,5.0782,1260,0,0
89.6855,5.0782,1260,0,0
89.7103,5.0661,1257,0,0
89.7351,5.0862,1262,0,0
89.7599,5.0661,1257,0,0
89.7847,5.0540,1254,0,0
89.8095,5.0862,1262,0,0
89.8344,5.0661,1257,0,0
89.8592,5.0782,1260,0,0
89.8840,5.0983,1265,0,0
89.9088,5.0862,1262,0,0
89.9336,5.0903,1263,0,0
89.9584,5.0782,1260,0,0
89.9832,5.0742,1259,0,0
90.0080,5.0943,1264,0,0
90.0328,5.0943,1264,0,0
90.0576,5.0943,1264,0,0
90.0824,5.0782,1260,0,0
90.1072,5.0701,1258,0,0
90.1320,5.0742,1259,0,0
90.1568,5.0782,1260,0,0
90.1816,5.0742,1259,0,0
90.2064,5.0862,1262,0,0
90.2312,5.0701,1258,0,0
90.2560,5.0500,1253,0,0
90.2808,5.0862,1262,0,0
90.3056,5.0580,1255,0,0
90.3304,5.0661,1257,0,0
90.3552,5.0822,1261,0,0
90.3800,5.0983,1265,0,0
90.4048,5.0782,1260,0,0
90.4296,5.0822,1261,0,0
90.4544,5.0943,1264,0,0
90.4792,5.0661,1257,0,0
90.5040,5.0419,1251,0,0
90.5288,5.0782,1260,0,0
90.5536,5.0742,1259,0,0
90.5784,5.0500,1253,0,0
90.6032,5.0782,1260,0,0
90.6280,5.0983,1265,0,0
90.6528,5.0943,1264,0,0
90.6776,5.0782,1260,0,0
90.7024,5.0943,1264,0,0
90.7272,5.0742,1259,0,0
90.7520,5.0742,1259,0,0
90.7768,5.0943,1264,0,0
90.8016,5.0943,1264,0,0
90.8264,5.0782,1260,0,0
90.8512,5.0822,1261,0,0
90.8761,5.0742,1259,0,0
90.9009,5.0943,1264,0,0
90.9257,5.0742,1259,0,0
90.9505,5.0822,1261,0,0
90.9753,5.0500,1253,0,0
91.0001,5.0862,1262,0,0
91.0249,5.0742,1259,0,0
91.0497,5.0782,1260,0,0
91.0745,5.0742,1259,0,0
91.0993,5.0782,1260,0,0
91.1241,5.0742,1259,0,0
91.1489,5.0782,1260,0,0
91.1737,5.0903,1263,0,0
91.1985,5.0701,1258,0,0
91.2233,5.1064,1267,0,0
91.2481,5.0661,1257,0,0
91.2729,5.0862,1262,0,0
91.2977,5.0298,1248,0,0
91.3225,5.0943,1264,0,0
91.3473,5.0782,1260,0,0
91.3721,5.0782,1260,0,0
91.3969,5.0862,1262,0,0
91.4217,5.0983,1265,0,0
91.4465,5.0862,1262,0,0
91.4713,5.0983,1265,0,0
91.4961,5.0580,1255,0,0
91.5209,5.0500,1253,0,0
91.5457,5.0943,1264,0,0
91.5705,5.0782,1260,0,0
91.5953,5.0822,1261,0,0
91.6201,5.0943,1264,0,0
91.6449,5.0943,1264,0,0
91.6697,5.0500,1253,0,0
91.6945,5.0983,1265,0,0
91.7193,5.0338,1249,0,0
91.7441,5.0742,1259,0,0
91.7689,5.0862,1262,0,0
91.7937,5.1024,1266,0,0
91.8185,5.0782,1260,0,0
91.8433,5.0943,1264,0,0
91.8681,5.0661,1257,0,0
91.8930,5.0822,1261,0,0
91.9178,5.0943,1264,0,0
91.9426,5.0661,1257,0,0
91.9674,5.1225,1271,0,0
91.9922,5.0862,1262,0,0
92.0170,5.0701,1258,0,0
92.0418,5.0742,1259,0,0
92.0666,5.0782,1260,0,0
92.0914,5.0782,1260,0,0
92.1162,5.1024,1266,0,0
92.1410,5.0742,1259,0,0
92.1658,5.0862,1262,0,0
92.1906,5.0983,1265,0,0
92.2154,5.0782,1260,0,0
92.2402,5.0742,1259,0,0
92.2650,5.0943,1264,0,0
92.2898,5.0661,1257,0,0
92.3146,5.0983,1265,0,0
92.3394,5.0862,1262,0,0
92.3642,5.0822,1261,0,0
92.3890,5.0742,1259,0,0
92.4138,5.0742,1259,0,0
92.4386,5.0782,1260,0,0
92.4634,5.0943,1264,0,0
92.4882,5.1064,1267,0,0
92.5130,5.0782,1260,0,0
92.5378,5.0862,1262,0,0
92.5626,5.0943,1264,0,0
92.5874,5.1024,1266,0,0
92.6122,5.0701,1258,0,0
92.6370,5.0983,1265,0,0
92.6618,5.0943,1264,0,0
92.6866,5.0862,1262,0,0
92.7114,5.0742,1259,0,0
92.7362,5.1064,1267,0,0
92.7610,5.0862,1262,0,0
92.7858,5.0782,1260,0,0
92.8106,5.1064,1267,0,0
92.8354,5.0983,1265,0,0
92.8602,5.0822,1261,0,0
92.8850,5.0983,1265,0,0
92.9099,5.0822,1261,0,0
92.9347,5.0661,1257,0,0
92.9595,5.0943,1264,0,0
92.9843,5.0782,1260,0,0
93.0091,5.1064,1267,0,0
93.0339,5.0943,1264,0,0
93.0587,5.0782,1260,0,0
93.0835,5.0862,1262,0,0
93.1083,5.0822,1261,0,0
93.1331,5.0862,1262,0,0
93.1579,5.0782,1260,0,0
93.1827,5.0742,1259,0,0
93.2075,5.0782,1260,0,0
93.2323,5.0661,1257,0,0
93.2571,5.0943,1264,0,0
93.2819,5.0500,1253,0,0
93.3067,5.0701,1258,0,0
93.3315,5.0862,1262,0,0
93.3563,5.0862,1262,0,0
93.3811,5.0943,1264,0,0
93.4059,5.0943,1264,0,0
93.4307,5.0701,1258,0,0
93.4555,5.0782,1260,0,0
93.4803,5.0862,1262,0,0
93.5051,5.0822,1261,0,0
93.5299,5.0661,1257,0,0
93.5547,5.0782,1260,0,0
93.5795,5.1145,1269,0,0
93.6043,5.0701,1258,0,0
93.6291,5.0943,1264,0,0
93.6539,5.0782,1260,0,0
93.6787,5.1024,1266,0,0
93.7035,5.0742,1259,0,0
93.7283,5.0862,1262,0,0
93.7531,5.0943,1264,0,0
93.7779,5.0742,1259,0,0
93.8027,5.0943,1264,0,0
93.8275,5.0782,1260,0,0
93.8523,5.0782,1260,0,0
93.8771,5.0742,1259,0,0
93.9019,5.0943,1264,0,0
93.9268,5.0379,1250,0,0
93.9516,5.0862,1262,0,0
93.9764,5.1024,1266,0,0
94.0012,5.0701,1258,0,0
94.0260,5.1024,1266,0,0
94.0508,5.0782,1260,0,0
94.0756,5.0983,1265,0,0
94.1004,5.0782,1260,0,0
94.1252,5.0782,1260,0,0
94.1500,5.0782,1260,0,0
94.1748,5.0862,1262,0,0
94.1996,5.0742,1259,0,0
94.2244,5.0661,1257,0,0
94.2492,5.0983,1265,0,0
94.2740,5.0862,1262,0,0
94.2988,5.0943,1264,0,0
94.3236,5.0782,1260,0,0
94.3484,5.0701,1258,0,0
94.3732,5.0983,1265,0,0
94.3980,5.0943,1264,0,0
94.4228,5.0540,1254,0,0
94.4476,5.0983,1265,0,0
94.4724,5.0782,1260,0,0
94.4972,5.0862,1262,0,0
94.5220,5.0782,1260,0,0
94.5468,5.0661,1257,0,0
94.5716,5.0580,1255,0,0
94.5964,5.0379,1250,0,0
94.6212,5.0943,1264,0,0
94.6460,5.0782,1260,0,0
94.6708,5.1265,1272,0,0
94.6956,5.1024,1266,0,0
94.7204,5.0943,1264,0,0
94.7452,5.0782,1260,0,0
94.7700,5.0782,1260,0,0
94.7948,5.0862,1262,0,0
94.8196,5.0943,1264,0,0
94.8444,5.0822,1261,0,0
94.8692,5.0742,1259,0,0
94.8940,5.0983,1265,0,0
94.9188,5.0862,1262,0,0
94.9436,5.0903,1263,0,0
94.9685,5.0742,1259,0,0
94.9933,5.0822,1261,0,0
95.0181,5.0661,1257,0,0
95.0429,5.0782,1260,0,0
95.0677,5.0822,1261,0,0
95.0925,5.0943,1264,0,0
95.1173,5.0822,1261,0,0
95.1421,5.0500,1253,0,0
95.1669,5.1225,1271,0,0
95.1917,5.0742,1259,0,0
95.2165,5.0742,1259,0,0
95.2413,5.0903,1263,0,0
95.2661,5.0782,1260,0,0
95.2909,5.0903,1263,0,0
95.3157,5.0782,1260,0,0
95.3405,5.0983,1265,0,0
95.3653,5.0943,1264,0,0
95.3901,5.0943,1264,0,0
95.4149,5.0338,1249,0,0
95.4397,5.1225,1271,0,0
95.4645,5.0983,1265,0,0
95.4893,5.0782,1260,0,0
95.5141,5.0943,1264,0,0
95.5389,5.0862,1262,0,0
95.5637,5.0701,1258,0,0
95.5885,5.0862,1262,0,0
95.6133,5.0742,1259,0,0
95.6381,5.0862,1262,0,0
95.6629,5.0742,1259,0,0
95.6877,5.0943,1264,0,0
95.7125,5.0742,1259,0,0
95.7373,5.0782,1260,0,0
95.7621,5.0782,1260,0,0
95.7869,5.0419,1251,0,0
95.8117,5.0742,1259,0,0
95.8365,5.0903,1263,0,0
95.8613,5.0742,1259,0,0
95.8861,5.0782,1260,0,0
95.9109,5.0742,1259,0,0
95.9357,5.1104,1268,0,0
95.9605,5.0782,1260,0,0
95.9854,5.0943,1264,0,0
96.0102,5.0862,1262,0,0
96.0350,5.0742,1259,0,0
96.0598,5.0742,1259,0,0
96.0846,5.0782,1260,0,0
96.1094,5.0903,1263,0,0
96.1342,5.0822,1261,0,0
96.1590,5.0983,1265,0,0
96.1838,5.0862,1262,0,0
96.2086,5.0822,1261,0,0
96.2334,5.0661,1257,0,0
96.2582,5.1024,1266,0,0
96.2830,5.0742,1259,0,0
96.3078,5.0862,1262,0,0
96.3326,5.0862,1262,0,0
96.3574,5.0862,1262,0,0
96.3822,5.1265,1272,0,0
96.4070,5.0782,1260,0,0
96.4318,5.0822,1261,0,0
96.4566,5.0782,1260,0,0
96.4814,5.0983,1265,0,0
96.5062,5.0782,1260,0,0
96.5310,5.0862,1262,0,0
96.5558,5.0943,1264,0,0
96.5806,5.0661,1257,0,0
96.6054,5.0983,1265,0,0
96.6302,5.0782,1260,0,0
96.6550,5.0661,1257,0,0
96.6798,5.0903,1263,0,0
96.7046,5.0419,1251,0,0
96.7294,5.1064,1267,0,0
96.7542,5.0862,1262,0,0
96.7790,5.0943,1264,0,0
96.8038,5.0943,1264,0,0
96.8286,5.0943,1264,0,0
96.8534,5.0862,1262,0,0
96.8782,5.0862,1262,0,0
96.9030,5.0379,1250,0,0
96.9278,5.0782,1260,0,0
96.9526,5.0338,1249,0,0
96.9774,5.0782,1260,0,0
97.0023,5.0782,1260,0,0
97.0271,5.0782,1260,0,0
97.0519,5.0943,1264,0,0
97.0767,5.0500,1253,0,0
97.1015,5.0782,1260,0,0
97.1263,5.0822,1261,0,0
97.1511,5.0943,1264,0,0
97.1759,5.0983,1265,0,0
97.2007,5.0742,1259,0,0
97.2255,5.0782,1260,0,0
97.2503,5.0943,1264,0,0
97.2751,5.0782,1260,0,0
97.2999,5.0782,1260,0,0
97.3247,5.0862,1262,0,0
97.3495,5.0822,1261,0,0
97.3743,5.0903,1263,0,0
97.3991,5.0822,1261,0,0
97.4239,5.0822,1261,0,0
97.4487,5.0862,1262,0,0
97.4735,5.0782,1260,0,0
97.4983,5.0903,1263,0,0
97.5231,5.0742,1259,0,0
97.5479,5.0782,1260,0,0
97.5727,5.0782,1260,0,0
97.5975,5.0701,1258,0,0
97.6223,5.0782,1260,0,0
97.6471,5.0782,1260,0,0
97.6719,5.0742,1259,0,0
97.6967,5.0782,1260,0,0
97.7215,5.0782,1260,0,0
97.7463,5.0903,1263,0,0
97.7711,5.0742,1259,0,0
97.7959,5.0742,1259,0,0
97.8207,5.0943,1264,0,0
97.8455,5.0782,1260,0,0
97.8703,5.0782,1260,0,0
97.8951,5.0943,1264,0,0
97.9199,5.0782,1260,0,0
97.9447,5.0862,1262,0,0
97.9695,5.0822,1261,0,0
97.9943,5.0943,1264,0,0
98.0191,5.0742,1259,0,0
98.0440,5.0782,1260,0,0
98.0688,5.0782,1260,0,0
98.0936,5.0903,1263,0,0
98.1184,5.0742,1259,0,0
98.1432,5.0742,1259,0,0
98.1680,5.0822,1261,0,0
98.1928,5.0661,1257,0,0
98.2176,5.0983,1265,0,0
98.2424,5.0782,1260,0,0
98.2672,5.0419,1251,0,0
98.2920,5.0782,1260,0,0
98.3168,5.0903,1263,0,0
98.3416,5.0782,1260,0,0
98.3664,5.0782,1260,0,0
98.3912,5.0661,1257,0,0
98.4160,5.0782,1260,0,0
98.4408,5.0661,1257,0,0
98.4656,5.0903,1263,0,0
98.4904,5.0943,1264,0,0
98.5152,5.0983,1265,0,0
98.5400,5.0943,1264,0,0
98.5648,5.0862,1262,0,0
98.5896,5.1265,1272,0,0
98.6144,5.0943,1264,0,0
98.6392,5.0742,1259,0,0
98.6640,5.0782,1260,0,0
98.6888,5.0742,1259,0,0
98.7136,5.0782,1260,0,0
98.7384,5.0983,1265,0,0
98.7632,5.0742,1259,0,0
98.7880,5.0822,1261,0,0
98.8128,5.0701,1258,0,0
98.8376,5.0862,1262,0,0
98.8624,5.0862,1262,0,0
98.8872,5.0862,1262,0,0
98.9120,5.0742,1259,0,0
98.9368,5.0943,1264,0,0
98.9616,5.0742,1259,0,0
98.9864,5.0862,1262,0,0
99.0112,5.0943,1264,0,0
99.0360,5.0862,1262,0,0
99.0609,5.0661,1257,0,0
99.0857,5.0782,1260,0,0
99.1105,5.1064,1267,0,0
99.1353,5.0661,1257,0,0
99.1601,5.0943,1264,0,0
99.1849,5.0822,1261,0,0
99.2097,5.0943,1264,0,0
99.2345,5.0782,1260,0,0
99.2593,5.0661,1257,0,0
99.2841,5.1064,1267,0,0
99.3089,5.1064,1267,0,0
99.3337,5.0822,1261,0,0
99.3585,5.0701,1258,0,0
99.3833,5.0983,1265,0,0
99.4081,5.0782,1260,0,0
99.4329,5.0661,1257,0,0
99.4577,5.0943,1264,0,0
99.4825,5.0822,1261,0,0
99.5073,5.0782,1260,0,0
99.5321,5.0419,1251,0,0
99.5569,5.0742,1259,0,0
99.5817,5.0782,1260,0,0
99.6065,5.0943,1264,0,0
99.6313,5.0500,1253,0,0
99.6561,5.0580,1255,0,0
99.6809,5.0903,1263,0,0
99.7057,5.0943,1264,0,0
99.7305,5.0943,1264,0,0
99.7553,5.0822,1261,0,0
99.7801,5.0943,1264,0,0
99.8049,5.0862,1262,0,0
99.8297,5.0822,1261,0,0
99.8545,5.0661,1257,0,0
99.8793,5.0862,1262,0,0
99.9041,5.0983,1265,0,0
99.9289,5.0862,1262,0,0
99.9537,5.0661,1257,0,0
99.9785,5.0540,1254,0,0
100.0033,5.0661,1257,0,0
100.0281,5.0862,1262,0,0
100.0529,5.0661,1257,0,0
100.0778,5.0903,1263,0,0
100.1026,5.0943,1264,0,0
100.1274,5.0782,1260,0,0
100.1522,5.0742,1259,0,0
100.1770,5.0903,1263,0,0
100.2018,5.0782,1260,0,0
100.2266,5.0822,1261,0,0
100.2514,5.0862,1262,0,0
100.2762,5.0943,1264,0,0
100.3010,5.0943,1264,0,0
100.3258,5.0782,1260,0,0
100.3506,5.0943,1264,0,0
100.3754,5.0862,1262,0,0
100.4002,5.0782,1260,0,0
100.4250,5.0379,1250,0,0
100.4498,5.1104,1268,0,0
100.4746,5.0943,1264,0,0
100.4994,5.0782,1260,0,0
100.5242,5.0903,1263,0,0
100.5490,5.1104,1268,0,0
100.5738,5.1104,1268,0,0
100.5986,5.0943,1264,0,0
100.6234,5.0782,1260,0,0
100.6482,5.0862,1262,0,0
100.6730,5.0903,1263,0,0
100.6978,5.0782,1260,0,0
100.7226,5.0782,1260,0,0
100.7474,5.0782,1260,0,0
100.7722,5.1064,1267,0,0
100.7970,5.0983,1265,0,0
100.8218,5.0379,1250,0,0
100.8466,5.0822,1261,0,0
100.8714,5.0862,1262,0,0
100.8962,5.0862,1262,0,0
100.9210,5.0983,1265,0,0
100.9458,5.0822,1261,0,0
100.9706,5.0983,1265,0,0
100.9954,5.0742,1259,0,0
101.0202,5.0862,1262,0,0
101.0450,5.0742,1259,0,0
101.0698,5.0862,1262,0,0
101.0947,5.0943,1264,0,0
101.1195,5.0862,1262,0,0
101.1443,5.0903,1263,0,0
101.1691,5.1064,1267,0,0
101.1939,5.0943,1264,0,0
101.2187,5.0943,1264,0,0
101.2435,5.1104,1268,0,0
101.2683,5.0862,1262,0,0
101.2931,5.0701,1258,0,0
101.3179,5.0661,1257,0,0
101.3427,5.0661,1257,0,0
101.3675,5.0822,1261,0,0
101.3923,5.0943,1264,0,0
101.4171,5.1024,1266,0,0
101.4419,5.0943,1264,0,0
101.4667,5.0782,1260,0,0
101.4915,5.0943,1264,0,0
101.5163,5.1346,1274,0,0
101.5411,5.0782,1260,0,0
101.5659,5.0379,1250,0,0
101.5907,5.0782,1260,0,0
101.6155,5.0862,1262,0,0
101.6403,5.0782,1260,0,0
101.6651,5.0903,1263,0,0
101.6899,5.0661,1257,0,0
101.7147,5.0742,1259,0,0
101.7395,5.0782,1260,0,0
101.7643,5.0943,1264,0,0
101.7891,5.0742,1259,0,0
101.8139,5.0983,1265,0,0
101.8387,5.0943,1264,0,0
101.8635,5.0822,1261,0,0
101.8883,5.0983,1265,0,0
101.9131,5.0903,1263,0,0
101.9379,5.0742,1259,0,0
101.9627,5.0943,1264,0,0
101.9875,5.0983,1265,0,0
102.0123,5.0983,1265,0,0
102.0371,5.0661,1257,0,0
102.0619,5.0782,1260,0,0
102.0867,5.1024,1266,0,0
102.1115,5.0943,1264,0,0
102.1364,5.0862,1262,0,0
102.1612,5.0782,1260,0,0
102.1860,5.1104,1268,0,0
102.2108,5.0661,1257,0,0
102.2356,5.0983,1265,0,0
102.2604,5.0782,1260,0,0
102.2852,5.0862,1262,0,0
102.3100,5.0943,1264,0,0
102.3348,5.0742,1259,0,0
102.3596,5.0661,1257,0,0
102.3844,5.0742,1259,0,0
102.4092,5.0862,1262,0,0
102.4340,5.0903,1263,0,0
102.4588,5.0782,1260,0,0
102.4836,5.0943,1264,0,0
102.5084,5.0782,1260,0,0
102.5332,5.1265,1272,0,0
102.5580,5.0742,1259,0,0
102.5828,5.0943,1264,0,0
102.6076,5.0943,1264,0,0
102.6324,5.0822,1261,0,0
102.6572,5.1064,1267,0,0
102.6820,5.0782,1260,0,0
102.7068,5.0862,1262,0,0
102.7316,5.0782,1260,0,0
102.7564,5.0862,1262,0,0
102.7812,5.0701,1258,0,0
102.8060,5.0862,1262,0,0
102.8308,5.0862,1262,0,0
102.8556,5.0862,1262,0,0
102.8804,5.1024,1266,0,0
102.9052,5.0862,1262,0,0
102.9300,5.0379,1250,0,0
102.9548,5.0862,1262,0,0
102.9796,5.0822,1261,0,0
103.0044,5.0782,1260,0,0
103.0292,5.0943,1264,0,0
103.0540,5.0943,1264,0,0
103.0788,5.0983,1265,0,0
103.1036,5.0661,1257,0,0
103.1284,5.1225,1271,0,0
103.1533,5.0742,1259,0,0
103.1781,5.0983,1265,0,0
103.2029,5.0943,1264,0,0
103.2277,5.0943,1264,0,0
103.2525,5.0701,1258,0,0
103.2773,5.0903,1263,0,0
103.3021,5.0862,1262,0,0
103.3269,5.0782,1260,0,0
103.3517,5.0943,1264,0,0
103.3765,5.0822,1261,0,0
103.4013,5.0540,1254,0,0
103.4261,5.1346,1274,0,0
103.4509,5.0943,1264,0,0
103.4757,5.0983,1265,0,0
103.5005,5.0661,1257,0,0
103.5253,5.0862,1262,0,0
103.5501,5.1064,1267,0,0
103.5749,5.0943,1264,0,0
103.5997,5.0419,1251,0,0
103.6245,5.0903,1263,0,0
103.6493,5.0742,1259,0,0
103.6741,5.0742,1259,0,0
103.6989,5.0903,1263,0,0
103.7237,5.0782,1260,0,0
103.7485,5.0903,1263,0,0
103.7733,5.0862,1262,0,0
103.7981,5.0661,1257,0,0
103.8229,5.0742,1259,0,0
103.8477,5.0782,1260,0,0
103.8725,5.0782,1260,0,0
103.8973,5.0862,1262,0,0
103.9221,5.0822,1261,0,0
103.9469,5.0742,1259,0,0
103.9717,5.0782,1260,0,0
103.9965,5.0742,1259,0,0
104.0213,5.0782,1260,0,0
104.0461,5.0822,1261,0,0
104.0709,5.0782,1260,0,0
104.0957,5.0862,1262,0,0
104.1205,5.0822,1261,0,0
104.1453,5.0862,1262,0,0
104.1702,5.0983,1265,0,0
104.1950,5.0661,1257,0,0
104.2198,5.1064,1267,0,0
104.2446,5.0419,1251,0,0
104.2694,5.0782,1260,0,0
104.2942,5.0983,1265,0,0
104.3190,5.0742,1259,0,0
104.3438,5.1024,1266,0,0
104.3686,5.1024,1266,0,0
104.3934,5.0782,1260,0,0
104.4182,5.0943,1264,0,0
104.4430,5.0661,1257,0,0
104.4678,5.0943,1264,0,0
104.4926,5.0782,1260,0,0
104.5174,5.0903,1263,0,0
104.5422,5.0782,1260,0,0
104.5670,5.0782,1260,0,0
104.5918,5.1024,1266,0,0
104.6166,5.0983,1265,0,0
104.6414,5.0862,1262,0,0
104.6662,5.1064,1267,0,0
104.6910,5.1346,1274,0,0
104.7158,5.0862,1262,0,0
104.7406,5.1064,1267,0,0
104.7654,5.0782,1260,0,0
104.7902,5.0943,1264,0,0
104.8150,5.0903,1263,0,0
104.8398,5.0983,1265,0,0
104.8646,5.0943,1264,0,0
104.8894,5.0862,1262,0,0
104.9142,5.0782,1260,0,0
104.9390,5.0782,1260,0,0
104.9638,5.0903,1263,0,0
104.9886,5.1064,1267,0,0
105.0134,5.0903,1263,0,0
105.0382,5.0742,1259,0,0
105.0630,5.0983,1265,0,0
105.0878,5.0742,1259,0,0
105.1126,5.0943,1264,0,0
105.1374,5.0862,1262,0,0
105.1622,5.0862,1262,0,0
105.1870,5.0782,1260,0,0
105.2119,5.0903,1263,0,0
105.2366,5.0782,1260,0,0
105.2615,5.0782,1260,0,0
105.2863,5.0782,1260,0,0
105.3111,5.0782,1260,0,0
105.3359,5.0862,1262,0,0
105.3607,5.0943,1264,0,0
105.3855,5.0661,1257,0,0
105.4103,5.1024,1266,0,0
105.4351,5.1064,1267,0,0
105.4599,5.1064,1267,0,0
105.4847,5.0580,1255,0,0
105.5095,5.0742,1259,0,0
105.5343,5.0782,1260,0,0
105.5591,5.0862,1262,0,0
105.5839,5.0782,1260,0,0
105.6087,5.0661,1257,0,0
105.6335,5.0943,1264,0,0
105.6583,5.0742,1259,0,0
105.6831,5.0903,1263,0,0
105.7079,5.0903,1263,0,0
105.7327,5.0822,1261,0,0
105.7575,5.0943,1264,0,0
105.7823,5.1104,1268,0,0
105.8071,5.0943,1264,0,0
105.8319,5.0782,1260,0,0
105.8567,5.0782,1260,0,0
105.8815,5.1064,1267,0,0
105.9063,5.0862,1262,0,0
105.9311,5.0862,1262,0,0
105.9559,5.0943,1264,0,0
105.9807,5.0943,1264,0,0
106.0055,5.0782,1260,0,0
106.0303,5.0782,1260,0,0
106.0551,5.0500,1253,0,0
106.0799,5.1064,1267,0,0
106.1047,5.0943,1264,0,0
106.1295,5.0983,1265,0,0
106.1543,5.0943,1264,0,0
106.1791,5.0862,1262,0,0
106.2039,5.0782,1260,0,0
106.2288,5.0661,1257,0,0
106.2535,5.0903,1263,0,0
106.2784,5.0862,1262,0,0
106.3032,5.0862,1262,0,0
106.3280,5.0742,1259,0,0
106.3528,5.1024,1266,0,0
106.3776,5.0782,1260,0,0
106.4024,5.0782,1260,0,0
106.4272,5.0742,1259,0,0
106.4520,5.0782,1260,0,0
106.4768,5.0782,1260,0,0
106.5016,5.0862,1262,0,0
106.5264,5.0862,1262,0,0
106.5512,5.0862,1262,0,0
106.5760,5.0701,1258,0,0
106.6008,5.0782,1260,0,0
106.6256,5.0862,1262,0,0
106.6504,5.1024,1266,0,0
106.6752,5.0903,1263,0,0
106.7000,5.0782,1260,0,0
106.7248,5.0943,1264,0,0
106.7496,5.1064,1267,0,0
106.7744,5.1104,1268,0,0
106.7992,5.0782,1260,0,0
106.8240,5.0782,1260,0,0
106.8488,5.0862,1262,0,0
106.8736,5.0903,1263,0,0
106.8984,5.0782,1260,0,0
106.9232,5.0943,1264,0,0
106.9480,5.0782,1260,0,0
106.9728,5.0661,1257,0,0
106.9976,5.0822,1261,0,0
107.0224,5.0862,1262,0,0
107.0472,5.1064,1267,0,0
107.0720,5.0983,1265,0,0
107.0968,5.0419,1251,0,0
107.1216,5.0742,1259,0,0
107.1464,5.0862,1262,0,0
107.1712,5.0379,1250,0,0
107.1960,5.0903,1263,0,0
107.2208,5.0661,1257,0,0
107.2457,5.0782,1260,0,0
107.2704,5.0903,1263,0,0
107.2952,5.0862,1262,0,0
107.3201,5.0983,1265,0,0
107.3449,5.0862,1262,0,0
107.3697,5.0862,1262,0,0
107.3945,5.1024,1266,0,0
107.4193,5.0862,1262,0,0
107.4441,5.1064,1267,0,0
107.4689,5.0862,1262,0,0
107.4937,5.1024,1266,0,0
107.5185,5.1064,1267,0,0
107.5433,5.0782,1260,0,0
107.5681,5.0943,1264,0,0
107.5929,5.0822,1261,0,0
107.6177,5.0862,1262,0,0
107.6425,5.0862,1262,0,0
107.6673,5.0782,1260,0,0
107.6921,5.0782,1260,0,0
107.7169,5.0983,1265,0,0
107.7417,5.1024,1266,0,0
107.7665,5.0822,1261,0,0
107.7913,5.0742,1259,0,0
107.8161,5.0903,1263,0,0
107.8409,5.0742,1259,0,0
107.8657,5.0661,1257,0,0
107.8905,5.0822,1261,0,0
107.9153,5.0943,1264,0,0
107.9401,5.0782,1260,0,0
107.9649,5.0661,1257,0,0
107.9897,5.0943,1264,0,0
108.0145,5.0782,1260,0,0
108.0393,5.0862,1262,0,0
108.0641,5.0943,1264,0,0
108.0889,5.0782,1260,0,0
108.1137,5.0782,1260,0,0
108.1385,5.0943,1264,0,0
108.1633,5.0661,1257,0,0
108.1881,5.0782,1260,0,0
108.2129,5.0943,1264,0,0
108.2377,5.0742,1259,0,0
108.2626,5.0862,1262,0,0
108.2873,5.0782,1260,0,0
108.3121,5.0742,1259,0,0
108.3370,5.0943,1264,0,0
108.3618,5.0782,1260,0,0
108.3866,5.0419,1251,0,0
108.4114,5.1225,1271,0,0
108.4362,5.0862,1262,0,0
108.4610,5.0943,1264,0,0
108.4858,5.0742,1259,0,0
108.5106,5.0943,1264,0,0
108.5354,5.0822,1261,0,0
108.5602,5.0782,1260,0,0
108.5850,5.0862,1262,0,0
108.6098,5.0862,1262,0,0
108.6346,5.0782,1260,0,0
108.6594,5.0782,1260,0,0
108.6842,5.0701,1258,0,0
108.7090,5.0983,1265,0,0
108.7338,5.0943,1264,0,0
108.7586,5.0943,1264,0,0
108.7834,5.0943,1264,0,0
108.8082,5.0822,1261,0,0
108.8330,5.0862,1262,0,0
108.8578,5.0862,1262,0,0
108.8826,5.0822,1261,0,0
108.9074,5.0500,1253,0,0
108.9322,5.0661,1257,0,0
108.9570,5.0782,1260,0,0
108.9818,5.0943,1264,0,0
109.0066,5.0701,1258,0,0
109.0314,5.0782,1260,0,0
109.0562,5.0540,1254,0,0
109.0810,5.0419,1251,0,0
109.1058,5.0782,1260,0,0
109.1306,5.0661,1257,0,0
109.1554,5.0943,1264,0,0
109.1802,5.0903,1263,0,0
109.2050,5.0822,1261,0,0
109.2298,5.0943,1264,0,0
109.2546,5.0742,1259,0,0
109.2794,5.0903,1263,0,0
109.3042,5.0742,1259,0,0
109.3290,5.0943,1264,0,0
109.3539,5.0500,1253,0,0
109.3787,5.0943,1264,0,0
109.4035,5.0862,1262,0,0
109.4283,5.0943,1264,0,0
109.4531,5.0943,1264,0,0
109.4779,5.0822,1261,0,0
109.5027,5.0661,1257,0,0
109.5275,5.0822,1261,0,0
109.5523,5.0862,1262,0,0
109.5771,5.0782,1260,0,0
109.6019,5.0540,1254,0,0
109.6267,5.0782,1260,0,0
109.6515,5.0661,1257,0,0
109.6763,5.0782,1260,0,0
109.7011,5.0661,1257,0,0
109.7259,5.0661,1257,0,0
109.7507,5.0983,1265,0,0
109.7755,5.0782,1260,0,0
109.8003,5.0862,1262,0,0
109.8251,5.0742,1259,0,0
109.8499,5.0782,1260,0,0
109.8747,5.0903,1263,0,0
109.8995,5.0742,1259,0,0
109.9243,5.0862,1262,0,0
109.9491,5.0943,1264,0,0
109.9739,5.1024,1266,0,0
109.9987,5.0862,1262,0,0
110.0235,5.0742,1259,0,0
110.0483,5.0862,1262,0,0
110.0731,5.0661,1257,0,0
110.0979,5.0782,1260,0,0
110.1227,5.0782,1260,0,0
110.1475,5.1225,1271,0,0
110.1723,5.0500,1253,0,0
110.1971,5.0822,1261,0,0
110.2219,5.0782,1260,0,0
110.2467,5.1225,1271,0,0
110.2715,5.0862,1262,0,0
110.2963,5.0943,1264,0,0
110.3211,5.0701,1258,0,0
110.3459,5.0782,1260,0,0
110.3708,5.0862,1262,0,0
110.3956,5.0742,1259,0,0
110.4204,5.0862,1262,0,0
110.4452,5.0500,1253,0,0
110.4700,5.0822,1261,0,0
110.4948,5.0862,1262,0,0
110.5196,5.1024,1266,0,0
110.5444,5.0943,1264,0,0
110.5692,5.0903,1263,0,0
110.5940,5.0782,1260,0,0
110.6188,5.0943,1264,0,0
110.6436,5.0943,1264,0,0
110.6684,5.0943,1264,0,0
110.6932,5.1024,1266,0,0
110.7180,5.0742,1259,0,0
110.7428,5.0782,1260,0,0
110.7676,5.0822,1261,0,0
110.7924,5.0742,1259,0,0
110.8172,5.0943,1264,0,0
110.8420,5.0862,1262,0,0
110.8668,5.0943,1264,0,0
110.8916,5.0742,1259,0,0
110.9164,5.0862,1262,0,0
110.9412,5.0661,1257,0,0
110.9660,5.0742,1259,0,0
110.9908,5.1225,1271,0,0
111.0156,5.0661,1257,0,0
111.0404,5.1064,1267,0,0
111.0652,5.0782,1260,0,0
111.0900,5.0782,1260,0,0
111.1148,5.0379,1250,0,0
111.1396,5.0862,1262,0,0
111.1644,5.0742,1259,0,0
111.1892,5.0983,1265,0,0
111.2140,5.0943,1264,0,0
111.2388,5.0903,1263,0,0
111.2636,5.1024,1266,0,0
111.2884,5.0661,1257,0,0
111.3132,5.1064,1267,0,0
111.3380,5.0782,1260,0,0
111.3628,5.0782,1260,0,0
111.3876,5.0500,1253,0,0
111.4125,5.0862,1262,0,0
111.4373,5.0943,1264,0,0
111.4621,5.0862,1262,0,0
111.4869,5.0742,1259,0,0
111.5117,5.0943,1264,0,0
111.5365,5.0983,1265,0,0
111.5613,5.1064,1267,0,0
111.5861,5.1064,1267,0,0
111.6109,5.0742,1259,0,0
111.6357,5.0983,1265,0,0
111.6605,5.0661,1257,0,0
111.6853,5.0742,1259,0,0
111.7101,5.0862,1262,0,0
111.7349,5.0782,1260,0,0
111.7597,5.0943,1264,0,0
111.7845,5.1145,1269,0,0
111.8093,5.0943,1264,0,0
111.8341,5.0782,1260,0,0
111.8589,5.0742,1259,0,0
111.8837,5.0822,1261,0,0
111.9085,5.0943,1264,0,0
111.9333,5.0822,1261,0,0
111.9581,5.0983,1265,0,0
111.9829,5.0822,1261,0,0
112.0077,5.0782,1260,0,0
112.0325,5.0822,1261,0,0
112.0573,5.0701,1258,0,0
112.0821,5.0903,1263,0,0
112.1069,5.0822,1261,0,0
112.1317,5.0661,1257,0,0
112.1565,5.0822,1261,0,0
112.1813,5.0661,1257,0,0
112.2061,5.0782,1260,0,0
112.2309,5.0782,1260,0,0
112.2557,5.0742,1259,0,0
112.2805,5.0782,1260,0,0
112.3053,5.0862,1262,0,0
112.3301,5.0903,1263,0,0
112.3549,5.0862,1262,0,0
112.3797,5.0943,1264,0,0
112.4045,5.0862,1262,0,0
112.4294,5.0862,1262,0,0
112.4542,5.0983,1265,0,0
112.4790,5.0862,1262,0,0
112.5038,5.0903,1263,0,0
112.5286,5.0983,1265,0,0
112.5534,5.0701,1258,0,0
112.5782,5.0983,1265,0,0
112.6030,5.0661,1257,0,0
112.6278,5.0862,1262,0,0
112.6526,5.0983,1265,0,0
112.6774,5.0903,1263,0,0
112.7022,5.1225,1271,0,0
112.7270,5.0782,1260,0,0
112.7518,5.0701,1258,0,0
112.7766,5.0782,1260,0,0
112.8014,5.1024,1266,0,0
112.8262,5.0862,1262,0,0
112.8510,5.0862,1262,0,0
112.8758,5.0903,1263,0,0
112.9006,5.0983,1265,0,0
112.9254,5.0862,1262,0,0
112.9502,5.0419,1251,0,0
112.9750,5.0862,1262,0,0
112.9998,5.0822,1261,0,0
113.0246,5.0983,1265,0,0
113.0494,5.0419,1251,0,0
113.0742,5.0983,1265,0,0
113.0990,5.0782,1260,0,0
113.1238,5.0742,1259,0,0
113.1486,5.0782,1260,0,0
113.1734,5.0862,1262,0,0
113.1982,5.1064,1267,0,0
113.2230,5.0419,1251,0,0
113.2478,5.0822,1261,0,0
113.2726,5.0983,1265,0,0
113.2974,5.0862,1262,0,0
113.3222,5.0943,1264,0,0
113.3470,5.0862,1262,0,0
113.3718,5.0943,1264,0,0
113.3966,5.0862,1262,0,0
113.4214,5.0822,1261,0,0
113.4463,5.0742,1259,0,0
113.4711,5.1064,1267,0,0
113.4959,5.0862,1262,0,0
113.5207,5.0943,1264,0,0
113.5455,5.0943,1264,0,0
113.5703,5.0742,1259,0,0
113.5951,5.0782,1260,0,0
113.6199,5.0943,1264,0,0
113.6447,5.0943,1264,0,0
113.6695,5.0943,1264,0,0
113.6943,5.0822,1261,0,0
113.7191,5.0983,1265,0,0
113.7439,5.0782,1260,0,0
113.7687,5.0782,1260,0,0
113.7935,5.0661,1257,0,0
113.8183,5.0782,1260,0,0
113.8431,5.0580,1255,0,0
113.8679,5.0862,1262,0,0
113.8927,5.0862,1262,0,0
113.9175,5.0862,1262,0,0
113.9423,5.0862,1262,0,0
113.9671,5.0862,1262,0,0
113.9919,5.0903,1263,0,0
114.0167,5.0782,1260,0,0
114.0415,5.0782,1260,0,0
114.0663,5.0862,1262,0,0
114.0911,5.0742,1259,0,0
114.1159,5.0742,1259,0,0
114.1407,5.0943,1264,0,0
114.1655,5.0782,1260,0,0
114.1903,5.0822,1261,0,0
114.2151,5.0742,1259,0,0
114.2399,5.0782,1260,0,0
114.2647,5.1024,1266,0,0
114.2895,5.0379,1250,0,0
114.3143,5.0298,1248,0,0
114.3391,5.0862,1262,0,0
114.3639,5.0742,1259,0,0
114.3887,5.0903,1263,0,0
114.4135,5.0742,1259,0,0
114.4383,5.0903,1263,0,0
114.4632,5.0742,1259,0,0
114.4880,5.0822,1261,0,0
114.5128,5.0419,1251,0,0
114.5376,5.0862,1262,0,0
114.5624,5.1064,1267,0,0
114.5872,5.0983,1265,0,0
114.6120,5.0661,1257,0,0
114.6368,5.0983,1265,0,0
114.6616,5.0742,1259,0,0
114.6864,5.0701,1258,0,0
114.7112,5.0419,1251,0,0
114.7360,5.0862,1262,0,0
114.7608,5.0943,1264,0,0
114.7856,5.0822,1261,0,0
114.8104,5.0782,1260,0,0
114.8352,5.0983,1265,0,0
114.8600,5.0943,1264,0,0
114.8848,5.0782,1260,0,0
114.9096,5.0983,1265,0,0
114.9344,5.0943,1264,0,0
114.9592,5.0661,1257,0,0
114.9840,5.1265,1272,0,0
115.0088,5.0742,1259,0,0
115.0336,5.0742,1259,0,0
115.0584,5.0903,1263,0,0
115.0832,5.0983,1265,0,0
115.1080,5.0903,1263,0,0
115.1328,5.0862,1262,0,0
115.1576,5.0782,1260,0,0
115.1824,5.0862,1262,0,0
115.2072,5.0862,1262,0,0
115.2320,5.0701,1258,0,0
115.2568,5.0983,1265,0,0
115.2816,5.0943,1264,0,0
115.3064,5.0862,1262,0,0
115.3312,5.0862,1262,0,0
115.3560,5.0661,1257,0,0
115.3808,5.0782,1260,0,0
115.4056,5.0419,1251,0,0
115.4304,5.0943,1264,0,0
115.4552,5.0943,1264,0,0
115.4800,5.0862,1262,0,0
115.5049,5.0943,1264,0,0
115.5297,5.0782,1260,0,0
115.5545,5.0943,1264,0,0
115.5793,5.1104,1268,0,0
115.6041,5.0661,1257,0,0
115.6289,5.0943,1264,0,0
115.6537,5.1064,1267,0,0
115.6785,5.0338,1249,0,0
115.7033,5.0661,1257,0,0
115.7281,5.0983,1265,0,0
115.7529,5.0983,1265,0,0
115.7777,5.0983,1265,0,0
115.8025,5.0943,1264,0,0
115.8273,5.0782,1260,0,0
115.8521,5.0862,1262,0,0
115.8769,5.0822,1261,0,0
115.9017,5.0822,1261,0,0
115.9265,5.0661,1257,0,0
115.9513,5.0943,1264,0,0
115.9761,5.0419,1251,0,0
116.0009,5.0701,1258,0,0
116.0257,5.0943,1264,0,0
116.0505,5.0903,1263,0,0
116.0753,5.0903,1263,0,0
116.1001,5.0782,1260,0,0
116.1249,5.0782,1260,0,0
116.1497,5.0862,1262,0,0
116.1745,5.0782,1260,0,0
116.1993,5.0862,1262,0,0
116.2241,5.0580,1255,0,0
116.2489,5.0862,1262,0,0
116.2737,5.0943,1264,0,0
116.2985,5.0822,1261,0,0
116.3233,5.0782,1260,0,0
116.3481,5.0701,1258,0,0
116.3729,5.0862,1262,0,0
116.3977,5.0782,1260,0,0
116.4225,5.0822,1261,0,0
116.4473,5.0943,1264,0,0
116.4721,5.1024,1266,0,0
116.4969,5.0943,1264,0,0
116.5218,5.0822,1261,0,0
116.5466,5.0943,1264,0,0
116.5714,5.0862,1262,0,0
116.5962,5.0661,1257,0,0
116.6210,5.0379,1250,0,0
116.6458,5.1024,1266,0,0
116.6706,5.0862,1262,0,0
116.6954,5.0862,1262,0,0
116.7202,5.0983,1265,0,0
116.7450,5.0943,1264,0,0
116.7698,5.0862,1262,0,0
116.7946,5.0903,1263,0,0
116.8194,5.0742,1259,0,0
116.8442,5.0943,1264,0,0
116.8690,5.0742,1259,0,0
116.8938,5.0661,1257,0,0
116.9186,5.0903,1263,0,0
116.9434,5.0782,1260,0,0
116.9682,5.0782,1260,0,0
116.9930,5.1064,1267,0,0
117.0178,5.0701,1258,0,0
117.0426,5.0943,1264,0,0
117.0674,5.0943,1264,0,0
117.0922,5.0782,1260,0,0
117.1170,5.0943,1264,0,0
117.1418,5.0782,1260,0,0
117.1666,5.1104,1268,0,0
117.1914,5.0822,1261,0,0
117.2162,5.0661,1257,0,0
117.2410,5.0419,1251,0,0
117.2658,5.0943,1264,0,0
117.2906,5.0500,1253,0,0
117.3154,5.0782,1260,0,0
117.3402,5.0943,1264,0,0
117.3650,5.0943,1264,0,0
117.3898,5.0943,1264,0,0
117.4146,5.0782,1260,0,0
117.4394,5.0983,1265,0,0
117.4642,5.0782,1260,0,0
117.4890,5.0500,1253,0,0
117.5138,5.0661,1257,0,0
117.5387,5.0822,1261,0,0
117.5635,5.0862,1262,0,0
117.5883,5.0903,1263,0,0
117.6131,5.0943,1264,0,0
117.6379,5.0782,1260,0,0
117.6627,5.0822,1261,0,0
117.6875,5.0742,1259,0,0
117.7123,5.0903,1263,0,0
117.7371,5.0782,1260,0,0
117.7619,5.0379,1250,0,0
117.7867,5.0782,1260,0,0
117.8115,5.0862,1262,0,0
117.8363,5.0943,1264,0,0
117.8611,5.0742,1259,0,0
117.8859,5.0782,1260,0,0
117.9107,5.0943,1264,0,0
117.9355,5.0782,1260,0,0
117.9603,5.0862,1262,0,0
117.9851,5.0782,1260,0,0
118.0099,5.0701,1258,0,0
118.0347,5.0943,1264,0,0
118.0595,5.0782,1260,0,0
118.0843,5.0862,1262,0,0
118.1091,5.0742,1259,0,0
118.1339,5.0782,1260,0,0
118.1587,5.0943,1264,0,0
118.1835,5.0782,1260,0,0
118.2083,5.0500,1253,0,0
118.2331,5.0661,1257,0,0
118.2579,5.0782,1260,0,0
118.2827,5.0983,1265,0,0
118.3075,5.0943,1264,0,0
118.3323,5.0661,1257,0,0
118.3571,5.1064,1267,0,0
118.3819,5.0862,1262,0,0
118.4067,5.0943,1264,0,0
118.4315,5.1024,1266,0,0
118.4563,5.1024,1266,0,0
118.4811,5.0822,1261,0,0
118.5059,5.0782,1260,0,0
118.5307,5.0862,1262,0,0
118.5555,5.0661,1257,0,0
118.5804,5.0742,1259,0,0
118.6052,5.0782,1260,0,0
118.6300,5.0943,1264,0,0
118.6548,5.0782,1260,0,0
118.6796,5.0661,1257,0,0
118.7044,5.0943,1264,0,0
118.7292,5.0862,1262,0,0
118.7540,5.0742,1259,0,0
118.7788,5.0943,1264,0,0
118.8036,5.0742,1259,0,0
118.8284,5.0661,1257,0,0
118.8532,5.0701,1258,0,0
118.8780,5.0661,1257,0,0
118.9028,5.0742,1259,0,0
118.9276,5.0943,1264,0,0
118.9524,5.0903,1263,0,0
118.9772,5.0983,1265,0,0
119.0020,5.0862,1262,0,0
119.0268,5.0782,1260,0,0
119.0516,5.0903,1263,0,0
119.0764,5.0903,1263,0,0
119.1012,5.0903,1263,0,0
119.1260,5.0862,1262,0,0
119.1508,5.0983,1265,0,0
119.1756,5.0983,1265,0,0
119.2004,5.0943,1264,0,0
119.2252,5.0862,1262,0,0
119.2500,5.0943,1264,0,0
119.2748,5.0903,1263,0,0
119.2996,5.0903,1263,0,0
119.3244,5.0903,1263,0,0
119.3492,5.0862,1262,0,0
119.3740,5.0782,1260,0,0
119.3988,5.0943,1264,0,0
119.4236,5.0782,1260,0,0
119.4484,5.1064,1267,0,0
119.4732,5.0983,1265,0,0
119.4980,5.0782,1260,0,0
119.5228,5.0701,1258,0,0
119.5476,5.0943,1264,0,0
119.5724,5.0983,1265,0,0
119.5973,5.0943,1264,0,0
119.6221,5.0862,1262,0,0
119.6469,5.1145,1269,0,0
119.6717,5.0862,1262,0,0
119.6965,5.0943,1264,0,0
119.7213,5.0782,1260,0,0
119.7461,5.0782,1260,0,0
119.7709,5.1064,1267,0,0
119.7957,5.0862,1262,0,0
119.8205,5.0943,1264,0,0
119.8453,5.0822,1261,0,0
119.8701,5.0983,1265,0,0
119.8949,5.0782,1260,0,0
119.9197,5.0862,1262,0,0
119.9445,5.0822,1261,0,0
119.9693,5.0943,1264,0,0
119.9941,5.0943,1264,0,0
120.0189,5.0782,1260,0,0
120.0437,5.0862,1262,0,0
120.0685,5.0822,1261,0,0
120.0933,5.0862,1262,0,0
120.1181,5.0500,1253,0,0
120.1429,5.0782,1260,0,0
120.1677,5.0782,1260,0,0
120.1925,5.0782,1260,0,0
120.2173,5.0661,1257,0,0
120.2421,5.0782,1260,0,0
120.2669,5.0862,1262,0,0
120.2917,5.0701,1258,0,0
120.3165,5.0983,1265,0,0
120.3413,5.0983,1265,0,0
120.3661,5.0742,1259,0,0
120.3909,5.0701,1258,0,0
120.4157,5.0862,1262,0,0
120.4405,5.0782,1260,0,0
120.4653,5.0903,1263,0,0
120.4901,5.0661,1257,0,0
120.5149,5.0742,1259,0,0
120.5397,5.0379,1250,0,0
120.5645,5.0661,1257,0,0
120.5893,5.1145,1269,0,0
120.6142,5.0782,1260,0,0
120.6390,5.0379,1250,0,0
120.6638,5.0742,1259,0,0
120.6886,5.0782,1260,0,0
120.7134,5.0742,1259,0,0
120.7382,5.1064,1267,0,0
120.7630,5.0943,1264,0,0
120.7878,5.1064,1267,0,0
120.8126,5.1024,1266,0,0
120.8374,5.0903,1263,0,0
120.8622,5.0782,1260,0,0
120.8870,5.0943,1264,0,0
120.9118,5.0943,1264,0,0
120.9366,5.0782,1260,0,0
120.9614,5.0661,1257,0,0
120.9862,5.0782,1260,0,0
121.0110,5.0742,1259,0,0
121.0358,5.0782,1260,0,0
121.0606,5.0782,1260,0,0
121.0854,5.0943,1264,0,0
121.1102,5.0742,1259,0,0
121.1350,5.1024,1266,0,0
121.1598,5.0661,1257,0,0
121.1846,5.0822,1261,0,0
121.2094,5.0822,1261,0,0
121.2342,5.0822,1261,0,0
121.2590,5.0983,1265,0,0
121.2838,5.0661,1257,0,0
121.3086,5.0862,1262,0,0
121.3334,5.0943,1264,0,0
121.3582,5.0862,1262,0,0
121.3830,5.0782,1260,0,0
121.4078,5.0983,1265,0,0
121.4326,5.0782,1260,0,0
121.4574,5.0782,1260,0,0
121.4822,5.0742,1259,0,0
121.5070,5.0742,1259,0,0
121.5318,5.0943,1264,0,0
121.5566,5.0782,1260,0,0
121.5814,5.0742,1259,0,0
121.6062,5.0943,1264,0,0
121.6311,5.0943,1264,0,0
121.6559,5.0782,1260,0,0
121.6807,5.0822,1261,0,0
121.7055,5.0742,1259,0,0
121.7303,5.0983,1265,0,0
121.7551,5.0782,1260,0,0
121.7799,5.0742,1259,0,0
121.8047,5.0943,1264,0,0
121.8295,5.0943,1264,0,0
121.8543,5.0701,1258,0,0
121.8791,5.0782,1260,0,0
121.9039,5.0862,1262,0,0
121.9287,5.0742,1259,0,0
121.9535,5.1064,1267,0,0
121.9783,5.0742,1259,0,0
122.0031,5.0742,1259,0,0
122.0279,5.0862,1262,0,0
122.0527,5.0862,1262,0,0
122.0775,5.0862,1262,0,0
122.1023,5.0782,1260,0,0
122.1271,5.0782,1260,0,0
122.1519,5.0862,1262,0,0
122.1767,5.0943,1264,0,0
122.2015,5.0379,1250,0,0
122.2263,5.0379,1250,0,0
122.2511,5.0862,1262,0,0
122.2759,5.1064,1267,0,0
122.3007,5.0862,1262,0,0
122.3255,5.0862,1262,0,0
122.3503,5.0661,1257,0,0
122.3751,5.0500,1253,0,0
122.3999,5.0862,1262,0,0
122.4247,5.0822,1261,0,0
122.4495,5.0742,1259,0,0
122.4743,5.0782,1260,0,0
122.4991,5.0661,1257,0,0
122.5239,5.0742,1259,0,0
122.5487,5.0862,1262,0,0
122.5735,5.0661,1257,0,0
122.5983,5.0661,1257,0,0
122.6231,5.0983,1265,0,0
122.6479,5.0822,1261,0,0
122.6728,5.0782,1260,0,0
122.6976,5.0983,1265,0,0
122.7224,5.0862,1262,0,0
122.7472,5.1265,1272,0,0
122.7720,5.0822,1261,0,0
122.7968,5.0822,1261,0,0
122.8216,5.0862,1262,0,0
122.8464,5.0903,1263,0,0
122.8712,5.0903,1263,0,0
122.8960,5.0862,1262,0,0
122.9208,5.1064,1267,0,0
122.9456,5.0943,1264,0,0
122.9704,5.0419,1251,0,0
122.9952,5.0782,1260,0,0
123.0200,5.0862,1262,0,0
123.0448,5.0782,1260,0,0
123.0696,5.0742,1259,0,0
123.0944,5.0782,1260,0,0
123.1192,5.0943,1264,0,0
123.1440,5.0943,1264,0,0
123.1688,5.0983,1265,0,0
123.1936,5.0862,1262,0,0
123.2184,5.1064,1267,0,0
123.2432,5.0782,1260,0,0
123.2680,5.0742,1259,0,0
123.2928,5.0742,1259,0,0
123.3176,5.0822,1261,0,0
123.3424,5.0782,1260,0,0
123.3672,5.0822,1261,0,0
123.3920,5.1265,1272,0,0
123.4168,5.0782,1260,0,0
123.4416,5.0701,1258,0,0
123.4664,5.0862,1262,0,0
123.4912,5.0862,1262,0,0
123.5160,5.0701,1258,0,0
123.5408,5.0701,1258,0,0
123.5656,5.0742,1259,0,0
123.5904,5.0943,1264,0,0
123.6152,5.1064,1267,0,0
123.6400,5.0943,1264,0,0
123.6648,5.0782,1260,0,0
123.6897,5.0540,1254,0,0
123.7145,5.0943,1264,0,0
123.7393,5.0782,1260,0,0
123.7641,5.0943,1264,0,0
123.7889,5.0862,1262,0,0
123.8137,5.0782,1260,0,0
123.8385,5.0983,1265,0,0
123.8633,5.0782,1260,0,0
123.8881,5.0782,1260,0,0
123.9129,5.0742,1259,0,0
123.9377,5.0500,1253,0,0
123.9625,5.0862,1262,0,0
123.9873,5.0782,1260,0,0
124.0121,5.0782,1260,0,0
124.0369,5.0822,1261,0,0
124.0617,5.1024,1266,0,0
124.0865,5.0822,1261,0,0
124.1113,5.0742,1259,0,0
124.1361,5.0782,1260,0,0
124.1609,5.0862,1262,0,0
124.1857,5.0782,1260,0,0
124.2105,5.0943,1264,0,0
124.2353,5.0862,1262,0,0
124.2601,5.0903,1263,0,0
124.2849,5.1064,1267,0,0
124.3097,5.0661,1257,0,0
124.3345,5.0943,1264,0,0
124.3593,5.0742,1259,0,0
124.3841,5.0903,1263,0,0
124.4089,5.0943,1264,0,0
124.4337,5.0983,1265,0,0
124.4585,5.0782,1260,0,0
124.4833,5.0782,1260,0,0
124.5081,5.0742,1259,0,0
124.5329,5.0943,1264,0,0
124.5577,5.0782,1260,0,0
124.5825,5.1064,1267,0,0
124.6073,5.0782,1260,0,0
124.6321,5.0903,1263,0,0
124.6569,5.0903,1263,0,0
124.6817,5.0862,1262,0,0
124.7066,5.0943,1264,0,0
124.7314,5.0782,1260,0,0
124.7562,5.0298,1248,0,0
124.7810,5.0782,1260,0,0
124.8058,5.0782,1260,0,0
124.8306,5.0943,1264,0,0
124.8554,5.0742,1259,0,0
124.8802,5.0943,1264,0,0
124.9050,5.0862,1262,0,0
124.9298,5.0822,1261,0,0
124.9546,5.0782,1260,0,0
124.9794,5.1064,1267,0,0
125.0042,5.0943,1264,0,0
125.0290,5.0742,1259,0,0
125.0538,5.0822,1261,0,0
125.0786,5.0782,1260,0,0
125.1034,5.0943,1264,0,0
125.1282,5.0500,1253,0,0
125.1530,5.0862,1262,0,0
125.1778,5.0903,1263,0,0
125.2026,5.0862,1262,0,0
125.2274,5.0782,1260,0,0
125.2522,5.0943,1264,0,0
125.2770,5.1104,1268,0,0
125.3018,5.0943,1264,0,0
125.3266,5.0701,1258,0,0
125.3514,5.0782,1260,0,0
125.3762,5.0862,1262,0,0
125.4010,5.0943,1264,0,0
125.4258,5.0742,1259,0,0
125.4506,5.0782,1260,0,0
125.4754,5.0862,1262,0,0
125.5002,5.0862,1262,0,0
125.5250,5.0943,1264,0,0
125.5498,5.0943,1264,0,0
125.5746,5.0943,1264,0,0
125.5994,5.0782,1260,0,0
125.6242,5.0943,1264,0,0
125.6490,5.0943,1264,0,0
125.6738,5.0742,1259,0,0
125.6986,5.0661,1257,0,0
125.7234,5.0782,1260,0,0
125.7483,5.0822,1261,0,0
125.7731,5.0782,1260,0,0
125.7979,5.0822,1261,0,0
125.8227,5.0661,1257,0,0
125.8475,5.0943,1264,0,0
125.8723,5.0943,1264,0,0
125.8971,5.0782,1260,0,0
125.9219,5.0822,1261,0,0
125.9467,5.0661,1257,0,0
125.9715,5.0742,1259,0,0
125.9963,5.0742,1259,0,0
126.0211,5.0983,1265,0,0
126.0459,5.0943,1264,0,0
126.0707,5.0983,1265,0,0
126.0955,5.0943,1264,0,0
126.1203,5.0903,1263,0,0
126.1451,5.0782,1260,0,0
126.1699,5.0782,1260,0,0
126.1947,5.0782,1260,0,0
126.2195,5.0983,1265,0,0
126.2443,5.0943,1264,0,0
126.2691,5.0379,1250,0,0
126.2939,5.0822,1261,0,0
126.3187,5.0983,1265,0,0
126.3435,5.0701,1258,0,0
126.3683,5.0782,1260,0,0
126.3931,5.0822,1261,0,0
126.4179,5.0862,1262,0,0
126.4427,5.0782,1260,0,0
126.4675,5.0742,1259,0,0
126.4923,5.0862,1262,0,0
126.5171,5.0862,1262,0,0
126.5419,5.0943,1264,0,0
126.5667,5.0822,1261,0,0
126.5915,5.0983,1265,0,0
126.6163,5.0943,1264,0,0
126.6411,5.0862,1262,0,0
126.6659,5.0661,1257,0,0
126.6907,5.0500,1253,0,0
126.7155,5.0661,1257,0,0
126.7403,5.0419,1251,0,0
126.7652,5.0822,1261,0,0
126.7900,5.1024,1266,0,0
126.8148,5.0782,1260,0,0
126.8396,5.0419,1251,0,0
126.8644,5.0782,1260,0,0
126.8892,5.0782,1260,0,0
126.9140,5.0862,1262,0,0
126.9388,5.0822,1261,0,0
126.9636,5.0943,1264,0,0
126.9884,5.0903,1263,0,0
127.0132,5.0782,1260,0,0
127.0380,5.0661,1257,0,0
127.0628,5.0943,1264,0,0
127.0876,5.0862,1262,0,0
127.1124,5.0943,1264,0,0
127.1372,5.0500,1253,0,0
127.1620,5.0822,1261,0,0
127.1868,5.0862,1262,0,0
127.2116,5.0500,1253,0,0
127.2364,5.0983,1265,0,0
127.2612,5.0782,1260,0,0
127.2860,5.0177,1245,0,0
127.3108,5.1064,1267,0,0
127.3356,5.0742,1259,0,0
127.3604,5.0862,1262,0,0
127.3852,5.0661,1257,0,0
127.4100,5.0419,1251,0,0
127.4348,5.0943,1264,0,0
127.4596,5.0862,1262,0,0
127.4844,5.0782,1260,0,0
127.5092,5.0903,1263,0,0
127.5340,5.0782,1260,0,0
127.5588,5.1064,1267,0,0
127.5836,5.0742,1259,0,0
127.6084,5.0782,1260,0,0
127.6332,5.0822,1261,0,0
127.6580,5.0983,1265,0,0
127.6828,5.0903,1263,0,0
127.7076,5.0862,1262,0,0
127.7324,5.0943,1264,0,0
127.7572,5.0943,1264,0,0
127.7821,5.0983,1265,0,0
127.8069,5.0661,1257,0,0
127.8317,5.0862,1262,0,0
127.8565,5.0742,1259,0,0
127.8813,5.0943,1264,0,0
127.9061,5.0943,1264,0,0
127.9309,5.0943,1264,0,0
127.9557,5.0782,1260,0,0
127.9805,5.0782,1260,0,0
128.0053,5.0943,1264,0,0
128.0301,5.0943,1264,0,0
128.0549,5.0742,1259,0,0
128.0797,5.0943,1264,0,0
128.1045,5.0862,1262,0,0
128.1293,5.1024,1266,0,0
128.1541,5.0862,1262,0,0
128.1789,5.0742,1259,0,0
128.2037,5.0500,1253,0,0
128.2285,5.0782,1260,0,0
128.2533,5.0661,1257,0,0
128.2781,5.0903,1263,0,0
128.3029,5.0782,1260,0,0
128.3277,5.0701,1258,0,0
128.3525,5.0782,1260,0,0
128.3773,5.0862,1262,0,0
128.4021,5.0782,1260,0,0
128.4269,5.0943,1264,0,0
128.4517,5.0983,1265,0,0
128.4765,5.0782,1260,0,0
128.5013,5.0782,1260,0,0
128.5261,5.0903,1263,0,0
128.5509,5.0782,1260,0,0
128.5757,5.1064,1267,0,0
128.6005,5.0983,1265,0,0
128.6253,5.0782,1260,0,0
128.6501,5.0903,1263,0,0
128.6749,5.0782,1260,0,0
128.6997,5.0782,1260,0,0
128.7245,5.0943,1264,0,0
128.7493,5.0943,1264,0,0
128.7741,5.0782,1260,0,0
128.7990,5.0782,1260,0,0
128.8237,5.0862,1262,0,0
128.8486,5.0742,1259,0,0
128.8734,5.0782,1260,0,0
128.8982,5.0943,1264,0,0
128.9230,5.0903,1263,0,0
128.9478,5.0782,1260,0,0
128.9726,5.0862,1262,0,0
128.9974,5.0822,1261,0,0
129.0222,5.0782,1260,0,0
129.0470,5.0862,1262,0,0
129.0718,5.0742,1259,0,0
129.0966,5.0862,1262,0,0
129.1214,5.0943,1264,0,0
129.1462,5.0943,1264,0,0
129.1710,5.0379,1250,0,0
129.1958,5.0782,1260,0,0
129.2206,5.0943,1264,0,0
129.2454,5.0862,1262,0,0
129.2702,5.1225,1271,0,0
129.2950,5.0742,1259,0,0
129.3198,5.0983,1265,0,0
129.3446,5.0943,1264,0,0
129.3694,5.0943,1264,0,0
129.3942,5.0782,1260,0,0
129.4190,5.0701,1258,0,0
129.4438,5.0338,1249,0,0
129.4686,5.0862,1262,0,0
129.4934,5.0822,1261,0,0
129.5182,5.0742,1259,0,0
129.5430,5.0943,1264,0,0
129.5678,5.0782,1260,0,0
129.5926,5.0943,1264,0,0
129.6174,5.0983,1265,0,0
129.6422,5.0742,1259,0,0
129.6670,5.1104,1268,0,0
129.6918,5.0782,1260,0,0
129.7166,5.0943,1264,0,0
129.7414,5.0742,1259,0,0
129.7662,5.0782,1260,0,0
129.7910,5.0782,1260,0,0
129.8158,5.0862,1262,0,0
129.8407,5.1024,1266,0,0
129.8654,5.0983,1265,0,0
129.8903,5.0742,1259,0,0
129.9151,5.0943,1264,0,0
129.9399,5.0943,1264,0,0
129.9647,5.0742,1259,0,0
129.9895,5.0782,1260,0,0
130.0143,5.0782,1260,0,0
130.0391,5.0983,1265,0,0
130.0639,5.0862,1262,0,0
130.0887,5.1064,1267,0,0
130.1135,5.0782,1260,0,0
130.1383,5.0580,1255,0,0
130.1631,5.0903,1263,0,0
130.1879,5.0903,1263,0,0
130.2127,5.0782,1260,0,0
130.2375,5.0500,1253,0,0
130.2623,5.0782,1260,0,0
130.2871,5.1225,1271,0,0
130.3119,5.0983,1265,0,0
130.3367,5.0983,1265,0,0
130.3615,5.0943,1264,0,0
130.3863,5.0983,1265,0,0
130.4111,5.0742,1259,0,0
130.4359,5.1024,1266,0,0
130.4607,5.0661,1257,0,0
130.4855,5.0822,1261,0,0
130.5103,5.1024,1266,0,0
130.5351,5.1145,1269,0,0
130.5599,5.0742,1259,0,0
130.5847,5.0862,1262,0,0
130.6095,5.0943,1264,0,0
130.6343,5.0943,1264,0,0
130.6591,5.0943,1264,0,0
130.6839,5.0782,1260,0,0
130.7087,5.0782,1260,0,0
130.7335,5.0782,1260,0,0
130.7583,5.0540,1254,0,0
130.7831,5.0943,1264,0,0
130.8079,5.0379,1250,0,0
130.8327,5.0943,1264,0,0
130.8575,5.0742,1259,0,0
130.8824,5.1064,1267,0,0
130.9072,5.0822,1261,0,0
130.9320,5.0943,1264,0,0
130.9568,5.0782,1260,0,0
130.9816,5.0782,1260,0,0
131.0064,5.0943,1264,0,0
131.0312,5.1024,1266,0,0
131.0560,5.0983,1265,0,0
131.0808,5.0742,1259,0,0
131.1056,5.0862,1262,0,0
131.1304,5.0862,1262,0,0
131.1552,5.0742,1259,0,0
131.1800,5.0943,1264,0,0
131.2048,5.0983,1265,0,0
131.2296,5.1225,1271,0,0
131.2544,5.0782,1260,0,0
131.2792,5.0862,1262,0,0
131.3040,5.0943,1264,0,0
131.3288,5.0742,1259,0,0
131.3536,5.0862,1262,0,0
131.3784,5.0862,1262,0,0
131.4032,5.0782,1260,0,0
131.4280,5.0822,1261,0,0
131.4528,5.0500,1253,0,0
131.4776,5.0943,1264,0,0
131.5024,5.0862,1262,0,0
131.5272,5.0862,1262,0,0
131.5520,5.0983,1265,0,0
131.5768,5.0782,1260,0,0
131.6016,5.0742,1259,0,0
131.6264,5.0862,1262,0,0
131.6512,5.0862,1262,0,0
131.6760,5.0862,1262,0,0
131.7008,5.0701,1258,0,0
131.7256,5.0782,1260,0,0
131.7504,5.0983,1265,0,0
131.7752,5.0782,1260,0,0
131.8000,5.0943,1264,0,0
131.8248,5.0782,1260,0,0
131.8496,5.0943,1264,0,0
131.8745,5.0943,1264,0,0
131.8992,5.0943,1264,0,0
131.9241,5.1104,1268,0,0
131.9489,5.0822,1261,0,0
131.9737,5.0983,1265,0,0
131.9985,5.0782,1260,0,0
132.0233,5.0943,1264,0,0
132.0481,5.0782,1260,0,0
132.0729,5.0862,1262,0,0
132.0977,5.0943,1264,0,0
132.1225,5.0862,1262,0,0
132.1473,5.1024,1266,0,0
132.1721,5.1064,1267,0,0
132.1969,5.0742,1259,0,0
132.2217,5.0943,1264,0,0
132.2465,5.1064,1267,0,0
132.2713,5.1265,1272,0,0
132.2961,5.0742,1259,0,0
132.3209,5.0822,1261,0,0
132.3457,5.1265,1272,0,0
132.3705,5.0943,1264,0,0
132.3953,5.0862,1262,0,0
132.4201,5.0379,1250,0,0
132.4449,5.0943,1264,0,0
132.4697,5.0742,1259,0,0
132.4945,5.0298,1248,0,0
132.5193,5.0782,1260,0,0
132.5441,5.0742,1259,0,0
132.5689,5.0782,1260,0,0
132.5937,5.0862,1262,0,0
132.6185,5.0782,1260,0,0
132.6433,5.0983,1265,0,0
132.6681,5.0943,1264,0,0
132.6929,5.0701,1258,0,0
132.7177,5.0983,1265,0,0
132.7425,5.0903,1263,0,0
132.7673,5.0862,1262,0,0
132.7921,5.0782,1260,0,0
132.8169,5.0983,1265,0,0
132.8417,5.0943,1264,0,0
132.8665,5.0782,1260,0,0
132.8913,5.0782,1260,0,0
132.9162,5.0943,1264,0,0
132.9409,5.0782,1260,0,0
132.9658,5.0782,1260,0,0
132.9906,5.0782,1260,0,0
133.0154,5.0782,1260,0,0
133.0402,5.0742,1259,0,0
133.0650,5.0943,1264,0,0
133.0898,5.0903,1263,0,0
133.1146,5.0782,1260,0,0
133.1394,5.0782,1260,0,0
133.1642,5.0983,1265,0,0
133.1890,5.0862,1262,0,0
133.2138,5.0661,1257,0,0
133.2386,5.0943,1264,0,0
133.2634,5.0862,1262,0,0
133.2882,5.0379,1250,0,0
133.3130,5.1064,1267,0,0
133.3378,5.0742,1259,0,0
133.3626,5.0782,1260,0,0
133.3874,5.0943,1264,0,0
133.4122,5.0782,1260,0,0
133.4370,5.0983,1265,0,0
133.4618,5.0983,1265,0,0
133.4866,5.0862,1262,0,0
133.5114,5.0661,1257,0,0
133.5362,5.0943,1264,0,0
133.5610,5.0701,1258,0,0
133.5858,5.0782,1260,0,0
133.6106,5.0903,1263,0,0
133.6354,5.0822,1261,0,0
133.6602,5.0862,1262,0,0
133.6850,5.0782,1260,0,0
133.7098,5.0822,1261,0,0
133.7346,5.0943,1264,0,0
133.7594,5.0943,1264,0,0
133.7842,5.0943,1264,0,0
133.8090,5.1024,1266,0,0
133.8338,5.0943,1264,0,0
133.8586,5.0742,1259,0,0
133.8834,5.0661,1257,0,0
133.9082,5.0903,1263,0,0
133.9330,5.1064,1267,0,0
133.9579,5.1225,1271,0,0
133.9827,5.0782,1260,0,0
134.0075,5.0862,1262,0,0
134.0323,5.0943,1264,0,0
134.0571,5.0943,1264,0,0
134.0819,5.0822,1261,0,0
134.1067,5.0701,1258,0,0
134.1315,5.0943,1264,0,0
134.1563,5.0782,1260,0,0
134.1811,5.0782,1260,0,0
134.2059,5.1104,1268,0,0
134.2307,5.1104,1268,0,0
134.2555,5.0742,1259,0,0
134.2803,5.0862,1262,0,0
134.3051,5.0862,1262,0,0
134.3299,5.1104,1268,0,0
134.3547,5.0862,1262,0,0
134.3795,5.0943,1264,0,0
134.4043,5.0862,1262,0,0
134.4291,5.0782,1260,0,0
134.4539,5.0742,1259,0,0
134.4787,5.0782,1260,0,0
134.5035,5.0943,1264,0,0
134.5283,5.0943,1264,0,0
134.5531,5.0822,1261,0,0
134.5779,5.1265,1272,0,0
134.6027,5.0862,1262,0,0
134.6275,5.0943,1264,0,0
134.6523,5.0701,1258,0,0
134.6771,5.0983,1265,0,0
134.7019,5.0943,1264,0,0
134.7267,5.0943,1264,0,0
134.7515,5.0943,1264,0,0
134.7763,5.0983,1265,0,0
134.8011,5.1830,1286,0,0
134.8259,5.0943,1264,0,0
134.8507,5.0822,1261,0,0
134.8755,5.0943,1264,0,0
134.9003,5.1024,1266,0,0
134.9251,5.0903,1263,0,0
134.9500,5.0782,1260,0,0
134.9747,5.1104,1268,0,0
134.9996,5.0862,1262,0,0
135.0244,5.0782,1260,0,0
135.0492,5.0822,1261,0,0
135.0740,5.0822,1261,0,0
135.0988,5.0983,1265,0,0
135.1236,5.0862,1262,0,0
135.1484,5.0943,1264,0,0
135.1732,5.0983,1265,0,0
135.1980,5.0983,1265,0,0
135.2228,5.0822,1261,0,0
135.2476,5.0903,1263,0,0
135.2724,5.0983,1265,0,0
135.2972,5.0822,1261,0,0
135.3220,5.0822,1261,0,0
135.3468,5.0742,1259,0,0
135.3716,5.0822,1261,0,0
135.3964,5.0742,1259,0,0
135.4212,5.0943,1264,0,0
135.4460,5.0822,1261,0,0
135.4708,5.0782,1260,0,0
135.4956,5.0782,1260,0,0
135.5204,5.0903,1263,0,0
135.5452,5.0983,1265,0,0
135.5700,5.0822,1261,0,0
135.5948,5.0903,1263,0,0
135.6196,5.0782,1260,0,0
135.6444,5.0701,1258,0,0
135.6692,5.0218,1246,0,0
135.6940,5.0661,1257,0,0
135.7188,5.0943,1264,0,0
135.7436,5.0701,1258,0,0
135.7684,5.0943,1264,0,0
135.7932,5.0742,1259,0,0
135.8180,5.0983,1265,0,0
135.8428,5.0943,1264,0,0
135.8676,5.0742,1259,0,0
135.8924,5.0822,1261,0,0
135.9172,5.0782,1260,0,0
135.9420,5.0862,1262,0,0
135.9668,5.0983,1265,0,0
135.9917,5.0782,1260,0,0
136.0164,5.1024,1266,0,0
136.0413,5.0862,1262,0,0
136.0661,5.0862,1262,0,0
136.0909,5.0943,1264,0,0
136.1157,5.0661,1257,0,0
136.1405,5.1145,1269,0,0
136.1653,5.0782,1260,0,0
136.1901,5.0862,1262,0,0
136.2149,5.0782,1260,0,0
136.2397,5.0943,1264,0,0
136.2645,5.0943,1264,0,0
136.2893,5.0943,1264,0,0
136.3141,5.0580,1255,0,0
136.3389,5.0661,1257,0,0
136.3637,5.0822,1261,0,0
136.3885,5.0943,1264,0,0
136.4133,5.0782,1260,0,0
136.4381,5.0903,1263,0,0
136.4629,5.1024,1266,0,0
136.4877,5.0742,1259,0,0
136.5125,5.0782,1260,0,0
136.5373,5.0177,1245,0,0
136.5621,5.0862,1262,0,0
136.5869,5.0862,1262,0,0
136.6117,5.0943,1264,0,0
136.6365,5.0943,1264,0,0
136.6613,5.0742,1259,0,0
136.6861,5.0782,1260,0,0
136.7109,5.0943,1264,0,0
136.7357,5.0903,1263,0,0
136.7605,5.1104,1268,0,0
136.7853,5.0701,1258,0,0
136.8101,5.0943,1264,0,0
136.8349,5.0701,1258,0,0
136.8597,5.0862,1262,0,0
136.8845,5.0661,1257,0,0
136.9093,5.0943,1264,0,0
136.9341,5.0742,1259,0,0
136.9589,5.0782,1260,0,0
136.9837,5.0983,1265,0,0
137.0085,5.0661,1257,0,0
137.0334,5.0862,1262,0,0
137.0582,5.0822,1261,0,0
137.0830,5.0822,1261,0,0
137.1078,5.0782,1260,0,0
137.1326,5.0862,1262,0,0
137.1574,5.0862,1262,0,0
137.1822,5.0782,1260,0,0
137.2070,5.0782,1260,0,0
137.2318,5.0742,1259,0,0
137.2566,5.0983,1265,0,0
137.2814,5.0822,1261,0,0
137.3062,5.0943,1264,0,0
137.3310,5.0862,1262,0,0
137.3558,5.0742,1259,0,0
137.3806,5.0782,1260,0,0
137.4054,5.0742,1259,0,0
137.4302,5.0943,1264,0,0
137.4550,5.0943,1264,0,0
137.4798,5.0983,1265,0,0
137.5046,5.0742,1259,0,0
137.5294,5.0862,1262,0,0
137.5542,5.0379,1250,0,0
137.5790,5.0943,1264,0,0
137.6038,5.0943,1264,0,0
137.6286,5.0782,1260,0,0
137.6534,5.1024,1266,0,0
137.6782,5.0943,1264,0,0
137.7030,5.0943,1264,0,0
137.7278,5.0782,1260,0,0
137.7526,5.1225,1271,0,0
137.7774,5.0782,1260,0,0
137.8022,5.1064,1267,0,0
137.8270,5.0862,1262,0,0
137.8518,5.0782,1260,0,0
137.8766,5.0862,1262,0,0
137.9014,5.0338,1249,0,0
137.9262,5.0782,1260,0,0
137.9510,5.0661,1257,0,0
137.9758,5.0661,1257,0,0
138.0006,5.0903,1263,0,0
138.0255,5.0862,1262,0,0
138.0502,5.0782,1260,0,0
138.0751,5.1024,1266,0,0
138.0999,5.0782,1260,0,0
138.1246,5.0661,1257,0,0
138.1495,5.0862,1262,0,0
138.1743,5.0661,1257,0,0
138.1991,5.0862,1262,0,0
138.2239,5.0701,1258,0,0
138.2487,5.1024,1266,0,0
138.2735,5.0862,1262,0,0
138.2983,5.0742,1259,0,0
138.3231,5.0379,1250,0,0
138.3479,5.0983,1265,0,0
138.3727,5.0903,1263,0,0
138.3975,5.0338,1249,0,0
138.4223,5.0822,1261,0,0
138.4471,5.0742,1259,0,0
138.4719,5.0943,1264,0,0
138.4967,5.1064,1267,0,0
138.5215,5.0862,1262,0,0
138.5463,5.0943,1264,0,0
138.5711,5.1104,1268,0,0
138.5959,5.0782,1260,0,0
138.6207,5.0862,1262,0,0
138.6455,5.0822,1261,0,0
138.6703,5.0943,1264,0,0
138.6951,5.0822,1261,0,0
138.7199,5.0742,1259,0,0
138.7447,5.0862,1262,0,0
138.7695,5.1104,1268,0,0
138.7943,5.0742,1259,0,0
138.8191,5.0903,1263,0,0
138.8439,5.0500,1253,0,0
138.8687,5.0862,1262,0,0
138.8935,5.0822,1261,0,0
138.9183,5.0782,1260,0,0
138.9431,5.0742,1259,0,0
138.9679,5.0943,1264,0,0
138.9927,5.0943,1264,0,0
139.0175,5.0822,1261,0,0
139.0423,5.0903,1263,0,0
139.0672,5.0983,1265,0,0
139.0919,5.0943,1264,0,0
139.1168,5.0862,1262,0,0
139.1416,5.0822,1261,0,0
139.1664,5.0943,1264,0,0
139.1912,5.0943,1264,0,0
139.2160,5.0580,1255,0,0
139.2408,5.0983,1265,0,0
139.2656,5.0983,1265,0,0
139.2904,5.0862,1262,0,0
139.3152,5.0822,1261,0,0
139.3400,5.0742,1259,0,0
139.3648,5.0782,1260,0,0
139.3896,5.0580,1255,0,0
139.4144,5.0903,1263,0,0
139.4392,5.0661,1257,0,0
139.4640,5.0782,1260,0,0
139.4888,5.1024,1266,0,0
139.5136,5.0822,1261,0,0
139.5384,5.0943,1264,0,0
139.5632,5.0661,1257,0,0
139.5880,5.0943,1264,0,0
139.6128,5.0782,1260,0,0
139.6376,5.0943,1264,0,0
139.6624,5.0943,1264,0,0
139.6872,5.0943,1264,0,0
139.7120,5.0822,1261,0,0
139.7368,5.0983,1265,0,0
139.7616,5.0782,1260,0,0
139.7864,5.0742,1259,0,0
139.8112,5.1064,1267,0,0
139.8360,5.0822,1261,0,0
139.8608,5.0782,1260,0,0
139.8856,5.0661,1257,0,0
139.9104,5.0742,1259,0,0
139.9352,5.0742,1259,0,0
139.9600,5.0862,1262,0,0
139.9848,5.0862,1262,0,0
140.0096,5.0983,1265,0,0
140.0344,5.1145,1269,0,0
140.0592,5.0943,1264,0,0
140.0840,5.0903,1263,0,0
140.1089,5.0742,1259,0,0
140.1337,5.0943,1264,0,0
140.1584,5.0943,1264,0,0
140.1833,5.0862,1262,0,0
140.2081,5.0903,1263,0,0
140.2329,5.0862,1262,0,0
140.2577,5.0943,1264,0,0
140.2825,5.0782,1260,0,0
140.3073,5.0943,1264,0,0
140.3321,5.1225,1271,0,0
140.3569,5.0742,1259,0,0
140.3817,5.0862,1262,0,0
140.4065,5.0862,1262,0,0
140.4313,5.0822,1261,0,0
140.4561,5.0782,1260,0,0
140.4809,5.0903,1263,0,0
140.5057,5.0943,1264,0,0
140.5305,5.0782,1260,0,0
140.5553,5.0782,1260,0,0
140.5801,5.0500,1253,0,0
140.6049,5.0782,1260,0,0
140.6297,5.0943,1264,0,0
140.6545,5.1104,1268,0,0
140.6793,5.0782,1260,0,0
140.7041,5.1064,1267,0,0
140.7289,5.0782,1260,0,0
140.7537,5.0943,1264,0,0
140.7785,5.0540,1254,0,0
140.8033,5.0822,1261,0,0
140.8281,5.0983,1265,0,0
140.8529,5.0943,1264,0,0
140.8777,5.0943,1264,0,0
140.9025,5.1024,1266,0,0
140.9273,5.0943,1264,0,0
140.9521,5.1064,1267,0,0
140.9769,5.1024,1266,0,0
141.0017,5.0862,1262,0,0
141.0265,5.0742,1259,0,0
141.0513,5.0943,1264,0,0
141.0761,5.1145,1269,0,0
141.1010,5.1024,1266,0,0
141.1257,5.0943,1264,0,0
141.1506,5.0983,1265,0,0
141.1754,5.0943,1264,0,0
141.2001,5.0983,1265,0,0
141.2250,5.0943,1264,0,0
141.2498,5.0782,1260,0,0
141.2746,5.0862,1262,0,0
141.2994,5.0943,1264,0,0
141.3242,5.0822,1261,0,0
141.3490,5.0943,1264,0,0
141.3738,5.0862,1262,0,0
141.3986,5.0862,1262,0,0
141.4234,5.0862,1262,0,0
141.4482,5.0782,1260,0,0
141.4730,5.0862,1262,0,0
141.4978,5.0742,1259,0,0
141.5226,5.0661,1257,0,0
141.5474,5.1064,1267,0,0
141.5722,5.1064,1267,0,0
141.5970,5.0943,1264,0,0
141.6218,5.0661,1257,0,0
141.6466,5.1064,1267,0,0
141.6714,5.0782,1260,0,0
141.6962,5.0943,1264,0,0
141.7210,5.0862,1262,0,0
141.7458,5.0903,1263,0,0
141.7706,5.0822,1261,0,0
141.7954,5.0580,1255,0,0
141.8202,5.0983,1265,0,0
141.8450,5.0983,1265,0,0
141.8698,5.0782,1260,0,0
141.8946,5.0943,1264,0,0
141.9194,5.0862,1262,0,0
141.9442,5.0862,1262,0,0
141.9690,5.0298,1248,0,0
141.9938,5.0943,1264,0,0
142.0186,5.0782,1260,0,0
142.0434,5.0943,1264,0,0
142.0682,5.0983,1265,0,0
142.0930,5.0943,1264,0,0
142.1178,5.0742,1259,0,0
142.1427,5.0903,1263,0,0
142.1674,5.0943,1264,0,0
142.1922,5.0943,1264,0,0
142.2171,5.0983,1265,0,0
142.2419,5.0862,1262,0,0
142.2667,5.0661,1257,0,0
142.2915,5.0903,1263,0,0
142.3163,5.0862,1262,0,0
142.3411,5.0742,1259,0,0
142.3659,5.0822,1261,0,0
142.3907,5.0983,1265,0,0
142.4155,5.0782,1260,0,0
142.4403,5.0862,1262,0,0
142.4651,5.0903,1263,0,0
142.4899,5.0782,1260,0,0
142.5147,5.0701,1258,0,0
142.5395,5.0822,1261,0,0
142.5643,5.0943,1264,0,0
142.5891,5.0862,1262,0,0
142.6139,5.0943,1264,0,0
142.6387,5.0419,1251,0,0
142.6635,5.0862,1262,0,0
142.6883,5.0862,1262,0,0
142.7131,5.1265,1272,0,0
142.7379,5.0943,1264,0,0
142.7627,5.0661,1257,0,0
142.7875,5.1024,1266,0,0
142.8123,5.0782,1260,0,0
142.8371,5.0903,1263,0,0
142.8619,5.0822,1261,0,0
142.8867,5.0943,1264,0,0
142.9115,5.0661,1257,0,0
142.9363,5.0742,1259,0,0
142.9611,5.0782,1260,0,0
142.9859,5.0983,1265,0,0
143.0107,5.0701,1258,0,0
143.0355,5.0983,1265,0,0
143.0603,5.0782,1260,0,0
143.0851,5.0943,1264,0,0
143.1099,5.1265,1272,0,0
143.1348,5.0943,1264,0,0
143.1595,5.0983,1265,0,0
143.1844,5.0983,1265,0,0
143.2092,5.0862,1262,0,0
143.2339,5.0943,1264,0,0
143.2588,5.0943,1264,0,0
143.2836,5.0983,1265,0,0
143.3084,5.0943,1264,0,0
143.3332,5.0218,1246,0,0
143.3580,5.1104,1268,0,0
143.3828,5.0983,1265,0,0
143.4076,5.0782,1260,0,0
143.4324,5.0782,1260,0,0
143.4572,5.0862,1262,0,0
143.4820,5.0701,1258,0,0
143.5068,5.0943,1264,0,0
143.5316,5.0742,1259,0,0
143.5564,5.0943,1264,0,0
143.5812,5.1064,1267,0,0
143.6060,5.0862,1262,0,0
143.6308,5.0983,1265,0,0
143.6556,5.0742,1259,0,0
143.6804,5.0822,1261,0,0
143.7052,5.0822,1261,0,0
143.7300,5.0742,1259,0,0
143.7548,5.0862,1262,0,0
143.7796,5.1104,1268,0,0
143.8044,5.0782,1260,0,0
143.8292,5.0782,1260,0,0
143.8540,5.0862,1262,0,0
143.8788,5.0862,1262,0,0
143.9036,5.0943,1264,0,0
143.9284,5.0782,1260,0,0
143.9532,5.0943,1264,0,0
143.9780,5.0943,1264,0,0
144.0028,5.0943,1264,0,0
144.0276,5.0822,1261,0,0
144.0524,5.0822,1261,0,0
144.0772,5.0822,1261,0,0
144.1020,5.1104,1268,0,0
144.1268,5.0782,1260,0,0
144.1516,5.0943,1264,0,0
144.1765,5.0862,1262,0,0
144.2012,5.0661,1257,0,0
144.2260,5.0943,1264,0,0
144.2509,5.0943,1264,0,0
144.2757,5.0862,1262,0,0
144.3005,5.0983,1265,0,0
144.3253,5.0983,1265,0,0
144.3501,5.1306,1273,0,0
144.3749,5.0742,1259,0,0
144.3997,5.0862,1262,0,0
144.4245,5.0862,1262,0,0
144.4493,5.0943,1264,0,0
144.4741,5.0822,1261,0,0
144.4989,5.0943,1264,0,0
144.5237,5.0782,1260,0,0
144.5485,5.0822,1261,0,0
144.5733,5.1064,1267,0,0
144.5981,5.0782,1260,0,0
144.6229,5.0822,1261,0,0
144.6477,5.0701,1258,0,0
144.6725,5.1265,1272,0,0
144.6973,5.0943,1264,0,0
144.7221,5.0943,1264,0,0
144.7469,5.1064,1267,0,0
144.7717,5.0782,1260,0,0
144.7965,5.0742,1259,0,0
144.8213,5.0943,1264,0,0
144.8461,5.0782,1260,0,0
144.8709,5.0701,1258,0,0
144.8957,5.1064,1267,0,0
144.9205,5.0822,1261,0,0
144.9453,5.1306,1273,0,0
144.9701,5.0943,1264,0,0
144.9949,5.0782,1260,0,0
145.0197,5.0943,1264,0,0
145.0445,5.1145,1269,0,0
145.0693,5.1064,1267,0,0
145.0941,5.0983,1265,0,0
145.1189,5.1104,1268,0,0
145.1437,5.1024,1266,0,0
145.1685,5.0782,1260,0,0
145.1933,5.0661,1257,0,0
145.2182,5.0983,1265,0,0
145.2430,5.0943,1264,0,0
145.2677,5.0782,1260,0,0
145.2926,5.0903,1263,0,0
145.3174,5.0782,1260,0,0
145.3422,5.0943,1264,0,0
145.3670,5.0862,1262,0,0
145.3918,5.0862,1262,0,0
145.4166,5.0782,1260,0,0
145.4414,5.0661,1257,0,0
145.4662,5.0943,1264,0,0
145.4910,5.1064,1267,0,0
145.5158,5.0782,1260,0,0
145.5406,5.1024,1266,0,0
145.5654,5.0983,1265,0,0
145.5902,5.0742,1259,0,0
145.6150,5.0983,1265,0,0
145.6398,5.0782,1260,0,0
145.6646,5.0983,1265,0,0
145.6894,5.0822,1261,0,0
145.7142,5.2152,1294,0,0
145.7390,5.0943,1264,0,0
145.7638,5.0742,1259,0,0
145.7886,5.0500,1253,0,0
145.8134,5.0862,1262,0,0
145.8382,5.1104,1268,0,0
145.8630,5.0782,1260,0,0
145.8878,5.0943,1264,0,0
145.9126,5.0782,1260,0,0
145.9374,5.0943,1264,0,0
145.9622,5.0943,1264,0,0
145.9870,5.0661,1257,0,0
146.0118,5.0943,1264,0,0
146.0366,5.0862,1262,0,0
146.0614,5.0419,1251,0,0
146.0862,5.0862,1262,0,0
146.1110,5.0903,1263,0,0
146.1358,5.0782,1260,0,0
146.1606,5.0661,1257,0,0
146.1854,5.0943,1264,0,0
146.2103,5.0742,1259,0,0
146.2350,5.0943,1264,0,0
146.2598,5.0822,1261,0,0
146.2847,5.0782,1260,0,0
146.3094,5.0500,1253,0,0
146.3343,5.0742,1259,0,0
146.3591,5.0782,1260,0,0
146.3839,5.0782,1260,0,0
146.4087,5.0822,1261,0,0
146.4335,5.0862,1262,0,0
146.4583,5.0903,1263,0,0
146.4831,5.0943,1264,0,0
146.5079,5.0943,1264,0,0
146.5327,5.0903,1263,0,0
146.5575,5.0862,1262,0,0
146.5823,5.2515,1303,0,0
146.6071,5.1024,1266,0,0
146.6319,5.1225,1271,0,0
146.6567,5.0862,1262,0,0
146.6815,5.0822,1261,0,0
146.7063,5.0943,1264,0,0
146.7311,5.0500,1253,0,0
146.7559,5.0782,1260,0,0
146.7807,5.0943,1264,0,0
146.8055,5.0822,1261,0,0
146.8303,5.0903,1263,0,0
146.8551,5.0782,1260,0,0
146.8799,5.0943,1264,0,0
146.9047,5.0862,1262,0,0
146.9295,5.0862,1262,0,0
146.9543,5.0782,1260,0,0
146.9791,5.0822,1261,0,0
147.0039,5.0943,1264,0,0
147.0287,5.0822,1261,0,0
147.0535,5.1225,1271,0,0
147.0783,5.0782,1260,0,0
147.1031,5.0983,1265,0,0
147.1279,5.1064,1267,0,0
147.1527,5.0943,1264,0,0
147.1775,5.0943,1264,0,0
147.2023,5.0782,1260,0,0
147.2271,5.0862,1262,0,0
147.2520,5.0661,1257,0,0
147.2767,5.0742,1259,0,0
147.3015,5.0782,1260,0,0
147.3264,5.0862,1262,0,0
147.3512,5.0903,1263,0,0
147.3760,5.0862,1262,0,0
147.4008,5.0500,1253,0,0
147.4256,5.0862,1262,0,0
147.4504,5.1024,1266,0,0
147.4752,5.0742,1259,0,0
147.5000,5.0983,1265,0,0
147.5248,5.0782,1260,0,0
147.5496,5.0782,1260,0,0
147.5744,5.0782,1260,0,0
147.5992,5.0943,1264,0,0
147.6240,5.1145,1269,0,0
147.6488,5.0782,1260,0,0
147.6736,5.0782,1260,0,0
147.6984,5.0661,1257,0,0
147.7232,5.0862,1262,0,0
147.7480,5.0782,1260,0,0
147.7728,5.0862,1262,0,0
147.7976,5.0862,1262,0,0
147.8224,5.0983,1265,0,0
147.8472,5.0782,1260,0,0
147.8720,5.0742,1259,0,0
147.8968,5.0822,1261,0,0
147.9216,5.0782,1260,0,0
147.9464,5.0983,1265,0,0
147.9712,5.0701,1258,0,0
147.9960,5.0983,1265,0,0
148.0208,5.0500,1253,0,0
148.0456,5.1225,1271,0,0
148.0704,5.0983,1265,0,0
148.0952,5.0822,1261,0,0
148.1200,5.1064,1267,0,0
148.1448,5.0903,1263,0,0
148.1696,5.1064,1267,0,0
148.1944,5.1225,1271,0,0
148.2192,5.0742,1259,0,0
148.2440,5.0943,1264,0,0
148.2688,5.0943,1264,0,0
148.2936,5.0782,1260,0,0
148.3185,5.1104,1268,0,0
148.3432,5.0782,1260,0,0
148.3681,5.0983,1265,0,0
148.3929,5.0742,1259,0,0
148.4177,5.0782,1260,0,0
148.4425,5.0943,1264,0,0
148.4673,5.0862,1262,0,0
148.4921,5.0540,1254,0,0
148.5169,5.0822,1261,0,0
148.5417,5.0862,1262,0,0
148.5665,5.0822,1261,0,0
148.5913,5.0903,1263,0,0
148.6161,5.0943,1264,0,0
148.6409,5.0943,1264,0,0
148.6657,5.0943,1264,0,0
148.6905,5.0943,1264,0,0
148.7153,5.0701,1258,0,0
148.7401,5.0903,1263,0,0
148.7649,5.0862,1262,0,0
148.7897,5.0661,1257,0,0
148.8145,5.0862,1262,0,0
148.8393,5.0862,1262,0,0
148.8641,5.0742,1259,0,0
148.8889,5.0983,1265,0,0
148.9137,5.0862,1262,0,0
148.9385,5.0943,1264,0,0
148.9633,5.0943,1264,0,0
148.9881,5.1064,1267,0,0
149.0129,5.0742,1259,0,0
149.0377,5.0782,1260,0,0
149.0625,5.0782,1260,0,0
149.0873,5.0983,1265,0,0
149.1121,5.0983,1265,0,0
149.1369,5.0782,1260,0,0
149.1617,5.0903,1263,0,0
149.1865,5.0782,1260,0,0
149.2113,5.0943,1264,0,0
149.2361,5.0782,1260,0,0
149.2609,5.0862,1262,0,0
149.2857,5.0943,1264,0,0
149.3105,5.0742,1259,0,0
149.3353,5.0782,1260,0,0
149.3602,5.1064,1267,0,0
149.3849,5.0862,1262,0,0
149.4098,5.0500,1253,0,0
149.4346,5.0943,1264,0,0
149.4594,5.0782,1260,0,0
149.4842,5.1024,1266,0,0
149.5090,5.0862,1262,0,0
149.5338,5.1225,1271,0,0
149.5586,5.0822,1261,0,0
149.5834,5.0943,1264,0,0
149.6082,5.0862,1262,0,0
149.6330,5.0782,1260,0,0
149.6578,5.0862,1262,0,0
149.6826,5.1064,1267,0,0
149.7074,5.0862,1262,0,0
149.7322,5.0903,1263,0,0
149.7570,5.0903,1263,0,0
149.7818,5.0862,1262,0,0
149.8066,5.0782,1260,0,0
149.8314,5.0862,1262,0,0
149.8562,5.0782,1260,0,0
149.8810,5.0742,1259,0,0
149.9058,5.0782,1260,0,0
149.9306,5.0983,1265,0,0
149.9554,5.0943,1264,0,0
149.9802,5.1064,1267,0,0
150.0050,5.0903,1263,0,0
150.0298,5.0822,1261,0,0
150.0546,5.0903,1263,0,0
150.0794,5.0862,1262,0,0
150.1042,5.0903,1263,0,0
150.1290,5.0862,1262,0,0
150.1538,5.0983,1265,0,0
150.1786,5.0701,1258,0,0
150.2034,5.1064,1267,0,0
150.2282,5.0822,1261,0,0
150.2530,5.0661,1257,0,0
150.2778,5.0862,1262,0,0
150.3026,5.1064,1267,0,0
150.3274,5.0862,1262,0,0
150.3522,5.0782,1260,0,0
150.3770,5.0862,1262,0,0
150.4019,5.0943,1264,0,0
150.4267,5.0943,1264,0,0
150.4515,5.0903,1263,0,0
150.4763,5.1225,1271,0,0
150.5011,5.0862,1262,0,0
150.5259,5.0943,1264,0,0
150.5507,5.0983,1265,0,0
150.5755,5.0903,1263,0,0
150.6003,5.0943,1264,0,0
150.6251,5.1265,1272,0,0
150.6499,5.1024,1266,0,0
150.6747,5.0862,1262,0,0
150.6995,5.1346,1274,0,0
150.7243,5.0983,1265,0,0
150.7491,5.0822,1261,0,0
150.7739,5.0862,1262,0,0
150.7987,5.0661,1257,0,0
150.8235,5.0782,1260,0,0
150.8483,5.0862,1262,0,0
150.8731,5.0943,1264,0,0
150.8979,5.0742,1259,0,0
150.9227,5.1024,1266,0,0
150.9475,5.0903,1263,0,0
150.9723,5.0862,1262,0,0
150.9971,5.0742,1259,0,0
151.0219,5.0782,1260,0,0
151.0467,5.0943,1264,0,0
151.0715,5.0782,1260,0,0
151.0963,5.0943,1264,0,0
151.1211,5.0943,1264,0,0
151.1459,5.0782,1260,0,0
151.1707,5.0782,1260,0,0
151.1955,5.0943,1264,0,0
151.2203,5.0903,1263,0,0
151.2451,5.0822,1261,0,0
151.2699,5.0742,1259,0,0
151.2947,5.0943,1264,0,0
151.3195,5.0943,1264,0,0
151.3443,5.0983,1265,0,0
151.3691,5.0822,1261,0,0
151.3940,5.1024,1266,0,0
151.4187,5.1024,1266,0,0
151.4436,5.0822,1261,0,0
151.4684,5.0742,1259,0,0
151.4932,5.0742,1259,0,0
151.5180,5.0943,1264,0,0
151.5428,5.0782,1260,0,0
151.5676,5.0379,1250,0,0
151.5924,5.0943,1264,0,0
151.6172,5.0943,1264,0,0
151.6420,5.0862,1262,0,0
151.6668,5.0661,1257,0,0
151.6916,5.1064,1267,0,0
151.7164,5.0983,1265,0,0
151.7412,5.0661,1257,0,0
151.7660,5.0862,1262,0,0
151.7908,5.0822,1261,0,0
151.8156,5.0661,1257,0,0
151.8404,5.0782,1260,0,0
151.8652,5.0419,1251,0,0
151.8900,5.0742,1259,0,0
151.9148,5.0943,1264,0,0
151.9396,5.0943,1264,0,0
151.9644,5.1064,1267,0,0
151.9892,5.0782,1260,0,0
152.0140,5.0862,1262,0,0
152.0388,5.0661,1257,0,0
152.0636,5.0983,1265,0,0
152.0884,5.0862,1262,0,0
152.1132,5.0742,1259,0,0
152.1380,5.0782,1260,0,0
152.1628,5.0862,1262,0,0
152.1876,5.1104,1268,0,0
152.2124,5.0862,1262,0,0
152.2372,5.0862,1262,0,0
152.2620,5.0943,1264,0,0
152.2868,5.0943,1264,0,0
152.3116,5.0782,1260,0,0
152.3364,5.0983,1265,0,0
152.3612,5.0943,1264,0,0
152.3860,5.0862,1262,0,0
152.4108,5.0983,1265,0,0
152.4357,5.0862,1262,0,0
152.4604,5.0822,1261,0,0
152.4853,5.1024,1266,0,0
152.5101,5.0782,1260,0,0
152.5349,5.0822,1261,0,0
152.5597,5.0983,1265,0,0
152.5845,5.1064,1267,0,0
152.6093,5.0742,1259,0,0
152.6341,5.0822,1261,0,0
152.6589,5.0903,1263,0,0
152.6837,5.0862,1262,0,0
152.7085,5.0943,1264,0,0
152.7333,5.0862,1262,0,0
152.7581,5.0782,1260,0,0
152.7829,5.0742,1259,0,0
152.8077,5.0822,1261,0,0
152.8325,5.1104,1268,0,0
152.8573,5.1064,1267,0,0
152.8821,5.0983,1265,0,0
152.9069,5.0742,1259,0,0
152.9317,5.0983,1265,0,0
152.9565,5.0862,1262,0,0
152.9813,5.0943,1264,0,0
153.0061,5.0983,1265,0,0
153.0309,5.0943,1264,0,0
153.0557,5.0742,1259,0,0
153.0805,5.0983,1265,0,0
153.1053,5.0782,1260,0,0
153.1301,5.1024,1266,0,0
153.1549,5.0983,1265,0,0
153.1797,5.0782,1260,0,0
153.2045,5.0742,1259,0,0
153.2293,5.0500,1253,0,0
153.2541,5.0822,1261,0,0
153.2789,5.0822,1261,0,0
153.3037,5.1064,1267,0,0
153.3285,5.1064,1267,0,0
153.3533,5.1225,1271,0,0
153.3781,4.9734,1234,0,0
153.4029,5.0943,1264,0,0
153.4277,5.0862,1262,0,0
153.4525,5.0943,1264,0,0
153.4774,5.0943,1264,0,0
153.5022,5.0822,1261,0,0
153.5270,5.0742,1259,0,0
153.5518,5.0580,1255,0,0
153.5766,5.0782,1260,0,0
153.6014,5.1225,1271,0,0
153.6262,5.1024,1266,0,0
153.6510,5.0782,1260,0,0
153.6758,5.0782,1260,0,0
153.7006,5.1104,1268,0,0
153.7254,5.0782,1260,0,0
153.7502,5.0742,1259,0,0
153.7750,5.0661,1257,0,0
153.7998,5.0661,1257,0,0
153.8246,5.0943,1264,0,0
153.8494,5.0862,1262,0,0
153.8742,5.0661,1257,0,0
153.8990,5.0862,1262,0,0
153.9238,5.0983,1265,0,0
153.9486,5.0862,1262,0,0
153.9734,5.0983,1265,0,0
153.9982,5.1265,1272,0,0
154.0230,5.0943,1264,0,0
154.0478,5.0862,1262,0,0
154.0726,5.0862,1262,0,0
154.0974,5.0983,1265,0,0
154.1222,5.0862,1262,0,0
154.1470,5.0862,1262,0,0
154.1718,5.0742,1259,0,0
154.1966,5.0983,1265,0,0
154.2214,5.0782,1260,0,0
154.2462,5.0862,1262,0,0
154.2710,5.0862,1262,0,0
154.2958,5.0701,1258,0,0
154.3206,5.0782,1260,0,0
154.3454,5.0862,1262,0,0
154.3702,5.0903,1263,0,0
154.3950,5.0782,1260,0,0
154.4198,5.0822,1261,0,0
154.4446,5.0782,1260,0,0
154.4695,5.0782,1260,0,0
154.4942,5.1024,1266,0,0
154.5191,5.1024,1266,0,0
154.5439,5.0822,1261,0,0
154.5687,5.1104,1268,0,0
154.5935,5.1024,1266,0,0
154.6183,5.0862,1262,0,0
154.6431,5.0983,1265,0,0
154.6679,5.0742,1259,0,0
154.6927,5.0983,1265,0,0
154.7175,5.0782,1260,0,0
154.7423,5.0903,1263,0,0
154.7671,5.0822,1261,0,0
154.7919,5.0862,1262,0,0
154.8167,5.0782,1260,0,0
154.8415,5.0862,1262,0,0
154.8663,5.0862,1262,0,0
154.8911,5.0782,1260,0,0
154.9159,5.1024,1266,0,0
154.9407,5.0862,1262,0,0
154.9655,5.0822,1261,0,0
154.9903,5.0822,1261,0,0
155.0151,5.0943,1264,0,0
155.0399,5.0943,1264,0,0
155.0647,5.0742,1259,0,0
155.0895,5.0822,1261,0,0
155.1143,5.1064,1267,0,0
155.1391,5.0943,1264,0,0
155.1639,5.0943,1264,0,0
155.1887,5.1064,1267,0,0
155.2135,5.0903,1263,0,0
155.2383,5.0862,1262,0,0
155.2631,5.0983,1265,0,0
155.2879,5.0661,1257,0,0
155.3127,5.0782,1260,0,0
155.3375,5.0742,1259,0,0
155.3623,5.1064,1267,0,0
155.3871,5.0782,1260,0,0
155.4119,5.0661,1257,0,0
155.4367,5.0943,1264,0,0
155.4615,5.0943,1264,0,0
155.4863,5.0782,1260,0,0
155.5112,5.0822,1261,0,0
155.5359,5.0862,1262,0,0
155.5608,5.0983,1265,0,0
155.5856,5.1024,1266,0,0
155.6104,5.0701,1258,0,0
155.6352,5.0983,1265,0,0
155.6600,5.0742,1259,0,0
155.6848,5.0661,1257,0,0
155.7096,5.0500,1253,0,0
155.7344,5.0862,1262,0,0
155.7592,5.0661,1257,0,0
155.7840,5.0983,1265,0,0
155.8088,5.0742,1259,0,0
155.8336,5.0742,1259,0,0
155.8584,5.0822,1261,0,0
155.8832,5.0701,1258,0,0
155.9080,5.0782,1260,0,0
155.9328,5.0822,1261,0,0
155.9576,5.0701,1258,0,0
155.9824,5.0983,1265,0,0
156.0072,5.0822,1261,0,0
156.0320,5.0943,1264,0,0
156.0568,5.0943,1264,0,0
156.0816,5.0983,1265,0,0
156.1064,5.0782,1260,0,0
156.1312,5.0943,1264,0,0
156.1560,5.1024,1266,0,0
156.1808,5.0943,1264,0,0
156.2056,5.0943,1264,0,0
156.2304,5.0742,1259,0,0
156.2552,5.0782,1260,0,0
156.2800,5.0862,1262,0,0
156.3048,5.0983,1265,0,0
156.3296,5.1104,1268,0,0
156.3544,5.0943,1264,0,0
156.3792,5.0822,1261,0,0
156.4040,5.0943,1264,0,0
156.4288,5.0500,1253,0,0
156.4536,5.0862,1262,0,0
156.4784,5.0742,1259,0,0
156.5033,5.0822,1261,0,0
156.5280,5.1265,1272,0,0
156.5529,5.0943,1264,0,0
156.5777,5.0862,1262,0,0
156.6025,5.1064,1267,0,0
156.6273,5.0782,1260,0,0
156.6521,5.0822,1261,0,0
156.6769,5.0943,1264,0,0
156.7017,5.0782,1260,0,0
156.7265,5.0943,1264,0,0
156.7513,5.0983,1265,0,0
156.7761,5.0862,1262,0,0
156.8009,5.0903,1263,0,0
156.8257,5.1064,1267,0,0
156.8505,5.0943,1264,0,0
156.8753,5.0862,1262,0,0
156.9001,5.0862,1262,0,0
156.9249,5.0782,1260,0,0
156.9497,5.0862,1262,0,0
156.9745,5.0943,1264,0,0
156.9993,5.0338,1249,0,0
157.0241,5.0782,1260,0,0
157.0489,5.0862,1262,0,0
157.0737,5.0903,1263,0,0
157.0985,5.0822,1261,0,0
157.1233,5.0983,1265,0,0
157.1481,5.0580,1255,0,0
157.1729,5.0862,1262,0,0
157.1977,5.0903,1263,0,0
157.2225,5.0862,1262,0,0
157.2473,5.0661,1257,0,0
157.2721,5.0983,1265,0,0
157.2969,5.0943,1264,0,0
157.3217,5.0701,1258,0,0
157.3465,5.0862,1262,0,0
157.3713,5.0742,1259,0,0
157.3961,5.1064,1267,0,0
157.4209,5.0782,1260,0,0
157.4457,5.1064,1267,0,0
157.4705,5.0742,1259,0,0
157.4953,5.0661,1257,0,0
157.5201,5.0943,1264,0,0
157.5450,5.1024,1266,0,0
157.5697,5.0943,1264,0,0
157.5946,5.0782,1260,0,0
157.6194,5.0983,1265,0,0
157.6442,5.0862,1262,0,0
157.6690,5.0943,1264,0,0
157.6938,5.0782,1260,0,0
157.7186,5.0822,1261,0,0
157.7434,5.0943,1264,0,0
157.7682,5.0983,1265,0,0
157.7930,5.0983,1265,0,0
157.8178,5.0540,1254,0,0
157.8426,5.0943,1264,0,0
157.8674,5.0943,1264,0,0
157.8922,5.1064,1267,0,0
157.9170,5.0782,1260,0,0
157.9418,5.0943,1264,0,0
157.9666,5.0822,1261,0,0
157.9914,5.0943,1264,0,0
158.0162,5.0782,1260,0,0
158.0410,5.0943,1264,0,0
158.0658,5.0782,1260,0,0
158.0906,5.0862,1262,0,0
158.1154,5.0943,1264,0,0
158.1402,5.0903,1263,0,0
158.1650,5.0983,1265,0,0
158.1898,5.0782,1260,0,0
158.2146,5.1024,1266,0,0
158.2394,5.1064,1267,0,0
158.2642,5.0701,1258,0,0
158.2890,5.0862,1262,0,0
158.3138,5.0379,1250,0,0
158.3386,5.0862,1262,0,0
158.3634,5.0661,1257,0,0
158.3882,5.0983,1265,0,0
158.4130,5.0500,1253,0,0
158.4378,5.0862,1262,0,0
158.4626,5.0822,1261,0,0
158.4874,5.0862,1262,0,0
158.5122,5.1064,1267,0,0
158.5370,5.0943,1264,0,0
158.5618,5.1024,1266,0,0
158.5867,5.0742,1259,0,0
158.6115,5.0903,1263,0,0
158.6363,5.0742,1259,0,0
158.6611,5.0822,1261,0,0
158.6859,5.0701,1258,0,0
158.7107,5.1064,1267,0,0
158.7355,5.0742,1259,0,0
158.7603,5.0782,1260,0,0
158.7851,5.0943,1264,0,0
158.8099,5.0983,1265,0,0
158.8347,5.1225,1271,0,0
158.8595,5.0782,1260,0,0
158.8843,5.0943,1264,0,0
158.9091,5.1064,1267,0,0
158.9339,5.0862,1262,0,0
158.9587,5.0782,1260,0,0
158.9835,5.0943,1264,0,0
159.0083,5.0782,1260,0,0
159.0331,5.0903,1263,0,0
159.0579,5.1225,1271,0,0
159.0827,5.0742,1259,0,0
159.1075,5.0983,1265,0,0
159.1323,5.0661,1257,0,0
159.1571,5.0983,1265,0,0
159.1819,5.0862,1262,0,0
159.2067,5.0862,1262,0,0
159.2315,5.0983,1265,0,0
159.2563,5.0742,1259,0,0
159.2811,5.0943,1264,0,0
159.3059,5.0943,1264,0,0
159.3307,5.0782,1260,0,0
159.3555,5.0822,1261,0,0
159.3803,5.0983,1265,0,0
159.4051,5.0862,1262,0,0
159.4299,5.0782,1260,0,0
159.4547,5.0862,1262,0,0
159.4795,5.0701,1258,0,0
159.5043,5.1427,1276,0,0
159.5291,5.0943,1264,0,0
159.5539,5.0782,1260,0,0
159.5788,5.0943,1264,0,0
159.6035,5.0943,1264,0,0
159.6284,5.0943,1264,0,0
159.6532,5.0661,1257,0,0
159.6780,5.0862,1262,0,0
159.7028,5.0742,1259,0,0
159.7276,5.0983,1265,0,0
159.7524,5.0661,1257,0,0
159.7772,5.0862,1262,0,0
159.8020,5.0943,1264,0,0
159.8268,5.1064,1267,0,0
159.8516,5.1064,1267,0,0
159.8764,5.1064,1267,0,0
159.9012,5.1104,1268,0,0
159.9260,5.0862,1262,0,0
159.9508,5.0943,1264,0,0
159.9756,5.0943,1264,0,0
160.0004,5.0782,1260,0,0
160.0252,5.0983,1265,0,0
160.0500,5.0742,1259,0,0
160.0748,5.0742,1259,0,0
160.0996,5.0983,1265,0,0
160.1244,5.0742,1259,0,0
160.1492,5.0742,1259,0,0
160.1740,5.0943,1264,0,0
160.1988,5.1024,1266,0,0
160.2236,5.0742,1259,0,0
160.2484,5.0782,1260,0,0
160.2732,5.0943,1264,0,0
160.2980,5.0943,1264,0,0
160.3228,5.0903,1263,0,0
160.3476,5.0822,1261,0,0
160.3724,5.0943,1264,0,0
160.3972,5.1225,1271,0,0
160.4220,5.0782,1260,0,0
160.4468,5.0862,1262,0,0
160.4716,5.0943,1264,0,0
160.4964,5.0943,1264,0,0
160.5212,5.0903,1263,0,0
160.5460,5.0943,1264,0,0
160.5708,5.0782,1260,0,0
160.5956,5.0822,1261,0,0
160.6205,5.0943,1264,0,0
160.6452,5.0862,1262,0,0
160.6701,5.0943,1264,0,0
160.6949,5.0903,1263,0,0
160.7197,5.0701,1258,0,0
160.7445,5.0983,1265,0,0
160.7693,5.1064,1267,0,0
160.7941,5.0983,1265,0,0
160.8189,5.0862,1262,0,0
160.8437,5.0822,1261,0,0
160.8685,5.0782,1260,0,0
160.8933,5.0822,1261,0,0
160.9181,5.1225,1271,0,0
160.9429,5.0862,1262,0,0
160.9677,5.0983,1265,0,0
160.9925,5.0903,1263,0,0
161.0173,5.0862,1262,0,0
161.0421,5.1024,1266,0,0
161.0669,5.0822,1261,0,0
161.0917,5.0983,1265,0,0
161.1165,5.0862,1262,0,0
161.1413,5.0500,1253,0,0
161.1661,5.1104,1268,0,0
161.1909,5.0862,1262,0,0
161.2157,5.0822,1261,0,0
161.2405,5.0903,1263,0,0
161.2653,5.0943,1264,0,0
161.2901,5.0943,1264,0,0
161.3149,5.0379,1250,0,0
161.3397,5.0661,1257,0,0
161.3645,5.0943,1264,0,0
161.3893,5.0782,1260,0,0
161.4141,5.0862,1262,0,0
161.4389,5.1104,1268,0,0
161.4637,5.0943,1264,0,0
161.4885,5.0903,1263,0,0
161.5133,5.0943,1264,0,0
161.5381,5.0943,1264,0,0
161.5629,5.0903,1263,0,0
161.5877,5.1024,1266,0,0
161.6125,5.0943,1264,0,0
161.6373,5.0983,1265,0,0
161.6622,5.0862,1262,0,0
161.6870,5.0742,1259,0,0
161.7118,5.0782,1260,0,0
161.7366,5.0943,1264,0,0
161.7614,5.0782,1260,0,0
161.7862,5.0862,1262,0,0
161.8110,5.0943,1264,0,0
161.8358,5.0782,1260,0,0
161.8606,5.0782,1260,0,0
161.8854,5.0661,1257,0,0
161.9102,5.0661,1257,0,0
161.9350,5.0983,1265,0,0
161.9598,5.0701,1258,0,0
161.9846,5.0943,1264,0,0
162.0094,5.0862,1262,0,0
162.0342,5.0782,1260,0,0
162.0590,5.0782,1260,0,0
162.0838,5.0983,1265,0,0
162.1086,5.0822,1261,0,0
162.1334,5.1104,1268,0,0
162.1582,5.0943,1264,0,0
162.1830,5.0862,1262,0,0
162.2078,5.0943,1264,0,0
162.2326,5.0943,1264,0,0
162.2574,5.0983,1265,0,0
162.2822,5.0943,1264,0,0
162.3070,5.0742,1259,0,0
162.3318,5.0782,1260,0,0
162.3566,5.0742,1259,0,0
162.3814,5.1064,1267,0,0
162.4062,5.0943,1264,0,0
162.4310,5.0782,1260,0,0
162.4558,5.0661,1257,0,0
162.4806,5.0983,1265,0,0
162.5054,5.0943,1264,0,0
162.5302,5.0419,1251,0,0
162.5550,5.1064,1267,0,0
162.5798,5.0943,1264,0,0
162.6046,5.0983,1265,0,0
162.6294,5.0983,1265,0,0
162.6543,5.1064,1267,0,0
162.6790,5.0943,1264,0,0
162.7039,5.0540,1254,0,0
162.7287,5.0782,1260,0,0
162.7534,5.0943,1264,0,0
162.7783,5.0943,1264,0,0
162.8031,5.1064,1267,0,0
162.8279,5.1064,1267,0,0
162.8527,5.0943,1264,0,0
162.8775,5.0701,1258,0,0
162.9023,5.0943,1264,0,0
162.9271,5.1145,1269,0,0
162.9519,5.0903,1263,0,0
162.9767,5.0782,1260,0,0
163.0015,5.0862,1262,0,0
163.0263,5.0862,1262,0,0
163.0511,5.0862,1262,0,0
163.0759,5.0862,1262,0,0
163.1007,5.0943,1264,0,0
163.1255,5.0742,1259,0,0
163.1503,5.0822,1261,0,0
163.1751,5.1265,1272,0,0
163.1999,5.0822,1261,0,0
163.2247,5.0903,1263,0,0
163.2495,5.0862,1262,0,0
163.2743,5.0983,1265,0,0
163.2991,5.0943,1264,0,0
163.3239,5.0943,1264,0,0
163.3487,5.0540,1254,0,0
163.3735,5.0983,1265,0,0
163.3983,5.0742,1259,0,0
163.4231,5.0983,1265,0,0
163.4479,5.0822,1261,0,0
163.4727,5.0782,1260,0,0
163.4975,5.1064,1267,0,0
163.5223,5.0822,1261,0,0
163.5471,5.0782,1260,0,0
163.5719,5.0943,1264,0,0
163.5967,5.0943,1264,0,0
163.6215,5.0822,1261,0,0
163.6463,5.1265,1272,0,0
163.6711,5.0903,1263,0,0
163.6960,5.1024,1266,0,0
163.7207,5.1064,1267,0,0
163.7456,5.0983,1265,0,0
163.7704,5.0782,1260,0,0
163.7952,5.0943,1264,0,0
163.8200,5.0903,1263,0,0
163.8448,5.1064,1267,0,0
163.8696,5.0661,1257,0,0
163.8944,5.0862,1262,0,0
163.9192,5.0903,1263,0,0
163.9440,5.0782,1260,0,0
163.9688,5.0903,1263,0,0
163.9936,5.1064,1267,0,0
164.0184,5.0862,1262,0,0
164.0432,5.0862,1262,0,0
164.0680,5.0782,1260,0,0
164.0928,5.0782,1260,0,0
164.1176,5.0943,1264,0,0
164.1424,5.0943,1264,0,0
164.1672,5.0903,1263,0,0
164.1920,5.0983,1265,0,0
164.2168,5.0862,1262,0,0
164.2416,5.0862,1262,0,0
164.2664,5.0822,1261,0,0
164.2912,4.9734,1234,0,0
164.3160,5.0903,1263,0,0
164.3408,5.0742,1259,0,0
164.3656,5.0983,1265,0,0
164.3904,5.0943,1264,0,0
164.4152,5.1225,1271,0,0
164.4400,5.0983,1265,0,0
164.4648,5.0782,1260,0,0
164.4896,5.0903,1263,0,0
164.5144,5.0822,1261,0,0
164.5392,5.0782,1260,0,0
164.5640,5.0862,1262,0,0
164.5888,5.1225,1271,0,0
164.6136,5.0742,1259,0,0
164.6384,5.0983,1265,0,0
164.6632,5.0742,1259,0,0
164.6880,5.0903,1263,0,0
164.7128,5.0903,1263,0,0
164.7377,5.0903,1263,0,0
164.7625,5.0983,1265,0,0
164.7872,5.0822,1261,0,0
164.8121,5.1064,1267,0,0
164.8369,5.1104,1268,0,0
164.8617,5.0943,1264,0,0
164.8865,5.0862,1262,0,0
164.9113,5.1024,1266,0,0
164.9361,5.0822,1261,0,0
164.9609,5.0782,1260,0,0
164.9857,5.0943,1264,0,0
165.0105,5.0822,1261,0,0
165.0353,5.0983,1265,0,0
165.0601,5.0822,1261,0,0
165.0849,5.0782,1260,0,0
165.1097,5.0822,1261,0,0
165.1345,5.0862,1262,0,0
165.1593,5.0943,1264,0,0
165.1841,5.0742,1259,0,0
165.2089,5.0862,1262,0,0
165.2337,5.0943,1264,0,0
165.2585,5.0903,1263,0,0
165.2833,5.0742,1259,0,0
165.3081,5.1225,1271,0,0
165.3329,5.0903,1263,0,0
165.3577,5.0943,1264,0,0
165.3825,5.0782,1260,0,0
165.4073,5.0862,1262,0,0
165.4321,5.0862,1262,0,0
165.4569,5.0943,1264,0,0
165.4817,5.0862,1262,0,0
165.5065,5.0782,1260,0,0
165.5313,5.1104,1268,0,0
165.5561,5.0661,1257,0,0
165.5809,5.0862,1262,0,0
165.6057,5.0822,1261,0,0
165.6305,5.0782,1260,0,0
165.6553,5.0862,1262,0,0
165.6801,5.0661,1257,0,0
165.7049,5.0822,1261,0,0
165.7298,5.0983,1265,0,0
165.7545,5.0862,1262,0,0
165.7794,5.0903,1263,0,0
165.8042,5.1306,1273,0,0
165.8289,5.1265,1272,0,0
165.8538,5.0862,1262,0,0
165.8786,5.0943,1264,0,0
165.9034,5.0782,1260,0,0
165.9282,5.0782,1260,0,0
165.9530,5.0983,1265,0,0
165.9778,5.0862,1262,0,0
166.0026,5.0862,1262,0,0
166.0274,5.0903,1263,0,0
166.0522,5.0943,1264,0,0
166.0770,5.0742,1259,0,0
166.1018,5.0862,1262,0,0
166.1266,5.0943,1264,0,0
166.1514,5.0661,1257,0,0
166.1762,5.0862,1262,0,0
166.2010,5.0862,1262,0,0
166.2258,5.0822,1261,0,0
166.2506,5.0822,1261,0,0
166.2754,5.1064,1267,0,0
166.3002,5.0862,1262,0,0
166.3250,5.0862,1262,0,0
166.3498,5.0943,1264,0,0
166.3746,5.0862,1262,0,0
166.3994,5.0822,1261,0,0
166.4242,5.0822,1261,0,0
166.4490,5.0742,1259,0,0
166.4738,5.1064,1267,0,0
166.4986,5.0943,1264,0,0
166.5234,5.0983,1265,0,0
166.5482,5.0903,1263,0,0
166.5730,5.0903,1263,0,0
166.5978,5.1024,1266,0,0
166.6226,5.0943,1264,0,0
166.6474,5.0701,1258,0,0
166.6722,5.0419,1251,0,0
166.6970,5.0862,1262,0,0
166.7218,5.0782,1260,0,0
166.7466,5.0943,1264,0,0
166.7715,5.0862,1262,0,0
166.7962,5.0943,1264,0,0
166.8210,5.0782,1260,0,0
166.8459,5.0862,1262,0,0
166.8707,5.0822,1261,0,0
166.8955,5.0903,1263,0,0
166.9203,5.0943,1264,0,0
166.9451,5.0943,1264,0,0
166.9699,5.0782,1260,0,0
166.9947,5.0983,1265,0,0
167.0195,5.0661,1257,0,0
167.0443,5.0983,1265,0,0
167.0691,5.0862,1262,0,0
167.0939,5.1104,1268,0,0
167.1187,5.1104,1268,0,0
167.1435,5.0983,1265,0,0
167.1683,5.0862,1262,0,0
167.1931,5.0580,1255,0,0
167.2179,5.1145,1269,0,0
167.2427,5.0782,1260,0,0
167.2675,5.0822,1261,0,0
167.2923,5.0983,1265,0,0
167.3171,5.0862,1262,0,0
167.3419,5.0943,1264,0,0
167.3667,5.0661,1257,0,0
167.3915,5.0943,1264,0,0
167.4163,5.0742,1259,0,0
167.4411,5.1265,1272,0,0
167.4659,5.0701,1258,0,0
167.4907,5.0782,1260,0,0
167.5155,5.0742,1259,0,0
167.5403,5.0903,1263,0,0
167.5651,5.0983,1265,0,0
167.5899,5.0742,1259,0,0
167.6147,5.0782,1260,0,0
167.6395,5.0903,1263,0,0
167.6643,5.1024,1266,0,0
167.6891,5.1064,1267,0,0
167.7139,5.0782,1260,0,0
167.7387,5.0862,1262,0,0
167.7635,5.0862,1262,0,0
167.7883,5.1265,1272,0,0
167.8132,5.0862,1262,0,0
167.8380,5.0661,1257,0,0
167.8627,5.0742,1259,0,0
167.8876,5.1064,1267,0,0
167.9124,5.1104,1268,0,0
167.9372,5.0782,1260,0,0
167.9620,5.0983,1265,0,0
167.9868,5.0862,1262,0,0
168.0116,5.0862,1262,0,0
168.0364,5.0943,1264,0,0
168.0612,5.0782,1260,0,0
168.0860,5.0782,1260,0,0
168.1108,5.0862,1262,0,0
168.1356,5.0943,1264,0,0
168.1604,5.0782,1260,0,0
168.1852,5.0742,1259,0,0
168.2100,5.1064,1267,0,0
168.2348,5.0983,1265,0,0
168.2596,5.0822,1261,0,0
168.2844,5.0862,1262,0,0
168.3092,5.0419,1251,0,0
168.3340,5.1064,1267,0,0
168.3588,5.0862,1262,0,0
168.3836,5.0782,1260,0,0
168.4084,5.0742,1259,0,0
168.4332,5.0742,1259,0,0
168.4580,5.0943,1264,0,0
168.4828,5.0943,1264,0,0
168.5076,5.0742,1259,0,0
168.5324,5.0943,1264,0,0
168.5572,5.1024,1266,0,0
168.5820,5.0782,1260,0,0
168.6068,5.0862,1262,0,0
168.6316,5.0822,1261,0,0
168.6564,5.1346,1274,0,0
168.6812,5.1064,1267,0,0
168.7060,5.0862,1262,0,0
168.7308,5.0822,1261,0,0
168.7556,5.0661,1257,0,0
168.7804,5.0943,1264,0,0
168.8053,5.1064,1267,0,0
168.8300,5.0943,1264,0,0
168.8548,5.0983,1265,0,0
168.8797,5.0822,1261,0,0
168.9044,5.0903,1263,0,0
168.9293,5.0822,1261,0,0
168.9541,5.0983,1265,0,0
168.9789,5.0983,1265,0,0
169.0037,5.0862,1262,0,0
169.0285,5.0782,1260,0,0
169.0533,5.0862,1262,0,0
169.0781,5.0983,1265,0,0
169.1029,5.0862,1262,0,0
169.1277,5.0782,1260,0,0
169.1525,5.0943,1264,0,0
169.1773,5.0822,1261,0,0
169.2021,5.0822,1261,0,0
169.2269,5.1306,1273,0,0
169.2517,5.0782,1260,0,0
169.2765,5.0983,1265,0,0
169.3013,5.0742,1259,0,0
169.3261,5.0983,1265,0,0
169.3509,5.0782,1260,0,0
169.3757,5.1265,1272,0,0
169.4005,5.0862,1262,0,0
169.4253,5.0782,1260,0,0
169.4501,5.1064,1267,0,0
169.4749,5.0862,1262,0,0
169.4997,5.1064,1267,0,0
169.5245,5.0943,1264,0,0
169.5493,5.0782,1260,0,0
169.5741,5.0983,1265,0,0
169.5989,5.0862,1262,0,0
169.6237,5.0661,1257,0,0
169.6485,5.0782,1260,0,0
169.6733,5.1104,1268,0,0
169.6981,5.1024,1266,0,0
169.7229,5.0943,1264,0,0
169.7477,5.1064,1267,0,0
169.7725,5.1265,1272,0,0
169.7973,5.0782,1260,0,0
169.8221,5.1225,1271,0,0
169.8470,5.0943,1264,0,0
169.8717,5.0943,1264,0,0
169.8965,5.0983,1265,0,0
169.9214,5.0943,1264,0,0
169.9462,5.0862,1262,0,0
169.9710,5.0903,1263,0,0
169.9958,5.1064,1267,0,0
170.0206,5.0580,1255,0,0
170.0454,5.0943,1264,0,0
170.0702,5.0983,1265,0,0
170.0950,5.0983,1265,0,0
170.1198,5.0782,1260,0,0
170.1446,5.1024,1266,0,0
170.1694,5.0862,1262,0,0
170.1942,5.0943,1264,0,0
170.2190,5.1145,1269,0,0
170.2438,5.1064,1267,0,0
170.2686,5.1145,1269,0,0
170.2934,5.0701,1258,0,0
170.3182,5.0661,1257,0,0
170.3430,5.1024,1266,0,0
170.3678,5.0742,1259,0,0
170.3926,5.0983,1265,0,0
170.4174,5.0943,1264,0,0
170.4422,5.0822,1261,0,0
170.4670,5.0782,1260,0,0
170.4918,5.0782,1260,0,0
170.5166,5.0943,1264,0,0
170.5414,5.0903,1263,0,0
170.5662,5.0943,1264,0,0
170.5910,5.0943,1264,0,0
170.6158,5.0983,1265,0,0
170.6406,5.0379,1250,0,0
170.6654,5.0782,1260,0,0
170.6902,5.0862,1262,0,0
170.7150,5.0782,1260,0,0
170.7398,5.0983,1265,0,0
170.7646,5.0943,1264,0,0
170.7894,5.0862,1262,0,0
170.8142,5.0742,1259,0,0
170.8391,5.0822,1261,0,0
170.8638,5.0943,1264,0,0
170.8886,5.0943,1264,0,0
170.9135,5.0943,1264,0,0
170.9382,5.1145,1269,0,0
170.9631,5.0943,1264,0,0
170.9879,5.0943,1264,0,0
171.0127,5.0862,1262,0,0
171.0375,5.0943,1264,0,0
171.0623,5.0782,1260,0,0
171.0871,5.0983,1265,0,0
171.1119,5.1024,1266,0,0
171.1367,5.0782,1260,0,0
171.1615,5.0822,1261,0,0
171.1863,5.1225,1271,0,0
171.2111,5.0983,1265,0,0
171.2359,5.0862,1262,0,0
171.2607,5.0701,1258,0,0
171.2855,5.0782,1260,0,0
171.3103,5.0903,1263,0,0
171.3351,5.0661,1257,0,0
171.3599,5.0943,1264,0,0
171.3847,5.1024,1266,0,0
171.4095,5.0983,1265,0,0
171.4343,5.0943,1264,0,0
171.4591,5.1064,1267,0,0
171.4839,5.0782,1260,0,0
171.5087,5.0862,1262,0,0
171.5335,5.1024,1266,0,0
171.5583,5.0943,1264,0,0
171.5831,5.0862,1262,0,0
171.6079,5.0782,1260,0,0
171.6327,5.0943,1264,0,0
171.6575,5.0782,1260,0,0
171.6823,5.0742,1259,0,0
171.7071,5.0983,1265,0,0
171.7319,5.1024,1266,0,0
171.7567,5.0782,1260,0,0
171.7815,5.0862,1262,0,0
171.8063,5.0701,1258,0,0
171.8311,5.0983,1265,0,0
171.8559,5.0943,1264,0,0
171.8808,5.1024,1266,0,0
171.9055,5.0822,1261,0,0
171.9303,5.0862,1262,0,0
171.9552,5.0903,1263,0,0
171.9799,5.0379,1250,0,0
172.0048,5.1024,1266,0,0
172.0296,5.0903,1263,0,0
172.0544,5.0943,1264,0,0
172.0792,5.0782,1260,0,0
172.1040,5.1064,1267,0,0
172.1288,5.0862,1262,0,0
172.1536,5.0782,1260,0,0
172.1784,5.0983,1265,0,0
172.2032,5.1064,1267,0,0
172.2280,5.0782,1260,0,0
172.2528,5.0419,1251,0,0
172.2776,5.0862,1262,0,0
172.3024,5.0540,1254,0,0
172.3272,5.0983,1265,0,0
172.3520,5.1145,1269,0,0
172.3768,5.0742,1259,0,0
172.4016,5.0782,1260,0,0
172.4264,5.0862,1262,0,0
172.4512,5.0862,1262,0,0
172.4760,5.0943,1264,0,0
172.5008,5.0943,1264,0,0
172.5256,5.0862,1262,0,0
172.5504,5.0822,1261,0,0
172.5752,5.0983,1265,0,0
172.6000,5.1064,1267,0,0
172.6248,5.0822,1261,0,0
172.6496,5.0862,1262,0,0
172.6744,5.0983,1265,0,0
172.6992,5.0862,1262,0,0
172.7240,5.1145,1269,0,0
172.7488,5.0580,1255,0,0
172.7736,5.0903,1263,0,0
172.7984,5.1104,1268,0,0
172.8232,5.0862,1262,0,0
172.8480,5.0742,1259,0,0
172.8728,5.0500,1253,0,0
172.8976,5.0782,1260,0,0
172.9224,5.0862,1262,0,0
172.9473,5.1145,1269,0,0
172.9720,5.0943,1264,0,0
172.9969,5.0943,1264,0,0
173.0217,5.0540,1254,0,0
173.0465,5.0983,1265,0,0
173.0713,5.0782,1260,0,0
173.0961,5.1064,1267,0,0
173.1209,5.1064,1267,0,0
173.1457,5.0862,1262,0,0
173.1705,5.0862,1262,0,0
173.1953,5.1104,1268,0,0
173.2201,5.0862,1262,0,0
173.2449,5.0903,1263,0,0
173.2697,5.0983,1265,0,0
173.2945,5.0822,1261,0,0
173.3193,5.0742,1259,0,0
173.3441,5.0782,1260,0,0
173.3689,5.0782,1260,0,0
173.3937,5.0943,1264,0,0
173.4185,5.0943,1264,0,0
173.4433,5.1024,1266,0,0
173.4681,5.0419,1251,0,0
173.4929,5.1064,1267,0,0
173.5177,5.0983,1265,0,0
173.5425,5.0943,1264,0,0
173.5673,5.1024,1266,0,0
173.5921,5.0983,1265,0,0
173.6169,5.0983,1265,0,0
173.6417,5.0862,1262,0,0
173.6665,5.0983,1265,0,0
173.6913,5.0862,1262,0,0
173.7161,5.0742,1259,0,0
173.7409,5.0782,1260,0,0
173.7657,5.0822,1261,0,0
173.7905,5.1064,1267,0,0
173.8153,5.0661,1257,0,0
173.8401,5.0500,1253,0,0
173.8649,5.0782,1260,0,0
173.8897,5.0903,1263,0,0
173.9145,5.0782,1260,0,0
173.9393,5.1024,1266,0,0
173.9641,5.0862,1262,0,0
173.9890,5.0822,1261,0,0
174.0137,5.1064,1267,0,0
174.0386,5.0983,1265,0,0
174.0634,5.0500,1253,0,0
174.0882,5.0862,1262,0,0
174.1130,5.0983,1265,0,0
174.1378,5.0983,1265,0,0
174.1626,5.0983,1265,0,0
174.1874,5.0862,1262,0,0
174.2122,5.0943,1264,0,0
174.2370,5.0862,1262,0,0
174.2618,5.0661,1257,0,0
174.2866,5.1064,1267,0,0
174.3114,5.0903,1263,0,0
174.3362,5.0983,1265,0,0
174.3610,5.0943,1264,0,0
174.3858,5.1024,1266,0,0
174.4106,5.1265,1272,0,0
174.4354,5.0983,1265,0,0
174.4602,5.0782,1260,0,0
174.4850,5.0742,1259,0,0
174.5098,5.0862,1262,0,0
174.5346,5.0943,1264,0,0
174.5594,5.0943,1264,0,0
174.5842,5.0500,1253,0,0
174.6090,5.0822,1261,0,0
174.6338,5.1024,1266,0,0
174.6586,5.0782,1260,0,0
174.6834,5.0943,1264,0,0
174.7082,5.0943,1264,0,0
174.7330,5.0742,1259,0,0
174.7578,5.0903,1263,0,0
174.7826,5.0943,1264,0,0
174.8074,5.0742,1259,0,0
174.8322,5.0822,1261,0,0
174.8570,5.1064,1267,0,0
174.8818,5.0903,1263,0,0
174.9066,5.0782,1260,0,0
174.9314,5.0862,1262,0,0
174.9562,5.1064,1267,0,0
174.9810,5.1064,1267,0,0
175.0058,5.0742,1259,0,0
175.0307,5.0943,1264,0,0
175.0555,5.1024,1266,0,0
175.0803,5.0782,1260,0,0
175.1051,5.0862,1262,0,0
175.1299,5.0822,1261,0,0
175.1547,5.0862,1262,0,0
175.1795,5.0742,1259,0,0
175.2043,5.0862,1262,0,0
175.2291,5.0782,1260,0,0
175.2539,5.0782,1260,0,0
175.2787,5.0822,1261,0,0
175.3035,5.0943,1264,0,0
175.3283,5.0903,1263,0,0
175.3531,5.0782,1260,0,0
175.3779,5.0782,1260,0,0
175.4027,5.0943,1264,0,0
175.4275,5.0822,1261,0,0
175.4523,5.0822,1261,0,0
175.4771,5.0782,1260,0,0
175.5019,5.1265,1272,0,0
175.5267,5.0862,1262,0,0
175.5515,5.0862,1262,0,0
175.5763,5.0983,1265,0,0
175.6011,5.0943,1264,0,0
175.6259,5.0903,1263,0,0
175.6507,5.0983,1265,0,0
175.6755,5.0822,1261,0,0
175.7003,5.0903,1263,0,0
175.7251,5.0742,1259,0,0
175.7499,5.0943,1264,0,0
175.7747,5.0943,1264,0,0
175.7995,5.0742,1259,0,0
175.8243,5.0983,1265,0,0
175.8491,4.9935,1239,0,0
175.8739,5.0862,1262,0,0
175.8987,5.0782,1260,0,0
175.9235,5.0742,1259,0,0
175.9483,5.0782,1260,0,0
175.9731,5.0943,1264,0,0
175.9979,5.0943,1264,0,0
176.0228,5.0782,1260,0,0
176.0475,5.0862,1262,0,0
176.0724,5.0742,1259,0,0
176.0972,5.0822,1261,0,0
176.1220,5.0903,1263,0,0
176.1468,5.0862,1262,0,0
176.1716,5.0943,1264,0,0
176.1964,5.0782,1260,0,0
176.2212,5.0983,1265,0,0
176.2460,5.0701,1258,0,0
176.2708,5.0701,1258,0,0
176.2956,5.0782,1260,0,0
176.3204,5.0862,1262,0,0
176.3452,5.0943,1264,0,0
176.3700,5.0943,1264,0,0
176.3948,5.0742,1259,0,0
176.4196,5.0782,1260,0,0
176.4444,5.1225,1271,0,0
176.4692,5.0943,1264,0,0
176.4940,5.0862,1262,0,0
176.5188,5.0903,1263,0,0
176.5436,5.0661,1257,0,0
176.5684,5.0862,1262,0,0
176.5932,5.1306,1273,0,0
176.6180,5.0983,1265,0,0
176.6428,5.0943,1264,0,0
176.6676,5.0742,1259,0,0
176.6924,5.0782,1260,0,0
176.7172,5.0742,1259,0,0
176.7420,5.0943,1264,0,0
176.7668,5.0782,1260,0,0
176.7916,5.0661,1257,0,0
176.8164,5.0701,1258,0,0
176.8412,5.0943,1264,0,0
176.8660,5.0943,1264,0,0
176.8908,5.0822,1261,0,0
176.9156,5.1064,1267,0,0
176.9404,5.0943,1264,0,0
176.9652,5.0943,1264,0,0
176.9900,5.1104,1268,0,0
177.0148,5.0862,1262,0,0
177.0396,5.0983,1265,0,0
177.0645,5.0862,1262,0,0
177.0892,5.0943,1264,0,0
177.1141,5.0822,1261,0,0
177.1389,5.0862,1262,0,0
177.1637,5.0943,1264,0,0
177.1885,5.0782,1260,0,0
177.2133,5.1064,1267,0,0
177.2381,5.0983,1265,0,0
177.2629,5.1104,1268,0,0
177.2877,5.0701,1258,0,0
177.3125,5.0862,1262,0,0
177.3373,5.0862,1262,0,0
177.3621,5.0782,1260,0,0
177.3869,5.0742,1259,0,0
177.4117,5.0822,1261,0,0
177.4365,5.0943,1264,0,0
177.4613,5.0782,1260,0,0
177.4861,5.0782,1260,0,0
177.5109,5.0943,1264,0,0
177.5357,5.0943,1264,0,0
177.5605,5.0862,1262,0,0
177.5853,5.1024,1266,0,0
177.6101,5.0862,1262,0,0
177.6349,5.0862,1262,0,0
177.6597,5.0943,1264,0,0
177.6845,5.0983,1265,0,0
177.7093,5.0782,1260,0,0
177.7341,5.0782,1260,0,0
177.7589,5.0983,1265,0,0
177.7837,5.0862,1262,0,0
177.8085,5.0943,1264,0,0
177.8333,5.0782,1260,0,0
177.8581,5.0862,1262,0,0
177.8829,5.0742,1259,0,0
177.9077,5.0500,1253,0,0
177.9325,5.1064,1267,0,0
177.9573,5.1024,1266,0,0
177.9821,5.0661,1257,0,0
178.0069,5.0943,1264,0,0
178.0317,5.1024,1266,0,0
178.0565,5.0943,1264,0,0
178.0813,5.0983,1265,0,0
178.1062,5.0822,1261,0,0
178.1310,5.1104,1268,0,0
178.1558,5.0862,1262,0,0
178.1806,5.1064,1267,0,0
178.2054,5.0943,1264,0,0
178.2302,5.1064,1267,0,0
178.2550,5.0661,1257,0,0
178.2798,5.0903,1263,0,0
178.3046,5.0903,1263,0,0
178.3294,5.0782,1260,0,0
178.3542,5.0701,1258,0,0
178.3790,5.0379,1250,0,0
178.4038,5.0903,1263,0,0
178.4286,5.0943,1264,0,0
178.4534,5.0943,1264,0,0
178.4782,5.0782,1260,0,0
178.5030,5.0943,1264,0,0
178.5278,5.0983,1265,0,0
178.5526,5.0862,1262,0,0
178.5774,5.0782,1260,0,0
178.6022,5.0742,1259,0,0
178.6270,5.0822,1261,0,0
178.6518,5.0701,1258,0,0
178.6766,5.0782,1260,0,0
178.7014,5.0943,1264,0,0
178.7262,5.1064,1267,0,0
178.7510,5.0742,1259,0,0
178.7758,5.0782,1260,0,0
178.8006,5.0782,1260,0,0
178.8254,5.0822,1261,0,0
178.8502,5.0782,1260,0,0
178.8750,5.0983,1265,0,0
178.8998,5.0983,1265,0,0
178.9246,5.0782,1260,0,0
178.9494,5.1024,1266,0,0
178.9742,5.1265,1272,0,0
178.9990,5.0943,1264,0,0
179.0238,5.0983,1265,0,0
179.0486,5.0782,1260,0,0
179.0734,5.0500,1253,0,0
179.0983,5.0943,1264,0,0
179.1230,5.0903,1263,0,0
179.1479,5.0338,1249,0,0
179.1727,5.0782,1260,0,0
179.1975,5.0782,1260,0,0
179.2223,5.0943,1264,0,0
179.2471,5.1225,1271,0,0
179.2719,5.0862,1262,0,0
179.2967,5.0983,1265,0,0
179.3215,5.0903,1263,0,0
179.3463,5.0983,1265,0,0
179.3711,5.0782,1260,0,0
179.3959,5.0943,1264,0,0
179.4207,5.0782,1260,0,0
179.4455,5.0742,1259,0,0
179.4703,5.0943,1264,0,0
179.4951,5.1507,1278,0,0
179.5199,5.0742,1259,0,0
179.5447,5.0782,1260,0,0
179.5695,5.0983,1265,0,0
179.5943,5.0782,1260,0,0
179.6191,5.0782,1260,0,0
179.6439,5.0983,1265,0,0
179.6687,5.0943,1264,0,0
179.6935,5.0983,1265,0,0
179.7183,5.0782,1260,0,0
179.7431,5.0983,1265,0,0
179.7679,5.0701,1258,0,0
179.7927,5.0701,1258,0,0
179.8175,5.1064,1267,0,0
179.8423,5.0943,1264,0,0
179.8671,5.0782,1260,0,0
179.8919,5.0419,1251,0,0
179.9167,5.0782,1260,0,0
179.9415,5.0983,1265,0,0
179.9663,5.0943,1264,0,0
179.9911,5.0983,1265,0,0
180.0159,5.0943,1264,0,0
180.0407,5.0862,1262,0,0
180.0655,5.0742,1259,0,0
180.0903,5.0862,1262,0,0
180.1151,5.0943,1264,0,0
180.1400,5.0862,1262,0,0
180.1647,5.0822,1261,0,0
180.1896,5.0943,1264,0,0
180.2144,5.0782,1260,0,0
180.2392,5.0177,1245,0,0
180.2640,5.0379,1250,0,0
180.2888,5.0903,1263,0,0
180.3136,5.0742,1259,0,0
180.3384,5.1024,1266,0,0
180.3632,5.0943,1264,0,0
180.3880,5.0943,1264,0,0
180.4128,5.0903,1263,0,0
180.4376,5.0943,1264,0,0
180.4624,5.0983,1265,0,0
180.4872,5.1024,1266,0,0
180.5120,5.0862,1262,0,0
180.5368,5.0943,1264,0,0
180.5616,5.0943,1264,0,0
180.5864,5.0862,1262,0,0
180.6112,5.0983,1265,0,0
180.6360,5.0782,1260,0,0
180.6608,5.1024,1266,0,0
180.6856,5.0862,1262,0,0
180.7104,5.0782,1260,0,0
180.7352,5.0661,1257,0,0
180.7600,5.0862,1262,0,0
180.7848,5.0862,1262,0,0
180.8096,5.0782,1260,0,0
180.8344,5.0822,1261,0,0
180.8592,5.0782,1260,0,0
180.8840,5.1024,1266,0,0
180.9088,5.0742,1259,0,0
180.9336,5.0943,1264,0,0
180.9584,5.0742,1259,0,0
180.9832,5.0822,1261,0,0
181.0080,5.0943,1264,0,0
181.0328,5.0943,1264,0,0
181.0576,5.0983,1265,0,0
181.0824,5.0742,1259,0,0
181.1072,5.0862,1262,0,0
181.1320,5.0943,1264,0,0
181.1568,5.0419,1251,0,0
181.1817,5.0903,1263,0,0
181.2065,5.1064,1267,0,0
181.2313,5.0782,1260,0,0
181.2561,5.0661,1257,0,0
181.2809,5.0943,1264,0,0
181.3057,5.0862,1262,0,0
181.3305,5.1104,1268,0,0
181.3553,5.0943,1264,0,0
181.3801,5.0983,1265,0,0
181.4049,5.0943,1264,0,0
181.4297,5.0500,1253,0,0
181.4545,5.0782,1260,0,0
181.4793,5.0943,1264,0,0
181.5041,5.0742,1259,0,0
181.5289,5.0862,1262,0,0
181.5537,5.0983,1265,0,0
181.5785,5.0943,1264,0,0
181.6033,5.0862,1262,0,0
181.6281,5.0943,1264,0,0
181.6529,5.1064,1267,0,0
181.6777,5.0742,1259,0,0
181.7025,5.0903,1263,0,0
181.7273,5.1024,1266,0,0
181.7521,5.0822,1261,0,0
181.7769,5.0862,1262,0,0
181.8017,5.0943,1264,0,0
181.8265,5.0661,1257,0,0
181.8513,5.0862,1262,0,0
181.8761,5.0782,1260,0,0
181.9009,5.0782,1260,0,0
181.9257,5.0862,1262,0,0
181.9505,5.0782,1260,0,0
181.9753,5.0943,1264,0,0
182.0001,5.0983,1265,0,0
182.0249,5.0540,1254,0,0
182.0497,5.0862,1262,0,0
182.0745,5.0862,1262,0,0
182.0993,5.0661,1257,0,0
182.1241,5.0782,1260,0,0
182.1489,5.1064,1267,0,0
182.1738,5.0742,1259,0,0
182.1985,5.0943,1264,0,0
182.2234,5.1024,1266,0,0
182.2482,5.0943,1264,0,0
182.2730,5.1064,1267,0,0
182.2978,5.0782,1260,0,0
182.3226,5.0742,1259,0,0
182.3474,5.0782,1260,0,0
182.3722,5.0862,1262,0,0
182.3970,5.0742,1259,0,0
182.4218,5.0943,1264,0,0
182.4466,5.0943,1264,0,0
182.4714,5.0742,1259,0,0
182.4962,5.1306,1273,0,0
182.5210,5.0782,1260,0,0
182.5458,5.0943,1264,0,0
182.5706,5.0943,1264,0,0
182.5954,5.0943,1264,0,0
182.6202,5.0782,1260,0,0
182.6450,5.0903,1263,0,0
182.6698,5.0943,1264,0,0
182.6946,5.0822,1261,0,0
182.7194,5.0943,1264,0,0
182.7442,5.0782,1260,0,0
182.7690,5.0943,1264,0,0
182.7938,5.0742,1259,0,0
182.8186,5.1064,1267,0,0
182.8434,5.0943,1264,0,0
182.8682,5.0782,1260,0,0
182.8930,5.0983,1265,0,0
182.9178,5.0862,1262,0,0
182.9426,5.0943,1264,0,0
182.9674,5.0943,1264,0,0
182.9922,5.0782,1260,0,0
183.0170,5.0943,1264,0,0
183.0418,5.0862,1262,0,0
183.0666,5.0862,1262,0,0
183.0914,5.0943,1264,0,0
183.1162,5.0661,1257,0,0
183.1410,5.0903,1263,0,0
183.1658,5.0943,1264,0,0
183.1906,5.0862,1262,0,0
183.2155,5.0782,1260,0,0
183.2402,5.0862,1262,0,0
183.2651,5.0862,1262,0,0
183.2899,5.0822,1261,0,0
183.3147,5.0943,1264,0,0
183.3395,5.0782,1260,0,0
183.3643,5.0943,1264,0,0
183.3891,5.0822,1261,0,0
183.4139,5.0661,1257,0,0
183.4387,5.0943,1264,0,0
183.4635,5.0742,1259,0,0
183.4883,5.0943,1264,0,0
183.5131,5.0943,1264,0,0
183.5379,5.0903,1263,0,0
183.5627,5.0943,1264,0,0
183.5875,5.0903,1263,0,0
183.6123,5.0782,1260,0,0
183.6371,5.0782,1260,0,0
183.6619,5.0862,1262,0,0
183.6867,5.0862,1262,0,0
183.7115,5.0903,1263,0,0
183.7363,5.0782,1260,0,0
183.7611,5.0983,1265,0,0
183.7859,5.0782,1260,0,0
183.8107,5.0782,1260,0,0
183.8355,5.1064,1267,0,0
183.8603,5.0500,1253,0,0
183.8851,5.0943,1264,0,0
183.9099,5.0943,1264,0,0
183.9347,5.1225,1271,0,0
183.9595,5.0822,1261,0,0
183.9843,5.0862,1262,0,0
184.0091,5.0983,1265,0,0
184.0339,5.0782,1260,0,0
184.0587,5.0943,1264,0,0
184.0835,5.0943,1264,0,0
184.1083,5.0782,1260,0,0
184.1331,5.0782,1260,0,0
184.1579,5.0782,1260,0,0
184.1827,5.0943,1264,0,0
184.2076,5.0983,1265,0,0
184.2323,5.0661,1257,0,0
184.2572,5.0983,1265,0,0
184.2820,5.0862,1262,0,0
184.3068,5.0943,1264,0,0
184.3316,5.0862,1262,0,0
184.3564,5.0782,1260,0,0
184.3812,5.0782,1260,0,0
184.4060,5.0862,1262,0,0
184.4308,5.0943,1264,0,0
184.4556,5.0782,1260,0,0
184.4804,5.1104,1268,0,0
184.5052,5.0822,1261,0,0
184.5300,5.0822,1261,0,0
184.5548,5.0862,1262,0,0
184.5796,5.0701,1258,0,0
184.6044,5.0983,1265,0,0
184.6292,5.0983,1265,0,0
184.6540,5.0862,1262,0,0
184.6788,5.0822,1261,0,0
184.7036,5.0822,1261,0,0
184.7284,5.0983,1265,0,0
184.7532,5.0701,1258,0,0
184.7780,5.0943,1264,0,0
184.8028,5.0903,1263,0,0
184.8276,5.0943,1264,0,0
184.8524,5.0862,1262,0,0
184.8772,5.1104,1268,0,0
184.9020,5.0943,1264,0,0
184.9268,5.0983,1265,0,0
184.9516,5.0701,1258,0,0
184.9764,5.0943,1264,0,0
185.0012,5.0782,1260,0,0
185.0260,5.0862,1262,0,0
185.0508,5.1064,1267,0,0
185.0756,5.0862,1262,0,0
185.1004,5.0943,1264,0,0
185.1252,5.0983,1265,0,0
185.1500,5.0701,1258,0,0
185.1748,5.0862,1262,0,0
185.1996,5.0862,1262,0,0
185.2244,5.0983,1265,0,0
185.2493,5.0983,1265,0,0
185.2740,5.0862,1262,0,0
185.2989,5.1145,1269,0,0
185.3237,5.0862,1262,0,0
185.3484,5.0983,1265,0,0
185.3733,5.0782,1260,0,0
185.3981,5.0943,1264,0,0
185.4229,5.0782,1260,0,0
185.4477,5.0983,1265,0,0
185.4725,5.0782,1260,0,0
185.4973,5.0701,1258,0,0
185.5221,5.0983,1265,0,0
185.5469,5.1064,1267,0,0
185.5717,5.0903,1263,0,0
185.5965,5.0782,1260,0,0
185.6213,5.0943,1264,0,0
185.6461,5.0782,1260,0,0
185.6709,5.0782,1260,0,0
185.6957,5.1024,1266,0,0
185.7205,5.1064,1267,0,0
185.7453,5.0782,1260,0,0
185.7701,5.0943,1264,0,0
185.7949,5.0903,1263,0,0
185.8197,5.0742,1259,0,0
185.8445,5.0822,1261,0,0
185.8693,5.0742,1259,0,0
185.8941,5.0943,1264,0,0
185.9189,5.0742,1259,0,0
185.9437,5.0701,1258,0,0
185.9685,5.0943,1264,0,0
185.9933,5.0943,1264,0,0
186.0181,5.0943,1264,0,0
186.0429,5.1024,1266,0,0
186.0677,5.0822,1261,0,0
186.0925,5.0943,1264,0,0
186.1173,5.0943,1264,0,0
186.1421,5.1024,1266,0,0
186.1669,5.0862,1262,0,0
186.1917,5.0782,1260,0,0
186.2165,5.0983,1265,0,0
186.2413,5.0540,1254,0,0
186.2661,5.0903,1263,0,0
186.2910,5.0983,1265,0,0
186.3158,5.0862,1262,0,0
186.3406,5.0943,1264,0,0
186.3654,5.0742,1259,0,0
186.3902,5.0943,1264,0,0
186.4150,5.0782,1260,0,0
186.4398,5.1145,1269,0,0
186.4646,5.0782,1260,0,0
186.4894,5.0903,1263,0,0
186.5142,5.1145,1269,0,0
186.5390,5.0983,1265,0,0
186.5638,5.0943,1264,0,0
186.5886,5.0983,1265,0,0
186.6134,5.0862,1262,0,0
186.6382,5.0903,1263,0,0
186.6630,5.0862,1262,0,0
186.6878,5.0782,1260,0,0
186.7126,5.0943,1264,0,0
186.7374,5.0983,1265,0,0
186.7622,5.0862,1262,0,0
186.7870,5.0862,1262,0,0
186.8118,5.0862,1262,0,0
186.8366,5.0862,1262,0,0
186.8614,5.1024,1266,0,0
186.8862,5.0822,1261,0,0
186.9110,5.0701,1258,0,0
186.9358,5.0943,1264,0,0
186.9606,5.1024,1266,0,0
186.9854,5.0943,1264,0,0
187.0102,5.0943,1264,0,0
187.0350,5.0903,1263,0,0
187.0598,5.1225,1271,0,0
187.0846,5.0782,1260,0,0
187.1094,5.0862,1262,0,0
187.1342,5.0782,1260,0,0
187.1590,5.0782,1260,0,0
187.1838,5.0862,1262,0,0
187.2086,5.0782,1260,0,0
187.2334,5.0983,1265,0,0
187.2582,5.0822,1261,0,0
187.2831,5.1104,1268,0,0
187.3078,5.0943,1264,0,0
187.3327,5.0983,1265,0,0
187.3575,5.0661,1257,0,0
187.3822,5.0862,1262,0,0
187.4071,5.0782,1260,0,0
187.4319,5.0822,1261,0,0
187.4567,5.1346,1274,0,0
187.4815,5.0943,1264,0,0
187.5063,5.0983,1265,0,0
187.5311,5.0782,1260,0,0
187.5559,5.0903,1263,0,0
187.5807,5.0782,1260,0,0
187.6055,5.0782,1260,0,0
187.6303,5.0782,1260,0,0
187.6551,5.1104,1268,0,0
187.6799,5.0943,1264,0,0
187.7047,5.0903,1263,0,0
187.7295,5.1104,1268,0,0
187.7543,5.0903,1263,0,0
187.7791,5.0943,1264,0,0
187.8039,5.0862,1262,0,0
187.8287,5.1064,1267,0,0
187.8535,5.0822,1261,0,0
187.8783,5.0983,1265,0,0
187.9031,5.0862,1262,0,0
187.9279,5.0742,1259,0,0
187.9527,5.1064,1267,0,0
187.9775,5.0943,1264,0,0
188.0023,5.0903,1263,0,0
188.0271,5.0862,1262,0,0
188.0519,5.0862,1262,0,0
188.0767,5.0943,1264,0,0
188.1015,5.0782,1260,0,0
188.1263,5.0782,1260,0,0
188.1511,5.0943,1264,0,0
188.1759,5.0862,1262,0,0
188.2007,5.0862,1262,0,0
188.2255,5.1104,1268,0,0
188.2503,5.0983,1265,0,0
188.2751,5.0822,1261,0,0
188.2999,5.0701,1258,0,0
188.3248,5.1024,1266,0,0
188.3495,5.0903,1263,0,0
188.3744,5.0822,1261,0,0
188.3992,5.0701,1258,0,0
188.4240,5.0782,1260,0,0
188.4488,5.0862,1262,0,0
188.4736,5.1145,1269,0,0
188.4984,5.0943,1264,0,0
188.5232,5.0782,1260,0,0
188.5480,5.1265,1272,0,0
188.5728,5.0943,1264,0,0
188.5976,5.0742,1259,0,0
188.6224,5.0903,1263,0,0
188.6472,5.0983,1265,0,0
188.6720,5.0943,1264,0,0
188.6968,5.0983,1265,0,0
188.7216,5.0782,1260,0,0
188.7464,5.0862,1262,0,0
188.7712,5.1064,1267,0,0
188.7960,5.0782,1260,0,0
188.8208,5.0983,1265,0,0
188.8456,5.0822,1261,0,0
188.8704,5.0742,1259,0,0
188.8952,5.0862,1262,0,0
188.9200,5.0862,1262,0,0
188.9448,5.0862,1262,0,0
188.9696,5.0943,1264,0,0
188.9944,5.0862,1262,0,0
189.0192,5.0943,1264,0,0
189.0440,5.0782,1260,0,0
189.0688,5.0742,1259,0,0
189.0936,5.0862,1262,0,0
189.1184,5.0983,1265,0,0
189.1432,5.0943,1264,0,0
189.1680,5.0983,1265,0,0
189.1928,5.0782,1260,0,0
189.2176,5.0862,1262,0,0
189.2424,5.0862,1262,0,0
189.2672,5.0782,1260,0,0
189.2920,5.0943,1264,0,0
189.3168,5.0943,1264,0,0
189.3416,5.0862,1262,0,0
189.3665,5.0782,1260,0,0
189.3913,5.0903,1263,0,0
189.4160,5.0782,1260,0,0
189.4409,5.0782,1260,0,0
189.4657,5.0943,1264,0,0
189.4905,5.0862,1262,0,0
189.5153,5.0903,1263,0,0
189.5401,5.0379,1250,0,0
189.5649,5.0983,1265,0,0
189.5897,5.0822,1261,0,0
189.6145,5.0862,1262,0,0
189.6393,5.0782,1260,0,0
189.6641,5.1024,1266,0,0
189.6889,5.1064,1267,0,0
189.7137,5.0943,1264,0,0
189.7385,5.0943,1264,0,0
189.7633,5.0983,1265,0,0
189.7881,5.0742,1259,0,0
189.8129,5.0782,1260,0,0
189.8377,5.0862,1262,0,0
189.8625,5.0782,1260,0,0
189.8873,5.0943,1264,0,0
189.9121,5.0862,1262,0,0
189.9369,5.0782,1260,0,0
189.9617,5.1024,1266,0,0
189.9865,5.0782,1260,0,0
190.0113,5.0943,1264,0,0
190.0361,5.0862,1262,0,0
190.0609,5.0943,1264,0,0
190.0857,5.0862,1262,0,0
190.1105,5.0903,1263,0,0
190.1353,5.0943,1264,0,0
190.1601,5.0983,1265,0,0
190.1849,5.0782,1260,0,0
190.2097,5.0862,1262,0,0
190.2345,5.0782,1260,0,0
190.2593,5.0822,1261,0,0
190.2841,5.1024,1266,0,0
190.3089,5.0943,1264,0,0
190.3337,5.0903,1263,0,0
190.3586,5.0943,1264,0,0
190.3833,5.0943,1264,0,0
190.4082,5.0862,1262,0,0
190.4330,5.0862,1262,0,0
190.4577,5.0903,1263,0,0
190.4826,5.1024,1266,0,0
190.5074,5.1386,1275,0,0
190.5322,5.0862,1262,0,0
190.5570,5.0782,1260,0,0
190.5818,5.0782,1260,0,0
190.6066,5.0943,1264,0,0
190.6314,5.0862,1262,0,0
190.6562,5.1024,1266,0,0
190.6810,5.1064,1267,0,0
190.7058,5.0943,1264,0,0
190.7306,5.0701,1258,0,0
190.7554,5.0983,1265,0,0
190.7802,5.0983,1265,0,0
190.8050,5.0862,1262,0,0
190.8298,5.0983,1265,0,0
190.8546,5.1145,1269,0,0
190.8794,5.0742,1259,0,0
190.9042,5.1064,1267,0,0
190.9290,5.0862,1262,0,0
190.9538,5.0661,1257,0,0
190.9786,5.0903,1263,0,0
191.0034,5.0943,1264,0,0
191.0282,5.0983,1265,0,0
191.0530,5.1064,1267,0,0
191.0778,5.0943,1264,0,0
191.1026,5.0983,1265,0,0
191.1274,5.0943,1264,0,0
191.1522,5.0943,1264,0,0
191.1770,5.0903,1263,0,0
191.2018,5.0782,1260,0,0
191.2266,5.0862,1262,0,0
191.2514,5.0983,1265,0,0
191.2762,5.0742,1259,0,0
191.3010,5.1064,1267,0,0
191.3258,5.0742,1259,0,0
191.3506,5.0983,1265,0,0
191.3754,5.0782,1260,0,0
191.4003,5.0782,1260,0,0
191.4250,5.0822,1261,0,0
191.4498,5.0862,1262,0,0
191.4747,5.0782,1260,0,0
191.4995,5.0943,1264,0,0
191.5243,5.0782,1260,0,0
191.5491,5.0782,1260,0,0
191.5739,5.0943,1264,0,0
191.5987,5.0862,1262,0,0
191.6235,5.1024,1266,0,0
191.6483,5.0862,1262,0,0
191.6731,5.0983,1265,0,0
191.6979,5.0862,1262,0,0
191.7227,5.0822,1261,0,0
191.7475,5.0822,1261,0,0
191.7723,5.1024,1266,0,0
191.7971,5.1064,1267,0,0
191.8219,5.0742,1259,0,0
191.8467,5.0822,1261,0,0
191.8715,5.0782,1260,0,0
191.8963,5.0862,1262,0,0
191.9211,5.0862,1262,0,0
191.9459,5.0742,1259,0,0
191.9707,5.0943,1264,0,0
191.9955,5.0782,1260,0,0
192.0203,5.0983,1265,0,0
192.0451,5.0862,1262,0,0
192.0699,5.0943,1264,0,0
192.0947,5.0701,1258,0,0
192.1195,5.0742,1259,0,0
192.1443,5.0742,1259,0,0
192.1691,5.0822,1261,0,0
192.1939,5.1346,1274,0,0
192.2187,5.0983,1265,0,0
192.2435,5.0661,1257,0,0
192.2683,5.0983,1265,0,0
192.2931,5.0862,1262,0,0
192.3179,5.0661,1257,0,0
192.3427,5.0943,1264,0,0
192.3675,5.0903,1263,0,0
192.3923,5.0903,1263,0,0
192.4171,5.0943,1264,0,0
192.4420,5.0943,1264,0,0
192.4668,5.0943,1264,0,0
192.4915,5.0661,1257,0,0
192.5164,5.0903,1263,0,0
192.5412,5.0862,1262,0,0
192.5660,5.0782,1260,0,0
192.5908,5.0943,1264,0,0
192.6156,5.0983,1265,0,0
192.6404,5.0782,1260,0,0
192.6652,5.0822,1261,0,0
192.6900,5.1024,1266,0,0
192.7148,5.0782,1260,0,0
192.7396,5.0943,1264,0,0
192.7644,5.0943,1264,0,0
192.7892,5.0983,1265,0,0
192.8140,5.0701,1258,0,0
192.8388,5.0782,1260,0,0
192.8636,5.1024,1266,0,0
192.8884,5.0862,1262,0,0
192.9132,5.0943,1264,0,0
192.9380,5.1306,1273,0,0
192.9628,5.0943,1264,0,0
192.9876,5.0862,1262,0,0
193.0124,5.1024,1266,0,0
193.0372,5.0943,1264,0,0
193.0620,5.0338,1249,0,0
193.0868,5.0983,1265,0,0
193.1116,5.0983,1265,0,0
193.1364,5.0661,1257,0,0
193.1612,5.0862,1262,0,0
193.1860,5.0943,1264,0,0
193.2108,5.0782,1260,0,0
193.2356,5.0943,1264,0,0
193.2604,5.0903,1263,0,0
193.2852,5.0862,1262,0,0
193.3100,5.1064,1267,0,0
193.3348,5.0822,1261,0,0
193.3596,5.0782,1260,0,0
193.3844,5.0661,1257,0,0
193.4092,5.0943,1264,0,0
193.4341,5.0862,1262,0,0
193.4588,5.1024,1266,0,0
193.4836,5.0943,1264,0,0
193.5085,5.1265,1272,0,0
193.5332,5.0983,1265,0,0
193.5581,5.0943,1264,0,0
193.5829,5.0742,1259,0,0
193.6077,5.0903,1263,0,0
193.6325,5.0943,1264,0,0
193.6573,5.0862,1262,0,0
193.6821,5.0862,1262,0,0
193.7069,5.0862,1262,0,0
193.7317,5.0742,1259,0,0
193.7565,5.0782,1260,0,0
193.7813,5.0983,1265,0,0
193.8061,5.0822,1261,0,0
193.8309,5.0862,1262,0,0
193.8557,5.0943,1264,0,0
193.8805,5.0983,1265,0,0
193.9053,5.0782,1260,0,0
193.9301,5.0701,1258,0,0
193.9549,5.0903,1263,0,0
193.9797,5.0782,1260,0,0
194.0045,5.0943,1264,0,0
194.0293,5.0983,1265,0,0
194.0541,5.0983,1265,0,0
194.0789,5.0862,1262,0,0
194.1037,5.1064,1267,0,0
194.1285,5.0943,1264,0,0
194.1533,5.1145,1269,0,0
194.1781,5.0782,1260,0,0
194.2029,5.0782,1260,0,0
194.2277,5.0782,1260,0,0
194.2525,5.0983,1265,0,0
194.2773,5.0943,1264,0,0
194.3021,5.0782,1260,0,0
194.3269,5.0903,1263,0,0
194.3517,5.0943,1264,0,0
194.3765,5.0862,1262,0,0
194.4013,5.0822,1261,0,0
194.4261,5.0943,1264,0,0
194.4509,5.0943,1264,0,0
194.4758,5.0742,1259,0,0
194.5005,5.0661,1257,0,0
194.5253,5.0862,1262,0,0
194.5502,5.1104,1268,0,0
194.5750,5.0862,1262,0,0
194.5998,5.0862,1262,0,0
194.6246,5.0782,1260,0,0
194.6494,5.0983,1265,0,0
194.6742,5.0862,1262,0,0
194.6990,5.0782,1260,0,0
194.7238,5.0782,1260,0,0
194.7486,5.0943,1264,0,0
194.7734,5.0943,1264,0,0
194.7982,5.0943,1264,0,0
194.8230,5.0338,1249,0,0
194.8478,5.0983,1265,0,0
194.8726,5.0943,1264,0,0
194.8974,5.0782,1260,0,0
194.9222,5.0782,1260,0,0
194.9470,5.0943,1264,0,0
194.9718,5.0943,1264,0,0
194.9966,5.0661,1257,0,0
195.0214,5.0943,1264,0,0
195.0462,5.1145,1269,0,0
195.0710,5.0661,1257,0,0
195.0958,5.0862,1262,0,0
195.1206,5.0983,1265,0,0
195.1454,5.0943,1264,0,0
195.1702,5.0500,1253,0,0
195.1950,5.1225,1271,0,0
195.2198,5.0943,1264,0,0
195.2446,5.0742,1259,0,0
195.2694,5.0782,1260,0,0
195.2942,5.0701,1258,0,0
195.3190,5.0822,1261,0,0
195.3438,5.0943,1264,0,0
195.3686,5.1225,1271,0,0
195.3934,5.0943,1264,0,0
195.4182,5.0742,1259,0,0
195.4430,5.0983,1265,0,0
195.4678,5.0983,1265,0,0
195.4926,5.0862,1262,0,0
195.5174,5.1024,1266,0,0
195.5423,5.0782,1260,0,0
195.5670,5.0661,1257,0,0
195.5919,5.0943,1264,0,0
195.6167,5.0903,1263,0,0
195.6415,5.0903,1263,0,0
195.6663,5.0782,1260,0,0
195.6911,5.0943,1264,0,0
195.7159,5.0983,1265,0,0
195.7407,5.0742,1259,0,0
195.7655,5.0943,1264,0,0
195.7903,5.0862,1262,0,0
195.8151,5.0862,1262,0,0
195.8399,5.0742,1259,0,0
195.8647,5.0903,1263,0,0
195.8895,5.0580,1255,0,0
195.9143,5.0943,1264,0,0
195.9391,5.0943,1264,0,0
195.9639,5.0943,1264,0,0
195.9887,5.0822,1261,0,0
196.0135,5.0862,1262,0,0
196.0383,5.0983,1265,0,0
196.0631,5.0742,1259,0,0
196.0879,5.0862,1262,0,0
196.1127,5.0943,1264,0,0
196.1375,5.1064,1267,0,0
196.1623,5.1104,1268,0,0
196.1871,5.1265,1272,0,0
196.2119,5.1064,1267,0,0
196.2367,5.0782,1260,0,0
196.2615,5.0943,1264,0,0
196.2863,5.0862,1262,0,0
196.3111,5.0983,1265,0,0
196.3359,5.0782,1260,0,0
196.3607,5.0983,1265,0,0
196.3855,5.0782,1260,0,0
196.4103,5.0782,1260,0,0
196.4351,5.0862,1262,0,0
196.4599,5.0943,1264,0,0
196.4847,5.0862,1262,0,0
196.5095,5.0943,1264,0,0
196.5343,5.0943,1264,0,0
196.5591,5.0943,1264,0,0
196.5840,5.0822,1261,0,0
196.6087,5.0742,1259,0,0
196.6336,5.0661,1257,0,0
196.6584,5.1024,1266,0,0
196.6832,5.0782,1260,0,0
196.7080,5.0782,1260,0,0
196.7328,5.0862,1262,0,0
196.7576,5.0742,1259,0,0
196.7824,5.0943,1264,0,0
196.8072,5.0943,1264,0,0
196.8320,5.0661,1257,0,0
196.8568,5.0943,1264,0,0
196.8816,5.0943,1264,0,0
196.9064,5.0903,1263,0,0
196.9312,5.0379,1250,0,0
196.9560,5.0822,1261,0,0
196.9808,5.0782,1260,0,0
197.0056,5.0983,1265,0,0
197.0304,5.0862,1262,0,0
197.0552,5.0903,1263,0,0
197.0800,5.0943,1264,0,0
197.1048,5.1104,1268,0,0
197.1296,5.0782,1260,0,0
197.1544,5.0782,1260,0,0
197.1792,5.0943,1264,0,0
197.2040,5.0862,1262,0,0
197.2288,5.0943,1264,0,0
197.2536,5.0943,1264,0,0
197.2784,5.0943,1264,0,0
197.3032,5.0782,1260,0,0
197.3280,5.0862,1262,0,0
197.3528,5.0782,1260,0,0
197.3776,5.0742,1259,0,0
197.4024,5.0862,1262,0,0
197.4272,5.0903,1263,0,0
197.4520,5.0903,1263,0,0
197.4768,5.0782,1260,0,0
197.5016,5.0943,1264,0,0
197.5264,5.0943,1264,0,0
197.5512,5.1064,1267,0,0
197.5760,5.0903,1263,0,0
197.6008,5.1024,1266,0,0
197.6257,5.0983,1265,0,0
197.6505,5.0742,1259,0,0
197.6753,5.1064,1267,0,0
197.7001,5.0661,1257,0,0
197.7249,5.0742,1259,0,0
197.7497,5.0903,1263,0,0
197.7745,5.0742,1259,0,0
197.7993,5.0862,1262,0,0
197.8241,5.0943,1264,0,0
197.8489,5.0742,1259,0,0
197.8737,5.0782,1260,0,0
197.8985,5.0862,1262,0,0
197.9233,5.0782,1260,0,0
197.9481,5.0862,1262,0,0
197.9729,5.0943,1264,0,0
197.9977,5.0943,1264,0,0
198.0225,5.1104,1268,0,0
198.0473,5.0742,1259,0,0
198.0721,5.0862,1262,0,0
198.0969,5.0983,1265,0,0
198.1217,5.0742,1259,0,0
198.1465,5.0903,1263,0,0
198.1713,5.0782,1260,0,0
198.1961,5.1064,1267,0,0
198.2209,5.0862,1262,0,0
198.2457,5.0782,1260,0,0
198.2705,5.0983,1265,0,0
198.2953,5.0782,1260,0,0
198.3201,5.1064,1267,0,0
198.3449,5.1145,1269,0,0
198.3697,5.0943,1264,0,0
198.3945,5.0701,1258,0,0
198.4193,5.0782,1260,0,0
198.4441,5.0782,1260,0,0
198.4689,5.0943,1264,0,0
198.4937,5.0862,1262,0,0
198.5185,5.0862,1262,0,0
198.5433,5.0822,1261,0,0
198.5681,5.1145,1269,0,0
198.5929,5.0822,1261,0,0
198.6178,5.1064,1267,0,0
198.6425,5.0379,1250,0,0
198.6674,5.0943,1264,0,0
198.6922,5.1145,1269,0,0
198.7170,5.0661,1257,0,0
198.7418,5.0983,1265,0,0
198.7666,5.0742,1259,0,0
198.7914,5.0983,1265,0,0
198.8162,5.0782,1260,0,0
198.8410,5.0943,1264,0,0
198.8658,5.0862,1262,0,0
198.8906,5.0822,1261,0,0
198.9154,5.1104,1268,0,0
198.9402,5.0983,1265,0,0
198.9650,5.0742,1259,0,0
198.9898,5.0903,1263,0,0
199.0146,5.0943,1264,0,0
199.0394,5.0862,1262,0,0
199.0642,5.0742,1259,0,0
199.0890,5.0943,1264,0,0
199.1138,5.1064,1267,0,0
199.1386,5.0862,1262,0,0
199.1634,5.0862,1262,0,0
199.1882,5.0983,1265,0,0
199.2130,5.0742,1259,0,0
199.2378,5.0661,1257,0,0
199.2626,5.0983,1265,0,0
199.2874,5.0782,1260,0,0
199.3122,5.0943,1264,0,0
199.3370,5.0782,1260,0,0
199.3618,5.1104,1268,0,0
199.3866,5.0782,1260,0,0
199.4114,5.0742,1259,0,0
199.4362,5.0742,1259,0,0
199.4610,5.0943,1264,0,0
199.4858,5.0742,1259,0,0
199.5106,5.0782,1260,0,0
199.5354,5.0742,1259,0,0
199.5602,5.0822,1261,0,0
199.5850,5.0943,1264,0,0
199.6098,5.0983,1265,0,0
199.6346,5.0943,1264,0,0
199.6595,5.0782,1260,0,0
199.6842,5.0983,1265,0,0
199.7091,5.0862,1262,0,0
199.7339,5.0782,1260,0,0
199.7587,5.1306,1273,0,0
199.7835,5.0943,1264,0,0
199.8083,5.0742,1259,0,0
199.8331,5.0983,1265,0,0
199.8579,5.0943,1264,0,0
199.8827,5.0419,1251,0,0
199.9075,5.0943,1264,0,0
199.9323,5.0943,1264,0,0
199.9571,5.0983,1265,0,0
199.9819,5.0782,1260,0,0
200.0067,5.0983,1265,0,0
200.0315,5.0943,1264,0,0
200.0563,5.0661,1257,0,0
200.0811,5.0742,1259,0,0
200.1059,5.0943,1264,0,0
200.1307,5.0903,1263,0,0
200.1555,5.0822,1261,0,0
200.1803,5.0903,1263,0,0
200.2051,5.1104,1268,0,0
200.2299,5.0742,1259,0,0
200.2547,5.0782,1260,0,0
200.2795,5.0782,1260,0,0
200.3043,5.0862,1262,0,0
200.3291,5.1024,1266,0,0
200.3539,5.0943,1264,0,0
200.3787,5.0782,1260,0,0
200.4035,5.0943,1264,0,0
200.4283,5.1064,1267,0,0
200.4531,5.0782,1260,0,0
200.4779,5.0862,1262,0,0
200.5027,5.0782,1260,0,0
200.5275,5.0943,1264,0,0
200.5523,5.1024,1266,0,0
200.5771,5.1064,1267,0,0
200.6019,5.0742,1259,0,0
200.6267,5.0782,1260,0,0
200.6516,5.1104,1268,0,0
200.6763,5.0661,1257,0,0
200.7012,5.0822,1261,0,0
200.7260,5.0862,1262,0,0
200.7508,5.0903,1263,0,0
200.7756,5.0782,1260,0,0
200.8004,5.0661,1257,0,0
200.8252,5.0742,1259,0,0
200.8500,5.1225,1271,0,0
200.8748,5.0782,1260,0,0
200.8996,5.0782,1260,0,0
200.9244,5.0782,1260,0,0
200.9492,5.0701,1258,0,0
200.9740,5.0943,1264,0,0
200.9988,5.1064,1267,0,0
201.0236,5.0943,1264,0,0
201.0484,5.0782,1260,0,0
201.0732,5.0782,1260,0,0
201.0980,5.1024,1266,0,0
201.1228,5.0903,1263,0,0
201.1476,5.1265,1272,0,0
201.1724,5.0943,1264,0,0
201.1972,5.1024,1266,0,0
201.2220,5.0862,1262,0,0
201.2468,5.0943,1264,0,0
201.2716,5.0782,1260,0,0
201.2964,5.0983,1265,0,0
201.3212,5.0782,1260,0,0
201.3460,5.0661,1257,0,0
201.3708,5.0862,1262,0,0
201.3956,5.0943,1264,0,0
201.4204,5.0782,1260,0,0
201.4452,5.0742,1259,0,0
201.4700,5.1104,1268,0,0
201.4948,5.0862,1262,0,0
201.5196,5.0822,1261,0,0
201.5444,5.0903,1263,0,0
201.5692,5.1225,1271,0,0
201.5940,5.0862,1262,0,0
201.6188,5.0782,1260,0,0
201.6436,5.1265,1272,0,0
201.6684,5.0782,1260,0,0
201.6933,5.0862,1262,0,0
201.7180,5.0742,1259,0,0
201.7429,5.1064,1267,0,0
201.7677,5.0862,1262,0,0
201.7925,5.0943,1264,0,0
201.8173,5.0862,1262,0,0
201.8421,5.0822,1261,0,0
201.8669,5.0862,1262,0,0
201.8917,5.0983,1265,0,0
201.9165,5.0782,1260,0,0
201.9413,5.0983,1265,0,0
201.9661,5.0862,1262,0,0
201.9909,5.0822,1261,0,0
202.0157,5.0943,1264,0,0
202.0405,5.0862,1262,0,0
202.0653,5.0862,1262,0,0
202.0901,5.0742,1259,0,0
202.1149,5.0701,1258,0,0
202.1397,5.0983,1265,0,0
202.1645,5.0943,1264,0,0
202.1893,5.0983,1265,0,0
202.2141,5.0782,1260,0,0
202.2389,5.0862,1262,0,0
202.2637,5.0782,1260,0,0
202.2885,5.0983,1265,0,0
202.3133,5.0862,1262,0,0
202.3381,5.0701,1258,0,0
202.3629,5.0862,1262,0,0
202.3877,5.0822,1261,0,0
202.4125,5.0943,1264,0,0
202.4373,5.0943,1264,0,0
202.4621,5.0983,1265,0,0
202.4869,5.0943,1264,0,0
202.5117,5.1024,1266,0,0
202.5365,5.0983,1265,0,0
202.5613,5.0661,1257,0,0
202.5861,5.1024,1266,0,0
202.6109,5.0983,1265,0,0
202.6357,5.0862,1262,0,0
202.6605,5.0862,1262,0,0
202.6853,5.0903,1263,0,0
202.7101,5.0943,1264,0,0
202.7350,5.0943,1264,0,0
202.7598,5.0943,1264,0,0
202.7846,5.0782,1260,0,0
202.8094,5.1064,1267,0,0
202.8342,5.0742,1259,0,0
202.8590,5.1064,1267,0,0
202.8838,5.0943,1264,0,0
202.9086,5.0862,1262,0,0
202.9334,5.0943,1264,0,0
202.9582,5.0943,1264,0,0
202.9830,5.0903,1263,0,0
203.0078,5.0822,1261,0,0
203.0326,5.0742,1259,0,0
203.0574,5.0822,1261,0,0
203.0822,5.0661,1257,0,0
203.1070,5.1024,1266,0,0
203.1318,5.0943,1264,0,0
203.1566,5.0742,1259,0,0
203.1814,5.0943,1264,0,0
203.2062,5.0701,1258,0,0
203.2310,5.0862,1262,0,0
203.2558,5.0822,1261,0,0
203.2806,5.0782,1260,0,0
203.3054,5.0983,1265,0,0
203.3302,5.0782,1260,0,0
203.3550,5.0742,1259,0,0
203.3798,5.0742,1259,0,0
203.4046,5.0862,1262,0,0
203.4294,5.0943,1264,0,0
203.4542,5.0943,1264,0,0
203.4790,5.0943,1264,0,0
203.5038,5.0862,1262,0,0
203.5286,5.0782,1260,0,0
203.5534,5.0822,1261,0,0
203.5782,5.0862,1262,0,0
203.6030,5.0661,1257,0,0
203.6278,5.0862,1262,0,0
203.6526,5.0943,1264,0,0
203.6774,5.1064,1267,0,0
203.7022,5.0822,1261,0,0
203.7271,5.0943,1264,0,0
203.7518,5.0943,1264,0,0
203.7767,5.0943,1264,0,0
203.8015,5.0782,1260,0,0
203.8263,5.0782,1260,0,0
203.8511,5.0903,1263,0,0
203.8759,5.0782,1260,0,0
203.9007,5.0822,1261,0,0
203.9255,5.0862,1262,0,0
203.9503,5.0983,1265,0,0
203.9751,5.0782,1260,0,0
203.9999,5.0701,1258,0,0
204.0247,5.0943,1264,0,0
204.0495,5.0379,1250,0,0
204.0743,5.0943,1264,0,0
204.0991,5.0782,1260,0,0
204.1239,5.0822,1261,0,0
204.1487,5.1024,1266,0,0
204.1735,5.0742,1259,0,0
204.1983,5.0862,1262,0,0
204.2231,5.0379,1250,0,0
204.2479,5.0862,1262,0,0
204.2727,5.0862,1262,0,0
204.2975,5.1024,1266,0,0
204.3223,5.0862,1262,0,0
204.3471,5.0782,1260,0,0
204.3719,5.0661,1257,0,0
204.3967,5.0782,1260,0,0
204.4215,5.0862,1262,0,0
204.4463,5.0822,1261,0,0
204.4711,5.0983,1265,0,0
204.4959,5.0782,1260,0,0
204.5207,5.1064,1267,0,0
204.5455,5.0822,1261,0,0
204.5703,5.0943,1264,0,0
204.5951,5.1064,1267,0,0
204.6199,5.0862,1262,0,0
204.6447,5.0782,1260,0,0
204.6695,5.0943,1264,0,0
204.6943,5.0782,1260,0,0
204.7191,5.0661,1257,0,0
204.7439,5.0943,1264,0,0
204.7688,5.0943,1264,0,0
204.7935,5.0742,1259,0,0
204.8184,5.0903,1263,0,0
204.8432,5.1024,1266,0,0
204.8680,5.0943,1264,0,0
204.8928,5.0782,1260,0,0
204.9176,5.0943,1264,0,0
204.9424,5.0983,1265,0,0
204.9672,5.1064,1267,0,0
204.9920,5.0742,1259,0,0
205.0168,5.0943,1264,0,0
205.0416,5.1064,1267,0,0
205.0664,5.0943,1264,0,0
205.0912,5.1064,1267,0,0
205.1160,5.0782,1260,0,0
205.1408,5.0943,1264,0,0
205.1656,5.0983,1265,0,0
205.1904,5.0903,1263,0,0
205.2152,5.1225,1271,0,0
205.2400,5.0782,1260,0,0
205.2648,5.0862,1262,0,0
205.2896,5.0943,1264,0,0
205.3144,5.0862,1262,0,0
205.3392,5.0862,1262,0,0
205.3640,5.0862,1262,0,0
205.3888,5.0661,1257,0,0
205.4136,5.0983,1265,0,0
205.4384,5.0983,1265,0,0
205.4632,5.0903,1263,0,0
205.4880,5.0822,1261,0,0
205.5128,5.0983,1265,0,0
205.5376,5.0943,1264,0,0
205.5624,5.0742,1259,0,0
205.5872,5.1145,1269,0,0
205.6120,5.0862,1262,0,0
205.6368,5.1024,1266,0,0
205.6616,5.0983,1265,0,0
205.6864,5.1064,1267,0,0
205.7112,5.0862,1262,0,0
205.7360,5.0782,1260,0,0
205.7608,5.0862,1262,0,0
205.7856,5.0782,1260,0,0
205.8105,5.0943,1264,0,0
205.8353,5.0903,1263,0,0
205.8601,5.1265,1272,0,0
205.8849,5.0782,1260,0,0
205.9097,5.0983,1265,0,0
205.9345,5.0862,1262,0,0
205.9593,5.0782,1260,0,0
205.9841,5.0943,1264,0,0
206.0089,5.0903,1263,0,0
206.0337,5.1104,1268,0,0
206.0585,5.0862,1262,0,0
206.0833,5.0943,1264,0,0
206.1081,5.0862,1262,0,0
206.1329,5.0742,1259,0,0
206.1577,5.0782,1260,0,0
206.1825,5.0983,1265,0,0
206.2073,5.0661,1257,0,0
206.2321,5.0822,1261,0,0
206.2569,5.1064,1267,0,0
206.2817,5.0782,1260,0,0
206.3065,5.1064,1267,0,0
206.3313,5.0862,1262,0,0
206.3561,5.0943,1264,0,0
206.3809,5.0419,1251,0,0
206.4057,5.0983,1265,0,0
206.4305,5.0943,1264,0,0
206.4553,5.0742,1259,0,0
206.4801,5.0943,1264,0,0
206.5049,5.0943,1264,0,0
206.5297,5.0983,1265,0,0
206.5545,5.0822,1261,0,0
206.5793,5.0903,1263,0,0
206.6041,5.0862,1262,0,0
206.6289,5.0862,1262,0,0
206.6537,5.0983,1265,0,0
206.6785,5.1064,1267,0,0
206.7033,5.0903,1263,0,0
206.7281,5.0862,1262,0,0
206.7529,5.0983,1265,0,0
206.7777,5.0862,1262,0,0
206.8026,5.0782,1260,0,0
206.8273,5.0782,1260,0,0
206.8522,5.0862,1262,0,0
206.8770,5.0782,1260,0,0
206.9018,5.0903,1263,0,0
206.9266,5.0983,1265,0,0
206.9514,5.0862,1262,0,0
206.9762,5.0862,1262,0,0
207.0010,5.0822,1261,0,0
207.0258,5.0903,1263,0,0
207.0506,5.0419,1251,0,0
207.0754,5.0943,1264,0,0
207.1002,5.0701,1258,0,0
207.1250,5.0943,1264,0,0
207.1498,5.0822,1261,0,0
207.1746,5.0419,1251,0,0
207.1994,5.0943,1264,0,0
207.2242,5.0500,1253,0,0
207.2490,5.0742,1259,0,0
207.2738,5.0782,1260,0,0
207.2986,5.0943,1264,0,0
207.3234,5.0661,1257,0,0
207.3482,5.0862,1262,0,0
207.3730,5.0862,1262,0,0
207.3978,5.0822,1261,0,0
207.4226,5.1225,1271,0,0
207.4474,5.1024,1266,0,0
207.4722,5.0782,1260,0,0
207.4970,5.0943,1264,0,0
207.5218,5.0943,1264,0,0
207.5466,5.0943,1264,0,0
207.5714,5.0701,1258,0,0
207.5962,5.1024,1266,0,0
207.6210,5.0782,1260,0,0
207.6458,5.0862,1262,0,0
207.6706,5.0983,1265,0,0
207.6954,5.1104,1268,0,0
207.7202,5.0822,1261,0,0
207.7450,5.1064,1267,0,0
207.7698,5.0862,1262,0,0
207.7946,5.0943,1264,0,0
207.8194,5.0943,1264,0,0
207.8443,5.0782,1260,0,0
207.8690,5.0903,1263,0,0
207.8939,5.0822,1261,0,0
207.9187,5.0782,1260,0,0
207.9435,5.0822,1261,0,0
207.9683,5.0822,1261,0,0
207.9931,5.0661,1257,0,0
208.0179,5.0661,1257,0,0
208.0427,5.1104,1268,0,0
208.0675,5.0822,1261,0,0
208.0923,5.0943,1264,0,0
208.1171,5.1024,1266,0,0
208.1419,5.0943,1264,0,0
208.1667,5.0782,1260,0,0
208.1915,5.0983,1265,0,0
208.2163,5.0903,1263,0,0
208.2411,5.0943,1264,0,0
208.2659,5.1064,1267,0,0
208.2907,5.0742,1259,0,0
208.3155,5.0661,1257,0,0
208.3403,5.0742,1259,0,0
208.3651,5.0822,1261,0,0
208.3899,5.1104,1268,0,0
208.4147,5.0903,1263,0,0
208.4395,5.0943,1264,0,0
208.4643,5.1064,1267,0,0
208.4891,5.0943,1264,0,0
208.5139,5.0943,1264,0,0
208.5387,5.0862,1262,0,0
208.5635,5.0943,1264,0,0
208.5883,5.0943,1264,0,0
208.6131,5.0580,1255,0,0
208.6379,5.0983,1265,0,0
208.6627,5.0943,1264,0,0
208.6875,5.0983,1265,0,0
208.7123,5.0822,1261,0,0
208.7371,5.0822,1261,0,0
208.7619,5.0943,1264,0,0
208.7867,5.0822,1261,0,0
208.8115,5.0782,1260,0,0
208.8363,5.0782,1260,0,0
208.8611,5.0943,1264,0,0
208.8860,5.0782,1260,0,0
208.9108,5.1064,1267,0,0
208.9356,5.0943,1264,0,0
208.9604,5.0983,1265,0,0
208.9852,5.0782,1260,0,0
209.0100,5.0822,1261,0,0
209.0348,5.0862,1262,0,0
209.0596,5.0943,1264,0,0
209.0844,5.0903,1263,0,0
209.1092,5.0943,1264,0,0
209.1340,5.0862,1262,0,0
209.1588,5.0862,1262,0,0
209.1836,5.0822,1261,0,0
209.2084,5.0983,1265,0,0
209.2332,5.0862,1262,0,0
209.2580,5.0500,1253,0,0
209.2828,5.0862,1262,0,0
209.3076,5.0943,1264,0,0
209.3324,5.0782,1260,0,0
209.3572,5.0742,1259,0,0
209.3820,5.0983,1265,0,0
209.4068,5.0943,1264,0,0
209.4316,5.0661,1257,0,0
209.4564,5.0943,1264,0,0
209.4812,5.0661,1257,0,0
209.5060,5.0862,1262,0,0
209.5308,5.1265,1272,0,0
209.5556,5.0862,1262,0,0
209.5804,5.0862,1262,0,0
209.6052,5.0742,1259,0,0
209.6300,5.1024,1266,0,0
209.6548,5.0983,1265,0,0
209.6796,5.0862,1262,0,0
209.7044,5.0943,1264,0,0
209.7292,5.0862,1262,0,0
209.7540,5.0943,1264,0,0
209.7788,5.0943,1264,0,0
209.8036,5.0903,1263,0,0
209.8284,5.0782,1260,0,0
209.8532,5.0943,1264,0,0
209.8781,5.0983,1265,0,0
209.9028,5.0822,1261,0,0
209.9277,5.0943,1264,0,0
209.9525,5.0943,1264,0,0
209.9772,5.0983,1265,0,0
210.0021,5.0862,1262,0,0
210.0269,5.0822,1261,0,0
210.0517,5.0822,1261,0,0
210.0765,5.0822,1261,0,0
210.1013,5.0742,1259,0,0
210.1261,5.0983,1265,0,0
210.1509,5.0862,1262,0,0
210.1757,5.0822,1261,0,0
210.2005,5.0943,1264,0,0
210.2253,5.0782,1260,0,0
210.2501,5.0943,1264,0,0
210.2749,5.0943,1264,0,0
210.2997,5.0782,1260,0,0
210.3245,5.0943,1264,0,0
210.3493,5.0983,1265,0,0
210.3741,5.0742,1259,0,0
210.3989,5.0983,1265,0,0
210.4237,5.0742,1259,0,0
210.4485,5.0943,1264,0,0
210.4733,5.0862,1262,0,0
210.4981,5.0943,1264,0,0
210.5229,5.1145,1269,0,0
210.5477,5.0943,1264,0,0
210.5725,5.0701,1258,0,0
210.5973,5.0903,1263,0,0
210.6221,5.1265,1272,0,0
210.6469,5.0943,1264,0,0
210.6717,5.0782,1260,0,0
210.6965,5.0782,1260,0,0
210.7213,5.0983,1265,0,0
210.7461,5.0943,1264,0,0
210.7709,5.0862,1262,0,0
210.7957,5.0862,1262,0,0
210.8205,5.0983,1265,0,0
210.8453,5.0983,1265,0,0
210.8701,5.0983,1265,0,0
210.8949,5.0983,1265,0,0
210.9198,5.0903,1263,0,0
210.9445,5.0943,1264,0,0
210.9694,5.0943,1264,0,0
210.9942,5.0701,1258,0,0
211.0190,5.0983,1265,0,0
211.0438,5.0983,1265,0,0
211.0686,5.0822,1261,0,0
211.0934,5.0661,1257,0,0
211.1182,5.0822,1261,0,0
211.1430,5.0943,1264,0,0
211.1678,5.0782,1260,0,0
211.1926,5.0943,1264,0,0
211.2174,5.0782,1260,0,0
211.2422,5.1064,1267,0,0
211.2670,5.0903,1263,0,0
211.2918,5.0943,1264,0,0
211.3166,5.0983,1265,0,0
211.3414,5.0782,1260,0,0
211.3662,5.0742,1259,0,0
211.3910,5.0782,1260,0,0
211.4158,5.0983,1265,0,0
211.4406,5.0903,1263,0,0
211.4654,5.0943,1264,0,0
211.4902,5.0822,1261,0,0
211.5150,5.0742,1259,0,0
211.5398,5.0983,1265,0,0
211.5646,5.0943,1264,0,0
211.5894,5.1064,1267,0,0
211.6142,5.0862,1262,0,0
211.6390,5.1064,1267,0,0
211.6638,5.0983,1265,0,0
211.6886,5.0822,1261,0,0
211.7134,5.0782,1260,0,0
211.7382,5.0822,1261,0,0
211.7630,5.0862,1262,0,0
211.7878,5.0782,1260,0,0
211.8126,5.0943,1264,0,0
211.8374,5.0782,1260,0,0
211.8622,5.0782,1260,0,0
211.8870,5.0983,1265,0,0
211.9118,5.0862,1262,0,0
211.9366,5.0580,1255,0,0
211.9615,5.0983,1265,0,0
211.9863,5.0782,1260,0,0
212.0110,5.0822,1261,0,0
212.0359,5.0943,1264,0,0
212.0607,5.0862,1262,0,0
212.0855,5.0661,1257,0,0
212.1103,5.0943,1264,0,0
212.1351,5.0782,1260,0,0
212.1599,5.0822,1261,0,0
212.1847,5.0983,1265,0,0
212.2095,5.0862,1262,0,0
212.2343,5.0742,1259,0,0
212.2591,5.1064,1267,0,0
212.2839,5.0782,1260,0,0
212.3087,5.1265,1272,0,0
212.3335,5.0782,1260,0,0
212.3583,5.0943,1264,0,0
212.3831,5.1064,1267,0,0
212.4079,5.0782,1260,0,0
212.4327,5.0943,1264,0,0
212.4575,5.0701,1258,0,0
212.4823,5.0782,1260,0,0
212.5071,5.0943,1264,0,0
212.5319,5.0983,1265,0,0
212.5567,5.0943,1264,0,0
212.5815,5.1064,1267,0,0
212.6063,5.1024,1266,0,0
212.6311,5.0782,1260,0,0
212.6559,5.0862,1262,0,0
212.6807,5.1064,1267,0,0
212.7055,5.0822,1261,0,0
212.7303,5.0742,1259,0,0
212.7551,5.0943,1264,0,0
212.7799,5.0983,1265,0,0
212.8047,5.1064,1267,0,0
212.8295,5.0943,1264,0,0
212.8543,5.1024,1266,0,0
212.8791,5.0943,1264,0,0
212.9039,5.0943,1264,0,0
212.9287,5.0782,1260,0,0
212.9536,5.0822,1261,0,0
212.9783,5.0822,1261,0,0
213.0032,5.0983,1265,0,0
213.0280,5.0742,1259,0,0
213.0527,5.0782,1260,0,0
213.0776,5.0943,1264,0,0
213.1024,5.1064,1267,0,0
213.1272,5.0822,1261,0,0
213.1520,5.0742,1259,0,0
213.1768,5.0983,1265,0,0
213.2016,5.0903,1263,0,0
213.2264,5.0742,1259,0,0
213.2512,5.0782,1260,0,0
213.2760,5.0782,1260,0,0
213.3008,5.1306,1273,0,0
213.3256,5.0580,1255,0,0
213.3504,5.0862,1262,0,0
213.3752,5.0943,1264,0,0
213.4000,5.0943,1264,0,0
213.4248,5.0943,1264,0,0
213.4496,5.0742,1259,0,0
213.4744,5.0943,1264,0,0
213.4992,5.0661,1257,0,0
213.5240,5.0983,1265,0,0
213.5488,5.0782,1260,0,0
213.5736,5.0862,1262,0,0
213.5984,5.0943,1264,0,0
213.6232,5.0742,1259,0,0
213.6480,5.0862,1262,0,0
213.6728,5.0943,1264,0,0
213.6976,5.0943,1264,0,0
213.7224,5.0862,1262,0,0
213.7472,5.0822,1261,0,0
213.7720,5.0500,1253,0,0
213.7968,5.0903,1263,0,0
213.8216,5.0983,1265,0,0
213.8464,5.0943,1264,0,0
213.8712,5.0983,1265,0,0
213.8960,5.0822,1261,0,0
213.9208,5.0862,1262,0,0
213.9456,5.0661,1257,0,0
213.9704,5.0782,1260,0,0
213.9953,5.0943,1264,0,0
214.0201,5.1104,1268,0,0
214.0448,5.0822,1261,0,0
214.0697,5.0943,1264,0,0
214.0945,5.0862,1262,0,0
214.1193,5.0903,1263,0,0
214.1441,5.0782,1260,0,0
214.1689,5.1024,1266,0,0
214.1937,5.0943,1264,0,0
214.2185,5.0782,1260,0,0
214.2433,5.0943,1264,0,0
214.2681,5.0782,1260,0,0
214.2929,5.0943,1264,0,0
214.3177,5.0701,1258,0,0
214.3425,5.0862,1262,0,0
214.3673,5.0742,1259,0,0
214.3921,5.0782,1260,0,0
214.4169,5.1064,1267,0,0
214.4417,5.0943,1264,0,0
214.4665,5.0661,1257,0,0
214.4913,5.0943,1264,0,0
214.5161,5.1064,1267,0,0
214.5409,5.1104,1268,0,0
214.5657,5.0782,1260,0,0
214.5905,5.0862,1262,0,0
214.6153,5.0782,1260,0,0
214.6401,5.0983,1265,0,0
214.6649,5.0943,1264,0,0
214.6897,5.0903,1263,0,0
214.7145,5.0661,1257,0,0
214.7393,5.0983,1265,0,0
214.7641,5.0862,1262,0,0
214.7889,5.0943,1264,0,0
214.8137,5.0782,1260,0,0
214.8385,5.0782,1260,0,0
214.8633,5.0983,1265,0,0
214.8881,5.0943,1264,0,0
214.9129,5.0862,1262,0,0
214.9377,5.0701,1258,0,0
214.9625,5.0742,1259,0,0
214.9874,5.0782,1260,0,0
215.0121,5.0782,1260,0,0
215.0370,5.0742,1259,0,0
215.0618,5.1064,1267,0,0
215.0865,5.0782,1260,0,0
215.1114,5.0862,1262,0,0
215.1362,5.0943,1264,0,0
215.1610,5.0983,1265,0,0
215.1858,5.0742,1259,0,0
215.2106,5.0782,1260,0,0
215.2354,5.0943,1264,0,0
215.2602,5.1064,1267,0,0
215.2850,5.0782,1260,0,0
215.3098,5.0862,1262,0,0
215.3346,5.0943,1264,0,0
215.3594,5.0983,1265,0,0
215.3842,5.0903,1263,0,0
215.4090,5.0943,1264,0,0
215.4338,5.0862,1262,0,0
215.4586,5.0419,1251,0,0
215.4834,5.0742,1259,0,0
215.5082,5.0983,1265,0,0
215.5330,5.0903,1263,0,0
215.5578,5.0701,1258,0,0
215.5826,5.1104,1268,0,0
215.6074,5.0943,1264,0,0
215.6322,5.0943,1264,0,0
215.6570,5.0862,1262,0,0
215.6818,5.0943,1264,0,0
215.7066,5.0782,1260,0,0
215.7314,5.0862,1262,0,0
215.7562,5.0943,1264,0,0
215.7810,5.0983,1265,0,0
215.8058,5.0862,1262,0,0
215.8306,5.0943,1264,0,0
215.8554,5.1104,1268,0,0
215.8802,5.0943,1264,0,0
215.9050,5.1265,1272,0,0
215.9298,5.0943,1264,0,0
215.9546,5.1064,1267,0,0
215.9794,5.0822,1261,0,0
216.0042,5.0822,1261,0,0
216.0291,5.0742,1259,0,0
216.0538,5.0822,1261,0,0
216.0786,5.0782,1260,0,0
216.1035,5.1265,1272,0,0
216.1283,5.0983,1265,0,0
216.1531,5.1064,1267,0,0
216.1779,5.0983,1265,0,0
216.2027,5.0782,1260,0,0
216.2275,5.0983,1265,0,0
216.2523,5.1265,1272,0,0
216.2771,5.0943,1264,0,0
216.3019,5.0782,1260,0,0
216.3267,5.0903,1263,0,0
216.3515,5.0983,1265,0,0
216.3763,5.0379,1250,0,0
216.4011,5.1225,1271,0,0
216.4259,5.0943,1264,0,0
216.4507,5.0661,1257,0,0
216.4755,5.0782,1260,0,0
216.5003,5.0983,1265,0,0
216.5251,5.0822,1261,0,0
216.5499,5.0822,1261,0,0
216.5747,5.0983,1265,0,0
216.5995,5.0742,1259,0,0
216.6243,5.0903,1263,0,0
216.6491,5.0782,1260,0,0
216.6739,5.0943,1264,0,0
216.6987,5.0742,1259,0,0
216.7235,5.0943,1264,0,0
216.7483,5.0983,1265,0,0
216.7731,5.0742,1259,0,0
216.7979,5.0943,1264,0,0
216.8227,5.0903,1263,0,0
216.8475,5.0943,1264,0,0
216.8723,5.0943,1264,0,0
216.8971,5.0742,1259,0,0
216.9219,5.1024,1266,0,0
216.9467,5.1064,1267,0,0
216.9715,5.0782,1260,0,0
216.9963,5.0782,1260,0,0
217.0211,5.0943,1264,0,0
217.0459,5.0903,1263,0,0
217.0708,5.0782,1260,0,0
217.0956,5.0822,1261,0,0
217.1203,5.0822,1261,0,0
217.1452,5.0701,1258,0,0
217.1700,5.0983,1265,0,0
217.1948,5.0983,1265,0,0
217.2196,5.0943,1264,0,0
217.2444,5.0943,1264,0,0
217.2692,5.0983,1265,0,0
217.2940,5.0862,1262,0,0
217.3188,5.1024,1266,0,0
217.3436,5.0862,1262,0,0
217.3684,5.1024,1266,0,0
217.3932,5.0862,1262,0,0
217.4180,5.1024,1266,0,0
217.4428,5.0943,1264,0,0
217.4676,5.0580,1255,0,0
217.4924,5.0943,1264,0,0
217.5172,5.1024,1266,0,0
217.5420,5.0782,1260,0,0
217.5668,5.0943,1264,0,0
217.5916,5.1064,1267,0,0
217.6164,5.1024,1266,0,0
217.6412,5.0782,1260,0,0
217.6660,5.0943,1264,0,0
217.6908,5.0782,1260,0,0
217.7156,5.0379,1250,0,0
217.7404,5.0782,1260,0,0
217.7652,5.0943,1264,0,0
217.7900,5.1064,1267,0,0
217.8148,5.0661,1257,0,0
217.8396,5.0782,1260,0,0
217.8644,5.0782,1260,0,0
217.8892,5.0943,1264,0,0
217.9140,5.0822,1261,0,0
217.9388,5.0782,1260,0,0
217.9636,5.0862,1262,0,0
217.9884,5.0661,1257,0,0
218.0132,5.0822,1261,0,0
218.0380,5.1024,1266,0,0
218.0629,5.0822,1261,0,0
218.0876,5.0862,1262,0,0
218.1124,5.1104,1268,0,0
218.1373,5.0782,1260,0,0
218.1620,5.0943,1264,0,0
218.1869,5.0862,1262,0,0
218.2117,5.0782,1260,0,0
218.2365,5.0983,1265,0,0
218.2613,5.0782,1260,0,0
218.2861,5.0862,1262,0,0
218.3109,5.0782,1260,0,0
218.3357,5.0983,1265,0,0
218.3605,5.0943,1264,0,0
218.3853,5.0742,1259,0,0
218.4101,5.0983,1265,0,0
218.4349,5.0943,1264,0,0
218.4597,5.1024,1266,0,0
218.4845,5.0862,1262,0,0
218.5093,5.0742,1259,0,0
218.5341,5.0983,1265,0,0
218.5589,5.1064,1267,0,0
218.5837,5.0822,1261,0,0
218.6085,5.0822,1261,0,0
218.6333,5.0943,1264,0,0
218.6581,5.0742,1259,0,0
218.6829,5.0822,1261,0,0
218.7077,5.0782,1260,0,0
218.7325,5.0943,1264,0,0
218.7573,5.0903,1263,0,0
218.7821,5.1064,1267,0,0
218.8069,5.1265,1272,0,0
218.8317,5.0862,1262,0,0
218.8565,5.1064,1267,0,0
218.8813,5.0903,1263,0,0
218.9061,5.0943,1264,0,0
218.9309,5.0782,1260,0,0
218.9557,5.0943,1264,0,0
218.9805,5.0943,1264,0,0
219.0053,5.0862,1262,0,0
219.0301,5.0862,1262,0,0
219.0549,5.0983,1265,0,0
219.0797,5.0782,1260,0,0
219.1045,5.0782,1260,0,0
219.1293,5.0862,1262,0,0
219.1541,5.0943,1264,0,0
219.1790,5.0943,1264,0,0
219.2038,5.0943,1264,0,0
219.2286,5.1064,1267,0,0
219.2534,5.0862,1262,0,0
219.2782,5.0943,1264,0,0
219.3030,5.0862,1262,0,0
219.3278,5.0943,1264,0,0
219.3526,5.0862,1262,0,0
219.3774,5.0862,1262,0,0
219.4022,5.0983,1265,0,0
219.4270,5.1024,1266,0,0
219.4518,5.0661,1257,0,0
219.4766,5.0903,1263,0,0
219.5014,5.0983,1265,0,0
219.5262,5.0903,1263,0,0
219.5510,5.0782,1260,0,0
219.5758,5.0903,1263,0,0
219.6006,5.0943,1264,0,0
219.6254,5.0943,1264,0,0
219.6502,5.0903,1263,0,0
219.6750,5.0862,1262,0,0
219.6998,5.0782,1260,0,0
219.7246,5.0862,1262,0,0
219.7494,5.1064,1267,0,0
219.7742,5.1064,1267,0,0
219.7990,5.0580,1255,0,0
219.8238,5.0822,1261,0,0
219.8486,5.0822,1261,0,0
219.8734,5.0742,1259,0,0
219.8982,5.0782,1260,0,0
219.9230,5.0983,1265,0,0
219.9478,5.1265,1272,0,0
219.9726,5.0782,1260,0,0
219.9974,5.0701,1258,0,0
220.0222,5.0862,1262,0,0
220.0470,5.1064,1267,0,0
220.0718,5.0983,1265,0,0
220.0966,5.1265,1272,0,0
220.1214,5.0862,1262,0,0
220.1462,5.0822,1261,0,0
220.1711,5.0742,1259,0,0
220.1958,5.1064,1267,0,0
220.2207,5.1145,1269,0,0
220.2455,5.0862,1262,0,0
220.2703,5.0782,1260,0,0
220.2951,5.0862,1262,0,0
220.3199,5.0862,1262,0,0
220.3447,5.0822,1261,0,0
220.3695,5.0903,1263,0,0
220.3943,5.1024,1266,0,0
220.4191,5.0782,1260,0,0
220.4439,5.0540,1254,0,0
220.4687,5.1064,1267,0,0
220.4935,5.1064,1267,0,0
220.5183,5.0782,1260,0,0
220.5431,5.0943,1264,0,0
220.5679,5.1265,1272,0,0
220.5927,5.0862,1262,0,0
220.6175,5.0822,1261,0,0
220.6423,5.0943,1264,0,0
220.6671,5.0782,1260,0,0
220.6919,5.0782,1260,0,0
220.7167,5.0862,1262,0,0
220.7415,5.1064,1267,0,0
220.7663,5.0983,1265,0,0
220.7911,5.0782,1260,0,0
220.8159,5.1064,1267,0,0
220.8407,5.0943,1264,0,0
220.8655,5.0943,1264,0,0
220.8903,5.0943,1264,0,0
220.9151,5.0782,1260,0,0
220.9399,5.1104,1268,0,0
220.9647,5.0943,1264,0,0
220.9895,5.0782,1260,0,0
221.0143,5.1145,1269,0,0
221.0391,5.0822,1261,0,0
221.0639,5.0862,1262,0,0
221.0887,5.0943,1264,0,0
221.1135,5.0862,1262,0,0
221.1383,5.1265,1272,0,0
221.1631,5.1225,1271,0,0
221.1879,5.0983,1265,0,0
221.2128,5.1265,1272,0,0
221.2375,5.0862,1262,0,0
221.2624,5.0943,1264,0,0
221.2872,5.1064,1267,0,0
221.3120,5.0983,1265,0,0
221.3368,5.1064,1267,0,0
221.3616,5.0742,1259,0,0
221.3864,5.0822,1261,0,0
221.4112,5.1024,1266,0,0
221.4360,5.0943,1264,0,0
221.4608,5.0742,1259,0,0
221.4856,5.0903,1263,0,0
221.5104,5.1145,1269,0,0
221.5352,5.0862,1262,0,0
221.5600,5.0500,1253,0,0
221.5848,5.1104,1268,0,0
221.6096,5.0782,1260,0,0
221.6344,5.0943,1264,0,0
221.6592,5.0862,1262,0,0
221.6840,5.0983,1265,0,0
221.7088,5.1064,1267,0,0
221.7336,5.0500,1253,0,0
221.7584,5.0782,1260,0,0
221.7832,5.0943,1264,0,0
221.8080,5.0943,1264,0,0
221.8328,5.1225,1271,0,0
221.8576,5.0862,1262,0,0
221.8824,5.1024,1266,0,0
221.9072,5.0943,1264,0,0
221.9320,5.0983,1265,0,0
221.9568,5.0943,1264,0,0
221.9816,5.0782,1260,0,0
222.0064,5.0782,1260,0,0
222.0312,5.1064,1267,0,0
222.0560,5.0943,1264,0,0
222.0808,5.0983,1265,0,0
222.1056,5.0822,1261,0,0
222.1304,5.0701,1258,0,0
222.1552,5.0943,1264,0,0
222.1800,5.0983,1265,0,0
222.2048,5.0782,1260,0,0
222.2296,5.0379,1250,0,0
222.2545,5.0943,1264,0,0
222.2793,5.0661,1257,0,0
222.3041,5.0782,1260,0,0
222.3289,5.0983,1265,0,0
222.3537,5.1225,1271,0,0
222.3785,5.0862,1262,0,0
222.4033,5.0701,1258,0,0
222.4281,5.0943,1264,0,0
222.4529,5.0862,1262,0,0
222.4777,5.0983,1265,0,0
222.5025,5.0943,1264,0,0
222.5273,5.0943,1264,0,0
222.5521,5.0943,1264,0,0
222.5769,5.1024,1266,0,0
222.6017,5.0903,1263,0,0
222.6265,5.0983,1265,0,0
222.6513,5.0943,1264,0,0
222.6761,5.0782,1260,0,0
222.7009,5.0742,1259,0,0
222.7257,5.1265,1272,0,0
222.7505,5.0782,1260,0,0
222.7753,5.1024,1266,0,0
222.8001,5.0862,1262,0,0
222.8249,5.0862,1262,0,0
222.8497,5.0782,1260,0,0
222.8745,5.0782,1260,0,0
222.8993,5.0943,1264,0,0
222.9241,5.0742,1259,0,0
222.9489,5.0862,1262,0,0
222.9737,5.0943,1264,0,0
222.9985,5.0983,1265,0,0
223.0233,5.0983,1265,0,0
223.0481,5.0782,1260,0,0
223.0729,5.0862,1262,0,0
223.0977,5.1225,1271,0,0
223.1225,5.0782,1260,0,0
223.1473,5.0943,1264,0,0
223.1721,5.0862,1262,0,0
223.1969,5.0661,1257,0,0
223.2217,5.0862,1262,0,0
223.2466,5.0943,1264,0,0
223.2713,5.0822,1261,0,0
223.2962,5.0782,1260,0,0
223.3210,5.0742,1259,0,0
223.3458,5.0943,1264,0,0
223.3706,5.0782,1260,0,0
223.3954,5.0862,1262,0,0
223.4202,5.0701,1258,0,0
223.4450,5.0943,1264,0,0
223.4698,5.0983,1265,0,0
223.4946,5.0782,1260,0,0
223.5194,5.0862,1262,0,0
223.5442,5.0782,1260,0,0
223.5690,5.0943,1264,0,0
223.5938,5.0782,1260,0,0
223.6186,5.0701,1258,0,0
223.6434,5.0943,1264,0,0
223.6682,5.0782,1260,0,0
223.6930,5.0862,1262,0,0
223.7178,5.1104,1268,0,0
223.7426,5.0983,1265,0,0
223.7674,5.0742,1259,0,0
223.7922,5.0822,1261,0,0
223.8170,5.0862,1262,0,0
223.8418,5.0701,1258,0,0
223.8666,5.0943,1264,0,0
223.8914,5.0943,1264,0,0
223.9162,5.0943,1264,0,0
223.9410,5.0943,1264,0,0
223.9658,5.0822,1261,0,0
223.9906,5.0782,1260,0,0
224.0154,5.0782,1260,0,0
224.0402,5.0943,1264,0,0
224.0650,5.0661,1257,0,0
224.0898,5.0983,1265,0,0
224.1146,5.0822,1261,0,0
224.1394,5.0943,1264,0,0
224.1642,5.0943,1264,0,0
224.1890,5.1064,1267,0,0
224.2138,5.1104,1268,0,0
224.2386,5.0943,1264,0,0
224.2634,5.0983,1265,0,0
224.2883,5.0782,1260,0,0
224.3130,5.0742,1259,0,0
224.3379,5.0822,1261,0,0
224.3627,5.0903,1263,0,0
224.3875,5.0943,1264,0,0
224.4123,5.0782,1260,0,0
224.4371,5.0983,1265,0,0
224.4619,5.0943,1264,0,0
224.4867,5.0862,1262,0,0
224.5115,5.0742,1259,0,0
224.5363,5.0983,1265,0,0
224.5611,5.0943,1264,0,0
224.5859,5.0862,1262,0,0
224.6107,5.0862,1262,0,0
224.6355,5.0943,1264,0,0
224.6603,5.0943,1264,0,0
224.6851,5.0822,1261,0,0
224.7099,5.0782,1260,0,0
224.7347,5.1104,1268,0,0
224.7595,5.0742,1259,0,0
224.7843,5.0782,1260,0,0
224.8091,5.0500,1253,0,0
224.8339,5.0943,1264,0,0
224.8587,5.0903,1263,0,0
224.8835,5.0943,1264,0,0
224.9083,5.1024,1266,0,0
224.9331,5.0903,1263,0,0
224.9579,5.0822,1261,0,0
224.9827,5.0742,1259,0,0
225.0075,5.0862,1262,0,0
225.0323,5.0782,1260,0,0
225.0571,5.0943,1264,0,0
225.0819,5.0822,1261,0,0
225.1067,5.0742,1259,0,0
225.1315,5.0943,1264,0,0
225.1563,5.0983,1265,0,0
225.1811,5.0983,1265,0,0
225.2059,5.1024,1266,0,0
225.2307,5.0983,1265,0,0
225.2555,5.0862,1262,0,0
225.2803,5.0782,1260,0,0
225.3051,5.0983,1265,0,0
225.3300,5.0943,1264,0,0
225.3548,5.1064,1267,0,0
225.3796,5.0782,1260,0,0
225.4044,5.0862,1262,0,0
225.4292,5.1104,1268,0,0
225.4540,5.0782,1260,0,0
225.4788,5.0822,1261,0,0
225.5036,5.0540,1254,0,0
225.5284,5.0822,1261,0,0
225.5532,5.0862,1262,0,0
225.5780,5.0983,1265,0,0
225.6028,5.0782,1260,0,0
225.6276,5.0943,1264,0,0
225.6524,5.0661,1257,0,0
225.6772,5.0943,1264,0,0
225.7020,5.0943,1264,0,0
225.7268,5.0862,1262,0,0
225.7516,5.0862,1262,0,0
225.7764,5.0822,1261,0,0
225.8012,5.0943,1264,0,0
225.8260,5.0661,1257,0,0
225.8508,5.0862,1262,0,0
225.8756,5.0862,1262,0,0
225.9004,5.0983,1265,0,0
225.9252,5.0782,1260,0,0
225.9500,5.0782,1260,0,0
225.9748,5.0862,1262,0,0
225.9996,5.0782,1260,0,0
226.0244,5.0862,1262,0,0
226.0492,5.0943,1264,0,0
226.0740,5.0742,1259,0,0
226.0988,5.0903,1263,0,0
226.1236,5.0943,1264,0,0
226.1484,5.0983,1265,0,0
226.1732,5.0862,1262,0,0
226.1980,5.0822,1261,0,0
226.2228,5.0943,1264,0,0
226.2476,5.0701,1258,0,0
226.2724,5.0742,1259,0,0
226.2972,5.0943,1264,0,0
226.3221,5.0943,1264,0,0
226.3468,5.0943,1264,0,0
226.3717,5.0943,1264,0,0
226.3965,5.0943,1264,0,0
226.4213,5.0862,1262,0,0
226.4461,5.0862,1262,0,0
226.4709,5.0782,1260,0,0
226.4957,5.0943,1264,0,0
226.5205,5.0742,1259,0,0
226.5453,5.0782,1260,0,0
226.5701,5.0983,1265,0,0
226.5949,5.1024,1266,0,0
226.6197,5.0983,1265,0,0
226.6445,5.0742,1259,0,0
226.6693,5.0782,1260,0,0
226.6941,5.0862,1262,0,0
226.7189,5.0943,1264,0,0
226.7437,5.0943,1264,0,0
226.7685,5.0943,1264,0,0
226.7933,5.0983,1265,0,0
226.8181,5.0862,1262,0,0
226.8429,5.0782,1260,0,0
226.8677,5.0822,1261,0,0
226.8925,5.0903,1263,0,0
226.9173,5.0782,1260,0,0
226.9421,5.1265,1272,0,0
226.9669,5.0782,1260,0,0
226.9917,5.0742,1259,0,0
227.0165,5.0782,1260,0,0
227.0413,5.0661,1257,0,0
227.0661,5.0903,1263,0,0
227.0909,5.0782,1260,0,0
227.1157,5.0943,1264,0,0
227.1405,5.0782,1260,0,0
227.1653,5.1064,1267,0,0
227.1901,5.0742,1259,0,0
227.2149,5.0782,1260,0,0
227.2397,5.0943,1264,0,0
227.2645,5.0742,1259,0,0
227.2893,5.0822,1261,0,0
227.3141,5.0943,1264,0,0
227.3389,5.1104,1268,0,0
227.3638,5.0983,1265,0,0
227.3885,5.0983,1265,0,0
227.4134,5.0822,1261,0,0
227.4382,5.0782,1260,0,0
227.4630,5.0661,1257,0,0
227.4878,5.0742,1259,0,0
227.5126,5.1104,1268,0,0
227.5374,5.0943,1264,0,0
227.5622,5.0661,1257,0,0
227.5870,5.0943,1264,0,0
227.6118,5.0782,1260,0,0
227.6366,5.1064,1267,0,0
227.6614,5.0822,1261,0,0
227.6862,5.0822,1261,0,0
227.7110,5.0943,1264,0,0
227.7358,5.0983,1265,0,0
227.7606,5.0822,1261,0,0
227.7854,5.0903,1263,0,0
227.8102,5.0983,1265,0,0
227.8350,5.0983,1265,0,0
227.8598,5.0862,1262,0,0
227.8846,5.0983,1265,0,0
227.9094,5.1024,1266,0,0
227.9342,5.1104,1268,0,0
227.9590,5.0903,1263,0,0
227.9838,5.0903,1263,0,0
228.0086,5.0661,1257,0,0
228.0334,5.1225,1271,0,0
228.0582,5.0661,1257,0,0
228.0830,5.0862,1262,0,0
228.1078,5.0782,1260,0,0
228.1326,5.1306,1273,0,0
228.1574,5.0862,1262,0,0
228.1822,5.0862,1262,0,0
228.2070,5.0580,1255,0,0
228.2318,5.1265,1272,0,0
228.2566,5.0701,1258,0,0
228.2814,5.0943,1264,0,0
228.3062,5.0943,1264,0,0
228.3310,5.0742,1259,0,0
228.3559,5.1064,1267,0,0
228.3806,5.1064,1267,0,0
228.4055,5.0862,1262,0,0
228.4303,5.0782,1260,0,0
228.4551,5.0782,1260,0,0
228.4799,5.0943,1264,0,0
228.5047,5.0943,1264,0,0
228.5295,5.0943,1264,0,0
228.5543,5.0903,1263,0,0
228.5791,5.0742,1259,0,0
228.6039,5.0943,1264,0,0
228.6287,5.0983,1265,0,0
228.6535,5.1064,1267,0,0
228.6783,5.0742,1259,0,0
228.7031,5.0782,1260,0,0
228.7279,5.0661,1257,0,0
228.7527,5.0943,1264,0,0
228.7775,5.0862,1262,0,0
228.8023,5.0742,1259,0,0
228.8271,5.0943,1264,0,0
228.8519,5.0943,1264,0,0
228.8767,5.0782,1260,0,0
228.9015,5.0742,1259,0,0
228.9263,5.0943,1264,0,0
228.9511,5.0661,1257,0,0
228.9759,5.1064,1267,0,0
229.0007,5.0742,1259,0,0
229.0255,5.0782,1260,0,0
229.0503,5.0782,1260,0,0
229.0751,5.0943,1264,0,0
229.0999,5.0862,1262,0,0
229.1247,5.0903,1263,0,0
229.1495,5.0782,1260,0,0
229.1743,5.0742,1259,0,0
229.1991,5.0943,1264,0,0
229.2239,5.0782,1260,0,0
229.2487,5.1386,1275,0,0
229.2735,5.0701,1258,0,0
229.2983,5.0782,1260,0,0
229.3231,5.0822,1261,0,0
229.3479,5.1104,1268,0,0
229.3727,5.0862,1262,0,0
229.3976,5.0943,1264,0,0
229.4223,5.0943,1264,0,0
229.4472,5.0379,1250,0,0
229.4720,5.0822,1261,0,0
229.4968,5.0782,1260,0,0
229.5216,5.0782,1260,0,0
229.5464,5.0903,1263,0,0
229.5712,5.0983,1265,0,0
229.5960,5.0943,1264,0,0
229.6208,5.0862,1262,0,0
229.6456,5.1024,1266,0,0
229.6704,5.0782,1260,0,0
229.6952,5.0983,1265,0,0
229.7200,5.0782,1260,0,0
229.7448,5.0782,1260,0,0
229.7696,5.0943,1264,0,0
229.7944,5.0862,1262,0,0
229.8192,5.0903,1263,0,0
229.8440,5.0983,1265,0,0
229.8688,5.1024,1266,0,0
229.8936,5.0742,1259,0,0
229.9184,5.0822,1261,0,0
229.9432,5.0943,1264,0,0
229.9680,5.0742,1259,0,0
229.9928,5.0943,1264,0,0
230.0176,5.0782,1260,0,0
230.0424,5.0903,1263,0,0
230.0672,5.1064,1267,0,0
230.0920,5.0862,1262,0,0
230.1168,5.0379,1250,0,0
230.1416,5.0822,1261,0,0
230.1664,5.0903,1263,0,0
230.1912,5.0943,1264,0,0
230.2160,5.0983,1265,0,0
230.2408,5.1064,1267,0,0
230.2656,5.1024,1266,0,0
230.2904,5.0379,1250,0,0
230.3152,5.0983,1265,0,0
230.3400,5.0742,1259,0,0
230.3648,5.0943,1264,0,0
230.3896,5.1024,1266,0,0
230.4144,5.0943,1264,0,0
230.4393,5.0782,1260,0,0
230.4641,5.0782,1260,0,0
230.4889,5.0903,1263,0,0
230.5137,5.0943,1264,0,0
230.5385,5.1104,1268,0,0
230.5633,5.1024,1266,0,0
230.5881,5.0742,1259,0,0
230.6129,5.0782,1260,0,0
230.6377,5.0540,1254,0,0
230.6625,5.0782,1260,0,0
230.6873,5.0903,1263,0,0
230.7121,5.0983,1265,0,0
230.7369,5.1064,1267,0,0
230.7617,5.0782,1260,0,0
230.7865,5.0943,1264,0,0
230.8113,5.0862,1262,0,0
230.8361,5.0742,1259,0,0
230.8609,5.0943,1264,0,0
230.8857,5.0782,1260,0,0
230.9105,5.0943,1264,0,0
230.9353,5.1064,1267,0,0
230.9601,5.0903,1263,0,0
230.9849,5.0379,1250,0,0
231.0097,5.0782,1260,0,0
231.0345,5.1064,1267,0,0
231.0593,5.0782,1260,0,0
231.0841,5.0943,1264,0,0
231.1089,5.0862,1262,0,0
231.1337,5.1225,1271,0,0
231.1585,5.0983,1265,0,0
231.1833,5.0742,1259,0,0
231.2081,5.0903,1263,0,0
231.2329,5.0862,1262,0,0
231.2577,5.0862,1262,0,0
231.2825,5.0661,1257,0,0
231.3073,5.1024,1266,0,0
231.3321,5.0782,1260,0,0
231.3569,5.0500,1253,0,0
231.3817,5.0943,1264,0,0
231.4065,5.0943,1264,0,0
231.4314,5.0742,1259,0,0
231.4561,5.0661,1257,0,0
231.4810,5.0782,1260,0,0
231.5058,5.0782,1260,0,0
231.5306,5.0822,1261,0,0
231.5554,5.0943,1264,0,0
231.5802,5.0983,1265,0,0
231.6050,5.0742,1259,0,0
231.6298,5.0943,1264,0,0
231.6546,5.0943,1264,0,0
231.6794,5.0782,1260,0,0
231.7042,5.0822,1261,0,0
231.7290,5.0822,1261,0,0
231.7538,5.0782,1260,0,0
231.7786,5.0943,1264,0,0
231.8034,5.0943,1264,0,0
231.8282,5.0298,1248,0,0
231.8530,5.0983,1265,0,0
231.8778,5.0862,1262,0,0
231.9026,5.0822,1261,0,0
231.9274,5.0943,1264,0,0
231.9522,5.0822,1261,0,0
231.9770,5.0782,1260,0,0
232.0018,5.0943,1264,0,0
232.0266,5.0983,1265,0,0
232.0514,5.0661,1257,0,0
232.0762,5.0782,1260,0,0
232.1010,5.1064,1267,0,0
232.1258,5.0742,1259,0,0
232.1506,5.0862,1262,0,0
232.1754,5.1104,1268,0,0
232.2002,5.0943,1264,0,0
232.2250,5.0862,1262,0,0
232.2498,5.0983,1265,0,0
232.2746,5.0943,1264,0,0
232.2994,5.0782,1260,0,0
232.3242,5.0983,1265,0,0
232.3490,5.0661,1257,0,0
232.3738,5.0943,1264,0,0
232.3986,5.0903,1263,0,0
232.4234,5.0661,1257,0,0
232.4482,5.0782,1260,0,0
232.4731,5.1064,1267,0,0
232.4978,5.0782,1260,0,0
232.5227,5.0822,1261,0,0
232.5475,5.0822,1261,0,0
232.5723,5.0903,1263,0,0
232.5971,5.0782,1260,0,0
232.6219,5.0742,1259,0,0
232.6467,5.0943,1264,0,0
232.6715,5.0782,1260,0,0
232.6963,5.1024,1266,0,0
232.7211,5.0822,1261,0,0
232.7459,5.0862,1262,0,0
232.7707,5.0782,1260,0,0
232.7955,5.0903,1263,0,0
232.8203,5.0903,1263,0,0
232.8451,5.0500,1253,0,0
232.8699,5.1024,1266,0,0
232.8947,5.0742,1259,0,0
232.9195,5.0943,1264,0,0
232.9443,5.0782,1260,0,0
232.9691,5.0983,1265,0,0
232.9939,5.0943,1264,0,0
233.0187,5.1064,1267,0,0
233.0435,5.0943,1264,0,0
233.0683,5.0782,1260,0,0
233.0931,5.0782,1260,0,0
233.1179,5.0943,1264,0,0
233.1427,5.0782,1260,0,0
233.1675,5.0742,1259,0,0
233.1923,5.1024,1266,0,0
233.2171,5.0782,1260,0,0
233.2419,5.1064,1267,0,0
233.2667,5.0822,1261,0,0
233.2915,5.0943,1264,0,0
233.3163,5.0983,1265,0,0
233.3411,5.0862,1262,0,0
233.3659,5.0500,1253,0,0
233.3907,5.0943,1264,0,0
233.4155,5.0903,1263,0,0
233.4403,5.0782,1260,0,0
233.4651,5.0943,1264,0,0
233.4899,5.0862,1262,0,0
233.5148,5.0742,1259,0,0
233.5396,5.0983,1265,0,0
233.5644,5.1064,1267,0,0
233.5892,5.0782,1260,0,0
233.6140,5.0742,1259,0,0
233.6388,5.0983,1265,0,0
233.6636,5.0862,1262,0,0
233.6884,5.0862,1262,0,0
233.7132,5.0742,1259,0,0
233.7380,5.0943,1264,0,0
233.7628,5.1064,1267,0,0
233.7876,5.1024,1266,0,0
233.8124,5.0782,1260,0,0
233.8372,5.0862,1262,0,0
233.8620,5.0943,1264,0,0
233.8868,5.0782,1260,0,0
233.9116,5.0742,1259,0,0
233.9364,5.0903,1263,0,0
233.9612,5.0983,1265,0,0
233.9860,5.1024,1266,0,0
234.0108,5.0983,1265,0,0
234.0356,5.0983,1265,0,0
234.0604,5.0822,1261,0,0
234.0852,5.0903,1263,0,0
234.1100,5.0862,1262,0,0
234.1348,5.0701,1258,0,0
234.1596,5.0661,1257,0,0
234.1844,5.0943,1264,0,0
234.2092,5.0862,1262,0,0
234.2340,5.0903,1263,0,0
234.2588,5.0943,1264,0,0
234.2836,5.0782,1260,0,0
234.3084,5.0701,1258,0,0
234.3332,5.0943,1264,0,0
234.3580,5.0782,1260,0,0
234.3828,5.0782,1260,0,0
234.4076,5.0661,1257,0,0
234.4324,5.0742,1259,0,0
234.4572,5.0782,1260,0,0
234.4820,5.0903,1263,0,0
234.5069,5.1024,1266,0,0
234.5316,5.0742,1259,0,0
234.5565,5.0983,1265,0,0
234.5813,5.0701,1258,0,0
234.6060,5.1024,1266,0,0
234.6309,5.0782,1260,0,0
234.6557,5.0782,1260,0,0
234.6805,5.0782,1260,0,0
234.7053,5.0782,1260,0,0
234.7301,5.0943,1264,0,0
234.7549,5.0782,1260,0,0
234.7797,5.0862,1262,0,0
234.8045,5.0943,1264,0,0
234.8293,5.0782,1260,0,0
234.8541,5.0742,1259,0,0
234.8789,5.0943,1264,0,0
234.9037,5.0782,1260,0,0
234.9285,5.0742,1259,0,0
234.9533,5.0782,1260,0,0
234.9781,5.0742,1259,0,0
235.0029,5.0742,1259,0,0
235.0277,5.0742,1259,0,0
235.0525,5.0742,1259,0,0
235.0773,5.0903,1263,0,0
235.1021,5.0943,1264,0,0
235.1269,5.0862,1262,0,0
235.1517,5.0862,1262,0,0
235.1765,5.0862,1262,0,0
235.2013,5.0862,1262,0,0
235.2261,5.0782,1260,0,0
235.2509,5.0943,1264,0,0
235.2757,5.0782,1260,0,0
235.3005,5.0943,1264,0,0
235.3253,5.0983,1265,0,0
235.3501,5.0943,1264,0,0
235.3749,5.0661,1257,0,0
235.3997,5.0903,1263,0,0
235.4245,5.1225,1271,0,0
235.4493,5.0943,1264,0,0
235.4741,5.0782,1260,0,0
235.4989,5.0983,1265,0,0
235.5237,5.0943,1264,0,0
235.5486,5.0943,1264,0,0
235.5733,5.0742,1259,0,0
235.5982,5.0943,1264,0,0
235.6230,5.0943,1264,0,0
235.6478,5.1225,1271,0,0
235.6726,5.0822,1261,0,0
235.6974,5.0822,1261,0,0
235.7222,5.0701,1258,0,0
235.7470,5.0983,1265,0,0
235.7718,5.0903,1263,0,0
235.7966,5.0943,1264,0,0
235.8214,5.0782,1260,0,0
235.8462,5.0943,1264,0,0
235.8710,5.0822,1261,0,0
235.8958,5.0943,1264,0,0
235.9206,5.0580,1255,0,0
235.9454,5.0742,1259,0,0
235.9702,5.0983,1265,0,0
235.9950,5.1225,1271,0,0
236.0198,5.0782,1260,0,0
236.0446,5.0943,1264,0,0
236.0694,5.0822,1261,0,0
236.0942,5.0862,1262,0,0
236.1190,5.1265,1272,0,0
236.1438,5.0943,1264,0,0
236.1686,5.0862,1262,0,0
236.1934,5.0903,1263,0,0
236.2182,5.0862,1262,0,0
236.2430,5.0500,1253,0,0
236.2678,5.0862,1262,0,0
236.2926,5.0903,1263,0,0
236.3174,5.0862,1262,0,0
236.3422,5.1104,1268,0,0
236.3670,5.1064,1267,0,0
236.3918,5.0983,1265,0,0
236.4166,5.0983,1265,0,0
236.4414,5.0903,1263,0,0
236.4662,5.0862,1262,0,0
236.4910,5.0983,1265,0,0
236.5158,5.0903,1263,0,0
236.5406,5.0580,1255,0,0
236.5654,5.0742,1259,0,0
236.5903,5.0862,1262,0,0
236.6151,5.0782,1260,0,0
236.6398,5.0862,1262,0,0
236.6647,5.0903,1263,0,0
236.6895,5.0742,1259,0,0
236.7143,5.0782,1260,0,0
236.7391,5.0943,1264,0,0
236.7639,5.0701,1258,0,0
236.7887,5.0661,1257,0,0
236.8135,5.0822,1261,0,0
236.8383,5.0983,1265,0,0
236.8631,5.0782,1260,0,0
236.8879,5.0862,1262,0,0
236.9127,5.0782,1260,0,0
236.9375,5.0943,1264,0,0
236.9623,5.0943,1264,0,0
236.9871,5.1024,1266,0,0
237.0119,5.0782,1260,0,0
237.0367,5.0983,1265,0,0
237.0615,5.0862,1262,0,0
237.0863,5.0822,1261,0,0
237.1111,5.0983,1265,0,0
237.1359,5.1265,1272,0,0
237.1607,5.1064,1267,0,0
237.1855,5.0862,1262,0,0
237.2103,5.0782,1260,0,0
237.2351,5.0903,1263,0,0
237.2599,5.0822,1261,0,0
237.2847,5.0862,1262,0,0
237.3095,5.1024,1266,0,0
237.3343,5.0822,1261,0,0
237.3591,5.0661,1257,0,0
237.3839,5.0782,1260,0,0
237.4087,5.0822,1261,0,0
237.4335,5.1265,1272,0,0
237.4583,5.0862,1262,0,0
237.4831,5.0943,1264,0,0
237.5079,5.0742,1259,0,0
237.5327,5.0943,1264,0,0
237.5575,5.0943,1264,0,0
237.5824,5.0862,1262,0,0
237.6071,5.0943,1264,0,0
237.6320,5.0943,1264,0,0
237.6568,5.0782,1260,0,0
237.6815,5.0742,1259,0,0
237.7064,5.0822,1261,0,0
237.7312,5.0862,1262,0,0
237.7560,5.0943,1264,0,0
237.7808,5.0782,1260,0,0
237.8056,5.1265,1272,0,0
237.8304,5.0822,1261,0,0
237.8552,5.0943,1264,0,0
237.8800,5.0862,1262,0,0
237.9048,5.0742,1259,0,0
237.9296,5.0983,1265,0,0
237.9544,5.0943,1264,0,0
237.9792,5.0903,1263,0,0
238.0040,5.0862,1262,0,0
238.0288,5.0782,1260,0,0
238.0536,5.0782,1260,0,0
238.0784,5.0500,1253,0,0
238.1032,5.1104,1268,0,0
238.1280,5.0742,1259,0,0
238.1528,5.1225,1271,0,0
238.1776,5.0782,1260,0,0
238.2024,5.0782,1260,0,0
238.2272,5.0903,1263,0,0
238.2520,5.0943,1264,0,0
238.2768,5.0782,1260,0,0
238.3016,5.0782,1260,0,0
238.3264,5.0903,1263,0,0
238.3512,5.0903,1263,0,0
238.3760,5.0943,1264,0,0
238.4008,5.0943,1264,0,0
238.4256,5.0822,1261,0,0
238.4504,5.0742,1259,0,0
238.4752,5.0943,1264,0,0
238.5000,5.0661,1257,0,0
238.5248,5.0822,1261,0,0
238.5496,5.1145,1269,0,0
238.5744,5.0782,1260,0,0
238.5992,5.0943,1264,0,0
238.6241,5.0742,1259,0,0
238.6488,5.1064,1267,0,0
238.6736,5.0742,1259,0,0
238.6985,5.0943,1264,0,0
238.7233,5.0782,1260,0,0
238.7481,5.0782,1260,0,0
238.7729,5.0661,1257,0,0
238.7977,5.1064,1267,0,0
238.8225,5.0701,1258,0,0
238.8473,5.0742,1259,0,0
238.8721,5.1104,1268,0,0
238.8969,5.0742,1259,0,0
238.9217,5.0379,1250,0,0
238.9465,5.0862,1262,0,0
238.9713,5.0943,1264,0,0
238.9961,5.0943,1264,0,0
239.0209,5.0782,1260,0,0
239.0457,5.0943,1264,0,0
239.0705,5.0822,1261,0,0
239.0953,5.0943,1264,0,0
239.1201,5.0983,1265,0,0
239.1449,5.0943,1264,0,0
239.1697,5.0943,1264,0,0
239.1945,5.0983,1265,0,0
239.2193,5.1064,1267,0,0
239.2441,5.0983,1265,0,0
239.2689,5.0943,1264,0,0
239.2937,5.1024,1266,0,0
239.3185,5.0943,1264,0,0
239.3433,5.0742,1259,0,0
239.3681,5.0742,1259,0,0
239.3929,5.0903,1263,0,0
239.4177,5.0822,1261,0,0
239.4425,5.1064,1267,0,0
239.4673,5.0983,1265,0,0
239.4921,5.0742,1259,0,0
239.5169,5.0903,1263,0,0
239.5417,5.0661,1257,0,0
239.5665,5.0943,1264,0,0
239.5913,5.0782,1260,0,0
239.6161,5.0862,1262,0,0
239.6409,5.0903,1263,0,0
239.6658,5.0782,1260,0,0
239.6906,5.0862,1262,0,0
239.7153,5.0661,1257,0,0
239.7402,5.0943,1264,0,0
239.7650,5.0742,1259,0,0
239.7898,5.0983,1265,0,0
239.8146,5.0862,1262,0,0
239.8394,5.0943,1264,0,0
239.8642,5.1024,1266,0,0
239.8890,5.0701,1258,0,0
239.9138,5.1104,1268,0,0
239.9386,5.0782,1260,0,0
239.9634,5.0862,1262,0,0
239.9882,5.0862,1262,0,0
240.0130,5.0983,1265,0,0
240.0378,5.1064,1267,0,0
240.0626,5.0943,1264,0,0
240.0874,5.0943,1264,0,0
240.1122,5.1024,1266,0,0
240.1370,5.0903,1263,0,0
240.1618,5.0943,1264,0,0
240.1866,5.0782,1260,0,0
240.2114,5.0782,1260,0,0
240.2362,5.0742,1259,0,0
240.2610,5.0862,1262,0,0
240.2858,5.0943,1264,0,0
240.3106,5.1225,1271,0,0
240.3354,5.0903,1263,0,0
240.3602,5.1064,1267,0,0
240.3850,5.0742,1259,0,0
240.4098,5.0782,1260,0,0
240.4346,5.0822,1261,0,0
240.4594,5.1024,1266,0,0
240.4842,5.0943,1264,0,0
240.5090,5.0782,1260,0,0
240.5338,5.0661,1257,0,0
240.5586,5.0742,1259,0,0
240.5834,5.0943,1264,0,0
240.6082,5.0943,1264,0,0
240.6330,5.0943,1264,0,0
240.6579,5.1104,1268,0,0
240.6826,5.0943,1264,0,0
240.7074,5.0943,1264,0,0
240.7323,5.0742,1259,0,0
240.7570,5.0822,1261,0,0
240.7819,5.0782,1260,0,0
240.8067,5.0983,1265,0,0
240.8315,5.0782,1260,0,0
240.8563,5.0862,1262,0,0
240.8811,5.0742,1259,0,0
240.9059,5.1064,1267,0,0
240.9307,5.1024,1266,0,0
240.9555,5.0822,1261,0,0
240.9803,5.0943,1264,0,0
241.0051,5.0983,1265,0,0
241.0299,5.1024,1266,0,0
241.0547,5.0943,1264,0,0
241.0795,5.0983,1265,0,0
241.1043,5.0742,1259,0,0
241.1291,5.0903,1263,0,0
241.1539,5.0782,1260,0,0
241.1787,5.0782,1260,0,0
241.2035,5.0862,1262,0,0
241.2283,5.0782,1260,0,0
241.2531,5.1064,1267,0,0
241.2779,5.0782,1260,0,0
241.3027,5.0782,1260,0,0
241.3275,5.0742,1259,0,0
241.3523,5.1064,1267,0,0
241.3771,5.1024,1266,0,0
241.4019,5.0822,1261,0,0
241.4267,5.1064,1267,0,0
241.4515,5.0742,1259,0,0
241.4763,5.0822,1261,0,0
241.5011,5.0903,1263,0,0
241.5259,5.0862,1262,0,0
241.5507,5.1024,1266,0,0
241.5755,5.1104,1268,0,0
241.6003,5.0943,1264,0,0
241.6251,5.0580,1255,0,0
241.6499,5.0943,1264,0,0
241.6747,5.0782,1260,0,0
241.6996,5.0782,1260,0,0
241.7243,5.0742,1259,0,0
241.7491,5.0983,1265,0,0
241.7740,5.0822,1261,0,0
241.7988,5.0782,1260,0,0
241.8236,5.0701,1258,0,0
241.8484,5.0943,1264,0,0
241.8732,5.1024,1266,0,0
241.8980,5.0862,1262,0,0
241.9228,5.0782,1260,0,0
241.9476,5.0862,1262,0,0
241.9724,5.0862,1262,0,0
241.9972,5.1064,1267,0,0
242.0220,5.0943,1264,0,0
242.0468,5.0782,1260,0,0
242.0716,5.0983,1265,0,0
242.0964,5.0580,1255,0,0
242.1212,5.0943,1264,0,0
242.1460,5.0943,1264,0,0
242.1708,5.0742,1259,0,0
242.1956,5.0701,1258,0,0
242.2204,5.1346,1274,0,0
242.2452,5.0661,1257,0,0
242.2700,5.0862,1262,0,0
242.2948,5.0903,1263,0,0
242.3196,5.0822,1261,0,0
242.3444,5.0862,1262,0,0
242.3692,5.0701,1258,0,0
242.3940,5.0782,1260,0,0
242.4188,5.1024,1266,0,0
242.4436,5.1024,1266,0,0
242.4684,5.1024,1266,0,0
242.4932,5.0943,1264,0,0
242.5180,5.0903,1263,0,0
242.5428,5.0862,1262,0,0
242.5676,5.0943,1264,0,0
242.5924,5.0782,1260,0,0
242.6172,5.0782,1260,0,0
242.6420,5.0943,1264,0,0
242.6668,5.0903,1263,0,0
242.6917,5.0862,1262,0,0
242.7164,5.0943,1264,0,0
242.7412,5.0782,1260,0,0
242.7661,5.0943,1264,0,0
242.7908,5.0943,1264,0,0
242.8157,5.0943,1264,0,0
242.8405,5.0943,1264,0,0
242.8653,5.1104,1268,0,0
242.8901,5.0943,1264,0,0
242.9149,5.0983,1265,0,0
242.9397,5.0822,1261,0,0
242.9645,5.0983,1265,0,0
242.9893,5.0943,1264,0,0
243.0141,5.0782,1260,0,0
243.0389,5.1265,1272,0,0
243.0637,5.0822,1261,0,0
243.0885,5.0943,1264,0,0
243.1133,5.0943,1264,0,0
243.1381,5.0862,1262,0,0
243.1629,5.0782,1260,0,0
243.1877,5.0782,1260,0,0
243.2125,5.0943,1264,0,0
243.2373,5.0701,1258,0,0
243.2621,5.0782,1260,0,0
243.2869,5.0943,1264,0,0
243.3117,5.1145,1269,0,0
243.3365,5.0701,1258,0,0
243.3613,5.1024,1266,0,0
243.3861,5.0862,1262,0,0
243.4109,5.0943,1264,0,0
243.4357,5.0943,1264,0,0
243.4605,5.1064,1267,0,0
243.4853,5.0661,1257,0,0
243.5101,5.0782,1260,0,0
243.5349,5.0983,1265,0,0
243.5597,5.0862,1262,0,0
243.5845,5.0862,1262,0,0
243.6093,5.0742,1259,0,0
243.6341,5.0742,1259,0,0
243.6589,5.0903,1263,0,0
243.6837,5.0742,1259,0,0
243.7085,5.0862,1262,0,0
243.7333,5.0862,1262,0,0
243.7581,5.0782,1260,0,0
243.7829,5.0943,1264,0,0
243.8078,5.0742,1259,0,0
243.8326,5.0580,1255,0,0
243.8574,5.0983,1265,0,0
243.8822,5.0782,1260,0,0
243.9070,5.0943,1264,0,0
243.9318,5.0943,1264,0,0
243.9566,5.0983,1265,0,0
243.9814,5.0943,1264,0,0
244.0062,5.0701,1258,0,0
244.0310,5.0782,1260,0,0
244.0558,5.0943,1264,0,0
244.0806,5.1265,1272,0,0
244.1054,5.0742,1259,0,0
244.1302,5.0500,1253,0,0
244.1550,5.0983,1265,0,0
244.1798,5.0943,1264,0,0
244.2046,5.1064,1267,0,0
244.2294,5.0862,1262,0,0
244.2542,5.1064,1267,0,0
244.2790,5.0903,1263,0,0
244.3038,5.0742,1259,0,0
244.3286,5.0782,1260,0,0
244.3534,5.0903,1263,0,0
244.3782,5.0782,1260,0,0
244.4030,5.0943,1264,0,0
244.4278,5.0943,1264,0,0
244.4526,5.0943,1264,0,0
244.4774,5.0742,1259,0,0
244.5022,5.0903,1263,0,0
244.5270,5.0943,1264,0,0
244.5518,5.0903,1263,0,0
244.5766,5.0943,1264,0,0
244.6014,5.0862,1262,0,0
244.6262,5.0782,1260,0,0
244.6510,5.1104,1268,0,0
244.6758,5.0943,1264,0,0
244.7006,5.0862,1262,0,0
244.7254,5.0903,1263,0,0
244.7502,5.0943,1264,0,0
244.7750,5.0862,1262,0,0
244.7999,5.0983,1265,0,0
244.8246,5.0943,1264,0,0
244.8495,5.0903,1263,0,0
244.8743,5.1064,1267,0,0
244.8991,5.0943,1264,0,0
244.9239,5.0822,1261,0,0
244.9487,5.0742,1259,0,0
244.9735,5.0983,1265,0,0
244.9983,5.1265,1272,0,0
245.0231,5.0782,1260,0,0
245.0479,5.0903,1263,0,0
245.0727,5.0862,1262,0,0
245.0975,5.0782,1260,0,0
245.1223,5.0862,1262,0,0
245.1471,5.0943,1264,0,0
245.1719,5.0862,1262,0,0
245.1967,5.0822,1261,0,0
245.2215,5.1104,1268,0,0
245.2463,5.0540,1254,0,0
245.2711,5.0742,1259,0,0
245.2959,5.0983,1265,0,0
245.3207,5.0903,1263,0,0
245.3455,5.0983,1265,0,0
245.3703,5.0782,1260,0,0
245.3951,5.1024,1266,0,0
245.4199,5.1225,1271,0,0
245.4447,5.0943,1264,0,0
245.4695,5.0983,1265,0,0
245.4943,5.0782,1260,0,0
245.5191,5.0903,1263,0,0
245.5439,5.0862,1262,0,0
245.5687,5.0822,1261,0,0
245.5935,5.0903,1263,0,0
245.6183,5.0983,1265,0,0
245.6431,5.0983,1265,0,0
245.6679,5.0943,1264,0,0
245.6927,5.0943,1264,0,0
245.7175,5.0862,1262,0,0
245.7423,5.0782,1260,0,0
245.7671,5.0903,1263,0,0
245.7919,5.0782,1260,0,0
245.8167,5.0903,1263,0,0
245.8416,5.0943,1264,0,0
245.8663,5.1064,1267,0,0
245.8912,5.0782,1260,0,0
245.9160,5.0782,1260,0,0
245.9408,5.0742,1259,0,0
245.9656,5.0903,1263,0,0
245.9904,5.0903,1263,0,0
246.0152,5.1064,1267,0,0
246.0400,5.0862,1262,0,0
246.0648,5.0782,1260,0,0
246.0896,5.0943,1264,0,0
246.1144,5.0742,1259,0,0
246.1392,5.0782,1260,0,0
246.1640,5.0580,1255,0,0
246.1888,5.0862,1262,0,0
246.2136,5.0742,1259,0,0
246.2384,5.0862,1262,0,0
246.2632,5.1064,1267,0,0
246.2880,5.0862,1262,0,0
246.3128,5.1064,1267,0,0
246.3376,5.0742,1259,0,0
246.3624,5.0742,1259,0,0
246.3872,5.0379,1250,0,0
246.4120,5.0742,1259,0,0
246.4368,5.0943,1264,0,0
246.4616,5.0943,1264,0,0
246.4864,5.0983,1265,0,0
246.5112,5.0903,1263,0,0
246.5360,5.0822,1261,0,0
246.5608,5.0782,1260,0,0
246.5856,5.0782,1260,0,0
246.6104,5.0862,1262,0,0
246.6352,5.0943,1264,0,0
246.6600,5.0943,1264,0,0
246.6848,5.0943,1264,0,0
246.7096,5.0943,1264,0,0
246.7344,5.0661,1257,0,0
246.7592,5.1064,1267,0,0
246.7840,5.0862,1262,0,0
246.8088,5.0540,1254,0,0
246.8336,5.0379,1250,0,0
246.8584,5.0822,1261,0,0
246.8833,5.0943,1264,0,0
246.9081,5.0661,1257,0,0
246.9329,5.0943,1264,0,0
246.9577,5.0943,1264,0,0
246.9825,5.0983,1265,0,0
247.0073,5.0983,1265,0,0
247.0321,5.0782,1260,0,0
247.0569,5.0862,1262,0,0
247.0817,5.0943,1264,0,0
247.1065,5.1064,1267,0,0
247.1313,5.0862,1262,0,0
247.1561,5.1064,1267,0,0
247.1809,5.0983,1265,0,0
247.2057,5.0782,1260,0,0
247.2305,5.0782,1260,0,0
247.2553,5.1225,1271,0,0
247.2801,5.0983,1265,0,0
247.3049,5.0661,1257,0,0
247.3297,5.0983,1265,0,0
247.3545,5.0943,1264,0,0
247.3793,5.0943,1264,0,0
247.4041,5.0742,1259,0,0
247.4289,5.0943,1264,0,0
247.4537,5.0983,1265,0,0
247.4785,5.0782,1260,0,0
247.5033,5.0983,1265,0,0
247.5281,5.0903,1263,0,0
247.5529,5.0943,1264,0,0
247.5777,5.0862,1262,0,0
247.6025,5.0822,1261,0,0
247.6273,5.0661,1257,0,0
247.6521,5.0983,1265,0,0
247.6769,5.0943,1264,0,0
247.7017,5.0782,1260,0,0
247.7265,5.0782,1260,0,0
247.7513,5.0862,1262,0,0
247.7761,5.0943,1264,0,0
247.8009,5.0862,1262,0,0
247.8257,5.0943,1264,0,0
247.8505,5.0862,1262,0,0
247.8754,5.0782,1260,0,0
247.9001,5.1104,1268,0,0
247.9250,5.0943,1264,0,0
247.9498,5.0822,1261,0,0
247.9746,5.0983,1265,0,0
247.9994,5.0943,1264,0,0
248.0242,5.0862,1262,0,0
248.0490,5.0782,1260,0,0
248.0738,5.0379,1250,0,0
248.0986,5.0903,1263,0,0
248.1234,5.0983,1265,0,0
248.1482,5.0782,1260,0,0
248.1730,5.0943,1264,0,0
248.1978,5.0782,1260,0,0
248.2226,5.0782,1260,0,0
248.2474,5.0943,1264,0,0
248.2722,5.1064,1267,0,0
248.2970,5.0500,1253,0,0
248.3218,5.0782,1260,0,0
248.3466,5.0983,1265,0,0
248.3714,5.0661,1257,0,0
248.3962,5.0782,1260,0,0
248.4210,5.0983,1265,0,0
248.4458,5.0862,1262,0,0
248.4706,5.0943,1264,0,0
248.4954,5.0983,1265,0,0
248.5202,5.0782,1260,0,0
248.5450,5.0983,1265,0,0
248.5698,5.0983,1265,0,0
248.5946,5.0822,1261,0,0
248.6194,5.0782,1260,0,0
248.6442,5.0661,1257,0,0
248.6690,5.0983,1265,0,0
248.6938,5.0862,1262,0,0
248.7186,5.1064,1267,0,0
248.7434,5.0983,1265,0,0
248.7682,5.0943,1264,0,0
248.7930,5.0822,1261,0,0
248.8178,5.0862,1262,0,0
248.8426,5.0943,1264,0,0
248.8674,5.0500,1253,0,0
248.8922,5.0742,1259,0,0
248.9171,5.0862,1262,0,0
248.9418,5.0983,1265,0,0
248.9667,5.0862,1262,0,0
248.9915,5.0782,1260,0,0
249.0163,5.0903,1263,0,0
249.0411,5.0983,1265,0,0
249.0659,5.0862,1262,0,0
249.0907,5.0943,1264,0,0
249.1155,5.1104,1268,0,0
249.1403,5.0742,1259,0,0
249.1651,5.0862,1262,0,0
249.1899,5.0983,1265,0,0
249.2147,5.0379,1250,0,0
249.2395,5.1104,1268,0,0
249.2643,5.0661,1257,0,0
249.2891,5.0701,1258,0,0
249.3139,5.0943,1264,0,0
249.3387,5.0862,1262,0,0
249.3635,5.0983,1265,0,0
249.3883,5.0943,1264,0,0
249.4131,5.0782,1260,0,0
249.4379,5.0782,1260,0,0
249.4627,5.0782,1260,0,0
249.4875,5.0943,1264,0,0
249.5123,5.0862,1262,0,0
249.5371,5.0580,1255,0,0
249.5619,5.1064,1267,0,0
249.5867,5.1064,1267,0,0
249.6115,5.0943,1264,0,0
249.6363,5.0862,1262,0,0
249.6611,5.0742,1259,0,0
249.6859,5.0862,1262,0,0
249.7107,5.0862,1262,0,0
249.7355,5.0862,1262,0,0
249.7603,5.0742,1259,0,0
249.7851,5.0742,1259,0,0
249.8099,5.0822,1261,0,0
249.8347,5.1104,1268,0,0
249.8595,5.0822,1261,0,0
249.8843,5.0822,1261,0,0
249.9091,5.1024,1266,0,0
249.9339,5.1104,1268,0,0
249.9588,5.0943,1264,0,0
249.9836,5.0983,1265,0,0
250.0084,5.0983,1265,0,0
250.0332,5.0983,1265,0,0
250.0580,5.0742,1259,0,0
250.0828,5.0822,1261,0,0
250.1076,5.0903,1263,0,0
250.1324,5.1225,1271,0,0
250.1572,5.0661,1257,0,0
250.1820,5.0983,1265,0,0
250.2068,5.0903,1263,0,0
250.2316,5.0943,1264,0,0
250.2564,5.1225,1271,0,0
250.2812,5.0943,1264,0,0
250.3060,5.0782,1260,0,0
250.3308,5.0903,1263,0,0
250.3556,5.0903,1263,0,0
250.3804,5.0862,1262,0,0
250.4052,5.0862,1262,0,0
250.4300,5.0540,1254,0,0
250.4548,5.1064,1267,0,0
250.4796,5.0983,1265,0,0
250.5044,5.0983,1265,0,0
250.5292,5.0379,1250,0,0
250.5540,5.0862,1262,0,0
250.5788,5.0943,1264,0,0
250.6036,5.0379,1250,0,0
250.6284,5.0943,1264,0,0
250.6532,5.1064,1267,0,0
250.6780,5.0782,1260,0,0
250.7028,5.0742,1259,0,0
250.7276,5.1104,1268,0,0
250.7524,5.0943,1264,0,0
250.7772,5.0782,1260,0,0
250.8020,5.0822,1261,0,0
250.8268,5.0862,1262,0,0
250.8516,5.0943,1264,0,0
250.8764,5.0943,1264,0,0
250.9012,5.1265,1272,0,0
250.9260,5.0983,1265,0,0
250.9509,5.0822,1261,0,0
250.9756,5.0782,1260,0,0
251.0005,5.0782,1260,0,0
251.0253,5.0742,1259,0,0
251.0501,5.1064,1267,0,0
251.0749,5.0903,1263,0,0
251.0997,5.0782,1260,0,0
251.1245,5.1104,1268,0,0
251.1493,5.0822,1261,0,0
251.1741,5.0903,1263,0,0
251.1989,5.0862,1262,0,0
251.2237,5.0943,1264,0,0
251.2485,5.0983,1265,0,0
251.2733,5.0983,1265,0,0
251.2981,5.0983,1265,0,0
251.3229,5.0742,1259,0,0
251.3477,5.0782,1260,0,0
251.3725,5.0983,1265,0,0
251.3973,5.1024,1266,0,0
251.4221,5.0822,1261,0,0
251.4469,5.0822,1261,0,0
251.4717,5.0943,1264,0,0
251.4965,5.0862,1262,0,0
251.5213,5.1024,1266,0,0
251.5461,5.0943,1264,0,0
251.5709,5.0782,1260,0,0
251.5957,5.0782,1260,0,0
251.6205,5.0782,1260,0,0
251.6453,5.0782,1260,0,0
251.6701,5.0903,1263,0,0
251.6949,5.1306,1273,0,0
251.7197,5.0943,1264,0,0
251.7445,5.0742,1259,0,0
251.7693,5.0983,1265,0,0
251.7941,5.0983,1265,0,0
251.8189,5.0822,1261,0,0
251.8437,5.0822,1261,0,0
251.8685,5.1024,1266,0,0
251.8933,5.0903,1263,0,0
251.9181,5.0661,1257,0,0
251.9429,5.0983,1265,0,0
251.9677,5.0862,1262,0,0
251.9926,5.0782,1260,0,0
252.0173,5.0822,1261,0,0
252.0422,5.0983,1265,0,0
252.0670,5.0822,1261,0,0
252.0918,5.0782,1260,0,0
252.1166,5.1265,1272,0,0
252.1414,5.0540,1254,0,0
252.1662,5.0943,1264,0,0
252.1910,5.0742,1259,0,0
252.2158,5.0742,1259,0,0
252.2406,5.0943,1264,0,0
252.2654,5.0983,1265,0,0
252.2902,5.0862,1262,0,0
252.3150,5.0862,1262,0,0
252.3398,5.0661,1257,0,0
252.3646,5.0983,1265,0,0
252.3894,5.0661,1257,0,0
252.4142,5.0742,1259,0,0
252.4390,5.0862,1262,0,0
252.4638,5.0822,1261,0,0
252.4886,5.0782,1260,0,0
252.5134,5.0983,1265,0,0
252.5382,5.0782,1260,0,0
252.5630,5.0862,1262,0,0
252.5878,5.0862,1262,0,0
252.6126,5.0661,1257,0,0
252.6374,5.0903,1263,0,0
252.6622,5.0782,1260,0,0
252.6870,5.0742,1259,0,0
252.7118,5.0862,1262,0,0
252.7366,5.0782,1260,0,0
252.7614,5.0943,1264,0,0
252.7862,5.0782,1260,0,0
252.8110,5.1024,1266,0,0
252.8358,5.0943,1264,0,0
252.8606,5.0661,1257,0,0
252.8854,5.1346,1274,0,0
252.9102,5.0862,1262,0,0
252.9350,5.0943,1264,0,0
252.9598,5.0943,1264,0,0
252.9846,5.0862,1262,0,0
253.0094,5.0983,1265,0,0
253.0343,5.0943,1264,0,0
253.0591,5.0862,1262,0,0
253.0839,5.0983,1265,0,0
253.1087,5.0862,1262,0,0
253.1335,5.0862,1262,0,0
253.1583,5.0943,1264,0,0
253.1831,5.0822,1261,0,0
253.2079,5.1064,1267,0,0
253.2327,5.0782,1260,0,0
253.2575,5.0983,1265,0,0
253.2823,5.0822,1261,0,0
253.3071,5.0822,1261,0,0
253.3319,5.1104,1268,0,0
253.3567,5.0862,1262,0,0
253.3815,5.0862,1262,0,0
253.4063,5.0701,1258,0,0
253.4311,5.0782,1260,0,0
253.4559,5.0862,1262,0,0
253.4807,5.0701,1258,0,0
253.5055,5.1145,1269,0,0
253.5303,5.0862,1262,0,0
253.5551,5.0983,1265,0,0
253.5799,5.0822,1261,0,0
253.6047,5.0943,1264,0,0
253.6295,5.0862,1262,0,0
253.6543,5.0983,1265,0,0
253.6791,5.0943,1264,0,0
253.7039,5.0903,1263,0,0
253.7287,5.0862,1262,0,0
253.7535,5.1064,1267,0,0
253.7783,5.0983,1265,0,0
253.8031,5.0862,1262,0,0
253.8279,5.0822,1261,0,0
253.8527,5.0742,1259,0,0
253.8775,5.0943,1264,0,0
253.9023,5.1024,1266,0,0
253.9271,5.1064,1267,0,0
253.9519,5.1024,1266,0,0
253.9767,5.0822,1261,0,0
254.0015,5.0782,1260,0,0
254.0264,5.0983,1265,0,0
254.0511,5.0782,1260,0,0
254.0760,5.0338,1249,0,0
254.1008,5.1024,1266,0,0
254.1256,5.0862,1262,0,0
254.1504,5.0782,1260,0,0
254.1752,5.1104,1268,0,0
254.2000,5.0742,1259,0,0
254.2248,5.0943,1264,0,0
254.2496,5.0983,1265,0,0
254.2744,5.0782,1260,0,0
254.2992,5.0742,1259,0,0
254.3240,5.1064,1267,0,0
254.3488,5.0862,1262,0,0
254.3736,5.0782,1260,0,0
254.3984,5.1225,1271,0,0
254.4232,5.0983,1265,0,0
254.4480,5.0782,1260,0,0
254.4728,5.0742,1259,0,0
254.4976,5.1265,1272,0,0
254.5224,5.1265,1272,0,0
254.5472,5.0782,1260,0,0
254.5720,5.0822,1261,0,0
254.5968,5.0742,1259,0,0
254.6216,5.0862,1262,0,0
254.6464,5.0903,1263,0,0
254.6712,5.1306,1273,0,0
254.6960,5.1064,1267,0,0
254.7208,5.0742,1259,0,0
254.7456,5.0943,1264,0,0
254.7704,5.0983,1265,0,0
254.7952,5.0500,1253,0,0
254.8200,5.1064,1267,0,0
254.8448,5.0943,1264,0,0
254.8696,5.0862,1262,0,0
254.8944,5.0983,1265,0,0
254.9192,5.0943,1264,0,0
254.9440,5.0782,1260,0,0
254.9688,5.0661,1257,0,0
254.9936,5.0782,1260,0,0
255.0184,5.0782,1260,0,0
255.0432,5.0822,1261,0,0
255.0681,5.0862,1262,0,0
255.0928,5.0742,1259,0,0
255.1177,5.0862,1262,0,0
255.1425,5.0661,1257,0,0
255.1673,5.1064,1267,0,0
255.1921,5.0862,1262,0,0
255.2169,5.0742,1259,0,0
255.2417,5.0742,1259,0,0
255.2665,5.0338,1249,0,0
255.2913,5.0943,1264,0,0
255.3161,5.0661,1257,0,0
255.3409,5.0862,1262,0,0
255.3657,5.0782,1260,0,0
255.3905,5.0862,1262,0,0
255.4153,5.0943,1264,0,0
255.4401,5.1024,1266,0,0
255.4649,5.0903,1263,0,0
255.4897,5.0903,1263,0,0
255.5145,5.0943,1264,0,0
255.5393,5.0742,1259,0,0
255.5641,5.0782,1260,0,0
255.5889,5.0661,1257,0,0
255.6137,5.1225,1271,0,0
255.6385,5.0943,1264,0,0
255.6633,5.0943,1264,0,0
255.6881,5.1064,1267,0,0
255.7129,5.0782,1260,0,0
255.7377,5.0862,1262,0,0
255.7625,5.1306,1273,0,0
255.7873,5.0862,1262,0,0
255.8121,5.0983,1265,0,0
255.8369,5.0782,1260,0,0
255.8617,5.0983,1265,0,0
255.8865,5.0782,1260,0,0
255.9113,5.0782,1260,0,0
255.9361,5.1145,1269,0,0
255.9609,5.0782,1260,0,0
255.9857,5.0661,1257,0,0
256.0105,5.0822,1261,0,0
256.0353,5.0862,1262,0,0
256.0602,5.0661,1257,0,0
256.0850,5.0661,1257,0,0
256.1097,5.0943,1264,0,0
256.1346,5.0782,1260,0,0
256.1594,5.0701,1258,0,0
256.1841,5.0903,1263,0,0
256.2090,5.0943,1264,0,0
256.2338,5.0903,1263,0,0
256.2586,5.0782,1260,0,0
256.2834,5.0862,1262,0,0
256.3082,5.0862,1262,0,0
256.3330,5.0943,1264,0,0
256.3578,5.0943,1264,0,0
256.3826,5.0782,1260,0,0
256.4074,5.0661,1257,0,0
256.4322,5.0742,1259,0,0
256.4570,5.0500,1253,0,0
256.4818,5.0822,1261,0,0
256.5066,5.0782,1260,0,0
256.5314,5.0661,1257,0,0
256.5562,5.0782,1260,0,0
256.5810,5.0862,1262,0,0
256.6058,5.1024,1266,0,0
256.6306,5.0742,1259,0,0
256.6554,5.0943,1264,0,0
256.6802,5.0862,1262,0,0
256.7050,5.0862,1262,0,0
256.7298,5.0983,1265,0,0
256.7546,5.0782,1260,0,0
256.7794,5.1265,1272,0,0
256.8042,5.0742,1259,0,0
256.8290,5.0742,1259,0,0
256.8538,5.0822,1261,0,0
256.8786,5.0822,1261,0,0
256.9034,5.0983,1265,0,0
256.9282,5.0943,1264,0,0
256.9530,5.0943,1264,0,0
256.9778,5.0419,1251,0,0
257.0026,5.0983,1265,0,0
257.0274,5.0862,1262,0,0
257.0522,5.0862,1262,0,0
257.0771,5.0943,1264,0,0
257.1018,5.1064,1267,0,0
257.1266,5.1024,1266,0,0
257.1515,5.0943,1264,0,0
257.1763,5.0862,1262,0,0
257.2010,5.0983,1265,0,0
257.2259,5.0903,1263,0,0
257.2507,5.0822,1261,0,0
257.2755,5.0983,1265,0,0
257.3003,5.0822,1261,0,0
257.3251,5.0782,1260,0,0
257.3499,5.0943,1264,0,0
257.3747,5.0903,1263,0,0
257.3995,5.0661,1257,0,0
257.4243,5.0943,1264,0,0
257.4491,5.0983,1265,0,0
257.4739,5.0822,1261,0,0
257.4987,5.1064,1267,0,0
257.5235,5.0943,1264,0,0
257.5483,5.0782,1260,0,0
257.5731,5.0782,1260,0,0
257.5979,5.0782,1260,0,0
257.6227,5.0782,1260,0,0
257.6475,5.0983,1265,0,0
257.6723,5.1064,1267,0,0
257.6971,5.0822,1261,0,0
257.7219,5.0943,1264,0,0
257.7467,5.0782,1260,0,0
257.7715,5.0903,1263,0,0
257.7963,5.0862,1262,0,0
257.8211,5.0782,1260,0,0
257.8459,5.0782,1260,0,0
257.8707,5.0903,1263,0,0
257.8955,5.1064,1267,0,0
257.9203,5.0862,1262,0,0
257.9451,5.1104,1268,0,0
257.9699,5.1104,1268,0,0
257.9947,5.0943,1264,0,0
258.0195,5.0943,1264,0,0
258.0443,5.0782,1260,0,0
258.0692,5.0540,1254,0,0
258.0939,5.1024,1266,0,0
258.1187,5.0862,1262,0,0
258.1436,5.0742,1259,0,0
258.1684,5.0862,1262,0,0
258.1931,5.0943,1264,0,0
258.2180,5.1024,1266,0,0
258.2428,5.0862,1262,0,0
258.2675,5.0903,1263,0,0
258.2924,5.1064,1267,0,0
258.3172,5.0782,1260,0,0
258.3420,5.0862,1262,0,0
258.3668,5.0862,1262,0,0
258.3916,5.0903,1263,0,0
258.4164,5.1024,1266,0,0
258.4412,5.0782,1260,0,0
258.4660,5.0983,1265,0,0
258.4908,5.0782,1260,0,0
258.5156,5.0943,1264,0,0
258.5404,5.0943,1264,0,0
258.5652,5.0943,1264,0,0
258.5900,5.0943,1264,0,0
258.6148,5.0983,1265,0,0
258.6396,5.0701,1258,0,0
258.6644,5.0782,1260,0,0
258.6892,5.0862,1262,0,0
258.7140,5.0782,1260,0,0
258.7388,5.0661,1257,0,0
258.7636,5.0742,1259,0,0
258.7884,5.0500,1253,0,0
258.8132,5.0742,1259,0,0
258.8380,5.0782,1260,0,0
258.8628,5.0943,1264,0,0
258.8876,5.0782,1260,0,0
258.9124,5.0822,1261,0,0
258.9372,5.0943,1264,0,0
258.9620,5.0943,1264,0,0
258.9868,5.0943,1264,0,0
259.0116,5.0943,1264,0,0
259.0364,5.0943,1264,0,0
259.0612,5.0540,1254,0,0
259.0860,5.0983,1265,0,0
259.1108,5.0782,1260,0,0
259.1357,5.0782,1260,0,0
259.1605,5.0943,1264,0,0
259.1852,5.0822,1261,0,0
259.2101,5.1346,1274,0,0
259.2349,5.0983,1265,0,0
259.2596,5.0983,1265,0,0
259.2845,5.0782,1260,0,0
259.3093,5.0903,1263,0,0
259.3341,5.0943,1264,0,0
259.3589,5.0983,1265,0,0
259.3837,5.0943,1264,0,0
259.4085,5.0862,1262,0,0
259.4333,5.0862,1262,0,0
259.4581,5.0903,1263,0,0
259.4829,5.0742,1259,0,0
259.5077,5.0862,1262,0,0
259.5325,5.0983,1265,0,0
259.5573,5.0943,1264,0,0
259.5821,5.0862,1262,0,0
259.6069,5.0862,1262,0,0
259.6317,5.0943,1264,0,0
259.6565,5.0943,1264,0,0
259.6813,5.0903,1263,0,0
259.7061,5.0742,1259,0,0
259.7309,5.0782,1260,0,0
259.7557,5.0983,1265,0,0
259.7805,5.0943,1264,0,0
259.8053,5.0862,1262,0,0
259.8301,5.0822,1261,0,0
259.8549,5.0943,1264,0,0
259.8797,5.0822,1261,0,0
259.9045,5.0742,1259,0,0
259.9293,5.0943,1264,0,0
259.9541,5.1225,1271,0,0
259.9789,5.0862,1262,0,0
260.0037,5.0742,1259,0,0
260.0285,5.1306,1273,0,0
260.0533,5.0822,1261,0,0
260.0781,5.0661,1257,0,0
260.1029,5.0903,1263,0,0
260.1277,5.0943,1264,0,0
260.1526,5.0943,1264,0,0
260.1773,5.0822,1261,0,0
260.2021,5.0943,1264,0,0
260.2270,5.0943,1264,0,0
260.2517,5.0943,1264,0,0
260.2766,5.0540,1254,0,0
260.3014,5.1064,1267,0,0
260.3262,5.1265,1272,0,0
260.3510,5.0862,1262,0,0
260.3758,5.0782,1260,0,0
260.4006,5.0742,1259,0,0
260.4254,5.1306,1273,0,0
260.4502,5.0862,1262,0,0
260.4750,5.1104,1268,0,0
260.4998,5.1064,1267,0,0
260.5246,5.0903,1263,0,0
260.5494,5.0862,1262,0,0
260.5742,5.0742,1259,0,0
260.5990,5.0742,1259,0,0
260.6238,5.0742,1259,0,0
260.6486,5.0862,1262,0,0
260.6734,5.0862,1262,0,0
260.6982,5.0822,1261,0,0
260.7230,5.0943,1264,0,0
260.7478,5.0903,1263,0,0
260.7726,5.0862,1262,0,0
260.7974,5.0903,1263,0,0
260.8222,5.0943,1264,0,0
260.8470,5.0742,1259,0,0
260.8718,5.0943,1264,0,0
260.8966,5.0782,1260,0,0
260.9214,5.1104,1268,0,0
260.9462,5.0742,1259,0,0
260.9710,5.0862,1262,0,0
260.9958,5.0862,1262,0,0
261.0206,5.0822,1261,0,0
261.0454,5.0862,1262,0,0
261.0702,5.0943,1264,0,0
261.0950,5.0943,1264,0,0
261.1198,5.0419,1251,0,0
261.1447,5.0782,1260,0,0
261.1694,5.0862,1262,0,0
261.1942,5.1024,1266,0,0
261.2191,5.0943,1264,0,0
261.2439,5.0782,1260,0,0
261.2686,5.0822,1261,0,0
261.2935,5.0782,1260,0,0
261.3183,5.0943,1264,0,0
261.3430,5.0903,1263,0,0
261.3679,5.0903,1263,0,0
261.3927,5.0943,1264,0,0
261.4175,5.0500,1253,0,0
261.4423,5.0862,1262,0,0
261.4671,5.0862,1262,0,0
261.4919,5.0862,1262,0,0
261.5167,5.0822,1261,0,0
261.5415,5.0782,1260,0,0
261.5663,5.0822,1261,0,0
261.5911,5.0943,1264,0,0
261.6159,5.1225,1271,0,0
261.6407,5.1225,1271,0,0
261.6655,5.0661,1257,0,0
261.6903,5.0782,1260,0,0
261.7151,5.0862,1262,0,0
261.7399,5.0943,1264,0,0
261.7647,5.0742,1259,0,0
261.7895,5.1104,1268,0,0
261.8143,5.0903,1263,0,0
261.8391,5.0661,1257,0,0
261.8639,5.0862,1262,0,0
261.8887,5.0862,1262,0,0
261.9135,5.0943,1264,0,0
261.9383,5.0782,1260,0,0
261.9631,5.0903,1263,0,0
261.9879,5.0983,1265,0,0
262.0127,5.1064,1267,0,0
262.0375,5.1064,1267,0,0
262.0623,5.0862,1262,0,0
262.0871,5.0782,1260,0,0
262.1119,5.0943,1264,0,0
262.1367,5.0782,1260,0,0
262.1615,5.0862,1262,0,0
262.1863,5.0983,1265,0,0
262.2112,5.0943,1264,0,0
262.2360,5.0862,1262,0,0
262.2607,5.1024,1266,0,0
262.2856,5.0862,1262,0,0
262.3104,5.0742,1259,0,0
262.3351,5.1024,1266,0,0
262.3600,5.0742,1259,0,0
262.3848,5.0742,1259,0,0
262.4096,5.0862,1262,0,0
262.4344,5.0983,1265,0,0
262.4592,5.0862,1262,0,0
262.4840,5.1064,1267,0,0
262.5088,5.0742,1259,0,0
262.5336,5.0782,1260,0,0
262.5584,5.0862,1262,0,0
262.5832,5.0943,1264,0,0
262.6080,5.1064,1267,0,0
262.6328,5.0782,1260,0,0
262.6576,5.0661,1257,0,0
262.6824,5.0943,1264,0,0
