# fixture_id,F3FD7C
# firmware,net-bench-2026-08-06.4
# capture_id,1
# pulse_ms,20
# requested_conversion_hz,80000
# vsns_sample_hz,40318.762
# d7s_sample_hz,40318.762
# radio_quiet,true
t_ms,bank_v,vsns_mv,d7s_mv,gate_command
-10.3178,12.2844,3048,0,0
-10.2930,12.3327,3060,0,0
-10.2682,12.2844,3048,0,0
-10.2434,12.2924,3050,0,0
-10.2186,12.3488,3064,0,0
-10.1938,12.3005,3052,0,0
-10.1690,12.3005,3052,0,0
-10.1442,12.2924,3050,0,0
-10.1194,12.2965,3051,0,0
-10.0946,12.3690,3069,0,0
-10.0698,12.3166,3056,0,0
-10.0450,12.3166,3056,0,0
-10.0201,12.3126,3055,0,0
-9.9953,12.3488,3064,0,0
-9.9705,12.2602,3042,0,0
-9.9457,12.2521,3040,0,0
-9.9209,12.3690,3069,0,0
-9.8961,12.2602,3042,0,0
-9.8713,12.3126,3055,0,0
-9.8465,12.3166,3056,0,0
-9.8217,12.3609,3067,0,0
-9.7969,12.3488,3064,0,0
-9.7721,12.2924,3050,0,0
-9.7473,12.2763,3046,0,0
-9.7225,12.2602,3042,0,0
-9.6977,12.2924,3050,0,0
-9.6729,12.3488,3064,0,0
-9.6481,12.2803,3047,0,0
-9.6233,12.2602,3042,0,0
-9.5985,12.2602,3042,0,0
-9.5737,12.3488,3064,0,0
-9.5489,12.2803,3047,0,0
-9.5241,12.3529,3065,0,0
-9.4993,12.3206,3057,0,0
-9.4745,12.2602,3042,0,0
-9.4497,12.3529,3065,0,0
-9.4249,12.3287,3059,0,0
-9.4001,12.3488,3064,0,0
-9.3753,12.3166,3056,0,0
-9.3505,12.2763,3046,0,0
-9.3257,12.2521,3040,0,0
-9.3009,12.3247,3058,0,0
-9.2761,12.2924,3050,0,0
-9.2513,12.2481,3039,0,0
-9.2265,12.3166,3056,0,0
-9.2017,12.3085,3054,0,0
-9.1769,12.2803,3047,0,0
-9.1521,12.2602,3042,0,0
-9.1273,12.2844,3048,0,0
-9.1025,12.3488,3064,0,0
-9.0777,12.3690,3069,0,0
-9.0529,12.2763,3046,0,0
-9.0281,12.3287,3059,0,0
-9.0033,12.3005,3052,0,0
-8.9785,12.3327,3060,0,0
-8.9536,12.3206,3057,0,0
-8.9288,12.2844,3048,0,0
-8.9040,12.3085,3054,0,0
-8.8792,12.2803,3047,0,0
-8.8544,12.2763,3046,0,0
-8.8296,12.2602,3042,0,0
-8.8048,12.2803,3047,0,0
-8.7800,12.2602,3042,0,0
-8.7552,12.3569,3066,0,0
-8.7304,12.2924,3050,0,0
-8.7056,12.2924,3050,0,0
-8.6808,12.2521,3040,0,0
-8.6560,12.3206,3057,0,0
-8.6312,12.3126,3055,0,0
-8.6064,12.2682,3044,0,0
-8.5816,12.3609,3067,0,0
-8.5568,12.3287,3059,0,0
-8.5320,12.3166,3056,0,0
-8.5072,12.2320,3035,0,0
-8.4824,12.3005,3052,0,0
-8.4576,12.2803,3047,0,0
-8.4328,12.3287,3059,0,0
-8.4080,12.2320,3035,0,0
-8.3832,12.2844,3048,0,0
-8.3584,12.3488,3064,0,0
-8.3336,12.2763,3046,0,0
-8.3088,12.3045,3053,0,0
-8.2840,12.2521,3040,0,0
-8.2592,12.2844,3048,0,0
-8.2344,12.3287,3059,0,0
-8.2096,12.2763,3046,0,0
-8.1848,12.2803,3047,0,0
-8.1600,12.2602,3042,0,0
-8.1352,12.2602,3042,0,0
-8.1104,12.2521,3040,0,0
-8.0856,12.2521,3040,0,0
-8.0608,12.3488,3064,0,0
-8.0360,12.2924,3050,0,0
-8.0112,12.2763,3046,0,0
-7.9864,12.2844,3048,0,0
-7.9616,12.2965,3051,0,0
-7.9368,12.3206,3057,0,0
-7.9119,12.3206,3057,0,0
-7.8871,12.2723,3045,0,0
-7.8623,12.3166,3056,0,0
-7.8375,12.2763,3046,0,0
-7.8127,12.3488,3064,0,0
-7.7879,12.3287,3059,0,0
-7.7631,12.2924,3050,0,0
-7.7383,12.5383,3111,0,0
-7.7135,12.3609,3067,0,0
-7.6887,12.3045,3053,0,0
-7.6639,12.2682,3044,0,0
-7.6391,12.2803,3047,0,0
-7.6143,12.2803,3047,0,0
-7.5895,12.3206,3057,0,0
-7.5647,12.2763,3046,0,0
-7.5399,12.2521,3040,0,0
-7.5151,12.3287,3059,0,0
-7.4903,12.3166,3056,0,0
-7.4655,12.2521,3040,0,0
-7.4407,12.2844,3048,0,0
-7.4159,12.3206,3057,0,0
-7.3911,12.2924,3050,0,0
-7.3663,12.2521,3040,0,0
-7.3415,12.2602,3042,0,0
-7.3167,12.3569,3066,0,0
-7.2919,12.3247,3058,0,0
-7.2671,12.2844,3048,0,0
-7.2423,12.2763,3046,0,0
-7.2175,12.4536,3090,0,0
-7.1927,12.3529,3065,0,0
-7.1679,12.2682,3044,0,0
-7.1431,12.2844,3048,0,0
-7.1183,12.3005,3052,0,0
-7.0935,12.3287,3059,0,0
-7.0687,12.2803,3047,0,0
-7.0439,12.2602,3042,0,0
-7.0191,12.2441,3038,0,0
-6.9943,12.3569,3066,0,0
-6.9695,12.2803,3047,0,0
-6.9447,12.3126,3055,0,0
-6.9199,12.2602,3042,0,0
-6.8951,12.2965,3051,0,0
-6.8703,12.3126,3055,0,0
-6.8454,12.2924,3050,0,0
-6.8206,12.2844,3048,0,0
-6.7958,12.2763,3046,0,0
-6.7710,12.3287,3059,0,0
-6.7462,12.3085,3054,0,0
-6.7214,12.3085,3054,0,0
-6.6966,12.2844,3048,0,0
-6.6718,12.3569,3066,0,0
-6.6470,12.3206,3057,0,0
-6.6222,12.2803,3047,0,0
-6.5974,12.2602,3042,0,0
-6.5726,12.2803,3047,0,0
-6.5478,12.3166,3056,0,0
-6.5230,12.2844,3048,0,0
-6.4982,12.2924,3050,0,0
-6.4734,12.2521,3040,0,0
-6.4486,12.3166,3056,0,0
-6.4238,12.3206,3057,0,0
-6.3990,12.2602,3042,0,0
-6.3742,12.2521,3040,0,0
-6.3494,12.3488,3064,0,0
-6.3246,12.3206,3057,0,0
-6.2998,12.2682,3044,0,0
-6.2750,12.2602,3042,0,0
-6.2502,12.3206,3057,0,0
-6.2254,12.2803,3047,0,0
-6.2006,12.2803,3047,0,0
-6.1758,12.2965,3051,0,0
-6.1510,12.2360,3036,0,0
-6.1262,12.3085,3054,0,0
-6.1014,12.2965,3051,0,0
-6.0766,12.3287,3059,0,0
-6.0518,12.2521,3040,0,0
-6.0270,12.3166,3056,0,0
-6.0022,12.3166,3056,0,0
-5.9774,12.2803,3047,0,0
-5.9526,12.2803,3047,0,0
-5.9278,12.3126,3055,0,0
-5.9030,12.2924,3050,0,0
-5.8782,12.2965,3051,0,0
-5.8534,12.2360,3036,0,0
-5.8286,12.3609,3067,0,0
-5.8037,12.2924,3050,0,0
-5.7789,12.3126,3055,0,0
-5.7541,12.2682,3044,0,0
-5.7293,12.3730,3070,0,0
-5.7045,12.3488,3064,0,0
-5.6797,12.2965,3051,0,0
-5.6549,12.2320,3035,0,0
-5.6301,12.2924,3050,0,0
-5.6053,12.3730,3070,0,0
-5.5805,12.3126,3055,0,0
-5.5557,12.3166,3056,0,0
-5.5309,12.2844,3048,0,0
-5.5061,12.3085,3054,0,0
-5.4813,12.3206,3057,0,0
-5.4565,12.2844,3048,0,0
-5.4317,12.2602,3042,0,0
-5.4069,12.3166,3056,0,0
-5.3821,12.2924,3050,0,0
-5.3573,12.3206,3057,0,0
-5.3325,12.2199,3032,0,0
-5.3077,12.3206,3057,0,0
-5.2829,12.3206,3057,0,0
-5.2581,12.2682,3044,0,0
-5.2333,12.2803,3047,0,0
-5.2085,12.3771,3071,0,0
-5.1837,12.2521,3040,0,0
-5.1589,12.3085,3054,0,0
-5.1341,12.2844,3048,0,0
-5.1093,12.2844,3048,0,0
-5.0845,12.2682,3044,0,0
-5.0597,12.3206,3057,0,0
-5.0349,12.2682,3044,0,0
-5.0101,12.2803,3047,0,0
-4.9853,12.3166,3056,0,0
-4.9605,12.2965,3051,0,0
-4.9357,12.2682,3044,0,0
-4.9109,12.2481,3039,0,0
-4.8861,12.2602,3042,0,0
-4.8613,12.2803,3047,0,0
-4.8365,12.3206,3057,0,0
-4.8117,12.2199,3032,0,0
-4.7869,12.2763,3046,0,0
-4.7621,12.3488,3064,0,0
-4.7372,12.3166,3056,0,0
-4.7124,12.2763,3046,0,0
-4.6876,12.2844,3048,0,0
-4.6628,12.3005,3052,0,0
-4.6380,12.2441,3038,0,0
-4.6132,12.3206,3057,0,0
-4.5884,12.2521,3040,0,0
-4.5636,12.3569,3066,0,0
-4.5388,12.3166,3056,0,0
-4.5140,12.2763,3046,0,0
-4.4892,12.2602,3042,0,0
-4.4644,12.3206,3057,0,0
-4.4396,12.2844,3048,0,0
-4.4148,12.2682,3044,0,0
-4.3900,12.2602,3042,0,0
-4.3652,12.2602,3042,0,0
-4.3404,12.2521,3040,0,0
-4.3156,12.3247,3058,0,0
-4.2908,12.2803,3047,0,0
-4.2660,12.2844,3048,0,0
-4.2412,12.3206,3057,0,0
-4.2164,12.2320,3035,0,0
-4.1916,12.3085,3054,0,0
-4.1668,12.2844,3048,0,0
-4.1420,12.2803,3047,0,0
-4.1172,12.2844,3048,0,0
-4.0924,12.2924,3050,0,0
-4.0676,12.2199,3032,0,0
-4.0428,12.3287,3059,0,0
-4.0180,12.3327,3060,0,0
-3.9932,12.3005,3052,0,0
-3.9684,12.2481,3039,0,0
-3.9436,12.2682,3044,0,0
-3.9188,12.3206,3057,0,0
-3.8940,12.2521,3040,0,0
-3.8692,12.3045,3053,0,0
-3.8444,12.3488,3064,0,0
-3.8196,12.3488,3064,0,0
-3.7948,12.2844,3048,0,0
-3.7700,12.3126,3055,0,0
-3.7452,12.2763,3046,0,0
-3.7204,12.3448,3063,0,0
-3.6955,12.3166,3056,0,0
-3.6707,12.2723,3045,0,0
-3.6459,12.2682,3044,0,0
-3.6211,12.3488,3064,0,0
-3.5963,12.3488,3064,0,0
-3.5715,12.2965,3051,0,0
-3.5467,12.2844,3048,0,0
-3.5219,12.3166,3056,0,0
-3.4971,12.3287,3059,0,0
-3.4723,12.3005,3052,0,0
-3.4475,12.2844,3048,0,0
-3.4227,12.3529,3065,0,0
-3.3979,12.2844,3048,0,0
-3.3731,12.3206,3057,0,0
-3.3483,12.2763,3046,0,0
-3.3235,12.3126,3055,0,0
-3.2987,12.2924,3050,0,0
-3.2739,12.2803,3047,0,0
-3.2491,12.2602,3042,0,0
-3.2243,12.3085,3054,0,0
-3.1995,12.3206,3057,0,0
-3.1747,12.2682,3044,0,0
-3.1499,12.2602,3042,0,0
-3.1251,12.3730,3070,0,0
-3.1003,12.2803,3047,0,0
-3.0755,12.3085,3054,0,0
-3.0507,12.2763,3046,0,0
-3.0259,12.3085,3054,0,0
-3.0011,12.2844,3048,0,0
-2.9763,12.2965,3051,0,0
-2.9515,12.3126,3055,0,0
-2.9267,12.3247,3058,0,0
-2.9019,12.3126,3055,0,0
-2.8771,12.2844,3048,0,0
-2.8523,12.2682,3044,0,0
-2.8275,12.3488,3064,0,0
-2.8027,12.3126,3055,0,0
-2.7779,12.3206,3057,0,0
-2.7531,12.2521,3040,0,0
-2.7283,12.3206,3057,0,0
-2.7035,12.3085,3054,0,0
-2.6787,12.2602,3042,0,0
-2.6539,12.2602,3042,0,0
-2.6290,12.3166,3056,0,0
-2.6042,12.2924,3050,0,0
-2.5794,12.2803,3047,0,0
-2.5546,12.2803,3047,0,0
-2.5298,12.3166,3056,0,0
-2.5050,12.3206,3057,0,0
-2.4802,12.2844,3048,0,0
-2.4554,12.2844,3048,0,0
-2.4306,12.2521,3040,0,0
-2.4058,12.3206,3057,0,0
-2.3810,12.3488,3064,0,0
-2.3562,12.2803,3047,0,0
-2.3314,12.2844,3048,0,0
-2.3066,12.3488,3064,0,0
-2.2818,12.3085,3054,0,0
-2.2570,12.2360,3036,0,0
-2.2322,12.2803,3047,0,0
-2.2074,12.3448,3063,0,0
-2.1826,12.2763,3046,0,0
-2.1578,12.2803,3047,0,0
-2.1330,12.2763,3046,0,0
-2.1082,12.2844,3048,0,0
-2.0834,12.3166,3056,0,0
-2.0586,12.2763,3046,0,0
-2.0338,12.2803,3047,0,0
-2.0090,12.3206,3057,0,0
-1.9842,12.2844,3048,0,0
-1.9594,12.2360,3036,0,0
-1.9346,12.2844,3048,0,0
-1.9098,12.3488,3064,0,0
-1.8850,12.2844,3048,0,0
-1.8602,12.3166,3056,0,0
-1.8354,12.2844,3048,0,0
-1.8106,12.2763,3046,0,0
-1.7858,12.3085,3054,0,0
-1.7610,12.2602,3042,0,0
-1.7362,12.2924,3050,0,0
-1.7114,12.3488,3064,0,0
-1.6866,12.2682,3044,0,0
-1.6618,12.3005,3052,0,0
-1.6370,12.3166,3056,0,0
-1.6122,12.3166,3056,0,0
-1.5874,12.2803,3047,0,0
-1.5625,12.2844,3048,0,0
-1.5377,12.2965,3051,0,0
-1.5129,12.2763,3046,0,0
-1.4881,12.2803,3047,0,0
-1.4633,12.3488,3064,0,0
-1.4385,12.2521,3040,0,0
-1.4137,12.3206,3057,0,0
-1.3889,12.3448,3063,0,0
-1.3641,12.3206,3057,0,0
-1.3393,12.2924,3050,0,0
-1.3145,12.3529,3065,0,0
-1.2897,12.3327,3060,0,0
-1.2649,12.3327,3060,0,0
-1.2401,12.2844,3048,0,0
-1.2153,12.2763,3046,0,0
-1.1905,12.2924,3050,0,0
-1.1657,12.2602,3042,0,0
-1.1409,12.2924,3050,0,0
-1.1161,12.2844,3048,0,0
-1.0913,12.3529,3065,0,0
-1.0665,12.2602,3042,0,0
-1.0417,12.3126,3055,0,0
-1.0169,12.3166,3056,0,0
-0.9921,12.2602,3042,0,0
-0.9673,12.2521,3040,0,0
-0.9425,12.3126,3055,0,0
-0.9177,12.3206,3057,0,0
-0.8929,12.2803,3047,0,0
-0.8681,12.3166,3056,0,0
-0.8433,12.3448,3063,0,0
-0.8185,12.2682,3044,0,0
-0.7937,12.2602,3042,0,0
-0.7689,12.3166,3056,0,0
-0.7441,12.2803,3047,0,0
-0.7193,12.2924,3050,0,0
-0.6945,12.3045,3053,0,0
-0.6697,12.3045,3053,0,0
-0.6449,12.2844,3048,0,0
-0.6201,12.3126,3055,0,0
-0.5953,12.2682,3044,0,0
-0.5705,12.2844,3048,0,0
-0.5457,12.2803,3047,0,0
-0.5208,12.3005,3052,0,0
-0.4960,12.3166,3056,0,0
-0.4712,12.2844,3048,0,0
-0.4464,12.3126,3055,0,0
-0.4216,12.2521,3040,0,0
-0.3968,12.3206,3057,0,0
-0.3720,12.2803,3047,0,0
-0.3472,12.2521,3040,0,0
-0.3224,12.3247,3058,0,0
-0.2976,12.4174,3081,0,0
-0.2728,12.2844,3048,0,0
-0.2480,12.2803,3047,0,0
-0.2232,12.3166,3056,0,0
-0.1984,12.2844,3048,0,0
-0.1736,12.3166,3056,0,0
-0.1488,12.2521,3040,0,0
-0.1240,12.3892,3074,0,0
-0.0992,12.3488,3064,0,0
-0.0744,12.2844,3048,0,0
-0.0496,12.3287,3059,0,0
-0.0248,12.2844,3048,0,0
0.0000,12.3609,3067,0,1
0.0248,12.3529,3065,0,1
0.0496,12.3045,3053,3182,1
0.0744,12.3287,3059,3182,1
0.0992,12.3771,3071,3182,1
0.1240,12.3206,3057,3181,1
0.1488,12.3126,3055,3185,1
0.1736,12.2803,3047,3182,1
0.1984,12.2682,3044,3178,1
0.2232,12.2844,3048,3179,1
0.2480,12.3126,3055,3185,1
0.2728,12.3287,3059,3186,1
0.2976,12.2239,3033,3183,1
0.3224,12.3529,3065,3185,1
0.3472,12.2803,3047,3185,1
0.3720,12.2844,3048,3189,1
0.3968,12.2682,3044,3185,1
0.4216,12.2602,3042,3180,1
0.4464,12.3327,3060,3186,1
0.4712,12.3085,3054,3182,1
0.4960,12.2763,3046,3189,1
0.5208,12.3166,3056,3186,1
0.5457,12.3488,3064,3182,1
0.5705,12.2521,3040,3186,1
0.5953,12.3005,3052,3184,1
0.6201,12.2441,3038,3185,1
0.6449,12.3247,3058,3185,1
0.6697,12.3126,3055,3189,1
0.6945,12.3247,3058,3183,1
0.7193,12.2844,3048,3183,1
0.7441,12.2239,3033,3184,1
0.7689,12.3690,3069,3185,1
0.7937,12.3730,3070,3183,1
0.8185,12.3206,3057,3183,1
0.8433,12.2521,3040,3180,1
0.8681,12.2481,3039,3185,1
0.8929,12.3529,3065,3186,1
0.9177,12.3488,3064,3182,1
0.9425,12.3126,3055,3189,1
0.9673,12.2803,3047,3185,1
0.9921,12.2682,3044,3184,1
1.0169,12.3811,3072,3186,1
1.0417,12.3529,3065,3184,1
1.0665,12.3005,3052,3189,1
1.0913,12.2803,3047,3187,1
1.1161,12.2521,3040,3182,1
1.1409,12.3569,3066,3186,1
1.1657,12.3972,3076,3185,1
1.1905,12.2844,3048,3185,1
1.2153,12.2682,3044,3188,1
1.2401,12.2844,3048,3186,1
1.2649,12.3005,3052,3185,1
1.2897,12.3529,3065,3180,1
1.3145,12.3287,3059,3186,1
1.3393,12.2803,3047,3185,1
1.3641,12.2521,3040,3187,1
1.3889,12.2844,3048,3186,1
1.4137,12.3690,3069,3180,1
1.4385,12.3287,3059,3185,1
1.4633,12.3569,3066,3186,1
1.4881,12.2602,3042,3184,1
1.5129,12.2481,3039,3186,1
1.5377,12.2803,3047,3185,1
1.5625,12.3206,3057,3181,1
1.5874,12.3771,3071,3180,1
1.6122,12.3771,3071,3185,1
1.6370,12.3448,3063,3189,1
1.6618,12.2924,3050,3186,1
1.6866,12.2803,3047,3185,1
1.7114,12.2481,3039,3185,1
1.7362,12.3287,3059,3185,1
1.7610,12.3085,3054,3185,1
1.7858,12.4053,3078,3183,1
1.8106,12.4012,3077,3184,1
1.8354,12.3569,3066,3180,1
1.8602,12.3529,3065,3185,1
1.8850,12.2844,3048,3184,1
1.9098,12.3085,3054,3184,1
1.9346,12.2924,3050,3189,1
1.9594,12.2924,3050,3188,1
1.9842,12.2360,3036,3189,1
2.0090,12.2844,3048,3189,1
2.0338,12.2844,3048,3189,1
2.0586,12.2602,3042,3189,1
2.0834,12.2844,3048,3189,1
2.1082,12.3166,3056,3189,1
2.1330,12.2521,3040,3189,1
2.1578,12.3448,3063,3186,1
2.1826,12.3529,3065,3182,1
2.2074,12.4174,3081,3189,1
2.2322,12.5342,3110,3185,1
2.2570,12.4818,3097,3189,1
2.2818,12.3327,3060,3189,1
2.3066,12.2481,3039,3189,1
2.3314,12.3529,3065,3189,1
2.3562,12.4496,3089,3186,1
2.3810,12.5786,3121,3183,1
2.4058,12.2602,3042,3189,1
2.4306,12.3811,3072,3189,1
2.4554,12.6148,3130,3189,1
2.4802,12.3327,3060,3189,1
2.5050,12.4133,3080,3154,1
2.5298,12.6672,3143,3189,1
2.5546,12.3085,3054,3189,1
2.5794,12.5786,3121,3189,1
2.6042,12.6672,3143,3189,1
2.6290,12.6350,3135,3189,1
2.6539,12.7116,3154,3189,1
2.6787,12.3851,3073,3148,1
2.7035,11.3131,2807,3189,1
2.7283,12.8526,3189,3189,1
2.7531,10.6319,2638,3187,1
2.7779,12.8526,3189,3186,1
2.8027,11.1841,2775,3175,1
2.8275,12.8526,3189,3170,1
2.8523,10.9100,2707,3159,1
2.8771,11.9942,2976,3153,1
2.9019,12.8526,3189,3154,1
2.9267,12.8526,3189,3189,1
2.9515,12.4698,3094,3189,1
2.9763,12.7358,3160,3189,1
3.0011,12.0506,2990,3189,1
3.0259,11.8007,2928,3189,1
3.0507,11.4461,2840,3177,1
3.0755,12.6148,3130,3174,1
3.1003,11.3977,2828,3175,1
3.1251,12.0506,2990,3185,1
3.1499,12.8526,3189,3189,1
3.1747,12.8526,3189,3189,1
3.1995,12.8526,3189,3164,1
3.2243,12.5222,3107,3178,1
3.2491,12.0909,3000,3168,1
3.2739,12.4053,3078,3189,1
3.2987,11.5388,2863,3174,1
3.3235,12.8365,3185,3189,1
3.3483,12.8526,3189,3189,1
3.3731,11.2204,2784,3189,1
3.3979,12.7962,3175,3189,1
3.4227,11.9821,2973,3189,1
3.4475,12.8526,3189,3178,1
3.4723,12.8526,3189,3189,1
3.4971,12.4133,3080,3148,1
3.5219,12.8526,3189,3189,1
3.5467,12.8526,3189,3189,1
3.5715,12.1554,3016,3189,1
3.5963,12.8526,3189,3106,1
3.6211,12.5745,3120,3189,1
3.6459,11.8692,2945,3189,1
3.6707,12.6028,3127,3189,1
3.6955,12.3327,3060,3189,1
3.7204,10.7851,2676,3189,1
3.7452,12.5222,3107,3189,1
3.7700,11.8692,2945,3189,1
3.7948,12.5504,3114,3186,1
3.8196,12.7962,3175,3189,1
3.8444,12.8526,3189,3180,1
3.8692,12.6431,3137,3170,1
3.8940,12.8083,3178,3189,1
3.9188,12.7680,3168,3189,1
3.9436,11.5549,2867,3189,1
3.9684,11.6032,2879,3189,1
3.9932,12.5866,3123,3189,1
4.0180,12.8526,3189,3189,1
4.0428,12.8526,3189,3189,1
4.0676,12.7156,3155,3167,1
4.0924,12.7196,3156,3151,1
4.1172,11.6798,2898,3186,1
4.1420,12.7196,3156,3189,1
4.1668,12.6350,3135,3175,1
4.1916,12.8526,3189,3189,1
4.2164,12.8526,3189,3167,1
4.2412,12.8526,3189,3189,1
4.2660,12.0627,2993,3189,1
4.2908,12.6793,3146,3189,1
4.3156,12.8526,3189,3189,1
4.3404,11.9498,2965,3180,1
4.3652,12.3045,3053,3147,1
4.3900,12.7882,3173,3149,1
4.4148,12.8526,3189,3177,1
4.4396,12.5544,3115,3189,1
4.4644,12.1715,3020,3189,1
4.4892,11.5912,2876,3189,1
4.5140,11.6597,2893,3153,1
4.5388,12.8446,3187,3189,1
4.5636,12.8526,3189,3189,1
4.5884,11.6798,2898,3189,1
4.6132,12.4012,3077,3189,1
4.6380,12.5101,3104,3189,1
4.6628,12.8526,3189,3165,1
4.6876,12.4053,3078,3189,1
4.7124,11.7121,2906,3189,1
4.7372,11.4461,2840,3139,1
4.7621,12.0627,2993,3173,1
4.7869,12.4214,3082,3189,1
4.8117,12.8526,3189,3163,1
4.8365,11.3977,2828,3173,1
4.8613,12.6592,3141,3189,1
4.8861,11.6798,2898,3175,1
4.9109,11.9700,2970,3189,1
4.9357,11.1599,2769,3173,1
4.9605,12.8526,3189,3189,1
4.9853,11.9942,2976,3137,1
5.0101,11.4864,2850,3189,1
5.0349,12.8526,3189,3072,1
5.0597,12.7075,3153,3189,1
5.0845,12.1514,3015,3172,1
5.1093,12.8526,3189,3189,1
5.1341,12.3569,3066,3189,1
5.1589,12.7116,3154,3175,1
5.1837,12.2038,3028,3189,1
5.2085,12.7478,3163,3160,1
5.2333,12.8526,3189,3189,1
5.2581,12.5222,3107,3148,1
5.2829,11.7765,2922,3189,1
5.3077,12.8526,3189,3169,1
5.3325,12.6914,3149,3173,1
5.3573,12.5987,3126,3167,1
5.3821,11.8975,2952,3189,1
5.4069,11.8330,2936,3183,1
5.4317,12.8325,3184,3172,1
5.4565,12.8526,3189,3159,1
5.4813,11.4582,2843,3189,1
5.5061,12.3166,3056,3125,1
5.5309,12.8526,3189,3162,1
5.5557,11.5388,2863,3189,1
5.5805,12.8526,3189,3189,1
5.6053,12.8526,3189,3174,1
5.6301,11.5750,2872,3189,1
5.6549,12.7358,3160,3169,1
5.6797,12.8526,3189,3182,1
5.7045,12.0788,2997,3173,1
5.7293,12.3650,3068,3189,1
5.7541,11.6798,2898,3189,1
5.7789,12.2441,3038,3165,1
5.8037,12.8526,3189,3171,1
5.8286,11.3372,2813,3189,1
5.8534,12.2844,3048,3189,1
5.8782,11.8813,2948,3163,1
5.9030,12.8526,3189,3189,1
5.9278,12.8526,3189,3189,1
5.9526,12.3851,3073,3169,1
5.9774,11.7040,2904,3189,1
6.0022,12.8526,3189,3135,1
6.0270,12.8526,3189,3180,1
6.0518,12.6431,3137,3185,1
6.0766,12.8526,3189,3189,1
6.1014,11.8612,2943,3179,1
6.1262,12.4496,3089,3189,1
6.1510,11.8531,2941,3189,1
6.1758,11.8975,2952,3163,1
6.2006,12.5786,3121,3140,1
6.2254,11.3131,2807,3189,1
6.2502,12.0425,2988,3180,1
6.2750,12.0788,2997,3189,1
6.2998,11.3453,2815,3189,1
6.3246,11.7524,2916,3186,1
6.3494,12.6955,3150,3115,1
6.3742,12.4133,3080,3159,1
6.3990,12.7116,3154,3189,1
6.4238,12.8526,3189,3189,1
6.4486,12.3609,3067,3189,1
6.4734,11.1156,2758,3189,1
6.4982,12.1594,3017,3189,1
6.5230,12.8526,3189,3189,1
6.5478,12.8526,3189,3189,1
6.5726,11.6838,2899,3153,1
6.5974,12.1070,3004,3185,1
6.6222,10.6924,2653,3147,1
6.6470,12.8526,3189,3189,1
6.6718,12.0788,2997,3151,1
6.6966,12.8526,3189,3146,1
6.7214,12.3287,3059,3128,1
6.7462,12.2844,3048,3163,1
6.7710,12.8526,3189,3162,1
6.7958,12.8526,3189,3184,1
6.8206,12.4214,3082,3180,1
6.8454,12.8526,3189,3165,1
6.8703,12.6431,3137,3189,1
6.8951,12.0788,2997,3189,1
6.9199,12.4496,3089,3189,1
6.9447,11.1599,2769,3189,1
6.9695,12.5866,3123,3189,1
6.9943,12.8526,3189,3189,1
7.0191,11.3292,2811,3189,1
7.0439,11.6476,2890,3154,1
7.0687,12.1635,3018,3162,1
7.0935,12.7962,3175,3189,1
7.1183,11.0874,2751,3189,1
7.1431,12.3085,3054,3189,1
7.1679,12.8526,3189,3189,1
7.1927,12.8325,3184,3185,1
7.2175,12.5342,3110,3189,1
7.2423,12.5141,3105,3189,1
7.2671,10.9705,2722,3189,1
7.2919,12.8526,3189,3189,1
7.3167,9.9065,2458,3189,1
7.3415,11.6959,2902,3186,1
7.3663,12.8526,3189,3184,1
7.3911,11.0390,2739,3189,1
7.4159,11.8410,2938,3189,1
7.4407,11.8088,2930,3189,1
7.4655,12.8526,3189,3179,1
7.4903,11.8330,2936,3189,1
7.5151,12.3045,3053,3189,1
7.5399,10.9342,2713,3189,1
7.5647,12.4657,3093,3189,1
7.5895,12.2360,3036,3189,1
7.6143,12.4214,3082,3189,1
7.6391,11.8934,2951,3189,1
7.6639,12.4536,3090,3186,1
7.6887,12.8526,3189,3189,1
7.7135,12.8526,3189,3189,1
7.7383,11.5549,2867,3189,1
7.7631,12.7882,3173,3189,1
7.7879,11.0914,2752,3172,1
7.8127,12.6310,3134,3189,1
7.8375,12.8526,3189,3189,1
7.8623,12.8526,3189,3189,1
7.8871,12.8405,3186,3174,1
7.9119,12.8526,3189,3189,1
7.9368,11.9337,2961,3189,1
7.9616,12.3892,3074,3180,1
7.9864,12.7358,3160,3150,1
8.0112,12.6511,3139,3179,1
8.0360,12.1715,3020,3189,1
8.0608,11.8088,2930,3143,1
8.0856,12.6672,3143,3189,1
8.1104,11.5952,2877,3189,1
8.1352,12.8526,3189,3189,1
8.1600,11.9700,2970,3189,1
8.1848,12.1514,3015,3189,1
8.2096,12.8526,3189,3189,1
8.2344,11.7645,2919,3160,1
8.2592,12.4980,3101,3189,1
8.2840,11.2244,2785,3189,1
8.3088,11.5549,2867,3189,1
8.3336,11.6355,2887,3189,1
8.3584,11.7886,2925,3189,1
8.3832,11.9337,2961,3189,1
8.4080,11.8007,2928,3189,1
8.4328,11.7362,2912,3181,1
8.4576,12.8526,3189,3173,1
8.4824,11.5508,2866,3189,1
8.5072,11.8692,2945,3189,1
8.5320,11.3252,2810,3189,1
8.5568,10.1040,2507,3185,1
8.5816,12.7358,3160,3189,1
8.6064,11.3372,2813,3189,1
8.6312,12.8325,3184,3180,1
8.6560,12.1352,3011,3189,1
8.6808,12.8526,3189,3156,1
8.7056,11.2607,2794,3189,1
8.7304,12.1715,3020,3189,1
8.7552,11.6919,2901,3185,1
8.7800,12.3247,3058,3180,1
8.8048,11.3211,2809,3189,1
8.8296,12.8526,3189,3175,1
8.8544,12.8083,3178,3189,1
8.8792,12.8526,3189,3160,1
8.9040,12.8526,3189,3189,1
8.9288,12.8526,3189,3189,1
8.9536,12.1393,3012,3189,1
8.9785,12.3609,3067,3169,1
9.0033,12.4214,3082,3186,1
9.0281,11.7604,2918,3189,1
9.0529,12.7962,3175,3189,1
9.0777,11.5549,2867,3188,1
9.1025,11.8410,2938,3189,1
9.1273,12.8526,3189,3189,1
9.1521,12.5423,3112,3186,1
9.1769,12.5907,3124,3189,1
9.2017,12.8526,3189,3189,1
9.2265,12.7277,3158,3177,1
9.2513,12.8526,3189,3153,1
9.2761,12.6431,3137,3174,1
9.3009,12.1796,3022,3140,1
9.3257,11.3534,2817,3189,1
9.3505,11.7403,2913,3189,1
9.3753,11.8612,2943,3189,1
9.4001,12.6552,3140,3189,1
9.4249,11.6798,2898,3181,1
9.4497,12.1232,3008,3189,1
9.4745,11.4461,2840,3189,1
9.4993,11.1841,2775,3163,1
9.5241,12.2803,3047,3189,1
9.5489,11.9660,2969,3189,1
9.5737,11.5952,2877,3183,1
9.5985,12.8526,3189,3189,1
9.6233,11.3252,2810,3171,1
9.6481,12.3851,3073,3180,1
9.6729,11.8209,2933,3189,1
9.6977,12.8526,3189,3189,1
9.7225,11.8088,2930,3189,1
9.7473,12.3488,3064,3189,1
9.7721,10.8979,2704,3165,1
9.7969,11.8652,2944,3189,1
9.8217,12.5342,3110,3189,1
9.8465,11.6274,2885,3189,1
9.8713,11.5952,2877,3189,1
9.8961,12.6552,3140,3163,1
9.9209,12.8526,3189,3163,1
9.9457,11.9458,2964,3189,1
9.9705,11.8652,2944,3189,1
9.9953,11.4904,2851,3189,1
10.0201,11.9861,2974,3162,1
10.0450,12.2441,3038,3189,1
10.0698,11.4985,2853,3189,1
10.0946,11.8410,2938,3189,1
10.1194,11.3655,2820,3189,1
10.1442,12.8526,3189,3189,1
10.1690,11.7443,2914,3189,1
10.1938,12.1715,3020,3189,1
10.2186,12.6431,3137,3189,1
10.2434,11.5549,2867,3114,1
10.2682,12.4859,3098,3189,1
10.2930,11.9700,2970,3189,1
10.3178,12.0143,2981,3189,1
10.3426,12.8526,3189,3189,1
10.3674,12.6592,3141,3189,1
10.3922,12.0425,2988,3189,1
10.4170,12.2199,3032,3157,1
10.4418,12.3609,3067,3189,1
10.4666,11.5952,2877,3187,1
10.4914,12.0143,2981,3189,1
10.5162,12.3932,3075,3189,1
10.5410,12.4496,3089,3189,1
10.5658,11.0309,2737,3130,1
10.5906,11.3211,2809,3189,1
10.6154,12.1393,3012,3173,1
10.6402,12.1352,3011,3183,1
10.6650,12.2199,3032,3183,1
10.6898,12.8405,3186,3175,1
10.7146,11.8410,2938,3189,1
10.7394,12.8526,3189,3189,1
10.7642,12.7116,3154,3169,1
10.7890,12.6955,3150,3189,1
10.8138,12.7559,3165,3175,1
10.8386,11.5146,2857,3189,1
10.8634,11.8894,2950,3184,1
10.8882,12.7277,3158,3177,1
10.9130,12.8526,3189,3189,1
10.9378,11.9055,2954,3189,1
10.9626,12.5141,3105,3154,1
10.9874,11.6838,2899,3189,1
11.0122,12.1393,3012,3189,1
11.0370,12.8526,3189,3155,1
11.0618,11.6959,2902,3189,1
11.0866,12.6310,3134,3172,1
11.1115,12.8526,3189,3154,1
11.1363,12.6793,3146,3189,1
11.1611,12.2158,3031,3189,1
11.1859,11.9055,2954,3189,1
11.2107,12.8526,3189,3185,1
11.2355,12.8526,3189,3189,1
11.2603,11.4622,2844,3189,1
11.2851,12.7196,3156,3154,1
11.3099,10.7891,2677,3189,1
11.3347,11.8088,2930,3189,1
11.3595,10.9262,2711,3189,1
11.3843,12.6672,3143,3189,1
11.4091,12.8526,3189,3167,1
11.4339,12.6028,3127,3189,1
11.4587,12.2239,3033,3189,1
11.4835,11.2123,2782,3189,1
11.5083,11.5388,2863,3183,1
11.5331,12.3892,3074,3189,1
11.5579,10.9141,2708,3189,1
11.5827,12.6310,3134,3189,1
11.6075,12.6068,3128,3178,1
11.6323,12.1796,3022,3163,1
11.6571,12.6068,3128,3189,1
11.6819,12.2602,3042,3189,1
11.7067,10.8979,2704,3189,1
11.7315,12.4214,3082,3180,1
11.7563,11.8894,2950,3189,1
11.7811,11.9660,2969,3179,1
11.8059,12.8526,3189,3189,1
11.8307,12.0949,3001,3189,1
11.8555,12.6592,3141,3189,1
11.8803,10.9826,2725,3189,1
11.9051,12.4496,3089,3189,1
11.9299,11.5952,2877,3189,1
11.9547,11.4582,2843,3177,1
11.9795,12.7438,3162,3189,1
12.0043,11.1760,2773,3186,1
12.0291,12.7761,3170,3168,1
12.0539,12.6632,3142,3189,1
12.0787,12.7720,3169,3167,1
12.1035,12.5222,3107,3143,1
12.1283,12.0506,2990,3189,1
12.1532,11.5226,2859,3189,1
12.1780,11.7362,2912,3183,1
12.2028,12.0143,2981,3189,1
12.2276,11.0592,2744,3189,1
12.2524,11.4864,2850,3189,1
12.2772,12.6672,3143,3189,1
12.3020,12.1594,3017,3162,1
12.3268,12.2682,3044,3189,1
12.3516,11.8934,2951,3189,1
12.3764,12.1554,3016,3179,1
12.4012,11.4985,2853,3175,1
12.4260,12.3126,3055,3189,1
12.4508,11.3695,2821,3189,1
12.4756,12.2602,3042,3163,1
12.5004,11.2365,2788,3189,1
12.5252,12.5987,3126,3155,1
12.5500,11.7886,2925,3180,1
12.5748,12.5907,3124,3167,1
12.5996,12.2521,3040,3189,1
12.6244,12.3811,3072,3163,1
12.6492,12.7196,3156,3189,1
12.6740,12.0143,2981,3187,1
12.6988,12.0909,3000,3173,1
12.7236,12.8526,3189,3189,1
12.7484,12.8405,3186,3186,1
12.7732,12.3851,3073,3162,1
12.7980,12.8526,3189,3180,1
12.8228,12.6068,3128,3178,1
12.8476,12.8526,3189,3189,1
12.8724,12.7438,3162,3173,1
12.8972,12.4536,3090,3185,1
12.9220,12.8204,3181,3189,1
12.9468,12.8526,3189,3163,1
12.9716,12.0143,2981,3189,1
12.9964,12.8405,3186,3189,1
13.0212,11.2607,2794,3133,1
13.0460,12.2844,3048,3189,1
13.0708,11.5428,2864,3189,1
13.0956,11.5629,2869,3186,1
13.1204,11.7362,2912,3189,1
13.1452,12.6350,3135,3189,1
13.1700,11.4702,2846,3185,1
13.1948,11.9982,2977,3189,1
13.2197,11.7886,2925,3189,1
13.2445,11.1680,2771,3178,1
13.2693,12.3851,3073,3163,1
13.2941,12.3771,3071,3174,1
13.3189,12.2481,3039,3189,1
13.3437,12.4012,3077,3189,1
13.3685,11.3453,2815,3165,1
13.3933,11.9861,2974,3183,1
13.4181,12.6874,3148,3189,1
13.4429,12.8526,3189,3171,1
13.4677,12.7075,3153,3189,1
13.4925,12.8526,3189,3167,1
13.5173,12.4214,3082,3189,1
13.5421,12.7962,3175,3188,1
13.5669,11.5629,2869,3189,1
13.5917,11.3050,2805,3189,1
13.6165,11.9861,2974,3189,1
13.6413,11.5871,2875,3189,1
13.6661,11.5307,2861,3189,1
13.6909,12.0909,3000,3185,1
13.7157,12.8526,3189,3167,1
13.7405,12.3730,3070,3160,1
13.7653,12.4012,3077,3189,1
13.7901,12.1352,3011,3189,1
13.8149,11.2607,2794,3189,1
13.8397,12.1070,3004,3165,1
13.8645,12.6148,3130,3143,1
13.8893,12.5101,3104,3189,1
13.9141,12.2844,3048,3189,1
13.9389,12.5020,3102,3189,1
13.9637,11.8733,2946,3179,1
13.9885,12.8204,3181,3130,1
14.0133,12.8526,3189,3189,1
14.0381,12.8043,3177,3180,1
14.0629,12.8526,3189,3154,1
14.0877,12.0425,2988,3183,1
14.1125,12.0143,2981,3189,1
14.1373,12.4980,3101,3189,1
14.1621,11.3735,2822,3189,1
14.1869,11.8612,2943,3189,1
14.2117,12.8526,3189,3173,1
14.2365,11.7242,2909,3189,1
14.2614,10.9342,2713,3189,1
14.2862,12.8526,3189,3189,1
14.3110,11.5952,2877,3189,1
14.3358,12.6672,3143,3149,1
14.3606,12.8526,3189,3170,1
14.3854,12.1070,3004,3189,1
14.4102,11.6355,2887,3189,1
14.4350,10.9826,2725,3167,1
14.4598,12.0264,2984,3189,1
14.4846,12.8526,3189,3160,1
14.5094,12.4818,3097,3163,1
14.5342,12.0143,2981,3189,1
14.5590,12.7358,3160,3160,1
14.5838,12.3811,3072,3189,1
14.6086,11.7524,2916,3189,1
14.6334,11.4178,2833,3189,1
14.6582,11.9458,2964,3179,1
14.6830,12.0305,2985,3167,1
14.7078,12.2682,3044,3181,1
14.7326,12.2844,3048,3189,1
14.7574,10.6803,2650,3156,1
14.7822,12.8526,3189,3180,1
14.8070,11.7967,2927,3189,1
14.8318,10.7730,2673,3189,1
14.8566,11.7201,2908,3189,1
14.8814,12.1997,3027,3189,1
14.9062,11.5871,2875,3189,1
14.9310,12.7358,3160,3189,1
14.9558,11.5750,2872,3189,1
14.9806,10.7851,2676,3163,1
15.0054,12.0748,2996,3189,1
15.0302,11.6919,2901,3185,1
15.0550,12.3851,3073,3148,1
15.0798,12.8164,3180,3163,1
15.1046,12.8526,3189,3189,1
15.1294,11.2204,2784,3189,1
15.1542,12.3730,3070,3189,1
15.1790,12.6672,3143,3141,1
15.2038,12.0143,2981,3189,1
15.2286,10.8979,2704,3189,1
15.2534,10.9665,2721,3189,1
15.2782,12.0022,2978,3180,1
15.3030,12.8526,3189,3186,1
15.3279,12.2038,3028,3189,1
15.3527,11.6758,2897,3189,1
15.3775,12.3892,3074,3172,1
15.4023,12.0909,3000,3189,1
15.4271,11.8652,2944,3189,1
15.4519,12.8526,3189,3189,1
15.4767,11.7645,2919,3180,1
15.5015,12.6632,3142,3189,1
15.5263,12.8526,3189,3178,1
15.5511,11.9700,2970,3189,1
15.5759,11.3252,2810,3189,1
15.6007,10.7488,2667,3187,1
15.6255,11.9095,2955,3167,1
15.6503,12.6431,3137,3174,1
15.6751,12.3166,3056,3185,1
15.6999,11.8692,2945,3189,1
15.7247,12.8526,3189,3153,1
15.7495,11.8934,2951,3189,1
15.7743,11.5428,2864,3189,1
15.7991,11.1478,2766,3189,1
15.8239,11.5146,2857,3180,1
15.8487,12.8526,3189,3155,1
15.8735,10.9342,2713,3187,1
15.8983,12.1232,3008,3189,1
15.9231,11.0430,2740,3189,1
15.9479,11.3655,2820,3189,1
15.9727,11.9700,2970,3189,1
15.9975,10.8858,2701,3189,1
16.0223,11.6234,2884,3178,1
16.0471,11.8612,2943,3189,1
16.0719,12.2239,3033,3189,1
16.0967,11.8088,2930,3189,1
16.1215,12.5987,3126,3189,1
16.1463,11.1236,2760,3189,1
16.1711,11.7645,2919,3189,1
16.1959,12.7962,3175,3189,1
16.2207,11.3937,2827,3189,1
16.2455,12.8526,3189,3189,1
16.2703,11.1801,2774,3189,1
16.2951,11.4098,2831,3189,1
16.3199,12.4174,3081,3189,1
16.3447,11.9095,2955,3189,1
16.3696,12.3166,3056,3189,1
16.3944,11.3534,2817,3189,1
16.4192,11.3050,2805,3189,1
16.4440,12.0506,2990,3174,1
16.4688,12.7882,3173,3189,1
16.4936,11.5952,2877,3189,1
16.5184,11.9700,2970,3175,1
16.5432,12.1191,3007,3169,1
16.5680,11.8934,2951,3189,1
16.5928,11.1236,2760,3187,1
16.6176,12.2038,3028,3189,1
16.6424,11.7242,2909,3185,1
16.6672,12.8526,3189,3189,1
16.6920,11.7483,2915,3187,1
16.7168,12.0143,2981,3189,1
16.7416,11.8894,2950,3189,1
16.7664,11.2526,2792,3189,1
16.7912,11.5105,2856,3189,1
16.8160,11.5912,2876,3186,1
16.8408,11.4340,2837,3189,1
16.8656,11.6959,2902,3189,1
16.8904,11.7242,2909,3189,1
16.9152,11.7524,2916,3189,1
16.9400,12.8526,3189,3189,1
16.9648,11.3372,2813,3189,1
16.9896,12.2199,3032,3174,1
17.0144,12.4133,3080,3167,1
17.0392,12.1997,3027,3189,1
17.0640,11.1881,2776,3189,1
17.0888,12.7640,3167,3185,1
17.1136,11.7645,2919,3189,1
17.1384,11.5549,2867,3189,1
17.1632,11.6032,2879,3189,1
17.1880,12.2602,3042,3175,1
17.2128,10.8617,2695,3189,1
17.2376,11.1236,2760,3189,1
17.2624,12.5463,3113,3189,1
17.2872,12.2682,3044,3174,1
17.3120,12.3085,3054,3189,1
17.3368,11.6234,2884,3189,1
17.3616,11.3211,2809,3189,1
17.3864,11.5912,2876,3189,1
17.4112,12.3206,3057,3189,1
17.4361,11.0793,2749,3189,1
17.4609,12.1393,3012,3148,1
17.4857,12.6350,3135,3181,1
17.5105,12.0466,2989,3189,1
17.5353,12.4295,3084,3189,1
17.5601,12.8526,3189,3174,1
17.5849,11.7201,2908,3189,1
17.6097,11.3977,2828,3189,1
17.6345,12.8526,3189,3186,1
17.6593,11.0471,2741,3189,1
17.6841,11.2607,2794,3189,1
17.7089,11.4178,2833,3189,1
17.7337,12.7922,3174,3189,1
17.7585,11.1720,2772,3186,1
17.7833,10.7891,2677,3165,1
17.8081,12.8285,3183,3189,1
17.8329,12.5342,3110,3189,1
17.8577,12.0949,3001,3189,1
17.8825,11.7725,2921,3189,1
17.9073,10.8173,2684,3179,1
17.9321,12.2844,3048,3189,1
17.9569,11.6234,2884,3189,1
17.9817,11.9176,2957,3189,1
18.0065,12.4012,3077,3189,1
18.0313,11.2083,2781,3189,1
18.0561,12.0022,2978,3171,1
18.0809,12.7116,3154,3176,1
18.1057,11.8934,2951,3188,1
18.1305,11.5025,2854,3189,1
18.1553,10.7730,2673,3189,1
18.1801,11.3856,2825,3167,1
18.2049,12.8486,3188,3167,1
18.2297,12.0506,2990,3180,1
18.2545,11.8894,2950,3189,1
18.2793,11.3372,2813,3189,1
18.3041,11.3211,2809,3175,1
18.3289,12.4093,3079,3162,1
18.3537,11.0833,2750,3189,1
18.3785,11.7121,2906,3186,1
18.4033,12.8083,3178,3189,1
18.4281,10.8375,2689,3166,1
18.4529,12.3005,3052,3189,1
18.4778,12.5907,3124,3185,1
18.5026,12.6189,3131,3179,1
18.5274,11.8330,2936,3189,1
18.5522,11.4340,2837,3189,1
18.5770,11.0833,2750,3187,1
18.6018,12.5987,3126,3172,1
18.6266,12.8526,3189,3157,1
18.6514,11.8531,2941,3189,1
18.6762,12.1796,3022,3189,1
18.7010,12.7559,3165,3172,1
18.7258,12.1232,3008,3189,1
18.7506,10.7367,2664,3189,1
18.7754,11.6677,2895,3173,1
18.8002,12.4859,3098,3186,1
18.8250,12.8083,3178,3185,1
18.8498,11.7806,2923,3189,1
18.8746,10.6521,2643,3166,1
18.8994,11.6032,2879,3189,1
18.9242,10.7125,2658,3189,1
18.9490,10.9423,2715,3189,1
18.9738,11.3977,2828,3189,1
18.9986,12.1715,3020,3154,1
19.0234,12.8526,3189,3148,1
19.0482,11.6355,2887,3189,1
19.0730,11.3131,2807,3189,1
19.0978,11.5307,2861,3185,1
19.1226,12.6068,3128,3180,1
19.1474,12.8526,3189,3169,1
19.1722,12.2481,3039,3189,1
19.1970,11.4461,2840,3189,1
19.2218,11.0269,2736,3189,1
19.2466,11.9821,2973,3189,1
19.2714,11.4743,2847,3189,1
19.2962,12.8164,3180,3185,1
19.3210,12.4496,3089,3180,1
19.3458,12.1352,3011,3189,1
19.3706,11.4743,2847,3171,1
19.3954,12.5141,3105,3174,1
19.4202,11.9821,2973,3186,1
19.4450,12.3166,3056,3189,1
19.4698,12.8325,3184,3166,1
19.4946,11.7362,2912,3189,1
19.5194,12.8526,3189,3178,1
19.5443,12.5786,3121,3189,1
19.5691,11.9700,2970,3189,1
19.5939,11.5750,2872,3189,1
19.6187,11.7524,2916,3189,1
19.6435,12.4859,3098,3159,1
19.6683,12.7882,3173,3189,1
19.6931,11.1599,2769,3189,1
19.7179,11.3856,2825,3148,1
19.7427,11.8854,2949,3189,1
19.7675,11.3735,2822,3189,1
19.7923,10.6602,2645,3189,1
19.8171,11.3735,2822,3147,1
19.8419,12.3488,3064,3183,1
19.8667,12.8164,3180,3173,1
19.8915,11.9821,2973,3189,1
19.9163,11.0430,2740,3189,1
19.9411,11.5105,2856,3185,1
19.9659,12.5786,3121,3090,1
19.9907,12.3206,3057,3153,1
20.0155,12.5786,3121,3189,0
20.0403,12.1070,3004,3189,0
20.0651,11.5508,2866,0,0
20.0899,11.6758,2897,0,0
20.1147,11.6234,2884,0,0
20.1395,11.7524,2916,0,0
20.1643,12.6672,3143,0,0
20.1891,12.7438,3162,0,0
20.2139,12.0587,2992,0,0
20.2387,12.8526,3189,0,0
20.2635,11.8531,2941,0,0
20.2883,11.4259,2835,0,0
20.3131,11.2204,2784,0,0
20.3379,11.5871,2875,0,0
20.3627,12.8083,3178,0,0
20.3875,12.8526,3189,0,0
20.4123,12.2965,3051,0,0
20.4371,11.5952,2877,0,0
20.4619,11.7443,2914,0,0
20.4867,12.3488,3064,3,0
20.5115,12.0909,3000,0,0
20.5363,11.5549,2867,0,0
20.5611,12.8526,3189,0,0
20.5859,12.8526,3189,0,0
20.6108,11.5508,2866,0,0
20.6356,10.9947,2728,0,0
20.6604,11.5912,2876,0,0
20.6852,11.4662,2845,0,0
20.7100,11.2607,2794,0,0
20.7348,12.4295,3084,0,0
20.7596,12.8325,3184,0,0
20.7844,12.2360,3036,0,0
20.8092,11.6919,2901,0,0
20.8340,11.1478,2766,0,0
20.8588,12.2682,3044,0,0
20.8836,12.7438,3162,0,0
20.9084,12.3972,3076,0,0
20.9332,11.3131,2807,0,0
20.9580,11.1317,2762,0,0
20.9828,11.7362,2912,0,0
21.0076,11.7886,2925,0,0
21.0324,12.0345,2986,0,0
21.0572,12.4496,3089,1,0
21.0820,12.0022,2978,2,0
21.1068,12.1715,3020,0,0
21.1316,12.5020,3102,0,0
21.1564,12.3488,3064,0,0
21.1812,11.3010,2804,0,0
21.2060,12.5141,3105,0,0
21.2308,12.1232,3008,0,0
21.2556,12.0264,2984,0,0
21.2804,12.8526,3189,0,0
21.3052,11.5146,2857,2,0
21.3300,12.5383,3111,0,0
21.3548,12.5181,3106,0,0
21.3796,12.0224,2983,0,0
21.4044,11.3292,2811,0,0
21.4292,12.8204,3181,0,0
21.4540,12.5504,3114,36,0
21.4788,12.0143,2981,0,0
21.5036,10.5191,2610,0,0
21.5284,11.6355,2887,0,0
21.5532,12.2844,3048,0,0
21.5780,11.0269,2736,0,0
21.6028,11.0833,2750,0,0
21.6276,12.8204,3181,0,0
21.6525,11.7886,2925,0,0
21.6773,10.9906,2727,0,0
21.7021,10.7488,2667,0,0
21.7269,11.7886,2925,0,0
21.7517,12.5584,3116,0,0
21.7765,12.3609,3067,0,0
21.8013,12.2763,3046,26,0
21.8261,12.3851,3073,0,0
21.8509,11.5549,2867,4,0
21.8757,11.3735,2822,0,0
21.9005,11.9821,2973,0,0
21.9253,12.5222,3107,0,0
21.9501,12.1796,3022,0,0
21.9749,11.7040,2904,0,0
21.9997,11.0592,2744,0,0
22.0245,11.1922,2777,0,0
22.0493,12.3166,3056,0,0
22.0741,12.1635,3018,0,0
22.0989,11.2365,2788,0,0
22.1237,10.6078,2632,0,0
22.1485,10.9906,2727,0,0
22.1733,12.3811,3072,20,0
22.1981,12.7478,3163,0,0
22.2229,11.3372,2813,0,0
22.2477,12.8325,3184,0,0
22.2725,11.9498,2965,0,0
22.2973,12.1312,3010,0,0
22.3221,12.0788,2997,0,0
22.3469,11.2244,2785,14,0
22.3717,10.5675,2622,0,0
22.3965,11.1357,2763,0,0
22.4213,12.2602,3042,97,0
22.4461,12.7317,3159,0,0
22.4709,11.8088,2930,0,0
22.4957,11.6355,2887,0,0
22.5205,11.1236,2760,0,0
22.5453,12.2199,3032,0,0
22.5701,12.8164,3180,0,0
22.5949,11.8249,2934,0,0
22.6197,11.4098,2831,0,0
22.6445,12.2158,3031,47,0
22.6693,11.3856,2825,0,0
22.6941,12.0587,2992,0,0
22.7190,11.0632,2745,0,0
22.7438,12.4738,3095,0,0
22.7686,11.7524,2916,0,0
22.7934,11.7121,2906,0,0
22.8182,11.6677,2895,0,0
22.8430,11.6838,2899,14,0
22.8678,11.5025,2854,0,0
22.8926,12.6914,3149,0,0
22.9174,12.0466,2989,0,0
22.9422,10.2329,2539,0,0
22.9670,12.0466,2989,4,0
22.9918,11.6838,2899,11,0
23.0166,12.1836,3023,0,0
23.0414,11.7645,2919,0,0
23.0662,11.7886,2925,0,0
23.0910,11.8854,2949,0,0
23.1158,11.4461,2840,0,0
23.1406,10.6602,2645,0,0
23.1654,12.1352,3011,0,0
23.1902,12.8164,3180,0,0
23.2150,12.6068,3128,0,0
23.2398,11.8330,2936,0,0
23.2646,11.2042,2780,0,0
23.2894,11.7040,2904,0,0
23.3142,10.9221,2710,0,0
23.3390,11.5025,2854,0,0
23.3638,12.2038,3028,0,0
23.3886,12.7317,3159,0,0
23.4134,12.0143,2981,0,0
23.4382,12.8526,3189,0,0
23.4630,12.3085,3054,6,0
23.4878,11.6234,2884,0,0
23.5126,11.3655,2820,0,0
23.5374,11.3010,2804,0,0
23.5622,12.7962,3175,0,0
23.5870,11.6677,2895,0,0
23.6118,11.2244,2785,0,0
23.6366,12.1917,3025,0,0
23.6614,12.1232,3008,0,0
23.6862,11.1478,2766,0,0
23.7110,12.1070,3004,0,0
23.7358,12.6431,3137,0,0
23.7607,12.5625,3117,0,0
23.7855,11.5025,2854,0,0
23.8103,11.8894,2950,0,0
23.8351,11.3775,2823,0,0
23.8599,12.7720,3169,0,0
23.8847,12.4859,3098,0,0
23.9095,11.3937,2827,0,0
23.9343,11.5428,2864,0,0
23.9591,11.2607,2794,0,0
23.9839,12.1232,3008,0,0
24.0087,12.8526,3189,0,0
24.0335,11.7524,2916,0,0
24.0583,11.5388,2863,0,0
24.0831,11.2083,2781,0,0
24.1079,12.3327,3060,0,0
24.1327,12.7075,3153,0,0
24.1575,11.8370,2937,0,0
24.1823,11.1599,2769,0,0
24.2071,11.2123,2782,0,0
24.2319,11.7443,2914,0,0
24.2567,11.3775,2823,0,0
24.2815,11.2607,2794,0,0
24.3063,12.7882,3173,0,0
24.3311,11.8652,2944,0,0
24.3559,11.4985,2853,0,0
24.3807,11.3775,2823,0,0
24.4055,12.5101,3104,0,0
24.4303,12.8526,3189,0,0
24.4551,11.3372,2813,0,0
24.4799,11.6959,2902,0,0
24.5047,10.7972,2679,0,0
24.5295,11.2445,2790,0,0
24.5543,12.7559,3165,0,0
24.5791,12.2158,3031,0,0
24.6039,11.4299,2836,0,0
24.6287,12.7559,3165,0,0
24.6535,11.5025,2854,0,0
24.6783,10.9665,2721,0,0
24.7031,11.0471,2741,0,0
24.7279,12.8083,3178,0,0
24.7527,11.0712,2747,0,0
24.7775,12.7116,3154,0,0
24.8023,11.5105,2856,0,0
24.8272,11.3252,2810,0,0
24.8520,12.6350,3135,14,0
24.8768,12.2965,3051,0,0
24.9016,12.6390,3136,0,0
24.9264,12.8526,3189,0,0
24.9512,11.4138,2832,0,0
24.9760,12.8526,3189,0,0
25.0008,12.8526,3189,0,0
25.0256,11.5025,2854,0,0
25.0504,10.8294,2687,0,0
25.0752,11.5105,2856,6,0
25.1000,12.7358,3160,0,0
25.1248,11.8048,2929,0,0
25.1496,11.7121,2906,0,0
25.1744,11.6315,2886,0,0
25.1992,12.0143,2981,0,0
25.2240,12.6350,3135,0,0
25.2488,12.3085,3054,4,0
25.2736,11.5428,2864,0,0
25.2984,11.4259,2835,0,0
25.3232,12.1715,3020,0,0
25.3480,12.7237,3157,0,0
25.3728,11.2123,2782,0,0
25.3976,12.5020,3102,0,0
25.4224,11.9700,2970,0,0
25.4472,11.2123,2782,0,0
25.4720,11.0753,2748,0,0
25.4968,11.0753,2748,0,0
25.5216,12.7156,3155,0,0
25.5464,12.5504,3114,0,0
25.5712,11.8531,2941,0,0
25.5960,11.0592,2744,0,0
25.6208,12.5947,3125,0,0
25.6456,11.4702,2846,0,0
25.6704,11.0833,2750,0,0
25.6952,12.1836,3023,0,0
25.7200,12.2320,3035,0,0
25.7448,12.6914,3149,7,0
25.7696,11.8088,2930,0,0
25.7944,11.7725,2921,0,0
25.8192,12.1514,3015,0,0
25.8440,11.5871,2875,0,0
25.8689,11.3453,2815,0,0
25.8937,12.2803,3047,0,0
25.9185,11.3655,2820,0,0
25.9433,12.6592,3141,0,0
25.9681,12.1030,3003,0,0
25.9929,11.5146,2857,0,0
26.0177,11.9498,2965,0,0
26.0425,10.9665,2721,0,0
26.0673,12.2199,3032,0,0
26.0921,11.9055,2954,0,0
26.1169,11.8249,2934,0,0
26.1417,11.1196,2759,0,0
26.1665,12.3690,3069,0,0
26.1913,12.6350,3135,0,0
26.2161,12.1030,3003,7,0
26.2409,11.5670,2870,0,0
26.2657,12.4133,3080,0,0
26.2905,11.6355,2887,0,0
26.3153,11.3372,2813,0,0
26.3401,12.0909,3000,0,0
26.3649,12.8526,3189,0,0
26.3897,12.0788,2997,0,0
26.4145,12.3771,3071,0,0
26.4393,12.4093,3079,5,0
26.4641,12.6108,3129,0,0
26.4889,12.5020,3102,0,0
26.5137,11.7524,2916,0,0
26.5385,12.2844,3048,0,0
26.5633,11.6274,2885,0,0
26.5881,12.2279,3034,0,0
26.6129,9.4793,2352,0,0
26.6377,11.8048,2929,0,0
26.6625,11.3655,2820,0,0
26.6873,11.2042,2780,0,0
26.7121,12.7640,3167,0,0
26.7369,12.8526,3189,0,0
26.7617,11.8531,2941,17,0
26.7865,12.6269,3133,0,0
26.8113,11.7242,2909,0,0
26.8361,11.5105,2856,0,0
26.8609,12.0022,2978,0,0
26.8857,11.8370,2937,0,0
26.9105,12.8526,3189,0,0
26.9354,12.3851,3073,4,0
26.9602,10.4627,2596,0,0
26.9850,12.1151,3006,0,0
27.0098,12.6431,3137,0,0
27.0346,12.0949,3001,0,0
27.0594,11.8048,2929,0,0
27.0842,11.4622,2844,0,0
27.1090,11.0793,2749,0,0
27.1338,12.0143,2981,0,0
27.1586,12.8244,3182,0,0
27.1834,11.7604,2918,0,0
27.2082,12.5423,3112,21,0
27.2330,12.2763,3046,0,0
27.2578,10.9423,2715,0,0
27.2826,11.6315,2886,0,0
27.3074,11.0430,2740,0,0
27.3322,11.7886,2925,0,0
27.3570,11.8451,2939,0,0
27.3818,12.6431,3137,0,0
27.4066,12.6148,3130,0,0
27.4314,11.1599,2769,0,0
27.4562,11.1720,2772,0,0
27.4810,11.8652,2944,0,0
27.5058,12.8526,3189,0,0
27.5306,11.6395,2888,0,0
27.5554,12.5060,3103,0,0
27.5802,11.6919,2901,0,0
27.6050,12.0788,2997,0,0
27.6298,12.8526,3189,0,0
27.6546,12.1514,3015,0,0
27.6794,12.6028,3127,0,0
27.7042,12.4295,3084,0,0
27.7290,11.5307,2861,0,0
27.7538,10.7166,2659,0,0
27.7786,12.3488,3064,0,0
27.8034,11.3856,2825,0,0
27.8282,11.2889,2801,0,0
27.8530,12.4738,3095,0,0
27.8778,12.0546,2991,0,0
27.9026,11.9821,2973,0,0
27.9274,11.4864,2850,0,0
27.9522,11.2123,2782,0,0
27.9770,11.8168,2932,0,0
28.0019,10.8738,2698,0,0
28.0267,12.8526,3189,0,0
28.0515,11.1156,2758,0,0
28.0763,11.5508,2866,0,0
28.1011,12.7962,3175,0,0
28.1259,11.8692,2945,0,0
28.1507,11.4783,2848,0,0
28.1755,11.0914,2752,0,0
28.2003,12.6552,3140,0,0
28.2251,12.5947,3125,0,0
28.2499,11.8088,2930,0,0
28.2747,11.5428,2864,0,0
28.2995,10.9987,2729,0,0
28.3243,12.8164,3180,0,0
28.3491,11.0833,2750,0,0
28.3739,11.6677,2895,0,0
28.3987,12.2924,3050,0,0
28.4235,10.7649,2671,0,0
28.4483,12.3206,3057,0,0
28.4731,12.2763,3046,0,0
28.4979,11.1478,2766,0,0
28.5227,12.1554,3016,0,0
28.5475,11.0027,2730,0,0
28.5723,11.4904,2851,0,0
28.5971,12.7116,3154,0,0
28.6219,11.8531,2941,0,0
28.6467,12.8526,3189,0,0
28.6715,11.9095,2955,0,0
28.6963,10.8858,2701,0,0
28.7211,11.1881,2776,0,0
28.7459,11.9095,2955,0,0
28.7707,12.7438,3162,0,0
28.7955,11.9660,2969,0,0
28.8203,12.8083,3178,0,0
28.8451,12.4738,3095,0,0
28.8699,11.1357,2763,0,0
28.8947,11.2889,2801,0,0
28.9195,11.7282,2910,0,0
28.9443,12.8405,3186,0,0
28.9691,12.0909,3000,3,0
28.9939,11.6758,2897,0,0
29.0187,11.4098,2831,0,0
29.0436,12.5383,3111,0,0
29.0684,12.0909,3000,0,0
29.0932,12.1232,3008,0,0
29.1180,12.6068,3128,0,0
29.1428,11.8088,2930,0,0
29.1676,12.8526,3189,0,0
29.1924,12.3287,3059,0,0
29.2172,11.3735,2822,9,0
29.2420,11.5589,2868,0,0
29.2668,11.6234,2884,0,0
29.2916,11.2042,2780,0,0
29.3164,12.0425,2988,0,0
29.3412,12.8526,3189,0,0
29.3660,12.2521,3040,15,0
29.3908,11.6355,2887,0,0
29.4156,12.8526,3189,0,0
29.4404,12.0345,2986,0,0
29.4652,11.6395,2888,0,0
29.4900,11.5629,2869,0,0
29.5148,11.3372,2813,0,0
29.5396,11.2123,2782,0,0
29.5644,11.3252,2810,4,0
29.5892,11.1357,2763,0,0
29.6140,11.3937,2827,0,0
29.6388,11.3735,2822,0,0
29.6636,11.0350,2738,0,0
29.6884,12.8526,3189,0,0
29.7132,11.9418,2963,163,0
29.7380,11.8048,2929,0,0
29.7628,12.4899,3099,0,0
29.7876,12.2924,3050,0,0
29.8124,11.7524,2916,0,0
29.8372,12.3488,3064,7,0
29.8620,11.4259,2835,0,0
29.8868,10.8455,2691,0,0
29.9116,12.1876,3024,0,0
29.9364,12.3972,3076,0,0
29.9612,11.6597,2893,0,0
29.9860,11.2204,2784,0,0
30.0108,11.1680,2771,0,0
30.0356,11.5589,2868,0,0
30.0604,12.8526,3189,0,0
30.0852,11.5750,2872,5,0
30.1101,10.7891,2677,0,0
30.1349,11.9095,2955,0,0
30.1597,12.4496,3089,0,0
30.1845,11.0350,2738,0,0
30.2093,11.7242,2909,0,0
30.2341,12.8123,3179,0,0
30.2589,12.0909,3000,0,0
30.2837,12.8526,3189,0,0
30.3085,12.1594,3017,0,0
30.3333,11.5952,2877,0,0
30.3581,12.2320,3035,15,0
30.3829,11.0753,2748,0,0
30.4077,10.9665,2721,0,0
30.4325,11.8692,2945,23,0
30.4573,12.6310,3134,0,0
30.4821,11.8854,2949,28,0
30.5069,11.3252,2810,0,0
30.5317,12.7962,3175,0,0
30.5565,11.6919,2901,0,0
30.5813,11.6677,2895,0,0
30.6061,12.1997,3027,0,0
30.6309,11.4178,2833,0,0
30.6557,11.6758,2897,28,0
30.6805,12.7237,3157,0,0
30.7053,12.0305,2985,0,0
30.7301,11.7806,2923,0,0
30.7549,11.7443,2914,0,0
30.7797,11.8692,2945,3,0
30.8045,10.9302,2712,0,0
30.8293,11.9095,2955,4,0
30.8541,11.6476,2890,0,0
30.8789,11.3292,2811,0,0
30.9037,11.4259,2835,0,0
30.9285,12.2844,3048,0,0
30.9533,12.2844,3048,63,0
30.9781,11.2083,2781,0,0
31.0029,11.0390,2739,0,0
31.0277,12.1917,3025,0,0
31.0525,11.1156,2758,0,0
31.0773,11.3010,2804,0,0
31.1021,12.8526,3189,0,0
31.1269,12.6310,3134,0,0
31.1518,12.6753,3145,0,0
31.1766,10.8294,2687,0,0
31.2014,11.7725,2921,0,0
31.2262,11.3534,2817,0,0
31.2510,11.5750,2872,0,0
31.2758,11.4622,2844,0,0
31.3006,11.2244,2785,0,0
31.3254,11.2445,2790,0,0
31.3502,11.2607,2794,0,0
31.3750,11.5508,2866,0,0
31.3998,12.5987,3126,0,0
31.4246,12.3126,3055,2,0
31.4494,12.7962,3175,0,0
31.4742,12.1796,3022,0,0
31.4990,11.6476,2890,0,0
31.5238,11.0833,2750,0,0
31.5486,11.5952,2877,0,0
31.5734,11.9176,2957,0,0
31.5982,11.9095,2955,25,0
31.6230,12.6552,3140,0,0
31.6478,12.8164,3180,0,0
31.6726,12.7559,3165,0,0
31.6974,11.9821,2973,0,0
31.7222,11.6032,2879,0,0
31.7470,9.4954,2356,0,0
31.7718,11.7121,2906,0,0
31.7966,12.1997,3027,0,0
31.8214,11.1236,2760,0,0
31.8462,12.3206,3057,63,0
31.8710,11.1760,2773,0,0
31.8958,11.7080,2905,0,0
31.9206,10.8254,2686,0,0
31.9454,11.6032,2879,0,0
31.9702,12.4496,3089,0,0
31.9950,12.7478,3163,0,0
32.0198,11.5307,2861,0,0
32.0446,12.3166,3056,0,0
32.0694,12.6955,3150,156,0
32.0942,12.4295,3084,0,0
32.1190,11.6959,2902,0,0
32.1438,11.8934,2951,0,0
32.1686,11.1236,2760,0,0
32.1935,12.3529,3065,0,0
32.2183,12.8526,3189,0,0
32.2431,11.4259,2835,0,0
32.2679,12.8164,3180,0,0
32.2927,11.2042,2780,0,0
32.3175,12.1836,3023,0,0
32.3423,12.1393,3012,0,0
32.3671,11.5871,2875,0,0
32.3919,11.7806,2923,0,0
32.4167,11.7524,2916,0,0
32.4415,12.8526,3189,0,0
32.4663,12.8285,3183,0,0
32.4911,12.5020,3102,0,0
32.5159,12.5342,3110,0,0
32.5407,11.9700,2970,0,0
32.5655,11.2889,2801,0,0
32.5903,12.0949,3001,0,0
32.6151,12.7841,3172,0,0
32.6399,12.4818,3097,0,0
32.6647,10.7287,2662,0,0
32.6895,12.1997,3027,0,0
32.7143,12.1514,3015,3,0
32.7391,10.9665,2721,0,0
32.7639,11.9378,2962,0,0
32.7887,12.8083,3178,0,0
32.8135,11.9660,2969,0,0
32.8383,11.0753,2748,0,0
32.8631,12.1836,3023,0,0
32.8879,11.6919,2901,39,0
32.9127,12.1352,3011,0,0
32.9375,11.4582,2843,0,0
32.9623,11.0712,2747,0,0
32.9871,10.9423,2715,0,0
33.0119,12.6874,3148,0,0
33.0367,11.6597,2893,0,0
33.0615,11.6919,2901,0,0
33.0863,11.8652,2944,0,0
33.1111,12.4657,3093,0,0
33.1359,12.3287,3059,0,0
33.1607,12.0627,2993,0,0
33.1855,12.4214,3082,0,0
33.2103,11.3574,2818,0,0
33.2351,12.2924,3050,0,0
33.2599,12.4012,3077,0,0
33.2848,11.6355,2887,0,0
33.3096,12.8526,3189,0,0
33.3344,11.7242,2909,0,0
33.3592,12.3287,3059,0,0
33.3840,12.1796,3022,0,0
33.4088,11.9418,2963,0,0
33.4336,11.2969,2803,0,0
33.4584,12.5745,3120,0,0
33.4832,12.7277,3158,0,0
33.5080,11.8652,2944,0,0
33.5328,12.2803,3047,0,0
33.5576,12.6834,3147,0,0
33.5824,12.0788,2997,0,0
33.6072,11.4178,2833,0,0
33.6320,11.8531,2941,0,0
33.6568,12.3851,3073,0,0
33.6816,11.9337,2961,0,0
33.7064,12.8526,3189,8,0
33.7312,12.7962,3175,0,0
33.7560,12.1594,3017,14,0
33.7808,12.0345,2986,0,0
33.8056,12.0224,2983,0,0
33.8304,12.1997,3027,0,0
33.8552,11.6355,2887,0,0
33.8800,12.7962,3175,0,0
33.9048,12.7761,3170,0,0
33.9296,11.6838,2899,2,0
33.9544,12.6632,3142,0,0
33.9792,11.7725,2921,0,0
34.0040,12.5544,3115,0,0
34.0288,12.8526,3189,0,0
34.0536,11.7080,2905,0,0
34.0784,12.0466,2989,0,0
34.1032,12.2481,3039,9,0
34.1280,10.5594,2620,0,0
34.1528,12.1393,3012,0,0
34.1776,12.8526,3189,0,0
34.2024,11.9378,2962,0,0
34.2272,11.8330,2936,0,0
34.2520,12.3488,3064,0,0
34.2768,12.1715,3020,0,0
34.3016,12.8244,3182,0,0
34.3265,11.7524,2916,0,0
34.3513,11.3211,2809,0,0
34.3761,11.9942,2976,19,0
34.4009,10.8738,2698,0,0
34.4257,11.5912,2876,0,0
34.4505,11.4864,2850,0,0
34.4753,12.7720,3169,0,0
34.5001,10.9423,2715,0,0
34.5249,12.5141,3105,0,0
34.5497,10.7528,2668,0,0
34.5745,12.3206,3057,0,0
34.5993,11.1639,2770,0,0
34.6241,11.6234,2884,0,0
34.6489,11.3171,2808,0,0
34.6737,11.2969,2803,0,0
34.6985,10.9826,2725,28,0
34.7233,12.6874,3148,0,0
34.7481,11.2889,2801,0,0
34.7729,11.4864,2850,0,0
34.7977,11.7806,2923,160,0
34.8225,11.5549,2867,0,0
34.8473,11.2365,2788,0,0
34.8721,12.7116,3154,0,0
34.8969,12.0708,2995,0,0
34.9217,12.2763,3046,0,0
34.9465,10.5594,2620,0,0
34.9713,12.2763,3046,0,0
34.9961,12.8446,3187,7,0
35.0209,10.8738,2698,0,0
35.0457,11.6355,2887,0,0
35.0705,12.8526,3189,0,0
35.0953,11.6395,2888,0,0
35.1201,12.8526,3189,0,0
35.1449,11.7806,2923,0,0
35.1697,11.3856,2825,0,0
35.1945,11.1357,2763,0,0
35.2193,11.3695,2821,6,0
35.2441,12.8526,3189,0,0
35.2689,12.3569,3066,0,0
35.2937,12.5060,3103,0,0
35.3185,12.7438,3162,0,0
35.3433,11.4259,2835,9,0
35.3681,12.0143,2981,0,0
35.3930,11.8692,2945,1,0
35.4178,12.7519,3164,0,0
35.4426,11.9700,2970,0,0
35.4674,11.5307,2861,0,0
35.4922,11.5388,2863,0,0
35.5170,12.0587,2992,0,0
35.5418,12.4980,3101,0,0
35.5666,11.7645,2919,0,0
35.5914,10.8899,2702,0,0
35.6162,11.3292,2811,0,0
35.6410,12.2844,3048,0,0
35.6658,12.8526,3189,0,0
35.6906,12.5907,3124,0,0
35.7154,11.9055,2954,0,0
35.7402,12.3448,3063,0,0
35.7650,11.4582,2843,0,0
35.7898,12.3488,3064,0,0
35.8146,11.6395,2888,0,0
35.8394,11.3292,2811,0,0
35.8642,11.8330,2936,0,0
35.8890,12.6148,3130,0,0
35.9138,11.1478,2766,0,0
35.9386,12.1796,3022,0,0
35.9634,11.0471,2741,0,0
35.9882,11.8934,2951,0,0
36.0130,12.3529,3065,0,0
36.0378,11.6919,2901,0,0
36.0626,11.5912,2876,0,0
36.0874,10.6440,2641,0,0
36.1122,10.4748,2599,0,0
36.1370,12.7801,3171,0,0
36.1618,11.5226,2859,0,0
36.1866,12.1151,3006,0,0
36.2114,12.0264,2984,0,0
36.2362,11.8612,2943,0,0
36.2610,11.4178,2833,0,0
36.2858,11.9700,2970,2,0
36.3106,12.3892,3074,0,0
36.3354,11.0592,2744,0,0
36.3602,11.9095,2955,0,0
36.3850,12.8526,3189,0,0
36.4098,12.5907,3124,0,0
36.4347,11.1156,2758,0,0
36.4595,11.0833,2750,0,0
36.4843,12.3771,3071,17,0
36.5091,11.1478,2766,0,0
36.5339,11.6274,2885,0,0
36.5587,12.4496,3089,0,0
36.5835,11.9458,2964,0,0
36.6083,11.3131,2807,0,0
36.6331,11.6395,2888,0,0
36.6579,11.8612,2943,0,0
36.6827,12.2763,3046,0,0
36.7075,11.8330,2936,0,0
36.7323,11.3050,2805,0,0
36.7571,11.1922,2777,0,0
36.7819,12.8526,3189,0,0
36.8067,11.8572,2942,0,0
36.8315,11.6516,2891,0,0
36.8563,11.1922,2777,0,0
36.8811,11.5952,2877,0,0
36.9059,12.7962,3175,0,0
36.9307,11.5508,2866,6,0
36.9555,11.5146,2857,0,0
36.9803,11.8652,2944,0,0
37.0051,12.4496,3089,0,0
37.0299,12.8526,3189,0,0
37.0547,12.1635,3018,0,0
37.0795,11.3856,2825,0,0
37.1043,11.5952,2877,0,0
37.1291,12.8083,3178,0,0
37.1539,11.7524,2916,0,0
37.1787,11.4259,2835,0,0
37.2035,11.0712,2747,0,0
37.2283,12.7962,3175,0,0
37.2531,12.5060,3103,0,0
37.2779,11.6234,2884,0,0
37.3027,12.8526,3189,0,0
37.3275,11.4743,2847,15,0
37.3523,11.7322,2911,0,0
37.3771,12.8526,3189,4,0
37.4019,11.5146,2857,0,0
37.4267,12.8526,3189,0,0
37.4515,12.6310,3134,0,0
37.4763,11.7201,2908,0,0
37.5012,12.1030,3003,0,0
37.5260,12.4496,3089,0,0
37.5508,11.1760,2773,0,0
37.5756,12.1514,3015,0,0
37.6004,12.5463,3113,0,0
37.6252,12.2682,3044,0,0
37.6500,12.3287,3059,0,0
37.6748,12.2924,3050,0,0
37.6996,11.6637,2894,0,0
37.7244,12.1514,3015,0,0
37.7492,11.5952,2877,0,0
37.7740,12.8526,3189,0,0
37.7988,12.8526,3189,3,0
37.8236,12.5222,3107,0,0
37.8484,12.8526,3189,0,0
37.8732,12.8526,3189,93,0
37.8980,11.5912,2876,0,0
37.9228,11.3775,2823,0,0
37.9476,12.2803,3047,0,0
37.9724,12.8526,3189,0,0
37.9972,12.3529,3065,0,0
38.0220,12.6068,3128,0,0
38.0468,12.0506,2990,0,0
38.0716,12.6148,3130,0,0
38.0964,12.8526,3189,34,0
38.1212,11.8370,2937,0,0
38.1460,12.7075,3153,11,0
38.1708,12.1997,3027,154,0
38.1956,12.8002,3176,0,0
38.2204,12.6552,3140,0,0
38.2452,11.7886,2925,0,0
38.2700,11.1156,2758,15,0
38.2948,12.7640,3167,0,0
38.3196,12.8083,3178,0,0
38.3444,11.1478,2766,0,0
38.3692,12.7841,3172,0,0
38.3940,12.6672,3143,0,0
38.4188,12.7801,3171,0,0
38.4436,11.6798,2898,0,0
38.4684,11.5307,2861,0,0
38.4932,12.5342,3110,0,0
38.5180,12.0022,2978,4,0
38.5429,11.6597,2893,0,0
38.5677,11.2607,2794,0,0
38.5925,11.7645,2919,0,0
38.6173,12.8526,3189,0,0
38.6421,12.3529,3065,0,0
38.6669,12.3529,3065,0,0
38.6917,11.5388,2863,0,0
38.7165,11.1922,2777,0,0
38.7413,11.1922,2777,0,0
38.7661,12.3609,3067,0,0
38.7909,11.8249,2934,0,0
38.8157,11.2889,2801,0,0
38.8405,12.5423,3112,0,0
38.8653,11.3977,2828,0,0
38.8901,12.5101,3104,0,0
38.9149,11.3655,2820,0,0
38.9397,11.8209,2933,0,0
38.9645,12.4012,3077,0,0
38.9893,12.7438,3162,0,0
39.0141,11.1599,2769,0,0
39.0389,12.8526,3189,0,0
39.0637,12.2602,3042,0,0
39.0885,11.7806,2923,0,0
39.1133,12.4053,3078,0,0
39.1381,12.8365,3185,0,0
39.1629,11.9619,2968,0,0
39.1877,11.9660,2969,0,0
39.2125,11.8813,2948,0,0
39.2373,12.3327,3060,0,0
39.2621,12.8526,3189,0,0
39.2869,12.8526,3189,0,0
39.3117,11.1357,2763,0,0
39.3365,11.7524,2916,0,0
39.3613,12.2521,3040,0,0
39.3861,12.8526,3189,0,0
39.4109,12.1070,3004,0,0
39.4357,11.4178,2833,0,0
39.4605,12.5020,3102,0,0
39.4853,11.3252,2810,0,0
39.5101,12.4818,3097,0,0
39.5349,11.8451,2939,3,0
39.5597,11.1599,2769,0,0
39.5845,12.2521,3040,0,0
39.6094,11.9821,2973,0,0
39.6342,11.1760,2773,0,0
39.6590,12.0022,2978,0,0
39.6838,12.8526,3189,0,0
39.7086,11.5871,2875,0,0
39.7334,11.5871,2875,0,0
39.7582,11.1236,2760,0,0
39.7830,11.4662,2845,0,0
39.8078,12.6955,3150,0,0
39.8326,11.5589,2868,0,0
39.8574,12.8526,3189,0,0
39.8822,11.7886,2925,0,0
39.9070,12.4174,3081,0,0
39.9318,11.9498,2965,0,0
39.9566,11.3655,2820,0,0
39.9814,12.3287,3059,0,0
40.0062,12.5987,3126,0,0
40.0310,12.8526,3189,0,0
40.0558,12.6350,3135,0,0
40.0806,12.1070,3004,0,0
40.1054,12.7478,3163,0,0
40.1302,11.7725,2921,0,0
40.1550,11.5025,2854,31,0
40.1798,11.3775,2823,0,0
40.2046,11.1680,2771,0,0
40.2294,12.1393,3012,0,0
40.2542,12.8526,3189,0,0
40.2790,12.7599,3166,0,0
40.3038,12.6148,3130,0,0
40.3286,12.2682,3044,0,0
40.3534,11.2647,2795,0,0
40.3782,11.1357,2763,0,0
40.4030,11.6758,2897,8,0
40.4278,12.8526,3189,0,0
40.4526,12.0305,2985,0,0
40.4774,12.8526,3189,0,0
40.5022,12.7559,3165,0,0
40.5270,11.9498,2965,0,0
40.5518,11.7886,2925,0,0
40.5766,12.0587,2992,0,0
40.6014,12.8526,3189,0,0
40.6262,11.9055,2954,0,0
40.6511,11.6959,2902,0,0
40.6759,12.7720,3169,0,0
40.7007,12.0627,2993,0,0
40.7255,12.8526,3189,0,0
40.7503,11.3010,2804,0,0
40.7751,12.5222,3107,0,0
40.7999,11.9942,2976,0,0
40.8247,12.7559,3165,0,0
40.8495,12.8204,3181,0,0
40.8743,11.7645,2919,0,0
40.8991,10.7649,2671,0,0
40.9239,12.8123,3179,26,0
40.9487,11.6516,2891,0,0
40.9735,11.8854,2949,0,0
40.9983,11.7725,2921,1,0
41.0231,11.2445,2790,0,0
41.0479,11.7040,2904,0,0
41.0727,12.8526,3189,0,0
41.0975,12.4657,3093,0,0
41.1223,12.7599,3166,0,0
41.1471,12.0546,2991,0,0
41.1719,12.2199,3032,0,0
41.1967,12.0466,2989,0,0
41.2215,12.8526,3189,0,0
41.2463,12.6431,3137,0,0
41.2711,12.0345,2986,0,0
41.2959,11.8652,2944,0,0
41.3207,11.5549,2867,0,0
41.3455,11.5952,2877,0,0
41.3703,11.5146,2857,0,0
41.3951,11.2445,2790,0,0
41.4199,12.4738,3095,0,0
41.4447,12.5705,3119,0,0
41.4695,11.6395,2888,0,0
41.4943,11.8531,2941,0,0
41.5191,10.8617,2695,0,0
41.5439,11.7121,2906,0,0
41.5687,12.8405,3186,0,0
41.5935,11.8934,2951,0,0
41.6183,11.2526,2792,0,0
41.6431,12.6148,3130,0,0
41.6679,11.8410,2938,31,0
41.6927,12.3972,3076,0,0
41.7176,12.3811,3072,0,0
41.7424,12.8526,3189,15,0
41.7672,12.6874,3148,7,0
41.7920,12.4496,3089,0,0
41.8168,11.3372,2813,0,0
41.8416,12.5383,3111,0,0
41.8664,12.8526,3189,0,0
41.8912,12.3771,3071,0,0
41.9160,12.4174,3081,0,0
41.9408,12.8526,3189,0,0
41.9656,12.8526,3189,0,0
41.9904,12.2521,3040,0,0
42.0152,11.6838,2899,0,0
42.0400,10.8455,2691,0,0
42.0648,12.8365,3185,0,0
42.0896,12.8526,3189,0,0
42.1144,11.0712,2747,0,0
42.1392,10.8657,2696,0,0
42.1640,12.6592,3141,0,0
42.1888,11.4582,2843,0,0
42.2136,11.1922,2777,0,0
42.2384,12.0909,3000,0,0
42.2632,12.0022,2978,0,0
42.2880,11.0914,2752,0,0
42.3128,12.3730,3070,0,0
42.3376,12.8526,3189,0,0
42.3624,12.1635,3018,0,0
42.3872,12.8365,3185,0,0
42.4120,11.2607,2794,0,0
42.4368,11.3977,2828,0,0
42.4616,11.3211,2809,0,0
42.4864,12.6431,3137,0,0
42.5112,10.9745,2723,0,0
42.5360,12.3126,3055,0,0
42.5608,12.7882,3173,0,0
42.5856,12.2199,3032,0,0
42.6104,12.8526,3189,0,0
42.6352,11.2405,2789,0,0
42.6600,12.6874,3148,0,0
42.6848,11.0350,2738,0,0
42.7096,12.3529,3065,53,0
42.7344,11.5226,2859,0,0
42.7593,11.0350,2738,0,0
42.7841,12.5101,3104,0,0
42.8089,12.1715,3020,0,0
42.8337,12.0143,2981,0,0
42.8585,11.5428,2864,0,0
42.8833,11.7040,2904,0,0
42.9081,11.3655,2820,0,0
42.9329,11.3775,2823,0,0
42.9577,12.0506,2990,0,0
42.9825,11.8168,2932,0,0
43.0073,11.1317,2762,0,0
43.0321,12.4375,3086,0,0
43.0569,12.5020,3102,0,0
43.0817,12.2965,3051,0,0
43.1065,11.3372,2813,0,0
43.1313,11.0511,2742,0,0
43.1561,11.9418,2963,0,0
43.1809,12.7882,3173,0,0
43.2057,11.9982,2977,0,0
43.2305,11.5388,2863,2,0
43.2553,11.6959,2902,0,0
43.2801,12.5705,3119,0,0
43.3049,12.5383,3111,0,0
43.3297,11.9660,2969,63,0
43.3545,11.4985,2853,17,0
43.3793,11.4743,2847,0,0
43.4041,12.1594,3017,0,0
43.4289,12.6955,3150,0,0
43.4537,11.3977,2828,0,0
43.4785,12.8526,3189,0,0
43.5033,11.7886,2925,0,0
43.5281,11.6395,2888,0,0
43.5529,10.9987,2729,0,0
43.5777,11.7080,2905,0,0
43.6025,12.7559,3165,0,0
43.6273,12.3529,3065,0,0
43.6521,12.6874,3148,0,0
43.6769,11.8410,2938,0,0
43.7017,11.7322,2911,0,0
43.7265,12.8526,3189,0,0
43.7513,12.0143,2981,1,0
43.7761,11.0793,2749,0,0
43.8009,11.8249,2934,0,0
43.8258,11.0229,2735,0,0
43.8506,11.1680,2771,0,0
43.8754,12.4133,3080,0,0
43.9002,12.8526,3189,0,0
43.9250,12.7720,3169,0,0
43.9498,12.8526,3189,0,0
43.9746,11.6395,2888,123,0
43.9994,12.7317,3159,0,0
44.0242,11.4864,2850,0,0
44.0490,11.8370,2937,0,0
44.0738,12.5060,3103,0,0
44.0986,11.1478,2766,0,0
44.1234,12.7882,3173,0,0
44.1482,11.9378,2962,0,0
44.1730,11.0712,2747,0,0
44.1978,11.7080,2905,0,0
44.2226,12.4214,3082,0,0
44.2474,12.5665,3118,0,0
44.2722,12.3126,3055,0,0
44.2970,11.5105,2856,0,0
44.3218,11.6234,2884,0,0
44.3466,11.8410,2938,0,0
44.3714,11.6798,2898,0,0
44.3962,12.8526,3189,0,0
44.4210,12.4536,3090,0,0
44.4458,11.4783,2848,0,0
44.4706,12.4214,3082,0,0
44.4954,11.7080,2905,0,0
44.5202,11.6274,2885,0,0
44.5450,11.9821,2973,0,0
44.5698,11.8612,2943,0,0
44.5946,12.8526,3189,0,0
44.6194,11.1881,2776,0,0
44.6442,12.8526,3189,0,0
44.6690,12.8526,3189,0,0
44.6938,12.3771,3071,0,0
44.7186,11.3292,2811,0,0
44.7434,11.9055,2954,0,0
44.7682,12.7116,3154,0,0
44.7930,12.0022,2978,0,0
44.8178,10.9262,2711,0,0
44.8426,11.1680,2771,0,0
44.8675,10.9826,2725,0,0
44.8923,12.0466,2989,0,0
44.9171,11.5750,2872,0,0
44.9419,12.8526,3189,0,0
44.9667,11.7282,2910,0,0
44.9915,12.8526,3189,0,0
45.0163,12.7478,3163,0,0
45.0411,11.4461,2840,0,0
45.0659,12.8526,3189,0,0
45.0907,12.3206,3057,0,0
45.1155,12.8405,3186,0,0
45.1403,11.8088,2930,0,0
45.1651,12.7317,3159,0,0
45.1899,11.3534,2817,0,0
45.2147,11.3977,2828,0,0
45.2395,11.5831,2874,0,0
45.2643,12.8526,3189,0,0
45.2891,12.7116,3154,0,0
45.3139,12.1232,3008,0,0
45.3387,10.9785,2724,0,0
45.3635,11.2889,2801,0,0
45.3883,11.6476,2890,0,0
45.4131,12.8526,3189,0,0
45.4379,11.6637,2894,0,0
45.4627,12.4859,3098,0,0
45.4875,11.8330,2936,0,0
45.5123,11.0632,2745,0,0
45.5371,11.4743,2847,0,0
45.5619,12.8526,3189,0,0
45.5867,12.8526,3189,0,0
45.6115,11.5831,2874,0,0
45.6363,11.2526,2792,0,0
45.6611,12.5101,3104,0,0
45.6859,12.7640,3167,0,0
45.7107,11.6919,2901,0,0
45.7355,12.8526,3189,0,0
45.7603,11.5549,2867,0,0
45.7851,11.9498,2965,0,0
45.8099,11.8531,2941,0,0
45.8347,12.5060,3103,0,0
45.8595,12.6390,3136,0,0
45.8843,11.7242,2909,0,0
45.9091,11.0390,2739,0,0
45.9339,12.4375,3086,17,0
45.9588,12.8526,3189,0,0
45.9836,12.6672,3143,0,0
46.0084,11.4541,2842,0,0
46.0332,12.3529,3065,0,0
46.0580,12.6511,3139,0,0
46.0828,11.8088,2930,0,0
46.1076,11.6637,2894,0,0
46.1324,11.6677,2895,0,0
46.1572,11.9821,2973,0,0
46.1820,11.7967,2927,0,0
46.2068,12.1070,3004,0,0
46.2316,11.4138,2832,0,0
46.2564,11.7967,2927,0,0
46.2812,12.0909,3000,0,0
46.3060,11.5629,2869,0,0
46.3308,11.9418,2963,0,0
46.3556,12.8526,3189,0,0
46.3804,12.3529,3065,0,0
46.4052,12.3488,3064,0,0
46.4300,11.2969,2803,0,0
46.4548,12.3206,3057,0,0
46.4796,12.8526,3189,0,0
46.5044,12.1796,3022,0,0
46.5292,12.5222,3107,0,0
46.5540,12.5866,3123,0,0
46.5788,12.7358,3160,20,0
46.6036,12.8526,3189,0,0
46.6284,12.2441,3038,0,0
46.6532,10.7649,2671,0,0
46.6780,11.9458,2964,0,0
46.7028,12.8526,3189,0,0
46.7276,11.8088,2930,0,0
46.7524,11.5871,2875,0,0
46.7772,12.4738,3095,0,0
46.8020,11.6637,2894,22,0
46.8268,11.3977,2828,0,0
46.8516,12.1997,3027,0,0
46.8764,12.8526,3189,0,0
46.9012,12.3085,3054,0,0
46.9260,12.2602,3042,0,0
46.9508,12.2158,3031,0,0
46.9757,11.7886,2925,0,0
47.0005,12.6431,3137,0,0
47.0253,11.7040,2904,0,0
47.0501,12.0506,2990,0,0
47.0749,12.2279,3034,3,0
47.0997,11.7121,2906,0,0
47.1245,11.9861,2974,0,0
47.1493,12.7640,3167,0,0
47.1741,12.8526,3189,0,0
47.1989,11.9700,2970,0,0
47.2237,11.5912,2876,0,0
47.2485,11.6919,2901,2,0
47.2733,11.0148,2733,0,0
47.2981,12.0305,2985,0,0
47.3229,12.8526,3189,0,0
47.3477,11.4582,2843,0,0
47.3725,12.8526,3189,0,0
47.3973,11.6516,2891,0,0
47.4221,12.8244,3182,8,0
47.4469,11.0350,2738,0,0
47.4717,12.5342,3110,0,0
47.4965,11.3372,2813,0,0
47.5213,12.2199,3032,0,0
47.5461,12.6350,3135,0,0
47.5709,11.9498,2965,0,0
47.5957,12.8526,3189,0,0
47.6205,12.4375,3086,0,0
47.6453,11.4702,2846,0,0
47.6701,11.4178,2833,0,0
47.6949,12.4738,3095,0,0
47.7197,10.8818,2700,0,0
47.7445,11.8007,2928,170,0
47.7693,12.7156,3155,0,0
47.7941,11.7967,2927,0,0
47.8189,12.8526,3189,0,0
47.8437,12.4859,3098,0,0
47.8685,11.4340,2837,0,0
47.8933,11.2244,2785,0,0
47.9181,12.0909,3000,0,0
47.9429,11.5670,2870,0,0
47.9677,11.8330,2936,0,0
47.9925,11.6516,2891,0,0
48.0173,12.5222,3107,0,0
48.0421,12.1514,3015,0,0
48.0670,11.3211,2809,0,0
48.0918,12.8083,3178,0,0
48.1166,11.3010,2804,0,0
48.1414,12.0022,2978,0,0
48.1662,12.8526,3189,0,0
48.1910,12.7962,3175,7,0
48.2158,11.2607,2794,0,0
48.2406,11.3856,2825,0,0
48.2654,11.4582,2843,0,0
48.2902,12.3650,3068,0,0
48.3150,12.7720,3169,0,0
48.3398,12.5584,3116,0,0
48.3646,11.5428,2864,0,0
48.3894,11.1478,2766,0,0
48.4142,11.2889,2801,4,0
48.4390,11.6274,2885,0,0
48.4638,12.2803,3047,0,0
48.4886,11.5871,2875,0,0
48.5134,11.7886,2925,0,0
48.5382,12.1836,3023,0,0
48.5630,12.4375,3086,0,0
48.5878,11.8330,2936,0,0
48.6126,12.8526,3189,0,0
48.6374,12.2682,3044,0,0
48.6622,11.5428,2864,0,0
48.6870,11.0229,2735,0,0
48.7118,10.7408,2665,0,0
48.7366,12.3972,3076,0,0
48.7614,11.8692,2945,18,0
48.7862,12.8526,3189,0,0
48.8110,11.0148,2733,0,0
48.8358,12.6350,3135,0,0
48.8606,12.8526,3189,2,0
48.8854,11.8652,2944,0,0
48.9102,11.0188,2734,0,0
48.9350,12.1675,3019,9,0
48.9598,11.5549,2867,0,0
48.9846,11.9821,2973,0,0
49.0094,12.2682,3044,0,0
49.0342,11.4743,2847,0,0
49.0590,11.9619,2968,0,0
49.0838,11.5025,2854,0,0
49.1087,12.0506,2990,0,0
49.1335,12.8526,3189,0,0
49.1583,12.1796,3022,0,0
49.1831,12.8526,3189,0,0
49.2079,11.6355,2887,0,0
49.2327,12.7075,3153,0,0
49.2575,12.8526,3189,0,0
49.2823,12.1514,3015,0,0
49.3071,12.3529,3065,0,0
49.3319,11.4582,2843,0,0
49.3567,12.0345,2986,0,0
49.3815,11.6516,2891,0,0
49.4063,11.1760,2773,1,0
49.4311,11.3655,2820,0,0
49.4559,12.3126,3055,0,0
49.4807,12.4214,3082,0,0
49.5055,12.8526,3189,0,0
49.5303,12.8526,3189,0,0
49.5551,11.1478,2766,0,0
49.5799,12.7237,3157,15,0
49.6047,11.0592,2744,0,0
49.6295,12.4738,3095,0,0
49.6543,12.8526,3189,0,0
49.6791,12.0909,3000,8,0
49.7039,11.4259,2835,0,0
49.7287,11.4259,2835,0,0
49.7535,11.5750,2872,0,0
49.7783,12.0909,3000,0,0
49.8031,11.4340,2837,0,0
49.8279,11.4340,2837,0,0
49.8527,11.4178,2833,0,0
49.8775,12.8526,3189,0,0
49.9023,11.6758,2897,0,0
49.9271,12.8526,3189,0,0
49.9519,12.7116,3154,0,0
49.9767,12.8526,3189,0,0
50.0015,11.9418,2963,0,0
50.0263,12.4375,3086,0,0
50.0511,11.4743,2847,0,0
50.0759,12.8526,3189,0,0
50.1007,11.2445,2790,0,0
50.1255,12.1796,3022,0,0
50.1503,12.6955,3150,0,0
50.1752,12.2360,3036,5,0
50.2000,11.8531,2941,0,0
50.2248,11.7242,2909,0,0
50.2496,12.3287,3059,7,0
50.2744,12.0264,2984,2,0
50.2992,11.5226,2859,5,0
50.3240,12.8526,3189,0,0
50.3488,11.5952,2877,0,0
50.3736,11.5871,2875,0,0
50.3984,11.9498,2965,0,0
50.4232,12.8526,3189,0,0
50.4480,11.9861,2974,2,0
50.4728,11.7886,2925,0,0
50.4976,11.2607,2794,0,0
50.5224,11.9297,2960,0,0
50.5472,12.5866,3123,0,0
50.5720,12.6834,3147,0,0
50.5968,10.8979,2704,0,0
50.6216,12.8526,3189,0,0
50.6464,12.8405,3186,0,0
50.6712,12.8526,3189,0,0
50.6960,11.8410,2938,0,0
50.7208,12.8526,3189,0,0
50.7456,12.0909,3000,0,0
50.7704,12.2320,3035,0,0
50.7952,11.4864,2850,0,0
50.8200,12.8526,3189,0,0
50.8448,11.1599,2769,0,0
50.8696,11.5670,2870,0,0
50.8944,12.8526,3189,0,0
50.9192,12.2199,3032,0,0
50.9440,12.5141,3105,0,0
50.9688,12.1715,3020,0,0
50.9936,12.6350,3135,0,0
51.0184,11.9700,2970,0,0
51.0432,12.5383,3111,0,0
51.0680,12.8526,3189,0,0
51.0928,12.4980,3101,0,0
51.1176,12.5907,3124,0,0
51.1424,12.1796,3022,0,0
51.1672,12.5544,3115,0,0
51.1920,12.1715,3020,0,0
51.2169,11.4783,2848,0,0
51.2417,11.4743,2847,0,0
51.2665,12.7035,3152,0,0
51.2913,12.4375,3086,0,0
51.3161,11.7121,2906,0,0
51.3409,12.8526,3189,0,0
51.3657,11.1156,2758,0,0
51.3905,12.8526,3189,0,0
51.4153,12.3851,3073,0,0
51.4401,12.1514,3015,0,0
51.4649,11.5105,2856,0,0
51.4897,11.7524,2916,0,0
51.5145,11.1801,2774,0,0
51.5393,12.3811,3072,0,0
51.5641,11.3735,2822,0,0
51.5889,11.9700,2970,0,0
51.6137,12.8526,3189,0,0
51.6385,11.9700,2970,0,0
51.6633,12.8526,3189,0,0
51.6881,11.3735,2822,0,0
51.7129,11.4904,2851,0,0
51.7377,12.1393,3012,0,0
51.7625,11.9418,2963,0,0
51.7873,11.3010,2804,0,0
51.8121,11.9700,2970,0,0
51.8369,12.4980,3101,0,0
51.8617,12.2844,3048,23,0
51.8865,12.1836,3023,0,0
51.9113,12.1594,3017,0,0
51.9361,11.0592,2744,0,0
51.9609,12.5020,3102,4,0
51.9857,11.4461,2840,0,0
52.0105,12.1796,3022,0,0
52.0353,12.2481,3039,0,0
52.0601,12.8526,3189,0,0
52.0849,12.0788,2997,0,0
52.1097,12.5342,3110,0,0
52.1345,12.5262,3108,31,0
52.1593,12.6350,3135,0,0
52.1841,11.2042,2780,0,0
52.2089,12.1997,3027,0,0
52.2337,12.8526,3189,31,0
52.2585,12.0546,2991,0,0
52.2834,12.6431,3137,0,0
52.3082,11.0148,2733,0,0
52.3330,12.8526,3189,0,0
52.3578,11.8612,2943,0,0
52.3826,11.4743,2847,0,0
52.4074,12.8405,3186,0,0
52.4322,12.3609,3067,0,0
52.4570,12.6148,3130,0,0
52.4818,11.9700,2970,0,0
52.5066,11.8813,2948,0,0
52.5314,12.1917,3025,0,0
52.5562,12.8526,3189,0,0
52.5810,12.1554,3016,0,0
52.6058,12.7358,3160,0,0
52.6306,11.7886,2925,0,0
52.6554,12.7720,3169,0,0
52.6802,12.2158,3031,0,0
52.7050,12.5141,3105,0,0
52.7298,12.6914,3149,0,0
52.7546,11.6718,2896,0,0
52.7794,12.8204,3181,0,0
52.8042,11.8813,2948,0,0
52.8290,12.8526,3189,0,0
52.8538,11.5025,2854,0,0
52.8786,12.8526,3189,0,0
52.9034,11.5025,2854,0,0
52.9282,12.8526,3189,0,0
52.9530,11.5307,2861,0,0
52.9778,10.8173,2684,7,0
53.0026,11.5388,2863,0,0
53.0274,11.7201,2908,0,0
53.0522,11.3372,2813,0,0
53.0770,11.0914,2752,0,0
53.1018,12.6108,3129,0,0
53.1266,12.2602,3042,0,0
53.1514,12.8526,3189,0,0
53.1762,11.7725,2921,0,0
53.2010,12.8526,3189,0,0
53.2258,11.9458,2964,0,0
53.2506,12.8526,3189,0,0
53.2754,11.1317,2762,0,0
53.3002,12.2521,3040,0,0
53.3251,12.8526,3189,0,0
53.3499,12.3771,3071,0,0
53.3747,11.5105,2856,0,0
53.3995,12.2602,3042,0,0
53.4243,12.8526,3189,25,0
53.4491,11.3977,2828,0,0
53.4739,11.6516,2891,0,0
53.4987,11.3977,2828,0,0
53.5235,12.8526,3189,0,0
53.5483,11.4541,2842,0,0
53.5731,10.9221,2710,0,0
53.5979,12.0425,2988,0,0
53.6227,11.7806,2923,0,0
53.6475,11.4178,2833,0,0
53.6723,12.0264,2984,0,0
53.6971,11.4582,2843,0,0
53.7219,11.2123,2782,0,0
53.7467,12.7640,3167,0,0
53.7715,12.2038,3028,0,0
53.7963,12.5181,3106,70,0
53.8211,12.8526,3189,0,0
53.8459,12.2199,3032,0,0
53.8707,12.8526,3189,0,0
53.8955,12.3851,3073,0,0
53.9203,12.8325,3184,0,0
53.9451,12.7116,3154,4,0
53.9699,11.0833,2750,0,0
53.9947,12.2844,3048,26,0
54.0195,11.7765,2922,7,0
54.0443,12.0022,2978,0,0
54.0691,12.1070,3004,0,0
54.0939,12.8526,3189,0,0
54.1187,11.8330,2936,0,0
54.1435,12.7801,3171,0,0
54.1683,12.1594,3017,0,0
54.1931,12.1796,3022,0,0
54.2179,11.4299,2836,0,0
54.2427,12.8526,3189,0,0
54.2675,11.7242,2909,0,0
54.2923,12.3892,3074,0,0
54.3171,12.2481,3039,0,0
54.3419,12.5625,3117,0,0
54.3667,11.8209,2933,0,0
54.3916,12.0466,2989,0,0
54.4164,12.7962,3175,0,0
54.4412,11.6758,2897,0,0
54.4660,12.7156,3155,0,0
54.4908,12.2239,3033,0,0
54.5156,12.5342,3110,0,0
54.5404,11.3534,2817,0,0
54.5652,12.1836,3023,0,0
54.5900,12.0909,3000,0,0
54.6148,12.8365,3185,0,0
54.6396,11.6677,2895,17,0
54.6644,11.0712,2747,0,0
54.6892,12.8526,3189,0,0
54.7140,11.7967,2927,6,0
54.7388,12.5544,3115,0,0
54.7636,12.1554,3016,0,0
54.7884,11.6032,2879,0,0
54.8132,11.5750,2872,0,0
54.8380,11.7483,2915,0,0
54.8628,12.8526,3189,0,0
54.8876,12.8526,3189,0,0
54.9124,10.8939,2703,0,0
54.9372,12.4214,3082,0,0
54.9620,11.9055,2954,0,0
54.9868,12.5222,3107,0,0
55.0116,11.6032,2879,0,0
55.0364,11.3010,2804,0,0
55.0612,12.4859,3098,0,0
55.0860,12.8526,3189,0,0
55.1108,12.6834,3147,0,0
55.1356,12.8164,3180,15,0
55.1604,12.1594,3017,0,0
55.1852,12.6269,3133,0,0
55.2100,12.8285,3183,0,0
55.2348,10.9826,2725,0,0
55.2596,9.6606,2397,0,0
55.2844,12.8405,3186,0,0
55.3092,12.8526,3189,0,0
55.3340,12.4617,3092,0,0
55.3588,11.9498,2965,0,0
55.3836,12.7478,3163,0,0
55.4084,12.3851,3073,0,0
55.4333,12.8526,3189,38,0
55.4581,11.9942,2976,0,0
55.4829,11.9821,2973,0,0
55.5077,11.7725,2921,0,0
55.5325,12.7196,3156,0,0
55.5573,12.8526,3189,0,0
55.5821,11.0712,2747,2,0
55.6069,10.9947,2728,0,0
55.6317,12.6148,3130,0,0
55.6565,12.7478,3163,0,0
55.6813,12.3166,3056,0,0
55.7061,11.8249,2934,0,0
55.7309,11.3695,2821,0,0
55.7557,12.8526,3189,0,0
55.7805,12.3287,3059,0,0
55.8053,11.9498,2965,48,0
55.8301,12.4859,3098,0,0
55.8549,11.9821,2973,0,0
55.8797,11.7967,2927,0,0
55.9045,12.3166,3056,0,0
55.9293,12.8526,3189,0,0
55.9541,11.6315,2886,0,0
55.9789,12.0143,2981,0,0
56.0037,11.1841,2775,0,0
56.0285,11.3453,2815,0,0
56.0533,12.8526,3189,0,0
56.0781,12.7317,3159,2,0
56.1029,11.5670,2870,0,0
56.1277,12.0143,2981,0,0
56.1525,12.8526,3189,0,0
56.1773,11.5226,2859,0,0
56.2021,11.8531,2941,0,0
56.2269,12.4657,3093,0,0
56.2517,12.1151,3006,0,0
56.2765,11.7121,2906,0,0
56.3013,12.3166,3056,0,0
56.3261,12.6350,3135,0,0
56.3509,11.4098,2831,0,0
56.3757,12.8526,3189,0,0
56.4005,11.6274,2885,0,0
56.4253,10.3821,2576,0,0
56.4501,12.2682,3044,0,0
56.4749,12.8526,3189,0,0
56.4998,12.2158,3031,0,0
56.5246,11.4783,2848,0,0
56.5494,12.6148,3130,0,0
56.5742,12.7882,3173,0,0
56.5990,11.0712,2747,0,0
56.6238,12.8526,3189,0,0
56.6486,12.6269,3133,6,0
56.6734,11.7806,2923,0,0
56.6982,11.1841,2775,0,0
56.7230,11.3372,2813,0,0
56.7478,11.8249,2934,0,0
56.7726,11.5146,2857,0,0
56.7974,11.8934,2951,0,0
56.8222,12.6269,3133,0,0
56.8470,11.7242,2909,0,0
56.8718,12.8526,3189,0,0
56.8966,11.3775,2823,0,0
56.9214,10.6440,2641,0,0
56.9462,11.5831,2874,0,0
56.9710,12.5342,3110,0,0
56.9958,11.6234,2884,0,0
57.0206,12.1836,3023,0,0
57.0454,11.9982,2977,0,0
57.0702,11.0995,2754,0,0
57.0950,11.5307,2861,0,0
57.1198,11.6355,2887,0,0
57.1446,12.8526,3189,0,0
57.1694,11.9498,2965,0,0
57.1942,12.7116,3154,0,0
57.2190,11.5508,2866,0,0
57.2438,12.0143,2981,0,0
57.2686,12.0143,2981,0,0
57.2934,12.3488,3064,0,0
57.3182,11.5952,2877,0,0
57.3430,11.6234,2884,0,0
57.3678,12.7882,3173,0,0
57.3926,12.2481,3039,0,0
57.4174,11.8048,2929,0,0
57.4422,11.7000,2903,0,0
57.4670,12.6834,3147,0,0
57.4918,12.3932,3075,0,0
57.5166,12.1191,3007,0,0
57.5415,12.4980,3101,0,0
57.5663,11.9660,2969,0,0
57.5911,11.6516,2891,0,0
57.6159,12.0022,2978,0,0
57.6407,12.8526,3189,0,0
57.6655,11.7242,2909,0,0
57.6903,12.8526,3189,0,0
57.7151,11.5912,2876,2,0
57.7399,12.7237,3157,7,0
57.7647,12.8526,3189,6,0
57.7895,11.3010,2804,0,0
57.8143,10.9826,2725,0,0
57.8391,12.8526,3189,0,0
57.8639,11.1881,2776,0,0
57.8887,10.7488,2667,0,0
57.9135,11.5025,2854,0,0
57.9383,11.4461,2840,0,0
57.9631,11.5307,2861,0,0
57.9879,12.5866,3123,0,0
58.0127,11.5871,2875,0,0
58.0375,11.6959,2902,0,0
58.0623,12.8526,3189,0,0
58.0871,11.8370,2937,0,0
58.1119,11.3292,2811,0,0
58.1367,12.8526,3189,0,0
58.1615,12.3811,3072,0,0
58.1863,12.8204,3181,0,0
58.2111,11.3372,2813,0,0
58.2359,10.7528,2668,0,0
58.2607,12.8164,3180,0,0
58.2855,12.5987,3126,0,0
58.3103,11.4461,2840,0,0
58.3351,12.8526,3189,0,0
58.3599,12.8526,3189,0,0
58.3847,12.3690,3069,0,0
58.4095,12.8526,3189,0,0
58.4343,11.1317,2762,0,0
58.4591,10.8738,2698,0,0
58.4839,11.9498,2965,0,0
58.5087,12.8405,3186,0,0
58.5335,12.1473,3014,0,0
58.5583,11.5871,2875,0,0
58.5831,11.5307,2861,0,0
58.6080,12.1635,3018,2,0
58.6328,11.8330,2936,0,0
58.6576,12.3851,3073,0,0
58.6824,10.8375,2689,0,0
58.7072,12.0305,2985,0,0
58.7320,12.6068,3128,0,0
58.7568,12.2682,3044,0,0
58.7816,12.8526,3189,0,0
58.8064,11.2123,2782,7,0
58.8312,11.2042,2780,0,0
58.8560,11.5025,2854,0,0
58.8808,12.6068,3128,0,0
58.9056,11.1639,2770,0,0
58.9304,12.0466,2989,0,0
58.9552,12.2521,3040,0,0
58.9800,11.9498,2965,0,0
59.0048,12.8526,3189,0,0
59.0296,11.9821,2973,2,0
59.0544,12.5222,3107,0,0
59.0792,12.1393,3012,0,0
59.1040,12.1393,3012,0,0
59.1288,11.8894,2950,0,0
59.1536,11.5629,2869,0,0
59.1784,12.7116,3154,0,0
59.2032,11.8088,2930,0,0
59.2280,11.9700,2970,0,0
59.2528,12.1393,3012,0,0
59.2776,11.5388,2863,0,0
59.3024,11.4702,2846,0,0
59.3272,11.9418,2963,0,0
59.3520,11.7121,2906,0,0
59.3768,11.3534,2817,0,0
59.4016,12.0788,2997,0,0
59.4264,12.6592,3141,0,0
59.4512,11.6032,2879,0,0
59.4760,11.2204,2784,0,0
59.5008,12.2844,3048,0,0
59.5256,12.7640,3167,136,0
59.5504,12.3892,3074,0,0
59.5752,12.8325,3184,0,0
59.6000,11.9378,2962,0,0
59.6248,12.5705,3119,0,0
59.6497,12.5101,3104,0,0
59.6744,11.4783,2848,0,0
59.6993,9.9065,2458,0,0
59.7241,12.3811,3072,0,0
59.7489,11.7886,2925,0,0
59.7737,12.2199,3032,0,0
59.7985,11.3171,2808,0,0
59.8233,12.8526,3189,0,0
59.8481,12.8526,3189,0,0
59.8729,12.2199,3032,0,0
59.8977,11.8692,2945,0,0
59.9225,12.0587,2992,0,0
59.9473,12.7035,3152,0,0
59.9721,12.7640,3167,0,0
59.9969,11.8531,2941,0,0
60.0217,11.8048,2929,0,0
60.0465,11.8612,2943,0,0
60.0713,10.9342,2713,0,0
60.0961,12.0143,2981,0,0
60.1209,11.2244,2785,0,0
60.1457,12.0264,2984,3,0
60.1705,12.4738,3095,0,0
60.1953,11.8652,2944,0,0
60.2201,12.8526,3189,0,0
60.2449,12.0264,2984,0,0
60.2697,11.1922,2777,0,0
60.2945,12.5262,3108,0,0
60.3193,12.6028,3127,0,0
60.3441,12.5181,3106,0,0
60.3689,12.0788,2997,0,0
60.3937,11.3937,2827,0,0
60.4185,12.4375,3086,0,0
60.4433,12.8526,3189,0,0
60.4681,12.8405,3186,0,0
60.4929,12.8526,3189,0,0
60.5177,12.8526,3189,0,0
60.5425,12.8526,3189,0,0
60.5673,12.5786,3121,0,0
60.5921,12.1876,3024,0,0
60.6169,12.0143,2981,0,0
60.6417,11.4662,2845,0,0
60.6665,10.9906,2727,0,0
60.6913,12.4738,3095,0,0
60.7162,11.5105,2856,0,0
60.7410,12.6552,3140,0,0
60.7658,12.8204,3181,0,0
60.7906,12.3045,3053,157,0
60.8154,10.6440,2641,0,0
60.8402,12.7640,3167,0,0
60.8650,11.6919,2901,0,0
60.8898,12.8526,3189,5,0
60.9146,11.4461,2840,0,0
60.9394,12.5181,3106,0,0
60.9642,12.6834,3147,0,0
60.9890,11.6758,2897,0,0
61.0138,12.8526,3189,0,0
61.0386,11.9498,2965,0,0
61.0634,11.7242,2909,0,0
61.0882,11.5428,2864,0,0
61.1130,11.6355,2887,9,0
61.1378,12.7277,3158,0,0
61.1626,12.0949,3001,0,0
61.1874,12.8526,3189,10,0
61.2122,12.3892,3074,0,0
61.2370,11.7242,2909,0,0
61.2618,11.9700,2970,4,0
61.2866,11.4783,2848,0,0
61.3114,12.5423,3112,0,0
61.3362,12.6431,3137,0,0
61.3610,12.1594,3017,0,0
61.3858,12.8526,3189,0,0
61.4106,11.6355,2887,0,0
61.4354,11.8934,2951,0,0
61.4602,11.3453,2815,0,0
61.4850,11.8934,2951,0,0
61.5098,12.4214,3082,0,0
61.5346,12.2360,3036,6,0
61.5594,11.6919,2901,0,0
61.5842,11.7040,2904,0,0
61.6090,11.5307,2861,0,0
61.6338,12.7882,3173,0,0
61.6586,12.7962,3175,0,0
61.6834,12.7317,3159,0,0
61.7082,12.7640,3167,0,0
61.7330,11.5428,2864,0,0
61.7579,11.2123,2782,62,0
61.7826,12.5383,3111,0,0
61.8075,11.6153,2882,0,0
61.8323,11.8692,2945,0,0
61.8571,12.5544,3115,0,0
61.8819,11.5105,2856,0,0
61.9067,11.4582,2843,0,0
61.9315,11.6919,2901,0,0
61.9563,10.9342,2713,0,0
61.9811,11.5750,2872,0,0
62.0059,11.4864,2850,0,0
62.0307,12.6148,3130,0,0
62.0555,12.7075,3153,0,0
62.0803,12.4375,3086,0,0
62.1051,11.3050,2805,0,0
62.1299,12.8526,3189,0,0
62.1547,12.8526,3189,0,0
62.1795,12.5383,3111,0,0
62.2043,12.7640,3167,0,0
62.2291,11.9861,2974,5,0
62.2539,12.1796,3022,0,0
62.2787,11.3050,2805,0,0
62.3035,11.8048,2929,0,0
62.3283,11.8410,2938,0,0
62.3531,11.1236,2760,0,0
62.3779,12.8526,3189,0,0
62.4027,12.1514,3015,0,0
62.4275,11.8168,2932,0,0
62.4523,12.7761,3170,0,0
62.4771,12.0425,2988,0,0
62.5019,11.8975,2952,2,0
62.5267,12.8526,3189,0,0
62.5515,11.4904,2851,0,0
62.5763,12.7358,3160,0,0
62.6011,11.7604,2918,108,0
62.6259,12.1876,3024,0,0
62.6507,12.8526,3189,0,0
62.6755,12.2521,3040,0,0
62.7003,11.4299,2836,0,0
62.7251,11.9821,2973,0,0
62.7499,12.8526,3189,0,0
62.7747,11.4058,2830,0,0
62.7995,12.8043,3177,17,0
62.8243,12.3771,3071,0,0
62.8492,11.9378,2962,0,0
62.8740,12.2360,3036,0,0
62.8988,11.8652,2944,1,0
62.9236,12.3287,3059,0,0
62.9484,12.4174,3081,0,0
62.9732,11.6677,2895,0,0
62.9980,12.4859,3098,4,0
63.0228,12.8526,3189,0,0
63.0476,11.4098,2831,0,0
63.0724,12.8405,3186,0,0
63.0972,12.8526,3189,0,0
63.1220,12.5342,3110,0,0
63.1468,11.5912,2876,166,0
63.1716,12.0708,2995,0,0
63.1964,12.6632,3142,0,0
63.2212,12.8526,3189,0,0
63.2460,12.0264,2984,0,0
63.2708,12.7358,3160,2,0
63.2956,12.8526,3189,0,0
63.3204,11.6234,2884,4,0
63.3452,12.8526,3189,0,0
63.3700,11.9378,2962,0,0
63.3948,12.0546,2991,0,0
63.4196,12.7599,3166,0,0
63.4444,12.7720,3169,0,0
63.4692,12.4133,3080,5,0
63.4940,11.8330,2936,0,0
63.5188,12.8526,3189,0,0
63.5436,10.8133,2683,0,0
63.5684,11.7121,2906,0,0
63.5932,12.2602,3042,0,0
63.6180,12.8526,3189,0,0
63.6428,12.2521,3040,0,0
63.6676,11.9418,2963,0,0
63.6924,12.2441,3038,0,0
63.7172,12.8526,3189,0,0
63.7420,12.5141,3105,0,0
63.7668,12.2158,3031,0,0
63.7916,12.1473,3014,0,0
63.8164,11.9660,2969,0,0
63.8412,11.3534,2817,0,0
63.8660,11.6395,2888,0,0
63.8909,12.0466,2989,0,0
63.9157,12.8526,3189,0,0
63.9405,11.6234,2884,0,0
63.9653,12.8526,3189,0,0
63.9901,11.3010,2804,0,0
64.0149,12.6914,3149,0,0
64.0397,12.7116,3154,0,0
64.0645,12.6148,3130,0,0
64.0893,11.6355,2887,0,0
64.1141,12.3730,3070,0,0
64.1389,11.3937,2827,0,0
64.1637,12.3126,3055,0,0
64.1885,11.7121,2906,0,0
64.2133,12.0708,2995,0,0
64.2381,11.5146,2857,0,0
64.2629,12.6874,3148,4,0
64.2877,12.5786,3121,0,0
64.3125,12.0143,2981,0,0
64.3373,12.8526,3189,0,0
64.3621,11.7645,2919,0,0
64.3869,12.8526,3189,0,0
64.4117,12.6028,3127,0,0
64.4365,12.8526,3189,0,0
64.4613,12.8526,3189,0,0
64.4861,12.4698,3094,0,0
64.5109,12.3851,3073,0,0
64.5357,12.0788,2997,0,0
64.5605,11.5226,2859,0,0
64.5853,12.2602,3042,0,0
64.6101,12.8526,3189,0,0
64.6349,12.0345,2986,0,0
64.6597,11.2889,2801,0,0
64.6845,10.8979,2704,7,0
64.7093,12.8244,3182,0,0
64.7341,12.3247,3058,0,0
64.7589,12.7962,3175,0,0
64.7837,12.5987,3126,11,0
64.8085,12.0022,2978,0,0
64.8333,11.2969,2803,0,0
64.8581,12.7962,3175,15,0
64.8829,12.6793,3146,0,0
64.9077,12.5060,3103,0,0
64.9325,12.8526,3189,0,0
64.9574,11.5750,2872,0,0
64.9822,12.6592,3141,0,0
65.0070,11.1438,2765,0,0
65.0318,12.8526,3189,0,0
65.0566,12.8526,3189,0,0
65.0814,11.0471,2741,0,0
65.1062,11.1478,2766,0,0
65.1310,11.7121,2906,0,0
65.1558,11.8249,2934,0,0
65.1806,12.8164,3180,0,0
65.2054,12.8204,3181,5,0
65.2302,12.8164,3180,0,0
65.2550,12.4133,3080,0,0
65.2798,12.6350,3135,0,0
65.3046,12.0345,2986,0,0
65.3294,12.5504,3114,0,0
65.3542,12.8526,3189,0,0
65.3790,12.1554,3016,0,0
65.4038,12.8405,3186,0,0
65.4286,12.1232,3008,0,0
65.4534,12.8083,3178,0,0
65.4782,11.4259,2835,0,0
65.5030,11.8531,2941,0,0
65.5278,11.5105,2856,0,0
65.5526,11.2607,2794,0,0
65.5774,11.5710,2871,0,0
65.6022,12.8526,3189,0,0
65.6270,12.5342,3110,0,0
65.6518,12.8526,3189,0,0
65.6766,12.7438,3162,0,0
65.7014,12.5181,3106,0,0
65.7262,12.1997,3027,0,0
65.7510,12.8526,3189,0,0
65.7758,12.7519,3164,0,0
65.8006,12.8526,3189,0,0
65.8254,12.8526,3189,0,0
65.8502,12.7156,3155,0,0
65.8750,11.9055,2954,0,0
65.8998,12.5786,3121,0,0
65.9246,12.3972,3076,0,0
65.9494,12.5866,3123,2,0
65.9743,12.4980,3101,0,0
65.9991,10.7287,2662,0,0
66.0238,12.5060,3103,0,0
66.0487,11.1922,2777,0,0
66.0735,12.6148,3130,0,0
66.0983,12.2199,3032,0,0
66.1231,12.8526,3189,26,0
66.1479,11.8330,2936,0,0
66.1727,11.5831,2874,0,0
66.1975,12.7962,3175,0,0
66.2223,12.1151,3006,0,0
66.2471,12.8526,3189,101,0
66.2719,12.3488,3064,0,0
66.2967,11.9821,2973,0,0
66.3215,12.8526,3189,0,0
66.3463,11.2526,2792,0,0
66.3711,11.9821,2973,0,0
66.3959,11.5025,2854,3,0
66.4207,11.3856,2825,0,0
66.4455,11.7201,2908,0,0
66.4703,11.0712,2747,0,0
66.4951,11.1478,2766,0,0
66.5199,12.8526,3189,0,0
66.5447,12.7599,3166,0,0
66.5695,11.9458,2964,0,0
66.5943,12.8526,3189,0,0
66.6191,12.6632,3142,0,0
66.6439,11.8048,2929,0,0
66.6687,12.3811,3072,0,0
66.6935,12.8526,3189,0,0
66.7183,11.7201,2908,0,0
66.7431,11.9095,2955,0,0
66.7679,12.2602,3042,0,0
66.7927,12.4174,3081,0,0
66.8175,12.2199,3032,0,0
66.8423,10.9947,2728,0,0
66.8671,12.3529,3065,0,0
66.8919,12.4496,3089,0,0
66.9167,12.2441,3038,0,0
66.9415,11.6355,2887,0,0
66.9663,11.9700,2970,0,0
66.9911,12.8526,3189,0,0
67.0159,12.1715,3020,0,0
67.0407,12.8526,3189,0,0
67.0656,12.8526,3189,0,0
67.0904,12.8526,3189,0,0
67.1152,11.5549,2867,7,0
67.1400,12.8526,3189,0,0
67.1648,12.0506,2990,0,0
67.1896,10.7730,2673,0,0
67.2144,12.1796,3022,7,0
67.2392,11.3655,2820,0,0
67.2640,11.5105,2856,0,0
67.2888,12.7882,3173,0,0
67.3136,11.9861,2974,0,0
67.3384,12.8526,3189,0,0
67.3632,11.6758,2897,0,0
67.3880,11.9660,2969,0,0
67.4128,11.5307,2861,0,0
67.4376,12.4174,3081,0,0
67.4624,12.8526,3189,0,0
67.4872,12.8526,3189,0,0
67.5120,12.8526,3189,0,0
67.5368,12.1232,3008,0,0
67.5616,12.4859,3098,0,0
67.5864,12.2199,3032,0,0
67.6112,12.4375,3086,0,0
67.6360,11.9337,2961,0,0
67.6608,12.7962,3175,0,0
67.6856,11.4501,2841,0,0
67.7104,12.8526,3189,0,0
67.7352,12.6914,3149,4,0
67.7600,12.8526,3189,0,0
67.7848,11.3655,2820,0,0
67.8096,12.2038,3028,0,0
67.8344,12.0022,2978,0,0
67.8592,12.2279,3034,0,0
67.8840,12.3811,3072,0,0
67.9088,12.6310,3134,0,0
67.9336,12.4657,3093,0,0
67.9584,11.1801,2774,0,0
67.9832,12.0143,2981,0,0
68.0080,11.9660,2969,0,0
68.0328,10.7045,2656,0,0
68.0576,12.3690,3069,0,0
68.0825,12.6592,3141,0,0
68.1073,12.4093,3079,0,0
68.1320,12.8526,3189,0,0
68.1569,11.9660,2969,0,0
68.1817,11.7242,2909,0,0
68.2065,11.4461,2840,0,0
68.2313,12.7317,3159,0,0
68.2561,11.0712,2747,0,0
68.2809,12.7478,3163,0,0
68.3057,12.6390,3136,0,0
68.3305,11.4098,2831,0,0
68.3553,12.8526,3189,0,0
68.3801,12.3166,3056,2,0
68.4049,11.0833,2750,0,0
68.4297,12.4980,3101,0,0
68.4545,12.8526,3189,0,0
68.4793,12.0909,3000,0,0
68.5041,12.7196,3156,0,0
68.5289,12.5786,3121,0,0
68.5537,12.6914,3149,0,0
68.5785,12.4214,3082,0,0
68.6033,12.3287,3059,0,0
68.6281,12.5745,3120,0,0
68.6529,12.3529,3065,0,0
68.6777,12.8526,3189,0,0
68.7025,12.6068,3128,0,0
68.7273,11.8531,2941,0,0
68.7521,12.5866,3123,0,0
68.7769,12.7882,3173,2,0
68.8017,12.6955,3150,0,0
68.8265,12.8526,3189,0,0
68.8513,10.6319,2638,0,0
68.8761,12.2521,3040,0,0
68.9009,12.6148,3130,0,0
68.9257,12.8526,3189,0,0
68.9505,12.6350,3135,0,0
68.9753,11.5307,2861,0,0
69.0001,11.3534,2817,0,0
69.0249,12.6874,3148,0,0
69.0497,12.1997,3027,0,0
69.0745,12.0425,2988,0,0
69.0993,12.1876,3024,0,0
69.1241,12.8526,3189,0,0
69.1489,12.3488,3064,0,0
69.1738,12.8526,3189,0,0
69.1986,12.8526,3189,0,0
69.2234,12.8526,3189,0,0
69.2482,12.1715,3020,0,0
69.2730,12.8244,3182,0,0
69.2978,12.7882,3173,0,0
69.3226,12.0264,2984,0,0
69.3474,12.8526,3189,0,0
69.3722,12.8164,3180,4,0
69.3970,11.6597,2893,0,0
69.4218,11.7806,2923,0,0
69.4466,11.2365,2788,0,0
69.4714,12.8526,3189,7,0
69.4962,12.8526,3189,7,0
69.5210,11.7806,2923,0,0
69.5458,12.5544,3115,0,0
69.5706,12.0506,2990,12,0
69.5954,12.8526,3189,0,0
69.6202,12.2199,3032,4,0
69.6450,11.6597,2893,0,0
69.6698,12.0909,3000,0,0
69.6946,12.6672,3143,0,0
69.7194,11.8934,2951,7,0
69.7442,12.8526,3189,0,0
69.7690,12.3892,3074,0,0
69.7938,12.8526,3189,0,0
69.8186,12.0546,2991,6,0
69.8434,12.7478,3163,7,0
69.8682,12.8405,3186,2,0
69.8930,12.8526,3189,0,0
69.9178,11.6516,2891,0,0
69.9426,11.9498,2965,15,0
69.9674,12.3247,3058,0,0
69.9922,12.0506,2990,0,0
70.0170,12.8526,3189,0,0
70.0418,11.5226,2859,0,0
70.0666,12.8526,3189,0,0
70.0914,12.8526,3189,0,0
70.1162,12.6672,3143,0,0
70.1410,11.2123,2782,0,0
70.1658,11.7806,2923,0,0
70.1907,12.7882,3173,0,0
70.2154,12.3972,3076,0,0
70.2402,11.9418,2963,0,0
70.2651,12.7075,3153,0,0
70.2899,12.8164,3180,13,0
70.3147,12.5504,3114,0,0
70.3395,12.6431,3137,0,0
70.3643,10.9342,2713,0,0
70.3891,12.3448,3063,0,0
70.4139,12.5504,3114,0,0
70.4387,12.1352,3011,0,0
70.4635,11.3010,2804,0,0
70.4883,12.1635,3018,0,0
70.5131,12.8526,3189,0,0
70.5379,12.6672,3143,2,0
70.5627,12.7438,3162,0,0
70.5875,11.5307,2861,0,0
70.6123,11.7806,2923,0,0
70.6371,12.7962,3175,0,0
70.6619,11.1680,2771,0,0
70.6867,12.8043,3177,0,0
70.7115,11.8330,2936,0,0
70.7363,12.4899,3099,0,0
70.7611,12.8405,3186,0,0
70.7859,12.2360,3036,0,0
70.8107,12.4375,3086,19,0
70.8355,12.4980,3101,0,0
70.8603,12.2682,3044,0,0
70.8851,12.2844,3048,0,0
70.9099,11.9015,2953,0,0
70.9347,12.1070,3004,0,0
70.9595,12.8526,3189,0,0
70.9843,12.6552,3140,0,0
71.0091,12.2199,3032,0,0
71.0339,12.6431,3137,0,0
71.0587,12.2199,3032,0,0
71.0835,12.8526,3189,0,0
71.1083,12.7156,3155,0,0
71.1331,12.8526,3189,0,0
71.1579,12.8526,3189,3,0
71.1827,11.3655,2820,0,0
71.2075,12.3488,3064,0,0
71.2323,12.8526,3189,0,0
71.2571,12.8526,3189,0,0
71.2820,12.8526,3189,0,0
71.3068,11.6032,2879,0,0
71.3316,12.7640,3167,0,0
71.3564,12.8526,3189,0,0
71.3812,12.2602,3042,0,0
71.4060,11.7765,2922,0,0
71.4308,11.8612,2943,0,0
71.4556,11.9418,2963,0,0
71.4804,11.6395,2888,18,0
71.5052,12.2844,3048,0,0
71.5300,12.8244,3182,0,0
71.5548,12.3851,3073,96,0
71.5796,12.2844,3048,0,0
71.6044,11.3252,2810,0,0
71.6292,12.7962,3175,0,0
71.6540,11.2607,2794,0,0
71.6788,12.1997,3027,0,0
71.7036,11.4461,2840,0,0
71.7284,12.0466,2989,4,0
71.7532,12.8526,3189,0,0
71.7780,12.6310,3134,0,0
71.8028,12.6148,3130,0,0
71.8276,12.6672,3143,143,0
71.8524,11.6838,2899,0,0
71.8772,12.0909,3000,0,0
71.9020,10.8858,2701,0,0
71.9268,12.6068,3128,0,0
71.9516,11.1680,2771,0,0
71.9764,11.9458,2964,2,0
72.0012,12.8526,3189,0,0
72.0260,12.7478,3163,0,0
72.0508,12.8526,3189,0,0
72.0756,11.4098,2831,0,0
72.1004,10.9785,2724,0,0
72.1252,12.3085,3054,0,0
72.1500,12.8526,3189,0,0
72.1748,12.2763,3046,0,0
72.1996,10.9342,2713,0,0
72.2244,12.7438,3162,0,0
72.2492,12.0264,2984,0,0
72.2740,12.7801,3171,0,0
72.2989,12.8526,3189,0,0
72.3236,12.8526,3189,0,0
72.3484,12.8526,3189,0,0
72.3733,12.5463,3113,27,0
72.3981,12.1232,3008,0,0
72.4229,12.3085,3054,0,0
72.4477,11.4864,2850,21,0
72.4725,12.8526,3189,0,0
72.4973,12.4496,3089,0,0
72.5221,11.7362,2912,0,0
72.5469,12.1675,3019,0,0
72.5717,12.8526,3189,0,0
72.5965,12.1191,3007,21,0
72.6213,10.8617,2695,0,0
72.6461,12.1715,3020,0,0
72.6709,12.8526,3189,0,0
72.6957,12.3529,3065,0,0
72.7205,12.8526,3189,8,0
72.7453,12.8526,3189,0,0
72.7701,12.8526,3189,0,0
72.7949,11.7242,2909,0,0
72.8197,12.8526,3189,0,0
72.8445,12.3892,3074,0,0
72.8693,12.5222,3107,0,0
72.8941,12.8526,3189,0,0
72.9189,12.4738,3095,0,0
72.9437,12.8526,3189,0,0
72.9685,12.8526,3189,0,0
72.9933,12.7922,3174,4,0
73.0181,11.8410,2938,0,0
73.0429,12.0466,2989,0,0
73.0677,12.8526,3189,0,0
73.0925,11.3655,2820,0,0
73.1173,11.9378,2962,0,0
73.1421,11.2365,2788,0,0
73.1669,11.6153,2882,0,0
73.1917,11.6798,2898,0,0
73.2165,11.9700,2970,0,0
73.2413,12.8526,3189,0,0
73.2661,12.0224,2983,0,0
73.2909,11.5750,2872,0,0
73.3157,11.7201,2908,0,0
73.3405,12.8526,3189,0,0
73.3653,10.6843,2651,0,0
73.3902,11.3574,2818,0,0
73.4150,12.8526,3189,0,0
73.4398,12.7962,3175,0,0
73.4646,12.2279,3034,0,0
73.4894,11.6355,2887,0,0
73.5142,11.7040,2904,0,0
73.5390,11.4219,2834,11,0
73.5638,12.1554,3016,0,0
73.5886,11.1236,2760,0,0
73.6134,12.8083,3178,15,0
73.6382,12.8526,3189,0,0
73.6630,11.9498,2965,0,0
73.6878,12.5584,3116,0,0
73.7126,12.0425,2988,0,0
73.7374,12.8526,3189,0,0
73.7622,11.2647,2795,0,0
73.7870,11.1760,2773,0,0
73.8118,12.2441,3038,0,0
73.8366,12.3327,3060,0,0
73.8614,12.0143,2981,0,0
73.8862,12.1675,3019,0,0
73.9110,12.1715,3020,0,0
73.9358,12.8526,3189,0,0
73.9606,11.8048,2929,0,0
73.9854,11.3252,2810,0,0
74.0102,11.3050,2805,0,0
74.0350,12.7156,3155,0,0
74.0598,11.6637,2894,0,0
74.0846,12.4980,3101,0,0
74.1094,12.6310,3134,0,0
74.1342,12.6148,3130,0,0
74.1590,12.8526,3189,0,0
74.1838,11.9095,2955,0,0
74.2086,12.6914,3149,0,0
74.2334,11.7080,2905,0,0
74.2582,12.0264,2984,0,0
74.2830,11.9458,2964,0,0
74.3078,12.8526,3189,0,0
74.3326,11.9700,2970,0,0
74.3574,12.8526,3189,0,0
74.3822,11.7443,2914,0,0
74.4070,11.5105,2856,0,0
74.4318,12.5544,3115,0,0
74.4566,12.7962,3175,0,0
74.4815,11.5629,2869,0,0
74.5063,11.1357,2763,0,0
74.5311,12.8526,3189,0,0
74.5559,12.4174,3081,0,0
74.5807,12.8526,3189,0,0
74.6055,11.1357,2763,0,0
74.6303,11.6395,2888,0,0
74.6551,12.8526,3189,0,0
74.6799,12.8526,3189,0,0
74.7047,11.5670,2870,0,0
74.7295,12.8526,3189,0,0
74.7543,12.7640,3167,0,0
74.7791,12.1191,3007,0,0
74.8039,12.0143,2981,0,0
74.8287,11.8612,2943,0,0
74.8535,11.8934,2951,0,0
74.8783,12.6874,3148,0,0
74.9031,12.5222,3107,0,0
74.9279,12.6914,3149,0,0
74.9527,10.7528,2668,28,0
74.9775,12.7841,3172,0,0
75.0023,12.4093,3079,0,0
75.0271,12.8526,3189,0,0
75.0519,12.5786,3121,0,0
75.0767,11.9700,2970,4,0
75.1015,12.0466,2989,0,0
75.1263,11.5549,2867,0,0
75.1511,12.2199,3032,2,0
75.1759,12.8526,3189,0,0
75.2007,12.8526,3189,0,0
75.2255,12.4818,3097,0,0
75.2503,12.8526,3189,0,0
75.2751,12.3287,3059,0,0
75.2999,12.8526,3189,0,0
75.3247,12.4053,3078,0,0
75.3495,12.8526,3189,23,0
75.3743,11.9055,2954,0,0
75.3991,11.3131,2807,0,0
75.4239,12.8526,3189,0,0
75.4487,12.0788,2997,0,0
75.4735,12.1997,3027,0,0
75.4984,10.8254,2686,0,0
75.5232,12.0143,2981,0,0
75.5480,12.5342,3110,0,0
75.5728,11.8531,2941,0,0
75.5976,12.8526,3189,0,0
75.6224,12.2481,3039,0,0
75.6472,12.1997,3027,0,0
75.6720,12.7882,3173,0,0
75.6968,11.0592,2744,0,0
75.7216,11.9982,2977,0,0
75.7464,12.8526,3189,0,0
75.7712,12.5181,3106,0,0
75.7960,12.2521,3040,0,0
75.8208,12.4093,3079,0,0
75.8456,11.1599,2769,0,0
75.8704,12.8526,3189,0,0
75.8952,12.8526,3189,0,0
75.9200,12.3609,3067,0,0
75.9448,12.7438,3162,0,0
75.9696,12.8123,3179,0,0
75.9944,12.8526,3189,0,0
76.0192,12.5101,3104,0,0
76.0440,10.9705,2722,0,0
76.0688,12.3811,3072,0,0
76.0936,11.5226,2859,0,0
76.1184,12.8526,3189,0,0
76.1432,11.4461,2840,0,0
76.1680,12.2682,3044,0,0
76.1928,12.8526,3189,0,0
76.2176,12.3206,3057,0,0
76.2424,12.8526,3189,0,0
76.2672,11.8007,2928,0,0
76.2920,12.8526,3189,0,0
76.3168,12.7962,3175,0,0
76.3416,12.8526,3189,0,0
76.3664,12.4980,3101,0,0
76.3912,12.8526,3189,0,0
76.4160,11.8531,2941,26,0
76.4408,12.8325,3184,0,0
76.4656,11.4178,2833,0,0
76.4904,12.8526,3189,0,0
76.5152,11.3856,2825,0,0
76.5400,12.8526,3189,0,0
76.5648,12.8526,3189,0,0
76.5897,12.8526,3189,0,0
76.6145,12.8526,3189,0,0
76.6393,12.0022,2978,0,0
76.6641,12.2279,3034,0,0
76.6889,11.7242,2909,0,0
76.7137,12.8526,3189,0,0
76.7385,12.8526,3189,0,0
76.7633,11.6637,2894,0,0
76.7881,12.8526,3189,0,0
76.8129,11.7524,2916,0,0
76.8377,11.6516,2891,0,0
76.8625,12.6552,3140,0,0
76.8873,12.2844,3048,0,0
76.9121,11.8007,2928,0,0
76.9369,12.2360,3036,0,0
76.9617,12.8526,3189,0,0
76.9865,12.8526,3189,0,0
77.0113,11.9539,2966,0,0
77.0361,11.9055,2954,0,0
77.0609,11.5549,2867,0,0
77.0857,11.9821,2973,0,0
77.1105,12.5463,3113,0,0
77.1353,12.8526,3189,0,0
77.1601,10.7972,2679,0,0
77.1849,12.3166,3056,0,0
77.2097,11.7886,2925,0,0
77.2345,12.6028,3127,0,0
77.2593,12.8526,3189,0,0
77.2841,12.8526,3189,0,0
77.3089,12.4496,3089,0,0
77.3337,12.8526,3189,0,0
77.3585,12.5907,3124,0,0
77.3833,11.3655,2820,0,0
77.4081,12.4053,3078,0,0
77.4329,12.5020,3102,2,0
77.4577,12.8526,3189,0,0
77.4825,12.4093,3079,0,0
77.5073,12.8526,3189,0,0
77.5321,12.1030,3003,0,0
77.5569,12.2682,3044,0,0
77.5817,12.8002,3176,0,0
77.6066,12.2521,3040,0,0
77.6314,11.8330,2936,0,0
77.6562,12.8526,3189,0,0
77.6810,12.2481,3039,0,0
77.7058,12.2158,3031,0,0
77.7306,12.3206,3057,0,0
77.7554,12.3811,3072,0,0
77.7802,11.3453,2815,0,0
77.8050,12.7156,3155,0,0
77.8298,12.0264,2984,0,0
77.8546,12.4496,3089,0,0
77.8794,12.4214,3082,0,0
77.9042,12.8526,3189,0,0
77.9290,11.4461,2840,0,0
77.9538,11.6355,2887,0,0
77.9786,12.6028,3127,0,0
78.0034,11.3655,2820,0,0
78.0282,12.6511,3139,0,0
78.0530,12.8526,3189,2,0
78.0778,12.8526,3189,0,0
78.1026,12.8405,3186,0,0
78.1274,11.0229,2735,0,0
78.1522,11.1599,2769,20,0
78.1770,11.7000,2903,0,0
78.2018,11.9619,2968,0,0
78.2266,12.2763,3046,0,0
78.2514,12.8083,3178,0,0
78.2762,12.8325,3184,0,0
78.3010,11.8652,2944,0,0
78.3258,11.2042,2780,0,0
78.3506,12.5342,3110,0,0
78.3754,12.7559,3165,0,0
78.4002,12.2239,3033,0,0
78.4250,12.8526,3189,0,0
78.4498,11.3735,2822,0,0
78.4746,12.3085,3054,0,0
78.4994,12.6431,3137,0,0
78.5242,11.7080,2905,0,0
78.5490,11.7443,2914,17,0
78.5738,12.8526,3189,0,0
78.5986,12.5987,3126,0,0
78.6234,12.8526,3189,0,0
78.6482,12.8164,3180,0,0
78.6730,12.2602,3042,0,0
78.6979,12.7559,3165,6,0
78.7227,11.2405,2789,0,0
78.7475,11.5912,2876,0,0
78.7723,12.8526,3189,0,0
78.7971,12.8285,3183,1,0
78.8219,12.8526,3189,0,0
78.8467,10.8455,2691,0,0
78.8715,12.6914,3149,0,0
78.8963,11.6395,2888,0,0
78.9211,12.8526,3189,0,0
78.9459,12.3045,3053,0,0
78.9707,11.9700,2970,0,0
78.9955,11.6355,2887,0,0
79.0203,11.4783,2848,0,0
79.0451,11.6838,2899,0,0
79.0699,10.7730,2673,4,0
79.0947,12.3206,3057,0,0
79.1195,11.3856,2825,0,0
79.1443,12.8526,3189,1,0
79.1691,12.8526,3189,0,0
79.1939,12.8526,3189,0,0
79.2187,11.7564,2917,0,0
79.2435,12.3045,3053,0,0
79.2683,12.8123,3179,0,0
79.2931,12.8526,3189,212,0
79.3179,12.1675,3019,0,0
79.3427,12.8526,3189,126,0
79.3675,12.3488,3064,2,0
79.3923,11.5025,2854,0,0
79.4171,12.4738,3095,0,0
79.4419,11.8330,2936,0,0
79.4667,12.3932,3075,0,0
79.4915,11.0753,2748,0,0
79.5163,11.7040,2904,9,0
79.5411,12.8526,3189,0,0
79.5659,12.8526,3189,0,0
79.5907,11.1478,2766,0,0
79.6155,11.1680,2771,0,0
79.6403,12.8526,3189,0,0
79.6651,12.3972,3076,3,0
79.6899,12.8405,3186,0,0
79.7148,12.0909,3000,1,0
79.7396,12.8526,3189,0,0
79.7644,12.6632,3142,0,0
79.7892,12.0143,2981,0,0
79.8140,11.4864,2850,0,0
79.8388,11.8934,2951,0,0
79.8636,12.8526,3189,5,0
79.8884,12.6148,3130,0,0
79.9132,12.0788,2997,0,0
79.9380,11.6355,2887,0,0
79.9628,11.5307,2861,0,0
79.9876,12.3932,3075,0,0
80.0124,11.6798,2898,0,0
80.0372,12.5463,3113,0,0
80.0620,11.1881,2776,0,0
80.0868,11.9821,2973,0,0
80.1116,12.8526,3189,0,0
80.1364,11.5025,2854,0,0
80.1612,12.8526,3189,0,0
80.1860,12.2924,3050,0,0
80.2108,12.8526,3189,0,0
80.2356,12.4496,3089,0,0
80.2604,12.8526,3189,0,0
80.2852,11.3775,2823,0,0
80.3100,11.8813,2948,0,0
80.3348,11.9821,2973,0,0
80.3596,12.7882,3173,0,0
80.3844,12.7438,3162,0,0
80.4092,12.8083,3178,0,0
80.4340,12.7559,3165,0,0
80.4588,11.9176,2957,0,0
80.4836,11.6919,2901,0,0
80.5084,12.8244,3182,0,0
80.5332,11.8733,2946,0,0
80.5580,12.8405,3186,0,0
80.5828,11.6274,2885,0,0
80.6076,12.6552,3140,0,0
80.6324,12.7962,3175,0,0
80.6572,12.1917,3025,0,0
80.6820,12.5504,3114,0,0
80.7068,12.7882,3173,0,0
80.7316,12.4375,3086,0,0
80.7564,11.9700,2970,0,0
80.7812,11.6476,2890,0,0
80.8061,12.8526,3189,0,0
80.8309,12.8526,3189,0,0
80.8557,11.5025,2854,123,0
80.8805,12.8526,3189,0,0
80.9053,11.7483,2915,0,0
80.9301,11.9821,2973,0,0
80.9549,12.5101,3104,0,0
80.9797,12.6672,3143,0,0
81.0045,12.0466,2989,0,0
81.0293,12.8526,3189,0,0
81.0541,11.7886,2925,0,0
81.0789,12.8526,3189,0,0
81.1037,11.3977,2828,0,0
81.1285,12.6552,3140,0,0
81.1533,12.2038,3028,0,0
81.1781,12.6552,3140,0,0
81.2029,12.1393,3012,0,0
81.2277,12.8526,3189,0,0
81.2525,12.4295,3084,0,0
81.2773,12.8526,3189,0,0
81.3021,12.1997,3027,0,0
81.3269,12.8164,3180,0,0
81.3517,11.5952,2877,1,0
81.3765,11.5549,2867,0,0
81.4013,11.2042,2780,0,0
81.4261,11.3372,2813,0,0
81.4509,12.3892,3074,0,0
81.4757,12.4174,3081,0,0
81.5005,11.8612,2943,0,0
81.5253,12.8526,3189,0,0
81.5501,12.6874,3148,0,0
81.5749,11.1438,2765,0,0
81.5997,12.5222,3107,0,0
81.6245,12.8526,3189,0,0
81.6493,12.8526,3189,0,0
81.6741,12.8526,3189,9,0
81.6989,11.5025,2854,0,0
81.7237,12.5907,3124,0,0
81.7485,11.7604,2918,0,0
81.7733,12.8526,3189,0,0
81.7981,12.5907,3124,4,0
81.8230,11.1801,2774,0,0
81.8478,12.1393,3012,0,0
81.8726,12.8526,3189,0,0
81.8974,12.7196,3156,0,0
81.9222,12.7640,3167,0,0
81.9470,12.8526,3189,0,0
81.9718,10.6239,2636,0,0
81.9966,11.6959,2902,0,0
82.0214,12.0788,2997,6,0
82.0462,11.7362,2912,0,0
82.0710,12.7075,3153,0,0
82.0958,12.8526,3189,0,0
82.1206,12.6552,3140,0,0
82.1454,11.9700,2970,0,0
82.1702,12.6028,3127,0,0
82.1950,11.7483,2915,0,0
82.2198,12.7116,3154,0,0
82.2446,12.8526,3189,0,0
82.2694,12.8083,3178,0,0
82.2942,11.8531,2941,0,0
82.3190,12.1796,3022,0,0
82.3438,12.8526,3189,0,0
82.3686,12.8526,3189,0,0
82.3934,12.8526,3189,0,0
82.4182,12.7075,3153,0,0
82.4430,12.8526,3189,0,0
82.4678,12.2521,3040,0,0
82.4926,11.0914,2752,0,0
82.5174,12.3166,3056,35,0
82.5422,12.8526,3189,0,0
82.5670,11.9095,2955,0,0
82.5918,12.5463,3113,0,0
82.6166,12.5786,3121,0,0
82.6414,12.8526,3189,0,0
82.6662,11.5105,2856,0,0
82.6910,12.8526,3189,0,0
82.7158,11.2204,2784,0,0
82.7406,11.8330,2936,0,0
82.7654,11.3534,2817,0,0
82.7902,12.4375,3086,0,0
82.8150,12.0143,2981,0,0
82.8398,12.8526,3189,0,0
82.8646,12.0909,3000,0,0
82.8895,12.0909,3000,0,0
82.9143,11.8410,2938,0,0
82.9391,10.8738,2698,0,0
82.9639,12.6310,3134,0,0
82.9887,12.6068,3128,0,0
83.0135,11.8934,2951,0,0
83.0383,12.8526,3189,0,0
83.0631,12.6148,3130,0,0
83.0879,12.8405,3186,0,0
83.1127,12.8526,3189,0,0
83.1375,11.7564,2917,0,0
83.1623,11.9700,2970,0,0
83.1871,12.1876,3024,21,0
83.2119,12.6390,3136,0,0
83.2367,12.4174,3081,0,0
83.2615,12.8526,3189,0,0
83.2863,12.7196,3156,0,0
83.3111,12.8526,3189,0,0
83.3359,12.3529,3065,10,0
83.3607,12.8526,3189,0,0
83.3855,12.3569,3066,15,0
83.4103,12.3206,3057,0,0
83.4351,12.3247,3058,0,0
83.4599,12.8526,3189,0,0
83.4847,11.9700,2970,0,0
83.5095,12.8526,3189,0,0
83.5343,12.7882,3173,0,0
83.5591,12.8526,3189,0,0
83.5839,12.8526,3189,0,0
83.6087,10.9665,2721,0,0
83.6335,11.7040,2904,0,0
83.6583,12.8526,3189,0,0
83.6831,12.8526,3189,0,0
83.7079,12.8526,3189,0,0
83.7327,11.6274,2885,0,0
83.7575,12.7882,3173,0,0
83.7823,11.7242,2909,12,0
83.8071,12.8526,3189,0,0
83.8319,12.0305,2985,0,0
83.8567,10.9584,2719,0,0
83.8815,12.8526,3189,0,0
83.9063,10.6722,2648,0,0
83.9312,11.7604,2918,0,0
83.9559,12.7801,3171,0,0
83.9808,12.8526,3189,0,0
84.0056,12.2602,3042,0,0
84.0304,11.1357,2763,0,0
84.0552,12.5544,3115,0,0
84.0800,12.8526,3189,0,0
84.1048,12.6793,3146,0,0
84.1296,12.8526,3189,0,0
84.1544,12.0264,2984,0,0
84.1792,12.8526,3189,0,0
84.2040,12.6108,3129,0,0
84.2288,12.5222,3107,0,0
84.2536,11.7362,2912,0,0
84.2784,11.6879,2900,0,0
84.3032,11.7886,2925,0,0
84.3280,12.8526,3189,0,0
84.3528,12.3206,3057,0,0
84.3776,10.6279,2637,0,0
84.4024,11.9055,2954,0,0
84.4272,12.8526,3189,0,0
84.4520,11.8209,2933,0,0
84.4768,12.2844,3048,0,0
84.5016,10.9906,2727,0,0
84.5264,12.8526,3189,0,0
84.5512,12.8526,3189,0,0
84.5760,12.8526,3189,0,0
84.6008,11.6677,2895,0,0
84.6256,12.2844,3048,0,0
84.6504,11.2647,2795,0,0
84.6752,11.9378,2962,0,0
84.7000,12.8526,3189,0,0
84.7248,12.5423,3112,0,0
84.7496,11.8975,2952,0,0
84.7744,12.3529,3065,0,0
84.7992,12.6431,3137,0,0
84.8240,12.1514,3015,0,0
84.8488,11.8249,2934,0,0
84.8736,12.2239,3033,0,0
84.8984,12.7317,3159,0,0
84.9232,12.7720,3169,0,0
84.9480,12.8526,3189,0,0
84.9728,12.2441,3038,0,0
84.9977,12.8526,3189,0,0
85.0225,12.3972,3076,111,0
85.0473,12.8526,3189,0,0
85.0721,12.5020,3102,0,0
85.0969,12.1594,3017,0,0
85.1217,12.2158,3031,0,0
85.1465,12.7761,3170,0,0
85.1713,12.5786,3121,0,0
85.1961,12.8526,3189,0,0
85.2209,12.0224,2983,0,0
85.2457,11.6838,2899,0,0
85.2705,10.8375,2689,0,0
85.2953,12.8526,3189,0,0
85.3201,12.7841,3172,0,0
85.3449,10.9947,2728,0,0
85.3697,12.8526,3189,0,0
85.3945,12.6753,3145,0,0
85.4193,11.9660,2969,0,0
85.4441,12.8526,3189,0,0
85.4689,11.7362,2912,0,0
85.4937,11.9982,2977,0,0
85.5185,11.4985,2853,0,0
85.5433,12.8526,3189,0,0
85.5681,12.2844,3048,0,0
85.5929,11.6919,2901,0,0
85.6177,12.8526,3189,0,0
85.6425,12.3488,3064,0,0
85.6673,12.8526,3189,0,0
85.6921,12.5222,3107,21,0
85.7169,11.5549,2867,0,0
85.7417,12.2521,3040,4,0
85.7665,11.3937,2827,0,0
85.7913,12.5987,3126,0,0
85.8161,11.8289,2935,0,0
85.8409,12.8526,3189,0,0
85.8657,12.6914,3149,0,0
85.8905,11.9176,2957,135,0
85.9153,12.1070,3004,0,0
85.9401,12.7075,3153,0,0
85.9649,11.8652,2944,0,0
85.9897,12.7116,3154,1,0
86.0145,12.5060,3103,0,0
86.0394,12.8526,3189,0,0
86.0641,12.5544,3115,0,0
86.0890,12.5544,3115,125,0
86.1138,12.7882,3173,0,0
86.1386,12.6431,3137,0,0
86.1634,12.5262,3108,0,0
86.1882,12.6350,3135,0,0
86.2130,12.8526,3189,0,0
86.2378,11.5307,2861,0,0
86.2626,12.8285,3183,0,0
86.2874,12.3045,3053,0,0
86.3122,12.8526,3189,0,0
86.3370,12.3529,3065,7,0
86.3618,12.8526,3189,0,0
86.3866,11.6355,2887,0,0
86.4114,12.6431,3137,0,0
86.4362,12.2803,3047,0,0
86.4610,12.1514,3015,0,0
86.4858,12.5947,3125,0,0
86.5106,12.8526,3189,0,0
86.5354,11.5549,2867,0,0
86.5602,11.3695,2821,0,0
86.5850,12.0224,2983,4,0
86.6098,11.6919,2901,0,0
86.6346,11.9176,2957,0,0
86.6594,12.8526,3189,0,0
86.6842,12.7640,3167,0,0
86.7090,11.9095,2955,0,0
86.7338,12.8526,3189,0,0
86.7586,11.3534,2817,0,0
86.7834,12.5866,3123,0,0
86.8082,10.8052,2681,0,0
86.8330,12.1352,3011,0,0
86.8578,12.1997,3027,0,0
86.8826,12.2239,3033,0,0
86.9074,11.9700,2970,0,0
86.9322,12.3206,3057,0,0
86.9570,11.4461,2840,0,0
86.9818,12.1030,3003,0,0
87.0066,12.2803,3047,0,0
87.0314,12.2844,3048,0,0
87.0562,12.4133,3080,9,0
87.0810,11.8652,2944,0,0
87.1059,12.8123,3179,3,0
87.1307,11.6838,2899,0,0
87.1555,12.8526,3189,0,0
87.1803,11.8531,2941,0,0
87.2051,12.8526,3189,0,0
87.2299,12.8526,3189,0,0
87.2547,11.3252,2810,0,0
87.2795,12.8526,3189,0,0
87.3043,12.4496,3089,0,0
87.3291,12.0143,2981,0,0
87.3539,11.7483,2915,0,0
87.3787,12.8526,3189,0,0
87.4035,12.2521,3040,0,0
87.4283,11.7524,2916,0,0
87.4531,11.4985,2853,0,0
87.4779,12.8526,3189,0,0
87.5027,11.8048,2929,0,0
87.5275,12.8526,3189,0,0
87.5523,12.5544,3115,7,0
87.5771,11.5025,2854,0,0
87.6019,12.4335,3085,0,0
87.6267,11.3131,2807,0,0
87.6515,12.0345,2986,0,0
87.6763,12.8526,3189,0,0
87.7011,12.7156,3155,0,0
87.7259,11.7201,2908,4,0
87.7507,10.9826,2725,0,0
87.7755,11.9095,2955,0,0
87.8003,11.7282,2910,0,0
87.8251,12.3932,3075,0,0
87.8499,12.2521,3040,0,0
87.8747,11.8733,2946,0,0
87.8995,12.3730,3070,19,0
87.9243,11.5146,2857,0,0
87.9491,11.9378,2962,0,0
87.9739,12.6189,3131,0,0
87.9987,12.8526,3189,0,0
88.0235,12.2481,3039,0,0
88.0483,12.5222,3107,0,0
88.0731,12.8526,3189,0,0
88.0979,12.5020,3102,0,0
88.1227,12.4818,3097,0,0
88.1475,12.8526,3189,0,0
88.1723,12.8526,3189,0,0
88.1972,11.9498,2965,0,0
88.2220,12.0466,2989,0,0
88.2468,12.1836,3023,0,0
88.2716,11.7604,2918,0,0
88.2964,11.0914,2752,0,0
88.3212,12.5222,3107,0,0
88.3460,12.8526,3189,0,0
88.3708,12.5020,3102,0,0
88.3956,12.2803,3047,0,0
88.4204,11.1357,2763,0,0
88.4452,12.5544,3115,0,0
88.4700,12.7841,3172,0,0
88.4948,10.5675,2622,0,0
88.5196,12.7882,3173,0,0
88.5444,11.7201,2908,0,0
88.5692,12.8526,3189,0,0
88.5940,12.8526,3189,0,0
88.6188,12.7116,3154,0,0
88.6436,12.8526,3189,0,0
88.6684,12.0627,2993,0,0
88.6932,11.9821,2973,0,0
88.7180,12.3569,3066,0,0
88.7428,12.7116,3154,0,0
88.7676,12.8526,3189,0,0
88.7924,12.5423,3112,0,0
88.8172,12.6672,3143,0,0
88.8420,11.8692,2945,0,0
88.8668,12.8526,3189,0,0
88.8916,11.8088,2930,0,0
88.9164,11.8612,2943,0,0
88.9412,11.8410,2938,0,0
88.9660,12.8526,3189,0,0
88.9908,12.8526,3189,0,0
89.0156,11.3010,2804,0,0
89.0404,12.1191,3007,0,0
89.0652,12.7478,3163,0,0
89.0900,12.5342,3110,0,0
89.1148,12.1796,3022,0,0
89.1396,12.8526,3189,0,0
89.1644,12.8526,3189,0,0
89.1892,12.8526,3189,0,0
89.2141,12.3488,3064,0,0
89.2389,11.9861,2974,0,0
89.2637,12.8526,3189,0,0
89.2885,12.7196,3156,0,0
89.3133,12.1070,3004,0,0
89.3381,12.8526,3189,0,0
89.3629,12.8526,3189,0,0
89.3877,12.8526,3189,0,0
89.4125,11.6597,2893,0,0
89.4373,12.3005,3052,2,0
89.4621,12.8526,3189,0,0
89.4869,11.7524,2916,0,0
89.5117,12.8526,3189,0,0
89.5365,11.3775,2823,0,0
89.5613,12.8526,3189,0,0
89.5861,12.0909,3000,0,0
89.6109,12.7438,3162,0,0
89.6357,12.4617,3092,0,0
89.6605,11.4702,2846,0,0
89.6853,12.8123,3179,14,0
89.7101,11.8572,2942,0,0
89.7349,12.6955,3150,0,0
89.7597,11.0229,2735,0,0
89.7845,12.8526,3189,0,0
89.8093,12.8526,3189,0,0
89.8341,12.6068,3128,0,0
89.8589,11.7604,2918,0,0
89.8837,11.4299,2836,0,0
89.9085,11.8330,2936,0,0
89.9333,12.8526,3189,1,0
89.9581,11.6234,2884,0,0
89.9829,12.3811,3072,0,0
90.0077,11.9942,2976,0,0
90.0325,12.8526,3189,0,0
90.0573,12.3609,3067,0,0
90.0821,12.0143,2981,0,0
90.1069,11.9095,2955,0,0
90.1317,12.8446,3187,0,0
90.1565,12.8526,3189,0,0
90.1813,12.8526,3189,0,0
90.2061,11.4582,2843,0,0
90.2309,12.8526,3189,0,0
90.2557,12.4738,3095,0,0
90.2805,11.8088,2930,0,0
90.3054,12.5020,3102,0,0
90.3302,11.8612,2943,0,0
90.3550,12.0224,2983,0,0
90.3798,11.7362,2912,0,0
90.4046,12.5786,3121,0,0
90.4294,11.5871,2875,0,0
90.4542,11.7886,2925,0,0
90.4790,12.8526,3189,0,0
90.5038,12.5544,3115,5,0
90.5286,11.8813,2948,0,0
90.5534,11.7645,2919,0,0
90.5782,12.8526,3189,0,0
90.6030,12.8526,3189,0,0
90.6278,11.7201,2908,0,0
90.6526,11.5549,2867,0,0
90.6774,12.0022,2978,0,0
90.7022,11.7443,2914,0,0
90.7270,12.7358,3160,0,0
90.7518,11.6677,2895,11,0
90.7766,12.8526,3189,0,0
90.8014,11.8410,2938,0,0
90.8262,12.8526,3189,0,0
90.8510,12.8526,3189,0,0
90.8758,12.1151,3006,0,0
90.9006,12.5544,3115,0,0
90.9254,12.8526,3189,0,0
90.9502,12.8526,3189,0,0
90.9750,12.8526,3189,0,0
90.9998,12.8526,3189,0,0
91.0246,12.8526,3189,0,0
91.0494,11.2244,2785,2,0
91.0742,12.8526,3189,0,0
91.0990,12.7640,3167,0,0
91.1238,12.2360,3036,0,0
91.1486,12.7358,3160,28,0
91.1734,12.4053,3078,0,0
91.1982,12.8526,3189,0,0
91.2230,12.8526,3189,0,0
91.2478,12.8526,3189,0,0
91.2726,12.8526,3189,0,0
91.2974,12.8526,3189,8,0
91.3223,12.8526,3189,0,0
91.3471,12.8526,3189,0,0
91.3719,11.9821,2973,0,0
91.3967,12.8526,3189,0,0
91.4215,12.7116,3154,0,0
91.4463,12.6632,3142,0,0
91.4711,12.6874,3148,0,0
91.4959,11.7886,2925,0,0
91.5207,12.6914,3149,0,0
91.5455,12.4375,3086,0,0
91.5703,12.8526,3189,0,0
91.5951,12.1191,3007,0,0
91.6199,12.8526,3189,0,0
91.6447,12.0587,2992,0,0
91.6695,12.8526,3189,0,0
91.6943,11.9418,2963,0,0
91.7191,12.8526,3189,0,0
91.7439,11.1720,2772,8,0
91.7687,11.8612,2943,0,0
91.7935,12.8526,3189,0,0
91.8183,12.2682,3044,0,0
91.8431,12.8526,3189,0,0
91.8679,12.8526,3189,0,0
91.8927,12.8526,3189,0,0
91.9175,12.0143,2981,0,0
91.9423,12.8526,3189,0,0
91.9671,12.8526,3189,0,0
91.9919,10.8052,2681,0,0
92.0167,12.2199,3032,0,0
92.0415,11.8330,2936,0,0
92.0663,11.5750,2872,0,0
92.0911,11.8854,2949,0,0
92.1159,12.8526,3189,0,0
92.1407,11.2325,2787,0,0
92.1655,12.8526,3189,0,0
92.1903,12.5987,3126,0,0
92.2151,12.4496,3089,0,0
92.2399,12.8526,3189,0,0
92.2647,12.7438,3162,0,0
92.2895,11.9418,2963,0,0
92.3143,11.8249,2934,0,0
92.3391,12.8526,3189,0,0
92.3639,11.5952,2877,0,0
92.3887,12.3247,3058,0,0
92.4136,12.8526,3189,0,0
92.4384,12.0788,2997,4,0
92.4632,12.2199,3032,0,0
92.4880,12.1715,3020,0,0
92.5128,11.7564,2917,0,0
92.5376,12.8526,3189,0,0
92.5624,11.9176,2957,0,0
92.5872,12.8526,3189,0,0
92.6120,12.8526,3189,0,0
92.6368,11.9821,2973,0,0
92.6616,12.8526,3189,0,0
92.6864,12.1997,3027,0,0
92.7112,12.8526,3189,0,0
92.7360,12.8123,3179,0,0
92.7608,12.8526,3189,15,0
92.7856,11.5105,2856,0,0
92.8104,11.6395,2888,0,0
92.8352,10.9141,2708,0,0
92.8600,12.8526,3189,0,0
92.8848,12.7035,3152,0,0
92.9096,11.9942,2976,0,0
92.9344,12.1070,3004,0,0
92.9592,12.8526,3189,0,0
92.9840,12.8244,3182,0,0
93.0088,12.0143,2981,0,0
93.0336,11.8652,2944,0,0
93.0584,12.8526,3189,0,0
93.0832,12.3206,3057,0,0
93.1080,12.8526,3189,0,0
93.1328,12.3730,3070,0,0
93.1576,12.8365,3185,0,0
93.1824,12.8526,3189,0,0
93.2072,11.5226,2859,0,0
93.2320,12.5786,3121,0,0
93.2568,12.6310,3134,0,0
93.2816,12.8526,3189,0,0
93.3064,12.8526,3189,0,0
93.3312,12.7116,3154,0,0
93.3560,12.8526,3189,0,0
93.3808,12.7438,3162,0,0
93.4056,11.5186,2858,0,0
93.4305,12.2521,3040,15,0
93.4553,11.5629,2869,0,0
93.4801,12.6713,3144,0,0
93.5049,12.8526,3189,0,0
93.5297,12.8526,3189,0,0
93.5545,12.1232,3008,0,0
93.5793,12.7196,3156,0,0
93.6041,12.8526,3189,0,0
93.6289,12.2521,3040,0,0
93.6537,11.3010,2804,0,0
93.6785,12.5423,3112,10,0
93.7033,12.7438,3162,0,0
93.7281,12.4617,3092,0,0
93.7529,12.6672,3143,0,0
93.7777,12.8526,3189,0,0
93.8025,12.8526,3189,0,0
93.8273,12.5584,3116,0,0
93.8521,12.8526,3189,0,0
93.8769,12.8526,3189,0,0
93.9017,12.2521,3040,0,0
93.9265,12.1070,3004,0,0
93.9513,12.8526,3189,0,0
93.9761,12.0909,3000,0,0
94.0009,11.8975,2952,0,0
94.0257,12.8164,3180,0,0
94.0505,11.5226,2859,0,0
94.0753,12.2521,3040,0,0
94.1001,11.6838,2899,0,0
94.1249,12.7116,3154,0,0
94.1497,12.8526,3189,0,0
94.1745,12.1635,3018,4,0
94.1993,12.4375,3086,0,0
94.2241,12.7237,3157,0,0
94.2489,12.7962,3175,105,0
94.2737,12.0143,2981,0,0
94.2985,11.5952,2877,0,0
94.3233,12.8526,3189,0,0
94.3481,12.1232,3008,0,0
94.3729,12.0909,3000,0,0
94.3977,12.6632,3142,0,0
94.4225,11.8088,2930,0,0
94.4473,12.5786,3121,0,0
94.4721,12.8526,3189,0,0
94.4969,12.8526,3189,0,0
94.5218,12.6189,3131,0,0
94.5466,11.2647,2795,0,0
94.5714,12.8526,3189,0,0
94.5962,12.8526,3189,0,0
94.6210,12.8526,3189,0,0
94.6458,12.7720,3169,0,0
94.6706,11.6677,2895,0,0
94.6954,12.1997,3027,0,0
94.7202,12.8526,3189,0,0
94.7450,12.8526,3189,0,0
94.7698,10.6964,2654,0,0
94.7946,12.2682,3044,0,0
94.8194,12.8526,3189,0,0
94.8442,12.8526,3189,7,0
94.8690,12.0627,2993,0,0
94.8938,12.3851,3073,7,0
94.9186,12.8526,3189,0,0
94.9434,12.2924,3050,0,0
94.9682,12.2038,3028,0,0
94.9930,12.0587,2992,0,0
95.0178,12.8526,3189,0,0
95.0426,12.8526,3189,0,0
95.0674,12.8526,3189,0,0
95.0922,12.8526,3189,58,0
95.1170,12.8526,3189,0,0
95.1418,12.8526,3189,0,0
95.1666,12.8123,3179,0,0
95.1914,11.1841,2775,0,0
95.2162,11.6516,2891,0,0
95.2410,12.8526,3189,0,0
95.2658,12.8526,3189,0,0
95.2906,12.8526,3189,0,0
95.3154,12.8526,3189,0,0
95.3402,12.0506,2990,0,0
95.3650,12.7237,3157,0,0
95.3898,12.8526,3189,0,0
95.4146,12.8526,3189,0,0
95.4394,12.5423,3112,0,0
95.4642,12.7075,3153,0,0
95.4890,12.8526,3189,0,0
95.5138,12.5141,3105,0,0
95.5387,12.7962,3175,7,0
95.5635,12.8526,3189,0,0
95.5883,12.6148,3130,7,0
95.6131,12.5423,3112,0,0
95.6379,12.5020,3102,0,0
95.6627,12.8526,3189,0,0
95.6875,12.1796,3022,0,0
95.7123,12.1635,3018,0,0
95.7371,11.7886,2925,0,0
95.7619,10.7569,2669,0,0
95.7867,12.5544,3115,0,0
95.8115,11.9660,2969,0,0
95.8363,12.7882,3173,0,0
95.8611,12.4174,3081,0,0
95.8859,12.8526,3189,0,0
95.9107,12.8526,3189,0,0
95.9355,12.8526,3189,0,0
95.9603,12.0425,2988,0,0
95.9851,12.1917,3025,0,0
96.0099,12.8526,3189,0,0
96.0347,12.3730,3070,0,0
96.0595,12.1030,3003,0,0
96.0843,12.7438,3162,0,0
96.1091,12.8526,3189,0,0
96.1339,12.0305,2985,0,0
96.1587,12.6914,3149,0,0
96.1835,12.5141,3105,0,0
96.2083,12.1070,3004,0,0
96.2331,12.8526,3189,0,0
96.2579,11.1841,2775,0,0
96.2827,12.8365,3185,0,0
96.3075,12.2199,3032,0,0
96.3323,12.8526,3189,0,0
96.3571,12.8526,3189,0,0
96.3819,12.8244,3182,0,0
96.4067,12.2844,3048,0,0
96.4315,11.8813,2948,0,0
96.4563,12.2602,3042,0,0
96.4811,12.6108,3129,0,0
96.5059,11.2728,2797,0,0
96.5307,12.4496,3089,0,0
96.5555,12.2481,3039,0,0
96.5803,12.7438,3162,0,0
96.6051,11.7040,2904,0,0
96.6300,12.4496,3089,2,0
96.6548,12.7680,3168,0,0
96.6796,12.1352,3011,0,0
96.7044,12.6552,3140,0,0
96.7292,12.2521,3040,0,0
96.7540,12.8405,3186,0,0
96.7788,12.8526,3189,0,0
96.8036,12.8526,3189,0,0
96.8284,12.8526,3189,0,0
96.8532,12.8526,3189,0,0
96.8780,12.8526,3189,0,0
96.9028,12.0788,2997,0,0
96.9276,12.3166,3056,0,0
96.9524,12.8325,3184,0,0
96.9772,11.6476,2890,0,0
97.0020,12.8526,3189,0,0
97.0268,12.4053,3078,0,0
97.0516,11.3453,2815,0,0
97.0764,12.8526,3189,0,0
97.1012,12.8526,3189,0,0
97.1260,12.8526,3189,7,0
97.1508,12.8526,3189,0,0
97.1756,11.7806,2923,0,0
97.2004,12.8526,3189,0,0
97.2252,12.0224,2983,0,0
97.2500,12.6955,3150,0,0
97.2748,11.9821,2973,0,0
97.2996,12.0143,2981,0,0
97.3244,10.9584,2719,0,0
97.3492,12.8526,3189,0,0
97.3740,12.3972,3076,0,0
97.3988,12.5504,3114,0,0
97.4236,12.8526,3189,0,0
97.4484,12.8526,3189,0,0
97.4732,12.3650,3068,0,0
97.4980,11.5871,2875,0,0
97.5228,12.8526,3189,0,0
97.5476,12.4375,3086,0,0
97.5724,11.8209,2933,0,0
97.5972,12.8526,3189,0,0
97.6220,11.5831,2874,0,0
97.6469,11.8289,2935,0,0
97.6717,12.1514,3015,0,0
97.6964,12.8526,3189,0,0
97.7213,12.8526,3189,0,0
97.7461,11.3372,2813,0,0
97.7709,11.8048,2929,0,0
97.7957,12.8526,3189,0,0
97.8205,12.8526,3189,0,0
97.8453,12.8526,3189,0,0
97.8701,12.3892,3074,0,0
97.8949,12.8526,3189,0,0
97.9197,11.8934,2951,0,0
97.9445,12.8526,3189,0,0
97.9693,12.3529,3065,0,0
97.9941,12.8526,3189,0,0
98.0189,12.8526,3189,9,0
98.0437,11.2042,2780,0,0
98.0685,12.8526,3189,0,0
98.0933,11.2566,2793,0,0
98.1181,11.9660,2969,0,0
98.1429,12.3126,3055,0,0
98.1677,12.5463,3113,0,0
98.1925,12.8526,3189,0,0
98.2173,12.6148,3130,0,0
98.2421,12.8526,3189,0,0
98.2669,12.6793,3146,0,0
98.2917,11.0712,2747,0,0
98.3165,12.3327,3060,0,0
98.3413,12.8526,3189,0,0
98.3661,12.4012,3077,0,0
98.3909,12.8526,3189,0,0
98.4157,11.9942,2976,0,0
98.4405,12.8526,3189,0,0
98.4653,12.0264,2984,0,0
98.4901,12.8204,3181,0,0
98.5149,11.9378,2962,0,0
98.5397,12.8526,3189,0,0
98.5645,12.8526,3189,108,0
98.5893,12.1070,3004,17,0
98.6141,12.4174,3081,0,0
98.6389,12.1554,3016,0,0
98.6637,12.5544,3115,0,0
98.6885,12.8526,3189,0,0
98.7133,12.1594,3017,0,0
98.7382,12.8526,3189,0,0
98.7630,12.8526,3189,0,0
98.7878,12.6834,3147,0,0
98.8126,12.4456,3088,0,0
98.8374,12.2844,3048,0,0
98.8622,11.7967,2927,0,0
98.8870,12.4859,3098,0,0
98.9118,12.7640,3167,0,0
98.9366,12.4012,3077,0,0
98.9614,12.8526,3189,0,0
98.9862,12.1876,3024,0,0
99.0110,12.8526,3189,0,0
99.0358,12.0224,2983,0,0
99.0606,11.4299,2836,0,0
99.0854,12.2844,3048,0,0
99.1102,12.8526,3189,0,0
99.1350,12.8526,3189,0,0
99.1598,12.8526,3189,0,0
99.1846,12.8526,3189,4,0
99.2094,12.1393,3012,0,0
99.2342,12.1997,3027,0,0
99.2590,12.8526,3189,0,0
99.2838,11.6758,2897,0,0
99.3086,12.1554,3016,0,0
99.3334,12.8526,3189,0,0
99.3582,11.5871,2875,0,0
99.3830,12.8526,3189,0,0
99.4078,11.6315,2886,0,0
99.4326,12.6834,3147,0,0
99.4574,11.9095,2955,0,0
99.4822,12.2038,3028,0,0
99.5070,12.0345,2986,0,0
99.5318,12.6552,3140,0,0
99.5566,11.3131,2807,0,0
99.5814,12.0425,2988,52,0
99.6062,12.8526,3189,0,0
99.6310,12.8526,3189,6,0
99.6558,12.8526,3189,0,0
99.6806,12.8526,3189,9,0
99.7054,12.4496,3089,0,0
99.7302,12.5383,3111,0,0
99.7551,12.8526,3189,0,0
99.7799,12.3045,3053,3,0
99.8046,11.2244,2785,0,0
99.8295,12.1594,3017,87,0
99.8543,12.6068,3128,0,0
99.8791,11.0027,2730,8,0
99.9039,12.8526,3189,0,0
99.9287,12.6431,3137,0,0
99.9535,12.8526,3189,0,0
99.9783,12.8526,3189,0,0
100.0031,12.6068,3128,0,0
100.0279,12.0909,3000,0,0
100.0527,12.1232,3008,0,0
100.0775,11.2607,2794,15,0
100.1023,12.8526,3189,0,0
100.1271,12.4496,3089,0,0
100.1519,12.8526,3189,0,0
100.1767,12.8526,3189,0,0
100.2015,12.8526,3189,24,0
100.2263,12.1352,3011,0,0
100.2511,12.3488,3064,0,0
100.2759,12.7438,3162,0,0
100.3007,12.6632,3142,0,0
100.3255,12.8526,3189,0,0
100.3503,11.4582,2843,0,0
100.3751,11.3131,2807,0,0
100.3999,12.6431,3137,0,0
100.4247,12.8526,3189,0,0
100.4495,11.3131,2807,0,0
100.4743,12.8526,3189,0,0
100.4991,12.2763,3046,0,0
100.5239,12.8526,3189,6,0
100.5487,12.6350,3135,0,0
100.5735,12.8526,3189,0,0
100.5983,12.6148,3130,0,0
100.6231,12.8526,3189,0,0
100.6479,12.5745,3120,0,0
100.6727,12.0909,3000,0,0
100.6975,12.8204,3181,0,0
100.7223,11.5428,2864,0,0
100.7471,12.8526,3189,0,0
100.7719,12.7358,3160,0,0
100.7967,12.8526,3189,0,0
100.8215,12.8526,3189,0,0
100.8464,11.6838,2899,0,0
100.8712,12.5786,3121,0,0
100.8960,12.4214,3082,0,0
100.9208,12.8526,3189,0,0
100.9456,12.8325,3184,0,0
100.9704,11.8572,2942,0,0
100.9952,12.5342,3110,0,0
101.0200,12.3045,3053,0,0
101.0448,12.8526,3189,0,0
101.0696,12.6632,3142,0,0
101.0944,12.8526,3189,0,0
101.1192,12.5544,3115,2,0
101.1440,12.8526,3189,0,0
101.1688,12.8526,3189,0,0
101.1936,12.4496,3089,0,0
101.2184,12.1352,3011,0,0
101.2432,11.8249,2934,0,0
101.2680,12.8244,3182,0,0
101.2928,12.4617,3092,0,0
101.3176,12.2360,3036,0,0
101.3424,12.8526,3189,0,0
101.3672,11.3574,2818,0,0
101.3920,12.8526,3189,0,0
101.4168,12.7116,3154,0,0
101.4416,11.3695,2821,0,0
101.4664,12.6148,3130,0,0
101.4912,11.2083,2781,0,0
101.5160,11.6476,2890,0,0
101.5408,11.1639,2770,0,0
101.5656,12.8526,3189,0,0
101.5904,12.2803,3047,0,0
101.6152,12.8526,3189,11,0
101.6400,12.5222,3107,0,0
101.6648,12.4980,3101,0,0
101.6896,11.8612,2943,0,0
101.7144,12.0143,2981,1,0
101.7392,12.7841,3172,7,0
101.7640,12.8526,3189,0,0
101.7888,12.8526,3189,0,0
101.8136,12.8526,3189,0,0
101.8384,11.7443,2914,0,0
101.8633,11.2647,2795,0,0
101.8880,12.3085,3054,0,0
101.9128,12.8526,3189,0,0
101.9377,12.8526,3189,0,0
101.9625,12.8526,3189,0,0
101.9873,12.8526,3189,0,0
102.0121,12.8526,3189,0,0
102.0369,11.9861,2974,0,0
102.0617,12.1232,3008,0,0
102.0865,12.4375,3086,0,0
102.1113,11.8934,2951,0,0
102.1361,12.3488,3064,0,0
102.1609,12.8526,3189,0,0
102.1857,12.8526,3189,0,0
102.2105,12.3730,3070,0,0
102.2353,12.8526,3189,7,0
102.2601,12.8526,3189,0,0
102.2849,11.8289,2935,0,0
102.3097,12.6269,3133,0,0
102.3345,12.8526,3189,0,0
102.3593,12.2481,3039,0,0
102.3841,12.2844,3048,1,0
102.4089,12.8526,3189,0,0
102.4337,12.2521,3040,0,0
102.4585,12.8526,3189,0,0
102.4833,12.1836,3023,17,0
102.5081,12.8526,3189,0,0
102.5329,12.8526,3189,0,0
102.5577,11.9095,2955,0,0
102.5825,12.0627,2993,0,0
102.6073,11.9418,2963,0,0
102.6321,11.8692,2945,0,0
102.6569,12.8526,3189,0,0
102.6817,12.1030,3003,0,0
102.7065,12.8526,3189,0,0
102.7313,10.9785,2724,0,0
102.7561,12.8526,3189,0,0
102.7809,11.9942,2976,0,0
102.8057,12.8526,3189,0,0
102.8305,12.1232,3008,0,0
102.8553,11.8330,2936,0,0
102.8801,12.0345,2986,0,0
102.9049,12.8486,3188,0,0
102.9297,12.8526,3189,0,0
102.9546,12.8526,3189,0,0
102.9794,12.0506,2990,0,0
103.0042,12.8526,3189,0,0
103.0290,12.8285,3183,13,0
103.0538,12.4335,3085,0,0
103.0786,12.4214,3082,0,0
103.1034,12.8526,3189,0,0
103.1282,12.5786,3121,0,0
103.1530,12.1715,3020,0,0
103.1778,12.8526,3189,0,0
103.2026,9.9911,2479,0,0
103.2274,12.3327,3060,0,0
103.2522,12.8526,3189,0,0
103.2770,12.5584,3116,15,0
103.3018,11.9660,2969,0,0
103.3266,12.5020,3102,0,0
103.3514,12.0627,2993,0,0
103.3762,12.5544,3115,0,0
103.4010,11.9055,2954,0,0
103.4258,12.8526,3189,0,0
103.4506,12.8526,3189,0,0
103.4754,12.1675,3019,0,0
103.5002,11.9660,2969,0,0
103.5250,12.8526,3189,0,0
103.5498,12.8526,3189,0,0
103.5746,12.8083,3178,7,0
103.5994,12.3287,3059,0,0
103.6242,12.5584,3116,0,0
103.6490,12.4214,3082,0,0
103.6738,12.8526,3189,5,0
103.6986,12.0345,2986,0,0
103.7234,12.8002,3176,0,0
103.7482,11.8612,2943,0,0
103.7730,11.5912,2876,0,0
103.7978,11.3252,2810,0,0
103.8226,11.6838,2899,0,0
103.8474,11.5146,2857,0,0
103.8722,12.4214,3082,0,0
103.8970,12.1352,3011,0,0
103.9218,12.8526,3189,0,0
103.9466,12.1232,3008,0,0
103.9715,12.8365,3185,0,0
103.9962,12.8526,3189,0,0
104.0210,12.4496,3089,0,0
104.0459,11.3574,2818,0,0
104.0707,12.8526,3189,0,0
104.0955,11.2123,2782,0,0
104.1203,11.8975,2952,0,0
104.1451,12.5020,3102,0,0
104.1699,12.8526,3189,0,0
104.1947,12.0748,2996,0,0
104.2195,12.1917,3025,0,0
104.2443,12.8526,3189,0,0
104.2691,12.7962,3175,0,0
104.2939,12.3851,3073,0,0
104.3187,12.8526,3189,0,0
104.3435,12.8526,3189,0,0
104.3683,11.6919,2901,0,0
104.3931,12.8526,3189,0,0
104.4179,12.7801,3171,0,0
104.4427,12.0788,2997,0,0
104.4675,11.9942,2976,0,0
104.4923,12.8204,3181,0,0
104.5171,11.9418,2963,0,0
104.5419,12.7519,3164,0,0
104.5667,12.6672,3143,0,0
104.5915,12.5222,3107,0,0
104.6163,12.8526,3189,0,0
104.6411,12.3972,3076,0,0
104.6659,12.8526,3189,0,0
104.6907,12.8002,3176,0,0
104.7155,12.2199,3032,0,0
104.7403,12.4093,3079,0,0
104.7651,12.8526,3189,0,0
104.7899,12.8526,3189,0,0
104.8147,12.8526,3189,0,0
104.8395,12.6310,3134,0,0
104.8643,11.7886,2925,0,0
104.8891,12.5544,3115,0,0
104.9139,12.8164,3180,0,0
104.9387,12.1876,3024,0,0
104.9635,12.3972,3076,0,0
104.9883,12.8526,3189,0,0
105.0131,12.8123,3179,0,0
105.0379,12.4093,3079,0,0
105.0628,11.7604,2918,0,0
105.0876,12.8526,3189,0,0
105.1124,12.8526,3189,6,0
105.1372,12.8526,3189,0,0
105.1620,12.8526,3189,0,0
105.1868,12.8526,3189,0,0
105.2116,12.6108,3129,0,0
105.2364,12.0506,2990,0,0
105.2612,12.4859,3098,0,0
105.2860,12.8526,3189,0,0
105.3108,12.0788,2997,106,0
105.3356,11.8249,2934,0,0
105.3604,12.8365,3185,0,0
105.3852,12.8526,3189,0,0
105.4100,12.8526,3189,0,0
105.4348,12.1393,3012,0,0
105.4596,12.8526,3189,0,0
105.4844,11.3574,2818,10,0
105.5092,12.8526,3189,2,0
105.5340,12.8526,3189,0,0
105.5588,12.8526,3189,0,0
105.5836,12.8526,3189,0,0
105.6084,12.8526,3189,0,0
105.6332,12.8526,3189,0,0
105.6580,11.4461,2840,0,0
105.6828,11.7282,2910,0,0
105.7076,12.8526,3189,0,0
105.7324,11.5226,2859,0,0
105.7572,12.3972,3076,0,0
105.7820,12.8526,3189,17,0
105.8068,10.8214,2685,0,0
105.8316,12.8526,3189,0,0
105.8564,11.9942,2976,0,0
105.8812,12.5141,3105,0,0
105.9060,12.8526,3189,7,0
105.9308,11.6476,2890,0,0
105.9556,12.8526,3189,4,0
105.9804,10.6319,2638,0,0
106.0052,12.8526,3189,0,0
106.0300,11.8410,2938,0,0
106.0548,12.1352,3011,0,0
106.0796,12.8526,3189,0,0
106.1044,10.9100,2707,0,0
106.1292,12.8526,3189,0,0
106.1541,12.3851,3073,0,0
106.1789,11.9176,2957,0,0
106.2037,12.8526,3189,7,0
106.2285,11.3574,2818,0,0
106.2533,12.2682,3044,0,0
106.2781,12.8526,3189,0,0
106.3029,11.0712,2747,0,0
106.3277,12.4496,3089,0,0
106.3525,12.8526,3189,0,0
106.3773,11.2445,2790,0,0
106.4021,11.9055,2954,0,0
106.4269,12.8526,3189,4,0
106.4517,12.2844,3048,0,0
106.4765,11.3453,2815,0,0
106.5013,12.7358,3160,0,0
106.5261,12.8526,3189,0,0
106.5509,12.3771,3071,0,0
106.5757,11.7483,2915,0,0
106.6005,12.2279,3034,0,0
106.6253,12.6632,3142,0,0
106.6501,12.7720,3169,0,0
106.6749,12.6632,3142,0,0
106.6997,12.5020,3102,0,0
106.7245,12.2844,3048,0,0
106.7493,12.2441,3038,0,0
106.7741,12.3005,3052,0,0
106.7989,12.3166,3056,0,0
106.8237,12.2602,3042,0,0
106.8485,12.3005,3052,0,0
106.8733,12.3166,3056,0,0
106.8981,12.4214,3082,0,0
106.9229,12.5141,3105,0,0
106.9477,12.4899,3099,0,0
106.9725,12.5423,3112,0,0
106.9973,12.4496,3089,0,0
107.0221,12.3488,3064,0,0
107.0469,12.2844,3048,0,0
107.0717,12.1715,3020,0,0
107.0965,12.4818,3097,0,0
107.1213,12.3730,3070,0,0
107.1461,12.2723,3045,0,0
107.1710,12.3206,3057,0,0
107.1958,12.3730,3070,0,0
107.2206,12.2602,3042,0,0
107.2454,12.4053,3078,0,0
107.2702,12.2844,3048,0,0
107.2950,12.2844,3048,0,0
107.3198,12.3569,3066,0,0
107.3446,12.2682,3044,0,0
107.3694,12.3851,3073,0,0
107.3942,12.3730,3070,0,0
107.4190,12.3005,3052,0,0
107.4438,12.4214,3082,0,0
107.4686,12.2763,3046,0,0
107.4934,12.3851,3073,0,0
107.5182,12.3206,3057,0,0
107.5430,12.2682,3044,0,0
107.5678,12.3126,3055,0,0
107.5926,12.3085,3054,0,0
107.6174,12.3529,3065,0,0
107.6422,12.2723,3045,0,0
107.6670,12.3287,3059,0,0
107.6918,12.3166,3056,0,0
107.7166,12.3327,3060,0,0
107.7414,12.2763,3046,0,0
107.7662,12.3609,3067,0,0
107.7910,12.3166,3056,0,0
107.8158,12.2844,3048,0,0
107.8406,12.3166,3056,0,0
107.8654,12.2924,3050,0,0
107.8902,12.3287,3059,0,0
107.9150,12.2844,3048,0,0
107.9398,12.3166,3056,0,0
107.9646,12.3166,3056,0,0
107.9894,12.3085,3054,0,0
108.0142,12.3005,3052,0,0
108.0390,12.3126,3055,0,0
108.0638,12.2803,3047,0,0
108.0886,12.2803,3047,0,0
108.1134,12.2844,3048,0,0
108.1382,12.3206,3057,0,0
108.1630,12.3126,3055,0,0
108.1878,12.3045,3053,0,0
108.2126,12.3045,3053,0,0
108.2374,12.3045,3053,0,0
108.2623,12.3085,3054,0,0
108.2871,12.3529,3065,0,0
108.3119,12.3166,3056,0,0
108.3367,12.3085,3054,0,0
108.3615,12.3327,3060,0,0
108.3863,12.3166,3056,0,0
108.4111,12.3206,3057,0,0
108.4359,12.2924,3050,0,0
108.4607,12.3166,3056,0,0
108.4855,12.2844,3048,0,0
108.5103,12.3085,3054,0,0
108.5351,12.3126,3055,0,0
108.5599,12.3287,3059,0,0
108.5847,12.3609,3067,0,0
108.6095,12.2844,3048,0,0
108.6343,12.3569,3066,0,0
108.6591,12.3206,3057,0,0
108.6839,12.3287,3059,0,0
108.7087,12.3206,3057,0,0
108.7335,12.3488,3064,0,0
108.7583,12.3166,3056,0,0
108.7831,12.3126,3055,0,0
108.8079,12.2844,3048,0,0
108.8327,12.3206,3057,0,0
108.8575,12.3287,3059,0,0
108.8823,12.3166,3056,0,0
108.9071,12.2602,3042,0,0
108.9319,12.3488,3064,0,0
108.9567,12.3166,3056,0,0
108.9815,12.3609,3067,0,0
109.0063,12.2924,3050,0,0
109.0311,12.3085,3054,0,0
109.0559,12.2844,3048,0,0
109.0807,12.3730,3070,0,0
109.1055,12.3166,3056,0,0
109.1303,12.3529,3065,0,0
109.1551,12.3287,3059,0,0
109.1799,12.3488,3064,0,0
109.2047,12.3488,3064,0,0
109.2295,12.3206,3057,0,0
109.2543,12.3327,3060,0,0
109.2792,12.3206,3057,0,0
109.3040,12.3166,3056,0,0
109.3288,12.3650,3068,0,0
109.3536,12.3166,3056,0,0
109.3784,12.3529,3065,0,0
109.4032,12.2803,3047,0,0
109.4280,12.3569,3066,0,0
109.4528,12.3206,3057,0,0
109.4776,12.2844,3048,0,0
109.5024,12.3448,3063,0,0
109.5272,12.3045,3053,0,0
109.5520,12.3005,3052,0,0
109.5768,12.3448,3063,0,0
109.6016,12.3206,3057,0,0
109.6264,12.3448,3063,0,0
109.6512,12.3529,3065,0,0
109.6760,12.3327,3060,0,0
109.7008,12.3085,3054,0,0
109.7256,12.3045,3053,0,0
109.7504,12.3851,3073,0,0
109.7752,12.3126,3055,0,0
109.8000,12.3488,3064,0,0
109.8248,12.3609,3067,0,0
109.8496,12.3529,3065,0,0
109.8744,12.3206,3057,0,0
109.8992,12.3569,3066,0,0
109.9240,12.3569,3066,0,0
109.9488,12.3327,3060,0,0
109.9736,12.2844,3048,0,0
109.9984,12.3327,3060,0,0
110.0232,12.3529,3065,0,0
110.0480,12.3448,3063,0,0
110.0728,12.3408,3062,0,0
110.0976,12.3166,3056,0,0
110.1224,12.3166,3056,0,0
110.1472,12.3206,3057,0,0
110.1720,12.3529,3065,0,0
110.1968,12.3771,3071,0,0
110.2216,12.3448,3063,0,0
110.2464,12.3327,3060,0,0
110.2712,12.3166,3056,0,0
110.2960,12.3529,3065,0,0
110.3208,12.3529,3065,0,0
110.3456,12.3771,3071,0,0
110.3705,12.3206,3057,0,0
110.3953,12.3730,3070,0,0
110.4201,12.3529,3065,0,0
110.4449,12.3247,3058,0,0
110.4697,12.3730,3070,0,0
110.4945,12.3327,3060,0,0
110.5193,12.3085,3054,0,0
110.5441,12.2803,3047,0,0
110.5689,12.3488,3064,0,0
110.5937,12.3771,3071,0,0
110.6185,12.2924,3050,0,0
110.6433,12.3085,3054,0,0
110.6681,12.3166,3056,0,0
110.6929,12.3569,3066,0,0
110.7177,12.3811,3072,0,0
110.7425,12.3247,3058,0,0
110.7673,12.3851,3073,0,0
110.7921,12.3327,3060,0,0
110.8169,12.3126,3055,0,0
110.8417,12.3609,3067,0,0
110.8665,12.3811,3072,0,0
110.8913,12.3730,3070,0,0
110.9161,12.3206,3057,0,0
110.9409,12.3529,3065,0,0
110.9657,12.3771,3071,0,0
110.9905,12.3690,3069,0,0
111.0153,12.3529,3065,0,0
111.0401,12.2844,3048,0,0
111.0649,12.3569,3066,0,0
111.0897,12.3730,3070,0,0
111.1145,12.3166,3056,0,0
111.1393,12.3529,3065,0,0
111.1641,12.3488,3064,0,0
111.1889,12.3126,3055,0,0
111.2137,12.3327,3060,0,0
111.2385,12.3488,3064,0,0
111.2633,12.3166,3056,0,0
111.2881,12.3448,3063,0,0
111.3129,12.3488,3064,0,0
111.3377,12.3609,3067,0,0
111.3625,12.3126,3055,0,0
111.3874,12.3166,3056,0,0
111.4122,12.3287,3059,0,0
111.4370,12.3206,3057,0,0
111.4618,12.3811,3072,0,0
111.4866,12.3690,3069,0,0
111.5114,12.3327,3060,0,0
111.5362,12.3488,3064,0,0
111.5610,12.3730,3070,0,0
111.5858,12.3448,3063,0,0
111.6106,12.3206,3057,0,0
111.6354,12.3771,3071,0,0
111.6602,12.3811,3072,0,0
111.6850,12.3529,3065,0,0
111.7098,12.3206,3057,0,0
111.7346,12.3569,3066,0,0
111.7594,12.3609,3067,0,0
111.7842,12.3126,3055,0,0
111.8090,12.3206,3057,0,0
111.8338,12.3287,3059,0,0
111.8586,12.3287,3059,0,0
111.8834,12.3206,3057,0,0
111.9082,12.3650,3068,0,0
111.9330,12.3730,3070,0,0
111.9578,12.3811,3072,0,0
111.9826,12.3206,3057,0,0
112.0074,12.3690,3069,0,0
112.0322,12.3488,3064,0,0
112.0570,12.3569,3066,0,0
112.0818,12.3972,3076,0,0
112.1066,12.3126,3055,0,0
112.1314,12.3730,3070,0,0
112.1562,12.3488,3064,0,0
112.1810,12.3287,3059,0,0
112.2058,12.4053,3078,0,0
112.2306,12.3609,3067,0,0
112.2554,12.3448,3063,0,0
112.2802,12.3327,3060,0,0
112.3050,12.3206,3057,0,0
112.3298,12.3730,3070,0,0
112.3546,12.3529,3065,0,0
112.3794,12.3448,3063,0,0
112.4042,12.3166,3056,0,0
112.4290,12.3529,3065,0,0
112.4538,12.3448,3063,0,0
112.4787,12.3488,3064,0,0
112.5035,12.3206,3057,0,0
112.5283,12.3206,3057,0,0
112.5531,12.3529,3065,0,0
112.5779,12.3206,3057,0,0
112.6027,12.3166,3056,0,0
112.6275,12.3206,3057,0,0
112.6523,12.3488,3064,0,0
112.6771,12.3690,3069,0,0
112.7019,12.3650,3068,0,0
112.7267,12.3569,3066,0,0
112.7515,12.3488,3064,0,0
112.7763,12.3730,3070,0,0
112.8011,12.3206,3057,0,0
112.8259,12.3206,3057,0,0
112.8507,12.3569,3066,0,0
112.8755,12.3892,3074,0,0
112.9003,12.3690,3069,0,0
112.9251,12.3085,3054,0,0
112.9499,12.3247,3058,0,0
112.9747,12.3892,3074,0,0
112.9995,12.3488,3064,0,0
113.0243,12.3327,3060,0,0
113.0491,12.3851,3073,0,0
113.0739,12.3488,3064,0,0
113.0987,12.3650,3068,0,0
113.1235,12.3529,3065,0,0
113.1483,12.3972,3076,0,0
113.1731,12.3408,3062,0,0
113.1979,12.3529,3065,0,0
113.2227,12.3488,3064,0,0
113.2475,12.3690,3069,0,0
113.2723,12.3529,3065,0,0
113.2971,12.3287,3059,0,0
113.3219,12.3851,3073,0,0
113.3467,12.3206,3057,0,0
113.3715,12.3488,3064,0,0
113.3963,12.3488,3064,0,0
113.4211,12.3529,3065,0,0
113.4459,12.3609,3067,0,0
113.4707,12.3448,3063,0,0
113.4956,12.3529,3065,0,0
113.5204,12.3488,3064,0,0
113.5452,12.3166,3056,0,0
113.5700,12.3529,3065,0,0
113.5948,12.3569,3066,0,0
113.6196,12.3327,3060,0,0
113.6444,12.3569,3066,0,0
113.6692,12.3690,3069,0,0
113.6940,12.3771,3071,0,0
113.7188,12.3287,3059,0,0
113.7436,12.3529,3065,0,0
113.7684,12.3529,3065,0,0
113.7932,12.3448,3063,0,0
113.8180,12.3529,3065,0,0
113.8428,12.3730,3070,0,0
113.8676,12.3287,3059,0,0
113.8924,12.3569,3066,0,0
113.9172,12.3690,3069,0,0
113.9420,12.3609,3067,0,0
113.9668,12.3569,3066,0,0
113.9916,12.3690,3069,0,0
114.0164,12.3529,3065,0,0
114.0412,12.3085,3054,0,0
114.0660,12.3327,3060,0,0
114.0908,12.3327,3060,0,0
114.1156,12.3287,3059,0,0
114.1404,12.3206,3057,0,0
114.1652,12.3569,3066,0,0
114.1900,12.3730,3070,0,0
114.2148,12.3488,3064,0,0
114.2396,12.4053,3078,0,0
114.2644,12.3448,3063,0,0
114.2892,12.3771,3071,0,0
114.3140,12.3529,3065,0,0
114.3388,12.3771,3071,0,0
114.3636,12.3408,3062,0,0
114.3884,12.3569,3066,0,0
114.4132,12.3892,3074,0,0
114.4380,12.3287,3059,0,0
114.4628,12.3529,3065,0,0
114.4876,12.3529,3065,0,0
114.5124,12.3529,3065,0,0
114.5372,12.3408,3062,0,0
114.5620,12.3529,3065,0,0
114.5869,12.3448,3063,0,0
114.6117,12.3811,3072,0,0
114.6365,12.3327,3060,0,0
114.6613,12.3126,3055,0,0
114.6861,12.3529,3065,0,0
114.7109,12.3609,3067,0,0
114.7357,12.3811,3072,0,0
114.7605,12.3206,3057,0,0
114.7853,12.3448,3063,0,0
114.8101,12.3448,3063,0,0
114.8349,12.3448,3063,0,0
114.8597,12.3529,3065,0,0
114.8845,12.3287,3059,0,0
114.9093,12.3569,3066,0,0
114.9341,12.3166,3056,0,0
114.9589,12.3811,3072,0,0
114.9837,12.3529,3065,0,0
115.0085,12.3690,3069,0,0
115.0333,12.3690,3069,0,0
115.0581,12.3488,3064,0,0
115.0829,12.3569,3066,0,0
115.1077,12.3569,3066,0,0
115.1325,12.3609,3067,0,0
115.1573,12.3529,3065,0,0
115.1821,12.3811,3072,0,0
115.2069,12.3448,3063,0,0
115.2317,12.2924,3050,0,0
115.2565,12.3529,3065,0,0
115.2813,12.3771,3071,0,0
115.3061,12.3166,3056,0,0
115.3309,12.3166,3056,0,0
115.3557,12.3650,3068,0,0
115.3805,12.3771,3071,0,0
115.4053,12.3206,3057,0,0
115.4301,12.3569,3066,0,0
115.4549,12.3609,3067,0,0
115.4797,12.3851,3073,0,0
115.5045,12.3166,3056,0,0
115.5293,12.3851,3073,0,0
115.5541,12.3529,3065,0,0
115.5789,12.3730,3070,0,0
115.6038,12.3287,3059,0,0
115.6285,12.3488,3064,0,0
115.6534,12.3690,3069,0,0
115.6782,12.3206,3057,0,0
115.7030,12.3730,3070,0,0
115.7278,12.3730,3070,0,0
115.7526,12.3529,3065,0,0
115.7774,12.3488,3064,0,0
115.8022,12.3287,3059,0,0
115.8270,12.3448,3063,0,0
115.8518,12.3771,3071,0,0
115.8766,12.3569,3066,0,0
115.9014,12.3529,3065,0,0
115.9262,12.3730,3070,0,0
115.9510,12.3771,3071,0,0
115.9758,12.3569,3066,0,0
116.0006,12.3690,3069,0,0
116.0254,12.3126,3055,0,0
116.0502,12.3488,3064,0,0
116.0750,12.3529,3065,0,0
116.0998,12.3569,3066,0,0
116.1246,12.3327,3060,0,0
116.1494,12.3488,3064,0,0
116.1742,12.3569,3066,0,0
116.1990,12.3730,3070,0,0
116.2238,12.3166,3056,0,0
116.2486,12.3811,3072,0,0
116.2734,12.3206,3057,0,0
116.2982,12.3287,3059,0,0
116.3230,12.3529,3065,0,0
116.3478,12.3851,3073,0,0
116.3726,12.3206,3057,0,0
116.3974,12.3529,3065,0,0
116.4222,12.3771,3071,0,0
116.4470,12.3166,3056,0,0
116.4718,12.3569,3066,0,0
116.4966,12.3488,3064,0,0
116.5214,12.3488,3064,0,0
116.5462,12.3529,3065,0,0
116.5710,12.3609,3067,0,0
116.5958,12.3529,3065,0,0
116.6206,12.3126,3055,0,0
116.6454,12.3448,3063,0,0
116.6702,12.3529,3065,0,0
116.6951,12.3569,3066,0,0
116.7199,12.3730,3070,0,0
116.7447,12.3488,3064,0,0
116.7695,12.3206,3057,0,0
116.7943,12.3811,3072,0,0
116.8191,12.3609,3067,0,0
116.8439,12.3488,3064,0,0
116.8687,12.3569,3066,0,0
116.8935,12.3771,3071,0,0
116.9183,12.3609,3067,0,0
116.9431,12.3166,3056,0,0
116.9679,12.3529,3065,0,0
116.9927,12.3730,3070,0,0
117.0175,12.3609,3067,0,0
117.0423,12.3851,3073,0,0
117.0671,12.3408,3062,0,0
117.0919,12.3529,3065,0,0
117.1167,12.3085,3054,0,0
117.1415,12.3448,3063,0,0
117.1663,12.3448,3063,0,0
117.1911,12.3569,3066,0,0
117.2159,12.3327,3060,0,0
117.2407,12.3448,3063,0,0
117.2655,12.3892,3074,0,0
117.2903,12.3448,3063,0,0
117.3151,12.3488,3064,0,0
117.3399,12.2844,3048,0,0
117.3647,12.3609,3067,0,0
117.3895,12.3206,3057,0,0
117.4143,12.3811,3072,0,0
117.4391,12.3488,3064,0,0
117.4639,12.3650,3068,0,0
117.4887,12.3206,3057,0,0
117.5135,12.3771,3071,0,0
117.5383,12.3287,3059,0,0
117.5631,12.3650,3068,0,0
117.5879,12.3408,3062,0,0
117.6127,12.3488,3064,0,0
117.6375,12.3488,3064,0,0
117.6623,12.3569,3066,0,0
117.6871,12.3488,3064,0,0
117.7120,12.3488,3064,0,0
117.7367,12.3448,3063,0,0
117.7616,12.3690,3069,0,0
117.7864,12.3569,3066,0,0
117.8112,12.3529,3065,0,0
117.8360,12.3448,3063,0,0
117.8608,12.3851,3073,0,0
117.8856,12.3529,3065,0,0
117.9104,12.3448,3063,0,0
117.9352,12.3609,3067,0,0
117.9600,12.3730,3070,0,0
117.9848,12.3488,3064,0,0
118.0096,12.3529,3065,0,0
118.0344,12.3287,3059,0,0
118.0592,12.3327,3060,0,0
118.0840,12.3892,3074,0,0
118.1088,12.3569,3066,0,0
118.1336,12.3529,3065,0,0
118.1584,12.3609,3067,0,0
118.1832,12.3529,3065,0,0
118.2080,12.3730,3070,0,0
118.2328,12.3327,3060,0,0
118.2576,12.3529,3065,0,0
118.2824,12.3569,3066,0,0
118.3072,12.3771,3071,0,0
118.3320,12.3448,3063,0,0
118.3568,12.3529,3065,0,0
118.3816,12.3247,3058,0,0
118.4064,12.3448,3063,0,0
118.4312,12.3488,3064,0,0
118.4560,12.3287,3059,0,0
118.4808,12.3045,3053,0,0
118.5056,12.3529,3065,0,0
118.5304,12.3126,3055,0,0
118.5552,12.3327,3060,0,0
118.5800,12.3327,3060,0,0
118.6048,12.3892,3074,0,0
118.6296,12.3569,3066,0,0
118.6544,12.3488,3064,0,0
118.6792,12.3327,3060,0,0
118.7040,12.3529,3065,0,0
118.7288,12.3569,3066,0,0
118.7536,12.3488,3064,0,0
118.7785,12.3690,3069,0,0
118.8033,12.3529,3065,0,0
118.8281,12.3488,3064,0,0
118.8529,12.3287,3059,0,0
118.8777,12.3327,3060,0,0
118.9025,12.3488,3064,0,0
118.9273,12.3569,3066,0,0
118.9521,12.3448,3063,0,0
118.9769,12.3327,3060,0,0
119.0017,12.3650,3068,0,0
119.0265,12.3287,3059,0,0
119.0513,12.3488,3064,0,0
119.0761,12.3811,3072,0,0
119.1009,12.3448,3063,0,0
119.1257,12.3529,3065,0,0
119.1505,12.3569,3066,0,0
119.1753,12.3448,3063,0,0
119.2001,12.3730,3070,0,0
119.2249,12.3529,3065,0,0
119.2497,12.3488,3064,0,0
119.2745,12.3206,3057,0,0
119.2993,12.3892,3074,0,0
119.3241,12.3529,3065,0,0
119.3489,12.3771,3071,0,0
119.3737,12.3206,3057,0,0
119.3985,12.3569,3066,0,0
119.4233,12.3811,3072,0,0
119.4481,12.3569,3066,0,0
119.4729,12.3287,3059,0,0
119.4977,12.3488,3064,0,0
119.5225,12.3529,3065,0,0
119.5473,12.3892,3074,0,0
119.5721,12.3327,3060,0,0
119.5969,12.3569,3066,0,0
119.6217,12.3126,3055,0,0
119.6465,12.3488,3064,0,0
119.6713,12.3529,3065,0,0
119.6961,12.3771,3071,0,0
119.7209,12.3771,3071,0,0
119.7457,12.3206,3057,0,0
119.7705,12.3609,3067,0,0
119.7953,12.3569,3066,0,0
119.8201,12.3690,3069,0,0
119.8449,12.3206,3057,0,0
119.8698,12.3488,3064,0,0
119.8946,12.2924,3050,0,0
119.9194,12.3166,3056,0,0
119.9442,12.3529,3065,0,0
119.9690,12.3851,3073,0,0
119.9938,12.3892,3074,0,0
120.0186,12.3448,3063,0,0
120.0434,12.3529,3065,0,0
120.0682,12.3488,3064,0,0
120.0930,12.2803,3047,0,0
120.1178,12.3287,3059,0,0
120.1426,12.3529,3065,0,0
120.1674,12.3771,3071,0,0
120.1922,12.3569,3066,0,0
120.2170,12.3529,3065,0,0
120.2418,12.3327,3060,0,0
120.2666,12.3206,3057,0,0
120.2914,12.3569,3066,0,0
120.3162,12.3488,3064,0,0
120.3410,12.3811,3072,0,0
120.3658,12.3206,3057,0,0
120.3906,12.3166,3056,0,0
120.4154,12.3811,3072,0,0
120.4402,12.3448,3063,0,0
120.4650,12.3166,3056,0,0
120.4898,12.3609,3067,0,0
120.5146,12.3811,3072,0,0
120.5394,12.4012,3077,0,0
120.5642,12.3529,3065,0,0
120.5890,12.3690,3069,0,0
120.6138,12.3529,3065,0,0
120.6386,12.3690,3069,0,0
120.6634,12.3327,3060,0,0
120.6882,12.3529,3065,0,0
120.7130,12.3206,3057,0,0
120.7378,12.3206,3057,0,0
120.7626,12.3529,3065,0,0
120.7874,12.3287,3059,0,0
120.8122,12.3609,3067,0,0
120.8370,12.3448,3063,0,0
120.8618,12.3206,3057,0,0
120.8867,12.3529,3065,0,0
120.9115,12.3609,3067,0,0
120.9363,12.3488,3064,0,0
120.9611,12.3327,3060,0,0
120.9859,12.3448,3063,0,0
121.0107,12.3327,3060,0,0
121.0355,12.3609,3067,0,0
121.0603,12.3206,3057,0,0
121.0851,12.3287,3059,0,0
121.1099,12.3609,3067,0,0
121.1347,12.3529,3065,0,0
121.1595,12.3126,3055,0,0
121.1843,12.3488,3064,0,0
121.2091,12.3529,3065,0,0
121.2339,12.3166,3056,0,0
121.2587,12.2844,3048,0,0
121.2835,12.3488,3064,0,0
121.3083,12.3730,3070,0,0
121.3331,12.3206,3057,0,0
121.3579,12.3690,3069,0,0
121.3827,12.3650,3068,0,0
121.4075,12.3206,3057,0,0
121.4323,12.3327,3060,0,0
121.4571,12.3730,3070,0,0
121.4819,12.3529,3065,0,0
121.5067,12.3488,3064,0,0
121.5315,12.3730,3070,0,0
121.5563,12.3488,3064,0,0
121.5811,12.3287,3059,0,0
121.6059,12.3811,3072,0,0
121.6307,12.3287,3059,0,0
121.6555,12.3488,3064,0,0
121.6803,12.3488,3064,0,0
121.7051,12.3609,3067,0,0
121.7299,12.3529,3065,0,0
121.7547,12.3287,3059,0,0
121.7795,12.3529,3065,0,0
121.8043,12.3730,3070,0,0
121.8291,12.3488,3064,0,0
121.8539,12.3488,3064,0,0
121.8787,12.3287,3059,0,0
121.9035,12.3771,3071,0,0
121.9283,12.3488,3064,0,0
121.9531,12.3569,3066,0,0
121.9780,12.3247,3058,0,0
122.0028,12.3529,3065,0,0
122.0276,12.3690,3069,0,0
122.0524,12.3569,3066,0,0
122.0772,12.3529,3065,0,0
122.1020,12.3488,3064,0,0
122.1268,12.3327,3060,0,0
122.1516,12.3569,3066,0,0
122.1764,12.3811,3072,0,0
122.2012,12.3327,3060,0,0
122.2260,12.3488,3064,0,0
122.2508,12.3690,3069,0,0
122.2756,12.3488,3064,0,0
122.3004,12.3529,3065,0,0
122.3252,12.3206,3057,0,0
122.3500,12.3488,3064,0,0
122.3748,12.3690,3069,0,0
122.3996,12.3488,3064,0,0
122.4244,12.3287,3059,0,0
122.4492,12.3206,3057,0,0
122.4740,12.3730,3070,0,0
122.4988,12.3609,3067,0,0
122.5236,12.3085,3054,0,0
122.5484,12.3126,3055,0,0
122.5732,12.3488,3064,0,0
122.5980,12.3771,3071,0,0
122.6228,12.3488,3064,0,0
122.6476,12.3488,3064,0,0
122.6724,12.4053,3078,0,0
122.6972,12.3932,3075,0,0
122.7220,12.3206,3057,0,0
122.7468,12.3771,3071,0,0
122.7716,12.3650,3068,0,0
122.7964,12.3166,3056,0,0
122.8212,12.3690,3069,0,0
122.8460,12.3569,3066,0,0
122.8708,12.3206,3057,0,0
122.8956,12.3488,3064,0,0
122.9204,12.3811,3072,0,0
122.9452,12.3569,3066,0,0
122.9700,12.3206,3057,0,0
122.9949,12.3529,3065,0,0
123.0197,12.3529,3065,0,0
123.0445,12.3730,3070,0,0
123.0693,12.3771,3071,0,0
123.0941,12.3529,3065,0,0
123.1189,12.3690,3069,0,0
123.1437,12.3488,3064,0,0
123.1685,12.3529,3065,0,0
123.1933,12.3811,3072,0,0
123.2181,12.3851,3073,0,0
123.2429,12.3126,3055,0,0
123.2677,12.3488,3064,0,0
123.2925,12.3206,3057,0,0
123.3173,12.3609,3067,0,0
123.3421,12.3287,3059,0,0
123.3669,12.3327,3060,0,0
123.3917,12.3448,3063,0,0
123.4165,12.3206,3057,0,0
123.4413,12.3529,3065,0,0
123.4661,12.3771,3071,0,0
123.4909,12.3529,3065,0,0
123.5157,12.3247,3058,0,0
123.5405,12.3166,3056,0,0
123.5653,12.3730,3070,0,0
123.5901,12.3730,3070,0,0
123.6149,12.3287,3059,0,0
123.6397,12.3609,3067,0,0
123.6645,12.3206,3057,0,0
123.6893,12.3690,3069,0,0
123.7141,12.3085,3054,0,0
123.7389,12.3206,3057,0,0
123.7637,12.3206,3057,0,0
123.7885,12.3206,3057,0,0
123.8133,12.3529,3065,0,0
123.8381,12.3488,3064,0,0
123.8629,12.3206,3057,0,0
123.8877,12.3650,3068,0,0
123.9125,12.3851,3073,0,0
123.9373,12.2924,3050,0,0
123.9621,12.3126,3055,0,0
123.9869,12.3488,3064,0,0
124.0117,12.4012,3077,0,0
124.0365,12.3166,3056,0,0
124.0613,12.3287,3059,0,0
124.0862,12.3569,3066,0,0
124.1110,12.3771,3071,0,0
124.1358,12.3126,3055,0,0
124.1606,12.3126,3055,0,0
124.1854,12.3851,3073,0,0
124.2102,12.3488,3064,0,0
124.2350,12.3206,3057,0,0
124.2598,12.3730,3070,0,0
124.2846,12.3488,3064,0,0
124.3094,12.3529,3065,0,0
124.3342,12.3690,3069,0,0
124.3590,12.3529,3065,0,0
124.3838,12.3085,3054,0,0
124.4086,12.3327,3060,0,0
124.4334,12.3488,3064,0,0
124.4582,12.3609,3067,0,0
124.4830,12.3730,3070,0,0
124.5078,12.3085,3054,0,0
124.5326,12.3488,3064,0,0
124.5574,12.3609,3067,0,0
124.5822,12.3609,3067,0,0
124.6070,12.3408,3062,0,0
124.6318,12.3488,3064,0,0
124.6566,12.3247,3058,0,0
124.6814,12.3166,3056,0,0
124.7062,12.3287,3059,0,0
124.7310,12.3529,3065,0,0
124.7558,12.3609,3067,0,0
124.7806,12.3287,3059,0,0
124.8054,12.3287,3059,0,0
124.8302,12.3892,3074,0,0
124.8550,12.3569,3066,0,0
124.8798,12.3690,3069,0,0
124.9046,12.3448,3063,0,0
124.9294,12.3488,3064,0,0
124.9542,12.3488,3064,0,0
124.9790,12.3609,3067,0,0
125.0038,12.3287,3059,0,0
125.0286,12.3206,3057,0,0
125.0534,12.3287,3059,0,0
125.0782,12.3327,3060,0,0
125.1031,12.3287,3059,0,0
125.1279,12.3690,3069,0,0
125.1527,12.3811,3072,0,0
125.1775,12.3448,3063,0,0
125.2023,12.3569,3066,0,0
125.2271,12.3529,3065,0,0
125.2519,12.3690,3069,0,0
125.2767,12.3730,3070,0,0
125.3015,12.3609,3067,0,0
125.3263,12.3892,3074,0,0
125.3511,12.3166,3056,0,0
125.3759,12.3811,3072,0,0
125.4007,12.3811,3072,0,0
125.4255,12.3529,3065,0,0
125.4503,12.3529,3065,0,0
125.4751,12.3166,3056,0,0
125.4999,12.3569,3066,0,0
125.5247,12.3488,3064,0,0
125.5495,12.3126,3055,0,0
125.5743,12.3730,3070,0,0
125.5991,12.3690,3069,0,0
125.6239,12.3448,3063,0,0
125.6487,12.3488,3064,0,0
125.6735,12.3085,3054,0,0
125.6983,12.3488,3064,0,0
125.7231,12.3488,3064,0,0
125.7479,12.3327,3060,0,0
125.7727,12.3569,3066,0,0
125.7975,12.3609,3067,0,0
125.8223,12.3690,3069,0,0
125.8471,12.3005,3052,0,0
125.8719,12.3126,3055,0,0
125.8967,12.3327,3060,0,0
125.9215,12.3287,3059,0,0
125.9463,12.3488,3064,0,0
125.9711,12.3287,3059,0,0
125.9959,12.3569,3066,0,0
126.0207,12.3206,3057,0,0
126.0455,12.3166,3056,0,0
126.0703,12.3488,3064,0,0
126.0951,12.3166,3056,0,0
126.1199,12.3206,3057,0,0
126.1447,12.3327,3060,0,0
126.1695,12.3811,3072,0,0
126.1944,12.3609,3067,0,0
126.2192,12.3287,3059,0,0
126.2440,12.3730,3070,0,0
126.2688,12.3166,3056,0,0
126.2936,12.3327,3060,0,0
126.3184,12.3327,3060,0,0
126.3432,12.3529,3065,0,0
126.3680,12.3730,3070,0,0
126.3928,12.3569,3066,0,0
126.4176,12.3529,3065,0,0
126.4424,12.3811,3072,0,0
126.4672,12.3287,3059,0,0
126.4920,12.3771,3071,0,0
126.5168,12.3609,3067,0,0
126.5416,12.3771,3071,0,0
126.5664,12.3206,3057,0,0
126.5912,12.3529,3065,0,0
126.6160,12.3730,3070,0,0
126.6408,12.3166,3056,0,0
126.6656,12.3529,3065,0,0
126.6904,12.3287,3059,0,0
126.7152,12.3529,3065,0,0
126.7400,12.3529,3065,0,0
126.7648,12.3287,3059,0,0
126.7896,12.3448,3063,0,0
126.8144,12.3488,3064,0,0
126.8392,12.3206,3057,0,0
126.8640,12.3811,3072,0,0
126.8888,12.3005,3052,0,0
126.9136,12.3771,3071,0,0
126.9384,12.3529,3065,0,0
126.9632,12.3206,3057,0,0
126.9880,12.3771,3071,0,0
127.0128,12.3609,3067,0,0
127.0376,12.3690,3069,0,0
127.0624,12.3529,3065,0,0
127.0872,12.3771,3071,0,0
127.1120,12.3206,3057,0,0
127.1368,12.3448,3063,0,0
127.1616,12.2965,3051,0,0
127.1864,12.3892,3074,0,0
127.2113,12.3448,3063,0,0
127.2361,12.3569,3066,0,0
127.2608,12.3166,3056,0,0
127.2857,12.3569,3066,0,0
127.3105,12.3609,3067,0,0
127.3353,12.3851,3073,0,0
127.3601,12.3206,3057,0,0
127.3849,12.3166,3056,0,0
127.4097,12.3730,3070,0,0
127.4345,12.3166,3056,0,0
127.4593,12.3448,3063,0,0
127.4841,12.3771,3071,0,0
127.5089,12.3166,3056,0,0
127.5337,12.3206,3057,0,0
127.5585,12.3488,3064,0,0
127.5833,12.3529,3065,0,0
127.6081,12.3206,3057,0,0
127.6329,12.3569,3066,0,0
127.6577,12.3488,3064,0,0
127.6825,12.3327,3060,0,0
127.7073,12.3206,3057,0,0
127.7321,12.3569,3066,0,0
127.7569,12.3529,3065,0,0
127.7817,12.3488,3064,0,0
127.8065,12.3488,3064,0,0
127.8313,12.3126,3055,0,0
127.8561,12.3529,3065,0,0
127.8809,12.3327,3060,0,0
127.9057,12.3206,3057,0,0
127.9305,12.3730,3070,0,0
127.9553,12.3851,3073,0,0
127.9801,12.3085,3054,0,0
128.0049,12.3529,3065,0,0
128.0297,12.3569,3066,0,0
128.0545,12.3529,3065,0,0
128.0793,12.3287,3059,0,0
128.1041,12.3287,3059,0,0
128.1289,12.3569,3066,0,0
128.1537,12.3448,3063,0,0
128.1785,12.3529,3065,0,0
128.2033,12.3569,3066,0,0
128.2281,12.3488,3064,0,0
128.2529,12.3206,3057,0,0
128.2778,12.3730,3070,0,0
128.3026,12.3569,3066,0,0
128.3273,12.3529,3065,0,0
128.3522,12.3609,3067,0,0
128.3770,12.3488,3064,0,0
128.4018,12.3569,3066,0,0
128.4266,12.3529,3065,0,0
128.4514,12.3327,3060,0,0
128.4762,12.3771,3071,0,0
128.5010,12.3488,3064,0,0
128.5258,12.3126,3055,0,0
128.5506,12.3287,3059,0,0
128.5754,12.3569,3066,0,0
128.6002,12.3609,3067,0,0
128.6250,12.3892,3074,0,0
128.6498,12.3529,3065,0,0
128.6746,12.3690,3069,0,0
128.6994,12.3085,3054,0,0
128.7242,12.3166,3056,0,0
128.7490,12.3529,3065,0,0
128.7738,12.3529,3065,0,0
128.7986,12.3569,3066,0,0
128.8234,12.3771,3071,0,0
128.8482,12.3247,3058,0,0
128.8730,12.3488,3064,0,0
128.8978,12.4053,3078,0,0
128.9226,12.3448,3063,0,0
128.9474,12.3206,3057,0,0
128.9722,12.3166,3056,0,0
128.9970,12.3085,3054,0,0
129.0218,12.3690,3069,0,0
129.0466,12.2844,3048,0,0
129.0714,12.3569,3066,0,0
129.0962,12.3690,3069,0,0
129.1210,12.2924,3050,0,0
129.1458,12.3206,3057,0,0
129.1706,12.3529,3065,0,0
129.1954,12.3206,3057,0,0
129.2202,12.3206,3057,0,0
129.2450,12.3609,3067,0,0
129.2698,12.3488,3064,0,0
129.2946,12.3206,3057,0,0
129.3194,12.3730,3070,0,0
129.3443,12.3811,3072,0,0
129.3690,12.3529,3065,0,0
129.3939,12.3327,3060,0,0
129.4187,12.3287,3059,0,0
129.4435,12.3287,3059,0,0
129.4683,12.3287,3059,0,0
129.4931,12.3206,3057,0,0
129.5179,12.3448,3063,0,0
129.5427,12.3771,3071,0,0
129.5675,12.3206,3057,0,0
129.5923,12.3811,3072,0,0
129.6171,12.2924,3050,0,0
129.6419,12.3448,3063,0,0
129.6667,12.3569,3066,0,0
129.6915,12.3166,3056,0,0
129.7163,12.3085,3054,0,0
129.7411,12.3327,3060,0,0
129.7659,12.3085,3054,0,0
129.7907,12.3166,3056,0,0
129.8155,12.3690,3069,0,0
129.8403,12.3529,3065,0,0
129.8651,12.3448,3063,0,0
129.8899,12.3529,3065,0,0
129.9147,12.3609,3067,0,0
129.9395,12.3529,3065,0,0
129.9643,12.3488,3064,0,0
129.9891,12.3932,3075,0,0
130.0139,12.3166,3056,0,0
130.0387,12.3488,3064,0,0
130.0635,12.3529,3065,0,0
130.0883,12.3529,3065,0,0
130.1131,12.3287,3059,0,0
130.1379,12.3488,3064,0,0
130.1627,12.3609,3067,0,0
130.1875,12.3287,3059,0,0
130.2123,12.3609,3067,0,0
130.2371,12.3206,3057,0,0
130.2619,12.3529,3065,0,0
130.2867,12.3287,3059,0,0
130.3115,12.3247,3058,0,0
130.3363,12.3811,3072,0,0
130.3611,12.2844,3048,0,0
130.3860,12.3287,3059,0,0
130.4108,12.3690,3069,0,0
130.4355,12.3529,3065,0,0
130.4604,12.3529,3065,0,0
130.4852,12.3045,3053,0,0
130.5100,12.3287,3059,0,0
130.5348,12.3529,3065,0,0
130.5596,12.3206,3057,0,0
130.5844,12.3327,3060,0,0
130.6092,12.3972,3076,0,0
130.6340,12.3206,3057,0,0
130.6588,12.3408,3062,0,0
130.6836,12.3287,3059,0,0
130.7084,12.3488,3064,0,0
130.7332,12.3529,3065,0,0
130.7580,12.3569,3066,0,0
130.7828,12.3529,3065,0,0
130.8076,12.3126,3055,0,0
130.8324,12.3126,3055,0,0
130.8572,12.3126,3055,0,0
130.8820,12.3488,3064,0,0
130.9068,12.3569,3066,0,0
130.9316,12.3408,3062,0,0
130.9564,12.3851,3073,0,0
130.9812,12.3569,3066,0,0
131.0060,12.2965,3051,0,0
131.0308,12.3529,3065,0,0
131.0556,12.3529,3065,0,0
131.0804,12.3287,3059,0,0
131.1052,12.3529,3065,0,0
131.1300,12.3851,3073,0,0
131.1548,12.3287,3059,0,0
131.1796,12.3730,3070,0,0
131.2044,12.3851,3073,0,0
131.2292,12.3569,3066,0,0
131.2540,12.3609,3067,0,0
131.2788,12.3488,3064,0,0
131.3036,12.3529,3065,0,0
131.3284,12.3448,3063,0,0
131.3532,12.3609,3067,0,0
131.3780,12.3609,3067,0,0
131.4028,12.3166,3056,0,0
131.4276,12.3327,3060,0,0
131.4525,12.3287,3059,0,0
131.4772,12.3005,3052,0,0
131.5021,12.3206,3057,0,0
131.5269,12.3126,3055,0,0
131.5517,12.3529,3065,0,0
131.5765,12.3166,3056,0,0
131.6013,12.3287,3059,0,0
131.6261,12.3327,3060,0,0
131.6509,12.3529,3065,0,0
131.6757,12.3569,3066,0,0
131.7005,12.3730,3070,0,0
131.7253,12.3206,3057,0,0
131.7501,12.3569,3066,0,0
131.7749,12.3811,3072,0,0
131.7997,12.3126,3055,0,0
131.8245,12.3126,3055,0,0
131.8493,12.3448,3063,0,0
131.8741,12.3126,3055,0,0
131.8989,12.3287,3059,0,0
131.9237,12.3166,3056,0,0
131.9485,12.3488,3064,0,0
131.9733,12.3771,3071,0,0
131.9981,12.3529,3065,0,0
132.0229,12.3488,3064,0,0
132.0477,12.3730,3070,0,0
132.0725,12.3206,3057,0,0
132.0973,12.3488,3064,0,0
132.1221,12.3488,3064,0,0
132.1469,12.3166,3056,0,0
132.1717,12.3690,3069,0,0
132.1965,12.3771,3071,0,0
132.2213,12.3488,3064,0,0
132.2461,12.3569,3066,0,0
132.2709,12.3529,3065,0,0
132.2957,12.3771,3071,0,0
132.3205,12.3609,3067,0,0
132.3453,12.3126,3055,0,0
132.3701,12.3609,3067,0,0
132.3949,12.3609,3067,0,0
132.4197,12.3569,3066,0,0
132.4445,12.3569,3066,0,0
132.4693,12.3287,3059,0,0
132.4942,12.3448,3063,0,0
132.5190,12.3287,3059,0,0
132.5437,12.3771,3071,0,0
132.5686,12.3811,3072,0,0
132.5934,12.3085,3054,0,0
132.6182,12.3166,3056,0,0
132.6430,12.3085,3054,0,0
132.6678,12.3529,3065,0,0
132.6926,12.3529,3065,0,0
132.7174,12.3529,3065,0,0
132.7422,12.3488,3064,0,0
132.7670,12.3730,3070,0,0
132.7918,12.3287,3059,0,0
132.8166,12.3488,3064,0,0
132.8414,12.3609,3067,0,0
132.8662,12.3892,3074,0,0
132.8910,12.3730,3070,0,0
132.9158,12.3488,3064,0,0
132.9406,12.3287,3059,0,0
132.9654,12.3609,3067,0,0
132.9902,12.3206,3057,0,0
133.0150,12.3609,3067,0,0
133.0398,12.3166,3056,0,0
133.0646,12.3488,3064,0,0
133.0894,12.3609,3067,0,0
133.1142,12.3529,3065,0,0
133.1390,12.3166,3056,0,0
133.1638,12.3206,3057,0,0
133.1886,12.3529,3065,0,0
133.2134,12.3287,3059,0,0
133.2382,12.3166,3056,0,0
133.2630,12.3488,3064,0,0
133.2878,12.3569,3066,0,0
133.3126,12.3488,3064,0,0
133.3374,12.3488,3064,0,0
133.3622,12.3569,3066,0,0
133.3870,12.3287,3059,0,0
133.4118,12.3771,3071,0,0
133.4366,12.3287,3059,0,0
133.4614,12.3529,3065,0,0
133.4862,12.3247,3058,0,0
133.5110,12.3488,3064,0,0
133.5358,12.3448,3063,0,0
133.5607,12.3085,3054,0,0
133.5854,12.3690,3069,0,0
133.6103,12.3448,3063,0,0
133.6351,12.3529,3065,0,0
133.6599,12.3206,3057,0,0
133.6847,12.3771,3071,0,0
133.7095,12.3529,3065,0,0
133.7343,12.2844,3048,0,0
133.7591,12.3771,3071,0,0
133.7839,12.3287,3059,0,0
133.8087,12.3488,3064,0,0
133.8335,12.3529,3065,0,0
133.8583,12.3085,3054,0,0
133.8831,12.3206,3057,0,0
133.9079,12.3327,3060,0,0
133.9327,12.3206,3057,0,0
133.9575,12.3529,3065,0,0
133.9823,12.3529,3065,0,0
134.0071,12.3488,3064,0,0
134.0319,12.3085,3054,0,0
134.0567,12.3327,3060,0,0
134.0815,12.3609,3067,0,0
134.1063,12.3085,3054,0,0
134.1311,12.3609,3067,0,0
134.1559,12.3488,3064,0,0
134.1807,12.3569,3066,0,0
134.2055,12.3327,3060,0,0
134.2303,12.3771,3071,0,0
134.2551,12.3488,3064,0,0
134.2799,12.3650,3068,0,0
134.3047,12.3206,3057,0,0
134.3295,12.3569,3066,0,0
134.3543,12.3529,3065,0,0
134.3791,12.3287,3059,0,0
134.4039,12.3529,3065,0,0
134.4287,12.3690,3069,0,0
134.4535,12.3609,3067,0,0
134.4783,12.3166,3056,0,0
134.5031,12.3771,3071,0,0
134.5279,12.3569,3066,0,0
134.5527,12.3488,3064,0,0
134.5775,12.3206,3057,0,0
134.6023,12.3488,3064,0,0
134.6272,12.3126,3055,0,0
134.6519,12.3287,3059,0,0
134.6768,12.3609,3067,0,0
134.7016,12.3488,3064,0,0
134.7264,12.3448,3063,0,0
134.7512,12.3327,3060,0,0
134.7760,12.3206,3057,0,0
134.8008,12.3247,3058,0,0
134.8256,12.3206,3057,0,0
134.8504,12.3488,3064,0,0
134.8752,12.3569,3066,0,0
134.9000,12.2803,3047,0,0
134.9248,12.3085,3054,0,0
134.9496,12.3206,3057,0,0
134.9744,12.3287,3059,0,0
134.9992,12.3126,3055,0,0
135.0240,12.3569,3066,0,0
135.0488,12.3690,3069,0,0
135.0736,12.3287,3059,0,0
135.0984,12.3166,3056,0,0
135.1232,12.3529,3065,0,0
135.1480,12.3166,3056,0,0
135.1728,12.3166,3056,0,0
135.1976,12.3529,3065,0,0
135.2224,12.3730,3070,0,0
135.2472,12.3690,3069,0,0
135.2720,12.3247,3058,0,0
135.2968,12.3529,3065,0,0
135.3216,12.3247,3058,0,0
135.3464,12.3206,3057,0,0
135.3712,12.3287,3059,0,0
135.3960,12.3247,3058,0,0
135.4208,12.2844,3048,0,0
135.4456,12.3287,3059,0,0
135.4704,12.2924,3050,0,0
135.4952,12.3085,3054,0,0
135.5200,12.3126,3055,0,0
135.5448,12.3730,3070,0,0
135.5696,12.3448,3063,0,0
135.5944,12.3529,3065,0,0
135.6192,12.3529,3065,0,0
135.6440,12.3327,3060,0,0
135.6689,12.3166,3056,0,0
135.6936,12.3206,3057,0,0
135.7185,12.3166,3056,0,0
135.7433,12.3287,3059,0,0
135.7681,12.3287,3059,0,0
135.7929,12.2602,3042,0,0
135.8177,12.3851,3073,0,0
135.8425,12.3448,3063,0,0
135.8673,12.3287,3059,0,0
135.8921,12.3851,3073,0,0
135.9169,12.3851,3073,0,0
135.9417,12.3730,3070,0,0
135.9665,12.3327,3060,0,0
135.9913,12.3932,3075,0,0
136.0161,12.3287,3059,0,0
136.0409,12.3126,3055,0,0
136.0657,12.3569,3066,0,0
136.0905,12.3609,3067,0,0
136.1153,12.2924,3050,0,0
136.1401,12.3206,3057,0,0
136.1649,12.3287,3059,0,0
136.1897,12.3529,3065,0,0
136.2145,12.3488,3064,0,0
136.2393,12.3005,3052,0,0
136.2641,12.3529,3065,0,0
136.2889,12.3166,3056,0,0
136.3137,12.3448,3063,0,0
136.3385,12.3488,3064,0,0
136.3633,12.3771,3071,0,0
136.3881,12.3287,3059,0,0
136.4129,12.3609,3067,0,0
136.4377,12.3327,3060,0,0
136.4625,12.3650,3068,0,0
136.4873,12.3166,3056,0,0
136.5121,12.3206,3057,0,0
136.5369,12.4053,3078,0,0
136.5617,12.3247,3058,0,0
136.5865,12.3488,3064,0,0
136.6113,12.3448,3063,0,0
136.6361,12.3488,3064,0,0
136.6609,12.3529,3065,0,0
136.6857,12.3529,3065,0,0
136.7105,12.3690,3069,0,0
136.7354,12.3327,3060,0,0
136.7601,12.3327,3060,0,0
136.7850,12.3771,3071,0,0
136.8098,12.3206,3057,0,0
136.8346,12.3206,3057,0,0
136.8594,12.3488,3064,0,0
136.8842,12.3488,3064,0,0
136.9090,12.3488,3064,0,0
136.9338,12.3287,3059,0,0
136.9586,12.3529,3065,0,0
136.9834,12.3206,3057,0,0
137.0082,12.3569,3066,0,0
137.0330,12.3287,3059,0,0
137.0578,12.3327,3060,0,0
137.0826,12.3529,3065,0,0
137.1074,12.3287,3059,0,0
137.1322,12.3247,3058,0,0
137.1570,12.3488,3064,0,0
137.1818,12.3206,3057,0,0
137.2066,12.3327,3060,0,0
137.2314,12.2844,3048,0,0
137.2562,12.3609,3067,0,0
137.2810,12.3569,3066,0,0
137.3058,12.3488,3064,0,0
137.3306,12.3569,3066,0,0
137.3554,12.3287,3059,0,0
137.3802,12.3287,3059,0,0
137.4050,12.2844,3048,0,0
137.4298,12.3206,3057,0,0
137.4546,12.3408,3062,0,0
137.4794,12.3488,3064,0,0
137.5042,12.3771,3071,0,0
137.5290,12.3206,3057,0,0
137.5538,12.3488,3064,0,0
137.5786,12.3609,3067,0,0
137.6034,12.2844,3048,0,0
137.6282,12.3448,3063,0,0
137.6530,12.3327,3060,0,0
137.6778,12.3166,3056,0,0
137.7026,12.3488,3064,0,0
137.7274,12.3690,3069,0,0
137.7522,12.3569,3066,0,0
137.7771,12.3730,3070,0,0
137.8018,12.3529,3065,0,0
137.8267,12.3609,3067,0,0
137.8515,12.3448,3063,0,0
137.8763,12.3045,3053,0,0
137.9011,12.2844,3048,0,0
137.9259,12.3247,3058,0,0
137.9507,12.3771,3071,0,0
137.9755,12.3569,3066,0,0
138.0003,12.3488,3064,0,0
138.0251,12.3206,3057,0,0
138.0499,12.3529,3065,0,0
138.0747,12.3569,3066,0,0
138.0995,12.3771,3071,0,0
138.1243,12.3206,3057,0,0
138.1491,12.3488,3064,0,0
138.1739,12.3488,3064,0,0
138.1987,12.3287,3059,0,0
138.2235,12.3085,3054,0,0
138.2483,12.4093,3079,0,0
138.2731,12.3529,3065,0,0
138.2979,12.3488,3064,0,0
138.3227,12.3448,3063,0,0
138.3475,12.2965,3051,0,0
138.3723,12.3488,3064,0,0
138.3971,12.3488,3064,0,0
138.4219,12.3892,3074,0,0
138.4467,12.3488,3064,0,0
138.4715,12.3529,3065,0,0
138.4963,12.3166,3056,0,0
138.5211,12.3488,3064,0,0
138.5459,12.3206,3057,0,0
138.5707,12.3488,3064,0,0
138.5955,12.3166,3056,0,0
138.6203,12.3569,3066,0,0
138.6451,12.3488,3064,0,0
138.6699,12.3569,3066,0,0
138.6947,12.3206,3057,0,0
138.7195,12.3126,3055,0,0
138.7443,12.3569,3066,0,0
138.7691,12.3206,3057,0,0
138.7939,12.3166,3056,0,0
138.8187,12.3569,3066,0,0
138.8436,12.3206,3057,0,0
138.8683,12.3287,3059,0,0
138.8932,12.3811,3072,0,0
138.9180,12.3448,3063,0,0
138.9428,12.3287,3059,0,0
138.9676,12.3609,3067,0,0
138.9924,12.3247,3058,0,0
139.0172,12.2924,3050,0,0
139.0420,12.3126,3055,0,0
139.0668,12.3488,3064,0,0
139.0916,12.3811,3072,0,0
139.1164,12.3206,3057,0,0
139.1412,12.2965,3051,0,0
139.1660,12.3488,3064,0,0
139.1908,12.3650,3068,0,0
139.2156,12.3569,3066,0,0
139.2404,12.3569,3066,0,0
139.2652,12.3569,3066,0,0
139.2900,12.3569,3066,0,0
139.3148,12.3448,3063,0,0
139.3396,12.3771,3071,0,0
139.3644,12.3609,3067,0,0
139.3892,12.3287,3059,0,0
139.4140,12.3569,3066,0,0
139.4388,12.3287,3059,0,0
139.4636,12.3771,3071,0,0
139.4884,12.3569,3066,0,0
139.5132,12.3166,3056,0,0
139.5380,12.3811,3072,0,0
139.5628,12.3569,3066,0,0
139.5876,12.3529,3065,0,0
139.6124,12.3085,3054,0,0
139.6372,12.3529,3065,0,0
139.6620,12.3287,3059,0,0
139.6868,12.3206,3057,0,0
139.7116,12.3085,3054,0,0
139.7364,12.3408,3062,0,0
139.7612,12.3488,3064,0,0
139.7860,12.3005,3052,0,0
139.8108,12.3609,3067,0,0
139.8356,12.3569,3066,0,0
139.8604,12.3529,3065,0,0
139.8853,12.3287,3059,0,0
139.9100,12.3327,3060,0,0
139.9349,12.3126,3055,0,0
139.9597,12.3771,3071,0,0
139.9845,12.3529,3065,0,0
140.0093,12.3206,3057,0,0
140.0341,12.3488,3064,0,0
140.0589,12.3206,3057,0,0
140.0837,12.3529,3065,0,0
140.1085,12.3569,3066,0,0
140.1333,12.3529,3065,0,0
140.1581,12.3448,3063,0,0
140.1829,12.3851,3073,0,0
140.2077,12.3569,3066,0,0
140.2325,12.3085,3054,0,0
140.2573,12.3206,3057,0,0
140.2821,12.2844,3048,0,0
140.3069,12.3287,3059,0,0
140.3317,12.3609,3067,0,0
140.3565,12.3166,3056,0,0
140.3813,12.3287,3059,0,0
140.4061,12.3690,3069,0,0
140.4309,12.3327,3060,0,0
140.4557,12.3166,3056,0,0
140.4805,12.3529,3065,0,0
140.5053,12.3488,3064,0,0
140.5301,12.3529,3065,0,0
140.5549,12.3488,3064,0,0
140.5797,12.3771,3071,0,0
140.6045,12.3166,3056,0,0
140.6293,12.3488,3064,0,0
140.6541,12.3085,3054,0,0
140.6789,12.3166,3056,0,0
140.7037,12.3488,3064,0,0
140.7285,12.3488,3064,0,0
140.7533,12.3529,3065,0,0
140.7781,12.3529,3065,0,0
140.8029,12.3569,3066,0,0
140.8277,12.3206,3057,0,0
140.8525,12.3569,3066,0,0
140.8773,12.3448,3063,0,0
140.9021,12.3247,3058,0,0
140.9269,12.3327,3060,0,0
140.9518,12.3529,3065,0,0
140.9765,12.3932,3075,0,0
141.0014,12.3690,3069,0,0
141.0262,12.3488,3064,0,0
141.0510,12.3408,3062,0,0
141.0758,12.3488,3064,0,0
141.1006,12.2924,3050,0,0
141.1254,12.3529,3065,0,0
141.1502,12.3569,3066,0,0
141.1750,12.3287,3059,0,0
141.1998,12.3609,3067,0,0
141.2246,12.3327,3060,0,0
141.2494,12.3287,3059,0,0
141.2742,12.3327,3060,0,0
141.2990,12.3529,3065,0,0
141.3238,12.3206,3057,0,0
141.3486,12.3529,3065,0,0
141.3734,12.3488,3064,0,0
141.3982,12.3166,3056,0,0
141.4230,12.3126,3055,0,0
141.4478,12.3529,3065,0,0
141.4726,12.3327,3060,0,0
141.4974,12.3488,3064,0,0
141.5222,12.3206,3057,0,0
141.5470,12.3529,3065,0,0
141.5718,12.3166,3056,0,0
141.5966,12.3126,3055,0,0
141.6214,12.3488,3064,0,0
141.6462,12.3609,3067,0,0
141.6710,12.3609,3067,0,0
141.6958,12.3206,3057,0,0
141.7206,12.3287,3059,0,0
141.7454,12.3206,3057,0,0
141.7702,12.3529,3065,0,0
141.7950,12.3085,3054,0,0
141.8198,12.3529,3065,0,0
141.8446,12.3609,3067,0,0
141.8694,12.3730,3070,0,0
141.8942,12.3488,3064,0,0
141.9190,12.3609,3067,0,0
141.9438,12.3327,3060,0,0
141.9686,12.3126,3055,0,0
141.9935,12.3609,3067,0,0
142.0182,12.3609,3067,0,0
142.0431,12.3488,3064,0,0
142.0679,12.3287,3059,0,0
142.0927,12.3085,3054,0,0
142.1175,12.3448,3063,0,0
142.1423,12.3206,3057,0,0
142.1671,12.3569,3066,0,0
142.1919,12.3287,3059,0,0
142.2167,12.3327,3060,0,0
142.2415,12.3206,3057,0,0
142.2663,12.3126,3055,0,0
142.2911,12.3287,3059,0,0
142.3159,12.3327,3060,0,0
142.3407,12.3529,3065,0,0
142.3655,12.3771,3071,0,0
142.3903,12.3529,3065,0,0
142.4151,12.3851,3073,0,0
142.4399,12.3327,3060,0,0
142.4647,12.3126,3055,0,0
142.4895,12.3327,3060,0,0
142.5143,12.3730,3070,0,0
142.5391,12.3085,3054,0,0
142.5639,12.3206,3057,0,0
142.5887,12.3771,3071,0,0
142.6135,12.3408,3062,0,0
142.6383,12.3730,3070,0,0
142.6631,12.3206,3057,0,0
142.6879,12.3287,3059,0,0
142.7127,12.3448,3063,0,0
142.7375,12.3488,3064,0,0
142.7623,12.3448,3063,0,0
142.7871,12.3085,3054,0,0
142.8119,12.3126,3055,0,0
142.8367,12.3529,3065,0,0
142.8615,12.3247,3058,0,0
142.8863,12.3166,3056,0,0
142.9111,12.3488,3064,0,0
142.9359,12.3166,3056,0,0
142.9607,12.3609,3067,0,0
142.9855,12.3488,3064,0,0
143.0103,12.3408,3062,0,0
143.0351,12.3488,3064,0,0
143.0600,12.3771,3071,0,0
143.0847,12.3085,3054,0,0
143.1096,12.3569,3066,0,0
143.1344,12.3569,3066,0,0
143.1592,12.3166,3056,0,0
143.1840,12.3529,3065,0,0
143.2088,12.3126,3055,0,0
143.2336,12.3529,3065,0,0
143.2584,12.3609,3067,0,0
143.2832,12.3448,3063,0,0
143.3080,12.2924,3050,0,0
143.3328,12.3206,3057,0,0
143.3576,12.3650,3068,0,0
143.3824,12.3206,3057,0,0
143.4072,12.3126,3055,0,0
143.4320,12.3488,3064,0,0
143.4568,12.3569,3066,0,0
143.4816,12.3287,3059,0,0
143.5064,12.3126,3055,0,0
143.5312,12.3206,3057,0,0
143.5560,12.3287,3059,0,0
143.5808,12.3609,3067,0,0
143.6056,12.3085,3054,0,0
143.6304,12.3206,3057,0,0
143.6552,12.3771,3071,0,0
143.6800,12.3206,3057,0,0
143.7048,12.3488,3064,0,0
143.7296,12.3730,3070,0,0
143.7544,12.3448,3063,0,0
143.7792,12.2844,3048,0,0
143.8040,12.3529,3065,0,0
143.8288,12.3287,3059,0,0
143.8536,12.3569,3066,0,0
143.8784,12.3247,3058,0,0
143.9032,12.3287,3059,0,0
143.9280,12.3488,3064,0,0
143.9528,12.3206,3057,0,0
143.9776,12.3206,3057,0,0
144.0024,12.3166,3056,0,0
144.0272,12.3529,3065,0,0
144.0520,12.3609,3067,0,0
144.0768,12.3488,3064,0,0
144.1017,12.3529,3065,0,0
144.1264,12.3609,3067,0,0
144.1512,12.3529,3065,0,0
144.1761,12.3609,3067,0,0
144.2009,12.3126,3055,0,0
144.2257,12.3488,3064,0,0
144.2505,12.3609,3067,0,0
144.2753,12.3529,3065,0,0
144.3001,12.3287,3059,0,0
144.3249,12.3972,3076,0,0
144.3497,12.3166,3056,0,0
144.3745,12.3206,3057,0,0
144.3993,12.3569,3066,0,0
144.4241,12.3488,3064,0,0
144.4489,12.3287,3059,0,0
144.4737,12.3650,3068,0,0
144.4985,12.3529,3065,0,0
144.5233,12.3085,3054,0,0
144.5481,12.3448,3063,0,0
144.5729,12.3166,3056,0,0
144.5977,12.3529,3065,0,0
144.6225,12.3247,3058,0,0
144.6473,12.3690,3069,0,0
144.6721,12.3206,3057,0,0
144.6969,12.3287,3059,0,0
144.7217,12.3730,3070,0,0
144.7465,12.3690,3069,0,0
144.7713,12.3609,3067,0,0
144.7961,12.3609,3067,0,0
144.8209,12.3569,3066,0,0
144.8457,12.2844,3048,0,0
144.8705,12.3448,3063,0,0
144.8953,12.3972,3076,0,0
144.9201,12.3327,3060,0,0
144.9449,12.3287,3059,0,0
144.9697,12.3206,3057,0,0
144.9945,12.3730,3070,0,0
145.0193,12.2924,3050,0,0
145.0441,12.3529,3065,0,0
145.0689,12.3569,3066,0,0
145.0937,12.3166,3056,0,0
145.1185,12.2844,3048,0,0
145.1433,12.3488,3064,0,0
145.1682,12.3488,3064,0,0
145.1929,12.3206,3057,0,0
145.2178,12.3488,3064,0,0
145.2426,12.3448,3063,0,0
145.2674,12.3609,3067,0,0
145.2922,12.3206,3057,0,0
145.3170,12.3206,3057,0,0
145.3418,12.3811,3072,0,0
145.3666,12.3448,3063,0,0
145.3914,12.3529,3065,0,0
145.4162,12.3206,3057,0,0
145.4410,12.3529,3065,0,0
145.4658,12.3085,3054,0,0
145.4906,12.3609,3067,0,0
145.5154,12.3529,3065,0,0
145.5402,12.3972,3076,0,0
145.5650,12.3609,3067,0,0
145.5898,12.3287,3059,0,0
145.6146,12.3287,3059,0,0
145.6394,12.3206,3057,0,0
145.6642,12.3247,3058,0,0
145.6890,12.3529,3065,0,0
145.7138,12.3448,3063,0,0
145.7386,12.2844,3048,0,0
145.7634,12.3851,3073,0,0
145.7882,12.3609,3067,0,0
145.8130,12.3771,3071,0,0
145.8378,12.3609,3067,0,0
145.8626,12.3085,3054,0,0
145.8874,12.2803,3047,0,0
145.9122,12.3166,3056,0,0
145.9370,12.3488,3064,0,0
145.9618,12.3730,3070,0,0
145.9866,12.2844,3048,0,0
146.0114,12.3166,3056,0,0
146.0362,12.3166,3056,0,0
146.0610,12.3529,3065,0,0
146.0858,12.3609,3067,0,0
146.1106,12.3771,3071,0,0
146.1354,12.3166,3056,0,0
146.1602,12.3287,3059,0,0
146.1850,12.3327,3060,0,0
146.2099,12.3932,3075,0,0
146.2346,12.3166,3056,0,0
146.2594,12.3327,3060,0,0
146.2843,12.3730,3070,0,0
146.3091,12.3529,3065,0,0
146.3339,12.3206,3057,0,0
146.3587,12.3488,3064,0,0
146.3835,12.3488,3064,0,0
146.4083,12.3166,3056,0,0
146.4331,12.3287,3059,0,0
146.4579,12.3529,3065,0,0
146.4827,12.3327,3060,0,0
146.5075,12.3085,3054,0,0
146.5323,12.3569,3066,0,0
146.5571,12.3327,3060,0,0
146.5819,12.3085,3054,0,0
146.6067,12.3126,3055,0,0
146.6315,12.3529,3065,0,0
146.6563,12.3771,3071,0,0
146.6811,12.3448,3063,0,0
146.7059,12.3166,3056,0,0
146.7307,12.3166,3056,0,0
146.7555,12.3529,3065,0,0
146.7803,12.3206,3057,0,0
146.8051,12.3529,3065,0,0
146.8299,12.3488,3064,0,0
146.8547,12.3730,3070,0,0
146.8795,12.2965,3051,0,0
146.9043,12.3166,3056,0,0
146.9291,12.3529,3065,0,0
146.9539,12.3287,3059,0,0
146.9787,12.3488,3064,0,0
147.0035,12.3287,3059,0,0
147.0283,12.3206,3057,0,0
147.0531,12.3730,3070,0,0
147.0779,12.3488,3064,0,0
147.1027,12.3690,3069,0,0
147.1275,12.3488,3064,0,0
147.1523,12.2844,3048,0,0
147.1771,12.3327,3060,0,0
147.2019,12.3327,3060,0,0
147.2267,12.3206,3057,0,0
147.2515,12.3126,3055,0,0
147.2764,12.3529,3065,0,0
147.3011,12.2723,3045,0,0
147.3260,12.3529,3065,0,0
147.3508,12.3690,3069,0,0
147.3756,12.3488,3064,0,0
147.4004,12.3327,3060,0,0
147.4252,12.3448,3063,0,0
147.4500,12.3206,3057,0,0
147.4748,12.3287,3059,0,0
147.4996,12.3771,3071,0,0
147.5244,12.3206,3057,0,0
147.5492,12.3529,3065,0,0
147.5740,12.3166,3056,0,0
147.5988,12.3448,3063,0,0
147.6236,12.3730,3070,0,0
147.6484,12.3206,3057,0,0
147.6732,12.3206,3057,0,0
147.6980,12.3811,3072,0,0
147.7228,12.3327,3060,0,0
147.7476,12.3247,3058,0,0
147.7724,12.3569,3066,0,0
147.7972,12.3166,3056,0,0
147.8220,12.3166,3056,0,0
147.8468,12.3448,3063,0,0
147.8716,12.3327,3060,0,0
147.8964,12.3206,3057,0,0
147.9212,12.3206,3057,0,0
147.9460,12.3529,3065,0,0
147.9708,12.3206,3057,0,0
147.9956,12.3166,3056,0,0
148.0204,12.3730,3070,0,0
148.0452,12.3609,3067,0,0
148.0700,12.3126,3055,0,0
148.0948,12.3166,3056,0,0
148.1196,12.3488,3064,0,0
148.1444,12.3166,3056,0,0
148.1692,12.3287,3059,0,0
148.1940,12.2924,3050,0,0
148.2188,12.3206,3057,0,0
148.2436,12.3851,3073,0,0
148.2684,12.3085,3054,0,0
148.2932,12.3126,3055,0,0
148.3181,12.3569,3066,0,0
148.3428,12.3206,3057,0,0
148.3676,12.3126,3055,0,0
148.3925,12.3851,3073,0,0
148.4173,12.3811,3072,0,0
148.4421,12.3488,3064,0,0
148.4669,12.3488,3064,0,0
148.4917,12.3730,3070,0,0
148.5165,12.3488,3064,0,0
148.5413,12.3488,3064,0,0
148.5661,12.2924,3050,0,0
148.5909,12.3287,3059,0,0
148.6157,12.3771,3071,0,0
148.6405,12.3488,3064,0,0
148.6653,12.3529,3065,0,0
148.6901,12.3529,3065,0,0
148.7149,12.3529,3065,0,0
148.7397,12.3126,3055,0,0
148.7645,12.3327,3060,0,0
148.7893,12.3529,3065,0,0
148.8141,12.3005,3052,0,0
148.8389,12.3488,3064,0,0
148.8637,12.3287,3059,0,0
148.8885,12.3166,3056,0,0
148.9133,12.3529,3065,0,0
148.9381,12.3126,3055,0,0
148.9629,12.3488,3064,0,0
148.9877,12.3609,3067,0,0
149.0125,12.3448,3063,0,0
149.0373,12.3126,3055,0,0
149.0621,12.3287,3059,0,0
149.0869,12.3730,3070,0,0
149.1117,12.3327,3060,0,0
149.1365,12.3166,3056,0,0
149.1613,12.3730,3070,0,0
149.1861,12.3166,3056,0,0
149.2109,12.3609,3067,0,0
149.2357,12.3529,3065,0,0
149.2605,12.3529,3065,0,0
149.2853,12.3569,3066,0,0
149.3101,12.3166,3056,0,0
149.3349,12.3206,3057,0,0
149.3597,12.3529,3065,0,0
149.3846,12.3609,3067,0,0
149.4093,12.3529,3065,0,0
149.4342,12.3166,3056,0,0
149.4590,12.3166,3056,0,0
149.4838,12.3287,3059,0,0
149.5086,12.3206,3057,0,0
149.5334,12.3690,3069,0,0
149.5582,12.3126,3055,0,0
149.5830,12.2924,3050,0,0
149.6078,12.3206,3057,0,0
149.6326,12.3126,3055,0,0
149.6574,12.3166,3056,0,0
149.6822,12.3206,3057,0,0
149.7070,12.3529,3065,0,0
149.7318,12.3529,3065,0,0
149.7566,12.3085,3054,0,0
149.7814,12.3287,3059,0,0
149.8062,12.3488,3064,0,0
149.8310,12.2924,3050,0,0
149.8558,12.2844,3048,0,0
149.8806,12.3488,3064,0,0
149.9054,12.3529,3065,0,0
149.9302,12.3327,3060,0,0
149.9550,12.3811,3072,0,0
149.9798,12.3569,3066,0,0
150.0046,12.3811,3072,0,0
150.0294,12.3448,3063,0,0
150.0542,12.3327,3060,0,0
150.0790,12.3085,3054,0,0
150.1038,12.3287,3059,0,0
150.1286,12.2924,3050,0,0
150.1534,12.3206,3057,0,0
150.1782,12.3287,3059,0,0
150.2030,12.3206,3057,0,0
150.2278,12.3287,3059,0,0
150.2526,12.3488,3064,0,0
150.2774,12.3690,3069,0,0
150.3022,12.3085,3054,0,0
150.3270,12.3811,3072,0,0
150.3518,12.3488,3064,0,0
150.3766,12.3166,3056,0,0
150.4014,12.3609,3067,0,0
150.4263,12.3126,3055,0,0
150.4510,12.3327,3060,0,0
150.4758,12.3448,3063,0,0
150.5007,12.3448,3063,0,0
150.5255,12.3811,3072,0,0
150.5503,12.3488,3064,0,0
150.5751,12.3529,3065,0,0
150.5999,12.3690,3069,0,0
150.6247,12.3488,3064,0,0
150.6495,12.3529,3065,0,0
150.6743,12.3206,3057,0,0
150.6991,12.3206,3057,0,0
150.7239,12.3529,3065,0,0
150.7487,12.3529,3065,0,0
150.7735,12.3287,3059,0,0
150.7983,12.3771,3071,0,0
150.8231,12.3529,3065,0,0
150.8479,12.3005,3052,0,0
150.8727,12.3005,3052,0,0
150.8975,12.3287,3059,0,0
150.9223,12.3166,3056,0,0
150.9471,12.3488,3064,0,0
150.9719,12.3085,3054,0,0
150.9967,12.3085,3054,0,0
151.0215,12.3327,3060,0,0
151.0463,12.3126,3055,0,0
151.0711,12.3166,3056,0,0
151.0959,12.2924,3050,0,0
151.1207,12.3166,3056,0,0
151.1455,12.3206,3057,0,0
151.1703,12.3488,3064,0,0
151.1951,12.3206,3057,0,0
151.2199,12.3488,3064,0,0
151.2447,12.3206,3057,0,0
151.2695,12.3206,3057,0,0
151.2943,12.3085,3054,0,0
151.3191,12.3126,3055,0,0
151.3439,12.3166,3056,0,0
151.3687,12.3287,3059,0,0
151.3935,12.3609,3067,0,0
151.4183,12.3085,3054,0,0
151.4431,12.3206,3057,0,0
151.4679,12.3327,3060,0,0
151.4928,12.3488,3064,0,0
151.5175,12.3206,3057,0,0
151.5424,12.4133,3080,0,0
151.5672,12.3529,3065,0,0
151.5920,12.3529,3065,0,0
151.6168,12.3609,3067,0,0
151.6416,12.3609,3067,0,0
151.6664,12.3166,3056,0,0
151.6912,12.3287,3059,0,0
151.7160,12.3569,3066,0,0
151.7408,12.2924,3050,0,0
151.7656,12.3126,3055,0,0
151.7904,12.2965,3051,0,0
151.8152,12.3771,3071,0,0
151.8400,12.3126,3055,0,0
151.8648,12.3045,3053,0,0
151.8896,12.3327,3060,0,0
151.9144,12.3005,3052,0,0
151.9392,12.3206,3057,0,0
151.9640,12.3529,3065,0,0
151.9888,12.3327,3060,0,0
152.0136,12.3206,3057,0,0
152.0384,12.3206,3057,0,0
152.0632,12.3488,3064,0,0
152.0880,12.3126,3055,0,0
152.1128,12.3166,3056,0,0
152.1376,12.3126,3055,0,0
152.1624,12.3166,3056,0,0
152.1872,12.3206,3057,0,0
152.2120,12.3488,3064,0,0
152.2368,12.3771,3071,0,0
152.2616,12.3408,3062,0,0
152.2864,12.3730,3070,0,0
152.3112,12.3287,3059,0,0
152.3360,12.3408,3062,0,0
152.3608,12.3529,3065,0,0
152.3856,12.3529,3065,0,0
152.4104,12.3488,3064,0,0
152.4352,12.3488,3064,0,0
152.4600,12.3771,3071,0,0
152.4848,12.3085,3054,0,0
152.5096,12.3488,3064,0,0
152.5344,12.3408,3062,0,0
152.5592,12.3287,3059,0,0
152.5840,12.3206,3057,0,0
152.6089,12.3730,3070,0,0
152.6337,12.3005,3052,0,0
152.6585,12.3529,3065,0,0
152.6833,12.3166,3056,0,0
152.7081,12.3488,3064,0,0
152.7329,12.3488,3064,0,0
152.7577,12.3166,3056,0,0
152.7825,12.3126,3055,0,0
152.8073,12.3287,3059,0,0
152.8321,12.3327,3060,0,0
152.8569,12.3327,3060,0,0
152.8817,12.3569,3066,0,0
152.9065,12.3126,3055,0,0
152.9313,12.3206,3057,0,0
152.9561,12.3529,3065,0,0
152.9809,12.3529,3065,0,0
153.0057,12.3488,3064,0,0
153.0305,12.3529,3065,0,0
153.0553,12.3206,3057,0,0
153.0801,12.3771,3071,0,0
153.1049,12.3448,3063,0,0
153.1297,12.3488,3064,0,0
153.1545,12.3287,3059,0,0
153.1793,12.3085,3054,0,0
153.2041,12.3126,3055,0,0
153.2289,12.3529,3065,0,0
153.2537,12.3448,3063,0,0
153.2785,12.3488,3064,0,0
153.3033,12.3569,3066,0,0
153.3281,12.3529,3065,0,0
153.3529,12.3771,3071,0,0
153.3777,12.3730,3070,0,0
153.4025,12.3206,3057,0,0
153.4273,12.3005,3052,0,0
153.4521,12.3569,3066,0,0
153.4769,12.3206,3057,0,0
153.5017,12.3488,3064,0,0
153.5265,12.3126,3055,0,0
153.5513,12.3488,3064,0,0
153.5761,12.2965,3051,0,0
153.6010,12.3206,3057,0,0
153.6257,12.3448,3063,0,0
153.6506,12.3569,3066,0,0
153.6754,12.3206,3057,0,0
153.7001,12.3287,3059,0,0
153.7250,12.3609,3067,0,0
153.7498,12.3690,3069,0,0
153.7746,12.3488,3064,0,0
153.7994,12.3488,3064,0,0
153.8242,12.2924,3050,0,0
153.8490,12.3488,3064,0,0
153.8738,12.3488,3064,0,0
153.8986,12.2965,3051,0,0
153.9234,12.3327,3060,0,0
153.9482,12.3609,3067,0,0
153.9730,12.3206,3057,0,0
153.9978,12.2924,3050,0,0
154.0226,12.3247,3058,0,0
154.0474,12.3206,3057,0,0
154.0722,12.3488,3064,0,0
154.0970,12.2924,3050,0,0
154.1218,12.3529,3065,0,0
154.1466,12.3529,3065,0,0
154.1714,12.3085,3054,0,0
154.1962,12.3529,3065,0,0
154.2210,12.3166,3056,0,0
154.2458,12.3529,3065,0,0
154.2706,12.3166,3056,0,0
154.2954,12.3206,3057,0,0
154.3202,12.3287,3059,0,0
154.3450,12.3569,3066,0,0
154.3698,12.3166,3056,0,0
154.3946,12.3206,3057,0,0
154.4194,12.2844,3048,0,0
154.4442,12.3085,3054,0,0
154.4690,12.3730,3070,0,0
154.4938,12.3529,3065,0,0
154.5186,12.3327,3060,0,0
154.5434,12.3529,3065,0,0
154.5682,12.3206,3057,0,0
154.5930,12.3569,3066,0,0
154.6178,12.3045,3053,0,0
154.6426,12.2844,3048,0,0
154.6674,12.3529,3065,0,0
154.6922,12.3448,3063,0,0
154.7171,12.3085,3054,0,0
154.7419,12.3166,3056,0,0
154.7667,12.3085,3054,0,0
154.7915,12.3085,3054,0,0
154.8163,12.3529,3065,0,0
154.8411,12.3166,3056,0,0
154.8659,12.3206,3057,0,0
154.8907,12.2844,3048,0,0
154.9155,12.3609,3067,0,0
154.9403,12.2844,3048,0,0
154.9651,12.3206,3057,0,0
154.9899,12.3529,3065,0,0
155.0147,12.3529,3065,0,0
155.0395,12.3488,3064,0,0
155.0643,12.3488,3064,0,0
155.0891,12.3126,3055,0,0
155.1139,12.3609,3067,0,0
155.1387,12.3206,3057,0,0
155.1635,12.2965,3051,0,0
155.1883,12.3448,3063,0,0
155.2131,12.3529,3065,0,0
155.2379,12.3569,3066,0,0
155.2627,12.3327,3060,0,0
155.2875,12.3287,3059,0,0
155.3123,12.3206,3057,0,0
155.3371,12.3529,3065,0,0
155.3619,12.3206,3057,0,0
155.3867,12.3569,3066,0,0
155.4115,12.3569,3066,0,0
155.4363,12.3206,3057,0,0
155.4611,12.3488,3064,0,0
155.4859,12.3488,3064,0,0
155.5107,12.3408,3062,0,0
155.5355,12.3206,3057,0,0
155.5603,12.3529,3065,0,0
155.5851,12.3488,3064,0,0
155.6099,12.3206,3057,0,0
155.6347,12.3287,3059,0,0
155.6595,12.3126,3055,0,0
155.6843,12.3448,3063,0,0
155.7092,12.3448,3063,0,0
155.7339,12.3085,3054,0,0
155.7588,12.3488,3064,0,0
155.7836,12.3488,3064,0,0
155.8083,12.3166,3056,0,0
155.8332,12.3085,3054,0,0
155.8580,12.3206,3057,0,0
155.8828,12.3811,3072,0,0
155.9076,12.3327,3060,0,0
155.9324,12.2924,3050,0,0
155.9572,12.3045,3053,0,0
155.9820,12.3166,3056,0,0
156.0068,12.3488,3064,0,0
156.0316,12.3609,3067,0,0
156.0564,12.3327,3060,0,0
156.0812,12.3327,3060,0,0
156.1060,12.3206,3057,0,0
156.1308,12.3609,3067,0,0
156.1556,12.2924,3050,0,0
156.1804,12.3287,3059,0,0
156.2052,12.3448,3063,0,0
156.2300,12.3206,3057,0,0
156.2548,12.3166,3056,0,0
156.2796,12.3851,3073,0,0
156.3044,12.3247,3058,0,0
156.3292,12.3488,3064,0,0
156.3540,12.3206,3057,0,0
156.3788,12.3126,3055,0,0
156.4036,12.3529,3065,0,0
156.4284,12.2924,3050,0,0
156.4532,12.3327,3060,0,0
156.4780,12.3206,3057,0,0
156.5028,12.3206,3057,0,0
156.5276,12.3166,3056,0,0
156.5524,12.3287,3059,0,0
156.5772,12.3609,3067,0,0
156.6020,12.3488,3064,0,0
156.6268,12.3126,3055,0,0
156.6516,12.3448,3063,0,0
156.6764,12.3166,3056,0,0
156.7012,12.3085,3054,0,0
156.7260,12.3126,3055,0,0
156.7508,12.3448,3063,0,0
156.7757,12.3085,3054,0,0
156.8004,12.3206,3057,0,0
156.8253,12.3609,3067,0,0
156.8501,12.2924,3050,0,0
156.8749,12.3488,3064,0,0
156.8997,12.3327,3060,0,0
156.9245,12.3529,3065,0,0
156.9493,12.3488,3064,0,0
156.9741,12.3126,3055,0,0
156.9989,12.3206,3057,0,0
157.0237,12.3206,3057,0,0
157.0485,12.3126,3055,0,0
157.0733,12.3045,3053,0,0
157.0981,12.3529,3065,0,0
157.1229,12.3247,3058,0,0
157.1477,12.3730,3070,0,0
157.1725,12.3488,3064,0,0
157.1973,12.3529,3065,0,0
157.2221,12.3609,3067,0,0
157.2469,12.3650,3068,0,0
157.2717,12.2844,3048,0,0
157.2965,12.3488,3064,0,0
157.3213,12.3085,3054,0,0
157.3461,12.3005,3052,0,0
157.3709,12.3166,3056,0,0
157.3957,12.3045,3053,0,0
157.4205,12.2844,3048,0,0
157.4453,12.3085,3054,0,0
157.4701,12.3529,3065,0,0
157.4949,12.3529,3065,0,0
157.5197,12.3085,3054,0,0
157.5445,12.3166,3056,0,0
157.5693,12.3005,3052,0,0
157.5941,12.3408,3062,0,0
157.6189,12.3690,3069,0,0
157.6437,12.3126,3055,0,0
157.6685,12.3166,3056,0,0
157.6933,12.3690,3069,0,0
157.7181,12.3529,3065,0,0
157.7429,12.3327,3060,0,0
157.7677,12.3287,3059,0,0
157.7925,12.2965,3051,0,0
157.8174,12.3488,3064,0,0
157.8421,12.3529,3065,0,0
157.8670,12.3206,3057,0,0
157.8918,12.3206,3057,0,0
157.9165,12.3287,3059,0,0
157.9414,12.3206,3057,0,0
157.9662,12.3569,3066,0,0
157.9910,12.3287,3059,0,0
158.0158,12.3529,3065,0,0
158.0406,12.3327,3060,0,0
158.0654,12.3206,3057,0,0
158.0902,12.3206,3057,0,0
158.1150,12.3529,3065,0,0
158.1398,12.3126,3055,0,0
158.1646,12.3408,3062,0,0
158.1894,12.3488,3064,0,0
158.2142,12.3488,3064,0,0
158.2390,12.3488,3064,0,0
158.2638,12.2844,3048,0,0
158.2886,12.3327,3060,0,0
158.3134,12.3529,3065,0,0
158.3382,12.3287,3059,0,0
158.3630,12.3206,3057,0,0
158.3878,12.3166,3056,0,0
158.4126,12.3327,3060,0,0
158.4374,12.3126,3055,0,0
158.4622,12.3690,3069,0,0
158.4870,12.3609,3067,0,0
158.5118,12.3206,3057,0,0
158.5366,12.3247,3058,0,0
158.5614,12.3811,3072,0,0
158.5862,12.3569,3066,0,0
158.6110,12.3166,3056,0,0
158.6358,12.3126,3055,0,0
158.6606,12.3005,3052,0,0
158.6854,12.3287,3059,0,0
158.7102,12.3206,3057,0,0
158.7350,12.3730,3070,0,0
158.7598,12.3448,3063,0,0
158.7846,12.3529,3065,0,0
158.8094,12.3045,3053,0,0
158.8342,12.3488,3064,0,0
158.8590,12.3206,3057,0,0
158.8839,12.3609,3067,0,0
158.9086,12.3206,3057,0,0
158.9335,12.2803,3047,0,0
158.9583,12.3690,3069,0,0
158.9831,12.2924,3050,0,0
159.0079,12.3206,3057,0,0
159.0327,12.3448,3063,0,0
159.0575,12.3287,3059,0,0
159.0823,12.3488,3064,0,0
159.1071,12.3488,3064,0,0
159.1319,12.3529,3065,0,0
159.1567,12.3488,3064,0,0
159.1815,12.3327,3060,0,0
159.2063,12.3448,3063,0,0
159.2311,12.3287,3059,0,0
159.2559,12.3690,3069,0,0
159.2807,12.2965,3051,0,0
159.3055,12.3448,3063,0,0
159.3303,12.3085,3054,0,0
159.3551,12.3166,3056,0,0
159.3799,12.3206,3057,0,0
159.4047,12.3529,3065,0,0
159.4295,12.3287,3059,0,0
159.4543,12.3529,3065,0,0
159.4791,12.3488,3064,0,0
159.5039,12.2924,3050,0,0
159.5287,12.3529,3065,0,0
159.5535,12.3529,3065,0,0
159.5783,12.3005,3052,0,0
159.6031,12.3206,3057,0,0
159.6279,12.3287,3059,0,0
159.6527,12.3166,3056,0,0
159.6775,12.2844,3048,0,0
159.7023,12.3488,3064,0,0
159.7271,12.3488,3064,0,0
159.7519,12.3005,3052,0,0
159.7767,12.3569,3066,0,0
159.8015,12.3327,3060,0,0
159.8263,12.3488,3064,0,0
159.8511,12.3287,3059,0,0
159.8759,12.3488,3064,0,0
159.9007,12.3529,3065,0,0
159.9256,12.3730,3070,0,0
159.9503,12.3488,3064,0,0
159.9752,12.3287,3059,0,0
160.0000,12.3327,3060,0,0
160.0247,12.3609,3067,0,0
160.0496,12.3206,3057,0,0
160.0744,12.3287,3059,0,0
160.0992,12.3287,3059,0,0
160.1240,12.3327,3060,0,0
160.1488,12.3126,3055,0,0
160.1736,12.3206,3057,0,0
160.1984,12.3126,3055,0,0
160.2232,12.2844,3048,0,0
160.2480,12.3488,3064,0,0
160.2728,12.3206,3057,0,0
160.2976,12.3206,3057,0,0
160.3224,12.3609,3067,0,0
160.3472,12.3206,3057,0,0
160.3720,12.3206,3057,0,0
160.3968,12.3206,3057,0,0
160.4216,12.3166,3056,0,0
160.4464,12.3529,3065,0,0
160.4712,12.3287,3059,0,0
160.4960,12.3085,3054,0,0
160.5208,12.2844,3048,0,0
160.5456,12.3569,3066,0,0
160.5704,12.3287,3059,0,0
160.5952,12.3287,3059,0,0
160.6200,12.3851,3073,0,0
160.6448,12.2844,3048,0,0
160.6696,12.3206,3057,0,0
160.6944,12.3327,3060,0,0
160.7192,12.3811,3072,0,0
160.7440,12.3085,3054,0,0
160.7688,12.3811,3072,0,0
160.7936,12.2924,3050,0,0
160.8184,12.3488,3064,0,0
160.8432,12.3327,3060,0,0
160.8680,12.3690,3069,0,0
160.8928,12.3327,3060,0,0
160.9176,12.3126,3055,0,0
160.9424,12.3448,3063,0,0
160.9672,12.3327,3060,0,0
160.9921,12.3085,3054,0,0
161.0168,12.3166,3056,0,0
161.0417,12.2844,3048,0,0
161.0665,12.3287,3059,0,0
161.0913,12.3206,3057,0,0
161.1161,12.3287,3059,0,0
161.1409,12.3650,3068,0,0
161.1657,12.3126,3055,0,0
161.1905,12.3166,3056,0,0
161.2153,12.3529,3065,0,0
161.2401,12.3488,3064,0,0
161.2649,12.3448,3063,0,0
161.2897,12.3206,3057,0,0
161.3145,12.3166,3056,0,0
161.3393,12.3327,3060,0,0
161.3641,12.3085,3054,0,0
161.3889,12.3287,3059,0,0
161.4137,12.3529,3065,0,0
161.4385,12.3327,3060,0,0
161.4633,12.3488,3064,0,0
161.4881,12.3166,3056,0,0
161.5129,12.3005,3052,0,0
161.5377,12.3126,3055,0,0
161.5625,12.3327,3060,0,0
161.5873,12.3085,3054,0,0
161.6121,12.3206,3057,0,0
161.6369,12.3569,3066,0,0
161.6617,12.3327,3060,0,0
161.6865,12.3206,3057,0,0
161.7113,12.3529,3065,0,0
161.7361,12.3126,3055,0,0
161.7609,12.3569,3066,0,0
161.7857,12.3488,3064,0,0
161.8105,12.2924,3050,0,0
161.8353,12.3126,3055,0,0
161.8601,12.3650,3068,0,0
161.8849,12.3206,3057,0,0
161.9097,12.3771,3071,0,0
161.9345,12.3771,3071,0,0
161.9593,12.2803,3047,0,0
161.9841,12.3529,3065,0,0
162.0089,12.3206,3057,0,0
162.0338,12.3287,3059,0,0
162.0585,12.3488,3064,0,0
162.0833,12.3206,3057,0,0
162.1082,12.3569,3066,0,0
162.1329,12.3085,3054,0,0
162.1578,12.3569,3066,0,0
162.1826,12.3851,3073,0,0
162.2074,12.3005,3052,0,0
162.2322,12.3126,3055,0,0
162.2570,12.3730,3070,0,0
162.2818,12.3045,3053,0,0
162.3066,12.3327,3060,0,0
162.3314,12.3569,3066,0,0
162.3562,12.3166,3056,0,0
162.3810,12.3529,3065,0,0
162.4058,12.3529,3065,0,0
162.4306,12.3085,3054,0,0
162.4554,12.3287,3059,0,0
162.4802,12.3327,3060,0,0
162.5050,12.3488,3064,0,0
162.5298,12.3126,3055,0,0
162.5546,12.3529,3065,0,0
162.5794,12.3488,3064,0,0
162.6042,12.3126,3055,0,0
162.6290,12.3488,3064,0,0
162.6538,12.2844,3048,0,0
162.6786,12.3085,3054,0,0
162.7034,12.3529,3065,0,0
162.7282,12.3690,3069,0,0
162.7530,12.3488,3064,0,0
162.7778,12.3529,3065,0,0
162.8026,12.3166,3056,0,0
162.8274,12.3166,3056,0,0
162.8522,12.2924,3050,0,0
162.8770,12.3287,3059,0,0
162.9018,12.3206,3057,0,0
162.9266,12.3126,3055,0,0
162.9514,12.3327,3060,0,0
162.9762,12.2844,3048,0,0
163.0010,12.3166,3056,0,0
163.0258,12.3609,3067,0,0
163.0506,12.3488,3064,0,0
163.0754,12.3287,3059,0,0
163.1003,12.3206,3057,0,0
163.1250,12.3448,3063,0,0
163.1499,12.3488,3064,0,0
163.1747,12.3650,3068,0,0
163.1995,12.3488,3064,0,0
163.2243,12.3126,3055,0,0
163.2491,12.3529,3065,0,0
163.2739,12.3206,3057,0,0
163.2987,12.3529,3065,0,0
163.3235,12.3206,3057,0,0
163.3483,12.3327,3060,0,0
163.3731,12.3287,3059,0,0
163.3979,12.3166,3056,0,0
163.4227,12.3085,3054,0,0
163.4475,12.3005,3052,0,0
163.4723,12.3529,3065,0,0
163.4971,12.3287,3059,0,0
163.5219,12.3609,3067,0,0
163.5467,12.3287,3059,0,0
163.5715,12.3206,3057,0,0
163.5963,12.3448,3063,0,0
163.6211,12.3206,3057,0,0
163.6459,12.3126,3055,0,0
163.6707,12.3247,3058,0,0
163.6955,12.3287,3059,0,0
163.7203,12.3529,3065,0,0
163.7451,12.2763,3046,0,0
163.7699,12.3247,3058,0,0
163.7947,12.3488,3064,0,0
163.8195,12.3206,3057,0,0
163.8443,12.3005,3052,0,0
163.8691,12.2803,3047,0,0
163.8939,12.3488,3064,0,0
163.9187,12.3327,3060,0,0
163.9435,12.3327,3060,0,0
163.9683,12.3609,3067,0,0
163.9931,12.3166,3056,0,0
164.0179,12.3166,3056,0,0
164.0427,12.2844,3048,0,0
164.0675,12.3488,3064,0,0
164.0923,12.3811,3072,0,0
164.1171,12.3166,3056,0,0
164.1420,12.3488,3064,0,0
164.1667,12.3287,3059,0,0
164.1915,12.3529,3065,0,0
164.2164,12.3488,3064,0,0
164.2411,12.3206,3057,0,0
164.2660,12.2803,3047,0,0
164.2908,12.3488,3064,0,0
164.3156,12.3690,3069,0,0
164.3404,12.3206,3057,0,0
164.3652,12.3488,3064,0,0
164.3900,12.3327,3060,0,0
164.4148,12.3529,3065,0,0
164.4396,12.3206,3057,0,0
164.4644,12.2844,3048,0,0
164.4892,12.3166,3056,0,0
164.5140,12.3005,3052,0,0
164.5388,12.2803,3047,0,0
164.5636,12.3206,3057,0,0
164.5884,12.3206,3057,0,0
164.6132,12.3206,3057,0,0
164.6380,12.3045,3053,0,0
164.6628,12.2844,3048,0,0
164.6876,12.3488,3064,0,0
164.7124,12.3327,3060,0,0
164.7372,12.3085,3054,0,0
164.7620,12.2965,3051,0,0
164.7868,12.3085,3054,0,0
164.8116,12.3126,3055,0,0
164.8364,12.3529,3065,0,0
164.8612,12.3488,3064,0,0
164.8860,12.3327,3060,0,0
164.9108,12.3166,3056,0,0
164.9356,12.3488,3064,0,0
164.9604,12.3609,3067,0,0
164.9852,12.2844,3048,0,0
165.0100,12.3085,3054,0,0
165.0348,12.3085,3054,0,0
165.0596,12.3609,3067,0,0
165.0844,12.3166,3056,0,0
165.1092,12.3085,3054,0,0
165.1340,12.3126,3055,0,0
165.1588,12.3448,3063,0,0
165.1836,12.2844,3048,0,0
165.2085,12.3206,3057,0,0
165.2332,12.3529,3065,0,0
165.2581,12.3166,3056,0,0
165.2829,12.3206,3057,0,0
165.3077,12.3529,3065,0,0
165.3325,12.2602,3042,0,0
165.3573,12.3488,3064,0,0
165.3821,12.3488,3064,0,0
165.4069,12.3206,3057,0,0
165.4317,12.3005,3052,0,0
165.4565,12.2844,3048,0,0
165.4813,12.2844,3048,0,0
165.5061,12.3327,3060,0,0
165.5309,12.3287,3059,0,0
165.5557,12.3488,3064,0,0
165.5805,12.3529,3065,0,0
165.6053,12.3206,3057,0,0
165.6301,12.3085,3054,0,0
165.6549,12.3126,3055,0,0
165.6797,12.3085,3054,0,0
165.7045,12.3247,3058,0,0
165.7293,12.3569,3066,0,0
165.7541,12.2803,3047,0,0
165.7789,12.3206,3057,0,0
165.8037,12.3287,3059,0,0
165.8285,12.3166,3056,0,0
165.8533,12.3166,3056,0,0
165.8781,12.3529,3065,0,0
165.9029,12.3529,3065,0,0
165.9277,12.3206,3057,0,0
165.9525,12.3166,3056,0,0
165.9773,12.3126,3055,0,0
166.0021,12.3005,3052,0,0
166.0269,12.3206,3057,0,0
166.0517,12.3247,3058,0,0
166.0765,12.3327,3060,0,0
166.1013,12.3206,3057,0,0
166.1261,12.3488,3064,0,0
166.1509,12.3488,3064,0,0
166.1757,12.2844,3048,0,0
166.2005,12.2844,3048,0,0
166.2253,12.3045,3053,0,0
166.2502,12.3771,3071,0,0
166.2749,12.3085,3054,0,0
166.2997,12.3206,3057,0,0
166.3246,12.3005,3052,0,0
166.3493,12.3448,3063,0,0
166.3742,12.3206,3057,0,0
166.3990,12.3247,3058,0,0
166.4238,12.3206,3057,0,0
166.4486,12.3569,3066,0,0
166.4734,12.3771,3071,0,0
166.4982,12.3085,3054,0,0
166.5230,12.3488,3064,0,0
166.5478,12.3247,3058,0,0
166.5726,12.2965,3051,0,0
166.5974,12.3448,3063,0,0
166.6222,12.3529,3065,0,0
166.6470,12.3287,3059,0,0
166.6718,12.3609,3067,0,0
166.6966,12.3287,3059,0,0
166.7214,12.3206,3057,0,0
166.7462,12.3690,3069,0,0
166.7710,12.3206,3057,0,0
166.7958,12.3166,3056,0,0
166.8206,12.3488,3064,0,0
166.8454,12.3488,3064,0,0
166.8702,12.3569,3066,0,0
166.8950,12.3085,3054,0,0
166.9198,12.3327,3060,0,0
166.9446,12.3085,3054,0,0
166.9694,12.2844,3048,0,0
166.9942,12.3166,3056,0,0
167.0190,12.3448,3063,0,0
167.0438,12.3045,3053,0,0
167.0686,12.3488,3064,0,0
167.0934,12.3327,3060,0,0
167.1182,12.3206,3057,0,0
167.1430,12.3529,3065,0,0
167.1678,12.2803,3047,0,0
167.1926,12.3488,3064,0,0
167.2174,12.3609,3067,0,0
167.2422,12.3126,3055,0,0
167.2670,12.3327,3060,0,0
167.2918,12.3206,3057,0,0
167.3167,12.3488,3064,0,0
167.3414,12.3529,3065,0,0
167.3663,12.2844,3048,0,0
167.3911,12.3206,3057,0,0
167.4159,12.3327,3060,0,0
167.4407,12.3085,3054,0,0
167.4655,12.3085,3054,0,0
167.4903,12.3126,3055,0,0
167.5151,12.2924,3050,0,0
167.5399,12.3085,3054,0,0
167.5647,12.3287,3059,0,0
167.5895,12.3247,3058,0,0
167.6143,12.3206,3057,0,0
167.6391,12.3730,3070,0,0
167.6639,12.3126,3055,0,0
167.6887,12.3206,3057,0,0
167.7135,12.3045,3053,0,0
167.7383,12.3166,3056,0,0
167.7631,12.3488,3064,0,0
167.7879,12.3569,3066,0,0
167.8127,12.3287,3059,0,0
167.8375,12.3247,3058,0,0
167.8623,12.2924,3050,0,0
167.8871,12.3287,3059,0,0
167.9119,12.3327,3060,0,0
167.9367,12.3448,3063,0,0
167.9615,12.3529,3065,0,0
167.9863,12.3287,3059,0,0
168.0111,12.3488,3064,0,0
168.0359,12.2844,3048,0,0
168.0607,12.2924,3050,0,0
168.0855,12.3327,3060,0,0
168.1103,12.3085,3054,0,0
168.1351,12.2844,3048,0,0
168.1599,12.3327,3060,0,0
168.1847,12.3085,3054,0,0
168.2095,12.3327,3060,0,0
168.2343,12.3126,3055,0,0
168.2591,12.3126,3055,0,0
168.2839,12.2844,3048,0,0
168.3087,12.3448,3063,0,0
168.3335,12.3166,3056,0,0
168.3584,12.2924,3050,0,0
168.3831,12.3529,3065,0,0
168.4079,12.3247,3058,0,0
168.4328,12.3287,3059,0,0
168.4576,12.3126,3055,0,0
168.4824,12.3085,3054,0,0
168.5072,12.3005,3052,0,0
168.5320,12.3206,3057,0,0
168.5568,12.3609,3067,0,0
168.5816,12.3206,3057,0,0
168.6064,12.3287,3059,0,0
168.6312,12.3569,3066,0,0
168.6560,12.3206,3057,0,0
168.6808,12.3085,3054,0,0
168.7056,12.3166,3056,0,0
168.7304,12.3488,3064,0,0
168.7552,12.2844,3048,0,0
168.7800,12.3448,3063,0,0
168.8048,12.3811,3072,0,0
168.8296,12.3206,3057,0,0
168.8544,12.3488,3064,0,0
168.8792,12.3166,3056,0,0
168.9040,12.3206,3057,0,0
168.9288,12.3488,3064,0,0
168.9536,12.3529,3065,0,0
168.9784,12.3206,3057,0,0
169.0032,12.3206,3057,0,0
169.0280,12.3488,3064,0,0
169.0528,12.3327,3060,0,0
169.0776,12.3488,3064,0,0
169.1024,12.3166,3056,0,0
169.1272,12.3206,3057,0,0
169.1520,12.3488,3064,0,0
169.1768,12.3569,3066,0,0
169.2016,12.3488,3064,0,0
169.2264,12.3529,3065,0,0
169.2512,12.3327,3060,0,0
169.2760,12.3287,3059,0,0
169.3008,12.3529,3065,0,0
169.3256,12.3327,3060,0,0
169.3504,12.3166,3056,0,0
169.3752,12.3206,3057,0,0
169.4000,12.3206,3057,0,0
169.4249,12.3085,3054,0,0
169.4496,12.2924,3050,0,0
169.4745,12.3166,3056,0,0
169.4993,12.3166,3056,0,0
169.5241,12.3206,3057,0,0
169.5489,12.3488,3064,0,0
169.5737,12.3529,3065,0,0
169.5985,12.3488,3064,0,0
169.6233,12.3327,3060,0,0
169.6481,12.3206,3057,0,0
169.6729,12.3005,3052,0,0
169.6977,12.3166,3056,0,0
169.7225,12.3166,3056,0,0
169.7473,12.3408,3062,0,0
169.7721,12.3126,3055,0,0
169.7969,12.3609,3067,0,0
169.8217,12.3085,3054,0,0
169.8465,12.3166,3056,0,0
169.8713,12.3005,3052,0,0
169.8961,12.3085,3054,0,0
169.9209,12.3166,3056,0,0
169.9457,12.3166,3056,0,0
169.9705,12.3166,3056,0,0
169.9953,12.3488,3064,0,0
170.0201,12.2803,3047,0,0
170.0449,12.3085,3054,0,0
170.0697,12.2924,3050,0,0
170.0945,12.3287,3059,0,0
170.1193,12.3488,3064,0,0
170.1441,12.3327,3060,0,0
170.1689,12.2924,3050,0,0
170.1937,12.3247,3058,0,0
170.2185,12.3126,3055,0,0
170.2433,12.3206,3057,0,0
170.2681,12.3488,3064,0,0
170.2929,12.3488,3064,0,0
170.3177,12.2803,3047,0,0
170.3425,12.3085,3054,0,0
170.3673,12.3811,3072,0,0
170.3921,12.3166,3056,0,0
170.4169,12.3529,3065,0,0
170.4417,12.3206,3057,0,0
170.4665,12.3045,3053,0,0
170.4913,12.3005,3052,0,0
170.5161,12.3206,3057,0,0
170.5410,12.3488,3064,0,0
170.5658,12.3085,3054,0,0
170.5906,12.3287,3059,0,0
170.6154,12.3488,3064,0,0
170.6402,12.2844,3048,0,0
170.6650,12.3005,3052,0,0
170.6898,12.2844,3048,0,0
170.7146,12.3166,3056,0,0
170.7394,12.3166,3056,0,0
170.7642,12.3085,3054,0,0
170.7890,12.3730,3070,0,0
170.8138,12.2602,3042,0,0
170.8386,12.3730,3070,0,0
170.8634,12.3529,3065,0,0
170.8882,12.3448,3063,0,0
170.9130,12.2844,3048,0,0
170.9378,12.3609,3067,0,0
170.9626,12.3569,3066,0,0
170.9874,12.2924,3050,0,0
171.0122,12.3206,3057,0,0
171.0370,12.3609,3067,0,0
171.0618,12.3247,3058,0,0
171.0866,12.3206,3057,0,0
171.1114,12.3488,3064,0,0
171.1362,12.3085,3054,0,0
171.1610,12.3327,3060,0,0
171.1858,12.3690,3069,0,0
171.2106,12.3085,3054,0,0
171.2354,12.3327,3060,0,0
171.2602,12.3327,3060,0,0
171.2850,12.3206,3057,0,0
171.3098,12.3448,3063,0,0
171.3346,12.3287,3059,0,0
171.3594,12.3166,3056,0,0
171.3842,12.3005,3052,0,0
171.4090,12.3287,3059,0,0
171.4338,12.3126,3055,0,0
171.4586,12.3206,3057,0,0
171.4834,12.2924,3050,0,0
171.5082,12.2844,3048,0,0
171.5331,12.3287,3059,0,0
171.5578,12.3327,3060,0,0
171.5827,12.3488,3064,0,0
171.6075,12.3045,3053,0,0
171.6322,12.3529,3065,0,0
171.6571,12.2924,3050,0,0
171.6819,12.3529,3065,0,0
171.7067,12.3206,3057,0,0
171.7315,12.3126,3055,0,0
171.7563,12.3287,3059,0,0
171.7811,12.3206,3057,0,0
171.8059,12.3529,3065,0,0
171.8307,12.3166,3056,0,0
171.8555,12.3327,3060,0,0
171.8803,12.3126,3055,0,0
171.9051,12.3609,3067,0,0
171.9299,12.3126,3055,0,0
171.9547,12.3206,3057,0,0
171.9795,12.3287,3059,0,0
172.0043,12.3247,3058,0,0
172.0291,12.3045,3053,0,0
172.0539,12.3126,3055,0,0
172.0787,12.3327,3060,0,0
172.1035,12.3126,3055,0,0
172.1283,12.3085,3054,0,0
172.1531,12.3206,3057,0,0
172.1779,12.3206,3057,0,0
172.2027,12.3206,3057,0,0
172.2275,12.3327,3060,0,0
172.2523,12.3730,3070,0,0
172.2771,12.3448,3063,0,0
172.3019,12.3529,3065,0,0
172.3267,12.3126,3055,0,0
172.3515,12.3206,3057,0,0
172.3763,12.3529,3065,0,0
172.4011,12.2763,3046,0,0
172.4259,12.3206,3057,0,0
172.4507,12.3287,3059,0,0
172.4755,12.3327,3060,0,0
172.5003,12.3287,3059,0,0
172.5251,12.3448,3063,0,0
172.5499,12.3529,3065,0,0
172.5747,12.3085,3054,0,0
172.5995,12.3206,3057,0,0
172.6243,12.3529,3065,0,0
172.6492,12.3085,3054,0,0
172.6740,12.3085,3054,0,0
172.6988,12.3730,3070,0,0
172.7236,12.3166,3056,0,0
172.7484,12.3206,3057,0,0
172.7732,12.3247,3058,0,0
172.7980,12.3085,3054,0,0
172.8228,12.3126,3055,0,0
172.8476,12.3529,3065,0,0
172.8724,12.2844,3048,0,0
172.8972,12.3327,3060,0,0
172.9220,12.3327,3060,0,0
172.9468,12.3126,3055,0,0
172.9716,12.3206,3057,0,0
172.9964,12.3529,3065,0,0
173.0212,12.3166,3056,0,0
173.0460,12.2844,3048,0,0
173.0708,12.3529,3065,0,0
173.0956,12.3488,3064,0,0
173.1204,12.3287,3059,0,0
173.1452,12.2844,3048,0,0
173.1700,12.3166,3056,0,0
173.1948,12.2844,3048,0,0
173.2196,12.3166,3056,0,0
173.2444,12.3247,3058,0,0
173.2692,12.3045,3053,0,0
173.2940,12.3488,3064,0,0
173.3188,12.3126,3055,0,0
173.3436,12.3206,3057,0,0
173.3684,12.3327,3060,0,0
173.3932,12.3206,3057,0,0
173.4180,12.3448,3063,0,0
173.4428,12.3327,3060,0,0
173.4676,12.3488,3064,0,0
173.4924,12.3166,3056,0,0
173.5172,12.3085,3054,0,0
173.5420,12.3206,3057,0,0
173.5668,12.3609,3067,0,0
173.5916,12.3005,3052,0,0
173.6164,12.3851,3073,0,0
173.6413,12.3005,3052,0,0
173.6660,12.3085,3054,0,0
173.6909,12.3206,3057,0,0
173.7157,12.3529,3065,0,0
173.7404,12.2924,3050,0,0
173.7653,12.3690,3069,0,0
173.7901,12.3488,3064,0,0
173.8149,12.3569,3066,0,0
173.8397,12.3529,3065,0,0
173.8645,12.3166,3056,0,0
173.8893,12.3730,3070,0,0
173.9141,12.2844,3048,0,0
173.9389,12.3287,3059,0,0
173.9637,12.3166,3056,0,0
173.9885,12.3287,3059,0,0
174.0133,12.3488,3064,0,0
174.0381,12.3327,3060,0,0
174.0629,12.3085,3054,0,0
174.0877,12.3287,3059,0,0
174.1125,12.3287,3059,0,0
174.1373,12.3206,3057,0,0
174.1621,12.3126,3055,0,0
174.1869,12.2844,3048,0,0
174.2117,12.3126,3055,0,0
174.2365,12.3247,3058,0,0
174.2613,12.3448,3063,0,0
174.2861,12.3085,3054,0,0
174.3109,12.3448,3063,0,0
174.3357,12.2844,3048,0,0
174.3605,12.3126,3055,0,0
174.3853,12.2924,3050,0,0
174.4101,12.3126,3055,0,0
174.4349,12.3206,3057,0,0
174.4597,12.3488,3064,0,0
174.4845,12.3166,3056,0,0
174.5093,12.3529,3065,0,0
174.5341,12.3206,3057,0,0
174.5589,12.3488,3064,0,0
174.5837,12.2602,3042,0,0
174.6085,12.3085,3054,0,0
174.6333,12.3166,3056,0,0
174.6581,12.3166,3056,0,0
174.6829,12.2965,3051,0,0
174.7077,12.3529,3065,0,0
174.7325,12.3529,3065,0,0
174.7574,12.3085,3054,0,0
174.7822,12.3206,3057,0,0
174.8070,12.3851,3073,0,0
174.8318,12.3529,3065,0,0
174.8566,12.2965,3051,0,0
174.8814,12.3005,3052,0,0
174.9062,12.3206,3057,0,0
174.9310,12.3529,3065,0,0
174.9558,12.3126,3055,0,0
174.9806,12.3690,3069,0,0
175.0054,12.3327,3060,0,0
175.0302,12.3166,3056,0,0
175.0550,12.3206,3057,0,0
175.0798,12.3166,3056,0,0
175.1046,12.3609,3067,0,0
175.1294,12.3851,3073,0,0
175.1542,12.3045,3053,0,0
175.1790,12.3206,3057,0,0
175.2038,12.3488,3064,0,0
175.2286,12.3287,3059,0,0
175.2534,12.3206,3057,0,0
175.2782,12.3126,3055,0,0
175.3030,12.2844,3048,0,0
175.3278,12.2924,3050,0,0
175.3526,12.3488,3064,0,0
175.3774,12.3488,3064,0,0
175.4022,12.3206,3057,0,0
175.4270,12.2924,3050,0,0
175.4518,12.3206,3057,0,0
175.4766,12.3166,3056,0,0
175.5014,12.3166,3056,0,0
175.5262,12.3488,3064,0,0
175.5510,12.2803,3047,0,0
175.5758,12.2844,3048,0,0
175.6006,12.3327,3060,0,0
175.6254,12.3771,3071,0,0
175.6502,12.2803,3047,0,0
175.6750,12.2844,3048,0,0
175.6998,12.3448,3063,0,0
175.7246,12.3126,3055,0,0
175.7495,12.3166,3056,0,0
175.7742,12.3488,3064,0,0
175.7991,12.3206,3057,0,0
175.8239,12.2924,3050,0,0
175.8486,12.3488,3064,0,0
175.8735,12.3166,3056,0,0
175.8983,12.3529,3065,0,0
175.9231,12.3166,3056,0,0
175.9479,12.3045,3053,0,0
175.9727,12.3569,3066,0,0
175.9975,12.3005,3052,0,0
176.0223,12.3206,3057,0,0
176.0471,12.3488,3064,0,0
176.0719,12.3166,3056,0,0
176.0967,12.2844,3048,0,0
176.1215,12.3166,3056,0,0
176.1463,12.3690,3069,0,0
176.1711,12.3488,3064,0,0
176.1959,12.3488,3064,0,0
176.2207,12.3206,3057,0,0
176.2455,12.3690,3069,0,0
176.2703,12.3126,3055,0,0
176.2951,12.3206,3057,0,0
176.3199,12.3206,3057,0,0
176.3447,12.2924,3050,0,0
176.3695,12.3569,3066,0,0
176.3943,12.3287,3059,0,0
176.4191,12.3488,3064,0,0
176.4439,12.2844,3048,0,0
176.4687,12.3126,3055,0,0
176.4935,12.3085,3054,0,0
176.5183,12.2844,3048,0,0
176.5431,12.3327,3060,0,0
176.5679,12.3166,3056,0,0
176.5927,12.3126,3055,0,0
176.6175,12.3247,3058,0,0
176.6423,12.3085,3054,0,0
176.6671,12.3529,3065,0,0
176.6919,12.3529,3065,0,0
176.7167,12.3085,3054,0,0
176.7415,12.3287,3059,0,0
176.7663,12.2844,3048,0,0
176.7911,12.3166,3056,0,0
176.8159,12.3448,3063,0,0
176.8407,12.3327,3060,0,0
176.8656,12.3650,3068,0,0
176.8904,12.3206,3057,0,0
176.9152,12.3408,3062,0,0
176.9400,12.3206,3057,0,0
176.9648,12.3488,3064,0,0
176.9896,12.2924,3050,0,0
177.0144,12.3448,3063,0,0
177.0392,12.3247,3058,0,0
177.0640,12.3206,3057,0,0
177.0888,12.2924,3050,0,0
177.1136,12.3166,3056,0,0
177.1384,12.3327,3060,0,0
177.1632,12.3327,3060,0,0
177.1880,12.3287,3059,0,0
177.2128,12.3327,3060,0,0
177.2376,12.3166,3056,0,0
177.2624,12.3771,3071,0,0
177.2872,12.3045,3053,0,0
177.3120,12.3085,3054,0,0
177.3368,12.3529,3065,0,0
177.3616,12.3287,3059,0,0
177.3864,12.3126,3055,0,0
177.4112,12.3529,3065,0,0
177.4360,12.3488,3064,0,0
177.4608,12.3085,3054,0,0
177.4856,12.3448,3063,0,0
177.5104,12.3206,3057,0,0
177.5352,12.3126,3055,0,0
177.5600,12.3206,3057,0,0
177.5848,12.3488,3064,0,0
177.6096,12.3488,3064,0,0
177.6344,12.3206,3057,0,0
177.6592,12.3569,3066,0,0
177.6840,12.3206,3057,0,0
177.7088,12.3529,3065,0,0
177.7336,12.3166,3056,0,0
177.7584,12.3085,3054,0,0
177.7832,12.2844,3048,0,0
177.8080,12.3206,3057,0,0
177.8328,12.3529,3065,0,0
177.8577,12.2844,3048,0,0
177.8824,12.2844,3048,0,0
177.9073,12.3488,3064,0,0
177.9321,12.3005,3052,0,0
177.9568,12.3690,3069,0,0
177.9817,12.3126,3055,0,0
178.0065,12.3609,3067,0,0
178.0313,12.2844,3048,0,0
178.0561,12.3206,3057,0,0
178.0809,12.3287,3059,0,0
178.1057,12.3488,3064,0,0
178.1305,12.3005,3052,0,0
178.1553,12.2924,3050,0,0
178.1801,12.2844,3048,0,0
178.2049,12.2965,3051,0,0
178.2297,12.3166,3056,0,0
178.2545,12.3327,3060,0,0
178.2793,12.3126,3055,0,0
178.3041,12.3287,3059,0,0
178.3289,12.2924,3050,0,0
178.3537,12.3206,3057,0,0
178.3785,12.3166,3056,0,0
178.4033,12.3166,3056,0,0
178.4281,12.3448,3063,0,0
178.4529,12.3488,3064,0,0
178.4777,12.3287,3059,0,0
178.5025,12.3005,3052,0,0
178.5273,12.3529,3065,0,0
178.5521,12.3166,3056,0,0
178.5769,12.3488,3064,0,0
178.6017,12.3529,3065,0,0
178.6265,12.2803,3047,0,0
178.6513,12.3327,3060,0,0
178.6761,12.3166,3056,0,0
178.7009,12.2924,3050,0,0
178.7257,12.3206,3057,0,0
178.7505,12.3529,3065,0,0
178.7753,12.3206,3057,0,0
178.8001,12.3529,3065,0,0
178.8249,12.3085,3054,0,0
178.8497,12.2924,3050,0,0
178.8745,12.3126,3055,0,0
178.8993,12.3448,3063,0,0
178.9241,12.2803,3047,0,0
178.9489,12.2844,3048,0,0
178.9738,12.3166,3056,0,0
178.9986,12.2965,3051,0,0
179.0234,12.3206,3057,0,0
179.0482,12.3126,3055,0,0
179.0730,12.3247,3058,0,0
179.0978,12.3529,3065,0,0
179.1226,12.3287,3059,0,0
179.1474,12.3166,3056,0,0
179.1722,12.3488,3064,0,0
179.1970,12.3206,3057,0,0
179.2218,12.3287,3059,0,0
179.2466,12.3247,3058,0,0
179.2714,12.3206,3057,0,0
179.2962,12.3166,3056,0,0
179.3210,12.3085,3054,0,0
179.3458,12.3247,3058,0,0
179.3706,12.3609,3067,0,0
179.3954,12.3206,3057,0,0
179.4202,12.2924,3050,0,0
179.4450,12.3327,3060,0,0
179.4698,12.3327,3060,0,0
179.4946,12.3488,3064,0,0
179.5194,12.3166,3056,0,0
179.5442,12.3126,3055,0,0
179.5690,12.3609,3067,0,0
179.5938,12.2924,3050,0,0
179.6186,12.2924,3050,0,0
179.6434,12.3126,3055,0,0
179.6682,12.3488,3064,0,0
179.6930,12.3206,3057,0,0
179.7178,12.3206,3057,0,0
179.7426,12.3085,3054,0,0
179.7674,12.3206,3057,0,0
179.7922,12.3126,3055,0,0
179.8170,12.3166,3056,0,0
179.8418,12.3287,3059,0,0
179.8666,12.3206,3057,0,0
179.8914,12.3166,3056,0,0
179.9162,12.2803,3047,0,0
179.9410,12.2682,3044,0,0
179.9659,12.2924,3050,0,0
179.9906,12.3690,3069,0,0
180.0154,12.3771,3071,0,0
180.0403,12.2924,3050,0,0
180.0650,12.3488,3064,0,0
180.0899,12.3488,3064,0,0
180.1147,12.2844,3048,0,0
180.1395,12.3488,3064,0,0
180.1643,12.3327,3060,0,0
180.1891,12.3085,3054,0,0
180.2139,12.2803,3047,0,0
180.2387,12.3085,3054,0,0
180.2635,12.3609,3067,0,0
180.2883,12.3287,3059,0,0
180.3131,12.2803,3047,0,0
180.3379,12.3166,3056,0,0
180.3627,12.3488,3064,0,0
180.3875,12.3287,3059,0,0
180.4123,12.3287,3059,0,0
180.4371,12.3408,3062,0,0
180.4619,12.3488,3064,0,0
180.4867,12.2803,3047,0,0
180.5115,12.3045,3053,0,0
180.5363,12.3206,3057,0,0
180.5611,12.3488,3064,0,0
180.5859,12.3206,3057,0,0
180.6107,12.2965,3051,0,0
180.6355,12.3206,3057,0,0
180.6603,12.2924,3050,0,0
180.6851,12.2924,3050,0,0
180.7099,12.3287,3059,0,0
180.7347,12.2924,3050,0,0
180.7595,12.3287,3059,0,0
180.7843,12.3206,3057,0,0
180.8091,12.3166,3056,0,0
180.8339,12.3609,3067,0,0
180.8587,12.3529,3065,0,0
180.8835,12.3045,3053,0,0
180.9083,12.3529,3065,0,0
180.9331,12.3206,3057,0,0
180.9579,12.2965,3051,0,0
180.9827,12.2924,3050,0,0
181.0075,12.2803,3047,0,0
181.0323,12.2965,3051,0,0
181.0571,12.3206,3057,0,0
181.0820,12.3488,3064,0,0
181.1068,12.3327,3060,0,0
181.1316,12.2844,3048,0,0
181.1564,12.3206,3057,0,0
181.1812,12.3488,3064,0,0
181.2060,12.3287,3059,0,0
181.2308,12.3327,3060,0,0
181.2556,12.3166,3056,0,0
181.2804,12.3287,3059,0,0
181.3052,12.3206,3057,0,0
181.3300,12.2924,3050,0,0
181.3548,12.3206,3057,0,0
181.3796,12.2803,3047,0,0
181.4044,12.3166,3056,0,0
181.4292,12.3488,3064,0,0
181.4540,12.3488,3064,0,0
181.4788,12.3488,3064,0,0
181.5036,12.2924,3050,0,0
181.5284,12.2844,3048,0,0
181.5532,12.3166,3056,0,0
181.5780,12.3448,3063,0,0
181.6028,12.3448,3063,0,0
181.6276,12.3206,3057,0,0
181.6524,12.3206,3057,0,0
181.6772,12.3529,3065,0,0
181.7020,12.3206,3057,0,0
181.7268,12.3327,3060,0,0
181.7516,12.3609,3067,0,0
181.7764,12.3287,3059,0,0
181.8012,12.3609,3067,0,0
181.8260,12.3085,3054,0,0
181.8508,12.3126,3055,0,0
181.8756,12.2803,3047,0,0
181.9004,12.3206,3057,0,0
181.9252,12.3085,3054,0,0
181.9500,12.3609,3067,0,0
181.9748,12.3448,3063,0,0
181.9996,12.3206,3057,0,0
182.0244,12.3488,3064,0,0
182.0492,12.3327,3060,0,0
182.0741,12.3488,3064,0,0
182.0988,12.2924,3050,0,0
182.1236,12.2844,3048,0,0
182.1485,12.3126,3055,0,0
182.1732,12.3488,3064,0,0
182.1981,12.3287,3059,0,0
182.2229,12.3166,3056,0,0
182.2477,12.2844,3048,0,0
182.2725,12.3488,3064,0,0
182.2973,12.3206,3057,0,0
182.3221,12.3892,3074,0,0
182.3469,12.3126,3055,0,0
182.3717,12.3529,3065,0,0
182.3965,12.2844,3048,0,0
182.4213,12.3166,3056,0,0
182.4461,12.3126,3055,0,0
182.4709,12.3126,3055,0,0
182.4957,12.3247,3058,0,0
182.5205,12.3327,3060,0,0
182.5453,12.3609,3067,0,0
182.5701,12.3529,3065,0,0
182.5949,12.3166,3056,0,0
182.6197,12.2924,3050,0,0
182.6445,12.3327,3060,0,0
182.6693,12.3206,3057,0,0
182.6941,12.3488,3064,0,0
182.7189,12.3085,3054,0,0
182.7437,12.3045,3053,0,0
182.7685,12.3327,3060,0,0
182.7933,12.3569,3066,0,0
182.8181,12.3005,3052,0,0
182.8429,12.3569,3066,0,0
182.8677,12.3730,3070,0,0
182.8925,12.3488,3064,0,0
182.9173,12.3569,3066,0,0
182.9421,12.3206,3057,0,0
182.9669,12.3529,3065,0,0
182.9917,12.3085,3054,0,0
183.0165,12.3488,3064,0,0
183.0413,12.3287,3059,0,0
183.0661,12.3690,3069,0,0
183.0909,12.2602,3042,0,0
183.1157,12.3166,3056,0,0
183.1405,12.2965,3051,0,0
183.1653,12.3811,3072,0,0
183.1902,12.2602,3042,0,0
183.2150,12.3488,3064,0,0
183.2398,12.2803,3047,0,0
183.2646,12.3287,3059,0,0
183.2894,12.3287,3059,0,0
183.3142,12.2965,3051,0,0
183.3390,12.3206,3057,0,0
183.3638,12.3166,3056,0,0
183.3886,12.3085,3054,0,0
183.4134,12.3206,3057,0,0
183.4382,12.3488,3064,0,0
183.4630,12.3247,3058,0,0
183.4878,12.3206,3057,0,0
183.5126,12.3448,3063,0,0
183.5374,12.2844,3048,0,0
183.5622,12.3126,3055,0,0
183.5870,12.3529,3065,0,0
183.6118,12.3488,3064,0,0
183.6366,12.3206,3057,0,0
183.6614,12.2924,3050,0,0
183.6862,12.3085,3054,0,0
183.7110,12.3206,3057,0,0
183.7358,12.3166,3056,0,0
183.7606,12.3166,3056,0,0
183.7854,12.2844,3048,0,0
183.8102,12.3206,3057,0,0
183.8350,12.2844,3048,0,0
183.8598,12.3690,3069,0,0
183.8846,12.3206,3057,0,0
183.9094,12.3206,3057,0,0
183.9342,12.2924,3050,0,0
183.9590,12.3529,3065,0,0
183.9838,12.3166,3056,0,0
184.0086,12.2803,3047,0,0
184.0334,12.2803,3047,0,0
184.0582,12.3166,3056,0,0
184.0830,12.2924,3050,0,0
184.1078,12.3327,3060,0,0
184.1326,12.2924,3050,0,0
184.1574,12.2803,3047,0,0
184.1823,12.3771,3071,0,0
184.2070,12.2844,3048,0,0
184.2318,12.3529,3065,0,0
184.2567,12.3690,3069,0,0
184.2814,12.2844,3048,0,0
184.3063,12.3005,3052,0,0
184.3311,12.3488,3064,0,0
184.3559,12.3166,3056,0,0
184.3807,12.2803,3047,0,0
184.4055,12.3085,3054,0,0
184.4303,12.3287,3059,0,0
184.4551,12.3690,3069,0,0
184.4799,12.2803,3047,0,0
184.5047,12.3085,3054,0,0
184.5295,12.3569,3066,0,0
184.5543,12.3529,3065,0,0
184.5791,12.2844,3048,0,0
184.6039,12.3327,3060,0,0
184.6287,12.3085,3054,0,0
184.6535,12.3529,3065,0,0
184.6783,12.2844,3048,0,0
184.7031,12.3085,3054,0,0
184.7279,12.3529,3065,0,0
184.7527,12.2924,3050,0,0
184.7775,12.3609,3067,0,0
184.8023,12.3327,3060,0,0
184.8271,12.3529,3065,0,0
184.8519,12.3569,3066,0,0
184.8767,12.3529,3065,0,0
184.9015,12.3448,3063,0,0
184.9263,12.3771,3071,0,0
184.9511,12.3206,3057,0,0
184.9759,12.3247,3058,0,0
185.0007,12.3126,3055,0,0
185.0255,12.3609,3067,0,0
185.0503,12.2844,3048,0,0
185.0751,12.3206,3057,0,0
185.0999,12.3287,3059,0,0
185.1247,12.3287,3059,0,0
185.1495,12.3166,3056,0,0
185.1743,12.2924,3050,0,0
185.1991,12.3206,3057,0,0
185.2239,12.3206,3057,0,0
185.2487,12.2844,3048,0,0
185.2735,12.3206,3057,0,0
185.2984,12.3126,3055,0,0
185.3232,12.3287,3059,0,0
185.3480,12.3811,3072,0,0
185.3728,12.3327,3060,0,0
185.3976,12.3448,3063,0,0
185.4224,12.3166,3056,0,0
185.4472,12.3206,3057,0,0
185.4720,12.3045,3053,0,0
185.4968,12.3206,3057,0,0
185.5216,12.3488,3064,0,0
185.5464,12.3126,3055,0,0
185.5712,12.3287,3059,0,0
185.5960,12.3488,3064,0,0
185.6208,12.3488,3064,0,0
185.6456,12.2844,3048,0,0
185.6704,12.2844,3048,0,0
185.6952,12.3690,3069,0,0
185.7200,12.3287,3059,0,0
185.7448,12.3126,3055,0,0
185.7696,12.3126,3055,0,0
185.7944,12.3166,3056,0,0
185.8192,12.3005,3052,0,0
185.8440,12.3126,3055,0,0
185.8688,12.3488,3064,0,0
185.8936,12.2803,3047,0,0
185.9184,12.3529,3065,0,0
185.9432,12.3488,3064,0,0
185.9680,12.2763,3046,0,0
185.9928,12.2924,3050,0,0
186.0176,12.3287,3059,0,0
186.0424,12.3488,3064,0,0
186.0672,12.3045,3053,0,0
186.0920,12.3287,3059,0,0
186.1168,12.3166,3056,0,0
186.1416,12.3287,3059,0,0
186.1664,12.3569,3066,0,0
186.1912,12.3529,3065,0,0
186.2160,12.3287,3059,0,0
186.2408,12.3126,3055,0,0
186.2656,12.2924,3050,0,0
186.2905,12.2924,3050,0,0
186.3152,12.3085,3054,0,0
186.3400,12.3488,3064,0,0
186.3649,12.3529,3065,0,0
186.3896,12.3206,3057,0,0
186.4145,12.3206,3057,0,0
186.4393,12.3488,3064,0,0
186.4641,12.3206,3057,0,0
186.4889,12.3126,3055,0,0
186.5137,12.3126,3055,0,0
186.5385,12.3166,3056,0,0
186.5633,12.2763,3046,0,0
186.5881,12.3287,3059,0,0
186.6129,12.3287,3059,0,0
186.6377,12.3206,3057,0,0
186.6625,12.2844,3048,0,0
186.6873,12.3327,3060,0,0
186.7121,12.3166,3056,0,0
186.7369,12.2924,3050,0,0
186.7617,12.3287,3059,0,0
186.7865,12.3126,3055,0,0
186.8113,12.2763,3046,0,0
186.8361,12.3488,3064,0,0
186.8609,12.3287,3059,0,0
186.8857,12.3206,3057,0,0
186.9105,12.2924,3050,0,0
186.9353,12.3045,3053,0,0
186.9601,12.3166,3056,0,0
186.9849,12.3166,3056,0,0
187.0097,12.3085,3054,0,0
187.0345,12.3287,3059,0,0
187.0593,12.3529,3065,0,0
187.0841,12.3287,3059,0,0
187.1089,12.3085,3054,0,0
187.1337,12.3327,3060,0,0
187.1585,12.3327,3060,0,0
187.1833,12.2803,3047,0,0
187.2081,12.3287,3059,0,0
187.2329,12.3569,3066,0,0
187.2577,12.3045,3053,0,0
187.2825,12.3166,3056,0,0
187.3073,12.3206,3057,0,0
187.3321,12.3126,3055,0,0
187.3569,12.3126,3055,0,0
187.3817,12.3206,3057,0,0
187.4066,12.3287,3059,0,0
187.4314,12.2924,3050,0,0
187.4561,12.3085,3054,0,0
187.4810,12.2844,3048,0,0
187.5058,12.3529,3065,0,0
187.5306,12.2763,3046,0,0
187.5554,12.2844,3048,0,0
187.5802,12.3206,3057,0,0
187.6050,12.3488,3064,0,0
187.6298,12.3327,3060,0,0
187.6546,12.3166,3056,0,0
187.6794,12.3247,3058,0,0
187.7042,12.3206,3057,0,0
187.7290,12.3287,3059,0,0
187.7538,12.3166,3056,0,0
187.7786,12.3206,3057,0,0
187.8034,12.3488,3064,0,0
187.8282,12.3005,3052,0,0
187.8530,12.2924,3050,0,0
187.8778,12.3206,3057,0,0
187.9026,12.3045,3053,0,0
187.9274,12.3166,3056,0,0
187.9522,12.3206,3057,0,0
187.9770,12.3569,3066,0,0
188.0018,12.3166,3056,0,0
188.0266,12.3166,3056,0,0
188.0514,12.3448,3063,0,0
188.0762,12.3206,3057,0,0
188.1010,12.3327,3060,0,0
188.1258,12.3206,3057,0,0
188.1506,12.3206,3057,0,0
188.1754,12.3529,3065,0,0
188.2002,12.3488,3064,0,0
188.2250,12.2924,3050,0,0
188.2498,12.3488,3064,0,0
188.2746,12.3569,3066,0,0
188.2994,12.3569,3066,0,0
188.3242,12.3488,3064,0,0
188.3490,12.3529,3065,0,0
188.3738,12.3488,3064,0,0
188.3986,12.3166,3056,0,0
188.4234,12.3287,3059,0,0
188.4482,12.3126,3055,0,0
188.4731,12.3488,3064,0,0
188.4978,12.2965,3051,0,0
188.5227,12.3529,3065,0,0
188.5475,12.3287,3059,0,0
188.5723,12.3488,3064,0,0
188.5971,12.2965,3051,0,0
188.6219,12.3287,3059,0,0
188.6467,12.3206,3057,0,0
188.6715,12.2803,3047,0,0
188.6963,12.3166,3056,0,0
188.7211,12.3126,3055,0,0
188.7459,12.3287,3059,0,0
188.7707,12.3206,3057,0,0
188.7955,12.3488,3064,0,0
188.8203,12.2803,3047,0,0
188.8451,12.3488,3064,0,0
188.8699,12.2965,3051,0,0
188.8947,12.3529,3065,0,0
188.9195,12.3488,3064,0,0
188.9443,12.2924,3050,0,0
188.9691,12.3206,3057,0,0
188.9939,12.3327,3060,0,0
189.0187,12.3005,3052,0,0
189.0435,12.3287,3059,0,0
189.0683,12.3206,3057,0,0
189.0931,12.3085,3054,0,0
189.1179,12.2844,3048,0,0
189.1427,12.3529,3065,0,0
189.1675,12.3206,3057,0,0
189.1923,12.3488,3064,0,0
189.2171,12.3529,3065,0,0
189.2419,12.3287,3059,0,0
189.2667,12.2844,3048,0,0
189.2915,12.3287,3059,0,0
189.3163,12.3206,3057,0,0
189.3411,12.3166,3056,0,0
189.3659,12.3287,3059,0,0
189.3907,12.2965,3051,0,0
189.4155,12.3206,3057,0,0
189.4403,12.3206,3057,0,0
189.4651,12.2924,3050,0,0
189.4899,12.3206,3057,0,0
189.5148,12.3247,3058,0,0
189.5396,12.3327,3060,0,0
189.5643,12.3085,3054,0,0
189.5892,12.3488,3064,0,0
189.6140,12.3488,3064,0,0
189.6388,12.3287,3059,0,0
189.6636,12.3206,3057,0,0
189.6884,12.3327,3060,0,0
189.7132,12.3327,3060,0,0
189.7380,12.3247,3058,0,0
189.7628,12.2844,3048,0,0
189.7876,12.2803,3047,0,0
189.8124,12.3247,3058,0,0
189.8372,12.3166,3056,0,0
189.8620,12.2844,3048,0,0
189.8868,12.3085,3054,0,0
189.9116,12.3005,3052,0,0
189.9364,12.3126,3055,0,0
189.9612,12.3206,3057,0,0
189.9860,12.3206,3057,0,0
190.0108,12.3448,3063,0,0
190.0356,12.2803,3047,0,0
190.0604,12.3126,3055,0,0
190.0852,12.3569,3066,0,0
190.1100,12.3327,3060,0,0
190.1348,12.2803,3047,0,0
190.1596,12.2844,3048,0,0
190.1844,12.3327,3060,0,0
190.2092,12.3488,3064,0,0
190.2340,12.3488,3064,0,0
190.2588,12.3529,3065,0,0
190.2836,12.3206,3057,0,0
190.3084,12.3206,3057,0,0
190.3332,12.2844,3048,0,0
190.3580,12.3287,3059,0,0
190.3828,12.3448,3063,0,0
190.4076,12.3529,3065,0,0
190.4324,12.3005,3052,0,0
190.4572,12.2763,3046,0,0
190.4820,12.3448,3063,0,0
190.5068,12.3529,3065,0,0
190.5316,12.2844,3048,0,0
190.5564,12.3085,3054,0,0
190.5813,12.3529,3065,0,0
190.6060,12.3327,3060,0,0
190.6309,12.3488,3064,0,0
190.6557,12.2763,3046,0,0
190.6805,12.3327,3060,0,0
190.7053,12.3327,3060,0,0
190.7301,12.3166,3056,0,0
190.7549,12.3126,3055,0,0
190.7797,12.3327,3060,0,0
190.8045,12.2924,3050,0,0
190.8293,12.3166,3056,0,0
190.8541,12.3206,3057,0,0
190.8789,12.3206,3057,0,0
190.9037,12.3126,3055,0,0
190.9285,12.3488,3064,0,0
190.9533,12.3327,3060,0,0
190.9781,12.3085,3054,0,0
191.0029,12.3206,3057,0,0
191.0277,12.3206,3057,0,0
191.0525,12.3327,3060,0,0
191.0773,12.3327,3060,0,0
191.1021,12.3609,3067,0,0
191.1269,12.3488,3064,0,0
191.1517,12.3408,3062,0,0
191.1765,12.3488,3064,0,0
191.2013,12.3166,3056,0,0
191.2261,12.3488,3064,0,0
191.2509,12.2924,3050,0,0
191.2757,12.3287,3059,0,0
191.3005,12.3488,3064,0,0
191.3253,12.2844,3048,0,0
191.3501,12.3166,3056,0,0
191.3749,12.3166,3056,0,0
191.3997,12.3126,3055,0,0
191.4245,12.2844,3048,0,0
191.4493,12.3126,3055,0,0
191.4741,12.3488,3064,0,0
191.4989,12.3045,3053,0,0
191.5237,12.2763,3046,0,0
191.5485,12.3206,3057,0,0
191.5733,12.3327,3060,0,0
191.5981,12.3327,3060,0,0
191.6230,12.3287,3059,0,0
191.6478,12.3488,3064,0,0
191.6725,12.3085,3054,0,0
191.6974,12.2844,3048,0,0
191.7222,12.3005,3052,0,0
191.7470,12.3569,3066,0,0
191.7718,12.3045,3053,0,0
191.7966,12.3206,3057,0,0
191.8214,12.3327,3060,0,0
191.8462,12.2844,3048,0,0
191.8710,12.3126,3055,0,0
191.8958,12.3206,3057,0,0
191.9206,12.3206,3057,0,0
191.9454,12.3287,3059,0,0
191.9702,12.2844,3048,0,0
191.9950,12.2965,3051,0,0
192.0198,12.3488,3064,0,0
192.0446,12.3287,3059,0,0
192.0694,12.3488,3064,0,0
192.0942,12.3247,3058,0,0
192.1190,12.3206,3057,0,0
192.1438,12.3247,3058,0,0
192.1686,12.3327,3060,0,0
192.1934,12.2844,3048,0,0
192.2182,12.3448,3063,0,0
192.2430,12.3085,3054,0,0
192.2678,12.3206,3057,0,0
192.2926,12.3126,3055,0,0
192.3174,12.3166,3056,0,0
192.3422,12.3529,3065,0,0
192.3670,12.4295,3084,0,0
192.3918,12.3287,3059,0,0
192.4166,12.3166,3056,0,0
192.4414,12.3126,3055,0,0
192.4662,12.3529,3065,0,0
192.4910,12.2844,3048,0,0
192.5158,12.3126,3055,0,0
192.5406,12.3327,3060,0,0
192.5654,12.3287,3059,0,0
192.5902,12.3730,3070,0,0
192.6150,12.3206,3057,0,0
192.6398,12.3126,3055,0,0
192.6646,12.3166,3056,0,0
192.6895,12.3609,3067,0,0
192.7142,12.3206,3057,0,0
192.7391,12.3126,3055,0,0
192.7639,12.3287,3059,0,0
192.7887,12.2844,3048,0,0
192.8135,12.2844,3048,0,0
192.8383,12.3166,3056,0,0
192.8631,12.3529,3065,0,0
192.8879,12.3529,3065,0,0
192.9127,12.3166,3056,0,0
192.9375,12.3166,3056,0,0
192.9623,12.3488,3064,0,0
192.9871,12.3005,3052,0,0
193.0119,12.3287,3059,0,0
193.0367,12.3206,3057,0,0
193.0615,12.3206,3057,0,0
193.0863,12.3166,3056,0,0
193.1111,12.3206,3057,0,0
193.1359,12.3327,3060,0,0
193.1607,12.3287,3059,0,0
193.1855,12.2803,3047,0,0
193.2103,12.2924,3050,0,0
193.2351,12.2844,3048,0,0
193.2599,12.3206,3057,0,0
193.2847,12.3287,3059,0,0
193.3095,12.3488,3064,0,0
193.3343,12.3287,3059,0,0
193.3591,12.2844,3048,0,0
193.3839,12.3287,3059,0,0
193.4087,12.3569,3066,0,0
193.4335,12.3166,3056,0,0
193.4583,12.3005,3052,0,0
193.4831,12.3126,3055,0,0
193.5079,12.3609,3067,0,0
193.5327,12.3166,3056,0,0
193.5575,12.3206,3057,0,0
193.5823,12.3448,3063,0,0
193.6071,12.2844,3048,0,0
193.6319,12.3287,3059,0,0
193.6567,12.3488,3064,0,0
193.6815,12.3609,3067,0,0
193.7063,12.3529,3065,0,0
193.7312,12.3488,3064,0,0
193.7560,12.3488,3064,0,0
193.7807,12.3166,3056,0,0
193.8056,12.3327,3060,0,0
193.8304,12.3126,3055,0,0
193.8552,12.3488,3064,0,0
193.8800,12.3529,3065,0,0
193.9048,12.2924,3050,0,0
193.9296,12.3126,3055,0,0
193.9544,12.3045,3053,0,0
193.9792,12.3247,3058,0,0
194.0040,12.3247,3058,0,0
194.0288,12.3166,3056,0,0
194.0536,12.3488,3064,0,0
194.0784,12.2924,3050,0,0
194.1032,12.3327,3060,0,0
194.1280,12.3609,3067,0,0
194.1528,12.2924,3050,0,0
194.1776,12.2965,3051,0,0
194.2024,12.3327,3060,0,0
194.2272,12.3569,3066,0,0
194.2520,12.3327,3060,0,0
194.2768,12.3206,3057,0,0
194.3016,12.3085,3054,0,0
194.3264,12.3206,3057,0,0
194.3512,12.3206,3057,0,0
194.3760,12.3126,3055,0,0
194.4008,12.3488,3064,0,0
194.4256,12.2803,3047,0,0
194.4504,12.3166,3056,0,0
194.4752,12.2924,3050,0,0
194.5000,12.3488,3064,0,0
194.5248,12.3287,3059,0,0
194.5496,12.3488,3064,0,0
194.5744,12.3206,3057,0,0
194.5992,12.3005,3052,0,0
194.6240,12.3085,3054,0,0
194.6488,12.3126,3055,0,0
194.6736,12.3327,3060,0,0
194.6984,12.3529,3065,0,0
194.7232,12.3085,3054,0,0
194.7480,12.2844,3048,0,0
194.7728,12.3529,3065,0,0
194.7977,12.2844,3048,0,0
194.8224,12.3166,3056,0,0
194.8473,12.3609,3067,0,0
194.8721,12.2924,3050,0,0
194.8969,12.3529,3065,0,0
194.9217,12.2844,3048,0,0
194.9465,12.2924,3050,0,0
194.9713,12.3206,3057,0,0
194.9961,12.3488,3064,0,0
195.0209,12.3287,3059,0,0
195.0457,12.3005,3052,0,0
195.0705,12.3085,3054,0,0
195.0953,12.3327,3060,0,0
195.1201,12.3488,3064,0,0
195.1449,12.3488,3064,0,0
195.1697,12.2803,3047,0,0
195.1945,12.3327,3060,0,0
195.2193,12.3166,3056,0,0
195.2441,12.3609,3067,0,0
195.2689,12.3811,3072,0,0
195.2937,12.3488,3064,0,0
195.3185,12.3206,3057,0,0
195.3433,12.2844,3048,0,0
195.3681,12.3005,3052,0,0
195.3929,12.3206,3057,0,0
195.4177,12.2844,3048,0,0
195.4425,12.3287,3059,0,0
195.4673,12.3327,3060,0,0
195.4921,12.2803,3047,0,0
195.5169,12.3005,3052,0,0
195.5417,12.3488,3064,0,0
195.5665,12.3488,3064,0,0
195.5913,12.3206,3057,0,0
195.6161,12.3206,3057,0,0
195.6409,12.3247,3058,0,0
195.6657,12.3287,3059,0,0
195.6905,12.3206,3057,0,0
195.7153,12.3126,3055,0,0
195.7401,12.3327,3060,0,0
195.7649,12.3287,3059,0,0
195.7897,12.3166,3056,0,0
195.8145,12.3005,3052,0,0
195.8393,12.3287,3059,0,0
195.8642,12.3126,3055,0,0
195.8889,12.3287,3059,0,0
195.9138,12.3126,3055,0,0
195.9386,12.3126,3055,0,0
195.9634,12.3327,3060,0,0
195.9882,12.3206,3057,0,0
196.0130,12.3448,3063,0,0
196.0378,12.3730,3070,0,0
196.0626,12.3448,3063,0,0
196.0874,12.3085,3054,0,0
196.1122,12.2924,3050,0,0
196.1370,12.3488,3064,0,0
196.1618,12.3005,3052,0,0
196.1866,12.2682,3044,0,0
196.2114,12.3488,3064,0,0
196.2362,12.3206,3057,0,0
196.2610,12.2924,3050,0,0
196.2858,12.3166,3056,0,0
196.3106,12.3166,3056,0,0
196.3354,12.3126,3055,0,0
196.3602,12.2924,3050,0,0
196.3850,12.2844,3048,0,0
196.4098,12.3529,3065,0,0
196.4346,12.2763,3046,0,0
196.4594,12.2924,3050,0,0
196.4842,12.3126,3055,0,0
196.5090,12.3287,3059,0,0
196.5338,12.3085,3054,0,0
196.5586,12.2965,3051,0,0
196.5834,12.3206,3057,0,0
196.6082,12.3488,3064,0,0
196.6330,12.3045,3053,0,0
196.6578,12.3126,3055,0,0
196.6826,12.3206,3057,0,0
196.7074,12.3488,3064,0,0
196.7322,12.3529,3065,0,0
196.7570,12.3166,3056,0,0
196.7818,12.3327,3060,0,0
196.8066,12.2924,3050,0,0
196.8314,12.3166,3056,0,0
196.8562,12.3126,3055,0,0
196.8810,12.3488,3064,0,0
196.9059,12.3327,3060,0,0
196.9306,12.3529,3065,0,0
196.9555,12.3529,3065,0,0
196.9803,12.2844,3048,0,0
197.0051,12.3166,3056,0,0
197.0299,12.3005,3052,0,0
197.0547,12.3609,3067,0,0
197.0795,12.2803,3047,0,0
197.1043,12.3005,3052,0,0
197.1291,12.3488,3064,0,0
197.1539,12.2965,3051,0,0
197.1787,12.3569,3066,0,0
197.2035,12.3529,3065,0,0
197.2283,12.3488,3064,0,0
197.2531,12.3166,3056,0,0
197.2779,12.3166,3056,0,0
197.3027,12.2682,3044,0,0
197.3275,12.3771,3071,0,0
197.3523,12.3206,3057,0,0
197.3771,12.3287,3059,0,0
197.4019,12.3206,3057,0,0
197.4267,12.3166,3056,0,0
197.4515,12.3529,3065,0,0
197.4763,12.3327,3060,0,0
197.5011,12.3488,3064,0,0
197.5259,12.3126,3055,0,0
197.5507,12.3206,3057,0,0
197.5755,12.3287,3059,0,0
197.6003,12.3287,3059,0,0
197.6251,12.3206,3057,0,0
197.6499,12.3126,3055,0,0
197.6747,12.3488,3064,0,0
197.6995,12.3126,3055,0,0
197.7243,12.3126,3055,0,0
197.7491,12.3166,3056,0,0
197.7739,12.2965,3051,0,0
197.7987,12.3166,3056,0,0
197.8235,12.2924,3050,0,0
197.8483,12.2844,3048,0,0
197.8731,12.3126,3055,0,0
197.8979,12.2803,3047,0,0
197.9227,12.3529,3065,0,0
197.9475,12.3327,3060,0,0
197.9724,12.3126,3055,0,0
197.9971,12.3166,3056,0,0
198.0220,12.3488,3064,0,0
198.0468,12.3206,3057,0,0
198.0716,12.3166,3056,0,0
198.0964,12.3166,3056,0,0
198.1212,12.3206,3057,0,0
198.1460,12.3327,3060,0,0
198.1708,12.3287,3059,0,0
198.1956,12.3206,3057,0,0
198.2204,12.2965,3051,0,0
198.2452,12.3166,3056,0,0
198.2700,12.3166,3056,0,0
198.2948,12.3206,3057,0,0
198.3196,12.2924,3050,0,0
198.3444,12.2844,3048,0,0
198.3692,12.2481,3039,0,0
198.3940,12.3126,3055,0,0
198.4188,12.2803,3047,0,0
198.4436,12.2965,3051,0,0
198.4684,12.3488,3064,0,0
198.4932,12.3166,3056,0,0
198.5180,12.3488,3064,0,0
198.5428,12.3488,3064,0,0
198.5676,12.3126,3055,0,0
198.5924,12.3085,3054,0,0
198.6172,12.3609,3067,0,0
198.6420,12.3126,3055,0,0
198.6668,12.3287,3059,0,0
198.6916,12.3488,3064,0,0
198.7164,12.3488,3064,0,0
198.7412,12.2924,3050,0,0
198.7660,12.3287,3059,0,0
198.7908,12.2924,3050,0,0
198.8156,12.2803,3047,0,0
198.8404,12.3206,3057,0,0
198.8652,12.3247,3058,0,0
198.8900,12.3166,3056,0,0
198.9148,12.3085,3054,0,0
198.9396,12.3287,3059,0,0
198.9644,12.3005,3052,0,0
198.9892,12.3166,3056,0,0
199.0141,12.3206,3057,0,0
199.0388,12.3247,3058,0,0
199.0637,12.3287,3059,0,0
199.0885,12.2924,3050,0,0
199.1133,12.3085,3054,0,0
199.1381,12.3206,3057,0,0
199.1629,12.3327,3060,0,0
199.1877,12.3166,3056,0,0
199.2125,12.3247,3058,0,0
199.2373,12.3488,3064,0,0
199.2621,12.3045,3053,0,0
199.2869,12.3287,3059,0,0
199.3117,12.3166,3056,0,0
199.3365,12.2924,3050,0,0
199.3613,12.3327,3060,0,0
199.3861,12.3005,3052,0,0
199.4109,12.3166,3056,0,0
199.4357,12.3529,3065,0,0
199.4605,12.3005,3052,0,0
199.4853,12.2844,3048,0,0
199.5101,12.3126,3055,0,0
199.5349,12.3166,3056,0,0
199.5597,12.3811,3072,0,0
199.5845,12.3166,3056,0,0
199.6093,12.3126,3055,0,0
199.6341,12.3206,3057,0,0
199.6589,12.2844,3048,0,0
199.6837,12.3085,3054,0,0
199.7085,12.3166,3056,0,0
199.7333,12.3488,3064,0,0
199.7581,12.3448,3063,0,0
199.7829,12.3488,3064,0,0
199.8077,12.3206,3057,0,0
199.8325,12.3206,3057,0,0
199.8573,12.3448,3063,0,0
199.8821,12.3166,3056,0,0
199.9069,12.2924,3050,0,0
199.9317,12.3287,3059,0,0
199.9565,12.3448,3063,0,0
199.9813,12.3166,3056,0,0
200.0061,12.2844,3048,0,0
200.0309,12.3126,3055,0,0
200.0557,12.3287,3059,0,0
200.0806,12.3206,3057,0,0
200.1053,12.3529,3065,0,0
200.1302,12.3327,3060,0,0
200.1550,12.2965,3051,0,0
200.1798,12.2924,3050,0,0
200.2046,12.3448,3063,0,0
200.2294,12.3005,3052,0,0
200.2542,12.3126,3055,0,0
200.2790,12.3529,3065,0,0
200.3038,12.2965,3051,0,0
200.3286,12.3287,3059,0,0
200.3534,12.2965,3051,0,0
200.3782,12.2844,3048,0,0
200.4030,12.2844,3048,0,0
200.4278,12.3206,3057,0,0
200.4526,12.3206,3057,0,0
200.4774,12.3166,3056,0,0
200.5022,12.3005,3052,0,0
200.5270,12.3206,3057,0,0
200.5518,12.3126,3055,0,0
200.5766,12.3287,3059,0,0
200.6014,12.3206,3057,0,0
200.6262,12.2924,3050,0,0
200.6510,12.3247,3058,0,0
200.6758,12.3247,3058,0,0
200.7006,12.3327,3060,0,0
200.7254,12.2803,3047,0,0
200.7502,12.3206,3057,0,0
200.7750,12.3569,3066,0,0
200.7998,12.3166,3056,0,0
200.8246,12.3488,3064,0,0
200.8494,12.3126,3055,0,0
200.8742,12.3287,3059,0,0
200.8990,12.3166,3056,0,0
200.9238,12.2763,3046,0,0
200.9486,12.3126,3055,0,0
200.9734,12.3166,3056,0,0
200.9982,12.2844,3048,0,0
201.0230,12.3206,3057,0,0
201.0478,12.3488,3064,0,0
201.0726,12.3126,3055,0,0
201.0974,12.2924,3050,0,0
201.1223,12.3569,3066,0,0
201.1470,12.3529,3065,0,0
201.1719,12.3085,3054,0,0
201.1967,12.3206,3057,0,0
201.2215,12.3206,3057,0,0
201.2463,12.3126,3055,0,0
201.2711,12.3488,3064,0,0
201.2959,12.3529,3065,0,0
201.3207,12.2844,3048,0,0
201.3455,12.3085,3054,0,0
201.3703,12.3166,3056,0,0
201.3951,12.2924,3050,0,0
201.4199,12.2844,3048,0,0
201.4447,12.2965,3051,0,0
201.4695,12.2844,3048,0,0
201.4943,12.2924,3050,0,0
201.5191,12.3085,3054,0,0
201.5439,12.2803,3047,0,0
201.5687,12.2844,3048,0,0
201.5935,12.3166,3056,0,0
201.6183,12.3327,3060,0,0
201.6431,12.2844,3048,0,0
201.6679,12.3166,3056,0,0
201.6927,12.3085,3054,0,0
201.7175,12.3327,3060,0,0
201.7423,12.2844,3048,0,0
201.7671,12.3126,3055,0,0
201.7919,12.2965,3051,0,0
201.8167,12.3085,3054,0,0
201.8415,12.3166,3056,0,0
201.8663,12.3327,3060,0,0
201.8911,12.3126,3055,0,0
201.9159,12.3085,3054,0,0
201.9407,12.3206,3057,0,0
201.9655,12.2602,3042,0,0
201.9903,12.2844,3048,0,0
202.0151,12.3085,3054,0,0
202.0399,12.3126,3055,0,0
202.0647,12.2965,3051,0,0
202.0895,12.3166,3056,0,0
202.1143,12.3448,3063,0,0
202.1391,12.3126,3055,0,0
202.1639,12.3126,3055,0,0
202.1888,12.2924,3050,0,0
202.2135,12.2844,3048,0,0
202.2384,12.3529,3065,0,0
202.2632,12.2803,3047,0,0
202.2880,12.3327,3060,0,0
202.3128,12.3488,3064,0,0
202.3376,12.3005,3052,0,0
202.3624,12.2844,3048,0,0
202.3872,12.3085,3054,0,0
202.4120,12.2602,3042,0,0
202.4368,12.3287,3059,0,0
202.4616,12.3327,3060,0,0
202.4864,12.2965,3051,0,0
202.5112,12.3327,3060,0,0
202.5360,12.2844,3048,0,0
202.5608,12.3085,3054,0,0
202.5856,12.3166,3056,0,0
202.6104,12.3488,3064,0,0
202.6352,12.2844,3048,0,0
202.6600,12.3529,3065,0,0
202.6848,12.3287,3059,0,0
202.7096,12.3206,3057,0,0
202.7344,12.2844,3048,0,0
202.7592,12.3166,3056,0,0
202.7840,12.3488,3064,0,0
202.8088,12.3206,3057,0,0
202.8336,12.3206,3057,0,0
202.8584,12.2844,3048,0,0
202.8832,12.2803,3047,0,0
202.9080,12.3206,3057,0,0
202.9328,12.2763,3046,0,0
202.9576,12.3005,3052,0,0
202.9824,12.2844,3048,0,0
203.0072,12.2924,3050,0,0
203.0320,12.3569,3066,0,0
203.0568,12.2682,3044,0,0
203.0816,12.3005,3052,0,0
203.1064,12.3206,3057,0,0
203.1312,12.3327,3060,0,0
203.1560,12.3529,3065,0,0
203.1808,12.3206,3057,0,0
203.2056,12.3005,3052,0,0
203.2305,12.2521,3040,0,0
203.2552,12.2924,3050,0,0
203.2801,12.3448,3063,0,0
203.3049,12.3126,3055,0,0
203.3297,12.3448,3063,0,0
203.3545,12.3085,3054,0,0
203.3793,12.3730,3070,0,0
203.4041,12.3287,3059,0,0
203.4289,12.2924,3050,0,0
203.4537,12.3247,3058,0,0
203.4785,12.3005,3052,0,0
203.5033,12.2844,3048,0,0
203.5281,12.3126,3055,0,0
203.5529,12.3327,3060,0,0
203.5777,12.3287,3059,0,0
203.6025,12.2803,3047,0,0
203.6273,12.2844,3048,0,0
203.6521,12.2844,3048,0,0
203.6769,12.3448,3063,0,0
203.7017,12.3085,3054,0,0
203.7265,12.3166,3056,0,0
203.7513,12.3085,3054,0,0
203.7761,12.3529,3065,0,0
203.8009,12.3085,3054,0,0
203.8257,12.2924,3050,0,0
203.8505,12.3529,3065,0,0
203.8753,12.3730,3070,0,0
203.9001,12.2924,3050,0,0
203.9249,12.3166,3056,0,0
203.9497,12.3448,3063,0,0
203.9745,12.2844,3048,0,0
203.9993,12.3005,3052,0,0
204.0241,12.3206,3057,0,0
204.0489,12.2844,3048,0,0
204.0737,12.3126,3055,0,0
204.0985,12.3206,3057,0,0
204.1233,12.2763,3046,0,0
204.1481,12.2763,3046,0,0
204.1729,12.3851,3073,0,0
204.1977,12.3085,3054,0,0
204.2225,12.3126,3055,0,0
204.2473,12.2965,3051,0,0
204.2721,12.3126,3055,0,0
204.2970,12.3448,3063,0,0
204.3217,12.3206,3057,0,0
204.3466,12.2844,3048,0,0
204.3714,12.3287,3059,0,0
204.3962,12.3206,3057,0,0
204.4210,12.3287,3059,0,0
204.4458,12.2924,3050,0,0
204.4706,12.3166,3056,0,0
204.4954,12.2844,3048,0,0
204.5202,12.2803,3047,0,0
204.5450,12.2965,3051,0,0
204.5698,12.3206,3057,0,0
204.5946,12.3126,3055,0,0
204.6194,12.2844,3048,0,0
204.6442,12.3206,3057,0,0
204.6690,12.3327,3060,0,0
204.6938,12.3206,3057,0,0
204.7186,12.2803,3047,0,0
204.7434,12.3085,3054,0,0
204.7682,12.2844,3048,0,0
204.7930,12.3287,3059,0,0
204.8178,12.3166,3056,0,0
204.8426,12.3448,3063,0,0
204.8674,12.2924,3050,0,0
204.8922,12.2924,3050,0,0
204.9170,12.3126,3055,0,0
204.9418,12.3206,3057,0,0
204.9666,12.3488,3064,0,0
204.9914,12.2803,3047,0,0
205.0162,12.3166,3056,0,0
205.0410,12.2803,3047,0,0
205.0658,12.3287,3059,0,0
205.0906,12.3529,3065,0,0
205.1154,12.3126,3055,0,0
205.1402,12.3206,3057,0,0
205.1650,12.3488,3064,0,0
205.1898,12.2763,3046,0,0
205.2146,12.3206,3057,0,0
205.2394,12.3488,3064,0,0
205.2642,12.2965,3051,0,0
205.2890,12.2924,3050,0,0
205.3138,12.3166,3056,0,0
205.3387,12.3206,3057,0,0
205.3634,12.2844,3048,0,0
205.3882,12.3488,3064,0,0
205.4131,12.2965,3051,0,0
205.4379,12.3206,3057,0,0
205.4627,12.3206,3057,0,0
205.4875,12.3126,3055,0,0
205.5123,12.3609,3067,0,0
205.5371,12.3206,3057,0,0
205.5619,12.3206,3057,0,0
205.5867,12.3166,3056,0,0
205.6115,12.3126,3055,0,0
205.6363,12.3085,3054,0,0
205.6611,12.3206,3057,0,0
205.6859,12.3287,3059,0,0
205.7107,12.3005,3052,0,0
205.7355,12.3206,3057,0,0
205.7603,12.2803,3047,0,0
205.7851,12.3166,3056,0,0
205.8099,12.2803,3047,0,0
205.8347,12.2763,3046,0,0
205.8595,12.2844,3048,0,0
205.8843,12.3206,3057,0,0
205.9091,12.3166,3056,0,0
205.9339,12.3085,3054,0,0
205.9587,12.2844,3048,0,0
205.9835,12.2803,3047,0,0
206.0083,12.3206,3057,0,0
206.0331,12.3166,3056,0,0
206.0579,12.2844,3048,0,0
206.0827,12.3206,3057,0,0
206.1075,12.3126,3055,0,0
206.1323,12.2602,3042,0,0
206.1571,12.3085,3054,0,0
206.1819,12.2924,3050,0,0
206.2067,12.2924,3050,0,0
206.2315,12.3126,3055,0,0
206.2563,12.3005,3052,0,0
206.2811,12.3206,3057,0,0
206.3059,12.3287,3059,0,0
206.3307,12.2803,3047,0,0
206.3555,12.3126,3055,0,0
206.3803,12.3327,3060,0,0
206.4052,12.3045,3053,0,0
206.4299,12.2844,3048,0,0
206.4548,12.3126,3055,0,0
206.4796,12.2803,3047,0,0
206.5044,12.2844,3048,0,0
206.5292,12.2844,3048,0,0
206.5540,12.3327,3060,0,0
206.5788,12.3690,3069,0,0
206.6036,12.3126,3055,0,0
206.6284,12.3287,3059,0,0
206.6532,12.3085,3054,0,0
206.6780,12.3126,3055,0,0
206.7028,12.2844,3048,0,0
206.7276,12.3327,3060,0,0
206.7524,12.3085,3054,0,0
206.7772,12.3287,3059,0,0
206.8020,12.3126,3055,0,0
206.8268,12.3085,3054,0,0
206.8516,12.3166,3056,0,0
206.8764,12.2844,3048,0,0
206.9012,12.3206,3057,0,0
206.9260,12.3005,3052,0,0
206.9508,12.3488,3064,0,0
206.9756,12.3045,3053,0,0
207.0004,12.3488,3064,0,0
207.0252,12.2844,3048,0,0
207.0500,12.3005,3052,0,0
207.0748,12.3126,3055,0,0
207.0996,12.3085,3054,0,0
207.1244,12.3085,3054,0,0
207.1492,12.3448,3063,0,0
207.1740,12.3327,3060,0,0
207.1988,12.2602,3042,0,0
207.2236,12.3206,3057,0,0
207.2484,12.3287,3059,0,0
207.2732,12.3166,3056,0,0
207.2980,12.2844,3048,0,0
207.3228,12.3166,3056,0,0
207.3476,12.3005,3052,0,0
207.3724,12.3126,3055,0,0
207.3972,12.3529,3065,0,0
207.4220,12.3126,3055,0,0
207.4469,12.2521,3040,0,0
207.4716,12.3126,3055,0,0
207.4964,12.2844,3048,0,0
207.5213,12.2924,3050,0,0
207.5461,12.3327,3060,0,0
207.5709,12.3126,3055,0,0
207.5957,12.3206,3057,0,0
207.6205,12.2844,3048,0,0
207.6453,12.3206,3057,0,0
207.6701,12.3166,3056,0,0
207.6949,12.2844,3048,0,0
207.7197,12.2602,3042,0,0
207.7445,12.3287,3059,0,0
207.7693,12.3126,3055,0,0
207.7941,12.2924,3050,0,0
207.8189,12.3287,3059,0,0
207.8437,12.3166,3056,0,0
207.8685,12.3166,3056,0,0
207.8933,12.2844,3048,0,0
207.9181,12.3408,3062,0,0
207.9429,12.3247,3058,0,0
207.9677,12.3448,3063,0,0
207.9925,12.2924,3050,0,0
208.0173,12.3166,3056,0,0
208.0421,12.2844,3048,0,0
208.0669,12.3126,3055,0,0
208.0917,12.3287,3059,0,0
208.1165,12.3206,3057,0,0
208.1413,12.3327,3060,0,0
208.1661,12.2844,3048,0,0
208.1909,12.3045,3053,0,0
208.2157,12.3166,3056,0,0
208.2405,12.3287,3059,0,0
208.2653,12.3085,3054,0,0
208.2901,12.3166,3056,0,0
208.3149,12.3126,3055,0,0
208.3397,12.3166,3056,0,0
208.3645,12.3488,3064,0,0
208.3893,12.3448,3063,0,0
208.4141,12.3448,3063,0,0
208.4389,12.2844,3048,0,0
208.4637,12.3206,3057,0,0
208.4885,12.2844,3048,0,0
208.5134,12.3206,3057,0,0
208.5381,12.3206,3057,0,0
208.5630,12.3126,3055,0,0
208.5878,12.2844,3048,0,0
208.6126,12.3569,3066,0,0
208.6374,12.2803,3047,0,0
208.6622,12.2682,3044,0,0
208.6870,12.3166,3056,0,0
208.7118,12.3247,3058,0,0
208.7366,12.3126,3055,0,0
208.7614,12.3206,3057,0,0
208.7862,12.3206,3057,0,0
208.8110,12.3287,3059,0,0
208.8358,12.3206,3057,0,0
208.8606,12.3690,3069,0,0
208.8854,12.3206,3057,0,0
208.9102,12.2803,3047,0,0
208.9350,12.3166,3056,0,0
208.9598,12.2924,3050,0,0
208.9846,12.3166,3056,0,0
209.0094,12.3206,3057,0,0
209.0342,12.3206,3057,0,0
209.0590,12.3126,3055,0,0
209.0838,12.3126,3055,0,0
209.1086,12.3206,3057,0,0
209.1334,12.3126,3055,0,0
209.1582,12.3085,3054,0,0
209.1830,12.2803,3047,0,0
209.2078,12.3206,3057,0,0
209.2326,12.3126,3055,0,0
209.2574,12.3488,3064,0,0
209.2822,12.3247,3058,0,0
209.3070,12.3287,3059,0,0
209.3318,12.3166,3056,0,0
209.3566,12.3085,3054,0,0
209.3814,12.2763,3046,0,0
209.4062,12.3488,3064,0,0
209.4310,12.2924,3050,0,0
209.4558,12.3005,3052,0,0
209.4806,12.3206,3057,0,0
209.5054,12.2924,3050,0,0
209.5302,12.3045,3053,0,0
209.5551,12.3569,3066,0,0
209.5798,12.2602,3042,0,0
209.6046,12.3206,3057,0,0
209.6295,12.3287,3059,0,0
209.6543,12.3287,3059,0,0
209.6791,12.3206,3057,0,0
209.7039,12.3166,3056,0,0
209.7287,12.3126,3055,0,0
209.7535,12.3327,3060,0,0
209.7783,12.2924,3050,0,0
209.8031,12.2924,3050,0,0
209.8279,12.2844,3048,0,0
209.8527,12.3206,3057,0,0
209.8775,12.3005,3052,0,0
209.9023,12.2965,3051,0,0
209.9271,12.3287,3059,0,0
209.9519,12.3206,3057,0,0
209.9767,12.3005,3052,0,0
210.0015,12.2803,3047,0,0
210.0263,12.3126,3055,0,0
210.0511,12.3327,3060,0,0
210.0759,12.3166,3056,0,0
210.1007,12.3166,3056,0,0
210.1255,12.3206,3057,0,0
210.1503,12.3085,3054,0,0
210.1751,12.3287,3059,0,0
210.1999,12.2924,3050,0,0
210.2247,12.2965,3051,0,0
210.2495,12.2844,3048,0,0
210.2743,12.2844,3048,0,0
210.2991,12.3085,3054,0,0
210.3239,12.3166,3056,0,0
210.3487,12.2924,3050,0,0
210.3735,12.2803,3047,0,0
210.3983,12.3166,3056,0,0
210.4231,12.3287,3059,0,0
210.4479,12.3085,3054,0,0
210.4727,12.3085,3054,0,0
210.4975,12.3327,3060,0,0
210.5223,12.2682,3044,0,0
210.5471,12.2924,3050,0,0
210.5719,12.3206,3057,0,0
210.5967,12.2965,3051,0,0
210.6216,12.2844,3048,0,0
210.6463,12.3488,3064,0,0
210.6712,12.3166,3056,0,0
210.6960,12.3327,3060,0,0
210.7208,12.3085,3054,0,0
210.7456,12.3488,3064,0,0
210.7704,12.2844,3048,0,0
210.7952,12.2803,3047,0,0
210.8200,12.3206,3057,0,0
210.8448,12.3529,3065,0,0
210.8696,12.3166,3056,0,0
210.8944,12.3166,3056,0,0
210.9192,12.3126,3055,0,0
210.9440,12.3488,3064,0,0
210.9688,12.3085,3054,0,0
210.9936,12.3085,3054,0,0
211.0184,12.3488,3064,0,0
211.0432,12.2803,3047,0,0
211.0680,12.2844,3048,0,0
211.0928,12.3166,3056,0,0
211.1176,12.3529,3065,0,0
211.1424,12.3287,3059,0,0
211.1672,12.3206,3057,0,0
211.1920,12.3085,3054,0,0
211.2168,12.3609,3067,0,0
211.2416,12.2844,3048,0,0
211.2664,12.2844,3048,0,0
211.2912,12.3005,3052,0,0
211.3160,12.3287,3059,0,0
211.3408,12.3045,3053,0,0
211.3656,12.3247,3058,0,0
211.3904,12.3206,3057,0,0
211.4152,12.3488,3064,0,0
211.4400,12.3166,3056,0,0
211.4648,12.3206,3057,0,0
211.4896,12.3488,3064,0,0
211.5144,12.3206,3057,0,0
211.5392,12.3206,3057,0,0
211.5640,12.3206,3057,0,0
211.5888,12.3206,3057,0,0
211.6136,12.3126,3055,0,0
211.6384,12.2924,3050,0,0
211.6633,12.3206,3057,0,0
211.6880,12.2803,3047,0,0
211.7128,12.3448,3063,0,0
211.7377,12.3287,3059,0,0
211.7625,12.2844,3048,0,0
211.7873,12.3287,3059,0,0
211.8121,12.3126,3055,0,0
211.8369,12.3166,3056,0,0
211.8617,12.3206,3057,0,0
211.8865,12.3166,3056,0,0
211.9113,12.2924,3050,0,0
211.9361,12.3529,3065,0,0
211.9609,12.2844,3048,0,0
211.9857,12.2965,3051,0,0
212.0105,12.2803,3047,0,0
212.0353,12.2844,3048,0,0
212.0601,12.3488,3064,0,0
212.0849,12.3529,3065,0,0
212.1097,12.3045,3053,0,0
212.1345,12.3287,3059,0,0
212.1593,12.3529,3065,0,0
212.1841,12.3045,3053,0,0
212.2089,12.3206,3057,0,0
212.2337,12.3166,3056,0,0
212.2585,12.3247,3058,0,0
212.2833,12.3287,3059,0,0
212.3081,12.3529,3065,0,0
212.3329,12.2924,3050,0,0
212.3577,12.2803,3047,0,0
212.3825,12.3448,3063,0,0
212.4073,12.2682,3044,0,0
212.4321,12.3126,3055,0,0
212.4569,12.2682,3044,0,0
212.4817,12.2924,3050,0,0
212.5065,12.3206,3057,0,0
212.5313,12.3448,3063,0,0
212.5561,12.3327,3060,0,0
212.5809,12.3488,3064,0,0
212.6057,12.2844,3048,0,0
212.6305,12.3166,3056,0,0
212.6553,12.3287,3059,0,0
212.6801,12.3287,3059,0,0
212.7049,12.3166,3056,0,0
212.7298,12.3206,3057,0,0
212.7545,12.2803,3047,0,0
212.7794,12.3327,3060,0,0
212.8042,12.3005,3052,0,0
212.8290,12.2844,3048,0,0
212.8538,12.3609,3067,0,0
212.8786,12.2844,3048,0,0
212.9034,12.3085,3054,0,0
212.9282,12.3488,3064,0,0
212.9530,12.3166,3056,0,0
212.9778,12.3206,3057,0,0
213.0026,12.3126,3055,0,0
213.0274,12.3166,3056,0,0
213.0522,12.2924,3050,0,0
213.0770,12.3206,3057,0,0
213.1018,12.3206,3057,0,0
213.1266,12.3166,3056,0,0
213.1514,12.3166,3056,0,0
213.1762,12.3327,3060,0,0
213.2010,12.3448,3063,0,0
213.2258,12.3166,3056,0,0
213.2506,12.3569,3066,0,0
213.2754,12.3287,3059,0,0
213.3002,12.3126,3055,0,0
213.3250,12.3005,3052,0,0
213.3498,12.3085,3054,0,0
213.3746,12.2924,3050,0,0
213.3994,12.3287,3059,0,0
213.4242,12.3166,3056,0,0
213.4490,12.3166,3056,0,0
213.4738,12.3126,3055,0,0
213.4986,12.3005,3052,0,0
213.5234,12.2682,3044,0,0
213.5482,12.3166,3056,0,0
213.5730,12.3005,3052,0,0
213.5978,12.3327,3060,0,0
213.6226,12.3166,3056,0,0
213.6474,12.3327,3060,0,0
213.6722,12.3206,3057,0,0
213.6970,12.3287,3059,0,0
213.7218,12.2844,3048,0,0
213.7466,12.3287,3059,0,0
213.7714,12.2844,3048,0,0
213.7962,12.3126,3055,0,0
213.8210,12.2924,3050,0,0
213.8459,12.3045,3053,0,0
213.8707,12.2844,3048,0,0
213.8955,12.3126,3055,0,0
213.9203,12.3206,3057,0,0
213.9451,12.3166,3056,0,0
213.9699,12.3327,3060,0,0
213.9947,12.3206,3057,0,0
214.0195,12.2803,3047,0,0
214.0443,12.2844,3048,0,0
214.0691,12.3448,3063,0,0
214.0939,12.3126,3055,0,0
214.1187,12.2844,3048,0,0
214.1435,12.3166,3056,0,0
214.1683,12.3126,3055,0,0
214.1931,12.2441,3038,0,0
214.2179,12.2844,3048,0,0
214.2427,12.3529,3065,0,0
214.2675,12.2844,3048,0,0
214.2923,12.3287,3059,0,0
214.3171,12.3327,3060,0,0
214.3419,12.2844,3048,0,0
214.3667,12.2803,3047,0,0
214.3915,12.2844,3048,0,0
214.4163,12.3327,3060,0,0
214.4411,12.2763,3046,0,0
214.4659,12.3166,3056,0,0
214.4907,12.3327,3060,0,0
214.5155,12.3488,3064,0,0
214.5403,12.3327,3060,0,0
214.5651,12.3166,3056,0,0
214.5899,12.3287,3059,0,0
214.6147,12.3126,3055,0,0
214.6395,12.3488,3064,0,0
214.6643,12.3488,3064,0,0
214.6891,12.3005,3052,0,0
214.7139,12.3085,3054,0,0
214.7387,12.2803,3047,0,0
214.7635,12.3085,3054,0,0
214.7883,12.3126,3055,0,0
214.8131,12.3206,3057,0,0
214.8380,12.3287,3059,0,0
214.8627,12.3166,3056,0,0
214.8876,12.3609,3067,0,0
214.9124,12.3126,3055,0,0
214.9371,12.3045,3053,0,0
214.9620,12.3529,3065,0,0
214.9868,12.3005,3052,0,0
215.0116,12.2803,3047,0,0
215.0364,12.2924,3050,0,0
215.0612,12.3327,3060,0,0
215.0860,12.3085,3054,0,0
215.1108,12.2924,3050,0,0
215.1356,12.3166,3056,0,0
215.1604,12.3206,3057,0,0
215.1852,12.2844,3048,0,0
215.2100,12.2723,3045,0,0
215.2348,12.2844,3048,0,0
215.2596,12.3126,3055,0,0
215.2844,12.3488,3064,0,0
215.3092,12.3085,3054,0,0
215.3340,12.3206,3057,0,0
215.3588,12.3126,3055,0,0
215.3836,12.3166,3056,0,0
215.4084,12.2844,3048,0,0
215.4332,12.3206,3057,0,0
215.4580,12.3327,3060,0,0
215.4828,12.3166,3056,0,0
215.5076,12.3206,3057,0,0
215.5324,12.3488,3064,0,0
215.5572,12.2763,3046,0,0
215.5820,12.3206,3057,0,0
215.6068,12.3085,3054,0,0
215.6316,12.3287,3059,0,0
215.6564,12.3126,3055,0,0
215.6812,12.3287,3059,0,0
215.7060,12.3327,3060,0,0
215.7308,12.3005,3052,0,0
215.7556,12.3206,3057,0,0
215.7804,12.3005,3052,0,0
215.8052,12.3488,3064,0,0
215.8300,12.3287,3059,0,0
215.8548,12.3085,3054,0,0
215.8796,12.3166,3056,0,0
215.9044,12.3166,3056,0,0
215.9292,12.3005,3052,0,0
215.9541,12.2924,3050,0,0
215.9789,12.3085,3054,0,0
216.0037,12.2924,3050,0,0
216.0285,12.3327,3060,0,0
216.0533,12.2844,3048,0,0
216.0781,12.2763,3046,0,0
216.1029,12.3126,3055,0,0
216.1277,12.3892,3074,0,0
216.1525,12.3488,3064,0,0
216.1773,12.2844,3048,0,0
216.2021,12.3126,3055,0,0
216.2269,12.3327,3060,0,0
216.2517,12.2844,3048,0,0
216.2765,12.3488,3064,0,0
216.3013,12.3045,3053,0,0
216.3261,12.2803,3047,0,0
216.3509,12.3085,3054,0,0
216.3757,12.2844,3048,0,0
216.4005,12.3247,3058,0,0
216.4253,12.3327,3060,0,0
216.4501,12.3126,3055,0,0
216.4749,12.2965,3051,0,0
216.4997,12.2844,3048,0,0
216.5245,12.3529,3065,0,0
216.5493,12.3206,3057,0,0
216.5741,12.2803,3047,0,0
216.5989,12.3126,3055,0,0
216.6237,12.3206,3057,0,0
216.6485,12.3569,3066,0,0
216.6733,12.3166,3056,0,0
216.6981,12.3045,3053,0,0
216.7229,12.3488,3064,0,0
216.7477,12.3166,3056,0,0
216.7725,12.3327,3060,0,0
216.7973,12.3247,3058,0,0
216.8221,12.3488,3064,0,0
216.8469,12.3488,3064,0,0
216.8717,12.3448,3063,0,0
216.8965,12.2763,3046,0,0
216.9213,12.2924,3050,0,0
216.9462,12.3287,3059,0,0
216.9709,12.3488,3064,0,0
216.9958,12.3569,3066,0,0
217.0206,12.3126,3055,0,0
217.0453,12.3126,3055,0,0
217.0702,12.3206,3057,0,0
217.0950,12.3206,3057,0,0
217.1198,12.3166,3056,0,0
217.1446,12.3529,3065,0,0
217.1694,12.3126,3055,0,0
217.1942,12.3529,3065,0,0
217.2190,12.2763,3046,0,0
217.2438,12.3206,3057,0,0
217.2686,12.3448,3063,0,0
217.2934,12.3206,3057,0,0
217.3182,12.3126,3055,0,0
217.3430,12.2924,3050,0,0
217.3678,12.3448,3063,0,0
217.3926,12.2924,3050,0,0
217.4174,12.3085,3054,0,0
217.4422,12.3166,3056,0,0
217.4670,12.3488,3064,0,0
217.4918,12.3166,3056,0,0
217.5166,12.3206,3057,0,0
217.5414,12.3488,3064,0,0
217.5662,12.2924,3050,0,0
217.5910,12.3166,3056,0,0
217.6158,12.2844,3048,0,0
217.6406,12.3126,3055,0,0
217.6654,12.3206,3057,0,0
217.6902,12.3287,3059,0,0
217.7150,12.3206,3057,0,0
217.7398,12.2763,3046,0,0
217.7646,12.3085,3054,0,0
217.7894,12.3327,3060,0,0
217.8142,12.3085,3054,0,0
217.8390,12.3166,3056,0,0
217.8638,12.3488,3064,0,0
217.8886,12.3206,3057,0,0
217.9134,12.2844,3048,0,0
217.9382,12.3045,3053,0,0
217.9630,12.3327,3060,0,0
217.9878,12.2803,3047,0,0
218.0126,12.3126,3055,0,0
218.0374,12.3005,3052,0,0
218.0623,12.3045,3053,0,0
218.0871,12.2844,3048,0,0
218.1119,12.2844,3048,0,0
218.1367,12.3085,3054,0,0
218.1615,12.3126,3055,0,0
218.1863,12.3206,3057,0,0
218.2111,12.3085,3054,0,0
218.2359,12.3166,3056,0,0
218.2607,12.3085,3054,0,0
218.2855,12.3206,3057,0,0
218.3103,12.3488,3064,0,0
218.3351,12.3448,3063,0,0
218.3599,12.3206,3057,0,0
218.3847,12.3126,3055,0,0
218.4095,12.3166,3056,0,0
218.4343,12.2844,3048,0,0
218.4591,12.3206,3057,0,0
218.4839,12.3166,3056,0,0
218.5087,12.3166,3056,0,0
218.5335,12.3327,3060,0,0
218.5583,12.2803,3047,0,0
218.5831,12.2924,3050,0,0
218.6079,12.3005,3052,0,0
218.6327,12.3166,3056,0,0
218.6575,12.3206,3057,0,0
218.6823,12.2924,3050,0,0
218.7071,12.2924,3050,0,0
218.7319,12.2924,3050,0,0
218.7567,12.3327,3060,0,0
218.7815,12.2803,3047,0,0
218.8063,12.3085,3054,0,0
218.8311,12.3085,3054,0,0
218.8559,12.3327,3060,0,0
218.8807,12.2763,3046,0,0
218.9055,12.3005,3052,0,0
218.9303,12.2924,3050,0,0
218.9551,12.3005,3052,0,0
218.9799,12.3126,3055,0,0
219.0047,12.3488,3064,0,0
219.0295,12.3166,3056,0,0
219.0544,12.2844,3048,0,0
219.0791,12.3327,3060,0,0
219.1040,12.2441,3038,0,0
219.1288,12.3085,3054,0,0
219.1535,12.3206,3057,0,0
219.1784,12.3488,3064,0,0
219.2032,12.2924,3050,0,0
219.2280,12.3529,3065,0,0
219.2528,12.3206,3057,0,0
219.2776,12.3005,3052,0,0
219.3024,12.3529,3065,0,0
219.3272,12.3690,3069,0,0
219.3520,12.3085,3054,0,0
219.3768,12.3126,3055,0,0
219.4016,12.3045,3053,0,0
219.4264,12.3488,3064,0,0
219.4512,12.2803,3047,0,0
219.4760,12.3085,3054,0,0
219.5008,12.3327,3060,0,0
219.5256,12.3166,3056,0,0
219.5504,12.3327,3060,0,0
219.5752,12.2844,3048,0,0
219.6000,12.3005,3052,0,0
219.6248,12.3166,3056,0,0
219.6496,12.3206,3057,0,0
219.6744,12.3085,3054,0,0
219.6992,12.3287,3059,0,0
219.7240,12.3126,3055,0,0
219.7488,12.3327,3060,0,0
219.7736,12.3287,3059,0,0
219.7984,12.3327,3060,0,0
219.8232,12.2844,3048,0,0
219.8480,12.3206,3057,0,0
219.8728,12.3529,3065,0,0
219.8976,12.2844,3048,0,0
219.9224,12.3247,3058,0,0
219.9472,12.3287,3059,0,0
219.9720,12.3005,3052,0,0
219.9968,12.3206,3057,0,0
220.0216,12.3005,3052,0,0
220.0464,12.3126,3055,0,0
220.0712,12.3085,3054,0,0
220.0960,12.3166,3056,0,0
220.1208,12.3166,3056,0,0
220.1456,12.2682,3044,0,0
220.1705,12.3166,3056,0,0
220.1953,12.3287,3059,0,0
220.2201,12.3126,3055,0,0
220.2449,12.3206,3057,0,0
220.2697,12.2844,3048,0,0
220.2945,12.3488,3064,0,0
220.3193,12.3126,3055,0,0
220.3441,12.3206,3057,0,0
220.3689,12.2844,3048,0,0
220.3937,12.2844,3048,0,0
220.4185,12.2803,3047,0,0
220.4433,12.2844,3048,0,0
220.4681,12.2844,3048,0,0
220.4929,12.3166,3056,0,0
220.5177,12.2924,3050,0,0
220.5425,12.3206,3057,0,0
220.5673,12.3166,3056,0,0
220.5921,12.3126,3055,0,0
220.6169,12.3166,3056,0,0
220.6417,12.3126,3055,0,0
220.6665,12.3327,3060,0,0
220.6913,12.2924,3050,0,0
220.7161,12.3327,3060,0,0
220.7409,12.3005,3052,0,0
220.7657,12.2803,3047,0,0
220.7905,12.2924,3050,0,0
220.8153,12.3166,3056,0,0
220.8401,12.4133,3080,0,0
220.8649,12.2803,3047,0,0
220.8897,12.3287,3059,0,0
220.9145,12.3005,3052,0,0
220.9393,12.3166,3056,0,0
220.9641,12.3085,3054,0,0
220.9889,12.2803,3047,0,0
221.0137,12.3085,3054,0,0
221.0385,12.3206,3057,0,0
221.0633,12.3085,3054,0,0
221.0881,12.3287,3059,0,0
221.1129,12.2844,3048,0,0
221.1377,12.3085,3054,0,0
221.1626,12.3126,3055,0,0
221.1873,12.3327,3060,0,0
221.2122,12.3488,3064,0,0
221.2370,12.2924,3050,0,0
221.2617,12.2844,3048,0,0
221.2866,12.2924,3050,0,0
221.3114,12.3650,3068,0,0
221.3362,12.2844,3048,0,0
221.3610,12.2602,3042,0,0
221.3858,12.3166,3056,0,0
221.4106,12.3045,3053,0,0
221.4354,12.3488,3064,0,0
221.4602,12.3247,3058,0,0
221.4850,12.2844,3048,0,0
221.5098,12.3166,3056,0,0
221.5346,12.3206,3057,0,0
221.5594,12.3085,3054,0,0
221.5842,12.2924,3050,0,0
221.6090,12.2803,3047,0,0
221.6338,12.3126,3055,0,0
221.6586,12.3609,3067,0,0
221.6834,12.2803,3047,0,0
221.7082,12.2763,3046,0,0
221.7330,12.3247,3058,0,0
221.7578,12.3327,3060,0,0
221.7826,12.3166,3056,0,0
221.8074,12.3287,3059,0,0
221.8322,12.3327,3060,0,0
221.8570,12.3327,3060,0,0
221.8818,12.3569,3066,0,0
221.9066,12.3287,3059,0,0
221.9314,12.3488,3064,0,0
221.9562,12.3327,3060,0,0
221.9810,12.3206,3057,0,0
222.0058,12.3529,3065,0,0
222.0306,12.3287,3059,0,0
222.0554,12.2763,3046,0,0
222.0802,12.2803,3047,0,0
222.1050,12.3206,3057,0,0
222.1298,12.3488,3064,0,0
222.1546,12.3005,3052,0,0
222.1794,12.3085,3054,0,0
222.2042,12.3005,3052,0,0
222.2290,12.2803,3047,0,0
222.2538,12.2803,3047,0,0
222.2787,12.3166,3056,0,0
222.3035,12.3327,3060,0,0
222.3283,12.2924,3050,0,0
222.3531,12.3005,3052,0,0
222.3779,12.2844,3048,0,0
222.4027,12.3569,3066,0,0
222.4275,12.2803,3047,0,0
222.4523,12.2803,3047,0,0
222.4771,12.3166,3056,0,0
222.5019,12.3166,3056,0,0
222.5267,12.2965,3051,0,0
222.5515,12.3085,3054,0,0
222.5763,12.3206,3057,0,0
222.6011,12.2844,3048,0,0
222.6259,12.2965,3051,0,0
222.6507,12.3085,3054,0,0
222.6755,12.2844,3048,0,0
222.7003,12.3206,3057,0,0
222.7251,12.3166,3056,0,0
222.7499,12.3327,3060,0,0
222.7747,12.3085,3054,0,0
222.7995,12.3287,3059,0,0
222.8243,12.3206,3057,0,0
222.8491,12.3126,3055,0,0
222.8739,12.3166,3056,0,0
222.8987,12.2763,3046,0,0
222.9235,12.2924,3050,0,0
222.9483,12.3206,3057,0,0
222.9731,12.3206,3057,0,0
222.9979,12.3206,3057,0,0
223.0227,12.3327,3060,0,0
223.0475,12.3247,3058,0,0
223.0723,12.3771,3071,0,0
223.0971,12.3327,3060,0,0
223.1219,12.3166,3056,0,0
223.1467,12.3126,3055,0,0
223.1715,12.3085,3054,0,0
223.1963,12.2803,3047,0,0
223.2211,12.3166,3056,0,0
223.2459,12.3126,3055,0,0
223.2708,12.2844,3048,0,0
223.2955,12.3206,3057,0,0
223.3203,12.3206,3057,0,0
223.3452,12.2844,3048,0,0
223.3699,12.3287,3059,0,0
223.3948,12.3166,3056,0,0
223.4196,12.3327,3060,0,0
223.4444,12.3529,3065,0,0
223.4692,12.2924,3050,0,0
223.4940,12.3206,3057,0,0
223.5188,12.2803,3047,0,0
223.5436,12.3085,3054,0,0
223.5684,12.3529,3065,0,0
223.5932,12.3126,3055,0,0
223.6180,12.3166,3056,0,0
223.6428,12.2844,3048,0,0
223.6676,12.3005,3052,0,0
223.6924,12.3166,3056,0,0
223.7172,12.3206,3057,0,0
223.7420,12.2924,3050,0,0
223.7668,12.2924,3050,0,0
223.7916,12.3005,3052,0,0
223.8164,12.2965,3051,0,0
223.8412,12.2924,3050,0,0
223.8660,12.2844,3048,0,0
223.8908,12.3247,3058,0,0
223.9156,12.3166,3056,0,0
223.9404,12.3005,3052,0,0
223.9652,12.2844,3048,0,0
223.9900,12.3327,3060,0,0
224.0148,12.3488,3064,0,0
224.0396,12.2844,3048,0,0
224.0644,12.2924,3050,0,0
224.0892,12.3488,3064,0,0
224.1140,12.3247,3058,0,0
224.1388,12.3206,3057,0,0
224.1636,12.2803,3047,0,0
224.1884,12.2844,3048,0,0
224.2132,12.3085,3054,0,0
224.2380,12.3126,3055,0,0
224.2628,12.3287,3059,0,0
224.2876,12.2602,3042,0,0
224.3124,12.3005,3052,0,0
224.3372,12.3206,3057,0,0
224.3620,12.3126,3055,0,0
224.3869,12.3126,3055,0,0
224.4117,12.2803,3047,0,0
224.4365,12.2924,3050,0,0
224.4613,12.2803,3047,0,0
224.4861,12.2844,3048,0,0
224.5109,12.3206,3057,0,0
224.5357,12.2924,3050,0,0
224.5605,12.2924,3050,0,0
224.5853,12.3569,3066,0,0
224.6101,12.3287,3059,0,0
224.6349,12.2844,3048,0,0
224.6597,12.3166,3056,0,0
224.6845,12.3005,3052,0,0
224.7093,12.3247,3058,0,0
224.7341,12.3206,3057,0,0
224.7589,12.3529,3065,0,0
224.7837,12.3005,3052,0,0
224.8085,12.3166,3056,0,0
224.8333,12.3005,3052,0,0
224.8581,12.2965,3051,0,0
224.8829,12.3166,3056,0,0
224.9077,12.3448,3063,0,0
224.9325,12.3287,3059,0,0
224.9573,12.2803,3047,0,0
224.9821,12.2844,3048,0,0
225.0069,12.3206,3057,0,0
225.0317,12.3327,3060,0,0
225.0565,12.2803,3047,0,0
225.0813,12.2844,3048,0,0
225.1061,12.3206,3057,0,0
225.1309,12.3126,3055,0,0
225.1557,12.2803,3047,0,0
225.1805,12.3085,3054,0,0
225.2053,12.2924,3050,0,0
225.2301,12.3287,3059,0,0
225.2549,12.3166,3056,0,0
225.2797,12.2924,3050,0,0
225.3045,12.3206,3057,0,0
225.3293,12.3488,3064,0,0
225.3541,12.2803,3047,0,0
225.3790,12.3327,3060,0,0
225.4037,12.3529,3065,0,0
225.4285,12.3529,3065,0,0
225.4534,12.2924,3050,0,0
225.4781,12.3166,3056,0,0
225.5030,12.3287,3059,0,0
225.5278,12.2924,3050,0,0
225.5526,12.3206,3057,0,0
225.5774,12.3609,3067,0,0
225.6022,12.2924,3050,0,0
225.6270,12.2924,3050,0,0
225.6518,12.3287,3059,0,0
225.6766,12.3488,3064,0,0
225.7014,12.2481,3039,0,0
225.7262,12.3126,3055,0,0
225.7510,12.3166,3056,0,0
225.7758,12.2844,3048,0,0
225.8006,12.3005,3052,0,0
225.8254,12.3085,3054,0,0
225.8502,12.2924,3050,0,0
225.8750,12.2924,3050,0,0
225.8998,12.2924,3050,0,0
225.9246,12.2682,3044,0,0
225.9494,12.3287,3059,0,0
225.9742,12.3206,3057,0,0
225.9990,12.2844,3048,0,0
226.0238,12.2924,3050,0,0
226.0486,12.3327,3060,0,0
226.0734,12.2602,3042,0,0
226.0982,12.2844,3048,0,0
226.1230,12.3166,3056,0,0
226.1478,12.3085,3054,0,0
226.1726,12.3166,3056,0,0
226.1974,12.2803,3047,0,0
226.2222,12.2924,3050,0,0
226.2470,12.2844,3048,0,0
226.2718,12.3085,3054,0,0
226.2966,12.2803,3047,0,0
226.3214,12.2924,3050,0,0
226.3462,12.2844,3048,0,0
226.3710,12.3327,3060,0,0
226.3958,12.3448,3063,0,0
226.4206,12.2844,3048,0,0
226.4454,12.3126,3055,0,0
226.4702,12.3488,3064,0,0
226.4951,12.3166,3056,0,0
226.5199,12.3166,3056,0,0
226.5447,12.2844,3048,0,0
226.5695,12.3287,3059,0,0
226.5943,12.2844,3048,0,0
226.6191,12.2924,3050,0,0
226.6439,12.3166,3056,0,0
226.6687,12.3529,3065,0,0
226.6935,12.3085,3054,0,0
226.7183,12.2844,3048,0,0
226.7431,12.3085,3054,0,0
226.7679,12.2844,3048,0,0
226.7927,12.2803,3047,0,0
226.8175,12.3287,3059,0,0
226.8423,12.3045,3053,0,0
226.8671,12.3126,3055,0,0
226.8919,12.3126,3055,0,0
226.9167,12.3085,3054,0,0
226.9415,12.3206,3057,0,0
226.9663,12.3206,3057,0,0
226.9911,12.3206,3057,0,0
227.0159,12.3206,3057,0,0
227.0407,12.3327,3060,0,0
227.0655,12.3609,3067,0,0
227.0903,12.3085,3054,0,0
227.1151,12.3126,3055,0,0
227.1399,12.3126,3055,0,0
227.1647,12.3448,3063,0,0
227.1895,12.3085,3054,0,0
227.2143,12.3085,3054,0,0
227.2391,12.3085,3054,0,0
227.2639,12.2803,3047,0,0
227.2887,12.3206,3057,0,0
227.3135,12.2803,3047,0,0
227.3383,12.3206,3057,0,0
227.3631,12.2602,3042,0,0
227.3879,12.3166,3056,0,0
227.4127,12.3126,3055,0,0
227.4375,12.2924,3050,0,0
227.4623,12.3206,3057,0,0
227.4872,12.3488,3064,0,0
227.5119,12.2965,3051,0,0
227.5367,12.2803,3047,0,0
227.5616,12.3126,3055,0,0
227.5863,12.3247,3058,0,0
227.6112,12.3488,3064,0,0
227.6360,12.3166,3056,0,0
227.6608,12.2965,3051,0,0
227.6856,12.2844,3048,0,0
227.7104,12.2682,3044,0,0
227.7352,12.3488,3064,0,0
227.7600,12.3206,3057,0,0
227.7848,12.3287,3059,0,0
227.8096,12.3488,3064,0,0
227.8344,12.3045,3053,0,0
227.8592,12.2844,3048,0,0
227.8840,12.3085,3054,0,0
227.9088,12.2763,3046,0,0
227.9336,12.3206,3057,0,0
227.9584,12.3085,3054,0,0
227.9832,12.3045,3053,0,0
228.0080,12.3005,3052,0,0
228.0328,12.3206,3057,0,0
228.0576,12.3569,3066,0,0
228.0824,12.2844,3048,0,0
228.1072,12.3126,3055,0,0
228.1320,12.3005,3052,0,0
228.1568,12.2803,3047,0,0
228.1816,12.2803,3047,0,0
228.2064,12.3005,3052,0,0
228.2312,12.2803,3047,0,0
228.2560,12.3085,3054,0,0
228.2808,12.3166,3056,0,0
228.3056,12.2844,3048,0,0
228.3304,12.2521,3040,0,0
228.3552,12.2803,3047,0,0
228.3800,12.3005,3052,0,0
228.4048,12.3327,3060,0,0
228.4296,12.2844,3048,0,0
228.4544,12.2844,3048,0,0
228.4792,12.3166,3056,0,0
228.5040,12.3166,3056,0,0
228.5288,12.3206,3057,0,0
228.5536,12.3166,3056,0,0
228.5784,12.3206,3057,0,0
228.6033,12.3488,3064,0,0
228.6281,12.3166,3056,0,0
228.6529,12.3287,3059,0,0
228.6777,12.3488,3064,0,0
228.7025,12.3206,3057,0,0
228.7273,12.3005,3052,0,0
228.7521,12.3327,3060,0,0
228.7769,12.3569,3066,0,0
228.8017,12.2924,3050,0,0
228.8265,12.3126,3055,0,0
228.8513,12.3206,3057,0,0
228.8761,12.3327,3060,0,0
228.9009,12.3166,3056,0,0
228.9257,12.3005,3052,0,0
228.9505,12.3206,3057,0,0
228.9753,12.3609,3067,0,0
229.0001,12.3206,3057,0,0
229.0249,12.3166,3056,0,0
229.0497,12.3247,3058,0,0
229.0745,12.3005,3052,0,0
229.0993,12.3206,3057,0,0
229.1241,12.3529,3065,0,0
229.1489,12.2199,3032,0,0
229.1737,12.3206,3057,0,0
229.1985,12.3488,3064,0,0
229.2233,12.2924,3050,0,0
229.2481,12.2924,3050,0,0
229.2729,12.3045,3053,0,0
229.2977,12.3166,3056,0,0
229.3225,12.3488,3064,0,0
229.3473,12.3206,3057,0,0
229.3721,12.3609,3067,0,0
229.3969,12.3126,3055,0,0
229.4217,12.3327,3060,0,0
229.4465,12.2965,3051,0,0
229.4713,12.3126,3055,0,0
229.4961,12.2763,3046,0,0
229.5209,12.3166,3056,0,0
229.5457,12.3126,3055,0,0
229.5705,12.3166,3056,0,0
229.5954,12.2924,3050,0,0
229.6201,12.2803,3047,0,0
229.6449,12.2924,3050,0,0
229.6698,12.3085,3054,0,0
229.6945,12.3166,3056,0,0
229.7194,12.3045,3053,0,0
229.7442,12.3085,3054,0,0
229.7690,12.3166,3056,0,0
229.7938,12.3126,3055,0,0
229.8186,12.3166,3056,0,0
229.8434,12.2844,3048,0,0
229.8682,12.3488,3064,0,0
229.8930,12.2521,3040,0,0
229.9178,12.3085,3054,0,0
229.9426,12.3085,3054,0,0
229.9674,12.3327,3060,0,0
229.9922,12.3206,3057,0,0
230.0170,12.3085,3054,0,0
230.0418,12.3327,3060,0,0
230.0666,12.2844,3048,0,0
230.0914,12.2844,3048,0,0
230.1162,12.2803,3047,0,0
230.1410,12.3206,3057,0,0
230.1658,12.2844,3048,0,0
230.1906,12.3126,3055,0,0
230.2154,12.2803,3047,0,0
230.2402,12.3488,3064,0,0
230.2650,12.3126,3055,0,0
230.2898,12.3327,3060,0,0
230.3146,12.3206,3057,0,0
230.3394,12.3448,3063,0,0
230.3642,12.3126,3055,0,0
230.3890,12.3690,3069,0,0
230.4138,12.3126,3055,0,0
230.4386,12.2844,3048,0,0
230.4634,12.3166,3056,0,0
230.4882,12.2521,3040,0,0
230.5130,12.3206,3057,0,0
230.5378,12.3166,3056,0,0
230.5626,12.3488,3064,0,0
230.5874,12.3166,3056,0,0
230.6122,12.2924,3050,0,0
230.6370,12.2844,3048,0,0
230.6618,12.2803,3047,0,0
230.6866,12.3045,3053,0,0
230.7115,12.3005,3052,0,0
230.7363,12.2924,3050,0,0
230.7611,12.2844,3048,0,0
230.7859,12.3126,3055,0,0
230.8107,12.3166,3056,0,0
230.8355,12.3488,3064,0,0
230.8603,12.3085,3054,0,0
230.8851,12.3206,3057,0,0
230.9099,12.3488,3064,0,0
230.9347,12.3488,3064,0,0
230.9595,12.2924,3050,0,0
230.9843,12.3166,3056,0,0
231.0091,12.2844,3048,0,0
231.0339,12.3206,3057,0,0
231.0587,12.3085,3054,0,0
231.0835,12.3247,3058,0,0
231.1083,12.3126,3055,0,0
231.1331,12.3126,3055,0,0
231.1579,12.3085,3054,0,0
231.1827,12.3085,3054,0,0
231.2075,12.3166,3056,0,0
231.2323,12.3730,3070,0,0
231.2571,12.3166,3056,0,0
231.2819,12.2844,3048,0,0
231.3067,12.3488,3064,0,0
231.3315,12.3206,3057,0,0
231.3563,12.3166,3056,0,0
231.3811,12.2803,3047,0,0
231.4059,12.3247,3058,0,0
231.4307,12.3287,3059,0,0
231.4555,12.2924,3050,0,0
231.4803,12.2924,3050,0,0
231.5051,12.2965,3051,0,0
231.5299,12.3488,3064,0,0
231.5547,12.3206,3057,0,0
231.5795,12.2682,3044,0,0
231.6043,12.3247,3058,0,0
231.6291,12.3488,3064,0,0
231.6539,12.2803,3047,0,0
231.6787,12.2844,3048,0,0
231.7035,12.3005,3052,0,0
231.7283,12.3247,3058,0,0
231.7531,12.3126,3055,0,0
231.7780,12.3287,3059,0,0
231.8027,12.3488,3064,0,0
231.8276,12.3327,3060,0,0
231.8524,12.2965,3051,0,0
231.8772,12.2763,3046,0,0
231.9020,12.2844,3048,0,0
231.9268,12.2924,3050,0,0
231.9516,12.3448,3063,0,0
231.9764,12.2602,3042,0,0
232.0012,12.2924,3050,0,0
232.0260,12.2803,3047,0,0
232.0508,12.3206,3057,0,0
232.0756,12.3126,3055,0,0
232.1004,12.2965,3051,0,0
232.1252,12.3247,3058,0,0
232.1500,12.3206,3057,0,0
232.1748,12.3126,3055,0,0
232.1996,12.3529,3065,0,0
232.2244,12.3529,3065,0,0
232.2492,12.2844,3048,0,0
232.2740,12.3206,3057,0,0
232.2988,12.3206,3057,0,0
232.3236,12.2481,3039,0,0
232.3484,12.3005,3052,0,0
232.3732,12.3529,3065,0,0
232.3980,12.3166,3056,0,0
232.4228,12.2803,3047,0,0
232.4476,12.2803,3047,0,0
232.4724,12.3166,3056,0,0
232.4972,12.3247,3058,0,0
232.5220,12.3327,3060,0,0
232.5468,12.2844,3048,0,0
232.5716,12.2924,3050,0,0
232.5964,12.3166,3056,0,0
232.6212,12.3206,3057,0,0
232.6460,12.3488,3064,0,0
232.6708,12.2844,3048,0,0
232.6956,12.2682,3044,0,0
232.7204,12.3287,3059,0,0
232.7452,12.3206,3057,0,0
232.7701,12.3126,3055,0,0
232.7948,12.3206,3057,0,0
232.8197,12.2602,3042,0,0
232.8445,12.2924,3050,0,0
232.8692,12.3126,3055,0,0
232.8941,12.3287,3059,0,0
232.9189,12.3206,3057,0,0
232.9437,12.2844,3048,0,0
232.9685,12.3005,3052,0,0
232.9933,12.3045,3053,0,0
233.0181,12.3529,3065,0,0
233.0429,12.3327,3060,0,0
233.0677,12.3206,3057,0,0
233.0925,12.2803,3047,0,0
233.1173,12.3247,3058,0,0
233.1421,12.3166,3056,0,0
233.1669,12.3085,3054,0,0
233.1917,12.3448,3063,0,0
233.2165,12.3166,3056,0,0
233.2413,12.3126,3055,0,0
233.2661,12.3005,3052,0,0
233.2909,12.3206,3057,0,0
233.3157,12.2602,3042,0,0
233.3405,12.3166,3056,0,0
233.3653,12.3166,3056,0,0
233.3901,12.2682,3044,0,0
233.4149,12.2803,3047,0,0
233.4397,12.3327,3060,0,0
233.4645,12.3448,3063,0,0
233.4893,12.2521,3040,0,0
233.5141,12.2844,3048,0,0
233.5389,12.3448,3063,0,0
233.5637,12.3529,3065,0,0
233.5885,12.3206,3057,0,0
233.6133,12.3045,3053,0,0
233.6381,12.3488,3064,0,0
233.6629,12.3085,3054,0,0
233.6877,12.3045,3053,0,0
233.7125,12.3529,3065,0,0
233.7373,12.3085,3054,0,0
233.7621,12.3529,3065,0,0
233.7869,12.2844,3048,0,0
233.8117,12.3045,3053,0,0
233.8365,12.3126,3055,0,0
233.8613,12.2844,3048,0,0
233.8862,12.2844,3048,0,0
233.9109,12.3569,3066,0,0
233.9358,12.2521,3040,0,0
233.9606,12.3085,3054,0,0
233.9854,12.3206,3057,0,0
234.0102,12.3045,3053,0,0
234.0350,12.3126,3055,0,0
234.0598,12.3085,3054,0,0
234.0846,12.2682,3044,0,0
234.1094,12.2763,3046,0,0
234.1342,12.2844,3048,0,0
234.1590,12.2965,3051,0,0
234.1838,12.3206,3057,0,0
234.2086,12.2924,3050,0,0
234.2334,12.3005,3052,0,0
234.2582,12.2803,3047,0,0
234.2830,12.3488,3064,0,0
234.3078,12.3206,3057,0,0
234.3326,12.2803,3047,0,0
234.3574,12.3126,3055,0,0
234.3822,12.3287,3059,0,0
234.4070,12.3085,3054,0,0
234.4318,12.3085,3054,0,0
234.4566,12.2844,3048,0,0
234.4814,12.2803,3047,0,0
234.5062,12.3206,3057,0,0
234.5310,12.3206,3057,0,0
234.5558,12.2803,3047,0,0
234.5806,12.2844,3048,0,0
234.6054,12.3287,3059,0,0
234.6302,12.2924,3050,0,0
234.6550,12.2682,3044,0,0
234.6798,12.3085,3054,0,0
234.7046,12.3247,3058,0,0
234.7294,12.3126,3055,0,0
234.7542,12.3206,3057,0,0
234.7790,12.3085,3054,0,0
234.8038,12.3247,3058,0,0
234.8286,12.3045,3053,0,0
234.8534,12.2844,3048,0,0
234.8783,12.3045,3053,0,0
234.9030,12.3327,3060,0,0
234.9279,12.3287,3059,0,0
234.9527,12.2844,3048,0,0
234.9774,12.2803,3047,0,0
235.0023,12.2763,3046,0,0
235.0271,12.3206,3057,0,0
235.0519,12.3045,3053,0,0
235.0767,12.3085,3054,0,0
235.1015,12.3166,3056,0,0
235.1263,12.3005,3052,0,0
235.1511,12.3569,3066,0,0
235.1759,12.2844,3048,0,0
235.2007,12.2602,3042,0,0
235.2255,12.3327,3060,0,0
235.2503,12.3488,3064,0,0
235.2751,12.2844,3048,0,0
235.2999,12.3166,3056,0,0
235.3247,12.2924,3050,0,0
235.3495,12.2803,3047,0,0
235.3743,12.2844,3048,0,0
235.3991,12.3085,3054,0,0
235.4239,12.2924,3050,0,0
235.4487,12.3166,3056,0,0
235.4735,12.3287,3059,0,0
235.4983,12.3206,3057,0,0
235.5231,12.2924,3050,0,0
235.5479,12.3085,3054,0,0
235.5727,12.2965,3051,0,0
235.5975,12.2924,3050,0,0
235.6223,12.3045,3053,0,0
235.6471,12.3005,3052,0,0
235.6719,12.3206,3057,0,0
235.6967,12.3126,3055,0,0
235.7215,12.2844,3048,0,0
235.7463,12.3206,3057,0,0
235.7711,12.3126,3055,0,0
235.7959,12.3408,3062,0,0
235.8207,12.2803,3047,0,0
235.8455,12.2844,3048,0,0
235.8703,12.3529,3065,0,0
235.8951,12.3569,3066,0,0
235.9199,12.3045,3053,0,0
235.9447,12.3126,3055,0,0
235.9695,12.3166,3056,0,0
235.9944,12.3166,3056,0,0
236.0191,12.3085,3054,0,0
236.0440,12.3166,3056,0,0
236.0688,12.3166,3056,0,0
236.0936,12.3166,3056,0,0
236.1184,12.3166,3056,0,0
236.1432,12.3327,3060,0,0
236.1680,12.3166,3056,0,0
236.1928,12.3126,3055,0,0
236.2176,12.3126,3055,0,0
236.2424,12.3327,3060,0,0
236.2672,12.2803,3047,0,0
236.2920,12.2803,3047,0,0
236.3168,12.3126,3055,0,0
236.3416,12.2803,3047,0,0
236.3664,12.3327,3060,0,0
236.3912,12.3126,3055,0,0
236.4160,12.2924,3050,0,0
236.4408,12.3206,3057,0,0
236.4656,12.3247,3058,0,0
236.4904,12.3126,3055,0,0
236.5152,12.3529,3065,0,0
236.5400,12.3488,3064,0,0
236.5648,12.3206,3057,0,0
236.5896,12.3126,3055,0,0
236.6144,12.3206,3057,0,0
236.6392,12.3085,3054,0,0
236.6640,12.2924,3050,0,0
236.6888,12.2803,3047,0,0
236.7136,12.3247,3058,0,0
236.7384,12.3287,3059,0,0
236.7632,12.3166,3056,0,0
236.7880,12.2844,3048,0,0
236.8128,12.3166,3056,0,0
236.8376,12.3488,3064,0,0
236.8624,12.2803,3047,0,0
236.8872,12.3247,3058,0,0
236.9120,12.3126,3055,0,0
236.9368,12.2844,3048,0,0
236.9616,12.2924,3050,0,0
236.9865,12.3005,3052,0,0
237.0112,12.2803,3047,0,0
237.0361,12.2763,3046,0,0
237.0609,12.3327,3060,0,0
237.0856,12.3488,3064,0,0
237.1105,12.3045,3053,0,0
237.1353,12.2844,3048,0,0
237.1601,12.3166,3056,0,0
237.1849,12.2844,3048,0,0
237.2097,12.3126,3055,0,0
237.2345,12.3126,3055,0,0
237.2593,12.3085,3054,0,0
237.2841,12.3126,3055,0,0
237.3089,12.2803,3047,0,0
237.3337,12.3287,3059,0,0
237.3585,12.3327,3060,0,0
237.3833,12.2763,3046,0,0
237.4081,12.2803,3047,0,0
237.4329,12.3126,3055,0,0
237.4577,12.2844,3048,0,0
237.4825,12.3166,3056,0,0
237.5073,12.3206,3057,0,0
237.5321,12.2844,3048,0,0
237.5569,12.3126,3055,0,0
237.5817,12.3206,3057,0,0
237.6065,12.3085,3054,0,0
237.6313,12.2803,3047,0,0
237.6561,12.2844,3048,0,0
237.6809,12.2803,3047,0,0
237.7057,12.3488,3064,0,0
237.7305,12.2844,3048,0,0
237.7553,12.3126,3055,0,0
237.7801,12.3206,3057,0,0
237.8049,12.2844,3048,0,0
237.8297,12.2844,3048,0,0
237.8545,12.3166,3056,0,0
237.8793,12.3166,3056,0,0
237.9041,12.2602,3042,0,0
237.9289,12.2844,3048,0,0
237.9537,12.3126,3055,0,0
237.9785,12.3206,3057,0,0
238.0033,12.2965,3051,0,0
238.0281,12.3085,3054,0,0
238.0529,12.2844,3048,0,0
238.0777,12.3488,3064,0,0
238.1026,12.3085,3054,0,0
238.1273,12.3166,3056,0,0
238.1522,12.2682,3044,0,0
238.1770,12.2924,3050,0,0
238.2018,12.3085,3054,0,0
238.2266,12.2844,3048,0,0
238.2514,12.3690,3069,0,0
238.2762,12.3005,3052,0,0
238.3010,12.3005,3052,0,0
238.3258,12.3126,3055,0,0
238.3506,12.3085,3054,0,0
238.3754,12.3206,3057,0,0
238.4002,12.2803,3047,0,0
238.4250,12.3005,3052,0,0
238.4498,12.2965,3051,0,0
238.4746,12.2844,3048,0,0
238.4994,12.3448,3063,0,0
238.5242,12.2844,3048,0,0
238.5490,12.2763,3046,0,0
238.5738,12.2965,3051,0,0
238.5986,12.2803,3047,0,0
238.6234,12.2481,3039,0,0
238.6482,12.2924,3050,0,0
238.6730,12.3085,3054,0,0
238.6978,12.3005,3052,0,0
238.7226,12.2844,3048,0,0
238.7474,12.2844,3048,0,0
238.7722,12.3166,3056,0,0
238.7970,12.3730,3070,0,0
238.8218,12.2924,3050,0,0
238.8466,12.3085,3054,0,0
238.8714,12.3126,3055,0,0
238.8962,12.2803,3047,0,0
238.9210,12.3085,3054,0,0
238.9458,12.3287,3059,0,0
238.9706,12.2844,3048,0,0
238.9954,12.3206,3057,0,0
239.0202,12.3085,3054,0,0
239.0450,12.3488,3064,0,0
239.0698,12.3488,3064,0,0
239.0947,12.2602,3042,0,0
239.1194,12.3045,3053,0,0
239.1443,12.2803,3047,0,0
239.1691,12.3005,3052,0,0
239.1938,12.2924,3050,0,0
239.2187,12.3206,3057,0,0
239.2435,12.3126,3055,0,0
239.2683,12.3166,3056,0,0
239.2931,12.3247,3058,0,0
239.3179,12.2844,3048,0,0
239.3427,12.3206,3057,0,0
239.3675,12.3166,3056,0,0
239.3923,12.2965,3051,0,0
239.4171,12.3206,3057,0,0
239.4419,12.2803,3047,0,0
239.4667,12.2803,3047,0,0
239.4915,12.3206,3057,0,0
239.5163,12.3327,3060,0,0
239.5411,12.3085,3054,0,0
239.5659,12.3085,3054,0,0
239.5907,12.3206,3057,0,0
239.6155,12.3085,3054,0,0
239.6403,12.3206,3057,0,0
239.6651,12.2844,3048,0,0
239.6899,12.2965,3051,0,0
239.7147,12.2965,3051,0,0
239.7395,12.3206,3057,0,0
239.7643,12.3126,3055,0,0
239.7891,12.3126,3055,0,0
239.8139,12.2844,3048,0,0
239.8387,12.3206,3057,0,0
239.8635,12.3166,3056,0,0
239.8883,12.3206,3057,0,0
239.9131,12.2924,3050,0,0
239.9379,12.3166,3056,0,0
239.9627,12.3529,3065,0,0
239.9875,12.2844,3048,0,0
240.0123,12.2803,3047,0,0
240.0371,12.3569,3066,0,0
240.0619,12.2682,3044,0,0
240.0867,12.2803,3047,0,0
240.1115,12.3166,3056,0,0
240.1363,12.2844,3048,0,0
240.1611,12.3166,3056,0,0
240.1859,12.2803,3047,0,0
240.2108,12.2803,3047,0,0
240.2355,12.2924,3050,0,0
240.2604,12.3287,3059,0,0
240.2852,12.1796,3022,0,0
240.3100,12.3005,3052,0,0
240.3348,12.2924,3050,0,0
240.3596,12.3166,3056,0,0
240.3844,12.2682,3044,0,0
240.4092,12.3287,3059,0,0
240.4340,12.3085,3054,0,0
240.4588,12.2924,3050,0,0
240.4836,12.3166,3056,0,0
240.5084,12.3327,3060,0,0
240.5332,12.2602,3042,0,0
240.5580,12.2602,3042,0,0
240.5828,12.3287,3059,0,0
240.6076,12.2803,3047,0,0
240.6324,12.2844,3048,0,0
240.6572,12.3085,3054,0,0
240.6820,12.2844,3048,0,0
240.7068,12.3327,3060,0,0
240.7316,12.3287,3059,0,0
240.7564,12.3206,3057,0,0
240.7812,12.3126,3055,0,0
240.8060,12.3045,3053,0,0
240.8308,12.2682,3044,0,0
240.8556,12.2723,3045,0,0
240.8804,12.3166,3056,0,0
240.9052,12.3085,3054,0,0
240.9300,12.2481,3039,0,0
240.9548,12.3166,3056,0,0
240.9796,12.2924,3050,0,0
241.0044,12.2763,3046,0,0
241.0292,12.3327,3060,0,0
241.0540,12.3166,3056,0,0
241.0788,12.2924,3050,0,0
241.1036,12.2763,3046,0,0
241.1284,12.3206,3057,0,0
241.1532,12.3247,3058,0,0
241.1780,12.3005,3052,0,0
241.2029,12.3166,3056,0,0
241.2276,12.3851,3073,0,0
241.2524,12.2924,3050,0,0
241.2773,12.3488,3064,0,0
241.3020,12.2602,3042,0,0
241.3269,12.3488,3064,0,0
241.3517,12.3327,3060,0,0
241.3765,12.3206,3057,0,0
241.4013,12.2803,3047,0,0
241.4261,12.3488,3064,0,0
241.4509,12.2803,3047,0,0
241.4757,12.3005,3052,0,0
241.5005,12.2844,3048,0,0
241.5253,12.2763,3046,0,0
241.5501,12.2924,3050,0,0
241.5749,12.3005,3052,0,0
241.5997,12.3327,3060,0,0
241.6245,12.3045,3053,0,0
241.6493,12.2763,3046,0,0
241.6741,12.3166,3056,0,0
241.6989,12.3488,3064,0,0
241.7237,12.2965,3051,0,0
241.7485,12.3206,3057,0,0
241.7733,12.2682,3044,0,0
241.7981,12.2844,3048,0,0
241.8229,12.3045,3053,0,0
241.8477,12.2965,3051,0,0
241.8725,12.3126,3055,0,0
241.8973,12.3448,3063,0,0
241.9221,12.3206,3057,0,0
241.9469,12.3327,3060,0,0
241.9717,12.2844,3048,0,0
241.9965,12.3085,3054,0,0
242.0213,12.2682,3044,0,0
242.0461,12.3206,3057,0,0
242.0709,12.2723,3045,0,0
242.0957,12.3126,3055,0,0
242.1205,12.3166,3056,0,0
242.1453,12.3085,3054,0,0
242.1701,12.3005,3052,0,0
242.1949,12.2965,3051,0,0
242.2197,12.2803,3047,0,0
242.2445,12.3085,3054,0,0
242.2693,12.2763,3046,0,0
242.2941,12.2763,3046,0,0
242.3190,12.2763,3046,0,0
242.3437,12.3166,3056,0,0
242.3686,12.3206,3057,0,0
242.3934,12.2844,3048,0,0
242.4182,12.2803,3047,0,0
242.4430,12.3005,3052,0,0
242.4678,12.2924,3050,0,0
242.4926,12.3206,3057,0,0
242.5174,12.3126,3055,0,0
242.5422,12.3206,3057,0,0
242.5670,12.2763,3046,0,0
242.5918,12.3206,3057,0,0
242.6166,12.2844,3048,0,0
242.6414,12.3206,3057,0,0
242.6662,12.3045,3053,0,0
242.6910,12.3085,3054,0,0
242.7158,12.2763,3046,0,0
242.7406,12.2924,3050,0,0
242.7654,12.3166,3056,0,0
242.7902,12.3085,3054,0,0
242.8150,12.3005,3052,0,0
242.8398,12.3166,3056,0,0
242.8646,12.3206,3057,0,0
242.8894,12.2844,3048,0,0
242.9142,12.3247,3058,0,0
242.9390,12.3206,3057,0,0
242.9638,12.2844,3048,0,0
242.9886,12.3206,3057,0,0
243.0134,12.3287,3059,0,0
243.0382,12.3206,3057,0,0
243.0630,12.2924,3050,0,0
243.0878,12.2803,3047,0,0
243.1126,12.3206,3057,0,0
243.1374,12.2803,3047,0,0
243.1622,12.2602,3042,0,0
243.1870,12.3206,3057,0,0
243.2118,12.3287,3059,0,0
243.2366,12.2924,3050,0,0
243.2614,12.3488,3064,0,0
243.2862,12.3247,3058,0,0
243.3111,12.2924,3050,0,0
243.3358,12.3327,3060,0,0
243.3606,12.3247,3058,0,0
243.3855,12.3206,3057,0,0
243.4102,12.2924,3050,0,0
243.4351,12.2844,3048,0,0
243.4599,12.3126,3055,0,0
243.4847,12.2602,3042,0,0
243.5095,12.2682,3044,0,0
243.5343,12.3206,3057,0,0
243.5591,12.2803,3047,0,0
243.5839,12.2682,3044,0,0
243.6087,12.3287,3059,0,0
243.6335,12.3166,3056,0,0
243.6583,12.3126,3055,0,0
243.6831,12.2844,3048,0,0
243.7079,12.2844,3048,0,0
243.7327,12.3085,3054,0,0
243.7575,12.2924,3050,0,0
243.7823,12.3287,3059,0,0
243.8071,12.3287,3059,0,0
243.8319,12.3206,3057,0,0
243.8567,12.3327,3060,0,0
243.8815,12.2844,3048,0,0
243.9063,12.2924,3050,0,0
243.9311,12.3126,3055,0,0
243.9559,12.2965,3051,0,0
243.9807,12.3126,3055,0,0
244.0055,12.2844,3048,0,0
244.0303,12.3206,3057,0,0
244.0551,12.3206,3057,0,0
244.0799,12.2763,3046,0,0
244.1047,12.2803,3047,0,0
244.1295,12.3206,3057,0,0
244.1543,12.3126,3055,0,0
244.1791,12.2965,3051,0,0
244.2039,12.3085,3054,0,0
244.2287,12.2803,3047,0,0
244.2535,12.3126,3055,0,0
244.2783,12.2682,3044,0,0
244.3031,12.2763,3046,0,0
244.3279,12.3287,3059,0,0
244.3527,12.3287,3059,0,0
244.3775,12.2844,3048,0,0
244.4023,12.2965,3051,0,0
244.4272,12.3206,3057,0,0
244.4520,12.3166,3056,0,0
244.4768,12.3166,3056,0,0
244.5016,12.2602,3042,0,0
244.5264,12.2844,3048,0,0
244.5512,12.3247,3058,0,0
244.5760,12.3206,3057,0,0
244.6008,12.2803,3047,0,0
244.6256,12.3206,3057,0,0
244.6504,12.3206,3057,0,0
244.6752,12.3529,3065,0,0
244.7000,12.2803,3047,0,0
244.7248,12.2682,3044,0,0
244.7496,12.3085,3054,0,0
244.7744,12.2844,3048,0,0
244.7992,12.2803,3047,0,0
244.8240,12.2803,3047,0,0
244.8488,12.2924,3050,0,0
244.8736,12.3166,3056,0,0
244.8984,12.2844,3048,0,0
244.9232,12.2803,3047,0,0
244.9480,12.3609,3067,0,0
244.9728,12.3166,3056,0,0
244.9976,12.3085,3054,0,0
245.0224,12.2844,3048,0,0
245.0472,12.2924,3050,0,0
245.0720,12.2803,3047,0,0
245.0968,12.3166,3056,0,0
245.1216,12.2924,3050,0,0
245.1464,12.3488,3064,0,0
245.1712,12.2844,3048,0,0
245.1960,12.2844,3048,0,0
245.2208,12.2965,3051,0,0
245.2456,12.3166,3056,0,0
245.2704,12.3166,3056,0,0
245.2952,12.3206,3057,0,0
245.3200,12.2924,3050,0,0
245.3448,12.2844,3048,0,0
245.3696,12.3247,3058,0,0
245.3944,12.3126,3055,0,0
245.4193,12.3327,3060,0,0
245.4440,12.3005,3052,0,0
245.4688,12.2844,3048,0,0
245.4937,12.3287,3059,0,0
245.5184,12.3206,3057,0,0
245.5433,12.2844,3048,0,0
245.5681,12.2844,3048,0,0
245.5929,12.3166,3056,0,0
245.6177,12.2803,3047,0,0
245.6425,12.2844,3048,0,0
245.6673,12.3206,3057,0,0
245.6921,12.3287,3059,0,0
245.7169,12.3166,3056,0,0
245.7417,12.2844,3048,0,0
245.7665,12.2844,3048,0,0
245.7913,12.3206,3057,0,0
245.8161,12.2682,3044,0,0
245.8409,12.3126,3055,0,0
245.8657,12.3166,3056,0,0
245.8905,12.3206,3057,0,0
245.9153,12.3126,3055,0,0
245.9401,12.2602,3042,0,0
245.9649,12.2844,3048,0,0
245.9897,12.3206,3057,0,0
246.0145,12.3488,3064,0,0
246.0393,12.2803,3047,0,0
246.0641,12.3166,3056,0,0
246.0889,12.3085,3054,0,0
246.1137,12.2844,3048,0,0
246.1385,12.2844,3048,0,0
246.1633,12.3166,3056,0,0
246.1881,12.3327,3060,0,0
246.2129,12.2602,3042,0,0
246.2377,12.2682,3044,0,0
246.2625,12.3206,3057,0,0
246.2873,12.3206,3057,0,0
246.3121,12.2844,3048,0,0
246.3369,12.3005,3052,0,0
246.3617,12.3126,3055,0,0
246.3865,12.3287,3059,0,0
246.4113,12.2803,3047,0,0
246.4361,12.3166,3056,0,0
246.4609,12.3045,3053,0,0
246.4857,12.2602,3042,0,0
246.5105,12.3005,3052,0,0
246.5354,12.2844,3048,0,0
246.5602,12.3085,3054,0,0
246.5850,12.2924,3050,0,0
246.6098,12.3126,3055,0,0
246.6346,12.2844,3048,0,0
246.6594,12.3166,3056,0,0
246.6842,12.2924,3050,0,0
246.7090,12.2682,3044,0,0
246.7338,12.3005,3052,0,0
246.7586,12.3287,3059,0,0
246.7834,12.3166,3056,0,0
246.8082,12.3327,3060,0,0
246.8330,12.2924,3050,0,0
246.8578,12.3166,3056,0,0
246.8826,12.3005,3052,0,0
246.9074,12.2924,3050,0,0
246.9322,12.3166,3056,0,0
246.9570,12.3085,3054,0,0
246.9818,12.2844,3048,0,0
247.0066,12.3206,3057,0,0
247.0314,12.3126,3055,0,0
247.0562,12.2763,3046,0,0
247.0810,12.3005,3052,0,0
247.1058,12.3287,3059,0,0
247.1306,12.2763,3046,0,0
247.1554,12.2924,3050,0,0
247.1802,12.3126,3055,0,0
247.2050,12.3045,3053,0,0
247.2298,12.3166,3056,0,0
247.2546,12.3206,3057,0,0
247.2794,12.2844,3048,0,0
247.3042,12.2924,3050,0,0
247.3290,12.3287,3059,0,0
247.3538,12.3247,3058,0,0
247.3786,12.2965,3051,0,0
247.4034,12.3166,3056,0,0
247.4282,12.3166,3056,0,0
247.4530,12.3085,3054,0,0
247.4778,12.3488,3064,0,0
247.5026,12.2682,3044,0,0
247.5275,12.3005,3052,0,0
247.5522,12.2844,3048,0,0
247.5770,12.2844,3048,0,0
247.6019,12.3206,3057,0,0
247.6266,12.2481,3039,0,0
247.6515,12.2682,3044,0,0
247.6763,12.3488,3064,0,0
247.7011,12.2521,3040,0,0
247.7259,12.2844,3048,0,0
247.7507,12.2602,3042,0,0
247.7755,12.2803,3047,0,0
247.8003,12.2965,3051,0,0
247.8251,12.3045,3053,0,0
247.8499,12.3287,3059,0,0
247.8747,12.3206,3057,0,0
247.8995,12.2844,3048,0,0
247.9243,12.3488,3064,0,0
247.9491,12.3569,3066,0,0
247.9739,12.2803,3047,0,0
247.9987,12.2844,3048,0,0
248.0235,12.3045,3053,0,0
248.0483,12.3085,3054,0,0
248.0731,12.3206,3057,0,0
248.0979,12.3045,3053,0,0
248.1227,12.3166,3056,0,0
248.1475,12.2924,3050,0,0
248.1723,12.2844,3048,0,0
248.1971,12.2924,3050,0,0
248.2219,12.3085,3054,0,0
248.2467,12.3085,3054,0,0
248.2715,12.2844,3048,0,0
248.2963,12.2965,3051,0,0
248.3211,12.3085,3054,0,0
248.3459,12.3529,3065,0,0
248.3707,12.2602,3042,0,0
248.3955,12.2924,3050,0,0
248.4203,12.2924,3050,0,0
248.4451,12.3166,3056,0,0
248.4699,12.2763,3046,0,0
248.4947,12.3206,3057,0,0
248.5195,12.3045,3053,0,0
248.5443,12.3166,3056,0,0
248.5691,12.2763,3046,0,0
248.5939,12.3448,3063,0,0
248.6187,12.3206,3057,0,0
248.6436,12.3206,3057,0,0
248.6684,12.2602,3042,0,0
248.6932,12.2803,3047,0,0
248.7180,12.3045,3053,0,0
248.7428,12.3206,3057,0,0
248.7676,12.3287,3059,0,0
248.7924,12.3247,3058,0,0
248.8172,12.3005,3052,0,0
248.8420,12.2803,3047,0,0
248.8668,12.2844,3048,0,0
248.8916,12.3085,3054,0,0
248.9164,12.3206,3057,0,0
248.9412,12.3247,3058,0,0
248.9660,12.2602,3042,0,0
248.9908,12.3287,3059,0,0
249.0156,12.2803,3047,0,0
249.0404,12.3005,3052,0,0
249.0652,12.3166,3056,0,0
249.0900,12.3206,3057,0,0
249.1148,12.2602,3042,0,0
249.1396,12.3327,3060,0,0
249.1644,12.3206,3057,0,0
249.1892,12.2844,3048,0,0
249.2140,12.3045,3053,0,0
249.2388,12.3488,3064,0,0
249.2636,12.3045,3053,0,0
249.2884,12.2803,3047,0,0
249.3132,12.3005,3052,0,0
249.3380,12.3126,3055,0,0
249.3628,12.3247,3058,0,0
249.3876,12.3287,3059,0,0
249.4124,12.2803,3047,0,0
249.4372,12.3206,3057,0,0
249.4620,12.3126,3055,0,0
249.4868,12.2682,3044,0,0
249.5116,12.3126,3055,0,0
249.5364,12.2965,3051,0,0
249.5612,12.3005,3052,0,0
249.5860,12.3005,3052,0,0
249.6108,12.3206,3057,0,0
249.6356,12.3529,3065,0,0
249.6604,12.2844,3048,0,0
249.6852,12.3126,3055,0,0
249.7101,12.2844,3048,0,0
249.7348,12.3166,3056,0,0
249.7597,12.3166,3056,0,0
249.7845,12.3045,3053,0,0
249.8093,12.3247,3058,0,0
249.8341,12.3488,3064,0,0
249.8589,12.2682,3044,0,0
249.8837,12.3166,3056,0,0
249.9085,12.2924,3050,0,0
249.9333,12.2763,3046,0,0
249.9581,12.3488,3064,0,0
249.9829,12.3206,3057,0,0
250.0077,12.3247,3058,0,0
250.0325,12.2803,3047,0,0
250.0573,12.3206,3057,0,0
250.0821,12.3085,3054,0,0
250.1069,12.2682,3044,0,0
250.1317,12.3085,3054,0,0
250.1565,12.2844,3048,0,0
250.1813,12.2844,3048,0,0
250.2061,12.2803,3047,0,0
250.2309,12.2844,3048,0,0
250.2557,12.3287,3059,0,0
250.2805,12.2803,3047,0,0
250.3053,12.2682,3044,0,0
250.3301,12.2158,3031,0,0
250.3549,12.3166,3056,0,0
250.3797,12.2844,3048,0,0
250.4045,12.3206,3057,0,0
250.4293,12.3166,3056,0,0
250.4541,12.2682,3044,0,0
250.4789,12.2924,3050,0,0
250.5037,12.3206,3057,0,0
250.5285,12.3206,3057,0,0
250.5533,12.2844,3048,0,0
250.5781,12.2924,3050,0,0
250.6029,12.3206,3057,0,0
250.6277,12.2844,3048,0,0
250.6525,12.2602,3042,0,0
250.6773,12.3085,3054,0,0
250.7021,12.2965,3051,0,0
250.7269,12.2924,3050,0,0
250.7518,12.3529,3065,0,0
250.7766,12.2924,3050,0,0
250.8013,12.3126,3055,0,0
250.8262,12.2844,3048,0,0
250.8510,12.3085,3054,0,0
250.8758,12.2763,3046,0,0
250.9006,12.3287,3059,0,0
250.9254,12.3166,3056,0,0
250.9502,12.3247,3058,0,0
250.9750,12.3206,3057,0,0
250.9998,12.2924,3050,0,0
251.0246,12.2924,3050,0,0
251.0494,12.3045,3053,0,0
251.0742,12.3045,3053,0,0
251.0990,12.3085,3054,0,0
251.1238,12.2602,3042,0,0
251.1486,12.2844,3048,0,0
251.1734,12.2924,3050,0,0
251.1982,12.2682,3044,0,0
251.2230,12.3085,3054,0,0
251.2478,12.3488,3064,0,0
251.2726,12.3327,3060,0,0
251.2974,12.3206,3057,0,0
251.3222,12.3126,3055,0,0
251.3470,12.3206,3057,0,0
251.3718,12.2803,3047,0,0
251.3966,12.3206,3057,0,0
251.4214,12.2682,3044,0,0
251.4462,12.3287,3059,0,0
251.4710,12.2965,3051,0,0
251.4958,12.3287,3059,0,0
251.5206,12.2924,3050,0,0
251.5454,12.2763,3046,0,0
251.5702,12.2924,3050,0,0
251.5950,12.3247,3058,0,0
251.6198,12.3166,3056,0,0
251.6446,12.2723,3045,0,0
251.6694,12.3126,3055,0,0
251.6942,12.3126,3055,0,0
251.7190,12.2803,3047,0,0
251.7438,12.3206,3057,0,0
251.7686,12.3166,3056,0,0
251.7934,12.3085,3054,0,0
251.8183,12.2965,3051,0,0
251.8430,12.3247,3058,0,0
251.8679,12.2803,3047,0,0
251.8927,12.3085,3054,0,0
251.9175,12.3126,3055,0,0
251.9423,12.3085,3054,0,0
251.9671,12.3126,3055,0,0
251.9919,12.3206,3057,0,0
252.0167,12.3287,3059,0,0
252.0415,12.2924,3050,0,0
252.0663,12.2481,3039,0,0
252.0911,12.3045,3053,0,0
252.1159,12.2803,3047,0,0
252.1407,12.3206,3057,0,0
252.1655,12.3206,3057,0,0
252.1903,12.3126,3055,0,0
252.2151,12.2803,3047,0,0
252.2399,12.3005,3052,0,0
252.2647,12.3166,3056,0,0
252.2895,12.3529,3065,0,0
252.3143,12.2965,3051,0,0
252.3391,12.3166,3056,0,0
252.3639,12.2602,3042,0,0
252.3887,12.3126,3055,0,0
252.4135,12.3529,3065,0,0
252.4383,12.2763,3046,0,0
252.4631,12.3045,3053,0,0
252.4879,12.2844,3048,0,0
252.5127,12.3488,3064,0,0
252.5375,12.3206,3057,0,0
252.5623,12.3045,3053,0,0
252.5871,12.3327,3060,0,0
252.6119,12.2844,3048,0,0
252.6367,12.2763,3046,0,0
252.6615,12.3085,3054,0,0
252.6863,12.2602,3042,0,0
252.7111,12.3166,3056,0,0
252.7359,12.3126,3055,0,0
252.7607,12.3327,3060,0,0
252.7855,12.3085,3054,0,0
252.8103,12.2924,3050,0,0
252.8351,12.3206,3057,0,0
252.8600,12.2682,3044,0,0
252.8848,12.3126,3055,0,0
252.9095,12.2763,3046,0,0
252.9344,12.3166,3056,0,0
252.9592,12.3327,3060,0,0
252.9840,12.3327,3060,0,0
253.0088,12.2481,3039,0,0
253.0336,12.3005,3052,0,0
253.0584,12.3085,3054,0,0
253.0832,12.3005,3052,0,0
253.1080,12.3488,3064,0,0
253.1328,12.3488,3064,0,0
253.1576,12.2844,3048,0,0
253.1824,12.3085,3054,0,0
253.2072,12.3005,3052,0,0
253.2320,12.3005,3052,0,0
253.2568,12.3569,3066,0,0
253.2816,12.2723,3045,0,0
253.3064,12.2924,3050,0,0
253.3312,12.2844,3048,0,0
253.3560,12.2924,3050,0,0
253.3808,12.3166,3056,0,0
253.4056,12.3085,3054,0,0
253.4304,12.3206,3057,0,0
253.4552,12.3166,3056,0,0
253.4800,12.2844,3048,0,0
253.5048,12.2844,3048,0,0
253.5296,12.3166,3056,0,0
253.5544,12.3166,3056,0,0
253.5792,12.2924,3050,0,0
253.6040,12.3166,3056,0,0
253.6288,12.3045,3053,0,0
253.6536,12.2602,3042,0,0
253.6784,12.3488,3064,0,0
253.7032,12.3005,3052,0,0
253.7280,12.2763,3046,0,0
253.7528,12.2844,3048,0,0
253.7776,12.3206,3057,0,0
253.8024,12.2481,3039,0,0
253.8272,12.3448,3063,0,0
253.8520,12.2682,3044,0,0
253.8768,12.3085,3054,0,0
253.9016,12.2965,3051,0,0
253.9265,12.3287,3059,0,0
253.9512,12.3166,3056,0,0
253.9761,12.3488,3064,0,0
254.0009,12.3126,3055,0,0
254.0257,12.3206,3057,0,0
254.0505,12.3287,3059,0,0
254.0753,12.2803,3047,0,0
254.1001,12.2965,3051,0,0
254.1249,12.3166,3056,0,0
254.1497,12.2965,3051,0,0
254.1745,12.3126,3055,0,0
254.1993,12.3206,3057,0,0
254.2241,12.3609,3067,0,0
254.2489,12.3126,3055,0,0
254.2737,12.3166,3056,0,0
254.2985,12.2924,3050,0,0
254.3233,12.2803,3047,0,0
254.3481,12.3206,3057,0,0
254.3729,12.3085,3054,0,0
254.3977,12.3247,3058,0,0
254.4225,12.2844,3048,0,0
254.4473,12.2924,3050,0,0
254.4721,12.3488,3064,0,0
254.4969,12.3166,3056,0,0
254.5217,12.3287,3059,0,0
254.5465,12.2844,3048,0,0
254.5713,12.3005,3052,0,0
254.5961,12.3085,3054,0,0
254.6209,12.3005,3052,0,0
254.6457,12.2844,3048,0,0
254.6705,12.3045,3053,0,0
254.6953,12.3166,3056,0,0
254.7201,12.3085,3054,0,0
254.7449,12.3126,3055,0,0
254.7697,12.2763,3046,0,0
254.7945,12.3448,3063,0,0
254.8193,12.2602,3042,0,0
254.8441,12.2803,3047,0,0
254.8689,12.2924,3050,0,0
254.8937,12.3166,3056,0,0
254.9185,12.3166,3056,0,0
254.9433,12.3327,3060,0,0
254.9682,12.3166,3056,0,0
254.9930,12.2803,3047,0,0
255.0177,12.3327,3060,0,0
255.0426,12.2803,3047,0,0
255.0674,12.2803,3047,0,0
255.0922,12.3166,3056,0,0
255.1170,12.3247,3058,0,0
255.1418,12.2965,3051,0,0
255.1666,12.2682,3044,0,0
255.1914,12.2924,3050,0,0
255.2162,12.3085,3054,0,0
255.2410,12.2924,3050,0,0
255.2658,12.3206,3057,0,0
255.2906,12.3488,3064,0,0
255.3154,12.3287,3059,0,0
255.3402,12.2844,3048,0,0
255.3650,12.2844,3048,0,0
255.3898,12.3247,3058,0,0
255.4146,12.2763,3046,0,0
255.4394,12.3045,3053,0,0
255.4642,12.2682,3044,0,0
255.4890,12.3206,3057,0,0
255.5138,12.3166,3056,0,0
255.5386,12.2803,3047,0,0
255.5634,12.3126,3055,0,0
255.5882,12.3045,3053,0,0
255.6130,12.3166,3056,0,0
255.6378,12.2803,3047,0,0
255.6626,12.3085,3054,0,0
255.6874,12.2844,3048,0,0
255.7122,12.3045,3053,0,0
255.7370,12.3206,3057,0,0
255.7618,12.3206,3057,0,0
255.7866,12.2924,3050,0,0
255.8114,12.3126,3055,0,0
255.8362,12.2803,3047,0,0
255.8610,12.3045,3053,0,0
255.8858,12.3166,3056,0,0
255.9106,12.3206,3057,0,0
255.9354,12.3166,3056,0,0
255.9602,12.2844,3048,0,0
255.9850,12.3569,3066,0,0
256.0099,12.2844,3048,0,0
256.0346,12.2844,3048,0,0
256.0594,12.2803,3047,0,0
256.0843,12.3005,3052,0,0
256.1091,12.3085,3054,0,0
256.1339,12.3126,3055,0,0
256.1587,12.3327,3060,0,0
256.1835,12.3327,3060,0,0
256.2083,12.3166,3056,0,0
256.2331,12.3206,3057,0,0
256.2579,12.3005,3052,0,0
256.2827,12.3529,3065,0,0
256.3075,12.2844,3048,0,0
256.3323,12.2723,3045,0,0
256.3571,12.3488,3064,0,0
256.3819,12.3085,3054,0,0
256.4067,12.3166,3056,0,0
256.4315,12.3166,3056,0,0
256.4563,12.3005,3052,0,0
256.4811,12.2803,3047,0,0
256.5059,12.3609,3067,0,0
256.5307,12.3206,3057,0,0
256.5555,12.2924,3050,0,0
256.5803,12.3045,3053,0,0
256.6051,12.2924,3050,0,0
256.6299,12.2844,3048,0,0
256.6547,12.2844,3048,0,0
256.6795,12.2803,3047,0,0
256.7043,12.3247,3058,0,0
256.7291,12.2803,3047,0,0
256.7539,12.3085,3054,0,0
256.7787,12.3085,3054,0,0
256.8035,12.3166,3056,0,0
256.8283,12.3005,3052,0,0
256.8531,12.2682,3044,0,0
256.8779,12.3287,3059,0,0
256.9027,12.3327,3060,0,0
256.9275,12.2924,3050,0,0
256.9523,12.2924,3050,0,0
256.9771,12.3569,3066,0,0
257.0020,12.2924,3050,0,0
257.0267,12.2844,3048,0,0
257.0515,12.3488,3064,0,0
257.0764,12.3045,3053,0,0
257.1011,12.3206,3057,0,0
257.1259,12.3327,3060,0,0
257.1508,12.2844,3048,0,0
257.1756,12.2844,3048,0,0
257.2003,12.3005,3052,0,0
257.2252,12.3005,3052,0,0
257.2500,12.3206,3057,0,0
257.2748,12.2924,3050,0,0
257.2996,12.3448,3063,0,0
257.3244,12.3287,3059,0,0
257.3492,12.3126,3055,0,0
257.3740,12.3327,3060,0,0
257.3988,12.2924,3050,0,0
257.4236,12.3206,3057,0,0
257.4484,12.2924,3050,0,0
257.4732,12.3126,3055,0,0
257.4980,12.3206,3057,0,0
257.5228,12.2844,3048,0,0
257.5476,12.3166,3056,0,0
257.5724,12.3085,3054,0,0
257.5972,12.3166,3056,0,0
257.6220,12.3085,3054,0,0
257.6468,12.2844,3048,0,0
257.6716,12.3206,3057,0,0
257.6964,12.3327,3060,0,0
257.7212,12.2763,3046,0,0
257.7460,12.3005,3052,0,0
257.7708,12.2803,3047,0,0
257.7956,12.2924,3050,0,0
257.8204,12.2803,3047,0,0
257.8452,12.3005,3052,0,0
257.8700,12.3045,3053,0,0
257.8948,12.3126,3055,0,0
257.9196,12.2803,3047,0,0
257.9444,12.2924,3050,0,0
257.9692,12.3005,3052,0,0
257.9940,12.2844,3048,0,0
258.0188,12.3045,3053,0,0
258.0436,12.2844,3048,0,0
258.0685,12.2924,3050,0,0
258.0932,12.3005,3052,0,0
258.1180,12.3247,3058,0,0
258.1429,12.3247,3058,0,0
258.1677,12.3247,3058,0,0
258.1924,12.2844,3048,0,0
258.2173,12.3287,3059,0,0
258.2421,12.3005,3052,0,0
258.2668,12.2844,3048,0,0
258.2917,12.3206,3057,0,0
258.3165,12.2844,3048,0,0
258.3413,12.2602,3042,0,0
258.3661,12.3045,3053,0,0
258.3909,12.3609,3067,0,0
258.4157,12.2803,3047,0,0
258.4405,12.3005,3052,0,0
258.4653,12.2803,3047,0,0
258.4901,12.3085,3054,0,0
258.5149,12.2803,3047,0,0
258.5397,12.2965,3051,0,0
258.5645,12.3327,3060,0,0
258.5893,12.3206,3057,0,0
258.6141,12.3448,3063,0,0
258.6389,12.3166,3056,0,0
258.6637,12.2844,3048,0,0
258.6885,12.2521,3040,0,0
258.7133,12.3045,3053,0,0
258.7381,12.2844,3048,0,0
258.7629,12.3085,3054,0,0
258.7877,12.3126,3055,0,0
258.8125,12.2924,3050,0,0
258.8373,12.2723,3045,0,0
258.8621,12.3327,3060,0,0
258.8869,12.2521,3040,0,0
258.9117,12.3126,3055,0,0
258.9365,12.3085,3054,0,0
258.9613,12.2763,3046,0,0
258.9861,12.2844,3048,0,0
259.0109,12.2844,3048,0,0
259.0357,12.3206,3057,0,0
259.0605,12.2803,3047,0,0
259.0853,12.2803,3047,0,0
259.1101,12.3166,3056,0,0
259.1349,12.3247,3058,0,0
259.1598,12.2803,3047,0,0
259.1845,12.2803,3047,0,0
259.2094,12.3287,3059,0,0
259.2342,12.3206,3057,0,0
259.2589,12.2803,3047,0,0
259.2838,12.3206,3057,0,0
259.3086,12.2844,3048,0,0
259.3334,12.3166,3056,0,0
259.3582,12.3005,3052,0,0
259.3830,12.2803,3047,0,0
259.4078,12.2763,3046,0,0
259.4326,12.2803,3047,0,0
259.4574,12.3327,3060,0,0
259.4822,12.2763,3046,0,0
259.5070,12.3166,3056,0,0
259.5318,12.2844,3048,0,0
259.5566,12.3287,3059,0,0
259.5814,12.2924,3050,0,0
259.6062,12.3529,3065,0,0
259.6310,12.2803,3047,0,0
259.6558,12.2803,3047,0,0
259.6806,12.2521,3040,0,0
259.7054,12.3085,3054,0,0
259.7302,12.2965,3051,0,0
259.7550,12.3085,3054,0,0
259.7798,12.2803,3047,0,0
259.8046,12.2844,3048,0,0
259.8294,12.2965,3051,0,0
259.8542,12.2844,3048,0,0
259.8790,12.3287,3059,0,0
259.9038,12.3005,3052,0,0
259.9286,12.3126,3055,0,0
259.9534,12.3085,3054,0,0
259.9782,12.2844,3048,0,0
260.0030,12.2803,3047,0,0
260.0278,12.2803,3047,0,0
260.0526,12.2682,3044,0,0
260.0774,12.2924,3050,0,0
260.1022,12.2844,3048,0,0
260.1270,12.3085,3054,0,0
260.1518,12.2924,3050,0,0
260.1766,12.2803,3047,0,0
260.2014,12.3005,3052,0,0
260.2263,12.2602,3042,0,0
260.2510,12.3166,3056,0,0
260.2758,12.2924,3050,0,0
260.3007,12.3005,3052,0,0
260.3255,12.2844,3048,0,0
260.3503,12.3126,3055,0,0
260.3751,12.2844,3048,0,0
260.3999,12.3126,3055,0,0
260.4247,12.3327,3060,0,0
260.4495,12.2803,3047,0,0
260.4743,12.2965,3051,0,0
260.4991,12.3488,3064,0,0
260.5239,12.3126,3055,0,0
260.5487,12.3247,3058,0,0
260.5735,12.2924,3050,0,0
260.5983,12.2965,3051,0,0
260.6231,12.2803,3047,0,0
260.6479,12.3126,3055,0,0
260.6727,12.3488,3064,0,0
260.6975,12.2803,3047,0,0
260.7223,12.3005,3052,0,0
260.7471,12.3166,3056,0,0
260.7719,12.2924,3050,0,0
260.7967,12.3166,3056,0,0
260.8215,12.3085,3054,0,0
260.8463,12.3206,3057,0,0
260.8711,12.3085,3054,0,0
260.8959,12.3166,3056,0,0
260.9207,12.2723,3045,0,0
260.9455,12.3045,3053,0,0
260.9703,12.2602,3042,0,0
260.9951,12.3005,3052,0,0
261.0199,12.3166,3056,0,0
261.0447,12.2602,3042,0,0
261.0695,12.2844,3048,0,0
261.0943,12.2924,3050,0,0
261.1191,12.3327,3060,0,0
261.1439,12.3327,3060,0,0
261.1687,12.3206,3057,0,0
261.1935,12.2723,3045,0,0
261.2184,12.2844,3048,0,0
261.2431,12.2844,3048,0,0
261.2679,12.3166,3056,0,0
261.2928,12.2844,3048,0,0
261.3175,12.2965,3051,0,0
261.3423,12.3166,3056,0,0
261.3672,12.3005,3052,0,0
261.3920,12.2924,3050,0,0
261.4167,12.3327,3060,0,0
261.4416,12.3085,3054,0,0
261.4664,12.2844,3048,0,0
261.4912,12.2803,3047,0,0
261.5160,12.2844,3048,0,0
261.5408,12.3327,3060,0,0
261.5656,12.2924,3050,0,0
261.5904,12.2844,3048,0,0
261.6152,12.3206,3057,0,0
261.6400,12.2763,3046,0,0
261.6648,12.3206,3057,0,0
261.6896,12.3085,3054,0,0
261.7144,12.2682,3044,0,0
261.7392,12.2602,3042,0,0
261.7640,12.3126,3055,0,0
261.7888,12.2844,3048,0,0
261.8136,12.3488,3064,0,0
261.8384,12.3126,3055,0,0
261.8632,12.2803,3047,0,0
261.8880,12.2924,3050,0,0
261.9128,12.3327,3060,0,0
261.9376,12.3287,3059,0,0
261.9624,12.3126,3055,0,0
261.9872,12.2803,3047,0,0
262.0120,12.2924,3050,0,0
262.0368,12.2965,3051,0,0
262.0616,12.3247,3058,0,0
262.0864,12.2763,3046,0,0
262.1112,12.2844,3048,0,0
262.1360,12.3085,3054,0,0
262.1608,12.3126,3055,0,0
262.1856,12.3206,3057,0,0
262.2104,12.2803,3047,0,0
262.2352,12.3166,3056,0,0
262.2600,12.3488,3064,0,0
262.2849,12.3085,3054,0,0
262.3096,12.2844,3048,0,0
262.3344,12.3569,3066,0,0
262.3593,12.2924,3050,0,0
262.3841,12.3488,3064,0,0
262.4088,12.3166,3056,0,0
262.4337,12.3488,3064,0,0
262.4585,12.3085,3054,0,0
262.4832,12.2844,3048,0,0
262.5081,12.2803,3047,0,0
262.5329,12.3126,3055,0,0
262.5577,12.3166,3056,0,0
262.5825,12.3166,3056,0,0
262.6073,12.2481,3039,0,0
262.6321,12.2965,3051,0,0
262.6569,12.3166,3056,0,0
262.6817,12.3126,3055,0,0
262.7065,12.3005,3052,0,0
262.7313,12.2763,3046,0,0
262.7561,12.3488,3064,0,0
262.7809,12.2803,3047,0,0
262.8057,12.2924,3050,0,0
262.8305,12.2924,3050,0,0
262.8553,12.2924,3050,0,0
262.8801,12.3488,3064,0,0
262.9049,12.3287,3059,0,0
262.9297,12.2763,3046,0,0
262.9545,12.3206,3057,0,0
262.9793,12.3166,3056,0,0
263.0041,12.3126,3055,0,0
263.0289,12.2924,3050,0,0
263.0537,12.3327,3060,0,0
263.0785,12.3126,3055,0,0
263.1033,12.3126,3055,0,0
263.1281,12.2924,3050,0,0
263.1529,12.3005,3052,0,0
263.1777,12.3085,3054,0,0
263.2025,12.3005,3052,0,0
263.2273,12.2844,3048,0,0
263.2521,12.3206,3057,0,0
263.2769,12.2844,3048,0,0
263.3017,12.3085,3054,0,0
263.3265,12.4053,3078,0,0
263.3513,12.2924,3050,0,0
263.3761,12.2803,3047,0,0
263.4009,12.3488,3064,0,0
263.4258,12.2924,3050,0,0
263.4506,12.3247,3058,0,0
263.4753,12.3166,3056,0,0
263.5002,12.2924,3050,0,0
263.5250,12.3045,3053,0,0
263.5498,12.3206,3057,0,0
263.5746,12.2803,3047,0,0
263.5994,12.2965,3051,0,0
263.6242,12.3085,3054,0,0
263.6490,12.3206,3057,0,0
263.6738,12.3529,3065,0,0
263.6986,12.2965,3051,0,0
263.7234,12.3448,3063,0,0
263.7482,12.3085,3054,0,0
263.7730,12.2803,3047,0,0
263.7978,12.2803,3047,0,0
263.8226,12.3085,3054,0,0
263.8474,12.3287,3059,0,0
263.8722,12.2844,3048,0,0
263.8970,12.2803,3047,0,0
263.9218,12.3488,3064,0,0
263.9466,12.2803,3047,0,0
263.9714,12.2844,3048,0,0
263.9962,12.3166,3056,0,0
264.0210,12.3126,3055,0,0
264.0458,12.3166,3056,0,0
264.0706,12.2803,3047,0,0
264.0954,12.2844,3048,0,0
264.1202,12.2844,3048,0,0
264.1450,12.3488,3064,0,0
264.1698,12.3206,3057,0,0
264.1946,12.3126,3055,0,0
264.2194,12.2965,3051,0,0
264.2442,12.2844,3048,0,0
264.2690,12.2602,3042,0,0
264.2938,12.3045,3053,0,0
264.3186,12.3085,3054,0,0
264.3434,12.2844,3048,0,0
264.3682,12.2844,3048,0,0
264.3930,12.3327,3060,0,0
264.4178,12.2803,3047,0,0
264.4427,12.2803,3047,0,0
264.4674,12.2844,3048,0,0
264.4922,12.3126,3055,0,0
264.5171,12.3448,3063,0,0
264.5418,12.2602,3042,0,0
264.5667,12.3126,3055,0,0
264.5915,12.3166,3056,0,0
264.6163,12.3085,3054,0,0
264.6411,12.3085,3054,0,0
264.6659,12.2803,3047,0,0
264.6907,12.2844,3048,0,0
264.7155,12.3085,3054,0,0
264.7403,12.3247,3058,0,0
264.7651,12.2803,3047,0,0
264.7899,12.2844,3048,0,0
264.8147,12.3126,3055,0,0
264.8395,12.2763,3046,0,0
264.8643,12.2682,3044,0,0
264.8891,12.3206,3057,0,0
264.9139,12.3045,3053,0,0
264.9387,12.3206,3057,0,0
264.9635,12.2682,3044,0,0
264.9883,12.3488,3064,0,0
265.0131,12.3126,3055,0,0
265.0379,12.2924,3050,0,0
265.0627,12.2924,3050,0,0
265.0875,12.2844,3048,0,0
265.1123,12.3166,3056,0,0
265.1371,12.3085,3054,0,0
265.1619,12.3166,3056,0,0
265.1867,12.3206,3057,0,0
265.2115,12.2965,3051,0,0
265.2363,12.3085,3054,0,0
265.2611,12.3206,3057,0,0
265.2859,12.2844,3048,0,0
265.3107,12.3206,3057,0,0
265.3355,12.3126,3055,0,0
265.3603,12.3287,3059,0,0
265.3851,12.3166,3056,0,0
265.4099,12.3166,3056,0,0
265.4348,12.3488,3064,0,0
265.4595,12.2844,3048,0,0
265.4843,12.3569,3066,0,0
265.5092,12.3005,3052,0,0
265.5339,12.2803,3047,0,0
265.5587,12.2924,3050,0,0
265.5836,12.3085,3054,0,0
265.6084,12.3126,3055,0,0
265.6331,12.3206,3057,0,0
265.6580,12.3166,3056,0,0
265.6828,12.2924,3050,0,0
265.7076,12.3287,3059,0,0
265.7324,12.2803,3047,0,0
265.7572,12.3488,3064,0,0
265.7820,12.3005,3052,0,0
265.8068,12.3045,3053,0,0
265.8316,12.2844,3048,0,0
265.8564,12.2763,3046,0,0
265.8812,12.3085,3054,0,0
265.9060,12.2965,3051,0,0
265.9308,12.3126,3055,0,0
265.9556,12.3126,3055,0,0
265.9804,12.3005,3052,0,0
266.0052,12.3206,3057,0,0
266.0300,12.2844,3048,0,0
266.0548,12.3206,3057,0,0
266.0796,12.3327,3060,0,0
266.1044,12.2602,3042,0,0
266.1292,12.3206,3057,0,0
266.1540,12.2844,3048,0,0
266.1788,12.3690,3069,0,0
266.2036,12.2803,3047,0,0
266.2284,12.2803,3047,0,0
266.2532,12.3166,3056,0,0
266.2780,12.2924,3050,0,0
266.3028,12.2844,3048,0,0
266.3276,12.2844,3048,0,0
266.3524,12.3166,3056,0,0
266.3772,12.3166,3056,0,0
266.4020,12.2844,3048,0,0
266.4268,12.2803,3047,0,0
266.4516,12.3529,3065,0,0
266.4764,12.3327,3060,0,0
266.5013,12.2763,3046,0,0
266.5260,12.2844,3048,0,0
266.5508,12.3166,3056,0,0
266.5757,12.2924,3050,0,0
266.6005,12.3126,3055,0,0
266.6252,12.3287,3059,0,0
266.6501,12.3166,3056,0,0
266.6749,12.2844,3048,0,0
266.6996,12.2521,3040,0,0
266.7245,12.2844,3048,0,0
266.7493,12.3045,3053,0,0
266.7741,12.2844,3048,0,0
266.7989,12.3005,3052,0,0
266.8237,12.2602,3042,0,0
266.8485,12.2803,3047,0,0
266.8733,12.2924,3050,0,0
266.8981,12.3085,3054,0,0
266.9229,12.3287,3059,0,0
266.9477,12.3206,3057,0,0
266.9725,12.3206,3057,0,0
266.9973,12.2924,3050,0,0
267.0221,12.3126,3055,0,0
267.0469,12.3166,3056,0,0
267.0717,12.3287,3059,0,0
267.0965,12.3206,3057,0,0
267.1213,12.3166,3056,0,0
267.1461,12.3247,3058,0,0
267.1709,12.2844,3048,0,0
267.1957,12.2844,3048,0,0
267.2205,12.2521,3040,0,0
267.2453,12.3327,3060,0,0
267.2701,12.3327,3060,0,0
267.2949,12.3529,3065,0,0
267.3197,12.2844,3048,0,0
267.3445,12.2844,3048,0,0
267.3693,12.3126,3055,0,0
267.3941,12.2844,3048,0,0
267.4189,12.2803,3047,0,0
267.4437,12.3085,3054,0,0
267.4685,12.3247,3058,0,0
267.4933,12.3488,3064,0,0
267.5181,12.2924,3050,0,0
267.5429,12.3206,3057,0,0
267.5677,12.3488,3064,0,0
267.5925,12.3126,3055,0,0
267.6173,12.2844,3048,0,0
267.6422,12.2602,3042,0,0
267.6670,12.2803,3047,0,0
267.6917,12.3085,3054,0,0
267.7166,12.2763,3046,0,0
267.7414,12.3085,3054,0,0
267.7662,12.2844,3048,0,0
267.7910,12.3609,3067,0,0
267.8158,12.2844,3048,0,0
267.8406,12.3247,3058,0,0
267.8654,12.3206,3057,0,0
267.8902,12.2803,3047,0,0
267.9150,12.2803,3047,0,0
267.9398,12.3166,3056,0,0
267.9646,12.3126,3055,0,0
267.9894,12.2602,3042,0,0
268.0142,12.2763,3046,0,0
268.0390,12.2924,3050,0,0
268.0638,12.3126,3055,0,0
268.0886,12.2803,3047,0,0
268.1134,12.3488,3064,0,0
268.1382,12.3206,3057,0,0
268.1630,12.3126,3055,0,0
268.1878,12.2965,3051,0,0
268.2126,12.2803,3047,0,0
268.2374,12.3166,3056,0,0
268.2622,12.3206,3057,0,0
268.2870,12.2803,3047,0,0
268.3118,12.3206,3057,0,0
268.3366,12.2965,3051,0,0
268.3614,12.2803,3047,0,0
268.3862,12.3206,3057,0,0
268.4110,12.3045,3053,0,0
268.4358,12.2763,3046,0,0
268.4606,12.3085,3054,0,0
268.4854,12.2924,3050,0,0
268.5102,12.3206,3057,0,0
268.5350,12.2763,3046,0,0
268.5598,12.2844,3048,0,0
268.5846,12.3085,3054,0,0
268.6094,12.3488,3064,0,0
268.6342,12.2723,3045,0,0
268.6591,12.3166,3056,0,0
268.6838,12.3166,3056,0,0
268.7086,12.3166,3056,0,0
268.7335,12.2682,3044,0,0
268.7582,12.3005,3052,0,0
268.7831,12.2844,3048,0,0
268.8079,12.3488,3064,0,0
268.8327,12.2844,3048,0,0
268.8575,12.3005,3052,0,0
268.8823,12.3126,3055,0,0
268.9071,12.2844,3048,0,0
268.9319,12.3206,3057,0,0
268.9567,12.3126,3055,0,0
268.9815,12.2602,3042,0,0
269.0063,12.2803,3047,0,0
269.0311,12.3126,3055,0,0
269.0559,12.3166,3056,0,0
269.0807,12.3166,3056,0,0
269.1055,12.2803,3047,0,0
269.1303,12.2844,3048,0,0
269.1551,12.3569,3066,0,0
269.1799,12.2924,3050,0,0
269.2047,12.2844,3048,0,0
269.2295,12.2844,3048,0,0
269.2543,12.2924,3050,0,0
269.2791,12.3085,3054,0,0
269.3039,12.2803,3047,0,0
269.3287,12.2924,3050,0,0
269.3535,12.2803,3047,0,0
269.3783,12.3488,3064,0,0
269.4031,12.3085,3054,0,0
269.4279,12.3166,3056,0,0
269.4527,12.2803,3047,0,0
269.4775,12.3327,3060,0,0
269.5023,12.3166,3056,0,0
269.5271,12.2803,3047,0,0
269.5519,12.3206,3057,0,0
269.5767,12.2844,3048,0,0
269.6015,12.3005,3052,0,0
269.6263,12.2844,3048,0,0
269.6512,12.3005,3052,0,0
269.6759,12.2844,3048,0,0
269.7007,12.2844,3048,0,0
269.7256,12.2965,3051,0,0
269.7503,12.2803,3047,0,0
269.7751,12.3448,3063,0,0
269.8000,12.2803,3047,0,0
269.8248,12.3166,3056,0,0
269.8495,12.3166,3056,0,0
269.8744,12.3206,3057,0,0
269.8992,12.2844,3048,0,0
269.9240,12.3206,3057,0,0
269.9488,12.2763,3046,0,0
269.9736,12.2803,3047,0,0
269.9984,12.3206,3057,0,0
270.0232,12.3126,3055,0,0
270.0480,12.2924,3050,0,0
270.0728,12.3206,3057,0,0
270.0976,12.3247,3058,0,0
270.1224,12.2803,3047,0,0
270.1472,12.3287,3059,0,0
270.1720,12.3206,3057,0,0
270.1968,12.3085,3054,0,0
270.2216,12.2844,3048,0,0
270.2464,12.2965,3051,0,0
270.2712,12.2763,3046,0,0
270.2960,12.2844,3048,0,0
270.3208,12.3488,3064,0,0
270.3456,12.3085,3054,0,0
270.3704,12.2763,3046,0,0
270.3952,12.2965,3051,0,0
270.4200,12.2844,3048,0,0
270.4448,12.2602,3042,0,0
270.4696,12.2924,3050,0,0
270.4944,12.3085,3054,0,0
270.5192,12.2924,3050,0,0
270.5440,12.3247,3058,0,0
270.5688,12.3206,3057,0,0
270.5936,12.2924,3050,0,0
270.6184,12.2844,3048,0,0
