# fixture_id,F3FD7C
# firmware,net-bench-2026-08-06.4
# capture_id,2
# pulse_ms,8
# requested_conversion_hz,80000
# vsns_sample_hz,40318.594
# d7s_sample_hz,40318.594
# radio_quiet,true
t_ms,bank_v,vsns_mv,d7s_mv,gate_command
-10.3178,12.2844,3048,0,0
-10.2930,12.2441,3038,0,0
-10.2682,12.3005,3052,0,0
-10.2434,12.3085,3054,0,0
-10.2186,12.2763,3046,0,0
-10.1938,12.3045,3053,0,0
-10.1690,12.2199,3032,0,0
-10.1442,12.3206,3057,0,0
-10.1194,12.2521,3040,0,0
-10.0946,12.2441,3038,0,0
-10.0698,12.3206,3057,0,0
-10.0450,12.3126,3055,0,0
-10.0202,12.2844,3048,0,0
-9.9954,12.2803,3047,0,0
-9.9706,12.2924,3050,0,0
-9.9458,12.2602,3042,0,0
-9.9210,12.3287,3059,0,0
-9.8962,12.2682,3044,0,0
-9.8714,12.2844,3048,0,0
-9.8466,12.3206,3057,0,0
-9.8218,12.2844,3048,0,0
-9.7970,12.2924,3050,0,0
-9.7722,12.2803,3047,0,0
-9.7474,12.3206,3057,0,0
-9.7226,12.2803,3047,0,0
-9.6978,12.3206,3057,0,0
-9.6730,12.2682,3044,0,0
-9.6482,12.2844,3048,0,0
-9.6234,12.3166,3056,0,0
-9.5985,12.2602,3042,0,0
-9.5737,12.2481,3039,0,0
-9.5489,12.3327,3060,0,0
-9.5241,12.2803,3047,0,0
-9.4993,12.2844,3048,0,0
-9.4745,12.2924,3050,0,0
-9.4497,12.3287,3059,0,0
-9.4249,12.2844,3048,0,0
-9.4001,12.2481,3039,0,0
-9.3753,12.2521,3040,0,0
-9.3505,12.2803,3047,0,0
-9.3257,12.2803,3047,0,0
-9.3009,12.2844,3048,0,0
-9.2761,12.3005,3052,0,0
-9.2513,12.3408,3062,0,0
-9.2265,12.2844,3048,0,0
-9.2017,12.2602,3042,0,0
-9.1769,12.2602,3042,0,0
-9.1521,12.3166,3056,0,0
-9.1273,12.2844,3048,0,0
-9.1025,12.2844,3048,0,0
-9.0777,12.2723,3045,0,0
-9.0529,12.2763,3046,0,0
-9.0281,12.3085,3054,0,0
-9.0033,12.3126,3055,0,0
-8.9785,12.2803,3047,0,0
-8.9537,12.2924,3050,0,0
-8.9289,12.2521,3040,0,0
-8.9041,12.2844,3048,0,0
-8.8793,12.2965,3051,0,0
-8.8545,12.3529,3065,0,0
-8.8297,12.2844,3048,0,0
-8.8049,12.2924,3050,0,0
-8.7801,12.2924,3050,0,0
-8.7553,12.2803,3047,0,0
-8.7305,12.3085,3054,0,0
-8.7057,12.2521,3040,0,0
-8.6809,12.2602,3042,0,0
-8.6561,12.3126,3055,0,0
-8.6313,12.3247,3058,0,0
-8.6065,12.3851,3073,0,0
-8.5816,12.2844,3048,0,0
-8.5568,12.3126,3055,0,0
-8.5320,12.2682,3044,0,0
-8.5072,12.2924,3050,0,0
-8.4824,12.2763,3046,0,0
-8.4576,12.3126,3055,0,0
-8.4328,12.2844,3048,0,0
-8.4080,12.2602,3042,0,0
-8.3832,12.2602,3042,0,0
-8.3584,12.3529,3065,0,0
-8.3336,12.3206,3057,0,0
-8.3088,12.2360,3036,0,0
-8.2840,12.2521,3040,0,0
-8.2592,12.3569,3066,0,0
-8.2344,12.2803,3047,0,0
-8.2096,12.2844,3048,0,0
-8.1848,12.2682,3044,0,0
-8.1600,12.3085,3054,0,0
-8.1352,12.2763,3046,0,0
-8.1104,12.2682,3044,0,0
-8.0856,12.2844,3048,0,0
-8.0608,12.3287,3059,0,0
-8.0360,12.2965,3051,0,0
-8.0112,12.2924,3050,0,0
-7.9864,12.3166,3056,0,0
-7.9616,12.3287,3059,0,0
-7.9368,12.3085,3054,0,0
-7.9120,12.3166,3056,0,0
-7.8872,12.2481,3039,0,0
-7.8624,12.3488,3064,0,0
-7.8376,12.2844,3048,0,0
-7.8128,12.2763,3046,0,0
-7.7880,12.2803,3047,0,0
-7.7632,12.3488,3064,0,0
-7.7384,12.2763,3046,0,0
-7.7136,12.2844,3048,0,0
-7.6888,12.2803,3047,0,0
-7.6640,12.2924,3050,0,0
-7.6392,12.3166,3056,0,0
-7.6144,12.2803,3047,0,0
-7.5896,12.2360,3036,0,0
-7.5647,12.3327,3060,0,0
-7.5399,12.2803,3047,0,0
-7.5151,12.3206,3057,0,0
-7.4903,12.2763,3046,0,0
-7.4655,12.1997,3027,0,0
-7.4407,12.3126,3055,0,0
-7.4159,12.2803,3047,0,0
-7.3911,12.2602,3042,0,0
-7.3663,12.2924,3050,0,0
-7.3415,12.3448,3063,0,0
-7.3167,12.3126,3055,0,0
-7.2919,12.3085,3054,0,0
-7.2671,12.2521,3040,0,0
-7.2423,12.3488,3064,0,0
-7.2175,12.3085,3054,0,0
-7.1927,12.2521,3040,0,0
-7.1679,12.2682,3044,0,0
-7.1431,12.3287,3059,0,0
-7.1183,12.3085,3054,0,0
-7.0935,12.2723,3045,0,0
-7.0687,12.2521,3040,0,0
-7.0439,12.2844,3048,0,0
-7.0191,12.3206,3057,0,0
-6.9943,12.2723,3045,0,0
-6.9695,12.2521,3040,0,0
-6.9447,12.3327,3060,0,0
-6.9199,12.2844,3048,0,0
-6.8951,12.2521,3040,0,0
-6.8703,12.2803,3047,0,0
-6.8455,12.3206,3057,0,0
-6.8207,12.2521,3040,0,0
-6.7959,12.2924,3050,0,0
-6.7711,12.3609,3067,0,0
-6.7463,12.2924,3050,0,0
-6.7215,12.2803,3047,0,0
-6.6967,12.3166,3056,0,0
-6.6719,12.3005,3052,0,0
-6.6471,12.2924,3050,0,0
-6.6223,12.3166,3056,0,0
-6.5975,12.2521,3040,0,0
-6.5726,12.3488,3064,0,0
-6.5478,12.3166,3056,0,0
-6.5230,12.2844,3048,0,0
-6.4982,12.2844,3048,0,0
-6.4734,12.2158,3031,0,0
-6.4486,12.3166,3056,0,0
-6.4238,12.2602,3042,0,0
-6.3990,12.2803,3047,0,0
-6.3742,12.3529,3065,0,0
-6.3494,12.3529,3065,0,0
-6.3246,12.2602,3042,0,0
-6.2998,12.2602,3042,0,0
-6.2750,12.3488,3064,0,0
-6.2502,12.2844,3048,0,0
-6.2254,12.2924,3050,0,0
-6.2006,12.2521,3040,0,0
-6.1758,12.3206,3057,0,0
-6.1510,12.2924,3050,0,0
-6.1262,12.2924,3050,0,0
-6.1014,12.2924,3050,0,0
-6.0766,12.3085,3054,0,0
-6.0518,12.2803,3047,0,0
-6.0270,12.2682,3044,0,0
-6.0022,12.2763,3046,0,0
-5.9774,12.3448,3063,0,0
-5.9526,12.3166,3056,0,0
-5.9278,12.2763,3046,0,0
-5.9030,12.2844,3048,0,0
-5.8782,12.3085,3054,0,0
-5.8534,12.2844,3048,0,0
-5.8286,12.2320,3035,0,0
-5.8038,12.2723,3045,0,0
-5.7790,12.2682,3044,0,0
-5.7542,12.2803,3047,0,0
-5.7294,12.2481,3039,0,0
-5.7046,12.3327,3060,0,0
-5.6798,12.3609,3067,0,0
-5.6550,12.2521,3040,0,0
-5.6302,12.2763,3046,0,0
-5.6054,12.3488,3064,0,0
-5.5806,12.3126,3055,0,0
-5.5557,12.2803,3047,0,0
-5.5309,12.2924,3050,0,0
-5.5061,12.2682,3044,0,0
-5.4813,12.2803,3047,0,0
-5.4565,12.2602,3042,0,0
-5.4317,12.2803,3047,0,0
-5.4069,12.3488,3064,0,0
-5.3821,12.3166,3056,0,0
-5.3573,12.3085,3054,0,0
-5.3325,12.2803,3047,0,0
-5.3077,12.3206,3057,0,0
-5.2829,12.3247,3058,0,0
-5.2581,12.2360,3036,0,0
-5.2333,12.3206,3057,0,0
-5.2085,12.2844,3048,0,0
-5.1837,12.3166,3056,0,0
-5.1589,12.2602,3042,0,0
-5.1341,12.3206,3057,0,0
-5.1093,12.3045,3053,0,0
-5.0845,12.2682,3044,0,0
-5.0597,12.2521,3040,0,0
-5.0349,12.3488,3064,0,0
-5.0101,12.2682,3044,0,0
-4.9853,12.2360,3036,0,0
-4.9605,12.3488,3064,0,0
-4.9357,12.3126,3055,0,0
-4.9109,12.2602,3042,0,0
-4.8861,12.2521,3040,0,0
-4.8613,12.3206,3057,0,0
-4.8365,12.2521,3040,0,0
-4.8117,12.2602,3042,0,0
-4.7869,12.3569,3066,0,0
-4.7621,12.3488,3064,0,0
-4.7373,12.2844,3048,0,0
-4.7125,12.2803,3047,0,0
-4.6877,12.3287,3059,0,0
-4.6629,12.2844,3048,0,0
-4.6381,12.3166,3056,0,0
-4.6133,12.3166,3056,0,0
-4.5885,12.2965,3051,0,0
-4.5637,12.2521,3040,0,0
-4.5388,12.3206,3057,0,0
-4.5140,12.2320,3035,0,0
-4.4892,12.3287,3059,0,0
-4.4644,12.2682,3044,0,0
-4.4396,12.2723,3045,0,0
-4.4148,12.3730,3070,0,0
-4.3900,12.3488,3064,0,0
-4.3652,12.2521,3040,0,0
-4.3404,12.2682,3044,0,0
-4.3156,12.3287,3059,0,0
-4.2908,12.3206,3057,0,0
-4.2660,12.2682,3044,0,0
-4.2412,12.2763,3046,0,0
-4.2164,12.2682,3044,0,0
-4.1916,12.3005,3052,0,0
-4.1668,12.2844,3048,0,0
-4.1420,12.2844,3048,0,0
-4.1172,12.3206,3057,0,0
-4.0924,12.2844,3048,0,0
-4.0676,12.2521,3040,0,0
-4.0428,12.2844,3048,0,0
-4.0180,12.3529,3065,0,0
-3.9932,12.3045,3053,0,0
-3.9684,12.2803,3047,0,0
-3.9436,12.2763,3046,0,0
-3.9188,12.3045,3053,0,0
-3.8940,12.2602,3042,0,0
-3.8692,12.3166,3056,0,0
-3.8444,12.2602,3042,0,0
-3.8196,12.3085,3054,0,0
-3.7948,12.3085,3054,0,0
-3.7700,12.2602,3042,0,0
-3.7452,12.2521,3040,0,0
-3.7204,12.2602,3042,0,0
-3.6956,12.3166,3056,0,0
-3.6708,12.2844,3048,0,0
-3.6460,12.2723,3045,0,0
-3.6212,12.2803,3047,0,0
-3.5964,12.3327,3060,0,0
-3.5716,12.2521,3040,0,0
-3.5468,12.2521,3040,0,0
-3.5219,12.2844,3048,0,0
-3.4971,12.3126,3055,0,0
-3.4723,12.3126,3055,0,0
-3.4475,12.2924,3050,0,0
-3.4227,12.3045,3053,0,0
-3.3979,12.2521,3040,0,0
-3.3731,12.2360,3036,0,0
-3.3483,12.2965,3051,0,0
-3.3235,12.3206,3057,0,0
-3.2987,12.3206,3057,0,0
-3.2739,12.2320,3035,0,0
-3.2491,12.2682,3044,0,0
-3.2243,12.3327,3060,0,0
-3.1995,12.3206,3057,0,0
-3.1747,12.3206,3057,0,0
-3.1499,12.2803,3047,0,0
-3.1251,12.2602,3042,0,0
-3.1003,12.2682,3044,0,0
-3.0755,12.3085,3054,0,0
-3.0507,12.2441,3038,0,0
-3.0259,12.2602,3042,0,0
-3.0011,12.2521,3040,0,0
-2.9763,12.3529,3065,0,0
-2.9515,12.3206,3057,0,0
-2.9267,12.3045,3053,0,0
-2.9019,12.2360,3036,0,0
-2.8771,12.2723,3045,0,0
-2.8523,12.2803,3047,0,0
-2.8275,12.2844,3048,0,0
-2.8027,12.3609,3067,0,0
-2.7779,12.2521,3040,0,0
-2.7531,12.2521,3040,0,0
-2.7283,12.2602,3042,0,0
-2.7035,12.3327,3060,0,0
-2.6787,12.3166,3056,0,0
-2.6539,12.2965,3051,0,0
-2.6291,12.2360,3036,0,0
-2.6043,12.2481,3039,0,0
-2.5795,12.2803,3047,0,0
-2.5547,12.2320,3035,0,0
-2.5299,12.3529,3065,0,0
-2.5050,12.2803,3047,0,0
-2.4802,12.2602,3042,0,0
-2.4554,12.2763,3046,0,0
-2.4306,12.3287,3059,0,0
-2.4058,12.2803,3047,0,0
-2.3810,12.2682,3044,0,0
-2.3562,12.3206,3057,0,0
-2.3314,12.2924,3050,0,0
-2.3066,12.2965,3051,0,0
-2.2818,12.3005,3052,0,0
-2.2570,12.2844,3048,0,0
-2.2322,12.2844,3048,0,0
-2.2074,12.2803,3047,0,0
-2.1826,12.2763,3046,0,0
-2.1578,12.2521,3040,0,0
-2.1330,12.3166,3056,0,0
-2.1082,12.3126,3055,0,0
-2.0834,12.2521,3040,0,0
-2.0586,12.3005,3052,0,0
-2.0338,12.3166,3056,0,0
-2.0090,12.2803,3047,0,0
-1.9842,12.2763,3046,0,0
-1.9594,12.3126,3055,0,0
-1.9346,12.2763,3046,0,0
-1.9098,12.2844,3048,0,0
-1.8850,12.2844,3048,0,0
-1.8602,12.3085,3054,0,0
-1.8354,12.3005,3052,0,0
-1.8106,12.3005,3052,0,0
-1.7858,12.2199,3032,0,0
-1.7610,12.3327,3060,0,0
-1.7362,12.3166,3056,0,0
-1.7114,12.2803,3047,0,0
-1.6866,12.2844,3048,0,0
-1.6618,12.3166,3056,0,0
-1.6370,12.2924,3050,0,0
-1.6122,12.2763,3046,0,0
-1.5874,12.3811,3072,0,0
-1.5626,12.2803,3047,0,0
-1.5378,12.2682,3044,0,0
-1.5129,12.2481,3039,0,0
-1.4881,12.3892,3074,0,0
-1.4633,12.3247,3058,0,0
-1.4385,12.2763,3046,0,0
-1.4137,12.2682,3044,0,0
-1.3889,12.3206,3057,0,0
-1.3641,12.3126,3055,0,0
-1.3393,12.2844,3048,0,0
-1.3145,12.2924,3050,0,0
-1.2897,12.3448,3063,0,0
-1.2649,12.2602,3042,0,0
-1.2401,12.2602,3042,0,0
-1.2153,12.2924,3050,0,0
-1.1905,12.3126,3055,0,0
-1.1657,12.3287,3059,0,0
-1.1409,12.2844,3048,0,0
-1.1161,12.2844,3048,0,0
-1.0913,12.3488,3064,0,0
-1.0665,12.3126,3055,0,0
-1.0417,12.2682,3044,0,0
-1.0169,12.2521,3040,0,0
-0.9921,12.3529,3065,0,0
-0.9673,12.2924,3050,0,0
-0.9425,12.3045,3053,0,0
-0.9177,12.2803,3047,0,0
-0.8929,12.2602,3042,0,0
-0.8681,12.3166,3056,0,0
-0.8433,12.2924,3050,0,0
-0.8185,12.3166,3056,0,0
-0.7937,12.3166,3056,0,0
-0.7689,12.3085,3054,0,0
-0.7441,12.2803,3047,0,0
-0.7193,12.4335,3085,0,0
-0.6945,12.3166,3056,0,0
-0.6697,12.3166,3056,0,0
-0.6449,12.2803,3047,0,0
-0.6201,12.3287,3059,0,0
-0.5953,12.2924,3050,0,0
-0.5705,12.2844,3048,0,0
-0.5457,12.2521,3040,0,0
-0.5209,12.2158,3031,0,0
-0.4960,12.2844,3048,0,0
-0.4712,12.2844,3048,0,0
-0.4464,12.2803,3047,0,0
-0.4216,12.3005,3052,0,0
-0.3968,12.2441,3038,0,0
-0.3720,12.2844,3048,0,0
-0.3472,12.2682,3044,0,0
-0.3224,12.3488,3064,0,0
-0.2976,12.2803,3047,0,0
-0.2728,12.2803,3047,0,0
-0.2480,12.3005,3052,0,0
-0.2232,12.2682,3044,0,0
-0.1984,12.3085,3054,0,0
-0.1736,12.2803,3047,0,0
-0.1488,12.2521,3040,0,0
-0.1240,12.2521,3040,0,0
-0.0992,12.3206,3057,0,0
-0.0744,12.2844,3048,0,0
-0.0496,12.2924,3050,0,0
-0.0248,12.2602,3042,0,0
0.0000,12.3529,3065,0,1
0.0248,12.3005,3052,0,1
0.0496,12.2602,3042,3180,1
0.0744,12.3126,3055,3181,1
0.0992,12.3206,3057,3180,1
0.1240,12.3327,3060,3185,1
0.1488,12.2844,3048,3181,1
0.1736,12.2682,3044,3185,1
0.1984,12.3771,3071,3181,1
0.2232,12.3206,3057,3187,1
0.2480,12.3166,3056,3186,1
0.2728,12.2844,3048,3179,1
0.2976,12.3247,3058,3183,1
0.3224,12.2602,3042,3184,1
0.3472,12.2763,3046,3185,1
0.3720,12.3045,3053,3185,1
0.3968,12.3166,3056,3181,1
0.4216,12.2924,3050,3184,1
0.4464,12.2844,3048,3187,1
0.4712,12.3488,3064,3184,1
0.4960,12.3126,3055,3180,1
0.5209,12.3287,3059,3185,1
0.5457,12.2803,3047,3186,1
0.5705,12.2844,3048,3186,1
0.5953,12.3529,3065,3181,1
0.6201,12.2924,3050,3189,1
0.6449,12.2844,3048,3185,1
0.6697,12.2803,3047,3185,1
0.6945,12.3206,3057,3183,1
0.7193,12.2602,3042,3182,1
0.7441,12.3045,3053,3186,1
0.7689,12.2763,3046,3178,1
0.7937,12.3609,3067,3179,1
0.8185,12.3206,3057,3180,1
0.8433,12.3005,3052,3184,1
0.8681,12.2320,3035,3186,1
0.8929,12.2521,3040,3185,1
0.9177,12.3488,3064,3183,1
0.9425,12.2844,3048,3183,1
0.9673,12.2521,3040,3185,1
0.9921,12.2965,3051,3185,1
1.0169,12.2844,3048,3185,1
1.0417,12.3206,3057,3187,1
1.0665,12.3166,3056,3187,1
1.0913,12.2360,3036,3181,1
1.1161,12.2521,3040,3186,1
1.1409,12.3488,3064,3184,1
1.1657,12.2844,3048,3181,1
1.1905,12.2682,3044,3186,1
1.2153,12.2602,3042,3185,1
1.2401,12.2602,3042,3182,1
1.2649,12.3569,3066,3180,1
1.2897,12.3569,3066,3180,1
1.3145,12.2803,3047,3187,1
1.3393,12.2682,3044,3183,1
1.3641,12.2803,3047,3180,1
1.3889,12.3690,3069,3184,1
1.4137,12.3529,3065,3180,1
1.4385,12.3327,3060,3185,1
1.4633,12.2320,3035,3188,1
1.4881,12.2682,3044,3185,1
1.5129,12.3287,3059,3183,1
1.5378,12.3771,3071,3187,1
1.5626,12.3690,3069,3189,1
1.5874,12.2481,3039,3185,1
1.6122,12.2682,3044,3180,1
1.6370,12.2441,3038,3185,1
1.6618,12.2844,3048,3180,1
1.6866,12.3569,3066,3185,1
1.7114,12.3529,3065,3185,1
1.7362,12.2924,3050,3186,1
1.7610,12.2682,3044,3189,1
1.7858,12.2844,3048,3187,1
1.8106,12.2844,3048,3186,1
1.8354,12.2965,3051,3187,1
1.8602,12.4899,3099,3185,1
1.8850,12.3529,3065,3186,1
1.9098,12.4415,3087,3185,1
1.9346,12.4133,3080,3185,1
1.9594,12.4133,3080,3183,1
1.9842,12.3771,3071,3183,1
2.0090,12.3569,3066,3185,1
2.0338,12.3327,3060,3174,1
2.0586,12.3730,3070,3186,1
2.0834,12.2844,3048,3189,1
2.1082,12.3085,3054,3189,1
2.1330,12.3166,3056,3185,1
2.1578,12.3166,3056,3189,1
2.1826,12.3851,3073,3184,1
2.2074,12.4295,3084,3180,1
2.2322,12.5544,3115,3185,1
2.2570,12.4980,3101,3185,1
2.2818,12.4496,3089,3189,1
2.3066,12.4496,3089,3189,1
2.3314,12.2682,3044,3189,1
2.3562,12.3488,3064,3189,1
2.3810,12.4375,3086,3179,1
2.4058,12.5544,3115,3187,1
2.4306,12.4214,3082,3188,1
2.4554,12.2682,3044,3189,1
2.4802,12.4174,3081,3183,1
2.5050,12.6108,3129,3186,1
2.5299,12.2803,3047,3189,1
2.5547,12.4859,3098,3186,1
2.5795,12.6148,3130,3189,1
2.6043,12.2803,3047,3189,1
2.6291,12.6108,3129,3189,1
2.6539,12.4698,3094,3189,1
2.6787,12.5544,3115,3186,1
2.7035,12.1232,3008,3189,1
2.7283,11.7282,2910,3163,1
2.7531,12.8526,3189,3189,1
2.7779,11.4461,2840,3107,1
2.8027,12.8526,3189,3189,1
2.8275,12.0627,2993,3112,1
2.8523,12.8526,3189,3189,1
2.8771,11.5226,2859,3159,1
2.9019,12.1191,3007,3134,1
2.9267,11.3131,2807,3140,1
2.9515,12.6390,3136,3189,1
2.9763,12.8526,3189,3136,1
3.0011,12.5020,3102,3189,1
3.0259,12.0305,2985,3189,1
3.0507,10.7125,2658,3189,1
3.0755,12.1352,3011,3189,1
3.1003,12.2199,3032,3189,1
3.1251,12.8526,3189,3165,1
3.1499,12.2521,3040,3189,1
3.1747,11.7242,2909,3164,1
3.1995,11.5105,2856,3189,1
3.2243,11.5629,2869,3189,1
3.2491,12.5987,3126,3186,1
3.2739,12.8486,3188,3160,1
3.2987,12.8526,3189,3189,1
3.3235,11.9055,2954,3166,1
3.3483,12.8365,3185,3163,1
3.3731,12.8526,3189,3189,1
3.3979,12.0143,2981,3189,1
3.4227,11.5912,2876,3189,1
3.4475,12.4174,3081,3189,1
3.4723,12.8526,3189,3162,1
3.4971,11.8531,2941,3189,1
3.5219,12.6874,3148,3170,1
3.5468,12.8526,3189,3183,1
3.5716,12.0466,2989,3141,1
3.5964,12.4496,3089,3166,1
3.6212,11.4461,2840,3189,1
3.6460,11.7604,2918,3189,1
3.6708,12.4214,3082,3173,1
3.6956,11.6516,2891,3082,1
3.7204,12.8526,3189,3167,1
3.7452,12.5141,3105,3179,1
3.7700,11.8048,2929,3167,1
3.7948,11.6516,2891,3189,1
3.8196,11.9055,2954,3150,1
3.8444,12.6028,3127,3160,1
3.8692,12.1876,3024,3174,1
3.8940,12.3327,3060,3156,1
3.9188,12.3005,3052,3189,1
3.9436,12.1151,3006,3169,1
3.9684,12.7075,3153,3177,1
3.9932,12.3851,3073,3167,1
4.0180,11.8007,2928,3189,1
4.0428,12.8526,3189,3130,1
4.0676,12.5342,3110,3168,1
4.0924,10.8214,2685,3160,1
4.1172,11.4622,2844,3159,1
4.1420,12.6672,3143,3166,1
4.1668,12.8526,3189,3189,1
4.1916,12.8526,3189,3189,1
4.2164,12.8526,3189,3189,1
4.2412,12.5423,3112,3189,1
4.2660,11.9498,2965,3189,1
4.2908,12.8526,3189,3180,1
4.3156,12.0466,2989,3189,1
4.3404,11.2365,2788,3167,1
4.3652,12.8526,3189,3165,1
4.3900,12.2682,3044,3189,1
4.4148,11.4783,2848,3189,1
4.4396,12.4818,3097,3189,1
4.4644,12.8526,3189,3179,1
4.4892,12.6672,3143,3189,1
4.5140,12.8325,3184,3137,1
4.5388,12.8526,3189,3189,1
4.5637,12.3287,3059,3186,1
4.5885,12.8526,3189,3162,1
4.6133,12.2320,3035,3189,1
4.6381,12.5705,3119,3155,1
4.6629,12.8164,3180,3089,1
4.6877,11.7886,2925,3166,1
4.7125,12.8526,3189,3189,1
4.7373,11.8854,2949,3157,1
4.7621,11.9378,2962,3189,1
4.7869,11.6798,2898,3189,1
4.8117,12.8526,3189,3173,1
4.8365,10.7851,2676,3149,1
4.8613,12.6068,3128,3173,1
4.8861,11.8975,2952,3189,1
4.9109,12.1836,3023,3160,1
4.9357,12.8526,3189,3180,1
4.9605,12.5705,3119,3189,1
4.9853,12.8526,3189,3181,1
5.0101,12.8526,3189,3151,1
5.0349,11.2728,2797,3160,1
5.0597,11.8048,2929,3174,1
5.0845,11.3977,2828,3172,1
5.1093,12.4859,3098,3189,1
5.1341,12.8526,3189,3189,1
5.1589,12.8526,3189,3181,1
5.1837,12.1796,3022,3189,1
5.2085,12.8365,3185,3189,1
5.2333,12.5383,3111,3115,1
5.2581,12.5786,3121,3189,1
5.2829,12.8526,3189,3189,1
5.3077,11.8531,2941,3189,1
5.3325,12.5544,3115,3149,1
5.3573,12.8526,3189,3189,1
5.3821,11.9700,2970,3159,1
5.4069,11.8652,2944,3189,1
5.4317,12.1352,3011,3154,1
5.4565,12.8526,3189,3189,1
5.4813,12.5987,3126,3189,1
5.5061,12.1514,3015,3173,1
5.5309,12.1635,3018,3189,1
5.5557,12.1594,3017,3180,1
5.5806,11.3010,2804,3189,1
5.6054,12.8526,3189,3157,1
5.6302,12.5544,3115,3156,1
5.6550,12.4859,3098,3189,1
5.6798,12.5463,3113,3189,1
5.7046,12.8526,3189,3189,1
5.7294,11.8088,2930,3189,1
5.7542,11.6032,2879,3189,1
5.7790,11.7080,2905,3189,1
5.8038,11.5226,2859,3189,1
5.8286,12.0143,2981,3189,1
5.8534,12.8526,3189,3189,1
5.8782,12.8526,3189,3189,1
5.9030,12.7680,3168,3189,1
5.9278,12.8526,3189,3189,1
5.9526,12.8204,3181,3180,1
5.9774,12.1232,3008,3189,1
6.0022,12.8526,3189,3163,1
6.0270,12.8526,3189,3180,1
6.0518,12.2602,3042,3186,1
6.0766,12.8526,3189,3189,1
6.1014,11.7886,2925,3183,1
6.1262,12.4496,3089,3185,1
6.1510,12.6592,3141,3160,1
6.1758,12.8164,3180,3189,1
6.2006,12.3247,3058,3189,1
6.2254,12.8526,3189,3189,1
6.2502,12.7075,3153,3176,1
6.2750,12.8526,3189,3170,1
6.2998,12.8526,3189,3189,1
6.3246,12.5866,3123,3160,1
6.3494,11.6355,2887,3172,1
6.3742,12.8526,3189,3189,1
6.3990,12.8405,3186,3189,1
6.4238,12.4295,3084,3189,1
6.4486,12.8526,3189,3169,1
6.4734,12.4496,3089,3189,1
6.4982,12.8526,3189,3189,1
6.5230,12.8526,3189,3189,1
6.5478,12.6874,3148,3189,1
6.5726,12.8526,3189,3189,1
6.5975,12.5383,3111,3189,1
6.6223,12.4133,3080,3175,1
6.6471,12.4456,3088,3189,1
6.6719,11.8330,2936,3189,1
6.6967,11.8692,2945,3189,1
6.7215,12.2239,3033,3189,1
6.7463,12.6592,3141,3127,1
6.7711,11.9095,2955,3179,1
6.7959,12.1635,3018,3163,1
6.8207,12.5866,3123,3189,1
6.8455,12.4214,3082,3189,1
6.8703,12.8526,3189,3189,1
6.8951,11.8209,2933,3189,1
6.9199,11.6798,2898,3189,1
6.9447,12.8526,3189,3189,1
6.9695,12.8526,3189,3175,1
6.9943,12.1796,3022,3189,1
7.0191,12.4295,3084,3089,1
7.0439,11.3695,2821,3160,1
7.0687,12.7519,3164,3185,1
7.0935,12.8526,3189,3158,1
7.1183,12.7962,3175,3173,1
7.1431,12.3529,3065,3133,1
7.1679,12.8526,3189,3189,1
7.1927,11.3534,2817,3189,1
7.2175,12.6068,3128,3189,1
7.2423,12.7075,3153,3189,1
7.2671,12.5584,3116,3189,1
7.2919,12.4174,3081,3189,1
7.3167,12.7358,3160,3189,1
7.3415,12.3932,3075,3189,1
7.3663,12.7882,3173,3189,1
7.3911,12.8526,3189,3167,1
7.4159,12.5987,3126,3169,1
7.4407,11.8330,2936,3123,1
7.4655,12.8526,3189,3189,1
7.4903,11.8934,2951,3189,1
7.5151,11.7645,2919,3189,1
7.5399,12.1352,3011,3189,1
7.5647,12.2279,3034,3189,1
7.5896,12.8526,3189,3189,1
7.6144,11.8813,2948,3189,1
7.6392,12.5987,3126,3143,1
7.6640,12.4818,3097,3189,1
7.6888,11.7242,2909,3189,1
7.7136,12.0143,2981,3189,1
7.7384,12.8526,3189,3180,1
7.7632,12.8526,3189,3189,1
7.7880,12.7116,3154,3189,1
7.8128,12.8526,3189,3157,1
7.8376,12.8526,3189,3189,1
7.8624,11.7040,2904,3189,1
7.8872,12.8526,3189,3170,1
7.9120,11.9095,2955,3185,1
7.9368,12.8526,3189,3189,1
7.9616,12.8526,3189,3189,1
7.9864,10.9866,2726,3189,1
8.0112,12.5866,3123,3189,0
8.0360,12.4456,3088,3175,0
8.0608,12.1232,3008,0,0
8.0856,12.3166,3056,0,0
8.1104,12.8526,3189,0,0
8.1352,12.3932,3075,0,0
8.1600,11.5670,2870,0,0
8.1848,11.6597,2893,0,0
8.2096,12.8526,3189,0,0
8.2344,12.8526,3189,0,0
8.2592,12.7438,3162,0,0
8.2840,12.7237,3157,0,0
8.3088,11.8612,2943,0,0
8.3336,11.6959,2902,0,0
8.3584,11.9095,2955,0,0
8.3832,12.8526,3189,0,0
8.4080,12.3650,3068,0,0
8.4328,12.3851,3073,0,0
8.4576,12.8526,3189,0,0
8.4824,11.4864,2850,0,0
8.5072,11.7362,2912,0,0
8.5320,11.8692,2945,0,0
8.5568,12.2158,3031,2,0
8.5816,12.8526,3189,0,0
8.6065,12.8526,3189,0,0
8.6313,11.8652,2944,0,0
8.6561,12.7640,3167,0,0
8.6809,12.8526,3189,0,0
8.7057,12.6148,3130,0,0
8.7305,11.8975,2952,18,0
8.7553,11.2969,2803,0,0
8.7801,11.8410,2938,0,0
8.8049,12.8526,3189,0,0
8.8297,11.3735,2822,0,0
8.8545,12.3851,3073,0,0
8.8793,12.6672,3143,0,0
8.9041,12.8526,3189,0,0
8.9289,12.7519,3164,0,0
8.9537,12.8526,3189,0,0
8.9785,12.4012,3077,0,0
9.0033,11.6274,2885,0,0
9.0281,12.4738,3095,0,0
9.0529,12.1635,3018,0,0
9.0777,11.7645,2919,0,0
9.1025,12.8526,3189,6,0
9.1273,12.1393,3012,34,0
9.1521,12.8526,3189,0,0
9.1769,11.1438,2765,0,0
9.2017,12.0143,2981,0,0
9.2265,12.3771,3071,0,0
9.2513,12.0425,2988,0,0
9.2761,11.8410,2938,0,0
9.3009,12.2360,3036,0,0
9.3257,12.2199,3032,0,0
9.3505,12.8526,3189,7,0
9.3753,11.8531,2941,0,0
9.4001,12.6350,3135,2,0
9.4249,12.8526,3189,0,0
9.4497,11.5226,2859,0,0
9.4745,11.9418,2963,0,0
9.4993,12.8526,3189,0,0
9.5241,12.3166,3056,0,0
9.5489,12.7358,3160,0,0
9.5737,12.4738,3095,0,0
9.5985,12.8526,3189,0,0
9.6234,12.0143,2981,0,0
9.6482,11.3695,2821,0,0
9.6730,12.5866,3123,0,0
9.6978,12.8526,3189,0,0
9.7226,10.8455,2691,0,0
9.7474,12.3851,3073,2,0
9.7722,11.9619,2968,0,0
9.7970,12.8526,3189,0,0
9.8218,12.4375,3086,0,0
9.8466,12.1715,3020,0,0
9.8714,12.5222,3107,0,0
9.8962,12.8526,3189,31,0
9.9210,12.8526,3189,0,0
9.9458,12.7358,3160,0,0
9.9706,12.7882,3173,0,0
9.9954,12.0506,2990,0,0
10.0202,12.7075,3153,0,0
10.0450,11.3856,2825,0,0
10.0698,12.0748,2996,0,0
10.0946,12.8526,3189,3,0
10.1194,11.5146,2857,0,0
10.1442,12.4214,3082,0,0
10.1690,12.8526,3189,0,0
10.1938,11.3856,2825,0,0
10.2186,12.6350,3135,0,0
10.2434,12.8526,3189,0,0
10.2682,12.2924,3050,0,0
10.2930,12.8526,3189,0,0
10.3178,12.0143,2981,0,0
10.3426,11.9821,2973,0,0
10.3674,12.8526,3189,0,0
10.3922,11.7080,2905,0,0
10.4170,11.7967,2927,0,0
10.4418,12.5584,3116,0,0
10.4666,11.6516,2891,0,0
10.4914,12.2279,3034,0,0
10.5162,12.8526,3189,0,0
10.5410,11.4864,2850,0,0
10.5658,12.8526,3189,0,0
10.5906,12.1997,3027,0,0
10.6154,12.4738,3095,0,0
10.6403,11.8612,2943,0,0
10.6651,11.4743,2847,0,0
10.6899,12.8526,3189,0,0
10.7147,12.8526,3189,0,0
10.7395,12.2602,3042,0,0
10.7643,11.5952,2877,0,0
10.7891,12.8526,3189,0,0
10.8139,12.8526,3189,0,0
10.8387,12.8526,3189,0,0
10.8635,12.3488,3064,0,0
10.8883,12.8285,3183,0,0
10.9131,12.8526,3189,0,0
10.9379,11.6758,2897,0,0
10.9627,12.4214,3082,4,0
10.9875,12.1997,3027,0,0
11.0123,12.7478,3163,2,0
11.0371,11.7645,2919,0,0
11.0619,12.8526,3189,0,0
11.0867,12.1514,3015,0,0
11.1115,11.5831,2874,0,0
11.1363,11.5750,2872,0,0
11.1611,12.1594,3017,0,0
11.1859,12.8526,3189,0,0
11.2107,12.8123,3179,4,0
11.2355,12.1715,3020,0,0
11.2603,11.3775,2823,0,0
11.2851,11.7242,2909,0,0
11.3099,12.6874,3148,0,0
11.3347,12.0143,2981,0,0
11.3595,12.3529,3065,0,0
11.3843,12.5786,3121,0,0
11.4091,12.7882,3173,0,0
11.4339,12.5423,3112,4,0
11.4587,12.4536,3090,0,0
11.4835,11.7604,2918,0,0
11.5083,12.6834,3147,0,0
11.5331,12.8526,3189,0,0
11.5579,12.8526,3189,183,0
11.5827,12.8526,3189,0,0
11.6075,12.8526,3189,0,0
11.6323,12.2199,3032,0,0
11.6572,11.9942,2976,0,0
11.6820,12.8526,3189,0,0
11.7068,12.4053,3078,0,0
11.7316,10.8214,2685,0,0
11.7564,12.5020,3102,0,0
11.7812,11.6516,2891,39,0
11.8060,12.6632,3142,0,0
11.8308,11.6919,2901,0,0
11.8556,12.8526,3189,0,0
11.8804,11.5105,2856,0,0
11.9052,12.7640,3167,0,0
11.9300,12.8083,3178,0,0
11.9548,12.7962,3175,0,0
11.9796,12.4053,3078,0,0
12.0044,12.2844,3048,0,0
12.0292,11.5952,2877,0,0
12.0540,11.2808,2799,0,0
12.0788,12.7438,3162,0,0
12.1036,12.3650,3068,0,0
12.1284,12.8325,3184,0,0
12.1532,11.8652,2944,0,0
12.1780,11.8934,2951,4,0
12.2028,12.7438,3162,0,0
12.2276,11.9378,2962,0,0
12.2524,12.2360,3036,0,0
12.2772,12.8123,3179,0,0
12.3020,11.3050,2805,0,0
12.3268,11.6395,2888,0,0
12.3516,12.8526,3189,0,0
12.3764,12.8526,3189,0,0
12.4012,12.3811,3072,0,0
12.4260,11.6234,2884,0,0
12.4508,12.8526,3189,0,0
12.4756,11.5226,2859,0,0
12.5004,11.1639,2770,34,0
12.5252,12.2158,3031,0,0
12.5500,12.8526,3189,0,0
12.5748,11.3695,2821,0,0
12.5996,12.4496,3089,0,0
12.6244,11.4743,2847,0,0
12.6493,12.0224,2983,0,0
12.6741,12.7841,3172,4,0
12.6989,12.8526,3189,142,0
12.7237,10.8979,2704,0,0
12.7485,12.8526,3189,0,0
12.7733,12.5907,3124,0,0
12.7981,11.3856,2825,0,0
12.8229,11.4178,2833,0,0
12.8477,11.4178,2833,0,0
12.8725,11.7242,2909,6,0
12.8973,12.4818,3097,0,0
12.9221,11.1478,2766,0,0
12.9469,12.8526,3189,0,0
12.9717,12.8526,3189,116,0
12.9965,12.7358,3160,0,0
13.0213,12.0466,2989,0,0
13.0461,12.7116,3154,0,0
13.0709,12.7358,3160,0,0
13.0957,12.8083,3178,0,0
13.1205,12.8164,3180,0,0
13.1453,11.4178,2833,0,0
13.1701,12.8526,3189,0,0
13.1949,12.3126,3055,0,0
13.2197,12.8526,3189,0,0
13.2445,12.3972,3076,0,0
13.2693,12.6874,3148,0,0
13.2941,11.9498,2965,0,0
13.3189,12.5020,3102,0,0
13.3437,12.2481,3039,0,0
13.3685,12.8526,3189,0,0
13.3933,12.7116,3154,0,0
13.4181,11.6234,2884,0,0
13.4429,12.8526,3189,0,0
13.4677,11.4098,2831,0,0
13.4925,12.0143,2981,0,0
13.5173,11.6798,2898,0,0
13.5421,11.8088,2930,0,0
13.5669,12.1796,3022,0,0
13.5917,11.7967,2927,0,0
13.6165,12.2239,3033,0,0
13.6413,11.8330,2936,0,0
13.6662,12.0022,2978,0,0
13.6910,11.7282,2910,0,0
13.7158,12.8526,3189,0,0
13.7406,12.2199,3032,0,0
13.7654,12.2158,3031,0,0
13.7902,12.8526,3189,0,0
13.8150,12.1514,3015,0,0
13.8398,12.1393,3012,3,0
13.8646,10.8979,2704,0,0
13.8894,12.2682,3044,0,0
13.9142,12.8526,3189,0,0
13.9390,11.4743,2847,0,0
13.9638,12.7559,3165,0,0
13.9886,12.8526,3189,0,0
14.0134,12.8526,3189,3,0
14.0382,11.8733,2946,0,0
14.0630,11.7725,2921,0,0
14.0878,12.8526,3189,0,0
14.1126,11.1599,2769,0,0
14.1374,12.8526,3189,0,0
14.1622,11.8330,2936,0,0
14.1870,12.0909,3000,0,0
14.2118,11.1922,2777,2,0
14.2366,11.3453,2815,0,0
14.2614,11.8410,2938,0,0
14.2862,11.2244,2785,0,0
14.3110,12.8526,3189,0,0
14.3358,10.9826,2725,0,0
14.3606,11.8370,2937,0,0
14.3854,11.4904,2851,0,0
14.4102,11.0874,2751,0,0
14.4350,12.2521,3040,0,0
14.4598,11.2889,2801,0,0
14.4846,12.6834,3147,0,0
14.5094,12.5060,3103,101,0
14.5342,10.7851,2676,0,0
14.5590,12.0909,3000,0,0
14.5838,12.8164,3180,0,0
14.6086,12.1796,3022,0,0
14.6334,12.0788,2997,0,0
14.6582,12.7962,3175,0,0
14.6831,12.7075,3153,0,0
14.7079,12.8526,3189,0,0
14.7327,11.8934,2951,0,0
14.7575,12.3771,3071,0,0
14.7823,12.8526,3189,0,0
14.8071,12.2521,3040,0,0
14.8319,12.6431,3137,0,0
14.8567,12.6068,3128,0,0
14.8815,12.8526,3189,10,0
14.9063,12.8244,3182,134,0
14.9311,12.8526,3189,0,0
14.9559,12.5987,3126,0,0
14.9807,12.7680,3168,0,0
15.0055,12.8526,3189,0,0
15.0303,12.7116,3154,0,0
15.0551,12.1191,3007,0,0
15.0799,12.6148,3130,0,0
15.1047,12.3972,3076,14,0
15.1295,12.4456,3088,0,0
15.1543,11.0390,2739,0,0
15.1791,10.5916,2628,0,0
15.2039,11.7483,2915,0,0
15.2287,12.6672,3143,0,0
15.2535,12.6834,3147,0,0
15.2783,11.4783,2848,0,0
15.3031,12.8083,3178,0,0
15.3279,12.8526,3189,0,0
15.3527,12.8526,3189,0,0
15.3775,12.8526,3189,0,0
15.4023,12.8526,3189,1,0
15.4271,11.3856,2825,0,0
15.4519,12.8526,3189,0,0
15.4767,12.1352,3011,0,0
15.5015,12.8526,3189,5,0
15.5263,12.6914,3149,0,0
15.5511,12.8526,3189,0,0
15.5759,12.7438,3162,0,0
15.6007,12.8526,3189,0,0
15.6255,12.6592,3141,0,0
15.6503,12.5020,3102,0,0
15.6751,12.6350,3135,0,0
15.7000,12.6874,3148,0,0
15.7248,12.8526,3189,0,0
15.7496,12.3609,3067,0,0
15.7744,11.2083,2781,0,0
15.7992,12.8526,3189,0,0
15.8240,12.2360,3036,2,0
15.8488,12.8526,3189,0,0
15.8736,12.5544,3115,1,0
15.8984,11.8612,2943,0,0
15.9232,12.3206,3057,0,0
15.9480,11.7080,2905,0,0
15.9728,11.2969,2803,0,0
15.9976,12.0909,3000,0,0
16.0224,12.0909,3000,0,0
16.0472,12.8526,3189,0,0
16.0720,11.0511,2742,0,0
16.0968,12.7761,3170,26,0
16.1216,12.8526,3189,0,0
16.1464,12.0264,2984,0,0
16.1712,12.8083,3178,0,0
16.1960,12.8526,3189,0,0
16.2208,12.8526,3189,0,0
16.2456,11.7564,2917,0,0
16.2704,11.8168,2932,0,0
16.2952,11.8975,2952,0,0
16.3200,12.8526,3189,0,0
16.3448,12.6592,3141,0,0
16.3696,12.8526,3189,0,0
16.3944,12.1594,3017,0,0
16.4192,12.6914,3149,23,0
16.4440,12.8526,3189,0,0
16.4688,12.1232,3008,0,0
16.4936,11.3977,2828,0,0
16.5184,12.8526,3189,0,0
16.5432,12.8526,3189,0,0
16.5680,12.8526,3189,0,0
16.5928,12.2521,3040,0,0
16.6176,11.3050,2805,0,0
16.6424,11.9498,2965,0,0
16.6672,12.2844,3048,0,0
16.6921,12.8526,3189,0,0
16.7169,12.8526,3189,0,0
16.7417,12.6350,3135,15,0
16.7665,12.8526,3189,0,0
16.7913,11.9418,2963,0,0
16.8161,12.2360,3036,0,0
16.8409,11.2768,2798,0,0
16.8657,12.8526,3189,3,0
16.8905,12.8526,3189,0,0
16.9153,11.4138,2832,3,0
16.9401,12.5786,3121,4,0
16.9649,12.1594,3017,0,0
16.9897,11.2365,2788,0,0
17.0145,11.7967,2927,0,0
17.0393,12.6068,3128,0,0
17.0641,12.4859,3098,0,0
17.0889,12.7761,3170,0,0
17.1137,11.7967,2927,0,0
17.1385,12.3609,3067,0,0
17.1633,11.6234,2884,0,0
17.1881,11.9821,2973,0,0
17.2129,12.8526,3189,0,0
17.2377,12.6148,3130,128,0
17.2625,11.0027,2730,3,0
17.2873,12.8526,3189,0,0
17.3121,11.9660,2969,0,0
17.3369,12.1796,3022,0,0
17.3617,12.8526,3189,0,0
17.3865,12.6310,3134,62,0
17.4113,11.1156,2758,0,0
17.4361,11.9942,2976,0,0
17.4609,12.8526,3189,0,0
17.4857,12.0466,2989,0,0
17.5105,12.6390,3136,0,0
17.5353,11.4541,2842,0,0
17.5601,12.2803,3047,0,0
17.5849,12.8526,3189,0,0
17.6097,11.8975,2952,0,0
17.6345,11.8330,2936,0,0
17.6593,12.8164,3180,0,0
17.6841,12.1514,3015,0,0
17.7090,12.7035,3152,0,0
17.7338,11.3937,2827,0,0
17.7586,11.9095,2955,2,0
17.7834,12.8526,3189,0,0
17.8082,12.8526,3189,0,0
17.8330,12.7358,3160,0,0
17.8578,12.0143,2981,0,0
17.8826,12.6713,3144,0,0
17.9074,11.8531,2941,0,0
17.9322,12.5020,3102,0,0
17.9570,12.8526,3189,0,0
17.9818,11.8410,2938,0,0
18.0066,11.4702,2846,0,0
18.0314,11.5871,2875,0,0
18.0562,12.5745,3120,0,0
18.0810,12.3609,3067,0,0
18.1058,12.2199,3032,0,0
18.1306,11.9378,2962,0,0
18.1554,11.5025,2854,0,0
18.1802,11.5831,2874,0,0
18.2050,12.8526,3189,0,0
18.2298,12.8526,3189,0,0
18.2546,12.2763,3046,0,0
18.2794,12.5383,3111,0,0
18.3042,12.8526,3189,0,0
18.3290,12.3730,3070,0,0
18.3538,11.4904,2851,23,0
18.3786,11.6838,2899,0,0
18.4034,12.8526,3189,0,0
18.4282,12.3730,3070,0,0
18.4530,12.4295,3084,0,0
18.4778,12.8285,3183,0,0
18.5026,11.8048,2929,7,0
18.5274,12.0466,2989,0,0
18.5522,12.5504,3114,0,0
18.5770,11.6032,2879,0,0
18.6018,12.7438,3162,0,0
18.6266,12.5544,3115,0,0
18.6514,12.6350,3135,0,0
18.6762,12.8526,3189,0,0
18.7010,11.9982,2977,0,0
18.7259,12.7962,3175,0,0
18.7507,11.4138,2832,0,0
18.7755,11.4178,2833,0,0
18.8003,12.8526,3189,0,0
18.8251,12.5987,3126,0,0
18.8499,12.8526,3189,0,0
18.8747,12.6310,3134,0,0
18.8995,11.8733,2946,0,0
18.9243,12.8526,3189,0,0
18.9491,11.8612,2943,0,0
18.9739,12.0909,3000,0,0
18.9987,12.1796,3022,0,0
19.0235,12.5786,3121,0,0
19.0483,9.7412,2417,0,0
19.0731,12.8526,3189,0,0
19.0979,11.2042,2780,0,0
19.1227,12.2199,3032,0,0
19.1475,12.3851,3073,8,0
19.1723,12.8526,3189,0,0
19.1971,12.7478,3163,0,0
19.2219,12.8526,3189,0,0
19.2467,12.8164,3180,0,0
19.2715,12.2521,3040,0,0
19.2963,12.8526,3189,0,0
19.3211,11.8249,2934,0,0
19.3459,12.8526,3189,0,0
19.3707,11.5025,2854,0,0
19.3955,12.4174,3081,0,0
19.4203,12.8526,3189,0,0
19.4451,12.8526,3189,0,0
19.4699,12.8526,3189,0,0
19.4947,11.2365,2788,0,0
19.5195,12.8526,3189,0,0
19.5443,12.8526,3189,0,0
19.5691,12.0264,2984,0,0
19.5939,11.9821,2973,0,0
19.6187,12.6028,3127,0,0
19.6435,11.6315,2886,0,0
19.6683,12.8526,3189,0,0
19.6931,12.8526,3189,0,0
19.7179,11.0753,2748,0,0
19.7428,11.5952,2877,0,0
19.7676,12.8526,3189,0,0
19.7924,12.1876,3024,0,0
19.8172,11.4340,2837,0,0
19.8420,11.3775,2823,0,0
19.8668,12.6431,3137,0,0
19.8916,12.8526,3189,9,0
19.9164,12.7116,3154,0,0
19.9412,12.7720,3169,0,0
19.9660,12.5866,3123,0,0
19.9908,11.7967,2927,0,0
20.0156,11.4259,2835,0,0
20.0404,12.5383,3111,0,0
20.0652,12.5423,3112,0,0
20.0900,12.4093,3079,0,0
20.1148,12.6874,3148,0,0
20.1396,12.1594,3017,0,0
20.1644,12.6310,3134,0,0
20.1892,12.8526,3189,0,0
20.2140,12.1030,3003,0,0
20.2388,12.2320,3035,0,0
20.2636,12.7116,3154,0,0
20.2884,12.3126,3055,103,0
20.3132,10.2410,2541,0,0
20.3380,11.9821,2973,0,0
20.3628,12.3851,3073,0,0
20.3876,12.8526,3189,0,0
20.4124,12.8526,3189,0,0
20.4372,12.2481,3039,0,0
20.4620,12.0466,2989,0,0
20.4868,10.9423,2715,0,0
20.5116,12.5907,3124,0,0
20.5364,11.8168,2932,4,0
20.5612,12.7478,3163,0,0
20.5860,12.1594,3017,0,0
20.6108,12.8526,3189,0,0
20.6356,12.1151,3006,0,0
20.6604,12.6592,3141,0,0
20.6852,12.5423,3112,0,0
20.7100,11.7524,2916,0,0
20.7348,12.7116,3154,0,0
20.7597,11.8934,2951,0,0
20.7845,11.8934,2951,0,0
20.8093,12.3811,3072,0,0
20.8341,12.5907,3124,0,0
20.8589,12.0425,2988,0,0
20.8837,12.8526,3189,0,0
20.9085,11.9095,2955,0,0
20.9333,12.8526,3189,0,0
20.9581,11.4178,2833,0,0
20.9829,12.0143,2981,0,0
21.0077,12.8325,3184,0,0
21.0325,10.8133,2683,0,0
21.0573,12.7882,3173,0,0
21.0821,11.8370,2937,0,0
21.1069,11.9942,2976,0,0
21.1317,12.8526,3189,0,0
21.1565,12.8526,3189,0,0
21.1813,12.8526,3189,0,0
21.2061,12.8526,3189,0,0
21.2309,12.5866,3123,0,0
21.2557,12.3771,3071,0,0
21.2805,12.3126,3055,0,0
21.3053,12.5544,3115,0,0
21.3301,12.7962,3175,0,0
21.3549,11.5105,2856,0,0
21.3797,12.8526,3189,5,0
21.4045,11.7765,2922,0,0
21.4293,12.1393,3012,0,0
21.4541,11.7886,2925,0,0
21.4789,11.7645,2919,0,0
21.5037,12.7438,3162,0,0
21.5285,11.9619,2968,0,0
21.5533,12.1917,3025,0,0
21.5781,11.9498,2965,0,0
21.6029,11.6838,2899,15,0
21.6277,12.8526,3189,0,0
21.6525,12.8526,3189,0,0
21.6773,12.7075,3153,4,0
21.7021,11.8249,2934,0,0
21.7269,12.1876,3024,0,0
21.7518,12.0788,2997,5,0
21.7766,11.5226,2859,5,0
21.8014,12.8526,3189,0,0
21.8262,12.8526,3189,0,0
21.8510,11.7524,2916,0,0
21.8758,11.7886,2925,19,0
21.9006,12.8526,3189,0,0
21.9254,12.7801,3171,0,0
21.9502,12.8526,3189,0,0
21.9750,12.8526,3189,0,0
21.9998,12.4536,3090,23,0
22.0246,12.0022,2978,0,0
22.0494,12.3327,3060,7,0
22.0742,12.8526,3189,0,0
22.0990,12.4053,3078,0,0
22.1238,12.4738,3095,0,0
22.1486,12.8526,3189,0,0
22.1734,12.3085,3054,0,0
22.1982,11.9176,2957,5,0
22.2230,11.2728,2797,0,0
22.2478,12.7559,3165,0,0
22.2726,12.8526,3189,0,0
22.2974,12.4496,3089,0,0
22.3222,11.7886,2925,0,0
22.3470,12.8526,3189,0,0
22.3718,11.9700,2970,0,0
22.3966,12.8526,3189,0,0
22.4214,11.7282,2910,0,0
22.4462,12.4818,3097,0,0
22.4710,12.8526,3189,0,0
22.4958,12.7882,3173,2,0
22.5206,12.8526,3189,0,0
22.5454,12.2239,3033,0,0
22.5702,12.8526,3189,0,0
22.5950,12.8526,3189,0,0
22.6198,11.3453,2815,0,0
22.6446,12.8083,3178,0,0
22.6694,11.5186,2858,0,0
22.6942,11.3372,2813,0,0
22.7190,11.9015,2953,0,0
22.7438,12.5181,3106,0,0
22.7687,12.2239,3033,0,0
22.7935,12.6431,3137,0,0
22.8183,12.8526,3189,0,0
22.8431,12.7962,3175,10,0
22.8679,11.2445,2790,0,0
22.8927,12.8526,3189,0,0
22.9175,12.8526,3189,40,0
22.9423,12.8526,3189,0,0
22.9671,11.5952,2877,0,0
22.9919,12.3851,3073,0,0
23.0167,11.0914,2752,0,0
23.0415,12.1594,3017,0,0
23.0663,12.7237,3157,0,0
23.0911,12.0143,2981,0,0
23.1159,11.3372,2813,2,0
23.1407,12.8526,3189,0,0
23.1655,12.3206,3057,0,0
23.1903,11.6032,2879,0,0
23.2151,11.2204,2784,0,0
23.2399,11.2728,2797,14,0
23.2647,12.8526,3189,0,0
23.2895,12.7559,3165,0,0
23.3143,12.8526,3189,0,0
23.3391,12.7116,3154,0,0
23.3639,12.4496,3089,0,0
23.3887,12.8526,3189,0,0
23.4135,11.6476,2890,0,0
23.4383,12.1997,3027,0,0
23.4631,11.3010,2804,0,0
23.4879,11.5549,2867,0,0
23.5127,12.8526,3189,0,0
23.5375,11.5428,2864,205,0
23.5623,12.6350,3135,5,0
23.5871,11.9498,2965,0,0
23.6119,12.8526,3189,0,0
23.6367,11.8531,2941,0,0
23.6615,12.8526,3189,0,0
23.6863,12.7075,3153,0,0
23.7111,12.8526,3189,0,0
23.7359,11.4178,2833,0,0
23.7607,12.2844,3048,0,0
23.7856,12.8526,3189,0,0
23.8104,12.8526,3189,4,0
23.8352,11.5186,2858,160,0
23.8600,12.8526,3189,0,0
23.8848,12.7116,3154,0,0
23.9096,12.8526,3189,0,0
23.9344,12.4214,3082,0,0
23.9592,12.4980,3101,0,0
23.9840,11.7524,2916,0,0
24.0088,12.8526,3189,0,0
24.0336,12.8526,3189,0,0
24.0584,12.8526,3189,0,0
24.0832,12.1232,3008,0,0
24.1080,12.3166,3056,0,0
24.1328,12.8164,3180,0,0
24.1576,12.8526,3189,0,0
24.1824,11.8410,2938,0,0
24.2072,11.5226,2859,0,0
24.2320,11.7524,2916,0,0
24.2568,12.6431,3137,0,0
24.2816,11.4340,2837,0,0
24.3064,12.4496,3089,0,0
24.3312,12.0305,2985,0,0
24.3560,12.4818,3097,0,0
24.3808,12.8526,3189,1,0
24.4056,12.8526,3189,0,0
24.4304,12.7478,3163,0,0
24.4552,12.8526,3189,0,0
24.4800,12.3690,3069,0,0
24.5048,12.6914,3149,0,0
24.5296,11.8934,2951,0,0
24.5544,11.5226,2859,0,0
24.5792,10.6964,2654,0,0
24.6040,11.7362,2912,0,0
24.6288,11.0229,2735,0,0
24.6536,10.9785,2724,0,0
24.6784,11.9942,2976,1,0
24.7032,12.8526,3189,0,0
24.7280,11.7040,2904,0,0
24.7528,12.0143,2981,0,0
24.7777,12.8526,3189,0,0
24.8025,12.4859,3098,0,0
24.8273,12.8526,3189,10,0
24.8521,12.8526,3189,0,0
24.8769,11.7886,2925,0,0
24.9017,12.8526,3189,0,0
24.9265,12.4818,3097,0,0
24.9513,11.8934,2951,0,0
24.9761,11.6234,2884,0,0
25.0009,12.5907,3124,0,0
25.0257,12.8526,3189,0,0
25.0505,12.8526,3189,0,0
25.0753,12.3488,3064,0,0
25.1001,12.8526,3189,0,0
25.1249,12.6914,3149,0,0
25.1497,12.8526,3189,0,0
25.1745,12.5584,3116,0,0
25.1993,11.8048,2929,0,0
25.2241,12.5584,3116,0,0
25.2489,12.7882,3173,0,0
25.2737,12.5987,3126,0,0
25.2985,11.7121,2906,0,0
25.3233,12.3166,3056,15,0
25.3481,10.9705,2722,26,0
25.3729,12.8526,3189,3,0
25.3977,12.8526,3189,0,0
25.4225,12.5423,3112,1,0
25.4473,11.9700,2970,0,0
25.4721,12.5222,3107,0,0
25.4969,12.4295,3084,0,0
25.5217,10.9947,2728,0,0
25.5465,12.8526,3189,0,0
25.5713,12.4657,3093,0,0
25.5961,12.8526,3189,0,0
25.6209,12.3811,3072,0,0
25.6457,12.8526,3189,0,0
25.6705,12.8526,3189,0,0
25.6953,12.8526,3189,0,0
25.7201,12.8526,3189,0,0
25.7449,12.3529,3065,8,0
25.7697,11.9700,2970,0,0
25.7945,11.5750,2872,0,0
25.8194,12.7196,3156,0,0
25.8442,11.8088,2930,0,0
25.8690,12.2803,3047,0,0
25.8938,12.8526,3189,0,0
25.9186,12.8526,3189,0,0
25.9434,12.8526,3189,0,0
25.9682,12.3892,3074,0,0
25.9930,12.8526,3189,0,0
26.0178,12.8526,3189,0,0
26.0426,12.8405,3186,0,0
26.0674,11.8451,2939,0,0
26.0922,12.8526,3189,0,0
26.1170,12.1796,3022,0,0
26.1418,12.8325,3184,0,0
26.1666,12.1594,3017,0,0
26.1914,12.8526,3189,0,0
26.2162,10.9705,2722,31,0
26.2410,12.3609,3067,0,0
26.2658,11.3655,2820,0,0
26.2906,12.5222,3107,0,0
26.3154,12.2844,3048,0,0
26.3402,11.5912,2876,0,0
26.3650,12.6310,3134,2,0
26.3898,12.6592,3141,0,0
26.4146,12.6632,3142,0,0
26.4394,12.8526,3189,0,0
26.4642,12.8526,3189,0,0
26.4890,12.6431,3137,0,0
26.5138,12.8526,3189,0,0
26.5386,12.1917,3025,0,0
26.5634,11.7967,2927,0,0
26.5882,11.8209,2933,0,0
26.6130,12.5020,3102,0,0
26.6378,11.5549,2867,0,0
26.6626,12.6431,3137,0,0
26.6874,11.2083,2781,0,0
26.7122,12.8526,3189,4,0
26.7370,12.8526,3189,0,0
26.7618,12.7156,3155,0,0
26.7866,10.9100,2707,1,0
26.8115,11.8612,2943,0,0
26.8363,12.5544,3115,0,0
26.8611,12.8526,3189,0,0
26.8859,12.8526,3189,0,0
26.9107,11.9821,2973,0,0
26.9355,12.8526,3189,0,0
26.9603,11.8572,2942,0,0
26.9851,12.8526,3189,0,0
27.0099,12.8526,3189,0,0
27.0347,12.4093,3079,0,0
27.0595,12.1514,3015,0,0
27.0843,12.8526,3189,0,0
27.1091,12.7116,3154,0,0
27.1339,12.7478,3163,0,0
27.1587,12.7438,3162,0,0
27.1835,12.8526,3189,0,0
27.2083,11.7080,2905,0,0
27.2331,12.8526,3189,0,0
27.2579,12.0143,2981,0,0
27.2827,12.1030,3003,0,0
27.3075,12.4295,3084,0,0
27.3323,12.0788,2997,197,0
27.3571,11.9942,2976,0,0
27.3819,12.8526,3189,0,0
27.4067,11.5226,2859,1,0
27.4315,11.3856,2825,0,0
27.4563,11.2607,2794,2,0
27.4811,12.4214,3082,0,0
27.5059,11.4985,2853,0,0
27.5307,12.3529,3065,0,0
27.5555,12.8526,3189,0,0
27.5803,11.9821,2973,0,0
27.6051,12.1876,3024,0,0
27.6299,12.2360,3036,0,0
27.6547,12.8526,3189,0,0
27.6795,10.9100,2707,0,0
27.7043,12.8526,3189,0,0
27.7291,12.2521,3040,0,0
27.7539,12.8526,3189,0,0
27.7787,11.9418,2963,0,0
27.8035,12.8526,3189,0,0
27.8284,12.8526,3189,0,0
27.8532,12.6552,3140,0,0
27.8780,12.8526,3189,0,0
27.9028,11.8692,2945,0,0
27.9276,12.8526,3189,1,0
27.9524,12.8526,3189,0,0
27.9772,12.8526,3189,0,0
28.0020,12.7761,3170,0,0
28.0268,12.8405,3186,0,0
28.0516,12.2763,3046,0,0
28.0764,12.2924,3050,0,0
28.1012,12.8285,3183,0,0
28.1260,11.3574,2818,0,0
28.1508,12.7438,3162,6,0
28.1756,11.9418,2963,0,0
28.2004,11.6919,2901,0,0
28.2252,12.0708,2995,0,0
28.2500,11.3131,2807,0,0
28.2748,11.5146,2857,0,0
28.2996,12.8526,3189,0,0
28.3244,11.9458,2964,0,0
28.3492,12.8526,3189,0,0
28.3740,11.3372,2813,0,0
28.3988,12.8526,3189,0,0
28.4236,12.8526,3189,0,0
28.4484,12.6189,3131,9,0
28.4732,12.2844,3048,0,0
28.4980,11.6677,2895,0,0
28.5228,12.8526,3189,0,0
28.5476,12.5141,3105,0,0
28.5724,11.9055,2954,0,0
28.5972,12.8526,3189,0,0
28.6220,12.8526,3189,0,0
28.6468,12.0305,2985,0,0
28.6716,11.5549,2867,0,0
28.6964,12.8526,3189,85,0
28.7212,12.6189,3131,0,0
28.7460,11.1317,2762,0,0
28.7708,12.0788,2997,0,0
28.7956,12.7317,3159,0,0
28.8204,12.7196,3156,0,0
28.8453,12.6431,3137,0,0
28.8701,12.4375,3086,0,0
28.8949,12.8526,3189,0,0
28.9197,10.9826,2725,0,0
28.9445,12.8526,3189,0,0
28.9693,11.8934,2951,0,0
28.9941,12.3327,3060,0,0
29.0189,12.8526,3189,0,0
29.0437,12.5987,3126,3,0
29.0685,12.6914,3149,0,0
29.0933,12.8526,3189,0,0
29.1181,12.7237,3157,0,0
29.1429,12.8526,3189,0,0
29.1677,11.7645,2919,0,0
29.1925,12.8526,3189,0,0
29.2173,12.8526,3189,4,0
29.2421,12.8526,3189,0,0
29.2669,12.8526,3189,17,0
29.2917,12.5060,3103,0,0
29.3165,12.1796,3022,0,0
29.3413,12.2199,3032,0,0
29.3661,12.8526,3189,0,0
29.3909,12.8526,3189,0,0
29.4157,11.9498,2965,0,0
29.4405,12.6350,3135,0,0
29.4653,11.7967,2927,11,0
29.4901,11.9095,2955,0,0
29.5149,12.5141,3105,0,0
29.5397,12.8526,3189,0,0
29.5645,12.4657,3093,0,0
29.5893,12.8405,3186,0,0
29.6141,12.8526,3189,0,0
29.6389,12.8526,3189,0,0
29.6637,11.1841,2775,0,0
29.6885,12.2199,3032,0,0
29.7133,12.8526,3189,0,0
29.7381,12.8526,3189,0,0
29.7629,12.0466,2989,0,0
29.7877,12.8285,3183,0,0
29.8125,11.5831,2874,0,0
29.8374,12.8526,3189,0,0
29.8622,11.9055,2954,0,0
29.8870,11.4743,2847,0,0
29.9118,12.8526,3189,0,0
29.9366,11.2848,2800,0,0
29.9614,12.8526,3189,0,0
29.9862,12.3932,3075,18,0
30.0110,12.8526,3189,3,0
30.0358,12.8526,3189,0,0
30.0606,11.9498,2965,0,0
30.0854,12.6068,3128,0,0
30.1102,12.8526,3189,0,0
30.1350,12.0143,2981,0,0
30.1598,12.1030,3003,0,0
30.1846,12.8526,3189,0,0
30.2094,12.8526,3189,0,0
30.2342,12.1715,3020,0,0
30.2590,12.8526,3189,0,0
30.2838,12.2158,3031,0,0
30.3086,12.4174,3081,41,0
30.3334,12.1151,3006,0,0
30.3582,11.7242,2909,0,0
30.3830,12.5383,3111,0,0
30.4078,12.0143,2981,0,0
30.4326,11.3574,2818,0,0
30.4574,12.2602,3042,0,0
30.4822,12.2723,3045,0,0
30.5070,12.8526,3189,0,0
30.5318,12.6793,3146,2,0
30.5566,12.7156,3155,0,0
30.5814,11.8410,2938,0,0
30.6062,12.2521,3040,0,0
30.6310,12.8526,3189,0,0
30.6558,11.8813,2948,0,0
30.6806,12.8526,3189,0,0
30.7054,11.8692,2945,0,0
30.7302,12.8526,3189,0,0
30.7550,12.8526,3189,0,0
30.7798,12.3972,3076,2,0
30.8046,12.8526,3189,0,0
30.8294,12.8526,3189,0,0
30.8542,12.8526,3189,0,0
30.8791,12.8526,3189,0,0
30.9039,11.6758,2897,0,0
30.9287,12.8526,3189,0,0
30.9535,12.5141,3105,0,0
30.9783,12.8526,3189,0,0
31.0031,12.8526,3189,0,0
31.0279,12.1715,3020,0,0
31.0527,12.3851,3073,0,0
31.0775,11.9942,2976,0,0
31.1023,12.5383,3111,2,0
31.1271,12.8526,3189,0,0
31.1519,12.6753,3145,1,0
31.1767,11.6234,2884,0,0
31.2015,11.6919,2901,0,0
31.2263,12.8526,3189,0,0
31.2511,12.6552,3140,0,0
31.2759,12.6068,3128,0,0
31.3007,12.8526,3189,0,0
31.3255,11.0753,2748,0,0
31.3503,12.8526,3189,0,0
31.3751,12.8526,3189,0,0
31.3999,12.8526,3189,0,0
31.4247,12.7761,3170,0,0
31.4495,11.3292,2811,0,0
31.4743,11.8934,2951,0,0
31.4991,12.8526,3189,0,0
31.5239,12.3932,3075,0,0
31.5487,11.3131,2807,0,0
31.5735,12.2199,3032,0,0
31.5983,12.8526,3189,0,0
31.6231,12.2360,3036,3,0
31.6479,12.8526,3189,0,0
31.6727,12.7358,3160,0,0
31.6975,12.1352,3011,0,0
31.7223,12.8526,3189,0,0
31.7471,12.5987,3126,0,0
31.7719,12.8526,3189,0,0
31.7967,11.2123,2782,0,0
31.8215,12.8526,3189,0,0
31.8463,12.3609,3067,0,0
31.8712,11.8652,2944,0,0
31.8960,11.2728,2797,0,0
31.9208,12.0909,3000,0,0
31.9456,12.1393,3012,0,0
31.9704,12.8526,3189,0,0
31.9952,11.8934,2951,0,0
32.0200,12.8526,3189,0,0
32.0448,12.5705,3119,0,0
32.0696,12.8526,3189,0,0
32.0944,11.9418,2963,0,0
32.1192,12.1796,3022,0,0
32.1440,12.8526,3189,0,0
32.1688,12.6672,3143,0,0
32.1936,12.8526,3189,0,0
32.2184,12.1232,3008,0,0
32.2432,12.7599,3166,0,0
32.2680,12.8526,3189,0,0
32.2928,12.4174,3081,0,0
32.3176,12.8526,3189,0,0
32.3424,12.4496,3089,0,0
32.3672,12.8526,3189,0,0
32.3920,11.5831,2874,0,0
32.4168,10.9826,2725,0,0
32.4416,11.1881,2776,0,0
32.4664,12.8526,3189,0,0
32.4912,12.8526,3189,0,0
32.5160,12.3206,3057,0,0
32.5408,12.8365,3185,5,0
32.5656,12.8526,3189,0,0
32.5904,12.8526,3189,0,0
32.6152,11.9660,2969,0,0
32.6400,11.2607,2794,0,0
32.6648,12.3488,3064,0,0
32.6896,12.4859,3098,0,0
32.7144,12.8526,3189,0,0
32.7392,11.4985,2853,0,0
32.7640,12.8526,3189,0,0
32.7888,12.8526,3189,0,0
32.8136,12.2844,3048,0,0
32.8384,12.5907,3124,0,0
32.8633,12.8526,3189,9,0
32.8881,12.8526,3189,0,0
32.9129,12.1070,3004,0,0
32.9377,11.9821,2973,0,0
32.9625,12.8526,3189,0,0
32.9873,11.3131,2807,1,0
33.0121,12.5625,3117,0,0
33.0369,11.9055,2954,0,0
33.0617,12.8526,3189,0,0
33.0865,12.8365,3185,0,0
33.1113,11.2042,2780,0,0
33.1361,12.8526,3189,0,0
33.1609,11.3856,2825,0,0
33.1857,10.8214,2685,0,0
33.2105,11.9942,2976,0,0
33.2353,12.6350,3135,0,0
33.2601,12.8526,3189,0,0
33.2849,11.8934,2951,0,0
33.3097,11.8934,2951,0,0
33.3345,12.3166,3056,0,0
33.3593,12.0022,2978,0,0
33.3841,11.5549,2867,0,0
33.4089,12.8526,3189,0,0
33.4337,12.0627,2993,0,0
33.4585,11.5831,2874,0,0
33.4833,12.8526,3189,0,0
33.5081,11.2365,2788,0,0
33.5329,12.8526,3189,0,0
33.5577,12.8526,3189,0,0
33.5825,12.7317,3159,0,0
33.6073,12.6632,3142,0,0
33.6321,12.7438,3162,0,0
33.6569,12.8526,3189,0,0
33.6817,12.6350,3135,0,0
33.7065,12.7358,3160,6,0
33.7313,12.8526,3189,0,0
33.7561,11.5226,2859,0,0
33.7809,12.8526,3189,0,0
33.8057,12.7962,3175,4,0
33.8305,12.8526,3189,0,0
33.8553,12.8526,3189,0,0
33.8801,12.5705,3119,0,0
33.9050,12.8526,3189,0,0
33.9298,12.8526,3189,0,0
33.9546,11.9821,2973,0,0
33.9794,11.1841,2775,0,0
34.0042,12.3448,3063,0,0
34.0290,12.8526,3189,0,0
34.0538,12.6995,3151,0,0
34.0786,12.8526,3189,0,0
34.1034,11.4904,2851,0,0
34.1282,12.8526,3189,0,0
34.1530,12.8526,3189,0,0
34.1778,12.3569,3066,0,0
34.2026,12.8123,3179,0,0
34.2274,12.0466,2989,0,0
34.2522,12.8526,3189,0,0
34.2770,12.8526,3189,0,0
34.3018,12.1030,3003,0,0
34.3266,11.6758,2897,0,0
34.3514,11.9418,2963,0,0
34.3762,12.8526,3189,0,0
34.4010,12.0909,3000,0,0
34.4258,11.9498,2965,0,0
34.4506,12.8526,3189,0,0
34.4754,12.4415,3087,9,0
34.5002,12.4214,3082,0,0
34.5250,12.8526,3189,0,0
34.5498,11.8209,2933,0,0
34.5746,11.8531,2941,0,0
34.5994,12.8526,3189,0,0
34.6242,11.7242,2909,0,0
34.6490,10.9947,2728,0,0
34.6738,11.2244,2785,0,0
34.6986,12.1070,3004,7,0
34.7234,12.8526,3189,0,0
34.7482,12.8526,3189,0,0
34.7730,12.5947,3125,0,0
34.7978,12.5141,3105,0,0
34.8226,12.2924,3050,0,0
34.8474,11.4219,2834,0,0
34.8722,12.8526,3189,0,0
34.8970,12.8526,3189,0,0
34.9219,12.5786,3121,0,0
34.9467,12.8526,3189,0,0
34.9715,11.2889,2801,0,0
34.9963,12.8526,3189,0,0
35.0211,11.5146,2857,0,0
35.0459,12.8526,3189,4,0
35.0707,12.5987,3126,0,0
35.0955,12.5423,3112,0,0
35.1203,12.8325,3184,0,0
35.1451,12.3811,3072,0,0
35.1699,12.8526,3189,0,0
35.1947,12.8526,3189,4,0
35.2195,12.8526,3189,0,0
35.2443,11.2445,2790,0,0
35.2691,12.8526,3189,0,0
35.2939,11.9095,2955,0,0
35.3187,12.5423,3112,0,0
35.3435,12.8526,3189,0,0
35.3683,12.8526,3189,0,0
35.3931,12.8365,3185,0,0
35.4179,11.9660,2969,0,0
35.4427,12.0143,2981,0,0
35.4675,12.6672,3143,0,0
35.4923,12.5181,3106,8,0
35.5171,12.0143,2981,0,0
35.5419,12.8083,3178,0,0
35.5667,11.5226,2859,0,0
35.5915,12.8526,3189,0,0
35.6163,12.6148,3130,2,0
35.6411,12.8526,3189,0,0
35.6659,12.4496,3089,0,0
35.6907,11.9378,2962,0,0
35.7155,11.5226,2859,0,0
35.7403,12.8526,3189,0,0
35.7651,12.1594,3017,0,0
35.7899,12.0909,3000,166,0
35.8147,12.6672,3143,0,0
35.8395,12.6874,3148,0,0
35.8643,12.8405,3186,0,0
35.8891,11.3292,2811,23,0
35.9140,12.0264,2984,6,0
35.9388,12.8526,3189,0,0
35.9636,12.8365,3185,0,0
35.9884,11.4461,2840,0,0
36.0132,12.7559,3165,0,0
36.0380,12.8526,3189,0,0
36.0628,12.6068,3128,0,0
36.0876,12.8526,3189,0,0
36.1124,12.1876,3024,2,0
36.1372,12.8526,3189,0,0
36.1620,12.4980,3101,5,0
36.1868,12.4738,3095,0,0
36.2116,12.8526,3189,0,0
36.2364,12.6310,3134,0,0
36.2612,12.8526,3189,0,0
36.2860,12.8526,3189,0,0
36.3108,12.6672,3143,0,0
36.3356,11.5428,2864,0,0
36.3604,12.4899,3099,0,0
36.3852,12.3166,3056,0,0
36.4100,12.6672,3143,0,0
36.4348,12.6189,3131,0,0
36.4596,11.0390,2739,0,0
36.4844,12.8526,3189,0,0
36.5092,12.3892,3074,0,0
36.5340,12.8365,3185,0,0
36.5588,12.8526,3189,0,0
36.5836,12.8526,3189,96,0
36.6084,12.8526,3189,0,0
36.6332,12.2602,3042,0,0
36.6580,12.8526,3189,0,0
36.6828,12.0909,3000,0,0
36.7076,12.8526,3189,0,0
36.7324,12.8526,3189,0,0
36.7572,12.7438,3162,0,0
36.7820,12.8526,3189,0,0
36.8068,12.7519,3164,0,0
36.8316,12.7599,3166,0,0
36.8564,11.9458,2964,0,0
36.8812,12.8285,3183,2,0
36.9060,12.8526,3189,0,0
36.9309,12.8526,3189,0,0
36.9557,12.8526,3189,0,0
36.9805,12.8526,3189,165,0
37.0053,12.3126,3055,0,0
37.0301,12.8526,3189,189,0
37.0549,12.7680,3168,50,0
37.0797,12.6552,3140,0,0
37.1045,11.9176,2957,0,0
37.1293,12.4859,3098,0,0
37.1541,11.7886,2925,0,0
37.1789,12.0143,2981,0,0
37.2037,12.8526,3189,0,0
37.2285,12.2844,3048,0,0
37.2533,12.8526,3189,0,0
37.2781,12.6834,3147,0,0
37.3029,12.8526,3189,0,0
37.3277,12.5262,3108,0,0
37.3525,12.7962,3175,10,0
37.3773,12.2924,3050,0,0
37.4021,12.8164,3180,0,0
37.4269,12.8526,3189,11,0
37.4517,12.2441,3038,0,0
37.4765,12.1191,3007,0,0
37.5013,11.6032,2879,0,0
37.5261,11.6677,2895,0,0
37.5509,11.3292,2811,0,0
37.5757,11.7604,2918,0,0
37.6005,12.1997,3027,7,0
37.6253,12.5383,3111,0,0
37.6501,12.8526,3189,0,0
37.6749,12.3085,3054,0,0
37.6997,12.0627,2993,0,0
37.7245,11.6838,2899,0,0
37.7493,12.8526,3189,0,0
37.7741,12.7720,3169,0,0
37.7989,12.3488,3064,0,0
37.8237,11.3534,2817,0,0
37.8485,11.8813,2948,0,0
37.8733,12.8526,3189,0,0
37.8981,11.4340,2837,2,0
37.9230,11.9095,2955,0,0
37.9478,12.0788,2997,0,0
37.9726,12.4295,3084,0,0
37.9974,11.8007,2928,0,0
38.0222,12.7358,3160,0,0
38.0470,12.8526,3189,0,0
38.0718,12.1393,3012,0,0
38.0966,12.8526,3189,0,0
38.1214,12.3085,3054,0,0
38.1462,12.8526,3189,0,0
38.1710,11.6032,2879,1,0
38.1958,12.7962,3175,0,0
38.2206,12.7680,3168,0,0
38.2454,12.3529,3065,0,0
38.2702,12.8526,3189,0,0
38.2950,12.8526,3189,0,0
38.3198,12.0627,2993,0,0
38.3446,12.5907,3124,0,0
38.3694,12.1393,3012,0,0
38.3942,12.4174,3081,0,0
38.4190,11.2768,2798,0,0
38.4438,12.8526,3189,0,0
38.4686,12.6592,3141,0,0
38.4934,12.8526,3189,0,0
38.5182,12.7116,3154,0,0
38.5430,12.3287,3059,0,0
38.5678,12.2360,3036,0,0
38.5926,12.2844,3048,0,0
38.6174,12.8526,3189,2,0
38.6422,12.7720,3169,0,0
38.6670,12.8526,3189,0,0
38.6918,12.1352,3011,0,0
38.7166,12.8526,3189,0,0
38.7414,12.6310,3134,0,0
38.7662,12.8526,3189,0,0
38.7910,11.6355,2887,7,0
38.8158,12.8526,3189,0,0
38.8406,12.5625,3117,0,0
38.8654,11.5629,2869,0,0
38.8902,12.5222,3107,0,0
38.9150,12.7559,3165,7,0
38.9398,12.7358,3160,0,0
38.9647,12.3650,3068,0,0
38.9895,12.2682,3044,0,0
39.0143,11.9982,2977,0,0
39.0391,12.8526,3189,0,0
39.0639,12.8526,3189,0,0
39.0887,12.4012,3077,7,0
39.1135,12.8526,3189,0,0
39.1383,12.0264,2984,0,0
39.1631,10.8133,2683,0,0
39.1879,12.3609,3067,0,0
39.2127,12.7156,3155,15,0
39.2375,11.8249,2934,0,0
39.2623,12.2199,3032,7,0
39.2871,12.8526,3189,0,0
39.3119,12.2602,3042,0,0
39.3367,12.8526,3189,0,0
39.3615,12.2965,3051,0,0
39.3863,11.5952,2877,0,0
39.4111,12.5222,3107,0,0
39.4359,12.6511,3139,0,0
39.4607,12.8526,3189,0,0
39.4855,12.0022,2978,3,0
39.5103,11.9095,2955,0,0
39.5351,12.1191,3007,0,0
39.5599,12.2682,3044,0,0
39.5847,11.8934,2951,0,0
39.6095,12.7882,3173,0,0
39.6343,12.8526,3189,0,0
39.6591,12.8526,3189,0,0
39.6839,12.6148,3130,0,0
39.7087,11.6677,2895,0,0
39.7335,12.3488,3064,0,0
39.7583,12.8365,3185,0,0
39.7831,11.7806,2923,0,0
39.8079,12.8526,3189,0,0
39.8327,11.2728,2797,0,0
39.8575,12.0022,2978,0,0
39.8823,12.7841,3172,0,0
39.9071,12.8526,3189,0,0
39.9319,11.9498,2965,0,0
39.9567,12.8526,3189,0,0
39.9816,12.8526,3189,0,0
40.0064,12.8164,3180,55,0
40.0312,12.1312,3010,0,0
40.0560,12.8285,3183,0,0
40.0808,12.8526,3189,90,0
40.1056,12.8526,3189,0,0
40.1304,12.8526,3189,0,0
40.1552,12.8526,3189,0,0
40.1800,12.5584,3116,32,0
40.2048,12.8526,3189,0,0
40.2296,11.8410,2938,0,0
40.2544,12.2199,3032,0,0
40.2792,11.8934,2951,0,0
40.3040,11.7524,2916,0,0
40.3288,12.8526,3189,0,0
40.3536,12.2682,3044,0,0
40.3784,12.7882,3173,0,0
40.4032,12.8526,3189,0,0
40.4280,12.3851,3073,0,0
40.4528,11.7242,2909,0,0
40.4776,11.9942,2976,0,0
40.5024,12.6874,3148,0,0
40.5272,12.2844,3048,0,0
40.5520,12.8526,3189,0,0
40.5768,11.9861,2974,0,0
40.6016,12.8526,3189,0,0
40.6264,12.8526,3189,0,0
40.6512,12.2844,3048,0,0
40.6760,12.8526,3189,0,0
40.7008,12.5866,3123,0,0
40.7256,12.8526,3189,0,0
40.7504,12.8526,3189,0,0
40.7752,11.5912,2876,0,0
40.8000,12.6189,3131,0,0
40.8248,12.8526,3189,0,0
40.8496,12.2602,3042,0,0
40.8744,12.2481,3039,0,0
40.8992,12.8526,3189,0,0
40.9240,12.8526,3189,0,0
40.9488,12.8526,3189,0,0
40.9737,12.2481,3039,0,0
40.9985,11.7282,2910,0,0
41.0233,12.8526,3189,15,0
41.0481,12.4859,3098,0,0
41.0729,12.8526,3189,23,0
41.0977,12.5101,3104,0,0
41.1225,12.0627,2993,0,0
41.1473,12.8526,3189,0,0
41.1721,12.2682,3044,0,0
41.1969,12.8526,3189,0,0
41.2217,12.8526,3189,0,0
41.2465,12.3045,3053,0,0
41.2713,12.8526,3189,0,0
41.2961,12.7358,3160,0,0
41.3209,12.8526,3189,0,0
41.3457,12.5705,3119,0,0
41.3705,12.1352,3011,0,0
41.3953,11.7483,2915,0,0
41.4201,12.4456,3088,0,0
41.4449,10.9100,2707,0,0
41.4697,12.3771,3071,0,0
41.4945,10.9987,2729,0,0
41.5193,12.6874,3148,7,0
41.5441,11.8612,2943,1,0
41.5689,12.8526,3189,0,0
41.5937,12.5383,3111,0,0
41.6185,11.9418,2963,0,0
41.6433,12.1151,3006,0,0
41.6681,12.8526,3189,0,0
41.6929,12.8526,3189,0,0
41.7177,12.8526,3189,0,0
41.7425,12.8526,3189,0,0
41.7673,12.6632,3142,0,0
41.7921,11.5670,2870,0,0
41.8169,12.0264,2984,0,0
41.8417,12.7680,3168,0,0
41.8665,12.0587,2992,0,0
41.8913,11.9095,2955,0,0
41.9161,12.0909,3000,0,0
41.9409,12.7196,3156,0,0
41.9657,12.5544,3115,0,0
41.9906,12.1232,3008,0,0
42.0154,12.8526,3189,0,0
42.0402,12.0143,2981,0,0
42.0650,12.8526,3189,0,0
42.0898,12.8526,3189,0,0
42.1146,12.1796,3022,0,0
42.1394,12.8526,3189,0,0
42.1642,12.8526,3189,0,0
42.1890,12.8526,3189,0,0
42.2138,11.5952,2877,6,0
42.2386,12.6310,3134,0,0
42.2634,12.8526,3189,15,0
42.2882,12.8526,3189,0,0
42.3130,11.8410,2938,0,0
42.3378,12.7358,3160,0,0
42.3626,12.6632,3142,0,0
42.3874,12.7478,3163,0,0
42.4122,11.9700,2970,0,0
42.4370,12.2682,3044,0,0
42.4618,12.8526,3189,0,0
42.4866,12.4859,3098,0,0
42.5114,12.7478,3163,0,0
42.5362,12.5987,3126,0,0
42.5610,12.3045,3053,0,0
42.5858,12.8526,3189,0,0
42.6106,11.5549,2867,0,0
42.6354,11.7483,2915,0,0
42.6602,11.2728,2797,0,0
42.6850,12.8526,3189,0,0
42.7098,11.7282,2910,0,0
42.7346,12.8526,3189,0,0
42.7594,12.1393,3012,0,0
42.7842,12.8526,3189,0,0
42.8090,12.4295,3084,0,0
42.8338,12.8526,3189,0,0
42.8586,12.8526,3189,0,0
42.8834,11.8813,2948,0,0
42.9082,12.8526,3189,0,0
42.9330,12.0627,2993,0,0
42.9578,12.8526,3189,0,0
42.9827,11.8048,2929,0,0
43.0075,12.7478,3163,0,0
43.0323,12.4335,3085,0,0
43.0571,12.8526,3189,0,0
43.0819,11.8048,2929,0,0
43.1067,12.6310,3134,10,0
43.1315,12.7116,3154,0,0
43.1563,11.4461,2840,0,0
43.1811,12.8526,3189,0,0
43.2059,12.8526,3189,0,0
43.2307,12.6995,3151,0,0
43.2555,11.7806,2923,0,0
43.2803,12.8526,3189,2,0
43.3051,11.7000,2903,0,0
43.3299,12.1715,3020,0,0
43.3547,11.9498,2965,0,0
43.3795,12.8526,3189,0,0
43.4043,12.8526,3189,0,0
43.4291,12.8526,3189,0,0
43.4539,11.4461,2840,0,0
43.4787,12.7358,3160,0,0
43.5035,12.8526,3189,0,0
43.5283,12.8526,3189,0,0
43.5531,12.6632,3142,0,0
43.5779,12.1232,3008,0,0
43.6027,12.3126,3055,0,0
43.6275,12.8526,3189,0,0
43.6523,12.8526,3189,0,0
43.6771,12.0909,3000,0,0
43.7019,12.2199,3032,0,0
43.7267,12.8365,3185,0,0
43.7515,12.8526,3189,0,0
43.7763,12.5383,3111,0,0
43.8011,12.0546,2991,0,0
43.8259,12.3811,3072,0,0
43.8507,12.5141,3105,0,0
43.8755,12.5866,3123,0,0
43.9003,12.5383,3111,8,0
43.9251,12.8526,3189,0,0
43.9499,12.8526,3189,0,0
43.9747,12.8526,3189,0,0
43.9995,12.8526,3189,0,0
44.0244,11.5831,2874,0,0
44.0492,12.8526,3189,0,0
44.0740,12.8526,3189,0,0
44.0988,11.1841,2775,0,0
44.1236,11.0027,2730,0,0
44.1484,11.9176,2957,0,0
44.1732,11.5226,2859,0,0
44.1980,11.0914,2752,0,0
44.2228,12.8526,3189,0,0
44.2476,11.9942,2976,0,0
44.2724,11.5670,2870,0,0
44.2972,12.8526,3189,0,0
44.3220,11.1841,2775,0,0
44.3468,12.8526,3189,0,0
44.3716,12.8526,3189,0,0
44.3964,11.9942,2976,0,0
44.4212,12.8526,3189,0,0
44.4460,11.0027,2730,0,0
44.4708,12.8526,3189,15,0
44.4956,11.5226,2859,0,0
44.5204,12.8526,3189,0,0
44.5452,12.8526,3189,0,0
44.5700,11.9942,2976,0,0
44.5948,12.8526,3189,15,0
44.6196,11.0914,2752,0,0
44.6444,12.8526,3189,0,0
44.6692,12.8123,3179,0,0
44.6940,11.7645,2919,0,0
44.7188,12.8526,3189,8,0
44.7436,11.5226,2859,0,0
44.7684,12.4496,3089,0,0
44.7932,12.8526,3189,15,0
44.8180,11.1841,2775,0,0
44.8428,12.6431,3137,0,0
44.8676,12.8526,3189,8,0
44.8924,11.2728,2797,0,0
44.9172,12.2360,3036,0,0
44.9420,12.8526,3189,0,0
44.9668,11.9458,2964,0,0
44.9916,11.2607,2794,0,0
45.0165,12.8526,3189,0,0
45.0413,12.8526,3189,0,0
45.0661,11.8934,2951,0,0
45.0909,11.5428,2864,0,0
45.1157,12.3166,3056,0,0
45.1405,12.8365,3185,0,0
45.1653,12.8285,3183,0,0
45.1901,12.4133,3080,0,0
45.2149,12.3811,3072,0,0
45.2397,12.2803,3047,0,0
45.2645,12.3247,3058,0,0
45.2893,12.4496,3089,0,0
45.3141,12.5342,3110,0,0
45.3389,12.5060,3103,0,0
45.3637,12.4133,3080,0,0
45.3885,12.4859,3098,0,0
45.4133,12.4214,3082,0,0
45.4381,12.4496,3089,0,0
45.4629,12.4698,3094,0,0
45.4877,12.3892,3074,0,0
45.5125,12.3529,3065,0,0
45.5373,12.3569,3066,0,0
45.5621,12.2844,3048,0,0
45.5869,12.0748,2996,0,0
45.6117,12.4174,3081,0,0
45.6365,12.4496,3089,0,0
45.6613,12.3166,3056,0,0
45.6861,12.2844,3048,0,0
45.7109,12.3085,3054,0,0
45.7357,12.4214,3082,0,0
45.7605,12.3126,3055,0,0
45.7853,12.2602,3042,0,0
45.8101,12.4214,3082,0,0
45.8349,12.3287,3059,0,0
45.8597,12.2320,3035,0,0
45.8845,12.4214,3082,0,0
45.9093,12.3529,3065,0,0
45.9341,12.2521,3040,0,0
45.9589,12.4174,3081,0,0
45.9837,12.3529,3065,0,0
46.0085,12.2199,3032,0,0
46.0334,12.3206,3057,0,0
46.0582,12.3206,3057,0,0
46.0830,12.2682,3044,0,0
46.1078,12.3650,3068,0,0
46.1326,12.3287,3059,0,0
46.1574,12.2844,3048,0,0
46.1822,12.3730,3070,0,0
46.2070,12.2844,3048,0,0
46.2318,12.3529,3065,0,0
46.2566,12.3166,3056,0,0
46.2814,12.2924,3050,0,0
46.3062,12.3126,3055,0,0
46.3310,12.2803,3047,0,0
46.3558,12.2844,3048,0,0
46.3806,12.3327,3060,0,0
46.4054,12.3085,3054,0,0
46.4302,12.2844,3048,0,0
46.4550,12.3166,3056,0,0
46.4798,12.3529,3065,0,0
46.5046,12.3045,3053,0,0
46.5294,12.2924,3050,0,0
46.5542,12.3166,3056,0,0
46.5790,12.2844,3048,0,0
46.6038,12.3085,3054,0,0
46.6286,12.3206,3057,0,0
46.6534,12.2844,3048,0,0
46.6782,12.2682,3044,0,0
46.7030,12.3045,3053,0,0
46.7278,12.2924,3050,0,0
46.7526,12.3166,3056,0,0
46.7774,12.3166,3056,0,0
46.8022,12.3005,3052,0,0
46.8270,12.3045,3053,0,0
46.8518,12.3126,3055,0,0
46.8766,12.3166,3056,0,0
46.9014,12.3126,3055,0,0
46.9262,12.2803,3047,0,0
46.9510,12.2844,3048,0,0
46.9758,12.3287,3059,0,0
47.0006,12.3166,3056,0,0
47.0254,12.3206,3057,0,0
47.0503,12.3166,3056,0,0
47.0751,12.2844,3048,0,0
47.0999,12.3287,3059,0,0
47.1247,12.3488,3064,0,0
47.1495,12.3327,3060,0,0
47.1743,12.2924,3050,0,0
47.1991,12.3126,3055,0,0
47.2239,12.3005,3052,0,0
47.2487,12.3609,3067,0,0
47.2735,12.2965,3051,0,0
47.2983,12.3206,3057,0,0
47.3231,12.3287,3059,0,0
47.3479,12.3609,3067,0,0
47.3727,12.2803,3047,0,0
47.3975,12.3166,3056,0,0
47.4223,12.3206,3057,0,0
47.4471,12.3690,3069,0,0
47.4719,12.3045,3053,0,0
47.4967,12.3166,3056,0,0
47.5215,12.3327,3060,0,0
47.5463,12.3206,3057,0,0
47.5711,12.3085,3054,0,0
47.5959,12.3085,3054,0,0
47.6207,12.2844,3048,0,0
47.6455,12.3126,3055,0,0
47.6703,12.2803,3047,0,0
47.6951,12.2844,3048,0,0
47.7199,12.3126,3055,0,0
47.7447,12.3166,3056,0,0
47.7695,12.3529,3065,0,0
47.7943,12.3287,3059,0,0
47.8191,12.3609,3067,0,0
47.8439,12.3085,3054,0,0
47.8687,12.3206,3057,0,0
47.8935,12.3287,3059,0,0
47.9183,12.3247,3058,0,0
47.9431,12.2844,3048,0,0
47.9679,12.3206,3057,0,0
47.9927,12.3166,3056,0,0
48.0175,12.2682,3044,0,0
48.0424,12.3206,3057,0,0
48.0672,12.3287,3059,0,0
48.0920,12.3327,3060,0,0
48.1168,12.3045,3053,0,0
48.1416,12.3287,3059,0,0
48.1664,12.3488,3064,0,0
48.1912,12.3771,3071,0,0
48.2160,12.2924,3050,0,0
48.2408,12.3327,3060,0,0
48.2656,12.2602,3042,0,0
48.2904,12.3569,3066,0,0
48.3152,12.3771,3071,0,0
48.3400,12.3529,3065,0,0
48.3648,12.3529,3065,0,0
48.3896,12.3206,3057,0,0
48.4144,12.3045,3053,0,0
48.4392,12.3166,3056,0,0
48.4640,12.3085,3054,0,0
48.4888,12.2924,3050,0,0
48.5136,12.2803,3047,0,0
48.5384,12.3247,3058,0,0
48.5632,12.3448,3063,0,0
48.5880,12.3569,3066,0,0
48.6128,12.3206,3057,0,0
48.6376,12.2844,3048,0,0
48.6624,12.2924,3050,0,0
48.6872,12.3247,3058,0,0
48.7120,12.3085,3054,0,0
48.7368,12.3529,3065,0,0
48.7616,12.3529,3065,0,0
48.7864,12.3609,3067,0,0
48.8112,12.3327,3060,0,0
48.8360,12.3529,3065,0,0
48.8608,12.3206,3057,0,0
48.8856,12.2924,3050,0,0
48.9104,12.3448,3063,0,0
48.9352,12.3408,3062,0,0
48.9600,12.3287,3059,0,0
48.9848,12.3166,3056,0,0
49.0096,12.3327,3060,0,0
49.0344,12.3529,3065,0,0
49.0592,12.3206,3057,0,0
49.0841,12.3488,3064,0,0
49.1089,12.3206,3057,0,0
49.1337,12.3448,3063,0,0
49.1585,12.3166,3056,0,0
49.1833,12.3206,3057,0,0
49.2081,12.3448,3063,0,0
49.2329,12.3166,3056,0,0
49.2577,12.3609,3067,0,0
49.2825,12.3488,3064,0,0
49.3073,12.3287,3059,0,0
49.3321,12.3126,3055,0,0
49.3569,12.3690,3069,0,0
49.3817,12.3569,3066,0,0
49.4065,12.3488,3064,0,0
49.4313,12.3166,3056,0,0
49.4561,12.3488,3064,0,0
49.4809,12.3206,3057,0,0
49.5057,12.3206,3057,0,0
49.5305,12.3529,3065,0,0
49.5553,12.3529,3065,0,0
49.5801,12.2844,3048,0,0
49.6049,12.3206,3057,0,0
49.6297,12.3166,3056,0,0
49.6545,12.3569,3066,0,0
49.6793,12.3609,3067,0,0
49.7041,12.3327,3060,0,0
49.7289,12.3287,3059,0,0
49.7537,12.3609,3067,0,0
49.7785,12.3085,3054,0,0
49.8033,12.3730,3070,0,0
49.8281,12.2803,3047,0,0
49.8529,12.3206,3057,0,0
49.8777,12.3287,3059,0,0
49.9025,12.3327,3060,0,0
49.9273,12.3206,3057,0,0
49.9521,12.3206,3057,0,0
49.9769,12.3206,3057,0,0
50.0017,12.3085,3054,0,0
50.0265,12.3085,3054,0,0
50.0513,12.3287,3059,0,0
50.0762,12.3327,3060,0,0
50.1010,12.3287,3059,0,0
50.1258,12.3287,3059,0,0
50.1506,12.3851,3073,0,0
50.1754,12.3529,3065,0,0
50.2002,12.3488,3064,0,0
50.2250,12.3529,3065,0,0
50.2498,12.3206,3057,0,0
50.2746,12.3569,3066,0,0
50.2994,12.3327,3060,0,0
50.3242,12.3730,3070,0,0
50.3490,12.3045,3053,0,0
50.3738,12.3448,3063,0,0
50.3986,12.3609,3067,0,0
50.4234,12.3811,3072,0,0
50.4482,12.3529,3065,0,0
50.4730,12.2924,3050,0,0
50.4978,12.3126,3055,0,0
50.5226,12.3287,3059,0,0
50.5474,12.3730,3070,0,0
50.5722,12.3448,3063,0,0
50.5970,12.3730,3070,0,0
50.6218,12.3488,3064,0,0
50.6466,12.2924,3050,0,0
50.6714,12.3448,3063,0,0
50.6962,12.3690,3069,0,0
50.7210,12.3730,3070,0,0
50.7458,12.2803,3047,0,0
50.7706,12.3529,3065,0,0
50.7954,12.3488,3064,0,0
50.8202,12.3448,3063,0,0
50.8450,12.3206,3057,0,0
50.8698,12.3206,3057,0,0
50.8946,12.3730,3070,0,0
50.9194,12.3005,3052,0,0
50.9442,12.3529,3065,0,0
50.9690,12.3488,3064,0,0
50.9938,12.3126,3055,0,0
51.0186,12.3287,3059,0,0
51.0434,12.3488,3064,0,0
51.0682,12.3609,3067,0,0
51.0931,12.3206,3057,0,0
51.1179,12.3327,3060,0,0
51.1427,12.3166,3056,0,0
51.1675,12.3206,3057,0,0
51.1923,12.2844,3048,0,0
51.2171,12.3206,3057,0,0
51.2419,12.3166,3056,0,0
51.2667,12.3488,3064,0,0
51.2915,12.3287,3059,0,0
51.3163,12.3166,3056,0,0
51.3411,12.3206,3057,0,0
51.3659,12.3488,3064,0,0
51.3907,12.3609,3067,0,0
51.4155,12.3811,3072,0,0
51.4403,12.3166,3056,0,0
51.4651,12.3771,3071,0,0
51.4899,12.3529,3065,0,0
51.5147,12.3488,3064,0,0
51.5395,12.3771,3071,0,0
51.5643,12.3126,3055,0,0
51.5891,12.3408,3062,0,0
51.6139,12.3085,3054,0,0
51.6387,12.3206,3057,0,0
51.6635,12.3166,3056,0,0
51.6883,12.3529,3065,0,0
51.7131,12.3771,3071,0,0
51.7379,12.3085,3054,0,0
51.7627,12.3488,3064,0,0
51.7875,12.3609,3067,0,0
51.8123,12.3085,3054,0,0
51.8371,12.3488,3064,0,0
51.8619,12.3085,3054,0,0
51.8867,12.3287,3059,0,0
51.9115,12.3690,3069,0,0
51.9363,12.3730,3070,0,0
51.9611,12.3085,3054,0,0
51.9859,12.3488,3064,0,0
52.0107,12.3892,3074,0,0
52.0355,12.3287,3059,0,0
52.0603,12.3005,3052,0,0
52.0852,12.3488,3064,0,0
52.1100,12.3126,3055,0,0
52.1348,12.3488,3064,0,0
52.1596,12.3287,3059,0,0
52.1844,12.3488,3064,0,0
52.2092,12.3529,3065,0,0
52.2340,12.3529,3065,0,0
52.2588,12.3569,3066,0,0
52.2836,12.3206,3057,0,0
52.3084,12.3529,3065,0,0
52.3332,12.3085,3054,0,0
52.3580,12.3126,3055,0,0
52.3828,12.3771,3071,0,0
52.4076,12.3690,3069,0,0
52.4324,12.3529,3065,0,0
52.4572,12.3327,3060,0,0
52.4820,12.3569,3066,0,0
52.5068,12.3126,3055,0,0
52.5316,12.3811,3072,0,0
52.5564,12.3771,3071,0,0
52.5812,12.3327,3060,0,0
52.6060,12.2924,3050,0,0
52.6308,12.3327,3060,0,0
52.6556,12.3730,3070,0,0
52.6804,12.3488,3064,0,0
52.7052,12.3448,3063,0,0
52.7300,12.3488,3064,0,0
52.7548,12.2924,3050,0,0
52.7796,12.3206,3057,0,0
52.8044,12.3488,3064,0,0
52.8292,12.3287,3059,0,0
52.8540,12.3327,3060,0,0
52.8788,12.3206,3057,0,0
52.9036,12.3166,3056,0,0
52.9284,12.3206,3057,0,0
52.9532,12.3972,3076,0,0
52.9780,12.3166,3056,0,0
53.0028,12.3529,3065,0,0
53.0276,12.3166,3056,0,0
53.0524,12.3327,3060,0,0
53.0772,12.3287,3059,0,0
53.1021,12.3529,3065,0,0
53.1269,12.3730,3070,0,0
53.1517,12.3166,3056,0,0
53.1765,12.3488,3064,0,0
53.2013,12.3730,3070,0,0
53.2261,12.3488,3064,0,0
53.2509,12.3529,3065,0,0
53.2757,12.2924,3050,0,0
53.3005,12.3771,3071,0,0
53.3253,12.3650,3068,0,0
53.3501,12.3529,3065,0,0
53.3749,12.3529,3065,0,0
53.3997,12.3247,3058,0,0
53.4245,12.2924,3050,0,0
53.4493,12.3771,3071,0,0
53.4741,12.3609,3067,0,0
53.4989,12.3247,3058,0,0
53.5237,12.3085,3054,0,0
53.5485,12.3287,3059,0,0
53.5733,12.3609,3067,0,0
53.5981,12.3529,3065,0,0
53.6229,12.3287,3059,0,0
53.6477,12.3569,3066,0,0
53.6725,12.3529,3065,0,0
53.6973,12.3206,3057,0,0
53.7221,12.3569,3066,0,0
53.7469,12.3892,3074,0,0
53.7717,12.3609,3067,0,0
53.7965,12.3247,3058,0,0
53.8213,12.3206,3057,0,0
53.8461,12.3529,3065,0,0
53.8709,12.3569,3066,0,0
53.8957,12.3206,3057,0,0
53.9205,12.3448,3063,0,0
53.9453,12.3851,3073,0,0
53.9701,12.3851,3073,0,0
53.9949,12.3730,3070,0,0
54.0197,12.3126,3055,0,0
54.0445,12.3488,3064,0,0
54.0693,12.3488,3064,0,0
54.0941,12.3327,3060,0,0
54.1189,12.3488,3064,0,0
54.1438,12.3690,3069,0,0
54.1686,12.3206,3057,0,0
54.1934,12.3327,3060,0,0
54.2182,12.3771,3071,0,0
54.2430,12.3327,3060,0,0
54.2678,12.2924,3050,0,0
54.2926,12.3327,3060,0,0
54.3174,12.3609,3067,0,0
54.3422,12.3206,3057,0,0
54.3670,12.3327,3060,0,0
54.3918,12.3488,3064,0,0
54.4166,12.3529,3065,0,0
54.4414,12.3166,3056,0,0
54.4662,12.3690,3069,0,0
54.4910,12.3166,3056,0,0
54.5158,12.3569,3066,0,0
54.5406,12.3488,3064,0,0
54.5654,12.3529,3065,0,0
54.5902,12.3166,3056,0,0
54.6150,12.3488,3064,0,0
54.6398,12.3771,3071,0,0
54.6646,12.3287,3059,0,0
54.6894,12.3206,3057,0,0
54.7142,12.3488,3064,0,0
54.7390,12.3569,3066,0,0
54.7638,12.3529,3065,0,0
54.7886,12.3529,3065,0,0
54.8134,12.3488,3064,0,0
54.8382,12.3488,3064,0,0
54.8630,12.3569,3066,0,0
54.8878,12.3085,3054,0,0
54.9126,12.3488,3064,0,0
54.9374,12.3730,3070,0,0
54.9622,12.3569,3066,0,0
54.9870,12.3569,3066,0,0
55.0118,12.3972,3076,0,0
55.0366,12.3529,3065,0,0
55.0614,12.3488,3064,0,0
55.0862,12.3690,3069,0,0
55.1110,12.3448,3063,0,0
55.1359,12.3488,3064,0,0
55.1607,12.2924,3050,0,0
55.1855,12.3085,3054,0,0
55.2103,12.3448,3063,0,0
55.2351,12.3488,3064,0,0
55.2599,12.3166,3056,0,0
55.2847,12.3287,3059,0,0
55.3095,12.3529,3065,0,0
55.3343,12.3730,3070,0,0
55.3591,12.3287,3059,0,0
55.3839,12.3327,3060,0,0
55.4087,12.3166,3056,0,0
55.4335,12.3690,3069,0,0
55.4583,12.3529,3065,0,0
55.4831,12.3569,3066,0,0
55.5079,12.3166,3056,0,0
55.5327,12.3730,3070,0,0
55.5575,12.3609,3067,0,0
55.5823,12.3488,3064,0,0
55.6071,12.3206,3057,0,0
55.6319,12.3569,3066,0,0
55.6567,12.3206,3057,0,0
55.6815,12.3287,3059,0,0
55.7063,12.3529,3065,0,0
55.7311,12.3609,3067,0,0
55.7559,12.3287,3059,0,0
55.7807,12.3529,3065,0,0
55.8055,12.3126,3055,0,0
55.8303,12.3206,3057,0,0
55.8551,12.3327,3060,0,0
55.8799,12.3126,3055,0,0
55.9047,12.3206,3057,0,0
55.9295,12.3206,3057,0,0
55.9543,12.3327,3060,0,0
55.9791,12.3811,3072,0,0
56.0039,12.3206,3057,0,0
56.0287,12.3609,3067,0,0
56.0535,12.3488,3064,0,0
56.0783,12.2924,3050,0,0
56.1031,12.2924,3050,0,0
56.1279,12.3287,3059,0,0
56.1528,12.3206,3057,0,0
56.1776,12.3811,3072,0,0
56.2024,12.3247,3058,0,0
56.2272,12.3529,3065,0,0
56.2520,12.3529,3065,0,0
56.2768,12.3771,3071,0,0
56.3016,12.3287,3059,0,0
56.3264,12.3448,3063,0,0
56.3512,12.3488,3064,0,0
56.3760,12.3690,3069,0,0
56.4008,12.3287,3059,0,0
56.4256,12.3488,3064,0,0
56.4504,12.3488,3064,0,0
56.4752,12.3488,3064,0,0
56.5000,12.3206,3057,0,0
56.5248,12.3166,3056,0,0
56.5496,12.3609,3067,0,0
56.5744,12.3851,3073,0,0
56.5992,12.3287,3059,0,0
56.6240,12.3488,3064,0,0
56.6488,12.3609,3067,0,0
56.6736,12.3569,3066,0,0
56.6984,12.3488,3064,0,0
56.7232,12.3569,3066,0,0
56.7480,12.3287,3059,0,0
56.7728,12.3488,3064,0,0
56.7976,12.3529,3065,0,0
56.8224,12.3166,3056,0,0
56.8472,12.3206,3057,0,0
56.8720,12.3811,3072,0,0
56.8968,12.3488,3064,0,0
56.9216,12.3488,3064,0,0
56.9464,12.3488,3064,0,0
56.9712,12.3287,3059,0,0
56.9960,12.3488,3064,0,0
57.0208,12.3569,3066,0,0
57.0456,12.3206,3057,0,0
57.0704,12.3327,3060,0,0
57.0952,12.3529,3065,0,0
57.1200,12.3085,3054,0,0
57.1449,12.3529,3065,0,0
57.1697,12.3730,3070,0,0
57.1945,12.3529,3065,0,0
57.2193,12.3206,3057,0,0
57.2441,12.3609,3067,0,0
57.2689,12.3851,3073,0,0
57.2937,12.3529,3065,0,0
57.3185,12.3206,3057,0,0
57.3433,12.3085,3054,0,0
57.3681,12.3166,3056,0,0
57.3929,12.3529,3065,0,0
57.4177,12.3529,3065,0,0
57.4425,12.3206,3057,0,0
57.4673,12.3206,3057,0,0
57.4921,12.3126,3055,0,0
57.5169,12.3529,3065,0,0
57.5417,12.3488,3064,0,0
57.5665,12.3529,3065,0,0
57.5913,12.3529,3065,0,0
57.6161,12.3126,3055,0,0
57.6409,12.3327,3060,0,0
57.6657,12.3166,3056,0,0
57.6905,12.3569,3066,0,0
57.7153,12.3730,3070,0,0
57.7401,12.3166,3056,0,0
57.7649,12.3045,3053,0,0
57.7897,12.3771,3071,0,0
57.8145,12.3448,3063,0,0
57.8393,12.3287,3059,0,0
57.8641,12.3529,3065,0,0
57.8889,12.3851,3073,0,0
57.9137,12.3206,3057,0,0
57.9385,12.3448,3063,0,0
57.9633,12.3448,3063,0,0
57.9881,12.3166,3056,0,0
58.0129,12.3287,3059,0,0
58.0377,12.3488,3064,0,0
58.0625,12.3569,3066,0,0
58.0873,12.3045,3053,0,0
58.1121,12.3126,3055,0,0
58.1369,12.3005,3052,0,0
58.1618,12.2844,3048,0,0
58.1866,12.3569,3066,0,0
58.2114,12.3529,3065,0,0
58.2362,12.3085,3054,0,0
58.2610,12.3488,3064,0,0
58.2858,12.3166,3056,0,0
58.3106,12.3488,3064,0,0
58.3354,12.3206,3057,0,0
58.3602,12.3206,3057,0,0
58.3850,12.3126,3055,0,0
58.4098,12.3569,3066,0,0
58.4346,12.3529,3065,0,0
58.4594,12.3448,3063,0,0
58.4842,12.3569,3066,0,0
58.5090,12.3851,3073,0,0
58.5338,12.3166,3056,0,0
58.5586,12.3488,3064,0,0
58.5834,12.3529,3065,0,0
58.6082,12.3327,3060,0,0
58.6330,12.3166,3056,0,0
58.6578,12.3529,3065,0,0
58.6826,12.3690,3069,0,0
58.7074,12.3206,3057,0,0
58.7322,12.3408,3062,0,0
58.7570,12.3730,3070,0,0
58.7818,12.3408,3062,0,0
58.8066,12.3166,3056,0,0
58.8314,12.3287,3059,0,0
58.8562,12.3488,3064,0,0
58.8810,12.3569,3066,0,0
58.9058,12.3529,3065,0,0
58.9306,12.3488,3064,0,0
58.9554,12.3327,3060,0,0
58.9802,12.3488,3064,0,0
59.0050,12.3851,3073,0,0
59.0298,12.3287,3059,0,0
59.0546,12.3529,3065,0,0
59.0794,12.3287,3059,0,0
59.1042,12.3287,3059,0,0
59.1290,12.3529,3065,0,0
59.1539,12.3609,3067,0,0
59.1786,12.3206,3057,0,0
59.2035,12.3488,3064,0,0
59.2283,12.3529,3065,0,0
59.2531,12.3287,3059,0,0
59.2779,12.3166,3056,0,0
59.3027,12.3529,3065,0,0
59.3275,12.3851,3073,0,0
59.3523,12.3126,3055,0,0
59.3771,12.3045,3053,0,0
59.4019,12.3488,3064,0,0
59.4267,12.3247,3058,0,0
59.4515,12.3488,3064,0,0
59.4763,12.3488,3064,0,0
59.5011,12.3206,3057,0,0
59.5259,12.3569,3066,0,0
59.5507,12.3569,3066,0,0
59.5755,12.3166,3056,0,0
59.6003,12.3529,3065,0,0
59.6251,12.3730,3070,0,0
59.6499,12.3730,3070,0,0
59.6747,12.3327,3060,0,0
59.6995,12.3811,3072,0,0
59.7243,12.3005,3052,0,0
59.7491,12.3609,3067,0,0
59.7739,12.3529,3065,0,0
59.7987,12.3085,3054,0,0
59.8235,12.3247,3058,0,0
59.8483,12.3771,3071,0,0
59.8731,12.3287,3059,0,0
59.8979,12.3166,3056,0,0
59.9227,12.3448,3063,0,0
59.9475,12.3448,3063,0,0
59.9723,12.3488,3064,0,0
59.9971,12.3569,3066,0,0
60.0219,12.3287,3059,0,0
60.0467,12.3771,3071,0,0
60.0715,12.3085,3054,0,0
60.0963,12.3166,3056,0,0
60.1211,12.3488,3064,0,0
60.1459,12.3811,3072,0,0
60.1707,12.3488,3064,0,0
60.1956,12.3287,3059,0,0
60.2204,12.3488,3064,0,0
60.2452,12.3085,3054,0,0
60.2700,12.3529,3065,0,0
60.2948,12.3287,3059,0,0
60.3196,12.3206,3057,0,0
60.3444,12.3448,3063,0,0
60.3692,12.3488,3064,0,0
60.3940,12.3085,3054,0,0
60.4188,12.3488,3064,0,0
60.4436,12.3569,3066,0,0
60.4684,12.3690,3069,0,0
60.4932,12.3126,3055,0,0
60.5180,12.3690,3069,0,0
60.5428,12.3730,3070,0,0
60.5676,12.3448,3063,0,0
60.5924,12.3085,3054,0,0
60.6172,12.2844,3048,0,0
60.6420,12.3488,3064,0,0
60.6668,12.3166,3056,0,0
60.6916,12.3488,3064,0,0
60.7164,12.3811,3072,0,0
60.7412,12.2924,3050,0,0
60.7660,12.3166,3056,0,0
60.7908,12.3206,3057,0,0
60.8156,12.3448,3063,0,0
60.8404,12.3206,3057,0,0
60.8652,12.3126,3055,0,0
60.8900,12.2844,3048,0,0
60.9148,12.3206,3057,0,0
60.9396,12.3287,3059,0,0
60.9644,12.3569,3066,0,0
60.9892,12.3166,3056,0,0
61.0140,12.3529,3065,0,0
61.0388,12.3166,3056,0,0
61.0636,12.3206,3057,0,0
61.0884,12.3609,3067,0,0
61.1132,12.3811,3072,0,0
61.1380,12.3448,3063,0,0
61.1628,12.3730,3070,0,0
61.1876,12.3287,3059,0,0
61.2125,12.3327,3060,0,0
61.2373,12.3771,3071,0,0
61.2621,12.3126,3055,0,0
61.2869,12.3851,3073,0,0
61.3117,12.3650,3068,0,0
61.3365,12.3609,3067,0,0
61.3613,12.3730,3070,0,0
61.3861,12.3448,3063,0,0
61.4109,12.3287,3059,0,0
61.4357,12.3126,3055,0,0
61.4605,12.3569,3066,0,0
61.4853,12.3529,3065,0,0
61.5101,12.3287,3059,0,0
61.5349,12.3488,3064,0,0
61.5597,12.3488,3064,0,0
61.5845,12.3488,3064,0,0
61.6093,12.3811,3072,0,0
61.6341,12.3730,3070,0,0
61.6589,12.3206,3057,0,0
61.6837,12.2844,3048,0,0
61.7085,12.3045,3053,0,0
61.7333,12.3488,3064,0,0
61.7581,12.3730,3070,0,0
61.7829,12.3851,3073,0,0
61.8077,12.3247,3058,0,0
61.8325,12.3085,3054,0,0
61.8573,12.3730,3070,0,0
61.8821,12.3287,3059,0,0
61.9069,12.3529,3065,0,0
61.9317,12.3690,3069,0,0
61.9565,12.2844,3048,0,0
61.9813,12.3085,3054,0,0
62.0061,12.3206,3057,0,0
62.0309,12.3085,3054,0,0
62.0557,12.2924,3050,0,0
62.0805,12.3206,3057,0,0
62.1053,12.3529,3065,0,0
62.1301,12.3126,3055,0,0
62.1549,12.3569,3066,0,0
62.1797,12.3771,3071,0,0
62.2046,12.3287,3059,0,0
62.2294,12.3609,3067,0,0
62.2542,12.3690,3069,0,0
62.2790,12.3166,3056,0,0
62.3038,12.3892,3074,0,0
62.3286,12.3529,3065,0,0
62.3534,12.3488,3064,0,0
62.3782,12.3609,3067,0,0
62.4030,12.3811,3072,0,0
62.4278,12.3529,3065,0,0
62.4526,12.3529,3065,0,0
62.4774,12.3287,3059,0,0
62.5022,12.3126,3055,0,0
62.5270,12.3488,3064,0,0
62.5518,12.3811,3072,0,0
62.5766,12.3045,3053,0,0
62.6014,12.3408,3062,0,0
62.6262,12.3488,3064,0,0
62.6510,12.3529,3065,0,0
62.6758,12.3529,3065,0,0
62.7006,12.3771,3071,0,0
62.7254,12.3771,3071,0,0
62.7502,12.3529,3065,0,0
62.7750,12.3126,3055,0,0
62.7998,12.3730,3070,0,0
62.8246,12.3166,3056,0,0
62.8494,12.3408,3062,0,0
62.8742,12.3529,3065,0,0
62.8990,12.3126,3055,0,0
62.9238,12.3448,3063,0,0
62.9486,12.3488,3064,0,0
62.9734,12.3529,3065,0,0
62.9982,12.3206,3057,0,0
63.0230,12.3085,3054,0,0
63.0478,12.3609,3067,0,0
63.0726,12.3892,3074,0,0
63.0974,12.3488,3064,0,0
63.1222,12.3529,3065,0,0
63.1470,12.3287,3059,0,0
63.1718,12.3287,3059,0,0
63.1966,12.3851,3073,0,0
63.2215,12.3730,3070,0,0
63.2463,12.3488,3064,0,0
63.2711,12.3085,3054,0,0
63.2959,12.3327,3060,0,0
63.3207,12.3730,3070,0,0
63.3455,12.3206,3057,0,0
63.3703,12.3327,3060,0,0
63.3951,12.3569,3066,0,0
63.4199,12.3247,3058,0,0
63.4447,12.3166,3056,0,0
63.4695,12.3287,3059,0,0
63.4943,12.3327,3060,0,0
63.5191,12.3609,3067,0,0
63.5439,12.3488,3064,0,0
63.5687,12.3609,3067,0,0
63.5935,12.3811,3072,0,0
63.6183,12.3609,3067,0,0
63.6431,12.3529,3065,0,0
63.6679,12.3206,3057,0,0
63.6927,12.3005,3052,0,0
63.7175,12.3247,3058,0,0
63.7423,12.3488,3064,0,0
63.7671,12.3448,3063,0,0
63.7919,12.3609,3067,0,0
63.8167,12.2924,3050,0,0
63.8415,12.3529,3065,0,0
63.8663,12.3488,3064,0,0
63.8911,12.3771,3071,0,0
63.9159,12.3529,3065,0,0
63.9407,12.3569,3066,0,0
63.9655,12.3811,3072,0,0
63.9903,12.3529,3065,0,0
64.0151,12.3771,3071,0,0
64.0399,12.3206,3057,0,0
64.0647,12.3771,3071,0,0
64.0895,12.3287,3059,0,0
64.1143,12.3488,3064,0,0
64.1391,12.3569,3066,0,0
64.1639,12.3448,3063,0,0
64.1887,12.3206,3057,0,0
64.2135,12.3569,3066,0,0
64.2383,12.3206,3057,0,0
64.2632,12.3287,3059,0,0
64.2880,12.3166,3056,0,0
64.3128,12.3206,3057,0,0
64.3376,12.2844,3048,0,0
64.3624,12.3287,3059,0,0
64.3872,12.3488,3064,0,0
64.4120,12.3327,3060,0,0
64.4368,12.3529,3065,0,0
64.4616,12.3529,3065,0,0
64.4864,12.3529,3065,0,0
64.5112,12.3569,3066,0,0
64.5360,12.3569,3066,0,0
64.5608,12.3771,3071,0,0
64.5856,12.3327,3060,0,0
64.6104,12.3327,3060,0,0
64.6352,12.3609,3067,0,0
64.6600,12.3166,3056,0,0
64.6848,12.3529,3065,0,0
64.7096,12.3327,3060,0,0
64.7344,12.3569,3066,0,0
64.7592,12.2844,3048,0,0
64.7840,12.3126,3055,0,0
64.8088,12.3569,3066,0,0
64.8336,12.3166,3056,0,0
64.8584,12.3529,3065,0,0
64.8832,12.3609,3067,0,0
64.9080,12.3529,3065,0,0
64.9328,12.3126,3055,0,0
64.9576,12.3448,3063,0,0
64.9824,12.3206,3057,0,0
65.0072,12.3206,3057,0,0
65.0320,12.3448,3063,0,0
65.0568,12.3529,3065,0,0
65.0816,12.3851,3073,0,0
65.1064,12.3488,3064,0,0
65.1312,12.3206,3057,0,0
65.1560,12.3730,3070,0,0
65.1808,12.3529,3065,0,0
65.2057,12.3529,3065,0,0
65.2304,12.3569,3066,0,0
65.2552,12.3529,3065,0,0
65.2801,12.3166,3056,0,0
65.3049,12.3529,3065,0,0
65.3297,12.3690,3069,0,0
65.3545,12.3206,3057,0,0
65.3793,12.3005,3052,0,0
65.4041,12.3126,3055,0,0
65.4289,12.3569,3066,0,0
65.4537,12.3892,3074,0,0
65.4785,12.3327,3060,0,0
65.5033,12.3166,3056,0,0
65.5281,12.3529,3065,0,0
65.5529,12.3488,3064,0,0
65.5777,12.3488,3064,0,0
65.6025,12.3529,3065,0,0
65.6273,12.3529,3065,0,0
65.6521,12.3529,3065,0,0
65.6769,12.3287,3059,0,0
65.7017,12.3327,3060,0,0
65.7265,12.3448,3063,0,0
65.7513,12.3287,3059,0,0
65.7761,12.3247,3058,0,0
65.8009,12.3529,3065,0,0
65.8257,12.3327,3060,0,0
65.8505,12.3609,3067,0,0
65.8753,12.3206,3057,0,0
65.9001,12.3126,3055,0,0
65.9249,12.3287,3059,0,0
65.9497,12.3287,3059,0,0
65.9745,12.3488,3064,0,0
65.9993,12.3771,3071,0,0
66.0241,12.3569,3066,0,0
66.0489,12.3488,3064,0,0
66.0737,12.3488,3064,0,0
66.0985,12.3287,3059,0,0
66.1233,12.3529,3065,0,0
66.1481,12.3126,3055,0,0
66.1729,12.3730,3070,0,0
66.1977,12.3569,3066,0,0
66.2225,12.5020,3102,0,0
66.2474,12.3206,3057,0,0
66.2722,12.3287,3059,0,0
66.2970,12.3005,3052,0,0
66.3218,12.3529,3065,0,0
66.3466,12.3730,3070,0,0
66.3714,12.3488,3064,0,0
66.3962,12.3166,3056,0,0
66.4210,12.3126,3055,0,0
66.4458,12.3166,3056,0,0
66.4706,12.3569,3066,0,0
66.4954,12.3892,3074,0,0
66.5202,12.2844,3048,0,0
66.5450,12.3408,3062,0,0
66.5698,12.3247,3058,0,0
66.5946,12.3569,3066,0,0
66.6194,12.3085,3054,0,0
66.6442,12.3609,3067,0,0
66.6690,12.3609,3067,0,0
66.6938,12.3529,3065,0,0
66.7186,12.3166,3056,0,0
66.7434,12.3569,3066,0,0
66.7682,12.3448,3063,0,0
66.7930,12.3327,3060,0,0
66.8178,12.3771,3071,0,0
66.8426,12.3166,3056,0,0
66.8674,12.3287,3059,0,0
66.8922,12.3206,3057,0,0
66.9170,12.3529,3065,0,0
66.9418,12.3287,3059,0,0
66.9666,12.2844,3048,0,0
66.9914,12.3166,3056,0,0
67.0162,12.3206,3057,0,0
67.0410,12.3287,3059,0,0
67.0658,12.3488,3064,0,0
67.0906,12.3609,3067,0,0
67.1154,12.3488,3064,0,0
67.1402,12.3085,3054,0,0
67.1650,12.3287,3059,0,0
67.1898,12.3690,3069,0,0
67.2146,12.3690,3069,0,0
67.2394,12.3327,3060,0,0
67.2643,12.3609,3067,0,0
67.2891,12.3166,3056,0,0
67.3139,12.3609,3067,0,0
67.3387,12.3166,3056,0,0
67.3635,12.3448,3063,0,0
67.3883,12.3448,3063,0,0
67.4131,12.3206,3057,0,0
67.4379,12.3287,3059,0,0
67.4627,12.3327,3060,0,0
67.4875,12.3730,3070,0,0
67.5123,12.3085,3054,0,0
67.5371,12.3730,3070,0,0
67.5619,12.3488,3064,0,0
67.5867,12.3287,3059,0,0
67.6115,12.3448,3063,0,0
67.6363,12.3488,3064,0,0
67.6611,12.3690,3069,0,0
67.6859,12.3569,3066,0,0
67.7107,12.3327,3060,0,0
67.7355,12.3206,3057,0,0
67.7603,12.3247,3058,0,0
67.7851,12.2965,3051,0,0
67.8099,12.3488,3064,0,0
67.8347,12.3529,3065,0,0
67.8595,12.3166,3056,0,0
67.8843,12.3085,3054,0,0
67.9091,12.3529,3065,0,0
67.9339,12.3085,3054,0,0
67.9587,12.3287,3059,0,0
67.9835,12.3488,3064,0,0
68.0083,12.3488,3064,0,0
68.0331,12.3529,3065,0,0
68.0579,12.3569,3066,0,0
68.0827,12.4053,3078,0,0
68.1075,12.3488,3064,0,0
68.1323,12.3488,3064,0,0
68.1571,12.3126,3055,0,0
68.1819,12.3287,3059,0,0
68.2067,12.3730,3070,0,0
68.2315,12.3448,3063,0,0
68.2563,12.3206,3057,0,0
68.2812,12.3166,3056,0,0
68.3060,12.2844,3048,0,0
68.3308,12.3529,3065,0,0
68.3556,12.3206,3057,0,0
68.3804,12.3045,3053,0,0
68.4052,12.3488,3064,0,0
68.4300,12.2844,3048,0,0
68.4548,12.3448,3063,0,0
68.4796,12.3529,3065,0,0
68.5044,12.3287,3059,0,0
68.5292,12.3327,3060,0,0
68.5540,12.3327,3060,0,0
68.5788,12.3448,3063,0,0
68.6036,12.3529,3065,0,0
68.6284,12.3448,3063,0,0
68.6532,12.3730,3070,0,0
68.6780,12.3488,3064,0,0
68.7028,12.3529,3065,0,0
68.7276,12.3529,3065,0,0
68.7524,12.3488,3064,0,0
68.7772,12.3327,3060,0,0
68.8020,12.3166,3056,0,0
68.8268,12.3287,3059,0,0
68.8516,12.3609,3067,0,0
68.8764,12.3529,3065,0,0
68.9012,12.3206,3057,0,0
68.9260,12.3488,3064,0,0
68.9508,12.3327,3060,0,0
68.9756,12.3408,3062,0,0
69.0004,12.3166,3056,0,0
69.0252,12.3811,3072,0,0
69.0500,12.3287,3059,0,0
69.0748,12.3166,3056,0,0
69.0996,12.3529,3065,0,0
69.1244,12.3287,3059,0,0
69.1492,12.3569,3066,0,0
69.1740,12.3287,3059,0,0
69.1988,12.3488,3064,0,0
69.2236,12.3892,3074,0,0
69.2484,12.3892,3074,0,0
69.2732,12.3206,3057,0,0
69.2980,12.3327,3060,0,0
69.3229,12.3730,3070,0,0
69.3477,12.3206,3057,0,0
69.3725,12.3488,3064,0,0
69.3973,12.3488,3064,0,0
69.4221,12.3609,3067,0,0
69.4469,12.3206,3057,0,0
69.4717,12.3287,3059,0,0
69.4965,12.3569,3066,0,0
69.5213,12.3529,3065,0,0
69.5461,12.3287,3059,0,0
69.5709,12.3166,3056,0,0
69.5957,12.3206,3057,0,0
69.6205,12.3126,3055,0,0
69.6453,12.3771,3071,0,0
69.6701,12.3690,3069,0,0
69.6949,12.2924,3050,0,0
69.7197,12.3327,3060,0,0
69.7445,12.3488,3064,0,0
69.7693,12.3488,3064,0,0
69.7941,12.3448,3063,0,0
69.8189,12.3488,3064,0,0
69.8437,12.3287,3059,0,0
69.8685,12.3287,3059,0,0
69.8933,12.3206,3057,0,0
69.9181,12.3690,3069,0,0
69.9429,12.3287,3059,0,0
69.9677,12.3206,3057,0,0
69.9925,12.3166,3056,0,0
70.0173,12.3529,3065,0,0
70.0421,12.3448,3063,0,0
70.0669,12.3529,3065,0,0
70.0917,12.3448,3063,0,0
70.1165,12.3206,3057,0,0
70.1413,12.3569,3066,0,0
70.1661,12.3569,3066,0,0
70.1909,12.3569,3066,0,0
70.2157,12.3448,3063,0,0
70.2405,12.3206,3057,0,0
70.2654,12.3529,3065,0,0
70.2902,12.3488,3064,0,0
70.3149,12.3569,3066,0,0
70.3398,12.3166,3056,0,0
70.3646,12.3206,3057,0,0
70.3894,12.3166,3056,0,0
70.4142,12.3771,3071,0,0
70.4390,12.3085,3054,0,0
70.4638,12.3529,3065,0,0
70.4886,12.3529,3065,0,0
70.5134,12.3085,3054,0,0
70.5382,12.3529,3065,0,0
70.5630,12.3609,3067,0,0
70.5878,12.3892,3074,0,0
70.6126,12.3690,3069,0,0
70.6374,12.3569,3066,0,0
70.6622,12.3166,3056,0,0
70.6870,12.3126,3055,0,0
70.7118,12.3287,3059,0,0
70.7366,12.3166,3056,0,0
70.7614,12.3609,3067,0,0
70.7862,12.3690,3069,0,0
70.8110,12.3206,3057,0,0
70.8358,12.3529,3065,0,0
70.8606,12.3327,3060,0,0
70.8854,12.3206,3057,0,0
70.9102,12.3287,3059,0,0
70.9350,12.2965,3051,0,0
70.9598,12.3569,3066,0,0
70.9846,12.3529,3065,0,0
71.0094,12.3287,3059,0,0
71.0342,12.2844,3048,0,0
71.0590,12.3569,3066,0,0
71.0838,12.3488,3064,0,0
71.1086,12.3206,3057,0,0
71.1334,12.3488,3064,0,0
71.1582,12.3327,3060,0,0
71.1830,12.3206,3057,0,0
71.2078,12.3529,3065,0,0
71.2326,12.3529,3065,0,0
71.2574,12.3126,3055,0,0
71.2822,12.3609,3067,0,0
71.3071,12.3206,3057,0,0
71.3319,12.3206,3057,0,0
71.3567,12.3488,3064,0,0
71.3815,12.3488,3064,0,0
71.4063,12.3206,3057,0,0
71.4311,12.3166,3056,0,0
71.4559,12.3206,3057,0,0
71.4807,12.3569,3066,0,0
71.5055,12.3206,3057,0,0
71.5303,12.3166,3056,0,0
71.5551,12.3206,3057,0,0
71.5799,12.3488,3064,0,0
71.6047,12.3529,3065,0,0
71.6295,12.3488,3064,0,0
71.6543,12.3287,3059,0,0
71.6791,12.3771,3071,0,0
71.7039,12.3126,3055,0,0
71.7287,12.3488,3064,0,0
71.7535,12.3609,3067,0,0
71.7783,12.3569,3066,0,0
71.8031,12.3488,3064,0,0
71.8279,12.3287,3059,0,0
71.8527,12.3287,3059,0,0
71.8775,12.3529,3065,0,0
71.9023,12.3529,3065,0,0
71.9271,12.3206,3057,0,0
71.9519,12.3085,3054,0,0
71.9767,12.3529,3065,0,0
72.0015,12.3488,3064,0,0
72.0263,12.3811,3072,0,0
72.0511,12.3488,3064,0,0
72.0759,12.2965,3051,0,0
72.1007,12.3690,3069,0,0
72.1255,12.3206,3057,0,0
72.1503,12.3327,3060,0,0
72.1751,12.3488,3064,0,0
72.1999,12.3126,3055,0,0
72.2247,12.2844,3048,0,0
72.2495,12.3206,3057,0,0
72.2743,12.3206,3057,0,0
72.2991,12.3851,3073,0,0
72.3240,12.3730,3070,0,0
72.3488,12.3085,3054,0,0
72.3736,12.3247,3058,0,0
72.3984,12.3529,3065,0,0
72.4232,12.3730,3070,0,0
72.4480,12.3730,3070,0,0
72.4728,12.3206,3057,0,0
72.4976,12.3206,3057,0,0
72.5224,12.3771,3071,0,0
72.5472,12.3730,3070,0,0
72.5720,12.3206,3057,0,0
72.5968,12.3287,3059,0,0
72.6216,12.3085,3054,0,0
72.6464,12.3448,3063,0,0
72.6712,12.3206,3057,0,0
72.6960,12.3529,3065,0,0
72.7208,12.3529,3065,0,0
72.7456,12.3327,3060,0,0
72.7704,12.3206,3057,0,0
72.7952,12.3609,3067,0,0
72.8200,12.3529,3065,0,0
72.8448,12.3529,3065,0,0
72.8696,12.3126,3055,0,0
72.8944,12.3488,3064,0,0
72.9192,12.2924,3050,0,0
72.9440,12.3488,3064,0,0
72.9688,12.3730,3070,0,0
72.9936,12.2924,3050,0,0
73.0184,12.3085,3054,0,0
73.0432,12.3488,3064,0,0
73.0680,12.3206,3057,0,0
73.0928,12.3488,3064,0,0
73.1176,12.3327,3060,0,0
73.1424,12.3448,3063,0,0
73.1672,12.3529,3065,0,0
73.1920,12.3690,3069,0,0
73.2168,12.3609,3067,0,0
73.2416,12.3488,3064,0,0
73.2664,12.3327,3060,0,0
73.2912,12.3126,3055,0,0
73.3160,12.3448,3063,0,0
73.3409,12.3569,3066,0,0
73.3657,12.3166,3056,0,0
73.3905,12.3206,3057,0,0
73.4153,12.3287,3059,0,0
73.4401,12.3488,3064,0,0
73.4649,12.3166,3056,0,0
73.4897,12.2682,3044,0,0
73.5145,12.3529,3065,0,0
73.5393,12.3166,3056,0,0
73.5641,12.3045,3053,0,0
73.5889,12.3287,3059,0,0
73.6137,12.3529,3065,0,0
73.6385,12.3085,3054,0,0
73.6633,12.3287,3059,0,0
73.6881,12.3529,3065,0,0
73.7129,12.3126,3055,0,0
73.7377,12.3206,3057,0,0
73.7625,12.3529,3065,0,0
73.7873,12.3448,3063,0,0
73.8121,12.3609,3067,0,0
73.8369,12.3609,3067,0,0
73.8617,12.3488,3064,0,0
73.8865,12.3529,3065,0,0
73.9113,12.3287,3059,0,0
73.9361,12.3166,3056,0,0
73.9609,12.3327,3060,0,0
73.9857,12.3206,3057,0,0
74.0105,12.3448,3063,0,0
74.0353,12.3488,3064,0,0
74.0601,12.3206,3057,0,0
74.0849,12.3448,3063,0,0
74.1097,12.2844,3048,0,0
74.1345,12.3287,3059,0,0
74.1593,12.3408,3062,0,0
74.1841,12.3529,3065,0,0
74.2089,12.3206,3057,0,0
74.2337,12.3529,3065,0,0
74.2585,12.3529,3065,0,0
74.2833,12.3529,3065,0,0
74.3081,12.3448,3063,0,0
74.3329,12.3287,3059,0,0
74.3577,12.3206,3057,0,0
74.3826,12.3488,3064,0,0
74.4074,12.3609,3067,0,0
74.4322,12.3327,3060,0,0
74.4570,12.3488,3064,0,0
74.4818,12.3287,3059,0,0
74.5066,12.3529,3065,0,0
74.5314,12.3529,3065,0,0
74.5562,12.3529,3065,0,0
74.5810,12.3327,3060,0,0
74.6058,12.3287,3059,0,0
74.6306,12.3206,3057,0,0
74.6554,12.2844,3048,0,0
74.6802,12.3690,3069,0,0
74.7050,12.3529,3065,0,0
74.7298,12.3287,3059,0,0
74.7546,12.3126,3055,0,0
74.7794,12.3529,3065,0,0
74.8042,12.3609,3067,0,0
74.8290,12.3327,3060,0,0
74.8538,12.3085,3054,0,0
74.8786,12.3206,3057,0,0
74.9034,12.3287,3059,0,0
74.9282,12.3488,3064,0,0
74.9530,12.3206,3057,0,0
74.9778,12.3126,3055,0,0
75.0026,12.3206,3057,0,0
75.0274,12.3327,3060,0,0
75.0522,12.3972,3076,0,0
75.0770,12.3892,3074,0,0
75.1018,12.3085,3054,0,0
75.1266,12.3126,3055,0,0
75.1514,12.3488,3064,0,0
75.1762,12.3287,3059,0,0
75.2010,12.3690,3069,0,0
75.2258,12.3045,3053,0,0
75.2506,12.3287,3059,0,0
75.2754,12.3126,3055,0,0
75.3002,12.3488,3064,0,0
75.3251,12.3690,3069,0,0
75.3499,12.3408,3062,0,0
75.3746,12.3569,3066,0,0
75.3995,12.2965,3051,0,0
75.4243,12.3448,3063,0,0
75.4491,12.3529,3065,0,0
75.4739,12.3206,3057,0,0
75.4987,12.2844,3048,0,0
75.5235,12.3045,3053,0,0
75.5483,12.3488,3064,0,0
75.5731,12.3206,3057,0,0
75.5979,12.3892,3074,0,0
75.6227,12.3126,3055,0,0
75.6475,12.3085,3054,0,0
75.6723,12.3085,3054,0,0
75.6971,12.3448,3063,0,0
75.7219,12.3771,3071,0,0
75.7467,12.3005,3052,0,0
75.7715,12.3206,3057,0,0
75.7963,12.3287,3059,0,0
75.8211,12.3488,3064,0,0
75.8459,12.3206,3057,0,0
75.8707,12.3206,3057,0,0
75.8955,12.3690,3069,0,0
75.9203,12.3448,3063,0,0
75.9451,12.3247,3058,0,0
75.9699,12.3085,3054,0,0
75.9947,12.3771,3071,0,0
76.0195,12.3569,3066,0,0
76.0443,12.3609,3067,0,0
76.0691,12.3206,3057,0,0
76.0939,12.3771,3071,0,0
76.1187,12.3730,3070,0,0
76.1435,12.3206,3057,0,0
76.1683,12.3166,3056,0,0
76.1931,12.3206,3057,0,0
76.2179,12.3488,3064,0,0
76.2427,12.3287,3059,0,0
76.2675,12.3126,3055,0,0
76.2923,12.3771,3071,0,0
76.3171,12.3529,3065,0,0
76.3419,12.3851,3073,0,0
76.3668,12.3448,3063,0,0
76.3916,12.3206,3057,0,0
76.4164,12.3851,3073,0,0
76.4412,12.3609,3067,0,0
76.4660,12.3287,3059,0,0
76.4908,12.3206,3057,0,0
76.5156,12.3206,3057,0,0
76.5404,12.3126,3055,0,0
76.5652,12.2844,3048,0,0
76.5900,12.3166,3056,0,0
76.6148,12.3851,3073,0,0
76.6396,12.3448,3063,0,0
76.6644,12.3730,3070,0,0
76.6892,12.3488,3064,0,0
76.7140,12.3005,3052,0,0
76.7388,12.3488,3064,0,0
76.7636,12.3569,3066,0,0
76.7884,12.3529,3065,0,0
76.8132,12.3206,3057,0,0
76.8380,12.3166,3056,0,0
76.8628,12.3529,3065,0,0
76.8876,12.3730,3070,0,0
76.9124,12.3448,3063,0,0
76.9372,12.3569,3066,0,0
76.9620,12.3488,3064,0,0
76.9868,12.3045,3053,0,0
77.0116,12.3327,3060,0,0
77.0364,12.3287,3059,0,0
77.0612,12.3488,3064,0,0
77.0860,12.3287,3059,0,0
77.1108,12.3609,3067,0,0
77.1356,12.3287,3059,0,0
77.1604,12.3529,3065,0,0
77.1852,12.3529,3065,0,0
77.2100,12.3206,3057,0,0
77.2348,12.3488,3064,0,0
77.2596,12.3287,3059,0,0
77.2844,12.3126,3055,0,0
77.3092,12.3529,3065,0,0
77.3340,12.3287,3059,0,0
77.3588,12.3327,3060,0,0
77.3837,12.3851,3073,0,0
77.4085,12.3529,3065,0,0
77.4333,12.2844,3048,0,0
77.4581,12.3166,3056,0,0
77.4829,12.3327,3060,0,0
77.5077,12.3771,3071,0,0
77.5325,12.3771,3071,0,0
77.5573,12.3287,3059,0,0
77.5821,12.3287,3059,0,0
77.6069,12.3529,3065,0,0
77.6317,12.3488,3064,0,0
77.6565,12.3529,3065,0,0
77.6813,12.3609,3067,0,0
77.7061,12.3771,3071,0,0
77.7309,12.2965,3051,0,0
77.7557,12.3529,3065,0,0
77.7805,12.3488,3064,0,0
77.8053,12.3206,3057,0,0
77.8301,12.3529,3065,0,0
77.8549,12.3569,3066,0,0
77.8797,12.3529,3065,0,0
77.9045,12.3206,3057,0,0
77.9293,12.3287,3059,0,0
77.9541,12.3529,3065,0,0
77.9789,12.3690,3069,0,0
78.0037,12.3126,3055,0,0
78.0285,12.3085,3054,0,0
78.0533,12.3609,3067,0,0
78.0781,12.3126,3055,0,0
78.1029,12.3126,3055,0,0
78.1277,12.3206,3057,0,0
78.1525,12.3529,3065,0,0
78.1773,12.3448,3063,0,0
78.2021,12.3529,3065,0,0
78.2269,12.3811,3072,0,0
78.2517,12.3569,3066,0,0
78.2765,12.3488,3064,0,0
78.3013,12.3529,3065,0,0
78.3261,12.3488,3064,0,0
78.3509,12.3609,3067,0,0
78.3757,12.3609,3067,0,0
78.4006,12.3609,3067,0,0
78.4254,12.3529,3065,0,0
78.4502,12.3045,3053,0,0
78.4750,12.3609,3067,0,0
78.4998,12.3529,3065,0,0
78.5246,12.3287,3059,0,0
78.5494,12.3448,3063,0,0
78.5742,12.3488,3064,0,0
78.5990,12.3529,3065,0,0
78.6238,12.3488,3064,0,0
78.6486,12.3730,3070,0,0
78.6734,12.3247,3058,0,0
78.6982,12.3529,3065,0,0
78.7230,12.3811,3072,0,0
78.7478,12.3488,3064,0,0
78.7726,12.3166,3056,0,0
78.7974,12.3811,3072,0,0
78.8222,12.3730,3070,0,0
78.8470,12.3488,3064,0,0
78.8718,12.3488,3064,0,0
78.8966,12.3085,3054,0,0
78.9214,12.3206,3057,0,0
78.9462,12.3287,3059,0,0
78.9710,12.3287,3059,0,0
78.9958,12.3287,3059,0,0
79.0206,12.3771,3071,0,0
79.0454,12.3085,3054,0,0
79.0702,12.3327,3060,0,0
79.0950,12.3569,3066,0,0
79.1198,12.3206,3057,0,0
79.1446,12.3529,3065,0,0
79.1694,12.3488,3064,0,0
79.1942,12.3529,3065,0,0
79.2190,12.3529,3065,0,0
79.2438,12.3609,3067,0,0
79.2686,12.3529,3065,0,0
79.2934,12.3730,3070,0,0
79.3182,12.3085,3054,0,0
79.3430,12.3005,3052,0,0
79.3679,12.2924,3050,0,0
79.3926,12.3529,3065,0,0
79.4174,12.3126,3055,0,0
79.4423,12.3529,3065,0,0
79.4671,12.3005,3052,0,0
79.4919,12.3569,3066,0,0
79.5167,12.2844,3048,0,0
79.5415,12.3206,3057,0,0
79.5663,12.3488,3064,0,0
79.5911,12.3166,3056,0,0
79.6159,12.3569,3066,0,0
79.6407,12.3569,3066,0,0
79.6655,12.3529,3065,0,0
79.6903,12.2924,3050,0,0
79.7151,12.3609,3067,0,0
79.7399,12.3488,3064,0,0
79.7647,12.3529,3065,0,0
79.7895,12.3166,3056,0,0
79.8143,12.3488,3064,0,0
79.8391,12.3247,3058,0,0
79.8639,12.3448,3063,0,0
79.8887,12.3730,3070,0,0
79.9135,12.3488,3064,0,0
79.9383,12.3529,3065,0,0
79.9631,12.3287,3059,0,0
79.9879,12.3247,3058,0,0
80.0127,12.3166,3056,0,0
80.0375,12.3287,3059,0,0
80.0623,12.3206,3057,0,0
80.0871,12.3609,3067,0,0
80.1119,12.3085,3054,0,0
80.1367,12.3287,3059,0,0
80.1615,12.3488,3064,0,0
80.1863,12.3488,3064,0,0
80.2111,12.3609,3067,0,0
80.2359,12.3690,3069,0,0
80.2607,12.3206,3057,0,0
80.2855,12.3529,3065,0,0
80.3103,12.3448,3063,0,0
80.3351,12.3448,3063,0,0
80.3599,12.3287,3059,0,0
80.3848,12.3085,3054,0,0
80.4096,12.3126,3055,0,0
80.4344,12.3529,3065,0,0
80.4592,12.3126,3055,0,0
80.4840,12.3206,3057,0,0
80.5088,12.3529,3065,0,0
80.5336,12.3206,3057,0,0
80.5584,12.3206,3057,0,0
80.5832,12.3529,3065,0,0
80.6080,12.3529,3065,0,0
80.6328,12.3609,3067,0,0
80.6576,12.3126,3055,0,0
80.6824,12.3287,3059,0,0
80.7072,12.3126,3055,0,0
80.7320,12.3529,3065,0,0
80.7568,12.3327,3060,0,0
80.7816,12.3488,3064,0,0
80.8064,12.3569,3066,0,0
80.8312,12.3932,3075,0,0
80.8560,12.3287,3059,0,0
80.8808,12.3569,3066,0,0
80.9056,12.3529,3065,0,0
80.9304,12.3287,3059,0,0
80.9552,12.3488,3064,0,0
80.9800,12.3730,3070,0,0
81.0048,12.3206,3057,0,0
81.0296,12.3287,3059,0,0
81.0544,12.3448,3063,0,0
81.0792,12.3529,3065,0,0
81.1040,12.3851,3073,0,0
81.1288,12.3529,3065,0,0
81.1536,12.2965,3051,0,0
81.1784,12.3529,3065,0,0
81.2032,12.3529,3065,0,0
81.2280,12.3166,3056,0,0
81.2528,12.3287,3059,0,0
81.2776,12.3771,3071,0,0
81.3024,12.3085,3054,0,0
81.3272,12.3166,3056,0,0
81.3520,12.3609,3067,0,0
81.3768,12.3287,3059,0,0
81.4016,12.3085,3054,0,0
81.4265,12.3166,3056,0,0
81.4513,12.3206,3057,0,0
81.4761,12.3488,3064,0,0
81.5009,12.3448,3063,0,0
81.5257,12.3126,3055,0,0
81.5505,12.3609,3067,0,0
81.5753,12.3529,3065,0,0
81.6001,12.3206,3057,0,0
81.6249,12.3529,3065,0,0
81.6497,12.3529,3065,0,0
81.6745,12.3488,3064,0,0
81.6993,12.3045,3053,0,0
81.7241,12.3126,3055,0,0
81.7489,12.3730,3070,0,0
81.7737,12.3529,3065,0,0
81.7985,12.3529,3065,0,0
81.8233,12.3488,3064,0,0
81.8481,12.2844,3048,0,0
81.8729,12.3327,3060,0,0
81.8977,12.3569,3066,0,0
81.9225,12.3206,3057,0,0
81.9473,12.3206,3057,0,0
81.9721,12.3206,3057,0,0
81.9969,12.3488,3064,0,0
82.0217,12.3529,3065,0,0
82.0465,12.2844,3048,0,0
82.0713,12.3529,3065,0,0
82.0961,12.3166,3056,0,0
82.1209,12.3448,3063,0,0
82.1457,12.3287,3059,0,0
82.1705,12.3569,3066,0,0
82.1953,12.3529,3065,0,0
82.2201,12.3529,3065,0,0
82.2449,12.3529,3065,0,0
82.2697,12.2481,3039,0,0
82.2945,12.3609,3067,0,0
82.3193,12.3287,3059,0,0
82.3441,12.3287,3059,0,0
82.3689,12.3166,3056,0,0
82.3937,12.3206,3057,0,0
82.4185,12.3488,3064,0,0
82.4434,12.3488,3064,0,0
82.4682,12.3529,3065,0,0
82.4930,12.3085,3054,0,0
82.5178,12.2924,3050,0,0
82.5426,12.3166,3056,0,0
82.5674,12.3811,3072,0,0
82.5922,12.3287,3059,0,0
82.6170,12.3247,3058,0,0
82.6418,12.3085,3054,0,0
82.6666,12.3851,3073,0,0
82.6914,12.3529,3065,0,0
82.7162,12.3529,3065,0,0
82.7410,12.3247,3058,0,0
82.7658,12.3206,3057,0,0
82.7906,12.3166,3056,0,0
82.8154,12.3287,3059,0,0
82.8402,12.3529,3065,0,0
82.8650,12.3206,3057,0,0
82.8898,12.3085,3054,0,0
82.9146,12.3287,3059,0,0
82.9394,12.3771,3071,0,0
82.9642,12.3488,3064,0,0
82.9890,12.3488,3064,0,0
83.0138,12.3166,3056,0,0
83.0386,12.2844,3048,0,0
83.0634,12.3166,3056,0,0
83.0882,12.3690,3069,0,0
83.1130,12.3005,3052,0,0
83.1378,12.3247,3058,0,0
83.1626,12.3529,3065,0,0
83.1874,12.3488,3064,0,0
83.2122,12.3327,3060,0,0
83.2370,12.3287,3059,0,0
83.2618,12.3488,3064,0,0
83.2866,12.3206,3057,0,0
83.3114,12.3609,3067,0,0
83.3362,12.3529,3065,0,0
83.3610,12.3529,3065,0,0
83.3858,12.3529,3065,0,0
83.4106,12.3206,3057,0,0
83.4354,12.3529,3065,0,0
83.4603,12.3488,3064,0,0
83.4851,12.3569,3066,0,0
83.5099,12.3166,3056,0,0
83.5347,12.3609,3067,0,0
83.5595,12.3408,3062,0,0
83.5843,12.2844,3048,0,0
83.6091,12.3609,3067,0,0
83.6339,12.3730,3070,0,0
83.6587,12.3529,3065,0,0
83.6835,12.3005,3052,0,0
83.7083,12.3126,3055,0,0
83.7331,12.3206,3057,0,0
83.7579,12.3488,3064,0,0
83.7827,12.3287,3059,0,0
83.8075,12.3085,3054,0,0
83.8323,12.3166,3056,0,0
83.8571,12.3771,3071,0,0
83.8819,12.3166,3056,0,0
83.9067,12.3206,3057,0,0
83.9315,12.3126,3055,0,0
83.9563,12.3488,3064,0,0
83.9811,12.3529,3065,0,0
84.0059,12.3569,3066,0,0
84.0307,12.3488,3064,0,0
84.0555,12.3488,3064,0,0
84.0803,12.3126,3055,0,0
84.1051,12.3126,3055,0,0
84.1299,12.3811,3072,0,0
84.1547,12.3690,3069,0,0
84.1795,12.3529,3065,0,0
84.2043,12.3166,3056,0,0
84.2291,12.3085,3054,0,0
84.2539,12.3206,3057,0,0
84.2787,12.3488,3064,0,0
84.3035,12.3166,3056,0,0
84.3283,12.3206,3057,0,0
84.3531,12.3287,3059,0,0
84.3779,12.3126,3055,0,0
84.4027,12.3851,3073,0,0
84.4276,12.3529,3065,0,0
84.4523,12.3488,3064,0,0
84.4771,12.3206,3057,0,0
84.5020,12.3569,3066,0,0
84.5268,12.3085,3054,0,0
84.5516,12.3287,3059,0,0
84.5764,12.3126,3055,0,0
84.6012,12.3206,3057,0,0
84.6260,12.3206,3057,0,0
84.6508,12.3488,3064,0,0
84.6756,12.3327,3060,0,0
84.7004,12.3206,3057,0,0
84.7252,12.3287,3059,0,0
84.7500,12.3085,3054,0,0
84.7748,12.3529,3065,0,0
84.7996,12.3771,3071,0,0
84.8244,12.3448,3063,0,0
84.8492,12.3206,3057,0,0
84.8740,12.3569,3066,0,0
84.8988,12.3206,3057,0,0
84.9236,12.3206,3057,0,0
84.9484,12.3327,3060,0,0
84.9732,12.3166,3056,0,0
84.9980,12.3488,3064,0,0
85.0228,12.3488,3064,0,0
85.0476,12.3408,3062,0,0
85.0724,12.3529,3065,0,0
85.0972,12.3569,3066,0,0
85.1220,12.3529,3065,0,0
85.1468,12.3206,3057,0,0
85.1716,12.3247,3058,0,0
85.1964,12.3529,3065,0,0
85.2212,12.3287,3059,0,0
85.2460,12.3488,3064,0,0
85.2708,12.2924,3050,0,0
85.2956,12.3085,3054,0,0
85.3204,12.3650,3068,0,0
85.3452,12.3206,3057,0,0
85.3700,12.3488,3064,0,0
85.3948,12.3166,3056,0,0
85.4196,12.3206,3057,0,0
85.4445,12.3408,3062,0,0
85.4693,12.2844,3048,0,0
85.4941,12.3085,3054,0,0
85.5189,12.3206,3057,0,0
85.5437,12.3287,3059,0,0
85.5685,12.3206,3057,0,0
85.5933,12.3287,3059,0,0
85.6181,12.3287,3059,0,0
85.6429,12.3287,3059,0,0
85.6677,12.3488,3064,0,0
85.6925,12.3488,3064,0,0
85.7173,12.3206,3057,0,0
85.7421,12.3488,3064,0,0
85.7669,12.3085,3054,0,0
85.7917,12.3126,3055,0,0
85.8165,12.3287,3059,0,0
85.8413,12.3488,3064,0,0
85.8661,12.3529,3065,0,0
85.8909,12.3287,3059,0,0
85.9157,12.3247,3058,0,0
85.9405,12.3166,3056,0,0
85.9653,12.3206,3057,0,0
85.9901,12.3529,3065,0,0
86.0149,12.3126,3055,0,0
86.0397,12.3529,3065,0,0
86.0645,12.3529,3065,0,0
86.0893,12.3206,3057,0,0
86.1141,12.3287,3059,0,0
86.1389,12.3488,3064,0,0
86.1637,12.3287,3059,0,0
86.1885,12.3811,3072,0,0
86.2133,12.3206,3057,0,0
86.2381,12.3287,3059,0,0
86.2629,12.3690,3069,0,0
86.2877,12.3287,3059,0,0
86.3125,12.3166,3056,0,0
86.3373,12.3206,3057,0,0
86.3621,12.3529,3065,0,0
86.3869,12.3609,3067,0,0
86.4117,12.3327,3060,0,0
86.4365,12.2844,3048,0,0
86.4613,12.3529,3065,0,0
86.4862,12.3569,3066,0,0
86.5110,12.3287,3059,0,0
86.5358,12.3166,3056,0,0
86.5606,12.3488,3064,0,0
86.5854,12.3126,3055,0,0
86.6102,12.3085,3054,0,0
86.6350,12.3569,3066,0,0
86.6598,12.3206,3057,0,0
86.6846,12.3206,3057,0,0
86.7094,12.3287,3059,0,0
86.7342,12.3730,3070,0,0
86.7590,12.3045,3053,0,0
86.7838,12.3569,3066,0,0
86.8086,12.3327,3060,0,0
86.8334,12.3609,3067,0,0
86.8582,12.3327,3060,0,0
86.8830,12.3327,3060,0,0
86.9078,12.3448,3063,0,0
86.9326,12.3488,3064,0,0
86.9574,12.3287,3059,0,0
86.9822,12.3206,3057,0,0
87.0070,12.3085,3054,0,0
87.0318,12.2924,3050,0,0
87.0566,12.3488,3064,0,0
87.0814,12.3488,3064,0,0
87.1062,12.3085,3054,0,0
87.1310,12.3327,3060,0,0
87.1558,12.3811,3072,0,0
87.1806,12.3771,3071,0,0
87.2054,12.3327,3060,0,0
87.2302,12.2924,3050,0,0
87.2550,12.3287,3059,0,0
87.2798,12.3448,3063,0,0
87.3046,12.3529,3065,0,0
87.3294,12.3730,3070,0,0
87.3542,12.3206,3057,0,0
87.3790,12.3730,3070,0,0
87.4038,12.3529,3065,0,0
87.4286,12.3529,3065,0,0
87.4534,12.3771,3071,0,0
87.4782,12.3287,3059,0,0
87.5031,12.3488,3064,0,0
87.5279,12.3206,3057,0,0
87.5527,12.3609,3067,0,0
87.5775,12.3730,3070,0,0
87.6023,12.3287,3059,0,0
87.6271,12.3126,3055,0,0
87.6519,12.3287,3059,0,0
87.6767,12.3126,3055,0,0
87.7015,12.3488,3064,0,0
87.7263,12.3166,3056,0,0
87.7511,12.3206,3057,0,0
87.7759,12.3488,3064,0,0
87.8007,12.3166,3056,0,0
87.8255,12.3126,3055,0,0
87.8503,12.3166,3056,0,0
87.8751,12.3126,3055,0,0
87.8999,12.3569,3066,0,0
87.9247,12.3206,3057,0,0
87.9495,12.3045,3053,0,0
87.9743,12.3609,3067,0,0
87.9991,12.3529,3065,0,0
88.0239,12.3166,3056,0,0
88.0487,12.3569,3066,0,0
88.0735,12.3448,3063,0,0
88.0983,12.3488,3064,0,0
88.1231,12.3488,3064,0,0
88.1479,12.2682,3044,0,0
88.1727,12.3166,3056,0,0
88.1975,12.3529,3065,0,0
88.2223,12.3569,3066,0,0
88.2471,12.3206,3057,0,0
88.2719,12.3327,3060,0,0
88.2967,12.3206,3057,0,0
88.3215,12.2924,3050,0,0
88.3463,12.3529,3065,0,0
88.3711,12.3206,3057,0,0
88.3959,12.3569,3066,0,0
88.4207,12.2844,3048,0,0
88.4455,12.2844,3048,0,0
88.4703,12.3488,3064,0,0
88.4951,12.3529,3065,0,0
88.5200,12.3569,3066,0,0
88.5448,12.2924,3050,0,0
88.5696,12.3488,3064,0,0
88.5944,12.3811,3072,0,0
88.6192,12.3287,3059,0,0
88.6440,12.3206,3057,0,0
88.6688,12.3529,3065,0,0
88.6936,12.3287,3059,0,0
88.7184,12.3206,3057,0,0
88.7432,12.3206,3057,0,0
88.7680,12.3085,3054,0,0
88.7928,12.3811,3072,0,0
88.8176,12.3166,3056,0,0
88.8424,12.3327,3060,0,0
88.8672,12.3529,3065,0,0
88.8920,12.3488,3064,0,0
88.9168,12.3488,3064,0,0
88.9416,12.3327,3060,0,0
88.9664,12.3005,3052,0,0
88.9912,12.3448,3063,0,0
89.0160,12.2844,3048,0,0
89.0408,12.3730,3070,0,0
89.0656,12.3206,3057,0,0
89.0904,12.3287,3059,0,0
89.1152,12.3206,3057,0,0
89.1400,12.2844,3048,0,0
89.1648,12.3488,3064,0,0
89.1896,12.2965,3051,0,0
89.2144,12.3609,3067,0,0
89.2392,12.3005,3052,0,0
89.2640,12.3690,3069,0,0
89.2888,12.3609,3067,0,0
89.3136,12.3085,3054,0,0
89.3384,12.3448,3063,0,0
89.3632,12.3206,3057,0,0
89.3880,12.3488,3064,0,0
89.4128,12.3206,3057,0,0
89.4376,12.3247,3058,0,0
89.4624,12.3206,3057,0,0
89.4873,12.3609,3067,0,0
89.5120,12.3771,3071,0,0
89.5368,12.3408,3062,0,0
89.5617,12.3569,3066,0,0
89.5865,12.3166,3056,0,0
89.6113,12.3488,3064,0,0
89.6361,12.3085,3054,0,0
89.6609,12.3488,3064,0,0
89.6857,12.3287,3059,0,0
89.7105,12.3609,3067,0,0
89.7353,12.3247,3058,0,0
89.7601,12.3569,3066,0,0
89.7849,12.3287,3059,0,0
89.8097,12.3771,3071,0,0
89.8345,12.3206,3057,0,0
89.8593,12.2844,3048,0,0
89.8841,12.3206,3057,0,0
89.9089,12.3448,3063,0,0
89.9337,12.3448,3063,0,0
89.9585,12.3488,3064,0,0
89.9833,12.3327,3060,0,0
90.0081,12.3529,3065,0,0
90.0329,12.3085,3054,0,0
90.0577,12.3206,3057,0,0
90.0825,12.3529,3065,0,0
90.1073,12.3166,3056,0,0
90.1321,12.3488,3064,0,0
90.1569,12.2844,3048,0,0
90.1817,12.2924,3050,0,0
90.2065,12.3488,3064,0,0
90.2313,12.3730,3070,0,0
90.2561,12.3287,3059,0,0
90.2809,12.2924,3050,0,0
90.3057,12.3206,3057,0,0
90.3305,12.3206,3057,0,0
90.3553,12.2844,3048,0,0
90.3801,12.3609,3067,0,0
90.4049,12.2844,3048,0,0
90.4297,12.3166,3056,0,0
90.4545,12.3206,3057,0,0
90.4793,12.3529,3065,0,0
90.5042,12.3488,3064,0,0
90.5290,12.3569,3066,0,0
90.5538,12.3287,3059,0,0
90.5786,12.3488,3064,0,0
90.6034,12.3529,3065,0,0
90.6282,12.3529,3065,0,0
90.6530,12.3287,3059,0,0
90.6778,12.3206,3057,0,0
90.7026,12.3488,3064,0,0
90.7274,12.3529,3065,0,0
90.7522,12.3488,3064,0,0
90.7770,12.3327,3060,0,0
90.8018,12.3287,3059,0,0
90.8266,12.3488,3064,0,0
90.8514,12.3771,3071,0,0
90.8762,12.3529,3065,0,0
90.9010,12.3287,3059,0,0
90.9258,12.3206,3057,0,0
90.9506,12.3247,3058,0,0
90.9754,12.3287,3059,0,0
91.0002,12.3569,3066,0,0
91.0250,12.3609,3067,0,0
91.0498,12.2965,3051,0,0
91.0746,12.3529,3065,0,0
91.0994,12.3085,3054,0,0
91.1242,12.3972,3076,0,0
91.1490,12.3206,3057,0,0
91.1738,12.3529,3065,0,0
91.1986,12.2844,3048,0,0
91.2234,12.3488,3064,0,0
91.2482,12.2844,3048,0,0
91.2730,12.3206,3057,0,0
91.2978,12.3126,3055,0,0
91.3226,12.3005,3052,0,0
91.3474,12.3166,3056,0,0
91.3722,12.3811,3072,0,0
91.3970,12.3166,3056,0,0
91.4218,12.3045,3053,0,0
91.4466,12.3488,3064,0,0
91.4714,12.3488,3064,0,0
91.4962,12.3085,3054,0,0
91.5210,12.3529,3065,0,0
91.5459,12.3247,3058,0,0
91.5707,12.3488,3064,0,0
91.5955,12.3206,3057,0,0
91.6203,12.3206,3057,0,0
91.6451,12.3811,3072,0,0
91.6699,12.3851,3073,0,0
91.6947,12.3287,3059,0,0
91.7195,12.3166,3056,0,0
91.7443,12.3287,3059,0,0
91.7691,12.3166,3056,0,0
91.7939,12.3811,3072,0,0
91.8187,12.3488,3064,0,0
91.8435,12.3690,3069,0,0
91.8683,12.3327,3060,0,0
91.8931,12.3166,3056,0,0
91.9179,12.3287,3059,0,0
91.9427,12.3126,3055,0,0
91.9675,12.3206,3057,0,0
91.9923,12.3327,3060,0,0
92.0171,12.3408,3062,0,0
92.0419,12.3488,3064,0,0
92.0667,12.3166,3056,0,0
92.0915,12.3206,3057,0,0
92.1163,12.3287,3059,0,0
92.1411,12.3166,3056,0,0
92.1659,12.3126,3055,0,0
92.1907,12.3448,3063,0,0
92.2155,12.3529,3065,0,0
92.2403,12.3488,3064,0,0
92.2651,12.3166,3056,0,0
92.2899,12.3529,3065,0,0
92.3147,12.2844,3048,0,0
92.3395,12.3327,3060,0,0
92.3643,12.3327,3060,0,0
92.3891,12.3166,3056,0,0
92.4139,12.3166,3056,0,0
92.4387,12.3529,3065,0,0
92.4635,12.3166,3056,0,0
92.4883,12.3488,3064,0,0
92.5131,12.3126,3055,0,0
92.5379,12.2844,3048,0,0
92.5628,12.3166,3056,0,0
92.5876,12.3529,3065,0,0
92.6124,12.3488,3064,0,0
92.6372,12.3206,3057,0,0
92.6620,12.3206,3057,0,0
92.6868,12.3448,3063,0,0
92.7116,12.3287,3059,0,0
92.7364,12.3287,3059,0,0
92.7612,12.3488,3064,0,0
92.7860,12.3488,3064,0,0
92.8108,12.3287,3059,0,0
92.8356,12.3488,3064,0,0
92.8604,12.3529,3065,0,0
92.8852,12.3488,3064,0,0
92.9100,12.3166,3056,0,0
92.9348,12.3247,3058,0,0
92.9596,12.3206,3057,0,0
92.9844,12.3045,3053,0,0
93.0092,12.3247,3058,0,0
93.0340,12.3287,3059,0,0
93.0588,12.3206,3057,0,0
93.0836,12.3206,3057,0,0
93.1084,12.3166,3056,0,0
93.1332,12.3448,3063,0,0
93.1580,12.3206,3057,0,0
93.1828,12.3327,3060,0,0
93.2076,12.3569,3066,0,0
93.2324,12.3771,3071,0,0
93.2572,12.3488,3064,0,0
93.2820,12.3166,3056,0,0
93.3068,12.3327,3060,0,0
93.3316,12.3488,3064,0,0
93.3564,12.2844,3048,0,0
93.3812,12.3287,3059,0,0
93.4060,12.3529,3065,0,0
93.4308,12.2924,3050,0,0
93.4556,12.3529,3065,0,0
93.4804,12.3206,3057,0,0
93.5052,12.3448,3063,0,0
93.5300,12.3448,3063,0,0
93.5548,12.3327,3060,0,0
93.5797,12.3690,3069,0,0
93.6045,12.3126,3055,0,0
93.6293,12.3126,3055,0,0
93.6541,12.3609,3067,0,0
93.6789,12.3690,3069,0,0
93.7037,12.3488,3064,0,0
93.7285,12.2965,3051,0,0
93.7533,12.3488,3064,0,0
93.7781,12.3206,3057,0,0
93.8029,12.3690,3069,0,0
93.8277,12.3529,3065,0,0
93.8525,12.3488,3064,0,0
93.8773,12.3529,3065,0,0
93.9021,12.3287,3059,0,0
93.9269,12.3287,3059,0,0
93.9517,12.2803,3047,0,0
93.9765,12.3166,3056,0,0
94.0013,12.3488,3064,0,0
94.0261,12.3569,3066,0,0
94.0509,12.3972,3076,0,0
94.0757,12.3730,3070,0,0
94.1005,12.3206,3057,0,0
94.1253,12.3247,3058,0,0
94.1501,12.3609,3067,0,0
94.1749,12.3811,3072,0,0
94.1997,12.3327,3060,0,0
94.2245,12.3166,3056,0,0
94.2493,12.3287,3059,0,0
94.2741,12.3529,3065,0,0
94.2989,12.3166,3056,0,0
94.3237,12.2965,3051,0,0
94.3485,12.3126,3055,0,0
94.3733,12.3448,3063,0,0
94.3981,12.3206,3057,0,0
94.4229,12.3166,3056,0,0
94.4477,12.3488,3064,0,0
94.4725,12.3488,3064,0,0
94.4973,12.3126,3055,0,0
94.5221,12.3488,3064,0,0
94.5470,12.3892,3074,0,0
94.5718,12.3085,3054,0,0
94.5965,12.3287,3059,0,0
94.6214,12.3488,3064,0,0
94.6462,12.3166,3056,0,0
94.6710,12.3166,3056,0,0
94.6958,12.3287,3059,0,0
94.7206,12.3206,3057,0,0
94.7454,12.3287,3059,0,0
94.7702,12.3126,3055,0,0
94.7950,12.3569,3066,0,0
94.8198,12.3247,3058,0,0
94.8446,12.3166,3056,0,0
94.8694,12.3609,3067,0,0
94.8942,12.3690,3069,0,0
94.9190,12.3206,3057,0,0
94.9438,12.3529,3065,0,0
94.9686,12.3005,3052,0,0
94.9934,12.3448,3063,0,0
95.0182,12.3166,3056,0,0
95.0430,12.3247,3058,0,0
95.0678,12.3609,3067,0,0
95.0926,12.3488,3064,0,0
95.1174,12.3488,3064,0,0
95.1422,12.2965,3051,0,0
95.1670,12.3690,3069,0,0
95.1918,12.3166,3056,0,0
95.2166,12.3488,3064,0,0
95.2414,12.3287,3059,0,0
95.2662,12.3488,3064,0,0
95.2910,12.2924,3050,0,0
95.3158,12.3085,3054,0,0
95.3406,12.3206,3057,0,0
95.3654,12.3488,3064,0,0
95.3902,12.3892,3074,0,0
95.4150,12.3126,3055,0,0
95.4398,12.3247,3058,0,0
95.4646,12.3529,3065,0,0
95.4894,12.3206,3057,0,0
95.5142,12.3327,3060,0,0
95.5390,12.2924,3050,0,0
95.5639,12.3166,3056,0,0
95.5887,12.3166,3056,0,0
95.6135,12.3730,3070,0,0
95.6383,12.3690,3069,0,0
95.6631,12.2924,3050,0,0
95.6879,12.3206,3057,0,0
95.7127,12.3287,3059,0,0
95.7375,12.3166,3056,0,0
95.7623,12.3247,3058,0,0
95.7871,12.3327,3060,0,0
95.8119,12.3287,3059,0,0
95.8367,12.3529,3065,0,0
95.8615,12.3126,3055,0,0
95.8863,12.3529,3065,0,0
95.9111,12.3085,3054,0,0
95.9359,12.3045,3053,0,0
95.9607,12.3327,3060,0,0
95.9855,12.3166,3056,0,0
96.0103,12.3206,3057,0,0
96.0351,12.3569,3066,0,0
96.0599,12.3287,3059,0,0
96.0847,12.3327,3060,0,0
96.1095,12.3892,3074,0,0
96.1343,12.3569,3066,0,0
96.1591,12.3287,3059,0,0
96.1839,12.3529,3065,0,0
96.2087,12.3126,3055,0,0
96.2335,12.3529,3065,0,0
96.2583,12.3488,3064,0,0
96.2831,12.3206,3057,0,0
96.3079,12.3206,3057,0,0
96.3327,12.3569,3066,0,0
96.3575,12.3448,3063,0,0
96.3823,12.3609,3067,0,0
96.4071,12.3609,3067,0,0
96.4319,12.3690,3069,0,0
96.4567,12.2844,3048,0,0
96.4815,12.3206,3057,0,0
96.5063,12.3488,3064,0,0
96.5311,12.3569,3066,0,0
96.5559,12.3327,3060,0,0
96.5807,12.3327,3060,0,0
96.6056,12.3488,3064,0,0
96.6304,12.3529,3065,0,0
96.6552,12.3569,3066,0,0
96.6800,12.3085,3054,0,0
96.7048,12.3529,3065,0,0
96.7296,12.3166,3056,0,0
96.7544,12.3327,3060,0,0
96.7792,12.3206,3057,0,0
96.8040,12.2965,3051,0,0
96.8288,12.3488,3064,0,0
96.8536,12.2924,3050,0,0
96.8784,12.3166,3056,0,0
96.9032,12.3206,3057,0,0
96.9280,12.3287,3059,0,0
96.9528,12.3529,3065,0,0
96.9776,12.3690,3069,0,0
97.0024,12.3126,3055,0,0
97.0272,12.3488,3064,0,0
97.0520,12.3488,3064,0,0
97.0768,12.3247,3058,0,0
97.1016,12.3206,3057,0,0
97.1264,12.3488,3064,0,0
97.1512,12.3529,3065,0,0
97.1760,12.3488,3064,0,0
97.2008,12.3206,3057,0,0
97.2256,12.3126,3055,0,0
97.2504,12.3206,3057,0,0
97.2752,12.2965,3051,0,0
97.3000,12.3730,3070,0,0
97.3248,12.3529,3065,0,0
97.3496,12.3206,3057,0,0
97.3744,12.3206,3057,0,0
97.3992,12.3811,3072,0,0
97.4240,12.3448,3063,0,0
97.4488,12.3287,3059,0,0
97.4736,12.3206,3057,0,0
97.4984,12.3287,3059,0,0
97.5232,12.3247,3058,0,0
97.5480,12.3529,3065,0,0
97.5728,12.3448,3063,0,0
97.5976,12.3529,3065,0,0
97.6225,12.3206,3057,0,0
97.6473,12.3166,3056,0,0
97.6721,12.3448,3063,0,0
97.6969,12.3529,3065,0,0
97.7217,12.3166,3056,0,0
97.7465,12.3529,3065,0,0
97.7713,12.3488,3064,0,0
97.7961,12.3206,3057,0,0
97.8209,12.3206,3057,0,0
97.8457,12.3609,3067,0,0
97.8705,12.3126,3055,0,0
97.8953,12.3569,3066,0,0
97.9201,12.2924,3050,0,0
97.9449,12.3448,3063,0,0
97.9697,12.3126,3055,0,0
97.9945,12.3327,3060,0,0
98.0193,12.3771,3071,0,0
98.0441,12.2924,3050,0,0
98.0689,12.3287,3059,0,0
98.0937,12.3448,3063,0,0
98.1185,12.3529,3065,0,0
98.1433,12.3287,3059,0,0
98.1681,12.3085,3054,0,0
98.1929,12.3488,3064,0,0
98.2177,12.3448,3063,0,0
98.2425,12.2924,3050,0,0
98.2673,12.3166,3056,0,0
98.2921,12.3730,3070,0,0
98.3169,12.3206,3057,0,0
98.3417,12.3166,3056,0,0
98.3665,12.3488,3064,0,0
98.3913,12.3327,3060,0,0
98.4161,12.3085,3054,0,0
98.4409,12.3166,3056,0,0
98.4657,12.3206,3057,0,0
98.4905,12.3488,3064,0,0
98.5153,12.3650,3068,0,0
98.5401,12.3206,3057,0,0
98.5649,12.3247,3058,0,0
98.5897,12.3206,3057,0,0
98.6145,12.3206,3057,0,0
98.6394,12.3206,3057,0,0
98.6642,12.3488,3064,0,0
98.6890,12.3327,3060,0,0
98.7138,12.3529,3065,0,0
98.7386,12.3206,3057,0,0
98.7634,12.3569,3066,0,0
98.7882,12.3448,3063,0,0
98.8130,12.2844,3048,0,0
98.8378,12.3488,3064,0,0
98.8626,12.3488,3064,0,0
98.8874,12.3327,3060,0,0
98.9122,12.3287,3059,0,0
98.9370,12.3448,3063,0,0
98.9618,12.3126,3055,0,0
98.9866,12.3529,3065,0,0
99.0114,12.3126,3055,0,0
99.0362,12.3166,3056,0,0
99.0610,12.3529,3065,0,0
99.0858,12.3166,3056,0,0
99.1106,12.3609,3067,0,0
99.1354,12.3045,3053,0,0
99.1602,12.3529,3065,0,0
99.1850,12.3730,3070,0,0
99.2098,12.3448,3063,0,0
99.2346,12.2965,3051,0,0
99.2594,12.3771,3071,0,0
99.2842,12.3529,3065,0,0
99.3090,12.3609,3067,0,0
99.3338,12.3126,3055,0,0
99.3586,12.3327,3060,0,0
99.3834,12.3690,3069,0,0
99.4082,12.3448,3063,0,0
99.4330,12.3206,3057,0,0
99.4578,12.3206,3057,0,0
99.4826,12.3247,3058,0,0
99.5074,12.3488,3064,0,0
99.5322,12.3166,3056,0,0
99.5570,12.3690,3069,0,0
99.5818,12.3529,3065,0,0
99.6067,12.3247,3058,0,0
99.6315,12.3166,3056,0,0
99.6563,12.3488,3064,0,0
99.6811,12.3529,3065,0,0
99.7059,12.3609,3067,0,0
99.7307,12.3206,3057,0,0
99.7555,12.3448,3063,0,0
99.7803,12.3327,3060,0,0
99.8051,12.3488,3064,0,0
99.8299,12.3206,3057,0,0
99.8547,12.3166,3056,0,0
99.8795,12.3569,3066,0,0
99.9043,12.3206,3057,0,0
99.9291,12.3206,3057,0,0
99.9539,12.3126,3055,0,0
99.9787,12.3287,3059,0,0
100.0035,12.3126,3055,0,0
100.0283,12.3126,3055,0,0
100.0531,12.3529,3065,0,0
100.0779,12.3529,3065,0,0
100.1027,12.3085,3054,0,0
100.1275,12.3166,3056,0,0
100.1523,12.3488,3064,0,0
100.1771,12.3206,3057,0,0
100.2019,12.3529,3065,0,0
100.2267,12.3448,3063,0,0
100.2515,12.3166,3056,0,0
100.2763,12.3771,3071,0,0
100.3011,12.3287,3059,0,0
100.3259,12.3529,3065,0,0
100.3507,12.3529,3065,0,0
100.3755,12.2763,3046,0,0
100.4003,12.3287,3059,0,0
100.4251,12.3529,3065,0,0
100.4499,12.3287,3059,0,0
100.4747,12.3287,3059,0,0
100.4995,12.3206,3057,0,0
100.5243,12.3166,3056,0,0
100.5491,12.3166,3056,0,0
100.5739,12.3206,3057,0,0
100.5987,12.3529,3065,0,0
100.6236,12.3569,3066,0,0
100.6484,12.3488,3064,0,0
100.6732,12.3206,3057,0,0
100.6980,12.3126,3055,0,0
100.7228,12.3287,3059,0,0
100.7476,12.3569,3066,0,0
100.7724,12.3811,3072,0,0
100.7972,12.3247,3058,0,0
100.8220,12.3529,3065,0,0
100.8468,12.3327,3060,0,0
100.8716,12.3730,3070,0,0
100.8964,12.3166,3056,0,0
100.9212,12.3529,3065,0,0
100.9460,12.3327,3060,0,0
100.9708,12.3287,3059,0,0
100.9956,12.3206,3057,0,0
101.0204,12.3488,3064,0,0
101.0452,12.3448,3063,0,0
101.0700,12.3126,3055,0,0
101.0948,12.3448,3063,0,0
101.1196,12.3488,3064,0,0
101.1444,12.3206,3057,0,0
101.1692,12.3166,3056,0,0
101.1940,12.3529,3065,0,0
101.2188,12.3609,3067,0,0
101.2436,12.3287,3059,0,0
101.2684,12.3569,3066,0,0
101.2932,12.3327,3060,0,0
101.3180,12.2763,3046,0,0
101.3428,12.3085,3054,0,0
101.3676,12.3690,3069,0,0
101.3924,12.3005,3052,0,0
101.4172,12.3126,3055,0,0
101.4420,12.3609,3067,0,0
101.4668,12.2924,3050,0,0
101.4916,12.3005,3052,0,0
101.5164,12.3085,3054,0,0
101.5412,12.3811,3072,0,0
101.5660,12.3488,3064,0,0
101.5908,12.3287,3059,0,0
101.6156,12.3448,3063,0,0
101.6404,12.2844,3048,0,0
101.6653,12.3045,3053,0,0
101.6901,12.3488,3064,0,0
101.7149,12.3085,3054,0,0
101.7397,12.3206,3057,0,0
101.7645,12.3569,3066,0,0
101.7893,12.3488,3064,0,0
101.8141,12.3609,3067,0,0
101.8389,12.3287,3059,0,0
101.8637,12.3247,3058,0,0
101.8885,12.3126,3055,0,0
101.9133,12.3488,3064,0,0
101.9381,12.2844,3048,0,0
101.9629,12.3166,3056,0,0
101.9877,12.3085,3054,0,0
102.0125,12.3488,3064,0,0
102.0373,12.3327,3060,0,0
102.0621,12.3206,3057,0,0
102.0869,12.3408,3062,0,0
102.1117,12.3327,3060,0,0
102.1365,12.3488,3064,0,0
102.1613,12.3327,3060,0,0
102.1861,12.3609,3067,0,0
102.2109,12.3126,3055,0,0
102.2357,12.3166,3056,0,0
102.2605,12.3166,3056,0,0
102.2853,12.3488,3064,0,0
102.3101,12.2803,3047,0,0
102.3349,12.3206,3057,0,0
102.3597,12.3206,3057,0,0
102.3845,12.3247,3058,0,0
102.4093,12.3569,3066,0,0
102.4341,12.3488,3064,0,0
102.4589,12.3488,3064,0,0
102.4837,12.2763,3046,0,0
102.5085,12.2844,3048,0,0
102.5333,12.3206,3057,0,0
102.5581,12.2924,3050,0,0
102.5829,12.3126,3055,0,0
102.6077,12.3529,3065,0,0
102.6325,12.2844,3048,0,0
102.6573,12.3126,3055,0,0
102.6822,12.3609,3067,0,0
102.7070,12.3690,3069,0,0
102.7318,12.3327,3060,0,0
102.7566,12.3005,3052,0,0
102.7814,12.3488,3064,0,0
102.8062,12.3448,3063,0,0
102.8310,12.3247,3058,0,0
102.8558,12.3327,3060,0,0
102.8806,12.3206,3057,0,0
102.9054,12.3287,3059,0,0
102.9302,12.2844,3048,0,0
102.9550,12.3247,3058,0,0
102.9798,12.3166,3056,0,0
103.0046,12.3529,3065,0,0
103.0294,12.2803,3047,0,0
103.0542,12.3569,3066,0,0
103.0790,12.2803,3047,0,0
103.1038,12.3488,3064,0,0
103.1286,12.3126,3055,0,0
103.1534,12.3327,3060,0,0
103.1782,12.3569,3066,0,0
103.2030,12.3287,3059,0,0
103.2278,12.4335,3085,0,0
103.2526,12.3206,3057,0,0
103.2774,12.3609,3067,0,0
103.3022,12.3287,3059,0,0
103.3270,12.3085,3054,0,0
103.3518,12.3892,3074,0,0
103.3766,12.3811,3072,0,0
103.4014,12.3206,3057,0,0
103.4262,12.3206,3057,0,0
103.4510,12.3771,3071,0,0
103.4758,12.2924,3050,0,0
103.5006,12.3730,3070,0,0
103.5254,12.3206,3057,0,0
103.5502,12.3206,3057,0,0
103.5750,12.3005,3052,0,0
103.5998,12.3206,3057,0,0
103.6246,12.3327,3060,0,0
103.6494,12.3327,3060,0,0
103.6742,12.3166,3056,0,0
103.6991,12.3247,3058,0,0
103.7239,12.3166,3056,0,0
103.7487,12.3730,3070,0,0
103.7735,12.3206,3057,0,0
103.7983,12.3327,3060,0,0
103.8231,12.3529,3065,0,0
103.8479,12.3206,3057,0,0
103.8727,12.3529,3065,0,0
103.8975,12.3488,3064,0,0
103.9223,12.3448,3063,0,0
103.9471,12.2924,3050,0,0
103.9719,12.3488,3064,0,0
103.9967,12.3972,3076,0,0
104.0215,12.2965,3051,0,0
104.0463,12.3085,3054,0,0
104.0711,12.3085,3054,0,0
104.0959,12.3085,3054,0,0
104.1207,12.3166,3056,0,0
104.1455,12.3730,3070,0,0
104.1703,12.3327,3060,0,0
104.1951,12.3529,3065,0,0
104.2199,12.3488,3064,0,0
104.2447,12.3287,3059,0,0
104.2695,12.3569,3066,0,0
104.2943,12.3569,3066,0,0
104.3191,12.3287,3059,0,0
104.3439,12.3529,3065,0,0
104.3687,12.3206,3057,0,0
104.3935,12.3327,3060,0,0
104.4183,12.3166,3056,0,0
104.4431,12.3126,3055,0,0
104.4679,12.3529,3065,0,0
104.4927,12.3206,3057,0,0
104.5175,12.3609,3067,0,0
104.5423,12.3287,3059,0,0
104.5671,12.3206,3057,0,0
104.5919,12.3166,3056,0,0
104.6167,12.3287,3059,0,0
104.6415,12.3488,3064,0,0
104.6664,12.3609,3067,0,0
104.6912,12.3206,3057,0,0
104.7160,12.3206,3057,0,0
104.7408,12.3609,3067,0,0
104.7656,12.3126,3055,0,0
104.7904,12.3488,3064,0,0
104.8152,12.3247,3058,0,0
104.8400,12.3206,3057,0,0
104.8648,12.3448,3063,0,0
104.8896,12.3247,3058,0,0
104.9144,12.3206,3057,0,0
104.9392,12.3730,3070,0,0
104.9640,12.3408,3062,0,0
104.9888,12.3166,3056,0,0
105.0136,12.3287,3059,0,0
105.0384,12.3488,3064,0,0
105.0632,12.3287,3059,0,0
105.0880,12.3488,3064,0,0
105.1128,12.3287,3059,0,0
105.1376,12.2844,3048,0,0
105.1624,12.3126,3055,0,0
105.1872,12.3488,3064,0,0
105.2120,12.3126,3055,0,0
105.2368,12.3690,3069,0,0
105.2616,12.3287,3059,0,0
105.2864,12.3327,3060,0,0
105.3112,12.3448,3063,0,0
105.3360,12.3569,3066,0,0
105.3608,12.2481,3039,0,0
105.3856,12.3408,3062,0,0
105.4104,12.3287,3059,0,0
105.4352,12.3488,3064,0,0
105.4600,12.3206,3057,0,0
105.4848,12.3287,3059,0,0
105.5096,12.3609,3067,0,0
105.5344,12.2803,3047,0,0
105.5592,12.3327,3060,0,0
105.5840,12.3609,3067,0,0
105.6088,12.3529,3065,0,0
105.6336,12.3529,3065,0,0
105.6584,12.3287,3059,0,0
105.6833,12.3287,3059,0,0
105.7081,12.3206,3057,0,0
105.7329,12.3488,3064,0,0
105.7577,12.3287,3059,0,0
105.7825,12.3327,3060,0,0
105.8073,12.3005,3052,0,0
105.8321,12.3730,3070,0,0
105.8569,12.3206,3057,0,0
105.8817,12.3287,3059,0,0
105.9065,12.3166,3056,0,0
105.9313,12.3166,3056,0,0
105.9561,12.3529,3065,0,0
105.9809,12.3569,3066,0,0
106.0057,12.3327,3060,0,0
106.0305,12.3650,3068,0,0
106.0553,12.3206,3057,0,0
106.0801,12.3126,3055,0,0
106.1049,12.3448,3063,0,0
106.1297,12.3609,3067,0,0
106.1545,12.3287,3059,0,0
106.1793,12.3166,3056,0,0
106.2041,12.3488,3064,0,0
106.2289,12.3529,3065,0,0
106.2537,12.3206,3057,0,0
106.2785,12.3247,3058,0,0
106.3033,12.3206,3057,0,0
106.3281,12.2924,3050,0,0
106.3529,12.3247,3058,0,0
106.3777,12.3529,3065,0,0
106.4025,12.3085,3054,0,0
106.4273,12.3488,3064,0,0
106.4521,12.3166,3056,0,0
106.4769,12.3529,3065,0,0
106.5017,12.3126,3055,0,0
106.5265,12.3529,3065,0,0
106.5513,12.3488,3064,0,0
106.5761,12.3287,3059,0,0
106.6009,12.2803,3047,0,0
106.6257,12.3287,3059,0,0
106.6505,12.3287,3059,0,0
106.6753,12.3287,3059,0,0
106.7001,12.3408,3062,0,0
106.7250,12.3529,3065,0,0
106.7498,12.3488,3064,0,0
106.7746,12.3287,3059,0,0
106.7994,12.3287,3059,0,0
106.8242,12.3569,3066,0,0
106.8490,12.3126,3055,0,0
106.8738,12.3166,3056,0,0
106.8986,12.3569,3066,0,0
106.9234,12.3569,3066,0,0
106.9482,12.3488,3064,0,0
106.9730,12.2924,3050,0,0
106.9978,12.2924,3050,0,0
107.0226,12.3287,3059,0,0
107.0474,12.3730,3070,0,0
107.0722,12.3206,3057,0,0
107.0970,12.3206,3057,0,0
107.1218,12.3045,3053,0,0
107.1466,12.3085,3054,0,0
107.1714,12.3529,3065,0,0
107.1962,12.3287,3059,0,0
107.2210,12.3206,3057,0,0
107.2458,12.2844,3048,0,0
107.2706,12.3206,3057,0,0
107.2954,12.3609,3067,0,0
107.3202,12.3247,3058,0,0
107.3450,12.3287,3059,0,0
107.3698,12.3488,3064,0,0
107.3946,12.3529,3065,0,0
107.4194,12.3529,3065,0,0
107.4442,12.3287,3059,0,0
107.4690,12.3488,3064,0,0
107.4938,12.3005,3052,0,0
107.5186,12.3206,3057,0,0
107.5434,12.3166,3056,0,0
107.5682,12.3569,3066,0,0
107.5930,12.3327,3060,0,0
107.6178,12.3488,3064,0,0
107.6426,12.3206,3057,0,0
107.6674,12.3287,3059,0,0
107.6922,12.3206,3057,0,0
107.7170,12.3287,3059,0,0
107.7419,12.3166,3056,0,0
107.7667,12.3488,3064,0,0
107.7915,12.3206,3057,0,0
107.8163,12.2924,3050,0,0
107.8411,12.3045,3053,0,0
107.8659,12.3166,3056,0,0
107.8907,12.3166,3056,0,0
107.9155,12.3166,3056,0,0
107.9403,12.3488,3064,0,0
107.9651,12.3488,3064,0,0
107.9899,12.3448,3063,0,0
108.0147,12.3488,3064,0,0
108.0395,12.3327,3060,0,0
108.0643,12.3488,3064,0,0
108.0891,12.3126,3055,0,0
108.1139,12.3569,3066,0,0
108.1387,12.3529,3065,0,0
108.1635,12.3126,3055,0,0
108.1883,12.3247,3058,0,0
108.2131,12.3488,3064,0,0
108.2379,12.3529,3065,0,0
108.2627,12.3166,3056,0,0
108.2875,12.3206,3057,0,0
108.3123,12.3126,3055,0,0
108.3371,12.3247,3058,0,0
108.3619,12.3569,3066,0,0
108.3867,12.3529,3065,0,0
108.4115,12.3085,3054,0,0
108.4363,12.3488,3064,0,0
108.4611,12.3287,3059,0,0
108.4859,12.3206,3057,0,0
108.5107,12.3488,3064,0,0
108.5355,12.3287,3059,0,0
108.5603,12.3206,3057,0,0
108.5851,12.3448,3063,0,0
108.6099,12.3327,3060,0,0
108.6347,12.3569,3066,0,0
108.6595,12.2924,3050,0,0
108.6843,12.3488,3064,0,0
108.7092,12.3126,3055,0,0
108.7339,12.3730,3070,0,0
108.7588,12.3771,3071,0,0
108.7836,12.3166,3056,0,0
108.8084,12.3287,3059,0,0
108.8332,12.3287,3059,0,0
108.8580,12.3327,3060,0,0
108.8828,12.3529,3065,0,0
108.9076,12.3287,3059,0,0
108.9324,12.3166,3056,0,0
108.9572,12.2763,3046,0,0
108.9820,12.3206,3057,0,0
109.0068,12.2763,3046,0,0
109.0316,12.3166,3056,0,0
109.0564,12.3247,3058,0,0
109.0812,12.3327,3060,0,0
109.1060,12.3085,3054,0,0
109.1308,12.3206,3057,0,0
109.1556,12.3206,3057,0,0
109.1804,12.3569,3066,0,0
109.2052,12.3569,3066,0,0
109.2300,12.2682,3044,0,0
109.2548,12.2924,3050,0,0
109.2796,12.3206,3057,0,0
109.3044,12.3529,3065,0,0
109.3292,12.3126,3055,0,0
109.3540,12.3206,3057,0,0
109.3788,12.3206,3057,0,0
109.4036,12.3206,3057,0,0
109.4284,12.2924,3050,0,0
109.4532,12.3327,3060,0,0
109.4780,12.3569,3066,0,0
109.5028,12.2924,3050,0,0
109.5276,12.3529,3065,0,0
109.5524,12.3529,3065,0,0
109.5772,12.2844,3048,0,0
109.6020,12.3569,3066,0,0
109.6268,12.3609,3067,0,0
109.6516,12.3166,3056,0,0
109.6764,12.3126,3055,0,0
109.7012,12.3287,3059,0,0
109.7261,12.3327,3060,0,0
109.7509,12.2924,3050,0,0
109.7757,12.2844,3048,0,0
109.8005,12.3287,3059,0,0
109.8253,12.3529,3065,0,0
109.8501,12.3287,3059,0,0
109.8749,12.3126,3055,0,0
109.8997,12.2803,3047,0,0
109.9245,12.3488,3064,0,0
109.9493,12.3166,3056,0,0
109.9741,12.3126,3055,0,0
109.9989,12.3166,3056,0,0
110.0237,12.3206,3057,0,0
110.0485,12.3327,3060,0,0
110.0733,12.3126,3055,0,0
110.0981,12.3569,3066,0,0
110.1229,12.2924,3050,0,0
110.1477,12.3488,3064,0,0
110.1725,12.3247,3058,0,0
110.1973,12.3327,3060,0,0
110.2221,12.3166,3056,0,0
110.2469,12.2844,3048,0,0
110.2717,12.2844,3048,0,0
110.2965,12.3206,3057,0,0
110.3213,12.3569,3066,0,0
110.3461,12.3529,3065,0,0
110.3709,12.3126,3055,0,0
110.3957,12.3448,3063,0,0
110.4205,12.3609,3067,0,0
110.4453,12.3206,3057,0,0
110.4701,12.3287,3059,0,0
110.4949,12.3206,3057,0,0
110.5197,12.3206,3057,0,0
110.5445,12.3488,3064,0,0
110.5693,12.3488,3064,0,0
110.5941,12.3690,3069,0,0
110.6189,12.3166,3056,0,0
110.6437,12.3206,3057,0,0
110.6685,12.3287,3059,0,0
110.6933,12.3166,3056,0,0
110.7181,12.3488,3064,0,0
110.7430,12.3529,3065,0,0
110.7678,12.3126,3055,0,0
110.7926,12.3206,3057,0,0
110.8174,12.3206,3057,0,0
110.8422,12.3529,3065,0,0
110.8670,12.3569,3066,0,0
110.8918,12.3206,3057,0,0
110.9166,12.3206,3057,0,0
110.9414,12.3529,3065,0,0
110.9662,12.2924,3050,0,0
110.9910,12.3166,3056,0,0
111.0158,12.3206,3057,0,0
111.0406,12.2924,3050,0,0
111.0654,12.3206,3057,0,0
111.0902,12.3166,3056,0,0
111.1150,12.3247,3058,0,0
111.1398,12.3166,3056,0,0
111.1646,12.3327,3060,0,0
111.1894,12.3609,3067,0,0
111.2142,12.3287,3059,0,0
111.2390,12.3166,3056,0,0
111.2638,12.3126,3055,0,0
111.2886,12.3206,3057,0,0
111.3134,12.3206,3057,0,0
111.3382,12.3488,3064,0,0
111.3630,12.2803,3047,0,0
111.3878,12.3206,3057,0,0
111.4126,12.3488,3064,0,0
111.4374,12.3569,3066,0,0
111.4622,12.3287,3059,0,0
111.4870,12.3327,3060,0,0
111.5118,12.3327,3060,0,0
111.5366,12.3529,3065,0,0
111.5614,12.3126,3055,0,0
111.5862,12.3085,3054,0,0
111.6110,12.3609,3067,0,0
111.6358,12.3488,3064,0,0
111.6606,12.3166,3056,0,0
111.6854,12.3287,3059,0,0
111.7102,12.3166,3056,0,0
111.7350,12.3287,3059,0,0
111.7598,12.3206,3057,0,0
111.7847,12.3730,3070,0,0
111.8095,12.3085,3054,0,0
111.8343,12.3488,3064,0,0
111.8591,12.2924,3050,0,0
111.8839,12.3529,3065,0,0
111.9087,12.3206,3057,0,0
111.9335,12.3085,3054,0,0
111.9583,12.2844,3048,0,0
111.9831,12.3085,3054,0,0
112.0079,12.3488,3064,0,0
112.0327,12.3005,3052,0,0
112.0575,12.3247,3058,0,0
112.0823,12.3166,3056,0,0
112.1071,12.3327,3060,0,0
112.1319,12.3327,3060,0,0
112.1567,12.3085,3054,0,0
112.1815,12.3327,3060,0,0
112.2063,12.3730,3070,0,0
112.2311,12.3488,3064,0,0
112.2559,12.3488,3064,0,0
112.2807,12.2924,3050,0,0
112.3055,12.3488,3064,0,0
112.3303,12.3569,3066,0,0
112.3551,12.2844,3048,0,0
112.3799,12.3166,3056,0,0
112.4047,12.3529,3065,0,0
112.4295,12.2924,3050,0,0
112.4543,12.3488,3064,0,0
112.4791,12.3206,3057,0,0
112.5039,12.3126,3055,0,0
112.5287,12.3085,3054,0,0
112.5535,12.3085,3054,0,0
112.5783,12.3126,3055,0,0
112.6031,12.3529,3065,0,0
112.6279,12.3085,3054,0,0
112.6527,12.3085,3054,0,0
112.6775,12.3327,3060,0,0
112.7023,12.3206,3057,0,0
112.7271,12.3206,3057,0,0
112.7519,12.3448,3063,0,0
112.7767,12.2924,3050,0,0
112.8016,12.3247,3058,0,0
112.8264,12.2965,3051,0,0
112.8512,12.3247,3058,0,0
112.8760,12.3448,3063,0,0
112.9008,12.3166,3056,0,0
112.9256,12.3448,3063,0,0
112.9504,12.3609,3067,0,0
112.9752,12.3650,3068,0,0
113.0000,12.3287,3059,0,0
113.0248,12.3488,3064,0,0
113.0496,12.2844,3048,0,0
113.0744,12.3206,3057,0,0
113.0992,12.3488,3064,0,0
113.1240,12.3529,3065,0,0
113.1488,12.3206,3057,0,0
113.1736,12.3206,3057,0,0
113.1984,12.3488,3064,0,0
113.2232,12.3206,3057,0,0
113.2480,12.3206,3057,0,0
113.2728,12.3488,3064,0,0
113.2976,12.3488,3064,0,0
113.3224,12.3206,3057,0,0
113.3472,12.3529,3065,0,0
113.3720,12.3529,3065,0,0
113.3968,12.3529,3065,0,0
113.4216,12.2763,3046,0,0
113.4464,12.3206,3057,0,0
113.4712,12.3045,3053,0,0
113.4960,12.3488,3064,0,0
113.5208,12.3488,3064,0,0
113.5456,12.3085,3054,0,0
113.5704,12.2924,3050,0,0
113.5952,12.3206,3057,0,0
113.6200,12.3206,3057,0,0
113.6448,12.3085,3054,0,0
113.6696,12.3166,3056,0,0
113.6944,12.3529,3065,0,0
113.7192,12.3488,3064,0,0
113.7440,12.3247,3058,0,0
113.7689,12.3287,3059,0,0
113.7936,12.3529,3065,0,0
113.8185,12.3529,3065,0,0
113.8433,12.3166,3056,0,0
113.8681,12.3690,3069,0,0
113.8929,12.3609,3067,0,0
113.9177,12.3085,3054,0,0
113.9425,12.2844,3048,0,0
113.9673,12.3166,3056,0,0
113.9921,12.3609,3067,0,0
114.0169,12.3206,3057,0,0
114.0417,12.3247,3058,0,0
114.0665,12.3327,3060,0,0
114.0913,12.2924,3050,0,0
114.1161,12.2844,3048,0,0
114.1409,12.2158,3031,0,0
114.1657,12.3488,3064,0,0
114.1905,12.3448,3063,0,0
114.2153,12.2844,3048,0,0
114.2401,12.3085,3054,0,0
114.2649,12.3327,3060,0,0
114.2897,12.3166,3056,0,0
114.3145,12.3569,3066,0,0
114.3393,12.3166,3056,0,0
114.3641,12.3287,3059,0,0
114.3889,12.3166,3056,0,0
114.4137,12.2844,3048,0,0
114.4385,12.3811,3072,0,0
114.4633,12.3045,3053,0,0
114.4881,12.3206,3057,0,0
114.5129,12.3166,3056,0,0
114.5377,12.3529,3065,0,0
114.5625,12.3206,3057,0,0
114.5873,12.3609,3067,0,0
114.6121,12.2924,3050,0,0
114.6369,12.3206,3057,0,0
114.6617,12.3287,3059,0,0
114.6865,12.3206,3057,0,0
114.7113,12.3206,3057,0,0
114.7361,12.3126,3055,0,0
114.7609,12.3609,3067,0,0
114.7858,12.3206,3057,0,0
114.8106,12.3448,3063,0,0
114.8354,12.3488,3064,0,0
114.8602,12.3488,3064,0,0
114.8850,12.3166,3056,0,0
114.9098,12.3166,3056,0,0
114.9346,12.3126,3055,0,0
114.9594,12.3206,3057,0,0
114.9842,12.3609,3067,0,0
115.0090,12.3206,3057,0,0
115.0338,12.3287,3059,0,0
115.0586,12.3488,3064,0,0
115.0834,12.3206,3057,0,0
115.1082,12.3609,3067,0,0
115.1330,12.3327,3060,0,0
115.1578,12.3287,3059,0,0
115.1826,12.3126,3055,0,0
115.2074,12.3166,3056,0,0
115.2322,12.3327,3060,0,0
115.2570,12.3126,3055,0,0
115.2818,12.3247,3058,0,0
115.3066,12.3005,3052,0,0
115.3314,12.3609,3067,0,0
115.3562,12.3166,3056,0,0
115.3810,12.3287,3059,0,0
115.4058,12.3488,3064,0,0
115.4306,12.3126,3055,0,0
115.4554,12.3206,3057,0,0
115.4802,12.3488,3064,0,0
115.5050,12.3045,3053,0,0
115.5298,12.2844,3048,0,0
115.5546,12.3206,3057,0,0
115.5794,12.3408,3062,0,0
115.6042,12.3488,3064,0,0
115.6290,12.2844,3048,0,0
115.6538,12.3448,3063,0,0
115.6786,12.3085,3054,0,0
115.7034,12.3045,3053,0,0
115.7282,12.3609,3067,0,0
115.7530,12.3569,3066,0,0
115.7778,12.3287,3059,0,0
115.8027,12.3327,3060,0,0
115.8275,12.3206,3057,0,0
115.8523,12.2924,3050,0,0
115.8771,12.3327,3060,0,0
115.9019,12.3609,3067,0,0
115.9267,12.3166,3056,0,0
115.9515,12.3085,3054,0,0
115.9763,12.3287,3059,0,0
116.0011,12.3569,3066,0,0
116.0259,12.3206,3057,0,0
116.0507,12.2965,3051,0,0
116.0755,12.2844,3048,0,0
116.1003,12.3206,3057,0,0
116.1251,12.2924,3050,0,0
116.1499,12.3529,3065,0,0
116.1747,12.3126,3055,0,0
116.1995,12.2844,3048,0,0
116.2243,12.3488,3064,0,0
116.2491,12.3085,3054,0,0
116.2739,12.3206,3057,0,0
116.2987,12.3126,3055,0,0
116.3235,12.3166,3056,0,0
116.3483,12.2924,3050,0,0
116.3731,12.3166,3056,0,0
116.3979,12.3569,3066,0,0
116.4227,12.2844,3048,0,0
116.4475,12.3287,3059,0,0
116.4723,12.3206,3057,0,0
116.4971,12.3166,3056,0,0
116.5219,12.3005,3052,0,0
116.5467,12.3690,3069,0,0
116.5715,12.2844,3048,0,0
116.5963,12.3166,3056,0,0
116.6211,12.3206,3057,0,0
116.6459,12.3206,3057,0,0
116.6707,12.3488,3064,0,0
116.6955,12.3569,3066,0,0
116.7203,12.3247,3058,0,0
116.7451,12.3287,3059,0,0
116.7699,12.3529,3065,0,0
116.7947,12.3529,3065,0,0
116.8195,12.3085,3054,0,0
116.8444,12.2803,3047,0,0
116.8692,12.3206,3057,0,0
116.8940,12.2924,3050,0,0
116.9188,12.3247,3058,0,0
116.9436,12.2924,3050,0,0
116.9684,12.3327,3060,0,0
116.9932,12.3126,3055,0,0
117.0180,12.3126,3055,0,0
117.0428,12.3488,3064,0,0
117.0676,12.3488,3064,0,0
117.0924,12.3206,3057,0,0
117.1172,12.2844,3048,0,0
117.1420,12.3247,3058,0,0
117.1668,12.3529,3065,0,0
117.1916,12.3287,3059,0,0
117.2164,12.3166,3056,0,0
117.2412,12.2924,3050,0,0
117.2660,12.3327,3060,0,0
117.2908,12.2924,3050,0,0
117.3156,12.3247,3058,0,0
117.3404,12.3247,3058,0,0
117.3652,12.3206,3057,0,0
117.3900,12.3126,3055,0,0
117.4148,12.2844,3048,0,0
117.4396,12.3488,3064,0,0
117.4644,12.3488,3064,0,0
117.4892,12.3206,3057,0,0
117.5140,12.3206,3057,0,0
117.5388,12.3206,3057,0,0
117.5636,12.3327,3060,0,0
117.5884,12.3327,3060,0,0
117.6132,12.3488,3064,0,0
117.6380,12.3206,3057,0,0
117.6628,12.2844,3048,0,0
117.6876,12.3609,3067,0,0
117.7124,12.3327,3060,0,0
117.7372,12.3529,3065,0,0
117.7620,12.3327,3060,0,0
117.7868,12.3126,3055,0,0
117.8116,12.3247,3058,0,0
117.8364,12.3690,3069,0,0
117.8613,12.3488,3064,0,0
117.8861,12.2803,3047,0,0
117.9109,12.3005,3052,0,0
117.9357,12.3609,3067,0,0
117.9605,12.3569,3066,0,0
117.9853,12.3085,3054,0,0
118.0101,12.3166,3056,0,0
118.0349,12.3247,3058,0,0
118.0597,12.3206,3057,0,0
118.0845,12.3166,3056,0,0
118.1093,12.3287,3059,0,0
118.1341,12.3287,3059,0,0
118.1589,12.2844,3048,0,0
118.1837,12.3085,3054,0,0
118.2085,12.3287,3059,0,0
118.2333,12.3488,3064,0,0
118.2581,12.3327,3060,0,0
118.2829,12.3529,3065,0,0
118.3077,12.3247,3058,0,0
118.3325,12.3488,3064,0,0
118.3573,12.3206,3057,0,0
118.3821,12.3609,3067,0,0
118.4069,12.3609,3067,0,0
118.4317,12.3126,3055,0,0
118.4565,12.2803,3047,0,0
118.4813,12.3609,3067,0,0
118.5061,12.3166,3056,0,0
118.5309,12.3166,3056,0,0
118.5557,12.3085,3054,0,0
118.5805,12.3126,3055,0,0
118.6053,12.3569,3066,0,0
118.6301,12.3488,3064,0,0
118.6549,12.3206,3057,0,0
118.6797,12.3287,3059,0,0
118.7045,12.3206,3057,0,0
118.7293,12.3126,3055,0,0
118.7541,12.3166,3056,0,0
118.7789,12.3287,3059,0,0
118.8037,12.3206,3057,0,0
118.8286,12.3126,3055,0,0
118.8534,12.3206,3057,0,0
118.8782,12.3287,3059,0,0
118.9030,12.3247,3058,0,0
118.9278,12.3206,3057,0,0
118.9526,12.3166,3056,0,0
118.9774,12.2965,3051,0,0
119.0022,12.3287,3059,0,0
119.0270,12.3206,3057,0,0
119.0518,12.3287,3059,0,0
119.0766,12.3166,3056,0,0
119.1014,12.3206,3057,0,0
119.1262,12.3529,3065,0,0
119.1510,12.2844,3048,0,0
119.1758,12.3166,3056,0,0
119.2006,12.3085,3054,0,0
119.2254,12.2924,3050,0,0
119.2502,12.2844,3048,0,0
119.2750,12.3247,3058,0,0
119.2998,12.3609,3067,0,0
119.3246,12.3206,3057,0,0
119.3494,12.3166,3056,0,0
119.3742,12.3005,3052,0,0
119.3990,12.3206,3057,0,0
119.4238,12.3529,3065,0,0
119.4486,12.2924,3050,0,0
119.4734,12.3488,3064,0,0
119.4982,12.3488,3064,0,0
119.5230,12.3126,3055,0,0
119.5478,12.3247,3058,0,0
119.5726,12.3569,3066,0,0
119.5974,12.3327,3060,0,0
119.6222,12.2602,3042,0,0
119.6470,12.3005,3052,0,0
119.6718,12.3166,3056,0,0
119.6966,12.3166,3056,0,0
119.7214,12.3126,3055,0,0
119.7462,12.3005,3052,0,0
119.7710,12.3126,3055,0,0
119.7958,12.3529,3065,0,0
119.8206,12.3005,3052,0,0
119.8455,12.3327,3060,0,0
119.8703,12.3327,3060,0,0
119.8951,12.3206,3057,0,0
119.9199,12.3247,3058,0,0
119.9447,12.3771,3071,0,0
119.9695,12.3206,3057,0,0
119.9943,12.3085,3054,0,0
120.0191,12.3085,3054,0,0
120.0439,12.3247,3058,0,0
120.0687,12.3488,3064,0,0
120.0935,12.3529,3065,0,0
120.1183,12.3166,3056,0,0
120.1431,12.2844,3048,0,0
120.1679,12.3166,3056,0,0
120.1927,12.3206,3057,0,0
120.2175,12.3005,3052,0,0
120.2423,12.3247,3058,0,0
120.2671,12.3287,3059,0,0
120.2919,12.3166,3056,0,0
120.3167,12.3206,3057,0,0
120.3415,12.3206,3057,0,0
120.3663,12.3126,3055,0,0
120.3911,12.3005,3052,0,0
120.4159,12.3045,3053,0,0
120.4407,12.3569,3066,0,0
120.4655,12.3287,3059,0,0
120.4903,12.3206,3057,0,0
120.5151,12.3126,3055,0,0
120.5399,12.3287,3059,0,0
120.5647,12.3126,3055,0,0
120.5895,12.3529,3065,0,0
120.6143,12.3569,3066,0,0
120.6391,12.2803,3047,0,0
120.6639,12.3085,3054,0,0
120.6887,12.3206,3057,0,0
120.7135,12.3005,3052,0,0
120.7383,12.3327,3060,0,0
120.7631,12.3488,3064,0,0
120.7879,12.2803,3047,0,0
120.8127,12.3488,3064,0,0
120.8375,12.3488,3064,0,0
120.8624,12.3609,3067,0,0
120.8872,12.3287,3059,0,0
120.9120,12.3085,3054,0,0
120.9368,12.3287,3059,0,0
120.9616,12.3327,3060,0,0
120.9864,12.2924,3050,0,0
121.0112,12.2965,3051,0,0
121.0360,12.3327,3060,0,0
121.0608,12.3166,3056,0,0
121.0856,12.3448,3063,0,0
121.1104,12.3488,3064,0,0
121.1352,12.3206,3057,0,0
121.1600,12.2924,3050,0,0
121.1848,12.3488,3064,0,0
121.2096,12.3287,3059,0,0
121.2344,12.3166,3056,0,0
121.2592,12.2924,3050,0,0
121.2840,12.3206,3057,0,0
121.3088,12.2844,3048,0,0
121.3336,12.2924,3050,0,0
121.3584,12.3166,3056,0,0
121.3832,12.3488,3064,0,0
121.4080,12.3166,3056,0,0
121.4328,12.2844,3048,0,0
121.4576,12.2924,3050,0,0
121.4824,12.3287,3059,0,0
121.5072,12.2803,3047,0,0
121.5320,12.3287,3059,0,0
121.5568,12.3085,3054,0,0
121.5816,12.2844,3048,0,0
121.6064,12.2763,3046,0,0
121.6312,12.3166,3056,0,0
121.6560,12.3085,3054,0,0
121.6808,12.3206,3057,0,0
121.7056,12.3126,3055,0,0
121.7304,12.3327,3060,0,0
121.7552,12.3609,3067,0,0
121.7800,12.3166,3056,0,0
121.8048,12.3488,3064,0,0
121.8296,12.3448,3063,0,0
121.8544,12.3166,3056,0,0
121.8792,12.3569,3066,0,0
121.9041,12.3408,3062,0,0
121.9289,12.2844,3048,0,0
121.9537,12.3206,3057,0,0
121.9785,12.2803,3047,0,0
122.0033,12.3488,3064,0,0
122.0281,12.3166,3056,0,0
122.0529,12.3851,3073,0,0
122.0777,12.3126,3055,0,0
122.1025,12.3166,3056,0,0
122.1273,12.3287,3059,0,0
122.1521,12.3206,3057,0,0
122.1769,12.2924,3050,0,0
122.2017,12.3206,3057,0,0
122.2265,12.3206,3057,0,0
122.2513,12.3287,3059,0,0
122.2761,12.3206,3057,0,0
122.3009,12.3529,3065,0,0
122.3257,12.3488,3064,0,0
122.3505,12.3166,3056,0,0
122.3753,12.3488,3064,0,0
122.4001,12.3488,3064,0,0
122.4249,12.3206,3057,0,0
122.4497,12.3085,3054,0,0
122.4745,12.3126,3055,0,0
122.4993,12.3166,3056,0,0
122.5241,12.3488,3064,0,0
122.5489,12.3005,3052,0,0
122.5737,12.3166,3056,0,0
122.5985,12.3488,3064,0,0
122.6233,12.3488,3064,0,0
122.6481,12.3085,3054,0,0
122.6729,12.2844,3048,0,0
122.6977,12.3529,3065,0,0
122.7225,12.3529,3065,0,0
122.7473,12.3247,3058,0,0
122.7721,12.3327,3060,0,0
122.7969,12.3287,3059,0,0
122.8217,12.3569,3066,0,0
122.8465,12.3488,3064,0,0
122.8713,12.3529,3065,0,0
122.8961,12.3448,3063,0,0
122.9210,12.3166,3056,0,0
122.9458,12.3488,3064,0,0
122.9706,12.3206,3057,0,0
122.9954,12.3327,3060,0,0
123.0202,12.3488,3064,0,0
123.0450,12.3569,3066,0,0
123.0698,12.2844,3048,0,0
123.0946,12.3609,3067,0,0
123.1194,12.3126,3055,0,0
123.1442,12.3448,3063,0,0
123.1690,12.3206,3057,0,0
123.1938,12.3327,3060,0,0
123.2186,12.3206,3057,0,0
123.2434,12.3488,3064,0,0
123.2682,12.3206,3057,0,0
123.2930,12.3045,3053,0,0
123.3178,12.4295,3084,0,0
123.3426,12.3085,3054,0,0
123.3674,12.3206,3057,0,0
123.3922,12.3327,3060,0,0
123.4170,12.3488,3064,0,0
123.4418,12.3166,3056,0,0
123.4666,12.3287,3059,0,0
123.4914,12.3529,3065,0,0
123.5162,12.3488,3064,0,0
123.5410,12.3126,3055,0,0
123.5658,12.3166,3056,0,0
123.5906,12.3488,3064,0,0
123.6154,12.3206,3057,0,0
123.6402,12.3126,3055,0,0
123.6650,12.2924,3050,0,0
123.6898,12.3166,3056,0,0
123.7146,12.3206,3057,0,0
123.7394,12.3529,3065,0,0
123.7642,12.3327,3060,0,0
123.7890,12.3166,3056,0,0
123.8138,12.3206,3057,0,0
123.8386,12.3529,3065,0,0
123.8634,12.3126,3055,0,0
123.8883,12.3287,3059,0,0
123.9131,12.3206,3057,0,0
123.9379,12.3085,3054,0,0
123.9627,12.3730,3070,0,0
123.9875,12.3126,3055,0,0
124.0123,12.3488,3064,0,0
124.0371,12.3529,3065,0,0
124.0619,12.2844,3048,0,0
124.0867,12.3206,3057,0,0
124.1115,12.2844,3048,0,0
124.1363,12.3166,3056,0,0
124.1611,12.3206,3057,0,0
124.1859,12.3287,3059,0,0
124.2107,12.2803,3047,0,0
124.2355,12.3166,3056,0,0
124.2603,12.3529,3065,0,0
124.2851,12.3126,3055,0,0
124.3099,12.2844,3048,0,0
124.3347,12.3166,3056,0,0
124.3595,12.3166,3056,0,0
124.3843,12.3569,3066,0,0
124.4091,12.3488,3064,0,0
124.4339,12.3488,3064,0,0
124.4587,12.3166,3056,0,0
124.4835,12.3166,3056,0,0
124.5083,12.2924,3050,0,0
124.5331,12.3488,3064,0,0
124.5579,12.3488,3064,0,0
124.5827,12.2965,3051,0,0
124.6075,12.3488,3064,0,0
124.6323,12.3569,3066,0,0
124.6571,12.3287,3059,0,0
124.6819,12.3247,3058,0,0
124.7067,12.3287,3059,0,0
124.7315,12.2844,3048,0,0
124.7563,12.2844,3048,0,0
124.7811,12.3206,3057,0,0
124.8059,12.3166,3056,0,0
124.8307,12.3448,3063,0,0
124.8555,12.2844,3048,0,0
124.8803,12.3247,3058,0,0
124.9052,12.3327,3060,0,0
124.9300,12.3408,3062,0,0
124.9548,12.3488,3064,0,0
124.9796,12.3206,3057,0,0
125.0044,12.2844,3048,0,0
125.0292,12.3126,3055,0,0
125.0540,12.3247,3058,0,0
125.0788,12.3529,3065,0,0
125.1036,12.3771,3071,0,0
125.1284,12.3247,3058,0,0
125.1532,12.3206,3057,0,0
125.1780,12.3166,3056,0,0
125.2028,12.3488,3064,0,0
125.2276,12.3206,3057,0,0
125.2524,12.3327,3060,0,0
125.2772,12.3529,3065,0,0
125.3020,12.3206,3057,0,0
125.3268,12.3448,3063,0,0
125.3516,12.2924,3050,0,0
125.3764,12.3327,3060,0,0
125.4012,12.3569,3066,0,0
125.4260,12.3488,3064,0,0
125.4508,12.3085,3054,0,0
125.4756,12.3811,3072,0,0
125.5004,12.3247,3058,0,0
125.5252,12.3126,3055,0,0
125.5500,12.3206,3057,0,0
125.5748,12.3730,3070,0,0
125.5996,12.3166,3056,0,0
125.6244,12.2803,3047,0,0
125.6492,12.3126,3055,0,0
125.6740,12.3488,3064,0,0
125.6988,12.3569,3066,0,0
125.7236,12.2965,3051,0,0
125.7484,12.3327,3060,0,0
125.7732,12.2844,3048,0,0
125.7980,12.3206,3057,0,0
125.8228,12.2803,3047,0,0
125.8476,12.3488,3064,0,0
125.8724,12.3488,3064,0,0
125.8972,12.3247,3058,0,0
125.9221,12.3529,3065,0,0
125.9469,12.3206,3057,0,0
125.9717,12.3247,3058,0,0
125.9965,12.3771,3071,0,0
126.0213,12.3488,3064,0,0
126.0461,12.3166,3056,0,0
126.0709,12.3448,3063,0,0
126.0957,12.3488,3064,0,0
126.1205,12.3206,3057,0,0
126.1453,12.3529,3065,0,0
126.1701,12.3206,3057,0,0
126.1949,12.3408,3062,0,0
126.2197,12.3287,3059,0,0
126.2445,12.3005,3052,0,0
126.2693,12.3126,3055,0,0
126.2941,12.3569,3066,0,0
126.3189,12.3005,3052,0,0
126.3437,12.3287,3059,0,0
126.3685,12.3771,3071,0,0
126.3933,12.3448,3063,0,0
126.4181,12.3206,3057,0,0
126.4429,12.3448,3063,0,0
126.4677,12.3166,3056,0,0
126.4925,12.3206,3057,0,0
126.5173,12.3287,3059,0,0
126.5421,12.3488,3064,0,0
126.5669,12.3529,3065,0,0
126.5917,12.2924,3050,0,0
126.6165,12.2803,3047,0,0
126.6413,12.3206,3057,0,0
126.6661,12.3690,3069,0,0
126.6909,12.3206,3057,0,0
126.7157,12.3206,3057,0,0
126.7405,12.3206,3057,0,0
126.7653,12.3488,3064,0,0
126.7901,12.3488,3064,0,0
126.8149,12.3488,3064,0,0
126.8397,12.3287,3059,0,0
126.8645,12.3085,3054,0,0
126.8893,12.3811,3072,0,0
126.9141,12.3529,3065,0,0
126.9389,12.3085,3054,0,0
126.9638,12.3287,3059,0,0
126.9886,12.3166,3056,0,0
127.0134,12.3730,3070,0,0
127.0382,12.3085,3054,0,0
127.0630,12.3488,3064,0,0
127.0878,12.2682,3044,0,0
127.1126,12.3206,3057,0,0
127.1374,12.3085,3054,0,0
127.1622,12.3126,3055,0,0
127.1870,12.2924,3050,0,0
127.2118,12.3126,3055,0,0
127.2366,12.3287,3059,0,0
127.2614,12.3126,3055,0,0
127.2862,12.3166,3056,0,0
127.3110,12.3529,3065,0,0
127.3358,12.3327,3060,0,0
127.3606,12.3206,3057,0,0
127.3854,12.3569,3066,0,0
127.4102,12.3287,3059,0,0
127.4350,12.3126,3055,0,0
127.4598,12.3771,3071,0,0
127.4846,12.3247,3058,0,0
127.5094,12.2844,3048,0,0
127.5342,12.3206,3057,0,0
127.5590,12.3287,3059,0,0
127.5838,12.3166,3056,0,0
127.6086,12.3206,3057,0,0
127.6334,12.3529,3065,0,0
127.6582,12.3488,3064,0,0
127.6830,12.3166,3056,0,0
127.7078,12.3529,3065,0,0
127.7326,12.3609,3067,0,0
127.7574,12.3126,3055,0,0
127.7822,12.3569,3066,0,0
127.8070,12.3287,3059,0,0
127.8318,12.3287,3059,0,0
127.8566,12.3287,3059,0,0
127.8814,12.3327,3060,0,0
127.9063,12.2924,3050,0,0
127.9310,12.2924,3050,0,0
127.9558,12.3488,3064,0,0
127.9807,12.3529,3065,0,0
128.0055,12.3488,3064,0,0
128.0303,12.3247,3058,0,0
128.0551,12.3085,3054,0,0
128.0799,12.3166,3056,0,0
128.1047,12.3488,3064,0,0
128.1295,12.3085,3054,0,0
128.1543,12.3085,3054,0,0
128.1791,12.3206,3057,0,0
128.2039,12.3529,3065,0,0
128.2287,12.3166,3056,0,0
128.2535,12.3609,3067,0,0
128.2783,12.3126,3055,0,0
128.3031,12.3126,3055,0,0
128.3279,12.3569,3066,0,0
128.3527,12.3247,3058,0,0
128.3775,12.3811,3072,0,0
128.4023,12.3126,3055,0,0
128.4271,12.3166,3056,0,0
128.4519,12.3287,3059,0,0
128.4767,12.3206,3057,0,0
128.5015,12.3529,3065,0,0
128.5263,12.3206,3057,0,0
128.5511,12.2763,3046,0,0
128.5759,12.3166,3056,0,0
128.6007,12.3206,3057,0,0
128.6255,12.3166,3056,0,0
128.6503,12.3206,3057,0,0
128.6751,12.2844,3048,0,0
128.6999,12.2844,3048,0,0
128.7247,12.3327,3060,0,0
128.7495,12.3085,3054,0,0
128.7743,12.3206,3057,0,0
128.7991,12.3085,3054,0,0
128.8239,12.2844,3048,0,0
128.8487,12.3085,3054,0,0
128.8735,12.3166,3056,0,0
128.8983,12.3005,3052,0,0
128.9231,12.3085,3054,0,0
128.9480,12.3126,3055,0,0
128.9727,12.3488,3064,0,0
128.9976,12.3287,3059,0,0
129.0224,12.3166,3056,0,0
129.0472,12.3085,3054,0,0
129.0720,12.3206,3057,0,0
129.0968,12.3488,3064,0,0
129.1216,12.3085,3054,0,0
129.1464,12.3166,3056,0,0
129.1712,12.2844,3048,0,0
129.1960,12.3085,3054,0,0
129.2208,12.3166,3056,0,0
129.2456,12.3085,3054,0,0
129.2704,12.3005,3052,0,0
129.2952,12.3609,3067,0,0
129.3200,12.3247,3058,0,0
129.3448,12.3206,3057,0,0
129.3696,12.3166,3056,0,0
129.3944,12.3327,3060,0,0
129.4192,12.3488,3064,0,0
129.4440,12.3327,3060,0,0
129.4688,12.2803,3047,0,0
129.4936,12.2844,3048,0,0
129.5184,12.3206,3057,0,0
129.5432,12.3529,3065,0,0
129.5680,12.2965,3051,0,0
129.5928,12.3005,3052,0,0
129.6176,12.3166,3056,0,0
129.6424,12.3529,3065,0,0
129.6672,12.3126,3055,0,0
129.6920,12.3005,3052,0,0
129.7168,12.3247,3058,0,0
129.7416,12.3166,3056,0,0
129.7664,12.3327,3060,0,0
129.7912,12.3529,3065,0,0
129.8160,12.3488,3064,0,0
129.8408,12.3126,3055,0,0
129.8656,12.3488,3064,0,0
129.8904,12.3206,3057,0,0
129.9153,12.3166,3056,0,0
129.9400,12.3206,3057,0,0
129.9648,12.3126,3055,0,0
129.9897,12.3206,3057,0,0
130.0145,12.3005,3052,0,0
130.0393,12.3529,3065,0,0
130.0641,12.3126,3055,0,0
130.0889,12.3327,3060,0,0
130.1137,12.3327,3060,0,0
130.1385,12.3085,3054,0,0
130.1633,12.3126,3055,0,0
130.1881,12.3166,3056,0,0
130.2129,12.3287,3059,0,0
130.2377,12.3206,3057,0,0
130.2625,12.3488,3064,0,0
130.2873,12.3206,3057,0,0
130.3121,12.2924,3050,0,0
130.3369,12.3126,3055,0,0
130.3617,12.3488,3064,0,0
130.3865,12.3166,3056,0,0
130.4113,12.3045,3053,0,0
130.4361,12.2924,3050,0,0
130.4609,12.3085,3054,0,0
130.4857,12.3851,3073,0,0
130.5105,12.3529,3065,0,0
130.5353,12.3166,3056,0,0
130.5601,12.3206,3057,0,0
130.5849,12.3448,3063,0,0
130.6097,12.3247,3058,0,0
130.6345,12.3166,3056,0,0
130.6593,12.3045,3053,0,0
130.6841,12.3166,3056,0,0
130.7089,12.3166,3056,0,0
130.7337,12.3206,3057,0,0
130.7585,12.3327,3060,0,0
130.7833,12.3488,3064,0,0
130.8081,12.3166,3056,0,0
130.8329,12.3085,3054,0,0
130.8577,12.3488,3064,0,0
130.8825,12.3126,3055,0,0
130.9073,12.2803,3047,0,0
130.9321,12.3206,3057,0,0
130.9570,12.2924,3050,0,0
130.9818,12.3166,3056,0,0
131.0065,12.3488,3064,0,0
131.0314,12.3287,3059,0,0
131.0562,12.3126,3055,0,0
131.0810,12.2844,3048,0,0
131.1058,12.3569,3066,0,0
131.1306,12.3206,3057,0,0
131.1554,12.3206,3057,0,0
131.1802,12.3166,3056,0,0
131.2050,12.3005,3052,0,0
131.2298,12.3166,3056,0,0
131.2546,12.3730,3070,0,0
131.2794,12.2844,3048,0,0
131.3042,12.3488,3064,0,0
131.3290,12.3488,3064,0,0
131.3538,12.2844,3048,0,0
131.3786,12.3166,3056,0,0
131.4034,12.3206,3057,0,0
131.4282,12.3609,3067,0,0
131.4530,12.3771,3071,0,0
131.4778,12.3488,3064,0,0
131.5026,12.3488,3064,0,0
131.5274,12.3488,3064,0,0
131.5522,12.3206,3057,0,0
131.5770,12.3005,3052,0,0
131.6018,12.3045,3053,0,0
131.6266,12.3126,3055,0,0
131.6514,12.3488,3064,0,0
131.6762,12.3206,3057,0,0
131.7010,12.2924,3050,0,0
131.7258,12.3287,3059,0,0
131.7506,12.3287,3059,0,0
131.7754,12.3488,3064,0,0
131.8002,12.3287,3059,0,0
131.8250,12.3448,3063,0,0
131.8498,12.2803,3047,0,0
131.8746,12.3085,3054,0,0
131.8994,12.3166,3056,0,0
131.9242,12.3529,3065,0,0
131.9491,12.3327,3060,0,0
131.9738,12.3206,3057,0,0
131.9987,12.3166,3056,0,0
132.0235,12.3126,3055,0,0
132.0483,12.3126,3055,0,0
132.0731,12.3005,3052,0,0
132.0979,12.3085,3054,0,0
132.1227,12.3287,3059,0,0
132.1475,12.3287,3059,0,0
132.1723,12.3488,3064,0,0
132.1971,12.3287,3059,0,0
132.2219,12.3166,3056,0,0
132.2467,12.2803,3047,0,0
132.2715,12.3085,3054,0,0
132.2963,12.3529,3065,0,0
132.3211,12.3206,3057,0,0
132.3459,12.3126,3055,0,0
132.3707,12.3206,3057,0,0
132.3955,12.3126,3055,0,0
132.4203,12.3166,3056,0,0
132.4451,12.3126,3055,0,0
132.4699,12.2924,3050,0,0
132.4947,12.3690,3069,0,0
132.5195,12.3287,3059,0,0
132.5443,12.3166,3056,0,0
132.5691,12.3206,3057,0,0
132.5939,12.3609,3067,0,0
132.6187,12.3126,3055,0,0
132.6435,12.3166,3056,0,0
132.6683,12.3448,3063,0,0
132.6931,12.3569,3066,0,0
132.7179,12.3327,3060,0,0
132.7427,12.3287,3059,0,0
132.7675,12.3488,3064,0,0
132.7923,12.2844,3048,0,0
132.8171,12.3529,3065,0,0
132.8419,12.3206,3057,0,0
132.8667,12.3085,3054,0,0
132.8915,12.3166,3056,0,0
132.9163,12.3287,3059,0,0
132.9411,12.3126,3055,0,0
132.9659,12.3206,3057,0,0
132.9908,12.3085,3054,0,0
133.0155,12.3287,3059,0,0
133.0404,12.3206,3057,0,0
133.0652,12.3126,3055,0,0
133.0900,12.2924,3050,0,0
133.1148,12.2924,3050,0,0
133.1396,12.3206,3057,0,0
133.1644,12.3126,3055,0,0
133.1892,12.3287,3059,0,0
133.2140,12.3166,3056,0,0
133.2388,12.3488,3064,0,0
133.2636,12.2965,3051,0,0
133.2884,12.3247,3058,0,0
133.3132,12.3085,3054,0,0
133.3380,12.3206,3057,0,0
133.3628,12.3569,3066,0,0
133.3876,12.3287,3059,0,0
133.4124,12.3005,3052,0,0
133.4372,12.3085,3054,0,0
133.4620,12.2924,3050,0,0
133.4868,12.3206,3057,0,0
133.5116,12.3166,3056,0,0
133.5364,12.3166,3056,0,0
133.5612,12.3206,3057,0,0
133.5860,12.2844,3048,0,0
133.6108,12.3166,3056,0,0
133.6356,12.3488,3064,0,0
133.6604,12.3609,3067,0,0
133.6852,12.2763,3046,0,0
133.7100,12.3085,3054,0,0
133.7348,12.3085,3054,0,0
133.7596,12.3085,3054,0,0
133.7844,12.3206,3057,0,0
133.8092,12.3005,3052,0,0
133.8340,12.2924,3050,0,0
133.8588,12.3287,3059,0,0
133.8836,12.3166,3056,0,0
133.9084,12.3045,3053,0,0
133.9332,12.3488,3064,0,0
133.9580,12.3126,3055,0,0
133.9828,12.2682,3044,0,0
134.0076,12.3206,3057,0,0
134.0325,12.3488,3064,0,0
134.0573,12.3529,3065,0,0
134.0821,12.2803,3047,0,0
134.1069,12.3126,3055,0,0
134.1317,12.3488,3064,0,0
134.1565,12.3569,3066,0,0
134.1813,12.3206,3057,0,0
134.2061,12.3126,3055,0,0
134.2309,12.2924,3050,0,0
134.2557,12.2924,3050,0,0
134.2805,12.3448,3063,0,0
134.3053,12.3327,3060,0,0
134.3301,12.3529,3065,0,0
134.3549,12.2803,3047,0,0
134.3797,12.3690,3069,0,0
134.4045,12.3206,3057,0,0
134.4293,12.3045,3053,0,0
134.4541,12.3206,3057,0,0
134.4789,12.3166,3056,0,0
134.5037,12.3569,3066,0,0
134.5285,12.3005,3052,0,0
134.5533,12.3206,3057,0,0
134.5781,12.3730,3070,0,0
134.6029,12.3206,3057,0,0
134.6277,12.2924,3050,0,0
134.6525,12.2803,3047,0,0
134.6773,12.3327,3060,0,0
134.7021,12.3287,3059,0,0
134.7269,12.3488,3064,0,0
134.7517,12.3206,3057,0,0
134.7765,12.3126,3055,0,0
134.8013,12.3730,3070,0,0
134.8261,12.3609,3067,0,0
134.8509,12.3206,3057,0,0
134.8757,12.3085,3054,0,0
134.9005,12.3327,3060,0,0
134.9253,12.3569,3066,0,0
134.9501,12.3287,3059,0,0
134.9749,12.3206,3057,0,0
134.9997,12.3206,3057,0,0
135.0246,12.2723,3045,0,0
135.0493,12.3085,3054,0,0
135.0742,12.3126,3055,0,0
135.0990,12.3206,3057,0,0
135.1238,12.3126,3055,0,0
135.1486,12.3126,3055,0,0
135.1734,12.3166,3056,0,0
135.1982,12.3327,3060,0,0
135.2230,12.3771,3071,0,0
135.2478,12.2924,3050,0,0
135.2726,12.2803,3047,0,0
135.2974,12.3327,3060,0,0
135.3222,12.3126,3055,0,0
135.3470,12.3247,3058,0,0
135.3718,12.3206,3057,0,0
135.3966,12.3529,3065,0,0
135.4214,12.2924,3050,0,0
135.4462,12.3126,3055,0,0
135.4710,12.3488,3064,0,0
135.4958,12.3085,3054,0,0
135.5206,12.2924,3050,0,0
135.5454,12.3247,3058,0,0
135.5702,12.3287,3059,0,0
135.5950,12.3206,3057,0,0
135.6198,12.3166,3056,0,0
135.6446,12.3085,3054,0,0
135.6694,12.3287,3059,0,0
135.6942,12.2803,3047,0,0
135.7190,12.2803,3047,0,0
135.7438,12.3529,3065,0,0
135.7686,12.2803,3047,0,0
135.7934,12.3166,3056,0,0
135.8182,12.3287,3059,0,0
135.8430,12.3085,3054,0,0
135.8678,12.2844,3048,0,0
135.8926,12.3206,3057,0,0
135.9174,12.3247,3058,0,0
135.9422,12.3166,3056,0,0
135.9670,12.3569,3066,0,0
135.9919,12.2924,3050,0,0
136.0166,12.2924,3050,0,0
136.0415,12.2844,3048,0,0
136.0663,12.3529,3065,0,0
136.0910,12.2924,3050,0,0
136.1159,12.3085,3054,0,0
136.1407,12.3609,3067,0,0
136.1655,12.3529,3065,0,0
136.1903,12.3085,3054,0,0
136.2151,12.2924,3050,0,0
136.2399,12.3005,3052,0,0
136.2647,12.3206,3057,0,0
136.2895,12.3206,3057,0,0
136.3143,12.2521,3040,0,0
136.3391,12.3287,3059,0,0
136.3639,12.3206,3057,0,0
136.3887,12.2924,3050,0,0
136.4135,12.3529,3065,0,0
136.4383,12.2965,3051,0,0
136.4631,12.2844,3048,0,0
136.4879,12.3448,3063,0,0
136.5127,12.3488,3064,0,0
136.5375,12.3206,3057,0,0
136.5623,12.3529,3065,0,0
136.5871,12.3287,3059,0,0
136.6119,12.3005,3052,0,0
136.6367,12.2965,3051,0,0
136.6615,12.3166,3056,0,0
136.6863,12.3206,3057,0,0
136.7111,12.3085,3054,0,0
136.7359,12.3166,3056,0,0
136.7607,12.3045,3053,0,0
136.7855,12.3851,3073,0,0
136.8103,12.3085,3054,0,0
136.8351,12.3287,3059,0,0
136.8599,12.3327,3060,0,0
136.8847,12.2924,3050,0,0
136.9095,12.3166,3056,0,0
136.9343,12.3166,3056,0,0
136.9591,12.3166,3056,0,0
136.9839,12.3488,3064,0,0
137.0087,12.3166,3056,0,0
137.0336,12.3166,3056,0,0
137.0583,12.3448,3063,0,0
137.0832,12.3206,3057,0,0
137.1080,12.3730,3070,0,0
137.1328,12.3206,3057,0,0
137.1576,12.3206,3057,0,0
137.1824,12.3327,3060,0,0
137.2072,12.3287,3059,0,0
137.2320,12.3085,3054,0,0
137.2568,12.3206,3057,0,0
137.2816,12.3206,3057,0,0
137.3064,12.2924,3050,0,0
137.3312,12.3327,3060,0,0
137.3560,12.3005,3052,0,0
137.3808,12.2924,3050,0,0
137.4056,12.3287,3059,0,0
137.4304,12.3287,3059,0,0
137.4552,12.3327,3060,0,0
137.4800,12.3287,3059,0,0
137.5048,12.3408,3062,0,0
137.5296,12.3206,3057,0,0
137.5544,12.3488,3064,0,0
137.5792,12.3771,3071,0,0
137.6040,12.3126,3055,0,0
137.6288,12.3126,3055,0,0
137.6536,12.3005,3052,0,0
137.6784,12.3327,3060,0,0
137.7032,12.3529,3065,0,0
137.7280,12.3126,3055,0,0
137.7528,12.3085,3054,0,0
137.7776,12.3206,3057,0,0
137.8024,12.3488,3064,0,0
137.8272,12.3287,3059,0,0
137.8520,12.3851,3073,0,0
137.8768,12.3126,3055,0,0
137.9016,12.3206,3057,0,0
137.9264,12.3327,3060,0,0
137.9512,12.3166,3056,0,0
137.9760,12.3247,3058,0,0
138.0008,12.3085,3054,0,0
138.0257,12.3206,3057,0,0
138.0504,12.2844,3048,0,0
138.0753,12.3166,3056,0,0
138.1001,12.3771,3071,0,0
138.1249,12.3247,3058,0,0
138.1497,12.3327,3060,0,0
138.1745,12.2965,3051,0,0
138.1993,12.2844,3048,0,0
138.2241,12.2844,3048,0,0
138.2489,12.3287,3059,0,0
138.2737,12.2844,3048,0,0
138.2985,12.3166,3056,0,0
138.3233,12.3126,3055,0,0
138.3481,12.3569,3066,0,0
138.3729,12.3005,3052,0,0
138.3977,12.3166,3056,0,0
138.4225,12.3126,3055,0,0
138.4473,12.3247,3058,0,0
138.4721,12.3569,3066,0,0
138.4969,12.3126,3055,0,0
138.5217,12.3247,3058,0,0
138.5465,12.3126,3055,0,0
138.5713,12.3287,3059,0,0
138.5961,12.3287,3059,0,0
138.6209,12.2844,3048,0,0
138.6457,12.3206,3057,0,0
138.6705,12.3569,3066,0,0
138.6953,12.3488,3064,0,0
138.7201,12.3206,3057,0,0
138.7449,12.3126,3055,0,0
138.7697,12.3206,3057,0,0
138.7945,12.3005,3052,0,0
138.8193,12.3206,3057,0,0
138.8441,12.3206,3057,0,0
138.8689,12.3166,3056,0,0
138.8937,12.2803,3047,0,0
138.9185,12.3206,3057,0,0
138.9433,12.3488,3064,0,0
138.9681,12.3085,3054,0,0
138.9930,12.3166,3056,0,0
139.0177,12.3206,3057,0,0
139.0425,12.3206,3057,0,0
139.0674,12.3488,3064,0,0
139.0921,12.3488,3064,0,0
139.1170,12.3126,3055,0,0
139.1418,12.3609,3067,0,0
139.1666,12.3529,3065,0,0
139.1914,12.3206,3057,0,0
139.2162,12.2924,3050,0,0
139.2410,12.2924,3050,0,0
139.2658,12.3166,3056,0,0
139.2906,12.3085,3054,0,0
139.3154,12.3085,3054,0,0
139.3402,12.2924,3050,0,0
139.3650,12.3166,3056,0,0
139.3898,12.2602,3042,0,0
139.4146,12.3206,3057,0,0
139.4394,12.3488,3064,0,0
139.4642,12.3206,3057,0,0
139.4890,12.3166,3056,0,0
139.5138,12.2844,3048,0,0
139.5386,12.3287,3059,0,0
139.5634,12.3045,3053,0,0
139.5882,12.3206,3057,0,0
139.6130,12.3206,3057,0,0
139.6378,12.3448,3063,0,0
139.6626,12.2844,3048,0,0
139.6874,12.3206,3057,0,0
139.7122,12.3287,3059,0,0
139.7370,12.3287,3059,0,0
139.7618,12.3488,3064,0,0
139.7866,12.3529,3065,0,0
139.8114,12.3206,3057,0,0
139.8362,12.3166,3056,0,0
139.8610,12.2965,3051,0,0
139.8858,12.3166,3056,0,0
139.9106,12.2844,3048,0,0
139.9354,12.3166,3056,0,0
139.9602,12.3287,3059,0,0
139.9850,12.3085,3054,0,0
140.0098,12.3206,3057,0,0
140.0347,12.3488,3064,0,0
140.0594,12.3166,3056,0,0
140.0842,12.3488,3064,0,0
140.1091,12.3206,3057,0,0
140.1339,12.3005,3052,0,0
140.1587,12.2844,3048,0,0
140.1835,12.3488,3064,0,0
140.2083,12.3085,3054,0,0
140.2331,12.3085,3054,0,0
140.2579,12.3327,3060,0,0
140.2827,12.3126,3055,0,0
140.3075,12.3529,3065,0,0
140.3323,12.3529,3065,0,0
140.3571,12.3126,3055,0,0
140.3819,12.3690,3069,0,0
140.4067,12.2844,3048,0,0
140.4315,12.3327,3060,0,0
140.4563,12.3771,3071,0,0
140.4811,12.3206,3057,0,0
140.5059,12.3529,3065,0,0
140.5307,12.2924,3050,0,0
140.5555,12.3126,3055,0,0
140.5803,12.3609,3067,0,0
140.6051,12.3327,3060,0,0
140.6299,12.3126,3055,0,0
140.6547,12.3166,3056,0,0
140.6795,12.3166,3056,0,0
140.7043,12.3166,3056,0,0
140.7291,12.3488,3064,0,0
140.7539,12.3287,3059,0,0
140.7787,12.3126,3055,0,0
140.8035,12.3287,3059,0,0
140.8283,12.3166,3056,0,0
140.8531,12.3529,3065,0,0
140.8779,12.3448,3063,0,0
140.9027,12.3609,3067,0,0
140.9275,12.3488,3064,0,0
140.9523,12.2844,3048,0,0
140.9771,12.3206,3057,0,0
141.0019,12.3529,3065,0,0
141.0267,12.3206,3057,0,0
141.0515,12.2924,3050,0,0
141.0764,12.3529,3065,0,0
141.1012,12.3166,3056,0,0
141.1260,12.3287,3059,0,0
141.1508,12.3166,3056,0,0
141.1756,12.3206,3057,0,0
141.2004,12.3085,3054,0,0
141.2252,12.3569,3066,0,0
141.2500,12.3166,3056,0,0
141.2748,12.3327,3060,0,0
141.2996,12.3287,3059,0,0
141.3244,12.3247,3058,0,0
141.3492,12.3206,3057,0,0
141.3740,12.3206,3057,0,0
141.3988,12.3005,3052,0,0
141.4236,12.2924,3050,0,0
141.4484,12.3126,3055,0,0
141.4732,12.3126,3055,0,0
141.4980,12.2844,3048,0,0
141.5228,12.3287,3059,0,0
141.5476,12.3206,3057,0,0
141.5724,12.2763,3046,0,0
141.5972,12.2924,3050,0,0
141.6220,12.3206,3057,0,0
141.6468,12.3166,3056,0,0
141.6716,12.3206,3057,0,0
141.6964,12.3488,3064,0,0
141.7212,12.3005,3052,0,0
141.7460,12.3166,3056,0,0
141.7708,12.3206,3057,0,0
141.7956,12.3488,3064,0,0
141.8204,12.3206,3057,0,0
141.8452,12.2803,3047,0,0
141.8700,12.3287,3059,0,0
141.8948,12.3126,3055,0,0
141.9196,12.3569,3066,0,0
141.9444,12.3166,3056,0,0
141.9692,12.3529,3065,0,0
141.9940,12.3166,3056,0,0
142.0188,12.3247,3058,0,0
142.0436,12.3690,3069,0,0
142.0685,12.3206,3057,0,0
142.0932,12.3287,3059,0,0
142.1181,12.3488,3064,0,0
142.1429,12.3327,3060,0,0
142.1677,12.3085,3054,0,0
142.1925,12.3085,3054,0,0
142.2173,12.2924,3050,0,0
142.2421,12.3005,3052,0,0
142.2669,12.3327,3060,0,0
142.2917,12.3287,3059,0,0
142.3165,12.3327,3060,0,0
142.3413,12.3166,3056,0,0
142.3661,12.3005,3052,0,0
142.3909,12.3569,3066,0,0
142.4157,12.3126,3055,0,0
142.4405,12.3085,3054,0,0
142.4653,12.3206,3057,0,0
142.4901,12.3166,3056,0,0
142.5149,12.3488,3064,0,0
142.5397,12.3287,3059,0,0
142.5645,12.3327,3060,0,0
142.5893,12.3488,3064,0,0
142.6141,12.2965,3051,0,0
142.6389,12.2924,3050,0,0
142.6637,12.2803,3047,0,0
142.6885,12.3529,3065,0,0
142.7133,12.3206,3057,0,0
142.7381,12.3206,3057,0,0
142.7629,12.3529,3065,0,0
142.7877,12.3327,3060,0,0
142.8125,12.2803,3047,0,0
142.8373,12.3126,3055,0,0
142.8621,12.3529,3065,0,0
142.8869,12.3287,3059,0,0
142.9117,12.3085,3054,0,0
142.9365,12.2844,3048,0,0
142.9613,12.3126,3055,0,0
142.9861,12.3569,3066,0,0
143.0109,12.3327,3060,0,0
143.0357,12.3287,3059,0,0
143.0605,12.3287,3059,0,0
143.0853,12.3327,3060,0,0
143.1102,12.3166,3056,0,0
143.1349,12.3166,3056,0,0
143.1598,12.2682,3044,0,0
143.1846,12.3287,3059,0,0
143.2094,12.2844,3048,0,0
143.2342,12.2844,3048,0,0
143.2590,12.3085,3054,0,0
143.2838,12.3529,3065,0,0
143.3086,12.2844,3048,0,0
143.3334,12.3166,3056,0,0
143.3582,12.3327,3060,0,0
143.3830,12.3287,3059,0,0
143.4078,12.3126,3055,0,0
143.4326,12.2844,3048,0,0
143.4574,12.2803,3047,0,0
143.4822,12.3166,3056,0,0
143.5070,12.3771,3071,0,0
143.5318,12.2965,3051,0,0
143.5566,12.3448,3063,0,0
143.5814,12.3166,3056,0,0
143.6062,12.2924,3050,0,0
143.6310,12.2844,3048,0,0
143.6558,12.3327,3060,0,0
143.6806,12.3206,3057,0,0
143.7054,12.2844,3048,0,0
143.7302,12.3488,3064,0,0
143.7550,12.3771,3071,0,0
143.7798,12.3488,3064,0,0
143.8046,12.3085,3054,0,0
143.8294,12.2844,3048,0,0
143.8542,12.2924,3050,0,0
143.8790,12.3005,3052,0,0
143.9038,12.3529,3065,0,0
143.9286,12.3730,3070,0,0
143.9534,12.3166,3056,0,0
143.9782,12.3287,3059,0,0
144.0030,12.3488,3064,0,0
144.0278,12.3045,3053,0,0
144.0526,12.3206,3057,0,0
144.0774,12.3045,3053,0,0
144.1022,12.2763,3046,0,0
144.1270,12.2682,3044,0,0
144.1519,12.3529,3065,0,0
144.1767,12.3206,3057,0,0
144.2015,12.3448,3063,0,0
144.2263,12.3287,3059,0,0
144.2511,12.3529,3065,0,0
144.2759,12.2844,3048,0,0
144.3007,12.3206,3057,0,0
144.3255,12.3448,3063,0,0
144.3503,12.2924,3050,0,0
144.3751,12.3166,3056,0,0
144.3999,12.2844,3048,0,0
144.4247,12.3529,3065,0,0
144.4495,12.3287,3059,0,0
144.4743,12.3206,3057,0,0
144.4991,12.3206,3057,0,0
144.5239,12.3287,3059,0,0
144.5487,12.2803,3047,0,0
144.5735,12.3166,3056,0,0
144.5983,12.3206,3057,0,0
144.6231,12.2844,3048,0,0
144.6479,12.3206,3057,0,0
144.6727,12.2803,3047,0,0
144.6975,12.3085,3054,0,0
144.7223,12.3529,3065,0,0
144.7471,12.3609,3067,0,0
144.7719,12.2844,3048,0,0
144.7967,12.3206,3057,0,0
144.8215,12.3085,3054,0,0
144.8463,12.3166,3056,0,0
144.8711,12.3287,3059,0,0
144.8959,12.2965,3051,0,0
144.9207,12.3206,3057,0,0
144.9455,12.3327,3060,0,0
144.9703,12.3206,3057,0,0
144.9951,12.3085,3054,0,0
145.0199,12.3166,3056,0,0
145.0447,12.2803,3047,0,0
145.0695,12.3327,3060,0,0
145.0943,12.3166,3056,0,0
145.1192,12.3206,3057,0,0
145.1440,12.3166,3056,0,0
145.1687,12.3206,3057,0,0
145.1936,12.3327,3060,0,0
145.2184,12.3206,3057,0,0
145.2432,12.3327,3060,0,0
145.2680,12.3488,3064,0,0
145.2928,12.3247,3058,0,0
145.3176,12.2803,3047,0,0
145.3424,12.3448,3063,0,0
145.3672,12.3247,3058,0,0
145.3920,12.3166,3056,0,0
145.4168,12.3085,3054,0,0
145.4416,12.3206,3057,0,0
145.4664,12.3206,3057,0,0
145.4912,12.3166,3056,0,0
145.5160,12.3126,3055,0,0
145.5408,12.2924,3050,0,0
145.5656,12.3247,3058,0,0
145.5904,12.3126,3055,0,0
145.6152,12.3206,3057,0,0
145.6400,12.3166,3056,0,0
145.6648,12.3166,3056,0,0
145.6896,12.2844,3048,0,0
145.7144,12.3287,3059,0,0
145.7392,12.3529,3065,0,0
145.7640,12.2844,3048,0,0
145.7888,12.2844,3048,0,0
145.8136,12.3448,3063,0,0
145.8384,12.3529,3065,0,0
145.8632,12.3126,3055,0,0
145.8880,12.3206,3057,0,0
145.9128,12.3166,3056,0,0
145.9376,12.2763,3046,0,0
145.9624,12.3045,3053,0,0
145.9872,12.3206,3057,0,0
146.0120,12.2924,3050,0,0
146.0368,12.3771,3071,0,0
146.0616,12.3206,3057,0,0
146.0864,12.2965,3051,0,0
146.1113,12.2803,3047,0,0
146.1360,12.2924,3050,0,0
146.1609,12.3488,3064,0,0
146.1857,12.3488,3064,0,0
146.2104,12.3166,3056,0,0
146.2353,12.3166,3056,0,0
146.2601,12.3529,3065,0,0
146.2849,12.3529,3065,0,0
146.3097,12.3005,3052,0,0
146.3345,12.3206,3057,0,0
146.3593,12.2924,3050,0,0
146.3841,12.3408,3062,0,0
146.4089,12.3488,3064,0,0
146.4337,12.3005,3052,0,0
146.4585,12.3166,3056,0,0
146.4833,12.3085,3054,0,0
146.5081,12.3166,3056,0,0
146.5329,12.3327,3060,0,0
146.5577,12.3206,3057,0,0
146.5825,12.3126,3055,0,0
146.6073,12.2965,3051,0,0
146.6321,12.3166,3056,0,0
146.6569,12.2924,3050,0,0
146.6817,12.3206,3057,0,0
146.7065,12.3045,3053,0,0
146.7313,12.3085,3054,0,0
146.7561,12.3730,3070,0,0
146.7809,12.3529,3065,0,0
146.8057,12.3448,3063,0,0
146.8305,12.3488,3064,0,0
146.8553,12.3166,3056,0,0
146.8801,12.3085,3054,0,0
146.9049,12.3529,3065,0,0
146.9297,12.2924,3050,0,0
146.9545,12.3206,3057,0,0
146.9793,12.3206,3057,0,0
147.0041,12.3529,3065,0,0
147.0289,12.2924,3050,0,0
147.0537,12.3569,3066,0,0
147.0785,12.3327,3060,0,0
147.1033,12.3126,3055,0,0
147.1281,12.2844,3048,0,0
147.1530,12.2844,3048,0,0
147.1777,12.3569,3066,0,0
147.2026,12.3287,3059,0,0
147.2274,12.2844,3048,0,0
147.2522,12.2763,3046,0,0
147.2770,12.3126,3055,0,0
147.3018,12.3488,3064,0,0
147.3266,12.3569,3066,0,0
147.3514,12.3569,3066,0,0
147.3762,12.3085,3054,0,0
147.4010,12.2844,3048,0,0
147.4258,12.3287,3059,0,0
147.4506,12.3206,3057,0,0
147.4754,12.3126,3055,0,0
147.5002,12.2844,3048,0,0
147.5250,12.3045,3053,0,0
147.5498,12.3206,3057,0,0
147.5746,12.3287,3059,0,0
147.5994,12.3327,3060,0,0
147.6242,12.3085,3054,0,0
147.6490,12.3085,3054,0,0
147.6738,12.3488,3064,0,0
147.6986,12.3488,3064,0,0
147.7234,12.3126,3055,0,0
147.7482,12.3609,3067,0,0
147.7730,12.3488,3064,0,0
147.7978,12.2803,3047,0,0
147.8226,12.3206,3057,0,0
147.8474,12.3206,3057,0,0
147.8722,12.3005,3052,0,0
147.8970,12.2844,3048,0,0
147.9218,12.3327,3060,0,0
147.9466,12.3529,3065,0,0
147.9714,12.3287,3059,0,0
147.9962,12.3126,3055,0,0
148.0210,12.3045,3053,0,0
148.0458,12.3005,3052,0,0
148.0706,12.3126,3055,0,0
148.0954,12.3488,3064,0,0
148.1202,12.2763,3046,0,0
148.1451,12.3126,3055,0,0
148.1698,12.3126,3055,0,0
148.1947,12.3085,3054,0,0
148.2195,12.2965,3051,0,0
148.2443,12.3529,3065,0,0
148.2691,12.3085,3054,0,0
148.2939,12.3085,3054,0,0
148.3187,12.2924,3050,0,0
148.3435,12.3166,3056,0,0
148.3683,12.3569,3066,0,0
148.3931,12.3166,3056,0,0
148.4179,12.3287,3059,0,0
148.4427,12.3166,3056,0,0
148.4675,12.2965,3051,0,0
148.4923,12.3085,3054,0,0
148.5171,12.3206,3057,0,0
148.5419,12.3206,3057,0,0
148.5667,12.3166,3056,0,0
148.5915,12.3126,3055,0,0
148.6163,12.3488,3064,0,0
148.6411,12.2924,3050,0,0
148.6659,12.3247,3058,0,0
148.6907,12.3166,3056,0,0
148.7155,12.2924,3050,0,0
148.7403,12.3206,3057,0,0
148.7651,12.3126,3055,0,0
148.7899,12.3206,3057,0,0
148.8147,12.3126,3055,0,0
148.8395,12.3287,3059,0,0
148.8643,12.3327,3060,0,0
148.8891,12.3085,3054,0,0
148.9139,12.3206,3057,0,0
148.9387,12.3488,3064,0,0
148.9635,12.2803,3047,0,0
148.9883,12.2844,3048,0,0
149.0131,12.3569,3066,0,0
149.0379,12.3327,3060,0,0
149.0627,12.3085,3054,0,0
149.0875,12.3005,3052,0,0
149.1124,12.3206,3057,0,0
149.1371,12.2844,3048,0,0
149.1619,12.3206,3057,0,0
149.1868,12.3488,3064,0,0
149.2115,12.3126,3055,0,0
149.2364,12.3247,3058,0,0
149.2612,12.3126,3055,0,0
149.2860,12.3166,3056,0,0
149.3108,12.2682,3044,0,0
149.3356,12.3247,3058,0,0
149.3604,12.3247,3058,0,0
149.3852,12.3045,3053,0,0
149.4100,12.3166,3056,0,0
149.4348,12.3166,3056,0,0
149.4596,12.2602,3042,0,0
149.4844,12.3488,3064,0,0
149.5092,12.3085,3054,0,0
149.5340,12.2803,3047,0,0
149.5588,12.2924,3050,0,0
149.5836,12.3247,3058,0,0
149.6084,12.3247,3058,0,0
149.6332,12.3327,3060,0,0
149.6580,12.3206,3057,0,0
149.6828,12.3287,3059,0,0
149.7076,12.2924,3050,0,0
149.7324,12.2844,3048,0,0
149.7572,12.2803,3047,0,0
149.7820,12.2844,3048,0,0
149.8068,12.3529,3065,0,0
149.8316,12.3529,3065,0,0
149.8564,12.2763,3046,0,0
149.8812,12.3206,3057,0,0
149.9060,12.3247,3058,0,0
149.9308,12.3166,3056,0,0
149.9556,12.3085,3054,0,0
149.9804,12.3206,3057,0,0
150.0052,12.3166,3056,0,0
150.0300,12.3206,3057,0,0
150.0548,12.2682,3044,0,0
150.0796,12.3126,3055,0,0
150.1044,12.3085,3054,0,0
150.1292,12.3569,3066,0,0
150.1541,12.3287,3059,0,0
150.1788,12.2844,3048,0,0
150.2036,12.3206,3057,0,0
150.2285,12.3287,3059,0,0
150.2533,12.3488,3064,0,0
150.2781,12.3085,3054,0,0
150.3029,12.3529,3065,0,0
150.3277,12.2803,3047,0,0
150.3525,12.3126,3055,0,0
150.3773,12.3529,3065,0,0
150.4021,12.3126,3055,0,0
150.4269,12.3206,3057,0,0
150.4517,12.3287,3059,0,0
150.4765,12.3287,3059,0,0
150.5013,12.3206,3057,0,0
150.5261,12.2965,3051,0,0
150.5509,12.3287,3059,0,0
150.5757,12.3126,3055,0,0
150.6005,12.3488,3064,0,0
150.6253,12.3206,3057,0,0
150.6501,12.2924,3050,0,0
150.6749,12.2844,3048,0,0
150.6997,12.3488,3064,0,0
150.7245,12.3126,3055,0,0
150.7493,12.3287,3059,0,0
150.7741,12.3206,3057,0,0
150.7989,12.3085,3054,0,0
150.8237,12.3287,3059,0,0
150.8485,12.3166,3056,0,0
150.8733,12.3247,3058,0,0
150.8981,12.2763,3046,0,0
150.9229,12.3166,3056,0,0
150.9477,12.3085,3054,0,0
150.9725,12.3166,3056,0,0
150.9973,12.3327,3060,0,0
151.0221,12.3730,3070,0,0
151.0469,12.3287,3059,0,0
151.0717,12.3327,3060,0,0
151.0965,12.3327,3060,0,0
151.1213,12.3085,3054,0,0
151.1461,12.2844,3048,0,0
151.1709,12.2763,3046,0,0
151.1958,12.3206,3057,0,0
151.2206,12.3488,3064,0,0
151.2454,12.2924,3050,0,0
151.2702,12.3166,3056,0,0
151.2950,12.2803,3047,0,0
151.3198,12.2965,3051,0,0
151.3446,12.3005,3052,0,0
151.3694,12.3488,3064,0,0
151.3942,12.3206,3057,0,0
151.4190,12.3085,3054,0,0
151.4438,12.3085,3054,0,0
151.4686,12.3287,3059,0,0
151.4934,12.2844,3048,0,0
151.5182,12.3166,3056,0,0
151.5430,12.2844,3048,0,0
151.5678,12.3166,3056,0,0
151.5926,12.3529,3065,0,0
151.6174,12.3166,3056,0,0
151.6422,12.3045,3053,0,0
151.6670,12.3488,3064,0,0
151.6918,12.2844,3048,0,0
151.7166,12.2844,3048,0,0
151.7414,12.3166,3056,0,0
151.7662,12.3206,3057,0,0
151.7910,12.3448,3063,0,0
151.8158,12.3126,3055,0,0
151.8406,12.2965,3051,0,0
151.8654,12.3085,3054,0,0
151.8902,12.2844,3048,0,0
151.9150,12.3287,3059,0,0
151.9398,12.3529,3065,0,0
151.9646,12.3166,3056,0,0
151.9894,12.3166,3056,0,0
152.0142,12.3287,3059,0,0
152.0390,12.3166,3056,0,0
152.0638,12.2844,3048,0,0
152.0886,12.3287,3059,0,0
152.1134,12.3166,3056,0,0
152.1382,12.2924,3050,0,0
152.1630,12.3448,3063,0,0
152.1879,12.3448,3063,0,0
152.2126,12.2803,3047,0,0
152.2375,12.3287,3059,0,0
152.2623,12.3166,3056,0,0
152.2871,12.3166,3056,0,0
152.3119,12.3126,3055,0,0
152.3367,12.3126,3055,0,0
152.3615,12.2844,3048,0,0
152.3863,12.3529,3065,0,0
152.4111,12.3529,3065,0,0
152.4359,12.3287,3059,0,0
152.4607,12.3085,3054,0,0
152.4855,12.3005,3052,0,0
152.5103,12.3166,3056,0,0
152.5351,12.3206,3057,0,0
152.5599,12.3529,3065,0,0
152.5847,12.3085,3054,0,0
152.6095,12.3488,3064,0,0
152.6343,12.3166,3056,0,0
152.6591,12.3045,3053,0,0
152.6839,12.3206,3057,0,0
152.7087,12.3529,3065,0,0
152.7335,12.2844,3048,0,0
152.7583,12.3126,3055,0,0
152.7831,12.2682,3044,0,0
152.8079,12.3166,3056,0,0
152.8327,12.3529,3065,0,0
152.8575,12.3045,3053,0,0
152.8823,12.2844,3048,0,0
152.9071,12.2924,3050,0,0
152.9319,12.3488,3064,0,0
152.9567,12.3327,3060,0,0
152.9815,12.3287,3059,0,0
153.0063,12.2803,3047,0,0
153.0311,12.3126,3055,0,0
153.0559,12.3005,3052,0,0
153.0807,12.3206,3057,0,0
153.1055,12.2924,3050,0,0
153.1303,12.3206,3057,0,0
153.1551,12.2844,3048,0,0
153.1799,12.2803,3047,0,0
153.2047,12.3287,3059,0,0
153.2296,12.2803,3047,0,0
153.2543,12.3166,3056,0,0
153.2792,12.2844,3048,0,0
153.3040,12.3206,3057,0,0
153.3288,12.3206,3057,0,0
153.3536,12.3529,3065,0,0
153.3784,12.3488,3064,0,0
153.4032,12.3126,3055,0,0
153.4280,12.3045,3053,0,0
153.4528,12.3609,3067,0,0
153.4776,12.3166,3056,0,0
153.5024,12.3166,3056,0,0
153.5272,12.3206,3057,0,0
153.5520,12.2803,3047,0,0
153.5768,12.3166,3056,0,0
153.6016,12.2965,3051,0,0
153.6264,12.3448,3063,0,0
153.6512,12.2844,3048,0,0
153.6760,12.3126,3055,0,0
153.7008,12.3206,3057,0,0
153.7256,12.3529,3065,0,0
153.7504,12.3529,3065,0,0
153.7752,12.3488,3064,0,0
153.8000,12.3206,3057,0,0
153.8248,12.2682,3044,0,0
153.8496,12.3247,3058,0,0
153.8744,12.3448,3063,0,0
153.8992,12.2924,3050,0,0
153.9240,12.2844,3048,0,0
153.9488,12.2844,3048,0,0
153.9736,12.3247,3058,0,0
153.9984,12.3529,3065,0,0
154.0232,12.3126,3055,0,0
154.0480,12.3287,3059,0,0
154.0728,12.3126,3055,0,0
154.0976,12.2844,3048,0,0
154.1224,12.3206,3057,0,0
154.1472,12.3287,3059,0,0
154.1720,12.3609,3067,0,0
154.1969,12.3206,3057,0,0
154.2216,12.2803,3047,0,0
154.2464,12.3206,3057,0,0
154.2713,12.3126,3055,0,0
154.2961,12.3206,3057,0,0
154.3209,12.3166,3056,0,0
154.3457,12.3287,3059,0,0
154.3705,12.3166,3056,0,0
154.3953,12.3206,3057,0,0
154.4201,12.3247,3058,0,0
154.4449,12.3529,3065,0,0
154.4697,12.2924,3050,0,0
154.4945,12.2844,3048,0,0
154.5193,12.3126,3055,0,0
154.5441,12.3045,3053,0,0
154.5689,12.3488,3064,0,0
154.5937,12.3166,3056,0,0
154.6185,12.3287,3059,0,0
154.6433,12.2844,3048,0,0
154.6681,12.3488,3064,0,0
154.6929,12.3206,3057,0,0
154.7177,12.3085,3054,0,0
154.7425,12.2965,3051,0,0
154.7673,12.3166,3056,0,0
154.7921,12.3085,3054,0,0
154.8169,12.3206,3057,0,0
154.8417,12.2803,3047,0,0
154.8665,12.3488,3064,0,0
154.8913,12.3488,3064,0,0
154.9161,12.2924,3050,0,0
154.9409,12.3126,3055,0,0
154.9657,12.3287,3059,0,0
154.9905,12.3085,3054,0,0
155.0153,12.2521,3040,0,0
155.0401,12.2844,3048,0,0
155.0649,12.3529,3065,0,0
155.0897,12.3327,3060,0,0
155.1145,12.2803,3047,0,0
155.1393,12.3206,3057,0,0
155.1641,12.3569,3066,0,0
155.1889,12.2803,3047,0,0
155.2137,12.3206,3057,0,0
155.2386,12.3287,3059,0,0
155.2634,12.2844,3048,0,0
155.2881,12.2763,3046,0,0
155.3130,12.3166,3056,0,0
155.3378,12.3085,3054,0,0
155.3626,12.3327,3060,0,0
155.3874,12.3206,3057,0,0
155.4122,12.2844,3048,0,0
155.4370,12.3206,3057,0,0
155.4618,12.3005,3052,0,0
155.4866,12.3811,3072,0,0
155.5114,12.2844,3048,0,0
155.5362,12.3166,3056,0,0
155.5610,12.2965,3051,0,0
155.5858,12.3529,3065,0,0
155.6106,12.3166,3056,0,0
155.6354,12.3529,3065,0,0
155.6602,12.3126,3055,0,0
155.6850,12.2602,3042,0,0
155.7098,12.3206,3057,0,0
155.7346,12.3287,3059,0,0
155.7594,12.2844,3048,0,0
155.7842,12.3045,3053,0,0
155.8090,12.3126,3055,0,0
155.8338,12.3126,3055,0,0
155.8586,12.3529,3065,0,0
155.8834,12.3166,3056,0,0
155.9082,12.3166,3056,0,0
155.9330,12.2924,3050,0,0
155.9578,12.3166,3056,0,0
155.9826,12.3166,3056,0,0
156.0074,12.2924,3050,0,0
156.0322,12.3005,3052,0,0
156.0570,12.3488,3064,0,0
156.0818,12.3206,3057,0,0
156.1066,12.3005,3052,0,0
156.1314,12.3609,3067,0,0
156.1562,12.3085,3054,0,0
156.1810,12.2844,3048,0,0
156.2058,12.3085,3054,0,0
156.2307,12.3327,3060,0,0
156.2554,12.3529,3065,0,0
156.2803,12.3448,3063,0,0
156.3051,12.3529,3065,0,0
156.3299,12.2844,3048,0,0
156.3547,12.2965,3051,0,0
156.3795,12.3206,3057,0,0
156.4043,12.3085,3054,0,0
156.4291,12.3166,3056,0,0
156.4539,12.3005,3052,0,0
156.4787,12.3327,3060,0,0
156.5035,12.3206,3057,0,0
156.5283,12.3126,3055,0,0
156.5531,12.3488,3064,0,0
156.5779,12.3166,3056,0,0
156.6027,12.3166,3056,0,0
156.6275,12.3126,3055,0,0
156.6523,12.3166,3056,0,0
156.6771,12.3529,3065,0,0
156.7019,12.2602,3042,0,0
156.7267,12.3005,3052,0,0
156.7515,12.3045,3053,0,0
156.7763,12.3488,3064,0,0
156.8011,12.3206,3057,0,0
156.8259,12.3166,3056,0,0
156.8507,12.4375,3086,0,0
156.8755,12.2682,3044,0,0
156.9003,12.3166,3056,0,0
156.9251,12.3247,3058,0,0
156.9499,12.3488,3064,0,0
156.9747,12.3287,3059,0,0
156.9995,12.2844,3048,0,0
157.0243,12.3085,3054,0,0
157.0491,12.3206,3057,0,0
157.0739,12.3488,3064,0,0
157.0987,12.3206,3057,0,0
157.1235,12.2924,3050,0,0
157.1483,12.3206,3057,0,0
157.1731,12.3488,3064,0,0
157.1979,12.2803,3047,0,0
157.2227,12.3206,3057,0,0
157.2475,12.3287,3059,0,0
157.2724,12.3488,3064,0,0
157.2971,12.3206,3057,0,0
157.3220,12.3166,3056,0,0
157.3468,12.3206,3057,0,0
157.3716,12.2803,3047,0,0
157.3964,12.2682,3044,0,0
157.4212,12.3247,3058,0,0
157.4460,12.3327,3060,0,0
157.4708,12.2602,3042,0,0
157.4956,12.3126,3055,0,0
157.5204,12.2803,3047,0,0
157.5452,12.2924,3050,0,0
157.5700,12.3529,3065,0,0
157.5948,12.2924,3050,0,0
157.6196,12.2844,3048,0,0
157.6444,12.2844,3048,0,0
157.6692,12.2924,3050,0,0
157.6940,12.3327,3060,0,0
157.7188,12.2844,3048,0,0
157.7436,12.2803,3047,0,0
157.7684,12.3327,3060,0,0
157.7932,12.3247,3058,0,0
157.8180,12.3166,3056,0,0
157.8428,12.3327,3060,0,0
157.8676,12.3247,3058,0,0
157.8924,12.3327,3060,0,0
157.9172,12.2803,3047,0,0
157.9420,12.3488,3064,0,0
157.9668,12.2924,3050,0,0
157.9916,12.2602,3042,0,0
158.0164,12.3287,3059,0,0
158.0412,12.3529,3065,0,0
158.0660,12.2803,3047,0,0
158.0908,12.3166,3056,0,0
158.1156,12.3448,3063,0,0
158.1404,12.3569,3066,0,0
158.1652,12.2844,3048,0,0
158.1900,12.3005,3052,0,0
158.2148,12.3488,3064,0,0
158.2396,12.3327,3060,0,0
158.2645,12.3287,3059,0,0
158.2892,12.3488,3064,0,0
158.3141,12.2924,3050,0,0
158.3389,12.3206,3057,0,0
158.3637,12.3287,3059,0,0
158.3885,12.3126,3055,0,0
158.4133,12.3005,3052,0,0
158.4381,12.3166,3056,0,0
158.4629,12.2924,3050,0,0
158.4877,12.2924,3050,0,0
158.5125,12.3206,3057,0,0
158.5373,12.3529,3065,0,0
158.5621,12.2844,3048,0,0
158.5869,12.2803,3047,0,0
158.6117,12.2844,3048,0,0
158.6365,12.3287,3059,0,0
158.6613,12.2682,3044,0,0
158.6861,12.3206,3057,0,0
158.7109,12.3529,3065,0,0
158.7357,12.3085,3054,0,0
158.7605,12.3166,3056,0,0
158.7853,12.3488,3064,0,0
158.8101,12.3126,3055,0,0
158.8349,12.3126,3055,0,0
158.8597,12.3327,3060,0,0
158.8845,12.3206,3057,0,0
158.9093,12.2844,3048,0,0
158.9341,12.3327,3060,0,0
158.9589,12.3287,3059,0,0
158.9837,12.3287,3059,0,0
159.0085,12.3126,3055,0,0
159.0333,12.3206,3057,0,0
159.0581,12.3126,3055,0,0
159.0829,12.3287,3059,0,0
159.1077,12.2763,3046,0,0
159.1325,12.3206,3057,0,0
159.1573,12.3126,3055,0,0
159.1821,12.2924,3050,0,0
159.2069,12.3085,3054,0,0
159.2318,12.2844,3048,0,0
159.2565,12.3005,3052,0,0
159.2813,12.3126,3055,0,0
159.3062,12.3287,3059,0,0
159.3309,12.2924,3050,0,0
159.3558,12.3327,3060,0,0
159.3806,12.3247,3058,0,0
159.4054,12.3327,3060,0,0
159.4302,12.3287,3059,0,0
159.4550,12.2803,3047,0,0
159.4798,12.3085,3054,0,0
159.5046,12.2924,3050,0,0
159.5294,12.2924,3050,0,0
159.5542,12.2965,3051,0,0
159.5790,12.3206,3057,0,0
159.6038,12.2844,3048,0,0
159.6286,12.3206,3057,0,0
159.6534,12.3206,3057,0,0
159.6782,12.3327,3060,0,0
159.7030,12.3488,3064,0,0
159.7278,12.2965,3051,0,0
159.7526,12.3287,3059,0,0
159.7774,12.2965,3051,0,0
159.8022,12.3488,3064,0,0
159.8270,12.3529,3065,0,0
159.8518,12.2844,3048,0,0
159.8766,12.2844,3048,0,0
159.9014,12.3287,3059,0,0
159.9262,12.3126,3055,0,0
159.9510,12.3206,3057,0,0
159.9758,12.3085,3054,0,0
160.0006,12.2803,3047,0,0
160.0254,12.3126,3055,0,0
160.0502,12.3085,3054,0,0
160.0750,12.3287,3059,0,0
160.0998,12.2924,3050,0,0
160.1246,12.3287,3059,0,0
160.1494,12.2844,3048,0,0
160.1742,12.2844,3048,0,0
160.1990,12.2965,3051,0,0
160.2238,12.3408,3062,0,0
160.2486,12.3609,3067,0,0
160.2735,12.2763,3046,0,0
160.2982,12.3206,3057,0,0
160.3231,12.3569,3066,0,0
160.3479,12.3206,3057,0,0
160.3727,12.2924,3050,0,0
160.3975,12.3166,3056,0,0
160.4223,12.3166,3056,0,0
160.4471,12.3126,3055,0,0
160.4719,12.3206,3057,0,0
160.4967,12.3287,3059,0,0
160.5215,12.3005,3052,0,0
160.5463,12.2844,3048,0,0
160.5711,12.3408,3062,0,0
160.5959,12.3166,3056,0,0
160.6207,12.3085,3054,0,0
160.6455,12.3166,3056,0,0
160.6703,12.3488,3064,0,0
160.6951,12.3166,3056,0,0
160.7199,12.3126,3055,0,0
160.7447,12.3166,3056,0,0
160.7695,12.3287,3059,0,0
160.7943,12.3206,3057,0,0
160.8191,12.3085,3054,0,0
160.8439,12.3045,3053,0,0
160.8687,12.3166,3056,0,0
160.8935,12.3206,3057,0,0
160.9183,12.3126,3055,0,0
160.9431,12.2844,3048,0,0
160.9679,12.2965,3051,0,0
160.9927,12.3488,3064,0,0
161.0175,12.3085,3054,0,0
161.0423,12.3488,3064,0,0
161.0671,12.3166,3056,0,0
161.0919,12.3287,3059,0,0
161.1167,12.3488,3064,0,0
161.1415,12.3327,3060,0,0
161.1663,12.2924,3050,0,0
161.1911,12.3166,3056,0,0
161.2159,12.3085,3054,0,0
161.2407,12.3126,3055,0,0
161.2655,12.3327,3060,0,0
161.2903,12.3529,3065,0,0
161.3152,12.3166,3056,0,0
161.3400,12.3126,3055,0,0
161.3648,12.3287,3059,0,0
161.3896,12.3488,3064,0,0
161.4144,12.3005,3052,0,0
161.4392,12.3085,3054,0,0
161.4640,12.3247,3058,0,0
161.4888,12.2924,3050,0,0
161.5136,12.2844,3048,0,0
161.5384,12.3166,3056,0,0
161.5632,12.3206,3057,0,0
161.5880,12.3085,3054,0,0
161.6128,12.3045,3053,0,0
161.6376,12.3529,3065,0,0
161.6624,12.3287,3059,0,0
161.6872,12.2844,3048,0,0
161.7120,12.2803,3047,0,0
161.7368,12.2844,3048,0,0
161.7616,12.3045,3053,0,0
161.7864,12.3206,3057,0,0
161.8112,12.3126,3055,0,0
161.8360,12.3085,3054,0,0
161.8608,12.2723,3045,0,0
161.8856,12.3085,3054,0,0
161.9104,12.3569,3066,0,0
161.9352,12.2965,3051,0,0
161.9600,12.3085,3054,0,0
161.9848,12.3206,3057,0,0
162.0096,12.3005,3052,0,0
162.0344,12.3045,3053,0,0
162.0592,12.3206,3057,0,0
162.0840,12.3126,3055,0,0
162.1088,12.2763,3046,0,0
162.1336,12.2924,3050,0,0
162.1584,12.3488,3064,0,0
162.1832,12.3126,3055,0,0
162.2080,12.2844,3048,0,0
162.2328,12.3166,3056,0,0
162.2576,12.3005,3052,0,0
162.2824,12.2924,3050,0,0
162.3073,12.3569,3066,0,0
162.3320,12.2924,3050,0,0
162.3569,12.3166,3056,0,0
162.3817,12.3126,3055,0,0
162.4065,12.3327,3060,0,0
162.4313,12.3166,3056,0,0
162.4561,12.2844,3048,0,0
162.4809,12.3005,3052,0,0
162.5057,12.2803,3047,0,0
162.5305,12.3488,3064,0,0
162.5553,12.3488,3064,0,0
162.5801,12.2803,3047,0,0
162.6049,12.3327,3060,0,0
162.6297,12.3287,3059,0,0
162.6545,12.2441,3038,0,0
162.6793,12.3045,3053,0,0
162.7041,12.3166,3056,0,0
162.7289,12.3166,3056,0,0
162.7537,12.2924,3050,0,0
162.7785,12.3045,3053,0,0
162.8033,12.3206,3057,0,0
162.8281,12.2844,3048,0,0
162.8529,12.2844,3048,0,0
162.8777,12.3085,3054,0,0
162.9025,12.3206,3057,0,0
162.9273,12.2803,3047,0,0
162.9521,12.3488,3064,0,0
162.9769,12.3085,3054,0,0
163.0017,12.3488,3064,0,0
163.0265,12.2924,3050,0,0
163.0513,12.3488,3064,0,0
163.0761,12.3166,3056,0,0
163.1009,12.3206,3057,0,0
163.1257,12.3488,3064,0,0
163.1505,12.3206,3057,0,0
163.1753,12.3327,3060,0,0
163.2001,12.3085,3054,0,0
163.2249,12.3166,3056,0,0
163.2497,12.3529,3065,0,0
163.2746,12.3287,3059,0,0
163.2993,12.3327,3060,0,0
163.3241,12.3126,3055,0,0
163.3490,12.2803,3047,0,0
163.3737,12.3609,3067,0,0
163.3986,12.3206,3057,0,0
163.4234,12.3287,3059,0,0
163.4482,12.3529,3065,0,0
163.4730,12.2803,3047,0,0
163.4978,12.3166,3056,0,0
163.5226,12.3206,3057,0,0
163.5474,12.3126,3055,0,0
163.5722,12.3166,3056,0,0
163.5970,12.2602,3042,0,0
163.6218,12.2844,3048,0,0
163.6466,12.3045,3053,0,0
163.6714,12.3166,3056,0,0
163.6962,12.3287,3059,0,0
163.7210,12.3126,3055,0,0
163.7458,12.3166,3056,0,0
163.7706,12.3730,3070,0,0
163.7954,12.3166,3056,0,0
163.8202,12.3085,3054,0,0
163.8450,12.3166,3056,0,0
163.8698,12.3247,3058,0,0
163.8946,12.3005,3052,0,0
163.9194,12.2844,3048,0,0
163.9442,12.3045,3053,0,0
163.9690,12.3085,3054,0,0
163.9938,12.3287,3059,0,0
164.0186,12.3206,3057,0,0
164.0434,12.3085,3054,0,0
164.0682,12.3166,3056,0,0
164.0930,12.3126,3055,0,0
164.1178,12.3166,3056,0,0
164.1426,12.3085,3054,0,0
164.1674,12.3166,3056,0,0
164.1922,12.3166,3056,0,0
164.2170,12.2844,3048,0,0
164.2418,12.3126,3055,0,0
164.2666,12.3529,3065,0,0
164.2914,12.2924,3050,0,0
164.3163,12.3650,3068,0,0
164.3410,12.3085,3054,0,0
164.3658,12.3085,3054,0,0
164.3907,12.2924,3050,0,0
164.4155,12.3126,3055,0,0
164.4403,12.3166,3056,0,0
164.4651,12.2924,3050,0,0
164.4899,12.3126,3055,0,0
164.5147,12.3327,3060,0,0
164.5395,12.3448,3063,0,0
164.5643,12.3206,3057,0,0
164.5891,12.3206,3057,0,0
164.6139,12.3327,3060,0,0
164.6387,12.3085,3054,0,0
164.6635,12.3126,3055,0,0
164.6883,12.3488,3064,0,0
164.7131,12.2924,3050,0,0
164.7379,12.2803,3047,0,0
164.7627,12.3126,3055,0,0
164.7875,12.3206,3057,0,0
164.8123,12.3206,3057,0,0
164.8371,12.3206,3057,0,0
164.8619,12.3166,3056,0,0
164.8867,12.2844,3048,0,0
164.9115,12.2803,3047,0,0
164.9363,12.3166,3056,0,0
164.9611,12.2803,3047,0,0
164.9859,12.3166,3056,0,0
165.0107,12.3287,3059,0,0
165.0355,12.2844,3048,0,0
165.0603,12.3166,3056,0,0
165.0851,12.3448,3063,0,0
165.1099,12.3206,3057,0,0
165.1347,12.3126,3055,0,0
165.1595,12.2763,3046,0,0
165.1843,12.3126,3055,0,0
165.2091,12.3206,3057,0,0
165.2339,12.3488,3064,0,0
165.2587,12.2924,3050,0,0
165.2835,12.3569,3066,0,0
165.3083,12.3206,3057,0,0
165.3331,12.2924,3050,0,0
165.3580,12.3085,3054,0,0
165.3828,12.3126,3055,0,0
165.4076,12.3247,3058,0,0
165.4324,12.3287,3059,0,0
165.4572,12.2924,3050,0,0
165.4820,12.3166,3056,0,0
165.5068,12.3529,3065,0,0
165.5316,12.2803,3047,0,0
165.5564,12.3005,3052,0,0
165.5812,12.3166,3056,0,0
165.6060,12.3609,3067,0,0
165.6308,12.2844,3048,0,0
165.6556,12.2844,3048,0,0
165.6804,12.3488,3064,0,0
165.7052,12.2763,3046,0,0
165.7300,12.3206,3057,0,0
165.7548,12.3488,3064,0,0
165.7796,12.3247,3058,0,0
165.8044,12.2803,3047,0,0
165.8292,12.3126,3055,0,0
165.8540,12.3126,3055,0,0
165.8788,12.3206,3057,0,0
165.9036,12.2924,3050,0,0
165.9284,12.2924,3050,0,0
165.9532,12.3287,3059,0,0
165.9780,12.3287,3059,0,0
166.0028,12.2844,3048,0,0
166.0276,12.2844,3048,0,0
166.0524,12.3166,3056,0,0
166.0772,12.3206,3057,0,0
166.1020,12.2682,3044,0,0
166.1268,12.3206,3057,0,0
166.1516,12.3287,3059,0,0
166.1764,12.3005,3052,0,0
166.2012,12.3126,3055,0,0
166.2260,12.3166,3056,0,0
166.2508,12.3206,3057,0,0
166.2756,12.3166,3056,0,0
166.3004,12.3045,3053,0,0
166.3252,12.3287,3059,0,0
166.3501,12.3206,3057,0,0
166.3748,12.3206,3057,0,0
166.3997,12.3488,3064,0,0
166.4245,12.3005,3052,0,0
166.4493,12.3005,3052,0,0
166.4741,12.3206,3057,0,0
166.4989,12.2965,3051,0,0
166.5237,12.2803,3047,0,0
166.5485,12.3206,3057,0,0
166.5733,12.3529,3065,0,0
166.5981,12.3126,3055,0,0
166.6229,12.3287,3059,0,0
166.6477,12.2924,3050,0,0
166.6725,12.3206,3057,0,0
166.6973,12.3206,3057,0,0
166.7221,12.3287,3059,0,0
166.7469,12.3166,3056,0,0
166.7717,12.3166,3056,0,0
166.7965,12.3569,3066,0,0
166.8213,12.3045,3053,0,0
166.8461,12.3327,3060,0,0
166.8709,12.3126,3055,0,0
166.8957,12.2723,3045,0,0
166.9205,12.3166,3056,0,0
166.9453,12.2844,3048,0,0
166.9701,12.2844,3048,0,0
166.9949,12.2844,3048,0,0
167.0197,12.3206,3057,0,0
167.0445,12.2924,3050,0,0
167.0693,12.3206,3057,0,0
167.0941,12.3085,3054,0,0
167.1189,12.3166,3056,0,0
167.1437,12.2844,3048,0,0
167.1685,12.3287,3059,0,0
167.1933,12.3166,3056,0,0
167.2181,12.3085,3054,0,0
167.2429,12.3206,3057,0,0
167.2677,12.3206,3057,0,0
167.2925,12.3126,3055,0,0
167.3173,12.2723,3045,0,0
167.3421,12.3206,3057,0,0
167.3669,12.3206,3057,0,0
167.3918,12.3206,3057,0,0
167.4165,12.2965,3051,0,0
167.4414,12.3287,3059,0,0
167.4662,12.3448,3063,0,0
167.4910,12.3206,3057,0,0
167.5158,12.3166,3056,0,0
167.5406,12.3327,3060,0,0
167.5654,12.2844,3048,0,0
167.5902,12.3085,3054,0,0
167.6150,12.3488,3064,0,0
167.6398,12.3045,3053,0,0
167.6646,12.2965,3051,0,0
167.6894,12.3206,3057,0,0
167.7142,12.3448,3063,0,0
167.7390,12.3488,3064,0,0
167.7638,12.2602,3042,0,0
167.7886,12.3206,3057,0,0
167.8134,12.3045,3053,0,0
167.8382,12.3206,3057,0,0
167.8630,12.3166,3056,0,0
167.8878,12.3166,3056,0,0
167.9126,12.2803,3047,0,0
167.9374,12.3166,3056,0,0
167.9622,12.3327,3060,0,0
167.9870,12.2844,3048,0,0
168.0118,12.2803,3047,0,0
168.0366,12.3206,3057,0,0
168.0614,12.3529,3065,0,0
168.0862,12.2803,3047,0,0
168.1110,12.3085,3054,0,0
168.1358,12.3488,3064,0,0
168.1606,12.3488,3064,0,0
168.1854,12.2844,3048,0,0
168.2102,12.3166,3056,0,0
168.2350,12.3327,3060,0,0
168.2598,12.2844,3048,0,0
168.2846,12.3488,3064,0,0
168.3094,12.2682,3044,0,0
168.3342,12.3206,3057,0,0
168.3590,12.2924,3050,0,0
168.3839,12.3287,3059,0,0
168.4086,12.3045,3053,0,0
168.4335,12.3126,3055,0,0
168.4583,12.3529,3065,0,0
168.4831,12.2763,3046,0,0
168.5079,12.3327,3060,0,0
168.5327,12.3126,3055,0,0
168.5575,12.2844,3048,0,0
168.5823,12.2844,3048,0,0
168.6071,12.3206,3057,0,0
168.6319,12.3247,3058,0,0
168.6567,12.2803,3047,0,0
168.6815,12.2803,3047,0,0
168.7063,12.3206,3057,0,0
168.7311,12.3166,3056,0,0
168.7559,12.3488,3064,0,0
168.7807,12.3488,3064,0,0
168.8055,12.3287,3059,0,0
168.8303,12.2803,3047,0,0
168.8551,12.3126,3055,0,0
168.8799,12.3206,3057,0,0
168.9047,12.3166,3056,0,0
168.9295,12.3206,3057,0,0
168.9543,12.3287,3059,0,0
168.9791,12.2844,3048,0,0
169.0039,12.3166,3056,0,0
169.0287,12.3166,3056,0,0
169.0535,12.3166,3056,0,0
169.0783,12.3005,3052,0,0
169.1031,12.3488,3064,0,0
169.1279,12.3488,3064,0,0
169.1527,12.2803,3047,0,0
169.1775,12.2924,3050,0,0
169.2023,12.3005,3052,0,0
169.2271,12.3488,3064,0,0
169.2519,12.3488,3064,0,0
169.2767,12.3247,3058,0,0
169.3015,12.3206,3057,0,0
169.3263,12.3126,3055,0,0
169.3512,12.3287,3059,0,0
169.3759,12.3126,3055,0,0
169.4008,12.3287,3059,0,0
169.4256,12.3126,3055,0,0
169.4503,12.3045,3053,0,0
169.4752,12.3126,3055,0,0
169.5000,12.3005,3052,0,0
169.5248,12.3327,3060,0,0
169.5496,12.2965,3051,0,0
169.5744,12.2844,3048,0,0
169.5992,12.2844,3048,0,0
169.6240,12.3126,3055,0,0
169.6488,12.3327,3060,0,0
169.6736,12.3206,3057,0,0
169.6984,12.3247,3058,0,0
169.7232,12.2844,3048,0,0
169.7480,12.3166,3056,0,0
169.7728,12.3287,3059,0,0
169.7976,12.2844,3048,0,0
169.8224,12.3206,3057,0,0
169.8472,12.3206,3057,0,0
169.8720,12.3126,3055,0,0
169.8968,12.3126,3055,0,0
169.9216,12.2924,3050,0,0
169.9464,12.2803,3047,0,0
169.9712,12.3247,3058,0,0
169.9960,12.3488,3064,0,0
170.0208,12.2763,3046,0,0
170.0456,12.2803,3047,0,0
170.0704,12.3206,3057,0,0
170.0952,12.2965,3051,0,0
170.1200,12.2844,3048,0,0
170.1448,12.3408,3062,0,0
170.1696,12.3005,3052,0,0
170.1944,12.2844,3048,0,0
170.2192,12.3488,3064,0,0
170.2440,12.3166,3056,0,0
170.2688,12.2763,3046,0,0
170.2936,12.3005,3052,0,0
170.3184,12.2844,3048,0,0
170.3432,12.2844,3048,0,0
170.3680,12.3529,3065,0,0
170.3929,12.3730,3070,0,0
170.4176,12.3287,3059,0,0
170.4425,12.3126,3055,0,0
170.4673,12.3126,3055,0,0
170.4921,12.3206,3057,0,0
170.5169,12.3287,3059,0,0
170.5417,12.2924,3050,0,0
170.5665,12.3126,3055,0,0
170.5913,12.3327,3060,0,0
170.6161,12.3448,3063,0,0
170.6409,12.3206,3057,0,0
170.6657,12.3247,3058,0,0
170.6905,12.3206,3057,0,0
170.7153,12.3569,3066,0,0
170.7401,12.3126,3055,0,0
170.7649,12.2803,3047,0,0
170.7897,12.3287,3059,0,0
170.8145,12.3005,3052,0,0
170.8393,12.3085,3054,0,0
170.8641,12.3488,3064,0,0
170.8889,12.3569,3066,0,0
170.9137,12.3085,3054,0,0
170.9385,12.3166,3056,0,0
170.9633,12.3126,3055,0,0
170.9881,12.3206,3057,0,0
171.0129,12.3166,3056,0,0
171.0377,12.3126,3055,0,0
171.0625,12.3085,3054,0,0
171.0873,12.3408,3062,0,0
171.1121,12.3488,3064,0,0
171.1369,12.3206,3057,0,0
171.1617,12.2924,3050,0,0
171.1865,12.3126,3055,0,0
171.2113,12.3085,3054,0,0
171.2361,12.2844,3048,0,0
171.2609,12.2844,3048,0,0
171.2857,12.3529,3065,0,0
171.3105,12.3488,3064,0,0
171.3353,12.3488,3064,0,0
171.3601,12.3327,3060,0,0
171.3849,12.3529,3065,0,0
171.4097,12.2965,3051,0,0
171.4346,12.3206,3057,0,0
171.4594,12.3569,3066,0,0
171.4842,12.2924,3050,0,0
171.5090,12.2924,3050,0,0
171.5338,12.3166,3056,0,0
171.5586,12.3166,3056,0,0
171.5834,12.3005,3052,0,0
171.6082,12.2803,3047,0,0
171.6330,12.3126,3055,0,0
171.6578,12.3247,3058,0,0
171.6826,12.3327,3060,0,0
171.7074,12.2803,3047,0,0
171.7322,12.3166,3056,0,0
171.7570,12.3166,3056,0,0
171.7818,12.2803,3047,0,0
171.8066,12.2844,3048,0,0
171.8314,12.3166,3056,0,0
171.8562,12.3327,3060,0,0
171.8810,12.2924,3050,0,0
171.9058,12.2803,3047,0,0
171.9306,12.3085,3054,0,0
171.9554,12.3206,3057,0,0
171.9802,12.3206,3057,0,0
172.0050,12.3529,3065,0,0
172.0298,12.3327,3060,0,0
172.0546,12.3085,3054,0,0
172.0794,12.2803,3047,0,0
172.1042,12.2844,3048,0,0
172.1290,12.3327,3060,0,0
172.1538,12.3206,3057,0,0
172.1786,12.2803,3047,0,0
172.2034,12.3166,3056,0,0
172.2282,12.3569,3066,0,0
172.2530,12.3126,3055,0,0
172.2778,12.3005,3052,0,0
172.3026,12.3085,3054,0,0
172.3274,12.3247,3058,0,0
172.3522,12.3126,3055,0,0
172.3770,12.3045,3053,0,0
172.4018,12.3166,3056,0,0
172.4267,12.3488,3064,0,0
172.4514,12.2924,3050,0,0
172.4763,12.2803,3047,0,0
172.5011,12.2924,3050,0,0
172.5259,12.3287,3059,0,0
172.5507,12.3206,3057,0,0
172.5755,12.3085,3054,0,0
172.6003,12.3206,3057,0,0
172.6251,12.3569,3066,0,0
172.6499,12.3166,3056,0,0
172.6747,12.3529,3065,0,0
172.6995,12.3488,3064,0,0
172.7243,12.3166,3056,0,0
172.7491,12.3287,3059,0,0
172.7739,12.3206,3057,0,0
172.7987,12.3166,3056,0,0
172.8235,12.3166,3056,0,0
172.8483,12.3488,3064,0,0
172.8731,12.2803,3047,0,0
172.8979,12.3206,3057,0,0
172.9227,12.3488,3064,0,0
172.9475,12.2844,3048,0,0
172.9723,12.2763,3046,0,0
172.9971,12.3811,3072,0,0
173.0219,12.3166,3056,0,0
173.0467,12.3166,3056,0,0
173.0715,12.3488,3064,0,0
173.0963,12.2803,3047,0,0
173.1211,12.3085,3054,0,0
173.1459,12.3327,3060,0,0
173.1707,12.2723,3045,0,0
173.1955,12.3045,3053,0,0
173.2203,12.2803,3047,0,0
173.2451,12.2924,3050,0,0
173.2699,12.2763,3046,0,0
173.2947,12.2602,3042,0,0
173.3195,12.3327,3060,0,0
173.3443,12.2844,3048,0,0
173.3691,12.3085,3054,0,0
173.3940,12.2844,3048,0,0
173.4187,12.3609,3067,0,0
173.4435,12.2844,3048,0,0
173.4684,12.3206,3057,0,0
173.4931,12.3166,3056,0,0
173.5180,12.3448,3063,0,0
173.5428,12.2924,3050,0,0
173.5676,12.3166,3056,0,0
173.5924,12.3085,3054,0,0
173.6172,12.2602,3042,0,0
173.6420,12.3287,3059,0,0
173.6668,12.3327,3060,0,0
173.6916,12.3005,3052,0,0
173.7164,12.3529,3065,0,0
173.7412,12.3529,3065,0,0
173.7660,12.2763,3046,0,0
173.7908,12.3085,3054,0,0
173.8156,12.3166,3056,0,0
173.8404,12.3206,3057,0,0
173.8652,12.3327,3060,0,0
173.8900,12.3488,3064,0,0
173.9148,12.2844,3048,0,0
173.9396,12.3005,3052,0,0
173.9644,12.3126,3055,0,0
173.9892,12.3287,3059,0,0
174.0140,12.2763,3046,0,0
174.0388,12.3488,3064,0,0
174.0636,12.3085,3054,0,0
174.0884,12.3488,3064,0,0
174.1132,12.3085,3054,0,0
174.1380,12.3448,3063,0,0
174.1628,12.2844,3048,0,0
174.1876,12.2844,3048,0,0
174.2124,12.3247,3058,0,0
174.2372,12.2844,3048,0,0
174.2620,12.2844,3048,0,0
174.2868,12.3045,3053,0,0
174.3116,12.2682,3044,0,0
174.3364,12.3126,3055,0,0
174.3612,12.3327,3060,0,0
174.3860,12.2803,3047,0,0
174.4108,12.3166,3056,0,0
174.4357,12.3126,3055,0,0
174.4604,12.3085,3054,0,0
174.4852,12.3126,3055,0,0
174.5101,12.3206,3057,0,0
174.5349,12.3126,3055,0,0
174.5597,12.3206,3057,0,0
174.5845,12.2803,3047,0,0
174.6093,12.2803,3047,0,0
174.6341,12.3287,3059,0,0
174.6589,12.3166,3056,0,0
174.6837,12.2844,3048,0,0
174.7085,12.2844,3048,0,0
174.7333,12.3247,3058,0,0
174.7581,12.2763,3046,0,0
174.7829,12.3085,3054,0,0
174.8077,12.2924,3050,0,0
174.8325,12.3005,3052,0,0
174.8573,12.2844,3048,0,0
174.8821,12.3206,3057,0,0
174.9069,12.3327,3060,0,0
174.9317,12.2844,3048,0,0
174.9565,12.3327,3060,0,0
174.9813,12.3085,3054,0,0
175.0061,12.2965,3051,0,0
175.0309,12.3085,3054,0,0
175.0557,12.3126,3055,0,0
175.0805,12.2844,3048,0,0
175.1053,12.2924,3050,0,0
175.1301,12.2723,3045,0,0
175.1549,12.2924,3050,0,0
175.1797,12.3287,3059,0,0
175.2045,12.3085,3054,0,0
175.2293,12.3166,3056,0,0
175.2541,12.3206,3057,0,0
175.2789,12.2844,3048,0,0
175.3037,12.2844,3048,0,0
175.3285,12.3166,3056,0,0
175.3533,12.3247,3058,0,0
175.3781,12.3005,3052,0,0
175.4029,12.3206,3057,0,0
175.4277,12.3327,3060,0,0
175.4525,12.2924,3050,0,0
175.4774,12.3085,3054,0,0
175.5022,12.2844,3048,0,0
175.5270,12.3206,3057,0,0
175.5518,12.2803,3047,0,0
175.5766,12.3126,3055,0,0
175.6014,12.3126,3055,0,0
175.6262,12.2803,3047,0,0
175.6510,12.3206,3057,0,0
175.6758,12.3488,3064,0,0
175.7006,12.3569,3066,0,0
175.7254,12.3085,3054,0,0
175.7502,12.3085,3054,0,0
175.7750,12.3166,3056,0,0
175.7998,12.3085,3054,0,0
175.8246,12.3488,3064,0,0
175.8494,12.3488,3064,0,0
175.8742,12.3206,3057,0,0
175.8990,12.2924,3050,0,0
175.9238,12.3206,3057,0,0
175.9486,12.3287,3059,0,0
175.9734,12.3085,3054,0,0
175.9982,12.2965,3051,0,0
176.0230,12.3045,3053,0,0
176.0478,12.2924,3050,0,0
176.0726,12.3327,3060,0,0
176.0974,12.2965,3051,0,0
176.1222,12.3005,3052,0,0
176.1470,12.2924,3050,0,0
176.1718,12.3327,3060,0,0
176.1966,12.3287,3059,0,0
176.2214,12.3529,3065,0,0
176.2462,12.3005,3052,0,0
176.2710,12.3206,3057,0,0
176.2958,12.3166,3056,0,0
176.3206,12.3247,3058,0,0
176.3454,12.3327,3060,0,0
176.3702,12.3126,3055,0,0
176.3950,12.2803,3047,0,0
176.4198,12.3206,3057,0,0
176.4446,12.3085,3054,0,0
176.4695,12.2844,3048,0,0
176.4942,12.3126,3055,0,0
176.5191,12.2763,3046,0,0
176.5439,12.2803,3047,0,0
176.5687,12.3166,3056,0,0
176.5935,12.3126,3055,0,0
176.6183,12.2844,3048,0,0
176.6431,12.3771,3071,0,0
176.6679,12.2844,3048,0,0
176.6927,12.3005,3052,0,0
176.7175,12.2924,3050,0,0
176.7423,12.3126,3055,0,0
176.7671,12.3327,3060,0,0
176.7919,12.3206,3057,0,0
176.8167,12.3085,3054,0,0
176.8415,12.3126,3055,0,0
176.8663,12.3488,3064,0,0
176.8911,12.3045,3053,0,0
176.9159,12.2844,3048,0,0
176.9407,12.3126,3055,0,0
176.9655,12.3327,3060,0,0
176.9903,12.3085,3054,0,0
177.0151,12.3609,3067,0,0
177.0399,12.3005,3052,0,0
177.0647,12.3488,3064,0,0
177.0895,12.3529,3065,0,0
177.1143,12.3166,3056,0,0
177.1391,12.3488,3064,0,0
177.1639,12.3327,3060,0,0
177.1887,12.3085,3054,0,0
177.2135,12.3327,3060,0,0
177.2383,12.3085,3054,0,0
177.2631,12.3166,3056,0,0
177.2879,12.3166,3056,0,0
177.3127,12.3488,3064,0,0
177.3375,12.3005,3052,0,0
177.3623,12.3085,3054,0,0
177.3871,12.2965,3051,0,0
177.4119,12.3287,3059,0,0
177.4367,12.2763,3046,0,0
177.4615,12.3166,3056,0,0
177.4863,12.2965,3051,0,0
177.5112,12.3206,3057,0,0
177.5359,12.3287,3059,0,0
177.5608,12.3206,3057,0,0
177.5856,12.2803,3047,0,0
177.6104,12.2844,3048,0,0
177.6352,12.3287,3059,0,0
177.6600,12.3287,3059,0,0
177.6848,12.3287,3059,0,0
177.7096,12.3569,3066,0,0
177.7344,12.3488,3064,0,0
177.7592,12.3005,3052,0,0
177.7840,12.2965,3051,0,0
177.8088,12.3327,3060,0,0
177.8336,12.3085,3054,0,0
177.8584,12.3126,3055,0,0
177.8832,12.3126,3055,0,0
177.9080,12.3126,3055,0,0
177.9328,12.2965,3051,0,0
177.9576,12.3166,3056,0,0
177.9824,12.3166,3056,0,0
178.0072,12.3126,3055,0,0
178.0320,12.3085,3054,0,0
178.0568,12.3126,3055,0,0
178.0816,12.3085,3054,0,0
178.1064,12.2682,3044,0,0
178.1312,12.2924,3050,0,0
178.1560,12.3005,3052,0,0
178.1808,12.3166,3056,0,0
178.2056,12.3287,3059,0,0
178.2304,12.2924,3050,0,0
178.2552,12.2803,3047,0,0
178.2800,12.3287,3059,0,0
178.3048,12.3287,3059,0,0
178.3296,12.3327,3060,0,0
178.3544,12.2924,3050,0,0
178.3792,12.3247,3058,0,0
178.4040,12.3327,3060,0,0
178.4288,12.3206,3057,0,0
178.4536,12.2844,3048,0,0
178.4785,12.3247,3058,0,0
178.5033,12.3166,3056,0,0
178.5280,12.3085,3054,0,0
178.5529,12.3126,3055,0,0
178.5777,12.3327,3060,0,0
178.6025,12.3287,3059,0,0
178.6273,12.2803,3047,0,0
178.6521,12.2844,3048,0,0
178.6769,12.3166,3056,0,0
178.7017,12.3166,3056,0,0
178.7265,12.2924,3050,0,0
178.7513,12.2924,3050,0,0
178.7761,12.3126,3055,0,0
178.8009,12.3206,3057,0,0
178.8257,12.2924,3050,0,0
178.8505,12.3085,3054,0,0
178.8753,12.3529,3065,0,0
178.9001,12.2803,3047,0,0
178.9249,12.2844,3048,0,0
178.9497,12.3166,3056,0,0
178.9745,12.3488,3064,0,0
178.9993,12.3085,3054,0,0
179.0241,12.3126,3055,0,0
179.0489,12.3488,3064,0,0
179.0737,12.2844,3048,0,0
179.0985,12.2763,3046,0,0
179.1233,12.3206,3057,0,0
179.1481,12.3085,3054,0,0
179.1729,12.3488,3064,0,0
179.1977,12.3126,3055,0,0
179.2225,12.2803,3047,0,0
179.2473,12.3448,3063,0,0
179.2721,12.3045,3053,0,0
179.2969,12.2803,3047,0,0
179.3217,12.3488,3064,0,0
179.3465,12.2803,3047,0,0
179.3713,12.3206,3057,0,0
179.3961,12.3005,3052,0,0
179.4209,12.2924,3050,0,0
179.4457,12.3126,3055,0,0
179.4706,12.2965,3051,0,0
179.4953,12.2844,3048,0,0
179.5202,12.2924,3050,0,0
179.5450,12.2723,3045,0,0
179.5697,12.2844,3048,0,0
179.5946,12.3005,3052,0,0
179.6194,12.2803,3047,0,0
179.6442,12.3287,3059,0,0
179.6690,12.3005,3052,0,0
179.6938,12.3126,3055,0,0
179.7186,12.3287,3059,0,0
179.7434,12.3488,3064,0,0
179.7682,12.3166,3056,0,0
179.7930,12.2924,3050,0,0
179.8178,12.3247,3058,0,0
179.8426,12.2924,3050,0,0
179.8674,12.2844,3048,0,0
179.8922,12.3569,3066,0,0
179.9170,12.3005,3052,0,0
179.9418,12.2803,3047,0,0
179.9666,12.3166,3056,0,0
179.9914,12.2803,3047,0,0
180.0162,12.2924,3050,0,0
180.0410,12.3609,3067,0,0
180.0658,12.3126,3055,0,0
180.0906,12.2965,3051,0,0
180.1154,12.2844,3048,0,0
180.1402,12.3166,3056,0,0
180.1650,12.3206,3057,0,0
180.1898,12.3166,3056,0,0
180.2146,12.3085,3054,0,0
180.2394,12.3327,3060,0,0
180.2642,12.2924,3050,0,0
180.2890,12.2965,3051,0,0
180.3138,12.2803,3047,0,0
180.3386,12.2844,3048,0,0
180.3634,12.2803,3047,0,0
180.3882,12.2924,3050,0,0
180.4130,12.3085,3054,0,0
180.4378,12.3206,3057,0,0
180.4626,12.3126,3055,0,0
180.4874,12.3166,3056,0,0
180.5123,12.3005,3052,0,0
180.5370,12.2924,3050,0,0
180.5619,12.3126,3055,0,0
180.5867,12.3005,3052,0,0
180.6115,12.2924,3050,0,0
180.6363,12.3206,3057,0,0
180.6611,12.3327,3060,0,0
180.6859,12.2924,3050,0,0
180.7107,12.3126,3055,0,0
180.7355,12.3488,3064,0,0
180.7603,12.3529,3065,0,0
180.7851,12.2965,3051,0,0
180.8099,12.3005,3052,0,0
180.8347,12.3005,3052,0,0
180.8595,12.2844,3048,0,0
180.8843,12.3126,3055,0,0
180.9091,12.3488,3064,0,0
180.9339,12.3166,3056,0,0
180.9587,12.3206,3057,0,0
180.9835,12.2803,3047,0,0
181.0083,12.3206,3057,0,0
181.0331,12.3085,3054,0,0
181.0579,12.3327,3060,0,0
181.0827,12.3206,3057,0,0
181.1075,12.3166,3056,0,0
181.1323,12.3005,3052,0,0
181.1571,12.3126,3055,0,0
181.1819,12.2924,3050,0,0
181.2067,12.3206,3057,0,0
181.2315,12.3206,3057,0,0
181.2563,12.2844,3048,0,0
181.2811,12.2763,3046,0,0
181.3059,12.2924,3050,0,0
181.3307,12.2803,3047,0,0
181.3555,12.2844,3048,0,0
181.3803,12.3166,3056,0,0
181.4051,12.3206,3057,0,0
181.4299,12.2803,3047,0,0
181.4547,12.3448,3063,0,0
181.4795,12.3166,3056,0,0
181.5043,12.2803,3047,0,0
181.5291,12.3085,3054,0,0
181.5540,12.3488,3064,0,0
181.5788,12.3327,3060,0,0
181.6036,12.3085,3054,0,0
181.6284,12.2844,3048,0,0
181.6532,12.2965,3051,0,0
181.6780,12.2844,3048,0,0
181.7028,12.2763,3046,0,0
181.7276,12.3085,3054,0,0
181.7524,12.3287,3059,0,0
181.7772,12.3488,3064,0,0
181.8020,12.3206,3057,0,0
181.8268,12.3327,3060,0,0
181.8516,12.2803,3047,0,0
181.8764,12.3005,3052,0,0
181.9012,12.3005,3052,0,0
181.9260,12.3327,3060,0,0
181.9508,12.3206,3057,0,0
181.9756,12.2844,3048,0,0
182.0004,12.3085,3054,0,0
182.0252,12.3327,3060,0,0
182.0500,12.3327,3060,0,0
182.0748,12.3005,3052,0,0
182.0996,12.3085,3054,0,0
182.1244,12.3206,3057,0,0
182.1492,12.3206,3057,0,0
182.1740,12.3206,3057,0,0
182.1988,12.3126,3055,0,0
182.2236,12.3287,3059,0,0
182.2484,12.3045,3053,0,0
182.2732,12.3166,3056,0,0
182.2980,12.3488,3064,0,0
182.3228,12.3247,3058,0,0
182.3476,12.2803,3047,0,0
182.3724,12.3206,3057,0,0
182.3972,12.3005,3052,0,0
182.4220,12.3166,3056,0,0
182.4468,12.3005,3052,0,0
182.4716,12.3327,3060,0,0
182.4964,12.2521,3040,0,0
182.5212,12.2924,3050,0,0
182.5461,12.3287,3059,0,0
182.5708,12.3206,3057,0,0
182.5957,12.2965,3051,0,0
182.6205,12.2844,3048,0,0
182.6453,12.3327,3060,0,0
182.6701,12.3166,3056,0,0
182.6949,12.3085,3054,0,0
182.7197,12.2924,3050,0,0
182.7445,12.2844,3048,0,0
182.7693,12.2844,3048,0,0
182.7941,12.3488,3064,0,0
182.8189,12.2682,3044,0,0
182.8437,12.2844,3048,0,0
182.8685,12.3206,3057,0,0
182.8933,12.3206,3057,0,0
182.9181,12.3287,3059,0,0
182.9429,12.2602,3042,0,0
182.9677,12.2803,3047,0,0
182.9925,12.2844,3048,0,0
183.0173,12.2803,3047,0,0
183.0421,12.3206,3057,0,0
183.0669,12.3206,3057,0,0
183.0917,12.2803,3047,0,0
183.1165,12.3085,3054,0,0
183.1413,12.3166,3056,0,0
183.1661,12.3287,3059,0,0
183.1909,12.2763,3046,0,0
183.2157,12.3126,3055,0,0
183.2405,12.3005,3052,0,0
183.2653,12.3126,3055,0,0
183.2901,12.3085,3054,0,0
183.3149,12.2844,3048,0,0
183.3397,12.2844,3048,0,0
183.3645,12.2803,3047,0,0
183.3893,12.3206,3057,0,0
183.4141,12.3206,3057,0,0
183.4389,12.2803,3047,0,0
183.4637,12.3206,3057,0,0
183.4885,12.3206,3057,0,0
183.5134,12.3247,3058,0,0
183.5381,12.3529,3065,0,0
183.5629,12.2844,3048,0,0
183.5878,12.2924,3050,0,0
183.6125,12.3085,3054,0,0
183.6374,12.3005,3052,0,0
183.6622,12.3206,3057,0,0
183.6870,12.2965,3051,0,0
183.7118,12.2803,3047,0,0
183.7366,12.2602,3042,0,0
183.7614,12.3085,3054,0,0
183.7862,12.3085,3054,0,0
183.8110,12.3126,3055,0,0
183.8358,12.2803,3047,0,0
183.8606,12.2521,3040,0,0
183.8854,12.2844,3048,0,0
183.9102,12.3085,3054,0,0
183.9350,12.3206,3057,0,0
183.9598,12.3730,3070,0,0
183.9846,12.3005,3052,0,0
184.0094,12.3126,3055,0,0
184.0342,12.3085,3054,0,0
184.0590,12.3126,3055,0,0
184.0838,12.2924,3050,0,0
184.1086,12.3085,3054,0,0
184.1334,12.2965,3051,0,0
184.1582,12.2844,3048,0,0
184.1830,12.3206,3057,0,0
184.2078,12.2965,3051,0,0
184.2326,12.3247,3058,0,0
184.2574,12.3448,3063,0,0
184.2822,12.3327,3060,0,0
184.3070,12.2965,3051,0,0
184.3318,12.3287,3059,0,0
184.3566,12.3126,3055,0,0
184.3814,12.2844,3048,0,0
184.4062,12.3166,3056,0,0
184.4310,12.2965,3051,0,0
184.4558,12.2924,3050,0,0
184.4806,12.3045,3053,0,0
184.5054,12.3126,3055,0,0
184.5302,12.2763,3046,0,0
184.5551,12.2924,3050,0,0
184.5798,12.3287,3059,0,0
184.6047,12.3206,3057,0,0
184.6295,12.3166,3056,0,0
184.6543,12.3206,3057,0,0
184.6791,12.2723,3045,0,0
184.7039,12.2803,3047,0,0
184.7287,12.3166,3056,0,0
184.7535,12.3085,3054,0,0
184.7783,12.2924,3050,0,0
184.8031,12.2924,3050,0,0
184.8279,12.2844,3048,0,0
184.8527,12.2844,3048,0,0
184.8775,12.3166,3056,0,0
184.9023,12.2844,3048,0,0
184.9271,12.2924,3050,0,0
184.9519,12.3005,3052,0,0
184.9767,12.2844,3048,0,0
185.0015,12.2844,3048,0,0
185.0263,12.3166,3056,0,0
185.0511,12.3287,3059,0,0
185.0759,12.3771,3071,0,0
185.1007,12.2924,3050,0,0
185.1255,12.2682,3044,0,0
185.1503,12.2924,3050,0,0
185.1751,12.3005,3052,0,0
185.1999,12.2844,3048,0,0
185.2247,12.3488,3064,0,0
185.2495,12.3126,3055,0,0
185.2743,12.2844,3048,0,0
185.2991,12.3206,3057,0,0
185.3239,12.3166,3056,0,0
185.3487,12.2803,3047,0,0
185.3735,12.3166,3056,0,0
185.3983,12.3166,3056,0,0
185.4231,12.3166,3056,0,0
185.4479,12.3327,3060,0,0
185.4727,12.3206,3057,0,0
185.4975,12.2803,3047,0,0
185.5223,12.3085,3054,0,0
185.5471,12.3166,3056,0,0
185.5719,12.2844,3048,0,0
185.5968,12.2844,3048,0,0
185.6216,12.3166,3056,0,0
185.6464,12.3448,3063,0,0
185.6712,12.2844,3048,0,0
185.6960,12.3005,3052,0,0
185.7208,12.3166,3056,0,0
185.7456,12.2844,3048,0,0
185.7704,12.2803,3047,0,0
185.7952,12.2803,3047,0,0
185.8200,12.3126,3055,0,0
185.8448,12.3045,3053,0,0
185.8696,12.3126,3055,0,0
185.8944,12.2763,3046,0,0
185.9192,12.2844,3048,0,0
185.9440,12.3206,3057,0,0
185.9688,12.3690,3069,0,0
185.9936,12.3327,3060,0,0
186.0184,12.2844,3048,0,0
186.0432,12.3005,3052,0,0
186.0680,12.2481,3039,0,0
186.0928,12.3085,3054,0,0
186.1176,12.3206,3057,0,0
186.1424,12.3529,3065,0,0
186.1672,12.3569,3066,0,0
186.1920,12.3488,3064,0,0
186.2168,12.2803,3047,0,0
186.2416,12.2763,3046,0,0
186.2664,12.2763,3046,0,0
186.2912,12.3287,3059,0,0
186.3160,12.3126,3055,0,0
186.3408,12.2844,3048,0,0
186.3656,12.3206,3057,0,0
186.3904,12.3206,3057,0,0
186.4152,12.2844,3048,0,0
186.4400,12.3126,3055,0,0
186.4648,12.2965,3051,0,0
186.4896,12.2844,3048,0,0
186.5144,12.3045,3053,0,0
186.5392,12.3085,3054,0,0
186.5640,12.3045,3053,0,0
186.5889,12.2682,3044,0,0
186.6136,12.2844,3048,0,0
186.6385,12.3448,3063,0,0
186.6633,12.3045,3053,0,0
186.6881,12.2803,3047,0,0
186.7129,12.2682,3044,0,0
186.7377,12.3327,3060,0,0
186.7625,12.3126,3055,0,0
186.7873,12.2844,3048,0,0
186.8121,12.3085,3054,0,0
186.8369,12.2844,3048,0,0
186.8617,12.3206,3057,0,0
186.8865,12.2682,3044,0,0
186.9113,12.3166,3056,0,0
186.9361,12.3488,3064,0,0
186.9609,12.2924,3050,0,0
186.9857,12.3085,3054,0,0
187.0105,12.2844,3048,0,0
187.0353,12.2924,3050,0,0
187.0601,12.2763,3046,0,0
187.0849,12.3206,3057,0,0
187.1097,12.2723,3045,0,0
187.1345,12.3166,3056,0,0
187.1593,12.3206,3057,0,0
187.1841,12.3287,3059,0,0
187.2089,12.3126,3055,0,0
187.2337,12.3287,3059,0,0
187.2585,12.2924,3050,0,0
187.2833,12.3005,3052,0,0
187.3081,12.3045,3053,0,0
187.3329,12.3166,3056,0,0
187.3577,12.2844,3048,0,0
187.3825,12.3126,3055,0,0
187.4073,12.3166,3056,0,0
187.4321,12.3126,3055,0,0
187.4569,12.3166,3056,0,0
187.4817,12.3166,3056,0,0
187.5065,12.3126,3055,0,0
187.5313,12.3287,3059,0,0
187.5561,12.3287,3059,0,0
187.5809,12.2965,3051,0,0
187.6057,12.2844,3048,0,0
187.6306,12.2803,3047,0,0
187.6553,12.3327,3060,0,0
187.6802,12.2924,3050,0,0
187.7050,12.3206,3057,0,0
187.7298,12.3085,3054,0,0
187.7546,12.2521,3040,0,0
187.7794,12.3287,3059,0,0
187.8042,12.3085,3054,0,0
187.8290,12.3488,3064,0,0
187.8538,12.3126,3055,0,0
187.8786,12.3206,3057,0,0
187.9034,12.3206,3057,0,0
187.9282,12.3206,3057,0,0
187.9530,12.3126,3055,0,0
187.9778,12.3085,3054,0,0
188.0026,12.3327,3060,0,0
188.0274,12.3005,3052,0,0
188.0522,12.2844,3048,0,0
188.0770,12.3166,3056,0,0
188.1018,12.2844,3048,0,0
188.1266,12.3327,3060,0,0
188.1514,12.2844,3048,0,0
188.1762,12.3166,3056,0,0
188.2010,12.3005,3052,0,0
188.2258,12.2602,3042,0,0
188.2506,12.2844,3048,0,0
188.2754,12.2924,3050,0,0
188.3002,12.2924,3050,0,0
188.3250,12.2803,3047,0,0
188.3498,12.2924,3050,0,0
188.3746,12.3488,3064,0,0
188.3994,12.3206,3057,0,0
188.4242,12.3085,3054,0,0
188.4490,12.2924,3050,0,0
188.4738,12.3045,3053,0,0
188.4986,12.3327,3060,0,0
188.5234,12.3287,3059,0,0
188.5482,12.3085,3054,0,0
188.5730,12.2844,3048,0,0
188.5979,12.3287,3059,0,0
188.6227,12.2682,3044,0,0
188.6474,12.3045,3053,0,0
188.6723,12.3327,3060,0,0
188.6971,12.3206,3057,0,0
188.7219,12.2844,3048,0,0
188.7467,12.3166,3056,0,0
188.7715,12.3488,3064,0,0
188.7963,12.2723,3045,0,0
188.8211,12.3247,3058,0,0
188.8459,12.3166,3056,0,0
188.8707,12.3206,3057,0,0
188.8955,12.2844,3048,0,0
188.9203,12.3247,3058,0,0
188.9451,12.2602,3042,0,0
188.9699,12.3126,3055,0,0
188.9947,12.3327,3060,0,0
189.0195,12.2844,3048,0,0
189.0443,12.3206,3057,0,0
189.0691,12.2682,3044,0,0
189.0939,12.3206,3057,0,0
189.1187,12.3085,3054,0,0
189.1435,12.2924,3050,0,0
189.1683,12.3287,3059,0,0
189.1931,12.3166,3056,0,0
189.2179,12.3206,3057,0,0
189.2427,12.2924,3050,0,0
189.2675,12.3206,3057,0,0
189.2923,12.3166,3056,0,0
189.3171,12.3529,3065,0,0
189.3419,12.2844,3048,0,0
189.3667,12.2803,3047,0,0
189.3915,12.3206,3057,0,0
189.4163,12.3126,3055,0,0
189.4411,12.3166,3056,0,0
189.4659,12.3126,3055,0,0
189.4907,12.3247,3058,0,0
189.5155,12.3206,3057,0,0
189.5403,12.3327,3060,0,0
189.5651,12.2965,3051,0,0
189.5900,12.2924,3050,0,0
189.6147,12.3166,3056,0,0
189.6396,12.3005,3052,0,0
189.6644,12.2844,3048,0,0
189.6891,12.2924,3050,0,0
189.7140,12.3005,3052,0,0
189.7388,12.2682,3044,0,0
189.7636,12.3126,3055,0,0
189.7884,12.3206,3057,0,0
189.8132,12.2763,3046,0,0
189.8380,12.2844,3048,0,0
189.8628,12.3005,3052,0,0
189.8876,12.3206,3057,0,0
189.9124,12.3529,3065,0,0
189.9372,12.3126,3055,0,0
189.9620,12.3126,3055,0,0
189.9868,12.3287,3059,0,0
190.0116,12.2682,3044,0,0
190.0364,12.2763,3046,0,0
190.0612,12.3206,3057,0,0
190.0860,12.3166,3056,0,0
190.1108,12.2924,3050,0,0
190.1356,12.3327,3060,0,0
190.1604,12.2844,3048,0,0
190.1852,12.2844,3048,0,0
190.2100,12.3085,3054,0,0
190.2348,12.2924,3050,0,0
190.2596,12.2844,3048,0,0
190.2844,12.3287,3059,0,0
190.3092,12.3166,3056,0,0
190.3340,12.2803,3047,0,0
190.3588,12.3287,3059,0,0
190.3836,12.3085,3054,0,0
190.4084,12.2924,3050,0,0
190.4332,12.3166,3056,0,0
190.4580,12.3448,3063,0,0
190.4828,12.3287,3059,0,0
190.5076,12.2924,3050,0,0
190.5324,12.2844,3048,0,0
190.5572,12.3005,3052,0,0
190.5820,12.3206,3057,0,0
190.6068,12.3126,3055,0,0
190.6317,12.3287,3059,0,0
190.6564,12.3085,3054,0,0
190.6813,12.2844,3048,0,0
190.7061,12.3085,3054,0,0
190.7309,12.3327,3060,0,0
190.7557,12.3005,3052,0,0
190.7805,12.3005,3052,0,0
190.8053,12.3287,3059,0,0
190.8301,12.3206,3057,0,0
190.8549,12.2924,3050,0,0
190.8797,12.2924,3050,0,0
190.9045,12.3529,3065,0,0
190.9293,12.3529,3065,0,0
190.9541,12.3166,3056,0,0
190.9789,12.2803,3047,0,0
191.0037,12.3448,3063,0,0
191.0285,12.3206,3057,0,0
191.0533,12.2844,3048,0,0
191.0781,12.3166,3056,0,0
191.1029,12.3166,3056,0,0
191.1277,12.3005,3052,0,0
191.1525,12.2924,3050,0,0
191.1773,12.3206,3057,0,0
191.2021,12.2803,3047,0,0
191.2269,12.3206,3057,0,0
191.2517,12.3287,3059,0,0
191.2765,12.2844,3048,0,0
191.3013,12.3166,3056,0,0
191.3261,12.3085,3054,0,0
191.3509,12.3488,3064,0,0
191.3757,12.2763,3046,0,0
191.4005,12.3206,3057,0,0
191.4253,12.3166,3056,0,0
191.4501,12.3166,3056,0,0
191.4749,12.2844,3048,0,0
191.4997,12.3126,3055,0,0
191.5245,12.3085,3054,0,0
191.5493,12.3287,3059,0,0
191.5741,12.3206,3057,0,0
191.5989,12.3206,3057,0,0
191.6237,12.3247,3058,0,0
191.6485,12.3529,3065,0,0
191.6734,12.2924,3050,0,0
191.6982,12.3085,3054,0,0
191.7230,12.3287,3059,0,0
191.7478,12.3166,3056,0,0
191.7726,12.3206,3057,0,0
191.7974,12.3126,3055,0,0
191.8222,12.3045,3053,0,0
191.8470,12.3206,3057,0,0
191.8718,12.2844,3048,0,0
191.8966,12.2844,3048,0,0
191.9214,12.3045,3053,0,0
191.9462,12.3045,3053,0,0
191.9710,12.3166,3056,0,0
191.9958,12.2924,3050,0,0
192.0206,12.3126,3055,0,0
192.0454,12.3247,3058,0,0
192.0702,12.3085,3054,0,0
192.0950,12.3045,3053,0,0
192.1198,12.3206,3057,0,0
192.1446,12.3287,3059,0,0
192.1694,12.2924,3050,0,0
192.1942,12.3206,3057,0,0
192.2190,12.3126,3055,0,0
192.2438,12.3206,3057,0,0
192.2686,12.3126,3055,0,0
192.2934,12.2803,3047,0,0
192.3182,12.2924,3050,0,0
192.3430,12.3005,3052,0,0
192.3678,12.3166,3056,0,0
192.3926,12.3126,3055,0,0
192.4174,12.3327,3060,0,0
192.4422,12.3166,3056,0,0
192.4670,12.3045,3053,0,0
192.4918,12.3488,3064,0,0
192.5166,12.3005,3052,0,0
192.5414,12.3126,3055,0,0
192.5662,12.3206,3057,0,0
192.5910,12.2924,3050,0,0
192.6158,12.2844,3048,0,0
192.6406,12.3045,3053,0,0
192.6655,12.3085,3054,0,0
192.6902,12.3166,3056,0,0
192.7151,12.3529,3065,0,0
192.7399,12.2844,3048,0,0
192.7647,12.3005,3052,0,0
192.7895,12.2844,3048,0,0
192.8143,12.3126,3055,0,0
192.8391,12.3206,3057,0,0
192.8639,12.3287,3059,0,0
192.8887,12.3005,3052,0,0
192.9135,12.3126,3055,0,0
192.9383,12.3085,3054,0,0
192.9631,12.3085,3054,0,0
192.9879,12.3206,3057,0,0
193.0127,12.2924,3050,0,0
193.0375,12.2844,3048,0,0
193.0623,12.3206,3057,0,0
193.0871,12.3327,3060,0,0
193.1119,12.3126,3055,0,0
193.1367,12.3287,3059,0,0
193.1615,12.2844,3048,0,0
193.1863,12.2844,3048,0,0
193.2111,12.3166,3056,0,0
193.2359,12.3166,3056,0,0
193.2607,12.3609,3067,0,0
193.2855,12.3126,3055,0,0
193.3103,12.3488,3064,0,0
193.3351,12.3287,3059,0,0
193.3599,12.2763,3046,0,0
193.3847,12.2844,3048,0,0
193.4095,12.2844,3048,0,0
193.4343,12.3488,3064,0,0
193.4591,12.3085,3054,0,0
193.4839,12.3045,3053,0,0
193.5087,12.3166,3056,0,0
193.5335,12.3327,3060,0,0
193.5583,12.3166,3056,0,0
193.5831,12.3166,3056,0,0
193.6079,12.2763,3046,0,0
193.6328,12.3005,3052,0,0
193.6575,12.3166,3056,0,0
193.6824,12.3206,3057,0,0
193.7072,12.3327,3060,0,0
193.7319,12.3609,3067,0,0
193.7568,12.3408,3062,0,0
193.7816,12.2844,3048,0,0
193.8064,12.3206,3057,0,0
193.8312,12.3206,3057,0,0
193.8560,12.3569,3066,0,0
193.8808,12.2602,3042,0,0
193.9056,12.2844,3048,0,0
193.9304,12.3126,3055,0,0
193.9552,12.3287,3059,0,0
193.9800,12.2844,3048,0,0
194.0048,12.2803,3047,0,0
194.0296,12.2682,3044,0,0
194.0544,12.3327,3060,0,0
194.0792,12.3488,3064,0,0
194.1040,12.3206,3057,0,0
194.1288,12.3529,3065,0,0
194.1536,12.2844,3048,0,0
194.1784,12.3005,3052,0,0
194.2032,12.3126,3055,0,0
194.2280,12.3166,3056,0,0
194.2528,12.2965,3051,0,0
194.2776,12.3287,3059,0,0
194.3024,12.2844,3048,0,0
194.3272,12.3005,3052,0,0
194.3520,12.3327,3060,0,0
194.3768,12.2682,3044,0,0
194.4016,12.2965,3051,0,0
194.4264,12.2803,3047,0,0
194.4512,12.3126,3055,0,0
194.4760,12.2803,3047,0,0
194.5008,12.2803,3047,0,0
194.5256,12.2844,3048,0,0
194.5504,12.2924,3050,0,0
194.5752,12.3126,3055,0,0
194.6000,12.3206,3057,0,0
194.6248,12.3126,3055,0,0
194.6496,12.2924,3050,0,0
194.6745,12.3287,3059,0,0
194.6992,12.2682,3044,0,0
194.7241,12.2924,3050,0,0
194.7489,12.3327,3060,0,0
194.7737,12.3166,3056,0,0
194.7985,12.2602,3042,0,0
194.8233,12.2965,3051,0,0
194.8481,12.3247,3058,0,0
194.8729,12.2803,3047,0,0
194.8977,12.3126,3055,0,0
194.9225,12.3166,3056,0,0
194.9473,12.3085,3054,0,0
194.9721,12.3126,3055,0,0
194.9969,12.3247,3058,0,0
195.0217,12.2803,3047,0,0
195.0465,12.3045,3053,0,0
195.0713,12.3206,3057,0,0
195.0961,12.3126,3055,0,0
195.1209,12.2965,3051,0,0
195.1457,12.3448,3063,0,0
195.1705,12.3166,3056,0,0
195.1953,12.3005,3052,0,0
195.2201,12.2763,3046,0,0
195.2449,12.2844,3048,0,0
195.2697,12.3206,3057,0,0
195.2945,12.3045,3053,0,0
195.3193,12.2803,3047,0,0
195.3441,12.3408,3062,0,0
195.3689,12.2924,3050,0,0
195.3937,12.3045,3053,0,0
195.4185,12.2803,3047,0,0
195.4433,12.3085,3054,0,0
195.4681,12.3206,3057,0,0
195.4929,12.2924,3050,0,0
195.5177,12.3085,3054,0,0
195.5425,12.3126,3055,0,0
195.5673,12.3166,3056,0,0
195.5921,12.3166,3056,0,0
195.6169,12.3488,3064,0,0
195.6417,12.3005,3052,0,0
195.6665,12.3287,3059,0,0
195.6913,12.2763,3046,0,0
195.7162,12.3206,3057,0,0
195.7410,12.3247,3058,0,0
195.7658,12.3166,3056,0,0
195.7906,12.2844,3048,0,0
195.8154,12.3166,3056,0,0
195.8402,12.3488,3064,0,0
195.8650,12.3085,3054,0,0
195.8898,12.2844,3048,0,0
195.9146,12.2844,3048,0,0
195.9394,12.3327,3060,0,0
195.9642,12.3287,3059,0,0
195.9890,12.3206,3057,0,0
196.0138,12.3166,3056,0,0
196.0386,12.2844,3048,0,0
196.0634,12.3529,3065,0,0
196.0882,12.2924,3050,0,0
196.1130,12.3126,3055,0,0
196.1378,12.3287,3059,0,0
196.1626,12.2844,3048,0,0
196.1874,12.2763,3046,0,0
196.2122,12.2844,3048,0,0
196.2370,12.3327,3060,0,0
196.2618,12.2924,3050,0,0
196.2866,12.3085,3054,0,0
196.3114,12.2924,3050,0,0
196.3362,12.3166,3056,0,0
196.3610,12.3126,3055,0,0
196.3858,12.2844,3048,0,0
196.4106,12.3085,3054,0,0
196.4354,12.3085,3054,0,0
196.4602,12.3166,3056,0,0
196.4850,12.3005,3052,0,0
196.5098,12.3206,3057,0,0
196.5346,12.3529,3065,0,0
196.5594,12.3005,3052,0,0
196.5842,12.3126,3055,0,0
196.6090,12.3126,3055,0,0
196.6338,12.3408,3062,0,0
196.6586,12.3206,3057,0,0
196.6834,12.3529,3065,0,0
196.7083,12.3287,3059,0,0
196.7330,12.3005,3052,0,0
196.7579,12.3408,3062,0,0
196.7827,12.3206,3057,0,0
196.8075,12.3005,3052,0,0
196.8323,12.3166,3056,0,0
196.8571,12.3529,3065,0,0
196.8819,12.2803,3047,0,0
196.9067,12.3166,3056,0,0
196.9315,12.2602,3042,0,0
196.9563,12.2803,3047,0,0
196.9811,12.3327,3060,0,0
197.0059,12.3206,3057,0,0
197.0307,12.3166,3056,0,0
197.0555,12.3126,3055,0,0
197.0803,12.2844,3048,0,0
197.1051,12.3892,3074,0,0
197.1299,12.3287,3059,0,0
197.1547,12.3327,3060,0,0
197.1795,12.2844,3048,0,0
197.2043,12.3126,3055,0,0
197.2291,12.3126,3055,0,0
197.2539,12.3206,3057,0,0
197.2787,12.3166,3056,0,0
197.3035,12.3206,3057,0,0
197.3283,12.2924,3050,0,0
197.3531,12.2763,3046,0,0
197.3779,12.3488,3064,0,0
197.4027,12.2844,3048,0,0
197.4275,12.3247,3058,0,0
197.4523,12.2965,3051,0,0
197.4771,12.3206,3057,0,0
197.5019,12.3287,3059,0,0
197.5267,12.3126,3055,0,0
197.5515,12.2844,3048,0,0
197.5763,12.2844,3048,0,0
197.6011,12.3206,3057,0,0
197.6259,12.2844,3048,0,0
197.6507,12.3206,3057,0,0
197.6756,12.3488,3064,0,0
197.7003,12.3206,3057,0,0
197.7251,12.2803,3047,0,0
197.7500,12.3126,3055,0,0
197.7747,12.2602,3042,0,0
197.7996,12.3166,3056,0,0
197.8244,12.3085,3054,0,0
197.8492,12.3166,3056,0,0
197.8740,12.3529,3065,0,0
197.8988,12.3206,3057,0,0
197.9236,12.2844,3048,0,0
197.9484,12.3206,3057,0,0
197.9732,12.3529,3065,0,0
197.9980,12.3085,3054,0,0
198.0228,12.3166,3056,0,0
198.0476,12.2803,3047,0,0
198.0724,12.3085,3054,0,0
198.0972,12.3005,3052,0,0
198.1220,12.2965,3051,0,0
198.1468,12.3287,3059,0,0
198.1716,12.3166,3056,0,0
198.1964,12.2844,3048,0,0
198.2212,12.2965,3051,0,0
198.2460,12.3327,3060,0,0
198.2708,12.2803,3047,0,0
198.2956,12.2844,3048,0,0
198.3204,12.3247,3058,0,0
198.3452,12.3085,3054,0,0
198.3700,12.2844,3048,0,0
198.3948,12.3247,3058,0,0
198.4196,12.3408,3062,0,0
198.4444,12.2803,3047,0,0
198.4692,12.3327,3060,0,0
198.4940,12.3085,3054,0,0
198.5188,12.2763,3046,0,0
198.5436,12.2924,3050,0,0
198.5684,12.3085,3054,0,0
198.5932,12.2844,3048,0,0
198.6180,12.2844,3048,0,0
198.6428,12.3085,3054,0,0
198.6676,12.3045,3053,0,0
198.6924,12.2803,3047,0,0
198.7173,12.2803,3047,0,0
198.7421,12.2763,3046,0,0
198.7668,12.2723,3045,0,0
198.7917,12.3166,3056,0,0
198.8165,12.2602,3042,0,0
198.8413,12.2924,3050,0,0
198.8661,12.3166,3056,0,0
198.8909,12.2602,3042,0,0
198.9157,12.2924,3050,0,0
198.9405,12.2844,3048,0,0
198.9653,12.2924,3050,0,0
198.9901,12.3327,3060,0,0
199.0149,12.3166,3056,0,0
199.0397,12.3206,3057,0,0
199.0645,12.2803,3047,0,0
199.0893,12.2844,3048,0,0
199.1141,12.2602,3042,0,0
199.1389,12.3529,3065,0,0
199.1637,12.2763,3046,0,0
199.1885,12.2924,3050,0,0
199.2133,12.2844,3048,0,0
199.2381,12.3085,3054,0,0
199.2629,12.2965,3051,0,0
199.2877,12.2803,3047,0,0
199.3125,12.3126,3055,0,0
199.3373,12.3166,3056,0,0
199.3621,12.2803,3047,0,0
199.3869,12.2803,3047,0,0
199.4117,12.2803,3047,0,0
199.4365,12.2924,3050,0,0
199.4613,12.3166,3056,0,0
199.4861,12.2763,3046,0,0
199.5109,12.3005,3052,0,0
199.5357,12.3287,3059,0,0
199.5605,12.2844,3048,0,0
199.5853,12.3166,3056,0,0
199.6101,12.2521,3040,0,0
199.6349,12.2844,3048,0,0
199.6597,12.2844,3048,0,0
199.6845,12.3005,3052,0,0
199.7094,12.3287,3059,0,0
199.7341,12.2803,3047,0,0
199.7590,12.2602,3042,0,0
199.7838,12.2803,3047,0,0
199.8086,12.3166,3056,0,0
199.8334,12.3488,3064,0,0
199.8582,12.3327,3060,0,0
199.8830,12.2763,3046,0,0
199.9078,12.2924,3050,0,0
199.9326,12.3085,3054,0,0
199.9574,12.2803,3047,0,0
199.9822,12.3730,3070,0,0
200.0070,12.3287,3059,0,0
200.0318,12.2844,3048,0,0
200.0566,12.3166,3056,0,0
200.0814,12.3085,3054,0,0
200.1062,12.2844,3048,0,0
200.1310,12.3045,3053,0,0
200.1558,12.3126,3055,0,0
200.1806,12.2924,3050,0,0
200.2054,12.3206,3057,0,0
200.2302,12.3529,3065,0,0
200.2550,12.3005,3052,0,0
200.2798,12.3247,3058,0,0
200.3046,12.3005,3052,0,0
200.3294,12.3287,3059,0,0
200.3542,12.2924,3050,0,0
200.3790,12.3085,3054,0,0
200.4038,12.2803,3047,0,0
200.4286,12.3166,3056,0,0
200.4534,12.2924,3050,0,0
200.4782,12.2965,3051,0,0
200.5030,12.2844,3048,0,0
200.5278,12.3488,3064,0,0
200.5526,12.3166,3056,0,0
200.5774,12.2844,3048,0,0
200.6022,12.3166,3056,0,0
200.6270,12.3206,3057,0,0
200.6518,12.3005,3052,0,0
200.6766,12.2924,3050,0,0
200.7014,12.3166,3056,0,0
200.7262,12.2803,3047,0,0
200.7511,12.3166,3056,0,0
200.7758,12.2965,3051,0,0
200.8007,12.3045,3053,0,0
200.8255,12.3126,3055,0,0
200.8503,12.2682,3044,0,0
200.8751,12.2803,3047,0,0
200.8999,12.3206,3057,0,0
200.9247,12.3126,3055,0,0
200.9495,12.3206,3057,0,0
200.9743,12.3166,3056,0,0
200.9991,12.3166,3056,0,0
201.0239,12.2602,3042,0,0
201.0487,12.3206,3057,0,0
201.0735,12.2844,3048,0,0
201.0983,12.3327,3060,0,0
201.1231,12.2844,3048,0,0
201.1479,12.2682,3044,0,0
201.1727,12.3166,3056,0,0
201.1975,12.3085,3054,0,0
201.2223,12.2803,3047,0,0
201.2471,12.3085,3054,0,0
201.2719,12.3085,3054,0,0
201.2967,12.2803,3047,0,0
201.3215,12.2602,3042,0,0
201.3463,12.2763,3046,0,0
201.3711,12.3085,3054,0,0
201.3959,12.2763,3046,0,0
201.4207,12.3327,3060,0,0
201.4455,12.3609,3067,0,0
201.4703,12.2844,3048,0,0
201.4951,12.2682,3044,0,0
201.5199,12.2924,3050,0,0
201.5447,12.3529,3065,0,0
201.5695,12.3166,3056,0,0
201.5943,12.3529,3065,0,0
201.6191,12.2803,3047,0,0
201.6439,12.3488,3064,0,0
201.6687,12.3287,3059,0,0
201.6935,12.3166,3056,0,0
201.7183,12.3206,3057,0,0
201.7431,12.2844,3048,0,0
201.7679,12.3166,3056,0,0
201.7928,12.3206,3057,0,0
201.8176,12.3287,3059,0,0
201.8424,12.3206,3057,0,0
201.8672,12.3166,3056,0,0
201.8920,12.3206,3057,0,0
201.9168,12.2844,3048,0,0
201.9416,12.3327,3060,0,0
201.9664,12.2602,3042,0,0
201.9912,12.3085,3054,0,0
202.0160,12.2763,3046,0,0
202.0408,12.3529,3065,0,0
202.0656,12.2803,3047,0,0
202.0904,12.2763,3046,0,0
202.1152,12.2803,3047,0,0
202.1400,12.2803,3047,0,0
202.1648,12.3166,3056,0,0
202.1896,12.2924,3050,0,0
202.2144,12.3126,3055,0,0
202.2392,12.2602,3042,0,0
202.2640,12.3126,3055,0,0
202.2888,12.3488,3064,0,0
202.3136,12.3206,3057,0,0
202.3384,12.2803,3047,0,0
202.3632,12.3488,3064,0,0
202.3880,12.2723,3045,0,0
202.4128,12.3206,3057,0,0
202.4376,12.3206,3057,0,0
202.4624,12.3045,3053,0,0
202.4872,12.3085,3054,0,0
202.5120,12.3206,3057,0,0
202.5368,12.2763,3046,0,0
202.5616,12.2602,3042,0,0
202.5864,12.2803,3047,0,0
202.6112,12.2803,3047,0,0
202.6360,12.3005,3052,0,0
202.6608,12.3247,3058,0,0
202.6856,12.3247,3058,0,0
202.7104,12.3045,3053,0,0
202.7352,12.2844,3048,0,0
202.7600,12.2803,3047,0,0
202.7849,12.3126,3055,0,0
202.8096,12.2965,3051,0,0
202.8345,12.3045,3053,0,0
202.8593,12.3005,3052,0,0
202.8841,12.2844,3048,0,0
202.9089,12.3287,3059,0,0
202.9337,12.2844,3048,0,0
202.9585,12.2965,3051,0,0
202.9833,12.2521,3040,0,0
203.0081,12.3166,3056,0,0
203.0329,12.3166,3056,0,0
203.0577,12.2844,3048,0,0
203.0825,12.3005,3052,0,0
203.1073,12.3287,3059,0,0
203.1321,12.2682,3044,0,0
203.1569,12.2844,3048,0,0
203.1817,12.2924,3050,0,0
203.2065,12.2844,3048,0,0
203.2313,12.2924,3050,0,0
203.2561,12.3005,3052,0,0
203.2809,12.3206,3057,0,0
203.3057,12.3126,3055,0,0
203.3305,12.3005,3052,0,0
203.3553,12.2965,3051,0,0
203.3801,12.3247,3058,0,0
203.4049,12.3005,3052,0,0
203.4297,12.3206,3057,0,0
203.4545,12.3166,3056,0,0
203.4793,12.2803,3047,0,0
203.5041,12.2924,3050,0,0
203.5289,12.3327,3060,0,0
203.5537,12.2924,3050,0,0
203.5785,12.3327,3060,0,0
203.6033,12.3005,3052,0,0
203.6281,12.2521,3040,0,0
203.6529,12.3085,3054,0,0
203.6777,12.2844,3048,0,0
203.7025,12.2682,3044,0,0
203.7273,12.3206,3057,0,0
203.7522,12.2803,3047,0,0
203.7769,12.3005,3052,0,0
203.8018,12.2965,3051,0,0
203.8266,12.3005,3052,0,0
203.8513,12.3126,3055,0,0
203.8762,12.3166,3056,0,0
203.9010,12.2844,3048,0,0
203.9258,12.3488,3064,0,0
203.9506,12.3206,3057,0,0
203.9754,12.2924,3050,0,0
204.0002,12.3166,3056,0,0
204.0250,12.2924,3050,0,0
204.0498,12.3206,3057,0,0
204.0746,12.3126,3055,0,0
204.0994,12.3287,3059,0,0
204.1242,12.2844,3048,0,0
204.1490,12.2965,3051,0,0
204.1738,12.3206,3057,0,0
204.1986,12.3166,3056,0,0
204.2234,12.3166,3056,0,0
204.2482,12.2924,3050,0,0
204.2730,12.2844,3048,0,0
204.2978,12.2803,3047,0,0
204.3226,12.3206,3057,0,0
204.3474,12.3126,3055,0,0
204.3722,12.2521,3040,0,0
204.3970,12.2803,3047,0,0
204.4218,12.2803,3047,0,0
204.4466,12.3327,3060,0,0
204.4714,12.3206,3057,0,0
204.4962,12.2803,3047,0,0
204.5210,12.3126,3055,0,0
204.5458,12.2763,3046,0,0
204.5706,12.2965,3051,0,0
204.5954,12.2924,3050,0,0
204.6202,12.2844,3048,0,0
204.6450,12.3166,3056,0,0
204.6698,12.3206,3057,0,0
204.6946,12.2803,3047,0,0
204.7194,12.2844,3048,0,0
204.7442,12.3166,3056,0,0
204.7690,12.2844,3048,0,0
204.7939,12.3166,3056,0,0
204.8186,12.3488,3064,0,0
204.8435,12.2924,3050,0,0
204.8683,12.3206,3057,0,0
204.8931,12.2965,3051,0,0
204.9179,12.2803,3047,0,0
204.9427,12.2844,3048,0,0
204.9675,12.2844,3048,0,0
204.9923,12.3206,3057,0,0
205.0171,12.3085,3054,0,0
205.0419,12.3206,3057,0,0
205.0667,12.3206,3057,0,0
205.0915,12.3287,3059,0,0
205.1163,12.2844,3048,0,0
205.1411,12.3166,3056,0,0
205.1659,12.2803,3047,0,0
205.1907,12.2803,3047,0,0
205.2155,12.3126,3055,0,0
205.2403,12.2602,3042,0,0
205.2651,12.3206,3057,0,0
205.2899,12.2682,3044,0,0
205.3147,12.3166,3056,0,0
205.3395,12.3166,3056,0,0
205.3643,12.2844,3048,0,0
205.3891,12.3206,3057,0,0
205.4139,12.3206,3057,0,0
205.4387,12.2803,3047,0,0
205.4635,12.3206,3057,0,0
205.4883,12.3045,3053,0,0
205.5131,12.3166,3056,0,0
205.5379,12.3166,3056,0,0
205.5627,12.3085,3054,0,0
205.5875,12.3126,3055,0,0
205.6123,12.3287,3059,0,0
205.6371,12.2965,3051,0,0
205.6619,12.3206,3057,0,0
205.6867,12.2682,3044,0,0
205.7115,12.3005,3052,0,0
205.7363,12.3166,3056,0,0
205.7611,12.3166,3056,0,0
205.7859,12.2602,3042,0,0
205.8107,12.3206,3057,0,0
205.8356,12.3488,3064,0,0
205.8604,12.2844,3048,0,0
205.8852,12.2844,3048,0,0
205.9100,12.3005,3052,0,0
205.9348,12.3287,3059,0,0
205.9596,12.2521,3040,0,0
205.9844,12.3126,3055,0,0
206.0092,12.3206,3057,0,0
206.0340,12.3327,3060,0,0
206.0588,12.2803,3047,0,0
206.0836,12.2844,3048,0,0
206.1084,12.3085,3054,0,0
206.1332,12.2924,3050,0,0
206.1580,12.3126,3055,0,0
206.1828,12.3206,3057,0,0
206.2076,12.3166,3056,0,0
206.2324,12.3166,3056,0,0
206.2572,12.3488,3064,0,0
206.2820,12.2521,3040,0,0
206.3068,12.3206,3057,0,0
206.3316,12.3287,3059,0,0
206.3564,12.2924,3050,0,0
206.3812,12.3045,3053,0,0
206.4060,12.3045,3053,0,0
206.4308,12.3005,3052,0,0
206.4556,12.3085,3054,0,0
206.4804,12.2965,3051,0,0
206.5052,12.3126,3055,0,0
206.5300,12.3085,3054,0,0
206.5548,12.3045,3053,0,0
206.5796,12.3206,3057,0,0
206.6044,12.3206,3057,0,0
206.6292,12.3166,3056,0,0
206.6540,12.3488,3064,0,0
206.6788,12.3287,3059,0,0
206.7036,12.3488,3064,0,0
206.7284,12.3206,3057,0,0
206.7533,12.2602,3042,0,0
206.7780,12.2521,3040,0,0
206.8028,12.2844,3048,0,0
206.8277,12.3045,3053,0,0
206.8524,12.3085,3054,0,0
206.8773,12.2844,3048,0,0
206.9021,12.3327,3060,0,0
206.9269,12.3085,3054,0,0
206.9517,12.2803,3047,0,0
206.9765,12.2924,3050,0,0
207.0013,12.3085,3054,0,0
207.0261,12.2803,3047,0,0
207.0509,12.2844,3048,0,0
207.0757,12.3126,3055,0,0
207.1005,12.3206,3057,0,0
207.1253,12.3126,3055,0,0
207.1501,12.1393,3012,0,0
207.1749,12.2924,3050,0,0
207.1997,12.3085,3054,0,0
207.2245,12.2844,3048,0,0
207.2493,12.3488,3064,0,0
207.2741,12.2965,3051,0,0
207.2989,12.2965,3051,0,0
207.3237,12.2924,3050,0,0
207.3485,12.3287,3059,0,0
207.3733,12.3126,3055,0,0
207.3981,12.3126,3055,0,0
207.4229,12.3529,3065,0,0
207.4477,12.3085,3054,0,0
207.4725,12.3327,3060,0,0
207.4973,12.2763,3046,0,0
207.5221,12.3327,3060,0,0
207.5469,12.2844,3048,0,0
207.5717,12.3166,3056,0,0
207.5965,12.2602,3042,0,0
207.6213,12.3085,3054,0,0
207.6461,12.2844,3048,0,0
207.6709,12.2803,3047,0,0
207.6957,12.3085,3054,0,0
207.7205,12.2965,3051,0,0
207.7453,12.3005,3052,0,0
207.7701,12.3206,3057,0,0
207.7950,12.2803,3047,0,0
207.8197,12.3126,3055,0,0
207.8445,12.3529,3065,0,0
207.8694,12.3085,3054,0,0
207.8941,12.2763,3046,0,0
207.9190,12.3166,3056,0,0
207.9438,12.2965,3051,0,0
207.9686,12.3569,3066,0,0
207.9934,12.2803,3047,0,0
208.0182,12.2924,3050,0,0
208.0430,12.2481,3039,0,0
208.0678,12.3126,3055,0,0
208.0926,12.3166,3056,0,0
208.1174,12.3247,3058,0,0
208.1422,12.2763,3046,0,0
208.1670,12.3005,3052,0,0
208.1918,12.3126,3055,0,0
208.2166,12.2803,3047,0,0
208.2414,12.2924,3050,0,0
208.2662,12.3287,3059,0,0
208.2910,12.3287,3059,0,0
208.3158,12.3126,3055,0,0
208.3406,12.3166,3056,0,0
208.3654,12.3045,3053,0,0
208.3902,12.2803,3047,0,0
208.4150,12.3206,3057,0,0
208.4398,12.2844,3048,0,0
208.4646,12.3045,3053,0,0
208.4894,12.3126,3055,0,0
208.5142,12.3166,3056,0,0
208.5390,12.3488,3064,0,0
208.5638,12.2924,3050,0,0
208.5886,12.3166,3056,0,0
208.6134,12.2924,3050,0,0
208.6382,12.3085,3054,0,0
208.6630,12.3327,3060,0,0
208.6878,12.2844,3048,0,0
208.7126,12.3005,3052,0,0
208.7374,12.3085,3054,0,0
208.7622,12.2924,3050,0,0
208.7870,12.2844,3048,0,0
208.8118,12.3126,3055,0,0
208.8367,12.2924,3050,0,0
208.8615,12.3408,3062,0,0
208.8863,12.2924,3050,0,0
208.9111,12.3206,3057,0,0
208.9359,12.2602,3042,0,0
208.9607,12.3085,3054,0,0
208.9855,12.2844,3048,0,0
209.0103,12.2602,3042,0,0
209.0351,12.2682,3044,0,0
209.0599,12.3005,3052,0,0
209.0847,12.3126,3055,0,0
209.1095,12.2844,3048,0,0
209.1343,12.2803,3047,0,0
209.1591,12.2803,3047,0,0
209.1839,12.2844,3048,0,0
209.2087,12.3126,3055,0,0
209.2335,12.3005,3052,0,0
209.2583,12.3206,3057,0,0
209.2831,12.2924,3050,0,0
209.3079,12.3327,3060,0,0
209.3327,12.3287,3059,0,0
209.3575,12.3166,3056,0,0
209.3823,12.2803,3047,0,0
209.4071,12.2924,3050,0,0
209.4319,12.2844,3048,0,0
209.4567,12.3247,3058,0,0
209.4815,12.3206,3057,0,0
209.5063,12.2924,3050,0,0
209.5311,12.3045,3053,0,0
209.5559,12.2844,3048,0,0
209.5807,12.3166,3056,0,0
209.6055,12.2924,3050,0,0
209.6303,12.3005,3052,0,0
209.6551,12.3005,3052,0,0
209.6799,12.2924,3050,0,0
209.7047,12.3206,3057,0,0
209.7295,12.3085,3054,0,0
209.7543,12.2763,3046,0,0
209.7791,12.2844,3048,0,0
209.8039,12.3166,3056,0,0
209.8288,12.2803,3047,0,0
209.8535,12.3247,3058,0,0
209.8784,12.2763,3046,0,0
209.9032,12.2763,3046,0,0
209.9280,12.2763,3046,0,0
209.9528,12.3005,3052,0,0
209.9776,12.3085,3054,0,0
210.0024,12.3085,3054,0,0
210.0272,12.2803,3047,0,0
210.0520,12.3247,3058,0,0
210.0768,12.3206,3057,0,0
210.1016,12.2763,3046,0,0
210.1264,12.3206,3057,0,0
210.1512,12.3085,3054,0,0
210.1760,12.3126,3055,0,0
210.2008,12.3085,3054,0,0
210.2256,12.3166,3056,0,0
210.2504,12.3166,3056,0,0
210.2752,12.2924,3050,0,0
210.3000,12.3005,3052,0,0
210.3248,12.2924,3050,0,0
210.3496,12.3085,3054,0,0
210.3744,12.3126,3055,0,0
210.3992,12.3206,3057,0,0
210.4240,12.3448,3063,0,0
210.4488,12.3206,3057,0,0
210.4736,12.3166,3056,0,0
210.4984,12.2844,3048,0,0
210.5232,12.2844,3048,0,0
210.5480,12.3166,3056,0,0
210.5728,12.2803,3047,0,0
210.5976,12.2844,3048,0,0
210.6224,12.2682,3044,0,0
210.6472,12.3126,3055,0,0
210.6720,12.3287,3059,0,0
210.6968,12.3126,3055,0,0
210.7216,12.3126,3055,0,0
210.7464,12.3005,3052,0,0
210.7712,12.2844,3048,0,0
210.7960,12.3085,3054,0,0
210.8208,12.2803,3047,0,0
210.8456,12.3126,3055,0,0
210.8705,12.3287,3059,0,0
210.8952,12.3085,3054,0,0
210.9201,12.2803,3047,0,0
210.9449,12.2763,3046,0,0
210.9697,12.3206,3057,0,0
210.9945,12.2844,3048,0,0
211.0193,12.3005,3052,0,0
211.0441,12.3085,3054,0,0
211.0689,12.3327,3060,0,0
211.0937,12.3005,3052,0,0
211.1185,12.2803,3047,0,0
211.1433,12.3488,3064,0,0
211.1681,12.2763,3046,0,0
211.1929,12.3247,3058,0,0
211.2177,12.3166,3056,0,0
211.2425,12.3005,3052,0,0
211.2673,12.3126,3055,0,0
211.2921,12.3166,3056,0,0
211.3169,12.3166,3056,0,0
211.3417,12.2521,3040,0,0
211.3665,12.2602,3042,0,0
211.3913,12.2844,3048,0,0
211.4161,12.2723,3045,0,0
211.4409,12.2763,3046,0,0
211.4657,12.3126,3055,0,0
211.4905,12.2803,3047,0,0
211.5153,12.2844,3048,0,0
211.5401,12.3166,3056,0,0
211.5649,12.3166,3056,0,0
211.5897,12.3206,3057,0,0
211.6145,12.3569,3066,0,0
211.6393,12.3166,3056,0,0
211.6641,12.2521,3040,0,0
211.6889,12.3126,3055,0,0
211.7137,12.3005,3052,0,0
211.7385,12.3126,3055,0,0
211.7633,12.3327,3060,0,0
211.7881,12.2924,3050,0,0
211.8129,12.3206,3057,0,0
211.8377,12.2844,3048,0,0
211.8625,12.3287,3059,0,0
211.8873,12.2965,3051,0,0
211.9122,12.2844,3048,0,0
211.9370,12.3569,3066,0,0
211.9618,12.2924,3050,0,0
211.9866,12.3085,3054,0,0
212.0114,12.2602,3042,0,0
212.0362,12.2803,3047,0,0
212.0610,12.3166,3056,0,0
212.0858,12.3005,3052,0,0
212.1106,12.2924,3050,0,0
212.1354,12.3126,3055,0,0
212.1602,12.2844,3048,0,0
212.1850,12.2844,3048,0,0
212.2098,12.3126,3055,0,0
212.2346,12.2844,3048,0,0
212.2594,12.3085,3054,0,0
212.2842,12.3166,3056,0,0
212.3090,12.2803,3047,0,0
212.3338,12.2965,3051,0,0
212.3586,12.2924,3050,0,0
212.3834,12.2924,3050,0,0
212.4082,12.2481,3039,0,0
212.4330,12.2803,3047,0,0
212.4578,12.2239,3033,0,0
212.4826,12.2844,3048,0,0
212.5074,12.3126,3055,0,0
212.5322,12.2602,3042,0,0
212.5570,12.3085,3054,0,0
212.5818,12.2924,3050,0,0
212.6066,12.2844,3048,0,0
212.6314,12.2844,3048,0,0
212.6562,12.3005,3052,0,0
212.6810,12.3247,3058,0,0
212.7058,12.2844,3048,0,0
212.7306,12.2803,3047,0,0
212.7554,12.3206,3057,0,0
212.7802,12.2521,3040,0,0
212.8050,12.2965,3051,0,0
212.8298,12.3488,3064,0,0
212.8546,12.2803,3047,0,0
212.8795,12.3166,3056,0,0
212.9043,12.2924,3050,0,0
212.9290,12.2924,3050,0,0
212.9539,12.2602,3042,0,0
212.9787,12.3005,3052,0,0
213.0035,12.2924,3050,0,0
213.0283,12.2844,3048,0,0
213.0531,12.2844,3048,0,0
213.0779,12.2844,3048,0,0
213.1027,12.2521,3040,0,0
213.1275,12.3327,3060,0,0
213.1523,12.3045,3053,0,0
213.1771,12.2844,3048,0,0
213.2019,12.2682,3044,0,0
213.2267,12.3166,3056,0,0
213.2515,12.2844,3048,0,0
213.2763,12.2844,3048,0,0
213.3011,12.3126,3055,0,0
213.3259,12.2924,3050,0,0
213.3507,12.3085,3054,0,0
213.3755,12.3126,3055,0,0
213.4003,12.3206,3057,0,0
213.4251,12.3126,3055,0,0
213.4499,12.3126,3055,0,0
213.4747,12.3247,3058,0,0
213.4995,12.2602,3042,0,0
213.5243,12.2844,3048,0,0
213.5491,12.3045,3053,0,0
213.5739,12.3166,3056,0,0
213.5987,12.2965,3051,0,0
213.6235,12.2803,3047,0,0
213.6483,12.2844,3048,0,0
213.6731,12.3085,3054,0,0
213.6979,12.3448,3063,0,0
213.7227,12.2602,3042,0,0
213.7475,12.3085,3054,0,0
213.7723,12.3247,3058,0,0
213.7971,12.2844,3048,0,0
213.8219,12.3126,3055,0,0
213.8467,12.3166,3056,0,0
213.8716,12.2844,3048,0,0
213.8963,12.3126,3055,0,0
213.9212,12.2844,3048,0,0
213.9460,12.3085,3054,0,0
213.9707,12.3327,3060,0,0
213.9956,12.2924,3050,0,0
214.0204,12.3085,3054,0,0
214.0452,12.2924,3050,0,0
214.0700,12.3166,3056,0,0
214.0948,12.2844,3048,0,0
214.1196,12.2844,3048,0,0
214.1444,12.2803,3047,0,0
214.1692,12.2763,3046,0,0
214.1940,12.3327,3060,0,0
214.2188,12.2965,3051,0,0
214.2436,12.3045,3053,0,0
214.2684,12.2844,3048,0,0
214.2932,12.3126,3055,0,0
214.3180,12.2844,3048,0,0
214.3428,12.3206,3057,0,0
214.3676,12.3166,3056,0,0
214.3924,12.2723,3045,0,0
214.4172,12.2602,3042,0,0
214.4420,12.2924,3050,0,0
214.4668,12.3488,3064,0,0
214.4916,12.3085,3054,0,0
214.5164,12.3206,3057,0,0
214.5412,12.2924,3050,0,0
214.5660,12.2844,3048,0,0
214.5908,12.3005,3052,0,0
214.6156,12.3166,3056,0,0
214.6404,12.2844,3048,0,0
214.6652,12.3488,3064,0,0
214.6900,12.2803,3047,0,0
214.7148,12.2803,3047,0,0
214.7396,12.3166,3056,0,0
214.7644,12.3529,3065,0,0
214.7892,12.3287,3059,0,0
214.8140,12.3247,3058,0,0
214.8388,12.3247,3058,0,0
214.8636,12.2844,3048,0,0
214.8884,12.3045,3053,0,0
214.9133,12.3085,3054,0,0
214.9380,12.3085,3054,0,0
214.9629,12.3085,3054,0,0
214.9877,12.3005,3052,0,0
215.0125,12.3005,3052,0,0
215.0373,12.2924,3050,0,0
215.0621,12.3166,3056,0,0
215.0869,12.3126,3055,0,0
215.1117,12.3126,3055,0,0
215.1365,12.2844,3048,0,0
215.1613,12.2924,3050,0,0
215.1861,12.2844,3048,0,0
215.2109,12.2803,3047,0,0
215.2357,12.3166,3056,0,0
215.2605,12.2602,3042,0,0
215.2853,12.3166,3056,0,0
215.3101,12.2763,3046,0,0
215.3349,12.2763,3046,0,0
215.3597,12.2844,3048,0,0
215.3845,12.3166,3056,0,0
215.4093,12.3448,3063,0,0
215.4341,12.2844,3048,0,0
215.4589,12.2844,3048,0,0
215.4837,12.3126,3055,0,0
215.5085,12.3005,3052,0,0
215.5333,12.3166,3056,0,0
215.5581,12.2924,3050,0,0
215.5829,12.3206,3057,0,0
215.6077,12.3206,3057,0,0
215.6325,12.2521,3040,0,0
215.6573,12.2844,3048,0,0
215.6821,12.3126,3055,0,0
215.7069,12.3126,3055,0,0
215.7317,12.2602,3042,0,0
215.7565,12.3287,3059,0,0
215.7813,12.3005,3052,0,0
215.8061,12.3488,3064,0,0
215.8309,12.2844,3048,0,0
215.8557,12.3045,3053,0,0
215.8805,12.2844,3048,0,0
215.9053,12.2844,3048,0,0
215.9301,12.3085,3054,0,0
215.9550,12.2844,3048,0,0
215.9798,12.3126,3055,0,0
216.0046,12.3166,3056,0,0
216.0294,12.3529,3065,0,0
216.0542,12.2924,3050,0,0
216.0790,12.2924,3050,0,0
216.1038,12.2844,3048,0,0
216.1286,12.3206,3057,0,0
216.1534,12.2602,3042,0,0
216.1782,12.2682,3044,0,0
216.2030,12.2803,3047,0,0
216.2278,12.2521,3040,0,0
216.2526,12.2803,3047,0,0
216.2774,12.2924,3050,0,0
216.3022,12.3287,3059,0,0
216.3270,12.2602,3042,0,0
216.3518,12.3206,3057,0,0
216.3766,12.2844,3048,0,0
216.4014,12.3005,3052,0,0
216.4262,12.3085,3054,0,0
216.4510,12.2844,3048,0,0
216.4758,12.3005,3052,0,0
216.5006,12.3085,3054,0,0
216.5254,12.3085,3054,0,0
216.5502,12.3085,3054,0,0
216.5750,12.3488,3064,0,0
216.5998,12.2723,3045,0,0
216.6246,12.2844,3048,0,0
216.6494,12.2602,3042,0,0
216.6742,12.2763,3046,0,0
216.6990,12.2924,3050,0,0
216.7238,12.2844,3048,0,0
216.7486,12.3085,3054,0,0
216.7734,12.3005,3052,0,0
216.7982,12.2682,3044,0,0
216.8230,12.3005,3052,0,0
216.8478,12.3287,3059,0,0
216.8727,12.2844,3048,0,0
216.8974,12.2924,3050,0,0
216.9222,12.3206,3057,0,0
216.9471,12.3126,3055,0,0
216.9718,12.2803,3047,0,0
216.9967,12.3529,3065,0,0
217.0215,12.2924,3050,0,0
217.0463,12.3166,3056,0,0
217.0711,12.3085,3054,0,0
217.0959,12.2844,3048,0,0
217.1207,12.2682,3044,0,0
217.1455,12.2803,3047,0,0
217.1703,12.2763,3046,0,0
217.1951,12.2803,3047,0,0
217.2199,12.3206,3057,0,0
217.2447,12.3166,3056,0,0
217.2695,12.3126,3055,0,0
217.2943,12.3488,3064,0,0
217.3191,12.2803,3047,0,0
217.3439,12.2803,3047,0,0
217.3687,12.2844,3048,0,0
217.3935,12.3045,3053,0,0
217.4183,12.2521,3040,0,0
217.4431,12.3206,3057,0,0
217.4679,12.3166,3056,0,0
217.4927,12.3206,3057,0,0
217.5175,12.2763,3046,0,0
217.5423,12.3287,3059,0,0
217.5671,12.2803,3047,0,0
217.5919,12.2521,3040,0,0
217.6167,12.3166,3056,0,0
217.6415,12.2844,3048,0,0
217.6663,12.2965,3051,0,0
217.6911,12.2682,3044,0,0
217.7159,12.2965,3051,0,0
217.7407,12.2521,3040,0,0
217.7655,12.2602,3042,0,0
217.7903,12.2844,3048,0,0
217.8151,12.2521,3040,0,0
217.8399,12.2924,3050,0,0
217.8647,12.2803,3047,0,0
217.8895,12.2803,3047,0,0
217.9144,12.3045,3053,0,0
217.9391,12.3045,3053,0,0
217.9640,12.2924,3050,0,0
217.9888,12.3206,3057,0,0
218.0135,12.3488,3064,0,0
218.0384,12.3005,3052,0,0
218.0632,12.3126,3055,0,0
218.0880,12.3005,3052,0,0
218.1128,12.2844,3048,0,0
218.1376,12.2924,3050,0,0
218.1624,12.3206,3057,0,0
218.1872,12.2844,3048,0,0
218.2120,12.3287,3059,0,0
218.2368,12.3166,3056,0,0
218.2616,12.3247,3058,0,0
218.2864,12.2803,3047,0,0
218.3112,12.3005,3052,0,0
218.3360,12.3287,3059,0,0
218.3608,12.3126,3055,0,0
218.3856,12.2924,3050,0,0
218.4104,12.3126,3055,0,0
218.4352,12.2844,3048,0,0
218.4600,12.2844,3048,0,0
218.4848,12.3085,3054,0,0
218.5096,12.2763,3046,0,0
218.5344,12.3247,3058,0,0
218.5592,12.3327,3060,0,0
218.5840,12.2965,3051,0,0
218.6088,12.3005,3052,0,0
218.6336,12.3085,3054,0,0
218.6584,12.2844,3048,0,0
218.6832,12.2763,3046,0,0
218.7080,12.2803,3047,0,0
218.7328,12.2803,3047,0,0
218.7576,12.3206,3057,0,0
218.7824,12.2682,3044,0,0
218.8072,12.3247,3058,0,0
218.8320,12.3005,3052,0,0
218.8568,12.2763,3046,0,0
218.8816,12.2763,3046,0,0
218.9064,12.2803,3047,0,0
218.9312,12.2924,3050,0,0
218.9561,12.3166,3056,0,0
218.9809,12.3327,3060,0,0
219.0057,12.3085,3054,0,0
219.0305,12.2844,3048,0,0
219.0553,12.2602,3042,0,0
219.0801,12.3206,3057,0,0
219.1049,12.3166,3056,0,0
219.1297,12.3166,3056,0,0
219.1545,12.2803,3047,0,0
219.1793,12.3085,3054,0,0
219.2041,12.3166,3056,0,0
219.2289,12.2441,3038,0,0
219.2537,12.2602,3042,0,0
219.2785,12.3287,3059,0,0
219.3033,12.2924,3050,0,0
219.3281,12.3206,3057,0,0
219.3529,12.3126,3055,0,0
219.3777,12.2803,3047,0,0
219.4025,12.2602,3042,0,0
219.4273,12.2844,3048,0,0
219.4521,12.2803,3047,0,0
219.4769,12.2723,3045,0,0
219.5017,12.2481,3039,0,0
219.5265,12.3005,3052,0,0
219.5513,12.2844,3048,0,0
219.5761,12.3166,3056,0,0
219.6009,12.2965,3051,0,0
219.6257,12.3206,3057,0,0
219.6505,12.3126,3055,0,0
219.6753,12.3005,3052,0,0
219.7001,12.3287,3059,0,0
219.7249,12.3126,3055,0,0
219.7497,12.2924,3050,0,0
219.7745,12.3206,3057,0,0
219.7993,12.2803,3047,0,0
219.8241,12.2682,3044,0,0
219.8489,12.2924,3050,0,0
219.8737,12.3287,3059,0,0
219.8985,12.3085,3054,0,0
219.9233,12.2521,3040,0,0
219.9482,12.2803,3047,0,0
219.9729,12.2803,3047,0,0
219.9978,12.3247,3058,0,0
220.0226,12.2924,3050,0,0
220.0474,12.2803,3047,0,0
220.0722,12.2803,3047,0,0
220.0970,12.2521,3040,0,0
220.1218,12.2844,3048,0,0
220.1466,12.2844,3048,0,0
220.1714,12.2803,3047,0,0
220.1962,12.3085,3054,0,0
220.2210,12.3488,3064,0,0
220.2458,12.3488,3064,0,0
220.2706,12.2763,3046,0,0
220.2954,12.2924,3050,0,0
220.3202,12.2924,3050,0,0
220.3450,12.2602,3042,0,0
220.3698,12.2763,3046,0,0
220.3946,12.3166,3056,0,0
220.4194,12.2844,3048,0,0
220.4442,12.3005,3052,0,0
220.4690,12.2924,3050,0,0
220.4938,12.2844,3048,0,0
220.5186,12.3287,3059,0,0
220.5434,12.3166,3056,0,0
220.5682,12.2763,3046,0,0
220.5930,12.2682,3044,0,0
220.6178,12.2803,3047,0,0
220.6426,12.3045,3053,0,0
220.6674,12.3448,3063,0,0
220.6922,12.3247,3058,0,0
220.7170,12.2844,3048,0,0
220.7418,12.3085,3054,0,0
220.7666,12.2602,3042,0,0
220.7914,12.3126,3055,0,0
220.8162,12.3206,3057,0,0
220.8410,12.3448,3063,0,0
220.8658,12.3005,3052,0,0
220.8906,12.3085,3054,0,0
220.9154,12.3085,3054,0,0
220.9402,12.2844,3048,0,0
220.9650,12.2521,3040,0,0
220.9899,12.2924,3050,0,0
221.0146,12.2803,3047,0,0
221.0395,12.2844,3048,0,0
221.0643,12.3126,3055,0,0
221.0891,12.2844,3048,0,0
221.1139,12.2803,3047,0,0
221.1387,12.2763,3046,0,0
221.1635,12.2844,3048,0,0
221.1883,12.3690,3069,0,0
221.2131,12.2844,3048,0,0
221.2379,12.2844,3048,0,0
221.2627,12.2521,3040,0,0
221.2875,12.2602,3042,0,0
221.3123,12.3287,3059,0,0
221.3371,12.2682,3044,0,0
221.3619,12.2723,3045,0,0
221.3867,12.2844,3048,0,0
221.4115,12.3126,3055,0,0
221.4363,12.2924,3050,0,0
221.4611,12.2521,3040,0,0
221.4859,12.3287,3059,0,0
221.5107,12.2763,3046,0,0
221.5355,12.3206,3057,0,0
221.5603,12.2924,3050,0,0
221.5851,12.2924,3050,0,0
221.6099,12.2763,3046,0,0
221.6347,12.2844,3048,0,0
221.6595,12.2803,3047,0,0
221.6843,12.3206,3057,0,0
221.7091,12.2763,3046,0,0
221.7339,12.3126,3055,0,0
221.7587,12.2682,3044,0,0
221.7835,12.2924,3050,0,0
221.8083,12.3690,3069,0,0
221.8331,12.2803,3047,0,0
221.8579,12.2844,3048,0,0
221.8827,12.2803,3047,0,0
221.9075,12.2682,3044,0,0
221.9323,12.2803,3047,0,0
221.9572,12.2844,3048,0,0
221.9819,12.3166,3056,0,0
222.0067,12.2844,3048,0,0
222.0316,12.2965,3051,0,0
222.0564,12.3005,3052,0,0
222.0812,12.3166,3056,0,0
222.1060,12.2844,3048,0,0
222.1308,12.2844,3048,0,0
222.1556,12.2844,3048,0,0
222.1804,12.2844,3048,0,0
222.2052,12.2844,3048,0,0
222.2300,12.3206,3057,0,0
222.2548,12.2844,3048,0,0
222.2796,12.2844,3048,0,0
222.3044,12.2924,3050,0,0
222.3292,12.2602,3042,0,0
222.3540,12.3206,3057,0,0
222.3788,12.3206,3057,0,0
222.4036,12.2844,3048,0,0
222.4284,12.3126,3055,0,0
222.4532,12.3327,3060,0,0
222.4780,12.3327,3060,0,0
222.5028,12.3569,3066,0,0
222.5276,12.2682,3044,0,0
222.5524,12.2682,3044,0,0
222.5772,12.3247,3058,0,0
222.6020,12.2803,3047,0,0
222.6268,12.2521,3040,0,0
222.6516,12.2803,3047,0,0
222.6764,12.3126,3055,0,0
222.7012,12.3085,3054,0,0
222.7260,12.2844,3048,0,0
222.7508,12.3166,3056,0,0
222.7756,12.3166,3056,0,0
222.8004,12.3126,3055,0,0
222.8252,12.2763,3046,0,0
222.8500,12.3005,3052,0,0
222.8748,12.3005,3052,0,0
222.8996,12.2521,3040,0,0
222.9244,12.2924,3050,0,0
222.9492,12.3206,3057,0,0
222.9740,12.2803,3047,0,0
222.9989,12.3005,3052,0,0
223.0237,12.3085,3054,0,0
223.0484,12.2844,3048,0,0
223.0733,12.3045,3053,0,0
223.0981,12.2803,3047,0,0
223.1229,12.2763,3046,0,0
223.1477,12.2803,3047,0,0
223.1725,12.3085,3054,0,0
223.1973,12.2844,3048,0,0
223.2221,12.2924,3050,0,0
223.2469,12.2924,3050,0,0
223.2717,12.3206,3057,0,0
223.2965,12.3206,3057,0,0
223.3213,12.2924,3050,0,0
223.3461,12.3166,3056,0,0
223.3709,12.3206,3057,0,0
223.3957,12.2924,3050,0,0
223.4205,12.2924,3050,0,0
223.4453,12.3529,3065,0,0
223.4701,12.2803,3047,0,0
223.4949,12.2844,3048,0,0
223.5197,12.3166,3056,0,0
223.5445,12.2844,3048,0,0
223.5693,12.2844,3048,0,0
223.5941,12.2521,3040,0,0
223.6189,12.2763,3046,0,0
223.6437,12.2924,3050,0,0
223.6685,12.2844,3048,0,0
223.6933,12.3045,3053,0,0
223.7181,12.2844,3048,0,0
223.7429,12.3287,3059,0,0
223.7677,12.2844,3048,0,0
223.7925,12.3206,3057,0,0
223.8173,12.2924,3050,0,0
223.8421,12.2682,3044,0,0
223.8669,12.3206,3057,0,0
223.8917,12.2844,3048,0,0
223.9165,12.2803,3047,0,0
223.9413,12.3005,3052,0,0
223.9661,12.2682,3044,0,0
223.9910,12.2602,3042,0,0
224.0157,12.3045,3053,0,0
224.0406,12.3085,3054,0,0
224.0654,12.3206,3057,0,0
224.0902,12.2924,3050,0,0
224.1150,12.3005,3052,0,0
224.1398,12.2803,3047,0,0
224.1646,12.2803,3047,0,0
224.1894,12.2844,3048,0,0
224.2142,12.3206,3057,0,0
224.2390,12.3206,3057,0,0
224.2638,12.3005,3052,0,0
224.2886,12.2602,3042,0,0
224.3134,12.3126,3055,0,0
224.3382,12.3166,3056,0,0
224.3630,12.2602,3042,0,0
224.3878,12.2803,3047,0,0
224.4126,12.3126,3055,0,0
224.4374,12.3206,3057,0,0
224.4622,12.3005,3052,0,0
224.4870,12.2844,3048,0,0
224.5118,12.2803,3047,0,0
224.5366,12.2844,3048,0,0
224.5614,12.2965,3051,0,0
224.5862,12.2803,3047,0,0
224.6110,12.3005,3052,0,0
224.6358,12.2844,3048,0,0
224.6606,12.3085,3054,0,0
224.6854,12.3085,3054,0,0
224.7102,12.3085,3054,0,0
224.7350,12.3166,3056,0,0
224.7598,12.3085,3054,0,0
224.7846,12.2481,3039,0,0
224.8094,12.3126,3055,0,0
224.8342,12.3206,3057,0,0
224.8590,12.3206,3057,0,0
224.8838,12.2844,3048,0,0
224.9086,12.3005,3052,0,0
224.9334,12.3206,3057,0,0
224.9582,12.2723,3045,0,0
224.9830,12.3085,3054,0,0
225.0078,12.2844,3048,0,0
225.0327,12.2441,3038,0,0
225.0574,12.2965,3051,0,0
225.0823,12.3166,3056,0,0
225.1071,12.3085,3054,0,0
225.1319,12.2924,3050,0,0
225.1567,12.2803,3047,0,0
225.1815,12.3005,3052,0,0
225.2063,12.2763,3046,0,0
225.2311,12.3166,3056,0,0
225.2559,12.3287,3059,0,0
225.2807,12.3206,3057,0,0
225.3055,12.3005,3052,0,0
225.3303,12.3005,3052,0,0
225.3551,12.2844,3048,0,0
225.3799,12.3085,3054,0,0
225.4047,12.3247,3058,0,0
225.4295,12.3206,3057,0,0
225.4543,12.3166,3056,0,0
225.4791,12.3206,3057,0,0
225.5039,12.2521,3040,0,0
225.5287,12.2844,3048,0,0
225.5535,12.2803,3047,0,0
225.5783,12.2844,3048,0,0
225.6031,12.2844,3048,0,0
225.6279,12.3166,3056,0,0
225.6527,12.2602,3042,0,0
225.6775,12.2803,3047,0,0
225.7023,12.3005,3052,0,0
225.7271,12.2239,3033,0,0
225.7519,12.3206,3057,0,0
225.7767,12.3126,3055,0,0
225.8015,12.2924,3050,0,0
225.8263,12.2723,3045,0,0
225.8511,12.2803,3047,0,0
225.8759,12.2965,3051,0,0
225.9007,12.2763,3046,0,0
225.9255,12.2602,3042,0,0
225.9503,12.2602,3042,0,0
225.9751,12.2844,3048,0,0
225.9999,12.2682,3044,0,0
226.0247,12.3085,3054,0,0
226.0495,12.3085,3054,0,0
226.0744,12.3126,3055,0,0
226.0992,12.3206,3057,0,0
226.1240,12.2924,3050,0,0
226.1488,12.2602,3042,0,0
226.1736,12.2924,3050,0,0
226.1984,12.2924,3050,0,0
226.2232,12.3085,3054,0,0
226.2480,12.2844,3048,0,0
226.2728,12.2924,3050,0,0
226.2976,12.2803,3047,0,0
226.3224,12.2844,3048,0,0
226.3472,12.2521,3040,0,0
226.3720,12.2763,3046,0,0
226.3968,12.3085,3054,0,0
226.4216,12.2924,3050,0,0
226.4464,12.2844,3048,0,0
226.4712,12.2602,3042,0,0
226.4960,12.3005,3052,0,0
226.5208,12.3005,3052,0,0
226.5456,12.3085,3054,0,0
226.5704,12.2844,3048,0,0
226.5952,12.2924,3050,0,0
226.6200,12.3005,3052,0,0
226.6448,12.2924,3050,0,0
226.6696,12.3045,3053,0,0
226.6944,12.3166,3056,0,0
226.7192,12.3166,3056,0,0
226.7440,12.3206,3057,0,0
226.7688,12.3206,3057,0,0
226.7936,12.3085,3054,0,0
226.8184,12.3085,3054,0,0
226.8432,12.2803,3047,0,0
226.8680,12.3126,3055,0,0
226.8928,12.3005,3052,0,0
226.9176,12.2521,3040,0,0
226.9424,12.2924,3050,0,0
226.9672,12.3408,3062,0,0
226.9921,12.2844,3048,0,0
227.0168,12.2965,3051,0,0
227.0416,12.3085,3054,0,0
227.0665,12.2924,3050,0,0
227.0912,12.3126,3055,0,0
227.1161,12.3327,3060,0,0
227.1409,12.2844,3048,0,0
227.1657,12.3206,3057,0,0
227.1905,12.3166,3056,0,0
227.2153,12.2803,3047,0,0
227.2401,12.2803,3047,0,0
227.2649,12.3166,3056,0,0
227.2897,12.2763,3046,0,0
227.3145,12.3529,3065,0,0
227.3393,12.2924,3050,0,0
227.3641,12.3166,3056,0,0
227.3889,12.2682,3044,0,0
227.4137,12.3206,3057,0,0
227.4385,12.3005,3052,0,0
227.4633,12.2521,3040,0,0
227.4881,12.2803,3047,0,0
227.5129,12.2682,3044,0,0
227.5377,12.3206,3057,0,0
227.5625,12.3126,3055,0,0
227.5873,12.2763,3046,0,0
227.6121,12.2844,3048,0,0
227.6369,12.2924,3050,0,0
227.6617,12.3529,3065,0,0
227.6865,12.2320,3035,0,0
227.7113,12.2924,3050,0,0
227.7361,12.3206,3057,0,0
227.7609,12.2803,3047,0,0
227.7857,12.2803,3047,0,0
227.8105,12.3166,3056,0,0
227.8353,12.2924,3050,0,0
227.8601,12.3206,3057,0,0
227.8849,12.3166,3056,0,0
227.9097,12.2763,3046,0,0
227.9345,12.3085,3054,0,0
227.9593,12.3166,3056,0,0
227.9841,12.2844,3048,0,0
228.0089,12.2602,3042,0,0
228.0338,12.2924,3050,0,0
228.0585,12.2924,3050,0,0
228.0834,12.3126,3055,0,0
228.1082,12.3166,3056,0,0
228.1329,12.2602,3042,0,0
228.1578,12.3166,3056,0,0
228.1826,12.3448,3063,0,0
228.2074,12.3005,3052,0,0
228.2322,12.3206,3057,0,0
228.2570,12.3327,3060,0,0
228.2818,12.2844,3048,0,0
228.3066,12.2844,3048,0,0
228.3314,12.3005,3052,0,0
228.3562,12.3126,3055,0,0
228.3810,12.2521,3040,0,0
228.4058,12.2965,3051,0,0
228.4306,12.2682,3044,0,0
228.4554,12.2844,3048,0,0
228.4802,12.2763,3046,0,0
228.5050,12.2844,3048,0,0
228.5298,12.2924,3050,0,0
228.5546,12.3206,3057,0,0
228.5794,12.3569,3066,0,0
228.6042,12.2602,3042,0,0
228.6290,12.3005,3052,0,0
228.6538,12.3126,3055,0,0
228.6786,12.2763,3046,0,0
228.7034,12.2844,3048,0,0
228.7282,12.3166,3056,0,0
228.7530,12.2924,3050,0,0
228.7778,12.2602,3042,0,0
228.8026,12.2723,3045,0,0
228.8274,12.3327,3060,0,0
228.8522,12.3206,3057,0,0
228.8770,12.2803,3047,0,0
228.9018,12.3085,3054,0,0
228.9266,12.2844,3048,0,0
228.9514,12.2602,3042,0,0
228.9762,12.3166,3056,0,0
229.0010,12.2803,3047,0,0
229.0258,12.2682,3044,0,0
229.0506,12.2844,3048,0,0
229.0755,12.2965,3051,0,0
229.1003,12.3166,3056,0,0
229.1251,12.3206,3057,0,0
229.1499,12.2763,3046,0,0
229.1747,12.3166,3056,0,0
229.1995,12.2965,3051,0,0
229.2243,12.3085,3054,0,0
229.2491,12.3126,3055,0,0
229.2739,12.2844,3048,0,0
229.2987,12.2844,3048,0,0
229.3235,12.2803,3047,0,0
229.3483,12.3005,3052,0,0
229.3731,12.3206,3057,0,0
229.3979,12.3166,3056,0,0
229.4227,12.3045,3053,0,0
229.4475,12.3045,3053,0,0
229.4723,12.2803,3047,0,0
229.4971,12.2924,3050,0,0
229.5219,12.3206,3057,0,0
229.5467,12.2723,3045,0,0
229.5715,12.3287,3059,0,0
229.5963,12.2521,3040,0,0
229.6211,12.2360,3036,0,0
229.6459,12.2844,3048,0,0
229.6707,12.3206,3057,0,0
229.6955,12.2965,3051,0,0
229.7203,12.2803,3047,0,0
229.7451,12.2924,3050,0,0
229.7699,12.3085,3054,0,0
229.7947,12.3206,3057,0,0
229.8195,12.3045,3053,0,0
229.8443,12.2924,3050,0,0
229.8691,12.2803,3047,0,0
229.8939,12.3126,3055,0,0
229.9187,12.2924,3050,0,0
229.9435,12.2844,3048,0,0
229.9683,12.2682,3044,0,0
229.9931,12.2763,3046,0,0
230.0179,12.2803,3047,0,0
230.0427,12.2924,3050,0,0
230.0676,12.2844,3048,0,0
230.0923,12.2924,3050,0,0
230.1172,12.2924,3050,0,0
230.1420,12.3488,3064,0,0
230.1668,12.3126,3055,0,0
230.1916,12.2803,3047,0,0
230.2164,12.2763,3046,0,0
230.2412,12.2763,3046,0,0
230.2660,12.3247,3058,0,0
230.2908,12.3206,3057,0,0
230.3156,12.3166,3056,0,0
230.3404,12.3206,3057,0,0
230.3652,12.3005,3052,0,0
230.3900,12.2763,3046,0,0
230.4148,12.3005,3052,0,0
230.4396,12.2803,3047,0,0
230.4644,12.2844,3048,0,0
230.4892,12.2844,3048,0,0
230.5140,12.2803,3047,0,0
230.5388,12.2602,3042,0,0
230.5636,12.3287,3059,0,0
230.5884,12.3045,3053,0,0
230.6132,12.3206,3057,0,0
230.6380,12.3005,3052,0,0
230.6628,12.2844,3048,0,0
230.6876,12.2763,3046,0,0
230.7124,12.2803,3047,0,0
230.7372,12.3529,3065,0,0
230.7620,12.2924,3050,0,0
230.7868,12.2844,3048,0,0
230.8116,12.2844,3048,0,0
230.8364,12.3488,3064,0,0
230.8612,12.2803,3047,0,0
230.8860,12.3005,3052,0,0
230.9108,12.2844,3048,0,0
230.9356,12.3166,3056,0,0
230.9604,12.3166,3056,0,0
230.9852,12.2521,3040,0,0
231.0100,12.3085,3054,0,0
231.0349,12.3166,3056,0,0
231.0596,12.2844,3048,0,0
231.0844,12.2844,3048,0,0
231.1093,12.3126,3055,0,0
231.1340,12.2803,3047,0,0
231.1589,12.2803,3047,0,0
231.1837,12.2521,3040,0,0
231.2085,12.2844,3048,0,0
231.2333,12.3206,3057,0,0
231.2581,12.3166,3056,0,0
231.2829,12.2844,3048,0,0
231.3077,12.3287,3059,0,0
231.3325,12.2924,3050,0,0
231.3573,12.2682,3044,0,0
231.3821,12.2844,3048,0,0
231.4069,12.2844,3048,0,0
231.4317,12.2682,3044,0,0
231.4565,12.2844,3048,0,0
231.4813,12.2965,3051,0,0
231.5061,12.2924,3050,0,0
231.5309,12.2844,3048,0,0
231.5557,12.3327,3060,0,0
231.5805,12.3206,3057,0,0
231.6053,12.2844,3048,0,0
231.6301,12.3166,3056,0,0
231.6549,12.2803,3047,0,0
231.6797,12.2844,3048,0,0
231.7045,12.3206,3057,0,0
231.7293,12.2803,3047,0,0
231.7541,12.2924,3050,0,0
231.7789,12.3287,3059,0,0
231.8037,12.2602,3042,0,0
231.8285,12.3327,3060,0,0
231.8533,12.3005,3052,0,0
231.8781,12.3529,3065,0,0
231.9029,12.2602,3042,0,0
231.9277,12.2844,3048,0,0
231.9525,12.3287,3059,0,0
231.9773,12.3045,3053,0,0
232.0021,12.3045,3053,0,0
232.0269,12.2844,3048,0,0
232.0517,12.3085,3054,0,0
232.0766,12.2844,3048,0,0
232.1013,12.3085,3054,0,0
232.1261,12.3287,3059,0,0
232.1510,12.3327,3060,0,0
232.1758,12.2763,3046,0,0
232.2006,12.3085,3054,0,0
232.2254,12.3206,3057,0,0
232.2502,12.2844,3048,0,0
232.2750,12.2844,3048,0,0
232.2998,12.2803,3047,0,0
232.3246,12.2924,3050,0,0
232.3494,12.3206,3057,0,0
232.3742,12.2844,3048,0,0
232.3990,12.2803,3047,0,0
232.4238,12.3287,3059,0,0
232.4486,12.3005,3052,0,0
232.4734,12.2521,3040,0,0
232.4982,12.2924,3050,0,0
232.5230,12.2844,3048,0,0
232.5478,12.3005,3052,0,0
232.5726,12.3206,3057,0,0
232.5974,12.3085,3054,0,0
232.6222,12.3166,3056,0,0
232.6470,12.2803,3047,0,0
232.6718,12.2803,3047,0,0
232.6966,12.3166,3056,0,0
232.7214,12.3206,3057,0,0
232.7462,12.3287,3059,0,0
232.7710,12.2844,3048,0,0
232.7958,12.3166,3056,0,0
232.8206,12.3206,3057,0,0
232.8454,12.3045,3053,0,0
232.8702,12.3126,3055,0,0
232.8950,12.2844,3048,0,0
232.9198,12.3166,3056,0,0
232.9446,12.3085,3054,0,0
232.9694,12.3488,3064,0,0
232.9942,12.3005,3052,0,0
233.0190,12.3166,3056,0,0
233.0438,12.3327,3060,0,0
233.0686,12.2763,3046,0,0
233.0934,12.2924,3050,0,0
233.1183,12.3126,3055,0,0
233.1431,12.3166,3056,0,0
233.1679,12.2924,3050,0,0
233.1927,12.3126,3055,0,0
233.2175,12.2763,3046,0,0
233.2423,12.2844,3048,0,0
233.2671,12.2803,3047,0,0
233.2919,12.2844,3048,0,0
233.3167,12.2965,3051,0,0
233.3415,12.3287,3059,0,0
233.3663,12.3488,3064,0,0
233.3911,12.2844,3048,0,0
233.4159,12.2803,3047,0,0
233.4407,12.2763,3046,0,0
233.4655,12.2924,3050,0,0
233.4903,12.3085,3054,0,0
233.5151,12.3206,3057,0,0
233.5399,12.2924,3050,0,0
233.5647,12.2844,3048,0,0
233.5895,12.3166,3056,0,0
233.6143,12.2924,3050,0,0
233.6391,12.3005,3052,0,0
233.6639,12.3448,3063,0,0
233.6887,12.2763,3046,0,0
233.7135,12.2682,3044,0,0
233.7383,12.3005,3052,0,0
233.7631,12.3327,3060,0,0
233.7879,12.3045,3053,0,0
233.8127,12.2844,3048,0,0
233.8375,12.2844,3048,0,0
233.8623,12.2803,3047,0,0
233.8871,12.2924,3050,0,0
233.9119,12.2803,3047,0,0
233.9367,12.2803,3047,0,0
233.9615,12.2924,3050,0,0
233.9863,12.3085,3054,0,0
234.0111,12.3287,3059,0,0
234.0359,12.2844,3048,0,0
234.0607,12.2481,3039,0,0
234.0855,12.2803,3047,0,0
234.1104,12.2924,3050,0,0
234.1351,12.3287,3059,0,0
234.1600,12.3206,3057,0,0
234.1848,12.3126,3055,0,0
234.2096,12.2803,3047,0,0
234.2344,12.2602,3042,0,0
234.2592,12.2844,3048,0,0
234.2840,12.3126,3055,0,0
234.3088,12.3247,3058,0,0
234.3336,12.2844,3048,0,0
234.3584,12.2723,3045,0,0
234.3832,12.3166,3056,0,0
234.4080,12.2602,3042,0,0
234.4328,12.3488,3064,0,0
234.4576,12.3126,3055,0,0
234.4824,12.2803,3047,0,0
234.5072,12.2602,3042,0,0
234.5320,12.3166,3056,0,0
234.5568,12.3327,3060,0,0
234.5816,12.3166,3056,0,0
234.6064,12.2924,3050,0,0
234.6312,12.2844,3048,0,0
234.6560,12.2924,3050,0,0
234.6808,12.3327,3060,0,0
234.7056,12.2763,3046,0,0
234.7304,12.3126,3055,0,0
234.7552,12.2682,3044,0,0
234.7800,12.2844,3048,0,0
234.8048,12.2924,3050,0,0
234.8296,12.2844,3048,0,0
234.8544,12.2844,3048,0,0
234.8792,12.3166,3056,0,0
234.9040,12.2844,3048,0,0
234.9288,12.2803,3047,0,0
234.9536,12.3166,3056,0,0
234.9784,12.2844,3048,0,0
235.0032,12.2723,3045,0,0
235.0280,12.2844,3048,0,0
235.0528,12.2844,3048,0,0
235.0776,12.3287,3059,0,0
235.1024,12.2924,3050,0,0
235.1272,12.2481,3039,0,0
235.1521,12.2803,3047,0,0
235.1768,12.2723,3045,0,0
235.2017,12.3126,3055,0,0
235.2265,12.3166,3056,0,0
235.2513,12.2521,3040,0,0
235.2761,12.3085,3054,0,0
235.3009,12.2803,3047,0,0
235.3257,12.2844,3048,0,0
235.3505,12.2844,3048,0,0
235.3753,12.2844,3048,0,0
235.4001,12.2803,3047,0,0
235.4249,12.3126,3055,0,0
235.4497,12.3247,3058,0,0
235.4745,12.3166,3056,0,0
235.4993,12.2965,3051,0,0
235.5241,12.2844,3048,0,0
235.5489,12.3529,3065,0,0
235.5737,12.2803,3047,0,0
235.5985,12.2481,3039,0,0
235.6233,12.2521,3040,0,0
235.6481,12.3166,3056,0,0
235.6729,12.3488,3064,0,0
235.6977,12.2602,3042,0,0
235.7225,12.3085,3054,0,0
235.7473,12.3206,3057,0,0
235.7721,12.3005,3052,0,0
235.7969,12.2844,3048,0,0
235.8217,12.3166,3056,0,0
235.8465,12.3085,3054,0,0
235.8713,12.3126,3055,0,0
235.8961,12.2844,3048,0,0
235.9209,12.2844,3048,0,0
235.9457,12.3166,3056,0,0
235.9705,12.2965,3051,0,0
235.9953,12.3045,3053,0,0
236.0201,12.3005,3052,0,0
236.0449,12.2844,3048,0,0
236.0697,12.2924,3050,0,0
236.0945,12.3206,3057,0,0
236.1193,12.3085,3054,0,0
236.1441,12.3126,3055,0,0
236.1689,12.3045,3053,0,0
236.1938,12.3085,3054,0,0
236.2186,12.2844,3048,0,0
236.2434,12.3085,3054,0,0
236.2682,12.3287,3059,0,0
236.2930,12.2803,3047,0,0
236.3178,12.2803,3047,0,0
236.3426,12.3206,3057,0,0
236.3674,12.2924,3050,0,0
236.3922,12.2844,3048,0,0
236.4170,12.3247,3058,0,0
236.4418,12.3045,3053,0,0
236.4666,12.2763,3046,0,0
236.4914,12.2844,3048,0,0
236.5162,12.2844,3048,0,0
236.5410,12.2682,3044,0,0
236.5658,12.2763,3046,0,0
236.5906,12.2844,3048,0,0
236.6154,12.3085,3054,0,0
236.6402,12.3005,3052,0,0
236.6650,12.2965,3051,0,0
236.6898,12.2602,3042,0,0
236.7146,12.3206,3057,0,0
236.7394,12.3005,3052,0,0
236.7642,12.2924,3050,0,0
236.7890,12.2803,3047,0,0
236.8138,12.3126,3055,0,0
236.8386,12.3005,3052,0,0
236.8634,12.3085,3054,0,0
236.8882,12.2924,3050,0,0
236.9130,12.3085,3054,0,0
236.9378,12.3166,3056,0,0
236.9626,12.3126,3055,0,0
236.9874,12.2924,3050,0,0
237.0122,12.3045,3053,0,0
237.0370,12.2602,3042,0,0
237.0618,12.2924,3050,0,0
237.0866,12.2965,3051,0,0
237.1115,12.3126,3055,0,0
237.1362,12.2763,3046,0,0
237.1611,12.3045,3053,0,0
237.1859,12.2924,3050,0,0
237.2106,12.2844,3048,0,0
237.2355,12.2844,3048,0,0
237.2603,12.3085,3054,0,0
237.2851,12.3126,3055,0,0
237.3099,12.3488,3064,0,0
237.3347,12.2803,3047,0,0
237.3595,12.3085,3054,0,0
237.3843,12.3085,3054,0,0
237.4091,12.2682,3044,0,0
237.4339,12.3126,3055,0,0
237.4587,12.2803,3047,0,0
237.4835,12.2803,3047,0,0
237.5083,12.3206,3057,0,0
237.5331,12.3327,3060,0,0
237.5579,12.3085,3054,0,0
237.5827,12.3005,3052,0,0
237.6075,12.2924,3050,0,0
237.6323,12.2521,3040,0,0
237.6571,12.3529,3065,0,0
237.6819,12.2803,3047,0,0
237.7067,12.3005,3052,0,0
237.7315,12.3166,3056,0,0
237.7563,12.2481,3039,0,0
237.7811,12.3126,3055,0,0
237.8059,12.2924,3050,0,0
237.8307,12.2602,3042,0,0
237.8555,12.2803,3047,0,0
237.8803,12.3166,3056,0,0
237.9051,12.2844,3048,0,0
237.9299,12.3247,3058,0,0
237.9547,12.3126,3055,0,0
237.9795,12.2844,3048,0,0
238.0043,12.2924,3050,0,0
238.0291,12.3085,3054,0,0
238.0539,12.2844,3048,0,0
238.0787,12.2924,3050,0,0
238.1035,12.2682,3044,0,0
238.1283,12.2763,3046,0,0
238.1532,12.3488,3064,0,0
238.1779,12.2682,3044,0,0
238.2028,12.3206,3057,0,0
238.2276,12.3206,3057,0,0
238.2523,12.2965,3051,0,0
238.2772,12.3206,3057,0,0
238.3020,12.3045,3053,0,0
238.3268,12.2602,3042,0,0
238.3516,12.2924,3050,0,0
238.3764,12.3005,3052,0,0
238.4012,12.3005,3052,0,0
238.4260,12.2844,3048,0,0
238.4508,12.2763,3046,0,0
238.4756,12.2844,3048,0,0
238.5004,12.3126,3055,0,0
238.5252,12.2602,3042,0,0
238.5500,12.2844,3048,0,0
238.5748,12.3206,3057,0,0
238.5996,12.2844,3048,0,0
238.6244,12.2844,3048,0,0
238.6492,12.3206,3057,0,0
238.6740,12.2803,3047,0,0
238.6988,12.2844,3048,0,0
238.7236,12.2924,3050,0,0
238.7484,12.2844,3048,0,0
238.7732,12.2803,3047,0,0
238.7980,12.2803,3047,0,0
238.8228,12.2763,3046,0,0
238.8476,12.3126,3055,0,0
238.8724,12.3166,3056,0,0
238.8972,12.3166,3056,0,0
238.9220,12.3166,3056,0,0
238.9468,12.3126,3055,0,0
238.9716,12.3126,3055,0,0
238.9964,12.2682,3044,0,0
239.0212,12.2602,3042,0,0
239.0460,12.3005,3052,0,0
239.0708,12.2844,3048,0,0
239.0956,12.2924,3050,0,0
239.1204,12.2844,3048,0,0
239.1452,12.3287,3059,0,0
239.1700,12.2965,3051,0,0
239.1949,12.3166,3056,0,0
239.2197,12.3247,3058,0,0
239.2445,12.3287,3059,0,0
239.2693,12.2602,3042,0,0
239.2941,12.2682,3044,0,0
239.3189,12.3085,3054,0,0
239.3437,12.2965,3051,0,0
239.3685,12.3327,3060,0,0
239.3933,12.3005,3052,0,0
239.4181,12.3287,3059,0,0
239.4429,12.2682,3044,0,0
239.4677,12.2803,3047,0,0
239.4925,12.2602,3042,0,0
239.5173,12.3166,3056,0,0
239.5421,12.3206,3057,0,0
239.5669,12.2682,3044,0,0
239.5917,12.2803,3047,0,0
239.6165,12.2803,3047,0,0
239.6413,12.3045,3053,0,0
239.6661,12.3045,3053,0,0
239.6909,12.3166,3056,0,0
239.7157,12.2844,3048,0,0
239.7405,12.2803,3047,0,0
239.7653,12.2803,3047,0,0
239.7901,12.2844,3048,0,0
239.8149,12.2844,3048,0,0
239.8397,12.2844,3048,0,0
239.8645,12.3327,3060,0,0
239.8893,12.2844,3048,0,0
239.9141,12.2521,3040,0,0
239.9389,12.2844,3048,0,0
239.9637,12.3206,3057,0,0
239.9885,12.2803,3047,0,0
240.0133,12.2602,3042,0,0
240.0381,12.2763,3046,0,0
240.0629,12.2199,3032,0,0
240.0877,12.2844,3048,0,0
240.1125,12.3247,3058,0,0
240.1373,12.2924,3050,0,0
240.1621,12.3166,3056,0,0
240.1870,12.3085,3054,0,0
240.2117,12.3287,3059,0,0
240.2366,12.2763,3046,0,0
240.2614,12.2763,3046,0,0
240.2862,12.2844,3048,0,0
240.3110,12.3126,3055,0,0
240.3358,12.2844,3048,0,0
240.3606,12.3126,3055,0,0
240.3854,12.2803,3047,0,0
240.4102,12.2602,3042,0,0
240.4350,12.2803,3047,0,0
240.4598,12.3166,3056,0,0
240.4846,12.3166,3056,0,0
240.5094,12.3126,3055,0,0
240.5342,12.3327,3060,0,0
240.5590,12.3166,3056,0,0
240.5838,12.3085,3054,0,0
240.6086,12.3166,3056,0,0
240.6334,12.2844,3048,0,0
240.6582,12.2602,3042,0,0
240.6830,12.3327,3060,0,0
240.7078,12.2965,3051,0,0
240.7326,12.2844,3048,0,0
240.7574,12.3166,3056,0,0
240.7822,12.3126,3055,0,0
240.8070,12.2844,3048,0,0
240.8318,12.2844,3048,0,0
240.8566,12.3166,3056,0,0
240.8814,12.2844,3048,0,0
240.9062,12.3166,3056,0,0
240.9310,12.3206,3057,0,0
240.9558,12.3166,3056,0,0
240.9806,12.3126,3055,0,0
241.0054,12.2682,3044,0,0
241.0302,12.2803,3047,0,0
241.0550,12.3166,3056,0,0
241.0798,12.3247,3058,0,0
241.1046,12.2682,3044,0,0
241.1294,12.3085,3054,0,0
241.1543,12.2723,3045,0,0
241.1790,12.2602,3042,0,0
241.2038,12.3005,3052,0,0
241.2287,12.3287,3059,0,0
241.2534,12.2844,3048,0,0
241.2783,12.3206,3057,0,0
241.3031,12.3126,3055,0,0
241.3279,12.2682,3044,0,0
241.3527,12.3488,3064,0,0
241.3775,12.3166,3056,0,0
241.4023,12.3085,3054,0,0
241.4271,12.2682,3044,0,0
241.4519,12.2844,3048,0,0
241.4767,12.2602,3042,0,0
241.5015,12.3166,3056,0,0
241.5263,12.3529,3065,0,0
241.5511,12.2803,3047,0,0
241.5759,12.2844,3048,0,0
241.6007,12.3166,3056,0,0
241.6255,12.3206,3057,0,0
241.6503,12.2803,3047,0,0
241.6751,12.3206,3057,0,0
241.6999,12.3085,3054,0,0
241.7247,12.3166,3056,0,0
241.7495,12.2844,3048,0,0
241.7743,12.2803,3047,0,0
241.7991,12.3206,3057,0,0
241.8239,12.2682,3044,0,0
241.8487,12.2924,3050,0,0
241.8735,12.3166,3056,0,0
241.8983,12.3126,3055,0,0
241.9231,12.2844,3048,0,0
241.9479,12.3085,3054,0,0
241.9727,12.3126,3055,0,0
241.9975,12.2521,3040,0,0
242.0223,12.2763,3046,0,0
242.0471,12.2602,3042,0,0
242.0719,12.3327,3060,0,0
242.0967,12.2924,3050,0,0
242.1215,12.2844,3048,0,0
242.1463,12.3166,3056,0,0
242.1711,12.3045,3053,0,0
242.1960,12.2763,3046,0,0
242.2207,12.3247,3058,0,0
242.2455,12.2481,3039,0,0
242.2704,12.2965,3051,0,0
242.2952,12.3166,3056,0,0
242.3200,12.2844,3048,0,0
242.3448,12.3166,3056,0,0
242.3696,12.2803,3047,0,0
242.3944,12.3005,3052,0,0
242.4192,12.2803,3047,0,0
242.4440,12.3166,3056,0,0
242.4688,12.3488,3064,0,0
242.4936,12.3126,3055,0,0
242.5184,12.2844,3048,0,0
242.5432,12.3126,3055,0,0
242.5680,12.2763,3046,0,0
242.5928,12.2682,3044,0,0
242.6176,12.2844,3048,0,0
242.6424,12.2844,3048,0,0
242.6672,12.2924,3050,0,0
242.6920,12.2924,3050,0,0
242.7168,12.3166,3056,0,0
242.7416,12.3166,3056,0,0
242.7664,12.2682,3044,0,0
242.7912,12.2844,3048,0,0
242.8160,12.3206,3057,0,0
242.8408,12.2844,3048,0,0
242.8656,12.2844,3048,0,0
242.8904,12.3126,3055,0,0
242.9152,12.2763,3046,0,0
242.9400,12.2844,3048,0,0
242.9648,12.2844,3048,0,0
242.9896,12.2682,3044,0,0
243.0144,12.2521,3040,0,0
243.0392,12.2723,3045,0,0
243.0640,12.2521,3040,0,0
243.0888,12.3206,3057,0,0
243.1136,12.2723,3045,0,0
243.1384,12.2682,3044,0,0
243.1632,12.3126,3055,0,0
243.1880,12.2844,3048,0,0
243.2128,12.2521,3040,0,0
243.2377,12.2924,3050,0,0
243.2625,12.2602,3042,0,0
243.2873,12.2844,3048,0,0
243.3121,12.3085,3054,0,0
243.3369,12.2602,3042,0,0
243.3617,12.3045,3053,0,0
243.3865,12.3166,3056,0,0
243.4113,12.2844,3048,0,0
243.4361,12.2844,3048,0,0
243.4609,12.2844,3048,0,0
243.4857,12.2763,3046,0,0
243.5105,12.2803,3047,0,0
243.5353,12.3166,3056,0,0
243.5601,12.2803,3047,0,0
243.5849,12.3327,3060,0,0
243.6097,12.2803,3047,0,0
243.6345,12.2602,3042,0,0
243.6593,12.3287,3059,0,0
243.6841,12.2844,3048,0,0
243.7089,12.2844,3048,0,0
243.7337,12.3206,3057,0,0
243.7585,12.2602,3042,0,0
243.7833,12.3166,3056,0,0
243.8081,12.3045,3053,0,0
243.8329,12.3166,3056,0,0
243.8577,12.2844,3048,0,0
243.8825,12.2602,3042,0,0
243.9073,12.2602,3042,0,0
243.9321,12.2844,3048,0,0
243.9569,12.2602,3042,0,0
243.9817,12.3529,3065,0,0
244.0065,12.3126,3055,0,0
244.0313,12.3126,3055,0,0
244.0561,12.3126,3055,0,0
244.0809,12.2924,3050,0,0
244.1057,12.3166,3056,0,0
244.1305,12.3327,3060,0,0
244.1553,12.3085,3054,0,0
244.1801,12.2803,3047,0,0
244.2049,12.2803,3047,0,0
244.2298,12.2803,3047,0,0
244.2545,12.3206,3057,0,0
244.2794,12.3126,3055,0,0
244.3042,12.2602,3042,0,0
244.3290,12.2924,3050,0,0
244.3538,12.3448,3063,0,0
244.3786,12.2844,3048,0,0
244.4034,12.3045,3053,0,0
244.4282,12.2924,3050,0,0
244.4530,12.3126,3055,0,0
244.4778,12.3488,3064,0,0
244.5026,12.2844,3048,0,0
244.5274,12.3206,3057,0,0
244.5522,12.2521,3040,0,0
244.5770,12.3045,3053,0,0
244.6018,12.3206,3057,0,0
244.6266,12.3327,3060,0,0
244.6514,12.2844,3048,0,0
244.6762,12.3045,3053,0,0
244.7010,12.2602,3042,0,0
244.7258,12.2763,3046,0,0
244.7506,12.3287,3059,0,0
244.7754,12.2763,3046,0,0
244.8002,12.2924,3050,0,0
244.8250,12.2803,3047,0,0
244.8498,12.3045,3053,0,0
244.8746,12.2602,3042,0,0
244.8994,12.3327,3060,0,0
244.9242,12.2803,3047,0,0
244.9490,12.2844,3048,0,0
244.9738,12.3166,3056,0,0
244.9986,12.3287,3059,0,0
245.0234,12.3206,3057,0,0
245.0482,12.2844,3048,0,0
245.0730,12.2844,3048,0,0
245.0978,12.2844,3048,0,0
245.1226,12.2924,3050,0,0
245.1474,12.3005,3052,0,0
245.1722,12.2360,3036,0,0
245.1970,12.2521,3040,0,0
245.2218,12.3166,3056,0,0
245.2466,12.2803,3047,0,0
245.2715,12.2844,3048,0,0
245.2962,12.3206,3057,0,0
245.3211,12.2763,3046,0,0
245.3459,12.3085,3054,0,0
245.3707,12.3126,3055,0,0
245.3955,12.2320,3035,0,0
245.4203,12.2844,3048,0,0
245.4451,12.2763,3046,0,0
245.4699,12.3206,3057,0,0
245.4947,12.2803,3047,0,0
245.5195,12.3085,3054,0,0
245.5443,12.2803,3047,0,0
245.5691,12.2924,3050,0,0
245.5939,12.2682,3044,0,0
245.6187,12.2763,3046,0,0
245.6435,12.3126,3055,0,0
245.6683,12.2602,3042,0,0
245.6931,12.2844,3048,0,0
245.7179,12.2803,3047,0,0
245.7427,12.3005,3052,0,0
245.7675,12.2481,3039,0,0
245.7923,12.2924,3050,0,0
245.8171,12.2803,3047,0,0
245.8419,12.3327,3060,0,0
245.8667,12.3005,3052,0,0
245.8915,12.2803,3047,0,0
245.9163,12.2924,3050,0,0
245.9411,12.2803,3047,0,0
245.9659,12.2844,3048,0,0
245.9907,12.3005,3052,0,0
246.0155,12.3166,3056,0,0
246.0403,12.2803,3047,0,0
246.0651,12.2844,3048,0,0
246.0899,12.3206,3057,0,0
246.1147,12.3045,3053,0,0
246.1395,12.2803,3047,0,0
246.1643,12.2521,3040,0,0
246.1891,12.2803,3047,0,0
246.2139,12.2965,3051,0,0
246.2388,12.3327,3060,0,0
246.2635,12.2602,3042,0,0
246.2883,12.2844,3048,0,0
246.3132,12.3206,3057,0,0
246.3380,12.2602,3042,0,0
246.3628,12.2723,3045,0,0
246.3876,12.2844,3048,0,0
246.4124,12.2965,3051,0,0
246.4372,12.2521,3040,0,0
246.4620,12.2803,3047,0,0
246.4868,12.2763,3046,0,0
246.5116,12.2844,3048,0,0
246.5364,12.2803,3047,0,0
246.5612,12.2844,3048,0,0
246.5860,12.2924,3050,0,0
246.6108,12.3126,3055,0,0
246.6356,12.2844,3048,0,0
246.6604,12.2602,3042,0,0
246.6852,12.3206,3057,0,0
246.7100,12.2924,3050,0,0
246.7348,12.3085,3054,0,0
246.7596,12.2602,3042,0,0
246.7844,12.3327,3060,0,0
246.8092,12.3287,3059,0,0
246.8340,12.2924,3050,0,0
246.8588,12.2844,3048,0,0
246.8836,12.2844,3048,0,0
246.9084,12.2924,3050,0,0
246.9332,12.2844,3048,0,0
246.9580,12.3287,3059,0,0
246.9828,12.2803,3047,0,0
247.0076,12.3206,3057,0,0
247.0324,12.3045,3053,0,0
247.0572,12.3126,3055,0,0
247.0820,12.2844,3048,0,0
247.1068,12.2602,3042,0,0
247.1316,12.3206,3057,0,0
247.1564,12.2682,3044,0,0
247.1812,12.2844,3048,0,0
247.2060,12.3126,3055,0,0
247.2309,12.3085,3054,0,0
247.2556,12.2521,3040,0,0
247.2805,12.2924,3050,0,0
247.3053,12.3327,3060,0,0
247.3300,12.3166,3056,0,0
247.3549,12.3005,3052,0,0
247.3797,12.2803,3047,0,0
247.4045,12.3126,3055,0,0
247.4293,12.3206,3057,0,0
247.4541,12.3247,3058,0,0
247.4789,12.2602,3042,0,0
247.5037,12.2844,3048,0,0
247.5285,12.3287,3059,0,0
247.5533,12.2763,3046,0,0
247.5781,12.2924,3050,0,0
247.6029,12.3166,3056,0,0
247.6277,12.2844,3048,0,0
247.6525,12.2602,3042,0,0
247.6773,12.3085,3054,0,0
247.7021,12.2521,3040,0,0
247.7269,12.2763,3046,0,0
247.7517,12.2803,3047,0,0
247.7765,12.2844,3048,0,0
247.8013,12.3126,3055,0,0
247.8261,12.2803,3047,0,0
247.8509,12.3126,3055,0,0
247.8757,12.2602,3042,0,0
247.9005,12.2803,3047,0,0
247.9253,12.2924,3050,0,0
247.9501,12.3247,3058,0,0
247.9749,12.3126,3055,0,0
247.9997,12.3327,3060,0,0
248.0245,12.3085,3054,0,0
248.0493,12.3126,3055,0,0
248.0741,12.2924,3050,0,0
248.0989,12.2844,3048,0,0
248.1237,12.2844,3048,0,0
248.1485,12.2682,3044,0,0
248.1733,12.2723,3045,0,0
248.1981,12.3005,3052,0,0
248.2229,12.3166,3056,0,0
248.2477,12.2844,3048,0,0
248.2726,12.2723,3045,0,0
248.2973,12.2844,3048,0,0
248.3222,12.2924,3050,0,0
248.3470,12.2763,3046,0,0
248.3718,12.2763,3046,0,0
248.3966,12.2844,3048,0,0
248.4214,12.2924,3050,0,0
248.4462,12.2844,3048,0,0
248.4710,12.2602,3042,0,0
248.4958,12.2844,3048,0,0
248.5206,12.3005,3052,0,0
248.5454,12.2803,3047,0,0
248.5702,12.2803,3047,0,0
248.5950,12.3327,3060,0,0
248.6198,12.2924,3050,0,0
248.6446,12.3005,3052,0,0
248.6694,12.2844,3048,0,0
248.6942,12.2763,3046,0,0
248.7190,12.2844,3048,0,0
248.7438,12.2682,3044,0,0
248.7686,12.2803,3047,0,0
248.7934,12.2844,3048,0,0
248.8182,12.2602,3042,0,0
248.8430,12.3126,3055,0,0
248.8678,12.2844,3048,0,0
248.8926,12.2723,3045,0,0
248.9174,12.2803,3047,0,0
248.9422,12.3206,3057,0,0
248.9670,12.3166,3056,0,0
248.9918,12.3045,3053,0,0
249.0166,12.3166,3056,0,0
249.0414,12.3085,3054,0,0
249.0662,12.3045,3053,0,0
249.0910,12.3005,3052,0,0
249.1158,12.3166,3056,0,0
249.1406,12.2803,3047,0,0
249.1654,12.3085,3054,0,0
249.1902,12.2844,3048,0,0
249.2150,12.2521,3040,0,0
249.2398,12.3126,3055,0,0
249.2646,12.3166,3056,0,0
249.2894,12.2844,3048,0,0
249.3143,12.2924,3050,0,0
249.3391,12.2763,3046,0,0
249.3639,12.2844,3048,0,0
249.3887,12.2803,3047,0,0
249.4135,12.3005,3052,0,0
249.4383,12.3166,3056,0,0
249.4631,12.2763,3046,0,0
249.4879,12.2924,3050,0,0
249.5127,12.3166,3056,0,0
249.5375,12.3126,3055,0,0
249.5623,12.2844,3048,0,0
249.5871,12.2602,3042,0,0
249.6119,12.3005,3052,0,0
249.6367,12.2602,3042,0,0
249.6615,12.2803,3047,0,0
249.6863,12.2521,3040,0,0
249.7111,12.2924,3050,0,0
249.7359,12.3166,3056,0,0
249.7607,12.3005,3052,0,0
249.7855,12.3327,3060,0,0
249.8103,12.2682,3044,0,0
249.8351,12.3045,3053,0,0
249.8599,12.2521,3040,0,0
249.8847,12.2521,3040,0,0
249.9095,12.2803,3047,0,0
249.9343,12.3287,3059,0,0
249.9591,12.2924,3050,0,0
249.9839,12.2602,3042,0,0
250.0087,12.2844,3048,0,0
250.0335,12.2924,3050,0,0
250.0583,12.2924,3050,0,0
250.0831,12.2763,3046,0,0
250.1079,12.3126,3055,0,0
250.1327,12.2521,3040,0,0
250.1575,12.2803,3047,0,0
250.1823,12.2521,3040,0,0
250.2071,12.2803,3047,0,0
250.2319,12.2723,3045,0,0
250.2567,12.2844,3048,0,0
250.2815,12.2844,3048,0,0
250.3064,12.3085,3054,0,0
250.3311,12.2763,3046,0,0
250.3560,12.2844,3048,0,0
250.3808,12.2844,3048,0,0
250.4056,12.2803,3047,0,0
250.4304,12.3045,3053,0,0
250.4552,12.2844,3048,0,0
250.4800,12.3045,3053,0,0
250.5048,12.3126,3055,0,0
250.5296,12.2763,3046,0,0
250.5544,12.2763,3046,0,0
250.5792,12.2763,3046,0,0
250.6040,12.2682,3044,0,0
250.6288,12.2924,3050,0,0
250.6536,12.3287,3059,0,0
250.6784,12.2844,3048,0,0
250.7032,12.3005,3052,0,0
250.7280,12.2763,3046,0,0
250.7528,12.2844,3048,0,0
250.7776,12.3005,3052,0,0
250.8024,12.2803,3047,0,0
250.8272,12.2763,3046,0,0
250.8520,12.2481,3039,0,0
250.8768,12.2803,3047,0,0
250.9016,12.2965,3051,0,0
250.9264,12.2763,3046,0,0
250.9512,12.2803,3047,0,0
250.9760,12.2803,3047,0,0
251.0008,12.3166,3056,0,0
251.0256,12.3126,3055,0,0
251.0504,12.2844,3048,0,0
251.0752,12.3005,3052,0,0
251.1000,12.2803,3047,0,0
251.1248,12.3005,3052,0,0
251.1496,12.2844,3048,0,0
251.1744,12.3166,3056,0,0
251.1992,12.2965,3051,0,0
251.2240,12.2844,3048,0,0
251.2488,12.2844,3048,0,0
251.2737,12.3166,3056,0,0
251.2984,12.2803,3047,0,0
251.3232,12.2763,3046,0,0
251.3481,12.3045,3053,0,0
251.3728,12.3085,3054,0,0
251.3977,12.2763,3046,0,0
251.4225,12.3085,3054,0,0
251.4473,12.2844,3048,0,0
251.4721,12.3005,3052,0,0
251.4969,12.2924,3050,0,0
251.5217,12.3085,3054,0,0
251.5465,12.2602,3042,0,0
251.5713,12.2521,3040,0,0
251.5961,12.2682,3044,0,0
251.6209,12.2521,3040,0,0
251.6457,12.2682,3044,0,0
251.6705,12.3166,3056,0,0
251.6953,12.3206,3057,0,0
251.7201,12.2521,3040,0,0
251.7449,12.2521,3040,0,0
251.7697,12.2803,3047,0,0
251.7945,12.2844,3048,0,0
251.8193,12.2844,3048,0,0
251.8441,12.2803,3047,0,0
251.8689,12.3166,3056,0,0
251.8937,12.2763,3046,0,0
251.9185,12.2803,3047,0,0
251.9433,12.2803,3047,0,0
251.9681,12.3247,3058,0,0
251.9929,12.2441,3038,0,0
252.0177,12.2682,3044,0,0
252.0425,12.2682,3044,0,0
252.0673,12.3045,3053,0,0
252.0921,12.2803,3047,0,0
252.1169,12.2803,3047,0,0
252.1417,12.3166,3056,0,0
252.1665,12.3085,3054,0,0
252.1913,12.2844,3048,0,0
252.2161,12.3085,3054,0,0
252.2409,12.2521,3040,0,0
252.2657,12.3085,3054,0,0
252.2905,12.3206,3057,0,0
252.3154,12.3045,3053,0,0
252.3401,12.2844,3048,0,0
252.3650,12.3085,3054,0,0
252.3898,12.2602,3042,0,0
252.4146,12.2723,3045,0,0
252.4394,12.2360,3036,0,0
252.4642,12.2844,3048,0,0
252.4890,12.3126,3055,0,0
252.5138,12.3166,3056,0,0
252.5386,12.2844,3048,0,0
252.5634,12.2763,3046,0,0
252.5882,12.2924,3050,0,0
252.6130,12.2521,3040,0,0
252.6378,12.2844,3048,0,0
252.6626,12.2924,3050,0,0
252.6874,12.3327,3060,0,0
252.7122,12.2602,3042,0,0
252.7370,12.2844,3048,0,0
252.7618,12.3166,3056,0,0
252.7866,12.2924,3050,0,0
252.8114,12.2682,3044,0,0
252.8362,12.2844,3048,0,0
252.8610,12.2844,3048,0,0
252.8858,12.2844,3048,0,0
252.9106,12.2924,3050,0,0
252.9354,12.3085,3054,0,0
252.9602,12.2924,3050,0,0
252.9850,12.3126,3055,0,0
253.0098,12.3166,3056,0,0
253.0346,12.2803,3047,0,0
253.0594,12.2844,3048,0,0
253.0842,12.2803,3047,0,0
253.1090,12.2602,3042,0,0
253.1338,12.3287,3059,0,0
253.1586,12.3126,3055,0,0
253.1834,12.2924,3050,0,0
253.2082,12.2803,3047,0,0
253.2330,12.3085,3054,0,0
253.2578,12.3085,3054,0,0
253.2826,12.3005,3052,0,0
253.3074,12.2803,3047,0,0
253.3322,12.2803,3047,0,0
253.3571,12.2803,3047,0,0
253.3819,12.2844,3048,0,0
253.4067,12.3085,3054,0,0
253.4315,12.3166,3056,0,0
253.4563,12.2602,3042,0,0
253.4811,12.2521,3040,0,0
253.5059,12.2924,3050,0,0
253.5307,12.2763,3046,0,0
253.5555,12.3166,3056,0,0
253.5803,12.3045,3053,0,0
253.6051,12.3166,3056,0,0
253.6299,12.2602,3042,0,0
253.6547,12.2602,3042,0,0
253.6795,12.2844,3048,0,0
253.7043,12.2602,3042,0,0
253.7291,12.2682,3044,0,0
253.7539,12.2924,3050,0,0
253.7787,12.3085,3054,0,0
253.8035,12.2602,3042,0,0
253.8283,12.2763,3046,0,0
253.8531,12.2803,3047,0,0
253.8779,12.2844,3048,0,0
253.9027,12.2803,3047,0,0
253.9275,12.2844,3048,0,0
253.9523,12.3166,3056,0,0
253.9771,12.2844,3048,0,0
254.0019,12.3005,3052,0,0
254.0267,12.2521,3040,0,0
254.0515,12.2723,3045,0,0
254.0763,12.2924,3050,0,0
254.1011,12.2844,3048,0,0
254.1259,12.2844,3048,0,0
254.1507,12.2521,3040,0,0
254.1755,12.3005,3052,0,0
254.2003,12.3166,3056,0,0
254.2251,12.2924,3050,0,0
254.2499,12.2803,3047,0,0
254.2747,12.2803,3047,0,0
254.2995,12.2924,3050,0,0
254.3243,12.2682,3044,0,0
254.3492,12.2682,3044,0,0
254.3739,12.3287,3059,0,0
254.3988,12.3287,3059,0,0
254.4236,12.2844,3048,0,0
254.4484,12.2803,3047,0,0
254.4732,12.2924,3050,0,0
254.4980,12.2441,3038,0,0
254.5228,12.2844,3048,0,0
254.5476,12.2844,3048,0,0
254.5724,12.2602,3042,0,0
254.5972,12.3166,3056,0,0
254.6220,12.2763,3046,0,0
254.6468,12.3206,3057,0,0
254.6716,12.2844,3048,0,0
254.6964,12.2924,3050,0,0
254.7212,12.2803,3047,0,0
254.7460,12.2521,3040,0,0
254.7708,12.3085,3054,0,0
254.7956,12.2924,3050,0,0
254.8204,12.2844,3048,0,0
254.8452,12.3166,3056,0,0
254.8700,12.2682,3044,0,0
254.8948,12.2763,3046,0,0
254.9196,12.2803,3047,0,0
254.9444,12.2602,3042,0,0
254.9692,12.2682,3044,0,0
254.9940,12.2602,3042,0,0
255.0188,12.2521,3040,0,0
255.0436,12.2844,3048,0,0
255.0684,12.2763,3046,0,0
255.0932,12.3126,3055,0,0
255.1180,12.2803,3047,0,0
255.1428,12.2763,3046,0,0
255.1676,12.3005,3052,0,0
255.1924,12.2763,3046,0,0
255.2172,12.3085,3054,0,0
255.2420,12.3166,3056,0,0
255.2668,12.2763,3046,0,0
255.2916,12.2965,3051,0,0
255.3165,12.3085,3054,0,0
255.3412,12.2602,3042,0,0
255.3660,12.3206,3057,0,0
255.3909,12.2965,3051,0,0
255.4156,12.2924,3050,0,0
255.4405,12.2763,3046,0,0
255.4653,12.2521,3040,0,0
255.4901,12.3206,3057,0,0
255.5149,12.3085,3054,0,0
255.5397,12.3005,3052,0,0
255.5645,12.3206,3057,0,0
255.5893,12.2924,3050,0,0
255.6141,12.2602,3042,0,0
255.6389,12.3045,3053,0,0
255.6637,12.2803,3047,0,0
255.6885,12.2803,3047,0,0
255.7133,12.2803,3047,0,0
255.7381,12.2803,3047,0,0
255.7629,12.2602,3042,0,0
255.7877,12.3085,3054,0,0
255.8125,12.3126,3055,0,0
255.8373,12.2803,3047,0,0
255.8621,12.3085,3054,0,0
255.8869,12.2602,3042,0,0
255.9117,12.2844,3048,0,0
255.9365,12.3045,3053,0,0
255.9613,12.3085,3054,0,0
255.9861,12.2763,3046,0,0
256.0109,12.2602,3042,0,0
256.0357,12.3166,3056,0,0
256.0605,12.2803,3047,0,0
256.0853,12.2763,3046,0,0
256.1101,12.3206,3057,0,0
256.1349,12.3206,3057,0,0
256.1597,12.2763,3046,0,0
256.1845,12.2844,3048,0,0
256.2093,12.2844,3048,0,0
256.2341,12.2803,3047,0,0
256.2589,12.3126,3055,0,0
256.2838,12.2844,3048,0,0
256.3085,12.3005,3052,0,0
256.3333,12.2602,3042,0,0
256.3582,12.3126,3055,0,0
256.3830,12.2844,3048,0,0
256.4077,12.2844,3048,0,0
256.4326,12.2763,3046,0,0
256.4574,12.2844,3048,0,0
256.4821,12.2763,3046,0,0
256.5070,12.3005,3052,0,0
256.5318,12.2924,3050,0,0
256.5566,12.3166,3056,0,0
256.5814,12.2682,3044,0,0
256.6062,12.2803,3047,0,0
256.6310,12.3327,3060,0,0
256.6558,12.2682,3044,0,0
256.6806,12.3085,3054,0,0
256.7054,12.2844,3048,0,0
256.7302,12.4335,3085,0,0
256.7550,12.3206,3057,0,0
256.7798,12.2965,3051,0,0
256.8046,12.3085,3054,0,0
256.8294,12.2602,3042,0,0
256.8542,12.2763,3046,0,0
256.8790,12.2763,3046,0,0
256.9038,12.2521,3040,0,0
256.9286,12.2844,3048,0,0
256.9534,12.3005,3052,0,0
256.9782,12.3206,3057,0,0
257.0030,12.3085,3054,0,0
257.0278,12.2803,3047,0,0
257.0526,12.3206,3057,0,0
257.0774,12.2481,3039,0,0
257.1022,12.2924,3050,0,0
257.1270,12.3126,3055,0,0
257.1518,12.3126,3055,0,0
257.1766,12.3327,3060,0,0
257.2014,12.2803,3047,0,0
257.2262,12.3206,3057,0,0
257.2510,12.2682,3044,0,0
257.2758,12.2602,3042,0,0
257.3006,12.3126,3055,0,0
257.3254,12.2682,3044,0,0
257.3503,12.3085,3054,0,0
257.3751,12.2924,3050,0,0
257.3998,12.3085,3054,0,0
257.4247,12.2844,3048,0,0
257.4495,12.3005,3052,0,0
257.4742,12.2844,3048,0,0
257.4991,12.3045,3053,0,0
257.5239,12.2763,3046,0,0
257.5487,12.2602,3042,0,0
257.5735,12.2844,3048,0,0
257.5983,12.2682,3044,0,0
257.6231,12.2965,3051,0,0
257.6479,12.3005,3052,0,0
257.6727,12.2965,3051,0,0
257.6975,12.2844,3048,0,0
257.7223,12.3005,3052,0,0
257.7471,12.2844,3048,0,0
257.7719,12.3085,3054,0,0
257.7967,12.2481,3039,0,0
257.8215,12.2844,3048,0,0
257.8463,12.3045,3053,0,0
257.8711,12.2521,3040,0,0
257.8959,12.2803,3047,0,0
257.9207,12.2803,3047,0,0
257.9455,12.2844,3048,0,0
257.9703,12.3126,3055,0,0
257.9951,12.3005,3052,0,0
258.0199,12.3287,3059,0,0
258.0447,12.2803,3047,0,0
258.0695,12.2844,3048,0,0
258.0943,12.2803,3047,0,0
258.1191,12.2844,3048,0,0
258.1439,12.2803,3047,0,0
258.1687,12.2924,3050,0,0
258.1935,12.2924,3050,0,0
258.2183,12.2965,3051,0,0
258.2431,12.3045,3053,0,0
258.2679,12.2803,3047,0,0
258.2927,12.2803,3047,0,0
258.3175,12.3085,3054,0,0
258.3423,12.2682,3044,0,0
258.3672,12.2602,3042,0,0
258.3919,12.2924,3050,0,0
258.4167,12.2924,3050,0,0
258.4416,12.3166,3056,0,0
258.4664,12.2521,3040,0,0
258.4911,12.3126,3055,0,0
258.5160,12.2844,3048,0,0
258.5408,12.2844,3048,0,0
258.5656,12.2844,3048,0,0
258.5904,12.3045,3053,0,0
258.6152,12.3287,3059,0,0
258.6400,12.2803,3047,0,0
258.6648,12.3206,3057,0,0
258.6896,12.2602,3042,0,0
258.7144,12.2803,3047,0,0
