# fixture_id,F3FD7C
# firmware,net-bench-2026-08-06.4
# capture_id,4
# pulse_ms,35
# requested_conversion_hz,80000
# vsns_sample_hz,40318.875
# d7s_sample_hz,40318.875
# radio_quiet,true
t_ms,bank_v,vsns_mv,d7s_mv,gate_command
-10.3177,12.3005,3052,0,0
-10.2929,12.3206,3057,0,0
-10.2681,12.3045,3053,0,0
-10.2433,12.3327,3060,0,0
-10.2185,12.2763,3046,0,0
-10.1937,12.2602,3042,0,0
-10.1689,12.2521,3040,0,0
-10.1441,12.3085,3054,0,0
-10.1193,12.2803,3047,0,0
-10.0945,12.3045,3053,0,0
-10.0697,12.2682,3044,0,0
-10.0449,12.2441,3038,0,0
-10.0201,12.2441,3038,0,0
-9.9953,12.2844,3048,0,0
-9.9705,12.3085,3054,0,0
-9.9457,12.2199,3032,0,0
-9.9209,12.2602,3042,0,0
-9.8961,12.3085,3054,0,0
-9.8713,12.2521,3040,0,0
-9.8465,12.2521,3040,0,0
-9.8217,12.2602,3042,0,0
-9.7969,12.2763,3046,0,0
-9.7721,12.2521,3040,0,0
-9.7473,12.2844,3048,0,0
-9.7225,12.2763,3046,0,0
-9.6977,12.3206,3057,0,0
-9.6729,12.2481,3039,0,0
-9.6481,12.2803,3047,0,0
-9.6233,12.2602,3042,0,0
-9.5985,12.2682,3044,0,0
-9.5737,12.2924,3050,0,0
-9.5489,12.2320,3035,0,0
-9.5241,12.3126,3055,0,0
-9.4993,12.2602,3042,0,0
-9.4745,12.3045,3053,0,0
-9.4497,12.3166,3056,0,0
-9.4249,12.2844,3048,0,0
-9.4001,12.3166,3056,0,0
-9.3753,12.2803,3047,0,0
-9.3505,12.3166,3056,0,0
-9.3257,12.2844,3048,0,0
-9.3009,12.3085,3054,0,0
-9.2761,12.3206,3057,0,0
-9.2513,12.2723,3045,0,0
-9.2264,12.2602,3042,0,0
-9.2016,12.2924,3050,0,0
-9.1768,12.3529,3065,0,0
-9.1520,12.3005,3052,0,0
-9.1272,12.2844,3048,0,0
-9.1024,12.2803,3047,0,0
-9.0776,12.3166,3056,0,0
-9.0528,12.2803,3047,0,0
-9.0280,12.3206,3057,0,0
-9.0032,12.2199,3032,0,0
-8.9784,12.2521,3040,0,0
-8.9536,12.2803,3047,0,0
-8.9288,12.2844,3048,0,0
-8.9040,12.2481,3039,0,0
-8.8792,12.3206,3057,0,0
-8.8544,12.3166,3056,0,0
-8.8296,12.2803,3047,0,0
-8.8048,12.2360,3036,0,0
-8.7800,12.3126,3055,0,0
-8.7552,12.2844,3048,0,0
-8.7304,12.2682,3044,0,0
-8.7056,12.2521,3040,0,0
-8.6808,12.3166,3056,0,0
-8.6560,12.2803,3047,0,0
-8.6312,12.2602,3042,0,0
-8.6064,12.2602,3042,0,0
-8.5816,12.2924,3050,0,0
-8.5568,12.2481,3039,0,0
-8.5320,12.2844,3048,0,0
-8.5072,12.4133,3080,0,0
-8.4824,12.3287,3059,0,0
-8.4576,12.2763,3046,0,0
-8.4328,12.2521,3040,0,0
-8.4080,12.2481,3039,0,0
-8.3832,12.2803,3047,0,0
-8.3584,12.2844,3048,0,0
-8.3336,12.2602,3042,0,0
-8.3088,12.3206,3057,0,0
-8.2840,12.2844,3048,0,0
-8.2592,12.2803,3047,0,0
-8.2344,12.2844,3048,0,0
-8.2096,12.2803,3047,0,0
-8.1848,12.2924,3050,0,0
-8.1600,12.2803,3047,0,0
-8.1351,12.2521,3040,0,0
-8.1103,12.3126,3055,0,0
-8.0855,12.2602,3042,0,0
-8.0607,12.2481,3039,0,0
-8.0359,12.2441,3038,0,0
-8.0111,12.3206,3057,0,0
-7.9863,12.2682,3044,0,0
-7.9615,12.3085,3054,0,0
-7.9367,12.2682,3044,0,0
-7.9119,12.2521,3040,0,0
-7.8871,12.3045,3053,0,0
-7.8623,12.2602,3042,0,0
-7.8375,12.2844,3048,0,0
-7.8127,12.2844,3048,0,0
-7.7879,12.3166,3056,0,0
-7.7631,12.2844,3048,0,0
-7.7383,12.2803,3047,0,0
-7.7135,12.3206,3057,0,0
-7.6887,12.2602,3042,0,0
-7.6639,12.3166,3056,0,0
-7.6391,12.2924,3050,0,0
-7.6143,12.2763,3046,0,0
-7.5895,12.2481,3039,0,0
-7.5647,12.2924,3050,0,0
-7.5399,12.3529,3065,0,0
-7.5151,12.3045,3053,0,0
-7.4903,12.2844,3048,0,0
-7.4655,12.2803,3047,0,0
-7.4407,12.3166,3056,0,0
-7.4159,12.2481,3039,0,0
-7.3911,12.2441,3038,0,0
-7.3663,12.2844,3048,0,0
-7.3415,12.3085,3054,0,0
-7.3167,12.3085,3054,0,0
-7.2919,12.2521,3040,0,0
-7.2671,12.3206,3057,0,0
-7.2423,12.3206,3057,0,0
-7.2175,12.3166,3056,0,0
-7.1927,12.2965,3051,0,0
-7.1679,12.2803,3047,0,0
-7.1431,12.2844,3048,0,0
-7.1183,12.2521,3040,0,0
-7.0935,12.2682,3044,0,0
-7.0686,12.2803,3047,0,0
-7.0438,12.2682,3044,0,0
-7.0190,12.2481,3039,0,0
-6.9942,12.2844,3048,0,0
-6.9694,12.3488,3064,0,0
-6.9446,12.3085,3054,0,0
-6.9198,12.2521,3040,0,0
-6.8950,12.2844,3048,0,0
-6.8702,12.2844,3048,0,0
-6.8454,12.3166,3056,0,0
-6.8206,12.2602,3042,0,0
-6.7958,12.2803,3047,0,0
-6.7710,12.2803,3047,0,0
-6.7462,12.2521,3040,0,0
-6.7214,12.2965,3051,0,0
-6.6966,12.2803,3047,0,0
-6.6718,12.2521,3040,0,0
-6.6470,12.2763,3046,0,0
-6.6222,12.2682,3044,0,0
-6.5974,12.2602,3042,0,0
-6.5726,12.2844,3048,0,0
-6.5478,12.3085,3054,0,0
-6.5230,12.2602,3042,0,0
-6.4982,12.2844,3048,0,0
-6.4734,12.2844,3048,0,0
-6.4486,12.2239,3033,0,0
-6.4238,12.2844,3048,0,0
-6.3990,12.2682,3044,0,0
-6.3742,12.2763,3046,0,0
-6.3494,12.2803,3047,0,0
-6.3246,12.2682,3044,0,0
-6.2998,12.2682,3044,0,0
-6.2750,12.2763,3046,0,0
-6.2502,12.2521,3040,0,0
-6.2254,12.2844,3048,0,0
-6.2006,12.3085,3054,0,0
-6.1758,12.2441,3038,0,0
-6.1510,12.2844,3048,0,0
-6.1262,12.3085,3054,0,0
-6.1014,12.2441,3038,0,0
-6.0766,12.2803,3047,0,0
-6.0518,12.2924,3050,0,0
-6.0270,12.2965,3051,0,0
-6.0022,12.2521,3040,0,0
-5.9773,12.2602,3042,0,0
-5.9525,12.2602,3042,0,0
-5.9277,12.2803,3047,0,0
-5.9029,12.3327,3060,0,0
-5.8781,12.2803,3047,0,0
-5.8533,12.3448,3063,0,0
-5.8285,12.2199,3032,0,0
-5.8037,12.2481,3039,0,0
-5.7789,12.2803,3047,0,0
-5.7541,12.3206,3057,0,0
-5.7293,12.2965,3051,0,0
-5.7045,12.2803,3047,0,0
-5.6797,12.2199,3032,0,0
-5.6549,12.2803,3047,0,0
-5.6301,12.2602,3042,0,0
-5.6053,12.2481,3039,0,0
-5.5805,12.3085,3054,0,0
-5.5557,12.3206,3057,0,0
-5.5309,12.3085,3054,0,0
-5.5061,12.2682,3044,0,0
-5.4813,12.3166,3056,0,0
-5.4565,12.2602,3042,0,0
-5.4317,12.2481,3039,0,0
-5.4069,12.3287,3059,0,0
-5.3821,12.2481,3039,0,0
-5.3573,12.2521,3040,0,0
-5.3325,12.2682,3044,0,0
-5.3077,12.3529,3065,0,0
-5.2829,12.2763,3046,0,0
-5.2581,12.3327,3060,0,0
-5.2333,12.3085,3054,0,0
-5.2085,12.2924,3050,0,0
-5.1837,12.3166,3056,0,0
-5.1589,12.2521,3040,0,0
-5.1341,12.3287,3059,0,0
-5.1093,12.2521,3040,0,0
-5.0845,12.2239,3033,0,0
-5.0597,12.2481,3039,0,0
-5.0349,12.2481,3039,0,0
-5.0101,12.3206,3057,0,0
-4.9853,12.2763,3046,0,0
-4.9605,12.2320,3035,0,0
-4.9357,12.3287,3059,0,0
-4.9109,12.3206,3057,0,0
-4.8860,12.2763,3046,0,0
-4.8612,12.3529,3065,0,0
-4.8364,12.3166,3056,0,0
-4.8116,12.3005,3052,0,0
-4.7868,12.3045,3053,0,0
-4.7620,12.2360,3036,0,0
-4.7372,12.2723,3045,0,0
-4.7124,12.2602,3042,0,0
-4.6876,12.2481,3039,0,0
-4.6628,12.2844,3048,0,0
-4.6380,12.2441,3038,0,0
-4.6132,12.2521,3040,0,0
-4.5884,12.3206,3057,0,0
-4.5636,12.2844,3048,0,0
-4.5388,12.2602,3042,0,0
-4.5140,12.2803,3047,0,0
-4.4892,12.3448,3063,0,0
-4.4644,12.3166,3056,0,0
-4.4396,12.3126,3055,0,0
-4.4148,12.3085,3054,0,0
-4.3900,12.2844,3048,0,0
-4.3652,12.2803,3047,0,0
-4.3404,12.2682,3044,0,0
-4.3156,12.3771,3071,0,0
-4.2908,12.2803,3047,0,0
-4.2660,12.2803,3047,0,0
-4.2412,12.2521,3040,0,0
-4.2164,12.3166,3056,0,0
-4.1916,12.3126,3055,0,0
-4.1668,12.2602,3042,0,0
-4.1420,12.2803,3047,0,0
-4.1172,12.3085,3054,0,0
-4.0924,12.2844,3048,0,0
-4.0676,12.2803,3047,0,0
-4.0428,12.2844,3048,0,0
-4.0180,12.3085,3054,0,0
-3.9932,12.2602,3042,0,0
-3.9684,12.2521,3040,0,0
-3.9436,12.2965,3051,0,0
-3.9188,12.2803,3047,0,0
-3.8940,12.2965,3051,0,0
-3.8692,12.2682,3044,0,0
-3.8444,12.3247,3058,0,0
-3.8196,12.2924,3050,0,0
-3.7947,12.2844,3048,0,0
-3.7699,12.3529,3065,0,0
-3.7451,12.2844,3048,0,0
-3.7203,12.2360,3036,0,0
-3.6955,12.2481,3039,0,0
-3.6707,12.3206,3057,0,0
-3.6459,12.3166,3056,0,0
-3.6211,12.3085,3054,0,0
-3.5963,12.2521,3040,0,0
-3.5715,12.3287,3059,0,0
-3.5467,12.3085,3054,0,0
-3.5219,12.2521,3040,0,0
-3.4971,12.2602,3042,0,0
-3.4723,12.3488,3064,0,0
-3.4475,12.2521,3040,0,0
-3.4227,12.2602,3042,0,0
-3.3979,12.3126,3055,0,0
-3.3731,12.3166,3056,0,0
-3.3483,12.2924,3050,0,0
-3.3235,12.2602,3042,0,0
-3.2987,12.3126,3055,0,0
-3.2739,12.2682,3044,0,0
-3.2491,12.2763,3046,0,0
-3.2243,12.3327,3060,0,0
-3.1995,12.2803,3047,0,0
-3.1747,12.3005,3052,0,0
-3.1499,12.2844,3048,0,0
-3.1251,12.3126,3055,0,0
-3.1003,12.2844,3048,0,0
-3.0755,12.2360,3036,0,0
-3.0507,12.3488,3064,0,0
-3.0259,12.2924,3050,0,0
-3.0011,12.2844,3048,0,0
-2.9763,12.2521,3040,0,0
-2.9515,12.2803,3047,0,0
-2.9267,12.2844,3048,0,0
-2.9019,12.2320,3035,0,0
-2.8771,12.2844,3048,0,0
-2.8523,12.3206,3057,0,0
-2.8275,12.2682,3044,0,0
-2.8027,12.2521,3040,0,0
-2.7779,12.3488,3064,0,0
-2.7531,12.2844,3048,0,0
-2.7283,12.2521,3040,0,0
-2.7034,12.2763,3046,0,0
-2.6786,12.3045,3053,0,0
-2.6538,12.2844,3048,0,0
-2.6290,12.2521,3040,0,0
-2.6042,12.4012,3077,0,0
-2.5794,12.2682,3044,0,0
-2.5546,12.2521,3040,0,0
-2.5298,12.2602,3042,0,0
-2.5050,12.2965,3051,0,0
-2.4802,12.2763,3046,0,0
-2.4554,12.2803,3047,0,0
-2.4306,12.2803,3047,0,0
-2.4058,12.3085,3054,0,0
-2.3810,12.3166,3056,0,0
-2.3562,12.2763,3046,0,0
-2.3314,12.2682,3044,0,0
-2.3066,12.3247,3058,0,0
-2.2818,12.2602,3042,0,0
-2.2570,12.2682,3044,0,0
-2.2322,12.2803,3047,0,0
-2.2074,12.2803,3047,0,0
-2.1826,12.2803,3047,0,0
-2.1578,12.2844,3048,0,0
-2.1330,12.3247,3058,0,0
-2.1082,12.3005,3052,0,0
-2.0834,12.2521,3040,0,0
-2.0586,12.3448,3063,0,0
-2.0338,12.3166,3056,0,0
-2.0090,12.2803,3047,0,0
-1.9842,12.2763,3046,0,0
-1.9594,12.2844,3048,0,0
-1.9346,12.2723,3045,0,0
-1.9098,12.2844,3048,0,0
-1.8850,12.2521,3040,0,0
-1.8602,12.3166,3056,0,0
-1.8354,12.2763,3046,0,0
-1.8106,12.2682,3044,0,0
-1.7858,12.3085,3054,0,0
-1.7610,12.2844,3048,0,0
-1.7362,12.2844,3048,0,0
-1.7114,12.2924,3050,0,0
-1.6866,12.2924,3050,0,0
-1.6618,12.2803,3047,0,0
-1.6370,12.2924,3050,0,0
-1.6121,12.2320,3035,0,0
-1.5873,12.3166,3056,0,0
-1.5625,12.2924,3050,0,0
-1.5377,12.2199,3032,0,0
-1.5129,12.3569,3066,0,0
-1.4881,12.3206,3057,0,0
-1.4633,12.2602,3042,0,0
-1.4385,12.2481,3039,0,0
-1.4137,12.3206,3057,0,0
-1.3889,12.3005,3052,0,0
-1.3641,12.2521,3040,0,0
-1.3393,12.2481,3039,0,0
-1.3145,12.3206,3057,0,0
-1.2897,12.3206,3057,0,0
-1.2649,12.2682,3044,0,0
-1.2401,12.2360,3036,0,0
-1.2153,12.2965,3051,0,0
-1.1905,12.2682,3044,0,0
-1.1657,12.2521,3040,0,0
-1.1409,12.2844,3048,0,0
-1.1161,12.3287,3059,0,0
-1.0913,12.2521,3040,0,0
-1.0665,12.2441,3038,0,0
-1.0417,12.3488,3064,0,0
-1.0169,12.2521,3040,0,0
-0.9921,12.2803,3047,0,0
-0.9673,12.2844,3048,0,0
-0.9425,12.3488,3064,0,0
-0.9177,12.3005,3052,0,0
-0.8929,12.2602,3042,0,0
-0.8681,12.3166,3056,0,0
-0.8433,12.3126,3055,0,0
-0.8185,12.2763,3046,0,0
-0.7937,12.2844,3048,0,0
-0.7689,12.3569,3066,0,0
-0.7441,12.2481,3039,0,0
-0.7193,12.2602,3042,0,0
-0.6945,12.2199,3032,0,0
-0.6697,12.3166,3056,0,0
-0.6449,12.3005,3052,0,0
-0.6201,12.2481,3039,0,0
-0.5953,12.3206,3057,0,0
-0.5705,12.3166,3056,0,0
-0.5457,12.2763,3046,0,0
-0.5208,12.2602,3042,0,0
-0.4960,12.3126,3055,0,0
-0.4712,12.3166,3056,0,0
-0.4464,12.2682,3044,0,0
-0.4216,12.3166,3056,0,0
-0.3968,12.2924,3050,0,0
-0.3720,12.2602,3042,0,0
-0.3472,12.2602,3042,0,0
-0.3224,12.3287,3059,0,0
-0.2976,12.2844,3048,0,0
-0.2728,12.2521,3040,0,0
-0.2480,12.2803,3047,0,0
-0.2232,12.3206,3057,0,0
-0.1984,12.2602,3042,0,0
-0.1736,12.2602,3042,0,0
-0.1488,12.3609,3067,0,0
-0.1240,12.2844,3048,0,0
-0.0992,12.2844,3048,0,0
-0.0744,12.2441,3038,0,0
-0.0496,12.3448,3063,0,0
-0.0248,12.2844,3048,0,0
0.0000,12.2803,3047,0,1
0.0248,12.3166,3056,0,1
0.0496,12.3206,3057,3181,1
0.0744,12.2682,3044,3185,1
0.0992,12.2844,3048,3184,1
0.1240,12.3045,3053,3181,1
0.1488,12.2924,3050,3181,1
0.1736,12.2844,3048,3180,1
0.1984,12.2763,3046,3179,1
0.2232,12.3488,3064,3184,1
0.2480,12.2803,3047,3186,1
0.2728,12.2803,3047,3180,1
0.2976,12.2481,3039,3180,1
0.3224,12.3206,3057,3183,1
0.3472,12.3166,3056,3185,1
0.3720,12.2521,3040,3183,1
0.3968,12.2844,3048,3185,1
0.4216,12.3126,3055,3185,1
0.4464,12.3166,3056,3181,1
0.4712,12.2521,3040,3185,1
0.4960,12.3005,3052,3186,1
0.5208,12.3166,3056,3183,1
0.5457,12.2763,3046,3185,1
0.5705,12.2924,3050,3186,1
0.5953,12.2844,3048,3180,1
0.6201,12.3126,3055,3184,1
0.6449,12.3488,3064,3185,1
0.6697,12.2844,3048,3181,1
0.6945,12.2320,3035,3186,1
0.7193,12.3569,3066,3181,1
0.7441,12.2924,3050,3189,1
0.7689,12.3206,3057,3180,1
0.7937,12.2481,3039,3181,1
0.8185,12.3488,3064,3177,1
0.8433,12.3448,3063,3185,1
0.8681,12.2682,3044,3187,1
0.8929,12.2763,3046,3184,1
0.9177,12.2965,3051,3185,1
0.9425,12.3166,3056,3186,1
0.9673,12.2844,3048,3185,1
0.9921,12.2521,3040,3184,1
1.0169,12.3005,3052,3182,1
1.0417,12.3085,3054,3185,1
1.0665,12.2844,3048,3185,1
1.0913,12.2602,3042,3185,1
1.1161,12.2924,3050,3184,1
1.1409,12.3206,3057,3180,1
1.1657,12.3166,3056,3189,1
1.1905,12.2803,3047,3184,1
1.2153,12.2521,3040,3185,1
1.2401,12.3287,3059,3185,1
1.2649,12.3569,3066,3175,1
1.2897,12.3005,3052,3187,1
1.3145,12.2521,3040,3185,1
1.3393,12.2723,3045,3180,1
1.3641,12.3005,3052,3181,1
1.3889,12.3488,3064,3185,1
1.4137,12.3327,3060,3189,1
1.4385,12.2602,3042,3185,1
1.4633,12.2481,3039,3180,1
1.4881,12.6310,3134,3183,1
1.5129,12.3488,3064,3180,1
1.5377,12.3126,3055,3185,1
1.5625,12.3206,3057,3189,1
1.5873,12.2158,3031,3180,1
1.6121,12.2360,3036,3185,1
1.6370,12.6148,3130,3180,1
1.6618,12.3892,3074,3183,1
1.6866,12.3448,3063,3185,1
1.7114,12.2844,3048,3189,1
1.7362,12.2763,3046,3186,1
1.7610,12.1917,3025,3184,1
1.7858,12.2924,3050,3185,1
1.8106,12.2965,3051,3183,1
1.8354,12.3327,3060,3180,1
1.8602,12.4053,3078,3185,1
1.8850,12.4214,3082,3183,1
1.9098,12.3851,3073,3183,1
1.9346,12.3569,3066,3185,1
1.9594,12.3085,3054,3166,1
1.9842,12.2924,3050,3189,1
2.0090,12.2602,3042,3189,1
2.0338,12.2844,3048,3189,1
2.0586,12.2682,3044,3187,1
2.0834,12.2803,3047,3189,1
2.1082,12.3287,3059,3189,1
2.1330,12.3126,3055,3189,1
2.1578,12.3488,3064,3189,1
2.1826,12.3690,3069,3182,1
2.2074,12.3609,3067,3180,1
2.2322,12.4496,3089,3185,1
2.2570,12.5423,3112,3183,1
2.2818,12.4496,3089,3187,1
2.3066,12.2602,3042,3189,1
2.3314,12.2521,3040,3189,1
2.3562,12.3529,3065,3185,1
2.3810,12.5222,3107,3178,1
2.4058,12.5705,3119,3189,1
2.4306,12.2320,3035,3189,1
2.4554,12.3609,3067,3184,1
2.4802,12.5866,3123,3185,1
2.5050,12.5745,3120,3189,1
2.5298,12.4496,3089,3182,1
2.5546,12.6672,3143,3186,1
2.5794,12.2481,3039,3189,1
2.6042,12.6189,3131,3180,1
2.6290,12.2239,3033,3189,1
2.6538,12.8526,3189,3189,1
2.6786,12.8526,3189,3130,1
2.7034,11.5226,2859,3189,1
2.7283,12.8526,3189,3165,1
2.7531,11.2728,2797,3185,1
2.7779,12.8526,3189,3173,1
2.8027,10.8214,2685,3185,1
2.8275,12.8526,3189,3189,1
2.8523,10.6319,2638,3155,1
2.8771,9.7130,2410,3180,1
2.9019,12.8526,3189,3171,1
2.9267,11.4178,2833,3189,1
2.9515,12.1393,3012,3189,1
2.9763,11.7886,2925,3189,1
3.0011,11.0833,2750,3183,1
3.0259,12.8526,3189,3129,1
3.0507,12.7358,3160,3189,1
3.0755,12.7761,3170,3180,1
3.1003,11.4461,2840,3135,1
3.1251,11.0833,2750,3186,1
3.1499,12.6350,3135,3189,1
3.1747,12.5020,3102,3189,1
3.1995,11.4299,2836,3167,1
3.2243,12.6431,3137,3189,1
3.2491,12.7438,3162,3169,1
3.2739,12.8526,3189,3189,1
3.2987,12.8526,3189,3189,1
3.3235,12.7882,3173,3189,1
3.3483,12.8526,3189,3180,1
3.3731,11.4985,2853,3189,1
3.3979,11.2647,2795,3135,1
3.4227,11.6355,2887,3189,1
3.4475,12.2158,3031,3175,1
3.4723,12.8526,3189,3143,1
3.4971,12.8526,3189,3189,1
3.5219,12.8526,3189,3189,1
3.5467,12.8526,3189,3189,1
3.5715,12.6672,3143,3189,1
3.5963,11.3372,2813,3178,1
3.6211,12.8526,3189,3189,1
3.6459,12.8526,3189,3153,1
3.6707,12.8526,3189,3135,1
3.6955,11.4783,2848,3189,1
3.7203,12.8526,3189,3162,1
3.7451,12.4496,3089,3181,1
3.7699,11.3453,2815,3153,1
3.7947,12.5020,3102,3170,1
3.8196,12.8526,3189,3170,1
3.8444,12.4738,3095,3186,1
3.8692,12.8526,3189,3173,1
3.8940,12.8526,3189,3149,1
3.9188,12.8123,3179,3189,1
3.9436,12.3448,3063,3189,1
3.9684,12.8526,3189,3172,1
3.9932,12.6672,3143,3189,1
4.0180,12.8526,3189,3167,1
4.0428,12.8526,3189,3189,1
4.0676,12.6914,3149,3189,1
4.0924,11.8652,2944,3189,1
4.1172,12.8526,3189,3189,1
4.1420,11.9660,2969,3148,1
4.1668,12.7882,3173,3189,1
4.1916,12.0143,2981,3189,1
4.2164,12.8526,3189,3189,1
4.2412,12.8526,3189,3189,1
4.2660,12.3166,3056,3169,1
4.2908,12.8526,3189,3189,1
4.3156,12.8526,3189,3169,1
4.3404,11.6395,2888,3189,1
4.3652,11.7121,2906,3189,1
4.3900,12.0627,2993,3189,1
4.4148,11.6032,2879,3189,1
4.4396,12.1232,3008,3189,1
4.4644,12.3005,3052,3189,1
4.4892,12.4214,3082,3189,1
4.5140,12.3932,3075,3189,1
4.5388,11.5226,2859,3155,1
4.5636,12.4456,3088,3189,1
4.5884,12.8526,3189,3169,1
4.6132,12.8526,3189,3175,1
4.6380,12.8526,3189,3163,1
4.6628,11.1680,2771,3189,1
4.6876,11.9418,2963,3189,1
4.7124,12.5222,3107,3189,1
4.7372,12.8526,3189,3189,1
4.7620,12.8526,3189,3163,1
4.7868,12.7478,3163,3189,1
4.8116,12.8526,3189,3157,1
4.8364,10.8939,2703,3163,1
4.8612,12.7358,3160,3189,1
4.8860,11.5307,2861,3189,1
4.9109,12.8526,3189,3175,1
4.9357,12.6431,3137,3189,1
4.9605,12.6390,3136,3189,1
4.9853,12.8526,3189,3189,1
5.0101,12.3247,3058,3189,1
5.0349,12.3609,3067,3189,1
5.0597,12.2360,3036,3149,1
5.0845,11.3775,2823,3189,1
5.1093,9.9428,2467,3165,1
5.1341,12.8526,3189,3181,1
5.1589,12.3166,3056,3189,1
5.1837,12.6592,3141,3189,1
5.2085,12.8083,3178,3184,1
5.2333,12.3529,3065,3186,1
5.2581,12.0466,2989,3189,1
5.2829,11.8692,2945,3178,1
5.3077,12.6068,3128,3189,1
5.3325,11.8975,2952,3158,1
5.3573,11.8692,2945,3188,1
5.3821,11.7806,2923,3189,1
5.4069,12.0224,2983,3189,1
5.4317,12.4053,3078,3148,1
5.4565,12.8526,3189,3173,1
5.4813,12.4093,3079,3181,1
5.5061,12.8526,3189,3189,1
5.5309,12.8526,3189,3189,1
5.5557,12.8526,3189,3159,1
5.5805,12.2521,3040,3189,1
5.6053,11.7806,2923,3189,1
5.6301,11.9095,2955,3189,1
5.6549,12.0022,2978,3189,1
5.6797,12.8526,3189,3102,1
5.7045,12.8526,3189,3189,1
5.7293,12.5544,3115,3189,1
5.7541,12.8526,3189,3177,1
5.7789,11.7886,2925,3155,1
5.8037,12.3247,3058,3189,1
5.8285,11.2607,2794,3189,1
5.8533,11.5549,2867,3189,1
5.8781,12.5907,3124,3189,1
5.9029,9.8138,2435,3180,1
5.9277,11.7886,2925,3189,1
5.9525,12.5987,3126,3189,1
5.9773,11.9700,2970,3189,1
6.0022,11.5428,2864,3189,1
6.0270,11.3292,2811,3189,1
6.0518,12.3488,3064,3189,1
6.0766,11.4743,2847,3186,1
6.1014,12.7156,3155,3189,1
6.1262,12.8526,3189,3170,1
6.1510,12.7478,3163,3189,1
6.1758,11.9055,2954,3189,1
6.2006,11.9055,2954,3180,1
6.2254,12.5222,3107,3189,1
6.2502,11.8168,2932,3189,1
6.2750,12.8526,3189,3189,1
6.2998,11.6153,2882,3163,1
6.3246,12.8526,3189,3189,1
6.3494,11.3050,2805,3163,1
6.3742,12.5504,3114,3189,1
6.3990,12.7962,3175,3116,1
6.4238,12.2682,3044,3180,1
6.4486,12.0587,2992,3189,1
6.4734,12.0788,2997,3180,1
6.4982,12.7156,3155,3166,1
6.5230,12.2521,3040,3189,1
6.5478,11.7040,2904,3189,1
6.5726,12.8526,3189,3170,1
6.5974,12.3811,3072,3189,1
6.6222,11.8692,2945,3171,1
6.6470,12.4899,3099,3189,1
6.6718,12.2199,3032,3159,1
6.6966,11.2244,2785,3189,1
6.7214,11.9378,2962,3183,1
6.7462,12.3851,3073,3176,1
6.7710,12.8526,3189,3174,1
6.7958,12.6672,3143,3189,1
6.8206,12.4012,3077,3169,1
6.8454,12.6068,3128,3189,1
6.8702,11.7645,2919,3189,1
6.8950,12.2279,3034,3173,1
6.9198,12.8526,3189,3169,1
6.9446,10.9100,2707,3135,1
6.9694,12.8526,3189,3189,1
6.9942,12.7478,3163,3189,1
7.0190,12.8526,3189,3135,1
7.0438,12.2763,3046,3189,1
7.0686,12.8526,3189,3146,1
7.0935,12.1352,3011,3175,1
7.1183,12.8526,3189,3189,1
7.1431,11.6032,2879,3185,1
7.1679,12.8526,3189,3189,1
7.1927,12.8526,3189,3189,1
7.2175,11.3856,2825,3178,1
7.2423,12.8526,3189,3189,1
7.2671,12.8526,3189,3189,1
7.2919,11.7604,2918,3189,1
7.3167,12.5342,3110,3189,1
7.3415,12.0264,2984,3189,1
7.3663,12.8526,3189,3154,1
7.3911,12.5342,3110,3189,1
7.4159,12.8526,3189,3189,1
7.4407,10.9826,2725,3184,1
7.4655,12.4375,3086,3189,1
7.4903,11.8209,2933,3189,1
7.5151,12.8526,3189,3189,1
7.5399,12.7358,3160,3189,1
7.5647,11.4461,2840,3163,1
7.5895,12.3690,3069,3185,1
7.6143,12.5786,3121,3189,1
7.6391,10.7972,2679,3189,1
7.6639,12.2521,3040,3177,1
7.6887,12.8526,3189,3189,1
7.7135,12.8526,3189,3175,1
7.7383,11.8692,2945,3189,1
7.7631,11.6274,2885,3189,1
7.7879,11.4178,2833,3163,1
7.8127,12.6108,3129,3189,1
7.8375,12.1352,3011,3189,1
7.8623,12.2521,3040,3189,1
7.8871,12.2360,3036,3189,1
7.9119,11.8209,2933,3189,1
7.9367,11.6153,2882,3149,1
7.9615,12.5705,3119,3165,1
7.9863,11.6959,2902,3189,1
8.0111,11.7403,2913,3167,1
8.0359,12.0909,3000,3189,1
8.0607,12.8526,3189,3178,1
8.0855,12.4053,3078,3189,1
8.1103,12.8526,3189,3159,1
8.1351,12.8526,3189,3160,1
8.1600,12.4738,3095,3189,1
8.1848,12.0788,2997,3189,1
8.2096,12.8526,3189,3189,1
8.2344,11.9821,2973,3189,1
8.2592,12.8526,3189,3189,1
8.2840,11.6637,2894,3148,1
8.3088,12.3488,3064,3172,1
8.3336,12.2682,3044,3189,1
8.3584,12.8526,3189,3160,1
8.3832,11.9458,2964,3158,1
8.4080,11.7806,2923,3135,1
8.4328,12.8526,3189,3159,1
8.4576,12.8083,3178,3153,1
8.4824,12.0909,3000,3189,1
8.5072,12.8526,3189,3189,1
8.5320,12.4174,3081,3189,1
8.5568,12.8526,3189,3163,1
8.5816,12.8526,3189,3183,1
8.6064,11.7242,2909,3185,1
8.6312,12.5423,3112,3178,1
8.6560,11.6355,2887,3177,1
8.6808,12.5222,3107,3171,1
8.7056,12.3327,3060,3185,1
8.7304,11.5428,2864,3189,1
8.7552,12.0788,2997,3189,1
8.7800,12.3327,3060,3189,1
8.8048,12.2320,3035,3165,1
8.8296,12.8526,3189,3189,1
8.8544,12.8526,3189,3189,1
8.8792,12.4093,3079,3189,1
8.9040,11.7604,2918,3189,1
8.9288,12.8526,3189,3181,1
8.9536,12.6148,3130,3177,1
8.9784,11.9861,2974,3189,1
9.0032,11.5912,2876,3189,1
9.0280,12.4738,3095,3189,1
9.0528,12.7358,3160,3140,1
9.0776,12.2844,3048,3189,1
9.1024,11.8088,2930,3189,1
9.1272,12.0909,3000,3189,1
9.1520,12.4133,3080,3189,1
9.1768,12.8526,3189,3189,1
9.2016,12.5584,3116,3185,1
9.2264,12.5987,3126,3171,1
9.2513,12.8526,3189,3179,1
9.2761,12.7761,3170,3188,1
9.3009,12.5342,3110,3189,1
9.3257,12.8526,3189,3169,1
9.3505,12.4174,3081,3189,1
9.3753,12.8083,3178,3173,1
9.4001,11.5831,2874,3174,1
9.4249,11.9498,2965,3177,1
9.4497,12.0466,2989,3167,1
9.4745,12.8526,3189,3167,1
9.4993,12.4738,3095,3189,1
9.5241,11.5912,2876,3189,1
9.5489,11.2607,2794,3189,1
9.5737,12.8526,3189,3148,1
9.5985,12.8526,3189,3189,1
9.6233,12.5060,3103,3189,1
9.6481,11.8249,2934,3189,1
9.6729,12.8526,3189,3169,1
9.6977,12.5020,3102,3180,1
9.7225,11.5146,2857,3189,1
9.7473,12.8526,3189,3189,1
9.7721,12.4657,3093,3189,1
9.7969,12.8526,3189,3163,1
9.8217,12.1997,3027,3154,1
9.8465,11.5105,2856,3189,1
9.8713,11.1720,2772,3180,1
9.8961,12.3166,3056,3143,1
9.9209,12.1715,3020,3189,1
9.9457,11.3292,2811,3189,1
9.9705,11.5871,2875,3176,1
9.9953,12.8526,3189,3189,1
10.0201,11.5146,2857,3189,1
10.0449,11.7282,2910,3167,1
10.0697,12.7035,3152,3189,1
10.0945,11.5226,2859,3189,1
10.1193,11.5186,2858,3189,1
10.1441,11.7886,2925,3189,1
10.1689,11.4138,2832,3183,1
10.1937,12.6350,3135,3189,1
10.2185,11.6677,2895,3171,1
10.2433,11.1680,2771,3189,1
10.2681,12.8526,3189,3167,1
10.2929,12.2521,3040,3189,1
10.3177,11.5549,2867,3159,1
10.3426,12.8526,3189,3189,1
10.3674,12.3166,3056,3189,1
10.3922,11.6959,2902,3189,1
10.4170,11.7524,2916,3189,1
10.4418,12.1554,3016,3189,1
10.4666,12.8526,3189,3148,1
10.4914,12.4053,3078,3189,1
10.5162,12.3126,3055,3189,1
10.5410,12.8526,3189,3172,1
10.5658,12.2360,3036,3186,1
10.5906,12.3488,3064,3167,1
10.6154,12.7478,3163,3154,1
10.6402,11.8813,2948,3189,1
10.6650,11.1680,2771,3189,1
10.6898,11.4743,2847,3189,1
10.7146,12.8405,3186,3167,1
10.7394,12.3247,3058,3189,1
10.7642,11.4702,2846,3189,1
10.7890,12.8526,3189,3181,1
10.8138,12.6914,3149,3167,1
10.8386,12.6108,3129,3189,1
10.8634,11.7040,2904,3189,1
10.8882,11.7242,2909,3189,1
10.9130,12.3771,3071,3189,1
10.9378,12.8526,3189,3189,1
10.9626,12.0264,2984,3189,1
10.9874,11.1156,2758,3189,1
11.0122,12.8526,3189,3151,1
11.0370,12.5544,3115,3139,1
11.0618,12.6592,3141,3172,1
11.0866,12.3730,3070,3189,1
11.1114,12.8526,3189,3160,1
11.1362,12.7277,3158,3181,1
11.1610,12.1232,3008,3189,1
11.1858,10.9947,2728,3189,1
11.2106,11.4662,2845,3189,1
11.2354,12.3206,3057,3160,1
11.2602,12.8526,3189,3178,1
11.2850,11.4743,2847,3189,1
11.3098,12.8526,3189,3173,1
11.3346,11.3574,2818,3189,1
11.3594,12.7478,3163,3189,1
11.3842,12.7075,3153,3189,1
11.4090,12.3166,3056,3183,1
11.4339,12.2038,3028,3189,1
11.4587,12.4053,3078,3189,1
11.4835,12.3851,3073,3186,1
11.5083,11.9055,2954,3189,1
11.5331,12.8526,3189,3167,1
11.5579,12.8526,3189,3189,1
11.5827,12.8526,3189,3189,1
11.6075,12.0264,2984,3175,1
11.6323,12.0143,2981,3189,1
11.6571,12.6269,3133,3189,1
11.6819,11.7886,2925,3147,1
11.7067,12.6914,3149,3189,1
11.7315,11.8330,2936,3189,1
11.7563,12.0143,2981,3172,1
11.7811,12.8083,3178,3180,1
11.8059,12.8526,3189,3180,1
11.8307,11.6516,2891,3189,1
11.8555,12.8526,3189,3180,1
11.8803,12.4133,3080,3189,1
11.9051,11.0027,2730,3189,1
11.9299,11.1357,2763,3185,1
11.9547,11.7645,2919,3189,1
11.9795,11.3695,2821,3178,1
12.0043,11.5508,2866,3177,1
12.0291,11.9095,2955,3169,1
12.0539,12.5786,3121,3189,1
12.0787,12.2682,3044,3189,1
12.1035,12.6914,3149,3177,1
12.1283,12.8526,3189,3160,1
12.1531,12.8526,3189,3137,1
12.1779,11.1236,2760,3189,1
12.2027,11.7524,2916,3185,1
12.2275,11.8934,2951,3189,1
12.2523,11.3735,2822,3189,1
12.2771,12.4496,3089,3189,1
12.3019,11.2889,2801,3168,1
12.3267,12.7559,3165,3189,1
12.3515,11.9700,2970,3189,1
12.3763,11.3252,2810,3189,1
12.4011,12.1070,3004,3189,1
12.4259,11.6959,2902,3189,1
12.4507,12.8526,3189,3179,1
12.4755,12.5584,3116,3153,1
12.5003,12.8526,3189,3177,1
12.5252,12.8526,3189,3189,1
12.5500,12.8526,3189,3179,1
12.5748,12.4375,3086,3169,1
12.5996,11.5226,2859,3179,1
12.6244,12.8526,3189,3160,1
12.6492,12.7277,3158,3189,1
12.6740,11.7282,2910,3189,1
12.6988,11.3372,2813,3172,1
12.7236,12.4496,3089,3189,1
12.7484,12.8526,3189,3160,1
12.7732,12.1594,3017,3189,1
12.7980,12.5907,3124,3189,1
12.8228,11.4904,2851,3167,1
12.8476,11.7645,2919,3189,1
12.8724,12.1796,3022,3154,1
12.8972,12.1836,3023,3189,1
12.9220,12.4818,3097,3189,1
12.9468,10.9463,2716,3189,1
12.9716,11.5226,2859,3183,1
12.9964,12.7559,3165,3175,1
13.0212,12.0909,3000,3189,1
13.0460,12.0143,2981,3189,1
13.0708,11.3937,2827,3189,1
13.0956,12.8204,3181,3186,1
13.1204,12.4093,3079,3133,1
13.1452,12.8526,3189,3189,1
13.1700,12.0022,2978,3189,1
13.1948,10.9463,2716,3189,1
13.2196,11.9055,2954,3189,1
13.2444,12.5383,3111,3169,1
13.2692,12.8526,3189,3178,1
13.2940,11.9660,2969,3128,1
13.3188,12.8526,3189,3174,1
13.3436,12.6995,3151,3189,1
13.3684,11.9337,2961,3189,1
13.3932,12.4698,3094,3189,1
13.4180,11.0350,2738,3178,1
13.4428,12.1514,3015,3189,1
13.4676,12.8526,3189,3163,1
13.4924,12.4738,3095,3179,1
13.5172,12.3569,3066,3176,1
13.5420,11.2042,2780,3143,1
13.5668,11.3171,2808,3189,1
13.5916,12.4295,3084,3189,1
13.6165,11.5025,2854,3183,1
13.6413,12.3851,3073,3185,1
13.6661,12.3206,3057,3189,1
13.6909,11.7604,2918,3163,1
13.7157,12.8526,3189,3189,1
13.7405,12.0909,3000,3189,1
13.7653,12.6310,3134,3189,1
13.7901,11.5549,2867,3186,1
13.8149,11.8652,2944,3172,1
13.8397,12.6552,3140,3177,1
13.8645,12.3730,3070,3180,1
13.8893,12.2844,3048,3189,1
13.9141,12.8526,3189,3189,1
13.9389,11.8168,2932,3162,1
13.9637,12.5342,3110,3189,1
13.9885,12.7640,3167,3163,1
14.0133,11.8612,2943,3189,1
14.0381,11.8330,2936,3164,1
14.0629,11.8692,2945,3189,1
14.0877,12.8526,3189,3173,1
14.1125,12.7358,3160,3173,1
14.1373,12.1715,3020,3166,1
14.1621,12.7962,3175,3159,1
14.1869,12.4214,3082,3189,1
14.2117,11.8330,2936,3189,1
14.2365,11.5670,2870,3155,1
14.2613,12.3529,3065,3155,1
14.2861,12.6148,3130,3149,1
14.3109,12.4496,3089,3163,1
14.3357,11.8934,2951,3189,1
14.3605,12.6552,3140,3183,1
14.3853,12.8526,3189,3174,1
14.4101,11.9015,2953,3189,1
14.4349,12.4174,3081,3189,1
14.4597,11.0229,2735,3185,1
14.4845,12.6552,3140,3189,1
14.5093,11.5428,2864,3189,1
14.5341,11.0753,2748,3189,1
14.5589,11.4541,2842,3189,1
14.5837,12.4859,3098,3188,1
14.6085,12.5020,3102,3160,1
14.6333,11.3534,2817,3189,1
14.6581,12.3529,3065,3178,1
14.6829,12.7277,3158,3179,1
14.7078,12.2279,3034,3186,1
14.7326,12.8164,3180,3148,1
14.7574,12.0264,2984,3189,1
14.7822,11.3735,2822,3180,1
14.8070,12.8526,3189,3189,1
14.8318,11.4985,2853,3189,1
14.8566,11.0833,2750,3189,1
14.8814,9.9911,2479,3189,1
14.9062,12.6632,3142,3175,1
14.9310,12.6874,3148,3154,1
14.9558,12.8526,3189,3169,1
14.9806,11.7282,2910,3189,1
15.0054,11.6234,2884,3189,1
15.0302,12.4375,3086,3154,1
15.0550,11.2647,2795,3189,1
15.0798,11.8894,2950,3189,1
15.1046,11.8612,2943,3189,1
15.1294,10.8979,2704,3189,1
15.1542,10.9947,2728,3189,1
15.1790,12.2844,3048,3176,1
15.2038,12.8526,3189,3189,1
15.2286,11.9982,2977,3189,1
15.2534,11.7040,2904,3189,1
15.2782,11.0753,2748,3189,1
15.3030,11.4178,2833,3185,1
15.3278,12.3972,3076,3140,1
15.3526,12.6068,3128,3180,1
15.3774,11.9700,2970,3189,1
15.4022,11.5508,2866,3189,1
15.4270,11.4702,2846,3160,1
15.4518,12.8526,3189,3185,1
15.4766,12.8526,3189,3181,1
15.5014,12.1514,3015,3189,1
15.5262,11.4461,2840,3189,1
15.5510,11.7967,2927,3180,1
15.5758,12.8526,3189,3189,1
15.6006,11.1156,2758,3175,1
15.6254,12.0143,2981,3173,1
15.6502,12.5383,3111,3173,1
15.6750,12.7116,3154,3174,1
15.6998,11.6758,2897,3189,1
15.7246,12.8526,3189,3170,1
15.7494,11.9821,2973,3189,1
15.7743,11.5952,2877,3189,1
15.7991,12.8526,3189,3167,1
15.8239,11.3050,2805,3189,1
15.8487,12.8526,3189,3173,1
15.8735,12.6874,3148,3180,1
15.8983,11.8451,2939,3189,1
15.9231,11.9700,2970,3189,1
15.9479,11.4985,2853,3179,1
15.9727,12.8526,3189,3172,1
15.9975,11.6758,2897,3189,1
16.0223,11.8330,2936,3189,1
16.0471,11.8168,2932,3164,1
16.0719,11.8531,2941,3189,1
16.0967,11.5549,2867,3189,1
16.1215,10.7770,2674,3107,1
16.1463,10.6239,2636,3141,1
16.1711,11.2607,2794,3189,1
16.1959,11.5105,2856,3185,1
16.2207,11.1599,2769,3189,1
16.2455,11.1922,2777,3167,1
16.2703,12.3327,3060,3172,1
16.2951,12.8526,3189,3172,1
16.3199,12.2924,3050,3174,1
16.3447,11.4178,2833,3189,1
16.3695,11.3977,2828,3189,1
16.3943,12.1312,3010,3189,1
16.4191,11.6355,2887,3189,1
16.4439,11.8894,2950,3181,1
16.4687,12.7358,3160,3171,1
16.4935,11.9942,2976,3141,1
16.5183,11.5912,2876,3189,1
16.5431,12.8526,3189,3175,1
16.5679,11.6919,2901,3180,1
16.5927,12.5786,3121,3189,1
16.6175,12.0909,3000,3189,1
16.6423,12.0909,3000,3185,1
16.6671,10.8375,2689,3182,1
16.6919,12.8526,3189,3177,1
16.7167,12.5060,3103,3189,1
16.7415,12.4295,3084,3189,1
16.7663,11.7725,2921,3185,1
16.7911,12.8526,3189,3187,1
16.8159,12.8526,3189,3185,1
16.8407,11.3977,2828,3189,1
16.8655,12.0264,2984,3189,1
16.8904,11.7282,2910,3174,1
16.9152,11.2204,2784,3189,1
16.9400,10.8939,2703,3189,1
16.9648,11.9095,2955,3189,1
16.9896,11.3977,2828,3189,1
17.0144,10.9423,2715,3189,1
17.0392,12.1554,3016,3186,1
17.0640,12.8526,3189,3189,1
17.0888,12.1151,3006,3189,1
17.1136,12.3327,3060,3163,1
17.1384,12.0305,2985,3189,1
17.1632,11.0471,2741,3189,1
17.1880,10.6682,2647,3189,1
17.2128,12.6672,3143,3179,1
17.2376,12.1554,3016,3162,1
17.2624,11.2365,2788,3183,1
17.2872,12.3166,3056,3189,1
17.3120,12.1070,3004,3189,1
17.3368,11.8854,2949,3189,1
17.3616,11.4178,2833,3189,1
17.3864,12.0909,3000,3185,1
17.4112,12.4738,3095,3189,1
17.4360,12.6028,3127,3175,1
17.4608,10.8979,2704,3189,1
17.4856,10.9342,2713,3187,1
17.5104,11.3252,2810,3170,1
17.5352,12.6148,3130,3171,1
17.5600,11.3937,2827,3181,1
17.5848,12.7478,3163,3189,1
17.6096,12.7882,3173,3172,1
17.6344,11.8410,2938,3189,1
17.6592,12.8526,3189,3181,1
17.6840,12.7478,3163,3160,1
17.7088,11.8330,2936,3189,1
17.7336,11.3534,2817,3189,1
17.7584,12.0506,2990,3159,1
17.7832,11.2445,2790,3189,1
17.8080,11.0914,2752,3181,1
17.8328,12.7075,3153,3160,1
17.8576,11.7483,2915,3189,1
17.8824,11.5750,2872,3189,1
17.9072,12.3892,3074,3166,1
17.9320,12.1997,3027,3171,1
17.9569,11.4582,2843,3189,1
17.9817,11.2042,2780,3189,1
18.0065,12.5907,3124,3134,1
18.0313,12.5423,3112,3189,1
18.0561,12.6834,3147,3189,1
18.0809,12.1352,3011,3158,1
18.1057,11.6395,2888,3158,1
18.1305,12.4053,3078,3189,1
18.1553,11.3292,2811,3189,1
18.1801,10.2491,2543,3180,1
18.2049,11.7725,2921,3189,1
18.2297,10.7770,2674,3169,1
18.2545,12.8204,3181,3185,1
18.2793,11.2607,2794,3189,1
18.3041,12.6834,3147,3143,1
18.3289,11.7967,2927,3170,1
18.3537,12.8526,3189,3169,1
18.3785,12.4375,3086,3189,1
18.4033,12.4174,3081,3189,1
18.4281,10.6924,2653,3189,1
18.4529,12.0143,2981,3179,1
18.4777,12.7720,3169,3167,1
18.5025,12.1191,3007,3189,1
18.5273,10.8455,2691,3189,1
18.5521,10.8294,2687,3186,1
18.5769,12.3126,3055,3189,1
18.6017,12.3488,3064,3166,1
18.6265,12.7116,3154,3189,1
18.6513,11.3937,2827,3189,1
18.6761,11.0793,2749,3189,1
18.7009,12.2199,3032,3189,1
18.7257,11.2244,2785,3189,1
18.7505,12.3126,3055,3179,1
18.7753,12.7962,3175,3189,1
18.8001,12.1796,3022,3180,1
18.8249,11.4783,2848,3189,1
18.8497,11.8088,2930,3170,1
18.8745,11.7040,2904,3189,1
18.8993,11.3655,2820,3189,1
18.9241,11.4178,2833,3189,1
18.9489,12.5342,3110,3157,1
18.9737,11.8934,2951,3177,1
18.9985,11.7886,2925,3189,1
19.0233,10.6964,2654,3189,1
19.0482,10.9342,2713,3175,1
19.0730,10.8455,2691,3189,1
19.0978,10.7972,2679,3189,1
19.1226,11.0390,2739,3177,1
19.1474,12.8164,3180,3038,1
19.1722,12.0909,3000,3174,1
19.1970,12.1594,3017,3189,1
19.2218,12.0587,2992,3173,1
19.2466,12.2199,3032,3189,1
19.2714,11.5307,2861,3186,1
19.2962,12.7882,3173,3180,1
19.3210,12.2158,3031,3189,1
19.3458,11.7242,2909,3189,1
19.3706,11.7524,2916,3153,1
19.3954,12.7801,3171,3189,1
19.4202,12.7478,3163,3189,1
19.4450,11.9378,2962,3180,1
19.4698,12.5544,3115,3177,1
19.4946,12.7277,3158,3178,1
19.5194,11.8612,2943,3166,1
19.5442,12.1796,3022,3189,1
19.5690,11.2123,2782,3155,1
19.5938,12.7116,3154,3169,1
19.6186,12.8486,3188,3189,1
19.6434,11.3977,2828,3189,1
19.6682,11.5912,2876,3189,1
19.6930,11.0269,2736,3189,1
19.7178,12.4496,3089,3189,1
19.7426,11.5428,2864,3180,1
19.7674,12.4617,3092,3189,1
19.7922,11.2445,2790,3189,1
19.8170,11.7040,2904,3179,1
19.8418,12.7196,3156,3169,1
19.8666,12.6552,3140,3163,1
19.8914,11.8934,2951,3189,1
19.9162,12.5786,3121,3189,1
19.9410,11.1599,2769,3189,1
19.9658,12.7358,3160,3189,1
19.9906,11.1881,2776,3189,1
20.0154,11.3050,2805,3163,1
20.0402,12.5342,3110,3160,1
20.0650,12.1191,3007,3189,1
20.0898,10.6440,2641,3189,1
20.1146,10.6602,2645,3189,1
20.1395,11.2445,2790,3180,1
20.1643,12.8405,3186,3174,1
20.1891,11.9418,2963,3189,1
20.2139,10.7528,2668,3189,1
20.2387,10.4989,2605,3186,1
20.2635,12.0506,2990,3189,1
20.2883,11.6677,2895,3189,1
20.3131,10.9423,2715,3183,1
20.3379,12.6269,3133,3189,1
20.3627,11.3372,2813,3189,1
20.3875,12.1796,3022,3189,1
20.4123,11.3252,2810,3189,1
20.4371,11.6798,2898,3189,1
20.4619,11.0592,2744,3189,1
20.4867,11.7967,2927,3182,1
20.5115,12.6350,3135,3160,1
20.5363,12.8325,3184,3172,1
20.5611,12.0264,2984,3189,1
20.5859,11.1841,2775,3189,1
20.6107,10.7125,2658,3173,1
20.6355,11.7040,2904,3163,1
20.6603,12.5020,3102,3189,1
20.6851,10.9826,2725,3185,1
20.7099,12.8325,3184,3173,1
20.7347,12.6068,3128,3189,1
20.7595,11.7201,2908,3189,1
20.7843,11.4743,2847,3185,1
20.8091,12.4053,3078,3180,1
20.8339,12.8526,3189,3167,1
20.8587,11.9095,2955,3189,1
20.8835,11.3131,2807,3123,1
20.9083,11.1841,2775,3169,1
20.9331,11.5549,2867,3189,1
20.9579,12.0748,2996,3189,1
20.9827,12.2602,3042,3189,1
21.0075,11.5146,2857,3073,1
21.0323,11.7725,2921,3189,1
21.0571,12.3730,3070,3151,1
21.0819,12.3851,3073,3154,1
21.1067,11.7403,2913,3174,1
21.1315,12.7035,3152,3186,1
21.1563,12.0748,2996,3187,1
21.1811,11.8249,2934,3189,1
21.2059,11.4541,2842,3189,1
21.2308,11.9015,2953,3185,1
21.2556,12.7438,3162,3162,1
21.2804,12.8083,3178,3189,1
21.3052,11.3655,2820,3189,1
21.3300,10.9463,2716,3189,1
21.3548,11.7886,2925,3189,1
21.3796,11.6516,2891,3189,1
21.4044,11.8451,2939,3165,1
21.4292,12.8526,3189,3171,1
21.4540,12.4496,3089,3175,1
21.4788,12.4174,3081,3189,1
21.5036,12.0305,2985,3189,1
21.5284,12.0748,2996,3189,1
21.5532,10.9423,2715,3189,1
21.5780,10.8979,2704,3185,1
21.6028,12.7277,3158,3175,1
21.6276,12.4657,3093,3169,1
21.6524,12.1393,3012,3148,1
21.6772,12.8526,3189,3166,1
21.7020,11.7524,2916,3146,1
21.7268,12.0143,2981,3189,1
21.7516,10.7287,2662,3185,1
21.7764,11.8330,2936,3167,1
21.8012,12.0506,2990,3170,1
21.8260,12.5342,3110,3189,1
21.8508,11.0430,2740,3189,1
21.8756,11.3050,2805,3189,1
21.9004,11.4743,2847,3187,1
21.9252,12.7680,3168,3180,1
21.9500,11.5388,2863,3189,1
21.9748,11.1760,2773,3189,1
21.9996,12.2521,3040,3170,1
22.0244,11.9700,2970,3189,1
22.0492,8.8102,2186,3189,1
22.0740,11.5105,2856,3183,1
22.0988,12.0264,2984,3163,1
22.1236,12.1997,3027,3173,1
22.1484,11.0914,2752,3189,1
22.1732,11.5428,2864,3189,1
22.1980,12.5383,3111,3189,1
22.2228,10.8052,2681,3189,1
22.2476,11.3372,2813,3174,1
22.2724,12.0506,2990,3142,1
22.2972,12.5786,3121,3174,1
22.3221,11.5226,2859,3189,1
22.3469,12.0264,2984,3189,1
22.3717,10.9826,2725,3189,1
22.3965,12.3529,3065,3124,1
22.4213,11.7362,2912,3189,1
22.4461,11.4178,2833,3174,1
22.4709,12.4093,3079,3160,1
22.4957,12.6955,3150,3189,1
22.5205,11.3010,2804,3189,1
22.5453,12.0264,2984,3189,1
22.5701,11.9095,2955,3135,1
22.5949,12.5383,3111,3160,1
22.6197,11.9418,2963,3189,1
22.6445,11.0712,2747,3189,1
22.6693,11.1680,2771,3168,1
22.6941,12.6552,3140,3180,1
22.7189,12.6552,3140,3164,1
22.7437,11.8813,2948,3189,1
22.7685,11.0269,2736,3189,1
22.7933,11.5750,2872,3185,1
22.8181,12.1876,3024,3143,1
22.8429,12.5101,3104,3139,1
22.8677,12.3892,3074,3189,1
22.8925,12.1070,3004,3189,1
22.9173,11.0793,2749,3189,1
22.9421,11.3534,2817,3189,1
22.9669,11.1236,2760,3185,1
22.9917,12.4174,3081,3186,1
23.0165,12.7116,3154,3189,1
23.0413,12.3166,3056,3189,1
23.0661,10.5272,2612,3189,1
23.0909,11.2526,2792,3179,1
23.1157,12.5463,3113,3174,1
23.1405,12.4133,3080,3176,1
23.1653,11.5025,2854,3189,1
23.1901,10.9947,2728,3189,1
23.2149,11.3131,2807,3179,1
23.2397,12.8526,3189,3189,1
23.2645,12.1232,3008,3189,1
23.2893,11.6395,2888,3189,1
23.3141,11.3534,2817,3189,1
23.3389,11.9418,2963,3189,1
23.3637,12.0788,2997,3165,1
23.3885,11.5952,2877,3189,1
23.4134,11.7040,2904,3189,1
23.4382,10.5272,2612,3189,1
23.4630,12.1191,3007,3139,1
23.4878,12.8164,3180,3170,1
23.5126,12.1917,3025,3189,1
23.5374,11.1639,2770,3189,1
23.5622,10.5836,2626,3185,1
23.5870,12.7801,3171,3160,1
23.6118,12.1232,3008,3169,1
23.6366,11.9378,2962,3189,1
23.6614,10.8979,2704,3189,1
23.6862,10.9221,2710,3184,1
23.7110,12.7882,3173,3189,1
23.7358,11.1922,2777,3189,1
23.7606,12.0466,2989,3174,1
23.7854,12.7478,3163,3162,1
23.8102,12.2763,3046,3189,1
23.8350,11.4904,2851,3189,1
23.8598,11.7000,2903,3179,1
23.8846,11.5307,2861,3189,1
23.9094,10.5594,2620,3189,1
23.9342,11.0350,2738,3189,1
23.9590,12.3166,3056,3163,1
23.9838,11.8934,2951,3173,1
24.0086,11.2244,2785,3189,1
24.0334,11.3050,2805,3189,1
24.0582,11.5508,2866,3183,1
24.0830,12.7116,3154,3176,1
24.1078,12.3771,3071,3189,1
24.1326,12.1917,3025,3189,1
24.1574,12.2803,3047,3170,1
24.1822,11.5750,2872,3189,1
24.2070,11.4098,2831,3189,1
24.2318,12.8526,3189,3177,1
24.2566,12.1312,3010,3163,1
24.2814,12.4818,3097,3189,1
24.3062,11.0592,2744,3189,1
24.3310,10.7770,2674,3181,1
24.3558,12.6310,3134,3189,1
24.3806,11.6234,2884,3189,1
24.4054,11.2526,2792,3179,1
24.4302,12.7358,3160,3160,1
24.4550,12.4093,3079,3189,1
24.4798,10.9826,2725,3189,1
24.5047,10.8455,2691,3189,1
24.5295,11.9498,2965,3189,1
24.5543,12.5423,3112,3174,1
24.5791,11.3010,2804,3189,1
24.6039,11.3372,2813,3189,1
24.6287,11.5105,2856,3180,1
24.6535,11.8975,2952,3156,1
24.6783,12.5141,3105,3183,1
24.7031,11.2365,2788,3189,1
24.7279,11.0995,2754,3189,1
24.7527,11.8330,2936,3175,1
24.7775,12.2199,3032,3148,1
24.8023,12.3771,3071,3189,1
24.8271,11.4985,2853,3189,1
24.8519,10.5191,2610,3174,1
24.8767,12.2481,3039,3174,1
24.9015,12.7720,3169,3179,1
24.9263,11.5025,2854,3189,1
24.9511,10.9423,2715,3189,1
24.9759,10.8657,2696,3187,1
25.0007,12.1393,3012,3173,1
25.0255,12.5101,3104,3162,1
25.0503,10.8939,2703,3189,1
25.0751,11.8692,2945,3189,1
25.0999,11.4743,2847,3170,1
25.1247,12.2199,3032,3179,1
25.1495,12.4174,3081,3180,1
25.1743,11.2083,2781,3189,1
25.1991,11.2768,2798,3186,1
25.2239,11.8813,2948,3162,1
25.2487,11.8209,2933,3168,1
25.2735,11.6516,2891,3189,1
25.2983,10.6198,2635,3189,1
25.3231,10.8858,2701,3189,1
25.3479,11.9700,2970,3137,1
25.3727,12.8325,3184,3175,1
25.3975,11.8209,2933,3189,1
25.4223,11.7483,2915,3189,1
25.4471,11.7121,2906,3189,1
25.4719,11.6597,2893,3165,1
25.4967,12.4980,3101,3178,1
25.5215,12.2279,3034,3189,1
25.5463,10.5916,2628,3189,1
25.5711,10.8818,2700,3189,1
25.5960,11.3534,2817,3175,1
25.6208,12.6431,3137,3169,1
25.6456,12.0466,2989,3189,1
25.6704,11.1922,2777,3189,1
25.6952,11.1922,2777,3180,1
25.7200,12.1312,3010,3189,1
25.7448,12.4859,3098,3175,1
25.7696,11.2445,2790,3189,1
25.7944,10.8455,2691,3189,1
25.8192,10.8455,2691,3178,1
25.8440,11.9418,2963,3166,1
25.8688,12.4698,3094,3180,1
25.8936,11.3372,2813,3189,1
25.9184,11.5388,2863,3189,1
25.9432,11.4702,2846,3180,1
25.9680,12.6350,3135,3155,1
25.9928,12.2521,3040,3189,1
26.0176,11.2244,2785,3165,1
26.0424,10.8173,2684,3189,1
26.0672,11.6274,2885,3166,1
26.0920,12.5544,3115,3169,1
26.1168,11.5831,2874,3189,1
26.1416,12.0708,2995,3106,1
26.1664,12.4214,3082,3165,1
26.1912,11.8330,2936,3189,1
26.2160,10.4707,2598,3189,1
26.2408,11.3372,2813,3189,1
26.2656,12.3488,3064,3183,1
26.2904,12.5181,3106,3174,1
26.3152,11.7040,2904,3189,1
26.3400,11.4541,2842,3189,1
26.3648,11.2607,2794,3189,1
26.3896,11.8692,2945,3179,1
26.4144,11.7604,2918,3177,1
26.4392,11.5871,2875,3189,1
26.4640,10.8133,2683,3186,1
26.4888,11.6032,2879,3177,1
26.5136,12.5786,3121,3171,1
26.5384,12.3247,3058,3189,1
26.5632,11.4783,2848,3189,1
26.5880,11.3171,2808,3173,1
26.6128,10.6118,2633,3177,1
26.6376,12.7237,3157,3171,1
26.6625,12.0708,2995,3189,1
26.6873,11.4178,2833,3189,1
26.7121,11.1478,2766,3184,1
26.7369,11.7362,2912,3158,1
26.7617,12.2199,3032,3169,1
26.7865,11.4622,2844,3189,1
26.8113,11.0229,2735,3189,1
26.8361,11.3655,2820,3177,1
26.8609,12.2279,3034,3098,1
26.8857,12.4174,3081,3172,1
26.9105,11.5871,2875,3189,1
26.9353,10.3377,2565,3189,1
26.9601,11.2042,2780,3189,1
26.9849,12.5907,3124,3160,1
27.0097,12.2481,3039,3189,1
27.0345,11.5105,2856,3189,1
27.0593,10.6682,2647,3189,1
27.0841,11.1317,2762,3178,1
27.1089,12.0224,2983,3169,1
27.1337,11.4904,2851,3189,1
27.1585,10.5675,2622,3189,1
27.1833,10.5070,2607,3185,1
27.2081,11.6516,2891,3175,1
27.2329,11.8088,2930,3178,1
27.2577,11.8249,2934,3189,1
27.2825,10.8979,2704,3189,1
27.3073,10.8455,2691,3179,1
27.3321,12.0909,3000,3189,1
27.3569,12.4496,3089,3182,1
27.3817,11.0712,2747,3189,1
27.4065,10.9826,2725,3189,1
27.4313,11.2607,2794,3183,1
27.4561,12.3811,3072,3174,1
27.4809,11.6516,2891,3184,1
27.5057,11.5146,2857,3189,1
27.5305,11.0068,2731,3185,1
27.5553,11.3695,2821,3178,1
27.5801,12.3166,3056,3171,1
27.6049,11.5025,2854,3189,1
27.6297,11.1881,2776,3189,1
27.6545,10.7569,2669,3189,1
27.6793,11.8612,2943,3175,1
27.7041,11.8733,2946,3172,1
27.7289,11.4743,2847,3189,1
27.7537,11.4340,2837,3189,1
27.7786,10.8455,2691,3183,1
27.8034,12.1070,3004,3163,1
27.8282,12.2803,3047,3175,1
27.8530,11.4904,2851,3189,1
27.8778,11.1922,2777,3189,1
27.9026,10.9705,2722,3184,1
27.9274,12.1594,3017,3175,1
27.9522,12.3206,3057,3189,1
27.9770,11.1760,2773,3189,1
28.0018,11.1075,2756,3189,1
28.0266,11.4904,2851,3170,1
28.0514,12.5342,3110,3178,1
28.0762,11.3372,2813,3189,1
28.1010,11.0269,2736,3189,1
28.1258,10.6722,2648,3189,1
28.1506,12.0264,2984,3183,1
28.1754,11.7242,2909,3189,1
28.2002,11.4662,2845,3189,1
28.2250,11.2526,2792,3189,1
28.2498,11.0471,2741,3180,1
28.2746,12.0425,2988,3155,1
28.2994,11.4702,2846,3189,1
28.3242,11.1156,2758,3189,1
28.3490,10.6803,2650,3185,1
28.3738,11.7604,2918,3165,1
28.3986,11.7886,2925,3163,1
28.4234,11.1841,2775,3189,1
28.4482,9.9065,2458,3189,1
28.4730,11.2445,2790,3188,1
28.4978,12.3247,3058,3164,1
28.5226,12.1635,3018,3189,1
28.5474,11.0229,2735,3189,1
28.5722,10.7488,2667,3183,1
28.5970,11.7524,2916,3166,1
28.6218,12.5141,3105,3178,1
28.6466,11.3050,2805,3189,1
28.6714,10.7166,2659,3189,1
28.6962,10.6722,2648,3189,1
28.7210,11.7080,2905,3173,1
28.7458,12.3529,3065,3179,1
28.7706,11.3856,2825,3189,1
28.7954,10.8979,2704,3189,1
28.8202,12.0506,2990,3171,1
28.8451,11.9942,2976,3167,1
28.8699,11.9337,2961,3189,1
28.8947,11.0229,2735,3189,1
28.9195,11.0712,2747,3189,1
28.9443,12.2521,3040,3155,1
28.9691,12.2803,3047,3185,1
28.9939,11.1357,2763,3189,1
29.0187,11.0833,2750,3189,1
29.0435,11.1236,2760,3156,1
29.0683,11.5952,2877,3154,1
29.0931,12.0546,2991,3189,1
29.1179,10.9906,2727,3189,1
29.1427,11.4662,2845,3180,1
29.1675,11.8612,2943,3171,1
29.1923,12.1554,3016,3162,1
29.2171,11.5629,2869,3189,1
29.2419,10.7569,2669,3189,1
29.2667,10.8455,2691,3167,1
29.2915,12.4818,3097,3151,1
29.3163,12.0143,2981,3189,1
29.3411,10.7488,2667,3189,1
29.3659,10.7730,2673,3185,1
29.3907,12.3085,3054,3183,1
29.4155,11.5388,2863,3189,1
29.4403,10.7891,2677,3189,1
29.4651,10.4425,2591,3186,1
29.4899,11.6919,2901,3175,1
29.5147,11.8612,2943,3181,1
29.5395,11.4582,2843,3189,1
29.5643,11.2445,2790,3189,1
29.5891,10.8738,2698,3180,1
29.6139,12.4738,3095,3170,1
29.6387,11.7080,2905,3189,1
29.6635,10.8858,2701,3189,1
29.6883,10.7125,2658,3189,1
29.7131,11.6516,2891,3167,1
29.7379,11.7524,2916,3189,1
29.7627,11.8692,2945,3189,1
29.7875,11.3131,2807,3189,1
29.8123,11.4178,2833,3178,1
29.8371,11.8088,2930,3159,1
29.8619,12.0546,2991,3189,1
29.8867,10.7528,2668,3189,1
29.9115,10.8939,2703,3183,1
29.9364,11.8652,2944,3189,1
29.9612,12.3892,3074,3189,1
29.9860,11.4461,2840,3189,1
30.0108,10.8254,2686,3189,1
30.0356,11.7524,2916,3175,1
30.0604,12.5020,3102,3168,1
30.0852,12.0143,2981,3189,1
30.1100,10.8858,2701,3189,1
30.1348,10.7569,2669,3181,1
30.1596,11.6718,2896,3123,1
30.1844,11.9700,2970,3173,1
30.2092,11.7524,2916,3189,1
30.2340,10.8133,2683,3189,1
30.2588,10.9342,2713,3189,1
30.2836,11.9700,2970,3180,1
30.3084,12.2844,3048,3183,1
30.3332,11.3372,2813,3189,1
30.3580,10.6682,2647,3186,1
30.3828,12.0143,2981,3173,1
30.4076,12.1232,3008,3163,1
30.4324,11.1922,2777,3189,1
30.4572,11.3372,2813,3189,1
30.4820,10.6037,2631,3184,1
30.5068,11.8975,2952,3154,1
30.5316,11.5226,2859,3189,1
30.5564,11.0632,2745,3189,1
30.5812,10.8939,2703,3186,1
30.6060,11.3372,2813,3169,1
30.6308,12.5625,3117,3180,1
30.6556,11.3655,2820,3189,1
30.6804,11.1236,2760,3189,1
30.7052,10.7488,2667,3189,1
30.7300,11.7080,2905,3094,1
30.7548,12.0305,2985,3173,1
30.7796,11.3372,2813,3189,1
30.8044,10.6884,2652,3189,1
30.8292,11.6919,2901,3134,1
30.8540,12.3488,3064,3154,1
30.8788,11.8410,2938,3189,1
30.9036,10.9826,2725,3189,1
30.9284,11.4138,2832,3175,1
30.9532,12.4295,3084,3177,1
30.9780,11.7886,2925,3189,1
31.0028,10.8899,2702,3189,1
31.0277,11.4743,2847,3189,1
31.0525,11.6677,2895,3164,1
31.0773,12.2844,3048,3189,1
31.1021,10.9342,2713,3189,1
31.1269,11.0914,2752,3189,1
31.1517,10.7287,2662,3186,1
31.1765,12.5222,3107,3163,1
31.2013,11.9660,2969,3189,1
31.2261,10.7770,2674,3189,1
31.2509,10.5191,2610,3180,1
31.2757,12.2965,3051,3180,1
31.3005,12.3811,3072,3189,1
31.3253,11.2365,2788,3189,1
31.3501,10.6198,2635,3189,1
31.3749,11.6919,2901,3179,1
31.3997,12.2521,3040,3167,1
31.4245,11.2244,2785,3189,1
31.4493,10.8294,2687,3189,1
31.4741,10.2853,2552,3189,1
31.4989,11.4662,2845,3039,1
31.5237,12.0909,3000,3178,1
31.5485,11.1236,2760,3189,1
31.5733,10.8254,2686,3189,1
31.5981,11.4178,2833,3171,1
31.6229,12.7519,3164,3168,1
31.6477,11.8934,2951,3189,1
31.6725,10.7287,2662,3189,1
31.6973,10.9302,2712,3173,1
31.7221,11.7967,2927,3175,1
31.7469,11.8249,2934,3189,1
31.7717,11.1841,2775,3189,1
31.7965,10.6682,2647,3189,1
31.8213,11.4662,2845,3179,1
31.8461,12.0748,2996,3167,1
31.8709,11.3252,2810,3189,1
31.8957,10.8617,2695,3189,1
31.9205,10.6722,2648,3189,1
31.9453,11.8249,2934,3163,1
31.9701,12.0022,2978,3189,1
31.9949,11.4662,2845,3189,1
32.0197,10.6722,2648,3189,1
32.0445,10.8254,2686,3170,1
32.0693,11.8330,2936,3167,1
32.0942,12.0506,2990,3189,1
32.1189,10.6198,2635,3189,1
32.1438,10.6884,2652,3183,1
32.1686,11.6919,2901,3130,1
32.1934,12.1796,3022,3160,1
32.2182,11.0350,2738,3189,1
32.2430,10.6440,2641,3189,1
32.2678,11.2969,2803,3167,1
32.2926,12.4093,3079,3163,1
32.3174,11.6516,2891,3189,1
32.3422,10.8294,2687,3189,1
32.3670,10.8979,2704,3185,1
32.3918,11.6516,2891,3128,1
32.4166,12.0143,2981,3177,1
32.4414,11.0592,2744,3189,1
32.4662,10.7125,2658,3189,1
32.4910,11.4098,2831,3168,1
32.5158,12.0708,2995,3171,1
32.5406,11.8531,2941,3189,1
32.5654,10.9826,2725,3189,1
32.5902,10.9100,2707,3176,1
32.6150,11.6274,2885,3036,1
32.6398,11.6516,2891,3180,1
32.6646,11.1599,2769,3189,1
32.6894,10.8254,2686,3189,1
32.7142,11.2889,2801,3179,1
32.7390,11.5428,2864,3165,1
32.7638,11.7524,2916,3189,1
32.7886,10.5675,2622,3189,1
32.8134,10.8455,2691,3175,1
32.8382,12.3166,3056,3170,1
32.8630,12.1876,3024,3189,1
32.8878,11.0188,2734,3189,1
32.9126,10.4989,2605,3189,1
32.9374,11.5912,2876,3169,1
32.9622,11.6838,2899,3163,1
32.9870,11.0350,2738,3189,1
33.0118,11.2889,2801,3189,1
33.0366,11.2042,2780,3174,1
33.0614,12.4859,3098,3171,1
33.0862,11.1599,2769,3189,1
33.1110,10.6722,2648,3189,1
33.1358,10.8133,2683,3180,1
33.1606,11.9660,2969,3180,1
33.1855,12.0748,2996,3189,1
33.2103,10.8294,2687,3189,1
33.2351,10.5272,2612,3189,1
33.2599,11.5025,2854,3177,1
33.2847,11.6637,2894,3170,1
33.3095,10.9262,2711,3189,1
33.3343,10.5675,2622,3189,1
33.3591,11.0027,2730,3183,1
33.3839,11.9660,2969,3167,1
33.4087,11.3574,2818,3189,1
33.4335,10.6400,2640,3189,1
33.4583,10.4506,2593,3189,1
33.4831,12.1312,3010,3181,1
33.5079,11.1236,2760,3183,1
33.5327,10.7649,2671,3148,1
33.5575,10.5755,2624,3189,1
33.5823,11.7886,2925,3189,1
33.6071,11.9055,2954,3177,1
33.6319,11.1720,2772,3189,1
33.6567,10.6964,2654,3189,1
33.6815,11.4582,2843,3177,1
33.7063,11.4138,2832,3180,1
33.7311,11.1962,2778,3189,1
33.7559,10.7085,2657,3189,1
33.7807,10.6884,2652,3189,1
33.8055,11.5388,2863,3189,1
33.8303,11.9700,2970,3184,1
33.8551,11.2889,2801,3189,1
33.8799,10.3176,2560,3189,1
33.9047,11.7403,2913,3167,1
33.9295,12.2481,3039,3167,1
33.9543,11.2607,2794,3189,1
33.9791,10.8173,2684,3189,1
34.0039,10.8979,2704,3173,1
34.0287,12.1876,3024,3177,1
34.0535,11.5508,2866,3189,1
34.0783,10.7891,2677,3189,1
34.1031,10.8133,2683,3185,1
34.1279,11.5589,2868,3165,1
34.1527,11.6395,2888,3167,1
34.1775,11.5428,2864,3189,1
34.2023,11.4743,2847,3189,1
34.2271,10.6602,2645,3178,1
34.2519,12.1070,3004,3174,1
34.2767,11.5912,2876,3189,1
34.3016,10.8858,2701,3189,1
34.3264,10.6602,2645,3189,1
34.3512,11.5629,2869,3170,1
34.3760,11.8088,2930,3173,1
34.4008,11.0390,2739,3189,1
34.4256,8.8949,2207,3189,1
34.4504,10.4627,2596,3180,1
34.4752,12.2602,3042,3184,1
34.5000,11.3131,2807,3189,1
34.5248,11.0592,2744,3178,1
34.5496,10.4828,2601,3185,1
34.5744,11.5307,2861,3164,1
34.5992,11.6516,2891,3170,1
34.6240,11.2042,2780,3189,1
34.6488,10.5070,2607,3189,1
34.6736,10.9987,2729,3175,1
34.6984,12.0466,2989,3189,1
34.7232,11.9861,2974,3189,1
34.7480,10.6239,2636,3189,1
34.7728,10.2934,2554,3183,1
34.7976,11.0914,2752,3176,1
34.8224,11.7080,2905,3178,1
34.8472,11.7524,2916,3189,1
34.8720,10.5272,2612,3189,1
34.8968,10.8617,2695,3185,1
34.9216,11.7886,2925,3095,1
34.9464,12.1917,3025,3189,1
34.9712,10.7770,2674,3189,1
34.9960,10.4506,2593,3189,1
35.0208,11.2365,2788,3178,0
35.0456,11.7322,2911,3171,0
35.0704,11.4985,2853,2,0
35.0952,10.6239,2636,0,0
35.1200,10.5795,2625,0,0
35.1448,11.5307,2861,116,0
35.1696,12.0143,2981,0,0
35.1944,10.8173,2684,0,0
35.2192,10.8617,2695,0,0
35.2440,10.9584,2719,0,0
35.2688,12.0264,2984,0,0
35.2936,11.9418,2963,7,0
35.3184,10.6400,2640,1,0
35.3432,10.4224,2586,0,0
35.3680,11.4178,2833,0,0
35.3929,12.2682,3044,0,0
35.4177,11.2083,2781,0,0
35.4425,10.9342,2713,0,0
35.4673,10.6924,2653,0,0
35.4921,11.8370,2937,0,0
35.5169,11.4098,2831,0,0
35.5417,11.0188,2734,0,0
35.5665,10.5675,2622,0,0
35.5913,11.1639,2770,0,0
35.6161,12.1554,3016,0,0
35.6409,11.3050,2805,0,0
35.6657,10.3176,2560,0,0
35.6905,10.6198,2635,0,0
35.7153,12.0264,2984,14,0
35.7401,11.3372,2813,4,0
35.7649,10.8738,2698,0,0
35.7897,10.3821,2576,0,0
35.8145,11.1075,2756,0,0
35.8393,12.3650,3068,0,0
35.8641,11.4582,2843,0,0
35.8889,10.7649,2671,0,0
35.9137,10.5191,2610,0,0
35.9385,11.5508,2866,0,0
35.9633,11.8209,2933,0,0
35.9881,10.8617,2695,0,0
36.0129,10.2934,2554,0,0
36.0377,11.1639,2770,0,0
36.0625,12.0546,2991,0,0
36.0873,11.8531,2941,0,0
36.1121,10.7528,2668,0,0
36.1369,10.6521,2643,0,0
36.1617,11.8975,2952,0,0
36.1865,11.9015,2953,0,0
36.2113,10.8455,2691,0,0
36.2361,10.2531,2544,0,0
36.2609,11.1599,2769,0,0
36.2857,11.5549,2867,0,0
36.3105,11.5549,2867,0,0
36.3353,10.9705,2722,0,0
36.3601,10.8052,2681,0,0
36.3849,12.2360,3036,0,0
36.4097,11.9821,2973,0,0
36.4345,10.9665,2721,0,0
36.4594,10.4989,2605,0,0
36.4842,11.4340,2837,0,0
36.5090,12.3247,3058,0,0
36.5338,11.1599,2769,0,0
36.5586,11.2123,2782,0,0
36.5834,10.8455,2691,0,0
36.6082,12.2279,3034,0,0
36.6330,11.2647,2795,6,0
36.6578,10.8375,2689,0,0
36.6826,10.4264,2587,0,0
36.7074,11.4582,2843,0,0
36.7322,12.2199,3032,0,0
36.7570,11.2445,2790,0,0
36.7818,9.9669,2473,0,0
36.8066,10.4828,2601,0,0
36.8314,11.6677,2895,0,0
36.8562,11.3775,2823,6,0
36.8810,10.9342,2713,0,0
36.9058,10.2813,2551,0,0
36.9306,11.7886,2925,0,0
36.9554,11.4783,2848,14,0
36.9802,10.8173,2684,0,0
37.0050,10.4546,2594,0,0
37.0298,11.0269,2736,0,0
37.0546,12.3327,3060,0,0
37.0794,11.5307,2861,0,0
37.1042,10.6682,2647,0,0
37.1290,10.1322,2514,0,0
37.1538,11.4219,2834,0,0
37.1786,12.1997,3027,0,0
37.2034,10.8455,2691,0,0
37.2282,10.4224,2586,0,0
37.2530,11.2365,2788,0,0
37.2778,11.7806,2923,141,0
37.3026,11.6476,2890,0,0
37.3274,10.3619,2571,0,0
37.3522,10.4143,2584,0,0
37.3770,11.7080,2905,0,0
37.4018,12.0909,3000,0,0
37.4266,11.1881,2776,0,0
37.4514,10.2088,2533,0,0
37.4762,11.2083,2781,0,0
37.5010,11.7886,2925,0,0
37.5258,10.9423,2715,0,0
37.5507,9.9669,2473,0,0
37.5755,10.9423,2715,0,0
37.6003,11.6274,2885,0,0
37.6251,11.6677,2895,0,0
37.6499,10.7327,2663,21,0
37.6747,10.4264,2587,0,0
37.6995,11.6395,2888,0,0
37.7243,11.5146,2857,0,0
37.7491,11.2123,2782,0,0
37.7739,10.9705,2722,0,0
37.7987,11.2244,2785,0,0
37.8235,12.2844,3048,0,0
37.8483,11.0229,2735,0,0
37.8731,10.4143,2584,0,0
37.8979,10.6037,2631,0,0
37.9227,11.6516,2891,0,0
37.9475,11.6355,2887,0,0
37.9723,10.6722,2648,0,0
37.9971,10.4506,2593,0,0
38.0219,11.4662,2845,0,0
38.0467,12.2682,3044,0,0
38.0715,10.8052,2681,0,0
38.0963,10.4062,2582,0,0
38.1211,10.6521,2643,0,0
38.1459,12.8365,3185,0,0
38.1707,11.0430,2740,0,0
38.1955,10.6964,2654,0,0
38.2203,10.7649,2671,0,0
38.2451,11.9700,2970,0,0
38.2699,11.4864,2850,0,0
38.2947,10.6521,2643,0,0
38.3195,10.3135,2559,0,0
38.3443,11.4461,2840,0,0
38.3691,12.2360,3036,0,0
38.3939,10.8617,2695,0,0
38.4187,10.2168,2535,0,0
38.4435,10.7408,2665,0,0
38.4683,11.7322,2911,0,0
38.4931,11.3856,2825,0,0
38.5179,10.4506,2593,0,0
38.5427,10.4143,2584,0,0
38.5675,12.0909,3000,20,0
38.5923,11.7362,2912,0,0
38.6171,11.0793,2749,0,0
38.6420,10.3135,2559,0,0
38.6668,11.2244,2785,0,0
38.6916,10.5634,2621,0,0
38.7164,11.2607,2794,7,0
38.7412,10.8052,2681,0,0
38.7660,10.9342,2713,0,0
38.7908,11.7443,2914,0,0
38.8156,11.9660,2969,0,0
38.8404,10.6682,2647,0,0
38.8652,10.5191,2610,0,0
38.8900,11.1881,2776,0,0
38.9148,12.4133,3080,0,0
38.9396,11.1156,2758,0,0
38.9644,11.0632,2745,0,0
38.9892,10.4143,2584,0,0
39.0140,11.7040,2904,0,0
39.0388,11.3534,2817,0,0
39.0636,10.7327,2663,0,0
39.0884,10.5634,2621,0,0
39.1132,11.3050,2805,0,0
39.1380,11.8370,2937,0,0
39.1628,10.8899,2702,0,0
39.1876,10.6722,2648,0,0
39.2124,10.9947,2728,0,0
39.2372,11.9821,2973,0,0
39.2620,11.7201,2908,0,0
39.2868,10.9705,2722,0,0
39.3116,10.3377,2565,0,0
39.3364,11.9660,2969,0,0
39.3612,12.1232,3008,0,0
39.3860,10.9906,2727,0,0
39.4108,10.4627,2596,0,0
39.4356,11.2728,2797,0,0
39.4604,11.6677,2895,0,0
39.4852,11.1599,2769,0,0
39.5100,10.8818,2700,0,0
39.5348,10.8738,2698,0,0
39.5596,11.9861,2974,0,0
39.5844,11.0632,2745,0,0
39.6092,10.4989,2605,0,0
39.6340,10.4627,2596,0,0
39.6588,11.6677,2895,0,0
39.6836,11.6758,2897,0,0
39.7085,11.0833,2750,0,0
39.7332,10.2934,2554,0,0
39.7581,11.3050,2805,0,0
39.7829,12.2199,3032,0,0
39.8077,11.1881,2776,0,0
39.8325,10.4183,2585,0,0
39.8573,11.3211,2809,0,0
39.8821,11.7080,2905,0,0
39.9069,11.7201,2908,0,0
39.9317,10.7770,2674,0,0
39.9565,10.5675,2622,0,0
39.9813,11.5589,2868,0,0
40.0061,11.4904,2851,0,0
40.0309,11.4783,2848,0,0
40.0557,10.5070,2607,0,0
40.0805,11.2889,2801,0,0
40.1053,11.9861,2974,0,0
40.1301,11.0914,2752,0,0
40.1549,10.5191,2610,0,0
40.1797,10.3740,2574,0,0
40.2045,11.9095,2955,0,0
40.2293,11.5912,2876,0,0
40.2541,10.9342,2713,0,0
40.2789,10.4022,2581,0,0
40.3037,11.5307,2861,0,0
40.3285,12.2360,3036,0,0
40.3533,10.9705,2722,0,0
40.3781,10.8455,2691,0,0
40.4029,11.0833,2750,0,0
40.4277,11.9700,2970,0,0
40.4525,11.5750,2872,0,0
40.4773,10.5110,2608,0,0
40.5021,10.3377,2565,0,0
40.5269,11.8007,2928,1,0
40.5517,12.0143,2981,0,0
40.5765,11.0712,2747,0,0
40.6013,10.4989,2605,0,0
40.6261,11.3534,2817,0,0
40.6509,11.6758,2897,0,0
40.6757,11.2365,2788,0,0
40.7005,9.9750,2475,0,0
40.7253,10.6602,2645,0,0
40.7501,12.0506,2990,0,0
40.7749,11.1922,2777,0,0
40.7998,10.4667,2597,0,0
40.8246,10.5594,2620,0,0
40.8494,11.9498,2965,3,0
40.8742,11.9498,2965,0,0
40.8990,10.6602,2645,0,0
40.9238,10.4506,2593,0,0
40.9486,11.4259,2835,0,0
40.9734,12.1030,3003,0,0
40.9982,11.2365,2788,0,0
41.0230,11.1438,2765,0,0
41.0478,11.3534,2817,0,0
41.0726,11.8209,2933,164,0
41.0974,11.7282,2910,0,0
41.1222,10.5675,2622,0,0
41.1470,11.1156,2758,0,0
41.1718,11.6798,2898,0,0
41.1966,11.3171,2808,0,0
41.2214,10.6400,2640,0,0
41.2462,10.4506,2593,0,0
41.2710,11.4622,2844,0,0
41.2958,11.7080,2905,0,0
41.3206,11.2042,2780,0,0
41.3454,10.2168,2535,0,0
41.3702,10.7488,2667,0,0
41.3950,11.8612,2943,0,0
41.4198,12.0506,2990,0,0
41.4446,10.9947,2728,0,0
41.4694,10.4385,2590,0,0
41.4942,11.4864,2850,0,0
41.5190,12.3206,3057,0,0
41.5438,11.5428,2864,0,0
41.5686,10.8496,2692,0,0
41.5934,10.5191,2610,0,0
41.6182,12.1796,3022,0,0
41.6430,11.3816,2824,0,0
41.6678,11.1156,2758,0,0
41.6926,10.4546,2594,0,0
41.7174,11.6355,2887,0,0
41.7422,11.8652,2944,0,0
41.7670,11.1438,2765,0,0
41.7918,10.2853,2552,0,0
41.8166,10.8375,2689,0,0
41.8414,12.3327,3060,0,0
41.8662,11.5226,2859,0,0
41.8910,10.6118,2633,0,0
41.9159,10.9100,2707,0,0
41.9407,11.7604,2918,0,0
41.9655,12.1796,3022,0,0
41.9903,10.9342,2713,0,0
42.0151,10.3176,2560,0,0
42.0399,11.3937,2827,0,0
42.0647,11.6032,2879,0,0
42.0895,10.8617,2695,0,0
42.1143,10.6521,2643,0,0
42.1391,11.1115,2757,0,0
42.1639,11.6798,2898,0,0
42.1887,11.2325,2787,0,0
42.2135,10.7408,2665,0,0
42.2383,10.7528,2668,0,0
42.2631,11.4461,2840,0,0
42.2879,11.8652,2944,0,0
42.3127,11.5629,2869,0,0
42.3375,11.3010,2804,0,0
42.3623,10.9463,2716,0,0
42.3871,11.8934,2951,0,0
42.4119,12.1514,3015,0,0
42.4367,10.8617,2695,0,0
42.4615,10.7125,2658,0,0
42.4863,11.2969,2803,0,0
42.5111,12.2602,3042,0,0
42.5359,10.8173,2684,0,0
42.5607,10.7125,2658,0,0
42.5855,11.3937,2827,0,0
42.6103,12.2682,3044,0,0
42.6351,11.4340,2837,2,0
42.6599,10.9705,2722,0,0
42.6847,10.7125,2658,0,0
42.7095,11.4743,2847,0,0
42.7343,12.2803,3047,0,0
42.7591,10.9665,2721,0,0
42.7839,11.8531,2941,0,0
42.8087,10.8738,2698,0,0
42.8335,11.5952,2877,0,0
42.8583,11.1438,2765,0,0
42.8831,10.7972,2679,0,0
42.9079,10.5675,2622,0,0
42.9327,11.3171,2808,0,0
42.9575,12.3529,3065,46,0
42.9823,11.3856,2825,0,0
43.0072,10.9342,2713,0,0
43.0320,10.7649,2671,0,0
43.0568,12.3085,3054,0,0
43.0816,12.0466,2989,0,0
43.1064,10.6198,2635,0,0
43.1312,10.4506,2593,0,0
43.1560,11.6516,2891,0,0
43.1808,12.2521,3040,0,0
43.2056,10.8738,2698,0,0
43.2304,10.5836,2626,0,0
43.2552,11.1236,2760,0,0
43.2800,12.4295,3084,0,0
43.3048,11.0511,2742,0,0
43.3296,10.8294,2687,0,0
43.3544,10.5675,2622,0,0
43.3792,11.7040,2904,8,0
43.4040,12.2602,3042,0,0
43.4288,11.0350,2738,0,0
43.4536,10.8778,2699,0,0
43.4784,10.7649,2671,0,0
43.5032,12.3569,3066,0,0
43.5280,11.9055,2954,2,0
43.5528,10.6521,2643,0,0
43.5776,10.1765,2525,0,0
43.6024,11.5871,2875,189,0
43.6272,11.7322,2911,0,0
43.6520,10.8899,2702,0,0
43.6768,10.8294,2687,0,0
43.7016,10.3377,2565,0,0
43.7264,12.3166,3056,0,0
43.7512,11.8854,2949,0,0
43.7760,10.4385,2590,0,0
43.8008,10.5634,2621,0,0
43.8256,11.3050,2805,0,0
43.8504,12.1352,3011,0,0
43.8752,11.1599,2769,0,0
43.9000,10.2934,2554,0,0
43.9248,11.4299,2836,0,0
43.9496,12.0345,2986,0,0
43.9744,10.9705,2722,0,0
43.9992,12.6310,3134,0,0
44.0240,10.8335,2688,0,0
44.0488,11.6919,2901,8,0
44.0737,11.5307,2861,2,0
44.0985,10.4627,2596,0,0
44.1233,10.5795,2625,0,0
44.1481,11.5146,2857,0,0
44.1729,11.8692,2945,0,0
44.1977,10.8858,2701,0,0
44.2225,10.7408,2665,0,0
44.2473,11.0350,2738,0,0
44.2721,12.4295,3084,0,0
44.2969,11.8934,2951,6,0
44.3217,10.9705,2722,0,0
44.3465,10.4627,2596,0,0
44.3713,11.6919,2901,4,0
44.3961,11.6798,2898,0,0
44.4209,10.7488,2667,0,0
44.4457,10.6602,2645,0,0
44.4705,11.0833,2750,0,0
44.4953,12.3085,3054,0,0
44.5201,11.5952,2877,0,0
44.5449,11.1357,2763,0,0
44.5697,10.8858,2701,0,0
44.5945,11.5146,2857,0,0
44.6193,12.0143,2981,0,0
44.6441,10.7649,2671,0,0
44.6689,10.2168,2535,0,0
44.6937,11.6718,2896,0,0
44.7185,12.1715,3020,0,0
44.7433,11.7242,2909,0,0
44.7681,10.5594,2620,0,0
44.7929,10.5070,2607,0,0
44.8177,11.8289,2935,8,0
44.8425,12.2239,3033,0,0
44.8673,10.8455,2691,0,0
44.8921,10.5312,2613,0,0
44.9169,11.3655,2820,0,0
44.9417,12.1473,3014,0,0
44.9665,11.7201,2908,0,0
44.9913,10.6602,2645,0,0
45.0161,10.6440,2641,0,0
45.0409,11.8531,2941,0,0
45.0657,11.3655,2820,0,0
45.0905,10.6078,2632,0,0
45.1153,10.6521,2643,0,0
45.1401,11.7080,2905,0,0
45.1650,12.1070,3004,0,0
45.1898,11.3372,2813,0,0
45.2146,10.4748,2599,0,0
45.2394,11.2889,2801,0,0
45.2642,11.8572,2942,0,0
45.2890,11.5428,2864,0,0
45.3138,11.2042,2780,0,0
45.3386,11.0914,2752,0,0
45.3634,12.4456,3088,0,0
45.3882,11.1922,2777,0,0
45.4130,11.1922,2777,0,0
45.4378,10.6037,2631,0,0
45.4626,11.9378,2962,63,0
45.4874,12.1796,3022,0,0
45.5122,10.7851,2676,0,0
45.5370,10.6722,2648,0,0
45.5618,10.7569,2669,0,0
45.5866,11.9619,2968,0,0
45.6114,11.4219,2834,0,0
45.6362,10.6440,2641,0,0
45.6610,10.5795,2625,0,0
45.6858,12.1191,3007,0,0
45.7106,11.9378,2962,18,0
45.7354,10.8818,2700,0,0
45.7602,10.7891,2677,0,0
45.7850,12.8526,3189,0,0
45.8098,12.2038,3028,0,0
45.8346,10.9906,2727,0,0
45.8594,10.7166,2659,0,0
45.8842,10.4143,2584,0,0
45.9090,11.8249,2934,0,0
45.9338,12.2360,3036,0,0
45.9586,11.4461,2840,0,0
45.9834,10.4143,2584,0,0
46.0082,11.2405,2789,0,0
46.0330,11.7322,2911,0,0
46.0578,11.4743,2847,0,0
46.0826,10.7569,2669,0,0
46.1074,10.6682,2647,0,0
46.1322,11.7564,2917,0,0
46.1570,11.3977,2828,0,0
46.1818,10.9342,2713,0,0
46.2066,10.4989,2605,0,0
46.2314,11.3211,2809,0,0
46.2563,11.6315,2886,0,0
46.2811,11.1236,2760,0,0
46.3059,10.8455,2691,0,0
46.3307,10.4546,2594,0,0
46.3555,11.9458,2964,0,0
46.3803,11.9378,2962,0,0
46.4051,11.2042,2780,0,0
46.4299,10.7770,2674,0,0
46.4547,11.2607,2794,0,0
46.4795,11.5952,2877,0,0
46.5043,10.9544,2718,0,0
46.5291,10.6964,2654,0,0
46.5539,11.7201,2908,0,0
46.5787,11.7362,2912,0,0
46.6035,11.3856,2825,0,0
46.6283,10.7770,2674,0,0
46.6531,10.4224,2586,0,0
46.6779,11.4864,2850,0,0
46.7027,12.1232,3008,0,0
46.7275,10.8899,2702,0,0
46.7523,10.8254,2686,0,0
46.7771,11.1156,2758,0,0
46.8019,12.2924,3050,0,0
46.8267,12.0143,2981,7,0
46.8515,10.6884,2652,0,0
46.8763,10.5272,2612,0,0
46.9011,11.1680,2771,0,0
46.9259,12.2320,3035,0,0
46.9507,11.0712,2747,0,0
46.9755,10.6722,2648,0,0
47.0003,10.2088,2533,0,0
47.0251,12.2844,3048,0,0
47.0499,12.1635,3018,0,0
47.0747,10.8697,2697,0,0
47.0995,10.6440,2641,0,0
47.1243,11.5831,2874,0,0
47.1491,12.4133,3080,0,0
47.1739,11.5307,2861,0,0
47.1987,10.2410,2541,0,0
47.2235,10.6239,2636,0,0
47.2483,12.1151,3006,23,0
47.2731,11.4702,2846,0,0
47.2979,10.6521,2643,0,0
47.3228,10.8294,2687,0,0
47.3475,11.3131,2807,0,0
47.3724,11.5952,2877,0,0
47.3972,11.7725,2921,0,0
47.4220,11.6395,2888,0,0
47.4468,10.6440,2641,0,0
47.4716,11.7403,2913,0,0
47.4964,11.4259,2835,1,0
47.5212,11.5912,2876,0,0
47.5460,10.4062,2582,0,0
47.5708,11.3372,2813,0,0
47.5956,12.5141,3105,0,0
47.6204,11.1438,2765,0,0
47.6452,10.6682,2647,0,0
47.6700,10.5191,2610,0,0
47.6948,11.5307,2861,0,0
47.7196,12.1393,3012,0,0
47.7444,10.7770,2674,0,0
47.7692,10.9826,2725,0,0
47.7940,11.4098,2831,0,0
47.8188,11.8531,2941,0,0
47.8436,11.9418,2963,0,0
47.8684,10.9342,2713,0,0
47.8932,10.5070,2607,0,0
47.9180,11.9942,2976,0,0
47.9428,12.2360,3036,0,0
47.9676,11.2123,2782,0,0
47.9924,10.7488,2667,0,0
48.0172,11.3655,2820,0,0
48.0420,12.0909,3000,0,0
48.0668,11.6838,2899,0,0
48.0916,10.7408,2665,0,0
48.1164,10.7287,2662,0,0
48.1412,11.8289,2935,0,0
48.1660,11.5105,2856,0,0
48.1908,11.3977,2828,0,0
48.2156,10.6239,2636,0,0
48.2404,11.4098,2831,0,0
48.2652,12.4899,3099,0,0
48.2900,11.5428,2864,0,0
48.3148,10.8939,2703,0,0
48.3396,10.5675,2622,0,0
48.3644,11.3453,2815,0,0
48.3892,11.5871,2875,0,0
48.4141,11.0793,2749,0,0
48.4389,10.1402,2516,0,0
48.4637,11.2204,2784,0,0
48.4885,11.7201,2908,0,0
48.5133,11.4783,2848,0,0
48.5381,10.6239,2636,0,0
48.5629,10.5675,2622,0,0
48.5877,11.3372,2813,0,0
48.6125,12.2602,3042,0,0
48.6373,11.4299,2836,0,0
48.6621,10.7287,2662,0,0
48.6869,10.7488,2667,0,0
48.7117,12.0466,2989,0,0
48.7365,11.5670,2870,0,0
48.7613,10.9906,2727,0,0
48.7861,10.7408,2665,0,0
48.8109,11.3131,2807,0,0
48.8357,12.1070,3004,0,0
48.8605,11.0874,2751,0,0
48.8853,10.3740,2574,0,0
48.9101,10.7891,2677,0,0
48.9349,11.6838,2899,0,0
48.9597,11.6516,2891,0,0
48.9845,10.8455,2691,0,0
49.0093,10.8778,2699,0,0
49.0341,11.1922,2777,0,0
49.0589,12.1997,3027,0,0
49.0837,11.1478,2766,0,0
49.1085,10.6722,2648,0,0
49.1333,10.6239,2636,0,0
49.1581,11.7080,2905,0,0
49.1829,12.3085,3054,0,0
49.2077,11.1075,2756,0,0
49.2325,10.8617,2695,0,0
49.2573,11.3292,2811,0,0
49.2821,12.4295,3084,0,0
49.3069,11.2244,2785,6,0
49.3317,10.8254,2686,0,0
49.3565,10.8617,2695,0,0
49.3813,11.9942,2976,0,0
49.4061,12.2481,3039,0,0
49.4309,10.9423,2715,0,0
49.4557,10.9423,2715,0,0
49.4805,11.3050,2805,0,0
49.5053,11.3171,2808,0,0
49.5302,11.8209,2933,0,0
49.5550,11.2889,2801,0,0
49.5798,11.0672,2746,0,0
49.6046,11.7886,2925,0,0
49.6294,11.9055,2954,0,0
49.6542,11.0148,2733,0,0
49.6790,10.5594,2620,0,0
49.7038,11.2607,2794,0,0
49.7286,11.6355,2887,0,0
49.7534,11.5025,2854,0,0
49.7782,10.5554,2619,0,0
49.8030,11.1317,2762,0,0
49.8278,12.5423,3112,0,0
49.8526,11.6355,2887,0,0
49.8774,10.8617,2695,0,0
49.9022,10.2571,2545,0,0
49.9270,12.0345,2986,0,0
49.9518,11.1922,2777,0,0
49.9766,11.1680,2771,0,0
50.0014,10.2329,2539,0,0
50.0262,11.5105,2856,0,0
50.0510,12.0587,2992,0,0
50.0758,10.8979,2704,0,0
50.1006,10.4546,2594,0,0
50.1254,11.1357,2763,0,0
50.1502,12.4295,3084,0,0
50.1750,11.3010,2804,15,0
50.1998,10.6037,2631,0,0
50.2246,10.6239,2636,0,0
50.2494,11.4783,2848,0,0
50.2742,11.5226,2859,0,0
50.2990,11.1680,2771,0,0
50.3238,10.7690,2672,0,0
50.3486,10.8375,2689,0,0
50.3734,12.3488,3064,0,0
50.3982,11.8410,2938,0,0
50.4230,10.8858,2701,0,0
50.4478,10.9906,2727,0,0
50.4726,12.3166,3056,0,0
50.4974,12.0587,2992,0,0
50.5222,11.1478,2766,0,0
50.5470,10.7125,2658,0,0
50.5718,11.7725,2921,0,0
50.5966,12.5262,3108,185,0
50.6215,11.4743,2847,0,0
50.6463,10.6037,2631,0,0
50.6711,10.6722,2648,0,0
50.6959,12.0466,2989,0,0
50.7207,11.3171,2808,0,0
50.7455,10.5312,2613,7,0
50.7703,10.5191,2610,0,0
50.7951,11.6274,2885,182,0
50.8199,11.5388,2863,0,0
50.8447,10.9826,2725,0,0
50.8695,10.6682,2647,0,0
50.8943,11.3937,2827,0,0
50.9191,11.3937,2827,0,0
50.9439,11.7282,2910,0,0
50.9687,10.9423,2715,0,0
50.9935,10.7166,2659,0,0
51.0183,12.1232,3008,6,0
51.0431,12.2158,3031,0,0
51.0679,10.7045,2656,0,0
51.0927,10.5795,2625,0,0
51.1175,11.6516,2891,0,0
51.1423,11.7121,2906,0,0
51.1671,11.6516,2891,0,0
51.1919,10.5110,2608,0,0
51.2167,10.8496,2692,0,0
51.2415,12.1997,3027,0,0
51.2663,11.7564,2917,0,0
51.2911,10.7488,2667,0,0
51.3159,10.6964,2654,0,0
51.3407,11.7242,2909,77,0
51.3655,11.7362,2912,0,0
51.3903,10.8254,2686,0,0
51.4151,10.6722,2648,0,0
51.4399,11.1881,2776,0,0
51.4647,12.5383,3111,0,0
51.4895,11.3655,2820,0,0
51.5143,11.4138,2832,0,0
51.5391,10.3377,2565,0,0
51.5639,11.9660,2969,0,0
51.5887,11.4058,2830,0,0
51.6135,10.9423,2715,0,0
51.6383,10.7488,2667,0,0
51.6631,11.5871,2875,0,0
51.6880,12.2481,3039,0,0
51.7128,11.9700,2970,0,0
51.7376,10.2088,2533,0,0
51.7624,10.6521,2643,0,0
51.7872,11.8733,2946,0,0
51.8120,11.0793,2749,2,0
51.8368,10.4506,2593,0,0
51.8616,10.8455,2691,0,0
51.8864,11.7483,2915,0,0
51.9112,11.3775,2823,0,0
51.9360,10.9544,2718,0,0
51.9608,9.7815,2427,0,0
51.9856,11.5871,2875,0,0
52.0104,12.4295,3084,0,0
52.0352,11.1156,2758,0,0
52.0600,10.8818,2700,0,0
52.0848,11.2445,2790,0,0
52.1096,12.4093,3079,72,0
52.1344,11.1478,2766,0,0
52.1592,10.1322,2514,0,0
52.1840,10.6037,2631,0,0
52.2088,11.9619,2968,0,0
52.2336,12.2481,3039,0,0
52.2584,10.7770,2674,0,0
52.2832,10.7166,2659,0,0
52.3080,11.6798,2898,0,0
52.3328,11.5388,2863,0,0
52.3576,11.2123,2782,0,0
52.3824,10.4828,2601,0,0
52.4072,10.9826,2725,0,0
52.4320,11.4622,2844,0,0
52.4568,11.2365,2788,0,0
52.4816,10.5594,2620,0,0
52.5064,10.9705,2722,0,0
52.5312,12.1836,3023,0,0
52.5560,11.3292,2811,106,0
52.5808,10.7085,2657,0,0
52.6056,10.6803,2650,0,0
52.6304,11.6758,2897,0,0
52.6552,11.5226,2859,0,0
52.6800,11.3856,2825,0,0
52.7048,10.5916,2628,0,0
52.7296,11.2526,2792,0,0
52.7544,11.1196,2759,0,0
52.7793,11.5428,2864,0,0
52.8041,10.9342,2713,0,0
52.8289,10.8496,2692,0,0
52.8537,12.1070,3004,0,0
52.8785,11.3171,2808,0,0
52.9033,11.4582,2843,0,0
52.9281,10.6440,2641,0,0
52.9529,11.3856,2825,0,0
52.9777,12.4698,3094,0,0
53.0025,11.4178,2833,0,0
53.0273,8.9876,2230,0,0
53.0521,11.2123,2782,0,0
53.0769,12.2682,3044,0,0
53.1017,12.0909,3000,0,0
53.1265,10.7891,2677,0,0
53.1513,10.2329,2539,0,0
53.1761,12.1070,3004,0,0
53.2009,12.3851,3073,0,0
53.2257,10.9906,2727,0,0
53.2505,10.6722,2648,0,0
53.2753,11.3131,2807,0,0
53.3001,11.6677,2895,0,0
53.3249,11.7564,2917,0,0
53.3497,10.2853,2552,0,0
53.3745,11.0269,2736,0,0
53.3993,12.3892,3074,0,0
53.4241,12.1393,3012,0,0
53.4489,10.7488,2667,0,0
53.4737,10.7327,2663,0,0
53.4985,11.8854,2949,0,0
53.5233,12.2441,3038,0,0
53.5481,11.0712,2747,0,0
53.5729,10.2571,2545,0,0
53.5977,11.5750,2872,0,0
53.6225,12.6874,3148,0,0
53.6473,11.0027,2730,0,0
53.6721,10.5634,2621,0,0
53.6969,11.0148,2733,0,0
53.7217,12.1836,3023,0,0
53.7465,12.2682,3044,1,0
53.7713,10.4385,2590,0,0
53.7961,10.5675,2622,0,0
53.8209,11.7362,2912,0,0
53.8457,11.5710,2871,0,0
53.8706,11.0471,2741,0,0
53.8954,10.9987,2729,0,0
53.9202,10.9584,2719,0,0
53.9450,12.1796,3022,0,0
53.9698,11.8934,2951,0,0
53.9946,10.8738,2698,0,0
54.0194,11.2445,2790,0,0
54.0442,11.6718,2896,0,0
54.0690,12.1232,3008,0,0
54.0938,10.9987,2729,0,0
54.1186,10.5110,2608,0,0
54.1434,11.6395,2888,0,0
54.1682,11.5025,2854,0,0
54.1930,11.4783,2848,0,0
54.2178,11.2445,2790,0,0
54.2426,11.0833,2750,0,0
54.2674,12.1876,3024,0,0
54.2922,11.5226,2859,0,0
54.3170,10.6964,2654,0,0
54.3418,10.7085,2657,0,0
54.3666,11.5952,2877,0,0
54.3914,12.3569,3066,0,0
54.4162,11.4178,2833,0,0
54.4410,10.7770,2674,0,0
54.4658,11.4582,2843,0,0
54.4906,11.0874,2751,0,0
54.5154,11.4985,2853,0,0
54.5402,10.6198,2635,0,0
54.5650,11.0269,2736,0,0
54.5898,11.5428,2864,0,0
54.6146,11.5025,2854,0,0
54.6394,11.4702,2846,0,0
54.6642,10.1040,2507,0,0
54.6890,11.4702,2846,0,0
54.7138,12.6148,3130,0,0
54.7386,11.9821,2973,5,0
54.7634,10.7891,2677,0,0
54.7882,10.7730,2673,0,0
54.8130,12.3166,3056,0,0
54.8378,12.2279,3034,0,0
54.8626,10.9665,2721,0,0
54.8874,10.7125,2658,0,0
54.9122,11.5508,2866,0,0
54.9370,12.2199,3032,0,0
54.9618,11.1156,2758,0,0
54.9867,8.7256,2165,0,0
55.0115,10.8455,2691,0,0
55.0363,12.3045,3053,0,0
55.0611,11.2969,2803,0,0
55.0859,10.3377,2565,0,0
55.1107,10.9302,2712,0,0
55.1355,11.6838,2899,0,0
55.1603,12.1514,3015,1,0
55.1851,11.2042,2780,0,0
55.2099,10.7891,2677,0,0
55.2347,12.4174,3081,0,0
55.2595,11.4299,2836,0,0
55.2843,11.5831,2874,0,0
55.3091,11.0592,2744,0,0
55.3339,12.1473,3014,0,0
55.3587,12.0788,2997,0,0
55.3835,11.8733,2946,0,0
55.4083,10.9342,2713,0,0
55.4331,10.9785,2724,0,0
55.4579,11.9700,2970,0,0
55.4827,11.1357,2763,0,0
55.5075,10.0798,2501,20,0
55.5323,10.6722,2648,0,0
55.5571,11.5912,2876,0,0
55.5819,11.4743,2847,0,0
55.6067,11.5750,2872,0,0
55.6315,11.0833,2750,0,0
55.6563,11.1236,2760,0,0
55.6811,11.1236,2760,48,0
55.7059,11.0188,2734,0,0
55.7307,10.8617,2695,0,0
55.7555,10.4062,2582,0,0
55.7803,12.0143,2981,0,0
55.8051,12.4133,3080,0,0
55.8299,11.1639,2770,0,0
55.8547,10.8979,2704,0,0
55.8795,11.1680,2771,0,0
55.9043,12.7116,3154,0,0
55.9291,11.9095,2955,0,0
55.9539,11.3735,2822,0,0
55.9787,11.1841,2775,0,0
56.0035,12.3166,3056,0,0
56.0284,11.7564,2917,58,0
56.0532,11.0592,2744,0,0
56.0780,10.6682,2647,0,0
56.1028,11.7362,2912,0,0
56.1276,12.3085,3054,0,0
56.1524,11.7362,2912,0,0
56.1772,10.7408,2665,0,0
56.2020,11.5831,2874,0,0
56.2268,11.8572,2942,0,0
56.2516,11.8330,2936,0,0
56.2764,10.9342,2713,0,0
56.3012,10.8617,2695,0,0
56.3260,12.0466,2989,0,0
56.3508,12.0708,2995,0,0
56.3756,11.1156,2758,0,0
56.4004,10.6037,2631,0,0
56.4252,11.8048,2929,0,0
56.4500,12.1514,3015,0,0
56.4748,11.3775,2823,0,0
56.4996,11.1156,2758,0,0
56.5244,11.3574,2818,0,0
56.5492,12.4738,3095,0,0
56.5740,11.2244,2785,0,0
56.5988,12.8526,3189,0,0
56.6236,11.1236,2760,0,0
56.6484,12.2521,3040,0,0
56.6732,12.0627,2993,4,0
56.6980,10.6682,2647,0,0
56.7228,10.9705,2722,0,0
56.7476,11.8209,2933,168,0
56.7724,12.1836,3023,0,0
56.7972,11.3856,2825,0,0
56.8220,11.1599,2769,0,0
56.8468,11.3574,2818,0,0
56.8716,12.3287,3059,0,0
56.8964,11.1236,2760,0,0
56.9212,10.9141,2708,0,0
56.9460,11.3775,2823,0,0
56.9708,12.4093,3079,0,0
56.9956,11.4058,2830,0,0
57.0204,11.7886,2925,0,0
57.0452,10.3821,2576,0,0
57.0700,11.8370,2937,0,0
57.0948,12.3327,3060,0,0
57.1196,11.5025,2854,0,0
57.1445,10.3135,2559,0,0
57.1693,11.3775,2823,0,0
57.1941,11.8289,2935,0,0
57.2189,11.1922,2777,0,0
57.2437,10.4667,2597,0,0
57.2685,11.2445,2790,0,0
57.2933,12.4859,3098,0,0
57.3181,12.2279,3034,0,0
57.3429,11.0269,2736,0,0
57.3677,10.2692,2548,0,0
57.3925,12.0466,2989,0,0
57.4173,11.7524,2916,0,0
57.4421,11.1156,2758,0,0
57.4669,10.8617,2695,0,0
57.4917,11.7242,2909,0,0
57.5165,12.1232,3008,0,0
57.5413,11.3655,2820,0,0
57.5661,10.8657,2696,0,0
57.5909,11.3050,2805,0,0
57.6157,12.5987,3126,0,0
57.6405,11.6758,2897,0,0
57.6653,10.8979,2704,0,0
57.6901,10.6239,2636,0,0
57.7149,11.6274,2885,0,0
57.7397,11.4340,2837,0,0
57.7645,11.5307,2861,0,0
57.7893,10.9584,2719,0,0
57.8141,11.5105,2856,0,0
57.8389,11.6516,2891,0,0
57.8637,11.0350,2738,0,0
57.8885,10.5191,2610,0,0
57.9133,11.5428,2864,0,0
57.9381,12.7116,3154,0,0
57.9629,11.1357,2763,0,0
57.9877,10.7045,2656,0,0
58.0125,11.1317,2762,0,0
58.0373,12.2360,3036,0,0
58.0621,11.8249,2934,2,0
58.0869,10.8375,2689,0,0
58.1117,10.7891,2677,0,0
58.1365,11.7604,2918,0,0
58.1613,11.8692,2945,0,0
58.1861,10.7528,2668,7,0
58.2109,11.1801,2774,0,0
58.2358,11.2445,2790,0,0
58.2606,11.5670,2870,173,0
58.2854,11.3372,2813,0,0
58.3102,11.4985,2853,0,0
58.3350,10.6037,2631,0,0
58.3598,12.1997,3027,0,0
58.3846,12.1997,3027,0,0
58.4094,10.7891,2677,0,0
58.4342,10.5916,2628,0,0
58.4590,11.6516,2891,0,0
58.4838,12.3045,3053,0,0
58.5086,11.3252,2810,0,0
58.5334,10.8979,2704,0,0
58.5582,11.4783,2848,0,0
58.5830,12.3488,3064,0,0
58.6078,11.7806,2923,0,0
58.6326,10.7770,2674,0,0
58.6574,10.8979,2704,0,0
58.6822,11.8975,2952,0,0
58.7070,11.4219,2834,0,0
58.7318,10.8979,2704,0,0
58.7566,10.3256,2562,0,0
58.7814,11.7725,2921,23,0
58.8062,12.5544,3115,0,0
58.8310,10.7569,2669,0,0
58.8558,11.3372,2813,0,0
58.8806,11.1922,2777,0,0
58.9054,12.4818,3097,0,0
58.9302,11.8934,2951,0,0
58.9550,10.8335,2688,0,0
58.9798,10.5675,2622,0,0
59.0046,12.0788,2997,0,0
59.0294,11.7967,2927,0,0
59.0542,11.2808,2799,0,0
59.0790,10.6400,2640,0,0
59.1038,11.7242,2909,0,0
59.1286,11.9095,2955,0,0
59.1534,11.2969,2803,0,0
59.1782,11.3372,2813,0,0
59.2030,11.0793,2749,0,0
59.2278,12.7478,3163,0,0
59.2526,11.2365,2788,0,0
59.2774,11.6113,2881,0,0
59.3022,10.8052,2681,0,0
59.3271,12.5181,3106,0,0
59.3519,11.5508,2866,0,0
59.3767,10.6279,2637,0,0
59.4015,10.7891,2677,0,0
59.4263,12.3247,3058,0,0
59.4511,11.4582,2843,0,0
59.4759,11.6516,2891,0,0
59.5007,10.5916,2628,0,0
59.5255,11.7886,2925,0,0
59.5503,11.7121,2906,0,0
59.5751,10.7891,2677,0,0
59.5999,10.3377,2565,0,0
59.6247,11.2647,2795,0,0
59.6495,11.8934,2951,0,0
59.6743,11.1438,2765,0,0
59.6991,11.4904,2851,0,0
59.7239,11.7886,2925,0,0
59.7487,12.4456,3088,0,0
59.7735,11.3534,2817,0,0
59.7983,10.8858,2701,0,0
59.8231,10.6198,2635,0,0
59.8479,12.0587,2992,0,0
59.8727,12.2521,3040,0,0
59.8975,11.1438,2765,0,0
59.9223,10.8254,2686,0,0
59.9471,11.2123,2782,0,0
59.9719,11.8612,2943,0,0
59.9967,11.5549,2867,6,0
60.0215,11.4582,2843,0,0
60.0463,11.0229,2735,0,0
60.0711,11.9378,2962,0,0
60.0959,11.5508,2866,0,0
60.1207,11.1599,2769,0,0
60.1455,10.7569,2669,0,0
60.1703,11.7886,2925,0,0
60.1951,12.3851,3073,0,0
60.2199,10.9342,2713,0,0
60.2447,10.4828,2601,0,0
60.2695,11.5186,2858,0,0
60.2943,12.2803,3047,0,0
60.3191,11.5629,2869,0,0
60.3439,10.6319,2638,0,0
60.3687,11.5307,2861,0,0
60.3936,11.1599,2769,0,0
60.4184,11.7362,2912,0,0
60.4432,11.5629,2869,0,0
60.4680,10.2692,2548,0,0
60.4928,12.5383,3111,0,0
60.5176,10.9826,2725,0,0
60.5424,11.7483,2915,19,0
60.5672,12.5222,3107,0,0
60.5920,11.1156,2758,0,0
60.6168,11.1680,2771,0,0
60.6416,11.3372,2813,0,0
60.6664,11.8209,2933,0,0
60.6912,12.0466,2989,0,0
60.7160,11.5025,2854,0,0
60.7408,10.9826,2725,0,0
60.7656,12.1594,3017,1,0
60.7904,11.5952,2877,13,0
60.8152,11.3655,2820,0,0
60.8400,10.9342,2713,0,0
60.8648,11.5871,2875,0,0
60.8896,12.2199,3032,0,0
60.9144,11.6919,2901,0,0
60.9392,11.4138,2832,0,0
60.9640,11.4662,2845,0,0
60.9888,12.2723,3045,0,0
61.0136,11.6919,2901,2,0
61.0384,11.0068,2731,0,0
61.0632,10.9262,2711,0,0
61.0880,12.4053,3078,26,0
61.1128,12.3247,3058,6,0
61.1376,11.3010,2804,0,0
61.1624,10.5191,2610,0,0
61.1872,11.5307,2861,0,0
61.2120,12.0788,2997,0,0
61.2368,11.6637,2894,2,0
61.2616,10.9141,2708,0,0
61.2864,11.3252,2810,0,0
61.3112,12.1997,3027,0,0
61.3360,11.6234,2884,0,0
61.3608,12.0143,2981,0,0
61.3856,11.3655,2820,0,0
61.4104,12.2360,3036,2,0
61.4352,12.1232,3008,0,0
61.4600,11.1156,2758,0,0
61.4849,10.4224,2586,0,0
61.5097,11.7886,2925,0,0
61.5345,11.7524,2916,0,0
61.5593,11.1478,2766,0,0
61.5841,10.2853,2552,0,0
61.6089,11.3372,2813,0,0
61.6337,11.9458,2964,0,0
61.6585,11.7483,2915,0,0
61.6833,10.9866,2726,0,0
61.7081,11.4098,2831,0,0
61.7329,12.6068,3128,0,0
61.7577,11.9700,2970,0,0
61.7825,11.3534,2817,0,0
61.8073,11.2204,2784,0,0
61.8321,12.4456,3088,0,0
61.8569,11.4904,2851,0,0
61.8817,11.3171,2808,0,0
61.9065,11.1236,2760,0,0
61.9313,11.9821,2973,0,0
61.9561,11.5508,2866,0,0
61.9809,11.4985,2853,0,0
62.0057,10.5916,2628,0,0
62.0305,11.9700,2970,0,0
62.0553,11.6677,2895,0,0
62.0801,11.4904,2851,0,0
62.1049,10.6440,2641,0,0
62.1297,11.1156,2758,0,0
62.1545,12.2924,3050,95,0
62.1793,12.3690,3069,0,0
62.2041,11.0793,2749,0,0
62.2289,11.3856,2825,0,0
62.2537,12.6390,3136,0,0
62.2785,11.3372,2813,0,0
62.3033,10.8979,2704,0,0
62.3281,10.5675,2622,0,0
62.3529,12.1796,3022,6,0
62.3777,11.7322,2911,0,0
62.4025,10.9826,2725,0,0
62.4273,10.5070,2607,0,0
62.4521,11.7201,2908,0,0
62.4769,11.6838,2899,22,0
62.5017,11.4178,2833,0,0
62.5265,10.6602,2645,0,0
62.5513,11.4864,2850,0,0
62.5761,12.5101,3104,0,0
62.6010,12.1352,3011,0,0
62.6258,9.6606,2397,0,0
62.6506,11.1236,2760,0,0
62.6754,12.3972,3076,0,0
62.7002,11.6355,2887,0,0
62.7250,11.0350,2738,0,0
62.7498,10.6722,2648,0,0
62.7746,12.3488,3064,0,0
62.7994,12.1876,3024,0,0
62.8242,10.8375,2689,7,0
62.8490,10.7408,2665,0,0
62.8738,11.9700,2970,0,0
62.8986,12.1232,3008,0,0
62.9234,11.3775,2823,0,0
62.9482,11.0914,2752,0,0
62.9730,11.4783,2848,0,0
62.9978,12.4738,3095,0,0
63.0226,11.6838,2899,0,0
63.0474,11.0430,2740,0,0
63.0722,11.7886,2925,0,0
63.0970,12.3488,3064,0,0
63.1218,11.7564,2917,0,0
63.1466,11.1156,2758,0,0
63.1714,10.4224,2586,0,0
63.1962,12.2360,3036,0,0
63.2210,11.4985,2853,36,0
63.2458,10.9584,2719,0,0
63.2706,10.8335,2688,0,0
63.2954,11.9498,2965,0,0
63.3202,11.5025,2854,0,0
63.3450,12.3206,3057,0,0
63.3698,12.3206,3057,0,0
63.3946,11.3372,2813,0,0
63.4194,12.1917,3025,0,0
63.4442,11.5952,2877,0,0
63.4690,12.1554,3016,91,0
63.4938,11.2445,2790,0,0
63.5186,10.7287,2662,0,0
63.5434,11.3453,2815,0,0
63.5682,12.5584,3116,0,0
63.5930,11.1236,2760,0,0
63.6178,10.9826,2725,0,0
63.6427,11.3816,2824,0,0
63.6674,12.4295,3084,0,0
63.6923,11.8934,2951,0,0
63.7171,10.8979,2704,0,0
63.7419,11.4178,2833,0,0
63.7667,12.0506,2990,0,0
63.7915,11.4098,2831,7,0
63.8163,11.3735,2822,4,0
63.8411,10.6400,2640,0,0
63.8659,12.4214,3082,0,0
63.8907,12.4415,3087,4,0
63.9155,11.3655,2820,0,0
63.9403,10.7770,2674,0,0
63.9651,11.8854,2949,0,0
63.9899,11.7604,2918,0,0
64.0147,11.0995,2754,0,0
64.0395,11.1680,2771,0,0
64.0643,11.5105,2856,0,0
64.0891,12.8526,3189,0,0
64.1139,11.9337,2961,0,0
64.1387,12.2844,3048,0,0
64.1635,11.2244,2785,0,0
64.1883,12.4496,3089,0,0
64.2131,11.2969,2803,0,0
64.2379,11.3775,2823,3,0
64.2627,12.5504,3114,0,0
64.2875,10.8778,2699,0,0
64.3123,10.6964,2654,0,0
64.3371,11.8330,2936,0,0
64.3619,11.6274,2885,0,0
64.3867,10.8979,2704,0,0
64.4115,10.7287,2662,0,0
64.4363,11.4702,2846,0,0
64.4611,12.0909,3000,0,0
64.4859,11.6516,2891,0,0
64.5107,11.5226,2859,0,0
64.5355,10.8979,2704,0,0
64.5603,12.0546,2991,0,0
64.5851,11.9821,2973,0,0
64.6099,10.8617,2695,0,0
64.6347,11.7242,2909,0,0
64.6595,12.0788,2997,0,0
64.6843,12.1997,3027,0,0
64.7091,11.1075,2756,0,0
64.7339,10.4748,2599,0,0
64.7588,11.6758,2897,18,0
64.7836,12.7237,3157,0,0
64.8084,11.7201,2908,0,0
64.8332,10.6602,2645,0,0
64.8580,11.2365,2788,0,0
64.8828,12.7478,3163,0,0
64.9076,11.6919,2901,0,0
64.9324,10.7891,2677,0,0
64.9572,10.9463,2716,0,0
64.9820,11.8854,2949,7,0
65.0068,11.2325,2787,0,0
65.0316,11.5549,2867,0,0
65.0564,10.8455,2691,0,0
65.0812,10.8173,2684,0,0
65.1060,12.6148,3130,0,0
65.1308,11.8088,2930,18,0
65.1556,11.9498,2965,0,0
65.1804,10.7488,2667,0,0
65.2052,11.8733,2946,0,0
65.2300,11.5025,2854,0,0
65.2548,10.8617,2695,0,0
65.2796,10.3619,2571,0,0
65.3044,11.5589,2868,0,0
65.3292,12.4133,3080,0,0
65.3540,10.8979,2704,0,0
65.3788,11.4461,2840,0,0
65.4036,11.5549,2867,0,0
65.4284,12.0425,2988,7,0
65.4532,12.1070,3004,0,0
65.4780,11.3372,2813,0,0
65.5028,10.8738,2698,0,0
65.5276,12.5463,3113,0,0
65.5524,12.0506,2990,0,0
65.5772,10.8617,2695,0,0
65.6020,10.8617,2695,0,0
65.6268,12.4698,3094,0,0
65.6516,12.1796,3022,0,0
65.6764,11.1881,2776,0,0
65.7012,10.8375,2689,0,0
65.7260,11.6476,2890,0,0
65.7508,12.5020,3102,0,0
65.7756,11.4461,2840,0,0
65.8004,10.9463,2716,0,0
65.8252,11.4259,2835,0,0
65.8501,12.4375,3086,0,0
65.8749,11.1922,2777,0,0
65.8997,10.2853,2552,0,0
65.9245,10.4989,2605,0,0
65.9493,11.7362,2912,0,0
65.9741,11.9942,2976,0,0
65.9989,10.8939,2703,0,0
66.0237,10.9906,2727,0,0
66.0485,11.5428,2864,0,0
66.0733,12.4214,3082,0,0
66.0981,11.4702,2846,0,0
66.1229,10.6400,2640,0,0
66.1477,11.2607,2794,0,0
66.1725,12.5020,3102,0,0
66.1973,11.8612,2943,0,0
66.2221,11.1156,2758,0,0
66.2469,10.7569,2669,0,0
66.2717,12.0748,2996,0,0
66.2965,11.6395,2888,0,0
66.3213,11.5428,2864,0,0
66.3461,12.5866,3123,0,0
66.3709,11.6758,2897,0,0
66.3957,10.6602,2645,0,0
66.4205,11.1156,2758,0,0
66.4453,12.5544,3115,0,0
66.4701,11.6234,2884,0,0
66.4949,12.8526,3189,0,0
66.5197,11.1478,2766,0,0
66.5445,12.4093,3079,0,0
66.5693,11.7725,2921,0,0
66.5941,11.0148,2733,0,0
66.6189,10.4748,2599,0,0
66.6437,11.8491,2940,0,0
66.6685,12.4818,3097,0,0
66.6933,11.0793,2749,0,0
66.7181,10.3176,2560,0,0
66.7429,10.8375,2689,0,0
66.7677,10.2329,2539,0,0
66.7925,10.9947,2728,0,0
66.8173,12.6310,3134,0,0
66.8421,11.8249,2934,0,0
66.8669,10.8294,2687,0,0
66.8917,11.0712,2747,0,0
66.9165,12.0305,2985,0,0
66.9414,12.3126,3055,0,0
66.9662,11.2848,2800,0,0
66.9910,12.5907,3124,0,0
67.0158,11.5226,2859,0,0
67.0406,10.5110,2608,0,0
67.0654,11.6597,2893,0,0
67.0902,11.0753,2748,0,0
67.1150,11.5146,2857,0,0
67.1398,11.0390,2739,0,0
67.1646,10.4143,2584,0,0
67.1894,12.4899,3099,38,0
67.2142,11.5912,2876,0,0
67.2390,11.4622,2844,7,0
67.2638,10.3740,2574,0,0
67.2886,11.9861,2974,0,0
67.3134,12.2481,3039,0,0
67.3382,11.2607,2794,0,0
67.3630,11.3655,2820,0,0
67.3878,11.7242,2909,0,0
67.4126,12.1030,3003,0,0
67.4374,11.9498,2965,0,0
67.4622,12.7478,3163,0,0
67.4870,11.9700,2970,4,0
67.5118,11.5388,2863,0,0
67.5366,10.9947,2728,0,0
67.5614,11.8934,2951,0,0
67.5862,11.4783,2848,40,0
67.6110,11.1075,2756,0,0
67.6358,10.7770,2674,0,0
67.6606,11.9095,2955,0,0
67.6854,12.5866,3123,0,0
67.7102,11.0430,2740,0,0
67.7350,10.9423,2715,0,0
67.7598,11.1922,2777,0,0
67.7846,12.5141,3105,0,0
67.8094,11.4662,2845,0,0
67.8342,10.6722,2648,0,0
67.8590,12.2360,3036,62,0
67.8838,11.3775,2823,0,0
67.9086,10.7770,2674,0,0
67.9334,12.0143,2981,0,0
67.9582,12.2199,3032,0,0
67.9830,10.8979,2704,0,0
68.0079,11.3292,2811,0,0
68.0327,11.5549,2867,0,0
68.0575,12.7196,3156,0,0
68.0823,12.1030,3003,0,0
68.1071,10.5755,2624,0,0
68.1319,10.7408,2665,0,0
68.1567,12.6148,3130,0,0
68.1815,11.5831,2874,0,0
68.2063,10.2612,2546,0,0
68.2311,10.7125,2658,0,0
68.2559,11.9095,2955,0,0
68.2807,11.9458,2964,0,0
68.3055,11.6798,2898,0,0
68.3303,10.5876,2627,0,0
68.3551,11.7362,2912,0,0
68.3799,10.5272,2612,0,0
68.4047,11.3735,2822,0,0
68.4295,12.6028,3127,0,0
68.4543,11.8088,2930,0,0
68.4791,10.9342,2713,0,0
68.5039,11.9015,2953,0,0
68.5287,12.0466,2989,0,0
68.5535,11.6838,2899,8,0
68.5783,11.5428,2864,0,0
68.6031,10.9262,2711,0,0
68.6279,11.0592,2744,0,0
68.6527,12.2320,3035,0,0
68.6775,11.1922,2777,0,0
68.7023,11.2244,2785,0,0
68.7271,12.8526,3189,0,0
68.7519,9.8541,2445,0,0
68.7767,10.9705,2722,0,0
68.8015,12.4335,3085,0,0
68.8263,11.7524,2916,0,0
68.8511,10.8052,2681,0,0
68.8759,10.6722,2648,0,0
68.9007,11.9821,2973,79,0
68.9255,11.6637,2894,0,0
68.9503,11.2526,2792,0,0
68.9751,11.3977,2828,0,0
68.9999,11.2969,2803,0,0
69.0247,12.4496,3089,0,0
69.0495,12.2158,3031,0,0
69.0743,11.0793,2749,0,0
69.0992,12.8526,3189,0,0
69.1240,11.7362,2912,0,0
69.1488,11.9055,2954,0,0
69.1736,11.0753,2748,0,0
69.1984,10.7891,2677,0,0
69.2232,11.9055,2954,0,0
69.2480,12.5786,3121,0,0
69.2728,10.7891,2677,0,0
69.2976,11.3775,2823,0,0
69.3224,11.9095,2955,0,0
69.3472,12.6955,3150,0,0
69.3720,11.9942,2976,0,0
69.3968,11.0712,2747,0,0
69.4216,10.4022,2581,0,0
69.4464,12.3892,3074,0,0
69.4712,12.4295,3084,0,0
69.4960,11.0229,2735,0,0
69.5208,10.9342,2713,0,0
69.5456,11.6919,2901,0,0
69.5704,11.5871,2875,0,0
69.5952,11.6395,2888,0,0
69.6200,10.7166,2659,0,0
69.6448,12.7720,3169,0,0
69.6696,12.4295,3084,0,0
69.6944,12.3650,3068,0,0
69.7192,11.1599,2769,0,0
69.7440,10.6682,2647,0,0
69.7688,12.1151,3006,0,0
69.7936,11.6758,2897,0,0
69.8184,11.1156,2758,0,0
69.8432,10.9141,2708,0,0
69.8680,11.5831,2874,0,0
69.8928,12.6552,3140,31,0
69.9176,11.5952,2877,0,0
69.9424,10.8738,2698,0,0
69.9672,12.7640,3167,0,0
69.9920,12.6148,3130,0,0
70.0168,12.6431,3137,0,0
70.0416,11.6395,2888,0,0
70.0664,11.0229,2735,0,0
70.0912,12.2481,3039,15,0
70.1160,11.9055,2954,0,0
70.1408,11.2889,2801,0,0
70.1656,11.1236,2760,0,0
70.1905,10.0677,2498,0,0
70.2153,12.6552,3140,0,0
70.2401,11.2123,2782,0,0
70.2649,11.0592,2744,0,0
70.2897,10.7287,2662,0,0
70.3145,12.4698,3094,0,0
70.3393,12.3166,3056,0,0
70.3641,12.6148,3130,9,0
70.3889,12.0909,3000,0,0
70.4137,10.4707,2598,0,0
70.4385,10.8052,2681,0,0
70.4633,11.6355,2887,0,0
70.4881,12.5383,3111,0,0
70.5129,11.3010,2804,0,0
70.5377,10.7891,2677,0,0
70.5625,10.6964,2654,0,0
70.5873,12.6672,3143,0,0
70.6121,11.7886,2925,0,0
70.6369,10.6521,2643,0,0
70.6617,11.4501,2841,0,0
70.6865,10.5675,2622,0,0
70.7113,10.8455,2691,0,0
70.7361,11.7645,2919,0,0
70.7609,12.1393,3012,0,0
70.7857,11.1357,2763,0,0
70.8105,11.4340,2837,0,0
70.8353,11.3050,2805,0,0
70.8601,12.2844,3048,41,0
70.8849,11.4904,2851,0,0
70.9097,12.1876,3024,0,0
70.9345,10.7649,2671,0,0
70.9593,12.1514,3015,27,0
70.9841,11.7806,2923,0,0
71.0089,11.1357,2763,0,0
71.0337,10.7569,2669,0,0
71.0585,11.8088,2930,0,0
71.0833,10.8939,2703,0,0
71.1081,11.7645,2919,0,0
71.1329,11.9861,2974,0,0
71.1577,11.5549,2867,0,0
71.1825,11.4582,2843,0,0
71.2073,11.3695,2821,0,0
71.2321,12.8526,3189,0,0
71.2570,12.0909,3000,0,0
71.2818,10.6722,2648,0,0
71.3066,10.6118,2633,0,0
71.3314,12.1876,3024,0,0
71.3562,11.9458,2964,0,0
71.3810,11.3131,2807,0,0
71.4058,10.9665,2721,0,0
71.4306,12.1514,3015,0,0
71.4554,11.6395,2888,0,0
71.4802,11.0430,2740,0,0
71.5050,10.6440,2641,0,0
71.5298,11.7362,2912,0,0
71.5546,12.4980,3101,0,0
71.5794,11.8209,2933,0,0
71.6042,11.0914,2752,0,0
71.6290,11.2123,2782,0,0
71.6538,12.5342,3110,0,0
71.6786,12.1715,3020,0,0
71.7034,10.7770,2674,0,0
71.7282,10.9906,2727,0,0
71.7530,12.0506,2990,0,0
71.7778,12.4133,3080,0,0
71.8026,11.2526,2792,0,0
71.8274,10.9141,2708,0,0
71.8522,11.2607,2794,0,0
71.8770,12.5504,3114,0,0
71.9018,11.1801,2774,0,0
71.9266,10.7891,2677,0,0
71.9514,12.1070,3004,0,0
71.9762,12.5907,3124,0,0
72.0010,12.2038,3028,0,0
72.0258,12.5020,3102,0,0
72.0506,10.6682,2647,0,0
72.0754,12.4818,3097,0,0
72.1002,11.8048,2929,0,0
72.1250,11.7242,2909,0,0
72.1498,11.0229,2735,0,0
72.1746,12.4899,3099,0,0
72.1994,11.4904,2851,0,0
72.2242,10.8617,2695,0,0
72.2490,11.1881,2776,0,0
72.2738,12.3811,3072,0,0
72.2986,11.7564,2917,0,0
72.3234,11.4178,2833,0,0
72.3483,10.8254,2686,0,0
72.3731,11.8330,2936,0,0
72.3979,12.2924,3050,0,0
72.4227,11.5428,2864,0,0
72.4475,12.0909,3000,0,0
72.4723,10.9342,2713,0,0
72.4971,12.7358,3160,0,0
72.5219,11.9942,2976,0,0
72.5467,12.0546,2991,5,0
72.5715,12.4617,3092,0,0
72.5963,11.2244,2785,0,0
72.6211,11.1599,2769,0,0
72.6459,11.9821,2973,0,0
72.6707,12.0264,2984,0,0
72.6955,10.6924,2653,0,0
72.7203,10.8657,2696,0,0
72.7451,11.7443,2914,0,0
72.7699,12.1514,3015,0,0
72.7947,11.3534,2817,0,0
72.8195,11.8854,2949,0,0
72.8443,11.3816,2824,14,0
72.8691,11.0430,2740,0,0
72.8939,12.1675,3019,0,0
72.9187,12.4174,3081,0,0
72.9435,11.4461,2840,4,0
72.9683,10.6964,2654,0,0
72.9931,11.5307,2861,0,0
73.0179,12.5907,3124,0,0
73.0427,12.3488,3064,0,0
73.0675,11.0793,2749,0,0
73.0923,10.9826,2725,0,0
73.1171,12.0143,2981,0,0
73.1419,10.5070,2607,0,0
73.1667,11.8531,2941,6,0
73.1915,12.6068,3128,0,0
73.2163,11.3977,2828,0,0
73.2411,11.2083,2781,0,0
73.2659,11.4622,2844,0,0
73.2907,12.5947,3125,0,0
73.3155,11.2042,2780,0,0
73.3403,11.0712,2747,0,0
73.3651,11.5670,2870,0,0
73.3899,12.5866,3123,0,0
73.4147,11.3735,2822,0,0
73.4396,10.8335,2688,0,0
73.4643,11.1317,2762,0,0
73.4892,12.5987,3126,0,0
73.5140,11.7201,2908,0,0
73.5388,11.3695,2821,0,0
73.5636,12.0627,2993,0,0
73.5884,12.0143,2981,26,0
73.6132,12.3126,3055,0,0
73.6380,11.2808,2799,0,0
73.6628,10.6279,2637,0,0
73.6876,11.8692,2945,0,0
73.7124,12.5060,3103,0,0
73.7372,11.1156,2758,0,0
73.7620,10.7045,2656,0,0
73.7868,12.1997,3027,0,0
73.8116,10.3579,2570,0,0
73.8364,11.8934,2951,0,0
73.8612,11.2123,2782,0,0
73.8860,10.6722,2648,0,0
73.9108,12.6148,3130,0,0
73.9356,11.5105,2856,0,0
73.9604,10.8375,2689,0,0
73.9852,12.0788,2997,0,0
74.0100,11.8289,2935,0,0
74.0348,11.5105,2856,0,0
74.0596,11.0430,2740,0,0
74.0844,11.0833,2750,2,0
74.1092,11.4259,2835,0,0
74.1340,12.2199,3032,0,0
74.1588,12.7438,3162,0,0
74.1836,12.5181,3106,0,0
74.2084,11.7121,2906,0,0
74.2332,11.3775,2823,0,0
74.2580,12.3408,3062,0,0
74.2828,11.9418,2963,0,0
74.3076,11.7362,2912,0,0
74.3324,12.2320,3035,0,0
74.3572,11.0914,2752,0,0
74.3820,12.3166,3056,0,0
74.4068,12.1232,3008,0,0
74.4316,10.9906,2727,0,0
74.4564,12.3085,3054,0,0
74.4812,11.1599,2769,0,0
74.5061,10.8979,2704,0,0
74.5308,12.2199,3032,0,0
74.5556,12.3932,3075,0,0
74.5805,11.3655,2820,2,0
74.6053,12.0143,2981,0,0
74.6301,11.7040,2904,0,0
74.6549,10.0798,2501,0,0
74.6797,10.9906,2727,0,0
74.7045,12.8204,3181,0,0
74.7293,11.5105,2856,0,0
74.7541,11.4259,2835,0,0
74.7789,10.8979,2704,0,0
74.8037,12.3851,3073,0,0
74.8285,12.4456,3088,0,0
74.8533,11.6677,2895,0,0
74.8781,10.6722,2648,0,0
74.9029,12.1232,3008,0,0
74.9277,12.5463,3113,0,0
74.9525,11.3856,2825,0,0
74.9773,11.5831,2874,0,0
75.0021,11.0350,2738,0,0
75.0269,11.8531,2941,0,0
75.0517,11.3372,2813,0,0
75.0765,12.8526,3189,38,0
75.1013,11.8652,2944,0,0
75.1261,10.7166,2659,0,0
75.1509,12.0305,2985,0,0
75.1757,12.1836,3023,0,0
75.2005,12.3851,3073,6,0
75.2253,11.2808,2799,0,0
75.2501,11.2607,2794,0,0
75.2749,12.1030,3003,1,0
75.2997,11.6476,2890,0,0
75.3245,11.6234,2884,0,0
75.3493,11.3655,2820,0,0
75.3741,12.1635,3018,0,0
75.3989,12.8526,3189,0,0
75.4237,11.2365,2788,0,0
75.4485,11.2607,2794,0,0
75.4733,11.5629,2869,0,0
75.4981,12.6672,3143,0,0
75.5229,11.5952,2877,0,0
75.5477,12.3972,3076,0,0
75.5725,11.0350,2738,0,0
75.5974,11.9942,2976,0,0
75.6221,11.8209,2933,0,0
75.6469,11.7564,2917,11,0
75.6718,11.4985,2853,0,0
75.6966,11.2365,2788,0,0
75.7214,10.4748,2599,0,0
75.7462,11.9055,2954,0,0
75.7710,11.7645,2919,0,0
75.7958,11.5307,2861,0,0
75.8206,10.9342,2713,0,0
75.8454,11.8612,2943,0,0
75.8702,12.6310,3134,7,0
75.8950,11.0753,2748,0,0
75.9198,10.8173,2684,0,0
75.9446,11.1881,2776,0,0
75.9694,12.5463,3113,0,0
75.9942,11.9700,2970,15,0
76.0190,11.4864,2850,0,0
76.0438,12.4496,3089,0,0
76.0686,12.7720,3169,0,0
76.0934,11.5871,2875,0,0
76.1182,12.1514,3015,0,0
76.1430,10.9342,2713,0,0
76.1678,11.0833,2750,0,0
76.1926,10.4425,2591,0,0
76.2174,11.9660,2969,0,0
76.2422,11.2808,2799,0,0
76.2670,11.8007,2928,0,0
76.2918,12.3488,3064,31,0
76.3166,11.5871,2875,0,0
76.3414,11.1478,2766,0,0
76.3662,11.1478,2766,0,0
76.3910,12.7680,3168,0,0
76.4158,11.0511,2742,0,0
76.4406,11.6758,2897,0,0
76.4654,10.9221,2710,0,0
76.4902,10.4224,2586,0,0
76.5150,10.7891,2677,0,0
76.5398,12.3488,3064,0,0
76.5646,12.2360,3036,0,0
76.5894,11.4340,2837,0,0
76.6142,10.9947,2728,0,0
76.6390,12.5060,3103,0,0
76.6638,12.2279,3034,0,0
76.6886,11.7765,2922,0,0
76.7134,11.0592,2744,0,0
76.7383,11.5388,2863,0,0
76.7631,12.7882,3173,0,0
76.7879,11.7886,2925,7,0
76.8127,10.7569,2669,0,0
76.8375,12.0909,3000,0,0
76.8623,12.8244,3182,0,0
76.8871,12.1796,3022,0,0
76.9119,11.0712,2747,0,0
76.9367,11.0390,2739,0,0
76.9615,12.4496,3089,0,0
76.9863,12.1030,3003,0,0
77.0111,11.7524,2916,0,0
77.0359,10.5110,2608,0,0
77.0607,11.8934,2951,0,0
77.0855,12.1191,3007,0,0
77.1103,11.6234,2884,0,0
77.1351,11.7806,2923,0,0
77.1599,11.2244,2785,0,0
77.1847,11.8088,2930,0,0
77.2095,12.0788,2997,0,0
77.2343,12.6874,3148,0,0
77.2591,11.5952,2877,0,0
77.2839,10.9342,2713,0,0
77.3087,10.8052,2681,0,0
77.3335,12.5463,3113,0,0
77.3583,12.7640,3167,0,0
77.3831,11.6234,2884,0,0
77.4079,10.3176,2560,0,0
77.4327,11.9095,2955,0,0
77.4575,11.4178,2833,0,0
77.4823,11.2365,2788,0,0
77.5071,10.5675,2622,0,0
77.5319,11.3937,2827,0,0
77.5567,12.2199,3032,0,0
77.5815,11.0269,2736,0,0
77.6063,10.9906,2727,0,0
77.6311,11.9095,2955,0,0
77.6559,11.8934,2951,0,0
77.6807,12.0143,2981,0,0
77.7055,12.8526,3189,0,0
77.7303,11.3856,2825,0,0
77.7551,10.8979,2704,0,0
77.7799,10.5916,2628,0,0
77.8047,11.3735,2822,0,0
77.8296,11.7080,2905,0,0
77.8544,11.6677,2895,8,0
77.8792,11.1801,2774,0,0
77.9040,10.8335,2688,0,0
77.9288,11.9095,2955,0,0
77.9536,11.2365,2788,0,0
77.9784,11.4582,2843,0,0
78.0032,11.8209,2933,0,0
78.0280,11.4904,2851,0,0
78.0528,12.6914,3149,0,0
78.0776,11.4098,2831,0,0
78.1024,10.7125,2658,0,0
78.1272,11.0914,2752,0,0
78.1520,12.1876,3024,0,0
78.1768,11.9055,2954,0,0
78.2016,10.7125,2658,0,0
78.2264,11.2607,2794,0,0
78.2512,12.5423,3112,0,0
78.2760,11.4702,2846,0,0
78.3008,12.8164,3180,0,0
78.3256,11.6355,2887,0,0
78.3504,11.2607,2794,0,0
78.3752,11.0148,2733,0,0
78.4000,12.5141,3105,0,0
78.4248,11.9176,2957,0,0
78.4496,10.3942,2579,0,0
78.4744,12.1796,3022,0,0
78.4992,11.1236,2760,0,0
78.5240,11.4904,2851,0,0
78.5488,12.2360,3036,0,0
78.5736,12.1232,3008,0,0
78.5984,11.1599,2769,0,0
78.6232,11.4702,2846,0,0
78.6480,12.1997,3027,0,0
78.6728,10.4264,2587,0,0
78.6976,12.1796,3022,0,0
78.7224,12.4899,3099,0,0
78.7472,11.5871,2875,5,0
78.7720,12.5866,3123,0,0
78.7968,11.7886,2925,0,0
78.8216,10.3256,2562,0,0
78.8464,10.4989,2605,0,0
78.8712,10.7488,2667,0,0
78.8960,11.2042,2780,0,0
78.9209,12.6552,3140,0,0
78.9457,11.9700,2970,0,0
78.9705,10.2168,2535,0,0
78.9953,11.1922,2777,0,0
79.0201,11.9821,2973,0,0
79.0449,12.5745,3120,0,0
79.0697,11.9861,2974,0,0
79.0945,12.3972,3076,0,0
79.1193,11.4259,2835,0,0
79.1441,11.3292,2811,0,0
79.1689,11.9660,2969,0,0
79.1937,12.3166,3056,0,0
79.2185,11.7282,2910,0,0
79.2433,11.1156,2758,0,0
79.2681,11.0833,2750,0,0
79.2929,12.5987,3126,0,0
79.3177,11.2889,2801,0,0
79.3425,11.1236,2760,0,0
79.3673,10.4667,2597,0,0
79.3921,12.6189,3131,0,0
79.4169,12.4738,3095,0,0
79.4417,11.7242,2909,0,0
79.4665,11.5549,2867,0,0
79.4913,11.6355,2887,0,0
79.5161,11.4904,2851,0,0
79.5409,11.0712,2747,0,0
79.5657,11.3372,2813,0,0
79.5905,12.0264,2984,0,0
79.6153,11.8088,2930,0,0
79.6401,11.6919,2901,0,0
79.6649,11.1236,2760,0,0
79.6897,12.7720,3169,0,0
79.7145,11.3252,2810,6,0
79.7393,12.8526,3189,0,0
79.7641,11.6395,2888,0,0
79.7889,12.8526,3189,0,0
79.8137,12.3126,3055,0,0
79.8385,11.1075,2756,0,0
79.8633,11.6234,2884,0,0
79.8881,12.5101,3104,0,0
79.9129,12.3126,3055,7,0
79.9377,11.0269,2736,0,0
79.9625,11.0833,2750,0,0
79.9874,12.0143,2981,0,0
80.0122,10.9947,2728,0,0
80.0370,11.7443,2914,0,0
80.0618,11.8410,2938,0,0
80.0866,10.3176,2560,0,0
80.1114,12.3529,3065,0,0
80.1362,11.0350,2738,0,0
80.1610,11.4904,2851,0,0
80.1858,11.1438,2765,0,0
80.2106,11.8854,2949,0,0
80.2354,11.8934,2951,4,0
80.2602,10.8455,2691,0,0
80.2850,11.6959,2902,0,0
80.3098,12.2481,3039,0,0
80.3346,12.2360,3036,0,0
80.3594,11.0350,2738,0,0
80.3842,11.0874,2751,0,0
80.4090,12.8526,3189,0,0
80.4338,10.8455,2691,0,0
80.4586,11.2445,2790,0,0
80.4834,11.2083,2781,0,0
80.5082,12.0224,2983,0,0
80.5330,10.8818,2700,0,0
80.5578,12.5101,3104,0,0
80.5826,12.2844,3048,0,0
80.6074,11.2647,2795,0,0
80.6322,10.8979,2704,0,0
80.6570,12.6068,3128,0,0
80.6818,11.6234,2884,7,0
80.7066,10.8979,2704,0,0
80.7314,11.3977,2828,0,0
80.7562,11.4098,2831,4,0
80.7810,11.1680,2771,0,0
80.8058,11.2244,2785,0,0
80.8306,11.1881,2776,0,0
80.8554,12.1070,3004,0,0
80.8802,12.8526,3189,0,0
80.9050,11.5871,2875,0,0
80.9298,11.4743,2847,0,0
80.9546,11.2445,2790,0,0
80.9794,12.7116,3154,0,0
81.0042,11.1922,2777,0,0
81.0290,11.9700,2970,0,0
81.0538,11.2647,2795,6,0
81.0787,12.4295,3084,0,0
81.1035,11.6395,2888,0,0
81.1283,11.2365,2788,0,0
81.1531,11.8491,2940,0,0
81.1779,11.1639,2770,0,0
81.2027,11.0511,2742,0,0
81.2275,12.8083,3178,0,0
81.2523,12.2521,3040,0,0
81.2771,11.3252,2810,0,0
81.3019,11.5307,2861,0,0
81.3267,12.3327,3060,0,0
81.3515,11.4098,2831,0,0
81.3763,10.9665,2721,0,0
81.4011,11.5105,2856,0,0
81.4259,12.8526,3189,0,0
81.4507,11.5307,2861,0,0
81.4755,12.3851,3073,0,0
81.5003,11.5388,2863,0,0
81.5251,11.6234,2884,0,0
81.5499,11.2647,2795,0,0
81.5747,12.8123,3179,0,0
81.5995,11.4582,2843,0,0
81.6243,10.9584,2719,0,0
81.6491,12.1997,3027,0,0
81.6739,11.2969,2803,0,0
81.6987,11.7403,2913,0,0
81.7235,11.4461,2840,0,0
81.7483,11.2123,2782,0,0
81.7731,12.1514,3015,0,0
81.7979,12.5584,3116,0,0
81.8227,11.4904,2851,0,0
81.8475,11.9055,2954,0,0
81.8723,10.7891,2677,0,0
81.8971,10.8617,2695,0,0
81.9219,11.6355,2887,0,0
81.9467,12.0143,2981,0,0
81.9715,11.6677,2895,0,0
81.9963,11.0592,2744,0,0
82.0211,11.8007,2928,0,0
82.0459,12.7438,3162,0,0
82.0707,11.6597,2893,0,0
82.0955,11.0027,2730,0,0
82.1203,11.4743,2847,0,0
82.1451,12.8526,3189,0,0
82.1700,11.7443,2914,0,0
82.1948,10.9705,2722,0,0
82.2196,10.9463,2716,0,0
82.2444,11.9055,2954,4,0
82.2692,11.8410,2938,0,0
82.2940,12.1796,3022,0,0
82.3188,12.2481,3039,0,0
82.3436,11.1317,2762,0,0
82.3684,12.5504,3114,0,0
82.3932,11.6758,2897,0,0
82.4180,11.9660,2969,0,0
82.4428,11.4622,2844,0,0
82.4676,11.0390,2739,0,0
82.4924,11.3534,2817,0,0
82.5172,11.1317,2762,0,0
82.5420,12.1917,3025,0,0
82.5668,10.6964,2654,0,0
82.5916,12.0748,2996,0,0
82.6164,11.7886,2925,0,0
82.6412,12.1715,3020,0,0
82.6660,12.7882,3173,0,0
82.6908,10.8939,2703,0,0
82.7156,12.7761,3170,0,0
82.7404,11.9458,2964,0,0
82.7652,11.1156,2758,0,0
82.7900,10.7206,2660,0,0
82.8148,11.9700,2970,0,0
82.8396,11.3010,2804,0,0
82.8644,12.2723,3045,0,0
82.8892,11.2607,2794,0,0
82.9140,11.3372,2813,0,0
82.9388,12.3488,3064,0,0
82.9636,11.4904,2851,20,0
82.9884,12.0022,2978,0,0
83.0132,10.9906,2727,0,0
83.0380,12.0264,2984,14,0
83.0628,11.7443,2914,0,0
83.0876,10.8455,2691,0,0
83.1124,11.7967,2927,0,0
83.1372,12.2521,3040,0,0
83.1620,11.8692,2945,0,0
83.1868,11.9700,2970,0,0
83.2116,11.1156,2758,0,0
83.2365,11.6234,2884,0,0
83.2613,11.8652,2944,0,0
83.2861,11.5629,2869,0,0
83.3109,10.9544,2718,0,0
83.3357,11.9498,2965,0,0
83.3605,12.1715,3020,5,0
83.3853,11.8934,2951,0,0
83.4101,10.9302,2712,0,0
83.4349,12.2481,3039,0,0
83.4597,11.3574,2818,0,0
83.4845,10.7287,2662,0,0
83.5093,11.1357,2763,0,0
83.5341,12.4698,3094,0,0
83.5589,11.7765,2922,0,0
83.5837,10.5675,2622,0,0
83.6085,10.5675,2622,0,0
83.6333,12.3126,3055,0,0
83.6581,12.6552,3140,1,0
83.6829,11.5831,2874,0,0
83.7077,11.2969,2803,0,0
83.7325,11.8370,2937,15,0
83.7573,11.2365,2788,0,0
83.7821,11.9015,2953,0,0
83.8069,12.4133,3080,0,0
83.8317,11.9700,2970,0,0
83.8565,12.8526,3189,0,0
83.8813,11.6838,2899,0,0
83.9061,11.2445,2790,0,0
83.9309,11.0390,2739,0,0
83.9557,12.8405,3186,0,0
83.9805,12.4375,3086,0,0
84.0053,11.5670,2870,0,0
84.0301,10.6037,2631,0,0
84.0549,12.1997,3027,0,0
84.0797,11.7242,2909,0,0
84.1045,12.0305,2985,0,0
84.1293,11.3252,2810,0,0
84.1541,12.2521,3040,0,0
84.1789,12.4698,3094,0,0
84.2037,11.4904,2851,0,0
84.2285,10.6440,2641,0,0
84.2533,10.9665,2721,0,0
84.2781,11.0148,2733,0,0
84.3029,11.8007,2928,0,0
84.3278,12.8526,3189,0,0
84.3526,11.9176,2957,0,0
84.3774,12.6390,3136,0,0
84.4022,11.8048,2929,0,0
84.4270,10.6722,2648,0,0
84.4518,11.2889,2801,0,0
84.4766,12.6672,3143,0,0
84.5014,11.5549,2867,0,0
84.5262,10.7770,2674,0,0
84.5510,12.0587,2992,0,0
84.5758,11.9861,2974,0,0
84.6006,11.5831,2874,0,0
84.6254,11.8934,2951,0,0
84.6502,11.8652,2944,0,0
84.6750,11.1599,2769,0,0
84.6998,11.7201,2908,0,0
84.7246,12.4859,3098,0,0
84.7494,12.0748,2996,0,0
84.7742,12.7962,3175,0,0
84.7990,12.1030,3003,0,0
84.8238,11.1156,2758,0,0
84.8486,12.8526,3189,0,0
84.8734,12.7358,3160,0,0
84.8982,11.2204,2784,0,0
84.9230,12.6552,3140,0,0
84.9478,12.5463,3113,0,0
84.9726,10.5272,2612,0,0
84.9974,10.9906,2727,0,0
85.0222,10.6924,2653,2,0
85.0470,11.5952,2877,4,0
85.0718,11.6274,2885,0,0
85.0966,11.2647,2795,0,0
85.1214,12.1997,3027,0,0
85.1462,12.1554,3016,0,0
85.1710,11.6355,2887,0,0
85.1958,10.8173,2684,0,0
85.2206,11.3856,2825,0,0
85.2454,12.0466,2989,0,0
85.2702,11.9458,2964,0,0
85.2950,11.9498,2965,5,0
85.3198,11.6355,2887,2,0
85.3446,10.9302,2712,0,0
85.3694,12.1312,3010,0,0
85.3942,11.8209,2933,0,0
85.4191,10.7327,2663,0,0
85.4439,10.8818,2700,0,0
85.4687,12.2924,3050,0,0
85.4935,12.3771,3071,0,0
85.5183,11.2445,2790,0,0
85.5431,11.0592,2744,0,0
85.5679,11.8975,2952,11,0
85.5927,12.5907,3124,0,0
85.6175,11.4904,2851,0,0
85.6423,11.4178,2833,0,0
85.6671,11.7645,2919,0,0
85.6919,12.5866,3123,0,0
85.7167,12.1151,3006,0,0
85.7415,11.6395,2888,0,0
85.7663,11.6274,2885,0,0
85.7911,11.1599,2769,0,0
85.8159,12.3569,3066,0,0
85.8407,11.9982,2977,0,0
85.8655,11.1680,2771,0,0
85.8903,12.8526,3189,0,0
85.9151,12.5907,3124,0,0
85.9399,12.3166,3056,0,0
85.9647,11.5105,2856,121,0
85.9895,12.3851,3073,0,0
86.0143,12.2803,3047,0,0
86.0391,10.9342,2713,0,0
86.0639,10.8979,2704,0,0
86.0887,12.3166,3056,0,0
86.1135,11.8209,2933,0,0
86.1383,11.3050,2805,0,0
86.1631,12.4617,3092,8,0
86.1879,11.3574,2818,0,0
86.2127,11.4582,2843,0,0
86.2375,12.1796,3022,6,0
86.2623,11.6959,2902,166,0
86.2871,11.0592,2744,0,0
86.3119,11.5105,2856,0,0
86.3367,12.6914,3149,0,0
86.3615,11.8733,2946,0,0
86.3863,11.5952,2877,0,0
86.4111,12.5786,3121,1,0
86.4359,12.0466,2989,0,0
86.4607,11.3292,2811,0,0
86.4855,11.4904,2851,0,0
86.5104,11.6355,2887,0,0
86.5352,11.8088,2930,0,0
86.5600,10.4627,2596,0,0
86.5848,11.4783,2848,0,0
86.6096,12.5544,3115,0,0
86.6344,12.4174,3081,0,0
86.6592,10.6602,2645,0,0
86.6840,10.9423,2715,0,0
86.7088,12.0587,2992,0,0
86.7336,12.2360,3036,0,0
86.7584,11.2365,2788,0,0
86.7832,11.3655,2820,0,0
86.8080,11.3453,2815,0,0
86.8328,11.8894,2950,0,0
86.8576,10.9785,2724,0,0
86.8824,12.4738,3095,0,0
86.9072,10.2813,2551,0,0
86.9320,11.6274,2885,0,0
86.9568,10.9544,2718,0,0
86.9816,10.8858,2701,0,0
87.0064,11.8692,2945,0,0
87.0312,11.5105,2856,0,0
87.0560,12.5222,3107,0,0
87.0808,12.4496,3089,0,0
87.1056,12.4456,3088,5,0
87.1304,11.7524,2916,0,0
87.1552,12.3166,3056,0,0
87.1800,12.2481,3039,0,0
87.2048,12.4295,3084,0,0
87.2296,12.4012,3077,0,0
87.2544,10.7287,2662,0,0
87.2792,12.6350,3135,0,0
87.3040,11.3856,2825,0,0
87.3288,11.6597,2893,0,0
87.3536,11.9378,2962,0,0
87.3784,11.6315,2886,0,0
87.4032,11.3574,2818,0,0
87.4280,12.1070,3004,0,0
87.4528,11.5307,2861,0,0
87.4776,12.8365,3185,0,0
87.5024,11.5952,2877,0,0
87.5272,10.6319,2638,0,0
87.5520,12.1232,3008,0,0
87.5769,11.2244,2785,0,0
87.6017,11.2445,2790,0,0
87.6264,12.8164,3180,0,0
87.6513,10.7287,2662,0,0
87.6761,12.4012,3077,0,0
87.7009,11.6798,2898,0,0
87.7257,12.3488,3064,0,0
87.7505,12.5786,3121,0,0
87.7753,12.6350,3135,32,0
87.8001,11.5508,2866,0,0
87.8249,11.4178,2833,0,0
87.8497,10.7649,2671,0,0
87.8745,12.3327,3060,182,0
87.8993,12.0506,2990,0,0
87.9241,11.7242,2909,0,0
87.9489,11.0068,2731,0,0
87.9737,11.9458,2964,0,0
87.9985,12.2360,3036,0,0
88.0233,11.3292,2811,0,0
88.0481,11.3292,2811,0,0
88.0729,11.9337,2961,0,0
88.0977,12.3085,3054,0,0
88.1225,11.0430,2740,0,0
88.1473,12.1594,3017,0,0
88.1721,11.8410,2938,0,0
88.1969,12.1070,3004,0,0
88.2217,11.7040,2904,0,0
88.2465,12.1232,3008,0,0
88.2713,10.8979,2704,0,0
88.2961,12.8526,3189,0,0
88.3209,11.2365,2788,0,0
88.3457,12.3488,3064,0,0
88.3705,11.7564,2917,0,0
88.3953,11.2042,2780,0,0
88.4201,11.6677,2895,0,0
88.4449,12.0264,2984,0,0
88.4697,10.6682,2647,0,0
88.4945,12.2844,3048,0,0
88.5193,12.6552,3140,0,0
88.5441,11.7524,2916,0,0
88.5689,11.0350,2738,0,0
88.5937,12.4053,3078,0,0
88.6185,12.5584,3116,0,0
88.6433,11.6274,2885,7,0
88.6682,11.9418,2963,0,0
88.6929,11.9700,2970,0,0
88.7178,10.8818,2700,0,0
88.7426,12.3529,3065,7,0
88.7674,12.4174,3081,0,0
88.7922,10.9826,2725,0,0
88.8170,12.1796,3022,0,0
88.8418,10.9342,2713,0,0
88.8666,12.7882,3173,0,0
88.8914,11.6274,2885,3,0
88.9162,11.4461,2840,0,0
88.9410,11.5428,2864,0,0
88.9658,12.8526,3189,0,0
88.9906,12.3892,3074,11,0
89.0154,11.2083,2781,0,0
89.0402,11.6959,2902,0,0
89.0650,11.9942,2976,0,0
89.0898,11.4662,2845,0,0
89.1146,12.8526,3189,0,0
89.1394,12.1070,3004,0,0
89.1642,11.1357,2763,0,0
89.1890,12.2360,3036,0,0
89.2138,12.5181,3106,0,0
89.2386,12.5060,3103,0,0
89.2634,12.3126,3055,0,0
89.2882,12.7035,3152,0,0
89.3130,11.0188,2734,4,0
89.3378,11.1075,2756,0,0
89.3626,12.2199,3032,0,0
89.3874,11.8652,2944,0,0
89.4122,12.8526,3189,0,0
89.4370,11.1599,2769,0,0
89.4618,12.1796,3022,0,0
89.4866,11.7483,2915,2,0
89.5114,11.0148,2733,0,0
89.5362,10.4425,2591,0,0
89.5610,12.0788,2997,0,0
89.5858,11.0068,2731,0,0
89.6106,12.1473,3014,0,0
89.6354,11.3252,2810,0,0
89.6602,12.0305,2985,0,0
89.6850,12.5866,3123,0,0
89.7098,11.8652,2944,0,0
89.7346,11.6274,2885,0,0
89.7594,12.2803,3047,0,0
89.7842,12.0022,2978,0,0
89.8091,11.8652,2944,0,0
89.8339,11.0753,2748,0,0
89.8587,11.0712,2747,0,0
89.8835,12.6834,3147,0,0
89.9083,11.5952,2877,0,0
89.9331,11.3977,2828,0,0
89.9579,11.7040,2904,0,0
89.9827,12.8526,3189,0,0
90.0075,11.6476,2890,0,0
90.0323,11.1760,2773,0,0
90.0571,11.8088,2930,0,0
90.0819,11.3292,2811,0,0
90.1067,11.3010,2804,0,0
90.1315,11.8692,2945,0,0
90.1563,12.4295,3084,0,0
90.1811,11.1156,2758,0,0
90.2059,11.0592,2744,0,0
90.2307,11.2244,2785,0,0
90.2555,11.0712,2747,0,0
90.2803,10.9463,2716,0,0
90.3051,12.3488,3064,0,0
90.3299,12.5584,3116,0,0
90.3547,11.8410,2938,0,0
90.3795,11.1236,2760,0,0
90.4043,10.7851,2676,0,0
90.4291,12.0546,2991,0,0
90.4539,12.5987,3126,0,0
90.4787,11.5549,2867,0,0
90.5035,11.3131,2807,0,0
90.5283,12.1514,3015,14,0
90.5531,11.0874,2751,0,0
90.5779,12.6350,3135,0,0
90.6027,12.5463,3113,6,0
90.6275,10.7085,2657,0,0
90.6523,12.0143,2981,0,0
90.6771,12.0022,2978,0,0
90.7019,11.9942,2976,0,0
90.7267,11.4582,2843,0,0
90.7515,12.7358,3160,0,0
90.7763,11.4461,2840,0,0
90.8011,10.9826,2725,0,0
90.8260,12.2602,3042,0,0
90.8507,12.2279,3034,0,0
90.8755,11.4582,2843,0,0
90.9004,11.7040,2904,0,0
90.9252,12.6914,3149,0,0
90.9500,12.5181,3106,0,0
90.9748,11.4541,2842,4,0
90.9996,11.3977,2828,0,0
91.0244,12.1876,3024,23,0
91.0492,12.8123,3179,0,0
91.0740,12.2360,3036,0,0
91.0988,11.0229,2735,0,0
91.1236,12.0909,3000,0,0
91.1484,12.0022,2978,0,0
91.1732,11.5307,2861,0,0
91.1980,12.3609,3067,0,0
91.2228,12.0143,2981,0,0
91.2476,12.3085,3054,0,0
91.2724,11.2526,2792,0,0
91.2972,11.0390,2739,0,0
91.3220,11.3655,2820,0,0
91.3468,12.7801,3171,0,0
91.3716,11.5025,2854,0,0
91.3964,12.6552,3140,0,0
91.4212,12.3166,3056,0,0
91.4460,11.5952,2877,0,0
91.4708,11.9378,2962,0,0
91.4956,12.5544,3115,0,0
91.5204,11.5226,2859,0,0
91.5452,11.0712,2747,0,0
91.5700,11.9861,2974,0,0
91.5948,11.7886,2925,0,0
91.6196,11.8249,2934,0,0
91.6444,10.9906,2727,0,0
91.6692,12.6269,3133,0,0
91.6940,12.7640,3167,0,0
91.7188,12.2239,3033,6,0
91.7436,11.1881,2776,0,0
91.7684,11.6677,2895,0,0
91.7932,11.4904,2851,0,0
91.8180,12.2521,3040,0,0
91.8428,12.1232,3008,0,0
91.8676,11.3856,2825,0,0
91.8924,12.6148,3130,0,0
91.9172,12.5342,3110,0,0
91.9420,12.1997,3027,0,0
91.9669,12.2199,3032,0,0
91.9917,12.3488,3064,0,0
92.0165,12.1232,3008,0,0
92.0413,10.7730,2673,0,0
92.0661,10.3377,2565,0,0
92.0909,12.7196,3156,0,0
92.1157,12.3206,3057,0,0
92.1405,11.2445,2790,0,0
92.1653,12.4818,3097,0,0
92.1901,11.9821,2973,0,0
92.2149,11.0068,2731,0,0
92.2397,12.7237,3157,0,0
92.2645,11.5226,2859,0,0
92.2893,12.0909,3000,0,0
92.3141,11.5952,2877,0,0
92.3389,12.2682,3044,0,0
92.3637,11.8813,2948,0,0
92.3885,10.4143,2584,0,0
92.4133,12.6310,3134,0,0
92.4381,12.1232,3008,0,0
92.4629,11.9861,2974,0,0
92.4877,11.2083,2781,0,0
92.5125,10.6682,2647,0,0
92.5373,11.6677,2895,0,0
92.5621,11.5952,2877,0,0
92.5869,12.1876,3024,0,0
92.6117,12.1796,3022,0,0
92.6365,11.2083,2781,0,0
92.6613,11.5549,2867,0,0
92.6861,12.2763,3046,0,0
92.7109,10.4506,2593,0,0
92.7357,12.2844,3048,0,0
92.7605,11.4138,2832,0,0
92.7853,11.3856,2825,0,0
92.8101,12.2199,3032,147,0
92.8349,12.1997,3027,0,0
92.8597,11.9418,2963,8,0
92.8845,10.7649,2671,0,0
92.9093,11.2244,2785,0,0
92.9341,11.0430,2740,0,0
92.9589,12.1997,3027,0,0
92.9837,12.2038,3028,0,0
93.0085,10.9342,2713,0,0
93.0333,11.8934,2951,0,0
93.0582,11.8209,2933,0,0
93.0830,12.2844,3048,1,0
93.1078,11.9337,2961,0,0
93.1326,11.7604,2918,0,0
93.1574,10.9342,2713,0,0
93.1822,12.1393,3012,0,0
93.2070,12.2279,3034,0,0
93.2318,10.8455,2691,0,0
93.2566,11.3252,2810,0,0
93.2814,12.3730,3070,0,0
93.3062,11.9095,2955,0,0
93.3310,11.2969,2803,0,0
93.3558,11.5025,2854,0,0
93.3806,12.3730,3070,0,0
93.4054,11.0188,2734,0,0
93.4302,11.9418,2963,0,0
93.4550,11.9660,2969,0,0
93.4798,11.1639,2770,0,0
93.5046,12.5222,3107,0,0
93.5294,11.6516,2891,0,0
93.5542,10.8455,2691,0,0
93.5790,12.6028,3127,0,0
93.6038,12.8526,3189,0,0
93.6286,10.8617,2695,0,0
93.6534,12.4496,3089,0,0
93.6782,12.1232,3008,0,0
93.7030,12.6874,3148,0,0
93.7278,10.8375,2689,0,0
93.7526,10.8858,2701,0,0
93.7774,12.0506,2990,0,0
93.8022,12.7519,3164,0,0
93.8270,10.9342,2713,0,0
93.8518,10.6239,2636,0,0
93.8766,11.1357,2763,0,0
93.9014,10.7851,2676,0,0
93.9262,12.0788,2997,70,0
93.9510,12.8526,3189,0,0
93.9758,11.2607,2794,0,0
94.0006,12.3972,3076,0,0
94.0254,12.0788,2997,0,0
94.0502,11.3372,2813,0,0
94.0750,11.8531,2941,0,0
94.0998,12.5060,3103,0,0
94.1246,10.7125,2658,0,0
94.1495,10.6722,2648,0,0
94.1743,12.2682,3044,0,0
94.1991,12.6874,3148,0,0
94.2239,11.7967,2927,0,0
94.2487,12.7358,3160,0,0
94.2735,11.5750,2872,0,0
94.2983,12.1232,3008,2,0
94.3231,10.9906,2727,0,0
94.3479,11.3937,2827,0,0
94.3727,12.4375,3086,0,0
94.3975,11.3252,2810,0,0
94.4223,12.1715,3020,0,0
94.4471,12.6189,3131,0,0
94.4719,12.7156,3155,23,0
94.4967,12.3811,3072,0,0
94.5215,11.8330,2936,0,0
94.5463,12.1715,3020,0,0
94.5711,12.0143,2981,0,0
94.5959,12.6672,3143,0,0
94.6207,12.4456,3088,20,0
94.6455,11.8410,2938,0,0
94.6703,11.5025,2854,0,0
94.6951,11.1196,2759,0,0
94.7199,10.8778,2699,0,0
94.7447,11.1236,2760,0,0
94.7695,12.6310,3134,0,0
94.7943,11.7040,2904,0,0
94.8191,12.8526,3189,0,0
94.8439,11.8975,2952,0,0
94.8687,11.1760,2773,0,0
94.8935,11.4259,2835,0,0
94.9183,12.4859,3098,0,0
94.9431,12.6552,3140,0,0
94.9679,11.7242,2909,0,0
94.9927,11.3695,2821,0,0
95.0175,12.8526,3189,0,0
95.0423,11.6234,2884,0,0
95.0671,11.3655,2820,0,0
95.0919,10.7770,2674,0,0
95.1167,12.5544,3115,0,0
95.1415,11.7967,2927,0,0
95.1663,12.7801,3171,0,0
95.1911,11.8813,2948,0,0
95.2160,11.0712,2747,0,0
95.2408,11.6395,2888,0,0
95.2656,12.8526,3189,0,0
95.2904,12.4980,3101,0,0
95.3152,11.1075,2756,0,0
95.3400,11.7040,2904,0,0
95.3648,12.7438,3162,0,0
95.3896,11.8330,2936,0,0
95.4144,12.1635,3018,0,0
95.4392,11.8652,2944,0,0
95.4640,12.8526,3189,0,0
95.4888,11.2083,2781,0,0
95.5136,12.8526,3189,0,0
95.5384,11.6637,2894,0,0
95.5632,11.7040,2904,0,0
95.5880,10.9705,2722,0,0
95.6128,12.7438,3162,0,0
95.6376,11.8652,2944,0,0
95.6624,10.8617,2695,0,0
95.6872,12.4698,3094,0,0
95.7120,11.8612,2943,0,0
95.7368,11.7806,2923,0,0
95.7616,12.8526,3189,0,0
95.7864,11.7121,2906,1,0
95.8112,12.8526,3189,0,0
95.8360,10.8979,2704,0,0
95.8608,12.1876,3024,0,0
95.8856,12.2199,3032,0,0
95.9104,12.8526,3189,0,0
95.9352,11.7121,2906,0,0
95.9600,12.0909,3000,0,0
95.9848,11.1156,2758,0,0
96.0096,11.4178,2833,0,0
96.0344,11.1236,2760,0,0
96.0592,12.8486,3188,0,0
96.0840,11.8612,2943,0,0
96.1088,12.0506,2990,0,0
96.1336,12.3851,3073,0,0
96.1584,12.6552,3140,0,0
96.1832,12.2521,3040,0,0
96.2080,11.5388,2863,0,0
96.2328,11.2607,2794,0,0
96.2576,12.8526,3189,0,0
96.2824,11.0753,2748,0,0
96.3073,12.6834,3147,0,0
96.3321,12.3851,3073,0,0
96.3569,10.4143,2584,0,0
96.3817,10.1322,2514,0,0
96.4065,12.2763,3046,0,0
96.4313,12.7075,3153,0,0
96.4561,12.8325,3184,0,0
96.4809,12.5222,3107,0,0
96.5057,12.5705,3119,0,0
96.5305,12.7035,3152,0,0
96.5553,12.2199,3032,0,0
96.5801,11.9700,2970,0,0
96.6049,11.1760,2773,24,0
96.6297,12.0143,2981,0,0
96.6545,12.2320,3035,0,0
96.6793,12.4818,3097,0,0
96.7041,11.7362,2912,0,0
96.7289,12.0022,2978,0,0
96.7537,10.5916,2628,0,0
96.7785,12.4093,3079,0,0
96.8033,12.1796,3022,0,0
96.8281,12.0909,3000,0,0
96.8529,12.4496,3089,0,0
96.8777,12.1473,3014,0,0
96.9025,11.2445,2790,0,0
96.9273,11.0229,2735,0,0
96.9521,12.7962,3175,0,0
96.9769,12.5020,3102,0,0
97.0017,11.7282,2910,0,0
97.0265,11.3131,2807,0,0
97.0513,12.7640,3167,0,0
97.0761,11.8048,2929,0,0
97.1009,11.1156,2758,0,0
97.1257,11.2647,2795,0,0
97.1505,12.8526,3189,0,0
97.1753,11.6355,2887,0,0
97.2001,11.1075,2756,0,0
97.2249,11.2969,2803,0,0
97.2497,12.8365,3185,0,0
97.2745,12.1635,3018,0,0
97.2993,11.7121,2906,0,0
97.3241,11.7040,2904,0,0
97.3489,10.1322,2514,0,0
97.3737,11.5952,2877,0,0
97.3986,12.8526,3189,0,0
97.4234,10.9423,2715,0,0
97.4482,12.2199,3032,0,0
97.4730,11.8410,2938,0,0
97.4978,11.9700,2970,0,0
97.5226,11.5025,2854,0,0
97.5474,11.8209,2933,0,0
97.5722,11.5226,2859,0,0
97.5970,11.4017,2829,0,0
97.6218,11.6597,2893,0,0
97.6466,12.6148,3130,0,0
97.6714,11.1599,2769,0,0
97.6962,12.7277,3158,0,0
97.7210,11.3735,2822,0,0
97.7458,11.3050,2805,0,0
97.7706,12.0305,2985,0,0
97.7954,12.4859,3098,0,0
97.8202,11.6838,2899,0,0
97.8450,12.3045,3053,0,0
97.8698,11.8209,2933,0,0
97.8946,12.5907,3124,0,0
97.9194,12.4133,3080,0,0
97.9442,12.8164,3180,0,0
97.9690,11.5428,2864,0,0
97.9938,11.2445,2790,0,0
98.0186,12.2038,3028,0,0
98.0434,12.8526,3189,0,0
98.0682,12.7922,3174,0,0
98.0930,12.5101,3104,0,0
98.1178,11.0914,2752,0,0
98.1426,10.8254,2686,0,0
98.1674,11.5871,2875,0,0
98.1922,12.1070,3004,0,0
98.2170,11.6597,2893,0,0
98.2418,10.1322,2514,0,0
98.2666,11.7443,2914,0,0
98.2914,10.7528,2668,0,0
98.3162,11.9498,2965,0,0
98.3410,12.6552,3140,0,0
98.3658,12.2360,3036,0,0
98.3906,11.2204,2784,0,0
98.4154,12.5423,3112,5,0
98.4402,12.4738,3095,0,0
98.4650,11.9821,2973,0,0
98.4899,11.8975,2952,0,0
98.5147,11.5549,2867,0,0
98.5395,12.8526,3189,126,0
98.5643,12.1997,3027,0,0
98.5891,12.2803,3047,0,0
98.6139,11.4662,2845,0,0
98.6387,11.4259,2835,0,0
98.6635,11.6516,2891,0,0
98.6883,11.2607,2794,0,0
98.7131,12.3488,3064,0,0
98.7379,12.4174,3081,96,0
98.7627,11.7765,2922,0,0
98.7875,11.1156,2758,0,0
98.8123,10.9947,2728,0,0
98.8371,12.1796,3022,3,0
98.8619,11.4461,2840,0,0
98.8867,11.5629,2869,0,0
98.9115,12.4859,3098,0,0
98.9363,12.2803,3047,0,0
98.9611,10.9544,2718,0,0
98.9859,10.7528,2668,0,0
99.0107,12.2924,3050,0,0
99.0355,11.9942,2976,0,0
99.0603,11.3010,2804,0,0
99.0851,12.1232,3008,0,0
99.1099,11.5025,2854,0,0
99.1347,10.8294,2687,0,0
99.1595,11.5912,2876,0,0
99.1843,11.0269,2736,0,0
99.2091,12.3488,3064,0,0
99.2339,11.7725,2921,0,0
99.2587,11.8934,2951,0,0
99.2835,11.2042,2780,0,0
99.3083,12.0425,2988,0,0
99.3331,12.6914,3149,0,0
99.3579,10.6037,2631,0,0
99.3827,11.1438,2765,0,0
99.4075,12.7035,3152,21,0
99.4323,11.3050,2805,0,0
99.4571,10.8455,2691,2,0
99.4819,10.5191,2610,0,0
99.5067,12.2924,3050,0,0
99.5315,12.7962,3175,4,0
99.5564,11.7886,2925,0,0
99.5812,11.5871,2875,0,0
99.6060,11.8692,2945,0,0
99.6308,12.8526,3189,0,0
99.6556,12.2199,3032,0,0
99.6804,12.1030,3003,0,0
99.7052,11.9418,2963,0,0
99.7300,10.6722,2648,0,0
99.7548,12.1393,3012,0,0
99.7796,11.2123,2782,0,0
99.8044,11.2083,2781,0,0
99.8292,12.5987,3126,0,0
99.8540,11.9700,2970,0,0
99.8788,11.4783,2848,0,0
99.9036,11.4743,2847,0,0
99.9284,11.1156,2758,0,0
99.9532,11.0269,2736,0,0
99.9780,12.1997,3027,0,0
100.0028,10.7569,2669,0,0
100.0276,12.0546,2991,0,0
100.0524,12.1554,3016,0,0
100.0772,12.8526,3189,0,0
100.1020,10.3942,2579,0,0
100.1268,11.3937,2827,0,0
100.1516,11.9821,2973,0,0
100.1764,12.5222,3107,0,0
100.2012,11.7040,2904,0,0
100.2260,12.6552,3140,113,0
100.2508,12.0143,2981,0,0
100.2756,10.8979,2704,0,0
100.3004,12.6148,3130,0,0
100.3252,12.7640,3167,0,0
100.3500,11.5750,2872,0,0
100.3748,12.6834,3147,99,0
100.3996,11.6234,2884,0,0
100.4244,11.8975,2952,0,0
100.4492,11.7967,2927,0,0
100.4740,12.8526,3189,0,0
100.4988,11.7645,2919,0,0
100.5236,11.0592,2744,0,0
100.5484,11.7040,2904,0,0
100.5732,12.8002,3176,0,0
100.5980,11.4178,2833,9,0
100.6228,12.8526,3189,0,0
100.6477,12.1232,3008,0,0
100.6725,12.3206,3057,0,0
100.6973,11.3655,2820,0,0
100.7221,12.7640,3167,0,0
100.7469,11.6838,2899,0,0
100.7717,12.1070,3004,0,0
100.7965,11.5025,2854,4,0
100.8213,11.8612,2943,0,0
100.8461,11.9095,2955,0,0
100.8709,12.1232,3008,0,0
100.8957,12.5544,3115,0,0
100.9205,12.3730,3070,0,0
100.9453,11.1156,2758,0,0
100.9701,12.8405,3186,0,0
100.9949,11.8168,2932,0,0
101.0197,12.1796,3022,0,0
101.0445,12.0506,2990,0,0
101.0693,12.3569,3066,0,0
101.0941,11.7765,2922,0,0
101.1189,12.1876,3024,0,0
101.1437,11.9821,2973,0,0
101.1685,11.3372,2813,0,0
101.1933,11.5226,2859,0,0
101.2181,12.8325,3184,0,0
101.2429,12.6511,3139,0,0
101.2677,11.6637,2894,0,0
101.2925,10.4989,2605,0,0
101.3173,12.8526,3189,0,0
101.3421,11.5912,2876,0,0
101.3669,12.8526,3189,0,0
101.3917,12.2521,3040,0,0
101.4165,10.8939,2703,0,0
101.4413,11.2848,2800,0,0
101.4661,12.3851,3073,0,0
101.4909,11.8531,2941,0,0
101.5157,12.1393,3012,0,0
101.5405,12.8526,3189,0,0
101.5653,12.1312,3010,0,0
101.5901,12.4295,3084,3,0
101.6149,12.1070,3004,0,0
101.6397,11.9700,2970,0,0
101.6645,11.9660,2969,2,0
101.6893,12.7478,3163,0,0
101.7141,12.2521,3040,0,0
101.7390,12.0909,3000,0,0
101.7638,12.0909,3000,0,0
101.7886,12.5987,3126,0,0
101.8134,11.5831,2874,6,0
101.8382,12.1997,3027,0,0
101.8630,11.5428,2864,2,0
101.8878,11.1680,2771,0,0
101.9126,11.2808,2799,0,0
101.9374,10.8052,2681,0,0
101.9622,11.5105,2856,0,0
101.9870,10.9141,2708,0,0
102.0118,12.1514,3015,0,0
102.0366,11.8249,2934,0,0
102.0614,11.7483,2915,0,0
102.0862,11.5146,2857,0,0
102.1110,12.2199,3032,0,0
102.1358,11.6758,2897,0,0
102.1606,11.6919,2901,0,0
102.1854,12.7358,3160,0,0
102.2102,11.5629,2869,0,0
102.2350,12.5786,3121,0,0
102.2598,11.9418,2963,0,0
102.2846,12.8526,3189,0,0
102.3094,11.4501,2841,0,0
102.3342,11.4138,2832,0,0
102.3590,11.9700,2970,0,0
102.3838,12.5786,3121,0,0
102.4086,12.1917,3025,0,0
102.4334,12.8244,3182,0,0
102.4582,12.0909,3000,0,0
102.4830,12.1352,3011,0,0
102.5078,11.7967,2927,0,0
102.5326,11.7362,2912,0,0
102.5574,11.3534,2817,0,0
102.5822,11.9700,2970,0,0
102.6070,11.5750,2872,0,0
102.6318,12.2803,3047,0,0
102.6566,12.7962,3175,0,0
102.6814,11.2848,2800,0,0
102.7062,11.3655,2820,0,0
102.7310,11.1156,2758,0,0
102.7558,12.6672,3143,0,0
102.7806,11.1922,2777,0,0
102.8055,12.1997,3027,0,0
102.8303,11.8330,2936,0,0
102.8550,11.5952,2877,0,0
102.8799,11.9498,2965,195,0
102.9047,11.4098,2831,0,0
102.9295,11.1760,2773,0,0
102.9543,11.3695,2821,0,0
102.9791,11.2365,2788,0,0
103.0039,12.7358,3160,0,0
103.0287,11.8934,2951,17,0
103.0535,12.8526,3189,0,0
103.0783,11.3131,2807,0,0
103.1031,12.8526,3189,0,0
103.1279,12.4980,3101,0,0
103.1527,12.4012,3077,0,0
103.1775,11.8733,2946,0,0
103.2023,11.7483,2915,0,0
103.2271,12.5625,3117,2,0
103.2519,11.0833,2750,0,0
103.2767,10.2531,2544,0,0
103.3015,12.6672,3143,0,0
103.3263,12.0143,2981,0,0
103.3511,11.7403,2913,0,0
103.3759,11.4783,2848,0,0
103.4007,12.8526,3189,0,0
103.4255,12.6672,3143,0,0
103.4503,12.8526,3189,0,0
103.4751,11.6637,2894,0,0
103.4999,12.4456,3088,0,0
103.5247,11.5629,2869,0,0
103.5495,12.8526,3189,0,0
103.5743,12.2763,3046,0,0
103.5991,11.6113,2881,0,0
103.6239,11.6919,2901,0,0
103.6487,12.5222,3107,0,0
103.6735,11.8209,2933,0,0
103.6983,12.8526,3189,0,0
103.7231,11.2647,2795,0,0
103.7479,11.5105,2856,0,0
103.7727,10.9826,2725,0,0
103.7975,12.3005,3052,0,0
103.8223,11.2083,2781,0,0
103.8471,11.5549,2867,0,0
103.8719,12.5222,3107,0,0
103.8968,12.8526,3189,0,0
103.9215,12.7438,3162,0,0
103.9464,12.8526,3189,0,0
103.9712,12.2158,3031,0,0
103.9960,10.4828,2601,0,0
104.0208,11.6838,2899,0,0
104.0456,12.6148,3130,0,0
104.0704,11.9660,2969,0,0
104.0952,11.2083,2781,0,0
104.1200,11.6032,2879,0,0
104.1448,11.3534,2817,0,0
104.1696,12.2320,3035,95,0
104.1944,12.6874,3148,0,0
104.2192,12.2924,3050,0,0
104.2440,12.8325,3184,0,0
104.2688,11.3050,2805,0,0
104.2936,11.5307,2861,0,0
104.3184,11.0350,2738,0,0
104.3432,11.6355,2887,0,0
104.3680,11.0592,2744,0,0
104.3928,12.1393,3012,0,0
104.4176,11.4904,2851,0,0
104.4424,11.0390,2739,0,0
104.4672,11.4178,2833,0,0
104.4920,10.9705,2722,0,0
104.5168,12.7075,3153,0,0
104.5416,11.6476,2890,0,0
104.5664,11.8330,2936,0,0
104.5912,11.7040,2904,0,0
104.6160,11.4259,2835,4,0
104.6408,10.7972,2679,0,0
104.6656,11.7080,2905,0,0
104.6904,11.1478,2766,0,0
104.7152,12.5866,3123,0,0
104.7400,10.7327,2663,0,0
104.7648,11.6637,2894,0,0
104.7896,11.6758,2897,0,0
104.8144,12.7962,3175,0,0
104.8392,12.0022,2978,0,0
104.8640,10.6884,2652,0,0
104.8888,12.7116,3154,0,0
104.9136,12.7519,3164,0,0
104.9384,11.7524,2916,0,0
104.9632,11.6234,2884,0,0
104.9880,11.1962,2778,0,0
105.0128,12.8526,3189,0,0
105.0377,12.1232,3008,0,0
105.0625,12.7358,3160,0,0
105.0873,11.2728,2797,0,0
105.1121,10.5836,2626,0,0
105.1369,11.3372,2813,0,0
105.1617,10.2329,2539,0,0
105.1865,11.9015,2953,0,0
105.2113,12.8244,3182,0,0
105.2361,11.5025,2854,0,0
105.2609,9.8783,2451,0,0
105.2857,11.8934,2951,0,0
105.3105,9.4632,2348,0,0
105.3353,11.8652,2944,0,0
105.3601,12.4133,3080,0,0
105.3849,12.4496,3089,0,0
105.4097,11.3252,2810,0,0
105.4345,11.9821,2973,0,0
105.4593,12.4375,3086,0,0
105.4841,11.7282,2910,0,0
105.5089,12.8526,3189,0,0
105.5337,12.2521,3040,0,0
105.5585,11.1881,2776,0,0
105.5833,12.1796,3022,0,0
105.6081,11.3171,2808,0,0
105.6329,12.2521,3040,0,0
105.6577,12.8526,3189,0,0
105.6825,12.5584,3116,0,0
105.7073,11.9942,2976,0,0
105.7321,11.6919,2901,0,0
105.7569,12.5625,3117,0,0
105.7817,11.1317,2762,0,0
105.8065,12.7680,3168,0,0
105.8313,11.3655,2820,0,0
105.8561,12.2803,3047,156,0
105.8809,11.4864,2850,0,0
105.9057,12.8526,3189,0,0
105.9305,12.4496,3089,0,0
105.9553,11.9095,2955,0,0
105.9801,11.7886,2925,0,0
106.0049,12.3609,3067,0,0
106.0297,12.7882,3173,0,0
106.0546,12.7680,3168,41,0
106.0793,11.5428,2864,0,0
106.1041,11.3775,2823,0,0
106.1290,12.8405,3186,0,0
106.1538,12.8526,3189,0,0
106.1786,11.9055,2954,0,0
106.2034,11.5388,2863,0,0
106.2282,12.2158,3031,0,0
106.2530,12.8083,3178,0,0
106.2778,11.7725,2921,0,0
106.3026,11.4783,2848,0,0
106.3274,11.3695,2821,0,0
106.3522,10.9423,2715,0,0
106.3770,12.4174,3081,0,0
106.4018,12.0425,2988,0,0
106.4266,11.3655,2820,0,0
106.4514,12.1151,3006,0,0
106.4762,11.4098,2831,0,0
106.5010,11.3131,2807,0,0
106.5258,12.8164,3180,0,0
106.5506,11.8934,2951,0,0
106.5754,11.3574,2818,0,0
106.6002,11.5428,2864,80,0
106.6250,12.4456,3088,0,0
106.6498,11.8330,2936,0,0
106.6746,12.3609,3067,0,0
106.6994,12.3771,3071,0,0
106.7242,11.8330,2936,0,0
106.7490,11.8410,2938,0,0
106.7738,11.0995,2754,0,0
106.7986,11.6274,2885,0,0
106.8234,12.8526,3189,0,0
106.8482,12.1635,3018,0,0
106.8730,11.8330,2936,0,0
106.8978,12.0909,3000,0,0
106.9226,11.1599,2769,0,0
106.9474,11.8048,2929,0,0
106.9722,12.8526,3189,0,0
106.9970,12.0143,2981,0,0
107.0218,12.8526,3189,0,0
107.0466,11.7242,2909,0,0
107.0714,12.7358,3160,0,0
107.0962,12.4053,3078,0,0
107.1210,12.7035,3152,0,0
107.1458,11.3775,2823,0,0
107.1706,12.0143,2981,0,0
107.1954,12.1030,3003,0,0
107.2203,12.5665,3118,0,0
107.2451,11.9337,2961,0,0
107.2699,12.3448,3063,0,0
107.2947,11.5912,2876,0,0
107.3195,11.3010,2804,0,0
107.3443,11.7201,2908,14,0
107.3691,12.6672,3143,0,0
107.3939,11.7040,2904,0,0
107.4187,11.2042,2780,0,0
107.4435,11.6395,2888,0,0
107.4683,12.2682,3044,95,0
107.4931,11.6032,2879,0,0
107.5179,10.9906,2727,0,0
107.5427,12.1997,3027,0,0
107.5675,10.7770,2674,0,0
107.5923,11.6395,2888,0,0
107.6171,10.8455,2691,0,0
107.6419,12.3126,3055,0,0
107.6667,11.3856,2825,0,0
107.6915,12.5866,3123,0,0
107.7163,12.7599,3166,0,0
107.7411,12.3730,3070,0,0
107.7659,11.2808,2799,0,0
107.7907,11.6637,2894,0,0
107.8155,11.3735,2822,0,0
107.8403,11.4864,2850,0,0
107.8651,12.2441,3038,0,0
107.8899,12.2803,3047,0,0
107.9147,12.8526,3189,0,0
107.9395,11.6395,2888,0,0
107.9643,10.8375,2689,0,0
107.9891,12.2521,3040,0,0
108.0139,11.1881,2776,0,0
108.0387,11.5307,2861,0,0
108.0635,12.3045,3053,0,0
108.0883,12.5101,3104,0,0
108.1131,12.4496,3089,0,0
108.1379,12.4375,3086,0,0
108.1627,12.8526,3189,0,0
108.1875,12.2723,3045,0,0
108.2123,11.4864,2850,0,0
108.2371,12.4496,3089,0,0
108.2619,12.7882,3173,9,0
108.2868,12.4214,3082,0,0
108.3116,12.5866,3123,0,0
108.3364,12.5383,3111,0,0
108.3612,11.7121,2906,0,0
108.3860,12.8526,3189,0,0
108.4108,12.4174,3081,6,0
108.4356,11.3252,2810,0,0
108.4604,11.5589,2868,0,0
108.4852,11.6838,2899,0,0
108.5100,11.8048,2929,0,0
108.5348,12.1393,3012,0,0
108.5596,11.7886,2925,0,0
108.5844,10.7770,2674,0,0
108.6092,12.0909,3000,0,0
108.6340,12.8526,3189,0,0
108.6588,11.5912,2876,0,0
108.6836,12.0466,2989,0,0
108.7084,12.7962,3175,0,0
108.7332,11.0068,2731,0,0
108.7580,12.3126,3055,0,0
108.7828,11.5307,2861,0,0
108.8076,12.3730,3070,0,0
108.8324,12.7478,3163,0,0
108.8572,11.7362,2912,15,0
108.8820,11.5428,2864,6,0
108.9068,12.4375,3086,0,0
108.9316,11.5952,2877,0,0
108.9564,12.4375,3086,0,0
108.9812,12.2360,3036,0,0
109.0060,11.7121,2906,0,0
109.0308,12.8526,3189,0,0
109.0556,11.3977,2828,0,0
109.0804,10.6924,2653,0,0
109.1052,11.3372,2813,0,0
109.1300,12.2279,3034,0,0
109.1548,11.6637,2894,0,0
109.1796,12.0022,2978,0,0
109.2044,11.6758,2897,0,0
109.2292,12.8526,3189,0,0
109.2540,11.8410,2938,0,0
109.2788,11.5871,2875,0,0
109.3036,12.7720,3169,0,0
109.3284,12.7438,3162,0,0
109.3532,11.7080,2905,0,0
109.3781,11.3050,2805,0,0
109.4029,11.7242,2909,0,0
109.4277,12.1393,3012,151,0
109.4525,11.4138,2832,0,0
109.4773,11.3131,2807,0,0
109.5021,12.3085,3054,1,0
109.5269,12.3488,3064,0,0
109.5517,11.0753,2748,0,0
109.5765,11.0430,2740,0,0
109.6013,12.4335,3085,0,0
109.6261,11.8572,2942,0,0
109.6509,12.2682,3044,0,0
109.6757,10.9423,2715,0,0
109.7005,12.0345,2986,0,0
109.7253,11.5226,2859,0,0
109.7501,12.2844,3048,0,0
109.7749,10.7287,2662,0,0
109.7997,11.9861,2974,0,0
109.8245,11.1478,2766,0,0
109.8493,12.8365,3185,0,0
109.8741,12.8083,3178,0,0
109.8989,11.4461,2840,0,0
109.9237,11.4098,2831,0,0
109.9485,11.9498,2965,2,0
109.9733,11.6637,2894,0,0
109.9981,11.6959,2902,0,0
110.0229,12.4536,3090,9,0
110.0477,11.5025,2854,0,0
110.0725,11.5105,2856,0,0
110.0973,11.2083,2781,0,0
110.1221,11.3211,2809,0,0
110.1469,11.5307,2861,0,0
110.1717,12.1876,3024,56,0
110.1965,11.7725,2921,0,0
110.2213,11.6959,2902,0,0
110.2461,12.7962,3175,0,0
110.2709,12.1796,3022,0,0
110.2957,12.7237,3157,0,0
110.3205,11.9378,2962,0,0
110.3453,11.2123,2782,0,0
110.3701,11.2445,2790,0,0
110.3949,11.2123,2782,0,0
110.4197,11.2204,2784,0,0
110.4445,11.1317,2762,0,0
110.4694,12.5101,3104,0,0
110.4942,11.2607,2794,0,0
110.5190,12.6793,3146,0,0
110.5438,11.7242,2909,0,0
110.5686,12.8526,3189,0,0
110.5934,12.7761,3170,0,0
110.6182,12.6592,3141,0,0
110.6430,12.8526,3189,0,0
110.6678,11.1720,2772,0,0
110.6926,11.6677,2895,0,0
110.7174,11.7362,2912,0,0
110.7422,12.1796,3022,0,0
110.7670,10.8052,2681,0,0
110.7918,11.7645,2919,0,0
110.8166,11.2889,2801,0,0
110.8414,11.4985,2853,0,0
110.8662,11.6274,2885,0,0
110.8910,12.7317,3159,0,0
110.9158,11.4904,2851,0,0
110.9406,11.4904,2851,0,0
110.9654,12.2158,3031,0,0
110.9902,12.6068,3128,0,0
111.0150,12.2924,3050,0,0
111.0398,12.1232,3008,0,0
111.0646,12.0788,2997,0,0
111.0894,12.7156,3155,0,0
111.1142,12.2763,3046,109,0
111.1390,12.8526,3189,0,0
111.1638,12.4496,3089,0,0
111.1886,11.4743,2847,0,0
111.2134,11.5912,2876,10,0
111.2382,12.7358,3160,0,0
111.2630,12.5987,3126,0,0
111.2878,12.0909,3000,0,0
111.3126,12.6552,3140,0,0
111.3374,11.6798,2898,0,0
111.3622,11.2889,2801,0,0
111.3870,10.9987,2729,0,0
111.4118,12.5101,3104,0,0
111.4366,12.5705,3119,0,0
111.4614,12.1232,3008,0,0
111.4862,11.5025,2854,0,0
111.5110,9.4873,2354,0,0
111.5359,11.3131,2807,0,0
111.5607,12.0627,2993,0,0
111.5855,11.5629,2869,0,0
111.6103,11.2848,2800,0,0
111.6351,12.1715,3020,0,0
111.6599,12.6068,3128,0,0
111.6847,11.7362,2912,0,0
111.7095,12.8526,3189,0,0
111.7343,12.1352,3011,0,0
111.7591,10.8979,2704,0,0
111.7839,11.5871,2875,1,0
111.8087,12.6874,3148,0,0
111.8335,11.9700,2970,0,0
111.8583,12.5383,3111,0,0
111.8831,12.4859,3098,0,0
111.9079,12.6390,3136,0,0
111.9327,12.4375,3086,0,0
111.9575,12.7882,3173,0,0
111.9823,11.5629,2869,0,0
112.0071,12.1796,3022,0,0
112.0319,11.8813,2948,0,0
112.0567,11.9700,2970,22,0
112.0815,11.8088,2930,5,0
112.1063,12.1352,3011,46,0
112.1311,12.2360,3036,0,0
112.1559,12.3045,3053,0,0
112.1807,11.3534,2817,0,0
112.2055,11.8975,2952,0,0
112.2303,12.5020,3102,0,0
112.2551,11.8451,2939,0,0
112.2799,11.5831,2874,0,0
112.3047,11.6395,2888,0,0
112.3295,12.3690,3069,0,0
112.3543,11.8531,2941,0,0
112.3791,12.3972,3076,0,0
112.4039,11.6758,2897,0,0
112.4287,11.1156,2758,0,0
112.4535,12.7358,3160,0,0
112.4783,12.1997,3027,2,0
112.5031,12.3851,3073,0,0
112.5279,11.2808,2799,0,0
112.5527,12.1151,3006,0,0
112.5775,12.0748,2996,0,0
112.6023,12.2158,3031,0,0
112.6272,12.8526,3189,0,0
112.6520,12.1191,3007,0,0
112.6768,12.2844,3048,0,0
112.7016,11.0833,2750,0,0
112.7264,11.7362,2912,0,0
112.7512,12.7196,3156,0,0
112.7760,11.6919,2901,0,0
112.8008,12.8164,3180,0,0
112.8256,11.9821,2973,0,0
112.8504,11.6838,2899,0,0
112.8752,11.5871,2875,0,0
112.9000,12.0143,2981,0,0
112.9248,11.7483,2915,0,0
112.9496,12.6068,3128,0,0
112.9744,10.8052,2681,5,0
112.9992,10.3095,2558,0,0
113.0240,11.5952,2877,0,0
113.0488,12.7156,3155,0,0
113.0736,12.0143,2981,0,0
113.0984,11.4098,2831,0,0
113.1232,11.9700,2970,0,0
113.1480,12.7640,3167,0,0
113.1728,12.2521,3040,0,0
113.1976,12.8526,3189,0,0
113.2224,11.4299,2836,0,0
113.2472,11.0269,2736,0,0
113.2720,12.1191,3007,8,0
113.2968,12.8526,3189,0,0
113.3216,11.8048,2929,0,0
113.3464,11.4743,2847,0,0
113.3712,12.8526,3189,0,0
113.3960,12.1796,3022,48,0
113.4208,11.4259,2835,0,0
113.4456,10.8052,2681,0,0
113.4704,11.1156,2758,0,0
113.4952,12.8083,3178,0,0
113.5200,12.8325,3184,0,0
113.5448,11.2123,2782,0,0
113.5696,12.8526,3189,0,0
113.5944,12.7640,3167,0,0
113.6192,12.8526,3189,0,0
113.6440,11.2607,2794,0,0
113.6688,11.2889,2801,0,0
113.6936,11.9861,2974,0,0
113.7185,12.6592,3141,0,0
113.7433,11.9498,2965,0,0
113.7681,12.8526,3189,0,0
113.7929,12.2844,3048,0,0
113.8177,12.8526,3189,0,0
113.8425,12.4496,3089,0,0
113.8673,11.7524,2916,0,0
113.8921,12.5423,3112,14,0
113.9169,12.0143,2981,0,0
113.9417,12.2763,3046,0,0
113.9665,12.5020,3102,0,0
113.9913,12.3811,3072,31,0
114.0161,12.8526,3189,0,0
114.0409,12.8526,3189,0,0
114.0657,11.6355,2887,0,0
114.0905,12.8526,3189,0,0
114.1153,11.8934,2951,0,0
114.1401,12.6148,3130,0,0
114.1649,10.7488,2667,0,0
114.1897,11.9337,2961,0,0
114.2145,11.8330,2936,0,0
114.2393,11.9176,2957,0,0
114.2641,12.2158,3031,0,0
114.2889,12.8526,3189,7,0
114.3137,11.8249,2934,0,0
114.3385,12.8526,3189,0,0
114.3633,12.8526,3189,0,0
114.3881,12.6672,3143,0,0
114.4129,11.5549,2867,0,0
114.4377,11.2526,2792,0,0
114.4625,12.7882,3173,0,0
114.4873,12.8526,3189,0,0
114.5121,11.5307,2861,6,0
114.5369,12.7358,3160,0,0
114.5617,11.9660,2969,0,0
114.5865,12.7075,3153,23,0
114.6113,11.3131,2807,0,0
114.6361,12.4698,3094,0,0
114.6609,12.8526,3189,0,0
114.6857,12.7358,3160,0,0
114.7105,9.6727,2400,0,0
114.7353,12.5423,3112,0,0
114.7601,10.6198,2635,0,0
114.7850,12.5181,3106,0,0
114.8098,12.0506,2990,0,0
114.8346,12.2199,3032,0,0
114.8594,12.7277,3158,0,0
114.8842,12.3851,3073,0,0
114.9090,11.8088,2930,0,0
114.9338,11.9297,2960,0,0
114.9586,11.4461,2840,0,0
114.9834,11.4743,2847,0,0
115.0082,10.6964,2654,0,0
115.0330,12.8526,3189,0,0
115.0578,12.4295,3084,0,0
115.0826,12.2602,3042,0,0
115.1074,11.8088,2930,0,0
115.1322,12.6068,3128,0,0
115.1570,10.7488,2667,0,0
115.1818,12.3972,3076,0,0
115.2066,11.7886,2925,7,0
115.2314,12.3005,3052,0,0
115.2562,11.0712,2747,0,0
115.2810,11.4138,2832,0,0
115.3058,12.6552,3140,0,0
115.3306,10.8133,2683,0,0
115.3554,12.8526,3189,0,0
115.3802,11.0390,2739,0,0
115.4050,11.3856,2825,0,0
115.4298,11.2607,2794,0,0
115.4546,11.1881,2776,0,0
115.4794,12.6874,3148,0,0
115.5042,11.6395,2888,0,0
115.5290,11.6355,2887,0,0
115.5538,10.9423,2715,0,0
115.5786,12.5020,3102,0,0
115.6034,12.7801,3171,203,0
115.6282,12.0506,2990,0,0
115.6530,11.2647,2795,0,0
115.6778,12.4375,3086,5,0
115.7026,12.5383,3111,0,0
115.7274,12.0506,2990,0,0
115.7522,10.9745,2723,0,0
115.7770,12.4456,3088,0,0
115.8018,12.3730,3070,0,0
115.8266,12.8526,3189,0,0
115.8514,11.3735,2822,0,0
115.8763,11.3695,2821,0,0
115.9011,11.3856,2825,171,0
115.9258,12.2602,3042,0,0
115.9507,12.5866,3123,0,0
115.9755,12.3126,3055,0,0
116.0003,12.0587,2992,0,0
116.0251,11.4582,2843,0,0
116.0499,12.0587,2992,0,0
116.0747,11.2607,2794,0,0
116.0995,12.1191,3007,0,0
116.1243,11.8692,2945,0,0
116.1491,11.8531,2941,0,0
116.1739,12.8526,3189,0,0
116.1987,12.4496,3089,0,0
116.2235,12.0909,3000,0,0
116.2483,12.6431,3137,0,0
116.2731,12.3569,3066,0,0
116.2979,11.1156,2758,0,0
116.3227,11.5549,2867,0,0
116.3475,12.8526,3189,0,0
116.3723,12.0143,2981,0,0
116.3971,11.5549,2867,0,0
116.4219,12.7237,3157,0,0
116.4467,12.8526,3189,0,0
116.4715,12.1796,3022,0,0
116.4963,11.2204,2784,0,0
116.5211,12.8405,3186,0,0
116.5459,11.8692,2945,0,0
116.5707,12.7277,3158,18,0
116.5955,11.0148,2733,0,0
116.6203,12.8526,3189,0,0
116.6451,11.0874,2751,0,0
116.6699,11.4178,2833,0,0
116.6947,12.8526,3189,6,0
116.7195,12.0143,2981,0,0
116.7443,12.2481,3039,0,0
116.7691,12.8405,3186,0,0
116.7939,12.3529,3065,0,0
116.8187,11.1680,2771,0,0
116.8435,12.8526,3189,0,0
116.8683,11.9095,2955,0,0
116.8931,12.8526,3189,0,0
116.9179,12.2481,3039,4,0
116.9427,11.3211,2809,0,0
116.9676,12.7761,3170,0,0
116.9924,12.3730,3070,0,0
117.0172,12.0909,3000,0,0
117.0420,11.7242,2909,0,0
117.0668,11.5952,2877,0,0
117.0916,12.7761,3170,0,0
117.1164,11.6032,2879,0,0
117.1412,12.8244,3182,0,0
117.1660,11.5105,2856,0,0
117.1908,12.7882,3173,0,0
117.2156,11.2365,2788,0,0
117.2404,12.8526,3189,0,0
117.2652,11.9861,2974,0,0
117.2900,11.0390,2739,0,0
117.3148,10.8979,2704,0,0
117.3396,11.6395,2888,0,0
117.3644,11.8209,2933,0,0
117.3892,12.8526,3189,0,0
117.4140,12.7801,3171,0,0
117.4388,11.9418,2963,0,0
117.4636,12.8526,3189,0,0
117.4884,12.7116,3154,0,0
117.5132,12.8526,3189,0,0
117.5380,12.6350,3135,0,0
117.5628,12.6068,3128,0,0
117.5876,12.7116,3154,0,0
117.6124,12.1876,3024,0,0
117.6372,12.0748,2996,0,0
117.6620,11.7806,2923,0,0
117.6868,11.1599,2769,0,0
117.7116,12.8526,3189,0,0
117.7364,11.8652,2944,0,0
117.7612,12.8526,3189,0,0
117.7860,11.8088,2930,0,0
117.8108,11.5307,2861,0,0
117.8356,12.2682,3044,0,0
117.8604,12.8526,3189,0,0
117.8852,12.6995,3151,0,0
117.9100,11.3010,2804,0,0
117.9348,11.1236,2760,0,0
117.9596,11.2889,2801,0,0
117.9844,12.5786,3121,0,0
118.0092,11.4743,2847,0,0
118.0340,12.4093,3079,0,0
118.0589,11.2365,2788,0,0
118.0836,12.6068,3128,0,0
118.1085,11.4178,2833,0,0
118.1333,12.8526,3189,0,0
118.1581,12.2360,3036,0,0
118.1829,12.8526,3189,0,0
118.2077,11.7443,2914,0,0
118.2325,11.2365,2788,0,0
118.2573,11.2768,2798,0,0
118.2821,11.6395,2888,0,0
118.3069,12.6350,3135,0,0
118.3317,12.8526,3189,0,0
118.3565,12.7156,3155,0,0
118.3813,12.5020,3102,0,0
118.4061,11.1760,2773,0,0
118.4309,11.6677,2895,0,0
118.4557,12.8083,3178,0,0
118.4805,12.3811,3072,0,0
118.5053,12.4133,3080,0,0
118.5301,11.5952,2877,0,0
118.5549,10.8375,2689,0,0
118.5797,12.2521,3040,27,0
118.6045,12.0466,2989,0,0
118.6293,12.1514,3015,0,0
118.6541,11.7604,2918,0,0
118.6789,12.8526,3189,0,0
118.7037,12.2360,3036,0,0
118.7285,12.0143,2981,0,0
118.7533,11.4259,2835,0,0
118.7781,12.7116,3154,0,0
118.8029,11.1801,2774,0,0
118.8277,12.1594,3017,0,0
118.8525,12.1917,3025,0,0
118.8773,12.8526,3189,0,0
118.9021,11.2083,2781,0,0
118.9269,11.5025,2854,0,0
118.9517,12.5987,3126,0,0
118.9765,11.4340,2837,0,0
119.0013,12.3771,3071,0,0
119.0261,12.8526,3189,0,0
119.0509,12.5262,3108,0,0
119.0757,12.8526,3189,0,0
119.1005,11.8813,2948,0,0
119.1254,12.7801,3171,0,0
119.1501,11.9942,2976,2,0
119.1749,12.7882,3173,0,0
119.1998,11.4783,2848,0,0
119.2246,12.1232,3008,0,0
119.2494,12.8526,3189,0,0
119.2742,11.2365,2788,0,0
119.2990,12.3247,3058,0,0
119.3238,12.0022,2978,0,0
119.3486,12.8526,3189,0,0
119.3734,11.1236,2760,0,0
119.3982,11.5428,2864,0,0
119.4230,12.0345,2986,0,0
119.4478,10.9665,2721,0,0
119.4726,12.7478,3163,0,0
119.4974,12.7116,3154,0,0
119.5222,11.7040,2904,0,0
119.5470,11.3292,2811,0,0
119.5718,12.4093,3079,0,0
119.5966,12.0546,2991,0,0
119.6214,12.8526,3189,0,0
119.6462,12.0788,2997,0,0
119.6710,12.8526,3189,0,0
119.6958,12.4738,3095,0,0
119.7206,12.8526,3189,0,0
119.7454,11.3735,2822,0,0
119.7702,10.8617,2695,0,0
119.7950,12.4496,3089,0,0
119.8198,11.0712,2747,0,0
119.8446,12.6431,3137,0,0
119.8694,12.1232,3008,0,0
119.8942,11.9337,2961,0,0
119.9190,12.0788,2997,0,0
119.9438,12.6068,3128,0,0
119.9686,12.8526,3189,0,0
119.9934,12.8526,3189,0,0
120.0182,11.7443,2914,0,0
120.0430,12.6632,3142,0,0
120.0678,12.0627,2993,0,0
120.0926,11.7443,2914,0,0
120.1174,12.0345,2986,0,0
120.1422,12.5020,3102,4,0
120.1670,11.9539,2966,0,0
120.1918,11.0793,2749,0,0
120.2166,12.8526,3189,0,0
120.2414,12.0143,2981,0,0
120.2663,12.8526,3189,0,0
120.2911,11.8168,2932,0,0
120.3159,12.8526,3189,0,0
120.3407,12.7559,3165,0,0
120.3655,11.7483,2915,0,0
120.3903,12.8526,3189,0,0
120.4151,12.2239,3033,0,0
120.4399,11.6637,2894,0,0
120.4647,11.2365,2788,0,0
120.4895,12.0909,3000,0,0
120.5143,11.4178,2833,0,0
120.5391,11.7604,2918,0,0
120.5639,12.4214,3082,0,0
120.5887,12.8365,3185,0,0
120.6135,12.0345,2986,0,0
120.6383,12.5907,3124,0,0
120.6631,12.4093,3079,0,0
120.6879,12.8526,3189,0,0
120.7127,12.3730,3070,0,0
120.7375,12.8526,3189,0,0
120.7623,11.0229,2735,0,0
120.7871,11.4541,2842,0,0
120.8119,12.0264,2984,0,0
120.8367,11.3211,2809,0,0
120.8615,12.4295,3084,0,0
120.8863,11.3937,2827,0,0
120.9111,11.2607,2794,0,0
120.9359,11.4259,2835,0,0
120.9607,10.7649,2671,0,0
120.9855,12.1070,3004,0,0
121.0103,12.4698,3094,0,0
121.0351,11.6395,2888,0,0
121.0599,12.5544,3115,0,0
121.0847,12.3771,3071,0,0
121.1095,11.4904,2851,19,0
121.1343,12.0466,2989,0,0
121.1591,10.9785,2724,0,0
121.1839,12.6350,3135,0,0
121.2087,12.7116,3154,0,0
121.2335,11.8209,2933,0,0
121.2583,12.4375,3086,2,0
121.2831,12.6552,3140,0,0
121.3079,11.5629,2869,0,0
121.3327,12.6672,3143,0,0
121.3576,12.4174,3081,0,0
121.3824,12.8526,3189,0,0
121.4072,11.7645,2919,0,0
121.4320,11.5307,2861,0,0
121.4568,12.5020,3102,0,0
121.4816,10.9584,2719,0,0
121.5064,12.6632,3142,1,0
121.5312,10.5876,2627,0,0
121.5560,11.8934,2951,0,0
121.5808,11.4340,2837,0,0
121.6056,11.7645,2919,0,0
121.6304,11.8934,2951,0,0
121.6552,12.6148,3130,0,0
121.6800,11.6395,2888,0,0
121.7048,11.4178,2833,0,0
121.7296,11.8330,2936,0,0
121.7544,12.7358,3160,0,0
121.7792,11.5750,2872,2,0
121.8040,12.7358,3160,0,0
121.8288,12.4496,3089,0,0
121.8536,11.7524,2916,0,0
121.8784,11.2969,2803,0,0
121.9032,11.3372,2813,0,0
121.9280,11.2526,2792,0,0
121.9528,12.8526,3189,0,0
121.9776,12.8526,3189,2,0
122.0024,11.7604,2918,0,0
122.0272,11.5750,2872,0,0
122.0520,11.3211,2809,0,0
122.0768,12.8526,3189,0,0
122.1016,12.4133,3080,0,0
122.1264,11.6234,2884,0,0
122.1512,11.7362,2912,0,0
122.1760,12.8526,3189,0,0
122.2008,11.4340,2837,0,0
122.2256,12.8526,3189,0,0
122.2504,12.7962,3175,0,0
122.2752,12.7358,3160,0,0
122.3000,12.7962,3175,0,0
122.3248,12.2682,3044,185,0
122.3496,11.3534,2817,0,0
122.3744,12.5383,3111,0,0
122.3992,12.7519,3164,0,0
122.4240,12.4456,3088,0,0
122.4489,12.8526,3189,0,0
122.4737,12.4738,3095,0,0
122.4985,11.7806,2923,0,0
122.5233,11.4259,2835,0,0
122.5481,12.6431,3137,0,0
122.5729,11.9821,2973,0,0
122.5977,12.8405,3186,0,0
122.6225,11.8934,2951,0,0
122.6473,12.1030,3003,0,0
122.6721,12.2481,3039,0,0
122.6969,12.1514,3015,0,0
122.7217,12.6310,3134,0,0
122.7465,12.5907,3124,113,0
122.7713,11.5146,2857,0,0
122.7961,11.1639,2770,0,0
122.8209,12.7478,3163,0,0
122.8457,12.5423,3112,0,0
122.8705,12.3650,3068,0,0
122.8953,11.8652,2944,0,0
122.9201,12.0425,2988,0,0
122.9449,12.5987,3126,0,0
122.9697,12.4738,3095,0,0
122.9945,12.2844,3048,0,0
123.0193,11.5146,2857,0,0
123.0441,12.0506,2990,0,0
123.0689,11.0592,2744,0,0
123.0937,12.8526,3189,0,0
123.1185,11.4098,2831,0,0
123.1433,11.2042,2780,0,0
123.1681,11.6919,2901,0,0
123.1929,12.8526,3189,0,0
123.2177,11.1357,2763,0,0
123.2425,9.7695,2424,0,0
123.2673,12.1594,3017,0,0
123.2921,12.7922,3174,0,0
123.3169,11.6516,2891,0,0
123.3417,11.4985,2853,0,0
123.3665,10.9342,2713,0,0
123.3913,11.6234,2884,0,0
123.4161,11.4904,2851,0,0
123.4409,11.3937,2827,0,0
123.4657,11.9498,2965,0,0
123.4905,11.3453,2815,0,0
123.5154,12.8526,3189,0,0
123.5402,12.0466,2989,0,0
123.5650,12.6955,3150,0,0
123.5898,12.5141,3105,0,0
123.6146,11.8088,2930,18,0
123.6394,12.8526,3189,2,0
123.6642,12.7116,3154,0,0
123.6890,12.8164,3180,0,0
123.7138,12.6672,3143,0,0
123.7386,11.8975,2952,0,0
123.7634,11.8048,2929,0,0
123.7882,11.4259,2835,0,0
123.8130,12.6350,3135,25,0
123.8378,12.4536,3090,0,0
123.8626,12.0466,2989,0,0
123.8874,11.7483,2915,0,0
123.9122,12.8526,3189,0,0
123.9370,11.7483,2915,0,0
123.9618,12.6552,3140,0,0
123.9866,12.1151,3006,0,0
124.0114,11.6516,2891,0,0
124.0362,11.8330,2936,0,0
124.0610,12.8526,3189,0,0
124.0858,12.4375,3086,0,0
124.1106,11.6919,2901,0,0
124.1354,12.1796,3022,0,0
124.1602,12.8526,3189,0,0
124.1850,12.1594,3017,0,0
124.2098,12.8526,3189,0,0
124.2346,11.7806,2923,0,0
124.2594,12.0143,2981,0,0
124.2842,12.5423,3112,0,0
124.3090,12.0305,2985,0,0
124.3338,11.6879,2900,0,0
124.3586,11.5146,2857,0,0
124.3834,12.6068,3128,0,0
124.4082,12.1917,3025,7,0
124.4330,11.6597,2893,0,0
124.4578,12.4980,3101,0,0
124.4826,11.7645,2919,0,0
124.5074,11.4904,2851,0,0
124.5322,12.8526,3189,0,0
124.5570,12.3166,3056,0,0
124.5818,11.1236,2760,0,0
124.6067,11.4702,2846,0,0
124.6315,12.8526,3189,27,0
124.6563,12.3166,3056,4,0
124.6811,12.3287,3059,0,0
124.7059,12.0143,2981,0,0
124.7307,11.8168,2932,0,0
124.7555,12.2521,3040,0,0
124.7803,11.5428,2864,0,0
124.8051,12.5342,3110,0,0
124.8299,12.8526,3189,0,0
124.8547,12.6955,3150,0,0
124.8795,11.9418,2963,0,0
124.9043,11.8975,2952,0,0
124.9291,12.4496,3089,0,0
124.9539,11.1841,2775,0,0
124.9787,11.5549,2867,0,0
125.0035,11.5105,2856,0,0
125.0283,11.9660,2969,0,0
125.0531,12.1796,3022,0,0
125.0779,12.0546,2991,0,0
125.1027,12.8526,3189,0,0
125.1275,12.3932,3075,0,0
125.1523,12.6189,3131,0,0
125.1771,12.2521,3040,0,0
125.2019,11.3977,2828,0,0
125.2267,12.4980,3101,0,0
125.2515,12.8526,3189,0,0
125.2763,12.0909,3000,0,0
125.3011,12.7720,3169,0,0
125.3259,12.8526,3189,0,0
125.3507,12.0425,2988,9,0
125.3755,11.4622,2844,0,0
125.4003,10.7770,2674,0,0
125.4251,11.0753,2748,14,0
125.4499,12.8526,3189,0,0
125.4747,12.8526,3189,0,0
125.4995,12.7922,3174,0,0
125.5243,11.1881,2776,0,0
125.5491,11.2042,2780,0,0
125.5739,12.7035,3152,0,0
125.5987,12.4214,3082,4,0
125.6235,12.6269,3133,0,0
125.6483,11.8168,2932,0,0
125.6731,12.6592,3141,0,0
125.6980,12.0345,2986,0,0
125.7228,11.0229,2735,0,0
125.7476,12.1070,3004,0,0
125.7724,11.1075,2756,0,0
125.7972,11.2808,2799,0,0
125.8220,11.3372,2813,0,0
125.8468,12.5020,3102,0,0
125.8716,11.3372,2813,0,0
125.8964,11.7443,2914,0,0
125.9212,12.8526,3189,0,0
125.9460,11.7443,2914,0,0
125.9708,11.5307,2861,0,0
125.9956,12.7640,3167,0,0
126.0204,11.8330,2936,0,0
126.0452,12.2279,3034,0,0
126.0700,10.9947,2728,0,0
126.0948,12.8526,3189,0,0
126.1196,12.6955,3150,7,0
126.1444,11.7886,2925,0,0
126.1692,11.4582,2843,0,0
126.1940,12.1191,3007,0,0
126.2188,11.7806,2923,2,0
126.2436,12.7237,3157,0,0
126.2684,11.9418,2963,0,0
126.2932,12.0022,2978,0,0
126.3180,12.3569,3066,0,0
126.3428,12.5584,3116,0,0
126.3676,11.7242,2909,0,0
126.3924,11.4985,2853,0,0
126.4172,12.0466,2989,0,0
126.4420,12.8526,3189,0,0
126.4668,11.9982,2977,0,0
126.4916,11.3372,2813,0,0
126.5164,12.8526,3189,0,0
126.5412,12.8526,3189,0,0
126.5660,12.1030,3003,0,0
126.5908,12.8526,3189,0,0
126.6156,12.7559,3165,0,0
126.6404,11.9458,2964,0,0
126.6652,12.8526,3189,0,0
126.6900,12.7640,3167,0,0
126.7148,12.6672,3143,0,0
126.7396,12.8526,3189,0,0
126.7645,12.8526,3189,0,0
126.7893,12.6632,3142,0,0
126.8141,12.8526,3189,0,0
126.8389,12.2239,3033,0,0
126.8637,11.5307,2861,0,0
126.8885,12.2965,3051,0,0
126.9133,12.8526,3189,0,0
126.9381,12.4133,3080,0,0
126.9629,12.2521,3040,0,0
126.9877,12.8526,3189,0,0
127.0125,11.2526,2792,0,0
127.0373,12.8405,3186,0,0
127.0621,11.4259,2835,0,0
127.0869,12.6874,3148,0,0
127.1117,12.8526,3189,0,0
127.1365,12.5383,3111,0,0
127.1613,11.3775,2823,0,0
127.1861,12.7519,3164,0,0
127.2109,11.8330,2936,0,0
127.2357,12.8526,3189,0,0
127.2605,11.8410,2938,7,0
127.2853,12.8526,3189,0,0
127.3101,12.7116,3154,0,0
127.3349,11.3735,2822,0,0
127.3597,12.5584,3116,0,0
127.3845,12.7478,3163,4,0
127.4093,11.7725,2921,0,0
127.4341,12.8526,3189,2,0
127.4589,11.5871,2875,0,0
127.4837,12.5786,3121,0,0
127.5085,12.1514,3015,0,0
127.5333,10.9342,2713,0,0
127.5581,12.8526,3189,0,0
127.5829,12.8526,3189,1,0
127.6077,10.8455,2691,0,0
127.6325,12.5020,3102,0,0
127.6573,12.3771,3071,0,0
127.6821,11.3211,2809,0,0
127.7069,12.3206,3057,0,0
127.7317,11.3211,2809,0,0
127.7565,11.6234,2884,0,0
127.7813,12.3811,3072,0,0
127.8061,12.6390,3136,0,0
127.8309,12.8526,3189,0,0
127.8558,11.9700,2970,0,0
127.8806,12.1070,3004,0,0
127.9054,12.3247,3058,0,0
127.9302,12.3529,3065,0,0
127.9550,12.7841,3172,0,0
127.9798,11.5952,2877,0,0
128.0046,11.7886,2925,0,0
128.0294,12.7882,3173,0,0
128.0542,12.8164,3180,0,0
128.0790,11.3937,2827,0,0
128.1038,12.7156,3155,0,0
128.1286,12.3609,3067,0,0
128.1534,11.4985,2853,0,0
128.1782,12.0909,3000,1,0
128.2030,12.0506,2990,0,0
128.2278,12.1473,3014,0,0
128.2526,12.8526,3189,0,0
128.2774,11.9982,2977,0,0
128.3022,11.4299,2836,0,0
128.3270,11.7242,2909,0,0
128.3518,11.2244,2785,0,0
128.3766,12.8526,3189,0,0
128.4014,12.1876,3024,0,0
128.4262,11.6355,2887,0,0
128.4510,12.1514,3015,0,0
128.4758,12.8526,3189,0,0
128.5006,12.6108,3129,0,0
128.5254,12.8164,3180,0,0
128.5502,12.7277,3158,0,0
128.5750,12.1514,3015,0,0
128.5998,11.8410,2938,0,0
128.6246,11.0833,2750,0,0
128.6494,12.1352,3011,0,0
128.6742,12.8526,3189,0,0
128.6990,12.3206,3057,0,0
128.7238,12.6672,3143,0,0
128.7486,11.9095,2955,0,0
128.7734,11.3292,2811,0,0
128.7982,12.4859,3098,0,0
128.8230,12.8526,3189,0,0
128.8478,11.8692,2945,0,0
128.8727,12.8526,3189,0,0
128.8974,12.7801,3171,0,0
128.9222,12.2521,3040,0,0
128.9471,11.8168,2932,0,0
128.9718,11.8612,2943,0,0
128.9967,11.5428,2864,0,0
129.0215,12.6672,3143,0,0
129.0463,11.3937,2827,0,0
129.0711,12.8285,3183,7,0
129.0959,10.3619,2571,0,0
129.1207,12.2682,3044,0,0
129.1455,12.3206,3057,0,0
129.1703,11.6355,2887,0,0
129.1951,12.8526,3189,0,0
129.2199,11.6758,2897,0,0
129.2447,12.8526,3189,0,0
129.2695,12.5786,3121,0,0
129.2943,11.7040,2904,0,0
129.3191,12.8526,3189,0,0
129.3439,11.6637,2894,0,0
129.3687,11.7201,2908,0,0
129.3935,12.8526,3189,2,0
129.4183,12.6914,3149,0,0
129.4431,11.9700,2970,0,0
129.4679,11.3856,2825,0,0
129.4927,11.9700,2970,0,0
129.5175,12.8405,3186,0,0
129.5423,11.8370,2937,0,0
129.5671,12.8526,3189,0,0
129.5919,12.8526,3189,6,0
129.6167,12.8526,3189,0,0
129.6415,11.8612,2943,0,0
129.6663,12.0788,2997,0,0
129.6911,11.8894,2950,0,0
129.7159,12.8526,3189,0,0
129.7407,11.2123,2782,0,0
129.7655,12.6552,3140,0,0
129.7903,11.4501,2841,0,0
129.8151,12.8526,3189,0,0
129.8399,10.6682,2647,123,0
129.8647,12.8526,3189,0,0
129.8895,11.9700,2970,0,0
129.9143,11.6919,2901,0,0
129.9391,12.6350,3135,0,0
129.9639,11.3534,2817,0,0
129.9887,12.8526,3189,0,0
130.0135,12.4375,3086,0,0
130.0383,11.6113,2881,0,0
130.0632,12.8526,3189,0,0
130.0880,12.5342,3110,0,0
130.1128,12.1876,3024,7,0
130.1376,12.8526,3189,0,0
130.1624,12.8043,3177,1,0
130.1872,11.5428,2864,0,0
130.2120,11.2244,2785,0,0
130.2368,12.8526,3189,0,0
130.2616,12.4295,3084,0,0
130.2864,11.9861,2974,0,0
130.3112,11.2607,2794,0,0
130.3360,11.3977,2828,0,0
130.3608,12.4738,3095,0,0
130.3856,12.7720,3169,11,0
130.4104,12.8526,3189,0,0
130.4352,11.4702,2846,0,0
130.4600,12.8325,3184,0,0
130.4848,11.6476,2890,2,0
130.5096,11.1841,2775,0,0
130.5344,12.3327,3060,0,0
130.5592,11.5105,2856,0,0
130.5840,12.5423,3112,0,0
130.6088,12.8526,3189,0,0
130.6336,11.1317,2762,0,0
130.6584,12.4698,3094,0,0
130.6832,12.5907,3124,0,0
130.7080,12.8526,3189,0,0
130.7328,12.4012,3077,0,0
130.7576,12.0305,2985,0,0
130.7824,12.3206,3057,0,0
130.8072,11.7443,2914,0,0
130.8320,12.1796,3022,0,0
130.8568,11.4138,2832,0,0
130.8816,12.6431,3137,0,0
130.9064,10.9866,2726,0,0
130.9312,12.6592,3141,0,0
130.9560,11.6274,2885,0,0
130.9808,12.7841,3172,0,0
131.0056,11.4058,2830,0,0
131.0304,12.8405,3186,0,0
131.0552,11.3010,2804,0,0
131.0800,11.7040,2904,0,0
131.1048,12.7116,3154,0,0
131.1297,12.8526,3189,0,0
131.1544,11.6919,2901,0,0
131.1793,12.8526,3189,0,0
131.2041,12.7075,3153,0,0
131.2289,12.8526,3189,0,0
131.2537,12.2844,3048,0,0
131.2785,12.8526,3189,0,0
131.3033,12.6390,3136,0,0
131.3281,12.5987,3126,0,0
131.3529,12.6068,3128,0,0
131.3777,10.6884,2652,0,0
131.4025,12.7922,3174,0,0
131.4273,12.7882,3173,0,0
131.4521,11.5105,2856,0,0
131.4769,12.7358,3160,0,0
131.5017,12.4375,3086,0,0
131.5265,12.6834,3147,0,0
131.5513,12.8526,3189,0,0
131.5761,12.2602,3042,0,0
131.6009,11.5831,2874,0,0
131.6257,11.4340,2837,0,0
131.6505,12.8526,3189,0,0
131.6753,11.8934,2951,0,0
131.7001,10.8979,2704,0,0
131.7249,12.8526,3189,2,0
131.7497,11.3856,2825,0,0
131.7745,11.6879,2900,8,0
131.7993,11.3655,2820,0,0
131.8241,12.1675,3019,0,0
131.8489,11.1881,2776,0,0
131.8737,11.8934,2951,0,0
131.8985,11.4058,2830,0,0
131.9233,12.7962,3175,0,0
131.9481,12.3569,3066,0,0
131.9729,11.1801,2774,0,0
131.9977,12.3932,3075,0,0
132.0225,10.6722,2648,0,0
132.0473,12.1030,3003,0,0
132.0721,11.1478,2766,0,0
132.0969,11.4582,2843,0,0
132.1217,12.8083,3178,0,0
132.1465,11.8048,2929,0,0
132.1713,12.8526,3189,0,0
132.1962,12.1594,3017,0,0
132.2209,12.8526,3189,2,0
132.2458,11.9700,2970,0,0
132.2706,11.8531,2941,0,0
132.2954,12.5907,3124,6,0
132.3202,12.2844,3048,0,0
132.3450,12.3166,3056,0,0
132.3698,11.4098,2831,0,0
132.3946,12.5181,3106,0,0
132.4194,11.8531,2941,0,0
132.4442,11.6395,2888,0,0
132.4690,12.5423,3112,0,0
132.4938,12.8365,3185,0,0
132.5186,11.9821,2973,0,0
132.5434,12.8526,3189,0,0
132.5682,11.2244,2785,8,0
132.5930,11.1599,2769,0,0
132.6178,11.5025,2854,5,0
132.6426,11.4259,2835,0,0
132.6674,11.8975,2952,0,0
132.6922,12.8526,3189,0,0
132.7170,12.8486,3188,0,0
132.7418,11.6234,2884,0,0
132.7666,12.0909,3000,0,0
132.7914,12.0466,2989,0,0
132.8162,12.3569,3066,0,0
132.8410,12.6148,3130,0,0
132.8658,11.2083,2781,0,0
132.8906,11.0753,2748,0,0
132.9154,12.8526,3189,11,0
132.9402,12.8526,3189,0,0
132.9650,12.6350,3135,0,0
132.9898,11.7806,2923,0,0
133.0146,12.1836,3023,0,0
133.0394,12.5423,3112,0,0
133.0642,11.4702,2846,0,0
133.0890,11.4138,2832,0,0
133.1138,11.6234,2884,0,0
133.1386,12.8526,3189,0,0
133.1634,12.2924,3050,0,0
133.1882,12.6189,3131,0,0
133.2130,12.8526,3189,0,0
133.2378,12.1715,3020,0,0
133.2626,11.8934,2951,0,0
133.2874,11.8975,2952,0,0
133.3123,12.5020,3102,0,0
133.3371,12.2803,3047,0,0
133.3619,11.5428,2864,0,0
133.3867,12.5020,3102,0,0
133.4115,11.0188,2734,0,0
133.4363,12.6713,3144,0,0
133.4611,11.3372,2813,0,0
133.4859,11.6516,2891,0,0
133.5107,12.3166,3056,0,0
133.5355,11.4582,2843,0,0
133.5603,11.3735,2822,0,0
133.5851,12.7962,3175,0,0
133.6099,11.9861,2974,0,0
133.6347,12.8526,3189,0,0
133.6595,11.4582,2843,0,0
133.6843,12.8526,3189,0,0
133.7091,11.9821,2973,0,0
133.7339,11.9055,2954,0,0
133.7587,11.9982,2977,0,0
133.7835,11.5549,2867,0,0
133.8083,12.2602,3042,0,0
133.8331,11.6153,2882,0,0
133.8579,12.4214,3082,0,0
133.8827,12.8526,3189,0,0
133.9075,11.8531,2941,0,0
133.9323,12.8526,3189,0,0
133.9571,12.8526,3189,0,0
133.9819,11.3534,2817,0,0
134.0067,12.7559,3165,0,0
134.0315,10.7891,2677,0,0
134.0563,12.8446,3187,0,0
134.0811,12.0022,2978,0,0
134.1059,12.8204,3181,0,0
134.1307,12.7962,3175,0,0
134.1555,12.6028,3127,0,0
134.1803,12.3085,3054,0,0
134.2051,12.5020,3102,0,0
134.2299,12.7116,3154,0,0
134.2547,11.6677,2895,0,0
134.2795,12.7962,3175,0,0
134.3043,11.8410,2938,0,0
134.3291,12.2038,3028,6,0
134.3539,12.8526,3189,0,0
134.3788,12.8526,3189,0,0
134.4035,12.8526,3189,0,0
134.4284,12.8526,3189,0,0
134.4532,12.3166,3056,0,0
134.4780,12.3529,3065,0,0
134.5028,12.8526,3189,3,0
134.5276,12.8526,3189,0,0
134.5524,11.5952,2877,0,0
134.5772,12.6068,3128,0,0
134.6020,11.7443,2914,0,0
134.6268,11.7524,2916,0,0
134.6516,12.3771,3071,0,0
134.6764,12.2239,3033,0,0
134.7012,12.5423,3112,0,0
134.7260,12.7882,3173,0,0
134.7508,11.9861,2974,7,0
134.7756,12.6552,3140,0,0
134.8004,12.6350,3135,0,0
134.8252,10.9705,2722,0,0
134.8500,12.0506,2990,0,0
134.8748,12.0143,2981,0,0
134.8996,12.3690,3069,0,0
134.9244,11.4178,2833,0,0
134.9492,12.8526,3189,0,0
134.9740,12.8526,3189,0,0
134.9988,12.1997,3027,0,0
135.0236,12.8083,3178,0,0
135.0484,11.2365,2788,0,0
135.0732,12.8446,3187,0,0
135.0980,12.8526,3189,0,0
135.1228,12.8405,3186,0,0
135.1476,12.5705,3119,0,0
135.1724,12.0143,2981,0,0
135.1972,12.8204,3181,0,0
135.2220,12.8164,3180,0,0
135.2468,12.5987,3126,0,0
135.2716,11.9498,2965,0,0
135.2964,11.7645,2919,0,0
135.3212,12.8164,3180,0,0
135.3460,12.3569,3066,0,0
135.3708,12.2763,3046,0,0
135.3956,12.7116,3154,0,0
135.4204,12.5383,3111,79,0
135.4453,12.4295,3084,0,0
135.4700,11.7967,2927,0,0
135.4949,11.7121,2906,0,0
135.5197,12.8526,3189,0,0
135.5445,11.5831,2874,0,0
135.5693,12.5222,3107,0,0
135.5941,12.4093,3079,0,0
135.6189,10.8173,2684,0,0
135.6437,12.2038,3028,4,0
135.6685,11.9498,2965,15,0
135.6933,11.7362,2912,0,0
135.7181,12.1997,3027,0,0
135.7429,12.3972,3076,0,0
135.7677,12.7478,3163,0,0
135.7925,12.3206,3057,0,0
135.8173,11.9015,2953,0,0
135.8421,12.8526,3189,0,0
135.8669,12.7156,3155,0,0
135.8917,11.6516,2891,24,0
135.9165,11.7524,2916,0,0
135.9413,11.8249,2934,0,0
135.9661,11.3695,2821,0,0
135.9909,11.6395,2888,0,0
136.0157,12.8526,3189,0,0
136.0405,12.8526,3189,0,0
136.0653,11.4461,2840,0,0
136.0901,12.3206,3057,9,0
136.1149,11.2969,2803,0,0
136.1397,11.5871,2875,0,0
136.1645,12.0466,2989,0,0
136.1893,11.7282,2910,0,0
136.2141,11.5146,2857,0,0
136.2389,11.9700,2970,0,0
136.2637,11.5831,2874,0,0
136.2885,12.8526,3189,0,0
136.3133,12.8526,3189,0,0
136.3381,12.3126,3055,3,0
136.3629,12.4698,3094,0,0
136.3877,12.0587,2992,0,0
136.4125,12.0022,2978,0,0
136.4373,12.8526,3189,0,0
136.4621,12.8526,3189,0,0
136.4869,12.1393,3012,0,0
136.5117,11.5549,2867,0,0
136.5365,11.9458,2964,0,0
136.5614,12.6834,3147,9,0
136.5862,12.2521,3040,0,0
136.6110,12.5383,3111,0,0
136.6358,12.3166,3056,0,0
136.6606,12.8526,3189,0,0
136.6854,11.9458,2964,0,0
136.7102,10.9745,2723,0,0
136.7350,12.8164,3180,6,0
136.7598,12.3892,3074,0,0
136.7846,12.3771,3071,15,0
136.8094,11.1317,2762,6,0
136.8342,11.8088,2930,0,0
136.8590,12.7478,3163,0,0
136.8838,12.7801,3171,0,0
136.9086,11.3292,2811,0,0
136.9334,11.8652,2944,0,0
136.9582,11.2607,2794,0,0
136.9830,12.8526,3189,0,0
137.0078,12.7559,3165,0,0
137.0326,12.8526,3189,0,0
137.0574,11.8330,2936,0,0
137.0822,11.9821,2973,0,0
137.1070,12.7478,3163,0,0
137.1318,11.7443,2914,0,0
137.1566,10.9906,2727,0,0
137.1814,11.5549,2867,0,0
137.2062,12.6148,3130,0,0
137.2310,12.7358,3160,0,0
137.2558,11.7362,2912,0,0
137.2806,11.4259,2835,0,0
137.3054,12.8526,3189,0,0
137.3302,12.4859,3098,0,0
137.3550,12.7478,3163,0,0
137.3798,12.1151,3006,0,0
137.4046,12.8526,3189,0,0
137.4294,11.3010,2804,0,0
137.4542,12.8526,3189,0,0
137.4790,12.7156,3155,0,0
137.5038,12.6874,3148,0,0
137.5286,12.5101,3104,10,0
137.5534,12.8526,3189,0,0
137.5782,12.1030,3003,0,0
137.6030,12.8526,3189,0,0
137.6279,11.8612,2943,0,0
137.6526,12.8526,3189,0,0
137.6775,12.0909,3000,0,0
137.7023,12.8526,3189,0,0
137.7271,12.6350,3135,0,0
137.7519,12.1393,3012,0,0
137.7767,12.1715,3020,0,0
137.8015,12.8526,3189,0,0
137.8263,11.4662,2845,0,0
137.8511,12.0587,2992,0,0
137.8759,12.4496,3089,0,0
137.9007,12.8526,3189,0,0
137.9255,12.8526,3189,0,0
137.9503,12.2481,3039,0,0
137.9751,12.7358,3160,0,0
137.9999,12.5383,3111,0,0
138.0247,12.8526,3189,0,0
138.0495,12.1876,3024,9,0
138.0743,11.5952,2877,0,0
138.0991,11.7524,2916,0,0
138.1239,12.6672,3143,0,0
138.1487,12.0949,3001,0,0
138.1735,12.8526,3189,0,0
138.1983,11.7645,2919,0,0
138.2231,12.8526,3189,0,0
138.2479,12.6269,3133,0,0
138.2727,12.4859,3098,0,0
138.2975,12.0264,2984,0,0
138.3223,12.1030,3003,0,0
138.3471,11.6879,2900,0,0
138.3719,12.2360,3036,0,0
138.3967,12.5544,3115,0,0
138.4215,11.8612,2943,0,0
138.4463,12.8526,3189,0,0
138.4711,12.8526,3189,0,0
138.4959,12.1594,3017,0,0
138.5207,11.1156,2758,0,0
138.5455,12.8526,3189,0,0
138.5703,11.7886,2925,0,0
138.5951,11.1922,2777,0,0
138.6199,12.4859,3098,0,0
138.6447,12.8526,3189,0,0
138.6695,12.0909,3000,0,0
138.6944,12.8526,3189,0,0
138.7191,12.5544,3115,0,0
138.7440,11.4985,2853,0,0
138.7688,12.8526,3189,0,0
138.7935,12.1594,3017,0,0
138.8184,11.6395,2888,0,0
138.8432,11.6637,2894,0,0
138.8680,12.8526,3189,0,0
138.8928,12.7680,3168,0,0
138.9176,11.1156,2758,0,0
138.9424,11.9378,2962,0,0
138.9672,11.2123,2782,0,0
138.9920,12.8526,3189,0,0
139.0168,11.7443,2914,0,0
139.0416,11.5146,2857,0,0
139.0664,12.8526,3189,7,0
139.0912,12.3327,3060,0,0
139.1160,11.6758,2897,0,0
139.1408,12.8526,3189,0,0
139.1656,11.6476,2890,0,0
139.1904,12.8526,3189,0,0
139.2152,11.8209,2933,0,0
139.2400,10.0193,2486,0,0
139.2648,11.6798,2898,0,0
139.2896,12.7640,3167,0,0
139.3144,12.4617,3092,0,0
139.3392,12.7559,3165,20,0
139.3640,12.6390,3136,0,0
139.3888,12.8526,3189,0,0
139.4136,12.4174,3081,0,0
139.4384,12.8486,3188,0,0
139.4632,12.3771,3071,0,0
139.4880,12.8526,3189,0,0
139.5128,12.7882,3173,0,0
139.5376,11.8854,2949,0,0
139.5624,12.8043,3177,0,0
139.5872,12.1514,3015,5,0
139.6120,12.8526,3189,0,0
139.6368,12.8526,3189,0,0
139.6616,12.8526,3189,0,0
139.6864,12.8526,3189,0,0
139.7112,12.6955,3150,0,0
139.7360,12.2682,3044,0,0
139.7608,11.9700,2970,0,0
139.7856,12.7922,3174,0,0
139.8105,12.8526,3189,0,0
139.8353,11.7121,2906,0,0
139.8600,12.2481,3039,0,0
139.8849,12.1232,3008,0,0
139.9097,12.8526,3189,0,0
139.9345,12.6672,3143,0,0
139.9593,12.0264,2984,0,0
139.9841,12.0949,3001,4,0
140.0089,10.8979,2704,0,0
140.0337,11.4299,2836,0,0
140.0585,11.8249,2934,0,0
140.0833,11.7282,2910,0,0
140.1081,12.7358,3160,0,0
140.1329,12.3166,3056,0,0
140.1577,12.6874,3148,0,0
140.1825,12.8526,3189,0,0
140.2073,11.9821,2973,0,0
140.2321,12.8526,3189,0,0
140.2569,11.5508,2866,0,0
140.2817,11.3050,2805,0,0
140.3065,12.4415,3087,0,0
140.3313,12.8526,3189,0,0
140.3561,12.2521,3040,0,0
140.3809,11.9700,2970,0,0
140.4057,11.9498,2965,0,0
140.4305,11.6919,2901,0,0
140.4553,12.8486,3188,0,0
140.4801,12.1232,3008,17,0
140.5049,12.6028,3127,0,0
140.5297,12.0143,2981,0,0
140.5545,12.7882,3173,0,0
140.5793,12.0305,2985,0,0
140.6041,12.8526,3189,0,0
140.6289,12.3166,3056,4,0
140.6537,11.9095,2955,0,0
140.6785,12.4738,3095,0,0
140.7033,12.8526,3189,0,0
140.7281,12.6269,3133,0,0
140.7529,12.7720,3169,0,0
140.7777,12.6310,3134,0,0
140.8025,10.8617,2695,0,0
140.8273,12.7559,3165,0,0
140.8521,12.2521,3040,0,0
140.8770,12.1232,3008,0,0
140.9017,11.8652,2944,0,0
140.9265,12.8526,3189,0,0
140.9514,11.8934,2951,0,0
140.9762,12.0506,2990,0,0
141.0010,12.2239,3033,0,0
141.0258,12.8526,3189,0,0
141.0506,12.3811,3072,0,0
141.0754,12.8526,3189,0,0
141.1002,12.1232,3008,0,0
141.1250,12.7196,3156,0,0
141.1498,11.7040,2904,0,0
141.1746,12.0425,2988,0,0
141.1994,12.8526,3189,0,0
141.2242,11.1317,2762,0,0
141.2490,12.7801,3171,0,0
141.2738,12.8526,3189,0,0
141.2986,12.4496,3089,0,0
141.3234,11.6395,2888,0,0
141.3482,11.4783,2848,0,0
141.3730,11.5952,2877,0,0
141.3978,12.8526,3189,0,0
141.4226,11.9418,2963,0,0
141.4474,11.4461,2840,0,0
141.4722,12.5383,3111,0,0
141.4970,12.8526,3189,0,0
141.5218,12.3851,3073,0,0
141.5466,12.8526,3189,0,0
141.5714,12.6148,3130,0,0
141.5962,11.8975,2952,0,0
141.6210,11.6395,2888,0,0
141.6458,12.7801,3171,0,0
141.6706,11.4541,2842,0,0
141.6954,12.3488,3064,0,0
141.7202,12.0143,2981,0,0
141.7450,11.8612,2943,0,0
141.7698,12.3892,3074,0,0
141.7946,11.2123,2782,0,0
141.8194,12.1796,3022,0,0
141.8442,11.1922,2777,0,0
141.8690,12.8526,3189,0,0
141.8938,12.1514,3015,0,0
141.9186,11.5912,2876,0,0
141.9435,11.1720,2772,0,0
141.9682,10.8375,2689,1,0
141.9930,12.7116,3154,0,0
142.0179,12.8526,3189,1,0
142.0426,12.8526,3189,0,0
142.0675,11.4582,2843,0,0
142.0923,11.5428,2864,0,0
142.1171,12.1514,3015,4,0
142.1419,12.8526,3189,0,0
142.1667,11.7443,2914,0,0
142.1915,12.2481,3039,0,0
142.2163,11.1156,2758,0,0
142.2411,11.6637,2894,1,0
142.2659,11.1599,2769,0,0
142.2907,11.8894,2950,0,0
142.3155,12.8526,3189,0,0
142.3403,12.0909,3000,0,0
142.3651,10.1040,2507,0,0
142.3899,11.7967,2927,0,0
142.4147,11.9539,2966,0,0
142.4395,12.3005,3052,0,0
142.4643,11.0914,2752,0,0
142.4891,12.5181,3106,0,0
142.5139,12.5141,3105,0,0
142.5387,12.3811,3072,0,0
142.5635,12.8526,3189,4,0
142.5883,12.3408,3062,0,0
142.6131,11.7806,2923,0,0
142.6379,12.5947,3125,0,0
142.6627,12.8526,3189,0,0
142.6875,12.8526,3189,0,0
142.7123,12.0506,2990,0,0
142.7371,11.9700,2970,0,0
142.7619,12.4133,3080,0,0
142.7867,12.4496,3089,0,0
142.8115,11.9861,2974,0,0
142.8363,11.4017,2829,0,0
142.8611,12.8526,3189,0,0
142.8859,11.8410,2938,0,0
142.9107,12.8526,3189,0,0
142.9355,10.7730,2673,0,0
142.9603,12.8526,3189,0,0
142.9851,12.8526,3189,0,0
143.0099,12.2924,3050,0,0
143.0347,12.8526,3189,0,0
143.0595,10.9785,2724,0,0
143.0844,11.6758,2897,0,0
143.1091,12.7277,3158,0,0
143.1340,12.7116,3154,13,0
143.1588,12.5544,3115,0,0
143.1836,11.9821,2973,0,0
143.2084,12.2682,3044,38,0
143.2332,12.3206,3057,0,0
143.2580,12.1594,3017,0,0
143.2828,12.7640,3167,0,0
143.3076,12.2279,3034,0,0
143.3324,11.1639,2770,0,0
143.3572,12.4053,3078,0,0
143.3820,12.8526,3189,0,0
143.4068,11.3775,2823,6,0
143.4316,11.7322,2911,0,0
143.4564,11.5105,2856,0,0
143.4812,11.8209,2933,0,0
143.5060,12.8526,3189,0,0
143.5308,11.6274,2885,1,0
143.5556,12.6310,3134,0,0
143.5804,10.8375,2689,4,0
143.6052,12.8526,3189,0,0
143.6300,11.3856,2825,0,0
143.6548,11.7322,2911,0,0
143.6796,12.3851,3073,1,0
143.7044,12.5383,3111,0,0
143.7292,12.4899,3099,0,0
143.7540,11.9660,2969,0,0
143.7788,12.5786,3121,0,0
143.8036,11.3977,2828,0,0
143.8284,11.8451,2939,0,0
143.8532,12.1232,3008,0,0
143.8780,11.7886,2925,0,0
143.9028,12.0546,2991,0,0
143.9276,11.1922,2777,0,0
143.9524,12.6148,3130,0,0
143.9772,12.7801,3171,0,0
144.0020,11.3131,2807,0,0
144.0268,12.2360,3036,0,0
144.0516,12.8526,3189,0,0
144.0764,12.3690,3069,0,0
144.1012,12.7156,3155,0,0
144.1260,12.8526,3189,0,0
144.1508,12.0909,3000,0,0
144.1756,11.6919,2901,0,0
144.2005,10.9705,2722,0,0
144.2253,11.1478,2766,0,0
144.2501,11.6718,2896,0,0
144.2749,12.8526,3189,0,0
144.2997,12.0788,2997,0,0
144.3245,12.7358,3160,0,0
144.3493,12.3287,3059,0,0
144.3741,12.6431,3137,0,0
144.3989,11.7362,2912,0,0
144.4237,12.7478,3163,0,0
144.4485,11.8048,2929,6,0
144.4733,11.7282,2910,0,0
144.4981,12.1594,3017,0,0
144.5229,11.8209,2933,0,0
144.5477,12.8526,3189,0,0
144.5725,12.3327,3060,0,0
144.5973,12.4012,3077,7,0
144.6221,11.3050,2805,0,0
144.6469,12.7116,3154,0,0
144.6717,12.2158,3031,0,0
144.6965,11.9337,2961,0,0
144.7213,11.5388,2863,0,0
144.7461,11.7201,2908,0,0
144.7709,12.2521,3040,0,0
144.7957,12.5584,3116,0,0
144.8205,12.8526,3189,0,0
144.8453,12.7720,3169,0,0
144.8701,12.6350,3135,0,0
144.8949,12.0022,2978,0,0
144.9197,10.9785,2724,0,0
144.9445,11.8048,2929,0,0
144.9693,11.7645,2919,0,0
144.9941,12.5383,3111,0,0
145.0189,11.6919,2901,0,0
145.0437,11.8934,2951,0,0
145.0685,11.5912,2876,0,0
145.0933,11.9378,2962,4,0
145.1181,11.5549,2867,0,0
145.1429,12.8526,3189,0,0
145.1677,12.8526,3189,0,0
145.1926,12.7358,3160,0,0
145.2173,12.1393,3012,0,0
145.2421,12.8285,3183,0,0
145.2670,12.8526,3189,0,0
145.2917,11.9055,2954,0,0
145.3166,12.7962,3175,0,0
145.3414,12.8526,3189,0,0
145.3662,12.6189,3131,0,0
145.3910,12.4496,3089,0,0
145.4158,12.5020,3102,0,0
145.4406,12.2682,3044,0,0
145.4654,12.6068,3128,2,0
145.4902,12.3247,3058,0,0
145.5150,12.8526,3189,0,0
145.5398,12.0143,2981,0,0
145.5646,12.4496,3089,0,0
145.5894,11.4219,2834,1,0
145.6142,12.5383,3111,0,0
145.6390,12.7196,3156,0,0
145.6638,12.6632,3142,0,0
145.6886,12.2158,3031,0,0
145.7134,11.4178,2833,0,0
145.7382,12.2682,3044,0,0
145.7630,12.5141,3105,0,0
145.7878,11.6637,2894,0,0
145.8126,11.5428,2864,0,0
145.8374,12.8526,3189,0,0
145.8622,12.8526,3189,6,0
145.8870,11.7242,2909,0,0
145.9118,12.1352,3011,0,0
145.9366,12.8526,3189,0,0
145.9614,12.8526,3189,0,0
145.9862,12.8526,3189,0,0
146.0110,11.6677,2895,0,0
146.0358,12.7922,3174,10,0
146.0606,12.8526,3189,0,0
146.0854,12.2521,3040,0,0
146.1102,11.6718,2896,0,0
146.1350,11.8692,2945,0,0
146.1598,12.8325,3184,0,0
146.1846,12.8405,3186,7,0
146.2094,11.4058,2830,0,0
146.2342,11.9982,2977,0,0
146.2590,12.7156,3155,0,0
146.2838,11.7242,2909,0,0
146.3086,12.0305,2985,0,0
146.3335,11.1478,2766,0,0
146.3582,12.4214,3082,0,0
146.3831,11.7806,2923,0,0
146.4079,12.8526,3189,0,0
146.4327,10.9906,2727,0,0
146.4575,12.8526,3189,0,0
146.4823,12.0909,3000,0,0
146.5071,11.1236,2760,0,0
146.5319,12.4496,3089,0,0
146.5567,12.8526,3189,0,0
146.5815,11.7645,2919,0,0
146.6063,12.4496,3089,0,0
146.6311,12.1796,3022,0,0
146.6559,11.9498,2965,0,0
146.6807,12.2038,3028,0,0
146.7055,11.9700,2970,0,0
146.7303,12.8526,3189,0,0
146.7551,12.4859,3098,0,0
146.7799,10.1604,2521,0,0
146.8047,12.7438,3162,0,0
146.8295,11.9095,2955,0,0
146.8543,12.7075,3153,0,0
146.8791,12.4133,3080,0,0
146.9039,12.5987,3126,0,0
146.9287,12.1594,3017,0,0
146.9535,12.7962,3175,0,0
146.9783,11.7524,2916,0,0
147.0031,12.4375,3086,0,0
147.0279,12.1997,3027,0,0
147.0527,12.8526,3189,0,0
147.0775,12.1151,3006,0,0
147.1023,12.0466,2989,9,0
147.1271,12.4980,3101,0,0
147.1519,11.4985,2853,0,0
147.1767,12.6753,3145,0,0
147.2015,12.1030,3003,0,0
147.2263,12.8526,3189,0,0
147.2511,12.6108,3129,0,0
147.2759,12.8526,3189,0,0
147.3007,12.3126,3055,87,0
147.3255,11.0188,2734,0,0
147.3503,11.0712,2747,0,0
147.3751,12.8526,3189,0,0
147.3999,12.8526,3189,0,0
147.4247,11.7524,2916,0,0
147.4496,12.8526,3189,0,0
147.4743,12.5020,3102,0,0
147.4992,12.8526,3189,0,0
147.5240,11.2123,2782,0,0
147.5488,12.8526,3189,0,0
147.5736,12.4738,3095,0,0
147.5984,11.5912,2876,14,0
147.6232,12.8526,3189,0,0
147.6480,12.7116,3154,0,0
147.6728,12.8526,3189,0,0
147.6976,12.3247,3058,0,0
147.7224,12.1352,3011,0,0
147.7472,10.9100,2707,0,0
147.7720,12.4214,3082,2,0
147.7968,12.8526,3189,0,0
147.8216,12.5222,3107,0,0
147.8464,12.8526,3189,0,0
147.8712,10.9100,2707,0,0
147.8960,12.3408,3062,0,0
147.9208,12.4375,3086,0,0
147.9456,12.8526,3189,0,0
147.9704,12.7156,3155,0,0
147.9952,12.8526,3189,0,0
148.0200,10.9947,2728,0,0
148.0448,12.8526,3189,0,0
148.0696,12.8526,3189,0,0
148.0944,12.6431,3137,0,0
148.1192,12.8526,3189,0,0
148.1440,12.8526,3189,0,0
148.1688,11.2365,2788,0,0
148.1936,11.6838,2899,0,0
148.2184,12.8526,3189,0,0
148.2432,11.8652,2944,0,0
148.2680,11.9418,2963,0,0
148.2928,12.8526,3189,0,0
148.3176,12.3932,3075,0,0
148.3424,12.6269,3133,0,0
148.3672,12.8526,3189,0,0
148.3920,12.8526,3189,0,0
148.4168,12.5101,3104,0,0
148.4416,12.8526,3189,6,0
148.4664,11.9176,2957,0,0
148.4912,12.3488,3064,0,0
148.5161,11.8572,2942,0,0
148.5408,12.4174,3081,0,0
148.5657,11.9498,2965,0,0
148.5905,11.3211,2809,0,0
148.6153,12.8526,3189,14,0
148.6401,11.9337,2961,4,0
148.6649,11.3574,2818,0,0
148.6897,11.0712,2747,0,0
148.7145,12.4899,3099,6,0
148.7393,11.6032,2879,0,0
148.7641,11.8612,2943,0,0
148.7889,12.8526,3189,0,0
148.8137,11.3775,2823,0,0
148.8385,10.9705,2722,0,0
148.8633,12.8526,3189,0,0
148.8881,12.5423,3112,0,0
148.9129,12.8526,3189,0,0
148.9377,12.2199,3032,0,0
148.9625,11.8330,2936,0,0
148.9873,12.3529,3065,0,0
149.0121,12.8526,3189,0,0
149.0369,12.4415,3087,0,0
149.0617,10.9463,2716,0,0
149.0865,12.8526,3189,0,0
149.1113,12.1473,3014,0,0
149.1361,11.8249,2934,0,0
149.1609,12.3247,3058,0,0
149.1857,11.7443,2914,0,0
149.2105,12.8123,3179,4,0
149.2353,12.5020,3102,0,0
149.2601,12.1070,3004,0,0
149.2849,11.7604,2918,22,0
149.3097,12.1796,3022,9,0
149.3345,12.8526,3189,9,0
149.3593,11.9095,2955,0,0
149.3841,12.5584,3116,0,0
149.4089,10.9584,2719,0,0
149.4337,12.4738,3095,0,0
149.4585,11.6919,2901,0,0
149.4833,12.8526,3189,0,0
149.5081,11.9942,2976,0,0
149.5329,12.4657,3093,0,0
149.5577,12.8526,3189,0,0
149.5826,12.7962,3175,0,0
149.6073,12.8526,3189,192,0
149.6322,12.8083,3178,0,0
149.6570,12.3045,3053,0,0
149.6818,12.8526,3189,0,0
149.7066,12.6350,3135,0,0
149.7314,12.8526,3189,0,0
149.7562,12.3206,3057,0,0
149.7810,11.2365,2788,0,0
149.8058,12.7801,3171,0,0
149.8306,11.8692,2945,0,0
149.8554,12.2320,3035,0,0
149.8802,12.2199,3032,0,0
149.9050,12.1796,3022,0,0
149.9298,12.7317,3159,0,0
149.9546,11.8813,2948,0,0
149.9794,12.4496,3089,0,0
150.0042,11.0914,2752,0,0
150.0290,11.1438,2765,0,0
150.0538,12.8526,3189,4,0
150.0786,12.2844,3048,0,0
150.1034,11.9055,2954,0,0
150.1282,12.5020,3102,0,0
150.1530,12.7962,3175,0,0
150.1778,12.3690,3069,0,0
150.2026,11.8088,2930,0,0
150.2274,12.4335,3085,0,0
150.2522,11.8612,2943,3,0
150.2770,11.8934,2951,0,0
150.3018,12.8365,3185,0,0
150.3266,12.1796,3022,0,0
150.3514,11.7242,2909,0,0
150.3762,11.7564,2917,5,0
150.4010,11.2123,2782,0,0
150.4258,12.4295,3084,15,0
150.4506,12.8526,3189,5,0
150.4754,12.1594,3017,0,0
150.5002,11.7242,2909,0,0
150.5250,12.2481,3039,0,0
150.5498,11.6758,2897,0,0
150.5746,12.3085,3054,0,0
150.5994,12.5544,3115,0,0
150.6242,11.7725,2921,0,0
150.6490,12.2038,3028,0,0
150.6738,12.8526,3189,0,0
150.6987,12.6914,3149,0,0
150.7234,12.8526,3189,0,0
150.7483,12.8526,3189,0,0
150.7731,12.8526,3189,15,0
150.7979,11.7806,2923,0,0
150.8227,12.3609,3067,0,0
150.8475,12.8526,3189,0,0
150.8723,12.7237,3157,0,0
150.8971,12.3851,3073,0,0
150.9219,12.0909,3000,0,0
150.9467,11.6637,2894,0,0
150.9715,11.8934,2951,0,0
150.9963,12.6350,3135,0,0
151.0211,11.7040,2904,0,0
151.0459,12.8526,3189,111,0
151.0707,12.8526,3189,0,0
151.0955,11.8289,2935,0,0
151.1203,12.8526,3189,0,0
151.1451,11.6516,2891,0,0
151.1699,12.8526,3189,0,0
151.1947,12.7438,3162,10,0
151.2195,12.6874,3148,0,0
151.2443,12.8526,3189,0,0
151.2691,12.6148,3130,21,0
151.2939,12.8526,3189,0,0
151.3187,12.0546,2991,0,0
151.3435,12.8526,3189,0,0
151.3683,12.8526,3189,0,0
151.3931,11.0914,2752,0,0
151.4179,12.8526,3189,15,0
151.4427,11.3372,2813,0,0
151.4675,12.6955,3150,0,0
151.4923,12.8526,3189,0,0
151.5171,11.5549,2867,0,0
151.5419,12.0546,2991,0,0
151.5667,10.9665,2721,3,0
151.5915,12.8526,3189,0,0
151.6163,12.6874,3148,0,0
151.6411,12.6068,3128,0,0
151.6659,12.8526,3189,10,0
151.6907,11.9337,2961,0,0
151.7155,12.1070,3004,0,0
151.7403,12.0022,2978,0,0
151.7652,11.4461,2840,0,0
151.7899,12.0466,2989,0,0
151.8148,12.3488,3064,0,0
151.8396,12.3488,3064,7,0
151.8643,12.0909,3000,0,0
151.8892,11.8572,2942,0,0
151.9140,12.3690,3069,0,0
151.9388,12.4415,3087,0,0
151.9636,12.0143,2981,0,0
151.9884,12.1030,3003,0,0
152.0132,12.4053,3078,0,0
152.0380,12.0949,3001,0,0
152.0628,11.7645,2919,4,0
152.0876,12.8526,3189,0,0
152.1124,11.1599,2769,0,0
152.1372,11.1801,2774,0,0
152.1620,12.7317,3159,0,0
152.1868,12.0708,2995,17,0
152.2116,12.0627,2993,0,0
152.2364,11.8088,2930,0,0
152.2612,12.3247,3058,0,0
152.2860,11.7121,2906,0,0
152.3108,12.3126,3055,0,0
152.3356,12.3287,3059,0,0
152.3604,11.6919,2901,0,0
152.3852,12.6068,3128,0,0
152.4100,12.4174,3081,0,0
152.4348,12.5020,3102,0,0
152.4596,12.2521,3040,0,0
152.4844,12.4012,3077,0,0
152.5092,10.9423,2715,0,0
152.5340,12.7438,3162,0,0
152.5588,11.8330,2936,7,0
152.5836,12.5947,3125,0,0
152.6084,12.6552,3140,0,0
152.6332,11.8854,2949,0,0
152.6580,12.2521,3040,0,0
152.6828,12.1997,3027,0,0
152.7076,12.8526,3189,0,0
152.7324,11.9176,2957,0,0
152.7572,11.7967,2927,0,0
152.7820,11.8652,2944,0,0
152.8068,11.5428,2864,0,0
152.8316,12.1070,3004,0,0
152.8564,11.6758,2897,7,0
152.8813,11.8531,2941,0,0
152.9061,11.5226,2859,0,0
152.9308,12.8526,3189,0,0
152.9557,11.0592,2744,0,0
152.9805,12.2038,3028,0,0
153.0053,12.3327,3060,5,0
153.0301,12.8526,3189,0,0
153.0549,12.8526,3189,4,0
153.0797,12.8526,3189,0,0
153.1045,11.5871,2875,0,0
153.1293,11.7242,2909,0,0
153.1541,12.8244,3182,0,0
153.1789,11.3050,2805,0,0
153.2037,12.2239,3033,0,0
153.2285,12.0909,3000,0,0
153.2533,11.8692,2945,0,0
153.2781,12.8526,3189,0,0
153.3029,12.1997,3027,0,0
153.3277,12.8325,3184,0,0
153.3525,12.8526,3189,2,0
153.3773,11.7524,2916,0,0
153.4021,11.6476,2890,0,0
153.4269,11.7040,2904,0,0
153.4517,12.2602,3042,0,0
153.4765,12.8526,3189,0,0
153.5013,12.8526,3189,0,0
153.5261,12.8526,3189,0,0
153.5509,12.8526,3189,0,0
153.5757,11.1922,2777,0,0
153.6005,12.8526,3189,0,0
153.6253,11.8249,2934,0,0
153.6501,12.8526,3189,0,0
153.6749,11.5226,2859,0,0
153.6997,12.8526,3189,0,0
153.7245,12.2682,3044,0,0
153.7493,12.8526,3189,0,0
153.7741,11.8612,2943,0,0
153.7989,11.6395,2888,0,0
153.8237,12.8526,3189,0,0
153.8485,11.1196,2759,6,0
153.8733,11.7040,2904,0,0
153.8981,12.1393,3012,0,0
153.9229,12.8526,3189,0,0
153.9478,12.0143,2981,0,0
153.9725,11.3937,2827,0,0
153.9973,11.7201,2908,0,0
154.0222,12.8526,3189,0,0
154.0470,12.5342,3110,23,0
154.0718,12.4698,3094,0,0
154.0966,12.6431,3137,0,0
154.1214,12.8526,3189,7,0
154.1462,12.8526,3189,0,0
154.1710,12.5544,3115,1,0
154.1958,11.7886,2925,0,0
154.2206,12.0022,2978,0,0
154.2454,11.6718,2896,0,0
154.2702,12.0022,2978,0,0
154.2950,11.8854,2949,0,0
154.3198,12.8526,3189,26,0
154.3446,11.8612,2943,0,0
154.3694,12.0546,2991,0,0
154.3942,12.3529,3065,0,0
154.4190,11.3816,2824,0,0
154.4438,12.7559,3165,0,0
154.4686,11.1317,2762,0,0
154.4934,12.4859,3098,0,0
154.5182,11.5146,2857,0,0
154.5430,12.2924,3050,0,0
154.5678,12.8526,3189,0,0
154.5926,11.8249,2934,0,0
154.6174,11.5025,2854,0,0
154.6422,12.0546,2991,0,0
154.6670,12.0506,2990,0,0
154.6918,11.4702,2846,0,0
154.7166,12.2602,3042,0,0
154.7414,12.8526,3189,11,0
154.7662,12.8526,3189,6,0
154.7910,12.8526,3189,0,0
154.8158,12.8526,3189,4,0
154.8406,12.8526,3189,0,0
154.8654,12.8526,3189,0,0
154.8902,12.7237,3157,0,0
154.9150,12.5262,3108,0,0
154.9398,12.8526,3189,0,0
154.9646,12.8526,3189,0,0
154.9894,11.8531,2941,0,0
155.0143,12.8526,3189,0,0
155.0390,11.7362,2912,0,0
155.0638,12.8526,3189,0,0
155.0887,12.8526,3189,0,0
155.1134,11.1841,2775,0,0
155.1383,12.5987,3126,0,0
155.1631,12.1232,3008,0,0
155.1879,12.4375,3086,0,0
155.2127,11.8209,2933,0,0
155.2375,12.8526,3189,0,0
155.2623,12.1997,3027,11,0
155.2871,12.8526,3189,0,0
155.3119,12.8526,3189,0,0
155.3367,12.8526,3189,0,0
155.3615,12.8526,3189,0,0
155.3863,12.5222,3107,0,0
155.4111,12.8204,3181,0,0
155.4359,12.8526,3189,2,0
155.4607,12.6955,3150,0,0
155.4855,11.5428,2864,24,0
155.5103,11.6476,2890,0,0
155.5351,11.4904,2851,0,0
155.5599,12.1030,3003,0,0
155.5847,12.7075,3153,0,0
155.6095,12.4214,3082,0,0
155.6343,11.7967,2927,0,0
155.6591,12.0748,2996,0,0
155.6839,12.8526,3189,0,0
155.7087,11.9700,2970,0,0
155.7335,11.5428,2864,0,0
155.7583,12.4214,3082,0,0
155.7831,11.5146,2857,0,0
155.8079,12.8526,3189,0,0
155.8327,11.8612,2943,0,0
155.8575,11.5226,2859,0,0
155.8823,11.6758,2897,0,0
155.9071,12.5020,3102,0,0
155.9319,11.6274,2885,0,0
155.9567,12.0466,2989,0,0
155.9815,12.0506,2990,0,0
156.0063,11.6395,2888,0,0
156.0311,11.7040,2904,0,0
156.0559,12.8526,3189,0,0
156.0807,12.8526,3189,0,0
156.1055,12.0627,2993,0,0
156.1304,12.5181,3106,0,0
156.1552,11.7322,2911,0,0
156.1799,12.8526,3189,0,0
156.2048,12.8526,3189,0,0
156.2296,11.9942,2976,0,0
156.2544,12.8526,3189,0,0
156.2792,12.2844,3048,0,0
156.3040,12.5222,3107,0,0
156.3288,11.3372,2813,7,0
156.3536,12.2844,3048,0,0
156.3784,11.9498,2965,0,0
156.4032,11.7886,2925,0,0
156.4280,11.9095,2955,0,0
156.4528,12.3287,3059,11,0
156.4776,12.0143,2981,0,0
156.5024,12.5101,3104,0,0
156.5272,11.9619,2968,0,0
156.5520,12.2239,3033,2,0
156.5768,12.8526,3189,0,0
156.6016,12.8526,3189,0,0
156.6264,11.3292,2811,0,0
156.6512,12.8526,3189,0,0
156.6760,11.7000,2903,0,0
156.7008,11.3574,2818,0,0
156.7256,12.1514,3015,9,0
156.7504,12.8526,3189,0,0
156.7752,12.1352,3011,0,0
156.8000,11.1760,2773,0,0
156.8248,12.8526,3189,0,0
156.8496,11.8209,2933,2,0
156.8744,11.8330,2936,0,0
156.8992,12.8526,3189,6,0
156.9240,11.6959,2902,0,0
156.9488,12.8526,3189,0,0
156.9736,12.1030,3003,0,0
156.9984,12.1715,3020,0,0
157.0232,11.9337,2961,0,0
157.0480,11.8692,2945,0,0
157.0728,11.5549,2867,0,0
157.0976,11.8813,2948,0,0
157.1224,12.7116,3154,0,0
157.1472,12.8526,3189,11,0
157.1720,12.3206,3057,0,0
157.1969,11.7645,2919,0,0
157.2216,12.8526,3189,0,0
157.2464,12.8526,3189,1,0
157.2713,12.8526,3189,39,0
157.2961,12.3206,3057,0,0
157.3209,12.8526,3189,0,0
157.3457,12.0788,2997,0,0
157.3705,11.8652,2944,0,0
157.3953,12.8526,3189,0,0
157.4201,12.0143,2981,0,0
157.4449,12.0909,3000,0,0
157.4697,12.3247,3058,0,0
157.4945,10.8818,2700,0,0
157.5193,12.0143,2981,0,0
157.5441,12.4375,3086,0,0
157.5689,12.3045,3053,0,0
157.5937,12.3247,3058,6,0
157.6185,12.1796,3022,0,0
157.6433,12.4536,3090,0,0
157.6681,11.8813,2948,0,0
157.6929,11.4864,2850,0,0
157.7177,12.8526,3189,0,0
157.7425,12.0466,2989,0,0
157.7673,12.8526,3189,0,0
157.7921,12.1514,3015,0,0
157.8169,12.5101,3104,0,0
157.8417,12.8526,3189,0,0
157.8665,12.8526,3189,2,0
157.8913,12.8526,3189,0,0
157.9161,12.8526,3189,2,0
157.9409,11.7524,2916,0,0
157.9657,12.8164,3180,0,0
157.9905,11.4904,2851,0,0
158.0153,12.1393,3012,0,0
158.0401,11.1599,2769,0,0
158.0649,12.3166,3056,0,0
158.0897,12.3488,3064,0,0
158.1145,12.7801,3171,0,0
158.1393,11.9861,2974,0,0
158.1641,11.9498,2965,0,0
158.1889,11.3735,2822,0,0
158.2137,11.0672,2746,0,0
158.2385,12.8526,3189,0,0
158.2634,12.8164,3180,0,0
158.2881,12.0949,3001,6,0
158.3129,12.7882,3173,0,0
158.3378,11.9095,2955,0,0
158.3625,12.8526,3189,0,0
158.3874,11.5549,2867,0,0
158.4122,11.9418,2963,0,0
158.4370,11.2123,2782,0,0
158.4618,12.0748,2996,0,0
158.4866,12.7478,3163,0,0
158.5114,11.7483,2915,0,0
158.5362,12.8526,3189,0,0
158.5610,10.9342,2713,0,0
158.5858,10.6118,2633,0,0
158.6106,12.5101,3104,0,0
158.6354,12.3287,3059,0,0
158.6602,10.8214,2685,0,0
158.6850,11.6032,2879,0,0
158.7098,12.8526,3189,0,0
158.7346,12.2360,3036,0,0
158.7594,11.9498,2965,0,0
158.7842,12.2682,3044,0,0
158.8090,12.1796,3022,0,0
158.8338,12.7478,3163,0,0
158.8586,11.1599,2769,0,0
158.8834,12.8526,3189,0,0
158.9082,12.8446,3187,0,0
158.9330,12.8526,3189,0,0
158.9578,11.7725,2921,0,0
158.9826,12.1070,3004,0,0
159.0074,12.1997,3027,0,0
159.0322,12.5141,3105,0,0
159.0570,12.7841,3172,0,0
159.0818,12.3609,3067,2,0
159.1066,11.6798,2898,0,0
159.1314,12.8526,3189,0,0
159.1562,12.5705,3119,0,0
159.1810,12.8244,3182,0,0
159.2058,12.8526,3189,4,0
159.2306,12.1715,3020,0,0
159.2554,12.5020,3102,0,0
159.2802,12.1997,3027,0,0
159.3050,12.2199,3032,0,0
159.3298,12.2803,3047,0,0
159.3546,12.7720,3169,0,0
159.3794,12.5222,3107,0,0
159.4043,11.2566,2793,0,0
159.4290,12.8526,3189,0,0
159.4539,12.8526,3189,0,0
159.4787,12.6068,3128,0,0
159.5035,12.8204,3181,0,0
159.5283,12.6672,3143,0,0
159.5531,12.8526,3189,0,0
159.5779,12.8526,3189,0,0
159.6027,12.3448,3063,0,0
159.6275,12.8526,3189,0,0
159.6523,12.8123,3179,11,0
159.6771,11.7242,2909,0,0
159.7019,12.6310,3134,2,0
159.7267,12.8526,3189,28,0
159.7515,12.4174,3081,0,0
159.7763,12.8526,3189,0,0
159.8011,11.2365,2788,0,0
159.8259,11.3534,2817,0,0
159.8507,11.3816,2824,0,0
159.8755,12.6955,3150,0,0
159.9003,11.6597,2893,0,0
159.9251,12.8526,3189,0,0
159.9499,11.3735,2822,0,0
159.9747,12.8526,3189,0,0
159.9995,12.8526,3189,0,0
160.0243,12.8526,3189,0,0
160.0491,12.8526,3189,0,0
160.0739,12.6834,3147,0,0
160.0987,12.8526,3189,0,0
160.1235,12.8526,3189,87,0
160.1483,11.5226,2859,0,0
160.1731,12.5020,3102,0,0
160.1979,11.6395,2888,0,0
160.2227,12.8526,3189,0,0
160.2475,12.8526,3189,0,0
160.2723,12.2360,3036,0,0
160.2971,11.9700,2970,0,0
160.3219,11.1841,2775,0,0
160.3467,12.0143,2981,0,0
160.3715,12.8526,3189,0,0
160.3963,12.5987,3126,0,0
160.4211,12.6189,3131,0,0
160.4459,12.6914,3149,0,0
160.4707,11.8692,2945,0,0
160.4955,12.8325,3184,0,0
160.5204,12.8526,3189,0,0
160.5452,12.8526,3189,0,0
160.5700,12.3609,3067,0,0
160.5948,11.6355,2887,0,0
160.6196,12.6672,3143,0,0
160.6444,11.9821,2973,0,0
160.6692,10.6964,2654,0,0
160.6940,12.8526,3189,0,0
160.7188,11.6838,2899,0,0
160.7436,12.8526,3189,0,0
160.7684,10.9100,2707,0,0
160.7932,12.3569,3066,32,0
160.8180,12.5665,3118,0,0
160.8428,12.3166,3056,0,0
160.8676,11.8410,2938,0,0
160.8924,10.8214,2685,0,0
160.9172,11.9095,2955,0,0
160.9420,12.2521,3040,0,0
160.9668,12.5544,3115,0,0
160.9916,11.5428,2864,0,0
161.0164,12.6269,3133,15,0
161.0412,12.5141,3105,0,0
161.0660,11.1639,2770,0,0
161.0908,11.6798,2898,0,0
161.1156,11.8612,2943,0,0
161.1404,12.3811,3072,0,0
161.1652,12.7438,3162,0,0
161.1900,12.7438,3162,0,0
161.2148,12.5141,3105,0,0
161.2396,11.3534,2817,0,0
161.2644,12.8526,3189,1,0
161.2892,11.8088,2930,0,0
161.3140,12.8526,3189,0,0
161.3388,12.8526,3189,0,0
161.3636,12.4818,3097,0,0
161.3884,12.8526,3189,0,0
161.4132,11.8088,2930,0,0
161.4380,12.8526,3189,0,0
161.4628,11.7282,2910,0,0
161.4876,11.9055,2954,0,0
161.5124,12.8526,3189,0,0
161.5372,11.0753,2748,9,0
161.5620,12.5705,3119,0,0
161.5869,12.5101,3104,0,0
161.6116,12.8526,3189,0,0
161.6365,11.5670,2870,0,0
161.6613,12.8526,3189,0,0
161.6861,12.1514,3015,0,0
161.7109,12.0143,2981,0,0
161.7357,12.8526,3189,0,0
161.7605,11.7362,2912,0,0
161.7853,11.7040,2904,0,0
161.8101,12.8526,3189,6,0
161.8349,12.8526,3189,0,0
161.8597,12.2481,3039,0,0
161.8845,12.8526,3189,0,0
161.9093,12.6390,3136,0,0
161.9341,12.8526,3189,0,0
161.9589,10.8858,2701,0,0
161.9837,12.8526,3189,0,0
162.0085,12.2763,3046,0,0
162.0333,12.8526,3189,0,0
162.0581,11.6758,2897,0,0
162.0829,12.8526,3189,0,0
162.1077,12.8526,3189,0,0
162.1325,12.8043,3177,0,0
162.1573,12.8526,3189,0,0
162.1821,11.3574,2818,0,0
162.2069,11.6677,2895,0,0
162.2317,12.7882,3173,0,0
162.2565,12.1070,3004,0,0
162.2813,12.8526,3189,0,0
162.3061,12.0022,2978,0,0
162.3309,12.8526,3189,0,0
162.3557,11.0753,2748,0,0
162.3805,11.2083,2781,0,0
162.4053,12.8526,3189,0,0
162.4301,12.6592,3141,0,0
162.4549,12.8526,3189,0,0
162.4797,12.8526,3189,0,0
162.5045,12.8526,3189,0,0
162.5293,12.8526,3189,0,0
162.5541,12.8526,3189,0,0
162.5789,12.5544,3115,0,0
162.6037,12.3932,3075,0,0
162.6285,12.4415,3087,21,0
162.6534,12.8526,3189,0,0
162.6781,10.8214,2685,0,0
162.7030,11.8733,2946,0,0
162.7278,12.6672,3143,0,0
162.7526,12.8526,3189,0,0
162.7774,12.8526,3189,0,0
162.8022,12.8526,3189,0,0
162.8270,12.7559,3165,0,0
162.8518,11.3534,2817,0,0
162.8766,11.7765,2922,2,0
162.9014,12.8526,3189,0,0
162.9262,12.2602,3042,0,0
162.9510,12.7761,3170,0,0
162.9758,11.8410,2938,0,0
163.0006,12.8526,3189,0,0
163.0254,12.2803,3047,0,0
163.0502,12.8526,3189,0,0
163.0750,12.2441,3038,0,0
163.0998,11.8330,2936,0,0
163.1246,12.8164,3180,0,0
163.1494,11.7886,2925,0,0
163.1742,12.8164,3180,0,0
163.1990,12.1232,3008,0,0
163.2238,12.7196,3156,0,0
163.2486,12.5101,3104,0,0
163.2734,12.5383,3111,0,0
163.2982,12.0909,3000,0,0
163.3230,11.6838,2899,0,0
163.3478,11.7524,2916,0,0
163.3726,11.8612,2943,0,0
163.3974,12.8526,3189,0,0
163.4222,12.8526,3189,0,0
163.4470,12.5020,3102,0,0
163.4718,12.3488,3064,0,0
163.4966,12.8526,3189,0,0
163.5214,12.1352,3011,0,0
163.5462,12.8526,3189,0,0
163.5710,11.8249,2934,0,0
163.5958,12.1312,3010,0,0
163.6206,11.9660,2969,0,0
163.6454,12.0264,2984,0,0
163.6702,12.8526,3189,0,0
163.6950,12.5020,3102,0,0
163.7198,9.3261,2314,0,0
163.7446,11.6838,2899,0,0
163.7695,12.6914,3149,0,0
163.7943,12.4295,3084,0,0
163.8191,12.6834,3147,0,0
163.8439,11.1841,2775,0,0
163.8687,12.0264,2984,7,0
163.8935,12.3327,3060,0,0
163.9183,11.8934,2951,0,0
163.9431,10.6239,2636,0,0
163.9679,12.0305,2985,6,0
163.9927,12.5141,3105,0,0
164.0175,12.3005,3052,10,0
164.0423,11.2365,2788,0,0
164.0671,12.8526,3189,0,0
164.0919,12.8526,3189,14,0
164.1167,12.8526,3189,0,0
164.1415,12.1796,3022,0,0
164.1663,11.2728,2797,0,0
164.1911,12.8365,3185,0,0
164.2159,12.8526,3189,0,0
164.2407,12.4174,3081,9,0
164.2655,11.3010,2804,0,0
164.2903,12.4012,3077,0,0
164.3151,11.8813,2948,17,0
164.3399,11.4178,2833,0,0
164.3647,12.8526,3189,15,0
164.3895,11.9176,2957,0,0
164.4143,12.6995,3151,0,0
164.4391,11.7242,2909,0,0
164.4639,12.8526,3189,0,0
164.4887,12.3206,3057,0,0
164.5135,12.8526,3189,0,0
164.5383,12.7761,3170,0,0
164.5631,11.7524,2916,0,0
164.5879,12.2360,3036,0,0
164.6127,11.5508,2866,0,0
164.6375,11.6395,2888,15,0
164.6623,12.4375,3086,0,0
164.6871,10.8738,2698,0,0
164.7119,12.8526,3189,0,0
164.7367,12.8325,3184,0,0
164.7615,12.5222,3107,0,0
164.7863,11.8531,2941,0,0
164.8111,11.5186,2858,2,0
164.8360,12.5342,3110,0,0
164.8607,12.8526,3189,0,0
164.8856,11.0027,2730,0,0
164.9104,12.8526,3189,0,0
164.9352,12.2844,3048,0,0
164.9600,12.8526,3189,0,0
164.9848,12.8526,3189,3,0
165.0096,12.2602,3042,0,0
165.0344,11.9821,2973,0,0
165.0592,12.6914,3149,0,0
165.0840,12.8526,3189,0,0
165.1088,12.4174,3081,0,0
165.1336,10.9100,2707,0,0
165.1584,12.8526,3189,0,0
165.1832,11.3171,2808,0,0
165.2080,12.1393,3012,0,0
165.2328,12.8526,3189,0,0
165.2576,12.0788,2997,0,0
165.2824,11.5226,2859,0,0
165.3072,12.8083,3178,0,0
165.3320,12.8526,3189,0,0
165.3568,12.8526,3189,0,0
165.3816,11.6274,2885,0,0
165.4064,12.8526,3189,0,0
165.4312,12.3206,3057,0,0
165.4560,12.1030,3003,0,0
165.4808,11.8088,2930,0,0
165.5056,12.8526,3189,0,0
165.5304,11.3574,2818,0,0
165.5552,12.8526,3189,0,0
165.5800,12.7478,3163,0,0
165.6048,11.6758,2897,0,0
165.6296,12.8526,3189,0,0
165.6544,12.8526,3189,0,0
165.6792,12.1715,3020,0,0
165.7040,12.8526,3189,0,0
165.7288,12.0305,2985,0,0
165.7536,11.2728,2797,0,0
165.7784,11.9498,2965,0,0
165.8032,12.2682,3044,0,0
165.8280,12.5987,3126,0,0
165.8528,12.6431,3137,53,0
165.8776,12.6310,3134,0,0
165.9025,11.6274,2885,0,0
165.9272,12.8526,3189,0,0
165.9521,12.6350,3135,0,0
165.9769,12.8526,3189,0,0
166.0016,11.4622,2844,0,0
166.0265,12.8526,3189,0,0
166.0513,12.6511,3139,0,0
166.0761,12.8526,3189,0,0
166.1009,12.0466,2989,0,0
166.1257,12.1715,3020,0,0
166.1505,12.8526,3189,0,0
166.1753,12.7116,3154,0,0
166.2001,12.7841,3172,0,0
166.2249,11.5226,2859,0,0
166.2497,12.7237,3157,0,0
166.2745,12.7640,3167,0,0
166.2993,11.6274,2885,0,0
166.3241,12.8526,3189,0,0
166.3489,11.7645,2919,0,0
166.3737,12.7358,3160,0,0
166.3985,12.8526,3189,0,0
166.4233,12.2521,3040,0,0
166.4481,12.3569,3066,0,0
166.4729,12.3972,3076,0,0
166.4977,12.6310,3134,2,0
166.5225,12.7438,3162,0,0
166.5473,12.3690,3069,0,0
166.5721,11.9498,2965,0,0
166.5969,11.9821,2973,0,0
166.6217,11.8249,2934,0,0
166.6465,12.8526,3189,0,0
166.6713,11.7645,2919,0,0
166.6961,12.8526,3189,0,0
166.7209,11.5226,2859,163,0
166.7457,12.8526,3189,0,0
166.7705,11.6838,2899,0,0
166.7953,12.7438,3162,0,0
166.8201,12.8526,3189,0,0
166.8449,12.8526,3189,0,0
166.8697,12.7882,3173,0,0
166.8945,11.7282,2910,1,0
166.9193,12.8526,3189,0,0
166.9441,11.8692,2945,0,0
166.9689,11.7806,2923,0,0
166.9937,12.8526,3189,0,0
167.0186,12.8526,3189,0,0
167.0434,12.8526,3189,0,0
167.0682,12.7438,3162,0,0
167.0930,12.8526,3189,0,0
167.1178,12.4012,3077,0,0
167.1426,12.8526,3189,0,0
167.1674,12.3206,3057,40,0
167.1922,11.3856,2825,0,0
167.2170,11.3292,2811,0,0
167.2418,12.8526,3189,0,0
167.2666,12.7680,3168,0,0
167.2914,11.7524,2916,0,0
167.3162,12.8526,3189,0,0
167.3410,12.8526,3189,0,0
167.3658,11.9498,2965,0,0
167.3906,12.8526,3189,0,0
167.4154,12.3851,3073,53,0
167.4402,12.8526,3189,0,0
167.4650,12.1352,3011,0,0
167.4898,12.3609,3067,0,0
167.5146,12.5383,3111,0,0
167.5394,12.8526,3189,0,0
167.5642,12.8526,3189,0,0
167.5890,11.9378,2962,0,0
167.6138,12.2844,3048,0,0
167.6386,12.3851,3073,0,0
167.6634,12.4738,3095,0,0
167.6882,12.7317,3159,1,0
167.7130,12.8526,3189,0,0
167.7378,12.1796,3022,0,0
167.7626,12.0425,2988,0,0
167.7874,12.1514,3015,0,0
167.8122,12.5141,3105,0,0
167.8370,12.8526,3189,0,0
167.8618,12.8526,3189,0,0
167.8866,12.8526,3189,0,0
167.9114,12.1876,3024,0,0
167.9362,12.5866,3123,0,0
167.9610,12.4214,3082,0,0
167.9858,12.8526,3189,0,0
168.0106,12.2360,3036,0,0
168.0354,12.4174,3081,0,0
168.0602,12.1352,3011,0,0
168.0851,12.8526,3189,0,0
168.1098,12.1836,3023,3,0
168.1347,12.0627,2993,0,0
168.1595,12.8526,3189,0,0
168.1842,11.3171,2808,0,0
168.2091,12.8526,3189,0,0
168.2339,12.8526,3189,0,0
168.2587,11.9660,2969,0,0
168.2835,12.1232,3008,0,0
168.3083,11.6032,2879,0,0
168.3331,12.8164,3180,0,0
168.3579,12.6874,3148,0,0
168.3827,12.8526,3189,0,0
168.4075,12.1997,3027,0,0
168.4323,12.8123,3179,0,0
168.4571,12.8526,3189,0,0
168.4819,12.1796,3022,10,0
168.5067,12.8526,3189,0,0
168.5315,12.0587,2992,17,0
168.5563,12.5101,3104,15,0
168.5811,11.8934,2951,0,0
168.6059,12.8526,3189,0,0
168.6307,12.8526,3189,0,0
168.6555,12.5222,3107,0,0
168.6803,12.8526,3189,0,0
168.7051,12.1796,3022,0,0
168.7299,12.1030,3003,8,0
168.7547,12.7599,3166,0,0
168.7795,12.2844,3048,0,0
168.8043,11.8934,2951,0,0
168.8291,12.7438,3162,0,0
168.8539,11.8692,2945,0,0
168.8787,12.8526,3189,0,0
168.9035,12.8043,3177,0,0
168.9283,12.6350,3135,0,0
168.9531,12.8526,3189,0,0
168.9779,12.8526,3189,0,0
169.0027,11.4783,2848,0,0
169.0275,11.2365,2788,0,0
169.0523,12.0264,2984,0,0
169.0771,12.8526,3189,0,0
169.1019,12.8526,3189,0,0
169.1267,12.6955,3150,0,0
169.1516,12.8526,3189,0,0
169.1763,12.5907,3124,0,0
169.2012,12.8526,3189,0,0
169.2260,11.9498,2965,0,0
169.2507,12.8526,3189,0,0
169.2756,12.8526,3189,0,0
169.3004,12.8526,3189,0,0
169.3252,12.1675,3019,0,0
169.3500,12.2320,3035,0,0
169.3748,12.8526,3189,38,0
169.3996,11.0027,2730,0,0
169.4244,12.8526,3189,0,0
169.4492,12.8526,3189,0,0
169.4740,11.1841,2775,0,0
169.4988,12.2158,3031,0,0
169.5236,12.8526,3189,7,0
169.5484,10.9705,2722,0,0
169.5732,12.8526,3189,0,0
169.5980,11.8370,2937,0,0
169.6228,11.6516,2891,0,0
169.6476,12.5342,3110,0,0
169.6724,12.8526,3189,0,0
169.6972,12.8526,3189,0,0
169.7220,11.5388,2863,0,0
169.7468,11.9498,2965,0,0
169.7716,11.9095,2955,0,0
169.7964,11.0027,2730,0,0
169.8212,12.3206,3057,0,0
169.8460,12.8526,3189,0,0
169.8708,12.8526,3189,3,0
169.8956,12.5544,3115,0,0
169.9204,12.8526,3189,0,0
169.9452,12.8526,3189,0,0
169.9700,10.6319,2638,0,0
169.9948,11.8048,2929,0,0
170.0196,11.6476,2890,0,0
170.0444,11.3574,2818,0,0
170.0692,12.8526,3189,0,0
170.0940,12.8526,3189,0,0
170.1188,12.8526,3189,0,0
170.1436,12.8526,3189,0,0
170.1684,11.5831,2874,4,0
170.1932,10.9745,2723,0,0
170.2180,12.7116,3154,0,0
170.2428,11.8249,2934,0,0
170.2677,12.7478,3163,0,0
170.2924,12.8526,3189,0,0
170.3172,12.1796,3022,0,0
170.3421,11.2607,2794,0,0
170.3669,11.9378,2962,0,0
170.3917,12.4053,3078,0,0
170.4165,11.4340,2837,0,0
170.4413,12.8526,3189,0,0
170.4661,11.8531,2941,0,0
170.4909,12.8526,3189,0,0
170.5157,11.8894,2950,0,0
170.5405,12.5101,3104,0,0
170.5653,11.9821,2973,0,0
170.5901,12.8526,3189,0,0
170.6149,12.1796,3022,0,0
170.6397,12.5222,3107,26,0
170.6645,12.8526,3189,0,0
170.6893,12.8526,3189,0,0
170.7141,12.7761,3170,0,0
170.7389,12.5181,3106,172,0
170.7637,12.8526,3189,0,0
170.7885,12.7438,3162,0,0
170.8133,12.8526,3189,0,0
170.8381,12.8526,3189,0,0
170.8629,12.8526,3189,41,0
170.8877,12.8526,3189,0,0
170.9125,12.8526,3189,0,0
170.9373,12.6672,3143,0,0
170.9621,12.1635,3018,0,0
170.9869,11.1639,2770,123,0
171.0117,12.8526,3189,0,0
171.0365,12.4617,3092,0,0
171.0613,12.8526,3189,0,0
171.0861,12.8526,3189,0,0
171.1109,12.1030,3003,0,0
171.1357,11.3574,2818,0,0
171.1605,12.5423,3112,0,0
171.1853,12.8526,3189,3,0
171.2101,12.3206,3057,0,0
171.2349,12.7035,3152,0,0
171.2597,12.4859,3098,24,0
171.2845,12.8526,3189,0,0
171.3093,12.8526,3189,0,0
171.3342,12.7438,3162,0,0
171.3589,12.8123,3179,0,0
171.3837,11.4461,2840,0,0
171.4086,12.1070,3004,0,0
171.4333,12.8526,3189,0,0
171.4582,12.7841,3172,0,0
171.4830,12.8526,3189,0,0
171.5078,12.7559,3165,0,0
171.5326,12.8526,3189,0,0
171.5574,12.8526,3189,0,0
171.5822,11.4461,2840,0,0
171.6070,12.0788,2997,0,0
171.6318,12.4214,3082,0,0
171.6566,12.7559,3165,0,0
171.6814,12.8526,3189,0,0
171.7062,12.8526,3189,0,0
171.7310,11.7483,2915,0,0
171.7558,12.5423,3112,0,0
171.7806,11.6234,2884,0,0
171.8054,12.6672,3143,0,0
171.8302,12.8526,3189,0,0
171.8550,12.8526,3189,0,0
171.8798,11.9700,2970,0,0
171.9046,12.8526,3189,0,0
171.9294,12.5504,3114,0,0
171.9542,11.7524,2916,0,0
171.9790,11.8692,2945,0,0
172.0038,12.8526,3189,0,0
172.0286,12.8526,3189,0,0
172.0534,12.2682,3044,0,0
172.0782,12.8244,3182,0,0
172.1030,12.7358,3160,0,0
172.1278,11.9700,2970,0,0
172.1526,12.1675,3019,0,0
172.1774,11.8854,2949,0,0
172.2022,12.5020,3102,0,0
172.2270,11.5307,2861,0,0
172.2518,12.5020,3102,0,0
172.2766,12.3126,3055,0,0
172.3014,12.1594,3017,0,0
172.3262,11.1357,2763,0,0
172.3510,12.8526,3189,7,0
172.3758,12.3609,3067,0,0
172.4007,12.2279,3034,0,0
172.4254,12.0788,2997,0,0
172.4502,12.8365,3185,0,0
172.4751,11.7967,2927,0,0
172.4998,12.8526,3189,0,0
172.5247,12.3609,3067,0,0
172.5495,12.7882,3173,7,0
172.5743,12.8526,3189,3,0
172.5991,12.1836,3023,0,0
172.6239,11.7886,2925,0,0
172.6487,12.4657,3093,0,0
172.6735,12.1997,3027,0,0
172.6983,12.1232,3008,0,0
172.7231,11.6516,2891,26,0
172.7479,12.0143,2981,0,0
172.7727,12.2924,3050,0,0
172.7975,12.8526,3189,0,0
172.8223,11.8934,2951,5,0
172.8471,12.8526,3189,0,0
172.8719,12.8164,3180,0,0
172.8967,11.9700,2970,0,0
172.9215,12.8526,3189,0,0
172.9463,12.8526,3189,0,0
172.9711,12.8526,3189,0,0
172.9959,11.6032,2879,6,0
173.0207,12.8526,3189,0,0
173.0455,11.9498,2965,15,0
173.0703,12.3771,3071,0,0
173.0951,11.9176,2957,0,0
173.1199,12.8164,3180,2,0
173.1447,11.9821,2973,0,0
173.1695,12.6310,3134,9,0
173.1943,12.8526,3189,0,0
173.2191,12.8526,3189,0,0
173.2439,12.8526,3189,0,0
173.2687,12.8526,3189,0,0
173.2935,12.2602,3042,0,0
173.3183,12.8526,3189,0,0
173.3431,11.8975,2952,0,0
173.3679,12.6552,3140,0,0
173.3927,12.8526,3189,0,0
173.4175,12.4375,3086,0,0
173.4423,12.8526,3189,0,0
173.4671,12.8526,3189,6,0
173.4919,12.3690,3069,0,0
173.5167,12.8526,3189,0,0
173.5415,11.7080,2905,0,0
173.5663,12.8526,3189,0,0
173.5912,12.2199,3032,0,0
173.6160,12.0587,2992,8,0
173.6408,12.4174,3081,0,0
173.6656,12.8365,3185,0,0
173.6904,12.6350,3135,3,0
173.7152,12.5786,3121,0,0
173.7400,12.4496,3089,0,0
173.7648,12.3488,3064,0,0
173.7896,12.8526,3189,0,0
173.8144,11.9700,2970,0,0
173.8392,11.6637,2894,10,0
173.8640,12.8526,3189,0,0
173.8888,12.2602,3042,0,0
173.9136,12.8526,3189,0,0
173.9384,12.4012,3077,0,0
173.9632,12.8526,3189,0,0
173.9880,12.8526,3189,0,0
174.0128,12.3972,3076,0,0
174.0376,12.8526,3189,0,0
174.0624,12.7358,3160,2,0
174.0872,12.8526,3189,5,0
174.1120,11.9498,2965,0,0
174.1368,11.3574,2818,0,0
174.1616,12.8526,3189,0,0
174.1864,12.8526,3189,0,0
174.2112,11.4138,2832,0,0
174.2360,12.7116,3154,0,0
174.2608,12.8526,3189,0,0
174.2856,12.2682,3044,0,0
174.3104,12.7720,3169,0,0
174.3352,10.9423,2715,0,0
174.3600,12.8526,3189,0,0
174.3848,12.8526,3189,0,0
174.4096,12.0788,2997,0,0
174.4344,12.5060,3103,0,0
174.4592,12.8526,3189,0,0
174.4840,12.4012,3077,0,0
174.5088,12.4214,3082,0,0
174.5336,12.8526,3189,0,0
174.5584,12.2239,3033,5,0
174.5832,12.8526,3189,0,0
174.6080,11.3856,2825,4,0
174.6328,12.8204,3181,0,0
174.6577,12.7962,3175,0,0
174.6824,12.8526,3189,0,0
174.7073,12.8526,3189,0,0
174.7321,12.5141,3105,0,0
174.7569,11.6919,2901,0,0
174.7817,10.9947,2728,0,0
174.8065,12.2481,3039,0,0
174.8313,11.7282,2910,0,0
174.8561,12.7438,3162,0,0
174.8809,12.8526,3189,0,0
174.9057,11.8652,2944,0,0
174.9305,12.4174,3081,0,0
174.9553,12.8526,3189,0,0
174.9801,12.8526,3189,0,0
175.0049,12.8526,3189,0,0
175.0297,12.1635,3018,7,0
175.0545,12.8526,3189,0,0
175.0793,12.8526,3189,0,0
175.1041,12.6592,3141,0,0
175.1289,12.8526,3189,0,0
175.1537,12.7116,3154,118,0
175.1785,12.8204,3181,0,0
175.2033,12.8526,3189,0,0
175.2281,12.4980,3101,0,0
175.2529,12.7075,3153,0,0
175.2777,12.7156,3155,0,0
175.3025,11.2445,2790,0,0
175.3273,12.8526,3189,3,0
175.3521,12.8526,3189,0,0
175.3769,12.8083,3178,0,0
175.4017,12.7720,3169,0,0
175.4265,12.8526,3189,0,0
175.4513,12.6592,3141,0,0
175.4761,12.8526,3189,0,0
175.5009,12.5141,3105,0,0
175.5257,12.8526,3189,0,0
175.5505,11.3775,2823,0,0
175.5753,12.5987,3126,0,0
175.6001,11.9095,2955,0,0
175.6249,12.5141,3105,21,0
175.6497,12.7116,3154,10,0
175.6745,12.8526,3189,0,0
175.6993,11.8249,2934,0,0
175.7242,12.8526,3189,0,0
175.7489,12.8164,3180,0,0
175.7738,12.0143,2981,0,0
175.7986,12.6028,3127,0,0
175.8234,12.4295,3084,0,0
175.8482,12.7801,3171,0,0
175.8730,12.8526,3189,0,0
175.8978,12.8526,3189,0,0
175.9226,12.6914,3149,0,0
175.9474,12.8526,3189,0,0
175.9722,12.8526,3189,0,0
175.9970,12.8526,3189,0,0
176.0218,12.8164,3180,0,0
176.0466,12.8526,3189,0,0
176.0714,12.8526,3189,0,0
176.0962,12.3045,3053,0,0
176.1210,11.1801,2774,0,0
176.1458,11.6234,2884,0,0
176.1706,12.8526,3189,0,0
176.1954,12.8526,3189,0,0
176.2202,12.4214,3082,0,0
176.2450,11.4058,2830,0,0
176.2698,11.9942,2976,0,0
176.2946,12.1232,3008,4,0
176.3194,12.8526,3189,0,0
176.3442,12.8526,3189,0,0
176.3690,12.8526,3189,0,0
176.3938,12.8526,3189,0,0
176.4186,12.0143,2981,0,0
176.4434,12.8526,3189,0,0
176.4682,12.5342,3110,0,0
176.4930,12.8526,3189,0,0
176.5178,12.5745,3120,0,0
176.5426,12.3972,3076,0,0
176.5674,12.8405,3186,0,0
176.5922,12.3529,3065,0,0
176.6170,12.8526,3189,0,0
176.6418,12.8526,3189,0,0
176.6666,12.8526,3189,0,0
176.6914,12.0627,2993,0,0
176.7162,11.2728,2797,0,0
176.7410,12.0264,2984,0,0
176.7658,12.8526,3189,0,0
176.7906,12.8526,3189,0,0
176.8154,11.7645,2919,0,0
176.8403,12.8526,3189,0,0
176.8651,12.4053,3078,0,0
176.8899,11.6597,2893,0,0
176.9147,12.7559,3165,0,0
176.9395,12.8526,3189,0,0
176.9643,11.4864,2850,0,0
176.9891,12.6431,3137,0,0
177.0139,12.8526,3189,0,0
177.0387,12.6028,3127,0,0
177.0635,12.0143,2981,0,0
177.0883,12.8526,3189,0,0
177.1131,12.8526,3189,0,0
177.1379,11.9700,2970,0,0
177.1627,12.3811,3072,0,0
177.1875,12.8526,3189,0,0
177.2123,12.2602,3042,0,0
177.2371,12.8526,3189,0,0
177.2619,12.4698,3094,0,0
177.2867,12.8526,3189,0,0
177.3115,12.2682,3044,0,0
177.3363,12.0143,2981,0,0
177.3611,11.8249,2934,0,0
177.3859,12.8526,3189,0,0
177.4107,12.8526,3189,0,0
177.4355,12.1715,3020,0,0
177.4603,12.8526,3189,0,0
177.4851,11.4662,2845,0,0
177.5099,12.8526,3189,0,0
177.5347,12.8526,3189,0,0
177.5595,12.8526,3189,0,0
177.5843,12.8526,3189,0,0
177.6091,12.5141,3105,34,0
177.6339,11.5226,2859,0,0
177.6587,12.8526,3189,0,0
177.6835,12.8526,3189,0,0
177.7083,11.9942,2976,0,0
177.7331,12.8526,3189,0,0
177.7579,10.6319,2638,0,0
177.7827,12.8526,3189,67,0
177.8075,11.9176,2957,0,0
177.8323,12.8526,3189,0,0
177.8571,12.8526,3189,0,0
177.8819,11.9942,2976,0,0
177.9068,12.8526,3189,1,0
177.9315,10.6319,2638,0,0
177.9564,12.8526,3189,4,0
177.9812,11.9821,2973,0,0
178.0060,11.5226,2859,0,0
178.0308,12.8526,3189,7,0
178.0556,11.0914,2752,0,0
178.0804,12.8526,3189,0,0
178.1052,12.8526,3189,0,0
178.1300,10.8657,2696,0,0
178.1548,12.8526,3189,0,0
178.1796,12.7196,3156,0,0
178.2044,11.3372,2813,0,0
178.2292,12.8526,3189,0,0
178.2540,12.8526,3189,0,0
178.2788,10.8858,2701,0,0
178.3036,12.8083,3178,0,0
178.3284,12.8526,3189,3,0
178.3532,11.8975,2952,0,0
178.3780,11.7886,2925,0,0
178.4028,12.8526,3189,0,0
178.4276,12.8526,3189,0,0
178.4524,12.0022,2978,0,0
178.4772,11.4904,2851,0,0
178.5020,11.9821,2973,0,0
178.5268,12.5584,3116,0,0
178.5516,12.6874,3148,0,0
178.5764,12.6431,3137,0,0
178.6012,12.5584,3116,0,0
178.6260,12.3690,3069,0,0
178.6508,12.3690,3069,0,0
178.6756,12.3569,3066,0,0
178.7004,12.3529,3065,0,0
178.7252,12.3327,3060,0,0
178.7500,12.2521,3040,0,0
178.7748,12.4133,3080,0,0
178.7996,12.5584,3116,0,0
178.8244,12.5504,3114,0,0
178.8492,12.4496,3089,0,0
178.8740,12.3569,3066,0,0
178.8988,12.2682,3044,0,0
178.9236,12.4698,3094,0,0
178.9484,12.5584,3116,0,0
178.9733,12.3126,3055,0,0
178.9980,12.2682,3044,0,0
179.0229,12.4859,3098,0,0
179.0477,12.3327,3060,0,0
179.0725,12.2844,3048,0,0
179.0973,12.4496,3089,0,0
179.1221,12.2803,3047,0,0
179.1469,12.3730,3070,0,0
179.1717,12.2844,3048,0,0
179.1965,12.3569,3066,0,0
179.2213,12.3206,3057,0,0
179.2461,12.2924,3050,0,0
179.2709,12.3690,3069,0,0
179.2957,12.2602,3042,0,0
179.3205,12.4133,3080,0,0
179.3453,12.2803,3047,0,0
179.3701,12.3892,3074,0,0
179.3949,12.2844,3048,0,0
179.4197,12.3206,3057,0,0
179.4445,12.2803,3047,0,0
179.4693,12.3771,3071,0,0
179.4941,12.2602,3042,0,0
179.5189,12.3206,3057,0,0
179.5437,12.5987,3126,0,0
179.5685,12.3126,3055,0,0
179.5933,12.3327,3060,0,0
179.6181,12.2803,3047,0,0
179.6429,12.3851,3073,0,0
179.6677,12.3085,3054,0,0
179.6925,12.3206,3057,0,0
179.7173,12.2521,3040,0,0
179.7421,12.3327,3060,0,0
179.7669,12.2602,3042,0,0
179.7917,12.3166,3056,0,0
179.8165,12.5504,3114,0,0
179.8413,12.2803,3047,0,0
179.8661,12.3247,3058,0,0
179.8909,12.3247,3058,0,0
179.9157,12.2803,3047,0,0
179.9405,12.3126,3055,0,0
179.9653,12.3206,3057,0,0
179.9901,12.2803,3047,0,0
180.0149,12.2844,3048,0,0
180.0397,12.3206,3057,0,0
180.0645,12.3247,3058,0,0
180.0894,12.3045,3053,0,0
180.1142,12.2803,3047,0,0
180.1390,12.3206,3057,0,0
180.1638,12.3529,3065,0,0
180.1886,12.3166,3056,0,0
180.2134,12.3206,3057,0,0
180.2382,12.3126,3055,0,0
180.2630,12.2844,3048,0,0
180.2878,12.2803,3047,0,0
180.3126,12.3005,3052,0,0
180.3374,12.3166,3056,0,0
180.3622,12.2844,3048,0,0
180.3870,12.3327,3060,0,0
180.4118,12.2602,3042,0,0
180.4366,12.3126,3055,0,0
180.4614,12.3206,3057,0,0
180.4862,12.3851,3073,0,0
180.5110,12.2924,3050,0,0
180.5358,12.2965,3051,0,0
180.5606,12.3166,3056,0,0
180.5854,12.3085,3054,0,0
180.6102,12.3206,3057,0,0
180.6350,12.3327,3060,0,0
180.6598,12.3327,3060,0,0
180.6846,12.2844,3048,0,0
180.7094,12.3085,3054,0,0
180.7342,12.3005,3052,0,0
180.7590,12.3529,3065,0,0
180.7838,12.3126,3055,0,0
180.8086,12.2844,3048,0,0
180.8334,12.3206,3057,0,0
180.8582,12.3529,3065,0,0
180.8830,12.2803,3047,0,0
180.9078,12.3126,3055,0,0
180.9326,12.3045,3053,0,0
180.9574,12.3529,3065,0,0
180.9822,12.3569,3066,0,0
181.0070,12.3327,3060,0,0
181.0318,12.2682,3044,0,0
181.0566,12.3126,3055,0,0
181.0814,12.3327,3060,0,0
181.1062,12.3287,3059,0,0
181.1310,12.3085,3054,0,0
181.1559,12.3488,3064,0,0
181.1806,12.3529,3065,0,0
181.2055,12.3005,3052,0,0
181.2303,12.3126,3055,0,0
181.2551,12.3287,3059,0,0
181.2799,12.3287,3059,0,0
181.3047,12.3206,3057,0,0
181.3295,12.3488,3064,0,0
181.3543,12.3206,3057,0,0
181.3791,12.2924,3050,0,0
181.4039,12.3488,3064,0,0
181.4287,12.3529,3065,0,0
181.4535,12.2803,3047,0,0
181.4783,12.3166,3056,0,0
181.5031,12.3206,3057,0,0
181.5279,12.3529,3065,0,0
181.5527,12.2924,3050,0,0
181.5775,12.3448,3063,0,0
181.6023,12.3206,3057,0,0
181.6271,12.3327,3060,0,0
181.6519,12.2924,3050,0,0
181.6767,12.3206,3057,0,0
181.7015,12.3488,3064,0,0
181.7263,12.3529,3065,0,0
181.7511,12.3166,3056,0,0
181.7759,12.3206,3057,0,0
181.8007,12.3529,3065,0,0
181.8255,12.2924,3050,0,0
181.8503,12.3488,3064,0,0
181.8751,12.2682,3044,0,0
181.8999,12.2924,3050,0,0
181.9247,12.3488,3064,0,0
181.9495,12.3005,3052,0,0
181.9743,12.3126,3055,0,0
181.9991,12.3488,3064,0,0
182.0239,12.3488,3064,0,0
182.0487,12.3609,3067,0,0
182.0735,12.3206,3057,0,0
182.0983,12.3448,3063,0,0
182.1231,12.3488,3064,0,0
182.1479,12.3166,3056,0,0
182.1727,12.3085,3054,0,0
182.1975,12.2924,3050,0,0
182.2224,12.3166,3056,0,0
182.2471,12.3126,3055,0,0
182.2720,12.3166,3056,0,0
182.2968,12.2965,3051,0,0
182.3215,12.3609,3067,0,0
182.3464,12.3166,3056,0,0
182.3712,12.3206,3057,0,0
182.3960,12.3609,3067,0,0
182.4208,12.3126,3055,0,0
182.4456,12.3488,3064,0,0
182.4704,12.3851,3073,0,0
182.4952,12.3287,3059,0,0
182.5200,12.3488,3064,0,0
182.5448,12.3529,3065,0,0
182.5696,12.3488,3064,0,0
182.5944,12.3609,3067,0,0
182.6192,12.3488,3064,0,0
182.6440,12.3206,3057,0,0
182.6688,12.3488,3064,0,0
182.6936,12.3488,3064,0,0
182.7184,12.3166,3056,0,0
182.7432,12.3488,3064,0,0
182.7680,12.3448,3063,0,0
182.7928,12.3529,3065,0,0
182.8176,12.3569,3066,0,0
182.8424,12.3206,3057,0,0
182.8672,12.3085,3054,0,0
182.8920,12.3730,3070,0,0
182.9168,12.3690,3069,0,0
182.9416,12.3488,3064,0,0
182.9664,12.3247,3058,0,0
182.9912,12.3206,3057,0,0
183.0160,12.3529,3065,0,0
183.0408,12.3327,3060,0,0
183.0656,12.3166,3056,0,0
183.0904,12.3206,3057,0,0
183.1152,12.3609,3067,0,0
183.1400,12.3851,3073,0,0
183.1648,12.4012,3077,0,0
183.1896,12.3488,3064,0,0
183.2144,12.3529,3065,0,0
183.2392,12.3730,3070,0,0
183.2640,12.3327,3060,0,0
183.2888,12.3287,3059,0,0
183.3136,12.3529,3065,0,0
183.3385,12.3529,3065,0,0
183.3633,12.3206,3057,0,0
183.3880,12.3408,3062,0,0
183.4129,12.3690,3069,0,0
183.4377,12.3488,3064,0,0
183.4625,12.3488,3064,0,0
183.4873,12.3085,3054,0,0
183.5121,12.3488,3064,0,0
183.5369,12.3085,3054,0,0
183.5617,12.3287,3059,0,0
183.5865,12.3650,3068,0,0
183.6113,12.3650,3068,0,0
183.6361,12.3488,3064,0,0
183.6609,12.3287,3059,0,0
183.6857,12.3126,3055,0,0
183.7105,12.3287,3059,0,0
183.7353,12.3771,3071,0,0
183.7601,12.3166,3056,0,0
183.7849,12.3166,3056,0,0
183.8097,12.3166,3056,0,0
183.8345,12.3488,3064,0,0
183.8593,12.3569,3066,0,0
183.8841,12.4133,3080,0,0
183.9089,12.3327,3060,0,0
183.9337,12.3327,3060,0,0
183.9585,12.3529,3065,0,0
183.9833,12.3569,3066,0,0
184.0081,12.3609,3067,0,0
184.0329,12.3529,3065,0,0
184.0577,12.3287,3059,0,0
184.0825,12.3569,3066,0,0
184.1073,12.3206,3057,0,0
184.1321,12.3690,3069,0,0
184.1569,12.3488,3064,0,0
184.1817,12.3730,3070,0,0
184.2065,12.3247,3058,0,0
184.2313,12.3529,3065,0,0
184.2561,12.2965,3051,0,0
184.2809,12.3166,3056,0,0
184.3057,12.3569,3066,0,0
184.3305,12.3448,3063,0,0
184.3553,12.3206,3057,0,0
184.3801,12.3851,3073,0,0
184.4050,12.3206,3057,0,0
184.4297,12.3609,3067,0,0
184.4545,12.3529,3065,0,0
184.4794,12.3488,3064,0,0
184.5042,12.3488,3064,0,0
184.5290,12.2844,3048,0,0
184.5538,12.3529,3065,0,0
184.5786,12.3206,3057,0,0
184.6034,12.3126,3055,0,0
184.6282,12.3126,3055,0,0
184.6530,12.3529,3065,0,0
184.6778,12.3287,3059,0,0
184.7026,12.3488,3064,0,0
184.7274,12.3206,3057,0,0
184.7522,12.4053,3078,0,0
184.7770,12.3609,3067,0,0
184.8018,12.3529,3065,0,0
184.8266,12.3529,3065,0,0
184.8514,12.3448,3063,0,0
184.8762,12.3287,3059,0,0
184.9010,12.3287,3059,0,0
184.9258,12.3206,3057,0,0
184.9506,12.3287,3059,0,0
184.9754,12.3529,3065,0,0
185.0002,12.2844,3048,0,0
185.0250,12.3206,3057,0,0
185.0498,12.3569,3066,0,0
185.0746,12.3488,3064,0,0
185.0994,12.3085,3054,0,0
185.1242,12.3730,3070,0,0
185.1490,12.3488,3064,0,0
185.1738,12.3529,3065,0,0
185.1986,12.3569,3066,0,0
185.2234,12.3569,3066,0,0
185.2482,12.3609,3067,0,0
185.2730,12.3529,3065,0,0
185.2978,12.3448,3063,0,0
185.3226,12.3609,3067,0,0
185.3474,12.3690,3069,0,0
185.3722,12.3609,3067,0,0
185.3970,12.3206,3057,0,0
185.4218,12.3529,3065,0,0
185.4466,12.3327,3060,0,0
185.4715,12.3488,3064,0,0
185.4962,12.3488,3064,0,0
185.5210,12.3771,3071,0,0
185.5459,12.3206,3057,0,0
185.5706,12.3166,3056,0,0
185.5955,12.3327,3060,0,0
185.6203,12.3730,3070,0,0
185.6451,12.3609,3067,0,0
185.6699,12.3488,3064,0,0
185.6947,12.3771,3071,0,0
185.7195,12.3609,3067,0,0
185.7443,12.3488,3064,0,0
185.7691,12.3811,3072,0,0
185.7939,12.3529,3065,0,0
185.8187,12.3529,3065,0,0
185.8435,12.3488,3064,0,0
185.8683,12.3488,3064,0,0
185.8931,12.3166,3056,0,0
185.9179,12.3730,3070,0,0
185.9427,12.3811,3072,0,0
185.9675,12.3529,3065,0,0
185.9923,12.3569,3066,0,0
186.0171,12.3166,3056,0,0
186.0419,12.3851,3073,0,0
186.0667,12.3166,3056,0,0
186.0915,12.3529,3065,0,0
186.1163,12.3327,3060,0,0
186.1411,12.3609,3067,0,0
186.1659,12.3730,3070,0,0
186.1907,12.3892,3074,0,0
186.2155,12.3650,3068,0,0
186.2403,12.3287,3059,0,0
186.2651,12.3730,3070,0,0
186.2899,12.3730,3070,0,0
186.3147,12.3206,3057,0,0
186.3395,12.3206,3057,0,0
186.3643,12.3892,3074,0,0
186.3891,12.3488,3064,0,0
186.4139,12.3569,3066,0,0
186.4387,12.3730,3070,0,0
186.4635,12.3126,3055,0,0
186.4883,12.3972,3076,0,0
186.5131,12.3771,3071,0,0
186.5379,12.3730,3070,0,0
186.5627,12.3206,3057,0,0
186.5876,12.3166,3056,0,0
186.6124,12.3247,3058,0,0
186.6371,12.3206,3057,0,0
186.6620,12.3892,3074,0,0
186.6868,12.3206,3057,0,0
186.7116,12.3287,3059,0,0
186.7364,12.3166,3056,0,0
186.7612,12.3569,3066,0,0
186.7860,12.3206,3057,0,0
186.8108,12.3005,3052,0,0
186.8356,12.3851,3073,0,0
186.8604,12.3166,3056,0,0
186.8852,12.3690,3069,0,0
186.9100,12.3730,3070,0,0
186.9348,12.3166,3056,0,0
186.9596,12.3247,3058,0,0
186.9844,12.3488,3064,0,0
187.0092,12.3851,3073,0,0
187.0340,12.3529,3065,0,0
187.0588,12.3609,3067,0,0
187.0836,12.3488,3064,0,0
187.1084,12.3529,3065,0,0
187.1332,12.3529,3065,0,0
187.1580,12.3690,3069,0,0
187.1828,12.3609,3067,0,0
187.2076,12.3529,3065,0,0
187.2324,12.3569,3066,0,0
187.2572,12.3811,3072,0,0
187.2820,12.3448,3063,0,0
187.3068,12.3488,3064,0,0
187.3316,12.3327,3060,0,0
187.3564,12.3287,3059,0,0
187.3812,12.3327,3060,0,0
187.4060,12.3569,3066,0,0
187.4308,12.3327,3060,0,0
187.4556,12.3609,3067,0,0
187.4804,12.3609,3067,0,0
187.5052,12.3287,3059,0,0
187.5300,12.3287,3059,0,0
187.5548,12.3206,3057,0,0
187.5796,12.3529,3065,0,0
187.6044,12.3771,3071,0,0
187.6292,12.3488,3064,0,0
187.6541,12.3005,3052,0,0
187.6788,12.3327,3060,0,0
187.7036,12.3488,3064,0,0
187.7285,12.3206,3057,0,0
187.7533,12.3569,3066,0,0
187.7781,12.3206,3057,0,0
187.8029,12.3287,3059,0,0
187.8277,12.3488,3064,0,0
187.8525,12.3529,3065,0,0
187.8773,12.3327,3060,0,0
187.9021,12.3650,3068,0,0
187.9269,12.3488,3064,0,0
187.9517,12.3247,3058,0,0
187.9765,12.3569,3066,0,0
188.0013,12.3287,3059,0,0
188.0261,12.3166,3056,0,0
188.0509,12.3811,3072,0,0
188.0757,12.3932,3075,0,0
188.1005,12.3206,3057,0,0
188.1253,12.3287,3059,0,0
188.1501,12.3408,3062,0,0
188.1749,12.3609,3067,0,0
188.1997,12.3408,3062,0,0
188.2245,12.3206,3057,0,0
188.2493,12.3609,3067,0,0
188.2741,12.3287,3059,0,0
188.2989,12.3488,3064,0,0
188.3237,12.3287,3059,0,0
188.3485,12.3488,3064,0,0
188.3733,12.3488,3064,0,0
188.3981,12.3529,3065,0,0
188.4229,12.3488,3064,0,0
188.4477,12.3569,3066,0,0
188.4725,12.3206,3057,0,0
188.4973,12.3690,3069,0,0
188.5221,12.3488,3064,0,0
188.5469,12.3529,3065,0,0
188.5717,12.3529,3065,0,0
188.5965,12.3690,3069,0,0
188.6213,12.3569,3066,0,0
188.6461,12.3166,3056,0,0
188.6709,12.3287,3059,0,0
188.6957,12.3529,3065,0,0
188.7206,12.3529,3065,0,0
188.7453,12.3529,3065,0,0
188.7701,12.3166,3056,0,0
188.7950,12.3771,3071,0,0
188.8197,12.3488,3064,0,0
188.8446,12.3730,3070,0,0
188.8694,12.3206,3057,0,0
188.8942,12.3569,3066,0,0
188.9190,12.3771,3071,0,0
188.9438,12.3126,3055,0,0
188.9686,12.3811,3072,0,0
188.9934,12.3287,3059,0,0
189.0182,12.3166,3056,0,0
189.0430,12.3166,3056,0,0
189.0678,12.3529,3065,0,0
189.0926,12.3327,3060,0,0
189.1174,12.3408,3062,0,0
189.1422,12.3529,3065,0,0
189.1670,12.3569,3066,0,0
189.1918,12.3730,3070,0,0
189.2166,12.3287,3059,0,0
189.2414,12.3690,3069,0,0
189.2662,12.3488,3064,0,0
189.2910,12.3569,3066,0,0
189.3158,12.3529,3065,0,0
189.3406,12.3529,3065,0,0
189.3654,12.3690,3069,0,0
189.3902,12.3448,3063,0,0
189.4150,12.3690,3069,0,0
189.4398,12.3247,3058,0,0
189.4646,12.3488,3064,0,0
189.4894,12.3771,3071,0,0
189.5142,12.3327,3060,0,0
189.5390,12.3488,3064,0,0
189.5638,12.3851,3073,0,0
189.5886,12.3287,3059,0,0
189.6134,12.3287,3059,0,0
189.6382,12.3771,3071,0,0
189.6630,12.3529,3065,0,0
189.6878,12.3488,3064,0,0
189.7126,12.3448,3063,0,0
189.7374,12.3529,3065,0,0
189.7622,12.3488,3064,0,0
189.7870,12.3771,3071,0,0
189.8118,12.3569,3066,0,0
189.8366,12.3488,3064,0,0
189.8615,12.3287,3059,0,0
189.8862,12.3085,3054,0,0
189.9111,12.3529,3065,0,0
189.9359,12.3206,3057,0,0
189.9607,12.2924,3050,0,0
189.9855,12.3529,3065,0,0
190.0103,12.3892,3074,0,0
190.0351,12.3287,3059,0,0
190.0599,12.3448,3063,0,0
190.0847,12.3287,3059,0,0
190.1095,12.3206,3057,0,0
190.1343,12.3206,3057,0,0
190.1591,12.3609,3067,0,0
190.1839,12.3529,3065,0,0
190.2087,12.3488,3064,0,0
190.2335,12.3811,3072,0,0
190.2583,12.3529,3065,0,0
190.2831,12.3166,3056,0,0
190.3079,12.3609,3067,0,0
190.3327,12.3609,3067,0,0
190.3575,12.3045,3053,0,0
190.3823,12.3730,3070,0,0
190.4071,12.3448,3063,0,0
190.4319,12.3206,3057,0,0
190.4567,12.3851,3073,0,0
190.4815,12.3730,3070,0,0
190.5063,12.3206,3057,0,0
190.5311,12.3609,3067,0,0
190.5559,12.3287,3059,0,0
190.5807,12.3206,3057,0,0
190.6055,12.3327,3060,0,0
190.6303,12.3529,3065,0,0
190.6551,12.3811,3072,0,0
190.6799,12.3529,3065,0,0
190.7047,12.3488,3064,0,0
190.7295,12.3851,3073,0,0
190.7543,12.3569,3066,0,0
190.7791,12.3287,3059,0,0
190.8039,12.3730,3070,0,0
190.8287,12.3448,3063,0,0
190.8535,12.3488,3064,0,0
190.8783,12.3771,3071,0,0
190.9031,12.3166,3056,0,0
190.9279,12.3408,3062,0,0
190.9527,12.3327,3060,0,0
190.9776,12.3690,3069,0,0
191.0023,12.3488,3064,0,0
191.0272,12.3206,3057,0,0
191.0520,12.3851,3073,0,0
191.0768,12.3529,3065,0,0
191.1016,12.3206,3057,0,0
191.1264,12.3247,3058,0,0
191.1512,12.3851,3073,0,0
191.1760,12.3529,3065,0,0
191.2008,12.3126,3055,0,0
191.2256,12.3488,3064,0,0
191.2504,12.3811,3072,0,0
191.2752,12.3085,3054,0,0
191.3000,12.3488,3064,0,0
191.3248,12.3327,3060,0,0
191.3496,12.3488,3064,0,0
191.3744,12.3327,3060,0,0
191.3992,12.3609,3067,0,0
191.4240,12.3488,3064,0,0
191.4488,12.3488,3064,0,0
191.4736,12.3609,3067,0,0
191.4984,12.3690,3069,0,0
191.5232,12.3569,3066,0,0
191.5480,12.3206,3057,0,0
191.5728,12.3771,3071,0,0
191.5976,12.3972,3076,0,0
191.6224,12.3166,3056,0,0
191.6472,12.3166,3056,0,0
191.6720,12.3529,3065,0,0
191.6968,12.3529,3065,0,0
191.7216,12.3287,3059,0,0
191.7464,12.3448,3063,0,0
191.7712,12.3488,3064,0,0
191.7960,12.3529,3065,0,0
191.8208,12.3488,3064,0,0
191.8456,12.3488,3064,0,0
191.8704,12.3811,3072,0,0
191.8952,12.3448,3063,0,0
191.9200,12.3529,3065,0,0
191.9448,12.3529,3065,0,0
191.9696,12.3488,3064,0,0
191.9944,12.3690,3069,0,0
192.0192,12.3730,3070,0,0
192.0441,12.3529,3065,0,0
192.0688,12.3488,3064,0,0
192.0937,12.3771,3071,0,0
192.1185,12.3287,3059,0,0
192.1433,12.3529,3065,0,0
192.1681,12.3206,3057,0,0
192.1929,12.3287,3059,0,0
192.2177,12.3287,3059,0,0
192.2425,12.3529,3065,0,0
192.2673,12.3206,3057,0,0
192.2921,12.3569,3066,0,0
192.3169,12.3166,3056,0,0
192.3417,12.3327,3060,0,0
192.3665,12.3287,3059,0,0
192.3913,12.3488,3064,0,0
192.4161,12.3730,3070,0,0
192.4409,12.3287,3059,0,0
192.4657,12.3287,3059,0,0
192.4905,12.3206,3057,0,0
192.5153,12.3448,3063,0,0
192.5401,12.3287,3059,0,0
192.5649,12.3851,3073,0,0
192.5897,12.3488,3064,0,0
192.6145,12.3892,3074,0,0
192.6393,12.3488,3064,0,0
192.6641,12.3206,3057,0,0
192.6889,12.3287,3059,0,0
192.7137,12.3609,3067,0,0
192.7385,12.3529,3065,0,0
192.7633,12.3529,3065,0,0
192.7881,12.2924,3050,0,0
192.8129,12.3488,3064,0,0
192.8377,12.3892,3074,0,0
192.8625,12.3730,3070,0,0
192.8873,12.3206,3057,0,0
192.9121,12.3609,3067,0,0
192.9369,12.3287,3059,0,0
192.9617,12.2965,3051,0,0
192.9865,12.3529,3065,0,0
193.0113,12.3287,3059,0,0
193.0361,12.3488,3064,0,0
193.0609,12.3730,3070,0,0
193.0857,12.3327,3060,0,0
193.1105,12.3569,3066,0,0
193.1353,12.3569,3066,0,0
193.1602,12.3085,3054,0,0
193.1850,12.3771,3071,0,0
193.2098,12.3569,3066,0,0
193.2346,12.3730,3070,0,0
193.2594,12.3609,3067,0,0
193.2842,12.3609,3067,0,0
193.3090,12.3408,3062,0,0
193.3338,12.3569,3066,0,0
193.3586,12.3327,3060,0,0
193.3834,12.3206,3057,0,0
193.4082,12.3206,3057,0,0
193.4330,12.3892,3074,0,0
193.4578,12.3569,3066,0,0
193.4826,12.3529,3065,0,0
193.5074,12.3569,3066,0,0
193.5322,12.3287,3059,0,0
193.5570,12.3569,3066,0,0
193.5818,12.3488,3064,0,0
193.6066,12.3206,3057,0,0
193.6314,12.3488,3064,0,0
193.6562,12.3609,3067,0,0
193.6810,12.3488,3064,0,0
193.7058,12.3892,3074,0,0
193.7306,12.3488,3064,0,0
193.7554,12.3771,3071,0,0
193.7802,12.3488,3064,0,0
193.8050,12.3529,3065,0,0
193.8298,12.3771,3071,0,0
193.8546,12.3892,3074,0,0
193.8794,12.2844,3048,0,0
193.9042,12.3448,3063,0,0
193.9290,12.3488,3064,0,0
193.9538,12.3166,3056,0,0
193.9786,12.3206,3057,0,0
194.0034,12.3488,3064,0,0
194.0282,12.3529,3065,0,0
194.0530,12.3529,3065,0,0
194.0778,12.3287,3059,0,0
194.1026,12.3206,3057,0,0
194.1274,12.3488,3064,0,0
194.1522,12.3126,3055,0,0
194.1770,12.3529,3065,0,0
194.2018,12.3287,3059,0,0
194.2267,12.3045,3053,0,0
194.2514,12.3045,3053,0,0
194.2763,12.3569,3066,0,0
194.3011,12.3771,3071,0,0
194.3259,12.2924,3050,0,0
194.3507,12.3448,3063,0,0
194.3755,12.3730,3070,0,0
194.4003,12.3206,3057,0,0
194.4251,12.3488,3064,0,0
194.4499,12.3892,3074,0,0
194.4747,12.3166,3056,0,0
194.4995,12.3488,3064,0,0
194.5243,12.3488,3064,0,0
194.5491,12.3771,3071,0,0
194.5739,12.3206,3057,0,0
194.5987,12.3569,3066,0,0
194.6235,12.3811,3072,0,0
194.6483,12.3287,3059,0,0
194.6731,12.3085,3054,0,0
194.6979,12.3529,3065,0,0
194.7227,12.3569,3066,0,0
194.7475,12.3287,3059,0,0
194.7723,12.3690,3069,0,0
194.7971,12.3851,3073,0,0
194.8219,12.3448,3063,0,0
194.8467,12.3609,3067,0,0
194.8715,12.3206,3057,0,0
194.8963,12.3488,3064,0,0
194.9211,12.3488,3064,0,0
194.9459,12.3569,3066,0,0
194.9707,12.3448,3063,0,0
194.9955,12.3206,3057,0,0
195.0203,12.3488,3064,0,0
195.0451,12.3206,3057,0,0
195.0699,12.3488,3064,0,0
195.0947,12.3448,3063,0,0
195.1195,12.3730,3070,0,0
195.1443,12.3972,3076,0,0
195.1691,12.3247,3058,0,0
195.1939,12.3690,3069,0,0
195.2187,12.3529,3065,0,0
195.2435,12.3488,3064,0,0
195.2683,12.3529,3065,0,0
195.2932,12.3448,3063,0,0
195.3179,12.3247,3058,0,0
195.3428,12.3488,3064,0,0
195.3676,12.3569,3066,0,0
195.3923,12.3488,3064,0,0
195.4172,12.3327,3060,0,0
195.4420,12.3609,3067,0,0
195.4668,12.3851,3073,0,0
195.4916,12.3005,3052,0,0
195.5164,12.3247,3058,0,0
195.5412,12.3327,3060,0,0
195.5660,12.3609,3067,0,0
195.5908,12.3206,3057,0,0
195.6156,12.3690,3069,0,0
195.6404,12.3488,3064,0,0
195.6652,12.3206,3057,0,0
195.6900,12.3327,3060,0,0
195.7148,12.3448,3063,0,0
195.7396,12.3488,3064,0,0
195.7644,12.3166,3056,0,0
195.7892,12.3327,3060,0,0
195.8140,12.3529,3065,0,0
195.8388,12.3206,3057,0,0
195.8636,12.3730,3070,0,0
195.8884,12.3851,3073,0,0
195.9132,12.3690,3069,0,0
195.9380,12.3166,3056,0,0
195.9628,12.3166,3056,0,0
195.9876,12.3327,3060,0,0
196.0124,12.3529,3065,0,0
196.0372,12.3206,3057,0,0
196.0620,12.3892,3074,0,0
196.0868,12.3287,3059,0,0
196.1116,12.3529,3065,0,0
196.1364,12.3569,3066,0,0
196.1612,12.3851,3073,0,0
196.1860,12.3126,3055,0,0
196.2108,12.3488,3064,0,0
196.2356,12.3529,3065,0,0
196.2604,12.3488,3064,0,0
196.2852,12.3327,3060,0,0
196.3100,12.3529,3065,0,0
196.3348,12.3206,3057,0,0
196.3596,12.3771,3071,0,0
196.3844,12.3730,3070,0,0
196.4093,12.3206,3057,0,0
196.4341,12.3448,3063,0,0
196.4588,12.3488,3064,0,0
196.4837,12.3529,3065,0,0
196.5085,12.3287,3059,0,0
196.5333,12.2803,3047,0,0
196.5581,12.3005,3052,0,0
196.5829,12.3529,3065,0,0
196.6077,12.2602,3042,0,0
196.6325,12.3569,3066,0,0
196.6573,12.3287,3059,0,0
196.6821,12.3529,3065,0,0
196.7069,12.3488,3064,0,0
196.7317,12.3126,3055,0,0
196.7565,12.3206,3057,0,0
196.7813,12.3287,3059,0,0
196.8061,12.3529,3065,0,0
196.8309,12.3569,3066,0,0
196.8557,12.3327,3060,0,0
196.8805,12.3408,3062,0,0
196.9053,12.3206,3057,0,0
196.9301,12.3327,3060,0,0
196.9549,12.3126,3055,0,0
196.9797,12.3206,3057,0,0
197.0045,12.3609,3067,0,0
197.0293,12.3085,3054,0,0
197.0541,12.3166,3056,0,0
197.0789,12.3206,3057,0,0
197.1037,12.3166,3056,0,0
197.1285,12.3488,3064,0,0
197.1533,12.3569,3066,0,0
197.1781,12.3287,3059,0,0
197.2029,12.2844,3048,0,0
197.2277,12.3529,3065,0,0
197.2525,12.3488,3064,0,0
197.2773,12.3448,3063,0,0
197.3021,12.3569,3066,0,0
197.3269,12.3206,3057,0,0
197.3517,12.3529,3065,0,0
197.3765,12.3488,3064,0,0
197.4013,12.3488,3064,0,0
197.4261,12.3287,3059,0,0
197.4509,12.3166,3056,0,0
197.4758,12.3690,3069,0,0
197.5005,12.3488,3064,0,0
197.5254,12.3287,3059,0,0
197.5502,12.3287,3059,0,0
197.5750,12.3972,3076,0,0
197.5998,12.3126,3055,0,0
197.6246,12.3488,3064,0,0
197.6494,12.3529,3065,0,0
197.6742,12.3206,3057,0,0
197.6990,12.3771,3071,0,0
197.7238,12.3529,3065,0,0
197.7486,12.3247,3058,0,0
197.7734,12.3287,3059,0,0
197.7982,12.3287,3059,0,0
197.8230,12.3488,3064,0,0
197.8478,12.3609,3067,0,0
197.8726,12.3529,3065,0,0
197.8974,12.3206,3057,0,0
197.9222,12.3488,3064,0,0
197.9470,12.3771,3071,0,0
197.9718,12.3166,3056,0,0
197.9966,12.3287,3059,0,0
198.0214,12.3488,3064,0,0
198.0462,12.3811,3072,0,0
198.0710,12.3206,3057,0,0
198.0958,12.3892,3074,0,0
198.1206,12.3327,3060,0,0
198.1454,12.3609,3067,0,0
198.1702,12.3488,3064,0,0
198.1950,12.3488,3064,0,0
198.2198,12.3488,3064,0,0
198.2446,12.3408,3062,0,0
198.2694,12.3126,3055,0,0
198.2942,12.3206,3057,0,0
198.3190,12.3166,3056,0,0
198.3438,12.3206,3057,0,0
198.3686,12.3488,3064,0,0
198.3934,12.2924,3050,0,0
198.4182,12.3488,3064,0,0
198.4430,12.3488,3064,0,0
198.4678,12.3085,3054,0,0
198.4926,12.3287,3059,0,0
198.5174,12.3569,3066,0,0
198.5423,12.3529,3065,0,0
198.5670,12.3206,3057,0,0
198.5919,12.3529,3065,0,0
198.6167,12.3529,3065,0,0
198.6414,12.3206,3057,0,0
198.6663,12.3488,3064,0,0
198.6911,12.3972,3076,0,0
198.7159,12.3206,3057,0,0
198.7407,12.3327,3060,0,0
198.7655,12.3529,3065,0,0
198.7903,12.3690,3069,0,0
198.8151,12.3529,3065,0,0
198.8399,12.3085,3054,0,0
198.8647,12.3206,3057,0,0
198.8895,12.3730,3070,0,0
198.9143,12.3085,3054,0,0
198.9391,12.3166,3056,0,0
198.9639,12.3529,3065,0,0
198.9887,12.3085,3054,0,0
199.0135,12.3166,3056,0,0
199.0383,12.3529,3065,0,0
199.0631,12.3569,3066,0,0
199.0879,12.3488,3064,0,0
199.1127,12.3327,3060,0,0
199.1375,12.3206,3057,0,0
199.1623,12.3529,3065,0,0
199.1871,12.3488,3064,0,0
199.2119,12.3811,3072,0,0
199.2367,12.3448,3063,0,0
199.2615,12.3569,3066,0,0
199.2863,12.3287,3059,0,0
199.3111,12.3247,3058,0,0
199.3359,12.3085,3054,0,0
199.3607,12.3569,3066,0,0
199.3855,12.3287,3059,0,0
199.4103,12.3529,3065,0,0
199.4351,12.3609,3067,0,0
199.4599,12.3529,3065,0,0
199.4847,12.3448,3063,0,0
199.5095,12.3166,3056,0,0
199.5343,12.3206,3057,0,0
199.5591,12.3166,3056,0,0
199.5839,12.3488,3064,0,0
199.6087,12.3448,3063,0,0
199.6335,12.3609,3067,0,0
199.6584,12.3287,3059,0,0
199.6832,12.3488,3064,0,0
199.7079,12.3488,3064,0,0
199.7328,12.3529,3065,0,0
199.7576,12.3126,3055,0,0
199.7824,12.3569,3066,0,0
199.8072,12.3609,3067,0,0
199.8320,12.3206,3057,0,0
199.8568,12.3247,3058,0,0
199.8816,12.3287,3059,0,0
199.9064,12.3287,3059,0,0
199.9312,12.3327,3060,0,0
199.9560,12.3166,3056,0,0
199.9808,12.3690,3069,0,0
200.0056,12.3327,3060,0,0
200.0304,12.3569,3066,0,0
200.0552,12.3166,3056,0,0
200.0800,12.3690,3069,0,0
200.1048,12.3287,3059,0,0
200.1296,12.3488,3064,0,0
200.1544,12.3448,3063,0,0
200.1792,12.3126,3055,0,0
200.2040,12.3287,3059,0,0
200.2288,12.3488,3064,0,0
200.2536,12.3206,3057,0,0
200.2784,12.3166,3056,0,0
200.3032,12.3206,3057,0,0
200.3280,12.3126,3055,0,0
200.3528,12.3045,3053,0,0
200.3776,12.3488,3064,0,0
200.4024,12.3327,3060,0,0
200.4272,12.3529,3065,0,0
200.4520,12.3287,3059,0,0
200.4768,12.3488,3064,0,0
200.5016,12.3529,3065,0,0
200.5264,12.3730,3070,0,0
200.5512,12.3327,3060,0,0
200.5760,12.3529,3065,0,0
200.6008,12.3488,3064,0,0
200.6256,12.3569,3066,0,0
200.6504,12.3206,3057,0,0
200.6752,12.3488,3064,0,0
200.7000,12.3529,3065,0,0
200.7249,12.3206,3057,0,0
200.7496,12.3488,3064,0,0
200.7744,12.3206,3057,0,0
200.7993,12.2924,3050,0,0
200.8241,12.3609,3067,0,0
200.8489,12.3247,3058,0,0
200.8737,12.3166,3056,0,0
200.8985,12.3851,3073,0,0
200.9233,12.3690,3069,0,0
200.9481,12.3569,3066,0,0
200.9729,12.3126,3055,0,0
200.9977,12.3206,3057,0,0
201.0225,12.3488,3064,0,0
201.0473,12.3609,3067,0,0
201.0721,12.3690,3069,0,0
201.0969,12.3730,3070,0,0
201.1217,12.3166,3056,0,0
201.1465,12.3529,3065,0,0
201.1713,12.3609,3067,0,0
201.1961,12.3085,3054,0,0
201.2209,12.3247,3058,0,0
201.2457,12.3287,3059,0,0
201.2705,12.3529,3065,0,0
201.2953,12.3166,3056,0,0
201.3201,12.3287,3059,0,0
201.3449,12.3287,3059,0,0
201.3697,12.3569,3066,0,0
201.3945,12.3327,3060,0,0
201.4193,12.3488,3064,0,0
201.4441,12.3488,3064,0,0
201.4689,12.3488,3064,0,0
201.4937,12.3569,3066,0,0
201.5185,12.3771,3071,0,0
201.5433,12.3085,3054,0,0
201.5681,12.3488,3064,0,0
201.5929,12.3851,3073,0,0
201.6177,12.3609,3067,0,0
201.6425,12.3126,3055,0,0
201.6673,12.3488,3064,0,0
201.6921,12.3287,3059,0,0
201.7169,12.3327,3060,0,0
201.7417,12.3529,3065,0,0
201.7665,12.3206,3057,0,0
201.7914,12.3166,3056,0,0
201.8161,12.3166,3056,0,0
201.8409,12.3206,3057,0,0
201.8658,12.3166,3056,0,0
201.8905,12.3287,3059,0,0
201.9154,12.3609,3067,0,0
201.9402,12.3569,3066,0,0
201.9650,12.3206,3057,0,0
201.9898,12.3488,3064,0,0
202.0146,12.3287,3059,0,0
202.0394,12.3811,3072,0,0
202.0642,12.3085,3054,0,0
202.0890,12.3448,3063,0,0
202.1138,12.3529,3065,0,0
202.1386,12.3126,3055,0,0
202.1634,12.3529,3065,0,0
202.1882,12.3287,3059,0,0
202.2130,12.3771,3071,0,0
202.2378,12.3206,3057,0,0
202.2626,12.3448,3063,0,0
202.2874,12.3569,3066,0,0
202.3122,12.3529,3065,0,0
202.3370,12.3206,3057,0,0
202.3618,12.3166,3056,0,0
202.3866,12.3287,3059,0,0
202.4114,12.3569,3066,0,0
202.4362,12.3126,3055,0,0
202.4610,12.3287,3059,0,0
202.4858,12.3206,3057,0,0
202.5106,12.3569,3066,0,0
202.5354,12.3488,3064,0,0
202.5602,12.3206,3057,0,0
202.5850,12.3609,3067,0,0
202.6098,12.3287,3059,0,0
202.6346,12.3327,3060,0,0
202.6594,12.3287,3059,0,0
202.6842,12.3529,3065,0,0
202.7090,12.3529,3065,0,0
202.7338,12.3529,3065,0,0
202.7586,12.3085,3054,0,0
202.7834,12.3529,3065,0,0
202.8082,12.3005,3052,0,0
202.8330,12.3811,3072,0,0
202.8578,12.3609,3067,0,0
202.8826,12.3771,3071,0,0
202.9074,12.3085,3054,0,0
202.9323,12.3005,3052,0,0
202.9570,12.3287,3059,0,0
202.9819,12.3206,3057,0,0
203.0067,12.3327,3060,0,0
203.0315,12.3448,3063,0,0
203.0563,12.3569,3066,0,0
203.0811,12.3569,3066,0,0
203.1059,12.3730,3070,0,0
203.1307,12.3488,3064,0,0
203.1555,12.3247,3058,0,0
203.1803,12.3287,3059,0,0
203.2051,12.3609,3067,0,0
203.2299,12.3690,3069,0,0
203.2547,12.3327,3060,0,0
203.2795,12.3206,3057,0,0
203.3043,12.3488,3064,0,0
203.3291,12.3488,3064,0,0
203.3539,12.3327,3060,0,0
203.3787,12.3529,3065,0,0
203.4035,12.3327,3060,0,0
203.4283,12.3327,3060,0,0
203.4531,12.3206,3057,0,0
203.4779,12.3448,3063,0,0
203.5027,12.3448,3063,0,0
203.5275,12.3045,3053,0,0
203.5523,12.3206,3057,0,0
203.5771,12.3327,3060,0,0
203.6019,12.3488,3064,0,0
203.6267,12.3287,3059,0,0
203.6515,12.3529,3065,0,0
203.6763,12.3206,3057,0,0
203.7011,12.3488,3064,0,0
203.7259,12.3206,3057,0,0
203.7507,12.3529,3065,0,0
203.7755,12.3287,3059,0,0
203.8003,12.3851,3073,0,0
203.8251,12.3448,3063,0,0
203.8499,12.3488,3064,0,0
203.8747,12.3287,3059,0,0
203.8995,12.3247,3058,0,0
203.9243,12.3327,3060,0,0
203.9491,12.3448,3063,0,0
203.9739,12.3085,3054,0,0
203.9987,12.3488,3064,0,0
204.0235,12.3730,3070,0,0
204.0484,12.3529,3065,0,0
204.0732,12.3287,3059,0,0
204.0980,12.3488,3064,0,0
204.1228,12.3529,3065,0,0
204.1476,12.3206,3057,0,0
204.1724,12.3488,3064,0,0
204.1972,12.3206,3057,0,0
204.2220,12.3166,3056,0,0
204.2468,12.3206,3057,0,0
204.2716,12.3045,3053,0,0
204.2964,12.3287,3059,0,0
204.3212,12.3206,3057,0,0
204.3460,12.3126,3055,0,0
204.3708,12.3730,3070,0,0
204.3956,12.3650,3068,0,0
204.4204,12.3126,3055,0,0
204.4452,12.3529,3065,0,0
204.4700,12.3166,3056,0,0
204.4948,12.3771,3071,0,0
204.5196,12.3488,3064,0,0
204.5444,12.3247,3058,0,0
204.5692,12.3408,3062,0,0
204.5940,12.3085,3054,0,0
204.6188,12.3126,3055,0,0
204.6436,12.3690,3069,0,0
204.6684,12.3529,3065,0,0
204.6932,12.3247,3058,0,0
204.7180,12.3488,3064,0,0
204.7428,12.3488,3064,0,0
204.7676,12.3408,3062,0,0
204.7924,12.3287,3059,0,0
204.8172,12.3609,3067,0,0
204.8420,12.3892,3074,0,0
204.8668,12.3247,3058,0,0
204.8916,12.3327,3060,0,0
204.9164,12.3327,3060,0,0
204.9412,12.3085,3054,0,0
204.9660,12.3287,3059,0,0
204.9908,12.3609,3067,0,0
205.0156,12.3529,3065,0,0
205.0404,12.3166,3056,0,0
205.0652,12.3771,3071,0,0
205.0900,12.3206,3057,0,0
205.1149,12.3488,3064,0,0
205.1396,12.3327,3060,0,0
205.1645,12.3287,3059,0,0
205.1893,12.3287,3059,0,0
205.2141,12.3166,3056,0,0
205.2389,12.3488,3064,0,0
205.2637,12.3206,3057,0,0
205.2885,12.3690,3069,0,0
205.3133,12.3529,3065,0,0
205.3381,12.3771,3071,0,0
205.3629,12.2844,3048,0,0
205.3877,12.3005,3052,0,0
205.4125,12.3569,3066,0,0
205.4373,12.3529,3065,0,0
205.4621,12.3085,3054,0,0
205.4869,12.3488,3064,0,0
205.5117,12.3126,3055,0,0
205.5365,12.3247,3058,0,0
205.5613,12.3771,3071,0,0
205.5861,12.3529,3065,0,0
205.6109,12.3287,3059,0,0
205.6357,12.3206,3057,0,0
205.6605,12.3488,3064,0,0
205.6853,12.3488,3064,0,0
205.7101,12.3287,3059,0,0
205.7349,12.3811,3072,0,0
205.7597,12.3529,3065,0,0
205.7845,12.3166,3056,0,0
205.8093,12.3529,3065,0,0
205.8341,12.3529,3065,0,0
205.8589,12.3126,3055,0,0
205.8837,12.3529,3065,0,0
205.9085,12.3730,3070,0,0
205.9333,12.3287,3059,0,0
205.9581,12.3529,3065,0,0
205.9829,12.3529,3065,0,0
206.0077,12.3529,3065,0,0
206.0325,12.3206,3057,0,0
206.0573,12.2844,3048,0,0
206.0821,12.3488,3064,0,0
206.1069,12.3166,3056,0,0
206.1317,12.3327,3060,0,0
206.1565,12.3529,3065,0,0
206.1814,12.3609,3067,0,0
206.2061,12.3327,3060,0,0
206.2310,12.3529,3065,0,0
206.2558,12.3206,3057,0,0
206.2806,12.3569,3066,0,0
206.3054,12.3569,3066,0,0
206.3302,12.3569,3066,0,0
206.3550,12.3287,3059,0,0
206.3798,12.3488,3064,0,0
206.4046,12.3126,3055,0,0
206.4294,12.3488,3064,0,0
206.4542,12.3206,3057,0,0
206.4790,12.3206,3057,0,0
206.5038,12.3287,3059,0,0
206.5286,12.3609,3067,0,0
206.5534,12.3529,3065,0,0
206.5782,12.3126,3055,0,0
206.6030,12.3529,3065,0,0
206.6278,12.3085,3054,0,0
206.6526,12.3126,3055,0,0
206.6774,12.3327,3060,0,0
206.7022,12.3529,3065,0,0
206.7270,12.3206,3057,0,0
206.7518,12.3650,3068,0,0
206.7766,12.3771,3071,0,0
206.8014,12.3609,3067,0,0
206.8262,12.3206,3057,0,0
206.8510,12.3529,3065,0,0
206.8758,12.3529,3065,0,0
206.9006,12.3529,3065,0,0
206.9254,12.3085,3054,0,0
206.9502,12.3206,3057,0,0
206.9750,12.3609,3067,0,0
206.9998,12.3166,3056,0,0
207.0246,12.3327,3060,0,0
207.0494,12.3206,3057,0,0
207.0742,12.3206,3057,0,0
207.0990,12.3166,3056,0,0
207.1238,12.3569,3066,0,0
207.1486,12.3166,3056,0,0
207.1734,12.3287,3059,0,0
207.1982,12.3206,3057,0,0
207.2230,12.3448,3063,0,0
207.2478,12.3206,3057,0,0
207.2726,12.3166,3056,0,0
207.2975,12.3730,3070,0,0
207.3223,12.3327,3060,0,0
207.3471,12.3287,3059,0,0
207.3719,12.3287,3059,0,0
207.3967,12.3206,3057,0,0
207.4215,12.3166,3056,0,0
207.4463,12.2763,3046,0,0
207.4711,12.3690,3069,0,0
207.4959,12.3650,3068,0,0
207.5207,12.3206,3057,0,0
207.5455,12.3327,3060,0,0
207.5703,12.3690,3069,0,0
207.5951,12.3085,3054,0,0
207.6199,12.3206,3057,0,0
207.6447,12.3609,3067,0,0
207.6695,12.3448,3063,0,0
207.6943,12.3206,3057,0,0
207.7191,12.3609,3067,0,0
207.7439,12.3166,3056,0,0
207.7687,12.3206,3057,0,0
207.7935,12.3529,3065,0,0
207.8183,12.3529,3065,0,0
207.8431,12.3609,3067,0,0
207.8679,12.3045,3053,0,0
207.8927,12.3690,3069,0,0
207.9175,12.3448,3063,0,0
207.9423,12.3569,3066,0,0
207.9671,12.3408,3062,0,0
207.9919,12.3529,3065,0,0
208.0167,12.3529,3065,0,0
208.0415,12.3126,3055,0,0
208.0663,12.3327,3060,0,0
208.0911,12.3650,3068,0,0
208.1159,12.3166,3056,0,0
208.1407,12.3529,3065,0,0
208.1655,12.3811,3072,0,0
208.1903,12.3166,3056,0,0
208.2151,12.3488,3064,0,0
208.2399,12.3569,3066,0,0
208.2647,12.3126,3055,0,0
208.2895,12.3206,3057,0,0
208.3143,12.3166,3056,0,0
208.3391,12.3811,3072,0,0
208.3640,12.3085,3054,0,0
208.3887,12.3166,3056,0,0
208.4136,12.3488,3064,0,0
208.4384,12.3166,3056,0,0
208.4632,12.3690,3069,0,0
208.4880,12.3730,3070,0,0
208.5128,12.3085,3054,0,0
208.5376,12.3448,3063,0,0
208.5624,12.3206,3057,0,0
208.5872,12.3206,3057,0,0
208.6120,12.3488,3064,0,0
208.6368,12.3287,3059,0,0
208.6616,12.3166,3056,0,0
208.6864,12.3488,3064,0,0
208.7112,12.3126,3055,0,0
208.7360,12.3488,3064,0,0
208.7608,12.3166,3056,0,0
208.7856,12.3529,3065,0,0
208.8104,12.3126,3055,0,0
208.8352,12.3488,3064,0,0
208.8600,12.3327,3060,0,0
208.8848,12.3247,3058,0,0
208.9096,12.3529,3065,0,0
208.9344,12.3206,3057,0,0
208.9592,12.3166,3056,0,0
208.9840,12.3287,3059,0,0
209.0088,12.3166,3056,0,0
209.0336,12.3529,3065,0,0
209.0584,12.3529,3065,0,0
209.0832,12.2924,3050,0,0
209.1080,12.3206,3057,0,0
209.1328,12.3448,3063,0,0
209.1576,12.3730,3070,0,0
209.1824,12.3609,3067,0,0
209.2072,12.3206,3057,0,0
209.2320,12.3206,3057,0,0
209.2568,12.3206,3057,0,0
209.2816,12.3206,3057,0,0
209.3064,12.3690,3069,0,0
209.3312,12.2924,3050,0,0
209.3560,12.3287,3059,0,0
209.3808,12.3529,3065,0,0
209.4056,12.3287,3059,0,0
209.4305,12.3206,3057,0,0
209.4552,12.3488,3064,0,0
209.4801,12.3166,3056,0,0
209.5049,12.3529,3065,0,0
209.5297,12.3206,3057,0,0
209.5545,12.3690,3069,0,0
209.5793,12.3126,3055,0,0
209.6041,12.3488,3064,0,0
209.6289,12.3529,3065,0,0
209.6537,12.3569,3066,0,0
209.6785,12.3488,3064,0,0
209.7033,12.3287,3059,0,0
209.7281,12.3448,3063,0,0
209.7529,12.3206,3057,0,0
209.7777,12.3730,3070,0,0
209.8025,12.3448,3063,0,0
209.8273,12.3126,3055,0,0
209.8521,12.2844,3048,0,0
209.8769,12.3488,3064,0,0
209.9017,12.3529,3065,0,0
209.9265,12.3126,3055,0,0
209.9513,12.3488,3064,0,0
209.9761,12.3448,3063,0,0
210.0009,12.3488,3064,0,0
210.0257,12.3085,3054,0,0
210.0505,12.3287,3059,0,0
210.0753,12.3247,3058,0,0
210.1001,12.3811,3072,0,0
210.1249,12.3247,3058,0,0
210.1497,12.3488,3064,0,0
210.1745,12.3609,3067,0,0
210.1993,12.3206,3057,0,0
210.2241,12.3287,3059,0,0
210.2489,12.3206,3057,0,0
210.2737,12.3005,3052,0,0
210.2985,12.3488,3064,0,0
210.3233,12.2844,3048,0,0
210.3481,12.3085,3054,0,0
210.3729,12.3166,3056,0,0
210.3977,12.3166,3056,0,0
210.4225,12.3327,3060,0,0
210.4473,12.3206,3057,0,0
210.4721,12.3085,3054,0,0
210.4969,12.3529,3065,0,0
210.5217,12.3287,3059,0,0
210.5466,12.3085,3054,0,0
210.5714,12.3529,3065,0,0
210.5962,12.3529,3065,0,0
210.6210,12.3166,3056,0,0
210.6458,12.2803,3047,0,0
210.6706,12.3206,3057,0,0
210.6954,12.3448,3063,0,0
210.7202,12.3327,3060,0,0
210.7450,12.3206,3057,0,0
210.7698,12.3166,3056,0,0
210.7946,12.3166,3056,0,0
210.8194,12.3126,3055,0,0
210.8442,12.3206,3057,0,0
210.8690,12.3529,3065,0,0
210.8938,12.3247,3058,0,0
210.9186,12.3166,3056,0,0
210.9434,12.3488,3064,0,0
210.9682,12.3609,3067,0,0
210.9930,12.3448,3063,0,0
211.0178,12.3811,3072,0,0
211.0426,12.3529,3065,0,0
211.0674,12.3488,3064,0,0
211.0922,12.3851,3073,0,0
211.1170,12.3488,3064,0,0
211.1418,12.3166,3056,0,0
211.1666,12.3126,3055,0,0
211.1914,12.3085,3054,0,0
211.2162,12.3569,3066,0,0
211.2410,12.3609,3067,0,0
211.2658,12.3166,3056,0,0
211.2906,12.3126,3055,0,0
211.3154,12.3287,3059,0,0
211.3402,12.3488,3064,0,0
211.3650,12.3529,3065,0,0
211.3898,12.3126,3055,0,0
211.4146,12.3005,3052,0,0
211.4394,12.3448,3063,0,0
211.4642,12.3529,3065,0,0
211.4890,12.3569,3066,0,0
211.5138,12.3206,3057,0,0
211.5386,12.3488,3064,0,0
211.5634,12.3448,3063,0,0
211.5882,12.3085,3054,0,0
211.6131,12.3085,3054,0,0
211.6378,12.3206,3057,0,0
211.6627,12.3166,3056,0,0
211.6875,12.2844,3048,0,0
211.7122,12.3529,3065,0,0
211.7371,12.3126,3055,0,0
211.7619,12.3488,3064,0,0
211.7867,12.3085,3054,0,0
211.8115,12.3488,3064,0,0
211.8363,12.3126,3055,0,0
211.8611,12.3206,3057,0,0
211.8859,12.3488,3064,0,0
211.9107,12.3771,3071,0,0
211.9355,12.3448,3063,0,0
211.9603,12.3327,3060,0,0
211.9851,12.3488,3064,0,0
212.0099,12.3166,3056,0,0
212.0347,12.3206,3057,0,0
212.0595,12.3488,3064,0,0
212.0843,12.3247,3058,0,0
212.1091,12.3327,3060,0,0
212.1339,12.3569,3066,0,0
212.1587,12.3206,3057,0,0
212.1835,12.3166,3056,0,0
212.2083,12.3529,3065,0,0
212.2331,12.3287,3059,0,0
212.2579,12.3327,3060,0,0
212.2827,12.3488,3064,0,0
212.3075,12.3085,3054,0,0
212.3323,12.3569,3066,0,0
212.3571,12.3085,3054,0,0
212.3819,12.3287,3059,0,0
212.4067,12.3529,3065,0,0
212.4315,12.3166,3056,0,0
212.4563,12.3166,3056,0,0
212.4811,12.3327,3060,0,0
212.5059,12.3771,3071,0,0
212.5307,12.3206,3057,0,0
212.5555,12.3609,3067,0,0
212.5803,12.3126,3055,0,0
212.6051,12.3166,3056,0,0
212.6299,12.3247,3058,0,0
212.6547,12.3972,3076,0,0
212.6796,12.3085,3054,0,0
212.7043,12.3206,3057,0,0
212.7292,12.3488,3064,0,0
212.7540,12.3166,3056,0,0
212.7787,12.3206,3057,0,0
212.8036,12.3730,3070,0,0
212.8284,12.3005,3052,0,0
212.8532,12.3045,3053,0,0
212.8780,12.3488,3064,0,0
212.9028,12.3569,3066,0,0
212.9276,12.3448,3063,0,0
212.9524,12.3126,3055,0,0
212.9772,12.3529,3065,0,0
213.0020,12.3085,3054,0,0
213.0268,12.2803,3047,0,0
213.0516,12.3529,3065,0,0
213.0764,12.3448,3063,0,0
213.1012,12.3085,3054,0,0
213.1260,12.3166,3056,0,0
213.1508,12.3488,3064,0,0
213.1756,12.3529,3065,0,0
213.2004,12.3166,3056,0,0
213.2252,12.3327,3060,0,0
213.2500,12.3851,3073,0,0
213.2748,12.3247,3058,0,0
213.2996,12.2965,3051,0,0
213.3244,12.3126,3055,0,0
213.3492,12.3206,3057,0,0
213.3740,12.3166,3056,0,0
213.3988,12.3327,3060,0,0
213.4236,12.3488,3064,0,0
213.4484,12.3005,3052,0,0
213.4732,12.3327,3060,0,0
213.4980,12.3448,3063,0,0
213.5228,12.3529,3065,0,0
213.5476,12.3166,3056,0,0
213.5724,12.3529,3065,0,0
213.5972,12.3206,3057,0,0
213.6220,12.3166,3056,0,0
213.6468,12.3488,3064,0,0
213.6716,12.3488,3064,0,0
213.6964,12.3206,3057,0,0
213.7212,12.3206,3057,0,0
213.7460,12.3488,3064,0,0
213.7708,12.3126,3055,0,0
213.7957,12.3166,3056,0,0
213.8204,12.3287,3059,0,0
213.8452,12.3166,3056,0,0
213.8701,12.3448,3063,0,0
213.8949,12.3166,3056,0,0
213.9197,12.3488,3064,0,0
213.9445,12.3448,3063,0,0
213.9693,12.3045,3053,0,0
213.9941,12.3327,3060,0,0
214.0189,12.3730,3070,0,0
214.0437,12.3327,3060,0,0
214.0685,12.3488,3064,0,0
214.0933,12.3488,3064,0,0
214.1181,12.2844,3048,0,0
214.1429,12.3126,3055,0,0
214.1677,12.3287,3059,0,0
214.1925,12.3569,3066,0,0
214.2173,12.3166,3056,0,0
214.2421,12.3126,3055,0,0
214.2669,12.3609,3067,0,0
214.2917,12.3529,3065,0,0
214.3165,12.2844,3048,0,0
214.3413,12.2965,3051,0,0
214.3661,12.3529,3065,0,0
214.3909,12.3206,3057,0,0
214.4157,12.3126,3055,0,0
214.4405,12.3488,3064,0,0
214.4653,12.3085,3054,0,0
214.4901,12.3327,3060,0,0
214.5149,12.3529,3065,0,0
214.5397,12.3488,3064,0,0
214.5645,12.3126,3055,0,0
214.5893,12.3206,3057,0,0
214.6141,12.3730,3070,0,0
214.6389,12.3569,3066,0,0
214.6637,12.3166,3056,0,0
214.6885,12.3811,3072,0,0
214.7133,12.3327,3060,0,0
214.7381,12.3529,3065,0,0
214.7629,12.3730,3070,0,0
214.7877,12.3126,3055,0,0
214.8125,12.3569,3066,0,0
214.8373,12.3327,3060,0,0
214.8622,12.3488,3064,0,0
214.8869,12.3529,3065,0,0
214.9117,12.3448,3063,0,0
214.9366,12.3206,3057,0,0
214.9613,12.3609,3067,0,0
214.9862,12.3287,3059,0,0
215.0110,12.3206,3057,0,0
215.0358,12.3166,3056,0,0
215.0606,12.3327,3060,0,0
215.0854,12.3166,3056,0,0
215.1102,12.3085,3054,0,0
215.1350,12.3650,3068,0,0
215.1598,12.3206,3057,0,0
215.1846,12.3488,3064,0,0
215.2094,12.3287,3059,0,0
215.2342,12.3488,3064,0,0
215.2590,12.3166,3056,0,0
215.2838,12.3488,3064,0,0
215.3086,12.3609,3067,0,0
215.3334,12.3126,3055,0,0
215.3582,12.3609,3067,0,0
215.3830,12.3488,3064,0,0
215.4078,12.3206,3057,0,0
215.4326,12.3085,3054,0,0
215.4574,12.3811,3072,0,0
215.4822,12.3488,3064,0,0
215.5070,12.2924,3050,0,0
215.5318,12.3529,3065,0,0
215.5566,12.3488,3064,0,0
215.5814,12.3247,3058,0,0
215.6062,12.3247,3058,0,0
215.6310,12.3771,3071,0,0
215.6558,12.3488,3064,0,0
215.6806,12.3206,3057,0,0
215.7054,12.3448,3063,0,0
215.7302,12.2844,3048,0,0
215.7550,12.3005,3052,0,0
215.7798,12.3488,3064,0,0
215.8046,12.3529,3065,0,0
215.8294,12.3529,3065,0,0
215.8542,12.3085,3054,0,0
215.8790,12.3609,3067,0,0
215.9038,12.3529,3065,0,0
215.9286,12.3126,3055,0,0
215.9534,12.3488,3064,0,0
215.9782,12.3448,3063,0,0
216.0031,12.3287,3059,0,0
216.0278,12.3488,3064,0,0
216.0527,12.3166,3056,0,0
216.0775,12.3488,3064,0,0
216.1023,12.3327,3060,0,0
216.1271,12.3529,3065,0,0
216.1519,12.3327,3060,0,0
216.1767,12.3126,3055,0,0
216.2015,12.3488,3064,0,0
216.2263,12.3206,3057,0,0
216.2511,12.3126,3055,0,0
216.2759,12.2924,3050,0,0
216.3007,12.3529,3065,0,0
216.3255,12.3206,3057,0,0
216.3503,12.3085,3054,0,0
216.3751,12.3287,3059,0,0
216.3999,12.3488,3064,0,0
216.4247,12.3126,3055,0,0
216.4495,12.3166,3056,0,0
216.4743,12.3609,3067,0,0
216.4991,12.3126,3055,0,0
216.5239,12.3166,3056,0,0
216.5487,12.3287,3059,0,0
216.5735,12.3488,3064,0,0
216.5983,12.3287,3059,0,0
216.6231,12.3488,3064,0,0
216.6479,12.3287,3059,0,0
216.6727,12.3085,3054,0,0
216.6975,12.3166,3056,0,0
216.7223,12.3327,3060,0,0
216.7471,12.3126,3055,0,0
216.7719,12.3166,3056,0,0
216.7967,12.3206,3057,0,0
216.8215,12.3529,3065,0,0
216.8463,12.2924,3050,0,0
216.8711,12.3126,3055,0,0
216.8959,12.3569,3066,0,0
216.9207,12.3287,3059,0,0
216.9455,12.2924,3050,0,0
216.9703,12.3287,3059,0,0
216.9951,12.3247,3058,0,0
217.0199,12.3206,3057,0,0
217.0448,12.3690,3069,0,0
217.0695,12.3206,3057,0,0
217.0943,12.3730,3070,0,0
217.1192,12.3126,3055,0,0
217.1440,12.3045,3053,0,0
217.1688,12.3126,3055,0,0
217.1936,12.3287,3059,0,0
217.2184,12.3206,3057,0,0
217.2432,12.3287,3059,0,0
217.2680,12.3529,3065,0,0
217.2928,12.3206,3057,0,0
217.3176,12.3287,3059,0,0
217.3424,12.3287,3059,0,0
217.3672,12.3206,3057,0,0
217.3920,12.3005,3052,0,0
217.4168,12.3488,3064,0,0
217.4416,12.3287,3059,0,0
217.4664,12.3206,3057,0,0
217.4912,12.3529,3065,0,0
217.5160,12.3287,3059,0,0
217.5408,12.3206,3057,0,0
217.5656,12.3529,3065,0,0
217.5904,12.3126,3055,0,0
217.6152,12.3206,3057,0,0
217.6400,12.3166,3056,0,0
217.6648,12.3811,3072,0,0
217.6896,12.3085,3054,0,0
217.7144,12.3045,3053,0,0
217.7392,12.3569,3066,0,0
217.7640,12.3327,3060,0,0
217.7888,12.3529,3065,0,0
217.8136,12.3166,3056,0,0
217.8384,12.3569,3066,0,0
217.8632,12.3488,3064,0,0
217.8880,12.3488,3064,0,0
217.9128,12.3166,3056,0,0
217.9376,12.3166,3056,0,0
217.9624,12.3448,3063,0,0
217.9872,12.3609,3067,0,0
218.0120,12.3529,3065,0,0
218.0368,12.3287,3059,0,0
218.0616,12.3529,3065,0,0
218.0864,12.3609,3067,0,0
218.1113,12.3488,3064,0,0
218.1360,12.3166,3056,0,0
218.1608,12.3488,3064,0,0
218.1857,12.3206,3057,0,0
218.2104,12.3206,3057,0,0
218.2353,12.3488,3064,0,0
218.2601,12.3569,3066,0,0
218.2849,12.3488,3064,0,0
218.3097,12.3287,3059,0,0
218.3345,12.3126,3055,0,0
218.3593,12.3287,3059,0,0
218.3841,12.3488,3064,0,0
218.4089,12.3166,3056,0,0
218.4337,12.3488,3064,0,0
218.4585,12.3287,3059,0,0
218.4833,12.3851,3073,0,0
218.5081,12.3206,3057,0,0
218.5329,12.3247,3058,0,0
218.5577,12.3287,3059,0,0
218.5825,12.3247,3058,0,0
218.6073,12.3488,3064,0,0
218.6321,12.3327,3060,0,0
218.6569,12.3085,3054,0,0
218.6817,12.3085,3054,0,0
218.7065,12.3488,3064,0,0
218.7313,12.3287,3059,0,0
218.7561,12.3005,3052,0,0
218.7809,12.3529,3065,0,0
218.8057,12.3247,3058,0,0
218.8305,12.3448,3063,0,0
218.8553,12.3771,3071,0,0
218.8801,12.3085,3054,0,0
218.9049,12.3126,3055,0,0
218.9297,12.3529,3065,0,0
218.9545,12.3327,3060,0,0
218.9793,12.3327,3060,0,0
219.0041,12.3247,3058,0,0
219.0289,12.3529,3065,0,0
219.0537,12.3005,3052,0,0
219.0785,12.3287,3059,0,0
219.1033,12.3005,3052,0,0
219.1281,12.3206,3057,0,0
219.1529,12.3730,3070,0,0
219.1777,12.3609,3067,0,0
219.2025,12.2844,3048,0,0
219.2273,12.3327,3060,0,0
219.2522,12.3609,3067,0,0
219.2769,12.3206,3057,0,0
219.3018,12.3206,3057,0,0
219.3266,12.3609,3067,0,0
219.3514,12.3609,3067,0,0
219.3762,12.3287,3059,0,0
219.4010,12.2844,3048,0,0
219.4258,12.3206,3057,0,0
219.4506,12.3206,3057,0,0
219.4754,12.3085,3054,0,0
219.5002,12.3488,3064,0,0
219.5250,12.3529,3065,0,0
219.5498,12.3166,3056,0,0
219.5746,12.3166,3056,0,0
219.5994,12.3448,3063,0,0
219.6242,12.3327,3060,0,0
219.6490,12.3045,3053,0,0
219.6738,12.3327,3060,0,0
219.6986,12.3609,3067,0,0
219.7234,12.3085,3054,0,0
219.7482,12.3045,3053,0,0
219.7730,12.3771,3071,0,0
219.7978,12.3126,3055,0,0
219.8226,12.3126,3055,0,0
219.8474,12.3166,3056,0,0
219.8722,12.3730,3070,0,0
219.8970,12.3126,3055,0,0
219.9218,12.3206,3057,0,0
219.9466,12.3206,3057,0,0
219.9714,12.3126,3055,0,0
219.9962,12.3166,3056,0,0
220.0210,12.3488,3064,0,0
220.0458,12.3690,3069,0,0
220.0706,12.3166,3056,0,0
220.0954,12.3287,3059,0,0
220.1202,12.3529,3065,0,0
220.1450,12.3166,3056,0,0
220.1698,12.3206,3057,0,0
220.1946,12.3327,3060,0,0
220.2194,12.3690,3069,0,0
220.2442,12.3287,3059,0,0
220.2690,12.3126,3055,0,0
220.2938,12.3811,3072,0,0
220.3186,12.2844,3048,0,0
220.3434,12.3287,3059,0,0
220.3683,12.3488,3064,0,0
220.3931,12.3730,3070,0,0
220.4179,12.2924,3050,0,0
220.4427,12.3206,3057,0,0
220.4675,12.3488,3064,0,0
220.4923,12.3126,3055,0,0
220.5171,12.2803,3047,0,0
220.5419,12.3448,3063,0,0
220.5667,12.3488,3064,0,0
220.5915,12.3166,3056,0,0
220.6163,12.3206,3057,0,0
220.6411,12.3730,3070,0,0
220.6659,12.3529,3065,0,0
220.6907,12.3488,3064,0,0
220.7155,12.3529,3065,0,0
220.7403,12.2844,3048,0,0
220.7651,12.2924,3050,0,0
220.7899,12.3529,3065,0,0
220.8147,12.3327,3060,0,0
220.8395,12.3085,3054,0,0
220.8643,12.3488,3064,0,0
220.8891,12.3488,3064,0,0
220.9139,12.3247,3058,0,0
220.9387,12.3206,3057,0,0
220.9635,12.3287,3059,0,0
220.9883,12.3206,3057,0,0
221.0131,12.3206,3057,0,0
221.0379,12.3488,3064,0,0
221.0627,12.3690,3069,0,0
221.0875,12.3529,3065,0,0
221.1123,12.3206,3057,0,0
221.1371,12.4214,3082,0,0
221.1619,12.3529,3065,0,0
221.1867,12.2924,3050,0,0
221.2115,12.3529,3065,0,0
221.2363,12.3529,3065,0,0
221.2611,12.3126,3055,0,0
221.2859,12.3569,3066,0,0
221.3107,12.3529,3065,0,0
221.3355,12.3488,3064,0,0
221.3603,12.3529,3065,0,0
221.3851,12.3206,3057,0,0
221.4099,12.3488,3064,0,0
221.4348,12.3771,3071,0,0
221.4595,12.3448,3063,0,0
221.4844,12.3488,3064,0,0
221.5092,12.3529,3065,0,0
221.5340,12.2924,3050,0,0
221.5588,12.3730,3070,0,0
221.5836,12.3287,3059,0,0
221.6084,12.3690,3069,0,0
221.6332,12.3166,3056,0,0
221.6580,12.3327,3060,0,0
221.6828,12.3206,3057,0,0
221.7076,12.3327,3060,0,0
221.7324,12.3448,3063,0,0
221.7572,12.3730,3070,0,0
221.7820,12.3287,3059,0,0
221.8068,12.3327,3060,0,0
221.8316,12.3529,3065,0,0
221.8564,12.3327,3060,0,0
221.8812,12.3730,3070,0,0
221.9060,12.3166,3056,0,0
221.9308,12.3529,3065,0,0
221.9556,12.3327,3060,0,0
221.9804,12.3529,3065,0,0
222.0052,12.3247,3058,0,0
222.0300,12.3287,3059,0,0
222.0548,12.3166,3056,0,0
222.0796,12.3206,3057,0,0
222.1044,12.3166,3056,0,0
222.1292,12.3529,3065,0,0
222.1540,12.3206,3057,0,0
222.1788,12.3166,3056,0,0
222.2036,12.3166,3056,0,0
222.2284,12.3488,3064,0,0
222.2532,12.3690,3069,0,0
222.2780,12.3085,3054,0,0
222.3028,12.3529,3065,0,0
222.3276,12.3488,3064,0,0
222.3524,12.3529,3065,0,0
222.3772,12.2965,3051,0,0
222.4020,12.3488,3064,0,0
222.4268,12.3448,3063,0,0
222.4516,12.3126,3055,0,0
222.4764,12.3327,3060,0,0
222.5013,12.3488,3064,0,0
222.5260,12.2844,3048,0,0
222.5509,12.3206,3057,0,0
222.5757,12.3488,3064,0,0
222.6005,12.3529,3065,0,0
222.6253,12.3126,3055,0,0
222.6501,12.3206,3057,0,0
222.6749,12.3529,3065,0,0
222.6997,12.2924,3050,0,0
222.7245,12.3126,3055,0,0
222.7493,12.3730,3070,0,0
222.7741,12.3771,3071,0,0
222.7989,12.3206,3057,0,0
222.8237,12.3206,3057,0,0
222.8485,12.3287,3059,0,0
222.8733,12.3569,3066,0,0
222.8981,12.3569,3066,0,0
222.9229,12.3287,3059,0,0
222.9477,12.3448,3063,0,0
222.9725,12.3811,3072,0,0
222.9973,12.3206,3057,0,0
223.0221,12.3488,3064,0,0
223.0469,12.3488,3064,0,0
223.0717,12.3166,3056,0,0
223.0965,12.3448,3063,0,0
223.1213,12.3569,3066,0,0
223.1461,12.3206,3057,0,0
223.1709,12.3488,3064,0,0
223.1957,12.3529,3065,0,0
223.2205,12.3327,3060,0,0
223.2453,12.3327,3060,0,0
223.2701,12.3488,3064,0,0
223.2949,12.3166,3056,0,0
223.3197,12.3287,3059,0,0
223.3445,12.2844,3048,0,0
223.3693,12.3529,3065,0,0
223.3941,12.3529,3065,0,0
223.4189,12.3126,3055,0,0
223.4437,12.3529,3065,0,0
223.4685,12.3126,3055,0,0
223.4933,12.3005,3052,0,0
223.5181,12.3287,3059,0,0
223.5429,12.3327,3060,0,0
223.5677,12.3569,3066,0,0
223.5925,12.3085,3054,0,0
223.6174,12.3488,3064,0,0
223.6422,12.3609,3067,0,0
223.6670,12.3085,3054,0,0
223.6918,12.3166,3056,0,0
223.7166,12.3690,3069,0,0
223.7414,12.3126,3055,0,0
223.7662,12.3126,3055,0,0
223.7910,12.3529,3065,0,0
223.8158,12.2965,3051,0,0
223.8406,12.3206,3057,0,0
223.8654,12.3529,3065,0,0
223.8902,12.3166,3056,0,0
223.9150,12.3488,3064,0,0
223.9398,12.3287,3059,0,0
223.9646,12.3166,3056,0,0
223.9894,12.3166,3056,0,0
224.0142,12.3488,3064,0,0
224.0390,12.2924,3050,0,0
224.0638,12.3488,3064,0,0
224.0886,12.3166,3056,0,0
224.1134,12.3287,3059,0,0
224.1382,12.3529,3065,0,0
224.1630,12.3287,3059,0,0
224.1878,12.3327,3060,0,0
224.2126,12.3287,3059,0,0
224.2374,12.3287,3059,0,0
224.2622,12.3287,3059,0,0
224.2870,12.2763,3046,0,0
224.3118,12.3569,3066,0,0
224.3366,12.3327,3060,0,0
224.3614,12.3488,3064,0,0
224.3862,12.3206,3057,0,0
224.4110,12.3529,3065,0,0
224.4358,12.3206,3057,0,0
224.4606,12.3529,3065,0,0
224.4854,12.3206,3057,0,0
224.5102,12.3166,3056,0,0
224.5350,12.3488,3064,0,0
224.5598,12.3085,3054,0,0
224.5846,12.3206,3057,0,0
224.6094,12.3488,3064,0,0
224.6342,12.3650,3068,0,0
224.6590,12.3408,3062,0,0
224.6839,12.3488,3064,0,0
224.7086,12.2844,3048,0,0
224.7335,12.3206,3057,0,0
224.7583,12.3569,3066,0,0
224.7831,12.3287,3059,0,0
224.8079,12.3569,3066,0,0
224.8327,12.3327,3060,0,0
224.8575,12.3327,3060,0,0
224.8823,12.2803,3047,0,0
224.9071,12.3488,3064,0,0
224.9319,12.3206,3057,0,0
224.9567,12.3166,3056,0,0
224.9815,12.3488,3064,0,0
225.0063,12.3771,3071,0,0
225.0311,12.3005,3052,0,0
225.0559,12.3730,3070,0,0
225.0807,12.3529,3065,0,0
225.1055,12.2844,3048,0,0
225.1303,12.3166,3056,0,0
225.1551,12.3529,3065,0,0
225.1799,12.3166,3056,0,0
225.2047,12.3206,3057,0,0
225.2295,12.3206,3057,0,0
225.2543,12.3529,3065,0,0
225.2791,12.3287,3059,0,0
225.3039,12.3126,3055,0,0
225.3287,12.3609,3067,0,0
225.3535,12.3690,3069,0,0
225.3783,12.3166,3056,0,0
225.4031,12.3327,3060,0,0
225.4279,12.3771,3071,0,0
225.4527,12.3166,3056,0,0
225.4775,12.2844,3048,0,0
225.5023,12.3488,3064,0,0
225.5271,12.3206,3057,0,0
225.5519,12.3126,3055,0,0
225.5767,12.3206,3057,0,0
225.6015,12.3569,3066,0,0
225.6263,12.3206,3057,0,0
225.6511,12.3126,3055,0,0
225.6759,12.3166,3056,0,0
225.7007,12.3247,3058,0,0
225.7255,12.2965,3051,0,0
225.7504,12.3206,3057,0,0
225.7751,12.3126,3055,0,0
225.8000,12.3206,3057,0,0
225.8248,12.3247,3058,0,0
225.8495,12.3569,3066,0,0
225.8744,12.3488,3064,0,0
225.8992,12.3488,3064,0,0
225.9240,12.3005,3052,0,0
225.9488,12.3166,3056,0,0
225.9736,12.2924,3050,0,0
225.9984,12.3529,3065,0,0
226.0232,12.3730,3070,0,0
226.0480,12.3166,3056,0,0
226.0728,12.3448,3063,0,0
226.0976,12.3206,3057,0,0
226.1224,12.3166,3056,0,0
226.1472,12.3529,3065,0,0
226.1720,12.3045,3053,0,0
226.1968,12.3166,3056,0,0
226.2216,12.3206,3057,0,0
226.2464,12.3126,3055,0,0
226.2712,12.3448,3063,0,0
226.2960,12.3529,3065,0,0
226.3208,12.3126,3055,0,0
226.3456,12.3287,3059,0,0
226.3704,12.3488,3064,0,0
226.3952,12.3126,3055,0,0
226.4200,12.3206,3057,0,0
226.4448,12.3569,3066,0,0
226.4696,12.3529,3065,0,0
226.4944,12.3287,3059,0,0
226.5192,12.3488,3064,0,0
226.5440,12.3287,3059,0,0
226.5688,12.3488,3064,0,0
226.5936,12.3287,3059,0,0
226.6184,12.3287,3059,0,0
226.6432,12.3488,3064,0,0
226.6680,12.3247,3058,0,0
226.6928,12.3126,3055,0,0
226.7176,12.3488,3064,0,0
226.7424,12.2803,3047,0,0
226.7672,12.2924,3050,0,0
226.7920,12.3206,3057,0,0
226.8168,12.2924,3050,0,0
226.8416,12.3166,3056,0,0
226.8665,12.3448,3063,0,0
226.8913,12.3730,3070,0,0
226.9160,12.3085,3054,0,0
226.9409,12.2924,3050,0,0
226.9657,12.3166,3056,0,0
226.9905,12.3408,3062,0,0
227.0153,12.3327,3060,0,0
227.0401,12.3529,3065,0,0
227.0649,12.2924,3050,0,0
227.0897,12.3287,3059,0,0
227.1145,12.3569,3066,0,0
227.1393,12.3166,3056,0,0
227.1641,12.3166,3056,0,0
227.1889,12.3327,3060,0,0
227.2137,12.3126,3055,0,0
227.2385,12.3206,3057,0,0
227.2633,12.3126,3055,0,0
227.2881,12.3045,3053,0,0
227.3129,12.3166,3056,0,0
227.3377,12.2965,3051,0,0
227.3625,12.3247,3058,0,0
227.3873,12.3609,3067,0,0
227.4121,12.3166,3056,0,0
227.4369,12.3488,3064,0,0
227.4617,12.3448,3063,0,0
227.4865,12.3085,3054,0,0
227.5113,12.3609,3067,0,0
227.5361,12.2924,3050,0,0
227.5609,12.2844,3048,0,0
227.5857,12.3247,3058,0,0
227.6105,12.3327,3060,0,0
227.6353,12.3166,3056,0,0
227.6601,12.3206,3057,0,0
227.6849,12.3166,3056,0,0
227.7097,12.3166,3056,0,0
227.7345,12.3126,3055,0,0
227.7593,12.3609,3067,0,0
227.7841,12.3529,3065,0,0
227.8089,12.3529,3065,0,0
227.8337,12.3488,3064,0,0
227.8585,12.3206,3057,0,0
227.8833,12.3206,3057,0,0
227.9081,12.3569,3066,0,0
227.9330,12.2965,3051,0,0
227.9577,12.2844,3048,0,0
227.9826,12.3488,3064,0,0
228.0074,12.3730,3070,0,0
228.0322,12.3166,3056,0,0
228.0570,12.3005,3052,0,0
228.0818,12.3287,3059,0,0
228.1066,12.3005,3052,0,0
228.1314,12.3569,3066,0,0
228.1562,12.3327,3060,0,0
228.1810,12.3609,3067,0,0
228.2058,12.3126,3055,0,0
228.2306,12.2803,3047,0,0
228.2554,12.3529,3065,0,0
228.2802,12.3529,3065,0,0
228.3050,12.2924,3050,0,0
228.3298,12.3166,3056,0,0
228.3546,12.3488,3064,0,0
228.3794,12.3609,3067,0,0
228.4042,12.3206,3057,0,0
228.4290,12.3166,3056,0,0
228.4538,12.3287,3059,0,0
228.4786,12.3569,3066,0,0
228.5034,12.3690,3069,0,0
228.5282,12.3166,3056,0,0
228.5530,12.2924,3050,0,0
228.5778,12.3166,3056,0,0
228.6026,12.3569,3066,0,0
228.6274,12.2924,3050,0,0
228.6522,12.3206,3057,0,0
228.6770,12.3206,3057,0,0
228.7018,12.3488,3064,0,0
228.7266,12.3327,3060,0,0
228.7514,12.3166,3056,0,0
228.7762,12.3206,3057,0,0
228.8010,12.3771,3071,0,0
228.8258,12.2803,3047,0,0
228.8506,12.3126,3055,0,0
228.8754,12.3609,3067,0,0
228.9002,12.2803,3047,0,0
228.9250,12.3206,3057,0,0
228.9498,12.3488,3064,0,0
228.9746,12.3851,3073,0,0
228.9995,12.3206,3057,0,0
229.0242,12.3206,3057,0,0
229.0491,12.3287,3059,0,0
229.0739,12.2844,3048,0,0
229.0986,12.3166,3056,0,0
229.1235,12.3529,3065,0,0
229.1483,12.2844,3048,0,0
229.1731,12.2844,3048,0,0
229.1979,12.3730,3070,0,0
229.2227,12.3609,3067,0,0
229.2475,12.3206,3057,0,0
229.2723,12.3206,3057,0,0
229.2971,12.3126,3055,0,0
229.3219,12.3126,3055,0,0
229.3467,12.2844,3048,0,0
229.3715,12.3045,3053,0,0
229.3963,12.3529,3065,0,0
229.4211,12.3085,3054,0,0
229.4459,12.2844,3048,0,0
229.4707,12.3488,3064,0,0
229.4955,12.3488,3064,0,0
229.5203,12.3126,3055,0,0
229.5451,12.3206,3057,0,0
229.5699,12.3488,3064,0,0
229.5947,12.3488,3064,0,0
229.6195,12.3247,3058,0,0
229.6443,12.3206,3057,0,0
229.6691,12.3287,3059,0,0
229.6939,12.3005,3052,0,0
229.7187,12.3126,3055,0,0
229.7435,12.3287,3059,0,0
229.7683,12.2844,3048,0,0
229.7931,12.2924,3050,0,0
229.8179,12.3488,3064,0,0
229.8427,12.3045,3053,0,0
229.8675,12.3085,3054,0,0
229.8923,12.3488,3064,0,0
229.9171,12.3206,3057,0,0
229.9419,12.2965,3051,0,0
229.9667,12.3126,3055,0,0
229.9915,12.3488,3064,0,0
230.0163,12.3448,3063,0,0
230.0411,12.3488,3064,0,0
230.0659,12.3488,3064,0,0
230.0907,12.3529,3065,0,0
230.1156,12.3287,3059,0,0
230.1404,12.3488,3064,0,0
230.1651,12.3206,3057,0,0
230.1900,12.3166,3056,0,0
230.2148,12.3045,3053,0,0
230.2396,12.3529,3065,0,0
230.2644,12.3206,3057,0,0
230.2892,12.3206,3057,0,0
230.3140,12.3085,3054,0,0
230.3388,12.3488,3064,0,0
230.3636,12.3206,3057,0,0
230.3884,12.3126,3055,0,0
230.4132,12.3247,3058,0,0
230.4380,12.3488,3064,0,0
230.4628,12.3166,3056,0,0
230.4876,12.3488,3064,0,0
230.5124,12.3529,3065,0,0
230.5372,12.3206,3057,0,0
230.5620,12.3327,3060,0,0
230.5868,12.3166,3056,0,0
230.6116,12.3287,3059,0,0
230.6364,12.3327,3060,0,0
230.6612,12.3126,3055,0,0
230.6860,12.3448,3063,0,0
230.7108,12.2965,3051,0,0
230.7356,12.3287,3059,0,0
230.7604,12.3126,3055,0,0
230.7852,12.3287,3059,0,0
230.8100,12.3005,3052,0,0
230.8348,12.3206,3057,0,0
230.8596,12.3206,3057,0,0
230.8844,12.3287,3059,0,0
230.9092,12.2924,3050,0,0
230.9340,12.3488,3064,0,0
230.9588,12.3529,3065,0,0
230.9836,12.3448,3063,0,0
231.0084,12.3206,3057,0,0
231.0332,12.3529,3065,0,0
231.0580,12.2844,3048,0,0
231.0828,12.3166,3056,0,0
231.1076,12.3126,3055,0,0
231.1324,12.3166,3056,0,0
231.1572,12.3005,3052,0,0
231.1821,12.2360,3036,0,0
231.2068,12.3529,3065,0,0
231.2316,12.3448,3063,0,0
231.2565,12.3206,3057,0,0
231.2812,12.3126,3055,0,0
231.3061,12.3488,3064,0,0
231.3309,12.3327,3060,0,0
231.3557,12.3206,3057,0,0
231.3805,12.3327,3060,0,0
231.4053,12.3085,3054,0,0
231.4301,12.3247,3058,0,0
231.4549,12.3529,3065,0,0
231.4797,12.3529,3065,0,0
231.5045,12.3206,3057,0,0
231.5293,12.3327,3060,0,0
231.5541,12.3730,3070,0,0
231.5789,12.2924,3050,0,0
231.6037,12.2924,3050,0,0
231.6285,12.3529,3065,0,0
231.6533,12.3488,3064,0,0
231.6781,12.3045,3053,0,0
231.7029,12.3327,3060,0,0
231.7277,12.2844,3048,0,0
231.7525,12.3166,3056,0,0
231.7773,12.3529,3065,0,0
231.8021,12.3166,3056,0,0
231.8269,12.3287,3059,0,0
231.8517,12.3045,3053,0,0
231.8765,12.2844,3048,0,0
231.9013,12.3488,3064,0,0
231.9261,12.3488,3064,0,0
231.9509,12.3005,3052,0,0
231.9757,12.3166,3056,0,0
232.0005,12.3327,3060,0,0
232.0253,12.3287,3059,0,0
232.0501,12.3287,3059,0,0
232.0749,12.3488,3064,0,0
232.0997,12.3327,3060,0,0
232.1245,12.3005,3052,0,0
232.1493,12.3529,3065,0,0
232.1741,12.3327,3060,0,0
232.1989,12.2602,3042,0,0
232.2237,12.3126,3055,0,0
232.2486,12.3327,3060,0,0
232.2733,12.3448,3063,0,0
232.2981,12.3166,3056,0,0
232.3230,12.3206,3057,0,0
232.3477,12.3287,3059,0,0
232.3726,12.3085,3054,0,0
232.3974,12.3166,3056,0,0
232.4222,12.3488,3064,0,0
232.4470,12.3206,3057,0,0
232.4718,12.3126,3055,0,0
232.4966,12.3529,3065,0,0
232.5214,12.2924,3050,0,0
232.5462,12.3327,3060,0,0
232.5710,12.3488,3064,0,0
232.5958,12.3206,3057,0,0
232.6206,12.3166,3056,0,0
232.6454,12.3206,3057,0,0
232.6702,12.3327,3060,0,0
232.6950,12.3690,3069,0,0
232.7198,12.3206,3057,0,0
232.7446,12.3569,3066,0,0
232.7694,12.3488,3064,0,0
232.7942,12.3287,3059,0,0
232.8190,12.3085,3054,0,0
232.8438,12.3448,3063,0,0
232.8686,12.3488,3064,0,0
232.8934,12.3166,3056,0,0
232.9182,12.3206,3057,0,0
232.9430,12.3206,3057,0,0
232.9678,12.3488,3064,0,0
232.9926,12.2924,3050,0,0
233.0174,12.3488,3064,0,0
233.0422,12.3287,3059,0,0
233.0670,12.3327,3060,0,0
233.0918,12.3206,3057,0,0
233.1166,12.3287,3059,0,0
233.1414,12.3327,3060,0,0
233.1662,12.3488,3064,0,0
233.1910,12.3206,3057,0,0
233.2158,12.3488,3064,0,0
233.2406,12.3529,3065,0,0
233.2654,12.3126,3055,0,0
233.2902,12.3690,3069,0,0
233.3150,12.3166,3056,0,0
233.3398,12.3166,3056,0,0
233.3646,12.3085,3054,0,0
233.3895,12.3448,3063,0,0
233.4142,12.3005,3052,0,0
233.4391,12.2844,3048,0,0
233.4639,12.3287,3059,0,0
233.4887,12.2844,3048,0,0
233.5135,12.2965,3051,0,0
233.5383,12.3488,3064,0,0
233.5631,12.3327,3060,0,0
233.5879,12.3085,3054,0,0
233.6127,12.3206,3057,0,0
233.6375,12.3529,3065,0,0
233.6623,12.3126,3055,0,0
233.6871,12.2844,3048,0,0
233.7119,12.3206,3057,0,0
233.7367,12.3126,3055,0,0
233.7615,12.3287,3059,0,0
233.7863,12.3166,3056,0,0
233.8111,12.3529,3065,0,0
233.8359,12.3085,3054,0,0
233.8607,12.2844,3048,0,0
233.8855,12.3206,3057,0,0
233.9103,12.3327,3060,0,0
233.9351,12.3166,3056,0,0
233.9599,12.3005,3052,0,0
233.9847,12.3529,3065,0,0
234.0095,12.3166,3056,0,0
234.0343,12.3206,3057,0,0
234.0591,12.3569,3066,0,0
234.0839,12.3206,3057,0,0
234.1087,12.3206,3057,0,0
234.1335,12.3287,3059,0,0
234.1583,12.3448,3063,0,0
234.1831,12.3166,3056,0,0
234.2079,12.3126,3055,0,0
234.2327,12.3529,3065,0,0
234.2575,12.3166,3056,0,0
234.2823,12.3206,3057,0,0
234.3071,12.3206,3057,0,0
234.3319,12.3529,3065,0,0
234.3567,12.3287,3059,0,0
234.3815,12.2803,3047,0,0
234.4063,12.3206,3057,0,0
234.4311,12.3488,3064,0,0
234.4559,12.3166,3056,0,0
234.4807,12.3126,3055,0,0
234.5056,12.3126,3055,0,0
234.5303,12.3287,3059,0,0
234.5552,12.3327,3060,0,0
234.5800,12.3166,3056,0,0
234.6048,12.3206,3057,0,0
234.6296,12.3609,3067,0,0
234.6544,12.2924,3050,0,0
234.6792,12.3206,3057,0,0
234.7040,12.3206,3057,0,0
234.7288,12.3529,3065,0,0
234.7536,12.3126,3055,0,0
234.7784,12.3126,3055,0,0
234.8032,12.3206,3057,0,0
234.8280,12.3126,3055,0,0
234.8528,12.3327,3060,0,0
234.8776,12.3287,3059,0,0
234.9024,12.3448,3063,0,0
234.9272,12.3609,3067,0,0
234.9520,12.3529,3065,0,0
234.9768,12.2844,3048,0,0
235.0016,12.3126,3055,0,0
235.0264,12.3287,3059,0,0
235.0512,12.3247,3058,0,0
235.0760,12.3166,3056,0,0
235.1008,12.3206,3057,0,0
235.1256,12.3488,3064,0,0
235.1504,12.2803,3047,0,0
235.1752,12.3126,3055,0,0
235.2000,12.3166,3056,0,0
235.2248,12.3448,3063,0,0
235.2496,12.3085,3054,0,0
235.2744,12.3488,3064,0,0
235.2992,12.3488,3064,0,0
235.3240,12.3287,3059,0,0
235.3488,12.3609,3067,0,0
235.3736,12.3448,3063,0,0
235.3984,12.2924,3050,0,0
235.4232,12.3126,3055,0,0
235.4480,12.3771,3071,0,0
235.4728,12.3126,3055,0,0
235.4976,12.3126,3055,0,0
235.5224,12.3448,3063,0,0
235.5472,12.3166,3056,0,0
235.5721,12.3085,3054,0,0
235.5968,12.3166,3056,0,0
235.6217,12.3287,3059,0,0
235.6465,12.3206,3057,0,0
235.6713,12.3287,3059,0,0
235.6961,12.3206,3057,0,0
235.7209,12.3126,3055,0,0
235.7457,12.3529,3065,0,0
235.7705,12.3287,3059,0,0
235.7953,12.3085,3054,0,0
235.8201,12.3085,3054,0,0
235.8449,12.3085,3054,0,0
235.8697,12.3085,3054,0,0
235.8945,12.3045,3053,0,0
235.9193,12.3206,3057,0,0
235.9441,12.3206,3057,0,0
235.9689,12.3206,3057,0,0
235.9937,12.3126,3055,0,0
236.0185,12.3488,3064,0,0
236.0433,12.3206,3057,0,0
236.0681,12.3126,3055,0,0
236.0929,12.3005,3052,0,0
236.1177,12.3247,3058,0,0
236.1425,12.3287,3059,0,0
236.1673,12.3247,3058,0,0
236.1921,12.3609,3067,0,0
236.2169,12.3126,3055,0,0
236.2417,12.3327,3060,0,0
236.2665,12.3166,3056,0,0
236.2913,12.3529,3065,0,0
236.3161,12.2924,3050,0,0
236.3409,12.3085,3054,0,0
236.3657,12.3488,3064,0,0
236.3905,12.3488,3064,0,0
236.4153,12.3005,3052,0,0
236.4401,12.3206,3057,0,0
236.4649,12.3488,3064,0,0
236.4897,12.3005,3052,0,0
236.5145,12.3166,3056,0,0
236.5393,12.3206,3057,0,0
236.5641,12.3166,3056,0,0
236.5889,12.3206,3057,0,0
236.6137,12.3126,3055,0,0
236.6385,12.3166,3056,0,0
236.6633,12.2924,3050,0,0
236.6882,12.3287,3059,0,0
236.7130,12.3488,3064,0,0
236.7378,12.3529,3065,0,0
236.7626,12.3166,3056,0,0
236.7874,12.3529,3065,0,0
236.8122,12.3005,3052,0,0
236.8370,12.3085,3054,0,0
236.8618,12.3448,3063,0,0
236.8866,12.3206,3057,0,0
236.9114,12.3206,3057,0,0
236.9362,12.3529,3065,0,0
236.9610,12.3206,3057,0,0
236.9858,12.3206,3057,0,0
237.0106,12.3206,3057,0,0
237.0354,12.3085,3054,0,0
237.0602,12.3327,3060,0,0
237.0850,12.3166,3056,0,0
237.1098,12.3488,3064,0,0
237.1346,12.3529,3065,0,0
237.1594,12.3085,3054,0,0
237.1842,12.3045,3053,0,0
237.2090,12.3488,3064,0,0
237.2338,12.3166,3056,0,0
237.2586,12.3166,3056,0,0
237.2834,12.3206,3057,0,0
237.3082,12.3126,3055,0,0
237.3330,12.3085,3054,0,0
237.3578,12.2682,3044,0,0
237.3826,12.3126,3055,0,0
237.4074,12.3488,3064,0,0
237.4322,12.3287,3059,0,0
237.4570,12.3327,3060,0,0
237.4818,12.2924,3050,0,0
237.5066,12.3166,3056,0,0
237.5314,12.3327,3060,0,0
237.5562,12.3126,3055,0,0
237.5810,12.3166,3056,0,0
237.6058,12.3488,3064,0,0
237.6306,12.2844,3048,0,0
237.6554,12.2924,3050,0,0
237.6802,12.3126,3055,0,0
237.7050,12.3085,3054,0,0
237.7298,12.3206,3057,0,0
237.7547,12.2965,3051,0,0
237.7794,12.3206,3057,0,0
237.8043,12.3327,3060,0,0
237.8291,12.3287,3059,0,0
237.8539,12.3166,3056,0,0
237.8787,12.3166,3056,0,0
237.9035,12.3287,3059,0,0
237.9283,12.3287,3059,0,0
237.9531,12.3166,3056,0,0
237.9779,12.3287,3059,0,0
238.0027,12.3166,3056,0,0
238.0275,12.3287,3059,0,0
238.0523,12.3247,3058,0,0
238.0771,12.3488,3064,0,0
238.1019,12.3206,3057,0,0
238.1267,12.3206,3057,0,0
238.1515,12.3488,3064,0,0
238.1763,12.3488,3064,0,0
238.2011,12.3166,3056,0,0
238.2259,12.3166,3056,0,0
238.2507,12.3569,3066,0,0
238.2755,12.3287,3059,0,0
238.3003,12.3327,3060,0,0
238.3251,12.3166,3056,0,0
238.3499,12.3488,3064,0,0
238.3747,12.3448,3063,0,0
238.3995,12.3206,3057,0,0
238.4243,12.3206,3057,0,0
238.4491,12.3126,3055,0,0
238.4739,12.3166,3056,0,0
238.4987,12.3166,3056,0,0
238.5235,12.3166,3056,0,0
238.5483,12.3126,3055,0,0
238.5731,12.3327,3060,0,0
238.5979,12.3287,3059,0,0
238.6227,12.3206,3057,0,0
238.6475,12.3085,3054,0,0
238.6723,12.3206,3057,0,0
238.6971,12.3206,3057,0,0
238.7219,12.3166,3056,0,0
238.7467,12.3488,3064,0,0
238.7715,12.3529,3065,0,0
238.7963,12.3327,3060,0,0
238.8212,12.3488,3064,0,0
238.8459,12.3529,3065,0,0
238.8708,12.2803,3047,0,0
238.8956,12.3569,3066,0,0
238.9204,12.3287,3059,0,0
238.9452,12.3005,3052,0,0
238.9700,12.2803,3047,0,0
238.9948,12.2965,3051,0,0
239.0196,12.3206,3057,0,0
239.0444,12.3126,3055,0,0
239.0692,12.2844,3048,0,0
239.0940,12.3085,3054,0,0
239.1188,12.2844,3048,0,0
239.1436,12.3327,3060,0,0
239.1684,12.3287,3059,0,0
239.1932,12.3166,3056,0,0
239.2180,12.3327,3060,0,0
239.2428,12.3287,3059,0,0
239.2676,12.3206,3057,0,0
239.2924,12.2924,3050,0,0
239.3172,12.3488,3064,0,0
239.3420,12.2844,3048,0,0
239.3668,12.3166,3056,0,0
239.3916,12.2803,3047,0,0
239.4164,12.3488,3064,0,0
239.4412,12.3488,3064,0,0
239.4660,12.3569,3066,0,0
239.4908,12.3045,3053,0,0
239.5156,12.3327,3060,0,0
239.5404,12.3327,3060,0,0
239.5652,12.3085,3054,0,0
239.5900,12.3569,3066,0,0
239.6148,12.3287,3059,0,0
239.6396,12.3609,3067,0,0
239.6644,12.3287,3059,0,0
239.6892,12.3488,3064,0,0
239.7140,12.3005,3052,0,0
239.7388,12.2965,3051,0,0
239.7636,12.3448,3063,0,0
239.7884,12.3529,3065,0,0
239.8132,12.3085,3054,0,0
239.8380,12.3287,3059,0,0
239.8628,12.3448,3063,0,0
239.8876,12.3126,3055,0,0
239.9124,12.3488,3064,0,0
239.9373,12.3166,3056,0,0
239.9621,12.3166,3056,0,0
239.9869,12.3206,3057,0,0
240.0117,12.2965,3051,0,0
240.0365,12.3206,3057,0,0
240.0613,12.2803,3047,0,0
240.0861,12.2803,3047,0,0
240.1109,12.3529,3065,0,0
240.1357,12.3488,3064,0,0
240.1605,12.2965,3051,0,0
240.1853,12.3206,3057,0,0
240.2101,12.3206,3057,0,0
240.2349,12.3166,3056,0,0
240.2597,12.3166,3056,0,0
240.2845,12.3609,3067,0,0
240.3093,12.3005,3052,0,0
240.3341,12.2924,3050,0,0
240.3589,12.2844,3048,0,0
240.3837,12.3166,3056,0,0
240.4085,12.3166,3056,0,0
240.4333,12.3287,3059,0,0
240.4581,12.3206,3057,0,0
240.4829,12.3085,3054,0,0
240.5077,12.3166,3056,0,0
240.5325,12.3448,3063,0,0
240.5573,12.3529,3065,0,0
240.5821,12.3327,3060,0,0
240.6069,12.3085,3054,0,0
240.6317,12.3166,3056,0,0
240.6565,12.3085,3054,0,0
240.6813,12.3206,3057,0,0
240.7061,12.3609,3067,0,0
240.7309,12.2844,3048,0,0
240.7557,12.3166,3056,0,0
240.7805,12.3126,3055,0,0
240.8053,12.3327,3060,0,0
240.8301,12.3206,3057,0,0
240.8549,12.3206,3057,0,0
240.8797,12.3529,3065,0,0
240.9045,12.2844,3048,0,0
240.9293,12.2924,3050,0,0
240.9541,12.3488,3064,0,0
240.9789,12.3085,3054,0,0
241.0038,12.2924,3050,0,0
241.0285,12.3448,3063,0,0
241.0534,12.3408,3062,0,0
241.0782,12.3287,3059,0,0
241.1030,12.3247,3058,0,0
241.1278,12.3408,3062,0,0
241.1526,12.2844,3048,0,0
241.1774,12.3166,3056,0,0
241.2022,12.3327,3060,0,0
241.2270,12.3851,3073,0,0
241.2518,12.3287,3059,0,0
241.2766,12.3045,3053,0,0
241.3014,12.3609,3067,0,0
241.3262,12.3005,3052,0,0
241.3510,12.2924,3050,0,0
241.3758,12.2965,3051,0,0
241.4006,12.2844,3048,0,0
241.4254,12.3085,3054,0,0
241.4502,12.3569,3066,0,0
241.4750,12.3085,3054,0,0
241.4998,12.3247,3058,0,0
241.5246,12.3005,3052,0,0
241.5494,12.3488,3064,0,0
241.5742,12.3488,3064,0,0
241.5990,12.2763,3046,0,0
241.6238,12.3529,3065,0,0
241.6486,12.3206,3057,0,0
241.6734,12.3085,3054,0,0
241.6982,12.3488,3064,0,0
241.7230,12.3126,3055,0,0
241.7478,12.2844,3048,0,0
241.7726,12.3488,3064,0,0
241.7974,12.3045,3053,0,0
241.8222,12.3569,3066,0,0
241.8470,12.3166,3056,0,0
241.8718,12.3247,3058,0,0
241.8966,12.3126,3055,0,0
241.9214,12.3448,3063,0,0
241.9462,12.3206,3057,0,0
241.9710,12.3126,3055,0,0
241.9958,12.3287,3059,0,0
242.0206,12.3126,3055,0,0
242.0454,12.3529,3065,0,0
242.0703,12.3690,3069,0,0
242.0950,12.2441,3038,0,0
242.1199,12.3287,3059,0,0
242.1447,12.3045,3053,0,0
242.1694,12.3166,3056,0,0
242.1943,12.3448,3063,0,0
242.2191,12.3126,3055,0,0
242.2439,12.2924,3050,0,0
242.2687,12.3085,3054,0,0
242.2935,12.3126,3055,0,0
242.3183,12.3126,3055,0,0
242.3431,12.2924,3050,0,0
242.3679,12.3206,3057,0,0
242.3927,12.2844,3048,0,0
242.4175,12.3085,3054,0,0
242.4423,12.2844,3048,0,0
242.4671,12.3327,3060,0,0
242.4919,12.3529,3065,0,0
242.5167,12.2924,3050,0,0
242.5415,12.3287,3059,0,0
242.5663,12.3206,3057,0,0
242.5911,12.3085,3054,0,0
242.6159,12.3327,3060,0,0
242.6407,12.3529,3065,0,0
242.6655,12.3488,3064,0,0
242.6903,12.3126,3055,0,0
242.7151,12.3529,3065,0,0
242.7399,12.3166,3056,0,0
242.7647,12.3126,3055,0,0
242.7895,12.3166,3056,0,0
242.8143,12.3327,3060,0,0
242.8391,12.3166,3056,0,0
242.8639,12.3327,3060,0,0
242.8887,12.3529,3065,0,0
242.9135,12.3287,3059,0,0
242.9383,12.3488,3064,0,0
242.9631,12.3247,3058,0,0
242.9879,12.3206,3057,0,0
243.0127,12.3327,3060,0,0
243.0375,12.3488,3064,0,0
243.0623,12.3287,3059,0,0
243.0871,12.3529,3065,0,0
243.1119,12.3085,3054,0,0
243.1367,12.3085,3054,0,0
243.1615,12.3327,3060,0,0
243.1864,12.3206,3057,0,0
243.2112,12.3126,3055,0,0
243.2359,12.3126,3055,0,0
243.2608,12.3126,3055,0,0
243.2856,12.3126,3055,0,0
243.3104,12.3327,3060,0,0
243.3352,12.3166,3056,0,0
243.3600,12.3287,3059,0,0
243.3848,12.3206,3057,0,0
243.4096,12.3488,3064,0,0
243.4344,12.3126,3055,0,0
243.4592,12.2521,3040,0,0
243.4840,12.3085,3054,0,0
243.5088,12.3448,3063,0,0
243.5336,12.3005,3052,0,0
243.5584,12.3287,3059,0,0
243.5832,12.3448,3063,0,0
243.6080,12.3126,3055,0,0
243.6328,12.3085,3054,0,0
243.6576,12.3690,3069,0,0
243.6824,12.3327,3060,0,0
243.7072,12.3206,3057,0,0
243.7320,12.3488,3064,0,0
243.7568,12.3327,3060,0,0
243.7816,12.3166,3056,0,0
243.8064,12.2844,3048,0,0
243.8312,12.3488,3064,0,0
243.8560,12.3327,3060,0,0
243.8808,12.3166,3056,0,0
243.9056,12.2844,3048,0,0
243.9304,12.3327,3060,0,0
243.9552,12.3126,3055,0,0
243.9800,12.3166,3056,0,0
244.0048,12.3166,3056,0,0
244.0296,12.3085,3054,0,0
244.0544,12.2803,3047,0,0
244.0792,12.3247,3058,0,0
244.1040,12.3166,3056,0,0
244.1288,12.3488,3064,0,0
244.1536,12.3126,3055,0,0
244.1784,12.3206,3057,0,0
244.2032,12.3126,3055,0,0
244.2280,12.3126,3055,0,0
244.2529,12.3488,3064,0,0
244.2776,12.3166,3056,0,0
244.3024,12.3166,3056,0,0
244.3273,12.2844,3048,0,0
244.3521,12.3247,3058,0,0
244.3769,12.2844,3048,0,0
244.4017,12.2924,3050,0,0
244.4265,12.3247,3058,0,0
244.4513,12.3247,3058,0,0
244.4761,12.3327,3060,0,0
244.5009,12.3206,3057,0,0
244.5257,12.3529,3065,0,0
244.5505,12.3287,3059,0,0
244.5753,12.3206,3057,0,0
244.6001,12.3206,3057,0,0
244.6249,12.3126,3055,0,0
244.6497,12.3085,3054,0,0
244.6745,12.3609,3067,0,0
244.6993,12.3287,3059,0,0
244.7241,12.3166,3056,0,0
244.7489,12.3448,3063,0,0
244.7737,12.3569,3066,0,0
244.7985,12.3166,3056,0,0
244.8233,12.3206,3057,0,0
244.8481,12.3529,3065,0,0
244.8729,12.3327,3060,0,0
244.8977,12.3085,3054,0,0
244.9225,12.3529,3065,0,0
244.9473,12.3488,3064,0,0
244.9721,12.3126,3055,0,0
244.9969,12.3085,3054,0,0
245.0217,12.3488,3064,0,0
245.0465,12.3166,3056,0,0
245.0713,12.3247,3058,0,0
245.0961,12.3529,3065,0,0
245.1209,12.3126,3055,0,0
245.1457,12.3206,3057,0,0
245.1705,12.3287,3059,0,0
245.1953,12.3529,3065,0,0
245.2201,12.3126,3055,0,0
245.2449,12.3327,3060,0,0
245.2697,12.3206,3057,0,0
245.2945,12.3126,3055,0,0
245.3194,12.2803,3047,0,0
245.3441,12.3327,3060,0,0
245.3689,12.3206,3057,0,0
245.3938,12.3005,3052,0,0
245.4185,12.2844,3048,0,0
245.4434,12.3488,3064,0,0
245.4682,12.3206,3057,0,0
245.4930,12.2803,3047,0,0
245.5178,12.3166,3056,0,0
245.5426,12.3206,3057,0,0
245.5674,12.3327,3060,0,0
245.5922,12.3206,3057,0,0
245.6170,12.3166,3056,0,0
245.6418,12.3166,3056,0,0
245.6666,12.3206,3057,0,0
245.6914,12.3569,3066,0,0
245.7162,12.3529,3065,0,0
245.7410,12.3166,3056,0,0
245.7658,12.3488,3064,0,0
245.7906,12.3166,3056,0,0
245.8154,12.3287,3059,0,0
245.8402,12.3126,3055,0,0
245.8650,12.3166,3056,0,0
245.8898,12.3488,3064,0,0
245.9146,12.3247,3058,0,0
245.9394,12.3569,3066,0,0
245.9642,12.2844,3048,0,0
245.9890,12.2924,3050,0,0
246.0138,12.3327,3060,0,0
246.0386,12.3085,3054,0,0
246.0634,12.3166,3056,0,0
246.0882,12.3690,3069,0,0
246.1130,12.3206,3057,0,0
246.1378,12.3206,3057,0,0
246.1626,12.2844,3048,0,0
246.1874,12.3287,3059,0,0
246.2122,12.3166,3056,0,0
246.2370,12.3085,3054,0,0
246.2618,12.3529,3065,0,0
246.2866,12.3166,3056,0,0
246.3114,12.3206,3057,0,0
246.3362,12.3529,3065,0,0
246.3610,12.3529,3065,0,0
246.3858,12.3287,3059,0,0
246.4106,12.3166,3056,0,0
246.4354,12.3166,3056,0,0
246.4603,12.3206,3057,0,0
246.4850,12.3166,3056,0,0
246.5099,12.3045,3053,0,0
246.5347,12.3529,3065,0,0
246.5595,12.3206,3057,0,0
246.5843,12.3005,3052,0,0
246.6091,12.3206,3057,0,0
246.6339,12.3206,3057,0,0
246.6587,12.3287,3059,0,0
246.6835,12.3166,3056,0,0
246.7083,12.3488,3064,0,0
246.7331,12.3247,3058,0,0
246.7579,12.3529,3065,0,0
246.7827,12.3085,3054,0,0
246.8075,12.3488,3064,0,0
246.8323,12.3126,3055,0,0
246.8571,12.3327,3060,0,0
246.8819,12.3085,3054,0,0
246.9067,12.3166,3056,0,0
246.9315,12.3730,3070,0,0
246.9563,12.2965,3051,0,0
246.9811,12.3287,3059,0,0
247.0059,12.2844,3048,0,0
247.0307,12.3206,3057,0,0
247.0555,12.3166,3056,0,0
247.0803,12.3126,3055,0,0
247.1051,12.3085,3054,0,0
247.1299,12.3206,3057,0,0
247.1547,12.2924,3050,0,0
247.1795,12.2844,3048,0,0
247.2043,12.3569,3066,0,0
247.2291,12.3529,3065,0,0
247.2539,12.2844,3048,0,0
247.2787,12.3206,3057,0,0
247.3035,12.3529,3065,0,0
247.3283,12.2844,3048,0,0
247.3531,12.3206,3057,0,0
247.3779,12.3287,3059,0,0
247.4027,12.3488,3064,0,0
247.4275,12.3085,3054,0,0
247.4523,12.3529,3065,0,0
247.4771,12.3206,3057,0,0
247.5019,12.2924,3050,0,0
247.5267,12.3287,3059,0,0
247.5515,12.3327,3060,0,0
247.5764,12.3005,3052,0,0
247.6012,12.3327,3060,0,0
247.6260,12.3206,3057,0,0
247.6508,12.3287,3059,0,0
247.6756,12.2844,3048,0,0
247.7004,12.3085,3054,0,0
247.7252,12.3327,3060,0,0
247.7500,12.3166,3056,0,0
247.7748,12.3206,3057,0,0
247.7996,12.3448,3063,0,0
247.8244,12.3166,3056,0,0
247.8492,12.3166,3056,0,0
247.8740,12.3529,3065,0,0
247.8988,12.3085,3054,0,0
247.9236,12.2803,3047,0,0
247.9484,12.3327,3060,0,0
247.9732,12.3488,3064,0,0
247.9980,12.3448,3063,0,0
248.0228,12.3166,3056,0,0
248.0476,12.3569,3066,0,0
248.0724,12.3327,3060,0,0
248.0972,12.3247,3058,0,0
248.1220,12.3287,3059,0,0
248.1468,12.3529,3065,0,0
248.1716,12.3085,3054,0,0
248.1964,12.3126,3055,0,0
248.2212,12.3126,3055,0,0
248.2460,12.2924,3050,0,0
248.2708,12.3287,3059,0,0
248.2956,12.3085,3054,0,0
248.3204,12.3529,3065,0,0
248.3452,12.2803,3047,0,0
248.3700,12.3287,3059,0,0
248.3948,12.3327,3060,0,0
248.4196,12.3206,3057,0,0
248.4444,12.3488,3064,0,0
248.4692,12.3448,3063,0,0
248.4940,12.3488,3064,0,0
248.5188,12.3247,3058,0,0
248.5436,12.2844,3048,0,0
248.5685,12.3126,3055,0,0
248.5932,12.3166,3056,0,0
248.6180,12.3327,3060,0,0
248.6429,12.3206,3057,0,0
248.6676,12.3085,3054,0,0
248.6925,12.3206,3057,0,0
248.7173,12.3166,3056,0,0
248.7421,12.3085,3054,0,0
248.7669,12.2803,3047,0,0
248.7917,12.3287,3059,0,0
248.8165,12.3287,3059,0,0
248.8413,12.2844,3048,0,0
248.8661,12.3126,3055,0,0
248.8909,12.3085,3054,0,0
248.9157,12.3529,3065,0,0
248.9405,12.3529,3065,0,0
248.9653,12.3488,3064,0,0
248.9901,12.3166,3056,0,0
249.0149,12.3488,3064,0,0
249.0397,12.3287,3059,0,0
249.0645,12.3206,3057,0,0
249.0893,12.3166,3056,0,0
249.1141,12.2803,3047,0,0
249.1389,12.3206,3057,0,0
249.1637,12.3287,3059,0,0
249.1885,12.3609,3067,0,0
249.2133,12.3327,3060,0,0
249.2381,12.3529,3065,0,0
249.2629,12.3126,3055,0,0
249.2877,12.3206,3057,0,0
249.3125,12.3247,3058,0,0
249.3373,12.2844,3048,0,0
249.3621,12.2924,3050,0,0
249.3869,12.3327,3060,0,0
249.4117,12.3126,3055,0,0
249.4365,12.3529,3065,0,0
249.4613,12.3085,3054,0,0
249.4861,12.3085,3054,0,0
249.5109,12.3206,3057,0,0
249.5357,12.3488,3064,0,0
249.5605,12.3166,3056,0,0
249.5853,12.3247,3058,0,0
249.6101,12.3529,3065,0,0
249.6349,12.3247,3058,0,0
249.6597,12.3166,3056,0,0
249.6845,12.3488,3064,0,0
249.7094,12.3085,3054,0,0
249.7341,12.2965,3051,0,0
249.7590,12.3126,3055,0,0
249.7838,12.3166,3056,0,0
249.8086,12.3166,3056,0,0
249.8334,12.3085,3054,0,0
249.8582,12.3287,3059,0,0
249.8830,12.3609,3067,0,0
249.9078,12.3488,3064,0,0
249.9326,12.2924,3050,0,0
249.9574,12.2924,3050,0,0
249.9822,12.3327,3060,0,0
250.0070,12.3609,3067,0,0
250.0318,12.3166,3056,0,0
250.0566,12.3126,3055,0,0
250.0814,12.2924,3050,0,0
250.1062,12.3085,3054,0,0
250.1310,12.3126,3055,0,0
250.1558,12.2924,3050,0,0
250.1806,12.2924,3050,0,0
250.2054,12.3730,3070,0,0
250.2302,12.3206,3057,0,0
250.2550,12.3488,3064,0,0
250.2798,12.3327,3060,0,0
250.3046,12.3529,3065,0,0
250.3294,12.3327,3060,0,0
250.3542,12.3206,3057,0,0
250.3790,12.3126,3055,0,0
250.4038,12.3609,3067,0,0
250.4286,12.3206,3057,0,0
250.4534,12.3206,3057,0,0
250.4782,12.3488,3064,0,0
250.5030,12.3488,3064,0,0
250.5278,12.3126,3055,0,0
250.5526,12.3206,3057,0,0
250.5774,12.3529,3065,0,0
250.6022,12.3005,3052,0,0
250.6270,12.3206,3057,0,0
250.6518,12.3327,3060,0,0
250.6766,12.2844,3048,0,0
250.7014,12.2844,3048,0,0
250.7262,12.3126,3055,0,0
250.7510,12.3206,3057,0,0
250.7758,12.3206,3057,0,0
250.8006,12.3771,3071,0,0
250.8255,12.3488,3064,0,0
250.8503,12.3005,3052,0,0
250.8751,12.3206,3057,0,0
250.8999,12.3287,3059,0,0
250.9247,12.3206,3057,0,0
250.9495,12.3488,3064,0,0
250.9743,12.3166,3056,0,0
250.9991,12.3005,3052,0,0
251.0239,12.2965,3051,0,0
251.0487,12.3206,3057,0,0
251.0735,12.3166,3056,0,0
251.0983,12.2844,3048,0,0
251.1231,12.3609,3067,0,0
251.1479,12.3529,3065,0,0
251.1727,12.3448,3063,0,0
251.1975,12.2965,3051,0,0
251.2223,12.3287,3059,0,0
251.2471,12.3448,3063,0,0
251.2719,12.3166,3056,0,0
251.2967,12.3327,3060,0,0
251.3215,12.3166,3056,0,0
251.3463,12.3166,3056,0,0
251.3711,12.3488,3064,0,0
251.3959,12.3005,3052,0,0
251.4207,12.3206,3057,0,0
251.4455,12.3085,3054,0,0
251.4703,12.3529,3065,0,0
251.4951,12.3569,3066,0,0
251.5199,12.3247,3058,0,0
251.5447,12.3206,3057,0,0
251.5695,12.3287,3059,0,0
251.5943,12.3287,3059,0,0
251.6191,12.3327,3060,0,0
251.6439,12.3166,3056,0,0
251.6687,12.3206,3057,0,0
251.6935,12.3287,3059,0,0
251.7183,12.3126,3055,0,0
251.7431,12.3488,3064,0,0
251.7679,12.3287,3059,0,0
251.7927,12.3287,3059,0,0
251.8175,12.3287,3059,0,0
251.8423,12.3206,3057,0,0
251.8671,12.3085,3054,0,0
251.8920,12.3206,3057,0,0
251.9167,12.3529,3065,0,0
251.9416,12.3166,3056,0,0
251.9664,12.3206,3057,0,0
251.9912,12.2803,3047,0,0
252.0160,12.3166,3056,0,0
252.0408,12.3005,3052,0,0
252.0656,12.3488,3064,0,0
252.0904,12.3488,3064,0,0
252.1152,12.2924,3050,0,0
252.1400,12.3448,3063,0,0
252.1648,12.3126,3055,0,0
252.1896,12.3085,3054,0,0
252.2144,12.3166,3056,0,0
252.2392,12.3488,3064,0,0
252.2640,12.2844,3048,0,0
252.2888,12.3206,3057,0,0
252.3136,12.3126,3055,0,0
252.3384,12.3488,3064,0,0
252.3632,12.3005,3052,0,0
252.3880,12.3005,3052,0,0
252.4128,12.3327,3060,0,0
252.4376,12.2844,3048,0,0
252.4624,12.3085,3054,0,0
252.4872,12.3247,3058,0,0
252.5120,12.3045,3053,0,0
252.5368,12.3126,3055,0,0
252.5616,12.3287,3059,0,0
252.5864,12.2844,3048,0,0
252.6112,12.3327,3060,0,0
252.6360,12.3488,3064,0,0
252.6608,12.3206,3057,0,0
252.6856,12.2924,3050,0,0
252.7104,12.3247,3058,0,0
252.7352,12.3851,3073,0,0
252.7600,12.2924,3050,0,0
252.7848,12.3327,3060,0,0
252.8096,12.3771,3071,0,0
252.8344,12.3166,3056,0,0
252.8592,12.3126,3055,0,0
252.8840,12.3448,3063,0,0
252.9088,12.3488,3064,0,0
252.9336,12.3166,3056,0,0
252.9585,12.2803,3047,0,0
252.9832,12.3206,3057,0,0
253.0081,12.3206,3057,0,0
253.0329,12.3085,3054,0,0
253.0577,12.3408,3062,0,0
253.0825,12.3085,3054,0,0
253.1073,12.3206,3057,0,0
253.1321,12.3488,3064,0,0
253.1569,12.3085,3054,0,0
253.1817,12.3287,3059,0,0
253.2065,12.3771,3071,0,0
253.2313,12.3085,3054,0,0
253.2561,12.3488,3064,0,0
253.2809,12.3287,3059,0,0
253.3057,12.3166,3056,0,0
253.3305,12.3327,3060,0,0
253.3553,12.3126,3055,0,0
253.3801,12.3408,3062,0,0
253.4049,12.3529,3065,0,0
253.4297,12.2844,3048,0,0
253.4545,12.3287,3059,0,0
253.4793,12.3529,3065,0,0
253.5041,12.2844,3048,0,0
253.5289,12.3126,3055,0,0
253.5537,12.3488,3064,0,0
253.5785,12.3206,3057,0,0
253.6033,12.3126,3055,0,0
253.6281,12.3005,3052,0,0
253.6529,12.3005,3052,0,0
253.6777,12.3166,3056,0,0
253.7025,12.3126,3055,0,0
253.7273,12.3811,3072,0,0
253.7521,12.3569,3066,0,0
253.7769,12.2844,3048,0,0
253.8017,12.3166,3056,0,0
253.8265,12.3327,3060,0,0
253.8513,12.3085,3054,0,0
253.8761,12.2763,3046,0,0
253.9009,12.3448,3063,0,0
253.9257,12.3206,3057,0,0
253.9505,12.3206,3057,0,0
253.9753,12.3206,3057,0,0
254.0001,12.3488,3064,0,0
254.0249,12.2844,3048,0,0
254.0497,12.3529,3065,0,0
254.0746,12.3247,3058,0,0
254.0993,12.3126,3055,0,0
254.1242,12.3206,3057,0,0
254.1490,12.3609,3067,0,0
254.1738,12.2844,3048,0,0
254.1986,12.3247,3058,0,0
254.2234,12.3690,3069,0,0
254.2482,12.3126,3055,0,0
254.2730,12.3085,3054,0,0
254.2978,12.2763,3046,0,0
254.3226,12.3206,3057,0,0
254.3474,12.2924,3050,0,0
254.3722,12.3085,3054,0,0
254.3970,12.3569,3066,0,0
254.4218,12.3287,3059,0,0
254.4466,12.2844,3048,0,0
254.4714,12.3005,3052,0,0
254.4962,12.3488,3064,0,0
254.5210,12.2844,3048,0,0
254.5458,12.3005,3052,0,0
254.5706,12.3166,3056,0,0
254.5954,12.3206,3057,0,0
254.6202,12.3126,3055,0,0
254.6450,12.3609,3067,0,0
254.6698,12.3247,3058,0,0
254.6946,12.3488,3064,0,0
254.7194,12.3488,3064,0,0
254.7442,12.3126,3055,0,0
254.7690,12.3005,3052,0,0
254.7938,12.3287,3059,0,0
254.8186,12.3206,3057,0,0
254.8434,12.3206,3057,0,0
254.8682,12.3327,3060,0,0
254.8930,12.3569,3066,0,0
254.9178,12.3488,3064,0,0
254.9426,12.2965,3051,0,0
254.9674,12.3529,3065,0,0
254.9922,12.3005,3052,0,0
255.0170,12.3085,3054,0,0
255.0418,12.3206,3057,0,0
255.0666,12.3609,3067,0,0
255.0914,12.2965,3051,0,0
255.1162,12.3166,3056,0,0
255.1411,12.3166,3056,0,0
255.1658,12.3206,3057,0,0
255.1907,12.3166,3056,0,0
255.2155,12.3206,3057,0,0
255.2402,12.3126,3055,0,0
255.2651,12.3126,3055,0,0
255.2899,12.3206,3057,0,0
255.3147,12.3448,3063,0,0
255.3395,12.3126,3055,0,0
255.3643,12.3287,3059,0,0
255.3891,12.3126,3055,0,0
255.4139,12.3166,3056,0,0
255.4387,12.3287,3059,0,0
255.4635,12.3287,3059,0,0
255.4883,12.3126,3055,0,0
255.5131,12.2682,3044,0,0
255.5379,12.3085,3054,0,0
255.5627,12.3488,3064,0,0
255.5875,12.3247,3058,0,0
255.6123,12.3085,3054,0,0
255.6371,12.3085,3054,0,0
255.6619,12.3287,3059,0,0
255.6867,12.3166,3056,0,0
255.7115,12.3126,3055,0,0
255.7363,12.3287,3059,0,0
255.7611,12.2803,3047,0,0
255.7859,12.3085,3054,0,0
255.8107,12.3166,3056,0,0
255.8355,12.3206,3057,0,0
255.8603,12.3085,3054,0,0
255.8851,12.3085,3054,0,0
255.9099,12.2803,3047,0,0
255.9347,12.3488,3064,0,0
255.9595,12.3287,3059,0,0
255.9843,12.3166,3056,0,0
256.0091,12.2844,3048,0,0
256.0339,12.3206,3057,0,0
256.0587,12.3085,3054,0,0
256.0835,12.2803,3047,0,0
256.1083,12.3206,3057,0,0
256.1331,12.3287,3059,0,0
256.1579,12.3529,3065,0,0
256.1827,12.2844,3048,0,0
256.2076,12.3488,3064,0,0
256.2324,12.3488,3064,0,0
256.2571,12.3247,3058,0,0
256.2820,12.2965,3051,0,0
256.3068,12.3287,3059,0,0
256.3315,12.3488,3064,0,0
256.3564,12.2844,3048,0,0
256.3812,12.2803,3047,0,0
256.4060,12.3206,3057,0,0
256.4308,12.2844,3048,0,0
256.4556,12.3327,3060,0,0
256.4804,12.3287,3059,0,0
256.5052,12.2924,3050,0,0
256.5300,12.2844,3048,0,0
256.5548,12.3166,3056,0,0
256.5796,12.3206,3057,0,0
256.6044,12.2844,3048,0,0
256.6292,12.3247,3058,0,0
256.6540,12.3327,3060,0,0
256.6788,12.3085,3054,0,0
256.7036,12.2844,3048,0,0
256.7284,12.3206,3057,0,0
256.7532,12.3247,3058,0,0
256.7780,12.3085,3054,0,0
256.8028,12.2965,3051,0,0
256.8276,12.3126,3055,0,0
256.8524,12.2844,3048,0,0
256.8772,12.3206,3057,0,0
256.9020,12.3488,3064,0,0
256.9268,12.3206,3057,0,0
256.9516,12.3327,3060,0,0
256.9764,12.3488,3064,0,0
257.0012,12.3166,3056,0,0
257.0260,12.3206,3057,0,0
257.0508,12.3166,3056,0,0
257.0756,12.3206,3057,0,0
257.1004,12.3327,3060,0,0
257.1252,12.3327,3060,0,0
257.1500,12.3287,3059,0,0
257.1748,12.2844,3048,0,0
257.1996,12.3126,3055,0,0
257.2244,12.3126,3055,0,0
257.2492,12.3529,3065,0,0
257.2740,12.2844,3048,0,0
257.2989,12.2844,3048,0,0
257.3236,12.3287,3059,0,0
257.3484,12.3085,3054,0,0
257.3733,12.3166,3056,0,0
257.3980,12.3327,3060,0,0
257.4229,12.3206,3057,0,0
257.4477,12.3005,3052,0,0
257.4725,12.3247,3058,0,0
257.4973,12.3569,3066,0,0
257.5221,12.3005,3052,0,0
257.5469,12.3488,3064,0,0
257.5717,12.3206,3057,0,0
257.5965,12.3085,3054,0,0
257.6213,12.2924,3050,0,0
257.6461,12.3126,3055,0,0
257.6709,12.3206,3057,0,0
257.6957,12.3529,3065,0,0
257.7205,12.3569,3066,0,0
257.7453,12.3126,3055,0,0
257.7701,12.3166,3056,0,0
257.7949,12.3126,3055,0,0
257.8197,12.2924,3050,0,0
257.8445,12.2924,3050,0,0
257.8693,12.2965,3051,0,0
257.8941,12.3166,3056,0,0
257.9189,12.3488,3064,0,0
257.9437,12.3287,3059,0,0
257.9685,12.3932,3075,0,0
257.9933,12.3005,3052,0,0
258.0181,12.2844,3048,0,0
258.0429,12.3206,3057,0,0
258.0677,12.3206,3057,0,0
258.0925,12.3287,3059,0,0
258.1173,12.3126,3055,0,0
258.1421,12.3488,3064,0,0
258.1669,12.3126,3055,0,0
258.1917,12.2924,3050,0,0
258.2165,12.2924,3050,0,0
258.2413,12.3166,3056,0,0
258.2661,12.2924,3050,0,0
258.2909,12.3005,3052,0,0
258.3157,12.3327,3060,0,0
258.3405,12.3287,3059,0,0
258.3654,12.3166,3056,0,0
258.3901,12.3206,3057,0,0
258.4149,12.3327,3060,0,0
258.4398,12.3327,3060,0,0
258.4645,12.3166,3056,0,0
258.4893,12.3126,3055,0,0
258.5142,12.3206,3057,0,0
258.5390,12.3287,3059,0,0
258.5638,12.3287,3059,0,0
258.5886,12.3085,3054,0,0
258.6134,12.3166,3056,0,0
258.6382,12.3529,3065,0,0
258.6630,12.3166,3056,0,0
258.6878,12.3126,3055,0,0
258.7126,12.3166,3056,0,0
258.7374,12.3166,3056,0,0
258.7622,12.2924,3050,0,0
258.7870,12.3085,3054,0,0
258.8118,12.3126,3055,0,0
258.8366,12.3166,3056,0,0
258.8614,12.3448,3063,0,0
258.8862,12.3085,3054,0,0
258.9110,12.3206,3057,0,0
258.9358,12.3005,3052,0,0
258.9606,12.3287,3059,0,0
258.9854,12.3327,3060,0,0
259.0102,12.3166,3056,0,0
259.0350,12.3488,3064,0,0
259.0598,12.3085,3054,0,0
259.0846,12.3166,3056,0,0
259.1094,12.3327,3060,0,0
259.1342,12.3126,3055,0,0
259.1590,12.3085,3054,0,0
259.1838,12.3488,3064,0,0
259.2086,12.3085,3054,0,0
259.2334,12.3529,3065,0,0
259.2582,12.3206,3057,0,0
259.2830,12.3287,3059,0,0
259.3078,12.3206,3057,0,0
259.3326,12.3206,3057,0,0
259.3574,12.3408,3062,0,0
259.3822,12.2844,3048,0,0
259.4070,12.3488,3064,0,0
259.4319,12.2924,3050,0,0
259.4566,12.3005,3052,0,0
259.4814,12.3126,3055,0,0
259.5063,12.3247,3058,0,0
259.5310,12.2763,3046,0,0
259.5558,12.3126,3055,0,0
259.5807,12.3529,3065,0,0
259.6055,12.2803,3047,0,0
259.6302,12.2924,3050,0,0
259.6551,12.3206,3057,0,0
259.6799,12.3609,3067,0,0
259.7047,12.2844,3048,0,0
259.7295,12.3085,3054,0,0
259.7543,12.3085,3054,0,0
259.7791,12.2682,3044,0,0
259.8039,12.3287,3059,0,0
259.8287,12.2924,3050,0,0
259.8535,12.3126,3055,0,0
259.8783,12.3126,3055,0,0
259.9031,12.3327,3060,0,0
259.9279,12.2844,3048,0,0
259.9527,12.3206,3057,0,0
259.9775,12.3247,3058,0,0
260.0023,12.3126,3055,0,0
260.0271,12.3126,3055,0,0
260.0519,12.3166,3056,0,0
260.0767,12.3488,3064,0,0
260.1015,12.3206,3057,0,0
260.1263,12.3206,3057,0,0
260.1511,12.3771,3071,0,0
260.1759,12.2924,3050,0,0
260.2007,12.2924,3050,0,0
260.2255,12.3126,3055,0,0
260.2503,12.3529,3065,0,0
260.2751,12.2763,3046,0,0
260.2999,12.2924,3050,0,0
260.3247,12.3287,3059,0,0
260.3495,12.3327,3060,0,0
260.3743,12.3166,3056,0,0
260.3991,12.3287,3059,0,0
260.4239,12.2844,3048,0,0
260.4487,12.2924,3050,0,0
260.4735,12.3206,3057,0,0
260.4984,12.3126,3055,0,0
260.5231,12.3327,3060,0,0
260.5479,12.3287,3059,0,0
260.5728,12.3126,3055,0,0
260.5975,12.3166,3056,0,0
260.6223,12.3287,3059,0,0
260.6472,12.3247,3058,0,0
260.6720,12.3327,3060,0,0
260.6967,12.3287,3059,0,0
260.7216,12.2924,3050,0,0
260.7464,12.3166,3056,0,0
260.7712,12.3206,3057,0,0
260.7960,12.3287,3059,0,0
260.8208,12.3287,3059,0,0
260.8456,12.3085,3054,0,0
260.8704,12.2844,3048,0,0
260.8952,12.3005,3052,0,0
260.9200,12.2924,3050,0,0
260.9448,12.3166,3056,0,0
260.9696,12.2924,3050,0,0
260.9944,12.3529,3065,0,0
261.0192,12.2763,3046,0,0
261.0440,12.2844,3048,0,0
261.0688,12.3529,3065,0,0
261.0936,12.3247,3058,0,0
261.1184,12.3126,3055,0,0
261.1432,12.3408,3062,0,0
261.1680,12.3327,3060,0,0
261.1928,12.2844,3048,0,0
261.2176,12.3206,3057,0,0
261.2424,12.3529,3065,0,0
261.2672,12.3166,3056,0,0
261.2920,12.2763,3046,0,0
261.3168,12.3327,3060,0,0
261.3416,12.3327,3060,0,0
261.3664,12.2924,3050,0,0
261.3912,12.3045,3053,0,0
261.4160,12.3206,3057,0,0
261.4408,12.3085,3054,0,0
261.4656,12.3327,3060,0,0
261.4904,12.3529,3065,0,0
261.5152,12.2803,3047,0,0
261.5400,12.2844,3048,0,0
261.5648,12.3287,3059,0,0
261.5896,12.3206,3057,0,0
261.6144,12.2924,3050,0,0
261.6393,12.3166,3056,0,0
261.6640,12.3488,3064,0,0
261.6888,12.3529,3065,0,0
261.7137,12.3085,3054,0,0
261.7385,12.3166,3056,0,0
261.7632,12.3287,3059,0,0
261.7881,12.3206,3057,0,0
261.8129,12.3488,3064,0,0
261.8377,12.3569,3066,0,0
261.8625,12.3005,3052,0,0
261.8873,12.3206,3057,0,0
261.9121,12.3488,3064,0,0
261.9369,12.3287,3059,0,0
261.9617,12.3206,3057,0,0
261.9865,12.3166,3056,0,0
262.0113,12.3085,3054,0,0
262.0361,12.3206,3057,0,0
262.0609,12.3448,3063,0,0
262.0857,12.3126,3055,0,0
262.1105,12.3085,3054,0,0
262.1353,12.3327,3060,0,0
262.1601,12.2924,3050,0,0
262.1849,12.2481,3039,0,0
262.2097,12.3005,3052,0,0
262.2345,12.3206,3057,0,0
262.2593,12.3126,3055,0,0
262.2841,12.2965,3051,0,0
262.3089,12.2844,3048,0,0
262.3337,12.3206,3057,0,0
262.3585,12.3166,3056,0,0
262.3833,12.3005,3052,0,0
262.4081,12.3206,3057,0,0
262.4329,12.3166,3056,0,0
262.4577,12.3166,3056,0,0
262.4825,12.3771,3071,0,0
262.5073,12.2844,3048,0,0
262.5321,12.2844,3048,0,0
262.5569,12.3488,3064,0,0
262.5817,12.3327,3060,0,0
262.6065,12.2803,3047,0,0
262.6313,12.3166,3056,0,0
262.6561,12.3488,3064,0,0
262.6809,12.2803,3047,0,0
262.7057,12.3085,3054,0,0
262.7305,12.3488,3064,0,0
262.7553,12.3005,3052,0,0
262.7802,12.3005,3052,0,0
262.8050,12.3811,3072,0,0
262.8297,12.3206,3057,0,0
262.8546,12.3166,3056,0,0
262.8794,12.2844,3048,0,0
262.9042,12.2803,3047,0,0
262.9290,12.2844,3048,0,0
262.9538,12.2965,3051,0,0
262.9786,12.3327,3060,0,0
263.0034,12.3206,3057,0,0
263.0282,12.3206,3057,0,0
263.0530,12.3448,3063,0,0
263.0778,12.3488,3064,0,0
263.1026,12.3126,3055,0,0
263.1274,12.3126,3055,0,0
263.1522,12.3448,3063,0,0
263.1770,12.3085,3054,0,0
263.2018,12.3206,3057,0,0
263.2266,12.3609,3067,0,0
263.2514,12.3529,3065,0,0
263.2762,12.3166,3056,0,0
263.3010,12.3085,3054,0,0
263.3258,12.3126,3055,0,0
263.3506,12.2763,3046,0,0
263.3754,12.2844,3048,0,0
263.4002,12.3126,3055,0,0
263.4250,12.3005,3052,0,0
263.4498,12.3045,3053,0,0
263.4746,12.3206,3057,0,0
263.4994,12.3488,3064,0,0
263.5242,12.3327,3060,0,0
263.5490,12.3126,3055,0,0
263.5738,12.3166,3056,0,0
263.5986,12.3206,3057,0,0
263.6234,12.2924,3050,0,0
263.6482,12.3206,3057,0,0
263.6730,12.3166,3056,0,0
263.6978,12.2844,3048,0,0
263.7226,12.3327,3060,0,0
263.7474,12.3488,3064,0,0
263.7722,12.3166,3056,0,0
263.7971,12.3287,3059,0,0
263.8218,12.3206,3057,0,0
263.8466,12.3488,3064,0,0
263.8715,12.2844,3048,0,0
263.8962,12.3488,3064,0,0
263.9211,12.3327,3060,0,0
263.9459,12.3609,3067,0,0
263.9707,12.3085,3054,0,0
263.9955,12.3166,3056,0,0
264.0203,12.2682,3044,0,0
264.0451,12.2803,3047,0,0
264.0699,12.3206,3057,0,0
264.0947,12.3166,3056,0,0
264.1195,12.3085,3054,0,0
264.1443,12.2844,3048,0,0
264.1691,12.3126,3055,0,0
264.1939,12.3126,3055,0,0
264.2187,12.3247,3058,0,0
264.2435,12.3206,3057,0,0
264.2683,12.3287,3059,0,0
264.2931,12.3287,3059,0,0
264.3179,12.3126,3055,0,0
264.3427,12.3206,3057,0,0
264.3675,12.2803,3047,0,0
264.3923,12.2844,3048,0,0
264.4171,12.3287,3059,0,0
264.4419,12.3206,3057,0,0
264.4667,12.3287,3059,0,0
264.4915,12.3287,3059,0,0
264.5163,12.3166,3056,0,0
264.5411,12.2924,3050,0,0
264.5659,12.3005,3052,0,0
264.5907,12.3287,3059,0,0
264.6155,12.3206,3057,0,0
264.6403,12.3126,3055,0,0
264.6651,12.3247,3058,0,0
264.6899,12.3206,3057,0,0
264.7147,12.2844,3048,0,0
264.7395,12.3206,3057,0,0
264.7643,12.3126,3055,0,0
264.7891,12.3085,3054,0,0
264.8139,12.3287,3059,0,0
264.8387,12.3126,3055,0,0
264.8636,12.3045,3053,0,0
264.8883,12.2763,3046,0,0
264.9131,12.3126,3055,0,0
264.9380,12.2844,3048,0,0
264.9627,12.3247,3058,0,0
264.9875,12.3166,3056,0,0
265.0124,12.3287,3059,0,0
265.0372,12.3085,3054,0,0
265.0620,12.3327,3060,0,0
265.0868,12.3166,3056,0,0
265.1116,12.3206,3057,0,0
265.1364,12.2803,3047,0,0
265.1612,12.3287,3059,0,0
265.1860,12.2803,3047,0,0
265.2108,12.2602,3042,0,0
265.2356,12.3206,3057,0,0
265.2604,12.3206,3057,0,0
265.2852,12.2803,3047,0,0
265.3100,12.2844,3048,0,0
265.3348,12.3569,3066,0,0
265.3596,12.3166,3056,0,0
265.3844,12.2965,3051,0,0
265.4092,12.3206,3057,0,0
265.4340,12.3529,3065,0,0
265.4588,12.3287,3059,0,0
265.4836,12.2763,3046,0,0
265.5084,12.3448,3063,0,0
265.5332,12.3126,3055,0,0
265.5580,12.3126,3055,0,0
265.5828,12.2803,3047,0,0
265.6076,12.2924,3050,0,0
265.6324,12.3287,3059,0,0
265.6572,12.3448,3063,0,0
265.6820,12.3126,3055,0,0
265.7068,12.3327,3060,0,0
265.7316,12.3488,3064,0,0
265.7564,12.2924,3050,0,0
265.7812,12.3287,3059,0,0
265.8060,12.3327,3060,0,0
265.8308,12.3085,3054,0,0
265.8556,12.3206,3057,0,0
265.8804,12.3206,3057,0,0
265.9052,12.3206,3057,0,0
265.9301,12.3206,3057,0,0
265.9548,12.3206,3057,0,0
265.9796,12.3247,3058,0,0
266.0045,12.3126,3055,0,0
266.0292,12.3488,3064,0,0
266.0540,12.3166,3056,0,0
266.0789,12.2844,3048,0,0
266.1037,12.3005,3052,0,0
266.1284,12.3085,3054,0,0
266.1533,12.3166,3056,0,0
266.1781,12.3488,3064,0,0
266.2029,12.3126,3055,0,0
266.2277,12.3206,3057,0,0
266.2525,12.3488,3064,0,0
266.2773,12.3005,3052,0,0
266.3021,12.2844,3048,0,0
266.3269,12.3166,3056,0,0
266.3517,12.3085,3054,0,0
266.3765,12.3287,3059,0,0
266.4013,12.2924,3050,0,0
266.4261,12.2803,3047,0,0
266.4509,12.3327,3060,0,0
266.4757,12.2803,3047,0,0
266.5005,12.2602,3042,0,0
266.5253,12.3126,3055,0,0
266.5501,12.3287,3059,0,0
266.5749,12.3529,3065,0,0
266.5997,12.2924,3050,0,0
266.6245,12.3287,3059,0,0
266.6493,12.3247,3058,0,0
266.6741,12.2924,3050,0,0
266.6989,12.2844,3048,0,0
266.7237,12.3206,3057,0,0
266.7485,12.3126,3055,0,0
266.7733,12.3126,3055,0,0
266.7981,12.2803,3047,0,0
266.8229,12.3206,3057,0,0
266.8477,12.3166,3056,0,0
266.8725,12.2844,3048,0,0
266.8973,12.3126,3055,0,0
266.9221,12.3166,3056,0,0
266.9469,12.2844,3048,0,0
266.9717,12.3166,3056,0,0
266.9966,12.3206,3057,0,0
267.0213,12.3166,3056,0,0
267.0461,12.3005,3052,0,0
267.0710,12.3327,3060,0,0
267.0957,12.2844,3048,0,0
267.1205,12.2924,3050,0,0
267.1454,12.3085,3054,0,0
267.1702,12.2803,3047,0,0
267.1949,12.3085,3054,0,0
267.2198,12.3126,3055,0,0
267.2446,12.3085,3054,0,0
267.2693,12.3287,3059,0,0
267.2942,12.3206,3057,0,0
267.3190,12.3488,3064,0,0
267.3438,12.3206,3057,0,0
267.3686,12.3206,3057,0,0
267.3934,12.3045,3053,0,0
267.4182,12.3206,3057,0,0
267.4430,12.3206,3057,0,0
267.4678,12.3287,3059,0,0
267.4926,12.3488,3064,0,0
267.5174,12.2844,3048,0,0
267.5422,12.3126,3055,0,0
267.5670,12.2924,3050,0,0
267.5918,12.3247,3058,0,0
267.6166,12.3206,3057,0,0
267.6414,12.3206,3057,0,0
267.6662,12.3126,3055,0,0
267.6910,12.2844,3048,0,0
267.7158,12.2844,3048,0,0
267.7406,12.3166,3056,0,0
267.7654,12.3085,3054,0,0
267.7902,12.3488,3064,0,0
267.8150,12.3287,3059,0,0
267.8398,12.3206,3057,0,0
267.8646,12.3529,3065,0,0
267.8894,12.3287,3059,0,0
267.9142,12.3287,3059,0,0
267.9390,12.2924,3050,0,0
267.9638,12.2763,3046,0,0
267.9886,12.3327,3060,0,0
268.0134,12.3287,3059,0,0
268.0382,12.3327,3060,0,0
268.0630,12.3126,3055,0,0
268.0878,12.3085,3054,0,0
268.1126,12.3327,3060,0,0
268.1375,12.3126,3055,0,0
268.1622,12.3126,3055,0,0
268.1870,12.3005,3052,0,0
268.2119,12.2844,3048,0,0
268.2367,12.3126,3055,0,0
268.2614,12.3126,3055,0,0
268.2863,12.3005,3052,0,0
268.3111,12.2803,3047,0,0
268.3358,12.3166,3056,0,0
268.3607,12.3206,3057,0,0
268.3855,12.3327,3060,0,0
268.4103,12.3206,3057,0,0
268.4351,12.3126,3055,0,0
268.4599,12.3287,3059,0,0
268.4847,12.2844,3048,0,0
268.5095,12.3126,3055,0,0
268.5343,12.3488,3064,0,0
268.5591,12.3206,3057,0,0
268.5839,12.2844,3048,0,0
268.6087,12.3327,3060,0,0
268.6335,12.3287,3059,0,0
268.6583,12.3126,3055,0,0
268.6831,12.2965,3051,0,0
268.7079,12.3166,3056,0,0
268.7327,12.3247,3058,0,0
268.7575,12.3529,3065,0,0
268.7823,12.3327,3060,0,0
268.8071,12.3327,3060,0,0
268.8319,12.2844,3048,0,0
268.8567,12.3005,3052,0,0
268.8815,12.2844,3048,0,0
268.9063,12.2924,3050,0,0
268.9311,12.2924,3050,0,0
268.9559,12.3287,3059,0,0
268.9807,12.3529,3065,0,0
269.0055,12.2844,3048,0,0
269.0303,12.3045,3053,0,0
269.0551,12.3771,3071,0,0
269.0799,12.3166,3056,0,0
269.1047,12.3126,3055,0,0
269.1295,12.3247,3058,0,0
269.1543,12.2965,3051,0,0
269.1791,12.3166,3056,0,0
269.2039,12.3488,3064,0,0
269.2287,12.3488,3064,0,0
269.2535,12.3206,3057,0,0
269.2784,12.3529,3065,0,0
269.3032,12.3085,3054,0,0
269.3279,12.3569,3066,0,0
269.3528,12.3287,3059,0,0
269.3776,12.2844,3048,0,0
269.4023,12.3206,3057,0,0
269.4272,12.3166,3056,0,0
269.4520,12.2682,3044,0,0
269.4768,12.3327,3060,0,0
269.5016,12.3569,3066,0,0
269.5264,12.3206,3057,0,0
269.5512,12.3005,3052,0,0
269.5760,12.2924,3050,0,0
269.6008,12.2924,3050,0,0
269.6256,12.3206,3057,0,0
269.6504,12.3488,3064,0,0
269.6752,12.3085,3054,0,0
269.7000,12.3005,3052,0,0
269.7248,12.3488,3064,0,0
269.7496,12.3327,3060,0,0
269.7744,12.3126,3055,0,0
269.7992,12.3085,3054,0,0
269.8240,12.3488,3064,0,0
269.8488,12.3206,3057,0,0
269.8736,12.3126,3055,0,0
269.8984,12.3166,3056,0,0
269.9232,12.3287,3059,0,0
269.9480,12.3287,3059,0,0
269.9728,12.2844,3048,0,0
269.9976,12.3327,3060,0,0
270.0224,12.3247,3058,0,0
270.0472,12.2924,3050,0,0
270.0720,12.3206,3057,0,0
270.0968,12.3448,3063,0,0
270.1216,12.3045,3053,0,0
270.1464,12.3206,3057,0,0
270.1712,12.2924,3050,0,0
270.1960,12.3126,3055,0,0
270.2208,12.2844,3048,0,0
270.2456,12.2924,3050,0,0
270.2704,12.3206,3057,0,0
270.2952,12.3166,3056,0,0
270.3200,12.3085,3054,0,0
270.3448,12.3085,3054,0,0
270.3697,12.3126,3055,0,0
270.3944,12.2521,3040,0,0
270.4193,12.2844,3048,0,0
270.4441,12.3206,3057,0,0
270.4688,12.3005,3052,0,0
270.4937,12.2924,3050,0,0
270.5185,12.2803,3047,0,0
270.5433,12.3045,3053,0,0
270.5681,12.2924,3050,0,0
270.5929,12.3569,3066,0,0
270.6177,12.3327,3060,0,0
270.6425,12.2844,3048,0,0
270.6673,12.3327,3060,0,0
270.6921,12.3529,3065,0,0
270.7169,12.3126,3055,0,0
270.7417,12.3126,3055,0,0
270.7665,12.3488,3064,0,0
270.7913,12.3166,3056,0,0
270.8161,12.2965,3051,0,0
270.8409,12.3488,3064,0,0
270.8657,12.3166,3056,0,0
270.8905,12.3126,3055,0,0
270.9153,12.2924,3050,0,0
270.9401,12.3166,3056,0,0
270.9649,12.3327,3060,0,0
270.9897,12.2924,3050,0,0
271.0145,12.3126,3055,0,0
271.0393,12.3327,3060,0,0
271.0641,12.3247,3058,0,0
271.0889,12.3206,3057,0,0
271.1137,12.3488,3064,0,0
271.1385,12.3005,3052,0,0
271.1633,12.2602,3042,0,0
271.1881,12.2924,3050,0,0
271.2129,12.3166,3056,0,0
271.2377,12.3126,3055,0,0
271.2625,12.2924,3050,0,0
271.2873,12.3327,3060,0,0
271.3121,12.2844,3048,0,0
271.3369,12.3126,3055,0,0
271.3617,12.2723,3045,0,0
271.3865,12.3287,3059,0,0
271.4113,12.3126,3055,0,0
271.4362,12.3126,3055,0,0
271.4609,12.3488,3064,0,0
271.4857,12.3126,3055,0,0
271.5106,12.2803,3047,0,0
271.5353,12.2803,3047,0,0
271.5602,12.3085,3054,0,0
271.5850,12.3005,3052,0,0
271.6098,12.3287,3059,0,0
271.6346,12.3247,3058,0,0
271.6594,12.3126,3055,0,0
271.6842,12.2803,3047,0,0
271.7090,12.2844,3048,0,0
271.7338,12.3247,3058,0,0
271.7586,12.2844,3048,0,0
271.7834,12.2844,3048,0,0
271.8082,12.3206,3057,0,0
271.8330,12.2844,3048,0,0
271.8578,12.2844,3048,0,0
271.8826,12.3166,3056,0,0
271.9074,12.3206,3057,0,0
271.9322,12.3166,3056,0,0
271.9570,12.3287,3059,0,0
271.9818,12.3166,3056,0,0
272.0066,12.3206,3057,0,0
272.0314,12.3287,3059,0,0
272.0562,12.2924,3050,0,0
272.0810,12.3448,3063,0,0
272.1058,12.3085,3054,0,0
272.1306,12.3005,3052,0,0
272.1554,12.3166,3056,0,0
272.1802,12.3085,3054,0,0
272.2050,12.2844,3048,0,0
272.2298,12.3126,3055,0,0
272.2546,12.3287,3059,0,0
272.2794,12.3085,3054,0,0
272.3042,12.3529,3065,0,0
272.3290,12.3126,3055,0,0
272.3538,12.3126,3055,0,0
272.3786,12.2924,3050,0,0
272.4034,12.3126,3055,0,0
272.4282,12.2924,3050,0,0
272.4530,12.3166,3056,0,0
272.4778,12.3126,3055,0,0
272.5027,12.3166,3056,0,0
272.5274,12.3045,3053,0,0
272.5522,12.2844,3048,0,0
272.5771,12.3085,3054,0,0
272.6018,12.2844,3048,0,0
272.6266,12.2844,3048,0,0
272.6515,12.3327,3060,0,0
272.6763,12.2924,3050,0,0
272.7010,12.3045,3053,0,0
272.7259,12.3085,3054,0,0
272.7507,12.3529,3065,0,0
272.7755,12.3045,3053,0,0
272.8003,12.2844,3048,0,0
272.8251,12.2803,3047,0,0
272.8499,12.3206,3057,0,0
272.8747,12.2803,3047,0,0
272.8995,12.3287,3059,0,0
272.9243,12.2965,3051,0,0
272.9491,12.3085,3054,0,0
272.9739,12.2803,3047,0,0
272.9987,12.3206,3057,0,0
273.0235,12.3287,3059,0,0
273.0483,12.3166,3056,0,0
273.0731,12.3206,3057,0,0
273.0979,12.2844,3048,0,0
273.1227,12.2844,3048,0,0
273.1475,12.3327,3060,0,0
273.1723,12.3085,3054,0,0
273.1971,12.2844,3048,0,0
273.2219,12.2602,3042,0,0
273.2467,12.3126,3055,0,0
273.2715,12.3126,3055,0,0
273.2963,12.2844,3048,0,0
273.3211,12.3045,3053,0,0
273.3459,12.3247,3058,0,0
273.3707,12.3569,3066,0,0
273.3955,12.2844,3048,0,0
273.4203,12.2844,3048,0,0
273.4451,12.3126,3055,0,0
273.4699,12.2602,3042,0,0
273.4947,12.3166,3056,0,0
273.5195,12.3126,3055,0,0
273.5443,12.3529,3065,0,0
273.5692,12.2602,3042,0,0
273.5939,12.3085,3054,0,0
273.6187,12.3287,3059,0,0
273.6436,12.3488,3064,0,0
273.6683,12.2763,3046,0,0
273.6931,12.3085,3054,0,0
273.7180,12.2803,3047,0,0
273.7428,12.3005,3052,0,0
273.7675,12.2844,3048,0,0
273.7924,12.3569,3066,0,0
273.8172,12.2844,3048,0,0
273.8420,12.3045,3053,0,0
273.8668,12.3206,3057,0,0
273.8916,12.2924,3050,0,0
273.9164,12.2924,3050,0,0
273.9412,12.2965,3051,0,0
273.9660,12.3771,3071,0,0
273.9908,12.2844,3048,0,0
274.0156,12.3126,3055,0,0
274.0404,12.3166,3056,0,0
274.0652,12.3488,3064,0,0
274.0900,12.3045,3053,0,0
274.1148,12.2844,3048,0,0
274.1396,12.3206,3057,0,0
274.1644,12.3166,3056,0,0
274.1892,12.2763,3046,0,0
274.2140,12.2844,3048,0,0
274.2388,12.3287,3059,0,0
274.2636,12.3166,3056,0,0
274.2884,12.3045,3053,0,0
274.3132,12.3287,3059,0,0
274.3380,12.3287,3059,0,0
274.3628,12.2763,3046,0,0
274.3876,12.3206,3057,0,0
274.4124,12.3085,3054,0,0
274.4372,12.3327,3060,0,0
274.4620,12.2844,3048,0,0
274.4868,12.3488,3064,0,0
274.5116,12.2763,3046,0,0
274.5364,12.2602,3042,0,0
274.5612,12.3287,3059,0,0
274.5860,12.3247,3058,0,0
274.6108,12.3166,3056,0,0
274.6357,12.3166,3056,0,0
274.6604,12.3166,3056,0,0
274.6852,12.3045,3053,0,0
274.7101,12.3287,3059,0,0
274.7349,12.3085,3054,0,0
274.7596,12.3166,3056,0,0
274.7845,12.3085,3054,0,0
274.8093,12.3206,3057,0,0
274.8340,12.3488,3064,0,0
274.8589,12.3085,3054,0,0
274.8837,12.3126,3055,0,0
274.9085,12.3166,3056,0,0
274.9333,12.3166,3056,0,0
274.9581,12.3126,3055,0,0
274.9829,12.3327,3060,0,0
275.0077,12.3085,3054,0,0
275.0325,12.2844,3048,0,0
275.0573,12.3206,3057,0,0
275.0821,12.3327,3060,0,0
275.1069,12.2803,3047,0,0
275.1317,12.3206,3057,0,0
275.1565,12.3408,3062,0,0
275.1813,12.3448,3063,0,0
275.2061,12.2763,3046,0,0
275.2309,12.3247,3058,0,0
275.2557,12.3488,3064,0,0
275.2805,12.3126,3055,0,0
275.3053,12.3126,3055,0,0
275.3301,12.2924,3050,0,0
275.3549,12.3206,3057,0,0
275.3797,12.3085,3054,0,0
275.4045,12.2965,3051,0,0
275.4293,12.3206,3057,0,0
275.4541,12.2924,3050,0,0
275.4789,12.2924,3050,0,0
275.5037,12.3206,3057,0,0
275.5285,12.2924,3050,0,0
275.5533,12.2924,3050,0,0
275.5781,12.3529,3065,0,0
275.6029,12.2844,3048,0,0
275.6277,12.3085,3054,0,0
275.6525,12.3126,3055,0,0
275.6773,12.3166,3056,0,0
275.7021,12.3327,3060,0,0
275.7269,12.3166,3056,0,0
275.7517,12.3045,3053,0,0
275.7766,12.3327,3060,0,0
275.8014,12.2763,3046,0,0
275.8261,12.3166,3056,0,0
275.8510,12.2803,3047,0,0
275.8758,12.3166,3056,0,0
275.9005,12.3005,3052,0,0
275.9254,12.2844,3048,0,0
275.9502,12.3327,3060,0,0
275.9750,12.2763,3046,0,0
275.9998,12.2924,3050,0,0
276.0246,12.3166,3056,0,0
276.0494,12.2844,3048,0,0
276.0742,12.3126,3055,0,0
276.0990,12.3488,3064,0,0
276.1238,12.3166,3056,0,0
276.1486,12.2723,3045,0,0
276.1734,12.3327,3060,0,0
276.1982,12.3327,3060,0,0
276.2230,12.3126,3055,0,0
276.2478,12.3126,3055,0,0
276.2726,12.3327,3060,0,0
276.2974,12.3488,3064,0,0
276.3222,12.3045,3053,0,0
276.3470,12.3206,3057,0,0
276.3718,12.3448,3063,0,0
276.3966,12.3005,3052,0,0
276.4214,12.3247,3058,0,0
276.4462,12.3609,3067,0,0
276.4710,12.3166,3056,0,0
276.4958,12.2924,3050,0,0
276.5206,12.3166,3056,0,0
276.5454,12.3247,3058,0,0
276.5702,12.2924,3050,0,0
276.5950,12.2924,3050,0,0
276.6198,12.3206,3057,0,0
276.6446,12.3529,3065,0,0
276.6694,12.3085,3054,0,0
276.6942,12.3126,3055,0,0
276.7190,12.3287,3059,0,0
276.7438,12.3166,3056,0,0
276.7686,12.3085,3054,0,0
276.7934,12.3529,3065,0,0
276.8182,12.3166,3056,0,0
276.8430,12.3085,3054,0,0
276.8679,12.3045,3053,0,0
276.8926,12.3005,3052,0,0
276.9174,12.3085,3054,0,0
276.9423,12.3085,3054,0,0
276.9670,12.2965,3051,0,0
276.9919,12.3005,3052,0,0
277.0167,12.3569,3066,0,0
277.0415,12.2924,3050,0,0
277.0663,12.3287,3059,0,0
277.0911,12.3569,3066,0,0
277.1159,12.3206,3057,0,0
277.1407,12.3166,3056,0,0
277.1655,12.3126,3055,0,0
277.1903,12.3085,3054,0,0
277.2151,12.3166,3056,0,0
277.2399,12.3085,3054,0,0
277.2647,12.3126,3055,0,0
277.2895,12.2844,3048,0,0
277.3143,12.3085,3054,0,0
277.3391,12.3247,3058,0,0
277.3639,12.3206,3057,0,0
277.3887,12.2965,3051,0,0
277.4135,12.2844,3048,0,0
277.4383,12.2924,3050,0,0
277.4631,12.2924,3050,0,0
277.4879,12.3206,3057,0,0
277.5127,12.2803,3047,0,0
277.5375,12.3206,3057,0,0
277.5623,12.2844,3048,0,0
277.5871,12.3609,3067,0,0
277.6119,12.3206,3057,0,0
277.6367,12.3206,3057,0,0
277.6615,12.3247,3058,0,0
277.6863,12.3206,3057,0,0
277.7111,12.2924,3050,0,0
277.7359,12.2763,3046,0,0
277.7607,12.2924,3050,0,0
277.7855,12.3287,3059,0,0
277.8103,12.3166,3056,0,0
277.8351,12.3488,3064,0,0
277.8599,12.3005,3052,0,0
277.8847,12.3206,3057,0,0
277.9095,12.3206,3057,0,0
277.9344,12.3005,3052,0,0
277.9591,12.3206,3057,0,0
277.9839,12.3448,3063,0,0
278.0088,12.2844,3048,0,0
278.0335,12.3126,3055,0,0
278.0583,12.3206,3057,0,0
278.0832,12.3206,3057,0,0
278.1080,12.2682,3044,0,0
278.1328,12.2844,3048,0,0
278.1576,12.3005,3052,0,0
278.1824,12.3287,3059,0,0
278.2072,12.3166,3056,0,0
278.2320,12.2602,3042,0,0
278.2568,12.3327,3060,0,0
278.2816,12.3126,3055,0,0
278.3064,12.3488,3064,0,0
278.3312,12.3085,3054,0,0
278.3560,12.3488,3064,0,0
278.3808,12.3206,3057,0,0
278.4056,12.3126,3055,0,0
278.4304,12.2965,3051,0,0
278.4552,12.3206,3057,0,0
278.4800,12.2844,3048,0,0
278.5048,12.3206,3057,0,0
278.5296,12.3488,3064,0,0
278.5544,12.2682,3044,0,0
278.5792,12.3126,3055,0,0
278.6040,12.2763,3046,0,0
278.6288,12.3126,3055,0,0
278.6536,12.3126,3055,0,0
278.6784,12.2965,3051,0,0
278.7032,12.3488,3064,0,0
278.7280,12.3166,3056,0,0
278.7528,12.2803,3047,0,0
278.7776,12.3247,3058,0,0
278.8024,12.3085,3054,0,0
278.8272,12.3206,3057,0,0
278.8520,12.3206,3057,0,0
278.8768,12.3206,3057,0,0
278.9016,12.3166,3056,0,0
278.9264,12.3609,3067,0,0
278.9512,12.3085,3054,0,0
278.9760,12.2965,3051,0,0
279.0009,12.3126,3055,0,0
279.0256,12.2924,3050,0,0
279.0504,12.3166,3056,0,0
279.0753,12.3166,3056,0,0
279.1000,12.3609,3067,0,0
279.1248,12.2803,3047,0,0
279.1497,12.3287,3059,0,0
279.1745,12.3529,3065,0,0
279.1992,12.3085,3054,0,0
279.2241,12.2723,3045,0,0
279.2489,12.3005,3052,0,0
279.2737,12.2844,3048,0,0
279.2985,12.3126,3055,0,0
279.3233,12.2844,3048,0,0
279.3481,12.2924,3050,0,0
279.3729,12.3529,3065,0,0
279.3977,12.3126,3055,0,0
279.4225,12.2844,3048,0,0
279.4473,12.3206,3057,0,0
279.4721,12.2521,3040,0,0
279.4969,12.2602,3042,0,0
279.5217,12.3247,3058,0,0
279.5465,12.3327,3060,0,0
279.5713,12.3085,3054,0,0
279.5961,12.3287,3059,0,0
279.6209,12.3126,3055,0,0
279.6457,12.3005,3052,0,0
279.6705,12.3085,3054,0,0
279.6953,12.3085,3054,0,0
279.7201,12.3488,3064,0,0
279.7449,12.3045,3053,0,0
279.7697,12.3126,3055,0,0
279.7945,12.2803,3047,0,0
279.8193,12.3206,3057,0,0
279.8441,12.3771,3071,0,0
279.8689,12.3126,3055,0,0
279.8937,12.2521,3040,0,0
279.9185,12.3166,3056,0,0
279.9433,12.3327,3060,0,0
279.9681,12.3529,3065,0,0
279.9929,12.2803,3047,0,0
280.0177,12.3206,3057,0,0
280.0425,12.3126,3055,0,0
280.0674,12.3126,3055,0,0
280.0921,12.3529,3065,0,0
280.1169,12.3287,3059,0,0
280.1418,12.3247,3058,0,0
280.1665,12.3166,3056,0,0
280.1913,12.3448,3063,0,0
280.2162,12.3206,3057,0,0
280.2410,12.3206,3057,0,0
280.2657,12.3529,3065,0,0
280.2906,12.3005,3052,0,0
280.3154,12.2844,3048,0,0
280.3401,12.2844,3048,0,0
280.3650,12.3126,3055,0,0
280.3898,12.3126,3055,0,0
280.4146,12.3126,3055,0,0
280.4394,12.3206,3057,0,0
280.4642,12.3085,3054,0,0
280.4890,12.2965,3051,0,0
280.5138,12.2924,3050,0,0
280.5386,12.3166,3056,0,0
280.5634,12.3166,3056,0,0
280.5882,12.3206,3057,0,0
280.6130,12.2924,3050,0,0
280.6378,12.2763,3046,0,0
280.6626,12.2924,3050,0,0
280.6874,12.3287,3059,0,0
280.7122,12.3206,3057,0,0
280.7370,12.2803,3047,0,0
280.7618,12.2924,3050,0,0
280.7866,12.2965,3051,0,0
280.8114,12.3206,3057,0,0
280.8362,12.3126,3055,0,0
280.8610,12.3166,3056,0,0
280.8858,12.3206,3057,0,0
280.9106,12.3085,3054,0,0
280.9354,12.3206,3057,0,0
280.9602,12.3488,3064,0,0
280.9850,12.3327,3060,0,0
281.0098,12.3045,3053,0,0
281.0346,12.3247,3058,0,0
281.0594,12.3166,3056,0,0
281.0842,12.3247,3058,0,0
281.1090,12.2924,3050,0,0
281.1339,12.3650,3068,0,0
281.1586,12.3166,3056,0,0
281.1834,12.3005,3052,0,0
281.2083,12.3126,3055,0,0
281.2330,12.3488,3064,0,0
281.2578,12.3287,3059,0,0
281.2827,12.2521,3040,0,0
281.3075,12.3206,3057,0,0
281.3322,12.3085,3054,0,0
281.3571,12.3166,3056,0,0
281.3819,12.3126,3055,0,0
281.4066,12.3085,3054,0,0
281.4315,12.2844,3048,0,0
281.4563,12.3126,3055,0,0
281.4811,12.3126,3055,0,0
281.5059,12.3206,3057,0,0
281.5307,12.2844,3048,0,0
281.5555,12.3126,3055,0,0
281.5803,12.2844,3048,0,0
281.6051,12.2803,3047,0,0
281.6299,12.3287,3059,0,0
281.6547,12.2844,3048,0,0
281.6795,12.2844,3048,0,0
281.7043,12.3206,3057,0,0
281.7291,12.2844,3048,0,0
281.7539,12.3166,3056,0,0
281.7787,12.2844,3048,0,0
281.8035,12.2924,3050,0,0
281.8283,12.2844,3048,0,0
281.8531,12.3005,3052,0,0
281.8779,12.3327,3060,0,0
281.9027,12.3448,3063,0,0
281.9275,12.3126,3055,0,0
281.9523,12.3085,3054,0,0
281.9771,12.3609,3067,0,0
282.0019,12.2924,3050,0,0
282.0267,12.2924,3050,0,0
282.0515,12.3206,3057,0,0
282.0763,12.3247,3058,0,0
282.1011,12.3206,3057,0,0
282.1259,12.2844,3048,0,0
282.1507,12.2844,3048,0,0
282.1755,12.3327,3060,0,0
282.2003,12.3247,3058,0,0
282.2251,12.3206,3057,0,0
282.2499,12.3045,3053,0,0
282.2747,12.2844,3048,0,0
282.2995,12.3166,3056,0,0
282.3243,12.3166,3056,0,0
282.3492,12.2803,3047,0,0
282.3740,12.3206,3057,0,0
282.3987,12.3206,3057,0,0
282.4236,12.2763,3046,0,0
282.4484,12.3085,3054,0,0
282.4731,12.3085,3054,0,0
282.4980,12.3247,3058,0,0
282.5228,12.3166,3056,0,0
282.5476,12.3085,3054,0,0
282.5724,12.3287,3059,0,0
282.5972,12.3166,3056,0,0
282.6220,12.3166,3056,0,0
282.6468,12.2803,3047,0,0
282.6716,12.3206,3057,0,0
282.6964,12.2924,3050,0,0
282.7212,12.2965,3051,0,0
282.7460,12.3166,3056,0,0
282.7708,12.3166,3056,0,0
282.7956,12.2763,3046,0,0
282.8204,12.3166,3056,0,0
282.8452,12.3166,3056,0,0
282.8700,12.3529,3065,0,0
282.8948,12.2844,3048,0,0
282.9196,12.2844,3048,0,0
282.9444,12.3327,3060,0,0
282.9692,12.3206,3057,0,0
282.9940,12.3287,3059,0,0
283.0188,12.2924,3050,0,0
283.0436,12.3166,3056,0,0
283.0684,12.3327,3060,0,0
283.0932,12.2763,3046,0,0
283.1180,12.3287,3059,0,0
283.1428,12.3206,3057,0,0
283.1676,12.3166,3056,0,0
283.1924,12.3327,3060,0,0
283.2172,12.2924,3050,0,0
283.2420,12.2803,3047,0,0
283.2668,12.3488,3064,0,0
283.2916,12.3206,3057,0,0
283.3164,12.3085,3054,0,0
283.3412,12.2844,3048,0,0
283.3660,12.2924,3050,0,0
283.3908,12.3005,3052,0,0
283.4156,12.3206,3057,0,0
283.4405,12.3166,3056,0,0
283.4652,12.3166,3056,0,0
283.4901,12.3085,3054,0,0
283.5149,12.3206,3057,0,0
283.5396,12.3166,3056,0,0
283.5645,12.3126,3055,0,0
283.5893,12.3206,3057,0,0
283.6141,12.3126,3055,0,0
283.6389,12.2763,3046,0,0
283.6637,12.2924,3050,0,0
283.6885,12.3005,3052,0,0
283.7133,12.2965,3051,0,0
283.7381,12.3327,3060,0,0
283.7629,12.2844,3048,0,0
283.7877,12.3126,3055,0,0
283.8125,12.3287,3059,0,0
283.8373,12.3085,3054,0,0
283.8621,12.3206,3057,0,0
283.8869,12.3166,3056,0,0
283.9117,12.3327,3060,0,0
283.9365,12.2803,3047,0,0
283.9613,12.3166,3056,0,0
283.9861,12.3488,3064,0,0
284.0109,12.3126,3055,0,0
284.0357,12.3126,3055,0,0
284.0605,12.3085,3054,0,0
284.0853,12.3005,3052,0,0
284.1101,12.2844,3048,0,0
284.1349,12.3126,3055,0,0
284.1597,12.3085,3054,0,0
284.1845,12.2682,3044,0,0
284.2093,12.2844,3048,0,0
284.2341,12.3206,3057,0,0
284.2589,12.3126,3055,0,0
284.2837,12.3287,3059,0,0
284.3085,12.3206,3057,0,0
284.3333,12.2844,3048,0,0
284.3581,12.3126,3055,0,0
284.3829,12.2763,3046,0,0
284.4077,12.2924,3050,0,0
284.4325,12.3327,3060,0,0
284.4573,12.3005,3052,0,0
284.4821,12.3085,3054,0,0
284.5070,12.3085,3054,0,0
284.5317,12.3166,3056,0,0
284.5565,12.3327,3060,0,0
284.5814,12.2844,3048,0,0
284.6061,12.2844,3048,0,0
284.6310,12.3126,3055,0,0
284.6558,12.3126,3055,0,0
284.6806,12.3005,3052,0,0
284.7054,12.3166,3056,0,0
284.7302,12.2803,3047,0,0
284.7550,12.3126,3055,0,0
284.7798,12.3085,3054,0,0
284.8046,12.3206,3057,0,0
284.8294,12.3206,3057,0,0
284.8542,12.3166,3056,0,0
284.8790,12.3206,3057,0,0
284.9038,12.3206,3057,0,0
284.9286,12.3206,3057,0,0
284.9534,12.2924,3050,0,0
284.9782,12.2844,3048,0,0
285.0030,12.2844,3048,0,0
285.0278,12.3488,3064,0,0
285.0526,12.3085,3054,0,0
285.0774,12.3166,3056,0,0
285.1022,12.2803,3047,0,0
285.1270,12.2803,3047,0,0
285.1518,12.3327,3060,0,0
285.1766,12.3206,3057,0,0
285.2014,12.2924,3050,0,0
285.2262,12.3206,3057,0,0
285.2510,12.3488,3064,0,0
285.2758,12.2844,3048,0,0
285.3006,12.2803,3047,0,0
285.3254,12.3529,3065,0,0
285.3502,12.2844,3048,0,0
285.3750,12.2844,3048,0,0
285.3998,12.2965,3051,0,0
285.4246,12.2844,3048,0,0
285.4494,12.3005,3052,0,0
285.4742,12.3488,3064,0,0
285.4990,12.2965,3051,0,0
285.5238,12.3287,3059,0,0
285.5486,12.2844,3048,0,0
285.5735,12.2924,3050,0,0
285.5982,12.3206,3057,0,0
285.6230,12.2844,3048,0,0
285.6479,12.2924,3050,0,0
285.6727,12.3206,3057,0,0
285.6974,12.3166,3056,0,0
