# fixture_id,F3FD7C
# firmware,net-bench-2026-08-06.4
# capture_id,10
# pulse_ms,50
# requested_conversion_hz,80000
# vsns_sample_hz,40318.461
# d7s_sample_hz,40318.461
# radio_quiet,true
t_ms,bank_v,vsns_mv,d7s_mv,gate_command
-10.3179,5.0701,1258,0,0
-10.2931,5.0943,1264,0,0
-10.2682,5.0742,1259,0,0
-10.2434,5.0782,1260,0,0
-10.2186,5.0661,1257,0,0
-10.1938,5.0782,1260,0,0
-10.1690,5.0742,1259,0,0
-10.1442,5.0822,1261,0,0
-10.1194,5.0943,1264,0,0
-10.0946,5.0862,1262,0,0
-10.0698,5.0782,1260,0,0
-10.0450,5.1225,1271,0,0
-10.0202,5.0782,1260,0,0
-9.9954,5.1024,1266,0,0
-9.9706,5.0661,1257,0,0
-9.9458,5.0782,1260,0,0
-9.9210,5.0822,1261,0,0
-9.8962,5.0782,1260,0,0
-9.8714,5.0862,1262,0,0
-9.8466,5.0862,1262,0,0
-9.8218,5.0661,1257,0,0
-9.7970,5.0983,1265,0,0
-9.7722,5.1064,1267,0,0
-9.7474,5.0701,1258,0,0
-9.7226,5.0903,1263,0,0
-9.6978,5.0742,1259,0,0
-9.6730,5.0782,1260,0,0
-9.6482,5.0983,1265,0,0
-9.6234,5.0862,1262,0,0
-9.5986,5.0983,1265,0,0
-9.5738,5.0782,1260,0,0
-9.5490,5.1064,1267,0,0
-9.5242,5.0661,1257,0,0
-9.4994,5.0943,1264,0,0
-9.4746,5.0540,1254,0,0
-9.4498,5.0983,1265,0,0
-9.4250,5.0862,1262,0,0
-9.4002,5.0419,1251,0,0
-9.3754,5.0540,1254,0,0
-9.3506,5.0782,1260,0,0
-9.3258,5.1024,1266,0,0
-9.3010,5.0500,1253,0,0
-9.2761,5.0903,1263,0,0
-9.2513,5.0862,1262,0,0
-9.2265,5.0661,1257,0,0
-9.2017,5.1024,1266,0,0
-9.1769,5.0983,1265,0,0
-9.1521,5.1104,1268,0,0
-9.1273,5.0540,1254,0,0
-9.1025,5.0782,1260,0,0
-9.0777,5.0742,1259,0,0
-9.0529,5.0782,1260,0,0
-9.0281,5.0903,1263,0,0
-9.0033,5.0983,1265,0,0
-8.9785,5.0782,1260,0,0
-8.9537,5.0661,1257,0,0
-8.9289,5.0983,1265,0,0
-8.9041,5.0943,1264,0,0
-8.8793,5.0742,1259,0,0
-8.8545,5.0782,1260,0,0
-8.8297,5.0862,1262,0,0
-8.8049,5.0943,1264,0,0
-8.7801,5.0903,1263,0,0
-8.7553,5.1225,1271,0,0
-8.7305,5.0943,1264,0,0
-8.7057,5.0661,1257,0,0
-8.6809,5.0661,1257,0,0
-8.6561,5.0782,1260,0,0
-8.6313,5.0903,1263,0,0
-8.6065,5.0983,1265,0,0
-8.5817,5.0822,1261,0,0
-8.5569,5.0862,1262,0,0
-8.5321,5.0742,1259,0,0
-8.5073,5.0862,1262,0,0
-8.4825,5.0943,1264,0,0
-8.4577,5.0782,1260,0,0
-8.4329,5.0983,1265,0,0
-8.4081,5.0822,1261,0,0
-8.3833,5.0782,1260,0,0
-8.3585,5.0943,1264,0,0
-8.3337,5.1145,1269,0,0
-8.3088,5.0782,1260,0,0
-8.2840,5.1024,1266,0,0
-8.2592,5.0782,1260,0,0
-8.2344,5.0822,1261,0,0
-8.2096,5.0983,1265,0,0
-8.1848,5.0661,1257,0,0
-8.1600,5.0822,1261,0,0
-8.1352,5.0862,1262,0,0
-8.1104,5.0983,1265,0,0
-8.0856,5.0943,1264,0,0
-8.0608,5.0661,1257,0,0
-8.0360,5.0903,1263,0,0
-8.0112,5.1024,1266,0,0
-7.9864,5.0943,1264,0,0
-7.9616,5.1064,1267,0,0
-7.9368,5.0701,1258,0,0
-7.9120,5.0943,1264,0,0
-7.8872,5.0862,1262,0,0
-7.8624,5.0862,1262,0,0
-7.8376,5.1064,1267,0,0
-7.8128,5.1064,1267,0,0
-7.7880,5.0943,1264,0,0
-7.7632,5.0701,1258,0,0
-7.7384,5.0862,1262,0,0
-7.7136,5.1064,1267,0,0
-7.6888,5.0701,1258,0,0
-7.6640,5.0701,1258,0,0
-7.6392,5.0862,1262,0,0
-7.6144,5.0983,1265,0,0
-7.5896,5.0943,1264,0,0
-7.5648,5.0943,1264,0,0
-7.5400,5.0661,1257,0,0
-7.5152,5.0862,1262,0,0
-7.4904,5.0862,1262,0,0
-7.4656,5.0379,1250,0,0
-7.4408,5.0661,1257,0,0
-7.4160,5.0822,1261,0,0
-7.3912,5.0943,1264,0,0
-7.3664,5.1024,1266,0,0
-7.3415,5.0782,1260,0,0
-7.3167,5.0782,1260,0,0
-7.2919,5.0943,1264,0,0
-7.2671,5.1064,1267,0,0
-7.2423,5.0862,1262,0,0
-7.2175,5.0983,1265,0,0
-7.1927,5.0742,1259,0,0
-7.1679,5.1024,1266,0,0
-7.1431,5.0903,1263,0,0
-7.1183,5.0943,1264,0,0
-7.0935,5.0742,1259,0,0
-7.0687,5.0862,1262,0,0
-7.0439,5.0822,1261,0,0
-7.0191,5.0500,1253,0,0
-6.9943,5.0943,1264,0,0
-6.9695,5.0500,1253,0,0
-6.9447,5.0540,1254,0,0
-6.9199,5.1225,1271,0,0
-6.8951,5.0661,1257,0,0
-6.8703,5.1064,1267,0,0
-6.8455,5.1104,1268,0,0
-6.8207,5.0661,1257,0,0
-6.7959,5.0943,1264,0,0
-6.7711,5.0782,1260,0,0
-6.7463,5.0943,1264,0,0
-6.7215,5.0822,1261,0,0
-6.6967,5.0903,1263,0,0
-6.6719,5.0943,1264,0,0
-6.6471,5.0742,1259,0,0
-6.6223,5.0943,1264,0,0
-6.5975,5.0782,1260,0,0
-6.5727,5.0862,1262,0,0
-6.5479,5.0862,1262,0,0
-6.5231,5.0943,1264,0,0
-6.4983,5.0983,1265,0,0
-6.4735,5.0661,1257,0,0
-6.4487,5.0822,1261,0,0
-6.4239,5.0943,1264,0,0
-6.3991,5.0822,1261,0,0
-6.3743,5.0782,1260,0,0
-6.3494,5.0822,1261,0,0
-6.3246,5.0822,1261,0,0
-6.2998,5.0701,1258,0,0
-6.2750,5.0419,1251,0,0
-6.2502,5.0943,1264,0,0
-6.2254,5.0943,1264,0,0
-6.2006,5.0943,1264,0,0
-6.1758,5.0943,1264,0,0
-6.1510,5.0782,1260,0,0
-6.1262,5.0943,1264,0,0
-6.1014,5.0983,1265,0,0
-6.0766,5.0862,1262,0,0
-6.0518,5.1064,1267,0,0
-6.0270,5.0983,1265,0,0
-6.0022,5.1104,1268,0,0
-5.9774,5.0983,1265,0,0
-5.9526,5.0862,1262,0,0
-5.9278,5.0661,1257,0,0
-5.9030,5.1064,1267,0,0
-5.8782,5.0943,1264,0,0
-5.8534,5.0943,1264,0,0
-5.8286,5.1104,1268,0,0
-5.8038,5.0903,1263,0,0
-5.7790,5.0862,1262,0,0
-5.7542,5.0782,1260,0,0
-5.7294,5.0903,1263,0,0
-5.7046,5.0782,1260,0,0
-5.6798,5.0943,1264,0,0
-5.6550,5.1346,1274,0,0
-5.6302,5.1064,1267,0,0
-5.6054,5.0782,1260,0,0
-5.5806,5.0822,1261,0,0
-5.5558,5.0943,1264,0,0
-5.5310,5.0822,1261,0,0
-5.5062,5.0782,1260,0,0
-5.4814,5.1064,1267,0,0
-5.4566,5.1265,1272,0,0
-5.4318,5.0742,1259,0,0
-5.4070,5.0822,1261,0,0
-5.3821,5.0782,1260,0,0
-5.3573,5.0822,1261,0,0
-5.3325,5.1225,1271,0,0
-5.3077,5.0540,1254,0,0
-5.2829,5.0822,1261,0,0
-5.2581,5.0782,1260,0,0
-5.2333,5.0862,1262,0,0
-5.2085,5.0943,1264,0,0
-5.1837,5.0943,1264,0,0
-5.1589,5.0943,1264,0,0
-5.1341,5.0943,1264,0,0
-5.1093,5.0903,1263,0,0
-5.0845,5.0943,1264,0,0
-5.0597,5.0701,1258,0,0
-5.0349,5.0782,1260,0,0
-5.0101,5.0903,1263,0,0
-4.9853,5.0782,1260,0,0
-4.9605,5.0983,1265,0,0
-4.9357,5.0742,1259,0,0
-4.9109,5.0822,1261,0,0
-4.8861,5.0862,1262,0,0
-4.8613,5.0903,1263,0,0
-4.8365,5.0379,1250,0,0
-4.8117,5.1265,1272,0,0
-4.7869,5.0943,1264,0,0
-4.7621,5.0782,1260,0,0
-4.7373,5.0943,1264,0,0
-4.7125,5.0983,1265,0,0
-4.6877,5.1225,1271,0,0
-4.6629,5.0782,1260,0,0
-4.6381,5.0862,1262,0,0
-4.6133,5.0983,1265,0,0
-4.5885,5.0943,1264,0,0
-4.5637,5.0782,1260,0,0
-4.5389,5.0701,1258,0,0
-4.5141,5.1225,1271,0,0
-4.4893,5.0903,1263,0,0
-4.4645,5.0943,1264,0,0
-4.4397,5.0782,1260,0,0
-4.4149,5.0862,1262,0,0
-4.3900,5.0862,1262,0,0
-4.3652,5.0943,1264,0,0
-4.3404,5.0943,1264,0,0
-4.3156,5.0862,1262,0,0
-4.2908,5.0742,1259,0,0
-4.2660,5.1024,1266,0,0
-4.2412,5.0943,1264,0,0
-4.2164,5.0742,1259,0,0
-4.1916,5.0742,1259,0,0
-4.1668,5.0782,1260,0,0
-4.1420,5.0943,1264,0,0
-4.1172,5.0983,1265,0,0
-4.0924,5.0903,1263,0,0
-4.0676,5.1064,1267,0,0
-4.0428,5.0661,1257,0,0
-4.0180,5.0943,1264,0,0
-3.9932,5.0943,1264,0,0
-3.9684,5.0983,1265,0,0
-3.9436,5.0661,1257,0,0
-3.9188,5.0742,1259,0,0
-3.8940,5.0782,1260,0,0
-3.8692,5.0822,1261,0,0
-3.8444,5.0943,1264,0,0
-3.8196,5.1265,1272,0,0
-3.7948,5.0782,1260,0,0
-3.7700,5.0862,1262,0,0
-3.7452,5.0943,1264,0,0
-3.7204,5.0862,1262,0,0
-3.6956,5.1064,1267,0,0
-3.6708,5.0903,1263,0,0
-3.6460,5.0742,1259,0,0
-3.6212,5.0862,1262,0,0
-3.5964,5.0983,1265,0,0
-3.5716,5.0943,1264,0,0
-3.5468,5.1145,1269,0,0
-3.5220,5.1104,1268,0,0
-3.4972,5.0943,1264,0,0
-3.4724,5.1064,1267,0,0
-3.4476,5.0943,1264,0,0
-3.4227,5.1225,1271,0,0
-3.3979,5.0943,1264,0,0
-3.3731,5.0943,1264,0,0
-3.3483,5.0862,1262,0,0
-3.3235,5.0701,1258,0,0
-3.2987,5.0419,1251,0,0
-3.2739,5.0983,1265,0,0
-3.2491,5.0943,1264,0,0
-3.2243,5.0983,1265,0,0
-3.1995,5.0862,1262,0,0
-3.1747,5.0943,1264,0,0
-3.1499,5.0701,1258,0,0
-3.1251,5.0903,1263,0,0
-3.1003,5.0742,1259,0,0
-3.0755,5.1064,1267,0,0
-3.0507,5.0782,1260,0,0
-3.0259,5.0862,1262,0,0
-3.0011,5.0782,1260,0,0
-2.9763,5.1346,1274,0,0
-2.9515,5.0862,1262,0,0
-2.9267,5.0822,1261,0,0
-2.9019,5.1306,1273,0,0
-2.8771,5.0822,1261,0,0
-2.8523,5.0782,1260,0,0
-2.8275,5.0943,1264,0,0
-2.8027,5.1024,1266,0,0
-2.7779,5.0862,1262,0,0
-2.7531,5.0822,1261,0,0
-2.7283,5.0701,1258,0,0
-2.7035,5.0943,1264,0,0
-2.6787,5.0983,1265,0,0
-2.6539,5.0943,1264,0,0
-2.6291,5.0943,1264,0,0
-2.6043,5.0822,1261,0,0
-2.5795,5.0742,1259,0,0
-2.5547,5.0903,1263,0,0
-2.5299,5.1265,1272,0,0
-2.5051,5.0862,1262,0,0
-2.4803,5.0943,1264,0,0
-2.4555,5.0862,1262,0,0
-2.4306,5.0862,1262,0,0
-2.4058,5.0782,1260,0,0
-2.3810,5.1104,1268,0,0
-2.3562,5.1225,1271,0,0
-2.3314,5.0500,1253,0,0
-2.3066,5.0782,1260,0,0
-2.2818,5.0661,1257,0,0
-2.2570,5.0742,1259,0,0
-2.2322,5.0661,1257,0,0
-2.2074,5.1346,1274,0,0
-2.1826,5.0943,1264,0,0
-2.1578,5.0983,1265,0,0
-2.1330,5.1346,1274,0,0
-2.1082,5.0983,1265,0,0
-2.0834,5.0782,1260,0,0
-2.0586,5.0903,1263,0,0
-2.0338,5.0943,1264,0,0
-2.0090,5.0742,1259,0,0
-1.9842,5.0782,1260,0,0
-1.9594,5.0862,1262,0,0
-1.9346,5.0862,1262,0,0
-1.9098,5.1064,1267,0,0
-1.8850,5.0943,1264,0,0
-1.8602,5.0782,1260,0,0
-1.8354,5.0862,1262,0,0
-1.8106,5.0862,1262,0,0
-1.7858,5.0862,1262,0,0
-1.7610,5.0742,1259,0,0
-1.7362,5.0862,1262,0,0
-1.7114,5.0943,1264,0,0
-1.6866,5.1064,1267,0,0
-1.6618,5.1024,1266,0,0
-1.6370,5.1104,1268,0,0
-1.6122,5.0742,1259,0,0
-1.5874,5.0862,1262,0,0
-1.5626,5.0943,1264,0,0
-1.5378,5.0903,1263,0,0
-1.5130,5.1024,1266,0,0
-1.4882,5.0782,1260,0,0
-1.4633,5.0862,1262,0,0
-1.4385,5.0943,1264,0,0
-1.4137,5.0822,1261,0,0
-1.3889,5.0500,1253,0,0
-1.3641,5.0862,1262,0,0
-1.3393,5.0782,1260,0,0
-1.3145,5.0419,1251,0,0
-1.2897,5.0943,1264,0,0
-1.2649,5.1024,1266,0,0
-1.2401,5.1346,1274,0,0
-1.2153,5.0862,1262,0,0
-1.1905,5.0943,1264,0,0
-1.1657,5.0822,1261,0,0
-1.1409,5.0742,1259,0,0
-1.1161,5.1225,1271,0,0
-1.0913,5.0862,1262,0,0
-1.0665,5.0701,1258,0,0
-1.0417,5.0822,1261,0,0
-1.0169,5.1024,1266,0,0
-0.9921,5.0943,1264,0,0
-0.9673,5.0862,1262,0,0
-0.9425,5.0298,1248,0,0
-0.9177,5.0742,1259,0,0
-0.8929,5.0943,1264,0,0
-0.8681,5.1024,1266,0,0
-0.8433,5.0862,1262,0,0
-0.8185,5.0661,1257,0,0
-0.7937,5.0862,1262,0,0
-0.7689,5.0742,1259,0,0
-0.7441,5.0983,1265,0,0
-0.7193,5.0782,1260,0,0
-0.6945,5.0661,1257,0,0
-0.6697,5.1225,1271,0,0
-0.6449,5.0782,1260,0,0
-0.6201,5.0862,1262,0,0
-0.5953,5.0862,1262,0,0
-0.5705,5.0983,1265,0,0
-0.5457,5.0943,1264,0,0
-0.5209,5.0862,1262,0,0
-0.4961,5.0862,1262,0,0
-0.4712,5.1104,1268,0,0
-0.4464,5.0742,1259,0,0
-0.4216,5.0742,1259,0,0
-0.3968,5.0943,1264,0,0
-0.3720,5.0580,1255,0,0
-0.3472,5.0943,1264,0,0
-0.3224,5.0782,1260,0,0
-0.2976,5.0943,1264,0,0
-0.2728,5.0742,1259,0,0
-0.2480,5.0983,1265,0,0
-0.2232,5.0782,1260,0,0
-0.1984,5.0862,1262,0,0
-0.1736,5.1104,1268,0,0
-0.1488,5.0983,1265,0,0
-0.1240,5.0742,1259,0,0
-0.0992,5.0822,1261,0,0
-0.0744,5.0903,1263,0,0
-0.0496,5.0862,1262,0,0
-0.0248,5.0862,1262,0,0
0.0000,5.0943,1264,0,1
0.0248,5.0782,1260,0,1
0.0496,5.0822,1261,3180,1
0.0744,5.0782,1260,3185,1
0.0992,5.0903,1263,3183,1
0.1240,5.0661,1257,3186,1
0.1488,5.0742,1259,3183,1
0.1736,5.0742,1259,3180,1
0.1984,5.0822,1261,3180,1
0.2232,5.1104,1268,3185,1
0.2480,5.0862,1262,3182,1
0.2728,5.0862,1262,3181,1
0.2976,5.0742,1259,3184,1
0.3224,5.0943,1264,3186,1
0.3472,5.0782,1260,3184,1
0.3720,5.0943,1264,3180,1
0.3968,5.0862,1262,3185,1
0.4216,5.1064,1267,3183,1
0.4464,5.1024,1266,3185,1
0.4712,5.1386,1275,3185,1
0.4961,5.0862,1262,3185,1
0.5209,5.0782,1260,3184,1
0.5457,5.1104,1268,3185,1
0.5705,5.0983,1265,3181,1
0.5953,5.0903,1263,3185,1
0.6201,5.0862,1262,3180,1
0.6449,5.0419,1251,3185,1
0.6697,5.0943,1264,3185,1
0.6945,5.0782,1260,3186,1
0.7193,5.1306,1273,3186,1
0.7441,5.0943,1264,3183,1
0.7689,5.0862,1262,3181,1
0.7937,5.0943,1264,3180,1
0.8185,5.1104,1268,3180,1
0.8433,5.0782,1260,3184,1
0.8681,5.0742,1259,3185,1
0.8929,5.0782,1260,3185,1
0.9177,5.0943,1264,3180,1
0.9425,5.0983,1265,3185,1
0.9673,5.0862,1262,3185,1
0.9921,5.1064,1267,3184,1
1.0169,5.0983,1265,3182,1
1.0417,5.0943,1264,3185,1
1.0665,5.0862,1262,3185,1
1.0913,5.0782,1260,3181,1
1.1161,5.0782,1260,3185,1
1.1409,5.0782,1260,3185,1
1.1657,5.1064,1267,3186,1
1.1905,5.0661,1257,3185,1
1.2153,5.1104,1268,3185,1
1.2401,5.0943,1264,3182,1
1.2649,5.0862,1262,3189,1
1.2897,5.1145,1269,3185,1
1.3145,5.0661,1257,3185,1
1.3393,5.1064,1267,3185,1
1.3641,5.1064,1267,3186,1
1.3889,5.0983,1265,3186,1
1.4137,5.1064,1267,3183,1
1.4385,5.0822,1261,3180,1
1.4633,5.0943,1264,3185,1
1.4882,5.0943,1264,3187,1
1.5130,5.0983,1265,3184,1
1.5378,5.1064,1267,3185,1
1.5626,5.1145,1269,3185,1
1.5874,5.0862,1262,3180,1
1.6122,5.0661,1257,3185,1
1.6370,5.0701,1258,3180,1
1.6618,5.0862,1262,3186,1
1.6866,5.1104,1268,3185,1
1.7114,5.0943,1264,3185,1
1.7362,5.0661,1257,3186,1
1.7610,5.1024,1266,3186,1
1.7858,5.0983,1265,3186,1
1.8106,5.1064,1267,3185,1
1.8354,5.0943,1264,3183,1
1.8602,5.0943,1264,3185,1
1.8850,5.0862,1262,3180,1
1.9098,5.1346,1274,3183,1
1.9346,5.0742,1259,3186,1
1.9594,5.0943,1264,3187,1
1.9842,5.1104,1268,3184,1
2.0090,5.0862,1262,3186,1
2.0338,5.1064,1267,3182,1
2.0586,5.1225,1271,3185,1
2.0834,5.0943,1264,3183,1
2.1082,5.1225,1271,3183,1
2.1330,5.0782,1260,3186,1
2.1578,5.1145,1269,3185,1
2.1826,5.0903,1263,3186,1
2.2074,5.0943,1264,3185,1
2.2322,5.0903,1263,3182,1
2.2570,5.1064,1267,3186,1
2.2818,5.1104,1268,3183,1
2.3066,5.1265,1272,3186,1
2.3314,5.0943,1264,3185,1
2.3562,5.1265,1272,3183,1
2.3810,5.0782,1260,3179,1
2.4058,5.0540,1254,3183,1
2.4306,5.0782,1260,3185,1
2.4555,5.1064,1267,3186,1
2.4803,5.0862,1262,3185,1
2.5051,5.0903,1263,3189,1
2.5299,5.0903,1263,3186,1
2.5547,5.0782,1260,3185,1
2.5795,5.0782,1260,3187,1
2.6043,5.0983,1265,3186,1
2.6291,5.0419,1251,3186,1
2.6539,5.0943,1264,3183,1
2.6787,5.0983,1265,3185,1
2.7035,5.0822,1261,3186,1
2.7283,5.1024,1266,3186,1
2.7531,5.1306,1273,3185,1
2.7779,5.0983,1265,3185,1
2.8027,5.0943,1264,3186,1
2.8275,5.0742,1259,3183,1
2.8523,5.0661,1257,3186,1
2.8771,5.1104,1268,3183,1
2.9019,5.0742,1259,3186,1
2.9267,5.0943,1264,3185,1
2.9515,5.0862,1262,3183,1
2.9763,5.0822,1261,3185,1
3.0011,5.1064,1267,3183,1
3.0259,5.0862,1262,3183,1
3.0507,5.0943,1264,3187,1
3.0755,5.0822,1261,3185,1
3.1003,5.0701,1258,3183,1
3.1251,5.0742,1259,3186,1
3.1499,5.0943,1264,3185,1
3.1747,5.1265,1272,3178,1
3.1995,5.0862,1262,3183,1
3.2243,5.1064,1267,3186,1
3.2491,5.0943,1264,3182,1
3.2739,5.0862,1262,3180,1
3.2987,5.0903,1263,3185,1
3.3235,5.1064,1267,3183,1
3.3483,5.0903,1263,3184,1
3.3731,5.0983,1265,3180,1
3.3979,5.0500,1253,3186,1
3.4227,5.0742,1259,3187,1
3.4476,5.0983,1265,3185,1
3.4724,5.0903,1263,3182,1
3.4972,5.0782,1260,3187,1
3.5220,5.0943,1264,3185,1
3.5468,5.0943,1264,3180,1
3.5716,5.0379,1250,3186,1
3.5964,5.0419,1251,3186,1
3.6212,5.0782,1260,3184,1
3.6460,5.0782,1260,3184,1
3.6708,5.0862,1262,3185,1
3.6956,5.0943,1264,3186,1
3.7204,5.1104,1268,3186,1
3.7452,5.0943,1264,3186,1
3.7700,5.0701,1258,3180,1
3.7948,5.0822,1261,3187,1
3.8196,5.0822,1261,3185,1
3.8444,5.0782,1260,3184,1
3.8692,5.0742,1259,3189,1
3.8940,5.0822,1261,3185,1
3.9188,5.0862,1262,3184,1
3.9436,5.0862,1262,3189,1
3.9684,5.0862,1262,3180,1
3.9932,5.0742,1259,3187,1
4.0180,5.1024,1266,3186,1
4.0428,5.0983,1265,3184,1
4.0676,5.0782,1260,3184,1
4.0924,5.0943,1264,3187,1
4.1172,5.0701,1258,3185,1
4.1420,5.0782,1260,3186,1
4.1668,5.0983,1265,3187,1
4.1916,5.0943,1264,3184,1
4.2164,5.0822,1261,3183,1
4.2412,5.0500,1253,3187,1
4.2660,5.0943,1264,3185,1
4.2908,5.0500,1253,3185,1
4.3156,5.1064,1267,3185,1
4.3404,5.0943,1264,3183,1
4.3652,5.0943,1264,3186,1
4.3900,5.0540,1254,3185,1
4.4149,5.1064,1267,3185,1
4.4397,5.0782,1260,3185,1
4.4645,5.0822,1261,3187,1
4.4893,5.0742,1259,3184,1
4.5141,5.0862,1262,3185,1
4.5389,5.1265,1272,3187,1
4.5637,5.0862,1262,3180,1
4.5885,5.0661,1257,3183,1
4.6133,5.0782,1260,3185,1
4.6381,5.0742,1259,3187,1
4.6629,5.0862,1262,3185,1
4.6877,5.0782,1260,3185,1
4.7125,5.0943,1264,3186,1
4.7373,5.0943,1264,3185,1
4.7621,5.0782,1260,3181,1
4.7869,5.0782,1260,3183,1
4.8117,5.0500,1253,3186,1
4.8365,5.0782,1260,3183,1
4.8613,5.0822,1261,3189,1
4.8861,5.0782,1260,3187,1
4.9109,5.0782,1260,3181,1
4.9357,5.0903,1263,3185,1
4.9605,5.0943,1264,3185,1
4.9853,5.0943,1264,3186,1
5.0101,5.0862,1262,3184,1
5.0349,5.0661,1257,3186,1
5.0597,5.0661,1257,3187,1
5.0845,5.0540,1254,3189,1
5.1093,5.0742,1259,3180,1
5.1341,5.0661,1257,3185,1
5.1589,5.0782,1260,3189,1
5.1837,5.0419,1251,3185,1
5.2085,5.1064,1267,3183,1
5.2333,5.0943,1264,3186,1
5.2581,5.0943,1264,3189,1
5.2829,5.0742,1259,3185,1
5.3077,5.0500,1253,3186,1
5.3325,5.0500,1253,3185,1
5.3573,5.0782,1260,3185,1
5.3821,5.0218,1246,3186,1
5.4070,5.0661,1257,3186,1
5.4318,5.0903,1263,3185,1
5.4566,5.0983,1265,3185,1
5.4814,5.0742,1259,3185,1
5.5062,5.0419,1251,3185,1
5.5310,5.0661,1257,3185,1
5.5558,5.0298,1248,3180,1
5.5806,5.0782,1260,3185,1
5.6054,5.0379,1250,3182,1
5.6302,5.0903,1263,3184,1
5.6550,5.0822,1261,3185,1
5.6798,5.0218,1246,3189,1
5.7046,5.0782,1260,3187,1
5.7294,5.0661,1257,3186,1
5.7542,5.0782,1260,3185,1
5.7790,5.0903,1263,3185,1
5.8038,5.0338,1249,3185,1
5.8286,5.0903,1263,3189,1
5.8534,5.0742,1259,3182,1
5.8782,5.0379,1250,3186,1
5.9030,5.0419,1251,3189,1
5.9278,5.0661,1257,3185,1
5.9526,5.0379,1250,3185,1
5.9774,5.0782,1260,3187,1
6.0022,5.0419,1251,3186,1
6.0270,5.0782,1260,3186,1
6.0518,5.0540,1254,3189,1
6.0766,5.0540,1254,3185,1
6.1014,5.0419,1251,3183,1
6.1262,5.0338,1249,3185,1
6.1510,5.0943,1264,3186,1
6.1758,5.0379,1250,3185,1
6.2006,5.0540,1254,3186,1
6.2254,5.0540,1254,3187,1
6.2502,5.0661,1257,3184,1
6.2750,4.9855,1237,3184,1
6.2998,5.0782,1260,3186,1
6.3246,5.0379,1250,3183,1
6.3494,5.0379,1250,3180,1
6.3743,5.0540,1254,3186,1
6.3991,5.0862,1262,3189,1
6.4239,5.0862,1262,3184,1
6.4487,5.0419,1251,3186,1
6.4735,5.0782,1260,3189,1
6.4983,5.0379,1250,3185,1
6.5231,5.0419,1251,3186,1
6.5479,5.0661,1257,3189,1
6.5727,5.0661,1257,3185,1
6.5975,5.0379,1250,3185,1
6.6223,5.0782,1260,3187,1
6.6471,5.0661,1257,3189,1
6.6719,5.0338,1249,3189,1
6.6967,5.0822,1261,3186,1
6.7215,5.0419,1251,3184,1
6.7463,5.0661,1257,3183,1
6.7711,5.0177,1245,3185,1
6.7959,5.0500,1253,3186,1
6.8207,5.0862,1262,3187,1
6.8455,5.0500,1253,3184,1
6.8703,5.0298,1248,3184,1
6.8951,5.0742,1259,3186,1
6.9199,5.0218,1246,3189,1
6.9447,5.0419,1251,3186,1
6.9695,5.0782,1260,3186,1
6.9943,5.0782,1260,3185,1
7.0191,5.0661,1257,3186,1
7.0439,5.0661,1257,3185,1
7.0687,5.0298,1248,3187,1
7.0935,5.0540,1254,3186,1
7.1183,5.0742,1259,3185,1
7.1431,5.0177,1245,3180,1
7.1679,5.0862,1262,3185,1
7.1927,5.0379,1250,3189,1
7.2175,5.0540,1254,3185,1
7.2423,5.0701,1258,3185,1
7.2671,5.0298,1248,3183,1
7.2919,5.0298,1248,3186,1
7.3167,5.0338,1249,3186,1
7.3415,5.0661,1257,3185,1
7.3664,5.0419,1251,3189,1
7.3912,5.0419,1251,3186,1
7.4160,5.0661,1257,3185,1
7.4408,5.0177,1245,3189,1
7.4656,5.0742,1259,3189,1
7.4904,5.0419,1251,3186,1
7.5152,5.0338,1249,3186,1
7.5400,5.0338,1249,3189,1
7.5648,5.0500,1253,3185,1
7.5896,5.0379,1250,3186,1
7.6144,5.0661,1257,3189,1
7.6392,5.0500,1253,3186,1
7.6640,5.0338,1249,3189,1
7.6888,5.0540,1254,3189,1
7.7136,5.0500,1253,3185,1
7.7384,5.0056,1242,3186,1
7.7632,5.0298,1248,3185,1
7.7880,5.0218,1246,3187,1
7.8128,5.0661,1257,3189,1
7.8376,5.0298,1248,3188,1
7.8624,5.0661,1257,3185,1
7.8872,5.0298,1248,3185,1
7.9120,5.0580,1255,3184,1
7.9368,5.0218,1246,3181,1
7.9616,5.0379,1250,3185,1
7.9864,5.0298,1248,3189,1
8.0112,5.0742,1259,3185,1
8.0360,5.0338,1249,3186,1
8.0608,5.0177,1245,3189,1
8.0856,5.0338,1249,3185,1
8.1104,5.0338,1249,3187,1
8.1352,5.0338,1249,3186,1
8.1600,5.0500,1253,3185,1
8.1848,5.0177,1245,3186,1
8.2096,5.0419,1251,3189,1
8.2344,4.9613,1231,3185,1
8.2592,5.0661,1257,3189,1
8.2840,5.0016,1241,3185,1
8.3088,5.0097,1243,3187,1
8.3337,5.0097,1243,3185,1
8.3585,5.0379,1250,3185,1
8.3833,5.0056,1242,3185,1
8.4081,5.0056,1242,3189,1
8.4329,5.0338,1249,3186,1
8.4577,5.0298,1248,3186,1
8.4825,5.0177,1245,3185,1
8.5073,5.0177,1245,3186,1
8.5321,5.0338,1249,3185,1
8.5569,5.0419,1251,3184,1
8.5817,5.0822,1261,3185,1
8.6065,5.0177,1245,3187,1
8.6313,5.0500,1253,3185,1
8.6561,5.0379,1250,3184,1
8.6809,5.0338,1249,3183,1
8.7057,5.0701,1258,3185,1
8.7305,5.0177,1245,3180,1
8.7553,5.0177,1245,3186,1
8.7801,5.0298,1248,3189,1
8.8049,5.0177,1245,3186,1
8.8297,5.0218,1246,3189,1
8.8545,5.0701,1258,3186,1
8.8793,5.0177,1245,3185,1
8.9041,5.0097,1243,3185,1
8.9289,4.9935,1239,3185,1
8.9537,5.0580,1255,3185,1
8.9785,5.0298,1248,3183,1
9.0033,5.0338,1249,3185,1
9.0281,5.0379,1250,3187,1
9.0529,5.0298,1248,3185,1
9.0777,5.0298,1248,3185,1
9.1025,5.0177,1245,3185,1
9.1273,5.0218,1246,3187,1
9.1521,4.9855,1237,3185,1
9.1769,5.0379,1250,3185,1
9.2017,5.0338,1249,3187,1
9.2265,5.0500,1253,3186,1
9.2513,5.0097,1243,3185,1
9.2761,5.0298,1248,3183,1
9.3010,5.0338,1249,3188,1
9.3258,5.0298,1248,3189,1
9.3506,5.0379,1250,3185,1
9.3754,5.0338,1249,3189,1
9.4002,5.0379,1250,3182,1
9.4250,5.0338,1249,3185,1
9.4498,5.0097,1243,3189,1
9.4746,5.0298,1248,3183,1
9.4994,5.0177,1245,3185,1
9.5242,5.0298,1248,3179,1
9.5490,5.0056,1242,3186,1
9.5738,5.0056,1242,3187,1
9.5986,5.0338,1249,3185,1
9.6234,5.0177,1245,3185,1
9.6482,5.0298,1248,3189,1
9.6730,5.0218,1246,3188,1
9.6978,4.9935,1239,3185,1
9.7226,4.9855,1237,3185,1
9.7474,5.0056,1242,3189,1
9.7722,5.0298,1248,3183,1
9.7970,5.0298,1248,3184,1
9.8218,4.9935,1239,3189,1
9.8466,5.0298,1248,3189,1
9.8714,4.9935,1239,3185,1
9.8962,5.0500,1253,3187,1
9.9210,5.0016,1241,3186,1
9.9458,5.0338,1249,3184,1
9.9706,4.9250,1222,3189,1
9.9954,5.0177,1245,3186,1
10.0202,5.0177,1245,3186,1
10.0450,5.0218,1246,3185,1
10.0698,5.0338,1249,3185,1
10.0946,4.9815,1236,3186,1
10.1194,5.0056,1242,3185,1
10.1442,5.0218,1246,3187,1
10.1690,5.0218,1246,3189,1
10.1938,5.0218,1246,3189,1
10.2186,4.9855,1237,3189,1
10.2434,5.0056,1242,3186,1
10.2682,5.0097,1243,3184,1
10.2931,4.9613,1231,3187,1
10.3179,4.9815,1236,3180,1
10.3427,5.0177,1245,3185,1
10.3675,4.9815,1236,3189,1
10.3923,5.0218,1246,3189,1
10.4171,5.0298,1248,3186,1
10.4419,5.0056,1242,3187,1
10.4667,5.0298,1248,3185,1
10.4915,5.0177,1245,3189,1
10.5163,4.9935,1239,3188,1
10.5411,5.0097,1243,3189,1
10.5659,5.0338,1249,3186,1
10.5907,5.0298,1248,3189,1
10.6155,5.0177,1245,3189,1
10.6403,5.0218,1246,3186,1
10.6651,5.0097,1243,3183,1
10.6899,5.0056,1242,3185,1
10.7147,5.0097,1243,3185,1
10.7395,5.0177,1245,3186,1
10.7643,5.0218,1246,3189,1
10.7891,5.0177,1245,3185,1
10.8139,4.9855,1237,3189,1
10.8387,5.0177,1245,3186,1
10.8635,4.9855,1237,3186,1
10.8883,4.9855,1237,3189,1
10.9131,4.9935,1239,3185,1
10.9379,4.9935,1239,3189,1
10.9627,5.0298,1248,3185,1
10.9875,5.0056,1242,3185,1
11.0123,5.0097,1243,3183,1
11.0371,4.9855,1237,3189,1
11.0619,5.0016,1241,3189,1
11.0867,5.0177,1245,3184,1
11.1115,4.9815,1236,3180,1
11.1363,4.9815,1236,3186,1
11.1611,5.0056,1242,3189,1
11.1859,5.0016,1241,3184,1
11.2107,5.0177,1245,3185,1
11.2355,4.9935,1239,3186,1
11.2604,4.9815,1236,3186,1
11.2852,5.0056,1242,3189,1
11.3100,4.9935,1239,3189,1
11.3348,5.0419,1251,3187,1
11.3596,4.9855,1237,3185,1
11.3844,5.0298,1248,3186,1
11.4092,5.0177,1245,3185,1
11.4340,4.9935,1239,3185,1
11.4588,4.9734,1234,3185,1
11.4836,5.0056,1242,3186,1
11.5084,4.9734,1234,3187,1
11.5332,5.0097,1243,3185,1
11.5580,4.9815,1236,3189,1
11.5828,4.9935,1239,3187,1
11.6076,5.0379,1250,3186,1
11.6324,4.9855,1237,3189,1
11.6572,5.0177,1245,3189,1
11.6820,4.9935,1239,3184,1
11.7068,5.0097,1243,3189,1
11.7316,5.0177,1245,3185,1
11.7564,5.0177,1245,3185,1
11.7812,4.9855,1237,3187,1
11.8060,4.9815,1236,3186,1
11.8308,4.9855,1237,3189,1
11.8556,4.9935,1239,3186,1
11.8804,5.0097,1243,3189,1
11.9052,5.0177,1245,3181,1
11.9300,4.9734,1234,3189,1
11.9548,5.0177,1245,3187,1
11.9796,5.0338,1249,3185,1
12.0044,4.9734,1234,3185,1
12.0292,4.9935,1239,3185,1
12.0540,4.9734,1234,3184,1
12.0788,4.9331,1224,3186,1
12.1036,4.9815,1236,3186,1
12.1284,4.9855,1237,3185,1
12.1532,5.0298,1248,3187,1
12.1780,4.9734,1234,3187,1
12.2028,4.9734,1234,3186,1
12.2276,4.9815,1236,3189,1
12.2525,4.9855,1237,3185,1
12.2773,5.0177,1245,3185,1
12.3021,4.9734,1234,3186,1
12.3269,5.0097,1243,3185,1
12.3517,4.9935,1239,3185,1
12.3765,5.0016,1241,3188,1
12.4013,4.9935,1239,3187,1
12.4261,5.0056,1242,3189,1
12.4509,4.9694,1233,3189,1
12.4757,4.9694,1233,3185,1
12.5005,5.0097,1243,3186,1
12.5253,4.9815,1236,3187,1
12.5501,4.9935,1239,3186,1
12.5749,4.9855,1237,3185,1
12.5997,4.9613,1231,3189,1
12.6245,4.9855,1237,3186,1
12.6493,4.9815,1236,3185,1
12.6741,5.0016,1241,3185,1
12.6989,4.9734,1234,3183,1
12.7237,5.0177,1245,3184,1
12.7485,4.9734,1234,3189,1
12.7733,5.0016,1241,3184,1
12.7981,4.9291,1223,3189,1
12.8229,5.0419,1251,3185,1
12.8477,4.9694,1233,3189,1
12.8725,5.0097,1243,3189,1
12.8973,5.0016,1241,3188,1
12.9221,5.0097,1243,3189,1
12.9469,4.9815,1236,3189,1
12.9717,4.9815,1236,3185,1
12.9965,4.9855,1237,3189,1
13.0213,4.9815,1236,3186,1
13.0461,4.9734,1234,3185,1
13.0709,4.9815,1236,3186,1
13.0957,5.0016,1241,3189,1
13.1205,4.9815,1236,3185,1
13.1453,4.9815,1236,3186,1
13.1701,4.9694,1233,3185,1
13.1949,4.9694,1233,3186,1
13.2198,4.9815,1236,3186,1
13.2446,5.0016,1241,3189,1
13.2694,4.9935,1239,3185,1
13.2942,4.9734,1234,3189,1
13.3190,4.9935,1239,3188,1
13.3438,4.9694,1233,3189,1
13.3686,5.0016,1241,3186,1
13.3934,4.9855,1237,3186,1
13.4182,4.9815,1236,3189,1
13.4430,4.9734,1234,3186,1
13.4678,4.9855,1237,3186,1
13.4926,4.9734,1234,3181,1
13.5174,4.9694,1233,3186,1
13.5422,4.9613,1231,3189,1
13.5670,4.9734,1234,3186,1
13.5918,4.9734,1234,3189,1
13.6166,4.9694,1233,3189,1
13.6414,4.9815,1236,3185,1
13.6662,4.9734,1234,3186,1
13.6910,4.9935,1239,3189,1
13.7158,4.9855,1237,3185,1
13.7406,4.9613,1231,3185,1
13.7654,4.9694,1233,3189,1
13.7902,4.9855,1237,3189,1
13.8150,4.9734,1234,3186,1
13.8398,4.9935,1239,3185,1
13.8646,4.9935,1239,3189,1
13.8894,4.9855,1237,3189,1
13.9142,4.9855,1237,3185,1
13.9390,4.9734,1234,3189,1
13.9638,4.9815,1236,3189,1
13.9886,4.9734,1234,3186,1
14.0134,4.9935,1239,3189,1
14.0382,4.9694,1233,3185,1
14.0630,4.9734,1234,3186,1
14.0878,4.9815,1236,3189,1
14.1126,4.9653,1232,3189,1
14.1374,4.9412,1226,3189,1
14.1622,4.9734,1234,3189,1
14.1870,4.9734,1234,3186,1
14.2119,4.9815,1236,3186,1
14.2367,4.9855,1237,3186,1
14.2615,5.0097,1243,3189,1
14.2863,4.9412,1226,3185,1
14.3111,4.9694,1233,3186,1
14.3359,4.9734,1234,3186,1
14.3607,4.9815,1236,3189,1
14.3855,4.9855,1237,3185,1
14.4103,4.9734,1234,3185,1
14.4351,4.9734,1234,3189,1
14.4599,4.9855,1237,3185,1
14.4847,4.9734,1234,3189,1
14.5095,4.9291,1223,3189,1
14.5343,5.0016,1241,3186,1
14.5591,4.9371,1225,3188,1
14.5839,4.9412,1226,3189,1
14.6087,4.9935,1239,3185,1
14.6335,4.9613,1231,3185,1
14.6583,4.9492,1228,3189,1
14.6831,4.9734,1234,3185,1
14.7079,4.9613,1231,3189,1
14.7327,4.9412,1226,3186,1
14.7575,4.9734,1234,3189,1
14.7823,4.9613,1231,3189,1
14.8071,4.9855,1237,3186,1
14.8319,4.9815,1236,3187,1
14.8567,4.9734,1234,3186,1
14.8815,4.9815,1236,3187,1
14.9063,4.9331,1224,3185,1
14.9311,4.9331,1224,3186,1
14.9559,4.9815,1236,3185,1
14.9807,4.9694,1233,3189,1
15.0055,4.9331,1224,3189,1
15.0303,4.9734,1234,3185,1
15.0551,4.9653,1232,3185,1
15.0799,4.9815,1236,3185,1
15.1047,4.9331,1224,3189,1
15.1295,4.9694,1233,3187,1
15.1543,5.0056,1242,3186,1
15.1792,4.9815,1236,3189,1
15.2040,4.9613,1231,3187,1
15.2288,4.9250,1222,3187,1
15.2536,4.9653,1232,3186,1
15.2784,4.9734,1234,3185,1
15.3032,5.0016,1241,3186,1
15.3280,4.9613,1231,3187,1
15.3528,4.9613,1231,3189,1
15.3776,4.9412,1226,3188,1
15.4024,4.9734,1234,3185,1
15.4272,5.0097,1243,3188,1
15.4520,4.9815,1236,3186,1
15.4768,4.9815,1236,3184,1
15.5016,4.9694,1233,3189,1
15.5264,4.9815,1236,3186,1
15.5512,4.9855,1237,3186,1
15.5760,4.9734,1234,3189,1
15.6008,4.9492,1228,3188,1
15.6256,4.9815,1236,3189,1
15.6504,4.9734,1234,3189,1
15.6752,4.9613,1231,3189,1
15.7000,4.9734,1234,3186,1
15.7248,4.9613,1231,3189,1
15.7496,4.9694,1233,3189,1
15.7744,4.9371,1225,3180,1
15.7992,4.9291,1223,3189,1
15.8240,4.9734,1234,3186,1
15.8488,4.9331,1224,3189,1
15.8736,4.9250,1222,3184,1
15.8984,4.9291,1223,3185,1
15.9232,4.9532,1229,3189,1
15.9480,4.9331,1224,3188,1
15.9728,4.9371,1225,3186,1
15.9976,4.9734,1234,3185,1
16.0224,4.9613,1231,3189,1
16.0472,4.9935,1239,3187,1
16.0720,4.9734,1234,3189,1
16.0968,4.9492,1228,3186,1
16.1216,4.9331,1224,3185,1
16.1465,4.9613,1231,3189,1
16.1713,4.9653,1232,3189,1
16.1961,4.9371,1225,3189,1
16.2209,4.9734,1234,3189,1
16.2457,4.9170,1220,3186,1
16.2705,4.9734,1234,3183,1
16.2953,4.9412,1226,3185,1
16.3201,4.9049,1217,3186,1
16.3449,4.9291,1223,3189,1
16.3697,4.9653,1232,3185,1
16.3945,4.9250,1222,3185,1
16.4193,4.9291,1223,3189,1
16.4441,4.9734,1234,3189,1
16.4689,4.9291,1223,3189,1
16.4937,4.9734,1234,3186,1
16.5185,4.9250,1222,3187,1
16.5433,4.9412,1226,3189,1
16.5681,4.9250,1222,3185,1
16.5929,4.9653,1232,3189,1
16.6177,4.9170,1220,3189,1
16.6425,4.9734,1234,3189,1
16.6673,4.9613,1231,3182,1
16.6921,4.9129,1219,3189,1
16.7169,4.9049,1217,3189,1
16.7417,4.9170,1220,3187,1
16.7665,4.9291,1223,3185,1
16.7913,4.9734,1234,3186,1
16.8161,4.9331,1224,3186,1
16.8409,4.9250,1222,3189,1
16.8657,4.9412,1226,3186,1
16.8905,4.9734,1234,3185,1
16.9153,4.9613,1231,3187,1
16.9401,4.9855,1237,3188,1
16.9649,4.9613,1231,3186,1
16.9897,4.9331,1224,3185,1
17.0145,4.9250,1222,3186,1
17.0393,4.9291,1223,3186,1
17.0641,4.9049,1217,3183,1
17.0889,4.9331,1224,3189,1
17.1137,4.9331,1224,3189,1
17.1386,4.9734,1234,3185,1
17.1634,4.9694,1233,3187,1
17.1882,4.9331,1224,3189,1
17.2130,4.9694,1233,3187,1
17.2378,4.9250,1222,3185,1
17.2626,4.9412,1226,3189,1
17.2874,4.9049,1217,3189,1
17.3122,4.9613,1231,3186,1
17.3370,4.9170,1220,3189,1
17.3618,4.9129,1219,3186,1
17.3866,4.9170,1220,3189,1
17.4114,4.9734,1234,3189,1
17.4362,4.9734,1234,3189,1
17.4610,4.9734,1234,3184,1
17.4858,4.9170,1220,3189,1
17.5106,4.9613,1231,3186,1
17.5354,4.9331,1224,3187,1
17.5602,4.9371,1225,3189,1
17.5850,4.9412,1226,3185,1
17.6098,4.9008,1216,3187,1
17.6346,4.9492,1228,3189,1
17.6594,4.9613,1231,3184,1
17.6842,4.9250,1222,3189,1
17.7090,4.9170,1220,3189,1
17.7338,4.9291,1223,3189,1
17.7586,4.9291,1223,3189,1
17.7834,4.9412,1226,3185,1
17.8082,4.9412,1226,3189,1
17.8330,4.9331,1224,3186,1
17.8578,4.9250,1222,3185,1
17.8826,4.9371,1225,3189,1
17.9074,4.9250,1222,3189,1
17.9322,4.9855,1237,3186,1
17.9570,4.9129,1219,3189,1
17.9818,4.9170,1220,3189,1
18.0066,4.9734,1234,3186,1
18.0314,4.9170,1220,3186,1
18.0562,4.9331,1224,3187,1
18.0810,4.9412,1226,3188,1
18.1059,4.9371,1225,3189,1
18.1307,4.9008,1216,3188,1
18.1555,4.9129,1219,3186,1
18.1803,4.9129,1219,3186,1
18.2051,4.9250,1222,3186,1
18.2299,4.9049,1217,3189,1
18.2547,4.9734,1234,3180,1
18.2795,4.9170,1220,3186,1
18.3043,4.9694,1233,3185,1
18.3291,4.9129,1219,3189,1
18.3539,4.9250,1222,3189,1
18.3787,4.9613,1231,3185,1
18.4035,4.9412,1226,3189,1
18.4283,4.9008,1216,3189,1
18.4531,4.9371,1225,3186,1
18.4779,4.9129,1219,3189,1
18.5027,4.9170,1220,3189,1
18.5275,4.9170,1220,3184,1
18.5523,4.9129,1219,3189,1
18.5771,4.9170,1220,3189,1
18.6019,4.9291,1223,3186,1
18.6267,4.9331,1224,3184,1
18.6515,4.9049,1217,3187,1
18.6763,4.8888,1213,3187,1
18.7011,4.9371,1225,3189,1
18.7259,4.9331,1224,3189,1
18.7507,4.9250,1222,3189,1
18.7755,4.9331,1224,3185,1
18.8003,4.9250,1222,3186,1
18.8251,4.9008,1216,3189,1
18.8499,4.9412,1226,3186,1
18.8747,4.9331,1224,3185,1
18.8995,4.9170,1220,3186,1
18.9243,4.9331,1224,3185,1
18.9491,4.9008,1216,3189,1
18.9739,4.9250,1222,3187,1
18.9987,4.9250,1222,3185,1
19.0235,4.9129,1219,3189,1
19.0483,4.9129,1219,3180,1
19.0731,4.9250,1222,3186,1
19.0980,4.9250,1222,3189,1
19.1228,4.9250,1222,3186,1
19.1476,4.8646,1207,3189,1
19.1724,4.9170,1220,3189,1
19.1972,4.9412,1226,3188,1
19.2220,4.9250,1222,3189,1
19.2468,4.9291,1223,3189,1
19.2716,4.9170,1220,3183,1
19.2964,4.8888,1213,3189,1
19.3212,4.9049,1217,3186,1
19.3460,4.9049,1217,3187,1
19.3708,4.9170,1220,3189,1
19.3956,4.9492,1228,3187,1
19.4204,4.9331,1224,3187,1
19.4452,4.9170,1220,3189,1
19.4700,4.9170,1220,3185,1
19.4948,4.9371,1225,3185,1
19.5196,4.9331,1224,3186,1
19.5444,4.9129,1219,3189,1
19.5692,4.9250,1222,3189,1
19.5940,4.9734,1234,3186,1
19.6188,4.9129,1219,3184,1
19.6436,4.9049,1217,3189,1
19.6684,4.8888,1213,3185,1
19.6932,4.9170,1220,3186,1
19.7180,4.9250,1222,3189,1
19.7428,4.9412,1226,3188,1
19.7676,4.9049,1217,3187,1
19.7924,4.9412,1226,3189,1
19.8172,4.9049,1217,3185,1
19.8420,4.9412,1226,3181,1
19.8668,4.9250,1222,3189,1
19.8916,4.9049,1217,3188,1
19.9164,4.9049,1217,3189,1
19.9412,4.9291,1223,3189,1
19.9660,4.9170,1220,3186,1
19.9908,4.8726,1209,3189,1
20.0156,4.9129,1219,3186,1
20.0404,4.9250,1222,3189,1
20.0653,4.9170,1220,3187,1
20.0901,4.9129,1219,3189,1
20.1149,4.8888,1213,3189,1
20.1397,4.9129,1219,3187,1
20.1645,4.8888,1213,3186,1
20.1893,4.9170,1220,3187,1
20.2141,4.9170,1220,3185,1
20.2389,4.9170,1220,3185,1
20.2637,4.9170,1220,3189,1
20.2885,4.9250,1222,3186,1
20.3133,4.9008,1216,3186,1
20.3381,4.9129,1219,3189,1
20.3629,4.9250,1222,3186,1
20.3877,4.9170,1220,3185,1
20.4125,4.9734,1234,3189,1
20.4373,4.8888,1213,3186,1
20.4621,4.8807,1211,3184,1
20.4869,4.9331,1224,3189,1
20.5117,4.9129,1219,3185,1
20.5365,4.8888,1213,3187,1
20.5613,4.9008,1216,3185,1
20.5861,4.9613,1231,3189,1
20.6109,4.9250,1222,3189,1
20.6357,4.9170,1220,3180,1
20.6605,4.9250,1222,3186,1
20.6853,4.9129,1219,3188,1
20.7101,4.8888,1213,3189,1
20.7349,4.9250,1222,3185,1
20.7597,4.9129,1219,3186,1
20.7845,4.9291,1223,3185,1
20.8093,4.9170,1220,3186,1
20.8341,4.9008,1216,3189,1
20.8589,4.9170,1220,3186,1
20.8837,4.8968,1215,3186,1
20.9085,4.9049,1217,3189,1
20.9333,4.9129,1219,3186,1
20.9581,4.8888,1213,3189,1
20.9829,4.9129,1219,3185,1
21.0077,4.9008,1216,3186,1
21.0325,4.9129,1219,3189,1
21.0574,4.9331,1224,3185,1
21.0822,4.9129,1219,3189,1
21.1070,4.9371,1225,3189,1
21.1318,4.9331,1224,3189,1
21.1566,4.9250,1222,3186,1
21.1814,4.9129,1219,3189,1
21.2062,4.9170,1220,3187,1
21.2310,4.9049,1217,3185,1
21.2558,4.9412,1226,3186,1
21.2806,4.8888,1213,3189,1
21.3054,4.8968,1215,3185,1
21.3302,4.8968,1215,3189,1
21.3550,4.9250,1222,3189,1
21.3798,4.9049,1217,3186,1
21.4046,4.9008,1216,3188,1
21.4294,4.9291,1223,3183,1
21.4542,4.8888,1213,3186,1
21.4790,4.9170,1220,3189,1
21.5038,4.9291,1223,3189,1
21.5286,4.9412,1226,3186,1
21.5534,4.8928,1214,3189,1
21.5782,4.9250,1222,3187,1
21.6030,4.9008,1216,3185,1
21.6278,4.8888,1213,3189,1
21.6526,4.8726,1209,3186,1
21.6774,4.8888,1213,3186,1
21.7022,4.9170,1220,3189,1
21.7270,4.9170,1220,3189,1
21.7518,4.9170,1220,3186,1
21.7766,4.9008,1216,3186,1
21.8014,4.9170,1220,3185,1
21.8262,4.9008,1216,3185,1
21.8510,4.9170,1220,3186,1
21.8758,4.8968,1215,3185,1
21.9006,4.9331,1224,3189,1
21.9254,4.9250,1222,3189,1
21.9502,4.8807,1211,3186,1
21.9750,4.8807,1211,3189,1
21.9998,4.9250,1222,3186,1
22.0247,4.9008,1216,3189,1
22.0495,4.8807,1211,3187,1
22.0743,4.9170,1220,3187,1
22.0991,4.9008,1216,3185,1
22.1239,4.9129,1219,3189,1
22.1487,4.9291,1223,3187,1
22.1735,4.8888,1213,3189,1
22.1983,4.9129,1219,3185,1
22.2231,4.9129,1219,3180,1
22.2479,4.9250,1222,3189,1
22.2727,4.9170,1220,3185,1
22.2975,4.8968,1215,3189,1
22.3223,4.8726,1209,3189,1
22.3471,4.8888,1213,3187,1
22.3719,4.8807,1211,3189,1
22.3967,4.9129,1219,3187,1
22.4215,4.9412,1226,3188,1
22.4463,4.9008,1216,3186,1
22.4711,4.9170,1220,3189,1
22.4959,4.9170,1220,3186,1
22.5207,4.8968,1215,3187,1
22.5455,4.9008,1216,3189,1
22.5703,4.9049,1217,3189,1
22.5951,4.9129,1219,3187,1
22.6199,4.8605,1206,3189,1
22.6447,4.8726,1209,3186,1
22.6695,4.9008,1216,3187,1
22.6943,4.8968,1215,3189,1
22.7191,4.9170,1220,3186,1
22.7439,4.9008,1216,3186,1
22.7687,4.8928,1214,3189,1
22.7935,4.9170,1220,3189,1
22.8183,4.8888,1213,3186,1
22.8431,4.9008,1216,3185,1
22.8679,4.8807,1211,3189,1
22.8927,4.9291,1223,3189,1
22.9175,4.9170,1220,3186,1
22.9423,4.9129,1219,3189,1
22.9671,4.9250,1222,3187,1
22.9919,4.8928,1214,3185,1
23.0168,4.9291,1223,3183,1
23.0416,4.9250,1222,3185,1
23.0664,4.9008,1216,3189,1
23.0912,4.9129,1219,3189,1
23.1160,4.9129,1219,3189,1
23.1408,4.9129,1219,3185,1
23.1656,4.9129,1219,3189,1
23.1904,4.9170,1220,3189,1
23.2152,4.8888,1213,3186,1
23.2400,4.9170,1220,3189,1
23.2648,4.9250,1222,3189,1
23.2896,4.8888,1213,3189,1
23.3144,4.8807,1211,3189,1
23.3392,4.9129,1219,3186,1
23.3640,4.9250,1222,3189,1
23.3888,4.8888,1213,3189,1
23.4136,4.9129,1219,3187,1
23.4384,4.9170,1220,3187,1
23.4632,4.9129,1219,3189,1
23.4880,4.8807,1211,3189,1
23.5128,4.9129,1219,3189,1
23.5376,4.9170,1220,3186,1
23.5624,4.8888,1213,3189,1
23.5872,4.9170,1220,3187,1
23.6120,4.9250,1222,3186,1
23.6368,4.9250,1222,3186,1
23.6616,4.9008,1216,3189,1
23.6864,4.9291,1223,3185,1
23.7112,4.9170,1220,3186,1
23.7360,4.9250,1222,3189,1
23.7608,4.9049,1217,3185,1
23.7856,4.8888,1213,3189,1
23.8104,4.8888,1213,3180,1
23.8352,4.8888,1213,3189,1
23.8600,4.9129,1219,3185,1
23.8848,4.9049,1217,3186,1
23.9096,4.8726,1209,3189,1
23.9344,4.8888,1213,3187,1
23.9592,4.9170,1220,3186,1
23.9841,4.9049,1217,3189,1
24.0089,4.9250,1222,3189,1
24.0337,4.9129,1219,3185,1
24.0585,4.9129,1219,3187,1
24.0833,4.9008,1216,3189,1
24.1081,4.9291,1223,3189,1
24.1329,4.8807,1211,3187,1
24.1577,4.9049,1217,3186,1
24.1825,4.9129,1219,3186,1
24.2073,4.9170,1220,3189,1
24.2321,4.9008,1216,3187,1
24.2569,4.9008,1216,3185,1
24.2817,4.9129,1219,3185,1
24.3065,4.9129,1219,3189,1
24.3313,4.9049,1217,3186,1
24.3561,4.8888,1213,3189,1
24.3809,4.9250,1222,3189,1
24.4057,4.9129,1219,3185,1
24.4305,4.8888,1213,3189,1
24.4553,4.9331,1224,3187,1
24.4801,4.8726,1209,3189,1
24.5049,4.9170,1220,3186,1
24.5297,4.9049,1217,3189,1
24.5545,4.9049,1217,3189,1
24.5793,4.8888,1213,3189,1
24.6041,4.8807,1211,3185,1
24.6289,4.8888,1213,3186,1
24.6537,4.8726,1209,3189,1
24.6785,4.9291,1223,3189,1
24.7033,4.9049,1217,3186,1
24.7281,4.8726,1209,3187,1
24.7529,4.9008,1216,3185,1
24.7777,4.9170,1220,3183,1
24.8025,4.9170,1220,3186,1
24.8273,4.9371,1225,3189,1
24.8521,4.9170,1220,3188,1
24.8769,4.9049,1217,3186,1
24.9017,4.9170,1220,3185,1
24.9265,4.8888,1213,3186,1
24.9513,4.9331,1224,3187,1
24.9762,4.9250,1222,3186,1
25.0010,4.9129,1219,3186,1
25.0258,4.9049,1217,3189,1
25.0506,4.8807,1211,3189,1
25.0754,4.9049,1217,3189,1
25.1002,4.9129,1219,3186,1
25.1250,4.9008,1216,3189,1
25.1498,4.9129,1219,3185,1
25.1746,4.8726,1209,3185,1
25.1994,4.8888,1213,3189,1
25.2242,4.9250,1222,3187,1
25.2490,4.9008,1216,3187,1
25.2738,4.9008,1216,3182,1
25.2986,4.8888,1213,3189,1
25.3234,4.9250,1222,3189,1
25.3482,4.9008,1216,3185,1
25.3730,4.8605,1206,3189,1
25.3978,4.9170,1220,3181,1
25.4226,4.9049,1217,3189,1
25.4474,4.9371,1225,3189,1
25.4722,4.9049,1217,3186,1
25.4970,4.9049,1217,3189,1
25.5218,4.9008,1216,3188,1
25.5466,4.9291,1223,3186,1
25.5714,4.8605,1206,3189,1
25.5962,4.9129,1219,3189,1
25.6210,4.9170,1220,3189,1
25.6458,4.8968,1215,3187,1
25.6706,4.9008,1216,3187,1
25.6954,4.8888,1213,3188,1
25.7202,4.9492,1228,3187,1
25.7450,4.9129,1219,3186,1
25.7698,4.8807,1211,3189,1
25.7946,4.9008,1216,3186,1
25.8194,4.9170,1220,3189,1
25.8442,4.9250,1222,3189,1
25.8690,4.8807,1211,3189,1
25.8938,4.9170,1220,3189,1
25.9186,4.8888,1213,3187,1
25.9435,4.8888,1213,3189,1
25.9683,4.9049,1217,3186,1
25.9931,4.9049,1217,3189,1
26.0179,4.8525,1204,3189,1
26.0427,4.9008,1216,3185,1
26.0675,4.9049,1217,3189,1
26.0923,4.9129,1219,3187,1
26.1171,4.9049,1217,3187,1
26.1419,4.9049,1217,3189,1
26.1667,4.8726,1209,3188,1
26.1915,4.8888,1213,3185,1
26.2163,4.9170,1220,3189,1
26.2411,4.9291,1223,3188,1
26.2659,4.9331,1224,3189,1
26.2907,4.9170,1220,3189,1
26.3155,4.9170,1220,3189,1
26.3403,4.9170,1220,3189,1
26.3651,4.8807,1211,3185,1
26.3899,4.9129,1219,3189,1
26.4147,4.9129,1219,3189,1
26.4395,4.9008,1216,3185,1
26.4643,4.8968,1215,3189,1
26.4891,4.8888,1213,3189,1
26.5139,4.9008,1216,3189,1
26.5387,4.9049,1217,3187,1
26.5635,4.8888,1213,3189,1
26.5883,4.8888,1213,3187,1
26.6131,4.8968,1215,3185,1
26.6379,4.8888,1213,3189,1
26.6627,4.8888,1213,3189,1
26.6875,4.8726,1209,3185,1
26.7123,4.9291,1223,3189,1
26.7371,4.8807,1211,3189,1
26.7619,4.9129,1219,3189,1
26.7867,4.9008,1216,3186,1
26.8115,4.8888,1213,3189,1
26.8363,4.9129,1219,3186,1
26.8611,4.8807,1211,3189,1
26.8859,4.9049,1217,3189,1
26.9107,4.8888,1213,3189,1
26.9356,4.9250,1222,3185,1
26.9604,4.8726,1209,3186,1
26.9852,4.9129,1219,3183,1
27.0100,4.8888,1213,3186,1
27.0348,4.8888,1213,3186,1
27.0596,4.9008,1216,3189,1
27.0844,4.8928,1214,3189,1
27.1092,4.9129,1219,3188,1
27.1340,4.8605,1206,3189,1
27.1588,4.9129,1219,3189,1
27.1836,4.8807,1211,3189,1
27.2084,4.9250,1222,3189,1
27.2332,4.8605,1206,3189,1
27.2580,4.9170,1220,3188,1
27.2828,4.9049,1217,3189,1
27.3076,4.9129,1219,3186,1
27.3324,4.9008,1216,3186,1
27.3572,4.9250,1222,3186,1
27.3820,4.8888,1213,3186,1
27.4068,4.8888,1213,3189,1
27.4316,4.8726,1209,3189,1
27.4564,4.9170,1220,3189,1
27.4812,4.9129,1219,3189,1
27.5060,4.9129,1219,3189,1
27.5308,4.9008,1216,3189,1
27.5556,4.8646,1207,3189,1
27.5804,4.9008,1216,3189,1
27.6052,4.9170,1220,3189,1
27.6300,4.9129,1219,3187,1
27.6548,4.8968,1215,3189,1
27.6796,4.8646,1207,3189,1
27.7044,4.9129,1219,3187,1
27.7292,4.8726,1209,3189,1
27.7540,4.9170,1220,3189,1
27.7788,4.8323,1199,3185,1
27.8036,4.9008,1216,3186,1
27.8284,4.8807,1211,3183,1
27.8532,4.8605,1206,3189,1
27.8780,4.8726,1209,3189,1
27.9029,4.9008,1216,3185,1
27.9277,4.9129,1219,3188,1
27.9525,4.8888,1213,3189,1
27.9773,4.9049,1217,3186,1
28.0021,4.8525,1204,3189,1
28.0269,4.9129,1219,3189,1
28.0517,4.9008,1216,3189,1
28.0765,4.8888,1213,3186,1
28.1013,4.8726,1209,3186,1
28.1261,4.8888,1213,3187,1
28.1509,4.9170,1220,3189,1
28.1757,4.9008,1216,3189,1
28.2005,4.9008,1216,3188,1
28.2253,4.9170,1220,3186,1
28.2501,4.8888,1213,3186,1
28.2749,4.8726,1209,3185,1
28.2997,4.8726,1209,3185,1
28.3245,4.9170,1220,3186,1
28.3493,4.9129,1219,3189,1
28.3741,4.8807,1211,3189,1
28.3989,4.8605,1206,3186,1
28.4237,4.9129,1219,3189,1
28.4485,4.8605,1206,3186,1
28.4733,4.8888,1213,3189,1
28.4981,4.8726,1209,3189,1
28.5229,4.9049,1217,3186,1
28.5477,4.8726,1209,3185,1
28.5725,4.8605,1206,3184,1
28.5973,4.8888,1213,3189,1
28.6221,4.8605,1206,3189,1
28.6469,4.9008,1216,3185,1
28.6717,4.9049,1217,3185,1
28.6965,4.9331,1224,3186,1
28.7213,4.9008,1216,3189,1
28.7461,4.8807,1211,3189,1
28.7709,4.8888,1213,3185,1
28.7957,4.8605,1206,3189,1
28.8205,4.8888,1213,3186,1
28.8453,4.8726,1209,3183,1
28.8701,4.9008,1216,3189,1
28.8950,4.8605,1206,3189,1
28.9198,4.9129,1219,3186,1
28.9446,4.9129,1219,3189,1
28.9694,4.8726,1209,3188,1
28.9942,4.8726,1209,3186,1
29.0190,4.8605,1206,3189,1
29.0438,4.8888,1213,3185,1
29.0686,4.8726,1209,3186,1
29.0934,4.9170,1220,3186,1
29.1182,4.9008,1216,3187,1
29.1430,4.9170,1220,3189,1
29.1678,4.8888,1213,3189,1
29.1926,4.8283,1198,3189,1
29.2174,4.8726,1209,3185,1
29.2422,4.9008,1216,3189,1
29.2670,4.9008,1216,3186,1
29.2918,4.8888,1213,3189,1
29.3166,4.8726,1209,3187,1
29.3414,4.9008,1216,3184,1
29.3662,4.8888,1213,3183,1
29.3910,4.8888,1213,3189,1
29.4158,4.8525,1204,3189,1
29.4406,4.8525,1204,3189,1
29.4654,4.9049,1217,3187,1
29.4902,4.8525,1204,3189,1
29.5150,4.8726,1209,3189,1
29.5398,4.8807,1211,3189,1
29.5646,4.9129,1219,3189,1
29.5894,4.8888,1213,3186,1
29.6142,4.8968,1215,3189,1
29.6390,4.9049,1217,3186,1
29.6638,4.8726,1209,3186,1
29.6886,4.8726,1209,3185,1
29.7134,4.8888,1213,3189,1
29.7382,4.8888,1213,3185,1
29.7630,4.8888,1213,3189,1
29.7878,4.9170,1220,3189,1
29.8126,4.9008,1216,3189,1
29.8374,4.8888,1213,3186,1
29.8623,4.8525,1204,3189,1
29.8871,4.8807,1211,3189,1
29.9119,4.8726,1209,3187,1
29.9367,4.8605,1206,3189,1
29.9615,4.8888,1213,3186,1
29.9863,4.8888,1213,3186,1
30.0111,4.8525,1204,3189,1
30.0359,4.9170,1220,3189,1
30.0607,4.8525,1204,3187,1
30.0855,4.8726,1209,3189,1
30.1103,4.9129,1219,3185,1
30.1351,4.9049,1217,3189,1
30.1599,4.8807,1211,3183,1
30.1847,4.8525,1204,3186,1
30.2095,4.8807,1211,3186,1
30.2343,4.8968,1215,3189,1
30.2591,4.8605,1206,3189,1
30.2839,4.8726,1209,3186,1
30.3087,4.8726,1209,3189,1
30.3335,4.8605,1206,3189,1
30.3583,4.8807,1211,3189,1
30.3831,4.8928,1214,3186,1
30.4079,4.8807,1211,3185,1
30.4327,4.9129,1219,3186,1
30.4575,4.8888,1213,3186,1
30.4823,4.9129,1219,3186,1
30.5071,4.9129,1219,3189,1
30.5319,4.8807,1211,3189,1
30.5567,4.8888,1213,3186,1
30.5815,4.8726,1209,3189,1
30.6063,4.9129,1219,3186,1
30.6311,4.8807,1211,3189,1
30.6559,4.8807,1211,3189,1
30.6807,4.9008,1216,3186,1
30.7055,4.8646,1207,3189,1
30.7303,4.8726,1209,3189,1
30.7551,4.8646,1207,3186,1
30.7799,4.8888,1213,3189,1
30.8047,4.8888,1213,3186,1
30.8295,4.8726,1209,3189,1
30.8544,4.8888,1213,3189,1
30.8792,4.8646,1207,3189,1
30.9040,4.8646,1207,3185,1
30.9288,4.8525,1204,3189,1
30.9536,4.8726,1209,3185,1
30.9784,4.8605,1206,3189,1
31.0032,4.8726,1209,3189,1
31.0280,4.9129,1219,3189,1
31.0528,4.8605,1206,3189,1
31.0776,4.8726,1209,3185,1
31.1024,4.8807,1211,3189,1
31.1272,4.9049,1217,3186,1
31.1520,4.8888,1213,3189,1
31.1768,4.8525,1204,3189,1
31.2016,4.8888,1213,3187,1
31.2264,4.8807,1211,3185,1
31.2512,4.8726,1209,3185,1
31.2760,4.8888,1213,3185,1
31.3008,4.8605,1206,3187,1
31.3256,4.8605,1206,3189,1
31.3504,4.8888,1213,3189,1
31.3752,4.8605,1206,3186,1
31.4000,4.9008,1216,3189,1
31.4248,4.8807,1211,3189,1
31.4496,4.8726,1209,3187,1
31.4744,4.8726,1209,3189,1
31.4992,4.8888,1213,3189,1
31.5240,4.8444,1202,3185,1
31.5488,4.8605,1206,3189,1
31.5736,4.8605,1206,3189,1
31.5984,4.8726,1209,3189,1
31.6232,4.9008,1216,3189,1
31.6480,4.8605,1206,3189,1
31.6728,4.8968,1215,3186,1
31.6976,4.8605,1206,3189,1
31.7224,4.9008,1216,3189,1
31.7472,4.8525,1204,3184,1
31.7720,4.8888,1213,3186,1
31.7968,4.8807,1211,3189,1
31.8217,4.8726,1209,3189,1
31.8465,4.8605,1206,3189,1
31.8713,4.8605,1206,3187,1
31.8961,4.9008,1216,3189,1
31.9209,4.9008,1216,3188,1
31.9457,4.8525,1204,3189,1
31.9705,4.9129,1219,3189,1
31.9953,4.8646,1207,3189,1
32.0201,4.9008,1216,3189,1
32.0449,4.8807,1211,3186,1
32.0697,4.8525,1204,3188,1
32.0945,4.8888,1213,3189,1
32.1193,4.8726,1209,3189,1
32.1441,4.8525,1204,3186,1
32.1689,4.8525,1204,3187,1
32.1937,4.8525,1204,3189,1
32.2185,4.8605,1206,3189,1
32.2433,4.8726,1209,3189,1
32.2681,4.8726,1209,3187,1
32.2929,4.8888,1213,3189,1
32.3177,4.8888,1213,3186,1
32.3425,4.8968,1215,3186,1
32.3673,4.8726,1209,3189,1
32.3921,4.8605,1206,3189,1
32.4169,4.9008,1216,3187,1
32.4417,4.8888,1213,3187,1
32.4665,4.8525,1204,3187,1
32.4913,4.8525,1204,3189,1
32.5161,4.8888,1213,3189,1
32.5409,4.8525,1204,3185,1
32.5657,4.8888,1213,3188,1
32.5905,4.8525,1204,3189,1
32.6153,4.8807,1211,3189,1
32.6401,4.8888,1213,3187,1
32.6649,4.8605,1206,3189,1
32.6897,4.8888,1213,3189,1
32.7145,4.9129,1219,3187,1
32.7393,4.8726,1209,3189,1
32.7641,4.8605,1206,3189,1
32.7890,4.8968,1215,3189,1
32.8138,4.8726,1209,3189,1
32.8386,4.8888,1213,3189,1
32.8634,4.8888,1213,3189,1
32.8882,4.8726,1209,3189,1
32.9130,4.8726,1209,3185,1
32.9378,4.8888,1213,3189,1
32.9626,4.8605,1206,3189,1
32.9874,4.8646,1207,3189,1
33.0122,4.8807,1211,3189,1
33.0370,4.8605,1206,3189,1
33.0618,4.8444,1202,3189,1
33.0866,4.8807,1211,3189,1
33.1114,4.9049,1217,3189,1
33.1362,4.8807,1211,3189,1
33.1610,4.8444,1202,3189,1
33.1858,4.8807,1211,3189,1
33.2106,4.8605,1206,3189,1
33.2354,4.8525,1204,3187,1
33.2602,4.8807,1211,3186,1
33.2850,4.8525,1204,3187,1
33.3098,4.8525,1204,3185,1
33.3346,4.8726,1209,3185,1
33.3594,4.9008,1216,3187,1
33.3842,4.8525,1204,3189,1
33.4090,4.8888,1213,3189,1
33.4338,4.9008,1216,3186,1
33.4586,4.8928,1214,3188,1
33.4834,4.8605,1206,3189,1
33.5082,4.8525,1204,3189,1
33.5330,4.8726,1209,3188,1
33.5578,4.8726,1209,3185,1
33.5826,4.8525,1204,3189,1
33.6074,4.8807,1211,3188,1
33.6322,4.8525,1204,3189,1
33.6570,4.8726,1209,3188,1
33.6818,4.8726,1209,3189,1
33.7066,4.8525,1204,3189,1
33.7314,4.8726,1209,3186,1
33.7562,4.8525,1204,3189,1
33.7811,4.8726,1209,3189,1
33.8059,4.8525,1204,3189,1
33.8307,4.8605,1206,3189,1
33.8555,4.8726,1209,3189,1
33.8803,4.8807,1211,3186,1
33.9051,4.8525,1204,3189,1
33.9299,4.8605,1206,3186,1
33.9547,4.9008,1216,3189,1
33.9795,4.8283,1198,3189,1
34.0043,4.8444,1202,3189,1
34.0291,4.8807,1211,3189,1
34.0539,4.8605,1206,3189,1
34.0787,4.9008,1216,3187,1
34.1035,4.8404,1201,3189,1
34.1283,4.8807,1211,3179,1
34.1531,4.8726,1209,3189,1
34.1779,4.8323,1199,3189,1
34.2027,4.8525,1204,3189,1
34.2275,4.8444,1202,3189,1
34.2523,4.8525,1204,3189,1
34.2771,4.8525,1204,3186,1
34.3019,4.8807,1211,3189,1
34.3267,4.8605,1206,3186,1
34.3515,4.8444,1202,3189,1
34.3763,4.8525,1204,3189,1
34.4011,4.8525,1204,3189,1
34.4259,4.8525,1204,3187,1
34.4507,4.8283,1198,3189,1
34.4755,4.8605,1206,3189,1
34.5003,4.8646,1207,3189,1
34.5251,4.8525,1204,3187,1
34.5499,4.8525,1204,3189,1
34.5747,4.8525,1204,3189,1
34.5995,4.8726,1209,3189,1
34.6243,4.8726,1209,3189,1
34.6491,4.8928,1214,3186,1
34.6739,4.8525,1204,3189,1
34.6987,4.8605,1206,3189,1
34.7235,4.8605,1206,3189,1
34.7484,4.8807,1211,3186,1
34.7732,4.8605,1206,3186,1
34.7980,4.8726,1209,3189,1
34.8228,4.8888,1213,3186,1
34.8476,4.8605,1206,3189,1
34.8724,4.8525,1204,3189,1
34.8972,4.8525,1204,3189,1
34.9220,4.8928,1214,3185,1
34.9468,4.8605,1206,3189,1
34.9716,4.8525,1204,3189,1
34.9964,4.8726,1209,3187,1
35.0212,4.8726,1209,3189,1
35.0460,4.8525,1204,3189,1
35.0708,4.8525,1204,3188,1
35.0956,4.8968,1215,3189,1
35.1204,4.9129,1219,3189,1
35.1452,4.8605,1206,3187,1
35.1700,4.8605,1206,3189,1
35.1948,4.8726,1209,3189,1
35.2196,4.8726,1209,3189,1
35.2444,4.8444,1202,3189,1
35.2692,4.8525,1204,3189,1
35.2940,4.8283,1198,3189,1
35.3188,4.8605,1206,3189,1
35.3436,4.8605,1206,3189,1
35.3684,4.8525,1204,3189,1
35.3932,4.8888,1213,3189,1
35.4180,4.8525,1204,3188,1
35.4428,4.8525,1204,3189,1
35.4676,4.8525,1204,3189,1
35.4924,4.8726,1209,3186,1
35.5172,4.8444,1202,3189,1
35.5420,4.8525,1204,3189,1
35.5668,4.8525,1204,3189,1
35.5916,4.8283,1198,3189,1
35.6164,4.8444,1202,3186,1
35.6412,4.8404,1201,3189,1
35.6660,4.8525,1204,3189,1
35.6908,4.8525,1204,3189,1
35.7156,4.8283,1198,3185,1
35.7405,4.8525,1204,3189,1
35.7653,4.8525,1204,3189,1
35.7901,4.8444,1202,3189,1
35.8149,4.8605,1206,3189,1
35.8397,4.8726,1209,3189,1
35.8645,4.8605,1206,3189,1
35.8893,4.8283,1198,3189,1
35.9141,4.8605,1206,3189,1
35.9389,4.8283,1198,3189,1
35.9637,4.8404,1201,3185,1
35.9885,4.8525,1204,3189,1
36.0133,4.8444,1202,3186,1
36.0381,4.8404,1201,3185,1
36.0629,4.8525,1204,3189,1
36.0877,4.8283,1198,3189,1
36.1125,4.8525,1204,3189,1
36.1373,4.8444,1202,3189,1
36.1621,4.8605,1206,3189,1
36.1869,4.8888,1213,3186,1
36.2117,4.8404,1201,3189,1
36.2365,4.8323,1199,3188,1
36.2613,4.8444,1202,3189,1
36.2861,4.8525,1204,3189,1
36.3109,4.8202,1196,3186,1
36.3357,4.8605,1206,3189,1
36.3605,4.8726,1209,3189,1
36.3853,4.8605,1206,3189,1
36.4101,4.8444,1202,3189,1
36.4349,4.8605,1206,3186,1
36.4597,4.8444,1202,3189,1
36.4845,4.8283,1198,3189,1
36.5093,4.8726,1209,3185,1
36.5341,4.8525,1204,3189,1
36.5589,4.8888,1213,3186,1
36.5837,4.8605,1206,3189,1
36.6085,4.8525,1204,3189,1
36.6333,4.8726,1209,3189,1
36.6581,4.8525,1204,3189,1
36.6829,4.8525,1204,3189,1
36.7078,4.8525,1204,3189,1
36.7326,4.8283,1198,3189,1
36.7574,4.8525,1204,3189,1
36.7822,4.8444,1202,3189,1
36.8070,4.8525,1204,3186,1
36.8318,4.8605,1206,3189,1
36.8566,4.8525,1204,3189,1
36.8814,4.8444,1202,3189,1
36.9062,4.8525,1204,3189,1
36.9310,4.8525,1204,3189,1
36.9558,4.8726,1209,3188,1
36.9806,4.8726,1209,3189,1
37.0054,4.8525,1204,3189,1
37.0302,4.8444,1202,3189,1
37.0550,4.8525,1204,3189,1
37.0798,4.8525,1204,3189,1
37.1046,4.8605,1206,3189,1
37.1294,4.8404,1201,3189,1
37.1542,4.8807,1211,3189,1
37.1790,4.8525,1204,3189,1
37.2038,4.8162,1195,3189,1
37.2286,4.8323,1199,3189,1
37.2534,4.8525,1204,3188,1
37.2782,4.8726,1209,3187,1
37.3030,4.8444,1202,3185,1
37.3278,4.8283,1198,3187,1
37.3526,4.8283,1198,3186,1
37.3774,4.8888,1213,3189,1
37.4022,4.8605,1206,3189,1
37.4270,4.8323,1199,3189,1
37.4518,4.8525,1204,3187,1
37.4766,4.8525,1204,3186,1
37.5014,4.8525,1204,3189,1
37.5262,4.8525,1204,3189,1
37.5510,4.8605,1206,3189,1
37.5758,4.8525,1204,3189,1
37.6006,4.8605,1206,3189,1
37.6254,4.8605,1206,3189,1
37.6502,4.8646,1207,3188,1
37.6750,4.8283,1198,3189,1
37.6999,4.8605,1206,3189,1
37.7247,4.8323,1199,3189,1
37.7495,4.8646,1207,3189,1
37.7743,4.8525,1204,3188,1
37.7991,4.8646,1207,3189,1
37.8239,4.8807,1211,3188,1
37.8487,4.8525,1204,3189,1
37.8735,4.8525,1204,3189,1
37.8983,4.8525,1204,3189,1
37.9231,4.8807,1211,3186,1
37.9479,4.8041,1192,3189,1
37.9727,4.8525,1204,3189,1
37.9975,4.8726,1209,3188,1
38.0223,4.8283,1198,3189,1
38.0471,4.8646,1207,3189,1
38.0719,4.8283,1198,3187,1
38.0967,4.8444,1202,3186,1
38.1215,4.8323,1199,3188,1
38.1463,4.8404,1201,3189,1
38.1711,4.8807,1211,3189,1
38.1959,4.8404,1201,3186,1
38.2207,4.8202,1196,3186,1
38.2455,4.8525,1204,3189,1
38.2703,4.8283,1198,3189,1
38.2951,4.8202,1196,3189,1
38.3199,4.8525,1204,3187,1
38.3447,4.8525,1204,3189,1
38.3695,4.8525,1204,3189,1
38.3943,4.8605,1206,3189,1
38.4191,4.8404,1201,3188,1
38.4439,4.8283,1198,3189,1
38.4687,4.8283,1198,3189,1
38.4935,4.8283,1198,3189,1
38.5183,4.8283,1198,3189,1
38.5431,4.8525,1204,3187,1
38.5679,4.8323,1199,3189,1
38.5927,4.8605,1206,3189,1
38.6175,4.8605,1206,3186,1
38.6423,4.8525,1204,3189,1
38.6672,4.8525,1204,3189,1
38.6920,4.8283,1198,3189,1
38.7168,4.8605,1206,3189,1
38.7416,4.8525,1204,3187,1
38.7664,4.8525,1204,3187,1
38.7912,4.8444,1202,3186,1
38.8160,4.8283,1198,3189,1
38.8408,4.8525,1204,3189,1
38.8656,4.8646,1207,3189,1
38.8904,4.8202,1196,3184,1
38.9152,4.8525,1204,3186,1
38.9400,4.8122,1194,3189,1
38.9648,4.8888,1213,3189,1
38.9896,4.8726,1209,3186,1
39.0144,4.8283,1198,3189,1
39.0392,4.8404,1201,3189,1
39.0640,4.8283,1198,3189,1
39.0888,4.8444,1202,3189,1
39.1136,4.8525,1204,3189,1
39.1384,4.8646,1207,3186,1
39.1632,4.8525,1204,3189,1
39.1880,4.8605,1206,3189,1
39.2128,4.8525,1204,3189,1
39.2376,4.8323,1199,3189,1
39.2624,4.8605,1206,3189,1
39.2872,4.8283,1198,3189,1
39.3120,4.8525,1204,3186,1
39.3368,4.8404,1201,3189,1
39.3616,4.8404,1201,3189,1
39.3864,4.8283,1198,3189,1
39.4112,4.8646,1207,3189,1
39.4360,4.8122,1194,3189,1
39.4608,4.8444,1202,3189,1
39.4856,4.8646,1207,3189,1
39.5104,4.8283,1198,3186,1
39.5352,4.8283,1198,3185,1
39.5600,4.8122,1194,3189,1
39.5848,4.8726,1209,3189,1
39.6096,4.8323,1199,3185,1
39.6344,4.8323,1199,3189,1
39.6593,4.8605,1206,3186,1
39.6841,4.8122,1194,3183,1
39.7089,4.8525,1204,3189,1
39.7337,4.8162,1195,3189,1
39.7585,4.8525,1204,3189,1
39.7833,4.8122,1194,3189,1
39.8081,4.8283,1198,3189,1
39.8329,4.8444,1202,3186,1
39.8577,4.8162,1195,3189,1
39.8825,4.8283,1198,3189,1
39.9073,4.8283,1198,3189,1
39.9321,4.8001,1191,3189,1
39.9569,4.8323,1199,3189,1
39.9817,4.8323,1199,3189,1
40.0065,4.8283,1198,3189,1
40.0313,4.8444,1202,3189,1
40.0561,4.8525,1204,3189,1
40.0809,4.8283,1198,3189,1
40.1057,4.8404,1201,3189,1
40.1305,4.8283,1198,3189,1
40.1553,4.8283,1198,3189,1
40.1801,4.8404,1201,3189,1
40.2049,4.8444,1202,3189,1
40.2297,4.8122,1194,3189,1
40.2545,4.8323,1199,3189,1
40.2793,4.8726,1209,3184,1
40.3041,4.8444,1202,3189,1
40.3289,4.8122,1194,3189,1
40.3537,4.8444,1202,3189,1
40.3785,4.8283,1198,3189,1
40.4033,4.8162,1195,3186,1
40.4281,4.8525,1204,3189,1
40.4529,4.8283,1198,3189,1
40.4777,4.8162,1195,3183,1
40.5025,4.8404,1201,3189,1
40.5273,4.8283,1198,3189,1
40.5521,4.8323,1199,3189,1
40.5769,4.8202,1196,3186,1
40.6017,4.8283,1198,3188,1
40.6266,4.8525,1204,3189,1
40.6514,4.8605,1206,3187,1
40.6762,4.8202,1196,3189,1
40.7010,4.8444,1202,3189,1
40.7258,4.8283,1198,3189,1
40.7506,4.8525,1204,3186,1
40.7754,4.8525,1204,3185,1
40.8002,4.8323,1199,3189,1
40.8250,4.8525,1204,3186,1
40.8498,4.8162,1195,3189,1
40.8746,4.8525,1204,3189,1
40.8994,4.8323,1199,3189,1
40.9242,4.8444,1202,3189,1
40.9490,4.8001,1191,3189,1
40.9738,4.8202,1196,3189,1
40.9986,4.8283,1198,3189,1
41.0234,4.8444,1202,3187,1
41.0482,4.8001,1191,3188,1
41.0730,4.8041,1192,3189,1
41.0978,4.8041,1192,3189,1
41.1226,4.8283,1198,3186,1
41.1474,4.8162,1195,3188,1
41.1722,4.8283,1198,3189,1
41.1970,4.8202,1196,3188,1
41.2218,4.8122,1194,3185,1
41.2466,4.8283,1198,3189,1
41.2714,4.8202,1196,3179,1
41.2962,4.8001,1191,3189,1
41.3210,4.8525,1204,3189,1
41.3458,4.8283,1198,3189,1
41.3706,4.8646,1207,3189,1
41.3954,4.8525,1204,3189,1
41.4202,4.8162,1195,3189,1
41.4450,4.8525,1204,3189,1
41.4698,4.8525,1204,3186,1
41.4946,4.8001,1191,3189,1
41.5194,4.8122,1194,3189,1
41.5442,4.8283,1198,3189,1
41.5690,4.8605,1206,3189,1
41.5938,4.8283,1198,3189,1
41.6187,4.8605,1206,3189,1
41.6435,4.8444,1202,3189,1
41.6683,4.8122,1194,3189,1
41.6931,4.8283,1198,3189,1
41.7179,4.8525,1204,3189,1
41.7427,4.8605,1206,3189,1
41.7675,4.8162,1195,3189,1
41.7923,4.8041,1192,3189,1
41.8171,4.8202,1196,3186,1
41.8419,4.8283,1198,3189,1
41.8667,4.8283,1198,3189,1
41.8915,4.8283,1198,3189,1
41.9163,4.8041,1192,3189,1
41.9411,4.8162,1195,3189,1
41.9659,4.8162,1195,3187,1
41.9907,4.8001,1191,3189,1
42.0155,4.8283,1198,3189,1
42.0403,4.8605,1206,3189,1
42.0651,4.8525,1204,3186,1
42.0899,4.8283,1198,3189,1
42.1147,4.8001,1191,3189,1
42.1395,4.8283,1198,3189,1
42.1643,4.8283,1198,3189,1
42.1891,4.8001,1191,3186,1
42.2139,4.8525,1204,3186,1
42.2387,4.8525,1204,3185,1
42.2635,4.8122,1194,3189,1
42.2883,4.8162,1195,3189,1
42.3131,4.8122,1194,3189,1
42.3379,4.8525,1204,3189,1
42.3627,4.8605,1206,3189,1
42.3875,4.8283,1198,3189,1
42.4123,4.8001,1191,3189,1
42.4371,4.8525,1204,3189,1
42.4619,4.8404,1201,3189,1
42.4867,4.8122,1194,3189,1
42.5115,4.8525,1204,3189,1
42.5363,4.8525,1204,3189,1
42.5611,4.8323,1199,3189,1
42.5860,4.8283,1198,3189,1
42.6108,4.8162,1195,3189,1
42.6356,4.8283,1198,3186,1
42.6604,4.8283,1198,3189,1
42.6852,4.8525,1204,3189,1
42.7100,4.8122,1194,3187,1
42.7348,4.8122,1194,3189,1
42.7596,4.8726,1209,3189,1
42.7844,4.8001,1191,3189,1
42.8092,4.8283,1198,3187,1
42.8340,4.8162,1195,3186,1
42.8588,4.8041,1192,3185,1
42.8836,4.8162,1195,3189,1
42.9084,4.8001,1191,3189,1
42.9332,4.8283,1198,3189,1
42.9580,4.8525,1204,3188,1
42.9828,4.8162,1195,3189,1
43.0076,4.8202,1196,3188,1
43.0324,4.8283,1198,3187,1
43.0572,4.8001,1191,3189,1
43.0820,4.8162,1195,3188,1
43.1068,4.8001,1191,3189,1
43.1316,4.8283,1198,3187,1
43.1564,4.8283,1198,3189,1
43.1812,4.8001,1191,3189,1
43.2060,4.8162,1195,3189,1
43.2308,4.8525,1204,3189,1
43.2556,4.8444,1202,3189,1
43.2804,4.8162,1195,3185,1
43.3052,4.8323,1199,3189,1
43.3300,4.8525,1204,3189,1
43.3548,4.8122,1194,3189,1
43.3796,4.8605,1206,3189,1
43.4044,4.8283,1198,3189,1
43.4292,4.8202,1196,3189,1
43.4540,4.8283,1198,3189,1
43.4788,4.8283,1198,3189,1
43.5036,4.8444,1202,3187,1
43.5284,4.8404,1201,3189,1
43.5532,4.8444,1202,3189,1
43.5781,4.8162,1195,3189,1
43.6029,4.8122,1194,3188,1
43.6277,4.8283,1198,3189,1
43.6525,4.8404,1201,3186,1
43.6773,4.8404,1201,3189,1
43.7021,4.8404,1201,3189,1
43.7269,4.8162,1195,3189,1
43.7517,4.8122,1194,3189,1
43.7765,4.8202,1196,3184,1
43.8013,4.8001,1191,3189,1
43.8261,4.8525,1204,3189,1
43.8509,4.8122,1194,3187,1
43.8757,4.8525,1204,3189,1
43.9005,4.8283,1198,3186,1
43.9253,4.8001,1191,3189,1
43.9501,4.8323,1199,3189,1
43.9749,4.8404,1201,3189,1
43.9997,4.8283,1198,3189,1
44.0245,4.8404,1201,3189,1
44.0493,4.8444,1202,3189,1
44.0741,4.8001,1191,3189,1
44.0989,4.8525,1204,3189,1
44.1237,4.8122,1194,3189,1
44.1485,4.8122,1194,3189,1
44.1733,4.8001,1191,3189,1
44.1981,4.8323,1199,3186,1
44.2229,4.8122,1194,3189,1
44.2477,4.8202,1196,3189,1
44.2725,4.8283,1198,3186,1
44.2973,4.8162,1195,3189,1
44.3221,4.8525,1204,3189,1
44.3469,4.8202,1196,3189,1
44.3717,4.8444,1202,3189,1
44.3965,4.8202,1196,3189,1
44.4213,4.8202,1196,3189,1
44.4461,4.8323,1199,3180,1
44.4709,4.8605,1206,3189,1
44.4957,4.8162,1195,3189,1
44.5205,4.8202,1196,3189,1
44.5454,4.8283,1198,3189,1
44.5702,4.8202,1196,3189,1
44.5950,4.8283,1198,3189,1
44.6198,4.8001,1191,3189,1
44.6446,4.8404,1201,3189,1
44.6694,4.8001,1191,3189,1
44.6942,4.8283,1198,3189,1
44.7190,4.8525,1204,3189,1
44.7438,4.8323,1199,3189,1
44.7686,4.8525,1204,3189,1
44.7934,4.8283,1198,3189,1
44.8182,4.8001,1191,3189,1
44.8430,4.8202,1196,3189,1
44.8678,4.8283,1198,3189,1
44.8926,4.8122,1194,3189,1
44.9174,4.8444,1202,3189,1
44.9422,4.8001,1191,3189,1
44.9670,4.8283,1198,3186,1
44.9918,4.8122,1194,3188,1
45.0166,4.8283,1198,3189,1
45.0414,4.7880,1188,3189,1
45.0662,4.8122,1194,3189,1
45.0910,4.8283,1198,3188,1
45.1158,4.8283,1198,3189,1
45.1406,4.8323,1199,3189,1
45.1654,4.8283,1198,3189,1
45.1902,4.8404,1201,3189,1
45.2150,4.8162,1195,3189,1
45.2398,4.8041,1192,3183,1
45.2646,4.8283,1198,3189,1
45.2894,4.8202,1196,3189,1
45.3142,4.8323,1199,3189,1
45.3390,4.8122,1194,3189,1
45.3638,4.8122,1194,3189,1
45.3886,4.8162,1195,3189,1
45.4134,4.8001,1191,3189,1
45.4382,4.8202,1196,3189,1
45.4630,4.8525,1204,3189,1
45.4878,4.8162,1195,3189,1
45.5126,4.8283,1198,3189,1
45.5375,4.8283,1198,3185,1
45.5623,4.8041,1192,3189,1
45.5871,4.8525,1204,3189,1
45.6119,4.8001,1191,3186,1
45.6367,4.8444,1202,3189,1
45.6615,4.8323,1199,3189,1
45.6863,4.8122,1194,3189,1
45.7111,4.7880,1188,3189,1
45.7359,4.8525,1204,3189,1
45.7607,4.8162,1195,3186,1
45.7855,4.8001,1191,3189,1
45.8103,4.8444,1202,3189,1
45.8351,4.8122,1194,3189,1
45.8599,4.8041,1192,3189,1
45.8847,4.8525,1204,3189,1
45.9095,4.8323,1199,3186,1
45.9343,4.8283,1198,3189,1
45.9591,4.8202,1196,3189,1
45.9839,4.7759,1185,3189,1
46.0087,4.8122,1194,3189,1
46.0335,4.8323,1199,3185,1
46.0583,4.8001,1191,3189,1
46.0831,4.8525,1204,3189,1
46.1079,4.8283,1198,3189,1
46.1327,4.8041,1192,3186,1
46.1575,4.8283,1198,3187,1
46.1823,4.8001,1191,3189,1
46.2071,4.8162,1195,3189,1
46.2319,4.8162,1195,3189,1
46.2567,4.8525,1204,3189,1
46.2815,4.8162,1195,3189,1
46.3063,4.8162,1195,3189,1
46.3311,4.7719,1184,3189,1
46.3559,4.8202,1196,3189,1
46.3807,4.7920,1189,3189,1
46.4055,4.8122,1194,3188,1
46.4303,4.8122,1194,3189,1
46.4551,4.8162,1195,3189,1
46.4799,4.8001,1191,3189,1
46.5048,4.8001,1191,3189,1
46.5296,4.8525,1204,3189,1
46.5544,4.7678,1183,3189,1
46.5792,4.8001,1191,3189,1
46.6040,4.8041,1192,3189,1
46.6288,4.8162,1195,3189,1
46.6536,4.8001,1191,3189,1
46.6784,4.8283,1198,3189,1
46.7032,4.8041,1192,3189,1
46.7280,4.8162,1195,3189,1
46.7528,4.7719,1184,3189,1
46.7776,4.8001,1191,3186,1
46.8024,4.7799,1186,3185,1
46.8272,4.8525,1204,3186,1
46.8520,4.8525,1204,3189,1
46.8768,4.8001,1191,3189,1
46.9016,4.8001,1191,3189,1
46.9264,4.8001,1191,3189,1
46.9512,4.8162,1195,3189,1
46.9760,4.8283,1198,3186,1
47.0008,4.8001,1191,3189,1
47.0256,4.8162,1195,3189,1
47.0504,4.8122,1194,3189,1
47.0752,4.8122,1194,3189,1
47.1000,4.8283,1198,3189,1
47.1248,4.8122,1194,3189,1
47.1496,4.8122,1194,3189,1
47.1744,4.8122,1194,3189,1
47.1992,4.8001,1191,3189,1
47.2240,4.8001,1191,3189,1
47.2488,4.8001,1191,3189,1
47.2736,4.8283,1198,3185,1
47.2984,4.8162,1195,3189,1
47.3232,4.8202,1196,3189,1
47.3480,4.8001,1191,3189,1
47.3728,4.7880,1188,3189,1
47.3976,4.8283,1198,3188,1
47.4224,4.8283,1198,3189,1
47.4472,4.8122,1194,3189,1
47.4720,4.8283,1198,3189,1
47.4969,4.8001,1191,3189,1
47.5217,4.8122,1194,3189,1
47.5465,4.8283,1198,3189,1
47.5713,4.8202,1196,3189,1
47.5961,4.8122,1194,3189,1
47.6209,4.7678,1183,3183,1
47.6457,4.8041,1192,3189,1
47.6705,4.8283,1198,3187,1
47.6953,4.8001,1191,3189,1
47.7201,4.8283,1198,3189,1
47.7449,4.8001,1191,3189,1
47.7697,4.8001,1191,3189,1
47.7945,4.8525,1204,3189,1
47.8193,4.8122,1194,3189,1
47.8441,4.8202,1196,3189,1
47.8689,4.8001,1191,3189,1
47.8937,4.8122,1194,3189,1
47.9185,4.8122,1194,3189,1
47.9433,4.8323,1199,3189,1
47.9681,4.8162,1195,3189,1
47.9929,4.8001,1191,3189,1
48.0177,4.8001,1191,3189,1
48.0425,4.8404,1201,3186,1
48.0673,4.8162,1195,3189,1
48.0921,4.8041,1192,3189,1
48.1169,4.8283,1198,3189,1
48.1417,4.8001,1191,3189,1
48.1665,4.8001,1191,3189,1
48.1913,4.8283,1198,3189,1
48.2161,4.8122,1194,3189,1
48.2409,4.8323,1199,3189,1
48.2657,4.8122,1194,3189,1
48.2905,4.8283,1198,3189,1
48.3153,4.8001,1191,3189,1
48.3401,4.8323,1199,3189,1
48.3649,4.8162,1195,3189,1
48.3897,4.8122,1194,3189,1
48.4145,4.8162,1195,3185,1
48.4394,4.8001,1191,3189,1
48.4642,4.8122,1194,3189,1
48.4890,4.7880,1188,3189,1
48.5138,4.8202,1196,3189,1
48.5386,4.8001,1191,3189,1
48.5634,4.8162,1195,3189,1
48.5882,4.8525,1204,3189,1
48.6130,4.8202,1196,3189,1
48.6378,4.8122,1194,3189,1
48.6626,4.8162,1195,3189,1
48.6874,4.8122,1194,3188,1
48.7122,4.8122,1194,3189,1
48.7370,4.8162,1195,3189,1
48.7618,4.7880,1188,3189,1
48.7866,4.8283,1198,3189,1
48.8114,4.7759,1185,3189,1
48.8362,4.8122,1194,3189,1
48.8610,4.8001,1191,3189,1
48.8858,4.7920,1189,3189,1
48.9106,4.8001,1191,3188,1
48.9354,4.8001,1191,3189,1
48.9602,4.8525,1204,3186,1
48.9850,4.8122,1194,3189,1
49.0098,4.8122,1194,3189,1
49.0346,4.8041,1192,3189,1
49.0594,4.8001,1191,3189,1
49.0842,4.8283,1198,3188,1
49.1090,4.8202,1196,3189,1
49.1338,4.8283,1198,3187,1
49.1586,4.8283,1198,3189,1
49.1834,4.8283,1198,3189,1
49.2082,4.7719,1184,3184,1
49.2330,4.8283,1198,3189,1
49.2578,4.8162,1195,3189,1
49.2826,4.8001,1191,3187,1
49.3074,4.8122,1194,3189,1
49.3322,4.8202,1196,3189,1
49.3570,4.7759,1185,3189,1
49.3818,4.8122,1194,3189,1
49.4066,4.8283,1198,3189,1
49.4314,4.8122,1194,3188,1
49.4563,4.8283,1198,3189,1
49.4811,4.8001,1191,3189,1
49.5059,4.8202,1196,3189,1
49.5307,4.8001,1191,3189,1
49.5555,4.8001,1191,3189,1
49.5803,4.8001,1191,3189,1
49.6051,4.8122,1194,3189,1
49.6299,4.8122,1194,3189,1
49.6547,4.8001,1191,3189,1
49.6795,4.8001,1191,3189,1
49.7043,4.8444,1202,3189,1
49.7291,4.8162,1195,3189,1
49.7539,4.8001,1191,3189,1
49.7787,4.8122,1194,3185,1
49.8035,4.8001,1191,3187,1
49.8283,4.8283,1198,3189,1
49.8531,4.7880,1188,3189,1
49.8779,4.7719,1184,3189,1
49.9027,4.8001,1191,3186,1
49.9275,4.8001,1191,3189,1
49.9523,4.8041,1192,3189,1
49.9771,4.8283,1198,3189,1
50.0019,4.8122,1194,3186,0
50.0267,4.8404,1201,3189,0
50.0515,4.7880,1188,3186,0
50.0763,4.7920,1189,0,0
50.1011,4.8162,1195,0,0
50.1259,4.7719,1184,0,0
50.1507,4.7880,1188,0,0
50.1755,4.8001,1191,0,0
50.2003,4.8001,1191,0,0
50.2251,4.8001,1191,0,0
50.2499,4.8162,1195,0,0
50.2747,4.8001,1191,0,0
50.2995,4.8122,1194,0,0
50.3243,4.7880,1188,0,0
50.3491,4.7719,1184,0,0
50.3739,4.7759,1185,0,0
50.3988,4.8001,1191,0,0
50.4236,4.8122,1194,0,0
50.4484,4.8001,1191,0,0
50.4732,4.8001,1191,0,0
50.4980,4.8001,1191,0,0
50.5228,4.8001,1191,0,0
50.5476,4.7759,1185,0,0
50.5724,4.8162,1195,0,0
50.5972,4.7920,1189,0,0
50.6220,4.7880,1188,0,0
50.6468,4.8001,1191,0,0
50.6716,4.8001,1191,0,0
50.6964,4.8001,1191,0,0
50.7212,4.8001,1191,0,0
50.7460,4.7799,1186,0,0
50.7708,4.8122,1194,0,0
50.7956,4.7719,1184,0,0
50.8204,4.8122,1194,0,0
50.8452,4.7920,1189,0,0
50.8700,4.8122,1194,0,0
50.8948,4.7719,1184,0,0
50.9196,4.8001,1191,0,0
50.9444,4.8041,1192,0,0
50.9692,4.8283,1198,0,0
50.9940,4.8001,1191,0,0
51.0188,4.8605,1206,0,0
51.0436,4.8001,1191,0,0
51.0684,4.8041,1192,0,0
51.0932,4.7638,1182,0,0
51.1180,4.7759,1185,0,0
51.1428,4.8001,1191,0,0
51.1676,4.8122,1194,0,0
51.1924,4.7920,1189,0,0
51.2172,4.7880,1188,0,0
51.2420,4.8162,1195,0,0
51.2668,4.7880,1188,0,0
51.2916,4.8122,1194,0,0
51.3164,4.7678,1183,0,0
51.3412,4.7920,1189,0,0
51.3660,4.7678,1183,0,0
51.3909,4.8001,1191,0,0
51.4157,4.7719,1184,0,0
51.4405,4.7719,1184,0,0
51.4653,4.7920,1189,0,0
51.4901,4.7880,1188,0,0
51.5149,4.8001,1191,0,0
51.5397,4.8162,1195,0,0
51.5645,4.8041,1192,0,0
51.5893,4.7719,1184,0,0
51.6141,4.8122,1194,0,0
51.6389,4.7920,1189,0,0
51.6637,4.8041,1192,0,0
51.6885,4.8001,1191,0,0
51.7133,4.7678,1183,0,0
51.7381,4.7719,1184,0,0
51.7629,4.8122,1194,0,0
51.7877,4.7880,1188,0,0
51.8125,4.8162,1195,0,0
51.8373,4.8001,1191,0,0
51.8621,4.7759,1185,0,0
51.8869,4.8122,1194,0,0
51.9117,4.7880,1188,0,0
51.9365,4.8001,1191,0,0
51.9613,4.8001,1191,0,0
51.9861,4.7880,1188,0,0
52.0109,4.7880,1188,0,0
52.0357,4.7880,1188,0,0
52.0605,4.8122,1194,0,0
52.0853,4.8001,1191,0,0
52.1101,4.8001,1191,0,0
52.1349,4.8001,1191,0,0
52.1597,4.8162,1195,0,0
52.1845,4.7759,1185,0,0
52.2093,4.7880,1188,0,0
52.2341,4.8041,1192,0,0
52.2589,4.8001,1191,0,0
52.2837,4.8001,1191,0,0
52.3085,4.8001,1191,0,0
52.3333,4.7678,1183,0,0
52.3582,4.7880,1188,0,0
52.3830,4.8122,1194,0,0
52.4078,4.7920,1189,0,0
52.4326,4.8122,1194,0,0
52.4574,4.8001,1191,0,0
52.4822,4.8283,1198,0,0
52.5070,4.8001,1191,0,0
52.5318,4.7880,1188,0,0
52.5566,4.8001,1191,0,0
52.5814,4.8001,1191,0,0
52.6062,4.7638,1182,0,0
52.6310,4.8001,1191,0,0
52.6558,4.7880,1188,0,0
52.6806,4.8162,1195,0,0
52.7054,4.8283,1198,0,0
52.7302,4.7719,1184,0,0
52.7550,4.8041,1192,0,0
52.7798,4.8001,1191,0,0
52.8046,4.8001,1191,0,0
52.8294,4.8162,1195,0,0
52.8542,4.8122,1194,0,0
52.8790,4.8041,1192,0,0
52.9038,4.7678,1183,0,0
52.9286,4.8283,1198,0,0
52.9534,4.7920,1189,0,0
52.9782,4.8122,1194,0,0
53.0030,4.7920,1189,0,0
53.0278,4.8001,1191,0,0
53.0526,4.8202,1196,0,0
53.0774,4.8122,1194,0,0
53.1022,4.8001,1191,0,0
53.1270,4.8001,1191,0,0
53.1518,4.7759,1185,0,0
53.1766,4.7759,1185,0,0
53.2014,4.7920,1189,0,0
53.2262,4.7719,1184,0,0
53.2510,4.7759,1185,0,0
53.2758,4.7719,1184,0,0
53.3006,4.8202,1196,0,0
53.3254,4.8001,1191,0,0
53.3503,4.8162,1195,0,0
53.3751,4.8122,1194,0,0
53.3999,4.8041,1192,0,0
53.4247,4.8162,1195,0,0
53.4495,4.8162,1195,0,0
53.4743,4.8122,1194,0,0
53.4991,4.8162,1195,0,0
53.5239,4.8122,1194,0,0
53.5487,4.8122,1194,0,0
53.5735,4.8202,1196,0,0
53.5983,4.7799,1186,0,0
53.6231,4.7920,1189,0,0
53.6479,4.8041,1192,0,0
53.6727,4.8001,1191,0,0
53.6975,4.8122,1194,0,0
53.7223,4.8001,1191,0,0
53.7471,4.7759,1185,0,0
53.7719,4.7880,1188,0,0
53.7967,4.8162,1195,0,0
53.8215,4.8122,1194,0,0
53.8463,4.8283,1198,0,0
53.8711,4.7880,1188,0,0
53.8959,4.8202,1196,0,0
53.9207,4.8162,1195,0,0
53.9455,4.8525,1204,0,0
53.9703,4.8001,1191,0,0
53.9951,4.7678,1183,0,0
54.0199,4.8001,1191,0,0
54.0447,4.8001,1191,0,0
54.0695,4.8283,1198,0,0
54.0943,4.8122,1194,0,0
54.1191,4.8162,1195,0,0
54.1439,4.7880,1188,0,0
54.1687,4.8525,1204,0,0
54.1935,4.8122,1194,0,0
54.2183,4.8122,1194,0,0
54.2431,4.7920,1189,0,0
54.2679,4.8041,1192,0,0
54.2927,4.8162,1195,0,0
54.3176,4.8162,1195,0,0
54.3424,4.8525,1204,0,0
54.3672,4.7759,1185,0,0
54.3920,4.7719,1184,0,0
54.4168,4.7759,1185,0,0
54.4416,4.8525,1204,0,0
54.4664,4.8001,1191,0,0
54.4912,4.8162,1195,0,0
54.5160,4.8041,1192,0,0
54.5408,4.8001,1191,0,0
54.5656,4.8283,1198,0,0
54.5904,4.8001,1191,0,0
54.6152,4.8001,1191,0,0
54.6400,4.8001,1191,0,0
54.6648,4.8283,1198,0,0
54.6896,4.8001,1191,0,0
54.7144,4.8283,1198,0,0
54.7392,4.8001,1191,0,0
54.7640,4.7920,1189,0,0
54.7888,4.8041,1192,0,0
54.8136,4.8001,1191,0,0
54.8384,4.8283,1198,0,0
54.8632,4.8122,1194,0,0
54.8880,4.8162,1195,0,0
54.9128,4.8202,1196,0,0
54.9376,4.8122,1194,0,0
54.9624,4.7880,1188,0,0
54.9872,4.8323,1199,0,0
55.0120,4.8323,1199,0,0
55.0368,4.8202,1196,0,0
55.0616,4.8283,1198,0,0
55.0864,4.8283,1198,0,0
55.1112,4.8525,1204,0,0
55.1360,4.8001,1191,0,0
55.1608,4.7719,1184,0,0
55.1856,4.8122,1194,0,0
55.2104,4.8283,1198,0,0
55.2352,4.8404,1201,0,0
55.2600,4.8444,1202,0,0
55.2848,4.7719,1184,0,0
55.3097,4.8162,1195,0,0
55.3345,4.8001,1191,0,0
55.3593,4.8122,1194,0,0
55.3841,4.8525,1204,0,0
55.4089,4.8041,1192,0,0
55.4337,4.8122,1194,0,0
55.4585,4.8404,1201,0,0
55.4833,4.8404,1201,0,0
55.5081,4.8122,1194,0,0
55.5329,4.8323,1199,0,0
55.5577,4.8162,1195,0,0
55.5825,4.8001,1191,0,0
55.6073,4.8283,1198,0,0
55.6321,4.8122,1194,0,0
55.6569,4.8444,1202,0,0
55.6817,4.8525,1204,0,0
55.7065,4.8283,1198,0,0
55.7313,4.8162,1195,0,0
55.7561,4.8525,1204,0,0
55.7809,4.8283,1198,0,0
55.8057,4.8001,1191,0,0
55.8305,4.8122,1194,0,0
55.8553,4.8283,1198,0,0
55.8801,4.8404,1201,0,0
55.9049,4.8001,1191,0,0
55.9297,4.7719,1184,0,0
55.9545,4.8001,1191,0,0
55.9793,4.8162,1195,0,0
56.0041,4.8283,1198,0,0
56.0289,4.8404,1201,0,0
56.0537,4.8605,1206,0,0
56.0785,4.8283,1198,0,0
56.1033,4.8162,1195,0,0
56.1281,4.8202,1196,0,0
56.1529,4.7517,1179,0,0
56.1777,4.8283,1198,0,0
56.2025,4.8444,1202,0,0
56.2273,4.8525,1204,0,0
56.2521,4.8525,1204,0,0
56.2770,4.8283,1198,0,0
56.3018,4.8283,1198,0,0
56.3266,4.8283,1198,0,0
56.3514,4.8041,1192,0,0
56.3762,4.8283,1198,0,0
56.4010,4.8283,1198,0,0
56.4258,4.8283,1198,0,0
56.4506,4.8202,1196,0,0
56.4754,4.8162,1195,0,0
56.5002,4.8202,1196,0,0
56.5250,4.8525,1204,0,0
56.5498,4.8162,1195,0,0
56.5746,4.8646,1207,0,0
56.5994,4.8283,1198,0,0
56.6242,4.8283,1198,0,0
56.6490,4.8283,1198,0,0
56.6738,4.8283,1198,0,0
56.6986,4.8323,1199,0,0
56.7234,4.8525,1204,0,0
56.7482,4.8283,1198,0,0
56.7730,4.8162,1195,0,0
56.7978,4.8807,1211,0,0
56.8226,4.8122,1194,0,0
56.8474,4.8283,1198,0,0
56.8722,4.8404,1201,0,0
56.8970,4.8525,1204,0,0
56.9218,4.8283,1198,0,0
56.9466,4.8283,1198,0,0
56.9714,4.8162,1195,0,0
56.9962,4.8525,1204,0,0
57.0210,4.8323,1199,0,0
57.0458,4.8323,1199,0,0
57.0706,4.8605,1206,0,0
57.0954,4.8122,1194,0,0
57.1202,4.8323,1199,0,0
57.1450,4.8283,1198,0,0
57.1698,4.8525,1204,0,0
57.1946,4.8202,1196,0,0
57.2194,4.8283,1198,0,0
57.2442,4.8283,1198,0,0
57.2691,4.8444,1202,0,0
57.2939,4.8283,1198,0,0
57.3187,4.8525,1204,0,0
57.3435,4.8525,1204,0,0
57.3683,4.8444,1202,0,0
57.3931,4.8283,1198,0,0
57.4179,4.8283,1198,0,0
57.4427,4.8162,1195,0,0
57.4675,4.8283,1198,0,0
57.4923,4.8525,1204,0,0
57.5171,4.8283,1198,0,0
57.5419,4.8444,1202,0,0
57.5667,4.8605,1206,0,0
57.5915,4.8444,1202,0,0
57.6163,4.8122,1194,0,0
57.6411,4.8323,1199,0,0
57.6659,4.8525,1204,0,0
57.6907,4.8202,1196,0,0
57.7155,4.8525,1204,0,0
57.7403,4.8202,1196,0,0
57.7651,4.8162,1195,0,0
57.7899,4.8283,1198,0,0
57.8147,4.8283,1198,0,0
57.8395,4.8444,1202,0,0
57.8643,4.8283,1198,0,0
57.8891,4.8605,1206,0,0
57.9139,4.8525,1204,0,0
57.9387,4.8605,1206,0,0
57.9635,4.8646,1207,0,0
57.9883,4.8525,1204,0,0
58.0131,4.8323,1199,0,0
58.0379,4.8525,1204,0,0
58.0627,4.8202,1196,0,0
58.0875,4.8605,1206,0,0
58.1123,4.8323,1199,0,0
58.1371,4.8404,1201,0,0
58.1619,4.8444,1202,0,0
58.1867,4.8605,1206,0,0
58.2115,4.8646,1207,0,0
58.2364,4.8726,1209,0,0
58.2612,4.8444,1202,0,0
58.2860,4.8283,1198,0,0
58.3108,4.8525,1204,0,0
58.3356,4.8162,1195,0,0
58.3604,4.8525,1204,0,0
58.3852,4.8162,1195,0,0
58.4100,4.8646,1207,0,0
58.4348,4.8605,1206,0,0
58.4596,4.8525,1204,0,0
58.4844,4.8283,1198,0,0
58.5092,4.8444,1202,0,0
58.5340,4.8525,1204,0,0
58.5588,4.8283,1198,0,0
58.5836,4.8605,1206,0,0
58.6084,4.8444,1202,0,0
58.6332,4.8968,1215,0,0
58.6580,4.8605,1206,0,0
58.6828,4.8283,1198,0,0
58.7076,4.8283,1198,0,0
58.7324,4.8283,1198,0,0
58.7572,4.8525,1204,0,0
58.7820,4.8404,1201,0,0
58.8068,4.8726,1209,0,0
58.8316,4.8444,1202,0,0
58.8564,4.8726,1209,0,0
58.8812,4.8444,1202,0,0
58.9060,4.8525,1204,0,0
58.9308,4.8726,1209,0,0
58.9556,4.8404,1201,0,0
58.9804,4.8122,1194,0,0
59.0052,4.8323,1199,0,0
59.0300,4.8525,1204,0,0
59.0548,4.8525,1204,0,0
59.0796,4.8525,1204,0,0
59.1044,4.8283,1198,0,0
59.1292,4.8605,1206,0,0
59.1540,4.8525,1204,0,0
59.1788,4.8525,1204,0,0
59.2036,4.8283,1198,0,0
59.2285,4.8726,1209,0,0
59.2533,4.8283,1198,0,0
59.2781,4.8283,1198,0,0
59.3029,4.8605,1206,0,0
59.3277,4.8283,1198,0,0
59.3525,4.8646,1207,0,0
59.3773,4.8525,1204,0,0
59.4021,4.8726,1209,0,0
59.4269,4.8122,1194,0,0
59.4517,4.8807,1211,0,0
59.4765,4.8525,1204,0,0
59.5013,4.8525,1204,0,0
59.5261,4.8605,1206,0,0
59.5509,4.8605,1206,0,0
59.5757,4.8726,1209,0,0
59.6005,4.8525,1204,0,0
59.6253,4.8807,1211,0,0
59.6501,4.8162,1195,0,0
59.6749,4.8646,1207,0,0
59.6997,4.8525,1204,0,0
59.7245,4.8646,1207,0,0
59.7493,4.8525,1204,0,0
59.7741,4.8525,1204,0,0
59.7989,4.8444,1202,0,0
59.8237,4.8605,1206,0,0
59.8485,4.8525,1204,0,0
59.8733,4.8888,1213,0,0
59.8981,4.8525,1204,0,0
59.9229,4.8605,1206,0,0
59.9477,4.8807,1211,0,0
59.9725,4.8928,1214,0,0
59.9973,4.8605,1206,0,0
60.0221,4.8726,1209,0,0
60.0469,4.8605,1206,0,0
60.0717,4.8605,1206,0,0
60.0965,4.8726,1209,0,0
60.1213,4.8525,1204,0,0
60.1461,4.8404,1201,0,0
60.1709,4.8646,1207,0,0
60.1958,4.8525,1204,0,0
60.2206,4.8807,1211,0,0
60.2454,4.8122,1194,0,0
60.2702,4.8726,1209,0,0
60.2950,4.8726,1209,0,0
60.3198,4.8888,1213,0,0
60.3446,4.8605,1206,0,0
60.3694,4.8525,1204,0,0
60.3942,4.8525,1204,0,0
60.4190,4.8807,1211,0,0
60.4438,4.8646,1207,0,0
60.4686,4.8525,1204,0,0
60.4934,4.8444,1202,0,0
60.5182,4.8605,1206,0,0
60.5430,4.8726,1209,0,0
60.5678,4.8525,1204,0,0
60.5926,4.8525,1204,0,0
60.6174,4.8444,1202,0,0
60.6422,4.8525,1204,0,0
60.6670,4.8283,1198,0,0
60.6918,4.8525,1204,0,0
60.7166,4.8605,1206,0,0
60.7414,4.8646,1207,0,0
60.7662,4.8726,1209,0,0
60.7910,4.8605,1206,0,0
60.8158,4.8444,1202,0,0
60.8406,4.8726,1209,0,0
60.8654,4.8807,1211,0,0
60.8902,4.8605,1206,0,0
60.9150,4.8726,1209,0,0
60.9398,4.8202,1196,0,0
60.9646,4.8807,1211,0,0
60.9894,4.8283,1198,0,0
61.0142,4.8888,1213,0,0
61.0390,4.8726,1209,0,0
61.0638,4.8525,1204,0,0
61.0886,4.8605,1206,0,0
61.1134,4.8726,1209,0,0
61.1382,4.8605,1206,0,0
61.1630,4.8605,1206,0,0
61.1879,4.8605,1206,0,0
61.2127,4.8605,1206,0,0
61.2375,4.8726,1209,0,0
61.2623,4.8605,1206,0,0
61.2871,4.8444,1202,0,0
61.3119,4.8525,1204,0,0
61.3367,4.8323,1199,0,0
61.3615,4.8807,1211,0,0
61.3863,4.8888,1213,0,0
61.4111,4.8605,1206,0,0
61.4359,4.8888,1213,0,0
61.4607,4.8807,1211,0,0
61.4855,4.8525,1204,0,0
61.5103,4.8726,1209,0,0
61.5351,4.8807,1211,0,0
61.5599,4.8807,1211,0,0
61.5847,4.8525,1204,0,0
61.6095,4.9170,1220,0,0
61.6343,4.8605,1206,0,0
61.6591,4.8888,1213,0,0
61.6839,4.8807,1211,0,0
61.7087,4.8726,1209,0,0
61.7335,4.8726,1209,0,0
61.7583,4.8605,1206,0,0
61.7831,4.9008,1216,0,0
61.8079,4.8646,1207,0,0
61.8327,4.8888,1213,0,0
61.8575,4.8726,1209,0,0
61.8823,4.8928,1214,0,0
61.9071,4.8525,1204,0,0
61.9319,4.8726,1209,0,0
61.9567,4.8605,1206,0,0
61.9815,4.8726,1209,0,0
62.0063,4.8888,1213,0,0
62.0311,4.8605,1206,0,0
62.0559,4.8807,1211,0,0
62.0807,4.8807,1211,0,0
62.1055,4.9129,1219,0,0
62.1303,4.8888,1213,0,0
62.1552,4.8888,1213,0,0
62.1800,4.8605,1206,0,0
62.2048,4.8525,1204,0,0
62.2296,4.8888,1213,0,0
62.2544,4.8525,1204,0,0
62.2792,4.8605,1206,0,0
62.3040,4.8726,1209,0,0
62.3288,4.8807,1211,0,0
62.3536,4.8888,1213,0,0
62.3784,4.8726,1209,0,0
62.4032,4.9049,1217,0,0
62.4280,4.8404,1201,0,0
62.4528,4.9049,1217,0,0
62.4776,4.8807,1211,0,0
62.5024,4.9008,1216,0,0
62.5272,4.8807,1211,0,0
62.5520,4.9049,1217,0,0
62.5768,4.9049,1217,0,0
62.6016,4.8888,1213,0,0
62.6264,4.8807,1211,0,0
62.6512,4.8605,1206,0,0
62.6760,4.8605,1206,0,0
62.7008,4.8646,1207,0,0
62.7256,4.8888,1213,0,0
62.7504,4.8807,1211,0,0
62.7752,4.9008,1216,0,0
62.8000,4.8605,1206,0,0
62.8248,4.9049,1217,0,0
62.8496,4.8888,1213,0,0
62.8744,4.9129,1219,0,0
62.8992,4.8726,1209,0,0
62.9240,4.8525,1204,0,0
62.9488,4.8726,1209,0,0
62.9736,4.8726,1209,0,0
62.9984,4.8444,1202,0,0
63.0232,4.8726,1209,0,0
63.0480,4.9049,1217,0,0
63.0728,4.8807,1211,0,0
63.0976,4.8605,1206,0,0
63.1224,4.8888,1213,0,0
63.1473,4.9008,1216,0,0
63.1721,4.9049,1217,0,0
63.1969,4.8444,1202,0,0
63.2217,4.8807,1211,0,0
63.2465,4.8726,1209,0,0
63.2713,4.8807,1211,0,0
63.2961,4.8726,1209,0,0
63.3209,4.8605,1206,0,0
63.3457,4.8928,1214,0,0
63.3705,4.8726,1209,0,0
63.3953,4.9129,1219,0,0
63.4201,4.8605,1206,0,0
63.4449,4.9008,1216,0,0
63.4697,4.8726,1209,0,0
63.4945,4.8605,1206,0,0
63.5193,4.8605,1206,0,0
63.5441,4.8807,1211,0,0
63.5689,4.8807,1211,0,0
63.5937,4.9008,1216,0,0
63.6185,4.8605,1206,0,0
63.6433,4.8888,1213,0,0
63.6681,4.9049,1217,0,0
63.6929,4.8646,1207,0,0
63.7177,4.8888,1213,0,0
63.7425,4.9008,1216,0,0
63.7673,4.8968,1215,0,0
63.7921,4.8726,1209,0,0
63.8169,4.8888,1213,0,0
63.8417,4.9129,1219,0,0
63.8665,4.9049,1217,0,0
63.8913,4.8888,1213,0,0
63.9161,4.8525,1204,0,0
63.9409,4.9129,1219,0,0
63.9657,4.9008,1216,0,0
63.9905,4.9129,1219,0,0
64.0153,4.9008,1216,0,0
64.0401,4.9008,1216,0,0
64.0649,4.8646,1207,0,0
64.0897,4.9008,1216,0,0
64.1145,4.8968,1215,0,0
64.1394,4.9170,1220,0,0
64.1642,4.8928,1214,0,0
64.1890,4.8807,1211,0,0
64.2138,4.9170,1220,0,0
64.2386,4.9049,1217,0,0
64.2634,4.8888,1213,0,0
64.2882,4.8605,1206,0,0
64.3130,4.8726,1209,0,0
64.3378,4.8888,1213,0,0
64.3626,4.8807,1211,0,0
64.3874,4.8807,1211,0,0
64.4122,4.8726,1209,0,0
64.4370,4.9129,1219,0,0
64.4618,4.8283,1198,0,0
64.4866,4.8888,1213,0,0
64.5114,4.8726,1209,0,0
64.5362,4.9129,1219,0,0
64.5610,4.9129,1219,0,0
64.5858,4.9008,1216,0,0
64.6106,4.8807,1211,0,0
64.6354,4.8646,1207,0,0
64.6602,4.8888,1213,0,0
64.6850,4.9129,1219,0,0
64.7098,4.8807,1211,0,0
64.7346,4.8888,1213,0,0
64.7594,4.9049,1217,0,0
64.7842,4.9129,1219,0,0
64.8090,4.9008,1216,0,0
64.8338,4.8888,1213,0,0
64.8586,4.8888,1213,0,0
64.8834,4.9008,1216,0,0
64.9082,4.8888,1213,0,0
64.9330,4.8888,1213,0,0
64.9578,4.9008,1216,0,0
64.9826,4.8605,1206,0,0
65.0074,4.9008,1216,0,0
65.0322,4.9008,1216,0,0
65.0570,4.8807,1211,0,0
65.0818,4.9049,1217,0,0
65.1067,4.8888,1213,0,0
65.1315,4.9049,1217,0,0
65.1563,4.8726,1209,0,0
65.1811,4.8888,1213,0,0
65.2059,4.9170,1220,0,0
65.2307,4.8726,1209,0,0
65.2555,4.8888,1213,0,0
65.2803,4.9008,1216,0,0
65.3051,4.9049,1217,0,0
65.3299,4.9170,1220,0,0
65.3547,4.9008,1216,0,0
65.3795,4.9331,1224,0,0
65.4043,4.9049,1217,0,0
65.4291,4.9129,1219,0,0
65.4539,4.8807,1211,0,0
65.4787,4.9129,1219,0,0
65.5035,4.9129,1219,0,0
65.5283,4.9008,1216,0,0
65.5531,4.9008,1216,0,0
65.5779,4.9008,1216,0,0
65.6027,4.9129,1219,0,0
65.6275,4.9250,1222,0,0
65.6523,4.9008,1216,0,0
65.6771,4.9008,1216,0,0
65.7019,4.8888,1213,0,0
65.7267,4.8968,1215,0,0
65.7515,4.9008,1216,0,0
65.7763,4.8807,1211,0,0
65.8011,4.9250,1222,0,0
65.8259,4.8807,1211,0,0
65.8507,4.9008,1216,0,0
65.8755,4.8888,1213,0,0
65.9003,4.9129,1219,0,0
65.9251,4.8726,1209,0,0
65.9499,4.9129,1219,0,0
65.9747,4.9371,1225,0,0
65.9995,4.9170,1220,0,0
66.0243,4.8605,1206,0,0
66.0491,4.8888,1213,0,0
66.0740,4.9170,1220,0,0
66.0988,4.9170,1220,0,0
66.1236,4.9008,1216,0,0
66.1484,4.9049,1217,0,0
66.1732,4.9008,1216,0,0
66.1980,4.9412,1226,0,0
66.2228,4.9008,1216,0,0
66.2476,4.8726,1209,0,0
66.2724,4.8807,1211,0,0
66.2972,4.8807,1211,0,0
66.3220,4.9129,1219,0,0
66.3468,4.9049,1217,0,0
66.3716,4.9250,1222,0,0
66.3964,4.9170,1220,0,0
66.4212,4.9170,1220,0,0
66.4460,4.9129,1219,0,0
66.4708,4.9170,1220,0,0
66.4956,4.9170,1220,0,0
66.5204,4.9049,1217,0,0
66.5452,4.9049,1217,0,0
66.5700,4.8807,1211,0,0
66.5948,4.9008,1216,0,0
66.6196,4.9129,1219,0,0
66.6444,4.9049,1217,0,0
66.6692,4.9291,1223,0,0
66.6940,4.8726,1209,0,0
66.7188,4.8888,1213,0,0
66.7436,4.9129,1219,0,0
66.7684,4.8888,1213,0,0
66.7932,4.9049,1217,0,0
66.8180,4.9129,1219,0,0
66.8428,4.9250,1222,0,0
66.8676,4.9250,1222,0,0
66.8924,4.8646,1207,0,0
66.9172,4.9129,1219,0,0
66.9420,4.9170,1220,0,0
66.9668,4.9008,1216,0,0
66.9916,4.9008,1216,0,0
67.0164,4.8807,1211,0,0
67.0413,4.9170,1220,0,0
67.0661,4.9815,1236,0,0
67.0909,4.9371,1225,0,0
67.1157,4.9371,1225,0,0
67.1405,4.9008,1216,0,0
67.1653,4.9170,1220,0,0
67.1901,4.9008,1216,0,0
67.2149,4.9291,1223,0,0
67.2397,4.9170,1220,0,0
67.2645,4.9129,1219,0,0
67.2893,4.8807,1211,0,0
67.3141,4.8968,1215,0,0
67.3389,4.9129,1219,0,0
67.3637,4.9049,1217,0,0
67.3885,4.9008,1216,0,0
67.4133,4.9129,1219,0,0
67.4381,4.9008,1216,0,0
67.4629,4.9008,1216,0,0
67.4877,4.9170,1220,0,0
67.5125,4.9129,1219,0,0
67.5373,4.9129,1219,0,0
67.5621,4.9129,1219,0,0
67.5869,4.8807,1211,0,0
67.6117,4.9129,1219,0,0
67.6365,4.9170,1220,0,0
67.6613,4.9170,1220,0,0
67.6861,4.9129,1219,0,0
67.7109,4.9129,1219,0,0
67.7357,4.9331,1224,0,0
67.7605,4.9170,1220,0,0
67.7853,4.9008,1216,0,0
67.8101,4.8888,1213,0,0
67.8349,4.9170,1220,0,0
67.8597,4.9170,1220,0,0
67.8845,4.8888,1213,0,0
67.9093,4.9049,1217,0,0
67.9341,4.9250,1222,0,0
67.9589,4.9049,1217,0,0
67.9837,4.9170,1220,0,0
68.0085,4.9008,1216,0,0
68.0333,4.9170,1220,0,0
68.0582,4.9170,1220,0,0
68.0830,4.9008,1216,0,0
68.1078,4.9008,1216,0,0
68.1326,4.9129,1219,0,0
68.1574,4.8726,1209,0,0
68.1822,4.9008,1216,0,0
68.2070,4.9694,1233,0,0
68.2318,4.9008,1216,0,0
68.2566,4.9250,1222,0,0
68.2814,4.9170,1220,0,0
68.3062,4.9129,1219,0,0
68.3310,4.8968,1215,0,0
68.3558,4.9008,1216,0,0
68.3806,4.9331,1224,0,0
68.4054,4.9129,1219,0,0
68.4302,4.9008,1216,0,0
68.4550,4.9049,1217,0,0
68.4798,4.9129,1219,0,0
68.5046,4.9049,1217,0,0
68.5294,4.9008,1216,0,0
68.5542,4.9331,1224,0,0
68.5790,4.9250,1222,0,0
68.6038,4.9734,1234,0,0
68.6286,4.9129,1219,0,0
68.6534,4.9613,1231,0,0
68.6782,4.9250,1222,0,0
68.7030,4.9170,1220,0,0
68.7278,4.9170,1220,0,0
68.7526,4.9371,1225,0,0
68.7774,4.9129,1219,0,0
68.8022,4.9492,1228,0,0
68.8270,4.9734,1234,0,0
68.8518,4.9250,1222,0,0
68.8766,4.9049,1217,0,0
68.9014,4.9170,1220,0,0
68.9262,4.9129,1219,0,0
68.9510,4.9250,1222,0,0
68.9758,4.9170,1220,0,0
69.0006,4.8888,1213,0,0
69.0255,4.9250,1222,0,0
69.0503,4.9331,1224,0,0
69.0751,4.9250,1222,0,0
69.0999,4.9008,1216,0,0
69.1247,4.9291,1223,0,0
69.1495,4.9170,1220,0,0
69.1743,4.9170,1220,0,0
69.1991,4.9250,1222,0,0
69.2239,4.9129,1219,0,0
69.2487,4.9613,1231,0,0
69.2735,4.9129,1219,0,0
69.2983,4.9170,1220,0,0
69.3231,4.9331,1224,0,0
69.3479,4.9250,1222,0,0
69.3727,4.9291,1223,0,0
69.3975,4.9331,1224,0,0
69.4223,4.9371,1225,0,0
69.4471,4.9331,1224,0,0
69.4719,4.9331,1224,0,0
69.4967,4.9170,1220,0,0
69.5215,4.9250,1222,0,0
69.5463,4.9250,1222,0,0
69.5711,4.9250,1222,0,0
69.5959,4.9734,1234,0,0
69.6207,4.9008,1216,0,0
69.6455,4.9250,1222,0,0
69.6703,4.8968,1215,0,0
69.6951,4.9331,1224,0,0
69.7199,4.9331,1224,0,0
69.7447,4.9250,1222,0,0
69.7695,4.9250,1222,0,0
69.7943,4.9250,1222,0,0
69.8191,4.9291,1223,0,0
69.8439,4.9250,1222,0,0
69.8687,4.9250,1222,0,0
69.8935,4.8888,1213,0,0
69.9183,4.9412,1226,0,0
69.9431,4.9170,1220,0,0
69.9679,4.9129,1219,0,0
69.9928,4.9170,1220,0,0
70.0176,4.9734,1234,0,0
70.0424,4.9492,1228,0,0
70.0672,4.9129,1219,0,0
70.0920,4.9291,1223,0,0
70.1168,4.9129,1219,0,0
70.1416,4.9129,1219,0,0
70.1664,4.9170,1220,0,0
70.1912,4.9170,1220,0,0
70.2160,4.9250,1222,0,0
70.2408,4.9412,1226,0,0
70.2656,4.9170,1220,0,0
70.2904,4.9412,1226,0,0
70.3152,4.9129,1219,0,0
70.3400,4.9734,1234,0,0
70.3648,4.9250,1222,0,0
70.3896,4.9250,1222,0,0
70.4144,4.9331,1224,0,0
70.4392,4.9008,1216,0,0
70.4640,4.9734,1234,0,0
70.4888,4.9331,1224,0,0
70.5136,4.9291,1223,0,0
70.5384,4.9170,1220,0,0
70.5632,4.9250,1222,0,0
70.5880,4.9250,1222,0,0
70.6128,4.8968,1215,0,0
70.6376,4.9331,1224,0,0
70.6624,4.9815,1236,0,0
70.6872,4.9008,1216,0,0
70.7120,4.9492,1228,0,0
70.7368,4.9734,1234,0,0
70.7616,4.8888,1213,0,0
70.7864,4.9049,1217,0,0
70.8112,4.9331,1224,0,0
70.8360,4.9250,1222,0,0
70.8608,4.9412,1226,0,0
70.8856,4.9613,1231,0,0
70.9104,4.9492,1228,0,0
70.9352,4.9331,1224,0,0
70.9601,4.9170,1220,0,0
70.9849,4.9412,1226,0,0
71.0097,4.9694,1233,0,0
71.0345,4.9129,1219,0,0
71.0593,4.9170,1220,0,0
71.0841,4.9170,1220,0,0
71.1089,4.8888,1213,0,0
71.1337,4.9331,1224,0,0
71.1585,4.9331,1224,0,0
71.1833,4.9412,1226,0,0
71.2081,4.9291,1223,0,0
71.2329,4.9170,1220,0,0
71.2577,4.9371,1225,0,0
71.2825,4.9331,1224,0,0
71.3073,4.9734,1234,0,0
71.3321,4.9331,1224,0,0
71.3569,4.9331,1224,0,0
71.3817,4.9371,1225,0,0
71.4065,4.9371,1225,0,0
71.4313,4.9129,1219,0,0
71.4561,4.9371,1225,0,0
71.4809,4.9250,1222,0,0
71.5057,4.9412,1226,0,0
71.5305,4.9412,1226,0,0
71.5553,4.9250,1222,0,0
71.5801,4.9371,1225,0,0
71.6049,4.9734,1234,0,0
71.6297,4.9734,1234,0,0
71.6545,4.9170,1220,0,0
71.6793,4.9331,1224,0,0
71.7041,4.9170,1220,0,0
71.7289,4.9331,1224,0,0
71.7537,4.9371,1225,0,0
71.7785,4.9653,1232,0,0
71.8033,4.9412,1226,0,0
71.8281,4.9331,1224,0,0
71.8529,4.9170,1220,0,0
71.8777,4.9412,1226,0,0
71.9025,4.9170,1220,0,0
71.9273,4.9170,1220,0,0
71.9521,4.9170,1220,0,0
71.9770,4.9170,1220,0,0
72.0018,4.9734,1234,0,0
72.0266,4.9492,1228,0,0
72.0514,4.9734,1234,0,0
72.0762,4.9734,1234,0,0
72.1010,4.9291,1223,0,0
72.1258,4.9170,1220,0,0
72.1506,4.9371,1225,0,0
72.1754,4.9694,1233,0,0
72.2002,4.9170,1220,0,0
72.2250,4.9250,1222,0,0
72.2498,4.9653,1232,0,0
72.2746,4.9250,1222,0,0
72.2994,4.9008,1216,0,0
72.3242,4.9815,1236,0,0
72.3490,4.9492,1228,0,0
72.3738,4.9734,1234,0,0
72.3986,4.9170,1220,0,0
72.4234,4.9250,1222,0,0
72.4482,4.9371,1225,0,0
72.4730,4.9734,1234,0,0
72.4978,4.9170,1220,0,0
72.5226,4.9250,1222,0,0
72.5474,4.9613,1231,0,0
72.5722,4.9371,1225,0,0
72.5970,4.9815,1236,0,0
72.6218,4.9815,1236,0,0
72.6466,4.9250,1222,0,0
72.6714,4.9250,1222,0,0
72.6962,4.9613,1231,0,0
72.7210,4.9331,1224,0,0
72.7458,4.9412,1226,0,0
72.7706,4.9170,1220,0,0
72.7954,4.9170,1220,0,0
72.8202,4.9250,1222,0,0
72.8450,4.9170,1220,0,0
72.8698,4.9734,1234,0,0
72.8946,4.9412,1226,0,0
72.9194,4.9734,1234,0,0
72.9443,4.9170,1220,0,0
72.9691,4.9250,1222,0,0
72.9939,4.9492,1228,0,0
73.0187,4.9613,1231,0,0
73.0435,4.9291,1223,0,0
73.0683,4.9412,1226,0,0
73.0931,4.9170,1220,0,0
73.1179,4.9250,1222,0,0
73.1427,4.9412,1226,0,0
73.1675,4.9331,1224,0,0
73.1923,4.9613,1231,0,0
73.2171,4.9412,1226,0,0
73.2419,4.9613,1231,0,0
73.2667,4.9815,1236,0,0
73.2915,4.9492,1228,0,0
73.3163,4.9250,1222,0,0
73.3411,4.9129,1219,0,0
73.3659,4.9734,1234,0,0
73.3907,4.9815,1236,0,0
73.4155,4.9371,1225,0,0
73.4403,4.9653,1232,0,0
73.4651,4.9694,1233,0,0
73.4899,4.9371,1225,0,0
73.5147,4.9170,1220,0,0
73.5395,4.9653,1232,0,0
73.5643,4.9371,1225,0,0
73.5891,4.9250,1222,0,0
73.6139,4.9170,1220,0,0
73.6387,4.9250,1222,0,0
73.6635,5.0097,1243,0,0
73.6883,4.9694,1233,0,0
73.7131,4.9734,1234,0,0
73.7379,4.9734,1234,0,0
73.7627,4.9331,1224,0,0
73.7875,4.9250,1222,0,0
73.8123,4.9331,1224,0,0
73.8371,4.9331,1224,0,0
73.8619,4.9734,1234,0,0
73.8867,4.9653,1232,0,0
73.9116,4.9613,1231,0,0
73.9364,4.9371,1225,0,0
73.9612,4.9331,1224,0,0
73.9860,4.9291,1223,0,0
74.0108,4.9734,1234,0,0
74.0356,4.9734,1234,0,0
74.0604,4.9331,1224,0,0
74.0852,4.9412,1226,0,0
74.1100,4.9412,1226,0,0
74.1348,4.9734,1234,0,0
74.1596,4.9734,1234,0,0
74.1844,4.9734,1234,0,0
74.2092,4.9170,1220,0,0
74.2340,4.9653,1232,0,0
74.2588,4.9532,1229,0,0
74.2836,4.9008,1216,0,0
74.3084,4.9734,1234,0,0
74.3332,4.9734,1234,0,0
74.3580,4.9613,1231,0,0
74.3828,4.9170,1220,0,0
74.4076,4.9492,1228,0,0
74.4324,4.9492,1228,0,0
74.4572,4.9734,1234,0,0
74.4820,4.9734,1234,0,0
74.5068,4.9412,1226,0,0
74.5316,4.9291,1223,0,0
74.5564,4.9935,1239,0,0
74.5812,4.9412,1226,0,0
74.6060,4.9129,1219,0,0
74.6308,4.9250,1222,0,0
74.6556,4.9734,1234,0,0
74.6804,4.9694,1233,0,0
74.7052,4.9250,1222,0,0
74.7300,4.9734,1234,0,0
74.7548,4.9734,1234,0,0
74.7796,4.9250,1222,0,0
74.8044,4.9734,1234,0,0
74.8292,4.9734,1234,0,0
74.8540,4.9613,1231,0,0
74.8789,4.9653,1232,0,0
74.9037,4.9734,1234,0,0
74.9285,4.9815,1236,0,0
74.9533,4.9734,1234,0,0
74.9781,4.9291,1223,0,0
75.0029,4.9694,1233,0,0
75.0277,4.9694,1233,0,0
75.0525,4.9734,1234,0,0
75.0773,4.9250,1222,0,0
75.1021,4.9371,1225,0,0
75.1269,4.9815,1236,0,0
75.1517,4.9734,1234,0,0
75.1765,4.9291,1223,0,0
75.2013,4.9734,1234,0,0
75.2261,4.9815,1236,0,0
75.2509,4.9653,1232,0,0
75.2757,4.9492,1228,0,0
75.3005,4.9815,1236,0,0
75.3253,4.9613,1231,0,0
75.3501,4.9412,1226,0,0
75.3749,4.9935,1239,0,0
75.3997,4.9815,1236,0,0
75.4245,4.9815,1236,0,0
75.4493,4.9170,1220,0,0
75.4741,4.9734,1234,0,0
75.4989,4.9412,1226,0,0
75.5237,4.9412,1226,0,0
75.5485,4.9734,1234,0,0
75.5733,4.9331,1224,0,0
75.5981,4.9331,1224,0,0
75.6229,4.9613,1231,0,0
75.6477,5.0056,1242,0,0
75.6725,4.9734,1234,0,0
75.6973,4.9412,1226,0,0
75.7221,4.9331,1224,0,0
75.7469,4.9734,1234,0,0
75.7717,4.9734,1234,0,0
75.7965,4.9613,1231,0,0
75.8214,4.9815,1236,0,0
75.8461,4.9694,1233,0,0
75.8709,4.9815,1236,0,0
75.8958,4.9613,1231,0,0
75.9206,4.9815,1236,0,0
75.9454,4.9734,1234,0,0
75.9702,4.9734,1234,0,0
75.9950,4.9855,1237,0,0
76.0198,4.9291,1223,0,0
76.0446,4.9250,1222,0,0
76.0694,4.9734,1234,0,0
76.0942,4.9815,1236,0,0
76.1190,4.9815,1236,0,0
76.1438,4.9291,1223,0,0
76.1686,4.9734,1234,0,0
76.1934,4.9734,1234,0,0
76.2182,4.9734,1234,0,0
76.2430,5.0218,1246,0,0
76.2678,4.9815,1236,0,0
76.2926,4.9291,1223,0,0
76.3174,4.9935,1239,0,0
76.3422,4.9734,1234,0,0
76.3670,4.9734,1234,0,0
76.3918,4.9734,1234,0,0
76.4166,4.9613,1231,0,0
76.4414,4.9412,1226,0,0
76.4662,4.9855,1237,0,0
76.4910,4.9855,1237,0,0
76.5158,4.9613,1231,0,0
76.5406,4.9613,1231,0,0
76.5654,4.9694,1233,0,0
76.5902,5.0056,1242,0,0
76.6150,4.9371,1225,0,0
76.6398,4.9855,1237,0,0
76.6646,4.9653,1232,0,0
76.6894,4.9170,1220,0,0
76.7142,4.9855,1237,0,0
76.7390,4.9935,1239,0,0
76.7638,4.9694,1233,0,0
76.7886,4.9613,1231,0,0
76.8134,4.9734,1234,0,0
76.8382,4.9653,1232,0,0
76.8631,4.9935,1239,0,0
76.8879,4.9734,1234,0,0
76.9127,4.9935,1239,0,0
76.9375,4.9412,1226,0,0
76.9623,4.9734,1234,0,0
76.9871,4.9613,1231,0,0
77.0119,4.9532,1229,0,0
77.0367,4.9935,1239,0,0
77.0615,4.9613,1231,0,0
77.0863,4.9734,1234,0,0
77.1111,4.8525,1204,0,0
77.1359,4.9613,1231,0,0
77.1607,4.9734,1234,0,0
77.1855,4.9734,1234,0,0
77.2103,4.9855,1237,0,0
77.2351,4.9734,1234,0,0
77.2599,4.9694,1233,0,0
77.2847,4.9734,1234,0,0
77.3095,4.9815,1236,0,0
77.3343,4.9734,1234,0,0
77.3591,4.9855,1237,0,0
77.3839,4.9734,1234,0,0
77.4087,4.9694,1233,0,0
77.4335,4.9855,1237,0,0
77.4583,4.9734,1234,0,0
77.4831,4.9734,1234,0,0
77.5079,4.9815,1236,0,0
77.5327,5.0218,1246,0,0
77.5575,4.9734,1234,0,0
77.5823,5.0097,1243,0,0
77.6071,4.9371,1225,0,0
77.6319,5.0056,1242,0,0
77.6567,4.9734,1234,0,0
77.6815,4.9412,1226,0,0
77.7063,4.9935,1239,0,0
77.7311,4.9815,1236,0,0
77.7559,4.9653,1232,0,0
77.7807,4.9734,1234,0,0
77.8055,4.9855,1237,0,0
77.8304,4.9734,1234,0,0
77.8552,4.9734,1234,0,0
77.8800,4.9613,1231,0,0
77.9048,4.9694,1233,0,0
77.9296,4.9653,1232,0,0
77.9544,4.9734,1234,0,0
77.9792,4.9734,1234,0,0
78.0040,4.9613,1231,0,0
78.0288,4.9815,1236,0,0
78.0536,4.9935,1239,0,0
78.0784,4.9815,1236,0,0
78.1032,4.9855,1237,0,0
78.1280,5.0056,1242,0,0
78.1528,4.9412,1226,0,0
78.1776,4.9935,1239,0,0
78.2024,4.9815,1236,0,0
78.2272,4.9250,1222,0,0
78.2520,5.0097,1243,0,0
78.2768,4.9734,1234,0,0
78.3016,4.9734,1234,0,0
78.3264,4.9935,1239,0,0
78.3512,5.0097,1243,0,0
78.3760,4.9815,1236,0,0
78.4008,4.9815,1236,0,0
78.4256,4.9815,1236,0,0
78.4504,4.9815,1236,0,0
78.4752,4.9613,1231,0,0
78.5000,5.0218,1246,0,0
78.5248,4.9855,1237,0,0
78.5496,4.9613,1231,0,0
78.5744,4.9935,1239,0,0
78.5992,4.9734,1234,0,0
78.6240,4.9815,1236,0,0
78.6488,4.9694,1233,0,0
78.6736,4.9815,1236,0,0
78.6984,4.9815,1236,0,0
78.7232,4.9935,1239,0,0
78.7480,4.9371,1225,0,0
78.7729,4.9694,1233,0,0
78.7977,5.0298,1248,0,0
78.8225,4.9734,1234,0,0
78.8473,4.9371,1225,0,0
78.8721,4.9734,1234,0,0
78.8969,4.9815,1236,0,0
78.9217,4.9734,1234,0,0
78.9465,4.9734,1234,0,0
78.9713,4.9653,1232,0,0
78.9961,4.9734,1234,0,0
79.0209,4.9855,1237,0,0
79.0457,4.9613,1231,0,0
79.0705,4.9935,1239,0,0
79.0953,4.9734,1234,0,0
79.1201,4.9815,1236,0,0
79.1449,4.9815,1236,0,0
79.1697,4.9613,1231,0,0
79.1945,4.9734,1234,0,0
79.2193,4.9815,1236,0,0
79.2441,4.9734,1234,0,0
79.2689,4.9734,1234,0,0
79.2937,4.9815,1236,0,0
79.3185,4.9734,1234,0,0
79.3433,4.9734,1234,0,0
79.3681,4.9935,1239,0,0
79.3929,5.0056,1242,0,0
79.4177,4.9734,1234,0,0
79.4425,4.9935,1239,0,0
79.4673,4.9815,1236,0,0
79.4921,4.9815,1236,0,0
79.5169,5.0097,1243,0,0
79.5417,5.0056,1242,0,0
79.5665,5.0016,1241,0,0
79.5913,4.9694,1233,0,0
79.6161,5.0177,1245,0,0
79.6409,4.9734,1234,0,0
79.6657,4.9734,1234,0,0
79.6905,4.9734,1234,0,0
79.7153,5.0056,1242,0,0
79.7402,4.9734,1234,0,0
79.7649,4.9734,1234,0,0
79.7897,4.9815,1236,0,0
79.8146,5.0177,1245,0,0
79.8394,4.9855,1237,0,0
79.8642,4.9734,1234,0,0
79.8890,4.9734,1234,0,0
79.9138,4.9935,1239,0,0
79.9386,4.9613,1231,0,0
79.9634,4.9855,1237,0,0
79.9882,5.0218,1246,0,0
80.0130,4.9935,1239,0,0
80.0378,5.0056,1242,0,0
80.0626,5.0056,1242,0,0
80.0874,5.0056,1242,0,0
80.1122,4.9935,1239,0,0
80.1370,4.9734,1234,0,0
80.1618,5.0056,1242,0,0
80.1866,4.9694,1233,0,0
80.2114,4.9734,1234,0,0
80.2362,4.9815,1236,0,0
80.2610,4.9734,1234,0,0
80.2858,4.9734,1234,0,0
80.3106,4.9734,1234,0,0
80.3354,5.0016,1241,0,0
80.3602,4.9815,1236,0,0
80.3850,4.9935,1239,0,0
80.4098,4.9734,1234,0,0
80.4346,5.0056,1242,0,0
80.4594,4.9734,1234,0,0
80.4842,4.9815,1236,0,0
80.5090,4.9734,1234,0,0
80.5338,5.0056,1242,0,0
80.5586,4.9694,1233,0,0
80.5834,4.9694,1233,0,0
80.6082,4.9855,1237,0,0
80.6330,4.9694,1233,0,0
80.6578,4.9815,1236,0,0
80.6826,4.9935,1239,0,0
80.7074,5.0298,1248,0,0
80.7322,4.9694,1233,0,0
80.7570,4.9694,1233,0,0
80.7819,4.9855,1237,0,0
80.8067,4.9815,1236,0,0
80.8315,5.0016,1241,0,0
80.8563,5.0056,1242,0,0
80.8811,4.9734,1234,0,0
80.9059,4.9815,1236,0,0
80.9307,4.9734,1234,0,0
80.9555,4.9613,1231,0,0
80.9803,4.9734,1234,0,0
81.0051,4.9935,1239,0,0
81.0299,4.9734,1234,0,0
81.0547,5.0056,1242,0,0
81.0795,4.9734,1234,0,0
81.1043,5.0177,1245,0,0
81.1291,4.9935,1239,0,0
81.1539,4.9734,1234,0,0
81.1787,5.0016,1241,0,0
81.2035,4.9935,1239,0,0
81.2283,4.9734,1234,0,0
81.2531,4.9815,1236,0,0
81.2779,4.9935,1239,0,0
81.3027,4.9935,1239,0,0
81.3275,4.9935,1239,0,0
81.3523,4.9815,1236,0,0
81.3771,4.9855,1237,0,0
81.4019,4.9613,1231,0,0
81.4267,5.0097,1243,0,0
81.4515,4.9653,1232,0,0
81.4763,4.9734,1234,0,0
81.5011,4.9694,1233,0,0
81.5259,4.9935,1239,0,0
81.5507,4.9694,1233,0,0
81.5755,4.9935,1239,0,0
81.6003,5.0016,1241,0,0
81.6251,5.0056,1242,0,0
81.6499,5.0056,1242,0,0
81.6747,5.0016,1241,0,0
81.6995,4.9855,1237,0,0
81.7243,4.9855,1237,0,0
81.7492,4.9734,1234,0,0
81.7740,4.9694,1233,0,0
81.7988,4.9613,1231,0,0
81.8236,4.9815,1236,0,0
81.8484,5.0056,1242,0,0
81.8732,5.0177,1245,0,0
81.8980,5.0056,1242,0,0
81.9228,4.9734,1234,0,0
81.9476,4.9815,1236,0,0
81.9724,4.9734,1234,0,0
81.9972,4.9935,1239,0,0
82.0220,4.9855,1237,0,0
82.0468,4.9935,1239,0,0
82.0716,4.9694,1233,0,0
82.0964,5.0056,1242,0,0
82.1212,5.0097,1243,0,0
82.1460,4.9734,1234,0,0
82.1708,4.9734,1234,0,0
82.1956,5.0177,1245,0,0
82.2204,4.9855,1237,0,0
82.2452,4.9734,1234,0,0
82.2700,4.9734,1234,0,0
82.2948,5.0218,1246,0,0
82.3196,4.9935,1239,0,0
82.3444,4.9815,1236,0,0
82.3692,4.9815,1236,0,0
82.3940,4.9815,1236,0,0
82.4188,5.0056,1242,0,0
82.4436,4.9694,1233,0,0
82.4684,5.0016,1241,0,0
82.4932,4.9855,1237,0,0
82.5180,5.0177,1245,0,0
82.5428,4.9855,1237,0,0
82.5676,4.9694,1233,0,0
82.5924,4.9855,1237,0,0
82.6172,4.9815,1236,0,0
82.6420,4.9935,1239,0,0
82.6668,5.0097,1243,0,0
82.6917,5.0097,1243,0,0
82.7165,4.9935,1239,0,0
82.7413,5.0177,1245,0,0
82.7661,4.9815,1236,0,0
82.7909,5.0097,1243,0,0
82.8157,5.0056,1242,0,0
82.8405,5.0177,1245,0,0
82.8653,4.9815,1236,0,0
82.8901,4.9935,1239,0,0
82.9149,4.9815,1236,0,0
82.9397,4.9815,1236,0,0
82.9645,4.9935,1239,0,0
82.9893,4.9734,1234,0,0
83.0141,5.0338,1249,0,0
83.0389,5.0097,1243,0,0
83.0637,4.9935,1239,0,0
83.0885,5.0056,1242,0,0
83.1133,5.0298,1248,0,0
83.1381,5.0177,1245,0,0
83.1629,4.9855,1237,0,0
83.1877,4.9694,1233,0,0
83.2125,4.9412,1226,0,0
83.2373,5.0177,1245,0,0
83.2621,4.9855,1237,0,0
83.2869,4.9734,1234,0,0
83.3117,5.0097,1243,0,0
83.3365,5.0016,1241,0,0
83.3613,4.9935,1239,0,0
83.3861,5.0097,1243,0,0
83.4109,4.9855,1237,0,0
83.4357,5.0097,1243,0,0
83.4605,4.9855,1237,0,0
83.4853,4.9371,1225,0,0
83.5101,4.9653,1232,0,0
83.5349,4.9935,1239,0,0
83.5597,4.9935,1239,0,0
83.5845,5.0056,1242,0,0
83.6093,5.0056,1242,0,0
83.6341,5.0056,1242,0,0
83.6590,4.9815,1236,0,0
83.6837,5.0177,1245,0,0
83.7085,4.9935,1239,0,0
83.7334,4.9855,1237,0,0
83.7582,5.0177,1245,0,0
83.7830,5.0097,1243,0,0
83.8078,4.9935,1239,0,0
83.8326,5.0218,1246,0,0
83.8574,5.0218,1246,0,0
83.8822,4.9815,1236,0,0
83.9070,5.0097,1243,0,0
83.9318,5.0218,1246,0,0
83.9566,5.0298,1248,0,0
83.9814,4.9815,1236,0,0
84.0062,5.0298,1248,0,0
84.0310,5.0177,1245,0,0
84.0558,4.9855,1237,0,0
84.0806,5.0218,1246,0,0
84.1054,4.9855,1237,0,0
84.1302,4.9855,1237,0,0
84.1550,5.0218,1246,0,0
84.1798,4.9935,1239,0,0
84.2046,4.9855,1237,0,0
84.2294,4.9613,1231,0,0
84.2542,4.9815,1236,0,0
84.2790,4.9855,1237,0,0
84.3038,4.9815,1236,0,0
84.3286,5.0056,1242,0,0
84.3534,4.9935,1239,0,0
84.3782,4.9855,1237,0,0
84.4030,5.0298,1248,0,0
84.4278,4.9935,1239,0,0
84.4526,4.9935,1239,0,0
84.4774,4.9815,1236,0,0
84.5022,5.0218,1246,0,0
84.5270,4.9935,1239,0,0
84.5518,4.9815,1236,0,0
84.5766,5.0016,1241,0,0
84.6014,5.0177,1245,0,0
84.6262,5.0097,1243,0,0
84.6510,5.0177,1245,0,0
84.6758,5.0056,1242,0,0
84.7007,4.9694,1233,0,0
84.7255,5.0097,1243,0,0
84.7503,5.0177,1245,0,0
84.7751,5.0218,1246,0,0
84.7999,5.0056,1242,0,0
84.8247,5.0379,1250,0,0
84.8495,4.9855,1237,0,0
84.8743,4.9855,1237,0,0
84.8991,5.0298,1248,0,0
84.9239,4.9815,1236,0,0
84.9487,5.0177,1245,0,0
84.9735,4.9815,1236,0,0
84.9983,5.0177,1245,0,0
85.0231,4.9734,1234,0,0
85.0479,5.0177,1245,0,0
85.0727,4.9935,1239,0,0
85.0975,4.9734,1234,0,0
85.1223,5.0097,1243,0,0
85.1471,4.9935,1239,0,0
85.1719,4.9815,1236,0,0
85.1967,4.9734,1234,0,0
85.2215,5.0540,1254,0,0
85.2463,4.9935,1239,0,0
85.2711,5.0056,1242,0,0
85.2959,5.0056,1242,0,0
85.3207,5.0177,1245,0,0
85.3455,5.0016,1241,0,0
85.3703,5.0097,1243,0,0
85.3951,4.9855,1237,0,0
85.4199,4.9734,1234,0,0
85.4447,5.0177,1245,0,0
85.4695,4.9815,1236,0,0
85.4943,4.9935,1239,0,0
85.5191,5.0056,1242,0,0
85.5439,5.0097,1243,0,0
85.5687,5.0379,1250,0,0
85.5935,5.0097,1243,0,0
85.6183,5.0097,1243,0,0
85.6432,5.0218,1246,0,0
85.6680,4.9855,1237,0,0
85.6928,4.9935,1239,0,0
85.7176,4.9935,1239,0,0
85.7424,5.0097,1243,0,0
85.7672,4.9734,1234,0,0
85.7920,4.9855,1237,0,0
85.8168,4.9935,1239,0,0
85.8416,4.9855,1237,0,0
85.8664,5.0016,1241,0,0
85.8912,5.0298,1248,0,0
85.9160,4.9855,1237,0,0
85.9408,4.9855,1237,0,0
85.9656,5.0097,1243,0,0
85.9904,5.0177,1245,0,0
86.0152,5.0298,1248,0,0
86.0400,5.0177,1245,0,0
86.0648,5.0218,1246,0,0
86.0896,4.9935,1239,0,0
86.1144,5.0056,1242,0,0
86.1392,4.9815,1236,0,0
86.1640,5.0056,1242,0,0
86.1888,5.0218,1246,0,0
86.2136,5.0177,1245,0,0
86.2384,4.9734,1234,0,0
86.2632,5.0218,1246,0,0
86.2880,5.0298,1248,0,0
86.3128,4.9734,1234,0,0
86.3376,5.0177,1245,0,0
86.3624,5.0056,1242,0,0
86.3872,4.9935,1239,0,0
86.4120,5.0218,1246,0,0
86.4368,4.9855,1237,0,0
86.4616,4.9935,1239,0,0
86.4864,5.0298,1248,0,0
86.5112,5.0097,1243,0,0
86.5360,4.9855,1237,0,0
86.5608,5.0056,1242,0,0
86.5856,5.0218,1246,0,0
86.6105,4.9855,1237,0,0
86.6353,5.0218,1246,0,0
86.6601,5.0056,1242,0,0
86.6849,4.9815,1236,0,0
86.7097,5.0097,1243,0,0
86.7345,5.0298,1248,0,0
86.7593,4.9855,1237,0,0
86.7841,5.0177,1245,0,0
86.8089,5.0056,1242,0,0
86.8337,5.0056,1242,0,0
86.8585,5.0177,1245,0,0
86.8833,5.0177,1245,0,0
86.9081,5.0056,1242,0,0
86.9329,5.0379,1250,0,0
86.9577,4.9855,1237,0,0
86.9825,5.0218,1246,0,0
87.0073,4.9815,1236,0,0
87.0321,5.0298,1248,0,0
87.0569,5.0177,1245,0,0
87.0817,4.9815,1236,0,0
87.1065,5.0056,1242,0,0
87.1313,5.0218,1246,0,0
87.1561,5.0298,1248,0,0
87.1809,5.0218,1246,0,0
87.2057,5.0177,1245,0,0
87.2305,4.9935,1239,0,0
87.2553,5.0056,1242,0,0
87.2801,5.0177,1245,0,0
87.3049,5.0298,1248,0,0
87.3297,5.0097,1243,0,0
87.3545,4.9935,1239,0,0
87.3793,5.0056,1242,0,0
87.4041,4.9815,1236,0,0
87.4289,4.9935,1239,0,0
87.4537,4.9855,1237,0,0
87.4785,5.0097,1243,0,0
87.5033,5.0097,1243,0,0
87.5281,4.9855,1237,0,0
87.5529,5.0500,1253,0,0
87.5778,5.0097,1243,0,0
87.6025,4.9935,1239,0,0
87.6273,5.0097,1243,0,0
87.6522,4.9935,1239,0,0
87.6770,4.9734,1234,0,0
87.7018,5.0298,1248,0,0
87.7266,5.0097,1243,0,0
87.7514,4.9935,1239,0,0
87.7762,5.0097,1243,0,0
87.8010,5.0218,1246,0,0
87.8258,4.9855,1237,0,0
87.8506,5.0298,1248,0,0
87.8754,5.0298,1248,0,0
87.9002,4.9815,1236,0,0
87.9250,4.9935,1239,0,0
87.9498,5.0298,1248,0,0
87.9746,5.0097,1243,0,0
87.9994,5.0056,1242,0,0
88.0242,5.0822,1261,0,0
88.0490,5.0097,1243,0,0
88.0738,4.9815,1236,0,0
88.0986,4.9734,1234,0,0
88.1234,5.0177,1245,0,0
88.1482,5.0056,1242,0,0
88.1730,4.9855,1237,0,0
88.1978,5.0218,1246,0,0
88.2226,5.0177,1245,0,0
88.2474,5.0218,1246,0,0
88.2722,5.0218,1246,0,0
88.2970,4.9855,1237,0,0
88.3218,5.0298,1248,0,0
88.3466,4.9935,1239,0,0
88.3714,5.0177,1245,0,0
88.3962,5.0177,1245,0,0
88.4210,5.0056,1242,0,0
88.4458,5.0097,1243,0,0
88.4706,5.0298,1248,0,0
88.4954,5.0298,1248,0,0
88.5202,4.9815,1236,0,0
88.5450,5.0177,1245,0,0
88.5698,5.0298,1248,0,0
88.5947,5.0177,1245,0,0
88.6195,5.0056,1242,0,0
88.6443,5.0218,1246,0,0
88.6691,5.0177,1245,0,0
88.6939,5.0097,1243,0,0
88.7187,5.0177,1245,0,0
88.7435,5.0177,1245,0,0
88.7683,5.0298,1248,0,0
88.7931,5.0016,1241,0,0
88.8179,5.0298,1248,0,0
88.8427,4.9855,1237,0,0
88.8675,4.9855,1237,0,0
88.8923,5.0177,1245,0,0
88.9171,5.0016,1241,0,0
88.9419,5.0298,1248,0,0
88.9667,4.9734,1234,0,0
88.9915,4.9855,1237,0,0
89.0163,5.0097,1243,0,0
89.0411,5.0298,1248,0,0
89.0659,4.9935,1239,0,0
89.0907,4.9935,1239,0,0
89.1155,5.0177,1245,0,0
89.1403,5.0097,1243,0,0
89.1651,5.0218,1246,0,0
89.1899,5.0338,1249,0,0
89.2147,4.9935,1239,0,0
89.2395,5.0056,1242,0,0
89.2643,5.0097,1243,0,0
89.2891,4.9734,1234,0,0
89.3139,5.0177,1245,0,0
89.3387,4.9734,1234,0,0
89.3635,4.9734,1234,0,0
89.3883,5.0338,1249,0,0
89.4131,5.0218,1246,0,0
89.4379,5.0177,1245,0,0
89.4627,4.9694,1233,0,0
89.4875,5.0298,1248,0,0
89.5123,5.0177,1245,0,0
89.5371,5.0298,1248,0,0
89.5620,5.0177,1245,0,0
89.5868,5.0338,1249,0,0
89.6116,5.0097,1243,0,0
89.6364,4.9694,1233,0,0
89.6612,5.0218,1246,0,0
89.6860,4.9855,1237,0,0
89.7108,5.0016,1241,0,0
89.7356,5.0097,1243,0,0
89.7604,5.0218,1246,0,0
89.7852,5.0338,1249,0,0
89.8100,5.0097,1243,0,0
89.8348,4.9935,1239,0,0
89.8596,5.0056,1242,0,0
89.8844,5.0298,1248,0,0
89.9092,5.0056,1242,0,0
89.9340,5.0177,1245,0,0
89.9588,5.0218,1246,0,0
89.9836,5.0218,1246,0,0
90.0084,4.9855,1237,0,0
90.0332,5.0338,1249,0,0
90.0580,5.0177,1245,0,0
90.0828,5.0379,1250,0,0
90.1076,5.0177,1245,0,0
90.1324,5.0218,1246,0,0
90.1572,5.0056,1242,0,0
90.1820,5.0177,1245,0,0
90.2068,4.9815,1236,0,0
90.2316,5.0379,1250,0,0
90.2564,4.9935,1239,0,0
90.2812,4.9855,1237,0,0
90.3060,5.0218,1246,0,0
90.3308,4.9935,1239,0,0
90.3556,5.0338,1249,0,0
90.3804,5.0177,1245,0,0
90.4052,5.0097,1243,0,0
90.4300,5.0056,1242,0,0
90.4548,5.0298,1248,0,0
90.4796,5.0338,1249,0,0
90.5044,5.0177,1245,0,0
90.5293,5.0218,1246,0,0
90.5541,5.0379,1250,0,0
90.5789,4.9855,1237,0,0
90.6037,5.0056,1242,0,0
90.6285,5.0298,1248,0,0
90.6533,5.0016,1241,0,0
90.6781,5.0298,1248,0,0
90.7029,5.0177,1245,0,0
90.7277,4.9935,1239,0,0
90.7525,5.0298,1248,0,0
90.7773,5.0218,1246,0,0
90.8021,5.0097,1243,0,0
90.8269,5.0177,1245,0,0
90.8517,5.0338,1249,0,0
90.8765,5.0177,1245,0,0
90.9013,5.0056,1242,0,0
90.9261,4.9935,1239,0,0
90.9509,5.0338,1249,0,0
90.9757,4.9935,1239,0,0
91.0005,5.0500,1253,0,0
91.0253,5.0338,1249,0,0
91.0501,5.0177,1245,0,0
91.0749,5.0056,1242,0,0
91.0997,5.0016,1241,0,0
91.1245,5.0338,1249,0,0
91.1493,4.9935,1239,0,0
91.1741,5.0298,1248,0,0
91.1989,4.9815,1236,0,0
91.2237,4.9855,1237,0,0
91.2485,5.0379,1250,0,0
91.2733,4.9815,1236,0,0
91.2981,5.0177,1245,0,0
91.3229,5.0379,1250,0,0
91.3477,5.0379,1250,0,0
91.3725,5.0177,1245,0,0
91.3973,5.0218,1246,0,0
91.4221,5.0097,1243,0,0
91.4469,5.0338,1249,0,0
91.4717,5.0056,1242,0,0
91.4966,5.0379,1250,0,0
91.5213,5.0338,1249,0,0
91.5462,5.0097,1243,0,0
91.5710,5.0338,1249,0,0
91.5958,5.0298,1248,0,0
91.6206,5.0177,1245,0,0
91.6454,5.0218,1246,0,0
91.6702,5.0419,1251,0,0
91.6950,4.9935,1239,0,0
91.7198,4.9855,1237,0,0
91.7446,5.0419,1251,0,0
91.7694,5.0338,1249,0,0
91.7942,5.0298,1248,0,0
91.8190,5.0218,1246,0,0
91.8438,5.0338,1249,0,0
91.8686,5.0218,1246,0,0
91.8934,4.9935,1239,0,0
91.9182,5.0379,1250,0,0
91.9430,5.0218,1246,0,0
91.9678,5.0056,1242,0,0
91.9926,4.9935,1239,0,0
92.0174,5.0177,1245,0,0
92.0422,5.0177,1245,0,0
92.0670,5.0379,1250,0,0
92.0918,5.0298,1248,0,0
92.1166,5.0177,1245,0,0
92.1414,4.9935,1239,0,0
92.1662,5.0419,1251,0,0
92.1910,4.9815,1236,0,0
92.2158,5.0177,1245,0,0
92.2406,5.0177,1245,0,0
92.2654,5.0218,1246,0,0
92.2902,5.0218,1246,0,0
92.3150,5.0298,1248,0,0
92.3398,5.0056,1242,0,0
92.3646,5.0056,1242,0,0
92.3894,5.0338,1249,0,0
92.4142,5.0177,1245,0,0
92.4390,4.9694,1233,0,0
92.4638,5.0338,1249,0,0
92.4886,5.0218,1246,0,0
92.5135,5.0338,1249,0,0
92.5383,5.0298,1248,0,0
92.5631,5.0379,1250,0,0
92.5879,5.0298,1248,0,0
92.6127,5.0419,1251,0,0
92.6375,5.0097,1243,0,0
92.6623,5.0298,1248,0,0
92.6871,5.0338,1249,0,0
92.7119,5.0419,1251,0,0
92.7367,5.0298,1248,0,0
92.7615,4.9935,1239,0,0
92.7863,5.0338,1249,0,0
92.8111,5.0177,1245,0,0
92.8359,5.0298,1248,0,0
92.8607,5.0379,1250,0,0
92.8855,5.0298,1248,0,0
92.9103,5.0218,1246,0,0
92.9351,5.0419,1251,0,0
92.9599,4.9855,1237,0,0
92.9847,4.9815,1236,0,0
93.0095,5.0218,1246,0,0
93.0343,4.9935,1239,0,0
93.0591,5.0661,1257,0,0
93.0839,5.0298,1248,0,0
93.1087,5.0056,1242,0,0
93.1335,5.0218,1246,0,0
93.1583,5.0097,1243,0,0
93.1831,5.0298,1248,0,0
93.2079,5.0419,1251,0,0
93.2327,5.0177,1245,0,0
93.2575,5.0177,1245,0,0
93.2823,5.0177,1245,0,0
93.3071,5.0218,1246,0,0
93.3319,5.0500,1253,0,0
93.3567,5.0298,1248,0,0
93.3815,5.0298,1248,0,0
93.4063,5.0177,1245,0,0
93.4311,5.0097,1243,0,0
93.4559,4.9815,1236,0,0
93.4808,5.0338,1249,0,0
93.5056,5.0338,1249,0,0
93.5304,5.0177,1245,0,0
93.5552,5.0177,1245,0,0
93.5800,5.0500,1253,0,0
93.6048,5.0056,1242,0,0
93.6296,5.0218,1246,0,0
93.6544,5.0177,1245,0,0
93.6792,5.0177,1245,0,0
93.7040,4.9935,1239,0,0
93.7288,5.0661,1257,0,0
93.7536,5.0218,1246,0,0
93.7784,5.0097,1243,0,0
93.8032,5.0056,1242,0,0
93.8280,5.0218,1246,0,0
93.8528,5.0056,1242,0,0
93.8776,5.0379,1250,0,0
93.9024,5.0298,1248,0,0
93.9272,5.0097,1243,0,0
93.9520,5.0218,1246,0,0
93.9768,4.9855,1237,0,0
94.0016,5.0419,1251,0,0
94.0264,5.0177,1245,0,0
94.0512,5.0218,1246,0,0
94.0760,5.0298,1248,0,0
94.1008,5.0298,1248,0,0
94.1256,5.0338,1249,0,0
94.1504,5.0177,1245,0,0
94.1752,5.0097,1243,0,0
94.2000,5.0177,1245,0,0
94.2248,5.0056,1242,0,0
94.2496,5.0177,1245,0,0
94.2744,5.0338,1249,0,0
94.2992,5.0661,1257,0,0
94.3240,5.0097,1243,0,0
94.3488,5.0056,1242,0,0
94.3736,5.0540,1254,0,0
94.3984,5.0298,1248,0,0
94.4232,5.0218,1246,0,0
94.4481,5.0338,1249,0,0
94.4729,5.0298,1248,0,0
94.4977,5.0218,1246,0,0
94.5225,5.0862,1262,0,0
94.5473,5.0177,1245,0,0
94.5721,5.0218,1246,0,0
94.5969,5.0419,1251,0,0
94.6217,5.0056,1242,0,0
94.6465,5.0218,1246,0,0
94.6713,5.0298,1248,0,0
94.6961,5.0177,1245,0,0
94.7209,5.0338,1249,0,0
94.7457,5.0338,1249,0,0
94.7705,5.0298,1248,0,0
94.7953,5.0298,1248,0,0
94.8201,5.0177,1245,0,0
94.8449,5.0177,1245,0,0
94.8697,5.0338,1249,0,0
94.8945,5.0298,1248,0,0
94.9193,5.0379,1250,0,0
94.9441,5.0338,1249,0,0
94.9689,5.0056,1242,0,0
94.9937,5.0661,1257,0,0
95.0185,5.0298,1248,0,0
95.0433,5.0338,1249,0,0
95.0681,5.0379,1250,0,0
95.0929,5.0742,1259,0,0
95.1177,5.0218,1246,0,0
95.1425,5.0419,1251,0,0
95.1673,5.0097,1243,0,0
95.1921,5.0338,1249,0,0
95.2169,5.0298,1248,0,0
95.2417,5.0097,1243,0,0
95.2665,5.0298,1248,0,0
95.2913,5.0500,1253,0,0
95.3161,5.0298,1248,0,0
95.3409,5.0419,1251,0,0
95.3657,5.0540,1254,0,0
95.3905,5.0298,1248,0,0
95.4154,5.0056,1242,0,0
95.4401,5.0338,1249,0,0
95.4650,5.0298,1248,0,0
95.4898,5.0177,1245,0,0
95.5146,5.0056,1242,0,0
95.5394,5.0298,1248,0,0
95.5642,5.0218,1246,0,0
95.5890,5.0218,1246,0,0
95.6138,5.0218,1246,0,0
95.6386,5.0218,1246,0,0
95.6634,5.0218,1246,0,0
95.6882,5.0338,1249,0,0
95.7130,5.0218,1246,0,0
95.7378,5.0338,1249,0,0
95.7626,5.0338,1249,0,0
95.7874,4.9935,1239,0,0
95.8122,5.0218,1246,0,0
95.8370,5.0338,1249,0,0
95.8618,5.0218,1246,0,0
95.8866,5.0016,1241,0,0
95.9114,5.0177,1245,0,0
95.9362,5.0379,1250,0,0
95.9610,5.0379,1250,0,0
95.9858,5.0298,1248,0,0
96.0106,5.0298,1248,0,0
96.0354,5.0540,1254,0,0
96.0602,5.0177,1245,0,0
96.0850,5.0056,1242,0,0
96.1098,5.0177,1245,0,0
96.1346,5.0379,1250,0,0
96.1594,4.9935,1239,0,0
96.1842,5.0298,1248,0,0
96.2090,5.0500,1253,0,0
96.2338,5.0379,1250,0,0
96.2586,4.9935,1239,0,0
96.2834,4.9734,1234,0,0
96.3082,5.0298,1248,0,0
96.3330,5.0218,1246,0,0
96.3578,5.0177,1245,0,0
96.3826,5.0419,1251,0,0
96.4074,5.0097,1243,0,0
96.4323,5.0338,1249,0,0
96.4571,5.0218,1246,0,0
96.4819,5.0419,1251,0,0
96.5067,5.0177,1245,0,0
96.5315,5.0500,1253,0,0
96.5563,5.0298,1248,0,0
96.5811,5.0056,1242,0,0
96.6059,5.0661,1257,0,0
96.6307,5.0298,1248,0,0
96.6555,5.0500,1253,0,0
96.6803,5.0500,1253,0,0
96.7051,5.0298,1248,0,0
96.7299,5.0298,1248,0,0
96.7547,5.0218,1246,0,0
96.7795,5.0338,1249,0,0
96.8043,4.9815,1236,0,0
96.8291,5.0056,1242,0,0
96.8539,5.0298,1248,0,0
96.8787,5.0419,1251,0,0
96.9035,5.0338,1249,0,0
96.9283,5.0056,1242,0,0
96.9531,5.0500,1253,0,0
96.9779,5.0419,1251,0,0
97.0027,5.0056,1242,0,0
97.0275,5.0338,1249,0,0
97.0523,5.0298,1248,0,0
97.0771,5.0177,1245,0,0
97.1019,5.0016,1241,0,0
97.1267,5.0379,1250,0,0
97.1515,5.0419,1251,0,0
97.1763,5.0218,1246,0,0
97.2011,5.0983,1265,0,0
97.2259,5.0782,1260,0,0
97.2507,5.0500,1253,0,0
97.2755,5.0338,1249,0,0
97.3003,5.0338,1249,0,0
97.3251,5.0177,1245,0,0
97.3499,5.0056,1242,0,0
97.3747,5.0298,1248,0,0
97.3996,5.0661,1257,0,0
97.4244,5.0338,1249,0,0
97.4492,5.0419,1251,0,0
97.4740,5.0338,1249,0,0
97.4988,5.0298,1248,0,0
97.5236,5.0338,1249,0,0
97.5484,5.0177,1245,0,0
97.5732,5.0298,1248,0,0
97.5980,5.0298,1248,0,0
97.6228,5.0419,1251,0,0
97.6476,5.0419,1251,0,0
97.6724,5.0298,1248,0,0
97.6972,5.0500,1253,0,0
97.7220,5.0298,1248,0,0
97.7468,5.0177,1245,0,0
97.7716,5.0338,1249,0,0
97.7964,5.0056,1242,0,0
97.8212,5.0500,1253,0,0
97.8460,5.0097,1243,0,0
97.8708,5.0298,1248,0,0
97.8956,5.0419,1251,0,0
97.9204,5.0500,1253,0,0
97.9452,5.0177,1245,0,0
97.9700,5.0338,1249,0,0
97.9948,5.0742,1259,0,0
98.0196,5.0338,1249,0,0
98.0444,5.0097,1243,0,0
98.0692,5.0338,1249,0,0
98.0940,5.0338,1249,0,0
98.1188,4.9935,1239,0,0
98.1436,5.0338,1249,0,0
98.1684,5.0338,1249,0,0
98.1932,5.0056,1242,0,0
98.2180,5.0338,1249,0,0
98.2428,5.0097,1243,0,0
98.2676,5.0379,1250,0,0
98.2924,5.0661,1257,0,0
98.3172,5.0298,1248,0,0
98.3420,5.0218,1246,0,0
98.3669,5.0500,1253,0,0
98.3917,5.0338,1249,0,0
98.4165,5.0419,1251,0,0
98.4413,5.0218,1246,0,0
98.4661,5.0218,1246,0,0
98.4909,5.0177,1245,0,0
98.5157,5.0218,1246,0,0
98.5405,5.0338,1249,0,0
98.5653,5.0338,1249,0,0
98.5901,5.0419,1251,0,0
98.6149,5.0500,1253,0,0
98.6397,5.0338,1249,0,0
98.6645,5.0298,1248,0,0
98.6893,5.0338,1249,0,0
98.7141,5.0419,1251,0,0
98.7389,5.0419,1251,0,0
98.7637,5.0661,1257,0,0
98.7885,5.0338,1249,0,0
98.8133,5.0056,1242,0,0
98.8381,5.0379,1250,0,0
98.8629,5.0379,1250,0,0
98.8877,5.0338,1249,0,0
98.9125,5.0338,1249,0,0
98.9373,5.0338,1249,0,0
98.9621,5.0419,1251,0,0
98.9869,5.0298,1248,0,0
99.0117,5.0298,1248,0,0
99.0365,5.0338,1249,0,0
99.0613,5.0338,1249,0,0
99.0861,5.0540,1254,0,0
99.1109,5.0298,1248,0,0
99.1357,5.0177,1245,0,0
99.1605,5.0338,1249,0,0
99.1853,5.0379,1250,0,0
99.2101,5.0298,1248,0,0
99.2349,5.0177,1245,0,0
99.2597,5.0338,1249,0,0
99.2845,5.0661,1257,0,0
99.3093,5.0419,1251,0,0
99.3342,5.0540,1254,0,0
99.3589,5.0298,1248,0,0
99.3838,5.0298,1248,0,0
99.4086,5.0500,1253,0,0
99.4334,5.0701,1258,0,0
99.4582,5.0500,1253,0,0
99.4830,5.0379,1250,0,0
99.5078,5.0379,1250,0,0
99.5326,5.0661,1257,0,0
99.5574,5.0580,1255,0,0
99.5822,5.0379,1250,0,0
99.6070,5.0298,1248,0,0
99.6318,5.0419,1251,0,0
99.6566,5.0782,1260,0,0
99.6814,5.0298,1248,0,0
99.7062,5.0419,1251,0,0
99.7310,5.0298,1248,0,0
99.7558,5.0177,1245,0,0
99.7806,5.0419,1251,0,0
99.8054,5.0338,1249,0,0
99.8302,5.0298,1248,0,0
99.8550,5.0379,1250,0,0
99.8798,5.0419,1251,0,0
99.9046,5.0097,1243,0,0
99.9294,5.0500,1253,0,0
99.9542,5.0379,1250,0,0
99.9790,5.0379,1250,0,0
100.0038,5.0298,1248,0,0
100.0286,5.0782,1260,0,0
100.0534,5.0500,1253,0,0
100.0782,5.0177,1245,0,0
100.1030,5.0379,1250,0,0
100.1278,5.0419,1251,0,0
100.1526,5.0298,1248,0,0
100.1774,5.0379,1250,0,0
100.2022,5.0661,1257,0,0
100.2270,5.0298,1248,0,0
100.2518,4.9935,1239,0,0
100.2766,5.0419,1251,0,0
100.3014,5.0379,1250,0,0
100.3262,5.0298,1248,0,0
100.3511,5.0419,1251,0,0
100.3759,5.0379,1250,0,0
100.4007,5.0338,1249,0,0
100.4255,5.0338,1249,0,0
100.4503,5.0338,1249,0,0
100.4751,5.0338,1249,0,0
100.4999,5.0298,1248,0,0
100.5247,5.0661,1257,0,0
100.5495,5.0379,1250,0,0
100.5743,5.0298,1248,0,0
100.5991,5.0298,1248,0,0
100.6239,5.0379,1250,0,0
100.6487,5.0298,1248,0,0
100.6735,5.0298,1248,0,0
100.6983,5.0782,1260,0,0
100.7231,5.0177,1245,0,0
100.7479,5.0419,1251,0,0
100.7727,5.0661,1257,0,0
100.7975,5.0419,1251,0,0
100.8223,5.0379,1250,0,0
100.8471,5.0338,1249,0,0
100.8719,5.0338,1249,0,0
100.8967,5.0379,1250,0,0
100.9215,5.0379,1250,0,0
100.9463,5.0177,1245,0,0
100.9711,5.0419,1251,0,0
100.9959,5.0742,1259,0,0
101.0207,5.0218,1246,0,0
101.0455,5.0056,1242,0,0
101.0703,5.0298,1248,0,0
101.0951,5.0379,1250,0,0
101.1199,5.0338,1249,0,0
101.1447,5.0379,1250,0,0
101.1695,5.0298,1248,0,0
101.1943,5.0742,1259,0,0
101.2191,5.0500,1253,0,0
101.2439,5.0661,1257,0,0
101.2687,5.0218,1246,0,0
101.2935,5.0379,1250,0,0
101.3184,5.0540,1254,0,0
101.3432,5.0338,1249,0,0
101.3680,5.0419,1251,0,0
101.3928,5.0056,1242,0,0
101.4176,5.0016,1241,0,0
101.4424,5.0500,1253,0,0
101.4672,5.0338,1249,0,0
101.4920,5.0298,1248,0,0
101.5168,5.0379,1250,0,0
101.5416,5.0419,1251,0,0
101.5664,5.0218,1246,0,0
101.5912,5.0943,1264,0,0
101.6160,5.0218,1246,0,0
101.6408,5.0661,1257,0,0
101.6656,5.0177,1245,0,0
101.6904,5.0338,1249,0,0
101.7152,5.0338,1249,0,0
101.7400,5.0298,1248,0,0
101.7648,5.0379,1250,0,0
101.7896,4.9935,1239,0,0
101.8144,5.0661,1257,0,0
101.8392,4.9935,1239,0,0
101.8640,5.0298,1248,0,0
101.8888,5.0500,1253,0,0
101.9136,5.0338,1249,0,0
101.9384,5.0056,1242,0,0
101.9632,5.0379,1250,0,0
101.9880,5.0379,1250,0,0
102.0128,5.0500,1253,0,0
102.0376,5.0701,1258,0,0
102.0624,5.0742,1259,0,0
102.0872,5.0338,1249,0,0
102.1120,5.0661,1257,0,0
102.1368,5.0661,1257,0,0
102.1616,5.0338,1249,0,0
102.1864,5.0379,1250,0,0
102.2112,5.0419,1251,0,0
102.2360,5.0298,1248,0,0
102.2608,5.0298,1248,0,0
102.2857,5.0903,1263,0,0
102.3105,5.0379,1250,0,0
102.3353,5.0338,1249,0,0
102.3601,5.0298,1248,0,0
102.3849,5.0298,1248,0,0
102.4097,5.0661,1257,0,0
102.4345,5.0177,1245,0,0
102.4593,5.0338,1249,0,0
102.4841,5.0338,1249,0,0
102.5089,5.0338,1249,0,0
102.5337,5.0419,1251,0,0
102.5585,5.0338,1249,0,0
102.5833,5.0338,1249,0,0
102.6081,5.0540,1254,0,0
102.6329,5.0338,1249,0,0
102.6577,5.0500,1253,0,0
102.6825,5.0298,1248,0,0
102.7073,5.0742,1259,0,0
102.7321,5.0661,1257,0,0
102.7569,4.9935,1239,0,0
102.7817,4.9935,1239,0,0
102.8065,5.0379,1250,0,0
102.8313,5.0580,1255,0,0
102.8561,5.0298,1248,0,0
102.8809,5.0661,1257,0,0
102.9057,5.0298,1248,0,0
102.9305,5.0500,1253,0,0
102.9553,5.0177,1245,0,0
102.9801,5.0379,1250,0,0
103.0049,5.0500,1253,0,0
103.0297,5.0419,1251,0,0
103.0545,5.0500,1253,0,0
103.0793,5.0500,1253,0,0
103.1041,5.0177,1245,0,0
103.1289,5.0500,1253,0,0
103.1537,5.0701,1258,0,0
103.1785,5.0218,1246,0,0
103.2033,5.0379,1250,0,0
103.2281,5.0500,1253,0,0
103.2530,5.0419,1251,0,0
103.2777,5.0097,1243,0,0
103.3026,5.0419,1251,0,0
103.3274,5.0419,1251,0,0
103.3522,5.0298,1248,0,0
103.3770,5.0742,1259,0,0
103.4018,5.0742,1259,0,0
103.4266,5.0177,1245,0,0
103.4514,5.0338,1249,0,0
103.4762,5.0701,1258,0,0
103.5010,5.0298,1248,0,0
103.5258,5.0500,1253,0,0
103.5506,5.0419,1251,0,0
103.5754,5.0379,1250,0,0
103.6002,5.0338,1249,0,0
103.6250,5.0540,1254,0,0
103.6498,5.0782,1260,0,0
103.6746,5.0379,1250,0,0
103.6994,5.0419,1251,0,0
103.7242,5.0338,1249,0,0
103.7490,5.0218,1246,0,0
103.7738,5.0177,1245,0,0
103.7986,5.0661,1257,0,0
103.8234,5.0338,1249,0,0
103.8482,5.0782,1260,0,0
103.8730,5.0338,1249,0,0
103.8978,5.0177,1245,0,0
103.9226,5.0742,1259,0,0
103.9474,5.0661,1257,0,0
103.9722,5.0379,1250,0,0
103.9970,5.0177,1245,0,0
104.0218,5.0742,1259,0,0
104.0466,5.0419,1251,0,0
104.0714,5.0419,1251,0,0
104.0962,5.0419,1251,0,0
104.1210,5.0379,1250,0,0
104.1458,5.0379,1250,0,0
104.1706,5.0419,1251,0,0
104.1954,5.0782,1260,0,0
104.2202,5.0218,1246,0,0
104.2450,5.0742,1259,0,0
104.2699,5.0500,1253,0,0
104.2947,5.0742,1259,0,0
104.3195,5.0298,1248,0,0
104.3443,5.0419,1251,0,0
104.3691,5.0298,1248,0,0
104.3939,5.0943,1264,0,0
104.4187,5.0379,1250,0,0
104.4435,5.0862,1262,0,0
104.4683,5.0540,1254,0,0
104.4931,5.0338,1249,0,0
104.5179,5.0338,1249,0,0
104.5427,5.0742,1259,0,0
104.5675,5.0298,1248,0,0
104.5923,5.0177,1245,0,0
104.6171,5.0338,1249,0,0
104.6419,5.0419,1251,0,0
104.6667,5.0379,1250,0,0
104.6915,5.0701,1258,0,0
104.7163,5.0661,1257,0,0
104.7411,5.0338,1249,0,0
104.7659,5.0500,1253,0,0
104.7907,5.0782,1260,0,0
104.8155,5.0500,1253,0,0
104.8403,5.0298,1248,0,0
104.8651,5.0177,1245,0,0
104.8899,5.0419,1251,0,0
104.9147,5.0298,1248,0,0
104.9395,5.0419,1251,0,0
104.9643,5.0661,1257,0,0
104.9891,5.0218,1246,0,0
105.0139,5.0661,1257,0,0
105.0387,5.0298,1248,0,0
105.0635,5.0218,1246,0,0
105.0883,5.0338,1249,0,0
105.1131,5.0500,1253,0,0
105.1379,5.0500,1253,0,0
105.1627,5.0298,1248,0,0
105.1875,5.0419,1251,0,0
105.2123,5.0661,1257,0,0
105.2372,5.0661,1257,0,0
105.2620,5.0338,1249,0,0
105.2868,5.0661,1257,0,0
105.3116,5.0379,1250,0,0
105.3364,5.0540,1254,0,0
105.3612,5.0540,1254,0,0
105.3860,5.0298,1248,0,0
105.4108,5.0419,1251,0,0
105.4356,5.0782,1260,0,0
105.4604,5.0338,1249,0,0
105.4852,5.0701,1258,0,0
105.5100,5.0298,1248,0,0
105.5348,5.0338,1249,0,0
105.5596,5.0097,1243,0,0
105.5844,5.0298,1248,0,0
105.6092,5.0419,1251,0,0
105.6340,5.0419,1251,0,0
105.6588,5.0379,1250,0,0
105.6836,5.0419,1251,0,0
105.7084,5.0661,1257,0,0
105.7332,5.0379,1250,0,0
105.7580,5.0298,1248,0,0
105.7828,5.0500,1253,0,0
105.8076,5.0701,1258,0,0
105.8324,5.0218,1246,0,0
105.8572,5.0500,1253,0,0
105.8820,5.0419,1251,0,0
105.9068,5.0500,1253,0,0
105.9316,5.0822,1261,0,0
105.9564,5.0500,1253,0,0
105.9812,5.0782,1260,0,0
106.0060,5.0298,1248,0,0
106.0308,5.0338,1249,0,0
106.0556,5.0661,1257,0,0
106.0804,5.0298,1248,0,0
106.1052,5.0419,1251,0,0
106.1300,5.0379,1250,0,0
106.1548,5.0782,1260,0,0
106.1796,5.0782,1260,0,0
106.2045,5.0742,1259,0,0
106.2293,5.0379,1250,0,0
106.2541,5.0500,1253,0,0
106.2789,5.0097,1243,0,0
106.3037,5.0379,1250,0,0
106.3285,5.0701,1258,0,0
106.3533,5.0500,1253,0,0
106.3781,5.0419,1251,0,0
106.4029,5.0298,1248,0,0
106.4277,5.0379,1250,0,0
106.4525,4.9855,1237,0,0
106.4773,5.0500,1253,0,0
106.5021,5.0742,1259,0,0
106.5269,5.0580,1255,0,0
106.5517,4.9935,1239,0,0
106.5765,5.0661,1257,0,0
106.6013,5.0419,1251,0,0
106.6261,5.0218,1246,0,0
106.6509,5.0742,1259,0,0
106.6757,5.0782,1260,0,0
106.7005,5.0298,1248,0,0
106.7253,5.0338,1249,0,0
106.7501,5.0338,1249,0,0
106.7749,5.0782,1260,0,0
106.7997,5.0379,1250,0,0
106.8245,5.0419,1251,0,0
106.8493,5.0742,1259,0,0
106.8741,5.0379,1250,0,0
106.8989,5.0661,1257,0,0
106.9237,5.0338,1249,0,0
106.9485,5.0862,1262,0,0
106.9733,5.0218,1246,0,0
106.9981,5.0338,1249,0,0
107.0229,5.0661,1257,0,0
107.0477,5.0661,1257,0,0
107.0725,5.0419,1251,0,0
107.0973,5.0500,1253,0,0
107.1221,5.0500,1253,0,0
107.1469,5.0782,1260,0,0
107.1718,5.0540,1254,0,0
107.1965,5.0338,1249,0,0
107.2214,5.0218,1246,0,0
107.2462,4.9694,1233,0,0
107.2710,5.0379,1250,0,0
107.2958,5.0338,1249,0,0
107.3206,5.0298,1248,0,0
107.3454,5.0661,1257,0,0
107.3702,5.0338,1249,0,0
107.3950,5.0379,1250,0,0
107.4198,5.0419,1251,0,0
107.4446,5.0218,1246,0,0
107.4694,5.0661,1257,0,0
107.4942,5.0540,1254,0,0
107.5190,5.0742,1259,0,0
107.5438,5.0338,1249,0,0
107.5686,5.0661,1257,0,0
107.5934,5.0298,1248,0,0
107.6182,5.0419,1251,0,0
107.6430,5.0338,1249,0,0
107.6678,5.0379,1250,0,0
107.6926,5.0298,1248,0,0
107.7174,5.0338,1249,0,0
107.7422,5.0661,1257,0,0
107.7670,5.0338,1249,0,0
107.7918,5.0218,1246,0,0
107.8166,5.0379,1250,0,0
107.8414,5.0943,1264,0,0
107.8662,5.0338,1249,0,0
107.8910,5.0580,1255,0,0
107.9158,5.0338,1249,0,0
107.9406,5.0661,1257,0,0
107.9654,5.0540,1254,0,0
107.9902,5.0379,1250,0,0
108.0150,5.0500,1253,0,0
108.0398,5.0419,1251,0,0
108.0646,5.0298,1248,0,0
108.0894,5.0661,1257,0,0
108.1142,5.0782,1260,0,0
108.1390,5.0661,1257,0,0
108.1638,5.0540,1254,0,0
108.1887,5.0701,1258,0,0
108.2135,5.0298,1248,0,0
108.2383,5.0298,1248,0,0
108.2631,5.0701,1258,0,0
108.2879,5.0701,1258,0,0
108.3127,5.0298,1248,0,0
108.3375,5.0742,1259,0,0
108.3623,5.0661,1257,0,0
108.3871,5.0177,1245,0,0
108.4119,5.0661,1257,0,0
108.4367,5.0742,1259,0,0
108.4615,5.0379,1250,0,0
108.4863,5.0419,1251,0,0
108.5111,5.0379,1250,0,0
108.5359,5.0540,1254,0,0
108.5607,5.0782,1260,0,0
108.5855,5.0379,1250,0,0
108.6103,5.0661,1257,0,0
108.6351,5.0540,1254,0,0
108.6599,5.0500,1253,0,0
108.6847,5.0500,1253,0,0
108.7095,5.0379,1250,0,0
108.7343,5.0338,1249,0,0
108.7591,5.0419,1251,0,0
108.7839,5.0500,1253,0,0
108.8087,5.0500,1253,0,0
108.8335,5.0379,1250,0,0
108.8583,5.0701,1258,0,0
108.8831,5.0298,1248,0,0
108.9079,5.0742,1259,0,0
108.9327,5.0338,1249,0,0
108.9575,5.0742,1259,0,0
108.9823,5.1064,1267,0,0
109.0071,5.0822,1261,0,0
109.0319,5.0701,1258,0,0
109.0567,5.0298,1248,0,0
109.0815,5.0661,1257,0,0
109.1063,5.0097,1243,0,0
109.1311,5.0540,1254,0,0
109.1560,5.0338,1249,0,0
109.1808,5.0742,1259,0,0
109.2056,5.0338,1249,0,0
109.2304,5.0862,1262,0,0
109.2552,5.0742,1259,0,0
109.2800,5.0742,1259,0,0
109.3048,5.0298,1248,0,0
109.3296,5.0701,1258,0,0
109.3544,5.0782,1260,0,0
109.3792,5.0419,1251,0,0
109.4040,5.0540,1254,0,0
109.4288,5.0500,1253,0,0
109.4536,5.0661,1257,0,0
109.4784,5.0097,1243,0,0
109.5032,5.0742,1259,0,0
109.5280,5.0782,1260,0,0
109.5528,5.0419,1251,0,0
109.5776,5.0298,1248,0,0
109.6024,5.0419,1251,0,0
109.6272,5.0822,1261,0,0
109.6520,5.0419,1251,0,0
109.6768,5.0500,1253,0,0
109.7016,5.0742,1259,0,0
109.7264,5.0056,1242,0,0
109.7512,5.0540,1254,0,0
109.7760,5.0338,1249,0,0
109.8008,5.0298,1248,0,0
109.8256,5.0661,1257,0,0
109.8504,5.0338,1249,0,0
109.8752,5.0298,1248,0,0
109.9000,5.0742,1259,0,0
109.9248,5.0379,1250,0,0
109.9496,5.0338,1249,0,0
109.9744,5.0419,1251,0,0
109.9992,5.0782,1260,0,0
110.0240,5.0540,1254,0,0
110.0488,5.0862,1262,0,0
110.0736,5.0338,1249,0,0
110.0984,5.0661,1257,0,0
110.1233,5.0782,1260,0,0
110.1481,5.0500,1253,0,0
110.1729,5.0338,1249,0,0
110.1977,5.0782,1260,0,0
110.2225,5.0419,1251,0,0
110.2473,5.0338,1249,0,0
110.2721,5.0943,1264,0,0
110.2969,5.0500,1253,0,0
110.3217,5.0298,1248,0,0
110.3465,5.0298,1248,0,0
110.3713,5.0661,1257,0,0
110.3961,5.0419,1251,0,0
110.4209,5.0338,1249,0,0
110.4457,5.0862,1262,0,0
110.4705,5.0177,1245,0,0
110.4953,5.0500,1253,0,0
110.5201,5.0298,1248,0,0
110.5449,5.0419,1251,0,0
110.5697,5.0862,1262,0,0
110.5945,5.0298,1248,0,0
110.6193,5.0338,1249,0,0
110.6441,5.0379,1250,0,0
110.6689,5.0661,1257,0,0
110.6937,5.0742,1259,0,0
110.7185,5.0298,1248,0,0
110.7433,5.0782,1260,0,0
110.7681,5.0782,1260,0,0
110.7929,5.0379,1250,0,0
110.8177,5.0500,1253,0,0
110.8425,5.0338,1249,0,0
110.8673,5.0419,1251,0,0
110.8921,5.0983,1265,0,0
110.9169,5.0298,1248,0,0
110.9417,5.0419,1251,0,0
110.9665,5.0782,1260,0,0
110.9913,5.0903,1263,0,0
111.0161,5.0419,1251,0,0
111.0409,5.0338,1249,0,0
111.0658,5.0661,1257,0,0
111.0906,5.0661,1257,0,0
111.1153,5.0419,1251,0,0
111.1402,5.0661,1257,0,0
111.1650,5.0742,1259,0,0
111.1898,5.0298,1248,0,0
111.2146,5.0782,1260,0,0
111.2394,5.0419,1251,0,0
111.2642,5.0338,1249,0,0
111.2890,5.0540,1254,0,0
111.3138,5.0500,1253,0,0
111.3386,5.0338,1249,0,0
111.3634,5.0379,1250,0,0
111.3882,5.0701,1258,0,0
111.4130,5.0540,1254,0,0
111.4378,5.0742,1259,0,0
111.4626,5.0177,1245,0,0
111.4874,5.0379,1250,0,0
111.5122,5.0500,1253,0,0
111.5370,5.0661,1257,0,0
111.5618,5.0580,1255,0,0
111.5866,5.0379,1250,0,0
111.6114,5.0379,1250,0,0
111.6362,5.0379,1250,0,0
111.6610,5.0742,1259,0,0
111.6858,5.0419,1251,0,0
111.7106,5.0419,1251,0,0
111.7354,5.0419,1251,0,0
111.7602,5.0419,1251,0,0
111.7850,5.0379,1250,0,0
111.8098,5.0742,1259,0,0
111.8346,5.0742,1259,0,0
111.8594,5.0500,1253,0,0
111.8842,5.0379,1250,0,0
111.9090,5.0379,1250,0,0
111.9338,5.0419,1251,0,0
111.9586,5.0742,1259,0,0
111.9834,5.0218,1246,0,0
112.0082,5.0419,1251,0,0
112.0330,5.0742,1259,0,0
112.0578,5.0500,1253,0,0
112.0826,5.0218,1246,0,0
112.1075,5.0742,1259,0,0
112.1323,5.0742,1259,0,0
112.1571,5.0419,1251,0,0
112.1819,5.0782,1260,0,0
112.2067,5.0661,1257,0,0
112.2315,5.0338,1249,0,0
112.2563,5.0580,1255,0,0
112.2811,5.0379,1250,0,0
112.3059,5.0580,1255,0,0
112.3307,5.0742,1259,0,0
112.3555,5.0419,1251,0,0
112.3803,5.0500,1253,0,0
112.4051,5.0379,1250,0,0
112.4299,5.0379,1250,0,0
112.4547,5.0661,1257,0,0
112.4795,5.0500,1253,0,0
112.5043,5.0661,1257,0,0
112.5291,5.0338,1249,0,0
112.5539,5.0379,1250,0,0
112.5787,5.0338,1249,0,0
112.6035,5.0419,1251,0,0
112.6283,5.0379,1250,0,0
112.6531,5.0701,1258,0,0
112.6779,5.0742,1259,0,0
112.7027,5.0338,1249,0,0
112.7275,5.0379,1250,0,0
112.7523,5.0379,1250,0,0
112.7771,5.0661,1257,0,0
112.8019,4.9815,1236,0,0
112.8267,5.0862,1262,0,0
112.8515,5.0338,1249,0,0
112.8763,5.0661,1257,0,0
112.9011,5.0661,1257,0,0
112.9259,5.0540,1254,0,0
112.9507,5.0379,1250,0,0
112.9755,5.0338,1249,0,0
113.0003,5.0379,1250,0,0
113.0251,5.0298,1248,0,0
113.0499,5.0379,1250,0,0
113.0748,5.0540,1254,0,0
113.0996,5.0379,1250,0,0
113.1244,5.0419,1251,0,0
113.1492,5.0379,1250,0,0
113.1740,5.0742,1259,0,0
113.1988,5.0338,1249,0,0
113.2236,5.0661,1257,0,0
113.2484,5.0862,1262,0,0
113.2732,5.0379,1250,0,0
113.2980,5.0338,1249,0,0
113.3228,5.0782,1260,0,0
113.3476,5.0379,1250,0,0
113.3724,5.0419,1251,0,0
113.3972,5.0338,1249,0,0
113.4220,5.0338,1249,0,0
113.4468,5.0661,1257,0,0
113.4716,5.0742,1259,0,0
113.4964,5.0338,1249,0,0
113.5212,5.0298,1248,0,0
113.5460,5.0782,1260,0,0
113.5708,5.0338,1249,0,0
113.5956,5.0298,1248,0,0
113.6204,5.0500,1253,0,0
113.6452,5.0338,1249,0,0
113.6700,5.0782,1260,0,0
113.6948,5.0338,1249,0,0
113.7196,5.0701,1258,0,0
113.7444,5.0379,1250,0,0
113.7692,5.0379,1250,0,0
113.7940,5.0298,1248,0,0
113.8188,5.0298,1248,0,0
113.8436,5.0379,1250,0,0
113.8684,5.0661,1257,0,0
113.8932,5.0661,1257,0,0
113.9180,5.0782,1260,0,0
113.9428,5.0379,1250,0,0
113.9676,5.0782,1260,0,0
113.9924,5.0782,1260,0,0
114.0173,5.0701,1258,0,0
114.0421,5.0379,1250,0,0
114.0669,5.0862,1262,0,0
114.0917,5.0661,1257,0,0
114.1165,5.0782,1260,0,0
114.1413,5.0701,1258,0,0
114.1661,5.0500,1253,0,0
114.1909,5.0742,1259,0,0
114.2157,5.0540,1254,0,0
114.2405,5.0701,1258,0,0
114.2653,5.0782,1260,0,0
114.2901,5.0298,1248,0,0
114.3149,5.0661,1257,0,0
114.3397,5.0540,1254,0,0
114.3645,5.0338,1249,0,0
114.3893,5.0742,1259,0,0
114.4141,5.0580,1255,0,0
114.4389,5.0540,1254,0,0
114.4637,5.0379,1250,0,0
114.4885,5.0862,1262,0,0
114.5133,5.0742,1259,0,0
114.5381,5.0379,1250,0,0
114.5629,5.0540,1254,0,0
114.5877,5.0742,1259,0,0
114.6125,5.0419,1251,0,0
114.6373,5.0298,1248,0,0
114.6621,5.0862,1262,0,0
114.6869,5.0661,1257,0,0
114.7117,5.0782,1260,0,0
114.7365,5.0540,1254,0,0
114.7613,5.0862,1262,0,0
114.7861,5.0338,1249,0,0
114.8109,5.0379,1250,0,0
114.8357,5.0379,1250,0,0
114.8605,5.0701,1258,0,0
114.8853,5.0379,1250,0,0
114.9101,5.0943,1264,0,0
114.9349,5.0379,1250,0,0
114.9597,5.0661,1257,0,0
114.9846,5.0661,1257,0,0
115.0094,5.0661,1257,0,0
115.0341,5.0338,1249,0,0
115.0590,5.0782,1260,0,0
115.0838,5.0379,1250,0,0
115.1086,5.0782,1260,0,0
115.1334,5.0379,1250,0,0
115.1582,5.0419,1251,0,0
115.1830,5.0782,1260,0,0
115.2078,5.0338,1249,0,0
115.2326,5.0338,1249,0,0
115.2574,5.0379,1250,0,0
115.2822,5.0379,1250,0,0
115.3070,5.0661,1257,0,0
115.3318,5.0742,1259,0,0
115.3566,5.0379,1250,0,0
115.3814,5.0298,1248,0,0
115.4062,5.0500,1253,0,0
115.4310,5.0943,1264,0,0
115.4558,5.0419,1251,0,0
115.4806,5.0379,1250,0,0
115.5054,5.0338,1249,0,0
115.5302,5.0903,1263,0,0
115.5550,5.0338,1249,0,0
115.5798,5.0742,1259,0,0
115.6046,5.0782,1260,0,0
115.6294,5.0338,1249,0,0
115.6542,5.0540,1254,0,0
115.6790,5.0701,1258,0,0
115.7038,5.0500,1253,0,0
115.7286,5.0661,1257,0,0
115.7534,5.0782,1260,0,0
115.7782,5.0338,1249,0,0
115.8030,5.0782,1260,0,0
115.8278,5.0379,1250,0,0
115.8526,5.0379,1250,0,0
115.8774,5.0661,1257,0,0
115.9022,5.0540,1254,0,0
115.9270,5.0782,1260,0,0
115.9518,5.0661,1257,0,0
115.9766,5.0782,1260,0,0
116.0014,5.0782,1260,0,0
116.0263,5.0701,1258,0,0
116.0511,5.0661,1257,0,0
116.0759,5.0338,1249,0,0
116.1007,5.0379,1250,0,0
116.1255,5.0782,1260,0,0
116.1503,5.0661,1257,0,0
116.1751,5.0338,1249,0,0
116.1999,5.0580,1255,0,0
116.2247,5.0742,1259,0,0
116.2495,5.0661,1257,0,0
116.2743,5.0661,1257,0,0
116.2991,5.0903,1263,0,0
116.3239,5.0862,1262,0,0
116.3487,5.0661,1257,0,0
116.3735,5.0782,1260,0,0
116.3983,5.0379,1250,0,0
116.4231,5.0782,1260,0,0
116.4479,5.0742,1259,0,0
116.4727,5.0379,1250,0,0
116.4975,5.0701,1258,0,0
116.5223,5.0500,1253,0,0
116.5471,5.0742,1259,0,0
116.5719,5.0782,1260,0,0
116.5967,5.0742,1259,0,0
116.6215,5.0379,1250,0,0
116.6463,5.0862,1262,0,0
116.6711,5.0540,1254,0,0
116.6959,5.0782,1260,0,0
116.7207,5.0782,1260,0,0
116.7455,5.0661,1257,0,0
116.7703,5.0742,1259,0,0
116.7951,5.0540,1254,0,0
116.8199,5.0782,1260,0,0
116.8447,5.0742,1259,0,0
116.8695,5.0701,1258,0,0
116.8943,5.0782,1260,0,0
116.9191,5.0742,1259,0,0
116.9439,5.0782,1260,0,0
116.9688,5.0379,1250,0,0
116.9936,5.0782,1260,0,0
117.0184,5.0742,1259,0,0
117.0432,5.0742,1259,0,0
117.0680,5.0862,1262,0,0
117.0928,5.0782,1260,0,0
117.1176,5.0661,1257,0,0
117.1424,5.0338,1249,0,0
117.1672,5.0580,1255,0,0
117.1920,5.0379,1250,0,0
117.2168,5.0540,1254,0,0
117.2416,5.0500,1253,0,0
117.2664,5.0862,1262,0,0
117.2912,5.0338,1249,0,0
117.3160,5.0742,1259,0,0
117.3408,5.0661,1257,0,0
117.3656,5.0862,1262,0,0
117.3904,5.0701,1258,0,0
117.4152,5.0862,1262,0,0
117.4400,5.0742,1259,0,0
117.4648,5.0782,1260,0,0
117.4896,5.0419,1251,0,0
117.5144,5.0580,1255,0,0
117.5392,5.0338,1249,0,0
117.5640,5.0338,1249,0,0
117.5888,5.0500,1253,0,0
117.6136,5.0862,1262,0,0
117.6384,5.0580,1255,0,0
117.6632,5.0540,1254,0,0
117.6880,5.0500,1253,0,0
117.7128,5.0500,1253,0,0
117.7376,5.0500,1253,0,0
117.7624,5.0701,1258,0,0
117.7872,5.0742,1259,0,0
117.8120,5.0500,1253,0,0
117.8368,5.0500,1253,0,0
117.8616,5.0822,1261,0,0
117.8864,5.0661,1257,0,0
117.9112,5.0661,1257,0,0
117.9361,5.0338,1249,0,0
117.9609,5.0379,1250,0,0
117.9857,5.0822,1261,0,0
118.0105,5.0943,1264,0,0
118.0353,5.0661,1257,0,0
118.0601,5.0338,1249,0,0
118.0849,5.0338,1249,0,0
118.1097,5.0782,1260,0,0
118.1345,5.0742,1259,0,0
118.1593,5.0742,1259,0,0
118.1841,5.0540,1254,0,0
118.2089,5.0338,1249,0,0
118.2337,5.0218,1246,0,0
118.2585,5.0379,1250,0,0
118.2833,5.0862,1262,0,0
118.3081,5.0943,1264,0,0
118.3329,5.0661,1257,0,0
118.3577,5.0782,1260,0,0
118.3825,5.0742,1259,0,0
118.4073,5.0056,1242,0,0
118.4321,5.0661,1257,0,0
118.4569,5.0500,1253,0,0
118.4817,5.0500,1253,0,0
118.5065,5.0661,1257,0,0
118.5313,5.0782,1260,0,0
118.5561,5.0701,1258,0,0
118.5809,5.0782,1260,0,0
118.6057,5.0782,1260,0,0
118.6305,5.0782,1260,0,0
118.6553,5.0379,1250,0,0
118.6801,5.0379,1250,0,0
118.7049,5.0338,1249,0,0
118.7297,5.0379,1250,0,0
118.7545,5.0782,1260,0,0
118.7793,5.0298,1248,0,0
118.8041,5.0500,1253,0,0
118.8289,5.0701,1258,0,0
118.8537,5.0862,1262,0,0
118.8785,5.0742,1259,0,0
118.9034,5.0782,1260,0,0
118.9282,5.0782,1260,0,0
118.9529,5.0500,1253,0,0
118.9778,5.0742,1259,0,0
119.0026,5.0943,1264,0,0
119.0274,5.0338,1249,0,0
119.0522,5.0097,1243,0,0
119.0770,5.0822,1261,0,0
119.1018,5.0419,1251,0,0
119.1266,5.0782,1260,0,0
119.1514,5.0661,1257,0,0
119.1762,5.0419,1251,0,0
119.2010,5.0298,1248,0,0
119.2258,5.0540,1254,0,0
119.2506,5.0782,1260,0,0
119.2754,5.0782,1260,0,0
119.3002,5.0298,1248,0,0
119.3250,5.0782,1260,0,0
119.3498,5.0298,1248,0,0
119.3746,5.0500,1253,0,0
119.3994,5.0661,1257,0,0
119.4242,5.0782,1260,0,0
119.4490,5.0782,1260,0,0
119.4738,5.0862,1262,0,0
119.4986,5.0298,1248,0,0
119.5234,5.0540,1254,0,0
119.5482,5.0500,1253,0,0
119.5730,5.0742,1259,0,0
119.5978,5.0540,1254,0,0
119.6226,5.0742,1259,0,0
119.6474,5.0338,1249,0,0
119.6722,5.0218,1246,0,0
119.6970,5.0661,1257,0,0
119.7218,5.0379,1250,0,0
119.7466,5.0782,1260,0,0
119.7714,5.0862,1262,0,0
119.7962,5.0822,1261,0,0
119.8210,5.0379,1250,0,0
119.8458,5.0742,1259,0,0
119.8706,5.0540,1254,0,0
119.8954,5.0580,1255,0,0
119.9202,5.0661,1257,0,0
119.9451,5.0540,1254,0,0
119.9699,5.0661,1257,0,0
119.9947,5.0742,1259,0,0
120.0195,5.0419,1251,0,0
120.0443,5.0298,1248,0,0
120.0691,5.0338,1249,0,0
120.0939,5.0379,1250,0,0
120.1187,5.0782,1260,0,0
120.1435,5.0862,1262,0,0
120.1683,5.0822,1261,0,0
120.1931,5.0338,1249,0,0
120.2179,5.0742,1259,0,0
120.2427,5.0742,1259,0,0
120.2675,5.0500,1253,0,0
120.2923,5.0782,1260,0,0
120.3171,5.0701,1258,0,0
120.3419,5.0500,1253,0,0
120.3667,5.0379,1250,0,0
120.3915,5.0661,1257,0,0
120.4163,5.0661,1257,0,0
120.4411,5.0500,1253,0,0
120.4659,5.0661,1257,0,0
120.4907,5.0862,1262,0,0
120.5155,5.0701,1258,0,0
120.5403,5.0862,1262,0,0
120.5651,5.0338,1249,0,0
120.5899,5.0338,1249,0,0
120.6147,5.0943,1264,0,0
120.6395,5.0661,1257,0,0
120.6643,5.0338,1249,0,0
120.6891,5.0943,1264,0,0
120.7139,5.0419,1251,0,0
120.7387,5.0500,1253,0,0
120.7635,5.0943,1264,0,0
120.7883,5.0500,1253,0,0
120.8131,5.0338,1249,0,0
120.8379,5.0822,1261,0,0
120.8627,5.0701,1258,0,0
120.8876,5.0661,1257,0,0
120.9124,5.0379,1250,0,0
120.9372,5.0500,1253,0,0
120.9620,5.0379,1250,0,0
120.9868,5.0862,1262,0,0
121.0116,5.0782,1260,0,0
121.0364,5.0701,1258,0,0
121.0612,5.0661,1257,0,0
121.0860,5.0903,1263,0,0
121.1108,5.0782,1260,0,0
121.1356,5.0500,1253,0,0
121.1604,5.0862,1262,0,0
121.1852,5.0742,1259,0,0
121.2100,5.0298,1248,0,0
121.2348,5.0379,1250,0,0
121.2596,5.0661,1257,0,0
121.2844,5.0742,1259,0,0
121.3092,5.0661,1257,0,0
121.3340,5.0661,1257,0,0
121.3588,5.0419,1251,0,0
121.3836,5.0701,1258,0,0
121.4084,5.0862,1262,0,0
121.4332,5.0661,1257,0,0
121.4580,5.0379,1250,0,0
121.4828,5.0903,1263,0,0
121.5076,5.0701,1258,0,0
121.5324,5.0298,1248,0,0
121.5572,5.0661,1257,0,0
121.5820,5.0338,1249,0,0
121.6068,5.0782,1260,0,0
121.6316,5.0742,1259,0,0
121.6564,5.0500,1253,0,0
121.6812,5.0218,1246,0,0
121.7060,5.0580,1255,0,0
121.7308,5.0419,1251,0,0
121.7556,5.0419,1251,0,0
121.7804,5.0782,1260,0,0
121.8052,5.0862,1262,0,0
121.8300,5.0419,1251,0,0
121.8549,5.0379,1250,0,0
121.8797,5.0782,1260,0,0
121.9045,5.0338,1249,0,0
121.9293,5.0540,1254,0,0
121.9541,5.0540,1254,0,0
121.9789,5.0500,1253,0,0
122.0037,5.0540,1254,0,0
122.0285,5.0943,1264,0,0
122.0533,5.0701,1258,0,0
122.0781,5.0500,1253,0,0
122.1029,5.0661,1257,0,0
122.1277,5.0903,1263,0,0
122.1525,5.0782,1260,0,0
122.1773,5.0742,1259,0,0
122.2021,5.0862,1262,0,0
122.2269,5.0782,1260,0,0
122.2517,5.0097,1243,0,0
122.2765,5.0943,1264,0,0
122.3013,5.0742,1259,0,0
122.3261,5.0338,1249,0,0
122.3509,5.0862,1262,0,0
122.3757,5.0822,1261,0,0
122.4005,5.0782,1260,0,0
122.4253,5.0822,1261,0,0
122.4501,5.0782,1260,0,0
122.4749,5.0298,1248,0,0
122.4997,5.0742,1259,0,0
122.5245,5.0782,1260,0,0
122.5493,5.0943,1264,0,0
122.5741,5.0298,1248,0,0
122.5989,5.0943,1264,0,0
122.6237,5.0379,1250,0,0
122.6485,5.0742,1259,0,0
122.6733,5.1265,1272,0,0
122.6981,5.0782,1260,0,0
122.7229,5.0540,1254,0,0
122.7477,5.0419,1251,0,0
122.7725,5.0742,1259,0,0
122.7973,5.0742,1259,0,0
122.8222,5.0782,1260,0,0
122.8470,5.0862,1262,0,0
122.8717,5.0782,1260,0,0
122.8966,5.0943,1264,0,0
122.9214,5.0540,1254,0,0
122.9462,5.0983,1265,0,0
122.9710,5.0782,1260,0,0
122.9958,5.0580,1255,0,0
123.0206,5.0742,1259,0,0
123.0454,5.0943,1264,0,0
123.0702,5.0500,1253,0,0
123.0950,5.0661,1257,0,0
123.1198,5.0540,1254,0,0
123.1446,5.0943,1264,0,0
123.1694,5.0379,1250,0,0
123.1942,5.0661,1257,0,0
123.2190,5.0862,1262,0,0
123.2438,5.0782,1260,0,0
123.2686,5.0822,1261,0,0
123.2934,5.0701,1258,0,0
123.3182,5.0661,1257,0,0
123.3430,5.0338,1249,0,0
123.3678,5.0782,1260,0,0
123.3926,5.0742,1259,0,0
123.4174,5.0742,1259,0,0
123.4422,5.0540,1254,0,0
123.4670,5.0862,1262,0,0
123.4918,5.0862,1262,0,0
123.5166,5.0500,1253,0,0
123.5414,5.0862,1262,0,0
123.5662,5.0338,1249,0,0
123.5910,5.0500,1253,0,0
123.6158,5.0540,1254,0,0
123.6406,5.0782,1260,0,0
123.6654,5.0661,1257,0,0
123.6902,5.0782,1260,0,0
123.7150,5.0782,1260,0,0
123.7398,5.0782,1260,0,0
123.7646,5.0822,1261,0,0
123.7894,5.0379,1250,0,0
123.8142,5.0379,1250,0,0
123.8391,5.0540,1254,0,0
123.8639,5.0419,1251,0,0
123.8887,5.0379,1250,0,0
123.9135,5.0943,1264,0,0
123.9383,5.0580,1255,0,0
123.9631,5.0943,1264,0,0
123.9879,5.0782,1260,0,0
124.0127,5.0338,1249,0,0
124.0375,5.0742,1259,0,0
124.0623,5.0338,1249,0,0
124.0871,5.0661,1257,0,0
124.1119,5.0661,1257,0,0
124.1367,5.0379,1250,0,0
124.1615,5.0661,1257,0,0
124.1863,5.1024,1266,0,0
124.2111,5.0782,1260,0,0
124.2359,5.0379,1250,0,0
124.2607,5.0218,1246,0,0
124.2855,5.0661,1257,0,0
124.3103,5.0862,1262,0,0
124.3351,5.0742,1259,0,0
124.3599,5.0862,1262,0,0
124.3847,5.0661,1257,0,0
124.4095,5.0742,1259,0,0
124.4343,5.0742,1259,0,0
124.4591,5.0661,1257,0,0
124.4839,5.0742,1259,0,0
124.5087,5.0742,1259,0,0
124.5335,5.0903,1263,0,0
124.5583,5.0782,1260,0,0
124.5831,5.0903,1263,0,0
124.6079,5.0338,1249,0,0
124.6327,5.0943,1264,0,0
124.6575,5.0661,1257,0,0
124.6823,5.0500,1253,0,0
124.7071,5.0379,1250,0,0
124.7319,5.0298,1248,0,0
124.7567,5.0661,1257,0,0
124.7815,5.0903,1263,0,0
124.8064,5.0379,1250,0,0
124.8312,5.0782,1260,0,0
124.8560,5.0701,1258,0,0
124.8808,5.0661,1257,0,0
124.9056,5.0742,1259,0,0
124.9304,5.0862,1262,0,0
124.9552,5.0782,1260,0,0
124.9800,5.0943,1264,0,0
125.0048,5.0661,1257,0,0
125.0296,5.0782,1260,0,0
125.0544,5.0742,1259,0,0
125.0792,5.0742,1259,0,0
125.1040,5.0822,1261,0,0
125.1288,5.0782,1260,0,0
125.1536,5.0782,1260,0,0
125.1784,5.0782,1260,0,0
125.2032,5.0742,1259,0,0
125.2280,5.0822,1261,0,0
125.2528,5.0943,1264,0,0
125.2776,5.0903,1263,0,0
125.3024,5.0903,1263,0,0
125.3272,5.0661,1257,0,0
125.3520,5.0943,1264,0,0
125.3768,5.0338,1249,0,0
125.4016,5.0298,1248,0,0
125.4264,5.0661,1257,0,0
125.4512,5.0782,1260,0,0
125.4760,5.0782,1260,0,0
125.5008,5.0338,1249,0,0
125.5256,5.0742,1259,0,0
125.5504,5.0419,1251,0,0
125.5752,5.0661,1257,0,0
125.6000,5.0661,1257,0,0
125.6248,5.0742,1259,0,0
125.6496,5.0379,1250,0,0
125.6744,5.0500,1253,0,0
125.6992,5.0782,1260,0,0
125.7240,5.0782,1260,0,0
125.7488,5.0822,1261,0,0
125.7737,5.0701,1258,0,0
125.7985,5.0862,1262,0,0
125.8233,5.0903,1263,0,0
125.8481,5.0822,1261,0,0
125.8729,5.0419,1251,0,0
125.8977,5.0540,1254,0,0
125.9225,5.0742,1259,0,0
125.9473,5.0862,1262,0,0
125.9721,5.0500,1253,0,0
125.9969,5.0742,1259,0,0
126.0217,5.0701,1258,0,0
126.0465,5.0379,1250,0,0
126.0713,5.0661,1257,0,0
126.0961,5.0379,1250,0,0
126.1209,5.0862,1262,0,0
126.1457,5.0500,1253,0,0
126.1705,5.0862,1262,0,0
126.1953,5.0943,1264,0,0
126.2201,5.0782,1260,0,0
126.2449,5.0500,1253,0,0
126.2697,5.0580,1255,0,0
126.2945,5.0943,1264,0,0
126.3193,5.0419,1251,0,0
126.3441,5.0661,1257,0,0
126.3689,5.0500,1253,0,0
126.3937,5.0742,1259,0,0
126.4185,5.0822,1261,0,0
126.4433,5.0742,1259,0,0
126.4681,5.0298,1248,0,0
126.4929,5.0661,1257,0,0
126.5177,5.0742,1259,0,0
126.5425,5.0419,1251,0,0
126.5673,5.0500,1253,0,0
126.5921,5.0701,1258,0,0
126.6169,5.0782,1260,0,0
126.6417,5.0903,1263,0,0
126.6665,5.0661,1257,0,0
126.6913,5.0903,1263,0,0
126.7161,5.0661,1257,0,0
126.7410,5.0298,1248,0,0
126.7658,5.0338,1249,0,0
126.7906,5.0782,1260,0,0
126.8154,5.0661,1257,0,0
126.8402,5.0742,1259,0,0
126.8650,5.0862,1262,0,0
126.8898,5.0862,1262,0,0
126.9146,5.0742,1259,0,0
126.9394,5.0661,1257,0,0
126.9642,5.0419,1251,0,0
126.9890,5.0500,1253,0,0
127.0138,5.0943,1264,0,0
127.0386,5.0782,1260,0,0
127.0634,5.0701,1258,0,0
127.0882,5.0782,1260,0,0
127.1130,5.0298,1248,0,0
127.1378,5.0379,1250,0,0
127.1626,5.0379,1250,0,0
127.1874,5.0862,1262,0,0
127.2122,5.0338,1249,0,0
127.2370,5.0661,1257,0,0
127.2618,5.0822,1261,0,0
127.2866,5.0338,1249,0,0
127.3114,5.0661,1257,0,0
127.3362,5.1104,1268,0,0
127.3610,5.0983,1265,0,0
127.3858,5.0419,1251,0,0
127.4106,5.0742,1259,0,0
127.4354,5.0782,1260,0,0
127.4602,5.0742,1259,0,0
127.4850,5.0782,1260,0,0
127.5098,5.0782,1260,0,0
127.5346,5.0701,1258,0,0
127.5594,5.0822,1261,0,0
127.5842,5.0983,1265,0,0
127.6090,5.0419,1251,0,0
127.6338,5.0862,1262,0,0
127.6586,5.0379,1250,0,0
127.6834,5.0742,1259,0,0
127.7082,5.0379,1250,0,0
127.7330,5.0903,1263,0,0
127.7579,5.0419,1251,0,0
127.7827,5.0419,1251,0,0
127.8075,5.0822,1261,0,0
127.8323,5.0701,1258,0,0
127.8571,5.0983,1265,0,0
127.8819,5.0338,1249,0,0
127.9067,5.0782,1260,0,0
127.9315,5.0661,1257,0,0
127.9563,5.0822,1261,0,0
127.9811,5.0943,1264,0,0
128.0059,5.0419,1251,0,0
128.0307,5.0822,1261,0,0
128.0555,5.0862,1262,0,0
128.0803,5.0983,1265,0,0
128.1051,5.0661,1257,0,0
128.1299,5.0701,1258,0,0
128.1547,5.0782,1260,0,0
128.1795,5.0540,1254,0,0
128.2043,5.0742,1259,0,0
128.2291,5.0701,1258,0,0
128.2539,5.0419,1251,0,0
128.2787,5.0661,1257,0,0
128.3035,5.0701,1258,0,0
128.3283,5.0701,1258,0,0
128.3531,5.0338,1249,0,0
128.3779,5.0862,1262,0,0
128.4027,5.0782,1260,0,0
128.4275,5.0419,1251,0,0
128.4523,5.0500,1253,0,0
128.4771,5.0661,1257,0,0
128.5019,5.0742,1259,0,0
128.5267,5.0419,1251,0,0
128.5515,5.0782,1260,0,0
128.5763,5.0903,1263,0,0
128.6011,5.0661,1257,0,0
128.6259,5.0661,1257,0,0
128.6507,5.0701,1258,0,0
128.6756,5.1064,1267,0,0
128.7003,5.0782,1260,0,0
128.7252,5.0862,1262,0,0
128.7500,5.0983,1265,0,0
128.7747,5.0862,1262,0,0
128.7996,5.0983,1265,0,0
128.8244,5.0661,1257,0,0
128.8492,5.0903,1263,0,0
128.8740,5.0500,1253,0,0
128.8988,5.0701,1258,0,0
128.9236,5.0661,1257,0,0
128.9484,5.0943,1264,0,0
128.9732,5.0862,1262,0,0
128.9980,5.0419,1251,0,0
129.0228,5.0580,1255,0,0
129.0476,5.0742,1259,0,0
129.0724,5.0862,1262,0,0
129.0972,5.0379,1250,0,0
129.1220,5.0742,1259,0,0
129.1468,5.0298,1248,0,0
129.1716,5.0701,1258,0,0
129.1964,5.0943,1264,0,0
129.2212,5.0379,1250,0,0
129.2460,5.0742,1259,0,0
129.2708,5.0862,1262,0,0
129.2956,5.0782,1260,0,0
129.3204,5.0338,1249,0,0
129.3452,5.0822,1261,0,0
129.3700,5.0782,1260,0,0
129.3948,5.0379,1250,0,0
129.4196,5.1064,1267,0,0
129.4444,5.0782,1260,0,0
129.4692,5.0782,1260,0,0
129.4940,5.0782,1260,0,0
129.5188,5.0701,1258,0,0
129.5436,5.0338,1249,0,0
129.5684,5.0379,1250,0,0
129.5932,5.0822,1261,0,0
129.6180,5.0379,1250,0,0
129.6429,5.0540,1254,0,0
129.6676,5.0379,1250,0,0
129.6924,5.0379,1250,0,0
129.7173,5.0782,1260,0,0
129.7421,5.0782,1260,0,0
129.7669,5.0419,1251,0,0
129.7917,5.0822,1261,0,0
129.8165,5.0419,1251,0,0
129.8413,5.0822,1261,0,0
129.8661,5.0661,1257,0,0
129.8909,5.0661,1257,0,0
129.9157,5.0661,1257,0,0
129.9405,5.0903,1263,0,0
129.9653,5.0742,1259,0,0
129.9901,5.0661,1257,0,0
130.0149,5.0943,1264,0,0
130.0397,5.0822,1261,0,0
130.0645,5.0782,1260,0,0
130.0893,5.0701,1258,0,0
130.1141,5.0742,1259,0,0
130.1389,5.0742,1259,0,0
130.1637,5.0379,1250,0,0
130.1885,5.0661,1257,0,0
130.2133,5.0742,1259,0,0
130.2381,5.0742,1259,0,0
130.2629,5.0298,1248,0,0
130.2877,5.0742,1259,0,0
130.3125,5.0701,1258,0,0
130.3373,5.1064,1267,0,0
130.3621,5.0943,1264,0,0
130.3869,5.0661,1257,0,0
130.4117,5.0822,1261,0,0
130.4365,5.0862,1262,0,0
130.4613,5.0782,1260,0,0
130.4861,5.0540,1254,0,0
130.5109,5.0742,1259,0,0
130.5357,5.0338,1249,0,0
130.5605,5.0500,1253,0,0
130.5853,5.0782,1260,0,0
130.6101,5.0943,1264,0,0
130.6349,5.0540,1254,0,0
130.6597,5.0782,1260,0,0
130.6846,5.0782,1260,0,0
130.7094,5.0580,1255,0,0
130.7342,5.0742,1259,0,0
130.7590,5.0862,1262,0,0
130.7838,5.0943,1264,0,0
130.8086,5.0338,1249,0,0
130.8334,5.0943,1264,0,0
130.8582,5.0298,1248,0,0
130.8830,5.0742,1259,0,0
130.9078,5.0822,1261,0,0
130.9326,5.0742,1259,0,0
130.9574,5.0500,1253,0,0
130.9822,5.0500,1253,0,0
131.0070,5.0379,1250,0,0
131.0318,5.0500,1253,0,0
131.0566,5.0822,1261,0,0
131.0814,5.0742,1259,0,0
131.1062,5.0661,1257,0,0
131.1310,5.0540,1254,0,0
131.1558,5.0782,1260,0,0
131.1806,5.0862,1262,0,0
131.2054,5.0540,1254,0,0
131.2302,5.0540,1254,0,0
131.2550,5.0782,1260,0,0
131.2798,5.0661,1257,0,0
131.3046,5.0943,1264,0,0
131.3294,5.0862,1262,0,0
131.3542,5.0701,1258,0,0
131.3790,5.0379,1250,0,0
131.4038,5.0862,1262,0,0
131.4286,5.0500,1253,0,0
131.4534,5.0500,1253,0,0
131.4782,5.0782,1260,0,0
131.5030,5.0500,1253,0,0
131.5278,5.0862,1262,0,0
131.5526,5.0782,1260,0,0
131.5774,5.0661,1257,0,0
131.6022,5.0782,1260,0,0
131.6270,5.0782,1260,0,0
131.6519,5.0540,1254,0,0
131.6767,5.0742,1259,0,0
131.7015,5.0379,1250,0,0
131.7263,5.0862,1262,0,0
131.7511,5.0782,1260,0,0
131.7759,5.0862,1262,0,0
131.8007,5.0742,1259,0,0
131.8255,5.0661,1257,0,0
131.8503,5.0500,1253,0,0
131.8751,5.0379,1250,0,0
131.8999,5.0379,1250,0,0
131.9247,5.0419,1251,0,0
131.9495,5.0943,1264,0,0
131.9743,5.0782,1260,0,0
131.9991,5.0983,1265,0,0
132.0239,5.1104,1268,0,0
132.0487,5.0540,1254,0,0
132.0735,5.0782,1260,0,0
132.0983,5.0782,1260,0,0
132.1231,5.0943,1264,0,0
132.1479,5.0742,1259,0,0
132.1727,5.0742,1259,0,0
132.1975,5.0701,1258,0,0
132.2223,5.0661,1257,0,0
132.2471,5.0742,1259,0,0
132.2719,5.0862,1262,0,0
132.2967,5.0742,1259,0,0
132.3215,5.0822,1261,0,0
132.3463,5.1064,1267,0,0
132.3711,5.0862,1262,0,0
132.3959,5.0782,1260,0,0
132.4207,5.0661,1257,0,0
132.4455,5.0782,1260,0,0
132.4703,5.0742,1259,0,0
132.4951,5.0500,1253,0,0
132.5199,5.0782,1260,0,0
132.5447,5.0177,1245,0,0
132.5695,5.0782,1260,0,0
132.5943,5.0500,1253,0,0
132.6192,5.0862,1262,0,0
132.6440,5.0742,1259,0,0
132.6688,5.0782,1260,0,0
132.6936,5.0661,1257,0,0
132.7184,5.1104,1268,0,0
132.7432,5.0903,1263,0,0
132.7680,5.0661,1257,0,0
132.7928,5.0943,1264,0,0
132.8176,5.0862,1262,0,0
132.8424,5.0782,1260,0,0
132.8672,5.0500,1253,0,0
132.8920,5.0661,1257,0,0
132.9168,5.0500,1253,0,0
132.9416,5.0903,1263,0,0
132.9664,5.0782,1260,0,0
132.9912,5.0701,1258,0,0
133.0160,5.0862,1262,0,0
133.0408,5.0338,1249,0,0
133.0656,5.0782,1260,0,0
133.0904,5.0983,1265,0,0
133.1152,5.0782,1260,0,0
133.1400,5.0580,1255,0,0
133.1648,5.0943,1264,0,0
133.1896,5.0943,1264,0,0
133.2144,5.0742,1259,0,0
133.2392,5.0742,1259,0,0
133.2640,5.0661,1257,0,0
133.2888,5.0500,1253,0,0
133.3136,5.0742,1259,0,0
133.3384,5.0862,1262,0,0
133.3632,5.0782,1260,0,0
133.3880,5.0661,1257,0,0
133.4128,5.0661,1257,0,0
133.4376,5.0862,1262,0,0
133.4624,5.0782,1260,0,0
133.4872,5.0742,1259,0,0
133.5120,5.0862,1262,0,0
133.5368,5.0500,1253,0,0
133.5616,5.0701,1258,0,0
133.5864,5.0782,1260,0,0
133.6113,5.0419,1251,0,0
133.6360,5.0742,1259,0,0
133.6609,5.0862,1262,0,0
133.6857,5.0661,1257,0,0
133.7105,5.0903,1263,0,0
133.7353,5.0782,1260,0,0
133.7601,5.0782,1260,0,0
133.7849,5.0782,1260,0,0
133.8097,5.0500,1253,0,0
133.8345,5.0943,1264,0,0
133.8593,5.0903,1263,0,0
133.8841,5.0782,1260,0,0
133.9089,5.0943,1264,0,0
133.9337,5.0742,1259,0,0
133.9585,5.0218,1246,0,0
133.9833,5.0903,1263,0,0
134.0081,5.0943,1264,0,0
134.0329,5.0822,1261,0,0
134.0577,5.0661,1257,0,0
134.0825,5.0782,1260,0,0
134.1073,5.0701,1258,0,0
134.1321,5.0943,1264,0,0
134.1569,5.1024,1266,0,0
134.1817,5.0742,1259,0,0
134.2065,5.0419,1251,0,0
134.2313,5.1024,1266,0,0
134.2561,5.0822,1261,0,0
134.2809,5.0742,1259,0,0
134.3057,5.0943,1264,0,0
134.3305,5.1104,1268,0,0
134.3553,5.0338,1249,0,0
134.3801,5.0862,1262,0,0
134.4049,5.0822,1261,0,0
134.4297,5.0701,1258,0,0
134.4545,5.0338,1249,0,0
134.4793,5.0943,1264,0,0
134.5041,5.0742,1259,0,0
134.5289,5.0419,1251,0,0
134.5537,5.0782,1260,0,0
134.5786,5.0500,1253,0,0
134.6033,5.0862,1262,0,0
134.6282,5.0983,1265,0,0
134.6530,5.0379,1250,0,0
134.6778,5.0701,1258,0,0
134.7026,5.0822,1261,0,0
134.7274,5.0782,1260,0,0
134.7522,5.0379,1250,0,0
134.7770,5.0298,1248,0,0
134.8018,5.1064,1267,0,0
134.8266,5.0903,1263,0,0
134.8514,5.0782,1260,0,0
134.8762,5.0782,1260,0,0
134.9010,5.0701,1258,0,0
134.9258,5.0500,1253,0,0
134.9506,5.0822,1261,0,0
134.9754,5.0862,1262,0,0
135.0002,5.0742,1259,0,0
135.0250,5.0782,1260,0,0
135.0498,5.0862,1262,0,0
135.0746,5.0701,1258,0,0
135.0994,5.0338,1249,0,0
135.1242,5.0862,1262,0,0
135.1490,5.0782,1260,0,0
135.1738,5.0540,1254,0,0
135.1986,5.0782,1260,0,0
135.2234,5.0862,1262,0,0
135.2482,5.0338,1249,0,0
135.2730,5.0782,1260,0,0
135.2978,5.0862,1262,0,0
135.3226,5.0379,1250,0,0
135.3474,5.1024,1266,0,0
135.3722,5.0862,1262,0,0
135.3970,5.0419,1251,0,0
135.4218,5.0862,1262,0,0
135.4466,5.0701,1258,0,0
135.4714,5.0379,1250,0,0
135.4962,5.0782,1260,0,0
135.5210,5.0862,1262,0,0
135.5459,5.0862,1262,0,0
135.5706,5.0218,1246,0,0
135.5955,5.0822,1261,0,0
135.6203,5.0943,1264,0,0
135.6451,5.0500,1253,0,0
135.6699,5.0782,1260,0,0
135.6947,5.0742,1259,0,0
135.7195,5.0742,1259,0,0
135.7443,5.0862,1262,0,0
135.7691,5.0782,1260,0,0
135.7939,5.0782,1260,0,0
135.8187,5.0419,1251,0,0
135.8435,5.0943,1264,0,0
135.8683,5.0661,1257,0,0
135.8931,5.0862,1262,0,0
135.9179,5.0742,1259,0,0
135.9427,5.0500,1253,0,0
135.9675,5.0782,1260,0,0
135.9923,5.0983,1265,0,0
136.0171,5.0782,1260,0,0
136.0419,5.0661,1257,0,0
136.0667,5.0903,1263,0,0
136.0915,5.0661,1257,0,0
136.1163,5.0500,1253,0,0
136.1411,5.0419,1251,0,0
136.1659,5.0983,1265,0,0
136.1907,5.0742,1259,0,0
136.2155,5.0822,1261,0,0
136.2403,5.0943,1264,0,0
136.2651,5.0742,1259,0,0
136.2899,5.0500,1253,0,0
136.3147,5.0862,1262,0,0
136.3395,5.0903,1263,0,0
136.3643,5.0661,1257,0,0
136.3891,5.0943,1264,0,0
136.4139,5.0701,1258,0,0
136.4387,5.0782,1260,0,0
136.4635,5.0419,1251,0,0
136.4883,5.0943,1264,0,0
136.5132,5.0983,1265,0,0
136.5379,5.0943,1264,0,0
136.5628,5.0742,1259,0,0
136.5876,5.0742,1259,0,0
136.6124,5.0742,1259,0,0
136.6372,5.1024,1266,0,0
136.6620,5.0983,1265,0,0
136.6868,5.0379,1250,0,0
136.7116,5.0782,1260,0,0
136.7364,5.0822,1261,0,0
136.7612,5.0742,1259,0,0
136.7860,5.0983,1265,0,0
136.8108,5.0782,1260,0,0
136.8356,5.0943,1264,0,0
136.8604,5.0661,1257,0,0
136.8852,5.0661,1257,0,0
136.9100,5.0782,1260,0,0
136.9348,5.0661,1257,0,0
136.9596,5.0742,1259,0,0
136.9844,5.0742,1259,0,0
137.0092,5.0742,1259,0,0
137.0340,5.0943,1264,0,0
137.0588,5.0661,1257,0,0
137.0836,5.0782,1260,0,0
137.1084,5.0782,1260,0,0
137.1332,5.0419,1251,0,0
137.1580,5.0742,1259,0,0
137.1828,5.0419,1251,0,0
137.2076,5.0943,1264,0,0
137.2324,5.0782,1260,0,0
137.2572,5.0661,1257,0,0
137.2820,5.0862,1262,0,0
137.3068,5.0338,1249,0,0
137.3316,5.0379,1250,0,0
137.3564,5.0580,1255,0,0
137.3812,5.0782,1260,0,0
137.4060,5.0822,1261,0,0
137.4308,5.0782,1260,0,0
137.4556,5.0782,1260,0,0
137.4805,5.0943,1264,0,0
137.5052,5.0742,1259,0,0
137.5300,5.0782,1260,0,0
137.5549,5.0782,1260,0,0
137.5797,5.0782,1260,0,0
137.6045,5.0338,1249,0,0
137.6293,5.0580,1255,0,0
137.6541,5.0742,1259,0,0
137.6789,5.0943,1264,0,0
137.7037,5.0701,1258,0,0
137.7285,5.0943,1264,0,0
137.7533,5.0661,1257,0,0
137.7781,5.0742,1259,0,0
137.8029,5.0782,1260,0,0
137.8277,5.0419,1251,0,0
137.8525,5.1104,1268,0,0
137.8773,5.0943,1264,0,0
137.9021,5.0500,1253,0,0
137.9269,5.0742,1259,0,0
137.9517,5.0742,1259,0,0
137.9765,5.0943,1264,0,0
138.0013,5.0661,1257,0,0
138.0261,5.1024,1266,0,0
138.0509,5.0903,1263,0,0
138.0757,5.0500,1253,0,0
138.1005,5.0943,1264,0,0
138.1253,5.0983,1265,0,0
138.1501,5.0943,1264,0,0
138.1749,5.0943,1264,0,0
138.1997,5.0822,1261,0,0
138.2245,5.0983,1265,0,0
138.2493,5.0661,1257,0,0
138.2741,5.0580,1255,0,0
138.2989,5.0822,1261,0,0
138.3237,5.0540,1254,0,0
138.3485,5.0822,1261,0,0
138.3733,5.0742,1259,0,0
138.3981,5.0379,1250,0,0
138.4229,5.0943,1264,0,0
138.4477,5.0661,1257,0,0
138.4725,5.0661,1257,0,0
138.4973,5.0782,1260,0,0
138.5222,5.0742,1259,0,0
138.5470,5.0782,1260,0,0
138.5718,5.0782,1260,0,0
138.5966,5.1064,1267,0,0
138.6214,5.0862,1262,0,0
138.6462,5.0782,1260,0,0
138.6710,5.0782,1260,0,0
138.6958,5.0943,1264,0,0
138.7206,5.0661,1257,0,0
138.7454,5.0943,1264,0,0
138.7702,5.0782,1260,0,0
138.7950,5.0379,1250,0,0
138.8198,5.0742,1259,0,0
138.8446,5.0661,1257,0,0
138.8694,5.0943,1264,0,0
138.8942,5.0742,1259,0,0
138.9190,5.0782,1260,0,0
138.9438,5.0943,1264,0,0
138.9686,5.0379,1250,0,0
138.9934,5.0379,1250,0,0
139.0182,5.0742,1259,0,0
139.0430,5.0903,1263,0,0
139.0678,5.0742,1259,0,0
139.0926,5.0500,1253,0,0
139.1174,5.0782,1260,0,0
139.1422,5.0379,1250,0,0
139.1670,5.0540,1254,0,0
139.1918,5.0782,1260,0,0
139.2166,5.0661,1257,0,0
139.2414,5.0701,1258,0,0
139.2662,5.0782,1260,0,0
139.2910,5.0661,1257,0,0
139.3158,5.0661,1257,0,0
139.3406,5.0742,1259,0,0
139.3654,5.0782,1260,0,0
139.3902,5.0903,1263,0,0
139.4150,5.0822,1261,0,0
139.4398,5.1225,1271,0,0
139.4646,5.0782,1260,0,0
139.4895,5.0661,1257,0,0
139.5143,5.1225,1271,0,0
139.5391,5.0943,1264,0,0
139.5639,5.0862,1262,0,0
139.5887,5.0782,1260,0,0
139.6135,5.0862,1262,0,0
139.6383,5.0661,1257,0,0
139.6631,5.0862,1262,0,0
139.6879,5.0822,1261,0,0
139.7127,5.0782,1260,0,0
139.7375,5.0782,1260,0,0
139.7623,5.0782,1260,0,0
139.7871,5.0862,1262,0,0
139.8119,5.0782,1260,0,0
139.8367,5.0983,1265,0,0
139.8615,5.0742,1259,0,0
139.8863,5.0782,1260,0,0
139.9111,5.0782,1260,0,0
139.9359,5.0701,1258,0,0
139.9607,5.0862,1262,0,0
139.9855,5.0943,1264,0,0
140.0103,5.0782,1260,0,0
140.0351,5.0943,1264,0,0
140.0599,5.0943,1264,0,0
140.0847,5.0822,1261,0,0
140.1095,5.0862,1262,0,0
140.1343,5.0338,1249,0,0
140.1591,5.1104,1268,0,0
140.1839,5.0862,1262,0,0
140.2087,5.0782,1260,0,0
140.2335,5.0338,1249,0,0
140.2583,5.0862,1262,0,0
140.2831,5.0661,1257,0,0
140.3079,5.0540,1254,0,0
140.3327,5.1064,1267,0,0
140.3575,5.0661,1257,0,0
140.3823,5.0782,1260,0,0
140.4072,5.1225,1271,0,0
140.4319,5.0943,1264,0,0
140.4568,5.0782,1260,0,0
140.4816,5.0419,1251,0,0
140.5064,5.1024,1266,0,0
140.5312,5.0580,1255,0,0
140.5560,5.0500,1253,0,0
140.5808,5.0983,1265,0,0
140.6056,5.0943,1264,0,0
140.6304,5.0983,1265,0,0
140.6552,5.0419,1251,0,0
140.6800,5.0540,1254,0,0
140.7048,5.0822,1261,0,0
140.7296,5.0903,1263,0,0
140.7544,5.0903,1263,0,0
140.7792,5.0782,1260,0,0
140.8040,5.0742,1259,0,0
140.8288,5.1064,1267,0,0
140.8536,5.0580,1255,0,0
140.8784,5.0782,1260,0,0
140.9032,5.0379,1250,0,0
140.9280,5.0782,1260,0,0
140.9528,5.0742,1259,0,0
140.9776,5.0661,1257,0,0
141.0024,5.0862,1262,0,0
141.0272,5.0540,1254,0,0
141.0520,5.0419,1251,0,0
141.0768,5.0742,1259,0,0
141.1016,5.0983,1265,0,0
141.1264,5.0661,1257,0,0
141.1512,5.0701,1258,0,0
141.1760,5.0701,1258,0,0
141.2008,5.0379,1250,0,0
141.2256,5.0822,1261,0,0
141.2504,5.0782,1260,0,0
141.2752,5.0742,1259,0,0
141.3000,5.0822,1261,0,0
141.3248,5.0782,1260,0,0
141.3496,5.0782,1260,0,0
141.3745,5.0862,1262,0,0
141.3992,5.0822,1261,0,0
141.4240,5.0983,1265,0,0
141.4489,5.0742,1259,0,0
141.4736,5.0822,1261,0,0
141.4985,5.0782,1260,0,0
141.5233,5.0661,1257,0,0
141.5481,5.0903,1263,0,0
141.5729,5.0500,1253,0,0
141.5977,5.0782,1260,0,0
141.6225,5.0822,1261,0,0
141.6473,5.0419,1251,0,0
141.6721,5.0862,1262,0,0
141.6969,5.0500,1253,0,0
141.7217,5.0782,1260,0,0
141.7465,5.0862,1262,0,0
141.7713,5.0782,1260,0,0
141.7961,5.0540,1254,0,0
141.8209,5.0742,1259,0,0
141.8457,5.0742,1259,0,0
141.8705,5.0862,1262,0,0
141.8953,5.0943,1264,0,0
141.9201,5.0862,1262,0,0
141.9449,5.0500,1253,0,0
141.9697,5.0661,1257,0,0
141.9945,5.0862,1262,0,0
142.0193,5.0379,1250,0,0
142.0441,5.0782,1260,0,0
142.0689,5.0862,1262,0,0
142.0937,5.0903,1263,0,0
142.1185,5.0379,1250,0,0
142.1433,5.0943,1264,0,0
142.1681,5.0903,1263,0,0
142.1929,5.0540,1254,0,0
142.2177,5.0903,1263,0,0
142.2425,5.0742,1259,0,0
142.2673,5.0782,1260,0,0
142.2921,5.0500,1253,0,0
142.3169,5.0782,1260,0,0
142.3417,5.0943,1264,0,0
142.3665,5.0661,1257,0,0
142.3913,5.0983,1265,0,0
142.4162,5.0379,1250,0,0
142.4409,5.0862,1262,0,0
142.4658,5.0903,1263,0,0
142.4906,5.0379,1250,0,0
142.5154,5.0742,1259,0,0
142.5402,5.0822,1261,0,0
142.5650,5.0862,1262,0,0
142.5898,5.0782,1260,0,0
142.6146,5.1024,1266,0,0
142.6394,5.0862,1262,0,0
142.6642,5.0742,1259,0,0
142.6890,5.0903,1263,0,0
142.7138,5.0742,1259,0,0
142.7386,5.0379,1250,0,0
142.7634,5.0218,1246,0,0
142.7882,5.1225,1271,0,0
142.8130,5.0943,1264,0,0
142.8378,5.0701,1258,0,0
142.8626,5.0298,1248,0,0
142.8874,5.0742,1259,0,0
142.9122,5.0742,1259,0,0
142.9370,5.0742,1259,0,0
142.9618,5.0782,1260,0,0
142.9866,5.0742,1259,0,0
143.0114,5.0862,1262,0,0
143.0362,5.0379,1250,0,0
143.0610,5.0943,1264,0,0
143.0858,5.0782,1260,0,0
143.1106,5.0943,1264,0,0
143.1354,5.0701,1258,0,0
143.1602,5.0782,1260,0,0
143.1850,5.0943,1264,0,0
143.2098,5.0822,1261,0,0
143.2346,5.0782,1260,0,0
143.2594,5.0782,1260,0,0
143.2842,5.0943,1264,0,0
143.3090,5.0742,1259,0,0
143.3338,5.0580,1255,0,0
143.3586,5.0782,1260,0,0
143.3835,5.0782,1260,0,0
143.4082,5.0782,1260,0,0
143.4331,5.0983,1265,0,0
143.4579,5.0943,1264,0,0
143.4827,5.0338,1249,0,0
143.5075,5.0701,1258,0,0
143.5323,5.1024,1266,0,0
143.5571,5.0862,1262,0,0
143.5819,5.0983,1265,0,0
143.6067,5.0903,1263,0,0
143.6315,5.1588,1280,0,0
143.6563,5.0862,1262,0,0
143.6811,5.0661,1257,0,0
143.7059,5.0742,1259,0,0
143.7307,5.0742,1259,0,0
143.7555,5.0782,1260,0,0
143.7803,5.0862,1262,0,0
143.8051,5.0742,1259,0,0
143.8299,5.0379,1250,0,0
143.8547,5.0862,1262,0,0
143.8795,5.0943,1264,0,0
143.9043,5.0782,1260,0,0
143.9291,5.1064,1267,0,0
143.9539,5.0742,1259,0,0
143.9787,5.0661,1257,0,0
144.0035,5.0500,1253,0,0
144.0283,5.1104,1268,0,0
144.0531,5.0983,1265,0,0
144.0779,5.0943,1264,0,0
144.1027,5.0903,1263,0,0
144.1275,5.0782,1260,0,0
144.1523,5.0943,1264,0,0
144.1771,5.0782,1260,0,0
144.2019,5.0903,1263,0,0
144.2267,5.0661,1257,0,0
144.2515,5.0661,1257,0,0
144.2763,5.0862,1262,0,0
144.3011,5.0500,1253,0,0
144.3259,5.0782,1260,0,0
144.3508,5.0701,1258,0,0
144.3755,5.0862,1262,0,0
144.4004,5.0742,1259,0,0
144.4252,5.0983,1265,0,0
144.4500,5.0742,1259,0,0
144.4748,5.0338,1249,0,0
144.4996,5.0943,1264,0,0
144.5244,5.0661,1257,0,0
144.5492,5.1024,1266,0,0
144.5740,5.0822,1261,0,0
144.5988,5.0742,1259,0,0
144.6236,5.0701,1258,0,0
144.6484,5.0742,1259,0,0
144.6732,5.0822,1261,0,0
144.6980,5.0500,1253,0,0
144.7228,5.0782,1260,0,0
144.7476,5.0661,1257,0,0
144.7724,5.0782,1260,0,0
144.7972,5.0782,1260,0,0
144.8220,5.0782,1260,0,0
144.8468,5.0782,1260,0,0
144.8716,5.0580,1255,0,0
144.8964,5.0782,1260,0,0
144.9212,5.1024,1266,0,0
144.9460,5.0862,1262,0,0
144.9708,5.0701,1258,0,0
144.9956,5.0661,1257,0,0
145.0204,5.0943,1264,0,0
145.0452,5.0822,1261,0,0
145.0700,5.0782,1260,0,0
145.0948,5.0782,1260,0,0
145.1196,5.0580,1255,0,0
145.1444,5.0782,1260,0,0
145.1692,5.0701,1258,0,0
145.1940,5.0540,1254,0,0
145.2188,5.1064,1267,0,0
145.2436,5.0742,1259,0,0
145.2684,5.0419,1251,0,0
145.2932,5.0862,1262,0,0
145.3181,5.0782,1260,0,0
145.3428,5.0742,1259,0,0
145.3676,5.0580,1255,0,0
145.3925,5.0782,1260,0,0
145.4173,5.0782,1260,0,0
145.4421,5.0782,1260,0,0
145.4669,5.0782,1260,0,0
145.4917,5.0782,1260,0,0
145.5165,5.0500,1253,0,0
145.5413,5.0943,1264,0,0
145.5661,5.0742,1259,0,0
145.5909,5.0822,1261,0,0
145.6157,5.0903,1263,0,0
145.6405,5.0862,1262,0,0
145.6653,5.0782,1260,0,0
145.6901,5.0862,1262,0,0
145.7149,5.0983,1265,0,0
145.7397,5.0943,1264,0,0
145.7645,5.0379,1250,0,0
145.7893,5.0419,1251,0,0
145.8141,5.0862,1262,0,0
145.8389,5.0580,1255,0,0
145.8637,5.0862,1262,0,0
145.8885,5.0943,1264,0,0
145.9133,5.0742,1259,0,0
145.9381,5.0661,1257,0,0
145.9629,5.0903,1263,0,0
145.9877,5.0742,1259,0,0
146.0125,5.0661,1257,0,0
146.0373,5.0338,1249,0,0
146.0621,5.0782,1260,0,0
146.0869,5.0338,1249,0,0
146.1117,5.0742,1259,0,0
146.1365,5.0379,1250,0,0
146.1613,5.0500,1253,0,0
146.1861,5.0782,1260,0,0
146.2109,5.0983,1265,0,0
146.2357,5.0862,1262,0,0
146.2605,5.0822,1261,0,0
146.2853,5.0500,1253,0,0
146.3102,5.0500,1253,0,0
146.3349,5.0782,1260,0,0
146.3598,5.0822,1261,0,0
146.3846,5.0661,1257,0,0
146.4094,5.0338,1249,0,0
146.4342,5.0903,1263,0,0
146.4590,5.1064,1267,0,0
146.4838,5.0862,1262,0,0
146.5086,5.0742,1259,0,0
146.5334,5.0701,1258,0,0
146.5582,5.0943,1264,0,0
146.5830,5.0782,1260,0,0
146.6078,5.0983,1265,0,0
146.6326,5.0822,1261,0,0
146.6574,5.0379,1250,0,0
146.6822,5.0862,1262,0,0
146.7070,5.0822,1261,0,0
146.7318,5.0742,1259,0,0
146.7566,5.0661,1257,0,0
146.7814,5.0983,1265,0,0
146.8062,5.0822,1261,0,0
146.8310,5.0782,1260,0,0
146.8558,5.0862,1262,0,0
146.8806,5.0983,1265,0,0
146.9054,5.0661,1257,0,0
146.9302,5.0742,1259,0,0
146.9550,5.0822,1261,0,0
146.9798,5.0742,1259,0,0
147.0046,5.0862,1262,0,0
147.0294,5.0983,1265,0,0
147.0542,5.0862,1262,0,0
147.0790,5.0742,1259,0,0
147.1038,5.0862,1262,0,0
147.1286,5.0862,1262,0,0
147.1534,5.0338,1249,0,0
147.1782,5.1104,1268,0,0
147.2030,5.0782,1260,0,0
147.2278,5.0500,1253,0,0
147.2526,5.0661,1257,0,0
147.2775,5.0943,1264,0,0
147.3022,5.0862,1262,0,0
147.3271,5.0862,1262,0,0
147.3519,5.1064,1267,0,0
147.3767,5.0782,1260,0,0
147.4015,5.0742,1259,0,0
147.4263,5.0862,1262,0,0
147.4511,5.0661,1257,0,0
147.4759,5.0379,1250,0,0
147.5007,5.0782,1260,0,0
147.5255,5.0943,1264,0,0
147.5503,5.0782,1260,0,0
147.5751,5.0943,1264,0,0
147.5999,5.0742,1259,0,0
147.6247,5.0580,1255,0,0
147.6495,5.0862,1262,0,0
147.6743,5.0943,1264,0,0
147.6991,5.0943,1264,0,0
147.7239,5.0943,1264,0,0
147.7487,5.1064,1267,0,0
147.7735,5.0862,1262,0,0
147.7983,5.0379,1250,0,0
147.8231,5.0822,1261,0,0
147.8479,5.0983,1265,0,0
147.8727,5.0742,1259,0,0
147.8975,5.0661,1257,0,0
147.9223,5.0983,1265,0,0
147.9471,5.0943,1264,0,0
147.9719,5.0943,1264,0,0
147.9967,5.0862,1262,0,0
148.0215,5.0540,1254,0,0
148.0463,5.0782,1260,0,0
148.0711,5.0782,1260,0,0
148.0959,5.0862,1262,0,0
148.1207,5.0903,1263,0,0
148.1455,5.0742,1259,0,0
148.1703,5.0782,1260,0,0
148.1951,5.0701,1258,0,0
148.2199,5.0782,1260,0,0
148.2448,5.0983,1265,0,0
148.2695,5.0782,1260,0,0
148.2944,5.0661,1257,0,0
148.3192,5.0419,1251,0,0
148.3440,5.0782,1260,0,0
148.3688,5.0701,1258,0,0
148.3936,5.0661,1257,0,0
148.4184,5.0782,1260,0,0
148.4432,5.0742,1259,0,0
148.4680,5.0782,1260,0,0
148.4928,5.0661,1257,0,0
148.5176,5.0661,1257,0,0
148.5424,5.0983,1265,0,0
148.5672,5.0862,1262,0,0
148.5920,5.0661,1257,0,0
148.6168,5.0500,1253,0,0
148.6416,5.0943,1264,0,0
148.6664,5.0782,1260,0,0
148.6912,5.0500,1253,0,0
148.7160,5.0782,1260,0,0
148.7408,5.0862,1262,0,0
148.7656,5.0903,1263,0,0
148.7904,5.1145,1269,0,0
148.8152,5.0742,1259,0,0
148.8400,5.0419,1251,0,0
148.8648,5.0983,1265,0,0
148.8896,5.0822,1261,0,0
148.9144,5.0742,1259,0,0
148.9392,5.0661,1257,0,0
148.9640,5.0983,1265,0,0
148.9888,5.0943,1264,0,0
149.0136,5.0742,1259,0,0
149.0384,5.0822,1261,0,0
149.0632,5.0862,1262,0,0
149.0880,5.0742,1259,0,0
149.1128,5.0540,1254,0,0
149.1376,5.0862,1262,0,0
149.1624,5.0742,1259,0,0
149.1872,5.0782,1260,0,0
149.2121,5.0661,1257,0,0
149.2368,5.0419,1251,0,0
149.2616,5.0742,1259,0,0
149.2865,5.0701,1258,0,0
149.3112,5.0661,1257,0,0
149.3361,5.0782,1260,0,0
149.3609,5.0943,1264,0,0
149.3857,5.0338,1249,0,0
149.4105,5.0701,1258,0,0
149.4353,5.0862,1262,0,0
149.4601,5.0782,1260,0,0
149.4849,5.0742,1259,0,0
149.5097,5.0782,1260,0,0
149.5345,5.0903,1263,0,0
149.5593,5.0862,1262,0,0
149.5841,5.0661,1257,0,0
149.6089,5.0862,1262,0,0
149.6337,5.0742,1259,0,0
149.6585,5.0661,1257,0,0
149.6833,5.0661,1257,0,0
149.7081,5.0943,1264,0,0
149.7329,5.0782,1260,0,0
149.7577,5.0379,1250,0,0
149.7825,5.0661,1257,0,0
149.8073,5.0701,1258,0,0
149.8321,5.0943,1264,0,0
149.8569,5.0983,1265,0,0
149.8817,5.0943,1264,0,0
149.9065,5.0782,1260,0,0
149.9313,5.0943,1264,0,0
149.9561,5.0782,1260,0,0
149.9809,5.0782,1260,0,0
150.0057,5.0500,1253,0,0
150.0305,5.0903,1263,0,0
150.0553,5.0822,1261,0,0
150.0801,5.0943,1264,0,0
150.1049,5.0943,1264,0,0
150.1297,5.0862,1262,0,0
150.1545,5.0782,1260,0,0
150.1793,5.0903,1263,0,0
150.2041,5.0742,1259,0,0
150.2289,5.0862,1262,0,0
150.2538,5.0782,1260,0,0
150.2785,5.0822,1261,0,0
150.3034,5.0782,1260,0,0
150.3282,5.0742,1259,0,0
150.3530,5.1064,1267,0,0
150.3778,5.0943,1264,0,0
150.4026,5.0782,1260,0,0
150.4274,5.0983,1265,0,0
150.4522,5.0903,1263,0,0
150.4770,5.0661,1257,0,0
150.5018,5.0983,1265,0,0
150.5266,5.0742,1259,0,0
150.5514,5.0903,1263,0,0
150.5762,5.0782,1260,0,0
150.6010,5.0782,1260,0,0
150.6258,5.0742,1259,0,0
150.6506,5.0903,1263,0,0
150.6754,5.0782,1260,0,0
150.7002,5.0862,1262,0,0
150.7250,5.0742,1259,0,0
150.7498,5.0742,1259,0,0
150.7746,5.0822,1261,0,0
150.7994,5.0862,1262,0,0
150.8242,5.0822,1261,0,0
150.8490,5.0661,1257,0,0
150.8738,5.0742,1259,0,0
150.8986,5.0661,1257,0,0
150.9234,5.0782,1260,0,0
150.9482,5.0862,1262,0,0
150.9730,5.0862,1262,0,0
150.9978,5.0983,1265,0,0
151.0226,5.0500,1253,0,0
151.0474,5.0782,1260,0,0
151.0722,5.0782,1260,0,0
151.0970,5.0782,1260,0,0
151.1218,5.0742,1259,0,0
151.1466,5.0782,1260,0,0
151.1714,5.1104,1268,0,0
151.1962,5.0943,1264,0,0
151.2211,5.0943,1264,0,0
151.2458,5.1024,1266,0,0
151.2707,5.0943,1264,0,0
151.2955,5.0943,1264,0,0
151.3203,5.0419,1251,0,0
151.3451,5.0661,1257,0,0
151.3699,5.0500,1253,0,0
151.3947,5.0661,1257,0,0
151.4195,5.1064,1267,0,0
151.4443,5.0782,1260,0,0
151.4691,5.1064,1267,0,0
151.4939,5.0782,1260,0,0
151.5187,5.0742,1259,0,0
151.5435,5.0983,1265,0,0
151.5683,5.0742,1259,0,0
151.5931,5.1064,1267,0,0
151.6179,5.0943,1264,0,0
151.6427,5.0903,1263,0,0
151.6675,5.0701,1258,0,0
151.6923,5.0943,1264,0,0
151.7171,5.0701,1258,0,0
151.7419,5.0862,1262,0,0
151.7667,5.0782,1260,0,0
151.7915,5.0782,1260,0,0
151.8163,5.0742,1259,0,0
151.8411,5.0580,1255,0,0
151.8659,5.0782,1260,0,0
151.8907,5.0782,1260,0,0
151.9155,5.0782,1260,0,0
151.9403,5.0419,1251,0,0
151.9651,5.0782,1260,0,0
151.9899,5.0943,1264,0,0
152.0147,5.0782,1260,0,0
152.0395,5.1265,1272,0,0
152.0643,5.0742,1259,0,0
152.0891,5.0742,1259,0,0
152.1139,5.0661,1257,0,0
152.1387,5.0862,1262,0,0
152.1635,5.0782,1260,0,0
152.1884,5.0661,1257,0,0
152.2132,5.0862,1262,0,0
152.2380,5.0419,1251,0,0
152.2628,5.0822,1261,0,0
152.2876,5.0742,1259,0,0
152.3124,5.0822,1261,0,0
152.3372,5.0943,1264,0,0
152.3620,5.0983,1265,0,0
152.3868,5.0943,1264,0,0
152.4116,5.0742,1259,0,0
152.4364,5.0782,1260,0,0
152.4612,5.0983,1265,0,0
152.4860,5.0943,1264,0,0
152.5108,5.0661,1257,0,0
152.5356,5.0742,1259,0,0
152.5604,5.0943,1264,0,0
152.5852,5.0701,1258,0,0
152.6100,5.0742,1259,0,0
152.6348,5.0782,1260,0,0
152.6596,5.1064,1267,0,0
152.6844,5.0822,1261,0,0
152.7092,5.0782,1260,0,0
152.7340,5.0742,1259,0,0
152.7588,5.0782,1260,0,0
152.7836,5.0782,1260,0,0
152.8084,5.0379,1250,0,0
152.8332,5.0661,1257,0,0
152.8580,5.0782,1260,0,0
152.8828,5.0782,1260,0,0
152.9076,5.0782,1260,0,0
152.9324,5.0500,1253,0,0
152.9572,5.0943,1264,0,0
152.9820,5.0742,1259,0,0
153.0068,5.0742,1259,0,0
153.0316,5.0379,1250,0,0
153.0564,5.0742,1259,0,0
153.0812,5.0742,1259,0,0
153.1060,5.0742,1259,0,0
153.1308,5.0943,1264,0,0
153.1557,5.0742,1259,0,0
153.1805,5.0943,1264,0,0
153.2052,5.1064,1267,0,0
153.2301,5.0661,1257,0,0
153.2549,5.0661,1257,0,0
153.2797,5.0661,1257,0,0
153.3045,5.0943,1264,0,0
153.3293,5.0943,1264,0,0
153.3541,5.0782,1260,0,0
153.3789,5.0701,1258,0,0
153.4037,5.0661,1257,0,0
153.4285,5.0862,1262,0,0
153.4533,5.0661,1257,0,0
153.4781,5.0419,1251,0,0
153.5029,5.0943,1264,0,0
153.5277,5.0782,1260,0,0
153.5525,5.0862,1262,0,0
153.5773,5.0943,1264,0,0
153.6021,5.0742,1259,0,0
153.6269,5.0822,1261,0,0
153.6517,5.0862,1262,0,0
153.6765,5.1346,1274,0,0
153.7013,5.0580,1255,0,0
153.7261,5.0661,1257,0,0
153.7509,5.0862,1262,0,0
153.7757,5.0862,1262,0,0
153.8005,5.0943,1264,0,0
153.8253,5.0742,1259,0,0
153.8501,5.0782,1260,0,0
153.8749,5.0782,1260,0,0
153.8997,5.0943,1264,0,0
153.9245,5.0862,1262,0,0
153.9493,5.1024,1266,0,0
153.9741,5.0782,1260,0,0
153.9989,5.0862,1262,0,0
154.0237,5.0782,1260,0,0
154.0485,5.0701,1258,0,0
154.0733,5.0983,1265,0,0
154.0981,5.1064,1267,0,0
154.1229,5.0782,1260,0,0
154.1478,5.0661,1257,0,0
154.1725,5.0782,1260,0,0
154.1974,5.0661,1257,0,0
154.2222,5.0701,1258,0,0
154.2470,5.0983,1265,0,0
154.2718,5.0822,1261,0,0
154.2966,5.0782,1260,0,0
154.3214,5.0943,1264,0,0
154.3462,5.0862,1262,0,0
154.3710,5.0500,1253,0,0
154.3958,5.0943,1264,0,0
154.4206,5.0500,1253,0,0
154.4454,5.0782,1260,0,0
154.4702,5.0943,1264,0,0
154.4950,5.0903,1263,0,0
154.5198,5.0661,1257,0,0
154.5446,5.0742,1259,0,0
154.5694,5.0943,1264,0,0
154.5942,5.0661,1257,0,0
154.6190,5.0338,1249,0,0
154.6438,5.1064,1267,0,0
154.6686,5.0943,1264,0,0
154.6934,5.0782,1260,0,0
154.7182,5.0782,1260,0,0
154.7430,5.0661,1257,0,0
154.7678,5.0580,1255,0,0
154.7926,5.0782,1260,0,0
154.8174,5.0742,1259,0,0
154.8422,5.0661,1257,0,0
154.8670,5.0580,1255,0,0
154.8918,5.0782,1260,0,0
154.9166,5.0862,1262,0,0
154.9414,5.0822,1261,0,0
154.9662,5.0661,1257,0,0
154.9910,5.0943,1264,0,0
155.0158,5.0822,1261,0,0
155.0406,5.0943,1264,0,0
155.0654,5.0742,1259,0,0
155.0902,5.0500,1253,0,0
155.1151,5.0943,1264,0,0
155.1398,5.0862,1262,0,0
155.1647,5.0903,1263,0,0
155.1895,5.0742,1259,0,0
155.2143,5.0701,1258,0,0
155.2391,5.0862,1262,0,0
155.2639,5.0822,1261,0,0
155.2887,5.0701,1258,0,0
155.3135,5.0943,1264,0,0
155.3383,5.0983,1265,0,0
155.3631,5.0500,1253,0,0
155.3879,5.0782,1260,0,0
155.4127,5.0661,1257,0,0
155.4375,5.0983,1265,0,0
155.4623,5.0822,1261,0,0
155.4871,5.0782,1260,0,0
155.5119,5.0419,1251,0,0
155.5367,5.0742,1259,0,0
155.5615,5.0943,1264,0,0
155.5863,5.0782,1260,0,0
155.6111,5.0782,1260,0,0
155.6359,5.0782,1260,0,0
155.6607,5.0943,1264,0,0
155.6855,5.0903,1263,0,0
155.7103,5.0782,1260,0,0
155.7351,5.0943,1264,0,0
155.7599,5.0862,1262,0,0
155.7847,5.0742,1259,0,0
155.8095,5.0742,1259,0,0
155.8343,5.0782,1260,0,0
155.8591,5.0943,1264,0,0
155.8839,5.1064,1267,0,0
155.9087,5.0742,1259,0,0
155.9335,5.0742,1259,0,0
155.9583,5.0580,1255,0,0
155.9831,5.0822,1261,0,0
156.0079,5.0661,1257,0,0
156.0327,5.0661,1257,0,0
156.0575,5.0782,1260,0,0
156.0824,5.0782,1260,0,0
156.1071,5.0943,1264,0,0
156.1320,5.0943,1264,0,0
156.1568,5.0822,1261,0,0
156.1816,5.0661,1257,0,0
156.2064,5.0822,1261,0,0
156.2312,5.0661,1257,0,0
156.2560,5.0782,1260,0,0
156.2808,5.0661,1257,0,0
156.3056,5.0661,1257,0,0
156.3304,5.1265,1272,0,0
156.3552,5.0983,1265,0,0
156.3800,5.0943,1264,0,0
156.4048,5.0822,1261,0,0
156.4296,5.0943,1264,0,0
156.4544,5.0782,1260,0,0
156.4792,5.0782,1260,0,0
156.5040,5.0943,1264,0,0
156.5288,5.0782,1260,0,0
156.5536,5.0661,1257,0,0
156.5784,5.0701,1258,0,0
156.6032,5.0580,1255,0,0
156.6280,5.0580,1255,0,0
156.6528,5.0661,1257,0,0
156.6776,5.0943,1264,0,0
156.7024,5.0943,1264,0,0
156.7272,5.0943,1264,0,0
156.7520,5.0943,1264,0,0
156.7768,5.0983,1265,0,0
156.8016,5.0742,1259,0,0
156.8264,5.1064,1267,0,0
156.8512,5.0983,1265,0,0
156.8760,5.0701,1258,0,0
156.9008,5.0419,1251,0,0
156.9256,5.0742,1259,0,0
156.9504,5.1145,1269,0,0
156.9752,5.0943,1264,0,0
157.0000,5.0782,1260,0,0
157.0248,5.0500,1253,0,0
157.0497,5.0782,1260,0,0
157.0744,5.0983,1265,0,0
157.0992,5.1064,1267,0,0
157.1241,5.0419,1251,0,0
157.1488,5.0661,1257,0,0
157.1737,5.0903,1263,0,0
157.1985,5.0742,1259,0,0
157.2233,5.0862,1262,0,0
157.2481,5.0943,1264,0,0
157.2729,5.0742,1259,0,0
157.2977,5.0742,1259,0,0
157.3225,5.0742,1259,0,0
157.3473,5.0903,1263,0,0
157.3721,5.0298,1248,0,0
157.3969,5.0903,1263,0,0
157.4217,5.0862,1262,0,0
157.4465,5.0338,1249,0,0
157.4713,5.0983,1265,0,0
157.4961,5.0903,1263,0,0
157.5209,5.0943,1264,0,0
157.5457,5.0742,1259,0,0
157.5705,5.0943,1264,0,0
157.5953,5.0419,1251,0,0
157.6201,5.0943,1264,0,0
157.6449,5.0580,1255,0,0
157.6697,5.0943,1264,0,0
157.6945,5.0742,1259,0,0
157.7193,5.0943,1264,0,0
157.7441,5.0742,1259,0,0
157.7689,5.0742,1259,0,0
157.7937,5.0943,1264,0,0
157.8185,5.0862,1262,0,0
157.8433,5.0419,1251,0,0
157.8681,5.0661,1257,0,0
157.8929,5.1064,1267,0,0
157.9177,5.0782,1260,0,0
157.9425,5.0379,1250,0,0
157.9673,5.0822,1261,0,0
157.9921,5.0943,1264,0,0
158.0169,5.0822,1261,0,0
158.0417,5.0943,1264,0,0
158.0665,5.0943,1264,0,0
158.0914,5.0782,1260,0,0
158.1161,5.0943,1264,0,0
158.1410,5.0782,1260,0,0
158.1658,5.0862,1262,0,0
158.1906,5.0782,1260,0,0
158.2154,5.0782,1260,0,0
158.2402,5.0943,1264,0,0
158.2650,5.0379,1250,0,0
158.2898,5.0742,1259,0,0
158.3146,5.0822,1261,0,0
158.3394,5.0742,1259,0,0
158.3642,5.1024,1266,0,0
158.3890,5.0943,1264,0,0
158.4138,5.0862,1262,0,0
158.4386,5.0782,1260,0,0
158.4634,5.1265,1272,0,0
158.4882,5.0782,1260,0,0
158.5130,5.0782,1260,0,0
158.5378,5.0943,1264,0,0
158.5626,5.0862,1262,0,0
158.5874,5.0822,1261,0,0
158.6122,5.0782,1260,0,0
158.6370,5.0862,1262,0,0
158.6618,5.0862,1262,0,0
158.6866,5.0379,1250,0,0
158.7114,5.1225,1271,0,0
158.7362,5.0822,1261,0,0
158.7610,5.0379,1250,0,0
158.7858,5.0661,1257,0,0
158.8106,5.0903,1263,0,0
158.8354,5.1104,1268,0,0
158.8602,5.0862,1262,0,0
158.8850,5.0701,1258,0,0
158.9098,5.0822,1261,0,0
158.9346,5.0742,1259,0,0
158.9594,5.0862,1262,0,0
158.9842,5.0862,1262,0,0
159.0090,5.0701,1258,0,0
159.0338,5.1104,1268,0,0
159.0587,5.0822,1261,0,0
159.0835,5.0943,1264,0,0
159.1083,5.0943,1264,0,0
159.1331,5.0419,1251,0,0
159.1579,5.0540,1254,0,0
159.1827,5.0862,1262,0,0
159.2075,5.0983,1265,0,0
159.2323,5.0742,1259,0,0
159.2571,5.0661,1257,0,0
159.2819,5.0983,1265,0,0
159.3067,5.1064,1267,0,0
159.3315,5.0943,1264,0,0
159.3563,5.0661,1257,0,0
159.3811,5.0862,1262,0,0
159.4059,5.0862,1262,0,0
159.4307,5.1145,1269,0,0
159.4555,5.0782,1260,0,0
159.4803,5.0782,1260,0,0
159.5051,5.0943,1264,0,0
159.5299,5.0862,1262,0,0
159.5547,5.0782,1260,0,0
159.5795,5.0862,1262,0,0
159.6043,5.1024,1266,0,0
159.6291,5.0338,1249,0,0
159.6539,5.0983,1265,0,0
159.6787,5.0862,1262,0,0
159.7035,5.0419,1251,0,0
159.7283,5.0742,1259,0,0
159.7531,5.0862,1262,0,0
159.7779,5.1024,1266,0,0
159.8027,5.0742,1259,0,0
159.8275,5.0903,1263,0,0
159.8523,5.0782,1260,0,0
159.8771,5.0862,1262,0,0
159.9019,5.0862,1262,0,0
159.9267,5.0862,1262,0,0
159.9515,5.0419,1251,0,0
159.9763,5.1265,1272,0,0
160.0011,5.0943,1264,0,0
160.0260,5.0903,1263,0,0
160.0508,5.0943,1264,0,0
160.0756,5.1265,1272,0,0
160.1004,5.0782,1260,0,0
160.1252,5.0500,1253,0,0
160.1500,5.0782,1260,0,0
160.1748,5.0983,1265,0,0
160.1996,5.0701,1258,0,0
160.2244,5.0903,1263,0,0
160.2492,5.0862,1262,0,0
160.2740,5.0742,1259,0,0
160.2988,5.0943,1264,0,0
160.3236,5.0862,1262,0,0
160.3484,5.0661,1257,0,0
160.3732,5.0742,1259,0,0
160.3980,5.0782,1260,0,0
160.4228,5.0742,1259,0,0
160.4476,5.0782,1260,0,0
160.4724,5.0742,1259,0,0
160.4972,5.0661,1257,0,0
160.5220,5.0782,1260,0,0
160.5468,5.0540,1254,0,0
160.5716,5.0782,1260,0,0
160.5964,5.0782,1260,0,0
160.6212,5.0661,1257,0,0
160.6460,5.0983,1265,0,0
160.6708,5.0983,1265,0,0
160.6956,5.0862,1262,0,0
160.7204,5.0782,1260,0,0
160.7452,5.0782,1260,0,0
160.7700,5.0661,1257,0,0
160.7948,5.0822,1261,0,0
160.8196,5.0822,1261,0,0
160.8444,5.0782,1260,0,0
160.8692,5.0742,1259,0,0
160.8940,5.0943,1264,0,0
160.9188,5.0742,1259,0,0
160.9436,5.0298,1248,0,0
160.9684,5.0701,1258,0,0
160.9933,5.0661,1257,0,0
161.0181,5.0500,1253,0,0
161.0428,5.0943,1264,0,0
161.0677,5.0500,1253,0,0
161.0925,5.1024,1266,0,0
161.1173,5.0661,1257,0,0
161.1421,5.0540,1254,0,0
161.1669,5.0742,1259,0,0
161.1917,5.0862,1262,0,0
161.2165,5.0862,1262,0,0
161.2413,5.0742,1259,0,0
161.2661,5.0782,1260,0,0
161.2909,5.0943,1264,0,0
161.3157,5.0782,1260,0,0
161.3405,5.0943,1264,0,0
161.3653,5.0580,1255,0,0
161.3901,5.0862,1262,0,0
161.4149,5.0862,1262,0,0
161.4397,5.0742,1259,0,0
161.4645,5.0661,1257,0,0
161.4893,5.0862,1262,0,0
161.5141,5.0782,1260,0,0
161.5389,5.0379,1250,0,0
161.5637,5.0500,1253,0,0
161.5885,5.1064,1267,0,0
161.6133,5.0661,1257,0,0
161.6381,5.0742,1259,0,0
161.6629,5.0661,1257,0,0
161.6877,5.0943,1264,0,0
161.7125,5.0742,1259,0,0
161.7373,5.0661,1257,0,0
161.7621,5.0822,1261,0,0
161.7869,5.0862,1262,0,0
161.8117,5.0822,1261,0,0
161.8365,5.1064,1267,0,0
161.8613,5.0862,1262,0,0
161.8861,5.0379,1250,0,0
161.9109,5.0983,1265,0,0
161.9357,5.0862,1262,0,0
161.9605,5.0983,1265,0,0
161.9854,5.0862,1262,0,0
162.0101,5.0742,1259,0,0
162.0350,5.0983,1265,0,0
162.0598,5.0782,1260,0,0
162.0846,5.0983,1265,0,0
162.1094,5.0903,1263,0,0
162.1342,5.0862,1262,0,0
162.1590,5.1225,1271,0,0
162.1838,5.0862,1262,0,0
162.2086,5.0782,1260,0,0
162.2334,5.0903,1263,0,0
162.2582,5.0782,1260,0,0
162.2830,5.0782,1260,0,0
162.3078,5.0500,1253,0,0
162.3326,5.0983,1265,0,0
162.3574,5.0983,1265,0,0
162.3822,5.0943,1264,0,0
162.4070,5.0903,1263,0,0
162.4318,5.0500,1253,0,0
162.4566,5.1024,1266,0,0
162.4814,5.0943,1264,0,0
162.5062,5.1265,1272,0,0
162.5310,5.0379,1250,0,0
162.5558,5.0822,1261,0,0
162.5806,5.0862,1262,0,0
162.6054,5.1024,1266,0,0
162.6302,5.0782,1260,0,0
162.6550,5.0782,1260,0,0
162.6798,5.1024,1266,0,0
162.7046,5.0742,1259,0,0
162.7294,5.0661,1257,0,0
162.7542,5.1064,1267,0,0
162.7790,5.0943,1264,0,0
162.8038,5.0782,1260,0,0
162.8286,5.0983,1265,0,0
162.8534,5.0983,1265,0,0
162.8782,5.0983,1265,0,0
162.9030,5.0822,1261,0,0
162.9278,5.0862,1262,0,0
162.9527,5.0742,1259,0,0
162.9774,5.0903,1263,0,0
163.0023,5.1024,1266,0,0
163.0271,5.0943,1264,0,0
163.0519,5.0782,1260,0,0
163.0767,5.0742,1259,0,0
163.1015,5.0943,1264,0,0
163.1263,5.0782,1260,0,0
163.1511,5.0701,1258,0,0
163.1759,5.0862,1262,0,0
163.2007,5.0983,1265,0,0
163.2255,5.0983,1265,0,0
163.2503,5.0500,1253,0,0
163.2751,5.0862,1262,0,0
163.2999,5.0943,1264,0,0
163.3247,5.0943,1264,0,0
163.3495,5.0862,1262,0,0
163.3743,5.0742,1259,0,0
163.3991,5.0862,1262,0,0
163.4239,5.0661,1257,0,0
163.4487,5.1024,1266,0,0
163.4735,5.0822,1261,0,0
163.4983,5.0782,1260,0,0
163.5231,5.0862,1262,0,0
163.5479,5.0943,1264,0,0
163.5727,5.0782,1260,0,0
163.5975,5.0862,1262,0,0
163.6223,5.0540,1254,0,0
163.6471,5.0822,1261,0,0
163.6719,5.0782,1260,0,0
163.6967,5.0822,1261,0,0
163.7215,5.0177,1245,0,0
163.7463,5.0822,1261,0,0
163.7711,5.0983,1265,0,0
163.7959,5.0742,1259,0,0
163.8207,5.0701,1258,0,0
163.8455,5.0943,1264,0,0
163.8703,5.0580,1255,0,0
163.8951,5.0782,1260,0,0
163.9200,5.0661,1257,0,0
163.9447,5.0782,1260,0,0
163.9696,5.0983,1265,0,0
163.9944,5.0742,1259,0,0
164.0192,5.0943,1264,0,0
164.0440,5.0782,1260,0,0
164.0688,5.0500,1253,0,0
164.0936,5.0661,1257,0,0
164.1184,5.1064,1267,0,0
164.1432,5.0782,1260,0,0
164.1680,5.0742,1259,0,0
164.1928,5.1024,1266,0,0
164.2176,5.0862,1262,0,0
164.2424,5.0742,1259,0,0
164.2672,5.0822,1261,0,0
164.2920,5.0661,1257,0,0
164.3168,5.0338,1249,0,0
164.3416,5.1145,1269,0,0
164.3664,5.0782,1260,0,0
164.3912,5.0782,1260,0,0
164.4160,5.0943,1264,0,0
164.4408,5.0943,1264,0,0
164.4656,5.0822,1261,0,0
164.4904,5.0903,1263,0,0
164.5152,5.1145,1269,0,0
164.5400,5.0782,1260,0,0
164.5648,5.0298,1248,0,0
164.5896,5.0983,1265,0,0
164.6144,5.0742,1259,0,0
164.6392,5.0782,1260,0,0
164.6640,5.0862,1262,0,0
164.6888,5.0822,1261,0,0
164.7136,5.0822,1261,0,0
164.7384,5.0540,1254,0,0
164.7632,5.0661,1257,0,0
164.7880,5.0943,1264,0,0
164.8128,5.0379,1250,0,0
164.8376,5.1104,1268,0,0
164.8624,5.0661,1257,0,0
164.8873,5.0782,1260,0,0
164.9120,5.0943,1264,0,0
164.9368,5.0782,1260,0,0
164.9617,5.0822,1261,0,0
164.9865,5.0822,1261,0,0
165.0113,5.0782,1260,0,0
165.0361,5.0661,1257,0,0
165.0609,5.0822,1261,0,0
165.0857,5.0782,1260,0,0
165.1105,5.0782,1260,0,0
165.1353,5.0742,1259,0,0
165.1601,5.1024,1266,0,0
165.1849,5.0943,1264,0,0
165.2097,5.0782,1260,0,0
165.2345,5.0782,1260,0,0
165.2593,5.0742,1259,0,0
165.2841,5.0903,1263,0,0
165.3089,5.0540,1254,0,0
165.3337,5.1104,1268,0,0
165.3585,5.0379,1250,0,0
165.3833,5.0782,1260,0,0
165.4081,5.0822,1261,0,0
165.4329,5.0983,1265,0,0
165.4577,5.0742,1259,0,0
165.4825,5.0742,1259,0,0
165.5073,5.0983,1265,0,0
165.5321,5.0580,1255,0,0
165.5569,5.1064,1267,0,0
165.5817,5.0822,1261,0,0
165.6065,5.0742,1259,0,0
165.6313,5.1104,1268,0,0
165.6561,5.1064,1267,0,0
165.6809,5.0943,1264,0,0
165.7057,5.0742,1259,0,0
165.7305,5.0943,1264,0,0
165.7553,5.0661,1257,0,0
165.7801,5.0903,1263,0,0
165.8049,5.0782,1260,0,0
165.8297,5.1265,1272,0,0
165.8545,5.0903,1263,0,0
165.8793,5.0701,1258,0,0
165.9041,5.0943,1264,0,0
165.9290,5.0580,1255,0,0
165.9538,5.0742,1259,0,0
165.9786,5.1064,1267,0,0
166.0034,5.0782,1260,0,0
166.0282,5.0822,1261,0,0
166.0530,5.1064,1267,0,0
166.0778,5.0903,1263,0,0
166.1026,5.0661,1257,0,0
166.1274,5.0782,1260,0,0
166.1522,5.0540,1254,0,0
166.1770,5.0742,1259,0,0
166.2018,5.0782,1260,0,0
166.2266,5.0943,1264,0,0
166.2514,5.0903,1263,0,0
166.2762,5.0862,1262,0,0
166.3010,5.0822,1261,0,0
166.3258,5.0822,1261,0,0
166.3506,5.0983,1265,0,0
166.3754,5.0862,1262,0,0
166.4002,5.0943,1264,0,0
166.4250,5.0742,1259,0,0
166.4498,5.0822,1261,0,0
166.4746,5.0983,1265,0,0
166.4994,5.0782,1260,0,0
166.5242,5.0943,1264,0,0
166.5490,5.0661,1257,0,0
166.5738,5.0943,1264,0,0
166.5986,5.0903,1263,0,0
166.6234,5.0379,1250,0,0
166.6482,5.0742,1259,0,0
166.6730,5.0742,1259,0,0
166.6978,5.0943,1264,0,0
166.7226,5.0943,1264,0,0
166.7474,5.0903,1263,0,0
166.7722,5.0943,1264,0,0
166.7970,5.0419,1251,0,0
166.8218,5.0943,1264,0,0
166.8466,5.0943,1264,0,0
166.8714,5.0862,1262,0,0
166.8963,5.0903,1263,0,0
166.9211,5.0862,1262,0,0
166.9459,5.0742,1259,0,0
166.9707,5.0983,1265,0,0
166.9955,5.0822,1261,0,0
167.0203,5.0943,1264,0,0
167.0451,5.0822,1261,0,0
167.0699,5.1265,1272,0,0
167.0947,5.0983,1265,0,0
167.1195,5.0822,1261,0,0
167.1443,5.0862,1262,0,0
167.1691,5.0943,1264,0,0
167.1939,5.0782,1260,0,0
167.2187,5.0943,1264,0,0
167.2435,5.1064,1267,0,0
167.2683,5.1024,1266,0,0
167.2931,5.0822,1261,0,0
167.3179,5.0782,1260,0,0
167.3427,5.0661,1257,0,0
167.3675,5.0903,1263,0,0
167.3923,5.1225,1271,0,0
167.4171,5.0822,1261,0,0
167.4419,5.0943,1264,0,0
167.4667,5.0903,1263,0,0
167.4915,5.0862,1262,0,0
167.5163,5.0742,1259,0,0
167.5411,5.1104,1268,0,0
167.5659,5.0742,1259,0,0
167.5907,5.0943,1264,0,0
167.6155,5.0903,1263,0,0
167.6403,5.0903,1263,0,0
167.6651,5.0943,1264,0,0
167.6899,5.0661,1257,0,0
167.7147,5.0983,1265,0,0
167.7395,5.0661,1257,0,0
167.7643,5.0943,1264,0,0
167.7891,5.0782,1260,0,0
167.8139,5.0742,1259,0,0
167.8387,5.0943,1264,0,0
167.8636,5.0661,1257,0,0
167.8884,5.0742,1259,0,0
167.9132,5.0943,1264,0,0
167.9380,5.0862,1262,0,0
167.9628,5.0782,1260,0,0
167.9876,5.0742,1259,0,0
168.0124,5.0742,1259,0,0
168.0372,5.0701,1258,0,0
168.0620,5.0862,1262,0,0
168.0868,5.0903,1263,0,0
168.1116,5.0661,1257,0,0
168.1364,5.0742,1259,0,0
168.1612,5.0983,1265,0,0
168.1860,5.0862,1262,0,0
168.2108,5.0903,1263,0,0
168.2356,5.0742,1259,0,0
168.2604,5.0822,1261,0,0
168.2852,5.0500,1253,0,0
168.3100,5.0943,1264,0,0
168.3348,5.0943,1264,0,0
168.3596,5.0379,1250,0,0
168.3844,5.0338,1249,0,0
168.4092,5.0862,1262,0,0
168.4340,5.0782,1260,0,0
168.4588,5.0822,1261,0,0
168.4836,5.0822,1261,0,0
168.5084,5.0782,1260,0,0
168.5332,5.0701,1258,0,0
168.5580,5.1024,1266,0,0
168.5828,5.0742,1259,0,0
168.6076,5.0862,1262,0,0
168.6324,5.0862,1262,0,0
168.6572,5.0983,1265,0,0
168.6820,5.0943,1264,0,0
168.7068,5.0782,1260,0,0
168.7316,5.0742,1259,0,0
168.7564,5.0782,1260,0,0
168.7812,5.1265,1272,0,0
168.8060,5.0742,1259,0,0
168.8309,5.1306,1273,0,0
168.8557,5.0742,1259,0,0
168.8804,5.0782,1260,0,0
168.9053,5.0943,1264,0,0
168.9301,5.0782,1260,0,0
168.9549,5.0943,1264,0,0
168.9797,5.0983,1265,0,0
169.0045,5.0943,1264,0,0
169.0293,5.0943,1264,0,0
169.0541,5.0903,1263,0,0
169.0789,5.0782,1260,0,0
169.1037,5.0862,1262,0,0
169.1285,5.0782,1260,0,0
169.1533,5.0943,1264,0,0
169.1781,5.0862,1262,0,0
169.2029,5.0661,1257,0,0
169.2277,5.1104,1268,0,0
169.2525,5.0782,1260,0,0
169.2773,5.0822,1261,0,0
169.3021,5.0943,1264,0,0
169.3269,5.0903,1263,0,0
169.3517,5.0862,1262,0,0
169.3765,5.0862,1262,0,0
169.4013,5.0862,1262,0,0
169.4261,5.0661,1257,0,0
169.4509,5.0903,1263,0,0
169.4757,5.0862,1262,0,0
169.5005,5.0661,1257,0,0
169.5253,5.0822,1261,0,0
169.5501,5.0782,1260,0,0
169.5749,5.0782,1260,0,0
169.5997,5.1225,1271,0,0
169.6245,5.0701,1258,0,0
169.6493,5.0983,1265,0,0
169.6741,5.0862,1262,0,0
169.6989,5.0379,1250,0,0
169.7237,5.0701,1258,0,0
169.7486,5.0983,1265,0,0
169.7733,5.0419,1251,0,0
169.7981,5.0540,1254,0,0
169.8230,5.0822,1261,0,0
169.8477,5.0943,1264,0,0
169.8726,5.0782,1260,0,0
169.8974,5.0419,1251,0,0
169.9222,5.0782,1260,0,0
169.9470,5.0943,1264,0,0
169.9718,5.0862,1262,0,0
169.9966,5.0983,1265,0,0
170.0214,5.0742,1259,0,0
170.0462,5.0782,1260,0,0
170.0710,5.0742,1259,0,0
170.0958,5.1064,1267,0,0
170.1206,5.0903,1263,0,0
170.1454,5.0983,1265,0,0
170.1702,5.0782,1260,0,0
170.1950,5.0943,1264,0,0
170.2198,5.0862,1262,0,0
170.2446,5.1064,1267,0,0
170.2694,5.0822,1261,0,0
170.2942,5.0983,1265,0,0
170.3190,5.0943,1264,0,0
170.3438,5.0742,1259,0,0
170.3686,5.0701,1258,0,0
170.3934,5.0983,1265,0,0
170.4182,5.1145,1269,0,0
170.4430,5.0782,1260,0,0
170.4678,5.0903,1263,0,0
170.4926,5.0983,1265,0,0
170.5174,5.0822,1261,0,0
170.5422,5.0862,1262,0,0
170.5670,5.1265,1272,0,0
170.5918,5.0862,1262,0,0
170.6166,5.0782,1260,0,0
170.6414,5.0742,1259,0,0
170.6662,5.1225,1271,0,0
170.6910,5.0862,1262,0,0
170.7158,5.0742,1259,0,0
170.7406,5.0661,1257,0,0
170.7654,5.0338,1249,0,0
170.7903,5.0379,1250,0,0
170.8150,5.0983,1265,0,0
170.8399,5.0903,1263,0,0
170.8647,5.0661,1257,0,0
170.8895,5.0379,1250,0,0
170.9143,5.0903,1263,0,0
170.9391,5.0782,1260,0,0
170.9639,5.0661,1257,0,0
170.9887,5.0903,1263,0,0
171.0135,5.0862,1262,0,0
171.0383,5.0943,1264,0,0
171.0631,5.1104,1268,0,0
171.0879,5.0782,1260,0,0
171.1127,5.0661,1257,0,0
171.1375,5.0943,1264,0,0
171.1623,5.0742,1259,0,0
171.1871,5.0661,1257,0,0
171.2119,5.0742,1259,0,0
171.2367,5.0822,1261,0,0
171.2615,5.0782,1260,0,0
171.2863,5.1265,1272,0,0
171.3111,5.1064,1267,0,0
171.3359,5.0701,1258,0,0
171.3607,5.0298,1248,0,0
171.3855,5.0338,1249,0,0
171.4103,5.0943,1264,0,0
171.4351,5.1064,1267,0,0
171.4599,5.0862,1262,0,0
171.4847,5.0782,1260,0,0
171.5095,5.0540,1254,0,0
171.5343,5.0782,1260,0,0
171.5591,5.0943,1264,0,0
171.5839,5.0943,1264,0,0
171.6087,5.0822,1261,0,0
171.6335,5.0903,1263,0,0
171.6583,5.0661,1257,0,0
171.6831,5.0540,1254,0,0
171.7079,5.0500,1253,0,0
171.7327,5.0782,1260,0,0
171.7576,5.0822,1261,0,0
171.7823,5.0822,1261,0,0
171.8072,5.0983,1265,0,0
171.8320,5.0701,1258,0,0
171.8568,5.0943,1264,0,0
171.8816,5.0862,1262,0,0
171.9064,5.1024,1266,0,0
171.9312,5.0540,1254,0,0
171.9560,5.0983,1265,0,0
171.9808,5.0943,1264,0,0
172.0056,5.0943,1264,0,0
172.0304,5.0943,1264,0,0
172.0552,5.0782,1260,0,0
172.0800,5.0782,1260,0,0
172.1048,5.0782,1260,0,0
172.1296,5.1104,1268,0,0
172.1544,5.0782,1260,0,0
172.1792,5.1064,1267,0,0
172.2040,5.0782,1260,0,0
172.2288,5.0943,1264,0,0
172.2536,5.0500,1253,0,0
172.2784,5.0742,1259,0,0
172.3032,5.1024,1266,0,0
172.3280,5.0822,1261,0,0
172.3528,5.0661,1257,0,0
172.3776,5.0862,1262,0,0
172.4024,5.0500,1253,0,0
172.4272,5.0782,1260,0,0
172.4520,5.0943,1264,0,0
172.4768,5.0782,1260,0,0
172.5016,5.0983,1265,0,0
172.5264,5.0742,1259,0,0
172.5512,5.0943,1264,0,0
172.5760,5.0822,1261,0,0
172.6008,5.1225,1271,0,0
172.6256,5.0742,1259,0,0
172.6504,5.0862,1262,0,0
172.6752,5.0903,1263,0,0
172.7000,5.1064,1267,0,0
172.7249,5.0862,1262,0,0
172.7496,5.1104,1268,0,0
172.7744,5.0742,1259,0,0
172.7993,5.0782,1260,0,0
172.8241,5.0661,1257,0,0
172.8489,5.1064,1267,0,0
172.8737,5.0782,1260,0,0
172.8985,5.2072,1292,0,0
172.9233,5.0500,1253,0,0
172.9481,5.0822,1261,0,0
172.9729,5.0661,1257,0,0
172.9977,5.1104,1268,0,0
173.0225,5.0862,1262,0,0
173.0473,5.0943,1264,0,0
173.0721,5.0983,1265,0,0
173.0969,5.0903,1263,0,0
173.1217,5.0782,1260,0,0
173.1465,5.0742,1259,0,0
173.1713,5.0822,1261,0,0
173.1961,5.0983,1265,0,0
173.2209,5.0782,1260,0,0
173.2457,5.0782,1260,0,0
173.2705,5.1024,1266,0,0
173.2953,5.0862,1262,0,0
173.3201,5.0782,1260,0,0
173.3449,5.0943,1264,0,0
173.3697,5.0943,1264,0,0
173.3945,5.0943,1264,0,0
173.4193,5.0822,1261,0,0
173.4441,5.0742,1259,0,0
173.4689,5.0822,1261,0,0
173.4937,5.0701,1258,0,0
173.5185,5.0540,1254,0,0
173.5433,5.0782,1260,0,0
173.5681,5.0862,1262,0,0
173.5929,5.0862,1262,0,0
173.6177,5.0943,1264,0,0
173.6425,5.0943,1264,0,0
173.6673,5.0983,1265,0,0
173.6921,5.0983,1265,0,0
173.7169,5.0983,1265,0,0
173.7417,5.0782,1260,0,0
173.7666,5.0862,1262,0,0
173.7914,5.0782,1260,0,0
173.8162,5.0701,1258,0,0
173.8410,5.0580,1255,0,0
173.8658,5.0862,1262,0,0
173.8906,5.0661,1257,0,0
173.9154,5.0742,1259,0,0
173.9402,5.0379,1250,0,0
173.9650,5.0943,1264,0,0
173.9898,5.0782,1260,0,0
174.0146,5.0742,1259,0,0
174.0394,5.0661,1257,0,0
174.0642,5.0782,1260,0,0
174.0890,5.1064,1267,0,0
174.1138,5.0742,1259,0,0
174.1386,5.0661,1257,0,0
174.1634,5.0943,1264,0,0
174.1882,5.0742,1259,0,0
174.2130,5.0862,1262,0,0
174.2378,5.0782,1260,0,0
174.2626,5.0903,1263,0,0
174.2874,5.0782,1260,0,0
174.3122,5.0943,1264,0,0
174.3370,5.0782,1260,0,0
174.3618,5.0903,1263,0,0
174.3866,5.0983,1265,0,0
174.4114,5.0782,1260,0,0
174.4362,5.0903,1263,0,0
174.4610,5.0983,1265,0,0
174.4858,5.0903,1263,0,0
174.5106,5.0943,1264,0,0
174.5354,5.0742,1259,0,0
174.5602,5.0701,1258,0,0
174.5850,5.0742,1259,0,0
174.6098,5.0540,1254,0,0
174.6346,5.0862,1262,0,0
174.6594,5.0379,1250,0,0
174.6842,5.0782,1260,0,0
174.7090,5.0943,1264,0,0
174.7339,5.0983,1265,0,0
174.7587,5.0661,1257,0,0
174.7835,5.0822,1261,0,0
174.8083,5.0862,1262,0,0
174.8331,5.0661,1257,0,0
174.8579,5.0943,1264,0,0
174.8827,5.1064,1267,0,0
174.9075,5.0540,1254,0,0
174.9323,5.0822,1261,0,0
174.9571,5.0742,1259,0,0
174.9819,5.1225,1271,0,0
175.0067,5.0903,1263,0,0
175.0315,5.0742,1259,0,0
175.0563,5.0862,1262,0,0
175.0811,5.0983,1265,0,0
175.1059,5.1265,1272,0,0
175.1307,5.0782,1260,0,0
175.1555,5.0782,1260,0,0
175.1803,5.0822,1261,0,0
175.2051,5.0742,1259,0,0
175.2299,5.0379,1250,0,0
175.2547,5.0782,1260,0,0
175.2795,5.0943,1264,0,0
175.3043,5.0943,1264,0,0
175.3291,5.0903,1263,0,0
175.3539,5.0742,1259,0,0
175.3787,5.0822,1261,0,0
175.4035,5.1064,1267,0,0
175.4283,5.0782,1260,0,0
175.4531,5.1064,1267,0,0
175.4779,5.0661,1257,0,0
175.5027,5.0742,1259,0,0
175.5275,5.0782,1260,0,0
175.5523,5.0782,1260,0,0
175.5771,5.0943,1264,0,0
175.6019,5.0862,1262,0,0
175.6267,5.0782,1260,0,0
175.6516,5.0862,1262,0,0
175.6763,5.0782,1260,0,0
175.7012,5.0862,1262,0,0
175.7260,5.0983,1265,0,0
175.7508,5.0742,1259,0,0
175.7756,5.0701,1258,0,0
175.8004,5.0782,1260,0,0
175.8252,5.0943,1264,0,0
175.8500,5.1145,1269,0,0
175.8748,5.0661,1257,0,0
175.8996,5.0742,1259,0,0
175.9244,5.0943,1264,0,0
175.9492,5.0419,1251,0,0
175.9740,5.0782,1260,0,0
175.9988,5.1064,1267,0,0
176.0236,5.0983,1265,0,0
176.0484,5.0943,1264,0,0
176.0732,5.0943,1264,0,0
176.0980,5.0782,1260,0,0
176.1228,5.1104,1268,0,0
176.1476,5.0862,1262,0,0
176.1724,5.0500,1253,0,0
176.1972,5.0943,1264,0,0
176.2220,5.0661,1257,0,0
176.2468,5.0580,1255,0,0
176.2716,5.0983,1265,0,0
176.2964,5.0782,1260,0,0
176.3212,5.0661,1257,0,0
176.3460,5.0822,1261,0,0
176.3708,5.0782,1260,0,0
176.3956,5.0943,1264,0,0
176.4204,5.0782,1260,0,0
176.4452,5.0862,1262,0,0
176.4700,5.0983,1265,0,0
176.4948,5.0862,1262,0,0
176.5196,5.0742,1259,0,0
176.5444,5.0943,1264,0,0
176.5692,5.0983,1265,0,0
176.5940,5.0540,1254,0,0
176.6189,5.0782,1260,0,0
176.6436,5.0822,1261,0,0
176.6685,5.0943,1264,0,0
176.6933,5.0903,1263,0,0
176.7180,5.1104,1268,0,0
176.7429,5.0782,1260,0,0
176.7677,5.0943,1264,0,0
176.7925,5.1064,1267,0,0
176.8173,5.0943,1264,0,0
176.8421,5.0742,1259,0,0
176.8669,5.0742,1259,0,0
176.8917,5.0782,1260,0,0
176.9165,5.0862,1262,0,0
176.9413,5.0983,1265,0,0
176.9661,5.0862,1262,0,0
176.9909,5.0822,1261,0,0
177.0157,5.0701,1258,0,0
177.0405,5.0500,1253,0,0
177.0653,5.0943,1264,0,0
177.0901,5.0782,1260,0,0
177.1149,5.0943,1264,0,0
177.1397,5.0782,1260,0,0
177.1645,5.0943,1264,0,0
177.1893,5.0701,1258,0,0
177.2141,5.0943,1264,0,0
177.2389,5.0943,1264,0,0
177.2637,5.0943,1264,0,0
177.2885,5.0782,1260,0,0
177.3133,5.0862,1262,0,0
177.3381,5.0782,1260,0,0
177.3629,5.0500,1253,0,0
177.3877,5.0983,1265,0,0
177.4125,5.0097,1243,0,0
177.4373,5.0943,1264,0,0
177.4621,5.0782,1260,0,0
177.4869,5.0983,1265,0,0
177.5117,5.0822,1261,0,0
177.5365,5.0782,1260,0,0
177.5613,5.0661,1257,0,0
177.5862,5.0419,1251,0,0
177.6109,5.0983,1265,0,0
177.6357,5.0943,1264,0,0
177.6606,5.0782,1260,0,0
177.6853,5.0983,1265,0,0
177.7102,5.0862,1262,0,0
177.7350,5.0782,1260,0,0
177.7598,5.0862,1262,0,0
177.7846,5.0701,1258,0,0
177.8094,5.0862,1262,0,0
177.8342,5.0782,1260,0,0
177.8590,5.0782,1260,0,0
177.8838,5.0742,1259,0,0
177.9086,5.0903,1263,0,0
177.9334,5.0701,1258,0,0
177.9582,5.1024,1266,0,0
177.9830,5.0742,1259,0,0
178.0078,5.0782,1260,0,0
178.0326,5.0419,1251,0,0
178.0574,5.0862,1262,0,0
178.0822,5.0500,1253,0,0
178.1070,5.0822,1261,0,0
178.1318,5.1064,1267,0,0
178.1566,5.0540,1254,0,0
178.1814,5.1225,1271,0,0
178.2062,5.0822,1261,0,0
178.2310,5.0983,1265,0,0
178.2558,5.0742,1259,0,0
178.2806,5.0742,1259,0,0
178.3054,5.0782,1260,0,0
178.3302,5.0943,1264,0,0
178.3550,5.0943,1264,0,0
178.3798,5.0862,1262,0,0
178.4046,5.0742,1259,0,0
178.4294,5.0379,1250,0,0
178.4542,5.0701,1258,0,0
178.4790,5.0862,1262,0,0
178.5038,5.0983,1265,0,0
178.5286,5.0500,1253,0,0
178.5534,5.1104,1268,0,0
178.5782,5.0943,1264,0,0
178.6030,5.0742,1259,0,0
178.6279,5.0782,1260,0,0
178.6526,5.1346,1274,0,0
178.6775,5.0903,1263,0,0
178.7023,5.0983,1265,0,0
178.7271,5.1064,1267,0,0
178.7519,5.1225,1271,0,0
178.7767,5.0661,1257,0,0
178.8015,5.0943,1264,0,0
178.8263,5.1306,1273,0,0
178.8511,5.1104,1268,0,0
178.8759,5.0983,1265,0,0
178.9007,5.0943,1264,0,0
178.9255,5.0742,1259,0,0
178.9503,5.0943,1264,0,0
178.9751,5.0742,1259,0,0
178.9999,5.0701,1258,0,0
179.0247,5.0742,1259,0,0
179.0495,5.0862,1262,0,0
179.0743,5.1024,1266,0,0
179.0991,5.0943,1264,0,0
179.1239,5.0862,1262,0,0
179.1487,5.0862,1262,0,0
179.1735,5.0500,1253,0,0
179.1983,5.0782,1260,0,0
179.2231,5.0782,1260,0,0
179.2479,5.0983,1265,0,0
179.2727,5.0943,1264,0,0
179.2975,5.0379,1250,0,0
179.3223,5.0983,1265,0,0
179.3471,5.0782,1260,0,0
179.3719,5.0903,1263,0,0
179.3967,5.0943,1264,0,0
179.4215,5.0822,1261,0,0
179.4463,5.0701,1258,0,0
179.4711,5.0943,1264,0,0
179.4959,5.1064,1267,0,0
179.5207,5.0862,1262,0,0
179.5455,5.1265,1272,0,0
179.5703,5.0782,1260,0,0
179.5952,5.0943,1264,0,0
179.6199,5.0742,1259,0,0
179.6448,5.0943,1264,0,0
179.6696,5.1064,1267,0,0
179.6944,5.0782,1260,0,0
179.7192,5.0903,1263,0,0
179.7440,5.0540,1254,0,0
179.7688,5.0943,1264,0,0
179.7936,5.0983,1265,0,0
179.8184,5.0661,1257,0,0
179.8432,5.1064,1267,0,0
179.8680,5.0782,1260,0,0
179.8928,5.0862,1262,0,0
179.9176,5.1104,1268,0,0
179.9424,5.0419,1251,0,0
179.9672,5.0742,1259,0,0
179.9920,5.0782,1260,0,0
180.0168,5.0822,1261,0,0
180.0416,5.0862,1262,0,0
180.0664,5.0983,1265,0,0
180.0912,5.0782,1260,0,0
180.1160,5.0742,1259,0,0
180.1408,5.1265,1272,0,0
180.1656,5.1830,1286,0,0
180.1904,5.0862,1262,0,0
180.2152,5.0822,1261,0,0
180.2400,5.0943,1264,0,0
180.2648,5.0782,1260,0,0
180.2896,5.0419,1251,0,0
180.3144,5.0742,1259,0,0
180.3392,5.0500,1253,0,0
180.3640,5.0983,1265,0,0
180.3888,5.0943,1264,0,0
180.4136,5.1024,1266,0,0
180.4384,5.0943,1264,0,0
180.4632,5.1265,1272,0,0
180.4880,5.0943,1264,0,0
180.5128,5.0782,1260,0,0
180.5376,5.0943,1264,0,0
180.5625,5.0782,1260,0,0
180.5872,5.0862,1262,0,0
180.6120,5.0742,1259,0,0
180.6369,5.0419,1251,0,0
180.6617,5.0983,1265,0,0
180.6865,5.0782,1260,0,0
180.7113,5.0862,1262,0,0
180.7361,5.0903,1263,0,0
180.7609,5.1024,1266,0,0
180.7857,5.0983,1265,0,0
180.8105,5.0822,1261,0,0
180.8353,5.1024,1266,0,0
180.8601,5.1024,1266,0,0
180.8849,5.1145,1269,0,0
180.9097,5.0782,1260,0,0
180.9345,5.0822,1261,0,0
180.9593,5.0782,1260,0,0
180.9841,5.0540,1254,0,0
181.0089,5.0983,1265,0,0
181.0337,5.0701,1258,0,0
181.0585,5.0822,1261,0,0
181.0833,5.0862,1262,0,0
181.1081,5.0742,1259,0,0
181.1329,5.0379,1250,0,0
181.1577,5.0862,1262,0,0
181.1825,5.0822,1261,0,0
181.2073,5.0782,1260,0,0
181.2321,5.0782,1260,0,0
181.2569,5.0782,1260,0,0
181.2817,5.0862,1262,0,0
181.3065,5.0701,1258,0,0
181.3313,5.1265,1272,0,0
181.3561,5.0540,1254,0,0
181.3809,5.0661,1257,0,0
181.4057,5.1225,1271,0,0
181.4305,5.0661,1257,0,0
181.4553,5.0661,1257,0,0
181.4801,5.1225,1271,0,0
181.5049,5.0701,1258,0,0
181.5297,5.0742,1259,0,0
181.5546,5.0903,1263,0,0
181.5793,5.0862,1262,0,0
181.6042,5.0862,1262,0,0
181.6290,5.0943,1264,0,0
181.6538,5.0943,1264,0,0
181.6786,5.0782,1260,0,0
181.7034,5.1024,1266,0,0
181.7282,5.1024,1266,0,0
181.7530,5.0862,1262,0,0
181.7778,5.0943,1264,0,0
181.8026,5.0742,1259,0,0
181.8274,5.0782,1260,0,0
181.8522,5.1346,1274,0,0
181.8770,5.0943,1264,0,0
181.9018,5.0943,1264,0,0
181.9266,5.0782,1260,0,0
181.9514,5.0862,1262,0,0
181.9762,5.0862,1262,0,0
182.0010,5.0983,1265,0,0
182.0258,5.0822,1261,0,0
182.0506,5.0742,1259,0,0
182.0754,5.0822,1261,0,0
182.1002,5.0983,1265,0,0
182.1250,5.0903,1263,0,0
182.1498,5.0903,1263,0,0
182.1746,5.0661,1257,0,0
182.1994,5.0419,1251,0,0
182.2242,5.1346,1274,0,0
182.2490,5.1225,1271,0,0
182.2738,5.0782,1260,0,0
182.2986,5.0782,1260,0,0
182.3234,5.0782,1260,0,0
182.3482,5.0943,1264,0,0
182.3730,5.0782,1260,0,0
182.3978,5.0822,1261,0,0
182.4226,5.0862,1262,0,0
182.4474,5.0782,1260,0,0
182.4722,5.0983,1265,0,0
182.4970,5.0661,1257,0,0
182.5219,5.1064,1267,0,0
182.5466,5.0661,1257,0,0
182.5715,5.0903,1263,0,0
182.5963,5.0419,1251,0,0
182.6211,5.0943,1264,0,0
182.6459,5.0903,1263,0,0
182.6707,5.0742,1259,0,0
182.6955,5.0983,1265,0,0
182.7203,5.0580,1255,0,0
182.7451,5.0903,1263,0,0
182.7699,5.0903,1263,0,0
182.7947,5.0822,1261,0,0
182.8195,5.0782,1260,0,0
182.8443,5.1104,1268,0,0
182.8691,5.0822,1261,0,0
182.8939,5.0500,1253,0,0
182.9187,5.0500,1253,0,0
182.9435,5.1870,1287,0,0
182.9683,5.1064,1267,0,0
182.9931,5.0782,1260,0,0
183.0179,5.0983,1265,0,0
183.0427,5.0782,1260,0,0
183.0675,5.0540,1254,0,0
183.0923,5.0943,1264,0,0
183.1171,5.1024,1266,0,0
183.1419,5.0862,1262,0,0
183.1667,5.0943,1264,0,0
183.1915,5.0862,1262,0,0
183.2163,5.0862,1262,0,0
183.2411,5.1064,1267,0,0
183.2659,5.0862,1262,0,0
183.2907,5.0580,1255,0,0
183.3155,5.0782,1260,0,0
183.3403,5.0943,1264,0,0
183.3651,5.0782,1260,0,0
183.3899,5.0943,1264,0,0
183.4147,5.0943,1264,0,0
183.4395,5.0419,1251,0,0
183.4643,5.0822,1261,0,0
183.4892,5.0983,1265,0,0
183.5139,5.0822,1261,0,0
183.5388,5.0661,1257,0,0
183.5636,5.0943,1264,0,0
183.5884,5.0903,1263,0,0
183.6132,5.0983,1265,0,0
183.6380,5.0983,1265,0,0
183.6628,5.1104,1268,0,0
183.6876,5.0943,1264,0,0
183.7124,5.0822,1261,0,0
183.7372,5.0742,1259,0,0
183.7620,5.0782,1260,0,0
183.7868,5.0943,1264,0,0
183.8116,5.0983,1265,0,0
183.8364,5.0862,1262,0,0
183.8612,5.0862,1262,0,0
183.8860,5.0903,1263,0,0
183.9108,5.1104,1268,0,0
183.9356,5.1225,1271,0,0
183.9604,5.0862,1262,0,0
183.9852,5.0943,1264,0,0
184.0100,5.0862,1262,0,0
184.0348,5.0782,1260,0,0
184.0596,5.0661,1257,0,0
184.0844,5.0822,1261,0,0
184.1092,5.0862,1262,0,0
184.1340,5.0943,1264,0,0
184.1588,5.0782,1260,0,0
184.1836,5.0822,1261,0,0
184.2084,5.0782,1260,0,0
184.2332,5.0943,1264,0,0
184.2580,5.1104,1268,0,0
184.2828,5.0742,1259,0,0
184.3076,5.0943,1264,0,0
184.3324,5.0782,1260,0,0
184.3572,5.0782,1260,0,0
184.3820,5.0782,1260,0,0
184.4068,5.0782,1260,0,0
184.4316,5.0701,1258,0,0
184.4565,5.0983,1265,0,0
184.4812,5.0943,1264,0,0
184.5061,5.0862,1262,0,0
184.5309,5.0983,1265,0,0
184.5556,5.1064,1267,0,0
184.5805,5.0782,1260,0,0
184.6053,5.0742,1259,0,0
184.6301,5.1024,1266,0,0
184.6549,5.0661,1257,0,0
184.6797,5.0943,1264,0,0
184.7045,5.0742,1259,0,0
184.7293,5.0782,1260,0,0
184.7541,5.0742,1259,0,0
184.7789,5.1064,1267,0,0
184.8037,5.0782,1260,0,0
184.8285,5.0782,1260,0,0
184.8533,5.0943,1264,0,0
184.8781,5.0862,1262,0,0
184.9029,5.0419,1251,0,0
184.9277,5.0782,1260,0,0
184.9525,5.0943,1264,0,0
184.9773,5.0580,1255,0,0
185.0021,5.0943,1264,0,0
185.0269,5.0701,1258,0,0
185.0517,5.0742,1259,0,0
185.0765,5.0862,1262,0,0
185.1013,5.1064,1267,0,0
185.1261,5.0742,1259,0,0
185.1509,5.0983,1265,0,0
185.1757,5.0742,1259,0,0
185.2005,5.0742,1259,0,0
185.2253,5.0903,1263,0,0
185.2501,5.0782,1260,0,0
185.2749,5.0862,1262,0,0
185.2997,5.0822,1261,0,0
185.3245,5.0782,1260,0,0
185.3493,5.0419,1251,0,0
185.3741,5.0782,1260,0,0
185.3989,5.0742,1259,0,0
185.4238,5.0943,1264,0,0
185.4485,5.0742,1259,0,0
185.4733,5.0742,1259,0,0
185.4982,5.0983,1265,0,0
185.5229,5.0782,1260,0,0
185.5478,5.0943,1264,0,0
185.5726,5.0701,1258,0,0
185.5974,5.0983,1265,0,0
185.6222,5.1104,1268,0,0
185.6470,5.0943,1264,0,0
185.6718,5.1225,1271,0,0
185.6966,5.0983,1265,0,0
185.7214,5.0782,1260,0,0
185.7462,5.0862,1262,0,0
185.7710,5.0782,1260,0,0
185.7958,5.0419,1251,0,0
185.8206,5.0943,1264,0,0
185.8454,5.0782,1260,0,0
185.8702,5.0782,1260,0,0
185.8950,5.0782,1260,0,0
185.9198,5.0862,1262,0,0
185.9446,5.0903,1263,0,0
185.9694,5.0742,1259,0,0
185.9942,5.0903,1263,0,0
186.0190,5.0742,1259,0,0
186.0438,5.0419,1251,0,0
186.0686,5.0782,1260,0,0
186.0934,5.0782,1260,0,0
186.1182,5.0661,1257,0,0
186.1430,5.0983,1265,0,0
186.1678,5.0782,1260,0,0
186.1926,5.0742,1259,0,0
186.2174,5.0782,1260,0,0
186.2422,5.0983,1265,0,0
186.2670,5.1064,1267,0,0
186.2918,5.0782,1260,0,0
186.3166,5.1225,1271,0,0
186.3414,5.0298,1248,0,0
186.3662,5.0943,1264,0,0
186.3910,5.0822,1261,0,0
186.4158,5.0661,1257,0,0
186.4406,5.0983,1265,0,0
186.4655,5.0862,1262,0,0
186.4902,5.1064,1267,0,0
186.5151,5.0862,1262,0,0
186.5399,5.0822,1261,0,0
186.5647,5.0782,1260,0,0
186.5895,5.0862,1262,0,0
186.6143,5.0742,1259,0,0
186.6391,5.0943,1264,0,0
186.6639,5.1265,1272,0,0
186.6887,5.0782,1260,0,0
186.7135,5.0943,1264,0,0
186.7383,5.0661,1257,0,0
186.7631,5.0742,1259,0,0
186.7879,5.0943,1264,0,0
186.8127,5.0862,1262,0,0
186.8375,5.0983,1265,0,0
186.8623,5.0782,1260,0,0
186.8871,5.0943,1264,0,0
186.9119,5.0862,1262,0,0
186.9367,5.0782,1260,0,0
186.9615,5.0862,1262,0,0
186.9863,5.1265,1272,0,0
187.0111,5.0661,1257,0,0
187.0359,5.0782,1260,0,0
187.0607,5.1427,1276,0,0
187.0855,5.0943,1264,0,0
187.1103,5.0983,1265,0,0
187.1351,5.0580,1255,0,0
187.1599,5.0782,1260,0,0
187.1847,5.0983,1265,0,0
187.2095,5.0742,1259,0,0
187.2343,5.0903,1263,0,0
187.2591,5.1346,1274,0,0
187.2839,5.0379,1250,0,0
187.3087,5.0822,1261,0,0
187.3335,5.0862,1262,0,0
187.3583,5.0943,1264,0,0
187.3831,5.0903,1263,0,0
187.4079,5.0983,1265,0,0
187.4328,5.0943,1264,0,0
187.4576,5.0983,1265,0,0
187.4824,5.0943,1264,0,0
187.5072,5.0862,1262,0,0
187.5320,5.0742,1259,0,0
187.5568,5.0862,1262,0,0
187.5816,5.0822,1261,0,0
187.6064,5.0862,1262,0,0
187.6312,5.0379,1250,0,0
187.6560,5.0862,1262,0,0
187.6808,5.0701,1258,0,0
187.7056,5.0782,1260,0,0
187.7304,5.0742,1259,0,0
187.7552,5.0983,1265,0,0
187.7800,5.0862,1262,0,0
187.8048,5.0742,1259,0,0
187.8296,5.0983,1265,0,0
187.8544,5.0943,1264,0,0
187.8792,5.0782,1260,0,0
187.9040,5.0782,1260,0,0
187.9288,5.0943,1264,0,0
187.9536,5.0782,1260,0,0
187.9784,5.0742,1259,0,0
188.0032,5.0661,1257,0,0
188.0280,5.1064,1267,0,0
188.0528,5.0983,1265,0,0
188.0776,5.0862,1262,0,0
188.1024,5.0782,1260,0,0
188.1272,5.1024,1266,0,0
188.1520,5.0742,1259,0,0
188.1768,5.0903,1263,0,0
188.2016,5.0903,1263,0,0
188.2264,5.0862,1262,0,0
188.2512,5.0782,1260,0,0
188.2760,5.1024,1266,0,0
188.3008,5.0742,1259,0,0
188.3256,5.0983,1265,0,0
188.3504,5.0500,1253,0,0
188.3752,5.0903,1263,0,0
188.4001,5.1306,1273,0,0
188.4249,5.0983,1265,0,0
188.4497,5.1225,1271,0,0
188.4745,5.0903,1263,0,0
188.4993,5.0903,1263,0,0
188.5241,5.0379,1250,0,0
188.5489,5.0983,1265,0,0
188.5737,5.1064,1267,0,0
188.5985,5.0943,1264,0,0
188.6233,5.0903,1263,0,0
188.6481,5.0943,1264,0,0
188.6729,5.0983,1265,0,0
188.6977,5.0862,1262,0,0
188.7225,5.0862,1262,0,0
188.7473,5.0862,1262,0,0
188.7721,5.0903,1263,0,0
188.7969,5.0742,1259,0,0
188.8217,5.0862,1262,0,0
188.8465,5.0782,1260,0,0
188.8713,5.0661,1257,0,0
188.8961,5.1104,1268,0,0
188.9209,5.0782,1260,0,0
188.9457,5.0419,1251,0,0
188.9705,5.0862,1262,0,0
188.9953,5.0943,1264,0,0
189.0201,5.0862,1262,0,0
189.0449,5.0822,1261,0,0
189.0697,5.1064,1267,0,0
189.0945,5.0943,1264,0,0
189.1193,5.1104,1268,0,0
189.1441,5.0983,1265,0,0
189.1689,5.0862,1262,0,0
189.1937,5.0661,1257,0,0
189.2185,5.1064,1267,0,0
189.2433,5.0661,1257,0,0
189.2681,5.0862,1262,0,0
189.2929,5.1225,1271,0,0
189.3177,5.0782,1260,0,0
189.3425,5.0862,1262,0,0
189.3673,5.0943,1264,0,0
189.3922,5.0742,1259,0,0
189.4169,5.0862,1262,0,0
189.4418,5.0943,1264,0,0
189.4666,5.0782,1260,0,0
189.4914,5.0862,1262,0,0
189.5162,5.0742,1259,0,0
189.5410,5.1104,1268,0,0
189.5658,5.0862,1262,0,0
189.5906,5.1225,1271,0,0
189.6154,5.0782,1260,0,0
189.6402,5.0943,1264,0,0
189.6650,5.0500,1253,0,0
189.6898,5.0782,1260,0,0
189.7146,5.1225,1271,0,0
189.7394,5.0500,1253,0,0
189.7642,5.0983,1265,0,0
189.7890,5.0822,1261,0,0
189.8138,5.0782,1260,0,0
189.8386,5.0742,1259,0,0
189.8634,5.0943,1264,0,0
189.8882,5.0782,1260,0,0
189.9130,5.0782,1260,0,0
189.9378,5.0782,1260,0,0
189.9626,5.0822,1261,0,0
189.9874,5.1306,1273,0,0
190.0122,5.0862,1262,0,0
190.0370,5.0822,1261,0,0
190.0618,5.0782,1260,0,0
190.0866,5.0903,1263,0,0
190.1114,5.0661,1257,0,0
190.1362,5.0661,1257,0,0
190.1610,5.0943,1264,0,0
190.1858,5.1064,1267,0,0
190.2106,5.0661,1257,0,0
190.2354,5.0782,1260,0,0
190.2602,5.1225,1271,0,0
190.2850,5.0782,1260,0,0
190.3098,5.0862,1262,0,0
190.3346,5.0782,1260,0,0
190.3595,5.0943,1264,0,0
190.3842,5.0943,1264,0,0
190.4091,5.0862,1262,0,0
190.4339,5.0862,1262,0,0
190.4587,5.1024,1266,0,0
190.4835,5.0580,1255,0,0
190.5083,5.0822,1261,0,0
190.5331,5.0943,1264,0,0
190.5579,5.0903,1263,0,0
190.5827,5.0983,1265,0,0
190.6075,5.0943,1264,0,0
190.6323,5.1064,1267,0,0
190.6571,5.0862,1262,0,0
190.6819,5.1427,1276,0,0
190.7067,5.0742,1259,0,0
190.7315,5.0862,1262,0,0
190.7563,5.0782,1260,0,0
190.7811,5.0742,1259,0,0
190.8059,5.0782,1260,0,0
190.8307,5.1024,1266,0,0
190.8555,5.1024,1266,0,0
190.8803,5.1225,1271,0,0
190.9051,5.0419,1251,0,0
190.9299,5.0943,1264,0,0
190.9547,5.0862,1262,0,0
190.9795,5.0862,1262,0,0
191.0043,5.1064,1267,0,0
191.0291,5.0500,1253,0,0
191.0539,5.0782,1260,0,0
191.0787,5.0419,1251,0,0
191.1035,5.0742,1259,0,0
191.1283,5.0862,1262,0,0
191.1531,5.0983,1265,0,0
191.1779,5.0782,1260,0,0
191.2027,5.0782,1260,0,0
191.2275,5.0862,1262,0,0
191.2523,5.0822,1261,0,0
191.2771,5.0782,1260,0,0
191.3019,5.0782,1260,0,0
191.3268,5.0782,1260,0,0
191.3515,5.0500,1253,0,0
191.3764,5.0379,1250,0,0
191.4012,5.0701,1258,0,0
191.4260,5.0742,1259,0,0
191.4508,5.0661,1257,0,0
191.4756,5.1145,1269,0,0
191.5004,5.0983,1265,0,0
191.5252,5.0701,1258,0,0
191.5500,5.0943,1264,0,0
191.5748,5.0943,1264,0,0
191.5996,5.0862,1262,0,0
191.6244,5.1265,1272,0,0
191.6492,5.0701,1258,0,0
191.6740,5.0782,1260,0,0
191.6988,5.0500,1253,0,0
191.7236,5.1104,1268,0,0
191.7484,5.1064,1267,0,0
191.7732,5.0782,1260,0,0
191.7980,5.0943,1264,0,0
191.8228,5.0782,1260,0,0
191.8476,5.0943,1264,0,0
191.8724,5.0943,1264,0,0
191.8972,5.0540,1254,0,0
191.9220,5.0661,1257,0,0
191.9468,5.0782,1260,0,0
191.9716,5.0903,1263,0,0
191.9964,5.0742,1259,0,0
192.0212,5.0782,1260,0,0
192.0460,5.0822,1261,0,0
192.0708,5.0782,1260,0,0
192.0956,5.0822,1261,0,0
192.1204,5.1064,1267,0,0
192.1452,5.0943,1264,0,0
192.1700,5.0983,1265,0,0
192.1948,5.1265,1272,0,0
192.2196,5.1064,1267,0,0
192.2444,5.0782,1260,0,0
192.2692,5.0742,1259,0,0
192.2941,5.0943,1264,0,0
192.3188,5.0943,1264,0,0
192.3437,5.1064,1267,0,0
192.3685,5.0983,1265,0,0
192.3932,5.0943,1264,0,0
192.4181,5.0742,1259,0,0
192.4429,5.0862,1262,0,0
192.4677,5.0661,1257,0,0
192.4925,5.0419,1251,0,0
192.5173,5.0943,1264,0,0
192.5421,5.0782,1260,0,0
192.5669,5.0742,1259,0,0
192.5917,5.0943,1264,0,0
192.6165,5.1064,1267,0,0
192.6413,5.0742,1259,0,0
192.6661,5.0782,1260,0,0
192.6909,5.0782,1260,0,0
192.7157,5.0782,1260,0,0
192.7405,5.0782,1260,0,0
192.7653,5.0338,1249,0,0
192.7901,5.0782,1260,0,0
192.8149,5.0661,1257,0,0
192.8397,5.1064,1267,0,0
192.8645,5.0943,1264,0,0
192.8893,5.0661,1257,0,0
192.9141,5.1306,1273,0,0
192.9389,5.0701,1258,0,0
192.9637,5.0338,1249,0,0
192.9885,5.0822,1261,0,0
193.0133,5.0862,1262,0,0
193.0381,5.0419,1251,0,0
193.0629,5.0782,1260,0,0
193.0877,5.0661,1257,0,0
193.1125,5.0903,1263,0,0
193.1373,5.0379,1250,0,0
193.1621,5.0782,1260,0,0
193.1869,5.0580,1255,0,0
193.2117,5.0983,1265,0,0
193.2365,5.0943,1264,0,0
193.2614,5.0742,1259,0,0
193.2861,5.0862,1262,0,0
193.3109,5.0943,1264,0,0
193.3358,5.0943,1264,0,0
193.3605,5.0943,1264,0,0
193.3854,5.0943,1264,0,0
193.4102,5.0983,1265,0,0
193.4350,5.0701,1258,0,0
193.4598,5.0862,1262,0,0
193.4846,5.0943,1264,0,0
193.5094,5.0903,1263,0,0
193.5342,5.0782,1260,0,0
193.5590,5.0742,1259,0,0
193.5838,5.0661,1257,0,0
193.6086,5.0742,1259,0,0
193.6334,5.0822,1261,0,0
193.6582,5.0943,1264,0,0
193.6830,5.0983,1265,0,0
193.7078,5.0862,1262,0,0
193.7326,5.0943,1264,0,0
193.7574,5.0661,1257,0,0
193.7822,5.0661,1257,0,0
193.8070,5.0782,1260,0,0
193.8318,5.0862,1262,0,0
193.8566,5.0782,1260,0,0
193.8814,5.0943,1264,0,0
193.9062,5.0943,1264,0,0
193.9310,5.0782,1260,0,0
193.9558,5.0943,1264,0,0
193.9806,5.0862,1262,0,0
194.0054,5.0379,1250,0,0
194.0302,5.0943,1264,0,0
194.0550,5.1104,1268,0,0
194.0798,5.0782,1260,0,0
194.1046,5.0983,1265,0,0
194.1294,5.0983,1265,0,0
194.1542,5.0862,1262,0,0
194.1790,5.0903,1263,0,0
194.2038,5.0943,1264,0,0
194.2286,5.0943,1264,0,0
194.2534,5.0540,1254,0,0
194.2782,5.0983,1265,0,0
194.3031,5.0661,1257,0,0
194.3279,5.0822,1261,0,0
194.3527,5.0903,1263,0,0
194.3775,5.0983,1265,0,0
194.4023,5.0862,1262,0,0
194.4271,5.0862,1262,0,0
194.4519,5.0782,1260,0,0
194.4767,5.0742,1259,0,0
194.5015,5.1024,1266,0,0
194.5263,5.0943,1264,0,0
194.5511,5.0862,1262,0,0
194.5759,5.0782,1260,0,0
194.6007,5.0500,1253,0,0
194.6255,5.1064,1267,0,0
194.6503,5.0943,1264,0,0
194.6751,5.0903,1263,0,0
194.6999,5.0983,1265,0,0
194.7247,5.0782,1260,0,0
194.7495,5.1024,1266,0,0
194.7743,5.1265,1272,0,0
194.7991,5.0862,1262,0,0
194.8239,5.0500,1253,0,0
194.8487,5.0782,1260,0,0
194.8735,5.0782,1260,0,0
194.8983,5.0983,1265,0,0
194.9231,5.0903,1263,0,0
194.9479,5.1064,1267,0,0
194.9727,5.0822,1261,0,0
194.9975,5.0742,1259,0,0
195.0223,5.0943,1264,0,0
195.0471,5.0943,1264,0,0
195.0719,5.0298,1248,0,0
195.0967,5.0903,1263,0,0
195.1215,5.0862,1262,0,0
195.1463,5.0822,1261,0,0
195.1711,5.0742,1259,0,0
195.1959,5.0782,1260,0,0
195.2207,5.0782,1260,0,0
195.2455,5.0862,1262,0,0
195.2704,5.0661,1257,0,0
195.2952,5.0742,1259,0,0
195.3200,5.0661,1257,0,0
195.3448,5.0742,1259,0,0
195.3696,5.0822,1261,0,0
195.3944,5.0862,1262,0,0
195.4192,5.1064,1267,0,0
195.4440,5.0500,1253,0,0
195.4688,5.0782,1260,0,0
195.4936,5.0822,1261,0,0
195.5184,5.0822,1261,0,0
195.5432,5.0903,1263,0,0
195.5680,5.0661,1257,0,0
195.5928,5.0782,1260,0,0
195.6176,5.0782,1260,0,0
195.6424,5.0943,1264,0,0
195.6672,5.1225,1271,0,0
195.6920,5.0983,1265,0,0
195.7168,5.0742,1259,0,0
195.7416,5.0701,1258,0,0
195.7664,5.1104,1268,0,0
195.7912,5.0822,1261,0,0
195.8160,5.1306,1273,0,0
195.8408,5.0862,1262,0,0
195.8656,5.0862,1262,0,0
195.8904,5.0862,1262,0,0
195.9152,5.0782,1260,0,0
195.9400,5.0782,1260,0,0
195.9648,5.0782,1260,0,0
195.9896,5.0782,1260,0,0
196.0144,5.0661,1257,0,0
196.0392,5.0903,1263,0,0
196.0640,5.0782,1260,0,0
196.0888,5.0782,1260,0,0
196.1136,5.1024,1266,0,0
196.1384,5.0862,1262,0,0
196.1632,5.1064,1267,0,0
196.1880,5.0862,1262,0,0
196.2128,5.1225,1271,0,0
196.2377,5.0419,1251,0,0
196.2625,5.1024,1266,0,0
196.2873,5.0661,1257,0,0
196.3121,5.0903,1263,0,0
196.3369,5.0661,1257,0,0
196.3617,5.0661,1257,0,0
196.3865,5.0943,1264,0,0
196.4113,5.0943,1264,0,0
196.4361,5.1064,1267,0,0
196.4609,5.0903,1263,0,0
196.4857,5.0701,1258,0,0
196.5105,5.0782,1260,0,0
196.5353,5.1225,1271,0,0
196.5601,5.0862,1262,0,0
196.5849,5.0983,1265,0,0
196.6097,5.0782,1260,0,0
196.6345,5.0943,1264,0,0
196.6593,5.0782,1260,0,0
196.6841,5.0742,1259,0,0
196.7089,5.1265,1272,0,0
196.7337,5.0742,1259,0,0
196.7585,5.0983,1265,0,0
196.7833,5.0983,1265,0,0
196.8081,5.0943,1264,0,0
196.8329,5.0419,1251,0,0
196.8577,5.0943,1264,0,0
196.8825,5.1225,1271,0,0
196.9073,5.0580,1255,0,0
196.9321,5.0782,1260,0,0
196.9569,5.0943,1264,0,0
196.9817,5.0862,1262,0,0
197.0065,5.0943,1264,0,0
197.0313,5.0983,1265,0,0
197.0561,5.0419,1251,0,0
197.0809,5.0782,1260,0,0
197.1057,5.1386,1275,0,0
197.1305,5.0862,1262,0,0
197.1553,5.0742,1259,0,0
197.1801,5.0742,1259,0,0
197.2049,5.1104,1268,0,0
197.2298,5.0661,1257,0,0
197.2545,5.0943,1264,0,0
197.2794,5.0782,1260,0,0
197.3042,5.0822,1261,0,0
197.3290,5.1024,1266,0,0
197.3538,5.0943,1264,0,0
197.3786,5.0782,1260,0,0
197.4034,5.0903,1263,0,0
197.4282,5.0782,1260,0,0
197.4530,5.0943,1264,0,0
197.4778,5.0782,1260,0,0
197.5026,5.0701,1258,0,0
197.5274,5.0862,1262,0,0
197.5522,5.1064,1267,0,0
197.5770,5.1064,1267,0,0
197.6018,5.0782,1260,0,0
197.6266,5.0500,1253,0,0
197.6514,5.0862,1262,0,0
197.6762,5.0943,1264,0,0
197.7010,5.0742,1259,0,0
197.7258,5.0903,1263,0,0
197.7506,5.0742,1259,0,0
197.7754,5.0580,1255,0,0
197.8002,5.0943,1264,0,0
197.8250,5.1225,1271,0,0
197.8498,5.0862,1262,0,0
197.8746,5.0822,1261,0,0
197.8994,5.0782,1260,0,0
197.9242,5.1064,1267,0,0
197.9490,5.0661,1257,0,0
197.9738,5.0822,1261,0,0
197.9986,5.0862,1262,0,0
198.0234,5.0903,1263,0,0
198.0482,5.0822,1261,0,0
198.0730,5.0782,1260,0,0
198.0978,5.1024,1266,0,0
198.1226,5.0742,1259,0,0
198.1474,5.0822,1261,0,0
198.1722,5.1064,1267,0,0
198.1971,5.0661,1257,0,0
198.2218,5.0742,1259,0,0
198.2467,5.0943,1264,0,0
198.2715,5.0782,1260,0,0
198.2963,5.0943,1264,0,0
198.3211,5.0500,1253,0,0
198.3459,5.0661,1257,0,0
198.3707,5.0661,1257,0,0
198.3955,5.0862,1262,0,0
198.4203,5.0903,1263,0,0
198.4451,5.0862,1262,0,0
198.4699,5.0742,1259,0,0
198.4947,5.1064,1267,0,0
198.5195,5.1145,1269,0,0
198.5443,5.0943,1264,0,0
198.5691,5.0943,1264,0,0
198.5939,5.0782,1260,0,0
198.6187,5.1225,1271,0,0
198.6435,5.0862,1262,0,0
198.6683,5.0862,1262,0,0
198.6931,5.0661,1257,0,0
198.7179,5.0943,1264,0,0
198.7427,5.0661,1257,0,0
198.7675,5.0943,1264,0,0
198.7923,5.0983,1265,0,0
198.8171,5.0943,1264,0,0
198.8419,5.0742,1259,0,0
198.8667,5.0943,1264,0,0
198.8915,5.0943,1264,0,0
198.9163,5.0862,1262,0,0
198.9411,5.0661,1257,0,0
198.9659,5.0661,1257,0,0
198.9907,5.0742,1259,0,0
199.0155,5.0540,1254,0,0
199.0403,5.0943,1264,0,0
199.0651,5.0742,1259,0,0
199.0899,5.1225,1271,0,0
199.1147,5.0782,1260,0,0
199.1395,5.0983,1265,0,0
199.1644,5.0742,1259,0,0
199.1891,5.0983,1265,0,0
199.2140,5.0782,1260,0,0
199.2388,5.0782,1260,0,0
199.2636,5.0782,1260,0,0
199.2884,5.0943,1264,0,0
199.3132,5.0862,1262,0,0
199.3380,5.0782,1260,0,0
199.3628,5.1104,1268,0,0
199.3876,5.0056,1242,0,0
199.4124,5.0782,1260,0,0
199.4372,5.0983,1265,0,0
199.4620,5.0943,1264,0,0
199.4868,5.0742,1259,0,0
199.5116,5.0862,1262,0,0
199.5364,5.0782,1260,0,0
199.5612,5.0943,1264,0,0
199.5860,5.1104,1268,0,0
199.6108,5.0782,1260,0,0
199.6356,5.1064,1267,0,0
199.6604,5.0903,1263,0,0
199.6852,5.0943,1264,0,0
199.7100,5.0903,1263,0,0
199.7348,5.0983,1265,0,0
199.7596,5.0742,1259,0,0
199.7844,5.0782,1260,0,0
199.8092,5.0822,1261,0,0
199.8340,5.1064,1267,0,0
199.8588,5.0661,1257,0,0
199.8836,5.0661,1257,0,0
199.9084,5.1265,1272,0,0
199.9332,5.0742,1259,0,0
199.9580,5.0742,1259,0,0
199.9828,5.0983,1265,0,0
200.0076,5.0782,1260,0,0
200.0324,5.0742,1259,0,0
200.0572,5.0862,1262,0,0
200.0820,5.0782,1260,0,0
200.1068,5.0822,1261,0,0
200.1317,5.0822,1261,0,0
200.1564,5.0943,1264,0,0
200.1813,5.0943,1264,0,0
200.2061,5.0338,1249,0,0
200.2309,5.0862,1262,0,0
200.2557,5.0338,1249,0,0
200.2805,5.0862,1262,0,0
200.3053,5.0701,1258,0,0
200.3301,5.0862,1262,0,0
200.3549,5.0419,1251,0,0
200.3797,5.0862,1262,0,0
200.4045,5.0903,1263,0,0
200.4293,5.0983,1265,0,0
200.4541,5.0983,1265,0,0
200.4789,5.1104,1268,0,0
200.5037,5.0661,1257,0,0
200.5285,5.1064,1267,0,0
200.5533,5.1427,1276,0,0
200.5781,5.1024,1266,0,0
200.6029,5.1024,1266,0,0
200.6277,5.0903,1263,0,0
200.6525,5.0943,1264,0,0
200.6773,5.0943,1264,0,0
200.7021,5.0782,1260,0,0
200.7269,5.0701,1258,0,0
200.7517,5.0822,1261,0,0
200.7765,5.0862,1262,0,0
200.8013,5.0661,1257,0,0
200.8261,5.0903,1263,0,0
200.8509,5.0419,1251,0,0
200.8757,5.0540,1254,0,0
200.9005,5.0943,1264,0,0
200.9253,5.0862,1262,0,0
200.9501,5.0862,1262,0,0
200.9749,5.0943,1264,0,0
200.9997,5.0983,1265,0,0
201.0245,5.0782,1260,0,0
201.0493,5.0943,1264,0,0
201.0741,5.0580,1255,0,0
201.0990,5.0862,1262,0,0
201.1237,5.0540,1254,0,0
201.1485,5.0943,1264,0,0
201.1734,5.0983,1265,0,0
201.1982,5.1265,1272,0,0
201.2230,5.0782,1260,0,0
201.2478,5.0862,1262,0,0
201.2726,5.0862,1262,0,0
201.2974,5.0943,1264,0,0
201.3222,5.0862,1262,0,0
201.3470,5.0983,1265,0,0
201.3718,5.0782,1260,0,0
201.3966,5.0782,1260,0,0
201.4214,5.0661,1257,0,0
201.4462,5.1104,1268,0,0
201.4710,5.1104,1268,0,0
201.4958,5.0782,1260,0,0
201.5206,5.0782,1260,0,0
201.5454,5.0782,1260,0,0
201.5702,5.0661,1257,0,0
201.5950,5.0742,1259,0,0
201.6198,5.0862,1262,0,0
201.6446,5.0782,1260,0,0
201.6694,5.0943,1264,0,0
201.6942,5.0782,1260,0,0
201.7190,5.0782,1260,0,0
201.7438,5.0862,1262,0,0
201.7686,5.1064,1267,0,0
201.7934,5.0943,1264,0,0
201.8182,5.0782,1260,0,0
201.8430,5.0903,1263,0,0
201.8678,5.0943,1264,0,0
201.8926,5.0862,1262,0,0
201.9174,5.0338,1249,0,0
201.9422,5.1225,1271,0,0
201.9670,5.0822,1261,0,0
201.9918,5.0218,1246,0,0
202.0166,5.0983,1265,0,0
202.0414,5.1024,1266,0,0
202.0662,5.0701,1258,0,0
202.0910,5.0862,1262,0,0
202.1158,5.0862,1262,0,0
202.1407,5.0742,1259,0,0
202.1655,5.0943,1264,0,0
202.1903,5.0903,1263,0,0
202.2151,5.0782,1260,0,0
202.2399,5.0742,1259,0,0
202.2647,5.1104,1268,0,0
202.2895,5.0903,1263,0,0
202.3143,5.0943,1264,0,0
202.3391,5.0862,1262,0,0
202.3639,5.0822,1261,0,0
202.3887,5.1024,1266,0,0
202.4135,5.0862,1262,0,0
202.4383,5.0782,1260,0,0
202.4631,5.0862,1262,0,0
202.4879,5.1064,1267,0,0
202.5127,5.0862,1262,0,0
202.5375,5.0943,1264,0,0
202.5623,5.0540,1254,0,0
202.5871,5.0943,1264,0,0
202.6119,5.0862,1262,0,0
202.6367,5.0862,1262,0,0
202.6615,5.0943,1264,0,0
202.6863,5.0903,1263,0,0
202.7111,5.0782,1260,0,0
202.7359,5.0862,1262,0,0
202.7607,5.0782,1260,0,0
202.7855,5.0822,1261,0,0
202.8103,5.0983,1265,0,0
202.8351,5.1064,1267,0,0
202.8599,5.0943,1264,0,0
202.8847,5.0742,1259,0,0
202.9095,5.0983,1265,0,0
202.9343,5.0983,1265,0,0
202.9591,5.0983,1265,0,0
202.9839,5.0943,1264,0,0
203.0087,5.0903,1263,0,0
203.0335,5.1265,1272,0,0
203.0583,5.0782,1260,0,0
203.0831,5.0742,1259,0,0
203.1080,5.0822,1261,0,0
203.1328,5.0983,1265,0,0
203.1576,5.0742,1259,0,0
203.1824,5.0983,1265,0,0
203.2072,5.1265,1272,0,0
203.2320,5.0782,1260,0,0
203.2568,5.0862,1262,0,0
203.2816,5.1064,1267,0,0
203.3064,5.0983,1265,0,0
203.3312,5.0419,1251,0,0
203.3560,5.0943,1264,0,0
203.3808,5.1386,1275,0,0
203.4056,5.0983,1265,0,0
203.4304,5.0701,1258,0,0
203.4552,5.0943,1264,0,0
203.4800,5.0782,1260,0,0
203.5048,5.0903,1263,0,0
203.5296,5.0943,1264,0,0
203.5544,5.0983,1265,0,0
203.5792,5.0742,1259,0,0
203.6040,5.0983,1265,0,0
203.6288,5.0742,1259,0,0
203.6536,5.1064,1267,0,0
203.6784,5.1024,1266,0,0
203.7032,5.1225,1271,0,0
203.7280,5.0943,1264,0,0
203.7528,5.0983,1265,0,0
203.7776,5.0782,1260,0,0
203.8024,5.0862,1262,0,0
203.8272,5.0500,1253,0,0
203.8520,5.0782,1260,0,0
203.8768,5.0862,1262,0,0
203.9016,5.0943,1264,0,0
203.9264,5.0943,1264,0,0
203.9512,5.1265,1272,0,0
203.9760,5.0862,1262,0,0
204.0008,5.0701,1258,0,0
204.0257,5.0983,1265,0,0
204.0504,5.0782,1260,0,0
204.0753,5.0742,1259,0,0
204.1001,5.0862,1262,0,0
204.1249,5.0983,1265,0,0
204.1497,5.0822,1261,0,0
204.1745,5.1265,1272,0,0
204.1993,5.0742,1259,0,0
204.2241,5.0419,1251,0,0
204.2489,5.1104,1268,0,0
204.2737,5.0742,1259,0,0
204.2985,5.0903,1263,0,0
204.3233,5.0500,1253,0,0
204.3481,5.0742,1259,0,0
204.3729,5.0782,1260,0,0
204.3977,5.0782,1260,0,0
204.4225,5.0943,1264,0,0
204.4473,5.0983,1265,0,0
204.4721,5.0379,1250,0,0
204.4969,5.0862,1262,0,0
204.5217,5.1104,1268,0,0
204.5465,5.0862,1262,0,0
204.5713,5.0903,1263,0,0
204.5961,5.0862,1262,0,0
204.6209,5.0862,1262,0,0
204.6457,5.0419,1251,0,0
204.6705,5.0943,1264,0,0
204.6953,5.0862,1262,0,0
204.7201,5.0943,1264,0,0
204.7449,5.1064,1267,0,0
204.7697,5.0782,1260,0,0
204.7945,5.0500,1253,0,0
204.8193,5.0782,1260,0,0
204.8441,5.0983,1265,0,0
204.8689,5.0822,1261,0,0
204.8937,5.1024,1266,0,0
204.9185,5.0782,1260,0,0
204.9433,5.0903,1263,0,0
204.9681,5.0782,1260,0,0
204.9930,5.1024,1266,0,0
205.0177,5.0782,1260,0,0
205.0425,5.0862,1262,0,0
205.0674,5.0822,1261,0,0
205.0921,5.1225,1271,0,0
205.1170,5.0903,1263,0,0
205.1418,5.0943,1264,0,0
205.1666,5.0983,1265,0,0
205.1914,5.0701,1258,0,0
205.2162,5.0782,1260,0,0
205.2410,5.0862,1262,0,0
205.2658,5.0943,1264,0,0
205.2906,5.0943,1264,0,0
205.3154,5.0822,1261,0,0
205.3402,5.0661,1257,0,0
205.3650,5.0782,1260,0,0
205.3898,5.1225,1271,0,0
205.4146,5.1145,1269,0,0
205.4394,5.0943,1264,0,0
205.4642,5.0862,1262,0,0
205.4890,5.0862,1262,0,0
205.5138,5.0862,1262,0,0
205.5386,5.0822,1261,0,0
205.5634,5.0943,1264,0,0
205.5882,5.0701,1258,0,0
205.6130,5.0983,1265,0,0
205.6378,5.0782,1260,0,0
205.6626,5.0903,1263,0,0
205.6874,5.0782,1260,0,0
205.7122,5.1225,1271,0,0
205.7370,5.0742,1259,0,0
205.7618,5.0943,1264,0,0
205.7866,5.0943,1264,0,0
205.8114,5.0500,1253,0,0
205.8362,5.0661,1257,0,0
205.8610,5.0782,1260,0,0
205.8858,5.0822,1261,0,0
205.9106,5.0943,1264,0,0
205.9354,5.0701,1258,0,0
205.9602,5.0742,1259,0,0
205.9850,5.0862,1262,0,0
206.0098,5.0540,1254,0,0
206.0347,5.0943,1264,0,0
206.0594,5.0862,1262,0,0
206.0843,5.0822,1261,0,0
206.1091,5.1104,1268,0,0
206.1339,5.0943,1264,0,0
206.1587,5.0983,1265,0,0
206.1835,5.0943,1264,0,0
206.2083,5.0862,1262,0,0
206.2331,5.0742,1259,0,0
206.2579,5.0862,1262,0,0
206.2827,5.0943,1264,0,0
206.3075,5.1104,1268,0,0
206.3323,5.0782,1260,0,0
206.3571,5.0903,1263,0,0
206.3819,5.1024,1266,0,0
206.4067,5.0701,1258,0,0
206.4315,5.0862,1262,0,0
206.4563,5.0943,1264,0,0
206.4811,5.0742,1259,0,0
206.5059,5.0983,1265,0,0
206.5307,5.0782,1260,0,0
206.5555,5.0742,1259,0,0
206.5803,5.0983,1265,0,0
206.6051,5.0782,1260,0,0
206.6299,5.0782,1260,0,0
206.6547,5.0782,1260,0,0
206.6795,5.0782,1260,0,0
206.7043,5.1427,1276,0,0
206.7291,5.0822,1261,0,0
206.7539,5.0862,1262,0,0
206.7787,5.0943,1264,0,0
206.8035,5.0661,1257,0,0
206.8283,5.1064,1267,0,0
206.8531,5.0943,1264,0,0
206.8779,5.0742,1259,0,0
206.9027,5.0943,1264,0,0
206.9275,5.0983,1265,0,0
206.9523,5.0782,1260,0,0
206.9771,5.0862,1262,0,0
207.0020,5.0943,1264,0,0
207.0267,5.0782,1260,0,0
207.0516,5.0862,1262,0,0
207.0764,5.0943,1264,0,0
207.1012,5.0862,1262,0,0
207.1260,5.0782,1260,0,0
207.1508,5.0862,1262,0,0
207.1756,5.0862,1262,0,0
207.2004,5.0943,1264,0,0
207.2252,5.0983,1265,0,0
207.2500,5.1225,1271,0,0
207.2748,5.0822,1261,0,0
207.2996,5.0379,1250,0,0
207.3244,5.0903,1263,0,0
207.3492,5.0983,1265,0,0
207.3740,5.0701,1258,0,0
207.3988,5.1024,1266,0,0
207.4236,5.0903,1263,0,0
207.4484,5.0822,1261,0,0
207.4732,5.0943,1264,0,0
207.4980,5.0742,1259,0,0
207.5228,5.0943,1264,0,0
207.5476,5.0822,1261,0,0
207.5724,5.0822,1261,0,0
207.5972,4.9935,1239,0,0
207.6220,5.0943,1264,0,0
207.6468,5.1024,1266,0,0
207.6716,5.0983,1265,0,0
207.6964,5.0943,1264,0,0
207.7212,5.0943,1264,0,0
207.7460,5.0983,1265,0,0
207.7708,5.0943,1264,0,0
207.7956,5.0862,1262,0,0
207.8204,5.0782,1260,0,0
207.8452,5.0862,1262,0,0
207.8700,5.0943,1264,0,0
207.8948,5.0943,1264,0,0
207.9196,5.0419,1251,0,0
207.9444,5.0338,1249,0,0
207.9693,5.1064,1267,0,0
207.9940,5.0742,1259,0,0
208.0189,5.1145,1269,0,0
208.0437,5.0742,1259,0,0
208.0685,5.1225,1271,0,0
208.0933,5.0419,1251,0,0
208.1181,5.0782,1260,0,0
208.1429,5.0540,1254,0,0
208.1677,5.0862,1262,0,0
208.1925,5.0983,1265,0,0
208.2173,5.1064,1267,0,0
208.2421,5.0419,1251,0,0
208.2669,5.0862,1262,0,0
208.2917,5.0943,1264,0,0
208.3165,5.0782,1260,0,0
208.3413,5.0862,1262,0,0
208.3661,5.0943,1264,0,0
208.3909,5.0782,1260,0,0
208.4157,5.0661,1257,0,0
208.4405,5.0983,1265,0,0
208.4653,5.0943,1264,0,0
208.4901,5.0862,1262,0,0
208.5149,5.1064,1267,0,0
208.5397,5.0983,1265,0,0
208.5645,5.0983,1265,0,0
208.5893,5.1225,1271,0,0
208.6141,5.1265,1272,0,0
208.6389,5.0782,1260,0,0
208.6637,5.0822,1261,0,0
208.6885,5.0983,1265,0,0
208.7133,5.0943,1264,0,0
208.7381,5.0903,1263,0,0
208.7629,5.1104,1268,0,0
208.7877,5.0943,1264,0,0
208.8125,5.0500,1253,0,0
208.8373,5.0943,1264,0,0
208.8621,5.0862,1262,0,0
208.8869,5.0742,1259,0,0
208.9117,5.0862,1262,0,0
208.9366,5.0983,1265,0,0
208.9613,5.0742,1259,0,0
208.9861,5.0943,1264,0,0
209.0110,5.0862,1262,0,0
209.0358,5.0782,1260,0,0
209.0606,5.0862,1262,0,0
209.0854,5.1024,1266,0,0
209.1102,5.0943,1264,0,0
209.1350,5.0782,1260,0,0
209.1598,5.0862,1262,0,0
209.1846,5.0782,1260,0,0
209.2094,5.1064,1267,0,0
209.2342,5.0782,1260,0,0
209.2590,5.0943,1264,0,0
209.2838,5.0822,1261,0,0
209.3086,5.0782,1260,0,0
209.3334,5.1024,1266,0,0
209.3582,5.0943,1264,0,0
209.3830,5.0862,1262,0,0
209.4078,5.0943,1264,0,0
209.4326,5.0742,1259,0,0
209.4574,5.0742,1259,0,0
209.4822,5.0782,1260,0,0
209.5070,5.1104,1268,0,0
209.5318,5.0903,1263,0,0
209.5566,5.0983,1265,0,0
209.5814,5.0701,1258,0,0
209.6062,5.0943,1264,0,0
209.6310,5.0742,1259,0,0
209.6558,5.0742,1259,0,0
209.6806,5.0782,1260,0,0
209.7054,5.0701,1258,0,0
209.7302,5.0500,1253,0,0
209.7550,5.0943,1264,0,0
209.7798,5.0822,1261,0,0
209.8046,5.0862,1262,0,0
209.8294,5.0943,1264,0,0
209.8542,5.0782,1260,0,0
209.8790,5.0983,1265,0,0
209.9038,5.1064,1267,0,0
209.9286,5.0701,1258,0,0
209.9534,5.0661,1257,0,0
209.9783,5.0943,1264,0,0
210.0031,5.0742,1259,0,0
210.0279,5.0862,1262,0,0
210.0527,5.0661,1257,0,0
210.0775,5.1024,1266,0,0
210.1023,5.0943,1264,0,0
210.1271,5.0983,1265,0,0
210.1519,5.1064,1267,0,0
210.1767,5.0500,1253,0,0
210.2015,5.0903,1263,0,0
210.2263,5.0943,1264,0,0
210.2511,5.0943,1264,0,0
210.2759,5.0782,1260,0,0
210.3007,5.1507,1278,0,0
210.3255,5.0903,1263,0,0
210.3503,5.0338,1249,0,0
210.3751,5.0862,1262,0,0
210.3999,5.0903,1263,0,0
210.4247,5.1064,1267,0,0
210.4495,5.0661,1257,0,0
210.4743,5.0983,1265,0,0
210.4991,5.0742,1259,0,0
210.5239,5.0782,1260,0,0
210.5487,5.0742,1259,0,0
210.5735,5.0862,1262,0,0
210.5983,5.0862,1262,0,0
210.6231,5.0742,1259,0,0
210.6479,5.0782,1260,0,0
210.6727,5.0500,1253,0,0
210.6975,5.0862,1262,0,0
210.7223,5.0943,1264,0,0
210.7471,5.1064,1267,0,0
210.7719,5.0016,1241,0,0
210.7967,5.0943,1264,0,0
210.8215,5.0742,1259,0,0
210.8463,5.0822,1261,0,0
210.8711,5.1225,1271,0,0
210.8960,5.0943,1264,0,0
210.9207,5.1024,1266,0,0
210.9456,5.0862,1262,0,0
210.9704,5.0903,1263,0,0
210.9952,4.9935,1239,0,0
211.0200,5.0903,1263,0,0
211.0448,5.0943,1264,0,0
211.0696,5.0862,1262,0,0
211.0944,5.0862,1262,0,0
211.1192,5.0862,1262,0,0
211.1440,5.0943,1264,0,0
211.1688,5.0983,1265,0,0
211.1936,5.0903,1263,0,0
211.2184,5.0862,1262,0,0
211.2432,5.0943,1264,0,0
211.2680,5.0943,1264,0,0
211.2928,5.0782,1260,0,0
211.3176,5.0943,1264,0,0
211.3424,5.0782,1260,0,0
211.3672,5.0822,1261,0,0
211.3920,5.0661,1257,0,0
211.4168,5.0903,1263,0,0
211.4416,5.0943,1264,0,0
211.4664,5.0983,1265,0,0
211.4912,5.0943,1264,0,0
211.5160,5.0983,1265,0,0
211.5408,5.0742,1259,0,0
211.5656,5.0782,1260,0,0
211.5904,5.1024,1266,0,0
211.6152,5.0661,1257,0,0
211.6400,4.9935,1239,0,0
211.6648,5.0943,1264,0,0
211.6896,5.0822,1261,0,0
211.7144,5.0983,1265,0,0
211.7392,5.0862,1262,0,0
211.7640,5.0862,1262,0,0
211.7888,5.1024,1266,0,0
211.8136,5.0822,1261,0,0
211.8384,5.0983,1265,0,0
211.8633,5.0742,1259,0,0
211.8880,5.0782,1260,0,0
211.9129,5.0903,1263,0,0
211.9377,5.1265,1272,0,0
211.9625,5.0822,1261,0,0
211.9873,5.0943,1264,0,0
212.0121,5.0822,1261,0,0
212.0369,5.0943,1264,0,0
212.0617,5.0943,1264,0,0
212.0865,5.1064,1267,0,0
212.1113,5.0983,1265,0,0
212.1361,5.0782,1260,0,0
212.1609,5.0983,1265,0,0
212.1857,5.0742,1259,0,0
212.2105,5.0661,1257,0,0
212.2353,5.0943,1264,0,0
212.2601,5.0903,1263,0,0
212.2849,5.0943,1264,0,0
212.3097,5.0943,1264,0,0
212.3345,5.0943,1264,0,0
212.3593,5.0862,1262,0,0
212.3841,5.0943,1264,0,0
212.4089,5.0983,1265,0,0
212.4337,5.0822,1261,0,0
212.4585,5.0862,1262,0,0
212.4833,5.0862,1262,0,0
212.5081,5.0500,1253,0,0
212.5329,5.0943,1264,0,0
212.5577,5.0983,1265,0,0
212.5825,5.1064,1267,0,0
212.6073,5.0782,1260,0,0
212.6321,5.0943,1264,0,0
212.6569,5.0742,1259,0,0
212.6817,5.0862,1262,0,0
212.7065,5.0782,1260,0,0
212.7313,5.0862,1262,0,0
212.7561,5.0782,1260,0,0
212.7809,5.0943,1264,0,0
212.8057,5.0943,1264,0,0
212.8306,5.0862,1262,0,0
212.8553,5.0379,1250,0,0
212.8801,5.0661,1257,0,0
212.9050,5.0822,1261,0,0
212.9297,5.0782,1260,0,0
212.9546,5.0983,1265,0,0
212.9794,5.0661,1257,0,0
213.0042,5.0661,1257,0,0
213.0290,5.0943,1264,0,0
213.0538,5.0943,1264,0,0
213.0786,5.0661,1257,0,0
213.1034,5.0903,1263,0,0
213.1282,5.0782,1260,0,0
213.1530,5.0943,1264,0,0
213.1778,5.0782,1260,0,0
213.2026,5.0943,1264,0,0
213.2274,5.0862,1262,0,0
213.2522,5.0862,1262,0,0
213.2770,5.0782,1260,0,0
213.3018,5.0822,1261,0,0
213.3266,5.0742,1259,0,0
213.3514,5.0862,1262,0,0
213.3762,5.0782,1260,0,0
213.4010,5.0782,1260,0,0
213.4258,5.0943,1264,0,0
213.4506,5.1064,1267,0,0
213.4754,5.0782,1260,0,0
213.5002,5.0862,1262,0,0
213.5250,5.0742,1259,0,0
213.5498,5.0903,1263,0,0
213.5746,5.0742,1259,0,0
213.5994,5.0742,1259,0,0
213.6242,5.1104,1268,0,0
213.6490,5.0862,1262,0,0
213.6738,5.0782,1260,0,0
213.6986,5.1064,1267,0,0
213.7234,5.1064,1267,0,0
213.7482,5.0862,1262,0,0
213.7730,5.0822,1261,0,0
213.7978,5.0943,1264,0,0
213.8226,5.0782,1260,0,0
213.8474,5.0782,1260,0,0
213.8723,5.0782,1260,0,0
213.8970,5.0943,1264,0,0
213.9219,5.0943,1264,0,0
213.9467,5.0983,1265,0,0
213.9715,5.0742,1259,0,0
213.9963,5.1104,1268,0,0
214.0211,5.0701,1258,0,0
214.0459,5.0943,1264,0,0
214.0707,5.0782,1260,0,0
214.0955,5.0862,1262,0,0
214.1203,5.0903,1263,0,0
214.1451,5.0943,1264,0,0
214.1699,5.1024,1266,0,0
214.1947,5.0862,1262,0,0
214.2195,5.0782,1260,0,0
214.2443,5.0983,1265,0,0
214.2691,5.1024,1266,0,0
214.2939,5.0419,1251,0,0
214.3187,5.0983,1265,0,0
214.3435,5.0701,1258,0,0
214.3683,5.0943,1264,0,0
214.3931,5.0782,1260,0,0
214.4179,5.0943,1264,0,0
214.4427,5.0943,1264,0,0
214.4675,5.0983,1265,0,0
214.4923,5.1024,1266,0,0
214.5171,5.0862,1262,0,0
214.5419,5.0782,1260,0,0
214.5667,5.0782,1260,0,0
214.5915,5.0943,1264,0,0
214.6163,5.0782,1260,0,0
214.6411,5.1225,1271,0,0
214.6659,5.0782,1260,0,0
214.6907,5.0903,1263,0,0
214.7155,5.0943,1264,0,0
214.7403,5.0862,1262,0,0
214.7651,5.0782,1260,0,0
214.7899,5.0742,1259,0,0
214.8147,5.0822,1261,0,0
214.8396,5.0782,1260,0,0
214.8643,5.0661,1257,0,0
214.8892,5.0782,1260,0,0
214.9140,5.0782,1260,0,0
214.9388,5.0701,1258,0,0
214.9636,5.0943,1264,0,0
214.9884,5.0943,1264,0,0
215.0132,5.0661,1257,0,0
215.0380,5.0943,1264,0,0
215.0628,5.1064,1267,0,0
215.0876,5.0903,1263,0,0
215.1124,5.0822,1261,0,0
215.1372,5.0782,1260,0,0
215.1620,5.0943,1264,0,0
215.1868,5.0943,1264,0,0
215.2116,5.1064,1267,0,0
215.2364,5.0419,1251,0,0
215.2612,5.0742,1259,0,0
215.2860,5.0862,1262,0,0
215.3108,5.0983,1265,0,0
215.3356,5.0822,1261,0,0
215.3604,5.0983,1265,0,0
215.3852,5.0943,1264,0,0
215.4100,5.0782,1260,0,0
215.4348,5.1104,1268,0,0
215.4596,5.0742,1259,0,0
215.4844,5.0943,1264,0,0
215.5092,5.0379,1250,0,0
215.5340,5.0782,1260,0,0
215.5588,5.0661,1257,0,0
215.5836,5.0661,1257,0,0
215.6084,5.0943,1264,0,0
215.6332,5.1064,1267,0,0
215.6580,5.0500,1253,0,0
215.6828,5.1225,1271,0,0
215.7076,5.0742,1259,0,0
215.7324,5.0862,1262,0,0
215.7572,5.0943,1264,0,0
215.7820,5.1024,1266,0,0
215.8069,5.0782,1260,0,0
215.8316,5.0379,1250,0,0
215.8565,5.0943,1264,0,0
215.8813,5.0903,1263,0,0
215.9061,5.0782,1260,0,0
215.9309,5.0862,1262,0,0
215.9557,5.0822,1261,0,0
215.9805,5.0822,1261,0,0
216.0053,5.0983,1265,0,0
216.0301,5.0903,1263,0,0
216.0549,5.0903,1263,0,0
216.0797,5.1024,1266,0,0
216.1045,5.1024,1266,0,0
216.1293,5.0943,1264,0,0
216.1541,5.0943,1264,0,0
216.1789,5.0782,1260,0,0
216.2037,5.1265,1272,0,0
216.2285,5.0782,1260,0,0
216.2533,5.0943,1264,0,0
216.2781,5.0782,1260,0,0
216.3029,5.0580,1255,0,0
216.3277,5.0379,1250,0,0
216.3525,5.0782,1260,0,0
216.3773,5.0500,1253,0,0
216.4021,5.0782,1260,0,0
216.4269,5.0943,1264,0,0
216.4517,5.0782,1260,0,0
216.4765,5.0782,1260,0,0
216.5013,5.0943,1264,0,0
216.5261,5.0782,1260,0,0
216.5509,5.0742,1259,0,0
216.5757,5.0782,1260,0,0
216.6005,5.0782,1260,0,0
216.6253,5.0540,1254,0,0
216.6501,5.0500,1253,0,0
216.6749,5.1225,1271,0,0
216.6997,5.0943,1264,0,0
216.7245,5.0782,1260,0,0
216.7493,5.0983,1265,0,0
216.7742,5.0862,1262,0,0
216.7990,5.1024,1266,0,0
216.8237,5.1265,1272,0,0
216.8486,5.0742,1259,0,0
216.8734,5.0862,1262,0,0
216.8982,5.0983,1265,0,0
216.9230,5.0782,1260,0,0
216.9478,5.0661,1257,0,0
216.9726,5.1064,1267,0,0
216.9974,5.0782,1260,0,0
217.0222,5.0862,1262,0,0
217.0470,5.0661,1257,0,0
217.0718,5.0903,1263,0,0
217.0966,5.0862,1262,0,0
217.1214,5.0701,1258,0,0
217.1462,5.0943,1264,0,0
217.1710,5.0500,1253,0,0
217.1958,5.0782,1260,0,0
217.2206,5.0701,1258,0,0
217.2454,5.1064,1267,0,0
217.2702,5.0782,1260,0,0
217.2950,5.0943,1264,0,0
217.3198,5.0782,1260,0,0
217.3446,5.0862,1262,0,0
217.3694,5.0862,1262,0,0
217.3942,5.0943,1264,0,0
217.4190,5.0862,1262,0,0
217.4438,5.0701,1258,0,0
217.4686,5.0983,1265,0,0
217.4934,5.0862,1262,0,0
217.5182,5.0782,1260,0,0
217.5430,5.1024,1266,0,0
217.5678,5.0943,1264,0,0
217.5926,5.0822,1261,0,0
217.6174,5.1064,1267,0,0
217.6422,5.1024,1266,0,0
217.6670,5.0661,1257,0,0
217.6918,5.1064,1267,0,0
217.7166,5.0701,1258,0,0
217.7414,5.0822,1261,0,0
217.7663,5.0822,1261,0,0
217.7910,5.1064,1267,0,0
217.8159,5.0822,1261,0,0
217.8407,5.0782,1260,0,0
217.8655,5.0943,1264,0,0
217.8903,5.0943,1264,0,0
217.9151,5.0903,1263,0,0
217.9399,5.1064,1267,0,0
217.9647,5.0782,1260,0,0
217.9895,5.0782,1260,0,0
218.0143,5.1104,1268,0,0
218.0391,5.0822,1261,0,0
218.0639,5.0742,1259,0,0
218.0887,5.0983,1265,0,0
218.1135,5.0742,1259,0,0
218.1383,5.0782,1260,0,0
218.1631,5.0822,1261,0,0
218.1879,5.0983,1265,0,0
218.2127,5.0782,1260,0,0
218.2375,5.0862,1262,0,0
218.2623,5.0822,1261,0,0
218.2871,5.1024,1266,0,0
218.3119,5.0540,1254,0,0
218.3367,5.0943,1264,0,0
218.3615,5.0943,1264,0,0
218.3863,5.0782,1260,0,0
218.4111,5.0983,1265,0,0
218.4359,5.0983,1265,0,0
218.4607,5.0742,1259,0,0
218.4855,5.0983,1265,0,0
218.5103,5.0943,1264,0,0
218.5351,5.0661,1257,0,0
218.5599,5.0782,1260,0,0
218.5847,5.0903,1263,0,0
218.6095,5.0983,1265,0,0
218.6343,5.0782,1260,0,0
218.6591,5.0782,1260,0,0
218.6839,5.0782,1260,0,0
218.7087,5.0943,1264,0,0
218.7336,5.0903,1263,0,0
218.7583,5.0822,1261,0,0
218.7832,5.1064,1267,0,0
218.8080,5.0983,1265,0,0
218.8328,5.1064,1267,0,0
218.8576,5.1225,1271,0,0
218.8824,5.0742,1259,0,0
218.9072,5.0943,1264,0,0
218.9320,5.0822,1261,0,0
218.9568,5.0298,1248,0,0
218.9816,5.0943,1264,0,0
219.0064,5.0983,1265,0,0
219.0312,5.0661,1257,0,0
219.0560,5.0822,1261,0,0
219.0808,5.0983,1265,0,0
219.1056,5.0742,1259,0,0
219.1304,5.0943,1264,0,0
219.1552,5.0782,1260,0,0
219.1800,5.0822,1261,0,0
219.2048,5.0701,1258,0,0
219.2296,5.1265,1272,0,0
219.2544,5.0983,1265,0,0
219.2792,5.0500,1253,0,0
219.3040,5.1064,1267,0,0
219.3288,5.0943,1264,0,0
219.3536,5.0419,1251,0,0
219.3784,5.0943,1264,0,0
219.4032,5.1024,1266,0,0
219.4280,5.0742,1259,0,0
219.4528,5.0782,1260,0,0
219.4776,5.0943,1264,0,0
219.5024,5.0943,1264,0,0
219.5272,5.0782,1260,0,0
219.5520,5.0862,1262,0,0
219.5768,5.0983,1265,0,0
219.6016,5.0782,1260,0,0
219.6264,5.0943,1264,0,0
219.6512,5.1104,1268,0,0
219.6760,5.0742,1259,0,0
219.7009,5.0862,1262,0,0
219.7256,5.0862,1262,0,0
219.7505,5.0742,1259,0,0
219.7753,5.0943,1264,0,0
219.8001,5.1265,1272,0,0
219.8249,5.0862,1262,0,0
219.8497,5.0661,1257,0,0
219.8745,5.0862,1262,0,0
219.8993,5.0782,1260,0,0
219.9241,5.0822,1261,0,0
219.9489,5.0379,1250,0,0
219.9737,5.0782,1260,0,0
219.9985,5.0782,1260,0,0
220.0233,5.0903,1263,0,0
220.0481,5.0943,1264,0,0
220.0729,5.0822,1261,0,0
220.0977,5.0983,1265,0,0
220.1225,5.0742,1259,0,0
220.1473,5.0943,1264,0,0
220.1721,5.0862,1262,0,0
220.1969,5.1064,1267,0,0
220.2217,5.0983,1265,0,0
220.2465,5.0742,1259,0,0
220.2713,5.0983,1265,0,0
220.2961,5.0943,1264,0,0
220.3209,5.0862,1262,0,0
220.3457,5.0782,1260,0,0
220.3705,5.0419,1251,0,0
220.3953,5.0782,1260,0,0
220.4201,5.0862,1262,0,0
220.4449,5.0782,1260,0,0
220.4697,5.0379,1250,0,0
220.4945,5.1024,1266,0,0
220.5193,5.0983,1265,0,0
220.5441,5.0782,1260,0,0
220.5689,5.0701,1258,0,0
220.5937,5.1225,1271,0,0
220.6185,5.0943,1264,0,0
220.6433,5.0943,1264,0,0
220.6682,5.0782,1260,0,0
220.6929,5.0943,1264,0,0
220.7177,5.0943,1264,0,0
220.7426,5.0661,1257,0,0
220.7673,5.0701,1258,0,0
220.7922,5.0943,1264,0,0
220.8170,5.1386,1275,0,0
220.8418,5.0862,1262,0,0
220.8666,5.0903,1263,0,0
220.8914,5.0782,1260,0,0
220.9162,5.1225,1271,0,0
220.9410,5.1024,1266,0,0
220.9658,5.0822,1261,0,0
220.9906,5.0862,1262,0,0
221.0154,5.1024,1266,0,0
221.0402,5.0903,1263,0,0
221.0650,5.0701,1258,0,0
221.0898,5.0983,1265,0,0
221.1146,5.0701,1258,0,0
221.1394,5.0943,1264,0,0
221.1642,5.0782,1260,0,0
221.1890,5.0983,1265,0,0
221.2138,5.0943,1264,0,0
221.2386,5.0943,1264,0,0
221.2634,5.0782,1260,0,0
221.2882,5.0701,1258,0,0
221.3130,5.0782,1260,0,0
221.3378,5.0742,1259,0,0
221.3626,5.0822,1261,0,0
221.3874,5.0862,1262,0,0
221.4122,5.0742,1259,0,0
221.4370,5.0943,1264,0,0
221.4618,5.0943,1264,0,0
221.4866,5.0943,1264,0,0
221.5114,5.0782,1260,0,0
221.5362,5.1104,1268,0,0
221.5610,5.0983,1265,0,0
221.5858,5.0943,1264,0,0
221.6106,5.1265,1272,0,0
221.6354,5.0943,1264,0,0
221.6602,5.1024,1266,0,0
221.6850,5.2072,1292,0,0
221.7099,5.0742,1259,0,0
221.7346,5.0862,1262,0,0
221.7595,5.0782,1260,0,0
221.7843,5.0903,1263,0,0
221.8091,5.0782,1260,0,0
221.8339,5.0983,1265,0,0
221.8587,5.0822,1261,0,0
221.8835,5.0822,1261,0,0
221.9083,5.0943,1264,0,0
221.9331,5.0822,1261,0,0
221.9579,5.0661,1257,0,0
221.9827,5.0862,1262,0,0
222.0075,5.0298,1248,0,0
222.0323,5.0903,1263,0,0
222.0571,5.0862,1262,0,0
222.0819,5.0742,1259,0,0
222.1067,5.0742,1259,0,0
222.1315,5.0782,1260,0,0
222.1563,5.0903,1263,0,0
222.1811,5.0862,1262,0,0
222.2059,5.0701,1258,0,0
222.2307,5.0782,1260,0,0
222.2555,5.0862,1262,0,0
222.2803,5.0943,1264,0,0
222.3051,5.0419,1251,0,0
222.3299,5.0782,1260,0,0
222.3547,5.0903,1263,0,0
222.3795,5.1024,1266,0,0
222.4043,5.0782,1260,0,0
222.4291,5.0822,1261,0,0
222.4539,5.1225,1271,0,0
222.4787,5.1024,1266,0,0
222.5035,5.0943,1264,0,0
222.5283,5.0943,1264,0,0
222.5531,5.0943,1264,0,0
222.5779,5.0822,1261,0,0
222.6027,5.1265,1272,0,0
222.6275,5.1265,1272,0,0
222.6523,5.0943,1264,0,0
222.6772,5.0862,1262,0,0
222.7020,5.0822,1261,0,0
222.7268,5.0983,1265,0,0
222.7516,5.0983,1265,0,0
222.7764,5.0862,1262,0,0
222.8012,5.0782,1260,0,0
222.8260,5.0822,1261,0,0
222.8508,5.0943,1264,0,0
222.8756,5.0822,1261,0,0
222.9004,5.1265,1272,0,0
222.9252,5.1225,1271,0,0
222.9500,5.0862,1262,0,0
222.9748,5.0742,1259,0,0
222.9996,5.0701,1258,0,0
223.0244,5.0822,1261,0,0
223.0492,5.0742,1259,0,0
223.0740,5.0822,1261,0,0
223.0988,5.0822,1261,0,0
223.1236,5.0782,1260,0,0
223.1484,5.0903,1263,0,0
223.1732,5.0943,1264,0,0
223.1980,5.0983,1265,0,0
223.2228,5.0822,1261,0,0
223.2476,5.0943,1264,0,0
223.2724,5.0862,1262,0,0
223.2972,5.0500,1253,0,0
223.3220,5.0822,1261,0,0
223.3468,5.1024,1266,0,0
223.3716,5.0500,1253,0,0
223.3964,5.0903,1263,0,0
223.4212,5.1265,1272,0,0
223.4460,5.0742,1259,0,0
223.4708,5.0943,1264,0,0
223.4956,5.0903,1263,0,0
223.5204,5.0943,1264,0,0
223.5452,5.0782,1260,0,0
223.5700,5.0782,1260,0,0
223.5948,5.0500,1253,0,0
223.6196,5.0742,1259,0,0
223.6445,5.0782,1260,0,0
223.6693,5.0782,1260,0,0
223.6941,5.1104,1268,0,0
223.7189,5.0943,1264,0,0
223.7437,5.1265,1272,0,0
223.7685,5.0862,1262,0,0
223.7933,5.0500,1253,0,0
223.8181,5.0903,1263,0,0
223.8429,5.0661,1257,0,0
223.8677,5.0822,1261,0,0
223.8925,5.0782,1260,0,0
223.9173,5.0943,1264,0,0
223.9421,5.0983,1265,0,0
223.9669,5.1064,1267,0,0
223.9917,5.0903,1263,0,0
224.0165,5.0782,1260,0,0
224.0413,5.0782,1260,0,0
224.0661,5.1024,1266,0,0
224.0909,5.0862,1262,0,0
224.1157,5.0782,1260,0,0
224.1405,5.0822,1261,0,0
224.1653,5.1386,1275,0,0
224.1901,5.0983,1265,0,0
224.2149,5.0943,1264,0,0
224.2397,5.0862,1262,0,0
224.2645,5.0661,1257,0,0
224.2893,5.0742,1259,0,0
224.3141,5.1064,1267,0,0
224.3389,5.0822,1261,0,0
224.3637,5.0943,1264,0,0
224.3885,5.1064,1267,0,0
224.4133,5.0782,1260,0,0
224.4381,5.0943,1264,0,0
224.4629,5.0943,1264,0,0
224.4877,5.0862,1262,0,0
224.5125,5.0862,1262,0,0
224.5373,5.0782,1260,0,0
224.5621,5.0862,1262,0,0
224.5869,5.0862,1262,0,0
224.6118,5.0862,1262,0,0
224.6366,5.0862,1262,0,0
224.6613,5.0862,1262,0,0
224.6862,5.0782,1260,0,0
224.7110,5.0862,1262,0,0
224.7358,5.0983,1265,0,0
224.7606,5.0983,1265,0,0
224.7854,5.1265,1272,0,0
224.8102,5.0661,1257,0,0
224.8350,5.0742,1259,0,0
224.8598,5.0862,1262,0,0
224.8846,5.0943,1264,0,0
224.9094,5.0983,1265,0,0
224.9342,5.1024,1266,0,0
224.9590,5.0862,1262,0,0
224.9838,5.0822,1261,0,0
225.0086,5.0782,1260,0,0
225.0334,5.0822,1261,0,0
225.0582,5.1225,1271,0,0
225.0830,5.0782,1260,0,0
225.1078,5.0903,1263,0,0
225.1326,5.0943,1264,0,0
225.1574,5.0782,1260,0,0
225.1822,5.0943,1264,0,0
225.2070,5.0943,1264,0,0
225.2318,5.0742,1259,0,0
225.2566,5.1145,1269,0,0
225.2814,5.0943,1264,0,0
225.3062,5.0782,1260,0,0
225.3310,5.0943,1264,0,0
225.3558,5.0862,1262,0,0
225.3806,5.0862,1262,0,0
225.4054,5.0782,1260,0,0
225.4302,5.0822,1261,0,0
225.4550,5.0983,1265,0,0
225.4798,5.0661,1257,0,0
225.5046,5.0822,1261,0,0
225.5294,5.1064,1267,0,0
225.5542,5.0782,1260,0,0
225.5790,5.0701,1258,0,0
225.6039,5.1024,1266,0,0
225.6286,5.0379,1250,0,0
225.6535,5.0782,1260,0,0
225.6783,5.0903,1263,0,0
225.7031,5.0742,1259,0,0
225.7279,5.0782,1260,0,0
225.7527,5.0983,1265,0,0
225.7775,5.0661,1257,0,0
225.8023,5.0862,1262,0,0
225.8271,5.0862,1262,0,0
225.8519,5.0862,1262,0,0
225.8767,5.0782,1260,0,0
225.9015,5.0943,1264,0,0
225.9263,5.0661,1257,0,0
225.9511,5.0742,1259,0,0
225.9759,5.1024,1266,0,0
226.0007,5.1024,1266,0,0
226.0255,5.0822,1261,0,0
226.0503,5.0782,1260,0,0
226.0751,5.0943,1264,0,0
226.0999,5.0862,1262,0,0
226.1247,5.0742,1259,0,0
226.1495,5.0903,1263,0,0
226.1743,5.0862,1262,0,0
226.1991,5.0782,1260,0,0
226.2239,5.0983,1265,0,0
226.2487,5.0782,1260,0,0
226.2735,5.0822,1261,0,0
226.2983,5.0661,1257,0,0
226.3231,5.0943,1264,0,0
226.3479,5.0661,1257,0,0
226.3727,5.0862,1262,0,0
226.3975,5.0903,1263,0,0
226.4223,5.0540,1254,0,0
226.4471,5.0661,1257,0,0
226.4719,5.0742,1259,0,0
226.4967,5.1265,1272,0,0
226.5215,5.0742,1259,0,0
226.5463,5.0943,1264,0,0
226.5712,5.0943,1264,0,0
226.5959,5.1104,1268,0,0
226.6208,5.0742,1259,0,0
226.6456,5.0782,1260,0,0
226.6704,5.0782,1260,0,0
226.6952,5.0782,1260,0,0
226.7200,5.1346,1274,0,0
226.7448,5.0943,1264,0,0
226.7696,5.0742,1259,0,0
226.7944,5.1064,1267,0,0
226.8192,5.0782,1260,0,0
226.8440,5.0862,1262,0,0
226.8688,5.0943,1264,0,0
226.8936,5.1265,1272,0,0
226.9184,5.0338,1249,0,0
226.9432,5.0903,1263,0,0
226.9680,5.0822,1261,0,0
226.9928,5.0943,1264,0,0
227.0176,5.0782,1260,0,0
227.0424,5.0782,1260,0,0
227.0672,5.0500,1253,0,0
227.0920,5.0983,1265,0,0
227.1168,5.0862,1262,0,0
227.1416,5.0782,1260,0,0
227.1664,5.1225,1271,0,0
227.1912,5.0983,1265,0,0
227.2160,5.0862,1262,0,0
227.2408,5.0943,1264,0,0
227.2656,5.1306,1273,0,0
227.2904,5.0742,1259,0,0
227.3152,5.0943,1264,0,0
227.3400,5.0943,1264,0,0
227.3648,5.0782,1260,0,0
227.3896,5.0661,1257,0,0
227.4144,5.0419,1251,0,0
227.4392,5.0943,1264,0,0
227.4640,5.0983,1265,0,0
227.4888,5.0742,1259,0,0
227.5136,5.0742,1259,0,0
227.5385,5.1064,1267,0,0
227.5632,5.0862,1262,0,0
227.5881,5.0782,1260,0,0
227.6129,5.0943,1264,0,0
227.6377,5.0661,1257,0,0
227.6625,5.0782,1260,0,0
227.6873,5.1064,1267,0,0
227.7121,5.0943,1264,0,0
227.7369,5.0742,1259,0,0
227.7617,5.1225,1271,0,0
227.7865,5.0983,1265,0,0
227.8113,5.0540,1254,0,0
227.8361,5.0742,1259,0,0
227.8609,5.1346,1274,0,0
227.8857,5.0943,1264,0,0
227.9105,5.0943,1264,0,0
227.9353,5.0862,1262,0,0
227.9601,5.0822,1261,0,0
227.9849,5.0983,1265,0,0
228.0097,5.0943,1264,0,0
228.0345,5.0379,1250,0,0
228.0593,5.0782,1260,0,0
228.0841,5.1306,1273,0,0
228.1089,5.0943,1264,0,0
228.1337,5.0782,1260,0,0
228.1585,5.0742,1259,0,0
228.1833,5.0782,1260,0,0
228.2081,5.0500,1253,0,0
228.2329,5.0782,1260,0,0
228.2577,5.0500,1253,0,0
228.2825,5.0903,1263,0,0
228.3073,5.0782,1260,0,0
228.3321,5.1225,1271,0,0
228.3569,5.0661,1257,0,0
228.3817,5.0742,1259,0,0
228.4065,5.0983,1265,0,0
228.4313,5.0983,1265,0,0
228.4561,5.0661,1257,0,0
228.4809,5.1145,1269,0,0
228.5058,5.0742,1259,0,0
228.5305,5.0862,1262,0,0
228.5553,5.0983,1265,0,0
228.5802,5.0742,1259,0,0
228.6049,5.0419,1251,0,0
228.6298,5.0782,1260,0,0
228.6546,5.1064,1267,0,0
228.6794,5.0903,1263,0,0
228.7042,5.0983,1265,0,0
228.7290,5.0661,1257,0,0
228.7538,5.0661,1257,0,0
228.7786,5.0782,1260,0,0
228.8034,5.0862,1262,0,0
228.8282,5.0943,1264,0,0
228.8530,5.0862,1262,0,0
228.8778,5.0943,1264,0,0
228.9026,5.0943,1264,0,0
228.9274,5.0943,1264,0,0
228.9522,5.0903,1263,0,0
228.9770,5.0862,1262,0,0
229.0018,5.0742,1259,0,0
229.0266,5.0379,1250,0,0
229.0514,5.0943,1264,0,0
229.0762,5.1225,1271,0,0
229.1010,5.0540,1254,0,0
229.1258,5.0782,1260,0,0
229.1506,5.1064,1267,0,0
229.1754,5.0419,1251,0,0
229.2002,5.1507,1278,0,0
229.2250,5.0862,1262,0,0
229.2498,5.0379,1250,0,0
229.2746,5.0500,1253,0,0
229.2994,5.1064,1267,0,0
229.3242,5.0661,1257,0,0
229.3490,5.0742,1259,0,0
229.3738,5.0782,1260,0,0
229.3986,5.0943,1264,0,0
229.4234,5.0742,1259,0,0
229.4482,5.0943,1264,0,0
229.4730,5.1265,1272,0,0
229.4978,5.0338,1249,0,0
229.5226,5.0983,1265,0,0
229.5475,5.0782,1260,0,0
229.5723,5.0782,1260,0,0
229.5971,5.0742,1259,0,0
229.6219,5.0903,1263,0,0
229.6467,5.0661,1257,0,0
229.6715,5.0782,1260,0,0
229.6963,5.0943,1264,0,0
229.7211,5.0862,1262,0,0
229.7459,5.0701,1258,0,0
229.7707,5.0782,1260,0,0
229.7955,5.0983,1265,0,0
229.8203,5.0742,1259,0,0
229.8451,5.0862,1262,0,0
229.8699,5.0701,1258,0,0
229.8947,5.0782,1260,0,0
229.9195,5.0782,1260,0,0
229.9443,5.1265,1272,0,0
229.9691,5.0782,1260,0,0
229.9939,5.0540,1254,0,0
230.0187,5.0943,1264,0,0
230.0435,5.0742,1259,0,0
230.0683,5.0862,1262,0,0
230.0931,5.0943,1264,0,0
230.1179,5.0862,1262,0,0
230.1427,5.0983,1265,0,0
230.1675,5.0943,1264,0,0
230.1923,5.0903,1263,0,0
230.2171,5.0782,1260,0,0
230.2419,5.0862,1262,0,0
230.2667,5.0782,1260,0,0
230.2915,5.0943,1264,0,0
230.3163,5.0782,1260,0,0
230.3411,5.0862,1262,0,0
230.3659,5.1064,1267,0,0
230.3907,5.0983,1265,0,0
230.4155,5.0782,1260,0,0
230.4403,5.0822,1261,0,0
230.4651,5.0701,1258,0,0
230.4899,5.0742,1259,0,0
230.5148,5.0983,1265,0,0
230.5396,5.0862,1262,0,0
230.5644,5.0782,1260,0,0
230.5892,5.0943,1264,0,0
230.6140,5.0782,1260,0,0
230.6388,5.0822,1261,0,0
230.6636,5.0862,1262,0,0
230.6884,5.0742,1259,0,0
230.7132,5.0983,1265,0,0
230.7380,5.0983,1265,0,0
230.7628,5.0742,1259,0,0
230.7876,5.0943,1264,0,0
230.8124,5.1024,1266,0,0
230.8372,5.0701,1258,0,0
230.8620,5.0379,1250,0,0
230.8868,5.0903,1263,0,0
230.9116,5.1024,1266,0,0
230.9364,5.0943,1264,0,0
230.9612,5.0701,1258,0,0
230.9860,5.0903,1263,0,0
231.0108,5.1225,1271,0,0
231.0356,5.0742,1259,0,0
231.0604,5.0903,1263,0,0
231.0852,5.0943,1264,0,0
231.1100,5.0983,1265,0,0
231.1348,5.0782,1260,0,0
231.1596,5.0943,1264,0,0
231.1844,5.0742,1259,0,0
231.2092,5.0661,1257,0,0
231.2340,5.1064,1267,0,0
231.2588,5.0782,1260,0,0
231.2836,5.0903,1263,0,0
231.3084,5.0782,1260,0,0
231.3332,5.1265,1272,0,0
231.3580,5.0782,1260,0,0
231.3828,5.0943,1264,0,0
231.4076,5.1064,1267,0,0
231.4324,5.0782,1260,0,0
231.4572,5.0338,1249,0,0
231.4821,5.1225,1271,0,0
231.5069,5.0943,1264,0,0
231.5317,5.0822,1261,0,0
231.5565,5.0862,1262,0,0
231.5813,5.0701,1258,0,0
231.6061,5.0943,1264,0,0
231.6309,5.0983,1265,0,0
231.6557,5.0983,1265,0,0
231.6805,5.0903,1263,0,0
231.7053,5.0782,1260,0,0
231.7301,5.1386,1275,0,0
231.7549,5.0379,1250,0,0
231.7797,5.0943,1264,0,0
231.8045,5.1024,1266,0,0
231.8293,5.0862,1262,0,0
231.8541,5.0943,1264,0,0
231.8789,5.0943,1264,0,0
231.9037,5.0661,1257,0,0
231.9285,5.0903,1263,0,0
231.9533,5.1024,1266,0,0
231.9781,5.0782,1260,0,0
232.0029,5.0903,1263,0,0
232.0277,5.1064,1267,0,0
232.0525,5.1225,1271,0,0
232.0773,5.0782,1260,0,0
232.1021,5.0742,1259,0,0
232.1269,5.0903,1263,0,0
232.1517,5.0862,1262,0,0
232.1765,5.0943,1264,0,0
232.2013,5.0782,1260,0,0
232.2261,5.1225,1271,0,0
232.2509,5.0943,1264,0,0
232.2757,5.1024,1266,0,0
232.3005,5.0862,1262,0,0
232.3253,5.0661,1257,0,0
232.3501,5.0822,1261,0,0
232.3749,5.0661,1257,0,0
232.3997,5.0379,1250,0,0
232.4245,5.0822,1261,0,0
232.4494,5.0903,1263,0,0
232.4742,5.0661,1257,0,0
232.4989,5.0943,1264,0,0
232.5238,5.1306,1273,0,0
232.5486,5.0903,1263,0,0
232.5734,5.0782,1260,0,0
232.5982,5.0782,1260,0,0
232.6230,5.0943,1264,0,0
232.6478,5.0903,1263,0,0
232.6726,5.0822,1261,0,0
232.6974,5.0943,1264,0,0
232.7222,5.0822,1261,0,0
232.7470,5.1225,1271,0,0
232.7718,5.0943,1264,0,0
232.7966,5.0379,1250,0,0
232.8214,5.1225,1271,0,0
232.8462,5.0943,1264,0,0
232.8710,5.0943,1264,0,0
232.8958,5.0661,1257,0,0
232.9206,5.0903,1263,0,0
232.9454,5.1064,1267,0,0
232.9702,5.1024,1266,0,0
232.9950,5.0862,1262,0,0
233.0198,5.0822,1261,0,0
233.0446,5.0661,1257,0,0
233.0694,5.0903,1263,0,0
233.0942,5.0862,1262,0,0
233.1190,5.0782,1260,0,0
233.1438,5.0782,1260,0,0
233.1686,5.0943,1264,0,0
233.1934,5.0742,1259,0,0
233.2182,5.0943,1264,0,0
233.2430,5.1024,1266,0,0
233.2678,5.0983,1265,0,0
233.2926,5.0742,1259,0,0
233.3174,5.0822,1261,0,0
233.3422,5.0782,1260,0,0
233.3671,5.0379,1250,0,0
233.3918,5.0701,1258,0,0
233.4166,5.0661,1257,0,0
233.4415,5.0782,1260,0,0
233.4662,5.0701,1258,0,0
233.4911,5.0822,1261,0,0
233.5159,5.0862,1262,0,0
233.5407,5.1024,1266,0,0
233.5655,5.1024,1266,0,0
233.5903,5.0782,1260,0,0
233.6151,5.0943,1264,0,0
233.6399,5.0782,1260,0,0
233.6647,5.0742,1259,0,0
233.6895,5.0580,1255,0,0
233.7143,5.1024,1266,0,0
233.7391,5.1145,1269,0,0
233.7639,5.0661,1257,0,0
233.7887,5.0862,1262,0,0
233.8135,5.0862,1262,0,0
233.8383,5.0943,1264,0,0
233.8631,5.0862,1262,0,0
233.8879,5.1104,1268,0,0
233.9127,5.0903,1263,0,0
233.9375,5.0661,1257,0,0
233.9623,5.0943,1264,0,0
233.9871,5.0782,1260,0,0
234.0119,5.0500,1253,0,0
234.0367,5.0782,1260,0,0
234.0615,5.1104,1268,0,0
234.0863,5.0862,1262,0,0
234.1111,5.0782,1260,0,0
234.1359,5.1064,1267,0,0
234.1607,5.1064,1267,0,0
234.1855,5.0782,1260,0,0
234.2103,5.1024,1266,0,0
234.2351,5.0903,1263,0,0
234.2599,5.0903,1263,0,0
234.2847,5.0742,1259,0,0
234.3095,5.0943,1264,0,0
234.3343,5.0661,1257,0,0
234.3591,5.0983,1265,0,0
234.3839,5.0983,1265,0,0
234.4088,5.0943,1264,0,0
234.4335,5.0862,1262,0,0
234.4584,5.0862,1262,0,0
234.4832,5.1024,1266,0,0
234.5080,5.0862,1262,0,0
234.5328,5.1024,1266,0,0
234.5576,5.0782,1260,0,0
234.5824,5.1064,1267,0,0
234.6072,5.0742,1259,0,0
234.6320,5.0742,1259,0,0
234.6568,5.0661,1257,0,0
234.6816,5.0943,1264,0,0
234.7064,5.0983,1265,0,0
234.7312,5.0661,1257,0,0
234.7560,5.0943,1264,0,0
234.7808,5.1265,1272,0,0
234.8056,5.0822,1261,0,0
234.8304,5.0701,1258,0,0
234.8552,5.1104,1268,0,0
234.8800,5.0943,1264,0,0
234.9048,5.0742,1259,0,0
234.9296,5.1024,1266,0,0
234.9544,5.0782,1260,0,0
234.9792,5.0661,1257,0,0
235.0040,5.1024,1266,0,0
235.0288,5.1064,1267,0,0
235.0536,5.0903,1263,0,0
235.0784,5.0822,1261,0,0
235.1032,5.0782,1260,0,0
235.1280,5.0782,1260,0,0
235.1528,5.0862,1262,0,0
235.1776,5.0782,1260,0,0
235.2024,5.0782,1260,0,0
235.2272,5.0742,1259,0,0
235.2520,5.1225,1271,0,0
235.2768,5.0903,1263,0,0
235.3016,5.0661,1257,0,0
235.3264,5.0782,1260,0,0
235.3512,5.1265,1272,0,0
235.3761,5.0862,1262,0,0
235.4008,5.0943,1264,0,0
235.4257,5.0661,1257,0,0
235.4505,5.0701,1258,0,0
235.4753,5.0822,1261,0,0
235.5001,5.0983,1265,0,0
235.5249,5.0862,1262,0,0
235.5497,5.0822,1261,0,0
235.5745,5.0943,1264,0,0
235.5993,5.0661,1257,0,0
235.6241,5.0782,1260,0,0
235.6489,5.0862,1262,0,0
235.6737,5.0903,1263,0,0
235.6985,5.0782,1260,0,0
235.7233,5.0983,1265,0,0
235.7481,5.1225,1271,0,0
235.7729,5.0943,1264,0,0
235.7977,5.0782,1260,0,0
235.8225,5.0903,1263,0,0
235.8473,5.0782,1260,0,0
235.8721,5.1225,1271,0,0
235.8969,5.1346,1274,0,0
235.9217,5.0782,1260,0,0
235.9465,5.0862,1262,0,0
235.9713,5.0983,1265,0,0
235.9961,5.0943,1264,0,0
236.0209,5.0742,1259,0,0
236.0457,5.0701,1258,0,0
236.0705,5.1024,1266,0,0
236.0953,5.0661,1257,0,0
236.1201,5.0701,1258,0,0
236.1449,5.0983,1265,0,0
236.1697,5.0943,1264,0,0
236.1945,5.0782,1260,0,0
236.2193,5.0943,1264,0,0
236.2441,5.0983,1265,0,0
236.2689,5.0862,1262,0,0
236.2937,5.1064,1267,0,0
236.3185,5.1064,1267,0,0
236.3434,5.1064,1267,0,0
236.3681,5.0782,1260,0,0
236.3930,5.1225,1271,0,0
236.4178,5.1024,1266,0,0
236.4426,5.0903,1263,0,0
236.4674,5.1104,1268,0,0
236.4922,5.1064,1267,0,0
236.5170,5.0943,1264,0,0
236.5418,5.0983,1265,0,0
236.5666,5.0661,1257,0,0
236.5914,5.0379,1250,0,0
236.6162,5.1265,1272,0,0
236.6410,5.0862,1262,0,0
236.6658,5.0983,1265,0,0
236.6906,5.0822,1261,0,0
236.7154,5.1225,1271,0,0
236.7402,5.0782,1260,0,0
236.7650,5.0822,1261,0,0
236.7898,5.1225,1271,0,0
236.8146,5.0943,1264,0,0
236.8394,5.0943,1264,0,0
236.8642,5.0338,1249,0,0
236.8890,5.0862,1262,0,0
236.9138,5.0782,1260,0,0
236.9386,5.0903,1263,0,0
236.9634,5.0943,1264,0,0
236.9882,5.0943,1264,0,0
237.0130,5.0782,1260,0,0
237.0378,5.1064,1267,0,0
237.0626,5.0943,1264,0,0
237.0874,5.0943,1264,0,0
237.1122,5.1145,1269,0,0
237.1370,5.0782,1260,0,0
237.1618,5.0983,1265,0,0
237.1866,5.0983,1265,0,0
237.2114,5.1064,1267,0,0
237.2362,5.0862,1262,0,0
237.2610,5.0742,1259,0,0
237.2858,5.0782,1260,0,0
237.3106,5.0822,1261,0,0
237.3354,5.0943,1264,0,0
237.3602,5.0782,1260,0,0
237.3851,5.0822,1261,0,0
237.4099,5.0943,1264,0,0
237.4347,5.0742,1259,0,0
237.4595,5.0742,1259,0,0
237.4843,5.0943,1264,0,0
237.5091,5.0943,1264,0,0
237.5339,5.1024,1266,0,0
237.5587,5.0782,1260,0,0
237.5835,5.0983,1265,0,0
237.6083,5.0983,1265,0,0
237.6331,5.0903,1263,0,0
237.6579,5.0943,1264,0,0
237.6827,5.0943,1264,0,0
237.7075,5.0903,1263,0,0
237.7323,5.0742,1259,0,0
237.7571,5.0661,1257,0,0
237.7819,5.0943,1264,0,0
237.8067,5.0661,1257,0,0
237.8315,5.0983,1265,0,0
237.8563,5.1145,1269,0,0
237.8811,5.0701,1258,0,0
237.9059,5.1104,1268,0,0
237.9307,5.1145,1269,0,0
237.9555,5.0661,1257,0,0
237.9803,5.0782,1260,0,0
238.0051,5.0862,1262,0,0
238.0299,5.0822,1261,0,0
238.0547,5.0822,1261,0,0
238.0795,5.0661,1257,0,0
238.1043,5.0782,1260,0,0
238.1291,5.0742,1259,0,0
238.1539,5.0782,1260,0,0
238.1787,5.0782,1260,0,0
238.2035,5.0742,1259,0,0
238.2283,5.0943,1264,0,0
238.2531,5.0782,1260,0,0
238.2779,5.0661,1257,0,0
238.3027,5.0661,1257,0,0
238.3275,5.0822,1261,0,0
238.3524,5.0862,1262,0,0
238.3772,5.0862,1262,0,0
238.4020,5.0782,1260,0,0
238.4268,5.0983,1265,0,0
238.4516,5.0862,1262,0,0
238.4764,5.0943,1264,0,0
238.5012,5.1024,1266,0,0
238.5260,5.1064,1267,0,0
238.5508,5.0822,1261,0,0
238.5756,5.0983,1265,0,0
238.6004,5.0218,1246,0,0
238.6252,5.0862,1262,0,0
238.6500,5.0983,1265,0,0
238.6748,5.0943,1264,0,0
238.6996,5.0983,1265,0,0
238.7244,5.0782,1260,0,0
238.7492,5.0822,1261,0,0
238.7740,5.1064,1267,0,0
238.7988,5.0661,1257,0,0
238.8236,5.0862,1262,0,0
238.8484,5.0983,1265,0,0
238.8732,5.0822,1261,0,0
238.8980,5.0862,1262,0,0
238.9228,5.0540,1254,0,0
238.9476,5.0701,1258,0,0
238.9724,5.0862,1262,0,0
238.9972,5.0742,1259,0,0
239.0220,5.0742,1259,0,0
239.0468,5.0822,1261,0,0
239.0716,5.0822,1261,0,0
239.0964,5.0782,1260,0,0
239.1212,5.1265,1272,0,0
239.1460,5.1104,1268,0,0
239.1708,5.0782,1260,0,0
239.1956,5.0943,1264,0,0
239.2204,5.0943,1264,0,0
239.2452,5.0822,1261,0,0
239.2701,5.0742,1259,0,0
239.2948,5.0903,1263,0,0
239.3197,5.0782,1260,0,0
239.3445,5.0943,1264,0,0
239.3693,5.0943,1264,0,0
239.3941,5.0661,1257,0,0
239.4189,5.1064,1267,0,0
239.4437,5.1064,1267,0,0
239.4685,5.0943,1264,0,0
239.4933,5.0419,1251,0,0
239.5181,5.0943,1264,0,0
239.5429,5.0862,1262,0,0
239.5677,5.0782,1260,0,0
239.5925,5.1064,1267,0,0
239.6173,5.0822,1261,0,0
239.6421,5.0782,1260,0,0
239.6669,5.0742,1259,0,0
239.6917,5.1145,1269,0,0
239.7165,5.0943,1264,0,0
239.7413,5.0862,1262,0,0
239.7661,5.0822,1261,0,0
239.7909,5.0903,1263,0,0
239.8157,5.0540,1254,0,0
239.8405,5.1064,1267,0,0
239.8653,5.0943,1264,0,0
239.8901,5.0782,1260,0,0
239.9149,5.0782,1260,0,0
239.9397,5.1064,1267,0,0
239.9645,5.0661,1257,0,0
239.9893,5.0983,1265,0,0
240.0141,5.0862,1262,0,0
240.0389,5.0822,1261,0,0
240.0637,5.0903,1263,0,0
240.0885,5.0661,1257,0,0
240.1133,5.0742,1259,0,0
240.1381,5.0903,1263,0,0
240.1629,5.0983,1265,0,0
240.1877,5.0742,1259,0,0
240.2125,5.0782,1260,0,0
240.2374,5.0782,1260,0,0
240.2621,5.0822,1261,0,0
240.2870,5.0701,1258,0,0
240.3118,5.0943,1264,0,0
240.3365,5.1265,1272,0,0
240.3614,5.0862,1262,0,0
240.3862,5.0983,1265,0,0
240.4110,5.1104,1268,0,0
240.4358,5.0943,1264,0,0
240.4606,5.0862,1262,0,0
240.4854,5.0782,1260,0,0
240.5102,5.0782,1260,0,0
240.5350,5.0782,1260,0,0
240.5598,5.0943,1264,0,0
240.5846,5.1024,1266,0,0
240.6094,5.1064,1267,0,0
240.6342,5.0943,1264,0,0
240.6590,5.0943,1264,0,0
240.6838,5.0500,1253,0,0
240.7086,5.0983,1265,0,0
240.7334,5.0983,1265,0,0
240.7582,5.0742,1259,0,0
240.7830,5.0903,1263,0,0
240.8078,5.0782,1260,0,0
240.8326,5.0822,1261,0,0
240.8574,5.0701,1258,0,0
240.8822,5.0580,1255,0,0
240.9070,5.1024,1266,0,0
240.9318,5.0782,1260,0,0
240.9566,5.0540,1254,0,0
240.9814,5.0862,1262,0,0
241.0062,5.0742,1259,0,0
241.0310,5.0782,1260,0,0
241.0558,5.0943,1264,0,0
241.0806,5.0580,1255,0,0
241.1054,5.0943,1264,0,0
241.1302,5.1225,1271,0,0
241.1550,5.0862,1262,0,0
241.1798,5.0862,1262,0,0
241.2047,5.0983,1265,0,0
241.2294,5.0983,1265,0,0
241.2542,5.1024,1266,0,0
241.2791,5.0782,1260,0,0
241.3038,5.0500,1253,0,0
241.3287,5.0862,1262,0,0
241.3535,5.0943,1264,0,0
241.3783,5.0782,1260,0,0
241.4031,5.0862,1262,0,0
241.4279,5.0500,1253,0,0
241.4527,5.0782,1260,0,0
241.4775,5.1024,1266,0,0
241.5023,5.0862,1262,0,0
241.5271,5.0419,1251,0,0
241.5519,5.0862,1262,0,0
241.5767,5.0500,1253,0,0
241.6015,5.1064,1267,0,0
241.6263,5.0903,1263,0,0
241.6511,5.0822,1261,0,0
241.6759,5.0943,1264,0,0
241.7007,5.0862,1262,0,0
241.7255,5.0862,1262,0,0
241.7503,5.0419,1251,0,0
241.7751,5.0943,1264,0,0
241.7999,5.0742,1259,0,0
241.8247,5.0500,1253,0,0
241.8495,5.0943,1264,0,0
241.8743,5.0742,1259,0,0
241.8991,5.0943,1264,0,0
241.9239,5.0983,1265,0,0
241.9487,5.0661,1257,0,0
241.9735,5.0862,1262,0,0
241.9983,5.0822,1261,0,0
242.0231,5.0742,1259,0,0
242.0479,5.1024,1266,0,0
242.0727,5.0701,1258,0,0
242.0975,5.0943,1264,0,0
242.1223,5.0903,1263,0,0
242.1471,5.0782,1260,0,0
242.1719,5.0943,1264,0,0
242.1967,5.0903,1263,0,0
242.2215,5.0903,1263,0,0
242.2464,5.0701,1258,0,0
242.2711,5.1386,1275,0,0
242.2960,5.0782,1260,0,0
242.3208,5.0782,1260,0,0
242.3456,5.1346,1274,0,0
242.3704,5.0782,1260,0,0
242.3952,5.0782,1260,0,0
242.4200,5.1064,1267,0,0
242.4448,5.1024,1266,0,0
242.4696,5.0419,1251,0,0
242.4944,5.1024,1266,0,0
242.5192,5.0943,1264,0,0
242.5440,5.0943,1264,0,0
242.5688,5.0782,1260,0,0
242.5936,5.0983,1265,0,0
242.6184,5.0782,1260,0,0
242.6432,5.1588,1280,0,0
242.6680,5.0742,1259,0,0
242.6928,5.0983,1265,0,0
242.7176,5.0983,1265,0,0
242.7424,5.0701,1258,0,0
242.7672,5.0943,1264,0,0
242.7920,5.0782,1260,0,0
242.8168,5.0782,1260,0,0
242.8416,5.1064,1267,0,0
242.8664,5.0822,1261,0,0
242.8912,5.0701,1258,0,0
242.9160,5.0822,1261,0,0
242.9408,5.1064,1267,0,0
242.9656,5.0742,1259,0,0
242.9904,5.0903,1263,0,0
243.0152,5.0943,1264,0,0
243.0400,5.0379,1250,0,0
243.0648,5.0943,1264,0,0
243.0896,5.0943,1264,0,0
243.1144,5.0782,1260,0,0
243.1392,5.0983,1265,0,0
243.1640,5.0862,1262,0,0
243.1888,5.0742,1259,0,0
243.2137,5.0943,1264,0,0
243.2384,5.0862,1262,0,0
243.2633,5.0943,1264,0,0
243.2881,5.0943,1264,0,0
243.3129,5.0862,1262,0,0
243.3377,5.0782,1260,0,0
243.3625,5.0661,1257,0,0
243.3873,5.0862,1262,0,0
243.4121,5.0862,1262,0,0
243.4369,5.1265,1272,0,0
243.4617,5.0742,1259,0,0
243.4865,5.0903,1263,0,0
243.5113,5.0862,1262,0,0
243.5361,5.0500,1253,0,0
243.5609,5.0782,1260,0,0
243.5857,5.0742,1259,0,0
243.6105,5.0742,1259,0,0
243.6353,5.1064,1267,0,0
243.6601,5.0661,1257,0,0
243.6849,5.0661,1257,0,0
243.7097,5.1064,1267,0,0
243.7345,5.0943,1264,0,0
243.7593,5.0903,1263,0,0
243.7841,5.0661,1257,0,0
243.8089,5.1225,1271,0,0
243.8337,5.0862,1262,0,0
243.8585,5.0983,1265,0,0
243.8833,5.0742,1259,0,0
243.9081,5.0742,1259,0,0
243.9329,5.0983,1265,0,0
243.9577,5.0943,1264,0,0
243.9825,5.0983,1265,0,0
244.0073,5.0661,1257,0,0
244.0321,5.0822,1261,0,0
244.0569,5.1265,1272,0,0
244.0817,5.0903,1263,0,0
244.1065,5.0782,1260,0,0
244.1313,5.0943,1264,0,0
244.1561,5.0782,1260,0,0
244.1810,5.1024,1266,0,0
244.2057,5.0983,1265,0,0
244.2306,5.0661,1257,0,0
244.2554,5.0943,1264,0,0
244.2802,5.0943,1264,0,0
244.3050,5.1064,1267,0,0
244.3298,5.0862,1262,0,0
244.3546,5.0903,1263,0,0
244.3794,5.0742,1259,0,0
244.4042,5.0862,1262,0,0
244.4290,5.0862,1262,0,0
244.4538,5.1145,1269,0,0
244.4786,5.0862,1262,0,0
244.5034,5.1064,1267,0,0
244.5282,5.0782,1260,0,0
244.5530,5.0983,1265,0,0
244.5778,5.0782,1260,0,0
244.6026,5.0782,1260,0,0
244.6274,5.0983,1265,0,0
244.6522,5.0540,1254,0,0
244.6770,5.0822,1261,0,0
244.7018,5.0983,1265,0,0
244.7266,5.0661,1257,0,0
244.7514,5.0943,1264,0,0
244.7762,5.0822,1261,0,0
244.8010,5.0822,1261,0,0
244.8258,5.0661,1257,0,0
244.8506,5.0862,1262,0,0
244.8754,5.0782,1260,0,0
244.9002,5.0943,1264,0,0
244.9250,5.0862,1262,0,0
244.9498,5.1265,1272,0,0
244.9746,5.0782,1260,0,0
244.9994,5.0862,1262,0,0
245.0242,5.1265,1272,0,0
245.0490,5.0661,1257,0,0
245.0738,5.0742,1259,0,0
245.0986,5.1064,1267,0,0
245.1234,5.1225,1271,0,0
245.1482,5.0298,1248,0,0
245.1730,5.1145,1269,0,0
245.1978,5.0943,1264,0,0
245.2227,5.0862,1262,0,0
245.2475,5.0862,1262,0,0
245.2723,5.0862,1262,0,0
245.2971,5.0862,1262,0,0
245.3219,5.0540,1254,0,0
245.3467,5.1024,1266,0,0
245.3715,5.0500,1253,0,0
245.3963,5.0943,1264,0,0
245.4211,5.0943,1264,0,0
245.4459,5.1104,1268,0,0
245.4707,5.0782,1260,0,0
245.4955,5.0822,1261,0,0
245.5203,5.0742,1259,0,0
245.5451,5.0701,1258,0,0
245.5699,5.0862,1262,0,0
245.5947,5.0822,1261,0,0
245.6195,5.0943,1264,0,0
245.6443,5.0782,1260,0,0
245.6691,5.0943,1264,0,0
245.6939,5.0540,1254,0,0
245.7187,5.1024,1266,0,0
245.7435,5.0943,1264,0,0
245.7683,5.1225,1271,0,0
245.7931,5.0782,1260,0,0
245.8179,5.0943,1264,0,0
245.8427,5.0782,1260,0,0
245.8675,5.0822,1261,0,0
245.8923,5.1024,1266,0,0
245.9171,5.0903,1263,0,0
245.9419,5.0822,1261,0,0
245.9667,5.1064,1267,0,0
245.9915,5.0943,1264,0,0
246.0163,5.0983,1265,0,0
246.0411,5.0862,1262,0,0
246.0659,5.1104,1268,0,0
246.0907,5.0862,1262,0,0
246.1155,5.0862,1262,0,0
246.1404,5.0943,1264,0,0
246.1651,5.0782,1260,0,0
246.1900,5.0782,1260,0,0
246.2148,5.0782,1260,0,0
246.2396,5.0782,1260,0,0
246.2644,5.0822,1261,0,0
246.2892,5.0983,1265,0,0
246.3140,5.0983,1265,0,0
246.3388,5.0742,1259,0,0
246.3636,5.0782,1260,0,0
246.3884,5.0862,1262,0,0
246.4132,5.0943,1264,0,0
246.4380,5.0983,1265,0,0
246.4628,5.0903,1263,0,0
246.4876,5.0862,1262,0,0
246.5124,5.0500,1253,0,0
246.5372,5.1225,1271,0,0
246.5620,5.1064,1267,0,0
246.5868,5.0782,1260,0,0
246.6116,5.0822,1261,0,0
246.6364,5.1064,1267,0,0
246.6612,5.0500,1253,0,0
246.6860,5.0661,1257,0,0
246.7108,5.1064,1267,0,0
246.7356,5.0943,1264,0,0
246.7604,5.0782,1260,0,0
246.7852,5.0782,1260,0,0
246.8100,5.1064,1267,0,0
246.8348,5.0862,1262,0,0
246.8596,5.0983,1265,0,0
246.8844,5.0903,1263,0,0
246.9092,5.0862,1262,0,0
246.9340,5.1104,1268,0,0
246.9588,5.0943,1264,0,0
246.9836,5.0943,1264,0,0
247.0084,5.0782,1260,0,0
247.0332,5.0943,1264,0,0
247.0580,5.0943,1264,0,0
247.0828,5.0943,1264,0,0
247.1077,5.0943,1264,0,0
247.1324,5.0742,1259,0,0
247.1573,5.0782,1260,0,0
247.1821,5.1386,1275,0,0
247.2069,5.0943,1264,0,0
247.2317,5.0742,1259,0,0
247.2565,5.0943,1264,0,0
247.2813,5.0943,1264,0,0
247.3061,5.0379,1250,0,0
247.3309,5.0782,1260,0,0
247.3557,5.1064,1267,0,0
247.3805,5.0782,1260,0,0
247.4053,5.0782,1260,0,0
247.4301,5.0822,1261,0,0
247.4549,5.0782,1260,0,0
247.4797,5.0419,1251,0,0
247.5045,5.0983,1265,0,0
247.5293,5.1145,1269,0,0
247.5541,5.0782,1260,0,0
247.5789,5.1145,1269,0,0
247.6037,5.1346,1274,0,0
247.6285,5.0782,1260,0,0
247.6533,5.0742,1259,0,0
247.6781,5.0500,1253,0,0
247.7029,5.0903,1263,0,0
247.7277,5.0742,1259,0,0
247.7525,5.1145,1269,0,0
247.7773,5.0862,1262,0,0
247.8021,5.0983,1265,0,0
247.8269,5.1145,1269,0,0
247.8517,5.1265,1272,0,0
247.8765,5.0943,1264,0,0
247.9013,5.0742,1259,0,0
247.9261,5.0903,1263,0,0
247.9509,5.0742,1259,0,0
247.9757,5.0943,1264,0,0
248.0005,5.1024,1266,0,0
248.0253,5.0943,1264,0,0
248.0501,5.0943,1264,0,0
248.0750,5.1064,1267,0,0
248.0997,5.0943,1264,0,0
248.1246,5.0903,1263,0,0
248.1494,5.0862,1262,0,0
248.1741,5.0862,1262,0,0
248.1990,5.0742,1259,0,0
248.2238,5.0983,1265,0,0
248.2486,5.0943,1264,0,0
248.2734,5.0903,1263,0,0
248.2982,5.1346,1274,0,0
248.3230,5.0943,1264,0,0
248.3478,5.0782,1260,0,0
248.3726,5.0782,1260,0,0
248.3974,5.0782,1260,0,0
248.4222,5.0701,1258,0,0
248.4470,5.0500,1253,0,0
248.4718,5.1104,1268,0,0
248.4966,5.0983,1265,0,0
248.5214,5.0742,1259,0,0
248.5462,5.0742,1259,0,0
248.5710,5.0943,1264,0,0
248.5958,5.0943,1264,0,0
248.6206,5.0862,1262,0,0
248.6454,5.0983,1265,0,0
248.6702,5.0862,1262,0,0
248.6950,5.1024,1266,0,0
248.7198,5.0943,1264,0,0
248.7446,5.0742,1259,0,0
248.7694,5.0742,1259,0,0
248.7942,5.1024,1266,0,0
248.8190,5.0983,1265,0,0
248.8438,5.0782,1260,0,0
248.8686,5.0822,1261,0,0
248.8934,5.0903,1263,0,0
248.9182,5.0500,1253,0,0
248.9430,5.0782,1260,0,0
248.9678,5.1064,1267,0,0
248.9926,5.0661,1257,0,0
249.0174,5.0782,1260,0,0
249.0423,5.0862,1262,0,0
249.0670,5.0943,1264,0,0
249.0918,5.0742,1259,0,0
249.1167,5.1225,1271,0,0
249.1414,5.0862,1262,0,0
249.1663,5.0862,1262,0,0
249.1911,5.0782,1260,0,0
249.2159,5.1265,1272,0,0
249.2407,5.0862,1262,0,0
249.2655,5.0782,1260,0,0
249.2903,5.0943,1264,0,0
249.3151,5.0862,1262,0,0
249.3399,5.0983,1265,0,0
249.3647,5.1104,1268,0,0
249.3895,5.1064,1267,0,0
249.4143,5.0742,1259,0,0
249.4391,5.1024,1266,0,0
249.4639,5.0782,1260,0,0
249.4887,5.0862,1262,0,0
249.5135,5.0943,1264,0,0
249.5383,5.0983,1265,0,0
249.5631,5.0943,1264,0,0
249.5879,5.0782,1260,0,0
249.6127,5.1064,1267,0,0
249.6375,5.0903,1263,0,0
249.6623,5.0862,1262,0,0
249.6871,5.0862,1262,0,0
249.7119,5.1104,1268,0,0
249.7367,5.1145,1269,0,0
249.7615,5.0782,1260,0,0
249.7863,5.0903,1263,0,0
249.8111,5.0822,1261,0,0
249.8359,5.0822,1261,0,0
249.8607,5.0943,1264,0,0
249.8855,5.0943,1264,0,0
249.9103,5.0903,1263,0,0
249.9351,5.0943,1264,0,0
249.9599,5.0862,1262,0,0
249.9847,5.0661,1257,0,0
250.0095,5.0943,1264,0,0
250.0343,5.0661,1257,0,0
250.0591,5.0782,1260,0,0
250.0840,5.0943,1264,0,0
250.1087,5.1265,1272,0,0
250.1336,5.0903,1263,0,0
250.1584,5.0862,1262,0,0
250.1832,5.0782,1260,0,0
250.2080,5.0782,1260,0,0
250.2328,5.0782,1260,0,0
250.2576,5.0701,1258,0,0
250.2824,5.0782,1260,0,0
250.3072,5.0661,1257,0,0
250.3320,5.0943,1264,0,0
250.3568,5.0983,1265,0,0
250.3816,5.1064,1267,0,0
250.4064,5.0862,1262,0,0
250.4312,5.0822,1261,0,0
250.4560,5.0903,1263,0,0
250.4808,5.0943,1264,0,0
250.5056,5.1265,1272,0,0
250.5304,5.0943,1264,0,0
250.5552,5.0701,1258,0,0
250.5800,5.0983,1265,0,0
250.6048,5.0862,1262,0,0
250.6296,5.0782,1260,0,0
250.6544,5.0943,1264,0,0
250.6792,5.0943,1264,0,0
250.7040,5.0822,1261,0,0
250.7288,5.0862,1262,0,0
250.7536,5.0742,1259,0,0
250.7784,5.0742,1259,0,0
250.8032,5.0943,1264,0,0
250.8280,5.1064,1267,0,0
250.8528,5.0701,1258,0,0
250.8776,5.0742,1259,0,0
250.9024,5.0983,1265,0,0
250.9272,5.0862,1262,0,0
250.9520,5.0822,1261,0,0
250.9768,5.1225,1271,0,0
251.0016,5.0661,1257,0,0
251.0264,5.0742,1259,0,0
251.0513,5.1104,1268,0,0
251.0760,5.0338,1249,0,0
251.1009,5.0782,1260,0,0
251.1257,5.0943,1264,0,0
251.1505,5.0983,1265,0,0
251.1753,5.0419,1251,0,0
251.2001,5.0943,1264,0,0
251.2249,5.0983,1265,0,0
251.2497,5.0742,1259,0,0
251.2745,5.0943,1264,0,0
251.2993,5.0983,1265,0,0
251.3241,5.1064,1267,0,0
251.3489,5.0782,1260,0,0
251.3737,5.0983,1265,0,0
251.3985,5.0862,1262,0,0
251.4233,5.0661,1257,0,0
251.4481,5.0862,1262,0,0
251.4729,5.0943,1264,0,0
251.4977,5.0862,1262,0,0
251.5225,5.1024,1266,0,0
251.5473,5.1427,1276,0,0
251.5721,5.0862,1262,0,0
251.5969,5.0742,1259,0,0
251.6217,5.0943,1264,0,0
251.6465,5.0862,1262,0,0
251.6713,5.0943,1264,0,0
251.6961,5.0903,1263,0,0
251.7209,5.0782,1260,0,0
251.7457,5.0822,1261,0,0
251.7705,5.0983,1265,0,0
251.7953,5.0782,1260,0,0
251.8201,5.0379,1250,0,0
251.8449,5.0822,1261,0,0
251.8697,5.0742,1259,0,0
251.8945,5.0742,1259,0,0
251.9193,5.0943,1264,0,0
251.9441,5.0903,1263,0,0
251.9689,5.0742,1259,0,0
251.9937,5.0862,1262,0,0
252.0186,5.1265,1272,0,0
252.0434,5.0862,1262,0,0
252.0682,5.0500,1253,0,0
252.0930,5.0943,1264,0,0
252.1178,5.0983,1265,0,0
252.1426,5.0943,1264,0,0
252.1674,5.0862,1262,0,0
252.1922,5.0903,1263,0,0
252.2170,5.0742,1259,0,0
252.2418,5.0903,1263,0,0
252.2666,5.0943,1264,0,0
252.2914,5.0782,1260,0,0
252.3162,5.0218,1246,0,0
252.3410,5.1225,1271,0,0
252.3658,5.0943,1264,0,0
252.3906,5.0580,1255,0,0
252.4154,5.0903,1263,0,0
252.4402,5.0862,1262,0,0
252.4650,5.0782,1260,0,0
252.4898,5.0701,1258,0,0
252.5146,5.1145,1269,0,0
252.5394,5.0862,1262,0,0
252.5642,5.1064,1267,0,0
252.5890,5.0943,1264,0,0
252.6138,5.0742,1259,0,0
252.6386,5.0943,1264,0,0
252.6634,5.0580,1255,0,0
252.6882,5.0862,1262,0,0
252.7130,5.0862,1262,0,0
252.7378,5.0983,1265,0,0
252.7626,5.0742,1259,0,0
252.7874,5.0822,1261,0,0
252.8122,5.0903,1263,0,0
252.8370,5.0943,1264,0,0
252.8618,5.0862,1262,0,0
252.8866,5.0782,1260,0,0
252.9114,5.0903,1263,0,0
252.9362,5.1024,1266,0,0
252.9610,5.0822,1261,0,0
252.9858,5.0862,1262,0,0
253.0107,5.1064,1267,0,0
253.0354,5.1064,1267,0,0
253.0603,5.0983,1265,0,0
253.0851,5.0822,1261,0,0
253.1099,5.0943,1264,0,0
253.1347,5.1064,1267,0,0
253.1595,5.1225,1271,0,0
253.1843,5.1064,1267,0,0
253.2091,5.1024,1266,0,0
253.2339,5.0822,1261,0,0
253.2587,5.0742,1259,0,0
253.2835,5.1225,1271,0,0
253.3083,5.0782,1260,0,0
253.3331,5.0742,1259,0,0
253.3579,5.0782,1260,0,0
253.3827,5.0862,1262,0,0
253.4075,5.1346,1274,0,0
253.4323,5.0943,1264,0,0
253.4571,5.1265,1272,0,0
253.4819,5.0983,1265,0,0
253.5067,5.0782,1260,0,0
253.5315,5.0983,1265,0,0
253.5563,5.1024,1266,0,0
253.5811,5.1024,1266,0,0
253.6059,5.0943,1264,0,0
253.6307,5.1265,1272,0,0
253.6555,5.1024,1266,0,0
253.6803,5.0782,1260,0,0
253.7051,5.1265,1272,0,0
253.7299,5.1064,1267,0,0
253.7547,5.0943,1264,0,0
253.7795,5.0983,1265,0,0
253.8043,5.0943,1264,0,0
253.8291,5.0782,1260,0,0
253.8539,5.0742,1259,0,0
253.8787,5.0983,1265,0,0
253.9035,5.0943,1264,0,0
253.9283,5.1225,1271,0,0
253.9531,5.0983,1265,0,0
253.9780,5.1024,1266,0,0
254.0027,5.0983,1265,0,0
254.0276,5.0862,1262,0,0
254.0524,5.0661,1257,0,0
254.0772,5.0862,1262,0,0
254.1020,5.0862,1262,0,0
254.1268,5.1064,1267,0,0
254.1516,5.0661,1257,0,0
254.1764,5.0943,1264,0,0
254.2012,5.0822,1261,0,0
254.2260,5.0862,1262,0,0
254.2508,5.1265,1272,0,0
254.2756,5.0862,1262,0,0
254.3004,5.0943,1264,0,0
254.3252,5.0903,1263,0,0
254.3500,5.0862,1262,0,0
254.3748,5.1024,1266,0,0
254.3996,5.0943,1264,0,0
254.4244,5.0862,1262,0,0
254.4492,5.0983,1265,0,0
254.4740,5.0661,1257,0,0
254.4988,5.0782,1260,0,0
254.5236,5.0742,1259,0,0
254.5484,5.0742,1259,0,0
254.5732,5.1064,1267,0,0
254.5980,5.0056,1242,0,0
254.6228,5.0862,1262,0,0
254.6476,5.0903,1263,0,0
254.6724,5.0983,1265,0,0
254.6972,5.0661,1257,0,0
254.7220,5.0943,1264,0,0
254.7468,5.0983,1265,0,0
254.7716,5.0862,1262,0,0
254.7964,5.0822,1261,0,0
254.8212,5.0742,1259,0,0
254.8460,5.0782,1260,0,0
254.8708,5.0822,1261,0,0
254.8956,5.0862,1262,0,0
254.9204,5.1024,1266,0,0
254.9453,5.0943,1264,0,0
254.9700,5.0983,1265,0,0
254.9949,5.0862,1262,0,0
255.0197,5.1064,1267,0,0
255.0445,5.0903,1263,0,0
255.0693,5.0862,1262,0,0
255.0941,5.0862,1262,0,0
255.1189,5.0782,1260,0,0
255.1437,5.0983,1265,0,0
255.1685,5.0983,1265,0,0
255.1933,5.0983,1265,0,0
255.2181,5.0983,1265,0,0
255.2429,5.0782,1260,0,0
255.2677,5.0782,1260,0,0
255.2925,5.0983,1265,0,0
255.3173,5.0943,1264,0,0
255.3421,5.1064,1267,0,0
255.3669,5.1064,1267,0,0
255.3917,5.0862,1262,0,0
255.4165,5.0943,1264,0,0
255.4413,5.0661,1257,0,0
255.4661,5.1104,1268,0,0
255.4909,5.0742,1259,0,0
255.5157,5.0782,1260,0,0
255.5405,5.0742,1259,0,0
255.5653,5.0862,1262,0,0
255.5901,5.0983,1265,0,0
255.6149,5.0943,1264,0,0
255.6397,5.0983,1265,0,0
255.6645,5.0742,1259,0,0
255.6893,5.0822,1261,0,0
255.7141,5.0943,1264,0,0
255.7389,5.0943,1264,0,0
255.7637,5.0661,1257,0,0
255.7885,5.0943,1264,0,0
255.8133,5.0903,1263,0,0
255.8381,5.0862,1262,0,0
255.8629,5.0782,1260,0,0
255.8877,5.1064,1267,0,0
255.9126,5.0943,1264,0,0
255.9373,5.0782,1260,0,0
255.9622,5.0943,1264,0,0
255.9870,5.1265,1272,0,0
256.0117,5.0742,1259,0,0
256.0366,5.0983,1265,0,0
256.0614,5.0903,1263,0,0
256.0862,5.0903,1263,0,0
256.1110,5.0742,1259,0,0
256.1358,5.0701,1258,0,0
256.1606,5.0742,1259,0,0
256.1854,5.1225,1271,0,0
256.2102,5.1265,1272,0,0
256.2350,5.0943,1264,0,0
256.2598,5.0742,1259,0,0
256.2846,5.0862,1262,0,0
256.3094,5.0943,1264,0,0
256.3342,5.0701,1258,0,0
256.3590,5.0822,1261,0,0
256.3838,5.0862,1262,0,0
256.4086,5.0742,1259,0,0
256.4334,5.1265,1272,0,0
256.4582,5.0862,1262,0,0
256.4830,5.0862,1262,0,0
256.5078,5.0862,1262,0,0
256.5326,5.0782,1260,0,0
256.5574,5.0701,1258,0,0
256.5822,5.0782,1260,0,0
256.6070,5.1225,1271,0,0
256.6318,5.0742,1259,0,0
256.6566,5.0782,1260,0,0
256.6814,5.0782,1260,0,0
256.7062,5.0903,1263,0,0
256.7310,5.0419,1251,0,0
256.7558,5.0782,1260,0,0
256.7806,5.0943,1264,0,0
256.8055,5.0661,1257,0,0
256.8302,5.0983,1265,0,0
256.8550,5.0983,1265,0,0
256.8799,5.0822,1261,0,0
256.9046,5.0943,1264,0,0
256.9294,5.0943,1264,0,0
256.9543,5.0862,1262,0,0
256.9791,5.0943,1264,0,0
257.0038,5.0862,1262,0,0
257.0287,5.0742,1259,0,0
257.0535,5.1064,1267,0,0
257.0783,5.0983,1265,0,0
257.1031,5.0782,1260,0,0
257.1279,5.1104,1268,0,0
257.1527,5.0822,1261,0,0
257.1775,5.1265,1272,0,0
257.2023,5.0742,1259,0,0
257.2271,5.0661,1257,0,0
257.2519,5.1225,1271,0,0
257.2767,5.0782,1260,0,0
257.3015,5.0661,1257,0,0
257.3263,5.1225,1271,0,0
257.3511,5.0862,1262,0,0
257.3759,5.0419,1251,0,0
257.4007,5.1024,1266,0,0
257.4255,5.0943,1264,0,0
257.4503,5.1024,1266,0,0
257.4751,5.0782,1260,0,0
257.4999,5.0983,1265,0,0
257.5247,5.1064,1267,0,0
257.5495,5.0903,1263,0,0
257.5743,5.0742,1259,0,0
257.5991,5.0943,1264,0,0
257.6239,5.0943,1264,0,0
257.6487,5.0782,1260,0,0
257.6735,5.0661,1257,0,0
257.6983,5.0661,1257,0,0
257.7231,5.0983,1265,0,0
257.7479,5.1064,1267,0,0
257.7727,5.0661,1257,0,0
257.7975,5.0782,1260,0,0
257.8223,5.0782,1260,0,0
257.8471,5.0983,1265,0,0
257.8719,5.1024,1266,0,0
257.8968,5.0822,1261,0,0
257.9215,5.0862,1262,0,0
257.9464,5.0701,1258,0,0
257.9712,5.0983,1265,0,0
257.9960,5.0862,1262,0,0
258.0208,5.0943,1264,0,0
258.0456,5.0862,1262,0,0
258.0704,5.0782,1260,0,0
258.0952,5.0822,1261,0,0
258.1200,5.1225,1271,0,0
258.1448,5.0782,1260,0,0
258.1696,5.0983,1265,0,0
258.1944,5.0943,1264,0,0
258.2192,5.0862,1262,0,0
258.2440,5.0782,1260,0,0
258.2688,5.0580,1255,0,0
258.2936,5.0903,1263,0,0
258.3184,5.0822,1261,0,0
258.3432,5.0943,1264,0,0
258.3680,5.0862,1262,0,0
258.3928,5.0701,1258,0,0
258.4176,5.0782,1260,0,0
258.4424,5.1064,1267,0,0
258.4672,5.0862,1262,0,0
258.4920,5.0862,1262,0,0
258.5168,5.0943,1264,0,0
258.5416,5.0943,1264,0,0
258.5664,5.0943,1264,0,0
258.5912,5.0782,1260,0,0
258.6160,5.0943,1264,0,0
258.6408,5.0661,1257,0,0
258.6656,5.0943,1264,0,0
258.6904,5.0782,1260,0,0
258.7152,5.0782,1260,0,0
258.7400,5.0419,1251,0,0
258.7648,5.0822,1261,0,0
258.7896,5.0943,1264,0,0
258.8145,5.0903,1263,0,0
258.8392,5.0661,1257,0,0
258.8640,5.0943,1264,0,0
258.8889,5.0983,1265,0,0
258.9137,5.1265,1272,0,0
258.9384,5.1225,1271,0,0
258.9633,5.0862,1262,0,0
258.9881,5.0983,1265,0,0
259.0128,5.0983,1265,0,0
259.0377,5.0943,1264,0,0
259.0625,5.0862,1262,0,0
259.0873,5.0782,1260,0,0
259.1121,5.0862,1262,0,0
259.1369,5.0661,1257,0,0
259.1617,5.0782,1260,0,0
259.1865,5.1064,1267,0,0
259.2113,5.0943,1264,0,0
259.2361,5.0782,1260,0,0
259.2609,5.1024,1266,0,0
259.2857,5.0862,1262,0,0
259.3105,5.0782,1260,0,0
259.3353,5.0661,1257,0,0
259.3601,5.0862,1262,0,0
259.3849,5.0943,1264,0,0
259.4097,5.0782,1260,0,0
259.4345,5.1265,1272,0,0
259.4593,5.0782,1260,0,0
259.4841,5.1064,1267,0,0
259.5089,5.1024,1266,0,0
259.5337,5.0782,1260,0,0
259.5585,5.0862,1262,0,0
259.5833,5.1024,1266,0,0
259.6081,5.0983,1265,0,0
259.6329,5.0661,1257,0,0
259.6577,5.0943,1264,0,0
259.6825,5.1024,1266,0,0
259.7073,5.0742,1259,0,0
259.7321,5.0862,1262,0,0
259.7569,5.0983,1265,0,0
259.7817,5.0782,1260,0,0
259.8065,5.0983,1265,0,0
259.8314,5.0862,1262,0,0
259.8561,5.0742,1259,0,0
259.8810,5.1064,1267,0,0
259.9058,5.0782,1260,0,0
259.9305,5.0862,1262,0,0
259.9554,5.0822,1261,0,0
259.9802,5.1265,1272,0,0
260.0050,5.0661,1257,0,0
260.0298,5.0782,1260,0,0
260.0546,5.0822,1261,0,0
260.0794,5.0500,1253,0,0
260.1042,5.0862,1262,0,0
260.1290,5.0782,1260,0,0
260.1538,5.0983,1265,0,0
260.1786,5.0782,1260,0,0
260.2034,5.0983,1265,0,0
260.2282,5.0782,1260,0,0
260.2530,5.0782,1260,0,0
260.2778,5.0742,1259,0,0
260.3026,5.0943,1264,0,0
260.3274,5.0983,1265,0,0
260.3522,5.0943,1264,0,0
260.3770,5.1024,1266,0,0
260.4018,5.0862,1262,0,0
260.4266,5.0862,1262,0,0
260.4514,5.0903,1263,0,0
260.4762,5.1064,1267,0,0
260.5010,5.0862,1262,0,0
260.5258,5.0661,1257,0,0
260.5506,5.0943,1264,0,0
260.5754,5.0782,1260,0,0
260.6002,5.0500,1253,0,0
260.6250,5.0903,1263,0,0
260.6498,5.0701,1258,0,0
260.6746,5.0379,1250,0,0
260.6994,5.0983,1265,0,0
260.7242,5.0782,1260,0,0
260.7491,5.0661,1257,0,0
260.7738,5.0943,1264,0,0
260.7986,5.0983,1265,0,0
260.8235,5.0822,1261,0,0
260.8482,5.0862,1262,0,0
260.8730,5.1145,1269,0,0
260.8979,5.0862,1262,0,0
260.9227,5.0903,1263,0,0
260.9474,5.0943,1264,0,0
260.9723,5.0782,1260,0,0
260.9971,5.0701,1258,0,0
261.0219,5.1265,1272,0,0
261.0467,5.0782,1260,0,0
261.0715,5.0943,1264,0,0
261.0963,5.1265,1272,0,0
261.1211,5.0822,1261,0,0
261.1459,5.0580,1255,0,0
261.1707,5.0943,1264,0,0
261.1955,5.0943,1264,0,0
261.2203,5.1104,1268,0,0
261.2451,5.0782,1260,0,0
261.2699,5.0862,1262,0,0
261.2947,5.0983,1265,0,0
261.3195,5.0943,1264,0,0
261.3443,5.0943,1264,0,0
261.3691,5.0822,1261,0,0
261.3939,5.0782,1260,0,0
261.4187,5.0903,1263,0,0
261.4435,5.0943,1264,0,0
261.4683,5.0782,1260,0,0
261.4931,5.1024,1266,0,0
261.5179,5.0943,1264,0,0
261.5427,5.0379,1250,0,0
261.5675,5.0822,1261,0,0
261.5923,5.0943,1264,0,0
261.6171,5.0742,1259,0,0
261.6419,5.0782,1260,0,0
261.6667,5.0903,1263,0,0
261.6915,5.0862,1262,0,0
261.7163,5.0862,1262,0,0
261.7411,5.0661,1257,0,0
261.7659,5.0822,1261,0,0
261.7907,5.0862,1262,0,0
261.8156,5.0943,1264,0,0
261.8404,5.1225,1271,0,0
261.8651,5.0862,1262,0,0
261.8900,5.0742,1259,0,0
261.9148,5.0943,1264,0,0
261.9396,5.0701,1258,0,0
261.9644,5.0782,1260,0,0
261.9892,5.0862,1262,0,0
262.0140,5.1104,1268,0,0
262.0388,5.0822,1261,0,0
262.0636,5.0782,1260,0,0
262.0884,5.0782,1260,0,0
262.1132,5.0943,1264,0,0
262.1380,5.0943,1264,0,0
262.1628,5.0701,1258,0,0
262.1876,5.0903,1263,0,0
262.2124,5.0943,1264,0,0
262.2372,5.0943,1264,0,0
262.2620,5.0782,1260,0,0
262.2868,5.0742,1259,0,0
262.3116,5.0983,1265,0,0
262.3364,5.0661,1257,0,0
262.3612,5.0983,1265,0,0
262.3860,5.0862,1262,0,0
262.4108,5.0862,1262,0,0
262.4356,5.0500,1253,0,0
262.4604,5.0862,1262,0,0
262.4852,5.0983,1265,0,0
262.5100,5.0742,1259,0,0
262.5348,5.0862,1262,0,0
262.5596,5.1064,1267,0,0
262.5844,5.0500,1253,0,0
262.6092,5.0782,1260,0,0
262.6340,5.0943,1264,0,0
262.6588,5.0782,1260,0,0
262.6836,5.0943,1264,0,0
262.7084,5.0822,1261,0,0
262.7332,5.0782,1260,0,0
262.7581,5.0782,1260,0,0
262.7828,5.0943,1264,0,0
262.8076,5.0822,1261,0,0
262.8325,5.0782,1260,0,0
262.8573,5.0862,1262,0,0
262.8820,5.0862,1262,0,0
262.9069,5.0862,1262,0,0
262.9317,5.0822,1261,0,0
262.9565,5.0983,1265,0,0
262.9813,5.0379,1250,0,0
263.0061,5.0782,1260,0,0
263.0309,5.1064,1267,0,0
263.0557,5.1024,1266,0,0
263.0805,5.0661,1257,0,0
263.1053,5.0903,1263,0,0
263.1301,5.0983,1265,0,0
263.1549,5.0822,1261,0,0
263.1797,5.0903,1263,0,0
263.2045,5.0862,1262,0,0
263.2293,5.0782,1260,0,0
263.2541,5.0943,1264,0,0
263.2789,5.0862,1262,0,0
263.3037,5.0822,1261,0,0
263.3285,5.0661,1257,0,0
263.3533,5.0943,1264,0,0
263.3781,5.0782,1260,0,0
263.4029,5.0862,1262,0,0
263.4277,5.0661,1257,0,0
263.4525,5.1104,1268,0,0
263.4773,5.0983,1265,0,0
263.5021,5.1064,1267,0,0
263.5269,5.1870,1287,0,0
263.5517,5.0661,1257,0,0
263.5765,5.0782,1260,0,0
263.6013,5.0943,1264,0,0
263.6261,5.0782,1260,0,0
263.6509,5.0701,1258,0,0
263.6758,5.0742,1259,0,0
263.7005,5.0742,1259,0,0
263.7253,5.1104,1268,0,0
263.7502,5.0983,1265,0,0
263.7750,5.0983,1265,0,0
263.7997,5.0782,1260,0,0
263.8246,5.0862,1262,0,0
263.8494,5.0903,1263,0,0
263.8741,5.0742,1259,0,0
263.8990,5.0862,1262,0,0
263.9238,5.0782,1260,0,0
263.9486,5.0742,1259,0,0
263.9734,5.0822,1261,0,0
263.9982,5.0943,1264,0,0
264.0230,5.0742,1259,0,0
264.0478,5.0742,1259,0,0
264.0726,5.0983,1265,0,0
264.0974,5.0943,1264,0,0
264.1222,5.0742,1259,0,0
264.1470,5.0943,1264,0,0
264.1718,5.0983,1265,0,0
264.1966,5.0661,1257,0,0
264.2214,5.0983,1265,0,0
264.2462,5.1225,1271,0,0
264.2710,5.0943,1264,0,0
264.2958,5.0943,1264,0,0
264.3206,5.0943,1264,0,0
264.3454,5.0943,1264,0,0
264.3702,5.0782,1260,0,0
264.3950,5.1064,1267,0,0
264.4198,5.0862,1262,0,0
264.4446,5.0862,1262,0,0
264.4694,5.0782,1260,0,0
264.4942,5.0903,1263,0,0
264.5190,5.0943,1264,0,0
264.5438,5.0943,1264,0,0
264.5686,5.0782,1260,0,0
264.5934,5.0338,1249,0,0
264.6182,5.1064,1267,0,0
264.6430,5.0862,1262,0,0
264.6678,5.0701,1258,0,0
264.6927,5.0903,1263,0,0
264.7174,5.1225,1271,0,0
264.7422,5.0983,1265,0,0
264.7671,5.0500,1253,0,0
264.7918,5.0943,1264,0,0
264.8167,5.1024,1266,0,0
264.8415,5.0782,1260,0,0
264.8663,5.0862,1262,0,0
264.8911,5.1104,1268,0,0
264.9159,5.0701,1258,0,0
264.9407,5.1104,1268,0,0
264.9655,5.0862,1262,0,0
264.9903,5.0862,1262,0,0
265.0151,5.0701,1258,0,0
265.0399,5.0742,1259,0,0
265.0647,5.1024,1266,0,0
265.0895,5.0862,1262,0,0
265.1143,5.1225,1271,0,0
265.1391,5.0661,1257,0,0
265.1639,5.0379,1250,0,0
265.1887,5.0943,1264,0,0
265.2135,5.0782,1260,0,0
265.2383,5.0903,1263,0,0
265.2631,5.0903,1263,0,0
265.2879,5.0782,1260,0,0
265.3127,5.0903,1263,0,0
265.3375,5.0862,1262,0,0
265.3623,5.0983,1265,0,0
265.3871,5.1306,1273,0,0
265.4119,5.0943,1264,0,0
265.4367,5.1104,1268,0,0
265.4615,5.0782,1260,0,0
265.4863,5.0862,1262,0,0
265.5111,5.0943,1264,0,0
265.5359,5.0903,1263,0,0
265.5607,5.0943,1264,0,0
265.5855,5.0862,1262,0,0
265.6104,5.0983,1265,0,0
265.6351,5.0782,1260,0,0
265.6599,5.0983,1265,0,0
265.6848,5.1104,1268,0,0
265.7095,5.0661,1257,0,0
265.7343,5.0822,1261,0,0
265.7592,5.0943,1264,0,0
265.7840,5.0943,1264,0,0
265.8087,5.0943,1264,0,0
265.8336,5.0943,1264,0,0
265.8584,5.0862,1262,0,0
265.8832,5.0540,1254,0,0
265.9080,5.0943,1264,0,0
265.9328,5.0943,1264,0,0
265.9576,5.0862,1262,0,0
265.9824,5.0983,1265,0,0
266.0072,5.0943,1264,0,0
266.0320,5.0782,1260,0,0
266.0568,5.0862,1262,0,0
266.0816,5.0943,1264,0,0
266.1064,5.0983,1265,0,0
266.1312,5.0742,1259,0,0
266.1560,5.1064,1267,0,0
266.1808,5.0782,1260,0,0
266.2056,5.0782,1260,0,0
266.2304,5.0661,1257,0,0
266.2552,5.0943,1264,0,0
266.2800,5.0822,1261,0,0
266.3048,5.1064,1267,0,0
266.3296,5.0782,1260,0,0
266.3544,5.0782,1260,0,0
266.3792,5.0943,1264,0,0
266.4040,5.0983,1265,0,0
266.4288,5.0742,1259,0,0
266.4536,5.0822,1261,0,0
266.4784,5.1306,1273,0,0
266.5032,5.0862,1262,0,0
266.5280,5.0782,1260,0,0
266.5528,5.0943,1264,0,0
266.5776,5.1024,1266,0,0
266.6024,5.0862,1262,0,0
266.6272,5.0782,1260,0,0
266.6520,5.0983,1265,0,0
266.6768,5.0943,1264,0,0
266.7017,5.0943,1264,0,0
266.7264,5.0943,1264,0,0
266.7513,5.0661,1257,0,0
266.7761,5.0822,1261,0,0
266.8009,5.0862,1262,0,0
266.8257,5.0943,1264,0,0
266.8505,5.0943,1264,0,0
266.8753,5.0742,1259,0,0
266.9001,5.0782,1260,0,0
266.9249,5.0943,1264,0,0
266.9497,5.0943,1264,0,0
266.9745,5.0943,1264,0,0
266.9993,5.0943,1264,0,0
267.0241,5.0943,1264,0,0
267.0489,5.0862,1262,0,0
267.0737,5.0862,1262,0,0
267.0985,5.0782,1260,0,0
267.1233,5.0943,1264,0,0
267.1481,5.0782,1260,0,0
267.1729,5.0419,1251,0,0
267.1977,5.0822,1261,0,0
267.2225,5.0862,1262,0,0
267.2473,5.0661,1257,0,0
267.2721,5.0943,1264,0,0
267.2969,5.0742,1259,0,0
267.3217,5.1306,1273,0,0
267.3465,5.0943,1264,0,0
267.3713,5.0822,1261,0,0
267.3961,5.1225,1271,0,0
267.4209,5.0782,1260,0,0
267.4457,5.0943,1264,0,0
267.4705,5.0782,1260,0,0
267.4953,5.0943,1264,0,0
267.5201,5.0379,1250,0,0
267.5449,5.1064,1267,0,0
267.5697,5.1104,1268,0,0
267.5945,5.0903,1263,0,0
267.6194,5.0983,1265,0,0
267.6441,5.0822,1261,0,0
267.6689,5.0943,1264,0,0
267.6938,5.0742,1259,0,0
267.7186,5.0943,1264,0,0
267.7433,5.0983,1265,0,0
267.7682,5.0742,1259,0,0
267.7930,5.0983,1265,0,0
267.8177,5.0862,1262,0,0
267.8426,5.0903,1263,0,0
267.8674,5.1064,1267,0,0
267.8922,5.1104,1268,0,0
267.9170,5.0862,1262,0,0
267.9418,5.0943,1264,0,0
267.9666,5.0943,1264,0,0
267.9914,5.0782,1260,0,0
268.0162,5.0903,1263,0,0
268.0410,5.1064,1267,0,0
268.0658,5.0782,1260,0,0
268.0906,5.0943,1264,0,0
268.1154,5.0943,1264,0,0
268.1402,5.0943,1264,0,0
268.1650,5.0661,1257,0,0
268.1898,5.1225,1271,0,0
268.2146,5.0983,1265,0,0
268.2394,5.0742,1259,0,0
268.2642,5.1225,1271,0,0
268.2890,5.0983,1265,0,0
268.3138,5.0903,1263,0,0
268.3386,5.0782,1260,0,0
268.3634,5.0822,1261,0,0
268.3882,5.0862,1262,0,0
268.4130,5.0903,1263,0,0
268.4378,5.0903,1263,0,0
268.4626,5.0661,1257,0,0
268.4874,5.0822,1261,0,0
268.5122,5.0903,1263,0,0
268.5370,5.0782,1260,0,0
268.5618,5.0862,1262,0,0
268.5866,5.0983,1265,0,0
268.6115,5.0379,1250,0,0
268.6363,5.0782,1260,0,0
268.6610,5.0862,1262,0,0
268.6859,5.0782,1260,0,0
268.7107,5.1024,1266,0,0
268.7354,5.0943,1264,0,0
268.7603,5.0862,1262,0,0
268.7851,5.0903,1263,0,0
268.8099,5.0943,1264,0,0
268.8347,5.0983,1265,0,0
268.8595,5.1104,1268,0,0
268.8843,5.0379,1250,0,0
268.9091,5.0983,1265,0,0
268.9339,5.0862,1262,0,0
268.9587,5.0822,1261,0,0
268.9835,5.0822,1261,0,0
269.0083,5.0903,1263,0,0
269.0331,5.0983,1265,0,0
269.0579,5.0701,1258,0,0
269.0827,5.0419,1251,0,0
269.1075,5.0661,1257,0,0
269.1323,5.1265,1272,0,0
269.1571,5.0983,1265,0,0
269.1819,5.0862,1262,0,0
269.2067,5.0822,1261,0,0
269.2315,5.0903,1263,0,0
269.2563,5.0782,1260,0,0
269.2811,5.0822,1261,0,0
269.3059,5.1427,1276,0,0
269.3307,5.0742,1259,0,0
269.3555,5.0782,1260,0,0
269.3803,5.1064,1267,0,0
269.4051,5.0983,1265,0,0
269.4299,5.0903,1263,0,0
269.4547,5.0782,1260,0,0
269.4795,5.1024,1266,0,0
269.5043,5.0943,1264,0,0
269.5291,5.0782,1260,0,0
269.5540,5.0822,1261,0,0
269.5787,5.0822,1261,0,0
269.6035,5.1346,1274,0,0
269.6284,5.0782,1260,0,0
269.6531,5.0983,1265,0,0
269.6779,5.0782,1260,0,0
269.7028,5.1024,1266,0,0
269.7276,5.0782,1260,0,0
269.7523,5.0983,1265,0,0
269.7772,5.0701,1258,0,0
269.8020,5.0822,1261,0,0
269.8268,5.0419,1251,0,0
269.8516,5.0782,1260,0,0
269.8764,5.0782,1260,0,0
269.9012,5.0862,1262,0,0
269.9260,5.0782,1260,0,0
269.9508,5.0822,1261,0,0
269.9756,5.0903,1263,0,0
270.0004,5.1024,1266,0,0
270.0252,5.0862,1262,0,0
270.0500,5.1024,1266,0,0
270.0748,5.0983,1265,0,0
270.0996,5.0742,1259,0,0
270.1244,5.0782,1260,0,0
270.1492,5.0782,1260,0,0
270.1740,5.0782,1260,0,0
270.1988,5.0862,1262,0,0
270.2236,5.0943,1264,0,0
270.2484,5.0782,1260,0,0
270.2732,5.0943,1264,0,0
270.2980,5.0903,1263,0,0
270.3228,5.0862,1262,0,0
270.3476,5.1024,1266,0,0
270.3724,5.1064,1267,0,0
270.3972,5.0742,1259,0,0
270.4220,5.0862,1262,0,0
270.4468,5.0742,1259,0,0
270.4716,5.0862,1262,0,0
270.4964,5.0782,1260,0,0
270.5212,5.1104,1268,0,0
270.5461,5.0943,1264,0,0
270.5708,5.0742,1259,0,0
270.5956,5.0701,1258,0,0
270.6205,5.1064,1267,0,0
270.6453,5.1024,1266,0,0
270.6700,5.0419,1251,0,0
270.6949,5.0943,1264,0,0
270.7197,5.0701,1258,0,0
270.7445,5.1145,1269,0,0
270.7693,5.0862,1262,0,0
270.7941,5.0862,1262,0,0
270.8189,5.1265,1272,0,0
270.8437,5.0782,1260,0,0
270.8685,5.1064,1267,0,0
270.8933,5.0983,1265,0,0
270.9181,5.0822,1261,0,0
270.9429,5.1265,1272,0,0
270.9677,5.0822,1261,0,0
270.9925,5.0822,1261,0,0
271.0173,5.0782,1260,0,0
271.0421,5.1024,1266,0,0
271.0669,5.0983,1265,0,0
271.0917,5.0862,1262,0,0
271.1165,5.0862,1262,0,0
271.1413,5.0661,1257,0,0
271.1661,5.1024,1266,0,0
271.1909,5.1104,1268,0,0
271.2157,5.0903,1263,0,0
271.2405,5.0943,1264,0,0
271.2653,5.1024,1266,0,0
271.2901,5.0782,1260,0,0
271.3149,5.0862,1262,0,0
271.3397,5.1024,1266,0,0
271.3645,5.0943,1264,0,0
271.3893,5.0782,1260,0,0
271.4141,5.0701,1258,0,0
271.4389,5.0983,1265,0,0
271.4637,5.0862,1262,0,0
271.4885,5.0983,1265,0,0
271.5133,5.0862,1262,0,0
271.5381,5.0903,1263,0,0
271.5630,5.0903,1263,0,0
271.5877,5.1225,1271,0,0
271.6125,5.0742,1259,0,0
271.6374,5.0862,1262,0,0
271.6622,5.0903,1263,0,0
271.6870,5.0943,1264,0,0
271.7118,5.0782,1260,0,0
271.7366,5.0742,1259,0,0
271.7614,5.0822,1261,0,0
271.7862,5.0782,1260,0,0
271.8110,5.0822,1261,0,0
271.8358,5.0742,1259,0,0
271.8606,5.0903,1263,0,0
271.8854,5.0782,1260,0,0
271.9102,5.0943,1264,0,0
271.9350,5.0782,1260,0,0
271.9598,5.0983,1265,0,0
271.9846,5.0862,1262,0,0
272.0094,5.0862,1262,0,0
272.0342,5.0822,1261,0,0
272.0590,5.1104,1268,0,0
272.0838,5.0862,1262,0,0
272.1086,5.0701,1258,0,0
272.1334,5.0661,1257,0,0
272.1582,5.0862,1262,0,0
272.1830,5.0943,1264,0,0
272.2078,5.0862,1262,0,0
272.2326,5.0903,1263,0,0
272.2574,5.1225,1271,0,0
272.2822,5.0903,1263,0,0
272.3070,5.0782,1260,0,0
272.3318,5.1225,1271,0,0
272.3566,5.0903,1263,0,0
272.3814,5.0983,1265,0,0
272.4062,5.0983,1265,0,0
272.4310,5.0862,1262,0,0
272.4558,5.1064,1267,0,0
272.4807,5.0983,1265,0,0
272.5054,5.1225,1271,0,0
272.5302,5.0983,1265,0,0
272.5551,5.0862,1262,0,0
272.5798,5.1104,1268,0,0
272.6046,5.0742,1259,0,0
272.6295,5.0782,1260,0,0
272.6543,5.0903,1263,0,0
272.6790,5.0943,1264,0,0
272.7039,5.0862,1262,0,0
272.7287,5.0943,1264,0,0
272.7535,5.1225,1271,0,0
272.7783,5.1024,1266,0,0
272.8031,5.0862,1262,0,0
272.8279,5.0903,1263,0,0
272.8527,5.1225,1271,0,0
272.8775,5.0822,1261,0,0
272.9023,5.0983,1265,0,0
272.9271,5.0782,1260,0,0
272.9519,5.0903,1263,0,0
272.9767,5.1306,1273,0,0
273.0015,5.0943,1264,0,0
273.0263,5.0822,1261,0,0
273.0511,5.0540,1254,0,0
273.0759,5.0580,1255,0,0
273.1007,5.0983,1265,0,0
273.1255,5.0943,1264,0,0
273.1503,5.0983,1265,0,0
273.1751,5.0782,1260,0,0
273.1999,5.0943,1264,0,0
273.2247,5.1064,1267,0,0
273.2495,5.0782,1260,0,0
273.2743,5.0943,1264,0,0
273.2991,5.0862,1262,0,0
273.3239,5.0701,1258,0,0
273.3487,5.0943,1264,0,0
273.3735,5.0862,1262,0,0
273.3983,5.0822,1261,0,0
273.4231,5.0862,1262,0,0
273.4479,5.0782,1260,0,0
273.4727,5.1145,1269,0,0
273.4975,5.0822,1261,0,0
273.5223,5.0943,1264,0,0
273.5471,5.0943,1264,0,0
273.5720,5.0943,1264,0,0
273.5967,5.0580,1255,0,0
273.6216,5.0943,1264,0,0
273.6464,5.0822,1261,0,0
273.6712,5.0742,1259,0,0
273.6960,5.1064,1267,0,0
273.7208,5.0701,1258,0,0
273.7456,5.0782,1260,0,0
273.7704,5.0742,1259,0,0
273.7952,5.0782,1260,0,0
273.8200,5.0782,1260,0,0
273.8448,5.0862,1262,0,0
273.8696,5.0782,1260,0,0
273.8944,5.0661,1257,0,0
273.9192,5.1064,1267,0,0
273.9440,5.1346,1274,0,0
273.9688,5.0782,1260,0,0
273.9936,5.0943,1264,0,0
274.0184,5.0862,1262,0,0
274.0432,5.0580,1255,0,0
274.0680,5.0822,1261,0,0
274.0928,5.0862,1262,0,0
274.1176,5.1265,1272,0,0
274.1424,5.0782,1260,0,0
274.1672,5.0782,1260,0,0
274.1920,5.1104,1268,0,0
274.2168,5.1104,1268,0,0
274.2416,5.0822,1261,0,0
274.2664,5.0782,1260,0,0
274.2912,5.0742,1259,0,0
274.3160,5.1024,1266,0,0
274.3408,5.0903,1263,0,0
274.3656,5.0862,1262,0,0
274.3904,5.1265,1272,0,0
274.4152,5.0782,1260,0,0
274.4400,5.0379,1250,0,0
274.4648,5.0903,1263,0,0
274.4897,5.0782,1260,0,0
274.5144,5.0742,1259,0,0
274.5392,5.0983,1265,0,0
274.5641,5.0943,1264,0,0
274.5889,5.0742,1259,0,0
274.6136,5.1104,1268,0,0
274.6385,5.0661,1257,0,0
274.6633,5.0822,1261,0,0
274.6880,5.0379,1250,0,0
274.7129,5.0943,1264,0,0
274.7377,5.0983,1265,0,0
274.7625,5.0943,1264,0,0
274.7873,5.0943,1264,0,0
274.8121,5.0862,1262,0,0
274.8369,5.0822,1261,0,0
274.8617,5.1064,1267,0,0
274.8865,5.1427,1276,0,0
274.9113,5.0822,1261,0,0
274.9361,5.0983,1265,0,0
274.9609,5.0943,1264,0,0
274.9857,5.0862,1262,0,0
275.0105,5.0742,1259,0,0
275.0353,5.0903,1263,0,0
275.0601,5.0943,1264,0,0
275.0849,5.0943,1264,0,0
275.1097,5.1346,1274,0,0
275.1345,5.0943,1264,0,0
275.1593,5.0903,1263,0,0
275.1841,5.0903,1263,0,0
275.2089,5.0742,1259,0,0
275.2337,5.1064,1267,0,0
275.2585,5.0782,1260,0,0
275.2833,5.1145,1269,0,0
275.3081,5.0903,1263,0,0
275.3329,5.0862,1262,0,0
275.3577,5.0943,1264,0,0
275.3825,5.1024,1266,0,0
275.4073,5.0782,1260,0,0
275.4321,5.0419,1251,0,0
275.4569,5.0983,1265,0,0
275.4818,5.0983,1265,0,0
275.5066,5.0983,1265,0,0
275.5313,5.0742,1259,0,0
275.5562,5.1064,1267,0,0
275.5810,5.1104,1268,0,0
275.6057,5.0218,1246,0,0
275.6306,5.0862,1262,0,0
275.6554,5.0862,1262,0,0
275.6802,5.0782,1260,0,0
275.7050,5.0782,1260,0,0
275.7298,5.0862,1262,0,0
275.7546,5.0742,1259,0,0
275.7794,5.0943,1264,0,0
275.8042,5.0903,1263,0,0
275.8290,5.0782,1260,0,0
275.8538,5.0782,1260,0,0
275.8786,5.0661,1257,0,0
275.9034,5.0943,1264,0,0
275.9282,5.0862,1262,0,0
275.9530,5.0903,1263,0,0
275.9778,5.0782,1260,0,0
276.0026,5.0943,1264,0,0
276.0274,5.0903,1263,0,0
276.0522,5.0862,1262,0,0
276.0770,5.0782,1260,0,0
276.1018,5.1064,1267,0,0
276.1266,5.0862,1262,0,0
276.1514,5.0701,1258,0,0
276.1762,5.0943,1264,0,0
276.2010,5.0943,1264,0,0
276.2258,5.0822,1261,0,0
276.2506,5.0742,1259,0,0
276.2754,5.0862,1262,0,0
276.3002,5.1064,1267,0,0
276.3250,5.0862,1262,0,0
276.3498,5.0782,1260,0,0
276.3746,5.0983,1265,0,0
276.3994,5.0701,1258,0,0
276.4243,5.0903,1263,0,0
276.4490,5.0782,1260,0,0
276.4738,5.1024,1266,0,0
276.4987,5.0742,1259,0,0
276.5234,5.0782,1260,0,0
276.5482,5.0943,1264,0,0
276.5731,5.0661,1257,0,0
276.5979,5.1225,1271,0,0
276.6227,5.0903,1263,0,0
276.6475,5.1346,1274,0,0
276.6723,5.0983,1265,0,0
276.6971,5.0943,1264,0,0
276.7219,5.0782,1260,0,0
276.7467,5.0742,1259,0,0
276.7715,5.1064,1267,0,0
276.7963,5.1104,1268,0,0
276.8211,5.0782,1260,0,0
276.8459,5.0742,1259,0,0
276.8707,5.0943,1264,0,0
276.8955,5.0742,1259,0,0
276.9203,5.0983,1265,0,0
276.9451,5.0782,1260,0,0
276.9699,5.0903,1263,0,0
276.9947,5.1064,1267,0,0
277.0195,5.0782,1260,0,0
277.0443,5.1225,1271,0,0
277.0691,5.0661,1257,0,0
277.0939,5.0943,1264,0,0
277.1187,5.0903,1263,0,0
277.1435,5.0903,1263,0,0
277.1683,5.0943,1264,0,0
277.1931,5.0862,1262,0,0
277.2179,5.1064,1267,0,0
277.2427,5.0943,1264,0,0
277.2675,5.0782,1260,0,0
277.2923,5.0943,1264,0,0
277.3171,5.0782,1260,0,0
277.3419,5.0983,1265,0,0
277.3667,5.0822,1261,0,0
277.3915,5.1265,1272,0,0
277.4164,5.0943,1264,0,0
277.4411,5.1024,1266,0,0
277.4659,5.1104,1268,0,0
277.4908,5.1064,1267,0,0
277.5156,5.1024,1266,0,0
277.5403,5.0983,1265,0,0
277.5652,5.1064,1267,0,0
277.5900,5.0903,1263,0,0
277.6148,5.0943,1264,0,0
277.6396,5.0742,1259,0,0
277.6644,5.0862,1262,0,0
277.6892,5.0782,1260,0,0
277.7140,5.0943,1264,0,0
277.7388,5.0822,1261,0,0
277.7636,5.1507,1278,0,0
277.7884,5.0822,1261,0,0
277.8132,5.0943,1264,0,0
277.8380,5.0742,1259,0,0
277.8628,5.0943,1264,0,0
277.8876,5.0903,1263,0,0
277.9124,5.0742,1259,0,0
277.9372,5.0661,1257,0,0
277.9620,5.0580,1255,0,0
277.9868,5.0943,1264,0,0
278.0116,5.0782,1260,0,0
278.0364,5.0782,1260,0,0
278.0612,5.0862,1262,0,0
278.0860,5.0862,1262,0,0
278.1108,5.0983,1265,0,0
278.1356,5.0500,1253,0,0
278.1604,5.0742,1259,0,0
278.1852,5.0742,1259,0,0
278.2100,5.1265,1272,0,0
278.2348,5.0782,1260,0,0
278.2596,5.0742,1259,0,0
278.2844,5.0943,1264,0,0
278.3092,5.0822,1261,0,0
278.3340,5.0379,1250,0,0
278.3588,5.0983,1265,0,0
278.3836,5.0903,1263,0,0
278.4084,5.0742,1259,0,0
278.4333,5.0943,1264,0,0
278.4580,5.0782,1260,0,0
278.4828,5.0943,1264,0,0
278.5077,5.1064,1267,0,0
278.5325,5.0862,1262,0,0
278.5573,5.0782,1260,0,0
278.5821,5.0943,1264,0,0
278.6069,5.0782,1260,0,0
278.6317,5.0903,1263,0,0
278.6565,5.0782,1260,0,0
278.6813,5.0742,1259,0,0
278.7061,5.0661,1257,0,0
278.7309,5.0782,1260,0,0
278.7557,5.0661,1257,0,0
278.7805,5.1104,1268,0,0
278.8053,5.0782,1260,0,0
278.8301,5.0943,1264,0,0
278.8549,5.0862,1262,0,0
278.8797,5.0782,1260,0,0
278.9045,5.0782,1260,0,0
278.9293,5.1104,1268,0,0
278.9541,5.0661,1257,0,0
278.9789,5.1145,1269,0,0
279.0037,5.0661,1257,0,0
279.0285,5.1064,1267,0,0
279.0533,5.1024,1266,0,0
279.0781,5.0943,1264,0,0
279.1029,5.0983,1265,0,0
279.1277,5.0701,1258,0,0
279.1525,5.0943,1264,0,0
279.1773,5.0661,1257,0,0
279.2021,5.1225,1271,0,0
279.2269,5.0943,1264,0,0
279.2517,5.1346,1274,0,0
279.2765,5.0782,1260,0,0
279.3013,5.0903,1263,0,0
279.3261,5.0822,1261,0,0
279.3510,5.0782,1260,0,0
279.3757,5.0701,1258,0,0
279.4005,5.0822,1261,0,0
279.4254,5.0742,1259,0,0
279.4502,5.0782,1260,0,0
279.4749,5.1265,1272,0,0
279.4998,5.1024,1266,0,0
279.5246,5.0742,1259,0,0
279.5493,5.0862,1262,0,0
279.5742,5.0862,1262,0,0
279.5990,5.1064,1267,0,0
279.6238,5.1225,1271,0,0
279.6486,5.0701,1258,0,0
279.6734,5.0500,1253,0,0
279.6982,5.0903,1263,0,0
279.7230,5.0822,1261,0,0
279.7478,5.1225,1271,0,0
279.7726,5.0742,1259,0,0
279.7974,5.0943,1264,0,0
279.8222,5.0782,1260,0,0
279.8470,5.0862,1262,0,0
279.8718,5.0943,1264,0,0
279.8966,5.0862,1262,0,0
279.9214,5.0742,1259,0,0
279.9462,5.0862,1262,0,0
279.9710,5.0943,1264,0,0
279.9958,5.0661,1257,0,0
280.0206,5.0983,1265,0,0
280.0454,5.0782,1260,0,0
280.0702,5.0983,1265,0,0
280.0950,5.0862,1262,0,0
280.1198,5.1064,1267,0,0
280.1446,5.0903,1263,0,0
280.1694,5.0782,1260,0,0
280.1942,5.0943,1264,0,0
280.2190,5.0983,1265,0,0
280.2438,5.0862,1262,0,0
280.2686,5.0661,1257,0,0
280.2934,5.1225,1271,0,0
280.3182,5.0782,1260,0,0
280.3430,5.0943,1264,0,0
280.3679,5.0379,1250,0,0
280.3926,5.1064,1267,0,0
280.4174,5.0661,1257,0,0
280.4423,5.0862,1262,0,0
280.4670,5.0661,1257,0,0
280.4919,5.0782,1260,0,0
280.5167,5.0822,1261,0,0
280.5415,5.0943,1264,0,0
280.5663,5.0903,1263,0,0
280.5911,5.1064,1267,0,0
280.6159,5.0661,1257,0,0
280.6407,5.0661,1257,0,0
280.6655,5.0903,1263,0,0
280.6903,5.0701,1258,0,0
280.7151,5.0701,1258,0,0
280.7399,5.0983,1265,0,0
280.7647,5.0943,1264,0,0
280.7895,5.1265,1272,0,0
280.8143,5.0782,1260,0,0
280.8391,5.0701,1258,0,0
280.8639,5.0742,1259,0,0
280.8887,5.0943,1264,0,0
280.9135,5.0943,1264,0,0
280.9383,5.0782,1260,0,0
280.9631,5.0742,1259,0,0
280.9879,5.0782,1260,0,0
281.0127,5.0822,1261,0,0
281.0375,5.0862,1262,0,0
281.0623,5.0782,1260,0,0
281.0871,5.1064,1267,0,0
281.1119,5.0943,1264,0,0
281.1367,5.0822,1261,0,0
281.1615,5.0862,1262,0,0
281.1863,5.0943,1264,0,0
281.2111,5.0742,1259,0,0
281.2359,5.0782,1260,0,0
281.2607,5.0782,1260,0,0
281.2856,5.0822,1261,0,0
281.3103,5.0782,1260,0,0
281.3351,5.0822,1261,0,0
281.3600,5.0943,1264,0,0
281.3847,5.1104,1268,0,0
281.4095,5.0983,1265,0,0
281.4344,5.1306,1273,0,0
281.4592,5.0903,1263,0,0
281.4839,5.0943,1264,0,0
281.5088,5.1104,1268,0,0
281.5336,5.0943,1264,0,0
281.5584,5.0862,1262,0,0
281.5832,5.1064,1267,0,0
281.6080,5.0862,1262,0,0
281.6328,5.0943,1264,0,0
281.6576,5.0822,1261,0,0
281.6824,5.0862,1262,0,0
281.7072,5.0943,1264,0,0
281.7320,5.0943,1264,0,0
281.7568,5.0862,1262,0,0
281.7816,5.0903,1263,0,0
281.8064,5.0862,1262,0,0
281.8312,5.1104,1268,0,0
281.8560,5.0782,1260,0,0
281.8808,5.0661,1257,0,0
281.9056,5.0500,1253,0,0
281.9304,5.0862,1262,0,0
281.9552,5.0782,1260,0,0
281.9800,5.0862,1262,0,0
282.0048,5.0540,1254,0,0
282.0296,5.1024,1266,0,0
282.0544,5.0862,1262,0,0
282.0792,5.0500,1253,0,0
282.1040,5.0742,1259,0,0
282.1288,5.1064,1267,0,0
282.1536,5.1225,1271,0,0
282.1784,5.0782,1260,0,0
282.2032,5.0943,1264,0,0
282.2280,5.0782,1260,0,0
282.2528,5.0943,1264,0,0
282.2776,5.0822,1261,0,0
282.3024,5.0862,1262,0,0
282.3272,5.1064,1267,0,0
282.3521,5.0943,1264,0,0
282.3769,5.0862,1262,0,0
282.4016,5.0943,1264,0,0
282.4265,5.0903,1263,0,0
282.4513,5.0943,1264,0,0
282.4761,5.1064,1267,0,0
282.5009,5.0822,1261,0,0
282.5257,5.0862,1262,0,0
282.5505,5.0862,1262,0,0
282.5753,5.0701,1258,0,0
282.6001,5.0983,1265,0,0
282.6249,5.0782,1260,0,0
282.6497,5.0903,1263,0,0
282.6745,5.0903,1263,0,0
282.6993,5.0862,1262,0,0
282.7241,5.0943,1264,0,0
282.7489,5.1024,1266,0,0
282.7737,5.0661,1257,0,0
282.7985,5.0782,1260,0,0
282.8233,5.0903,1263,0,0
282.8481,5.0943,1264,0,0
282.8729,5.0983,1265,0,0
282.8977,5.0903,1263,0,0
282.9225,5.0782,1260,0,0
282.9473,5.1265,1272,0,0
282.9721,5.0903,1263,0,0
282.9969,5.0983,1265,0,0
283.0217,5.1064,1267,0,0
283.0465,5.1225,1271,0,0
283.0713,5.0862,1262,0,0
283.0961,5.0500,1253,0,0
283.1209,5.1064,1267,0,0
283.1457,5.0862,1262,0,0
283.1705,5.0862,1262,0,0
283.1953,5.0742,1259,0,0
283.2201,5.1064,1267,0,0
283.2449,5.0822,1261,0,0
283.2697,5.1024,1266,0,0
283.2946,5.0862,1262,0,0
283.3193,5.0822,1261,0,0
283.3441,5.0903,1263,0,0
283.3690,5.0661,1257,0,0
283.3938,5.0742,1259,0,0
283.4185,5.0862,1262,0,0
283.4434,5.0742,1259,0,0
283.4682,5.0742,1259,0,0
283.4930,5.0338,1249,0,0
283.5178,5.0782,1260,0,0
283.5426,5.0782,1260,0,0
283.5674,5.0661,1257,0,0
283.5922,5.0782,1260,0,0
283.6170,5.0983,1265,0,0
283.6418,5.0379,1250,0,0
283.6666,5.0742,1259,0,0
283.6914,5.0943,1264,0,0
283.7162,5.0983,1265,0,0
283.7410,5.0862,1262,0,0
283.7658,5.0742,1259,0,0
283.7906,5.1104,1268,0,0
283.8154,5.0983,1265,0,0
283.8402,5.0782,1260,0,0
283.8650,5.0943,1264,0,0
283.8898,5.0943,1264,0,0
283.9146,5.0782,1260,0,0
283.9394,5.0943,1264,0,0
283.9642,5.0943,1264,0,0
283.9890,5.0943,1264,0,0
284.0138,5.0983,1265,0,0
284.0386,5.0782,1260,0,0
284.0634,5.0338,1249,0,0
284.0882,5.0782,1260,0,0
284.1130,5.0500,1253,0,0
284.1378,5.0943,1264,0,0
284.1626,5.0943,1264,0,0
284.1874,5.0983,1265,0,0
284.2122,5.0943,1264,0,0
284.2370,5.0983,1265,0,0
284.2618,5.0903,1263,0,0
284.2867,5.1024,1266,0,0
284.3115,5.1064,1267,0,0
284.3362,5.0943,1264,0,0
284.3611,5.1265,1272,0,0
284.3859,5.1064,1267,0,0
284.4106,5.0943,1264,0,0
284.4355,5.1104,1268,0,0
284.4603,5.0983,1265,0,0
284.4851,4.9170,1220,0,0
284.5099,5.0419,1251,0,0
284.5347,5.0500,1253,0,0
284.5595,5.0903,1263,0,0
284.5843,5.0782,1260,0,0
284.6091,5.1104,1268,0,0
284.6339,5.0862,1262,0,0
284.6587,5.0943,1264,0,0
284.6835,5.0983,1265,0,0
284.7083,5.1024,1266,0,0
284.7331,5.1104,1268,0,0
284.7579,5.0782,1260,0,0
284.7827,5.0943,1264,0,0
284.8075,5.0862,1262,0,0
284.8323,5.0742,1259,0,0
284.8571,5.0862,1262,0,0
284.8819,5.0983,1265,0,0
284.9067,5.0862,1262,0,0
284.9315,5.0943,1264,0,0
284.9563,5.0742,1259,0,0
284.9811,5.1225,1271,0,0
285.0059,5.0943,1264,0,0
285.0307,5.0742,1259,0,0
285.0555,5.1225,1271,0,0
285.0803,5.0943,1264,0,0
285.1051,5.0903,1263,0,0
285.1299,5.1104,1268,0,0
285.1547,5.1225,1271,0,0
285.1795,5.0661,1257,0,0
285.2043,5.0862,1262,0,0
285.2292,5.0701,1258,0,0
285.2539,5.0782,1260,0,0
285.2787,5.0862,1262,0,0
285.3036,5.0862,1262,0,0
285.3283,5.1024,1266,0,0
285.3531,5.0379,1250,0,0
285.3780,5.1225,1271,0,0
285.4028,5.0862,1262,0,0
285.4276,5.1024,1266,0,0
285.4524,5.0782,1260,0,0
285.4772,5.0943,1264,0,0
285.5020,5.0862,1262,0,0
285.5268,5.0419,1251,0,0
285.5516,5.1225,1271,0,0
285.5764,5.0822,1261,0,0
285.6012,5.0862,1262,0,0
285.6260,5.0822,1261,0,0
285.6508,5.0822,1261,0,0
285.6756,5.0742,1259,0,0
285.7004,5.0943,1264,0,0
285.7252,5.0983,1265,0,0
285.7500,5.0742,1259,0,0
285.7748,5.0782,1260,0,0
285.7996,5.0661,1257,0,0
285.8244,5.0540,1254,0,0
285.8492,5.0661,1257,0,0
285.8740,5.0742,1259,0,0
285.8988,5.1225,1271,0,0
285.9236,5.0903,1263,0,0
285.9484,5.0943,1264,0,0
285.9732,5.1064,1267,0,0
285.9980,5.0903,1263,0,0
286.0228,5.0943,1264,0,0
286.0476,5.0782,1260,0,0
286.0724,5.0983,1265,0,0
286.0972,5.0983,1265,0,0
286.1220,5.0983,1265,0,0
286.1468,5.0782,1260,0,0
286.1716,5.0822,1261,0,0
286.1964,5.1064,1267,0,0
286.2213,5.0943,1264,0,0
286.2460,5.0983,1265,0,0
286.2708,5.1024,1266,0,0
286.2957,5.0822,1261,0,0
286.3205,5.0943,1264,0,0
286.3452,5.0903,1263,0,0
286.3701,5.0782,1260,0,0
286.3949,5.0782,1260,0,0
286.4197,5.0701,1258,0,0
286.4445,5.0903,1263,0,0
286.4693,5.0983,1265,0,0
286.4941,5.1064,1267,0,0
286.5189,5.0782,1260,0,0
286.5437,5.0983,1265,0,0
286.5685,5.0782,1260,0,0
286.5933,5.0782,1260,0,0
286.6181,5.0782,1260,0,0
286.6429,5.0782,1260,0,0
286.6677,5.1265,1272,0,0
286.6925,5.0943,1264,0,0
286.7173,5.1225,1271,0,0
286.7421,5.0862,1262,0,0
286.7669,5.0983,1265,0,0
286.7917,5.0943,1264,0,0
286.8165,5.0822,1261,0,0
286.8413,5.0903,1263,0,0
286.8661,5.0742,1259,0,0
286.8909,5.0822,1261,0,0
286.9157,5.0540,1254,0,0
286.9405,5.0903,1263,0,0
286.9653,5.0782,1260,0,0
286.9901,5.0903,1263,0,0
287.0149,5.0983,1265,0,0
287.0397,5.1064,1267,0,0
287.0645,5.0943,1264,0,0
287.0893,5.1024,1266,0,0
287.1141,5.0983,1265,0,0
287.1389,5.1064,1267,0,0
287.1637,5.0742,1259,0,0
287.1885,5.0782,1260,0,0
287.2133,5.0661,1257,0,0
287.2382,5.1024,1266,0,0
287.2629,5.0943,1264,0,0
287.2878,5.0943,1264,0,0
287.3126,5.1104,1268,0,0
287.3374,5.0782,1260,0,0
287.3622,5.1306,1273,0,0
287.3870,5.0782,1260,0,0
287.4118,5.0943,1264,0,0
287.4366,5.0822,1261,0,0
287.4614,5.0983,1265,0,0
287.4862,5.0661,1257,0,0
287.5110,5.0782,1260,0,0
287.5358,5.0822,1261,0,0
287.5606,5.1024,1266,0,0
287.5854,5.1064,1267,0,0
287.6102,5.0782,1260,0,0
287.6350,5.0500,1253,0,0
287.6598,5.1024,1266,0,0
287.6846,5.0983,1265,0,0
287.7094,5.0983,1265,0,0
287.7342,5.1024,1266,0,0
287.7590,5.1064,1267,0,0
287.7838,5.0862,1262,0,0
287.8086,5.0701,1258,0,0
287.8334,5.0943,1264,0,0
287.8582,5.0943,1264,0,0
287.8830,5.0862,1262,0,0
287.9078,5.0782,1260,0,0
287.9326,5.0983,1265,0,0
287.9574,5.1024,1266,0,0
287.9822,5.0661,1257,0,0
288.0070,5.0782,1260,0,0
288.0318,5.0983,1265,0,0
288.0566,5.0742,1259,0,0
288.0814,5.1024,1266,0,0
288.1062,5.0862,1262,0,0
288.1310,5.0782,1260,0,0
288.1559,5.0943,1264,0,0
288.1806,5.0782,1260,0,0
288.2054,5.0943,1264,0,0
288.2303,5.0983,1265,0,0
288.2550,5.0943,1264,0,0
288.2798,5.0419,1251,0,0
288.3047,5.1306,1273,0,0
288.3295,5.0862,1262,0,0
288.3542,5.0943,1264,0,0
288.3791,5.0943,1264,0,0
288.4039,5.0943,1264,0,0
288.4287,5.1024,1266,0,0
288.4535,5.0782,1260,0,0
288.4783,5.0782,1260,0,0
288.5031,5.0862,1262,0,0
288.5279,5.0943,1264,0,0
288.5527,5.0862,1262,0,0
288.5775,5.0943,1264,0,0
288.6023,5.0903,1263,0,0
288.6271,5.0943,1264,0,0
288.6519,5.0701,1258,0,0
288.6767,5.0782,1260,0,0
288.7015,5.0943,1264,0,0
288.7263,5.0661,1257,0,0
288.7511,5.0983,1265,0,0
288.7759,5.0822,1261,0,0
288.8007,5.0338,1249,0,0
288.8255,5.0822,1261,0,0
288.8503,5.0862,1262,0,0
288.8751,5.0742,1259,0,0
288.8999,5.0943,1264,0,0
288.9247,5.1225,1271,0,0
288.9495,5.0379,1250,0,0
288.9743,5.0822,1261,0,0
288.9991,5.0903,1263,0,0
289.0239,5.1064,1267,0,0
289.0487,5.0661,1257,0,0
289.0735,5.0742,1259,0,0
289.0983,5.0862,1262,0,0
289.1231,5.1225,1271,0,0
289.1479,5.0782,1260,0,0
289.1727,5.0862,1262,0,0
289.1975,5.0983,1265,0,0
289.2224,5.0822,1261,0,0
289.2472,5.0862,1262,0,0
289.2719,5.0862,1262,0,0
289.2968,5.0943,1264,0,0
289.3216,5.0943,1264,0,0
289.3464,5.0943,1264,0,0
289.3712,5.0742,1259,0,0
289.3960,5.0943,1264,0,0
289.4208,5.0822,1261,0,0
289.4456,5.0903,1263,0,0
289.4704,5.1024,1266,0,0
289.4952,5.0943,1264,0,0
289.5200,5.0903,1263,0,0
289.5448,5.0983,1265,0,0
289.5696,5.0862,1262,0,0
289.5944,5.0742,1259,0,0
289.6192,5.1104,1268,0,0
289.6440,5.0742,1259,0,0
289.6688,5.1104,1268,0,0
289.6936,5.0943,1264,0,0
289.7184,5.0943,1264,0,0
289.7432,5.0742,1259,0,0
289.7680,5.0782,1260,0,0
289.7928,5.0903,1263,0,0
289.8176,5.0782,1260,0,0
289.8424,5.0822,1261,0,0
289.8672,5.0379,1250,0,0
289.8920,5.0782,1260,0,0
289.9168,5.0943,1264,0,0
289.9416,5.0943,1264,0,0
289.9664,5.0943,1264,0,0
289.9912,5.1265,1272,0,0
290.0160,5.0983,1265,0,0
290.0408,5.0782,1260,0,0
290.0656,5.0862,1262,0,0
290.0904,5.0903,1263,0,0
290.1152,5.0822,1261,0,0
290.1400,5.0862,1262,0,0
290.1649,5.0983,1265,0,0
290.1896,5.0943,1264,0,0
290.2144,5.0742,1259,0,0
290.2393,5.0742,1259,0,0
290.2641,5.0943,1264,0,0
290.2888,5.0983,1265,0,0
290.3137,5.0782,1260,0,0
290.3385,5.1064,1267,0,0
290.3633,5.0742,1259,0,0
290.3881,5.0782,1260,0,0
290.4129,5.0862,1262,0,0
290.4377,5.0862,1262,0,0
290.4625,5.0943,1264,0,0
290.4873,5.0540,1254,0,0
290.5121,5.0862,1262,0,0
290.5369,5.0822,1261,0,0
290.5617,5.0782,1260,0,0
290.5865,5.0822,1261,0,0
290.6113,5.0862,1262,0,0
290.6361,5.0782,1260,0,0
290.6609,5.0943,1264,0,0
290.6857,5.0983,1265,0,0
290.7105,5.0822,1261,0,0
290.7353,5.0862,1262,0,0
290.7601,5.0742,1259,0,0
290.7849,5.0782,1260,0,0
290.8097,5.0742,1259,0,0
290.8345,5.1104,1268,0,0
290.8593,5.0782,1260,0,0
290.8841,5.0742,1259,0,0
290.9089,5.0943,1264,0,0
290.9337,5.0943,1264,0,0
290.9585,5.0701,1258,0,0
290.9833,5.0742,1259,0,0
291.0081,5.0943,1264,0,0
291.0329,5.0983,1265,0,0
291.0577,5.0943,1264,0,0
291.0826,5.0782,1260,0,0
291.1073,5.0742,1259,0,0
291.1321,5.0983,1265,0,0
291.1570,5.0822,1261,0,0
291.1818,5.0782,1260,0,0
291.2065,5.0943,1264,0,0
291.2314,5.1064,1267,0,0
291.2562,5.0822,1261,0,0
291.2809,5.0943,1264,0,0
291.3058,5.0580,1255,0,0
291.3306,5.0862,1262,0,0
291.3554,5.0943,1264,0,0
291.3802,5.1225,1271,0,0
291.4050,5.0782,1260,0,0
291.4298,5.0742,1259,0,0
291.4546,5.0983,1265,0,0
291.4794,5.0943,1264,0,0
291.5042,5.0661,1257,0,0
291.5290,5.0862,1262,0,0
291.5538,5.0661,1257,0,0
291.5786,5.0822,1261,0,0
291.6034,5.0862,1262,0,0
291.6282,5.0983,1265,0,0
291.6530,5.0943,1264,0,0
291.6778,5.0943,1264,0,0
291.7026,5.0983,1265,0,0
291.7274,5.0661,1257,0,0
291.7522,5.0983,1265,0,0
291.7770,5.0822,1261,0,0
291.8018,5.0943,1264,0,0
291.8266,5.0782,1260,0,0
291.8514,5.1064,1267,0,0
291.8762,5.0903,1263,0,0
291.9010,5.0822,1261,0,0
291.9258,5.0862,1262,0,0
291.9506,5.0701,1258,0,0
291.9754,5.0943,1264,0,0
292.0002,5.0782,1260,0,0
292.0250,5.0862,1262,0,0
292.0498,5.0983,1265,0,0
292.0746,5.0742,1259,0,0
292.0995,5.0701,1258,0,0
292.1242,5.0742,1259,0,0
292.1490,5.1064,1267,0,0
292.1739,5.0782,1260,0,0
292.1986,5.0983,1265,0,0
292.2234,5.0943,1264,0,0
292.2483,5.0943,1264,0,0
292.2731,5.0983,1265,0,0
292.2979,5.0782,1260,0,0
292.3227,5.0983,1265,0,0
292.3475,5.0862,1262,0,0
292.3723,5.1064,1267,0,0
292.3971,5.0943,1264,0,0
292.4219,5.0661,1257,0,0
292.4467,5.0943,1264,0,0
292.4715,5.1064,1267,0,0
292.4963,5.0661,1257,0,0
292.5211,5.0782,1260,0,0
292.5459,5.0862,1262,0,0
292.5707,5.0661,1257,0,0
292.5955,5.0862,1262,0,0
292.6203,5.0862,1262,0,0
292.6451,5.0983,1265,0,0
292.6699,5.0661,1257,0,0
292.6947,5.0983,1265,0,0
292.7195,5.0903,1263,0,0
292.7443,5.1024,1266,0,0
292.7691,5.1024,1266,0,0
292.7939,5.0742,1259,0,0
292.8187,5.0500,1253,0,0
292.8435,5.0943,1264,0,0
292.8683,5.0903,1263,0,0
292.8931,5.0862,1262,0,0
292.9179,5.1104,1268,0,0
292.9427,5.0943,1264,0,0
292.9675,5.1064,1267,0,0
292.9923,5.0782,1260,0,0
293.0172,5.0782,1260,0,0
293.0419,5.0943,1264,0,0
293.0667,5.0903,1263,0,0
293.0916,5.0862,1262,0,0
293.1163,5.0661,1257,0,0
293.1411,5.1064,1267,0,0
293.1660,5.0701,1258,0,0
293.1908,5.1225,1271,0,0
293.2155,5.0862,1262,0,0
293.2404,5.0661,1257,0,0
293.2652,5.0862,1262,0,0
293.2900,5.0862,1262,0,0
293.3148,5.0782,1260,0,0
293.3396,5.0943,1264,0,0
293.3644,5.1225,1271,0,0
293.3892,5.1104,1268,0,0
293.4140,5.1225,1271,0,0
293.4388,5.0943,1264,0,0
293.4636,5.1225,1271,0,0
293.4884,5.0983,1265,0,0
293.5132,5.0903,1263,0,0
293.5380,5.0943,1264,0,0
293.5628,5.1225,1271,0,0
293.5876,5.1145,1269,0,0
293.6124,5.0983,1265,0,0
293.6372,5.0943,1264,0,0
293.6620,5.0661,1257,0,0
293.6868,5.0338,1249,0,0
293.7116,5.0983,1265,0,0
293.7364,5.0943,1264,0,0
293.7612,5.0943,1264,0,0
293.7860,5.0862,1262,0,0
293.8108,5.0983,1265,0,0
293.8356,5.0943,1264,0,0
293.8604,5.0701,1258,0,0
293.8852,5.0782,1260,0,0
293.9100,5.1024,1266,0,0
293.9348,5.0701,1258,0,0
293.9596,5.0903,1263,0,0
293.9844,5.0701,1258,0,0
294.0092,5.0862,1262,0,0
294.0340,5.0742,1259,0,0
294.0588,5.0782,1260,0,0
294.0836,5.0903,1263,0,0
294.1085,5.0943,1264,0,0
294.1332,5.0943,1264,0,0
294.1581,5.0661,1257,0,0
294.1829,5.0782,1260,0,0
294.2077,5.0903,1263,0,0
294.2325,5.1225,1271,0,0
294.2573,5.0742,1259,0,0
294.2821,5.0782,1260,0,0
294.3069,5.0782,1260,0,0
294.3317,5.0903,1263,0,0
294.3565,5.0943,1264,0,0
294.3813,5.0822,1261,0,0
294.4061,5.0701,1258,0,0
294.4309,5.0983,1265,0,0
294.4557,5.0661,1257,0,0
294.4805,5.0742,1259,0,0
294.5053,5.0943,1264,0,0
294.5301,5.0983,1265,0,0
294.5549,5.0903,1263,0,0
294.5797,5.0822,1261,0,0
294.6045,5.0943,1264,0,0
294.6293,5.0661,1257,0,0
294.6541,5.0742,1259,0,0
294.6789,5.0742,1259,0,0
294.7037,5.0701,1258,0,0
294.7285,5.1265,1272,0,0
294.7533,5.1225,1271,0,0
294.7781,5.1024,1266,0,0
294.8029,5.0862,1262,0,0
294.8277,5.0661,1257,0,0
294.8525,5.0903,1263,0,0
294.8773,5.1265,1272,0,0
294.9021,5.1104,1268,0,0
294.9269,5.0943,1264,0,0
294.9517,5.0862,1262,0,0
294.9765,5.0943,1264,0,0
295.0013,5.1145,1269,0,0
295.0262,5.0822,1261,0,0
295.0509,5.0943,1264,0,0
295.0757,5.0943,1264,0,0
295.1006,5.1265,1272,0,0
295.1254,5.1225,1271,0,0
295.1501,5.0943,1264,0,0
295.1750,5.0943,1264,0,0
295.1998,5.1225,1271,0,0
295.2245,5.1024,1266,0,0
295.2494,5.1024,1266,0,0
295.2742,5.1346,1274,0,0
295.2990,5.0943,1264,0,0
295.3238,5.0983,1265,0,0
295.3486,5.0862,1262,0,0
295.3734,5.0540,1254,0,0
295.3982,4.9049,1217,0,0
295.4230,5.0661,1257,0,0
295.4478,5.0943,1264,0,0
295.4726,5.0983,1265,0,0
295.4974,5.0742,1259,0,0
295.5222,5.0742,1259,0,0
295.5470,5.0822,1261,0,0
295.5718,5.0943,1264,0,0
295.5966,5.0782,1260,0,0
295.6214,5.1064,1267,0,0
295.6462,5.0983,1265,0,0
295.6710,5.0943,1264,0,0
295.6958,5.0983,1265,0,0
295.7206,5.0782,1260,0,0
295.7454,5.1265,1272,0,0
295.7702,5.0822,1261,0,0
295.7950,5.1265,1272,0,0
295.8198,5.0862,1262,0,0
295.8446,5.0661,1257,0,0
295.8694,5.0903,1263,0,0
295.8942,5.0983,1265,0,0
295.9190,5.0903,1263,0,0
295.9438,5.0943,1264,0,0
295.9686,5.0862,1262,0,0
295.9934,5.0701,1258,0,0
296.0182,5.1024,1266,0,0
296.0431,5.0943,1264,0,0
296.0678,5.0862,1262,0,0
296.0927,5.0862,1262,0,0
296.1175,5.1064,1267,0,0
296.1422,5.0661,1257,0,0
296.1671,5.1104,1268,0,0
296.1919,5.0862,1262,0,0
296.2167,5.0782,1260,0,0
296.2415,5.1064,1267,0,0
296.2663,5.0782,1260,0,0
296.2911,5.0661,1257,0,0
296.3159,5.0943,1264,0,0
296.3407,5.0943,1264,0,0
296.3655,5.0983,1265,0,0
296.3903,5.0701,1258,0,0
296.4151,5.0943,1264,0,0
296.4399,5.0862,1262,0,0
296.4647,5.0782,1260,0,0
296.4895,5.0742,1259,0,0
296.5143,5.0862,1262,0,0
296.5391,5.0983,1265,0,0
296.5639,5.0782,1260,0,0
296.5887,5.0983,1265,0,0
296.6135,4.9734,1234,0,0
296.6383,5.1024,1266,0,0
296.6631,5.0500,1253,0,0
296.6879,5.0862,1262,0,0
296.7127,5.0862,1262,0,0
296.7375,5.1064,1267,0,0
296.7623,5.0862,1262,0,0
296.7871,5.1265,1272,0,0
296.8119,5.0983,1265,0,0
296.8367,5.0943,1264,0,0
296.8615,5.1064,1267,0,0
296.8863,5.0701,1258,0,0
296.9111,5.0903,1263,0,0
296.9359,5.0782,1260,0,0
296.9608,5.0782,1260,0,0
296.9855,5.0500,1253,0,0
297.0103,5.0742,1259,0,0
297.0352,5.0943,1264,0,0
297.0599,5.0862,1262,0,0
297.0847,5.0983,1265,0,0
297.1096,5.0822,1261,0,0
297.1344,5.0782,1260,0,0
297.1591,5.0782,1260,0,0
297.1840,5.0782,1260,0,0
297.2088,5.0943,1264,0,0
297.2336,5.1225,1271,0,0
297.2584,5.0943,1264,0,0
297.2832,5.0943,1264,0,0
297.3080,5.0782,1260,0,0
297.3328,5.0782,1260,0,0
297.3576,5.0782,1260,0,0
297.3824,5.0943,1264,0,0
297.4072,5.0983,1265,0,0
297.4320,5.0903,1263,0,0
297.4568,5.0943,1264,0,0
297.4816,5.0943,1264,0,0
297.5064,5.0943,1264,0,0
297.5312,5.0782,1260,0,0
297.5560,5.0782,1260,0,0
297.5808,5.0862,1262,0,0
297.6056,5.0701,1258,0,0
297.6304,5.1104,1268,0,0
297.6552,5.1225,1271,0,0
297.6800,5.0862,1262,0,0
297.7048,5.0943,1264,0,0
297.7296,5.0742,1259,0,0
297.7544,5.0983,1265,0,0
297.7792,5.0943,1264,0,0
297.8040,5.0782,1260,0,0
297.8288,5.0862,1262,0,0
297.8536,5.0782,1260,0,0
297.8784,5.0742,1259,0,0
297.9032,5.1104,1268,0,0
297.9280,5.0742,1259,0,0
297.9529,5.0943,1264,0,0
297.9776,5.1104,1268,0,0
298.0024,5.0782,1260,0,0
298.0273,5.0742,1259,0,0
298.0521,5.0661,1257,0,0
298.0768,5.0661,1257,0,0
298.1017,5.0298,1248,0,0
298.1265,5.0782,1260,0,0
298.1513,5.0782,1260,0,0
298.1761,5.0862,1262,0,0
298.2009,5.0943,1264,0,0
298.2257,5.0742,1259,0,0
298.2505,5.0742,1259,0,0
298.2753,5.0379,1250,0,0
298.3001,5.0782,1260,0,0
298.3249,5.0540,1254,0,0
298.3497,5.0862,1262,0,0
298.3745,5.1024,1266,0,0
298.3993,5.0782,1260,0,0
298.4241,5.0943,1264,0,0
298.4489,5.0983,1265,0,0
298.4737,5.0742,1259,0,0
298.4985,5.0943,1264,0,0
298.5233,5.0701,1258,0,0
298.5481,5.0782,1260,0,0
298.5729,5.0782,1260,0,0
298.5977,5.0943,1264,0,0
298.6225,5.0983,1265,0,0
298.6473,5.0862,1262,0,0
298.6721,5.0983,1265,0,0
298.6969,5.0661,1257,0,0
298.7217,5.1024,1266,0,0
298.7465,5.0943,1264,0,0
298.7713,5.0742,1259,0,0
298.7961,5.0943,1264,0,0
298.8209,5.0742,1259,0,0
298.8457,5.0943,1264,0,0
298.8705,5.0862,1262,0,0
298.8953,5.0782,1260,0,0
298.9201,5.1225,1271,0,0
298.9449,5.0742,1259,0,0
298.9698,5.0742,1259,0,0
298.9945,5.0782,1260,0,0
299.0193,5.1064,1267,0,0
299.0442,5.0943,1264,0,0
299.0690,5.0943,1264,0,0
299.0937,5.0983,1265,0,0
299.1186,5.0862,1262,0,0
299.1434,5.1064,1267,0,0
299.1682,5.1064,1267,0,0
299.1930,5.0983,1265,0,0
299.2178,5.0661,1257,0,0
299.2426,5.0862,1262,0,0
299.2674,5.0701,1258,0,0
299.2922,5.1306,1273,0,0
299.3170,5.0742,1259,0,0
299.3418,5.1265,1272,0,0
299.3666,5.0701,1258,0,0
299.3914,5.0943,1264,0,0
299.4162,5.0822,1261,0,0
299.4410,5.0943,1264,0,0
299.4658,5.0661,1257,0,0
299.4906,5.0742,1259,0,0
299.5154,5.0500,1253,0,0
299.5402,5.0943,1264,0,0
299.5650,5.0862,1262,0,0
299.5898,5.0983,1265,0,0
299.6146,5.0983,1265,0,0
299.6394,5.0419,1251,0,0
299.6642,5.1386,1275,0,0
299.6890,5.0903,1263,0,0
299.7138,5.0862,1262,0,0
299.7386,5.1225,1271,0,0
299.7634,5.0742,1259,0,0
299.7882,5.0983,1265,0,0
299.8130,5.0822,1261,0,0
299.8378,5.0943,1264,0,0
299.8626,5.0661,1257,0,0
299.8875,5.0983,1265,0,0
299.9122,5.0983,1265,0,0
299.9370,5.0862,1262,0,0
299.9619,5.0983,1265,0,0
299.9867,5.0782,1260,0,0
300.0114,5.0943,1264,0,0
300.0363,5.0822,1261,0,0
300.0611,5.0943,1264,0,0
300.0858,5.1064,1267,0,0
300.1107,5.0903,1263,0,0
300.1355,5.0943,1264,0,0
300.1603,5.0862,1262,0,0
300.1851,5.0701,1258,0,0
300.2099,5.1064,1267,0,0
300.2347,5.1104,1268,0,0
300.2595,5.0943,1264,0,0
300.2843,5.1064,1267,0,0
300.3091,5.0862,1262,0,0
300.3339,5.0983,1265,0,0
300.3587,5.1265,1272,0,0
300.3835,5.0943,1264,0,0
300.4083,5.0903,1263,0,0
300.4331,5.1225,1271,0,0
300.4579,5.0943,1264,0,0
300.4827,5.0661,1257,0,0
300.5075,5.0943,1264,0,0
300.5323,5.0862,1262,0,0
300.5571,5.0943,1264,0,0
300.5819,5.0661,1257,0,0
300.6067,5.0661,1257,0,0
300.6315,5.0782,1260,0,0
300.6563,5.0983,1265,0,0
300.6811,5.0379,1250,0,0
300.7059,5.1064,1267,0,0
300.7307,5.0983,1265,0,0
300.7555,5.0701,1258,0,0
300.7803,5.0500,1253,0,0
