# fixture_id,F3FD7C
# firmware,net-bench-2026-08-06.4
# capture_id,5
# pulse_ms,50
# requested_conversion_hz,80000
# vsns_sample_hz,40318.461
# d7s_sample_hz,40318.461
# radio_quiet,true
t_ms,bank_v,vsns_mv,d7s_mv,gate_command
-10.3179,12.2924,3050,0,0
-10.2931,12.3166,3056,0,0
-10.2682,12.2602,3042,0,0
-10.2434,12.3609,3067,0,0
-10.2186,12.2965,3051,0,0
-10.1938,12.2763,3046,0,0
-10.1690,12.3166,3056,0,0
-10.1442,12.3488,3064,0,0
-10.1194,12.2803,3047,0,0
-10.0946,12.2682,3044,0,0
-10.0698,12.2360,3036,0,0
-10.0450,12.3166,3056,0,0
-10.0202,12.3045,3053,0,0
-9.9954,12.2602,3042,0,0
-9.9706,12.2199,3032,0,0
-9.9458,12.2844,3048,0,0
-9.9210,12.3206,3057,0,0
-9.8962,12.2924,3050,0,0
-9.8714,12.2803,3047,0,0
-9.8466,12.3932,3075,0,0
-9.8218,12.3126,3055,0,0
-9.7970,12.2844,3048,0,0
-9.7722,12.2521,3040,0,0
-9.7474,12.2844,3048,0,0
-9.7226,12.3206,3057,0,0
-9.6978,12.3206,3057,0,0
-9.6730,12.2924,3050,0,0
-9.6482,12.3126,3055,0,0
-9.6234,12.3005,3052,0,0
-9.5986,12.2320,3035,0,0
-9.5738,12.3247,3058,0,0
-9.5490,12.2844,3048,0,0
-9.5242,12.2521,3040,0,0
-9.4994,12.2763,3046,0,0
-9.4746,12.2481,3039,0,0
-9.4498,12.2521,3040,0,0
-9.4250,12.2924,3050,0,0
-9.4002,12.2844,3048,0,0
-9.3754,12.3166,3056,0,0
-9.3506,12.2521,3040,0,0
-9.3258,12.2924,3050,0,0
-9.3010,12.2803,3047,0,0
-9.2761,12.3247,3058,0,0
-9.2513,12.2844,3048,0,0
-9.2265,12.2320,3035,0,0
-9.2017,12.3569,3066,0,0
-9.1769,12.2602,3042,0,0
-9.1521,12.2844,3048,0,0
-9.1273,12.2602,3042,0,0
-9.1025,12.3529,3065,0,0
-9.0777,12.2481,3039,0,0
-9.0529,12.2521,3040,0,0
-9.0281,12.2924,3050,0,0
-9.0033,12.3771,3071,0,0
-8.9785,12.3005,3052,0,0
-8.9537,12.2763,3046,0,0
-8.9289,12.2602,3042,0,0
-8.9041,12.3126,3055,0,0
-8.8793,12.2602,3042,0,0
-8.8545,12.2320,3035,0,0
-8.8297,12.3085,3054,0,0
-8.8049,12.2844,3048,0,0
-8.7801,12.3126,3055,0,0
-8.7553,12.2602,3042,0,0
-8.7305,12.3529,3065,0,0
-8.7057,12.2481,3039,0,0
-8.6809,12.2803,3047,0,0
-8.6561,12.2481,3039,0,0
-8.6313,12.2481,3039,0,0
-8.6065,12.2239,3033,0,0
-8.5817,12.2239,3033,0,0
-8.5569,12.2602,3042,0,0
-8.5321,12.2602,3042,0,0
-8.5073,12.2602,3042,0,0
-8.4825,12.3126,3055,0,0
-8.4577,12.3408,3062,0,0
-8.4329,12.2682,3044,0,0
-8.4081,12.2803,3047,0,0
-8.3833,12.3126,3055,0,0
-8.3585,12.2803,3047,0,0
-8.3337,12.3126,3055,0,0
-8.3088,12.2199,3032,0,0
-8.2840,12.2682,3044,0,0
-8.2592,12.3206,3057,0,0
-8.2344,12.2682,3044,0,0
-8.2096,12.2521,3040,0,0
-8.1848,12.2763,3046,0,0
-8.1600,12.3206,3057,0,0
-8.1352,12.2682,3044,0,0
-8.1104,12.2723,3045,0,0
-8.0856,12.3488,3064,0,0
-8.0608,12.2521,3040,0,0
-8.0360,12.2844,3048,0,0
-8.0112,12.3126,3055,0,0
-7.9864,12.2602,3042,0,0
-7.9616,12.2602,3042,0,0
-7.9368,12.2844,3048,0,0
-7.9120,12.3327,3060,0,0
-7.8872,12.2965,3051,0,0
-7.8624,12.3206,3057,0,0
-7.8376,12.2682,3044,0,0
-7.8128,12.2682,3044,0,0
-7.7880,12.2803,3047,0,0
-7.7632,12.3126,3055,0,0
-7.7384,12.2924,3050,0,0
-7.7136,12.2844,3048,0,0
-7.6888,12.2803,3047,0,0
-7.6640,12.3005,3052,0,0
-7.6392,12.3247,3058,0,0
-7.6144,12.2602,3042,0,0
-7.5896,12.2521,3040,0,0
-7.5648,12.2521,3040,0,0
-7.5400,12.3327,3060,0,0
-7.5152,12.3529,3065,0,0
-7.4904,12.2239,3033,0,0
-7.4656,12.2763,3046,0,0
-7.4408,12.2441,3038,0,0
-7.4160,12.2602,3042,0,0
-7.3912,12.2763,3046,0,0
-7.3664,12.2682,3044,0,0
-7.3415,12.2239,3033,0,0
-7.3167,12.2844,3048,0,0
-7.2919,12.2682,3044,0,0
-7.2671,12.2521,3040,0,0
-7.2423,12.2763,3046,0,0
-7.2175,12.2763,3046,0,0
-7.1927,12.2441,3038,0,0
-7.1679,12.2844,3048,0,0
-7.1431,12.2763,3046,0,0
-7.1183,12.2844,3048,0,0
-7.0935,12.2521,3040,0,0
-7.0687,12.2844,3048,0,0
-7.0439,12.3206,3057,0,0
-7.0191,12.2924,3050,0,0
-6.9943,12.3126,3055,0,0
-6.9695,12.2803,3047,0,0
-6.9447,12.3085,3054,0,0
-6.9199,12.2481,3039,0,0
-6.8951,12.2602,3042,0,0
-6.8703,12.3166,3056,0,0
-6.8455,12.3448,3063,0,0
-6.8207,12.2441,3038,0,0
-6.7959,12.2521,3040,0,0
-6.7711,12.3287,3059,0,0
-6.7463,12.3126,3055,0,0
-6.7215,12.2360,3036,0,0
-6.6967,12.3085,3054,0,0
-6.6719,12.2803,3047,0,0
-6.6471,12.2844,3048,0,0
-6.6223,12.2682,3044,0,0
-6.5975,12.2924,3050,0,0
-6.5727,12.2481,3039,0,0
-6.5479,12.2803,3047,0,0
-6.5231,12.2481,3039,0,0
-6.4983,12.2844,3048,0,0
-6.4735,12.3609,3067,0,0
-6.4487,12.2723,3045,0,0
-6.4239,12.2602,3042,0,0
-6.3991,12.2602,3042,0,0
-6.3743,12.3085,3054,0,0
-6.3494,12.2803,3047,0,0
-6.3246,12.2360,3036,0,0
-6.2998,12.2763,3046,0,0
-6.2750,12.2763,3046,0,0
-6.2502,12.2320,3035,0,0
-6.2254,12.2682,3044,0,0
-6.2006,12.2844,3048,0,0
-6.1758,12.2682,3044,0,0
-6.1510,12.2844,3048,0,0
-6.1262,12.2521,3040,0,0
-6.1014,12.2965,3051,0,0
-6.0766,12.3206,3057,0,0
-6.0518,12.3126,3055,0,0
-6.0270,12.2844,3048,0,0
-6.0022,12.2924,3050,0,0
-5.9774,12.2803,3047,0,0
-5.9526,12.2360,3036,0,0
-5.9278,12.3005,3052,0,0
-5.9030,12.3206,3057,0,0
-5.8782,12.2682,3044,0,0
-5.8534,12.1997,3027,0,0
-5.8286,12.2924,3050,0,0
-5.8038,12.3005,3052,0,0
-5.7790,12.2844,3048,0,0
-5.7542,12.2521,3040,0,0
-5.7294,12.2521,3040,0,0
-5.7046,12.2320,3035,0,0
-5.6798,12.2602,3042,0,0
-5.6550,12.2360,3036,0,0
-5.6302,12.2803,3047,0,0
-5.6054,12.2844,3048,0,0
-5.5806,12.2763,3046,0,0
-5.5558,12.3005,3052,0,0
-5.5310,12.3569,3066,0,0
-5.5062,12.2803,3047,0,0
-5.4814,12.3166,3056,0,0
-5.4566,12.2682,3044,0,0
-5.4318,12.3206,3057,0,0
-5.4070,12.2844,3048,0,0
-5.3821,12.2279,3034,0,0
-5.3573,12.2924,3050,0,0
-5.3325,12.2602,3042,0,0
-5.3077,12.2803,3047,0,0
-5.2829,12.2441,3038,0,0
-5.2581,12.2521,3040,0,0
-5.2333,12.2924,3050,0,0
-5.2085,12.2844,3048,0,0
-5.1837,12.3206,3057,0,0
-5.1589,12.4456,3088,0,0
-5.1341,12.3529,3065,0,0
-5.1093,12.2521,3040,0,0
-5.0845,12.3206,3057,0,0
-5.0597,12.2763,3046,0,0
-5.0349,12.2844,3048,0,0
-5.0101,12.2924,3050,0,0
-4.9853,12.2924,3050,0,0
-4.9605,12.3609,3067,0,0
-4.9357,12.2763,3046,0,0
-4.9109,12.2803,3047,0,0
-4.8861,12.2481,3039,0,0
-4.8613,12.2844,3048,0,0
-4.8365,12.3488,3064,0,0
-4.8117,12.3247,3058,0,0
-4.7869,12.2803,3047,0,0
-4.7621,12.3327,3060,0,0
-4.7373,12.2803,3047,0,0
-4.7125,12.3247,3058,0,0
-4.6877,12.2844,3048,0,0
-4.6629,12.2844,3048,0,0
-4.6381,12.2481,3039,0,0
-4.6133,12.2521,3040,0,0
-4.5885,12.2803,3047,0,0
-4.5637,12.2844,3048,0,0
-4.5389,12.2682,3044,0,0
-4.5141,12.2521,3040,0,0
-4.4893,12.3085,3054,0,0
-4.4645,12.3206,3057,0,0
-4.4397,12.2521,3040,0,0
-4.4149,12.2844,3048,0,0
-4.3900,12.3529,3065,0,0
-4.3652,12.3005,3052,0,0
-4.3404,12.2844,3048,0,0
-4.3156,12.2441,3038,0,0
-4.2908,12.2844,3048,0,0
-4.2660,12.2481,3039,0,0
-4.2412,12.2441,3038,0,0
-4.2164,12.2844,3048,0,0
-4.1916,12.3811,3072,0,0
-4.1668,12.2803,3047,0,0
-4.1420,12.2682,3044,0,0
-4.1172,12.2844,3048,0,0
-4.0924,12.3206,3057,0,0
-4.0676,12.3085,3054,0,0
-4.0428,12.2844,3048,0,0
-4.0180,12.2521,3040,0,0
-3.9932,12.3166,3056,0,0
-3.9684,12.2803,3047,0,0
-3.9436,12.3166,3056,0,0
-3.9188,12.2521,3040,0,0
-3.8940,12.2803,3047,0,0
-3.8692,12.3247,3058,0,0
-3.8444,12.2803,3047,0,0
-3.8196,12.2682,3044,0,0
-3.7948,12.2803,3047,0,0
-3.7700,12.3126,3055,0,0
-3.7452,12.2602,3042,0,0
-3.7204,12.2844,3048,0,0
-3.6956,12.2602,3042,0,0
-3.6708,12.2521,3040,0,0
-3.6460,12.2803,3047,0,0
-3.6212,12.3005,3052,0,0
-3.5964,12.3569,3066,0,0
-3.5716,12.2682,3044,0,0
-3.5468,12.2521,3040,0,0
-3.5220,12.2521,3040,0,0
-3.4972,12.2602,3042,0,0
-3.4724,12.2924,3050,0,0
-3.4476,12.3126,3055,0,0
-3.4227,12.2320,3035,0,0
-3.3979,12.3287,3059,0,0
-3.3731,12.3085,3054,0,0
-3.3483,12.2360,3036,0,0
-3.3235,12.2924,3050,0,0
-3.2987,12.3206,3057,0,0
-3.2739,12.2924,3050,0,0
-3.2491,12.2924,3050,0,0
-3.2243,12.2360,3036,0,0
-3.1995,12.2803,3047,0,0
-3.1747,12.2803,3047,0,0
-3.1499,12.2682,3044,0,0
-3.1251,12.2602,3042,0,0
-3.1003,12.3287,3059,0,0
-3.0755,12.2924,3050,0,0
-3.0507,12.2763,3046,0,0
-3.0259,12.2602,3042,0,0
-3.0011,12.3730,3070,0,0
-2.9763,12.3005,3052,0,0
-2.9515,12.2803,3047,0,0
-2.9267,12.2844,3048,0,0
-2.9019,12.2602,3042,0,0
-2.8771,12.2803,3047,0,0
-2.8523,12.2199,3032,0,0
-2.8275,12.2602,3042,0,0
-2.8027,12.3085,3054,0,0
-2.7779,12.3085,3054,0,0
-2.7531,12.2682,3044,0,0
-2.7283,12.3085,3054,0,0
-2.7035,12.3448,3063,0,0
-2.6787,12.2803,3047,0,0
-2.6539,12.2521,3040,0,0
-2.6291,12.2803,3047,0,0
-2.6043,12.3206,3057,0,0
-2.5795,12.2924,3050,0,0
-2.5547,12.1997,3027,0,0
-2.5299,12.2844,3048,0,0
-2.5051,12.2844,3048,0,0
-2.4803,12.2602,3042,0,0
-2.4555,12.3005,3052,0,0
-2.4306,12.2965,3051,0,0
-2.4058,12.3569,3066,0,0
-2.3810,12.2481,3039,0,0
-2.3562,12.2803,3047,0,0
-2.3314,12.2682,3044,0,0
-2.3066,12.2521,3040,0,0
-2.2818,12.3126,3055,0,0
-2.2570,12.2803,3047,0,0
-2.2322,12.3166,3056,0,0
-2.2074,12.3085,3054,0,0
-2.1826,12.3529,3065,0,0
-2.1578,12.2481,3039,0,0
-2.1330,12.2844,3048,0,0
-2.1082,12.2521,3040,0,0
-2.0834,12.2803,3047,0,0
-2.0586,12.2844,3048,0,0
-2.0338,12.3771,3071,0,0
-2.0090,12.2239,3033,0,0
-1.9842,12.2924,3050,0,0
-1.9594,12.2803,3047,0,0
-1.9346,12.2763,3046,0,0
-1.9098,12.2924,3050,0,0
-1.8850,12.2320,3035,0,0
-1.8602,12.2763,3046,0,0
-1.8354,12.2602,3042,0,0
-1.8106,12.3247,3058,0,0
-1.7858,12.3166,3056,0,0
-1.7610,12.2521,3040,0,0
-1.7362,12.3085,3054,0,0
-1.7114,12.2602,3042,0,0
-1.6866,12.2844,3048,0,0
-1.6618,12.2803,3047,0,0
-1.6370,12.3206,3057,0,0
-1.6122,12.2803,3047,0,0
-1.5874,12.2682,3044,0,0
-1.5626,12.3448,3063,0,0
-1.5378,12.3529,3065,0,0
-1.5130,12.2602,3042,0,0
-1.4882,12.2521,3040,0,0
-1.4633,12.3126,3055,0,0
-1.4385,12.3045,3053,0,0
-1.4137,12.2682,3044,0,0
-1.3889,12.2965,3051,0,0
-1.3641,12.2844,3048,0,0
-1.3393,12.2844,3048,0,0
-1.3145,12.3206,3057,0,0
-1.2897,12.2763,3046,0,0
-1.2649,12.3327,3060,0,0
-1.2401,12.3206,3057,0,0
-1.2153,12.3488,3064,0,0
-1.1905,12.2481,3039,0,0
-1.1657,12.3166,3056,0,0
-1.1409,12.3045,3053,0,0
-1.1161,12.2521,3040,0,0
-1.0913,12.2521,3040,0,0
-1.0665,12.3005,3052,0,0
-1.0417,12.3126,3055,0,0
-1.0169,12.2521,3040,0,0
-0.9921,12.2844,3048,0,0
-0.9673,12.2521,3040,0,0
-0.9425,12.3126,3055,0,0
-0.9177,12.3327,3060,0,0
-0.8929,12.2602,3042,0,0
-0.8681,12.3327,3060,0,0
-0.8433,12.3287,3059,0,0
-0.8185,12.2521,3040,0,0
-0.7937,12.2441,3038,0,0
-0.7689,12.2844,3048,0,0
-0.7441,12.2521,3040,0,0
-0.7193,12.1997,3027,0,0
-0.6945,12.2844,3048,0,0
-0.6697,12.3045,3053,0,0
-0.6449,12.3126,3055,0,0
-0.6201,12.2682,3044,0,0
-0.5953,12.2924,3050,0,0
-0.5705,12.3126,3055,0,0
-0.5457,12.2924,3050,0,0
-0.5209,12.2481,3039,0,0
-0.4961,12.2844,3048,0,0
-0.4712,12.3287,3059,0,0
-0.4464,12.2844,3048,0,0
-0.4216,12.2844,3048,0,0
-0.3968,12.3085,3054,0,0
-0.3720,12.2199,3032,0,0
-0.3472,12.2441,3038,0,0
-0.3224,12.2682,3044,0,0
-0.2976,12.2803,3047,0,0
-0.2728,12.3166,3056,0,0
-0.2480,12.3005,3052,0,0
-0.2232,12.2965,3051,0,0
-0.1984,12.2763,3046,0,0
-0.1736,12.2965,3051,0,0
-0.1488,12.2803,3047,0,0
-0.1240,12.2763,3046,0,0
-0.0992,12.2924,3050,0,0
-0.0744,12.3005,3052,0,0
-0.0496,12.2682,3044,0,0
-0.0248,12.2844,3048,0,0
0.0000,12.3327,3060,0,1
0.0248,12.2602,3042,0,1
0.0496,12.3166,3056,3184,1
0.0744,12.2803,3047,3182,1
0.0992,12.3206,3057,3183,1
0.1240,12.2844,3048,3183,1
0.1488,12.3609,3067,3188,1
0.1736,12.3247,3058,3185,1
0.1984,12.2844,3048,3178,1
0.2232,12.3045,3053,3183,1
0.2480,12.2803,3047,3180,1
0.2728,12.2803,3047,3180,1
0.2976,12.2602,3042,3184,1
0.3224,12.3327,3060,3180,1
0.3472,12.2763,3046,3185,1
0.3720,12.2763,3046,3186,1
0.3968,12.3126,3055,3183,1
0.4216,12.2924,3050,3183,1
0.4464,12.2803,3047,3187,1
0.4712,12.2965,3051,3183,1
0.4961,12.2521,3040,3181,1
0.5209,12.3488,3064,3183,1
0.5457,12.3206,3057,3189,1
0.5705,12.2602,3042,3183,1
0.5953,12.2803,3047,3186,1
0.6201,12.3287,3059,3181,1
0.6449,12.3126,3055,3183,1
0.6697,12.2803,3047,3185,1
0.6945,12.3045,3053,3183,1
0.7193,12.2521,3040,3183,1
0.7441,12.3206,3057,3186,1
0.7689,12.3206,3057,3180,1
0.7937,12.2521,3040,3178,1
0.8185,12.3206,3057,3179,1
0.8433,12.3287,3059,3183,1
0.8681,12.3206,3057,3185,1
0.8929,12.2602,3042,3186,1
0.9177,12.2803,3047,3185,1
0.9425,12.3488,3064,3180,1
0.9673,12.2844,3048,3186,1
0.9921,12.2924,3050,3183,1
1.0169,12.2481,3039,3185,1
1.0417,12.3166,3056,3184,1
1.0665,12.3045,3053,3182,1
1.0913,12.2844,3048,3189,1
1.1161,12.2239,3033,3185,1
1.1409,12.2602,3042,3186,1
1.1657,12.3166,3056,3182,1
1.1905,12.3005,3052,3187,1
1.2153,12.2803,3047,3185,1
1.2401,12.2682,3044,3181,1
1.2649,12.3206,3057,3185,1
1.2897,12.3529,3065,3180,1
1.3145,12.2763,3046,3185,1
1.3393,12.2803,3047,3185,1
1.3641,12.2682,3044,3185,1
1.3889,12.3488,3064,3184,1
1.4137,12.3569,3066,3181,1
1.4385,12.2844,3048,3185,1
1.4633,12.2803,3047,3186,1
1.4882,12.2521,3040,3185,1
1.5130,12.2844,3048,3185,1
1.5378,12.3690,3069,3185,1
1.5626,12.3287,3059,3184,1
1.5874,12.2924,3050,3183,1
1.6122,12.2844,3048,3187,1
1.6370,12.2521,3040,3186,1
1.6618,12.2602,3042,3183,1
1.6866,12.3811,3072,3185,1
1.7114,12.3569,3066,3185,1
1.7362,12.3287,3059,3185,1
1.7610,12.2682,3044,3189,1
1.7858,12.2682,3044,3186,1
1.8106,12.2763,3046,3186,1
1.8354,12.5907,3124,3185,1
1.8602,12.3529,3065,3183,1
1.8850,12.3730,3070,3185,1
1.9098,12.4093,3079,3182,1
1.9346,12.3569,3066,3185,1
1.9594,12.3327,3060,3183,1
1.9842,12.2924,3050,3189,1
2.0090,12.2844,3048,3189,1
2.0338,12.2602,3042,3189,1
2.0586,12.2682,3044,3189,1
2.0834,12.2521,3040,3189,1
2.1082,12.2803,3047,3187,1
2.1330,12.2441,3038,3189,1
2.1578,12.2803,3047,3189,1
2.1826,12.2924,3050,3189,1
2.2074,12.2803,3047,3189,1
2.2322,12.3005,3052,3189,1
2.2570,12.3206,3057,3189,1
2.2818,12.3811,3072,3179,1
2.3066,12.4295,3084,3185,1
2.3314,12.5141,3105,3186,1
2.3562,12.3609,3067,3189,1
2.3810,12.2481,3039,3189,1
2.4058,12.3892,3074,3189,1
2.4306,12.6350,3135,3183,1
2.4555,12.4496,3089,3189,1
2.4803,12.3287,3059,3189,1
2.5051,12.5463,3113,3182,1
2.5299,12.5907,3124,3187,1
2.5547,12.2924,3050,3189,1
2.5795,12.5866,3123,3189,1
2.6043,12.3569,3066,3189,1
2.6291,12.4133,3080,3179,1
2.6539,12.6511,3139,3189,1
2.6787,12.7116,3154,3189,1
2.7035,12.8526,3189,3189,1
2.7283,11.0753,2748,3159,1
2.7531,12.8526,3189,3189,1
2.7779,11.0914,2752,3129,1
2.8027,12.8526,3189,3189,1
2.8275,11.4461,2840,3125,1
2.8523,12.8526,3189,3189,1
2.8771,11.4461,2840,3105,1
2.9019,10.8133,2683,3135,1
2.9267,12.8325,3184,3189,1
2.9515,11.5549,2867,3189,1
2.9763,12.8526,3189,3189,1
3.0011,11.8048,2929,3160,1
3.0259,12.1594,3017,3189,1
3.0507,11.8692,2945,3189,1
3.0755,11.3937,2827,3185,1
3.1003,12.8526,3189,3189,1
3.1251,12.2924,3050,3121,1
3.1499,12.1070,3004,3185,1
3.1747,12.3005,3052,3189,1
3.1995,12.8526,3189,3165,1
3.2243,12.7680,3168,3123,1
3.2491,12.4496,3089,3189,1
3.2739,12.8526,3189,3189,1
3.2987,12.1514,3015,3189,1
3.3235,12.3327,3060,3183,1
3.3483,12.4738,3095,3189,1
3.3731,11.7604,2918,3189,1
3.3979,11.2244,2785,3189,1
3.4227,12.5181,3106,3155,1
3.4476,12.8526,3189,3189,1
3.4724,12.8526,3189,3189,1
3.4972,11.5589,2868,3189,1
3.5220,12.8526,3189,3189,1
3.5468,12.8526,3189,3189,1
3.5716,11.8612,2943,3185,1
3.5964,12.0708,2995,3189,1
3.6212,12.6390,3136,3189,1
3.6460,12.8526,3189,3188,1
3.6708,11.8330,2936,3189,1
3.6956,11.8370,2937,3189,1
3.7204,12.7478,3163,3153,1
3.7452,12.5866,3123,3189,1
3.7700,12.1836,3023,3173,1
3.7948,12.8526,3189,3189,1
3.8196,11.8652,2944,3189,1
3.8444,12.8526,3189,3178,1
3.8692,12.8526,3189,3189,1
3.8940,12.8526,3189,3189,1
3.9188,12.4214,3082,3174,1
3.9436,11.3856,2825,3189,1
3.9684,12.8526,3189,3189,1
3.9932,12.8526,3189,3162,1
4.0180,11.9942,2976,3189,1
4.0428,12.8526,3189,3189,1
4.0676,12.4133,3080,3189,1
4.0924,12.8526,3189,3181,1
4.1172,11.9095,2955,3155,1
4.1420,12.8526,3189,3173,1
4.1668,12.8526,3189,3189,1
4.1916,12.8365,3185,3154,1
4.2164,11.7362,2912,3189,1
4.2412,12.8526,3189,3149,1
4.2660,11.5589,2868,3150,1
4.2908,11.8934,2951,3180,1
4.3156,12.7680,3168,3189,1
4.3404,12.8526,3189,3189,1
4.3652,12.2521,3040,3189,1
4.3900,12.1594,3017,3163,1
4.4149,12.8526,3189,3177,1
4.4397,12.7640,3167,3163,1
4.4645,11.8934,2951,3189,1
4.4893,12.0143,2981,3189,1
4.5141,11.7967,2927,3189,1
4.5389,12.8526,3189,3160,1
4.5637,12.1715,3020,3189,1
4.5885,12.8526,3189,3189,1
4.6133,12.5705,3119,3189,1
4.6381,12.8526,3189,3170,1
4.6629,11.7242,2909,3189,1
4.6877,12.0949,3001,3176,1
4.7125,12.2521,3040,3189,1
4.7373,12.8526,3189,3189,1
4.7621,12.8526,3189,3169,1
4.7869,12.2602,3042,3189,1
4.8117,12.8526,3189,3189,1
4.8365,12.8526,3189,3186,1
4.8613,12.2199,3032,3175,1
4.8861,12.8526,3189,3189,1
4.9109,12.8526,3189,3150,1
4.9357,12.8526,3189,3189,1
4.9605,12.7116,3154,3189,1
4.9853,12.1796,3022,3189,1
5.0101,11.5508,2866,3189,1
5.0349,12.2682,3044,3189,1
5.0597,11.6234,2884,3162,1
5.0845,12.8526,3189,3189,1
5.1093,11.8048,2929,3189,1
5.1341,11.8934,2951,3180,1
5.1589,12.7277,3158,3149,1
5.1837,12.8526,3189,3155,1
5.2085,11.8330,2936,3189,1
5.2333,12.0466,2989,3189,1
5.2581,11.8652,2944,3189,1
5.2829,12.7559,3165,3189,1
5.3077,12.8526,3189,3174,1
5.3325,12.0708,2995,3189,1
5.3573,12.3609,3067,3175,1
5.3821,12.1030,3003,3186,1
5.4070,11.5226,2859,3189,1
5.4318,12.8526,3189,3189,1
5.4566,11.8330,2936,3160,1
5.4814,12.2602,3042,3189,1
5.5062,12.5786,3121,3189,1
5.5310,12.8405,3186,3147,1
5.5558,12.8526,3189,3189,1
5.5806,11.7201,2908,3189,1
5.6054,12.8526,3189,3157,1
5.6302,12.2763,3046,3178,1
5.6550,10.8214,2685,3189,1
5.6798,12.8526,3189,3165,1
5.7046,12.4053,3078,3189,1
5.7294,12.4496,3089,3189,1
5.7542,11.1801,2774,3175,1
5.7790,12.7962,3175,3130,1
5.8038,11.7040,2904,3189,1
5.8286,12.8526,3189,3189,1
5.8534,11.5871,2875,3189,1
5.8782,12.2602,3042,3189,1
5.9030,12.8526,3189,3169,1
5.9278,12.8526,3189,3181,1
5.9526,12.2199,3032,3173,1
5.9774,12.8526,3189,3189,1
6.0022,12.8164,3180,3186,1
6.0270,12.2360,3036,3183,1
6.0518,11.1317,2762,3189,1
6.0766,12.6874,3148,3160,1
6.1014,11.5105,2856,3170,1
6.1262,12.8526,3189,3189,1
6.1510,11.8934,2951,3158,1
6.1758,12.1997,3027,3189,1
6.2006,12.8526,3189,3154,1
6.2254,12.8526,3189,3189,1
6.2502,12.6390,3136,3179,1
6.2750,11.6274,2885,3189,1
6.2998,11.5912,2876,3155,1
6.3246,12.7680,3168,3189,1
6.3494,11.8612,2943,3154,1
6.3743,12.4093,3079,3186,1
6.3991,12.7640,3167,3160,1
6.4239,12.7438,3162,3189,1
6.4487,12.4295,3084,3189,1
6.4735,12.5786,3121,3186,1
6.4983,12.8526,3189,3163,1
6.5231,12.8526,3189,3146,1
6.5479,12.4375,3086,3157,1
6.5727,12.3166,3056,3189,1
6.5975,11.8692,2945,3168,1
6.6223,12.4174,3081,3185,1
6.6471,12.8526,3189,3189,1
6.6719,12.8083,3178,3189,1
6.6967,12.8526,3189,3179,1
6.7215,12.8526,3189,3143,1
6.7463,12.8526,3189,3189,1
6.7711,12.8526,3189,3166,1
6.7959,11.8410,2938,3189,1
6.8207,12.7761,3170,3189,1
6.8455,12.2965,3051,3189,1
6.8703,11.6355,2887,3189,1
6.8951,11.9539,2966,3187,1
6.9199,12.8526,3189,3173,1
6.9447,11.4864,2850,3189,1
6.9695,11.7000,2903,3189,1
6.9943,11.4259,2835,3165,1
7.0191,12.7438,3162,3163,1
7.0439,12.8526,3189,3178,1
7.0687,12.8083,3178,3180,1
7.0935,12.8526,3189,3189,1
7.1183,10.7770,2674,3189,1
7.1431,12.1715,3020,3185,1
7.1679,12.6793,3146,3174,1
7.1927,12.8526,3189,3149,1
7.2175,12.8526,3189,3183,1
7.2423,12.3609,3067,3141,1
7.2671,12.8526,3189,3175,1
7.2919,12.2844,3048,3189,1
7.3167,12.6108,3129,3189,1
7.3415,11.3937,2827,3189,1
7.3664,11.9095,2955,3160,1
7.3912,12.6310,3134,3189,1
7.4160,12.3972,3076,3189,1
7.4408,11.0068,2731,3189,1
7.4656,12.8526,3189,3189,1
7.4904,12.8526,3189,3189,1
7.5152,11.2808,2799,3189,1
7.5400,12.4980,3101,3180,1
7.5648,10.8455,2691,3189,1
7.5896,11.7242,2909,3178,1
7.6144,12.5705,3119,3189,1
7.6392,11.6677,2895,3189,1
7.6640,11.1841,2775,3160,1
7.6888,12.8526,3189,3189,1
7.7136,12.2924,3050,3159,1
7.7384,12.8405,3186,3156,1
7.7632,12.1917,3025,3189,1
7.7880,12.5786,3121,3189,1
7.8128,11.4783,2848,3189,1
7.8376,12.7075,3153,3169,1
7.8624,12.8526,3189,3189,1
7.8872,11.8491,2940,3189,1
7.9120,12.1796,3022,3181,1
7.9368,12.8526,3189,3189,1
7.9616,11.4783,2848,3189,1
7.9864,11.8652,2944,3175,1
8.0112,12.7720,3169,3165,1
8.0360,12.7559,3165,3171,1
8.0608,12.2682,3044,3178,1
8.0856,12.3247,3058,3172,1
8.1104,11.4702,2846,3189,1
8.1352,12.0143,2981,3189,1
8.1600,12.7358,3160,3189,1
8.1848,12.4295,3084,3168,1
8.2096,11.7645,2919,3189,1
8.2344,12.8526,3189,3189,1
8.2592,11.5307,2861,3189,1
8.2840,11.6838,2899,3187,1
8.3088,12.2844,3048,3189,1
8.3337,11.7886,2925,3180,1
8.3585,12.5342,3110,3189,1
8.3833,12.8526,3189,3189,1
8.4081,12.0627,2993,3189,1
8.4329,12.6592,3141,3167,1
8.4577,12.0788,2997,3189,1
8.4825,11.9015,2953,3186,1
8.5073,12.8164,3180,3178,1
8.5321,12.8526,3189,3174,1
8.5569,12.1997,3027,3187,1
8.5817,12.3730,3070,3189,1
8.6065,12.3609,3067,3175,1
8.6313,12.8526,3189,3189,1
8.6561,12.1232,3008,3186,1
8.6809,12.0788,2997,3189,1
8.7057,12.1917,3025,3173,1
8.7305,12.7237,3157,3189,1
8.7553,11.9700,2970,3130,1
8.7801,11.9095,2955,3159,1
8.8049,10.7730,2673,3163,1
8.8297,11.1156,2758,3189,1
8.8545,11.5025,2854,3185,1
8.8793,12.4818,3097,3189,1
8.9041,11.1881,2776,3189,1
8.9289,12.0909,3000,3182,1
8.9537,12.1917,3025,3157,1
8.9785,12.0264,2984,3189,1
9.0033,10.9947,2728,3167,1
9.0281,12.8526,3189,3189,1
9.0529,11.3695,2821,3189,1
9.0777,12.2279,3034,3189,1
9.1025,11.7524,2916,3189,1
9.1273,11.5952,2877,3169,1
9.1521,11.7362,2912,3172,1
9.1769,12.8526,3189,3178,1
9.2017,12.8526,3189,3158,1
9.2265,12.3126,3055,3189,1
9.2513,12.8526,3189,3160,1
9.2761,12.4375,3086,3186,1
9.3010,12.6068,3128,3172,1
9.3258,11.8894,2950,3189,1
9.3506,11.9700,2970,3189,1
9.3754,11.8612,2943,3189,1
9.4002,11.9095,2955,3176,1
9.4250,12.1393,3012,3180,1
9.4498,12.8526,3189,3160,1
9.4746,12.8526,3189,3189,1
9.4994,12.1917,3025,3180,1
9.5242,12.8526,3189,3189,1
9.5490,12.4012,3077,3189,1
9.5738,12.4899,3099,3170,1
9.5986,12.8526,3189,3189,1
9.6234,11.7524,2916,3189,1
9.6482,12.5383,3111,3137,1
9.6730,10.8617,2695,3189,1
9.6978,11.9095,2955,3189,1
9.7226,12.2279,3034,3160,1
9.7474,12.8526,3189,3181,1
9.7722,12.2481,3039,3147,1
9.7970,11.7242,2909,3189,1
9.8218,12.1030,3003,3189,1
9.8466,12.2682,3044,3189,1
9.8714,12.7196,3156,3189,1
9.8962,12.1514,3015,3189,1
9.9210,12.0909,3000,3189,1
9.9458,12.3851,3073,3158,1
9.9706,12.8526,3189,3189,1
9.9954,11.2889,2801,3189,1
10.0202,11.7040,2904,3189,1
10.0450,12.8526,3189,3175,1
10.0698,12.0909,3000,3155,1
10.0946,11.6234,2884,3189,1
10.1194,12.7478,3163,3189,1
10.1442,12.5020,3102,3186,1
10.1690,12.2360,3036,3186,1
10.1938,12.5584,3116,3149,1
10.2186,12.8526,3189,3064,1
10.2434,12.8325,3184,3183,1
10.2682,12.6350,3135,3180,1
10.2931,12.8526,3189,3178,1
10.3179,12.1635,3018,3189,1
10.3427,11.8934,2951,3140,1
10.3675,12.8526,3189,3164,1
10.3923,11.5307,2861,3168,1
10.4171,12.3609,3067,3189,1
10.4419,12.8526,3189,3165,1
10.4667,12.6672,3143,3189,1
10.4915,11.8531,2941,3189,1
10.5163,12.8083,3178,3174,1
10.5411,12.7882,3173,3189,1
10.5659,12.8526,3189,3189,1
10.5907,12.8526,3189,3181,1
10.6155,11.8410,2938,3189,1
10.6403,12.8526,3189,3189,1
10.6651,12.8526,3189,3169,1
10.6899,12.8526,3189,3180,1
10.7147,11.9821,2973,3189,1
10.7395,12.0748,2996,3189,1
10.7643,12.8526,3189,3189,1
10.7891,11.4461,2840,3165,1
10.8139,12.8526,3189,3160,1
10.8387,12.4053,3078,3189,1
10.8635,12.8526,3189,3189,1
10.8883,12.3811,3072,3173,1
10.9131,12.5222,3107,3189,1
10.9379,11.6395,2888,3162,1
10.9627,12.0506,2990,3174,1
10.9875,12.1151,3006,3180,1
11.0123,12.8526,3189,3189,1
11.0371,11.1760,2773,3189,1
11.0619,12.4698,3094,3162,1
11.0867,12.8526,3189,3175,1
11.1115,12.0587,2992,3180,1
11.1363,12.3972,3076,3189,1
11.1611,12.8526,3189,3160,1
11.1859,12.7156,3155,3152,1
11.2107,11.9700,2970,3175,1
11.2355,12.8526,3189,3171,1
11.2604,12.8486,3188,3189,1
11.2852,11.9498,2965,3189,1
11.3100,12.7237,3157,3170,1
11.3348,11.4783,2848,3189,1
11.3596,12.8526,3189,3184,1
11.3844,12.1393,3012,3189,1
11.4092,11.7040,2904,3189,1
11.4340,12.0788,2997,3189,1
11.4588,11.9015,2953,3189,1
11.4836,12.0264,2984,3141,1
11.5084,12.1514,3015,3189,1
11.5332,11.5146,2857,3189,1
11.5580,12.6310,3134,3174,1
11.5828,12.8526,3189,3178,1
11.6076,12.8526,3189,3189,1
11.6324,12.2360,3036,3185,1
11.6572,12.1514,3015,3189,1
11.6820,11.5428,2864,3181,1
11.7068,12.3206,3057,3189,1
11.7316,11.2889,2801,3179,1
11.7564,12.4375,3086,3153,1
11.7812,11.8813,2948,3173,1
11.8060,12.8526,3189,3189,1
11.8308,11.5025,2854,3169,1
11.8556,12.8405,3186,3162,1
11.8804,11.5710,2871,3163,1
11.9052,12.8526,3189,3186,1
11.9300,12.5020,3102,3167,1
11.9548,12.5342,3110,3158,1
11.9796,12.6955,3150,3178,1
12.0044,12.3529,3065,3189,1
12.0292,10.7569,2669,3189,1
12.0540,11.5428,2864,3189,1
12.0788,11.2607,2794,3189,1
12.1036,12.6350,3135,3157,1
12.1284,12.1393,3012,3183,1
12.1532,12.6310,3134,3189,1
12.1780,11.7242,2909,3189,1
12.2028,11.7886,2925,3185,1
12.2276,12.7559,3165,3189,1
12.2525,12.8526,3189,3189,1
12.2773,11.4259,2835,3180,1
12.3021,12.6310,3134,3181,1
12.3269,12.3609,3067,3189,1
12.3517,11.9337,2961,3180,1
12.3765,12.8526,3189,3180,1
12.4013,12.4698,3094,3189,1
12.4261,12.1876,3024,3180,1
12.4509,12.8526,3189,3184,1
12.4757,11.6395,2888,3189,1
12.5005,12.1232,3008,3189,1
12.5253,10.9100,2707,3157,1
12.5501,12.1594,3017,3189,1
12.5749,12.0264,2984,3189,1
12.5997,12.8526,3189,3160,1
12.6245,12.0949,3001,3189,1
12.6493,12.8526,3189,3189,1
12.6741,11.7362,2912,3179,1
12.6989,11.9095,2955,3175,1
12.7237,12.8526,3189,3147,1
12.7485,12.8526,3189,3179,1
12.7733,12.2481,3039,3189,1
12.7981,11.5508,2866,3189,1
12.8229,11.8410,2938,3189,1
12.8477,11.7886,2925,3180,1
12.8725,12.8526,3189,3189,1
12.8973,12.7237,3157,3180,1
12.9221,12.4295,3084,3189,1
12.9469,12.1554,3016,3160,1
12.9717,11.4702,2846,3189,1
12.9965,12.3126,3055,3189,1
13.0213,12.8526,3189,3189,1
13.0461,12.1473,3014,3175,1
13.0709,12.8204,3181,3189,1
13.0957,11.2123,2782,3189,1
13.1205,11.7362,2912,3181,1
13.1453,11.7040,2904,3186,1
13.1701,12.8526,3189,3189,1
13.1949,10.9423,2715,3185,1
13.2198,12.8526,3189,3185,1
13.2446,12.1312,3010,3183,1
13.2694,12.5786,3121,3160,1
13.2942,12.8526,3189,3173,1
13.3190,11.6355,2887,3189,1
13.3438,11.8612,2943,3189,1
13.3686,11.4461,2840,3189,1
13.3934,12.5020,3102,3189,1
13.4182,11.8330,2936,3189,1
13.4430,12.6350,3135,3189,1
13.4678,11.8652,2944,3189,1
13.4926,12.5625,3117,3159,1
13.5174,11.4017,2829,3178,1
13.5422,12.5584,3116,3137,1
13.5670,12.0143,2981,3189,1
13.5918,12.7196,3156,3189,1
13.6166,11.8612,2943,3189,1
13.6414,10.8455,2691,3170,1
13.6662,11.5146,2857,3189,1
13.6910,12.5786,3121,3189,1
13.7158,12.3126,3055,3189,1
13.7406,11.7524,2916,3189,1
13.7654,12.0909,3000,3189,1
13.7902,11.9378,2962,3189,1
13.8150,12.6914,3149,3148,1
13.8398,12.0466,2989,3159,1
13.8646,11.4299,2836,3189,1
13.8894,11.2244,2785,3189,1
13.9142,12.1876,3024,3186,1
13.9390,12.0909,3000,3184,1
13.9638,12.2924,3050,3167,1
13.9886,12.1191,3007,3189,1
14.0134,11.7443,2914,3189,1
14.0382,11.9498,2965,3189,1
14.0630,11.6838,2899,3177,1
14.0878,12.6552,3140,3174,1
14.1126,11.5871,2875,3189,1
14.1374,12.0788,2997,3189,1
14.1622,12.3166,3056,3189,1
14.1870,11.1962,2778,3189,1
14.2119,11.5549,2867,3189,1
14.2367,11.8531,2941,3189,1
14.2615,11.2647,2795,3183,1
14.2863,12.3488,3064,3171,1
14.3111,12.3730,3070,3181,1
14.3359,11.7362,2912,3189,1
14.3607,12.8526,3189,3173,1
14.3855,11.4178,2833,3188,1
14.4103,12.3247,3058,3052,1
14.4351,12.1876,3024,3170,1
14.4599,11.9055,2954,3178,1
14.4847,11.7242,2909,3189,1
14.5095,11.3534,2817,3179,1
14.5343,12.8526,3189,3189,1
14.5591,12.5423,3112,3180,1
14.5839,11.4178,2833,3174,1
14.6087,12.2199,3032,3180,1
14.6335,11.8209,2933,3189,1
14.6583,11.6677,2895,3169,1
14.6831,12.8526,3189,3155,1
14.7079,12.6431,3137,3189,1
14.7327,11.5629,2869,3189,1
14.7575,11.4904,2851,3189,1
14.7823,12.3085,3054,3189,1
14.8071,11.7886,2925,3189,1
14.8319,12.8526,3189,3169,1
14.8567,11.9821,2973,3171,1
14.8815,12.8325,3184,3172,1
14.9063,12.2360,3036,3186,1
14.9311,12.3690,3069,3180,1
14.9559,12.8526,3189,3171,1
14.9807,11.5428,2864,3189,1
15.0055,12.6914,3149,3189,1
15.0303,12.7720,3169,3163,1
15.0551,12.6672,3143,3189,1
15.0799,12.1876,3024,3189,1
15.1047,12.4698,3094,3189,1
15.1295,11.3050,2805,3178,1
15.1543,12.6672,3143,3189,1
15.1792,10.9141,2708,3189,1
15.2040,12.4899,3099,3189,1
15.2288,11.7322,2911,3189,1
15.2536,11.8531,2941,3135,1
15.2784,12.0143,2981,3121,1
15.3032,11.8330,2936,3189,1
15.3280,11.1599,2769,3163,1
15.3528,12.5060,3103,3180,1
15.3776,11.9660,2969,3160,1
15.4024,11.2083,2781,3189,1
15.4272,12.5020,3102,3163,1
15.4520,12.7358,3160,3189,1
15.4768,11.4138,2832,3189,1
15.5016,11.3131,2807,3189,1
15.5264,11.6919,2901,3183,1
15.5512,12.8526,3189,3181,1
15.5760,12.8526,3189,3176,1
15.6008,12.2682,3044,3169,1
15.6256,12.8526,3189,3162,1
15.6504,12.5222,3107,3189,1
15.6752,11.6637,2894,3189,1
15.7000,12.6914,3149,3154,1
15.7248,10.9503,2717,3169,1
15.7496,12.8526,3189,3185,1
15.7744,12.5101,3104,3179,1
15.7992,11.4138,2832,3189,1
15.8240,11.3574,2818,3167,1
15.8488,11.3010,2804,3189,1
15.8736,11.4138,2832,3189,1
15.8984,12.8526,3189,3189,1
15.9232,12.2602,3042,3189,1
15.9480,11.5307,2861,3189,1
15.9728,10.7972,2679,3158,1
15.9976,12.0708,2995,3183,1
16.0224,12.8526,3189,3185,1
16.0472,12.4053,3078,3189,1
16.0720,11.3655,2820,3189,1
16.0968,12.1151,3006,3189,1
16.1216,11.8934,2951,3189,1
16.1465,12.8526,3189,3163,1
16.1713,12.8526,3189,3189,1
16.1961,12.4496,3089,3181,1
16.2209,12.8204,3181,3167,1
16.2457,11.8934,2951,3189,1
16.2705,11.8249,2934,3189,1
16.2953,11.6355,2887,3176,1
16.3201,12.8526,3189,3130,1
16.3449,12.8526,3189,3189,1
16.3697,11.9055,2954,3189,1
16.3945,11.4743,2847,3189,1
16.4193,11.6234,2884,3180,1
16.4441,12.7882,3173,3162,1
16.4689,12.8526,3189,3178,1
16.4937,12.8526,3189,3179,1
16.5185,12.5544,3115,3174,1
16.5433,11.6838,2899,3185,1
16.5681,11.8612,2943,3189,1
16.5929,11.4702,2846,3189,1
16.6177,11.1357,2763,3189,1
16.6425,12.2521,3040,3189,1
16.6673,12.6390,3136,3162,1
16.6921,12.5060,3103,3189,1
16.7169,11.5912,2876,3189,1
16.7417,10.9423,2715,3189,1
16.7665,11.8612,2943,3174,1
16.7913,12.8526,3189,3189,1
16.8161,11.5549,2867,3186,1
16.8409,12.4053,3078,3189,1
16.8657,12.2199,3032,3189,1
16.8905,11.7967,2927,3189,1
16.9153,12.5544,3115,3180,1
16.9401,12.7035,3152,3175,1
16.9649,12.1997,3027,3189,1
16.9897,11.1236,2760,3189,1
17.0145,11.4582,2843,3163,1
17.0393,12.6310,3134,3174,1
17.0641,12.8164,3180,3158,1
17.0889,11.8652,2944,3189,1
17.1137,10.5110,2608,3189,1
17.1386,10.9906,2727,3189,1
17.1634,12.5181,3106,3165,1
17.1882,12.3085,3054,3167,1
17.2130,12.4012,3077,3189,1
17.2378,11.2889,2801,3189,1
17.2626,11.4178,2833,3189,1
17.2874,11.6637,2894,3189,1
17.3122,12.8526,3189,3189,1
17.3370,12.8526,3189,3189,1
17.3618,12.1232,3008,3189,1
17.3866,12.6350,3135,3180,1
17.4114,12.1836,3023,3189,1
17.4362,11.1599,2769,3189,1
17.4610,11.7604,2918,3147,1
17.4858,11.3775,2823,3189,1
17.5106,11.1156,2758,3189,1
17.5354,11.2445,2790,3189,1
17.5602,12.2924,3050,3166,1
17.5850,12.4012,3077,3148,1
17.6098,12.4738,3095,3170,1
17.6346,12.3811,3072,3189,1
17.6594,11.8370,2937,3189,1
17.6842,12.6068,3128,3189,1
17.7090,11.5388,2863,3189,1
17.7338,11.5105,2856,3183,1
17.7586,12.8526,3189,3178,1
17.7834,11.1236,2760,3189,1
17.8082,12.8526,3189,3189,1
17.8330,10.7891,2677,3189,1
17.8578,12.3569,3066,3178,1
17.8826,12.4698,3094,3189,1
17.9074,12.7358,3160,3180,1
17.9322,12.2320,3035,3189,1
17.9570,11.4017,2829,3189,1
17.9818,11.1478,2766,3182,1
18.0066,12.8526,3189,3180,1
18.0314,12.6068,3128,3168,1
18.0562,11.9821,2973,3184,1
18.0810,11.6798,2898,3189,1
18.1059,11.2244,2785,3159,1
18.1307,11.6919,2901,3189,1
18.1555,11.2042,2780,3189,1
18.1803,11.1317,2762,3185,1
18.2051,12.2803,3047,3180,1
18.2299,12.4657,3093,3177,1
18.2547,11.7725,2921,3189,1
18.2795,10.8335,2688,3189,1
18.3043,11.2889,2801,3172,1
18.3291,12.5544,3115,3176,1
18.3539,12.1070,3004,3165,1
18.3787,12.1232,3008,3189,1
18.4035,11.4622,2844,3189,1
18.4283,12.4456,3088,3189,1
18.4531,11.4178,2833,3189,1
18.4779,11.1156,2758,3167,1
18.5027,11.9821,2973,3178,1
18.5275,12.8526,3189,3189,1
18.5523,11.4582,2843,3169,1
18.5771,11.9337,2961,3180,1
18.6019,12.3892,3074,3169,1
18.6267,11.6677,2895,3186,1
18.6515,12.2199,3032,3189,1
18.6763,12.6672,3143,3189,1
18.7011,12.1796,3022,3187,1
18.7259,12.0022,2978,3189,1
18.7507,12.4738,3095,3167,1
18.7755,12.3811,3072,3189,1
18.8003,11.1760,2773,3189,1
18.8251,12.3488,3064,3180,1
18.8499,11.7282,2910,3189,1
18.8747,9.8259,2438,3160,1
18.8995,12.1393,3012,3189,1
18.9243,12.0466,2989,3189,1
18.9491,11.5226,2859,3189,1
18.9739,11.4138,2832,3180,1
18.9987,12.4738,3095,3189,1
19.0235,12.0466,2989,3111,1
19.0483,11.9418,2963,3189,1
19.0731,11.3534,2817,3189,1
19.0980,11.1922,2777,3178,1
19.1228,12.2199,3032,3174,1
19.1476,12.4617,3092,3175,1
19.1724,12.0546,2991,3148,1
19.1972,12.7962,3175,3189,1
19.2220,11.8894,2950,3160,1
19.2468,11.2607,2794,3189,1
19.2716,10.8294,2687,3189,1
19.2964,11.0712,2747,3154,1
19.3212,10.7488,2667,3189,1
19.3460,12.4980,3101,3174,1
19.3708,12.7116,3154,3189,1
19.3956,11.2969,2803,3189,1
19.4204,11.3977,2828,3189,1
19.4452,11.6677,2895,3189,1
19.4700,12.2481,3039,3167,1
19.4948,12.0345,2986,3189,1
19.5196,11.1881,2776,3189,1
19.5444,11.3292,2811,3189,1
19.5692,11.6516,2891,3189,1
19.5940,12.8526,3189,3189,1
19.6188,11.3977,2828,3189,1
19.6436,12.5625,3117,3171,1
19.6684,12.8164,3180,3167,1
19.6932,11.3131,2807,3189,1
19.7180,10.9423,2715,3189,1
19.7428,10.8979,2704,3186,1
19.7676,12.1635,3018,3166,1
19.7924,12.5423,3112,3101,1
19.8172,12.4375,3086,3189,1
19.8420,12.3206,3057,3134,1
19.8668,10.6924,2653,3189,1
19.8916,10.5795,2625,3189,1
19.9164,10.3740,2574,3189,1
19.9412,12.2038,3028,3185,1
19.9660,11.2123,2782,3189,1
19.9908,11.1478,2766,3189,1
20.0156,11.0592,2744,3189,1
20.0404,12.5423,3112,3189,1
20.0653,10.8294,2687,3180,1
20.0901,11.4219,2834,3146,1
20.1149,12.4375,3086,3167,1
20.1397,12.5987,3126,3110,1
20.1645,11.7040,2904,3189,1
20.1893,12.8526,3189,3181,1
20.2141,11.5831,2874,3189,1
20.2389,11.2123,2782,3189,1
20.2637,11.9458,2964,3167,1
20.2885,11.8934,2951,3189,1
20.3133,12.7841,3172,3189,1
20.3381,11.0914,2752,3189,1
20.3629,11.8088,2930,3121,1
20.3877,12.7882,3173,3189,1
20.4125,11.6274,2885,3189,1
20.4373,12.8526,3189,3189,1
20.4621,11.0148,2733,3189,1
20.4869,12.8164,3180,3170,1
20.5117,12.7962,3175,3189,1
20.5365,11.5831,2874,3189,1
20.5613,11.3211,2809,3189,1
20.5861,11.0793,2749,3189,1
20.6109,12.0143,2981,3178,1
20.6357,10.0878,2503,3189,1
20.6605,11.3534,2817,3189,1
20.6853,12.3892,3074,3180,1
20.7101,12.1514,3015,3189,1
20.7349,11.0430,2740,3189,1
20.7597,11.0712,2747,3189,1
20.7845,10.8254,2686,3189,1
20.8093,11.2647,2795,3189,1
20.8341,11.0592,2744,3189,1
20.8589,11.4461,2840,3148,1
20.8837,12.8526,3189,3148,1
20.9085,12.2360,3036,3173,1
20.9333,11.4098,2831,3189,1
20.9581,11.1478,2766,3187,1
20.9829,11.4662,2845,3189,1
21.0077,12.6914,3149,2991,1
21.0325,12.2320,3035,3183,1
21.0574,11.2607,2794,3189,1
21.0822,11.2204,2784,3189,1
21.1070,11.4783,2848,3189,1
21.1318,12.1232,3008,3042,1
21.1566,12.2481,3039,3178,1
21.1814,11.8330,2936,3189,1
21.2062,11.2607,2794,3189,1
21.2310,11.8813,2948,3170,1
21.2558,12.5342,3110,3189,1
21.2806,12.4698,3094,3175,1
21.3054,12.0143,2981,3167,1
21.3302,12.8526,3189,3172,1
21.3550,12.6350,3135,3189,1
21.3798,11.3010,2804,3189,1
21.4046,10.8979,2704,3189,1
21.4294,11.8572,2942,3178,1
21.4542,12.8526,3189,3180,1
21.4790,12.7640,3167,3189,1
21.5038,10.6682,2647,3175,1
21.5286,12.0909,3000,3189,1
21.5534,11.3735,2822,3189,1
21.5782,12.2481,3039,3180,1
21.6030,12.5342,3110,3189,1
21.6278,11.4702,2846,3189,1
21.6526,11.5670,2870,3172,1
21.6774,11.7443,2914,3189,1
21.7022,11.2768,2798,3189,1
21.7270,11.1639,2770,3189,1
21.7518,11.0632,2745,3189,1
21.7766,11.8249,2934,3174,1
21.8014,11.3453,2815,3178,1
21.8262,12.5141,3105,3158,1
21.8510,11.3695,2821,3189,1
21.8758,12.4375,3086,3168,1
21.9006,12.6914,3149,3180,1
21.9254,11.1599,2769,3189,1
21.9502,12.7358,3160,2978,1
21.9750,12.0143,2981,3189,1
21.9998,12.3166,3056,3189,1
22.0247,9.6526,2395,3189,1
22.0495,10.9987,2729,3180,1
22.0743,12.3488,3064,3153,1
22.0991,12.5786,3121,3167,1
22.1239,12.0708,2995,3189,1
22.1487,10.8818,2700,3189,1
22.1735,11.0148,2733,3180,1
22.1983,12.5181,3106,3189,1
22.2231,12.7237,3157,3174,1
22.2479,11.4219,2834,3189,1
22.2727,12.3569,3066,3165,1
22.2975,11.8692,2945,3185,1
22.3223,11.3816,2824,3189,1
22.3471,11.8934,2951,3189,1
22.3719,10.9785,2724,3178,1
22.3967,12.5625,3117,3180,1
22.4215,12.1796,3022,3189,1
22.4463,11.2607,2794,3189,1
22.4711,11.0430,2740,3183,1
22.4959,11.2808,2799,3185,1
22.5207,12.6672,3143,3186,1
22.5455,12.6028,3127,3163,1
22.5703,11.5226,2859,3189,1
22.5951,11.2647,2795,3189,1
22.6199,11.3856,2825,3174,1
22.6447,12.7196,3156,3185,1
22.6695,12.6350,3135,3148,1
22.6943,11.4985,2853,3189,1
22.7191,11.2969,2803,3176,1
22.7439,11.5710,2871,3137,1
22.7687,12.1997,3027,3169,1
22.7935,12.5383,3111,3189,1
22.8183,11.3252,2810,3169,1
22.8431,11.0793,2749,3189,1
22.8679,10.8979,2704,3177,1
22.8927,12.2844,3048,3151,1
22.9175,12.7478,3163,3189,1
22.9423,12.5544,3115,3149,1
22.9671,11.2445,2790,3189,1
22.9919,10.9947,2728,3189,1
23.0168,11.7524,2916,3158,1
23.0416,12.3327,3060,3167,1
23.0664,11.4178,2833,3189,1
23.0912,10.9947,2728,3189,1
23.1160,10.9221,2710,3185,1
23.1408,11.7362,2912,3186,1
23.1656,12.7559,3165,3189,1
23.1904,11.4259,2835,3185,1
23.2152,11.9821,2973,3165,1
23.2400,12.7478,3163,3159,1
23.2648,12.6874,3148,3189,1
23.2896,11.3050,2805,3189,1
23.3144,10.6521,2643,3189,1
23.3392,12.7720,3169,3160,1
23.3640,11.9418,2963,3180,1
23.3888,11.8612,2943,3189,1
23.4136,11.0269,2736,3189,1
23.4384,11.1236,2760,3189,1
23.4632,11.8088,2930,3189,1
23.4880,12.8526,3189,3177,1
23.5128,12.4295,3084,3187,1
23.5376,11.5428,2864,3189,1
23.5624,11.6234,2884,3185,1
23.5872,11.7121,2906,3189,1
23.6120,11.8088,2930,3180,1
23.6368,12.8526,3189,3189,1
23.6616,11.1680,2771,3189,1
23.6864,11.5025,2854,3189,1
23.7112,11.4138,2832,3185,1
23.7360,11.6919,2901,3189,1
23.7608,11.9821,2973,3189,1
23.7856,11.2647,2795,3189,1
23.8104,11.5750,2872,3187,1
23.8352,10.9826,2725,3189,1
23.8600,11.6677,2895,3163,1
23.8848,12.6068,3128,3160,1
23.9096,11.4904,2851,3189,1
23.9344,12.3851,3073,3186,1
23.9592,11.8289,2935,3177,1
23.9841,11.8410,2938,3189,1
24.0089,11.6355,2887,3189,1
24.0337,11.2365,2788,3174,1
24.0585,12.2924,3050,3126,1
24.0833,11.3372,2813,3189,1
24.1081,12.5504,3114,3173,1
24.1329,12.6834,3147,3160,1
24.1577,12.1232,3008,3189,1
24.1825,11.1599,2769,3189,1
24.2073,11.0269,2736,3183,1
24.2321,10.9342,2713,3189,1
24.2569,12.2844,3048,3165,1
24.2817,11.7201,2908,3169,1
24.3065,11.1680,2771,3189,1
24.3313,10.8335,2688,3189,1
24.3561,12.1635,3018,3189,1
24.3809,12.5101,3104,3180,1
24.4057,12.0708,2995,3189,1
24.4305,11.2445,2790,3189,1
24.4553,10.9342,2713,3189,1
24.4801,11.0430,2740,3185,1
24.5049,11.9176,2957,3180,1
24.5297,12.4859,3098,3162,1
24.5545,11.2647,2795,3189,1
24.5793,12.3851,3073,3148,1
24.6041,11.9337,2961,3180,1
24.6289,11.1680,2771,3189,1
24.6537,11.3655,2820,3189,1
24.6785,11.4985,2853,3179,1
24.7033,12.2158,3031,3166,1
24.7281,12.1594,3017,3189,1
24.7529,11.3372,2813,3189,1
24.7777,10.9785,2724,3183,1
24.8025,11.5146,2857,3163,1
24.8273,12.6108,3129,3185,1
24.8521,12.1312,3010,3189,1
24.8769,11.2042,2780,3189,1
24.9017,11.1075,2756,3189,1
24.9265,12.3771,3071,3189,1
24.9513,11.3292,2811,3189,1
24.9762,10.9705,2722,3178,1
25.0010,12.0909,3000,3180,1
25.0258,12.7640,3167,3167,1
25.0506,11.5952,2877,3189,1
25.0754,11.3735,2822,3189,1
25.1002,10.7408,2665,3163,1
25.1250,11.4662,2845,3189,1
25.1498,11.0229,2735,3189,1
25.1746,11.1639,2770,3185,1
25.1994,12.1232,3008,3173,1
25.2242,12.1232,3008,3167,1
25.2490,11.5186,2858,3189,1
25.2738,10.9947,2728,3189,1
25.2986,10.8455,2691,3189,1
25.3234,12.2763,3046,3174,1
25.3482,12.0143,2981,3189,1
25.3730,11.9660,2969,3189,1
25.3978,11.4985,2853,3189,1
25.4226,10.8858,2701,3189,1
25.4474,11.3050,2805,3189,1
25.4722,12.6068,3128,3175,1
25.4970,11.3856,2825,3189,1
25.5218,11.2123,2782,3189,1
25.5466,10.6360,2639,3179,1
25.5714,12.0143,2981,3163,1
25.5962,12.6108,3129,3170,1
25.6210,12.0143,2981,3189,1
25.6458,11.9095,2955,3189,1
25.6706,11.5226,2859,3182,1
25.6954,12.0909,3000,3141,1
25.7202,12.0264,2984,3157,1
25.7450,12.1393,3012,3189,1
25.7698,10.3256,2562,3189,1
25.7946,10.2853,2552,3159,1
25.8194,11.8934,2951,3169,1
25.8442,12.7116,3154,3180,1
25.8690,11.8531,2941,3189,1
25.8938,11.2808,2799,3189,1
25.9186,10.7649,2671,3189,1
25.9435,11.8934,2951,3189,1
25.9683,12.0143,2981,3169,1
25.9931,11.6476,2890,3189,1
26.0179,10.8133,2683,3189,1
26.0427,11.3050,2805,3189,1
26.0675,11.9942,2976,3189,1
26.0923,11.9498,2965,3189,1
26.1171,11.7362,2912,3189,1
26.1419,11.7886,2925,3189,1
26.1667,11.1115,2757,3185,1
26.1915,12.1514,3015,3163,1
26.2163,12.5423,3112,3169,1
26.2411,11.1922,2777,3189,1
26.2659,9.2616,2298,3189,1
26.2907,10.7770,2674,3166,1
26.3155,12.2602,3042,3107,1
26.3403,11.7242,2909,3186,1
26.3651,11.1881,2776,3189,1
26.3899,10.6722,2648,3189,1
26.4147,11.4702,2846,3185,1
26.4395,12.4295,3084,3180,1
26.4643,12.0748,2996,3189,1
26.4891,11.5549,2867,3189,1
26.5139,11.4178,2833,3189,1
26.5387,11.4299,2836,3189,1
26.5635,12.4375,3086,3162,1
26.5883,12.3972,3076,3180,1
26.6131,10.8979,2704,3189,1
26.6379,11.5912,2876,3189,1
26.6627,11.1156,2758,3180,1
26.6875,12.0788,2997,3185,1
26.7123,12.4496,3089,3180,1
26.7371,11.2244,2785,3189,1
26.7619,10.6279,2637,3189,1
26.7867,11.5025,2854,3174,1
26.8115,12.4133,3080,3172,1
26.8363,11.6677,2895,3189,1
26.8611,11.1236,2760,3189,1
26.8859,10.7730,2673,3189,1
26.9107,11.8249,2934,3173,1
26.9356,12.6552,3140,3163,1
26.9604,11.5549,2867,3189,1
26.9852,10.5675,2622,3189,1
27.0100,10.7166,2659,3189,1
27.0348,11.6798,2898,3180,1
27.0596,12.6874,3148,3147,1
27.0844,11.7242,2909,3180,1
27.1092,11.0833,2750,3189,1
27.1340,10.6924,2653,3189,1
27.1588,11.7242,2909,3180,1
27.1836,12.8526,3189,3153,1
27.2084,12.1232,3008,3189,1
27.2332,10.9665,2721,3189,1
27.2580,10.7408,2665,3186,1
27.2828,11.6234,2884,3171,1
27.3076,12.5786,3121,3165,1
27.3324,11.8813,2948,3189,1
27.3572,10.9906,2727,3189,1
27.3820,10.2934,2554,3189,1
27.4068,11.7604,2918,3165,1
27.4316,12.6350,3135,3175,1
27.4564,11.6516,2891,3189,1
27.4812,11.0269,2736,3189,1
27.5060,11.5146,2857,3185,1
27.5308,12.0909,3000,3166,1
27.5556,12.1232,3008,3163,1
27.5804,11.3131,2807,3189,1
27.6052,11.1156,2758,3189,1
27.6300,11.0753,2748,3189,1
27.6548,12.0627,2993,3167,1
27.6796,11.8854,2949,3183,1
27.7044,11.8088,2930,3189,1
27.7292,11.5025,2854,3189,1
27.7540,11.2365,2788,3178,1
27.7788,11.9095,2955,3160,1
27.8036,12.0022,2978,3186,1
27.8284,11.9982,2977,3189,1
27.8532,10.8858,2701,3189,1
27.8780,10.4748,2599,3186,1
27.9029,12.4738,3095,3186,1
27.9277,11.9095,2955,3189,1
27.9525,11.0390,2739,3189,1
27.9773,10.8858,2701,3189,1
28.0021,11.4783,2848,3175,1
28.0269,12.5423,3112,3175,1
28.0517,12.5222,3107,3185,1
28.0765,10.7528,2668,3189,1
28.1013,10.8818,2700,3189,1
28.1261,11.3131,2807,3185,1
28.1509,12.5866,3123,3167,1
28.1757,11.5428,2864,3189,1
28.2005,10.8617,2695,3189,1
28.2253,11.0833,2750,3189,1
28.2501,11.6637,2894,3175,1
28.2749,11.5146,2857,3163,1
28.2997,11.9861,2974,3189,1
28.3245,11.0471,2741,3189,1
28.3493,10.7649,2671,3189,1
28.3741,11.7604,2918,3173,1
28.3989,12.8526,3189,3167,1
28.4237,11.1720,2772,3189,1
28.4485,10.8738,2698,3189,1
28.4733,10.4627,2596,3186,1
28.4981,11.5912,2876,3162,1
28.5229,11.9700,2970,3169,1
28.5477,11.7362,2912,3189,1
28.5725,11.0229,2735,3189,1
28.5973,10.8335,2688,3185,1
28.6221,11.5428,2864,3170,1
28.6469,12.2481,3039,3178,1
28.6717,11.7242,2909,3189,1
28.6965,10.9826,2725,3189,1
28.7213,10.7569,2669,3189,1
28.7461,11.9821,2973,3189,1
28.7709,11.7886,2925,3178,1
28.7957,11.5307,2861,3189,1
28.8205,10.6722,2648,3189,1
28.8453,11.1115,2757,3180,1
28.8701,11.8934,2951,3189,1
28.8950,11.4904,2851,3189,1
28.9198,11.1720,2772,3189,1
28.9446,9.8460,2443,3189,1
28.9694,11.2365,2788,3185,1
28.9942,12.0466,2989,3175,1
29.0190,12.4698,3094,3185,1
29.0438,11.1881,2776,3189,1
29.0686,9.0883,2255,3189,1
29.0934,10.8375,2689,3178,1
29.1182,12.0022,2978,3114,1
29.1430,12.4133,3080,3189,1
29.1678,11.6758,2897,3189,1
29.1926,11.0269,2736,3189,1
29.2174,11.0833,2750,3163,1
29.2422,12.3811,3072,3174,1
29.2670,11.8088,2930,3186,1
29.2918,11.3050,2805,3189,1
29.3166,10.6924,2653,3189,1
29.3414,11.3534,2817,3166,1
29.3662,12.4375,3086,3154,1
29.3910,11.4582,2843,3189,1
29.4158,10.8979,2704,3189,1
29.4406,10.7085,2657,3189,1
29.4654,11.4864,2850,3163,1
29.4902,12.3529,3065,3167,1
29.5150,12.1191,3007,3189,1
29.5398,11.2445,2790,3189,1
29.5646,10.8173,2684,3189,1
29.5894,11.6637,2894,3189,1
29.6142,12.3287,3059,3159,1
29.6390,11.7080,2905,3189,1
29.6638,10.5594,2620,3189,1
29.6886,10.7488,2667,3189,1
29.7134,11.6274,2885,3189,1
29.7382,11.9055,2954,3185,1
29.7630,11.5871,2875,3189,1
29.7878,10.8818,2700,3189,1
29.8126,11.3010,2804,3180,1
29.8374,12.0506,2990,3166,1
29.8623,12.3851,3073,3189,1
29.8871,11.1357,2763,3189,1
29.9119,9.9871,2478,3189,1
29.9367,11.4138,2832,3185,1
29.9615,11.8209,2933,3169,1
29.9863,11.3252,2810,3189,1
30.0111,11.1680,2771,3189,1
30.0359,10.6682,2647,3189,1
30.0607,11.4178,2833,3180,1
30.0855,11.9095,2955,3167,1
30.1103,11.9539,2966,3189,1
30.1351,11.3977,2828,3189,1
30.1599,10.7408,2665,3189,1
30.1847,11.3211,2809,3167,1
30.2095,12.2723,3045,3178,1
30.2343,11.5307,2861,3189,1
30.2591,11.1317,2762,3189,1
30.2839,10.8899,2702,3189,1
30.3087,11.5952,2877,3176,1
30.3335,12.8526,3189,3167,1
30.3583,11.2365,2788,3189,1
30.3831,11.1156,2758,3189,1
30.4079,10.6722,2648,3189,1
30.4327,11.6677,2895,3165,1
30.4575,12.5141,3105,3167,1
30.4823,11.5912,2876,3189,1
30.5071,10.6722,2648,3189,1
30.5319,10.2853,2552,3189,1
30.5567,11.7967,2927,3189,1
30.5815,12.3488,3064,3165,1
30.6063,11.1680,2771,3189,1
30.6311,10.7488,2667,3189,1
30.6559,10.8738,2698,3189,1
30.6807,11.8934,2951,3167,1
30.7055,12.3650,3068,3158,1
30.7303,11.5750,2872,3189,1
30.7551,11.4702,2846,3189,1
30.7799,10.3377,2565,3189,1
30.8047,11.9821,2973,3160,1
30.8295,12.2279,3034,3189,1
30.8544,11.7967,2927,3189,1
30.8792,10.8254,2686,3189,1
30.9040,10.3377,2565,3183,1
30.9288,12.0022,2978,3168,1
30.9536,11.4743,2847,3189,1
30.9784,11.0350,2738,3189,1
31.0032,10.7528,2668,3186,1
31.0280,11.4783,2848,3171,1
31.0528,11.8572,2942,3169,1
31.0776,12.1594,3017,3189,1
31.1024,11.0390,2739,3189,1
31.1272,10.5997,2630,3189,1
31.1520,11.4904,2851,3180,1
31.1768,12.5786,3121,3171,1
31.2016,11.2647,2795,3189,1
31.2264,10.9342,2713,3189,1
31.2512,10.5594,2620,3189,1
31.2760,11.4178,2833,3162,1
31.3008,12.4133,3080,3160,1
31.3256,11.1599,2769,3189,1
31.3504,10.8335,2688,3189,1
31.3752,10.9906,2727,3189,1
31.4000,11.6758,2897,3173,1
31.4248,11.7080,2905,3178,1
31.4496,11.0430,2740,3189,1
31.4744,10.5070,2607,3189,1
31.4992,10.6964,2654,3189,1
31.5240,11.8934,2951,3189,1
31.5488,11.7967,2927,3180,1
31.5736,11.1599,2769,3189,1
31.5984,10.9100,2707,3189,1
31.6232,10.8455,2691,3178,1
31.6480,12.1796,3022,3186,1
31.6728,12.3206,3057,3189,1
31.6976,11.0833,2750,3189,1
31.7224,10.7569,2669,3189,1
31.7472,11.0229,2735,3163,1
31.7720,12.2279,3034,3153,1
31.7968,11.2969,2803,3189,1
31.8217,10.6037,2631,3189,1
31.8465,10.7408,2665,3185,1
31.8713,11.5952,2877,3167,1
31.8961,12.3488,3064,3178,1
31.9209,11.5388,2863,3189,1
31.9457,11.3655,2820,3189,1
31.9705,10.6924,2653,3179,1
31.9953,11.9458,2964,3189,1
32.0201,11.4904,2851,3169,1
32.0449,11.3292,2811,3189,1
32.0697,10.6722,2648,3189,1
32.0945,10.6682,2647,3185,1
32.1193,12.2682,3044,3165,1
32.1441,11.3534,2817,3189,1
32.1689,10.8697,2697,3189,1
32.1937,10.8617,2695,3184,1
32.2185,11.7806,2923,3168,1
32.2433,12.2521,3040,3163,1
32.2681,11.4178,2833,3189,1
32.2929,10.6037,2631,3189,1
32.3177,10.7891,2677,3189,1
32.3425,11.5871,2875,3173,1
32.3673,12.5101,3104,3167,1
32.3921,11.6516,2891,3189,1
32.4169,11.3775,2823,3189,1
32.4417,10.7770,2674,3187,1
32.4665,11.7362,2912,3175,1
32.4913,11.5589,2868,3189,1
32.5161,11.4904,2851,3189,1
32.5409,10.3176,2560,3189,1
32.5657,10.7851,2676,3184,1
32.5905,11.6758,2897,3189,1
32.6153,11.3050,2805,3189,1
32.6401,11.2365,2788,3189,1
32.6649,10.4748,2599,3189,1
32.6897,10.9826,2725,3174,1
32.7145,11.8733,2946,3162,1
32.7393,11.6395,2888,3189,1
32.7641,10.6440,2641,3189,1
32.7890,10.7408,2665,3185,1
32.8138,11.6395,2888,3165,1
32.8386,12.3609,3067,3169,1
32.8634,11.5871,2875,3189,1
32.8882,10.6722,2648,3189,1
32.9130,10.6803,2650,3185,1
32.9378,11.9700,2970,3185,1
32.9626,11.9095,2955,3189,1
32.9874,11.0430,2740,3189,1
33.0122,10.9342,2713,3189,1
33.0370,11.4662,2845,3167,1
33.0618,12.1312,3010,3167,1
33.0866,11.7725,2921,3189,1
33.1114,10.9665,2721,3189,1
33.1362,10.6964,2654,3185,1
33.1610,11.4098,2831,3171,1
33.1858,12.1715,3020,3167,1
33.2106,11.7282,2910,3189,1
33.2354,10.6521,2643,3189,1
33.2602,10.4989,2605,3184,1
33.2850,11.6637,2894,3179,1
33.3098,12.3488,3064,3189,1
33.3346,10.9463,2716,3189,1
33.3594,11.0390,2739,3189,1
33.3842,11.2123,2782,3178,1
33.4090,11.9821,2973,3014,1
33.4338,12.2360,3036,3189,1
33.4586,10.9463,2716,3189,1
33.4834,10.6964,2654,3189,1
33.5082,11.2889,2801,3173,1
33.5330,11.7806,2923,3172,1
33.5578,11.4178,2833,3189,1
33.5826,11.1922,2777,3189,1
33.6074,10.5070,2607,3189,1
33.6322,11.4662,2845,3165,1
33.6570,11.9619,2968,3113,1
33.6818,11.6234,2884,3189,1
33.7066,10.9826,2725,3189,1
33.7314,10.4264,2587,3183,1
33.7562,11.4783,2848,3169,1
33.7811,12.2038,3028,3160,1
33.8059,11.5226,2859,3189,1
33.8307,10.6682,2647,3189,1
33.8555,11.1236,2760,3179,1
33.8803,12.0143,2981,3102,1
33.9051,11.8934,2951,3189,1
33.9299,10.6521,2643,3189,1
33.9547,10.5916,2628,3189,1
33.9795,10.9826,2725,3181,1
34.0043,11.8330,2936,3170,1
34.0291,11.6677,2895,3189,1
34.0539,10.5916,2628,3189,1
34.0787,10.2531,2544,3189,1
34.1035,11.4622,2844,3174,1
34.1283,12.2965,3051,3170,1
34.1531,11.4541,2842,3189,1
34.1779,10.4385,2590,3189,1
34.2027,10.6037,2631,3176,1
34.2275,11.7362,2912,3173,1
34.2523,11.5025,2854,3179,1
34.2771,11.0430,2740,3189,1
34.3019,11.0430,2740,3189,1
34.3267,11.1156,2758,3175,1
34.3515,11.8007,2928,3174,1
34.3763,11.3534,2817,3189,1
34.4011,11.1357,2763,3189,1
34.4259,10.5675,2622,3183,1
34.4507,10.8899,2702,3167,1
34.4755,12.3609,3067,3172,1
34.5003,11.5226,2859,3189,1
34.5251,10.6198,2635,3189,1
34.5499,10.7125,2658,3189,1
34.5747,11.3171,2808,3167,1
34.5995,12.2844,3048,3172,1
34.6243,11.6597,2893,3189,1
34.6491,10.5634,2621,3189,1
34.6739,10.4748,2599,3189,1
34.6987,11.5428,2864,3170,1
34.7235,12.0345,2986,3189,1
34.7484,10.8455,2691,3189,1
34.7732,10.5916,2628,3189,1
34.7980,10.6884,2652,3179,1
34.8228,11.6758,2897,3170,1
34.8476,11.8289,2935,3189,1
34.8724,11.1922,2777,3189,1
34.8972,10.5876,2627,3189,1
34.9220,10.6964,2654,3172,1
34.9468,12.0264,2984,3167,1
34.9716,11.2848,2800,3189,1
34.9964,10.6400,2640,3189,1
35.0212,10.4506,2593,3189,1
35.0460,11.4299,2836,3169,1
35.0708,12.3730,3070,3148,1
35.0956,11.5549,2867,3189,1
35.1204,10.6924,2653,3189,1
35.1452,10.5594,2620,3189,1
35.1700,11.6234,2884,3163,1
35.1948,12.1715,3020,3189,1
35.2196,10.8455,2691,3189,1
35.2444,11.3252,2810,3189,1
35.2692,10.5675,2622,3183,1
35.2940,11.7483,2915,3185,1
35.3188,11.4299,2836,3169,1
35.3436,11.1599,2769,3189,1
35.3684,9.6848,2403,3189,1
35.3932,10.8738,2698,3174,1
35.4180,12.0143,2981,3160,1
35.4428,11.8289,2935,3181,1
35.4676,10.8455,2691,3189,1
35.4924,10.2612,2546,3189,1
35.5172,11.1156,2758,3176,1
35.5420,12.3529,3065,3157,1
35.5668,11.1720,2772,3186,1
35.5916,10.6884,2652,3189,1
35.6164,10.4506,2593,3189,1
35.6412,11.4178,2833,3173,1
35.6660,12.4859,3098,3159,1
35.6908,11.6274,2885,3189,1
35.7156,10.7891,2677,3189,1
35.7405,10.6037,2631,3189,1
35.7653,11.4904,2851,3160,1
35.7901,12.2924,3050,3102,1
35.8149,10.8738,2698,3189,1
35.8397,10.0677,2498,3189,1
35.8645,10.4506,2593,3189,1
35.8893,11.8249,2934,3121,1
35.9141,11.6315,2886,3175,1
35.9389,11.0430,2740,3189,1
35.9637,10.4748,2599,3189,1
35.9885,10.9342,2713,3186,1
36.0133,11.5912,2876,3165,1
36.0381,11.5589,2868,3189,1
36.0629,10.9947,2728,3189,1
36.0877,10.4425,2591,3189,1
36.1125,11.4622,2844,3168,1
36.1373,12.5342,3110,3167,1
36.1621,10.9423,2715,3189,1
36.1869,11.6798,2898,3189,1
36.2117,10.4264,2587,3185,1
36.2365,11.7443,2914,3189,1
36.2613,11.4783,2848,3180,1
36.2861,11.1841,2775,3189,1
36.3109,10.7408,2665,3189,1
36.3357,10.7770,2674,3179,1
36.3605,12.0546,2991,3160,1
36.3853,11.8934,2951,3189,1
36.4101,10.7528,2668,3189,1
36.4349,10.5070,2607,3189,1
36.4597,10.8738,2698,3175,1
36.4845,12.0909,3000,3157,1
36.5093,11.4622,2844,3189,1
36.5341,10.8979,2704,3189,1
36.5589,10.3901,2578,3189,1
36.5837,11.4864,2850,3162,1
36.6085,12.1796,3022,3163,1
36.6333,11.1156,2758,3189,1
36.6581,10.3377,2565,3189,1
36.6829,10.5755,2624,3180,1
36.7078,11.6758,2897,3163,1
36.7326,11.6838,2899,3173,1
36.7574,11.2647,2795,3189,1
36.7822,10.4143,2584,3189,1
36.8070,11.1075,2756,3173,1
36.8318,11.7645,2919,3169,1
36.8566,11.6395,2888,3189,1
36.8814,10.5675,2622,3185,1
36.9062,10.4022,2581,3185,1
36.9310,11.2889,2801,3174,1
36.9558,11.8975,2952,3169,1
36.9806,11.5831,2874,3189,1
37.0054,10.5594,2620,3189,1
37.0302,10.4748,2599,3180,1
37.0550,11.6355,2887,3172,1
37.0798,11.3655,2820,3184,1
37.1046,11.1599,2769,3189,1
37.1294,10.3619,2571,3189,1
37.1542,12.7438,3162,3183,1
37.1790,11.9619,2968,3170,1
37.2038,11.7604,2918,3189,1
37.2286,10.4748,2599,3189,1
37.2534,10.4748,2599,3185,1
37.2782,11.1599,2769,3160,1
37.3030,11.8249,2934,3157,1
37.3278,11.0188,2734,3189,1
37.3526,10.4627,2596,3189,1
37.3774,10.2491,2543,3189,1
37.4022,11.7362,2912,3158,1
37.4270,12.1594,3017,3170,1
37.4518,11.5428,2864,3189,1
37.4766,12.0587,2992,3189,1
37.5014,10.8052,2681,3180,1
37.5262,11.7322,2911,3189,1
37.5510,11.2848,2800,3175,1
37.5758,10.9423,2715,3189,1
37.6006,10.5191,2610,3189,1
37.6254,10.8979,2704,3170,1
37.6502,12.0587,2992,3181,1
37.6750,11.1599,2769,3189,1
37.6999,11.0148,2733,3189,1
37.7247,10.3942,2579,3189,1
37.7495,11.1760,2773,3179,1
37.7743,12.4698,3094,3154,1
37.7991,11.4098,2831,3189,1
37.8239,10.8052,2681,3189,1
37.8487,10.3377,2565,3189,1
37.8735,11.4622,2844,3189,1
37.8983,12.0788,2997,3167,1
37.9231,10.7569,2669,3189,1
37.9479,10.7690,2672,3189,1
37.9727,10.7770,2674,3186,1
37.9975,11.7362,2912,3178,1
38.0223,11.6516,2891,3189,1
38.0471,11.0188,2734,3189,1
38.0719,10.3579,2570,3189,1
38.0967,10.7569,2669,3179,1
38.1215,12.0506,2990,3168,1
38.1463,11.8209,2933,3189,1
38.1711,10.6602,2645,3189,1
38.1959,10.3740,2574,3189,1
38.2207,11.2244,2785,3169,1
38.2455,12.1836,3023,3163,1
38.2703,10.7488,2667,3189,1
38.2951,10.4022,2581,3189,1
38.3199,10.3821,2576,3189,1
38.3447,11.5952,2877,3189,1
38.3695,11.6637,2894,3173,1
38.3943,11.2365,2788,3189,1
38.4191,9.9347,2465,3189,1
38.4439,10.9342,2713,3180,1
38.4687,12.1473,3014,3177,1
38.4935,11.7886,2925,3189,1
38.5183,10.7327,2663,3189,1
38.5431,10.2692,2548,3189,1
38.5679,10.9947,2728,3178,1
38.5927,12.0546,2991,3167,1
38.6175,11.6718,2896,3189,1
38.6423,10.8455,2691,3189,1
38.6672,10.3579,2570,3189,1
38.6920,10.9705,2722,3174,1
38.7168,12.1232,3008,3169,1
38.7416,11.5750,2872,3189,1
38.7664,10.4748,2599,3189,1
38.7912,10.3901,2578,3184,1
38.8160,11.4622,2844,3169,1
38.8408,11.4098,2831,3174,1
38.8656,11.4340,2837,3189,1
38.8904,10.3256,2562,3189,1
38.9152,10.6602,2645,3185,1
38.9400,11.5549,2867,3189,1
38.9648,11.2889,2801,3181,1
38.9896,10.8455,2691,3189,1
39.0144,10.6037,2631,3189,1
39.0392,11.0188,2734,3165,1
39.0640,11.9055,2954,3168,1
39.0888,11.1075,2756,3189,1
39.1136,10.8858,2701,3189,1
39.1384,10.3377,2565,3189,1
39.1632,11.1156,2758,3171,1
39.1880,11.8410,2938,3189,1
39.2128,10.9584,2719,3189,1
39.2376,10.6924,2653,3189,1
39.2624,10.4224,2586,3183,1
39.2872,11.4582,2843,3163,1
39.3120,11.9539,2966,3183,1
39.3368,10.7125,2658,3189,1
39.3616,10.4627,2596,3189,1
39.3864,10.3942,2579,3186,1
39.4112,11.4864,2850,3176,1
39.4360,11.6838,2899,3189,1
39.4608,10.5110,2608,3189,1
39.4856,10.5312,2613,3189,1
39.5104,10.8657,2696,3176,1
39.5352,11.6798,2898,3170,1
39.5600,11.3735,2822,3189,1
39.5848,10.4989,2605,3189,1
39.6096,10.3821,2576,3189,1
39.6344,11.2405,2789,3172,1
39.6593,12.0143,2981,3168,1
39.6841,11.4098,2831,3189,1
39.7089,10.4022,2581,3189,1
39.7337,10.6682,2647,3181,1
39.7585,11.6798,2898,3186,1
39.7833,11.1881,2776,3176,1
39.8081,11.2607,2794,3189,1
39.8329,9.2536,2296,3189,1
39.8577,10.6440,2641,3189,1
39.8825,11.7645,2919,3177,1
39.9073,11.8410,2938,3189,1
39.9321,10.5675,2622,3189,1
39.9569,10.2289,2538,3189,1
39.9817,11.2123,2782,3180,1
40.0065,11.8209,2933,3169,1
40.0313,11.7443,2914,3189,1
40.0561,10.4224,2586,3189,1
40.0809,10.3740,2574,3185,1
40.1057,11.1881,2776,3177,1
40.1305,11.3534,2817,3176,1
40.1553,11.4098,2831,3189,1
40.1801,10.3095,2558,3189,1
40.2049,10.3821,2576,3185,1
40.2297,11.5831,2874,3160,1
40.2545,11.3534,2817,3177,1
40.2793,11.3534,2817,3189,1
40.3041,9.4672,2349,3189,1
40.3289,10.4949,2604,3189,1
40.3537,11.6516,2891,3089,1
40.3785,11.1438,2765,3147,1
40.4033,11.0793,2749,3189,1
40.4281,10.2329,2539,3189,1
40.4529,11.0148,2733,3179,1
40.4777,12.0143,2981,3177,1
40.5025,11.0430,2740,3189,1
40.5273,10.9947,2728,3189,1
40.5521,10.2329,2539,3189,1
40.5769,10.9544,2718,3174,1
40.6017,11.8934,2951,3160,1
40.6266,11.1962,2778,3189,1
40.6514,10.7488,2667,3189,1
40.6762,10.3135,2559,3189,1
40.7010,11.1438,2765,3167,1
40.7258,12.3650,3068,3154,1
40.7506,10.8133,2683,3189,1
40.7754,10.3619,2571,3189,1
40.8002,10.2329,2539,3189,1
40.8250,11.4582,2843,3167,1
40.8498,12.0506,2990,3187,1
40.8746,10.6400,2640,3189,1
40.8994,10.7972,2679,3189,1
40.9242,10.2612,2546,3186,1
40.9490,11.4582,2843,3175,1
40.9738,11.8692,2945,3189,1
40.9986,10.5312,2613,3189,1
41.0234,10.3256,2562,3189,1
41.0482,11.0914,2752,3184,1
41.0730,11.5589,2868,3167,1
41.0978,11.7362,2912,3189,1
41.1226,10.2813,2551,3189,1
41.1474,10.0113,2484,3185,1
41.1722,11.1599,2769,3166,1
41.1970,11.4058,2830,3175,1
41.2218,11.3372,2813,3189,1
41.2466,10.1322,2514,3189,1
41.2714,10.4143,2584,3176,1
41.2962,11.5589,2868,3189,1
41.3210,11.3050,2805,3169,1
41.3458,11.1760,2773,3189,1
41.3706,10.5594,2620,3189,1
41.3954,10.6964,2654,3177,1
41.4202,11.5871,2875,3172,1
41.4450,11.2244,2785,3175,1
41.4698,11.1236,2760,3189,1
41.4946,10.2168,2535,3189,1
41.5194,10.7891,2677,3178,1
41.5442,12.0627,2993,3173,1
41.5690,10.9745,2723,3189,1
41.5938,10.5795,2625,3189,1
41.6187,10.2612,2546,3189,1
41.6435,11.0712,2747,3169,1
41.6683,12.0466,2989,3165,1
41.6931,10.7045,2656,3189,1
41.7179,10.3619,2571,3189,1
41.7427,10.2088,2533,3189,1
41.7675,11.3453,2815,3169,1
41.7923,11.5831,2874,3189,1
41.8171,10.5795,2625,3189,1
41.8419,10.4748,2599,3189,1
41.8667,10.7528,2668,3184,1
41.8915,11.5952,2877,3173,1
41.9163,11.3937,2827,3189,1
41.9411,10.5191,2610,3189,1
41.9659,10.3135,2559,3185,1
41.9907,11.3050,2805,3178,1
42.0155,11.5871,2875,3173,1
42.0403,11.3775,2823,3189,1
42.0651,10.2853,2552,3189,1
42.0899,10.3498,2568,3180,1
42.1147,11.3050,2805,3167,1
42.1395,11.4985,2853,3178,1
42.1643,10.9826,2725,3189,1
42.1891,10.2571,2545,3189,1
42.2139,10.6722,2648,3181,1
42.2387,11.9055,2954,3181,1
42.2635,11.2365,2788,3189,1
42.2883,10.5916,2628,3189,1
42.3131,10.2088,2533,3189,1
42.3379,11.0188,2734,3170,1
42.3627,11.8370,2937,3178,1
42.3875,10.7488,2667,3189,1
42.4123,10.4022,2581,3189,1
42.4371,10.2571,2545,3189,1
42.4619,11.5428,2864,3189,1
42.4867,11.9418,2963,3189,1
42.5115,10.4385,2590,3189,1
42.5363,10.4506,2593,3189,1
42.5611,10.8254,2686,3173,1
42.5860,11.3977,2828,3174,1
42.6108,11.3856,2825,3189,1
42.6356,10.1604,2521,3189,1
42.6604,10.5675,2622,3185,1
42.6852,11.2244,2785,3166,1
42.7100,11.5307,2861,3170,1
42.7348,11.0712,2747,3189,1
42.7596,10.1604,2521,3189,1
42.7844,10.5191,2610,3185,1
42.8092,11.4662,2845,3180,1
42.8340,11.4219,2834,3180,1
42.8588,10.8294,2687,3189,1
42.8836,10.1604,2521,3189,1
42.9084,10.6602,2645,3177,1
42.9332,11.8289,2935,3179,1
42.9580,10.9262,2711,3189,1
42.9828,10.7488,2667,3189,1
43.0076,10.0959,2505,3189,1
43.0324,10.9100,2707,3178,1
43.0572,12.0143,2981,3189,1
43.0820,10.7770,2674,3189,1
43.1068,10.5675,2622,3189,1
43.1316,10.2329,2539,3189,1
43.1564,11.0874,2751,3163,1
43.1812,12.0305,2985,3189,1
43.2060,10.6037,2631,3189,1
43.2308,9.5075,2359,3189,1
43.2556,10.2571,2545,3189,1
43.2804,11.2123,2782,3180,1
43.3052,11.6838,2899,3189,1
43.3300,10.5110,2608,3189,1
43.3548,9.8218,2437,3189,1
43.3796,11.0148,2733,3185,1
43.4044,11.3453,2815,3185,1
43.4292,11.6032,2879,3189,1
43.4540,10.3377,2565,3189,1
43.4788,10.1241,2512,3189,1
43.5036,10.8858,2701,3169,1
43.5284,11.5549,2867,3170,1
43.5532,11.3050,2805,3189,1
43.5781,10.2329,2539,3189,1
43.6029,10.2813,2551,3185,1
43.6277,11.2647,2795,3173,1
43.6525,11.4219,2834,3162,1
43.6773,11.1236,2760,3189,1
43.7021,10.8335,2688,3189,1
43.7269,10.4788,2600,3177,1
43.7517,11.7524,2916,3159,1
43.7765,11.2607,2794,3173,1
43.8013,10.8133,2683,3189,1
43.8261,10.2410,2541,3189,1
43.8509,10.7770,2674,3176,1
43.8757,11.9700,2970,3171,1
43.9005,10.7972,2679,3189,1
43.9253,10.6037,2631,3189,1
43.9501,10.1402,2516,3189,1
43.9749,11.1438,2765,3163,1
43.9997,12.0305,2985,3174,1
44.0245,10.5795,2625,3189,1
44.0493,10.2491,2543,3189,1
44.0741,10.1402,2516,3189,1
44.0989,11.4138,2832,3036,1
44.1237,11.6637,2894,3189,1
44.1485,10.3256,2562,3189,1
44.1733,10.2531,2544,3189,1
44.1981,10.5755,2624,3179,1
44.2229,11.4985,2853,3171,1
44.2477,11.4178,2833,3189,1
44.2725,10.3377,2565,3149,1
44.2973,10.2491,2543,3183,1
44.3221,11.2083,2781,3166,1
44.3469,11.3252,2810,3171,1
44.3717,11.1881,2776,3189,1
44.3965,10.0677,2498,3189,1
44.4213,10.5755,2624,3174,1
44.4461,11.4461,2840,3175,1
44.4709,11.1962,2778,3173,1
44.4957,10.8738,2698,3189,1
44.5205,10.3135,2559,3189,1
44.5454,10.5675,2622,3178,1
44.5702,11.7604,2918,3179,1
44.5950,11.0390,2739,3189,1
44.6198,10.6722,2648,3189,1
44.6446,10.0516,2494,3189,1
44.6694,10.8617,2695,3171,1
44.6942,12.0143,2981,3158,1
44.7190,10.8496,2692,3189,1
44.7438,10.6722,2648,3189,1
44.7686,10.1241,2512,3189,1
44.7934,10.9665,2721,3175,1
44.8182,11.9700,2970,3157,1
44.8430,11.0511,2742,3189,1
44.8678,10.5755,2624,3189,1
44.8926,10.1322,2514,3189,1
44.9174,11.0188,2734,3169,1
44.9422,11.6959,2902,3170,1
44.9670,10.6037,2631,3189,1
44.9918,10.3942,2579,3189,1
45.0166,10.0878,2503,3189,1
45.0414,11.0712,2747,3189,1
45.0662,11.8652,2944,3189,1
45.0910,10.5110,2608,3189,1
45.1158,10.3901,2578,3189,1
45.1406,10.2168,2535,3183,1
45.1654,11.2566,2793,3167,1
45.1902,11.7201,2908,3189,1
45.2150,10.3055,2557,3189,1
45.2398,10.4224,2586,3186,1
45.2646,11.1881,2776,3185,1
45.2894,11.3775,2823,3170,1
45.3142,11.5912,2876,3189,1
45.3390,10.4022,2581,3189,1
45.3638,10.1322,2514,3186,1
45.3886,10.8939,2703,3177,1
45.4134,11.4461,2840,3176,1
45.4382,11.3856,2825,3189,1
45.4630,10.0919,2504,3189,1
45.4878,9.9750,2475,3185,1
45.5126,11.2728,2797,3166,1
45.5375,11.4461,2840,3172,1
45.5623,11.0753,2748,3189,1
45.5871,10.1725,2524,3189,1
45.6119,10.4143,2584,3175,1
45.6367,11.4743,2847,3175,1
45.6615,11.0632,2745,3176,1
45.6863,10.9906,2727,3189,1
45.7111,8.4636,2100,3189,1
45.7359,10.6118,2633,3175,1
45.7607,11.6919,2901,3189,1
45.7855,10.8979,2704,3189,1
45.8103,10.7649,2671,3189,1
45.8351,10.2329,2539,3189,1
45.8599,10.6964,2654,3171,1
45.8847,11.8692,2945,3169,1
45.9095,10.8455,2691,3189,1
45.9343,10.6319,2638,3189,1
45.9591,10.1604,2521,3189,1
45.9839,10.8899,2702,3171,1
46.0087,11.9458,2964,3167,1
46.0335,10.7367,2664,3189,1
46.0583,10.6198,2635,3189,1
46.0831,10.0878,2503,3189,1
46.1079,10.8335,2688,3171,1
46.1327,11.8652,2944,3159,1
46.1575,10.6239,2636,3189,1
46.1823,10.3700,2573,3189,1
46.2071,10.0435,2492,3189,1
46.2319,11.0914,2752,3163,1
46.2567,11.8652,2944,3185,1
46.2815,10.4546,2594,3189,1
46.3063,11.4178,2833,3189,1
46.3311,10.0798,2501,3186,1
46.3559,11.2889,2801,3189,1
46.3807,11.6153,2882,3189,1
46.4055,10.4425,2591,3189,1
46.4303,10.2612,2546,3189,1
46.4551,10.3377,2565,3183,1
46.4799,11.3252,2810,3172,1
46.5048,11.4864,2850,3189,1
46.5296,10.1765,2525,3189,1
46.5544,9.8662,2448,3189,1
46.5792,10.8858,2701,3177,1
46.6040,11.2083,2781,3169,1
46.6288,11.2042,2780,3189,1
46.6536,10.0113,2484,3189,1
46.6784,10.1040,2507,3189,1
46.7032,11.2325,2787,3178,1
46.7280,10.9906,2727,3176,1
46.7528,10.8858,2701,3189,1
46.7776,10.1402,2516,3189,1
46.8024,10.7649,2671,3174,1
46.8272,11.7604,2918,3169,1
46.8520,10.7528,2668,3189,1
46.8768,10.5110,2608,3189,1
46.9016,10.0113,2484,3189,1
46.9264,10.9100,2707,3167,1
46.9512,11.8692,2945,3180,1
46.9760,10.4224,2586,3189,1
47.0008,10.4425,2591,3189,1
47.0256,10.0798,2501,3188,1
47.0504,11.2123,2782,3183,1
47.0752,11.4299,2836,3189,1
47.1000,10.2047,2532,3189,1
47.1248,9.9710,2474,3186,1
47.1496,10.6279,2637,3184,1
47.1744,11.8289,2935,3173,1
47.1992,11.1075,2756,3189,1
47.2240,10.0435,2492,3189,1
47.2488,10.3256,2562,3183,1
47.2736,11.2365,2788,3180,1
47.2984,10.9423,2715,3189,1
47.3232,10.6722,2648,3189,1
47.3480,10.0193,2486,3189,1
47.3728,10.7569,2669,3169,1
47.3976,11.7524,2916,3167,1
47.4224,10.6803,2650,3189,1
47.4472,10.4667,2597,3189,1
47.4720,10.0113,2484,3189,1
47.4969,11.0712,2747,3189,1
47.5217,11.7040,2904,3189,1
47.5465,10.3538,2569,3189,1
47.5713,10.9947,2728,3189,1
47.5961,10.4062,2582,3183,1
47.6209,11.0874,2751,3169,1
47.6457,11.4340,2837,3189,1
47.6705,10.0919,2504,3189,1
47.6953,10.0435,2492,3185,1
47.7201,10.8133,2683,3175,1
47.7449,11.2365,2788,3172,1
47.7697,11.1639,2770,3189,1
47.7945,10.0677,2498,3189,1
47.8193,10.2813,2551,3183,1
47.8441,11.2969,2803,3189,1
47.8689,10.9705,2722,3175,1
47.8937,10.9342,2713,3189,1
47.9185,10.1040,2507,3189,1
47.9433,10.5070,2607,3176,1
47.9681,11.6274,2885,3149,1
47.9929,10.8375,2689,3189,1
48.0177,10.6521,2643,3189,1
48.0425,10.0516,2494,3189,1
48.0673,10.7045,2656,3179,1
48.0921,11.8289,2935,3164,1
48.1169,10.6158,2634,3189,1
48.1417,10.3619,2571,3189,1
48.1665,10.0113,2484,3189,1
48.1913,10.9866,2726,3167,1
48.2161,11.7443,2914,3189,1
48.2409,10.5312,2613,3189,1
48.2657,8.5201,2114,3189,1
48.2905,11.5428,2864,3186,1
48.3153,11.1438,2765,3179,1
48.3401,11.3695,2821,3189,1
48.3649,10.1322,2514,3189,1
48.3897,10.0113,2484,3185,1
48.4145,10.9906,2727,3167,1
48.4394,11.1639,2770,3171,1
48.4642,11.0592,2744,3189,1
48.4890,9.9669,2473,3189,1
48.5138,10.3095,2558,3179,1
48.5386,11.3856,2825,3183,1
48.5634,10.8778,2699,3175,1
48.5882,10.7488,2667,3189,1
48.6130,9.9669,2473,3189,1
48.6378,10.6037,2631,3172,1
48.6626,11.6274,2885,3179,1
48.6874,10.7045,2656,3189,1
48.7122,10.4748,2599,3189,1
48.7370,9.9266,2463,3189,1
48.7618,10.8133,2683,3170,1
48.7866,11.7604,2918,3174,1
48.8114,10.4385,2590,3189,1
48.8362,10.1241,2512,3189,1
48.8610,10.0113,2484,3189,1
48.8858,11.0229,2735,3111,1
48.9106,11.5589,2868,3189,1
48.9354,10.1926,2529,3189,1
48.9602,10.1322,2514,3189,1
48.9850,10.5070,2607,3180,1
49.0098,11.2405,2789,3174,1
49.0346,11.2042,2780,3189,1
49.0594,10.0314,2489,3189,1
49.0842,9.9871,2478,3185,1
49.1090,11.1317,2762,3167,1
49.1338,10.9785,2724,3175,1
49.1586,10.8858,2701,3189,1
49.1834,10.0193,2486,3189,1
49.2082,10.3377,2565,3173,1
49.2330,11.5831,2874,3180,1
49.2578,10.8133,2683,3189,1
49.2826,10.5312,2613,3189,1
49.3074,9.9750,2475,3189,1
49.3322,10.7690,2672,3173,1
49.3570,11.9176,2957,3189,1
49.3818,10.5191,2610,3189,1
49.4066,10.2289,2538,3189,1
49.4314,9.9871,2478,3189,1
49.4563,11.0027,2730,3186,1
49.4811,11.6637,2894,3189,1
49.5059,10.3619,2571,3189,1
49.5307,8.3750,2078,3189,1
49.5555,11.9378,2962,3186,1
49.5803,11.1115,2757,3180,1
49.6051,11.3534,2817,3189,1
49.6299,10.0516,2494,3189,1
49.6547,9.8702,2449,3189,1
49.6795,10.7488,2667,3176,1
49.7043,11.2607,2794,3173,1
49.7291,11.0430,2740,3189,1
49.7539,9.9750,2475,3189,1
49.7787,10.2813,2551,3174,1
49.8035,11.1841,2775,3180,1
49.8283,10.9100,2707,3172,1
49.8531,10.8858,2701,3189,1
49.8779,9.9911,2479,3189,1
49.9027,10.3942,2579,3180,1
49.9275,11.5589,2868,3153,1
49.9523,10.7972,2679,3189,1
49.9771,10.5191,2610,3189,1
50.0019,9.9347,2465,3189,0
50.0267,10.7730,2673,3170,0
50.0515,10.3700,2573,3189,0
50.0763,10.5191,2610,0,0
50.1011,10.2329,2539,0,0
50.1259,9.9347,2465,0,0
50.1507,10.9665,2721,0,0
50.1755,11.5912,2876,0,0
50.2003,10.2813,2551,0,0
50.2251,10.1201,2511,0,0
50.2499,10.2813,2551,0,0
50.2747,11.0833,2750,0,0
50.2995,11.3050,2805,0,0
50.3243,9.9911,2479,0,0
50.3491,10.2853,2552,0,0
50.3739,10.9463,2716,0,0
50.3988,11.0632,2745,0,0
50.4236,10.8455,2691,0,0
50.4484,10.2934,2554,0,0
50.4732,10.3498,2568,0,0
50.4980,11.4178,2833,0,0
50.5228,10.7851,2676,0,0
50.5476,10.5675,2622,0,0
50.5724,9.8541,2445,0,0
50.5972,10.6682,2647,0,0
50.6220,10.3901,2578,6,0
50.6468,10.4425,2591,0,0
50.6716,10.2571,2545,0,0
50.6964,9.9186,2461,0,0
50.7212,10.9463,2716,13,0
50.7460,11.5710,2871,0,0
50.7708,10.4748,2599,0,0
50.7956,10.3297,2563,0,0
50.8204,10.1604,2521,0,0
50.8452,11.0632,2745,0,0
50.8700,11.2365,2788,0,0
50.8948,9.9669,2473,0,0
50.9196,11.0712,2747,0,0
50.9444,10.9221,2710,0,0
50.9692,10.8939,2703,0,0
50.9940,10.7770,2674,0,0
51.0188,10.2168,2535,0,0
51.0436,10.4264,2587,0,0
51.0684,11.6032,2879,0,0
51.0932,10.6602,2645,0,0
51.1180,10.3821,2576,0,0
51.1428,9.8662,2448,0,0
51.1676,10.7851,2676,0,0
51.1924,11.5105,2856,0,0
51.2172,10.4022,2581,0,0
51.2420,10.2813,2551,0,0
51.2668,9.9065,2458,0,0
51.2916,11.0430,2740,0,0
51.3164,11.4138,2832,0,0
51.3412,10.0314,2489,0,0
51.3660,9.9065,2458,0,0
51.3909,10.8979,2704,0,0
51.4157,10.9866,2726,0,0
51.4405,10.7649,2671,0,0
51.4653,8.3024,2060,0,0
51.4901,10.5191,2610,0,0
51.5149,11.6516,2891,0,0
51.5397,10.6078,2632,4,0
51.5645,10.3135,2559,0,0
51.5893,9.8541,2445,0,0
51.6141,10.8778,2699,0,0
51.6389,11.5952,2877,0,0
51.6637,10.2329,2539,0,0
51.6885,9.9347,2465,0,0
51.7133,9.7372,2416,0,0
51.7381,11.1438,2765,0,0
51.7629,11.2848,2800,0,0
51.7877,9.9145,2460,0,0
51.8125,9.9710,2474,0,0
51.8373,11.1236,2760,0,0
51.8621,10.8455,2691,0,0
51.8869,10.6521,2643,0,0
51.9117,9.7574,2421,0,0
51.9365,10.6602,2645,0,0
51.9613,11.5912,2876,0,0
51.9861,10.4022,2581,0,0
52.0109,10.0758,2500,0,0
52.0357,9.9871,2478,0,0
52.0605,11.0672,2746,0,0
52.0853,11.3856,2825,0,0
52.1101,10.0798,2501,0,0
52.1349,9.9629,2472,0,0
52.1597,11.0229,2735,0,0
52.1845,10.9947,2728,0,0
52.2093,10.7770,2674,0,0
52.2341,9.4188,2337,0,0
52.2589,10.4748,2599,0,0
52.2837,11.6838,2899,0,0
52.3085,10.6440,2641,0,0
52.3333,10.1322,2514,0,0
52.3582,9.9065,2458,0,0
52.3830,10.9705,2722,0,0
52.4078,11.4985,2853,0,0
52.4326,10.0798,2501,0,0
52.4574,9.8984,2456,0,0
52.4822,10.7166,2659,0,0
52.5070,11.1196,2759,0,0
52.5318,10.9342,2713,0,0
52.5566,10.2531,2544,0,0
52.5814,10.3256,2562,0,0
52.6062,11.5388,2863,0,0
52.6310,10.5634,2621,0,0
52.6558,10.2329,2539,0,0
52.6806,9.9145,2460,0,0
52.7054,11.0188,2734,0,0
52.7302,11.5952,2877,0,0
52.7550,10.2047,2532,0,0
52.7798,10.2571,2545,0,0
52.8046,10.3619,2571,0,0
52.8294,11.2647,2795,0,0
52.8542,10.9987,2729,0,0
52.8790,9.8541,2445,0,0
52.9038,10.2612,2546,0,0
52.9286,11.4985,2853,0,0
52.9534,10.6037,2631,0,0
52.9782,10.3256,2562,0,0
53.0030,9.7936,2430,0,0
53.0278,10.9342,2713,145,0
53.0526,11.5146,2857,0,0
53.0774,10.0838,2502,0,0
53.1022,9.8259,2438,0,0
53.1270,10.5110,2608,0,0
53.1518,10.9745,2723,0,0
53.1766,10.8173,2684,0,0
53.2014,10.2329,2539,0,0
53.2262,10.4022,2581,0,0
53.2510,11.5025,2854,0,0
53.2758,10.6239,2636,0,0
53.3006,10.2531,2544,0,0
53.3254,9.8339,2440,0,0
53.3503,10.8738,2698,175,0
53.3751,11.5750,2872,0,0
53.3999,10.1765,2525,0,0
53.4247,9.9629,2472,0,0
53.4495,10.4506,2593,0,0
53.4743,11.1317,2762,0,0
53.4991,11.1236,2760,0,0
53.5239,9.9145,2460,0,0
53.5487,10.2853,2552,0,0
53.5735,11.3775,2823,0,0
53.5983,10.7287,2662,0,0
53.6231,10.4828,2601,0,0
53.6479,9.7936,2430,0,0
53.6727,10.7891,2677,0,0
53.6975,11.6315,2886,0,0
53.7223,10.2047,2532,0,0
53.7471,9.3664,2324,0,0
53.7719,10.5191,2610,0,0
53.7967,11.2123,2782,0,0
53.8215,11.1720,2772,0,0
53.8463,9.8783,2451,0,0
53.8711,10.1725,2524,0,0
53.8959,11.2083,2781,0,0
53.9207,10.9302,2712,0,0
53.9455,10.7408,2665,0,0
53.9703,9.9750,2475,0,0
53.9951,10.6360,2639,0,0
54.0199,11.7806,2923,123,0
54.0447,10.4707,2598,0,0
54.0695,10.1604,2521,0,0
54.0943,9.8541,2445,0,0
54.1191,11.0269,2736,0,0
54.1439,11.5146,2857,0,0
54.1687,10.1040,2507,0,0
54.1935,9.9669,2473,0,0
54.2183,10.8818,2700,0,0
54.2431,11.0511,2742,0,0
54.2679,10.7972,2679,0,0
54.2927,10.3700,2573,0,0
54.3176,10.4546,2594,0,0
54.3424,11.5428,2864,0,0
54.3672,10.6440,2641,1,0
54.3920,10.2813,2551,2,0
54.4168,9.9186,2461,0,0
54.4416,10.8979,2704,0,0
54.4664,11.6395,2888,0,0
54.4912,10.2047,2532,0,0
54.5160,9.7009,2407,0,0
54.5408,10.6440,2641,0,0
54.5656,11.1962,2778,0,0
54.5904,11.2445,2790,0,0
54.6152,9.9347,2465,0,0
54.6400,9.8541,2445,0,0
54.6648,11.1639,2770,10,0
54.6896,10.8738,2698,0,0
54.7144,10.6722,2648,0,0
54.7392,10.0677,2498,0,0
54.7640,10.5191,2610,0,0
54.7888,11.7886,2925,0,0
54.8136,10.4748,2599,0,0
54.8384,10.2088,2533,0,0
54.8632,9.9266,2463,0,0
54.8880,10.8939,2703,0,0
54.9128,11.4985,2853,0,0
54.9376,10.1604,2521,0,0
54.9624,9.9629,2472,0,0
54.9872,10.6239,2636,0,0
55.0120,11.0229,2735,0,0
55.0368,10.9342,2713,0,0
55.0616,9.3906,2330,0,0
55.0864,10.4143,2584,0,0
55.1112,11.4783,2848,0,0
55.1360,10.6602,2645,0,0
55.1608,10.3458,2567,0,0
55.1856,9.9065,2458,0,0
55.2104,10.8375,2689,0,0
55.2352,11.5186,2858,0,0
55.2600,10.2853,2552,0,0
55.2848,10.6843,2651,0,0
55.3097,9.7695,2424,0,0
55.3345,11.0874,2751,0,0
55.3593,11.1720,2772,0,0
55.3841,10.0193,2486,0,0
55.4089,10.1846,2527,0,0
55.4337,11.0269,2736,0,0
55.4585,10.8778,2699,0,0
55.4833,10.7327,2663,0,0
55.5081,10.5675,2622,0,0
55.5329,10.4748,2599,0,0
55.5577,11.4864,2850,0,0
55.5825,10.5634,2621,0,0
55.6073,10.1725,2524,0,0
55.6321,9.9710,2474,0,0
55.6569,10.9745,2723,0,0
55.6817,11.5952,2877,0,0
55.7065,10.3135,2559,0,0
55.7313,10.0032,2482,0,0
55.7561,10.4224,2586,0,0
55.7809,11.1196,2759,0,0
55.8057,11.0793,2749,0,0
55.8305,9.9669,2473,0,0
55.8553,10.0677,2498,0,0
55.8801,11.2445,2790,0,0
55.9049,10.7891,2677,0,0
55.9297,10.5110,2608,0,0
55.9545,9.8783,2451,0,0
55.9793,10.6239,2636,0,0
56.0041,10.3377,2565,0,0
56.0289,10.4022,2581,0,0
56.0537,10.1967,2530,0,0
56.0785,9.9871,2478,0,0
56.1033,11.0632,2745,3,0
56.1281,11.3856,2825,0,0
56.1529,10.1322,2514,0,0
56.1777,10.0758,2500,0,0
56.2025,10.2329,2539,0,0
56.2273,11.1720,2772,0,0
56.2521,11.1680,2771,0,0
56.2770,9.9750,2475,0,0
56.3018,9.7211,2412,0,0
56.3266,11.1720,2772,80,0
56.3514,10.8455,2691,0,0
56.3762,10.7770,2674,0,0
56.4010,10.4143,2584,0,0
56.4258,10.4989,2605,0,0
56.4506,11.6315,2886,0,0
56.4754,10.6239,2636,5,0
56.5002,10.3135,2559,0,0
56.5250,9.9669,2473,0,0
56.5498,10.9423,2715,0,0
56.5746,11.5105,2856,0,0
56.5994,10.2531,2544,0,0
56.6242,10.0435,2492,0,0
56.6490,9.5760,2376,0,0
56.6738,11.1317,2762,0,0
56.6986,11.2607,2794,0,0
56.7234,9.9347,2465,0,0
56.7482,9.9347,2465,0,0
56.7730,11.1478,2766,4,0
56.7978,10.9302,2712,0,0
56.8226,10.7851,2676,0,0
56.8474,9.7695,2424,0,0
56.8722,10.5110,2608,0,0
56.8970,11.7806,2923,0,0
56.9218,10.6118,2633,0,0
56.9466,10.3095,2558,0,0
56.9714,9.9911,2479,0,0
56.9962,10.9423,2715,0,0
57.0210,11.6718,2896,0,0
57.0458,10.2571,2545,0,0
57.0706,10.3377,2565,0,0
57.0954,10.3942,2579,0,0
57.1202,11.2365,2788,0,0
57.1450,11.1478,2766,0,0
57.1698,9.9710,2474,0,0
57.1946,9.8742,2450,0,0
57.2194,11.1599,2769,0,0
57.2442,10.8455,2691,0,0
57.2691,10.6964,2654,0,0
57.2939,9.8541,2445,0,0
57.3187,10.7488,2667,0,0
57.3435,10.3821,2576,9,0
57.3683,10.4748,2599,0,0
57.3931,10.1926,2529,0,0
57.4179,9.9710,2474,0,0
57.4427,11.0833,2750,0,0
57.4675,11.5226,2859,0,0
57.4923,10.1725,2524,0,0
57.5171,10.0435,2492,0,0
57.5419,10.8133,2683,0,0
57.5667,11.0027,2730,0,0
57.5915,11.0027,2730,0,0
57.6163,11.5307,2861,0,0
57.6411,10.4062,2582,0,0
57.6659,11.3937,2827,0,0
57.6907,10.7206,2660,0,0
57.7155,10.5272,2612,0,0
57.7403,9.9186,2461,0,0
57.7651,10.8254,2686,0,0
57.7899,11.4461,2840,127,0
57.8147,10.4224,2586,0,0
57.8395,9.4470,2344,0,0
57.8643,9.9911,2479,0,0
57.8891,11.0712,2747,14,0
57.9139,11.4178,2833,0,0
57.9387,10.0314,2489,0,0
57.9635,10.0113,2484,0,0
57.9883,10.9947,2728,0,0
58.0131,10.9423,2715,0,0
58.0379,10.9262,2711,0,0
58.0627,9.2939,2306,0,0
58.0875,10.5110,2608,0,0
58.1123,11.6718,2896,0,0
58.1371,10.5876,2627,0,0
58.1619,10.2853,2552,0,0
58.1867,9.9347,2465,0,0
58.2115,10.9302,2712,0,0
58.2364,11.6315,2886,0,0
58.2612,10.2047,2532,0,0
58.2860,10.0798,2501,0,0
58.3108,10.3821,2576,0,0
58.3356,11.1720,2772,0,0
58.3604,11.0592,2744,0,0
58.3852,9.8742,2450,0,0
58.4100,10.3619,2571,0,0
58.4348,11.5105,2856,0,0
58.4596,10.8455,2691,0,0
58.4844,10.4748,2599,0,0
58.5092,9.9629,2472,0,0
58.5340,10.9503,2717,0,0
58.5588,11.6516,2891,0,0
58.5836,10.3135,2559,0,0
58.6084,10.1846,2527,0,0
58.6332,9.9710,2474,0,0
58.6580,11.2325,2787,0,0
58.6828,11.1841,2775,0,0
58.7076,9.9911,2479,0,0
58.7324,10.3821,2576,0,0
58.7572,11.2365,2788,0,0
58.7820,10.9503,2717,0,0
58.8068,10.6602,2645,0,0
58.8316,10.0516,2494,0,0
58.8564,10.6924,2653,0,0
58.8812,11.1922,2777,0,0
58.9060,10.6722,2648,0,0
58.9308,10.2491,2543,0,0
58.9556,10.0314,2489,0,0
58.9804,11.0874,2751,0,0
59.0052,11.4864,2850,0,0
59.0300,10.1322,2514,0,0
59.0548,10.0516,2494,0,0
59.0796,10.7891,2677,0,0
59.1044,11.1720,2772,0,0
59.1292,10.8778,2699,0,0
59.1540,9.6888,2404,0,0
59.1788,10.3176,2560,0,0
59.2036,11.5831,2874,0,0
59.2285,10.8738,2698,0,0
59.2533,10.4627,2596,0,0
59.2781,9.8662,2448,0,0
59.3029,10.8738,2698,0,0
59.3277,11.8934,2951,0,0
59.3525,10.3740,2574,0,0
59.3773,10.5876,2627,0,0
59.4021,10.0314,2489,0,0
59.4269,11.1720,2772,0,0
59.4517,11.4582,2843,0,0
59.4765,10.0677,2498,0,0
59.5013,9.9710,2474,0,0
59.5261,10.8254,2686,0,0
59.5509,11.1115,2757,0,0
59.5757,10.7770,2674,0,0
59.6005,9.6727,2400,0,0
59.6253,10.6319,2638,0,0
59.6501,11.8813,2948,0,0
59.6749,10.5755,2624,0,0
59.6997,10.3216,2561,0,0
59.7245,9.9669,2473,0,0
59.7493,10.9342,2713,0,0
59.7741,11.6597,2893,0,0
59.7989,10.5634,2621,0,0
59.8237,10.0435,2492,0,0
59.8485,10.6884,2652,0,0
59.8733,11.1841,2775,0,0
59.8981,11.1438,2765,0,0
59.9229,9.9347,2465,0,0
59.9477,10.2934,2554,0,0
59.9725,11.2244,2785,0,0
59.9973,11.0390,2739,103,0
60.0221,10.7125,2658,0,0
60.0469,10.2088,2533,0,0
60.0717,10.7972,2679,0,0
60.0965,11.8612,2943,0,0
60.1213,10.5675,2622,0,0
60.1461,10.1604,2521,0,0
60.1709,9.9710,2474,0,0
60.1958,11.0874,2751,0,0
60.2206,11.6153,2882,0,0
60.2454,10.1765,2525,0,0
60.2702,10.2531,2544,0,0
60.2950,10.2289,2538,0,0
60.3198,11.1922,2777,0,0
60.3446,11.1438,2765,0,0
60.3694,9.9750,2475,0,0
60.3942,10.1725,2524,0,0
60.4190,11.2647,2795,0,0
60.4438,11.0229,2735,0,0
60.4686,10.6440,2641,0,0
60.4934,10.1201,2511,0,0
60.5182,10.6602,2645,0,0
60.5430,11.8612,2943,0,0
60.5678,10.7649,2671,0,0
60.5926,10.3740,2574,0,0
60.6174,9.9871,2478,0,0
60.6422,11.0309,2737,0,0
60.6670,11.5710,2871,0,0
60.6918,10.3135,2559,0,0
60.7166,10.3095,2558,0,0
60.7414,10.4748,2599,0,0
60.7662,10.6239,2636,0,0
60.7910,11.0592,2744,0,0
60.8158,9.9629,2472,0,0
60.8406,10.1765,2525,0,0
60.8654,11.4985,2853,0,0
60.8902,10.7972,2679,0,0
60.9150,10.6239,2636,0,0
60.9398,10.0758,2500,0,0
60.9646,10.7891,2677,0,0
60.9894,12.0224,2983,165,0
61.0142,10.4748,2599,0,0
61.0390,9.9669,2473,0,0
61.0638,10.0878,2503,0,0
61.0886,11.0753,2748,9,0
61.1134,11.4985,2853,0,0
61.1382,10.1604,2521,0,0
61.1630,10.0355,2490,0,0
61.1879,11.0874,2751,0,0
61.2127,11.0632,2745,0,0
61.2375,10.9342,2713,0,0
61.2623,10.1604,2521,0,0
61.2871,10.4506,2593,0,0
61.3119,11.7483,2915,0,0
61.3367,10.6884,2652,0,0
61.3615,10.3619,2571,0,0
61.3863,9.9871,2478,0,0
61.4111,10.9705,2722,0,0
61.4359,11.7362,2912,0,0
61.4607,10.3135,2559,0,0
61.4855,9.9186,2461,0,0
61.5103,10.6602,2645,0,0
61.5351,11.1962,2778,0,0
61.5599,11.1317,2762,0,0
61.5847,9.9629,2472,0,0
61.6095,10.6078,2632,0,0
61.6343,11.1841,2775,36,0
61.6591,10.9463,2716,0,0
61.6839,10.8052,2681,0,0
61.7087,9.6727,2400,0,0
61.7335,10.6319,2638,0,0
61.7583,11.8289,2935,0,0
61.7831,10.6118,2633,0,0
61.8079,10.3700,2573,0,0
61.8327,10.0193,2486,0,0
61.8575,10.9302,2712,0,0
61.8823,11.7362,2912,0,0
61.9071,10.6440,2641,0,0
61.9319,10.6521,2643,0,0
61.9567,10.0798,2501,0,0
61.9815,11.1357,2763,0,0
62.0063,11.4259,2835,0,0
62.0311,10.1725,2524,0,0
62.0559,9.9710,2474,0,0
62.0807,10.8254,2686,0,0
62.1055,11.1115,2757,0,0
62.1303,10.9544,2718,0,0
62.1552,9.9347,2465,0,0
62.1800,10.4224,2586,0,0
62.2048,11.4058,2830,0,0
62.2296,11.2365,2788,24,0
62.2544,10.6118,2633,0,0
62.2792,9.9065,2458,0,0
62.3040,10.8254,2686,0,0
62.3288,12.1312,3010,0,0
62.3536,10.4989,2605,0,0
62.3784,11.9378,2962,0,0
62.4032,10.0919,2504,0,0
62.4280,11.1720,2772,14,0
62.4528,11.5025,2854,0,0
62.4776,10.0919,2504,0,0
62.5024,10.0516,2494,0,0
62.5272,10.8214,2685,0,0
62.5520,11.1236,2760,0,0
62.5768,11.0269,2736,0,0
62.6016,9.9911,2479,0,0
62.6264,10.3135,2559,0,0
62.6512,11.5871,2875,0,0
62.6760,10.7851,2676,0,0
62.7008,10.4828,2601,0,0
62.7256,10.1765,2525,0,0
62.7504,10.7891,2677,0,0
62.7752,12.1473,3014,0,0
62.8000,10.4707,2598,0,0
62.8248,10.2571,2545,0,0
62.8496,10.0878,2503,0,0
62.8744,11.1639,2770,0,0
62.8992,11.6274,2885,0,0
62.9240,10.3256,2562,0,0
62.9488,10.2168,2535,0,0
62.9736,10.7649,2671,0,0
62.9984,11.0430,2740,0,0
63.0232,11.0027,2730,0,0
63.0480,10.0919,2504,0,0
63.0728,10.4546,2594,0,0
63.0976,11.3010,2804,0,0
63.1224,10.8939,2703,0,0
63.1473,10.7649,2671,0,0
63.1721,10.1725,2524,0,0
63.1969,10.7569,2669,0,0
63.2217,11.9821,2973,0,0
63.2465,10.6884,2652,2,0
63.2713,10.4022,2581,0,0
63.2961,10.0193,2486,0,0
63.3209,11.0632,2745,0,0
63.3457,11.5428,2864,0,0
63.3705,10.2934,2554,0,0
63.3953,10.2289,2538,0,0
63.4201,10.5594,2620,0,0
63.4449,11.8007,2928,0,0
63.4697,11.1156,2758,0,0
63.4945,11.8531,2941,0,0
63.5193,10.5594,2620,0,0
63.5441,11.5871,2875,0,0
63.5689,10.8375,2689,0,0
63.5937,10.4143,2584,0,0
63.6185,10.0798,2501,0,0
63.6433,10.8455,2691,0,0
63.6681,11.9821,2973,0,0
63.6929,10.6198,2635,0,0
63.7177,10.3942,2579,0,0
63.7425,10.1322,2514,0,0
63.7673,11.1720,2772,22,0
63.7921,11.5549,2867,0,0
63.8169,10.1926,2529,0,0
63.8417,9.8259,2438,0,0
63.8665,10.9463,2716,0,0
63.8913,11.1599,2769,0,0
63.9161,11.1156,2758,0,0
63.9409,12.1151,3006,0,0
63.9657,10.6118,2633,0,0
63.9905,11.6919,2901,0,0
64.0153,10.8214,2685,0,0
64.0401,10.5795,2625,0,0
64.0649,10.0234,2487,0,0
64.0897,10.8254,2686,0,0
64.1145,11.8692,2945,0,0
64.1394,10.4264,2587,0,0
64.1642,10.2088,2533,0,0
64.1890,10.1040,2507,0,0
64.2138,11.1599,2769,5,0
64.2386,11.4702,2846,0,0
64.2634,10.2531,2544,0,0
64.2882,10.0516,2494,0,0
64.3130,10.8052,2681,0,0
64.3378,11.1196,2759,0,0
64.3626,10.9262,2711,0,0
64.3874,10.4425,2591,0,0
64.4122,10.6964,2654,0,0
64.4370,11.6032,2879,0,0
64.4618,10.9423,2715,7,0
64.4866,10.4264,2587,0,0
64.5114,10.0516,2494,0,0
64.5362,11.1962,2778,79,0
64.5610,11.5952,2877,0,0
64.5858,10.3256,2562,0,0
64.6106,9.4672,2349,0,0
64.6354,10.3176,2560,0,0
64.6602,11.2325,2787,0,0
64.6850,11.1438,2765,0,0
64.7098,10.1765,2525,3,0
64.7346,10.0355,2490,0,0
64.7594,11.1196,2759,0,0
64.7842,11.0511,2742,0,0
64.8090,10.9906,2727,0,0
64.8338,10.8133,2683,0,0
64.8586,10.4989,2605,0,0
64.8834,11.6274,2885,0,0
64.9082,10.7528,2668,0,0
64.9330,10.5594,2620,0,0
64.9578,9.9750,2475,0,0
64.9826,10.9947,2728,0,0
65.0074,11.7362,2912,0,0
65.0322,10.4224,2586,0,0
65.0570,10.7287,2662,0,0
65.0818,10.1402,2516,0,0
65.1067,11.1156,2758,0,0
65.1315,11.3453,2815,0,0
65.1563,10.1201,2511,0,0
65.1811,9.8662,2448,0,0
65.2059,10.9906,2727,0,0
65.2307,11.1639,2770,0,0
65.2555,10.8173,2684,0,0
65.2803,10.1201,2511,0,0
65.3051,10.6037,2631,0,0
65.3299,11.7886,2925,0,0
65.3547,10.8375,2689,0,0
65.3795,10.4224,2586,0,0
65.4043,10.0113,2484,0,0
65.4291,11.0632,2745,140,0
65.4539,11.6677,2895,0,0
65.4787,10.3377,2565,0,0
65.5035,10.2612,2546,0,0
65.5283,10.5110,2608,0,0
65.5531,11.2083,2781,0,0
65.5779,11.3252,2810,0,0
65.6027,10.1201,2511,0,0
65.6275,10.0798,2501,0,0
65.6523,11.3372,2813,0,0
65.6771,11.3252,2810,36,0
65.7019,10.8455,2691,0,0
65.7267,9.6002,2382,0,0
65.7515,10.7166,2659,0,0
65.7763,11.8531,2941,0,0
65.8011,10.8455,2691,0,0
65.8259,10.3579,2570,0,0
65.8507,10.0355,2490,0,0
65.8755,11.2445,2790,0,0
65.9003,11.7806,2923,0,0
65.9251,10.3821,2576,0,0
65.9499,10.3579,2570,0,0
65.9747,10.8052,2681,0,0
65.9995,11.3372,2813,0,0
66.0243,11.1317,2762,0,0
66.0491,10.0637,2497,0,0
66.0740,10.1040,2507,0,0
66.0988,11.4178,2833,0,0
66.1236,11.0833,2750,0,0
66.1484,10.7327,2663,0,0
66.1732,10.0677,2498,0,0
66.1980,10.9665,2721,0,0
66.2228,11.4904,2851,11,0
66.2476,10.8979,2704,0,0
66.2724,10.0314,2489,0,0
66.2972,10.1846,2527,0,0
66.3220,11.2123,2782,8,0
66.3468,11.5549,2867,0,0
66.3716,10.2168,2535,0,0
66.3964,9.6526,2395,0,0
66.4212,11.0712,2747,0,0
66.4460,11.4098,2831,0,0
66.4708,10.9906,2727,0,0
66.4956,9.9911,2479,0,0
66.5204,10.5876,2627,0,0
66.5452,11.6677,2895,0,0
66.5700,10.6964,2654,0,0
66.5948,10.5070,2607,0,0
66.6196,10.0435,2492,0,0
66.6444,11.1357,2763,0,0
66.6692,11.7080,2905,0,0
66.6940,10.2531,2544,0,0
66.7188,10.3498,2568,0,0
66.7436,10.7528,2668,0,0
66.7684,11.5186,2858,0,0
66.7932,11.2365,2788,0,0
66.8180,9.9911,2479,0,0
66.8428,10.4546,2594,0,0
66.8676,11.6677,2895,0,0
66.8924,10.7770,2674,26,0
66.9172,10.6722,2648,0,0
66.9420,10.0919,2504,0,0
66.9668,10.8939,2703,0,0
66.9916,12.0143,2981,0,0
67.0164,10.4506,2593,0,0
67.0413,10.7770,2674,0,0
67.0661,10.5675,2622,0,0
67.0909,11.1841,2775,0,0
67.1157,11.4743,2847,0,0
67.1405,10.3619,2571,0,0
67.1653,10.6521,2643,0,0
67.1901,11.3050,2805,0,0
67.2149,10.9342,2713,0,0
67.2397,10.7730,2673,0,0
67.2645,10.1604,2521,0,0
67.2893,10.8617,2695,0,0
67.3141,11.5186,2858,0,0
67.3389,10.4828,2601,0,0
67.3637,11.0753,2748,0,0
67.3885,10.1322,2514,0,0
67.4133,11.4098,2831,0,0
67.4381,11.3735,2822,0,0
67.4629,10.1402,2516,0,0
67.4877,10.2853,2552,0,0
67.5125,11.4622,2844,128,0
67.5373,11.0833,2750,0,0
67.5621,10.8173,2684,0,0
67.5869,10.1402,2516,0,0
67.6117,10.6924,2653,0,0
67.6365,10.8496,2692,0,0
67.6613,10.6239,2636,0,0
67.6861,10.1846,2527,0,0
67.7109,10.1322,2514,0,0
67.7357,11.1962,2778,0,0
67.7605,11.4783,2848,0,0
67.7853,10.2047,2532,0,0
67.8101,10.1846,2527,0,0
67.8349,11.3050,2805,0,0
67.8597,11.2123,2782,0,0
67.8845,10.9423,2715,0,0
67.9093,10.1241,2512,0,0
67.9341,10.8939,2703,0,0
67.9589,11.5508,2866,0,0
67.9837,10.5675,2622,0,0
68.0085,10.6239,2636,0,0
68.0333,9.6848,2403,0,0
68.0582,11.3453,2815,0,0
68.0830,11.4702,2846,0,0
68.1078,10.2168,2535,0,0
68.1326,10.0878,2503,0,0
68.1574,11.3372,2813,0,0
68.1822,10.9906,2727,0,0
68.2070,10.6198,2635,0,0
68.2318,9.9186,2461,0,0
68.2566,10.9745,2723,0,0
68.2814,12.0345,2986,0,0
68.3062,10.5110,2608,1,0
68.3310,10.7206,2660,0,0
68.3558,10.1322,2514,0,0
68.3806,11.2969,2803,0,0
68.4054,11.3534,2817,0,0
68.4302,10.1201,2511,0,0
68.4550,10.3135,2559,0,0
68.4798,11.4299,2836,0,0
68.5046,11.0027,2730,0,0
68.5294,10.6924,2653,0,0
68.5542,10.0355,2490,0,0
68.5790,10.8979,2704,0,0
68.6038,12.2239,3033,0,0
68.6286,10.7287,2662,0,0
68.6534,9.8420,2442,0,0
68.6782,10.1322,2514,0,0
68.7030,11.3372,2813,0,0
68.7278,11.3010,2804,0,0
68.7526,10.2531,2544,0,0
68.7774,9.8259,2438,0,0
68.8022,11.3937,2827,99,0
68.8270,11.1599,2769,0,0
68.8518,10.7891,2677,0,0
68.8766,10.2571,2545,0,0
68.9014,10.8496,2692,0,0
68.9262,11.7524,2916,0,0
68.9510,10.6078,2632,2,0
68.9758,10.4748,2599,0,0
69.0006,10.1040,2507,0,0
69.0255,11.2325,2787,0,0
69.0503,11.6274,2885,0,0
69.0751,10.1604,2521,0,0
69.0999,10.4546,2594,0,0
69.1247,11.3453,2815,0,0
69.1495,10.9100,2707,0,0
69.1743,10.6521,2643,0,0
69.1991,10.0637,2497,0,0
69.2239,11.0874,2751,0,0
69.2487,11.6677,2895,0,0
69.2735,10.4264,2587,0,0
69.2983,10.2088,2533,0,0
69.3231,10.6682,2647,0,0
69.3479,11.3453,2815,0,0
69.3727,11.2123,2782,0,0
69.3975,10.3619,2571,0,0
69.4223,10.5755,2624,0,0
69.4471,11.8330,2936,0,0
69.4719,10.8133,2683,0,0
69.4967,10.5916,2628,4,0
69.5215,10.1322,2514,0,0
69.5463,11.0914,2752,72,0
69.5711,11.8088,2930,0,0
69.5959,10.2692,2548,0,0
69.6207,10.0355,2490,0,0
69.6455,10.9463,2716,0,0
69.6703,11.4219,2834,0,0
69.6951,11.0592,2744,0,0
69.7199,10.6602,2645,0,0
69.7447,10.7488,2667,0,0
69.7695,11.6838,2899,0,0
69.7943,10.8496,2692,4,0
69.8191,10.4224,2586,0,0
69.8439,10.0032,2482,0,0
69.8687,11.1841,2775,0,0
69.8935,11.4178,2833,0,0
69.9183,10.4143,2584,0,0
69.9431,9.9065,2458,0,0
69.9679,10.9665,2721,0,0
69.9928,11.1841,2775,0,0
70.0176,10.9141,2708,0,0
70.0424,10.1201,2511,0,0
70.0672,10.8617,2695,0,0
70.0920,12.0345,2986,43,0
70.1168,10.6440,2641,0,0
70.1416,10.4022,2581,0,0
70.1664,10.2047,2532,0,0
70.1912,11.2445,2790,7,0
70.2160,11.3292,2811,0,0
70.2408,10.3135,2559,0,0
70.2656,9.3463,2319,0,0
70.2904,11.1236,2760,0,0
70.3152,11.0430,2740,0,0
70.3400,10.9262,2711,0,0
70.3648,9.9145,2460,0,0
70.3896,10.7085,2657,0,0
70.4144,11.8733,2946,0,0
70.4392,10.7690,2672,3,0
70.4640,10.2531,2544,0,0
70.4888,10.0878,2503,0,0
70.5136,11.1922,2777,0,0
70.5384,11.7564,2917,0,0
70.5632,10.4546,2594,0,0
70.5880,10.3740,2574,0,0
70.6128,10.4345,2589,0,0
70.6376,11.3534,2817,0,0
70.6624,11.2526,2792,0,0
70.6872,10.0919,2504,0,0
70.7120,10.4143,2584,0,0
70.7368,11.5952,2877,0,0
70.7616,11.2365,2788,0,0
70.7864,10.6924,2653,0,0
70.8112,10.1322,2514,0,0
70.8360,10.8173,2684,0,0
70.8608,12.1514,3015,0,0
70.8856,10.8818,2700,0,0
70.9104,10.2128,2534,0,0
70.9352,10.1322,2514,0,0
70.9601,11.1599,2769,0,0
70.9849,11.6758,2897,0,0
71.0097,10.7327,2663,0,0
71.0345,9.8339,2440,0,0
71.0593,10.5836,2626,0,0
71.0841,11.7645,2919,0,0
71.1089,10.6722,2648,0,0
71.1337,10.1322,2514,0,0
71.1585,10.1201,2511,0,0
71.1833,11.2647,2795,0,0
71.2081,11.7080,2905,0,0
71.2329,10.3740,2574,0,0
71.2577,10.2571,2545,0,0
71.2825,10.8335,2688,0,0
71.3073,11.0874,2751,0,0
71.3321,11.1639,2770,0,0
71.3569,10.1926,2529,0,0
71.3817,10.6239,2636,0,0
71.4065,11.6758,2897,20,0
71.4313,11.0712,2747,0,0
71.4561,10.8133,2683,0,0
71.4809,10.2813,2551,0,0
71.5057,10.9100,2707,0,0
71.5305,11.9660,2969,0,0
71.5553,10.7327,2663,0,0
71.5801,10.8455,2691,0,0
71.6049,9.4712,2350,0,0
71.6297,11.2566,2793,0,0
71.6545,11.4702,2846,0,0
71.6793,10.4062,2582,0,0
71.7041,10.3095,2558,0,0
71.7289,11.3735,2822,0,0
71.7537,11.1841,2775,0,0
71.7785,10.5594,2620,0,0
71.8033,10.0355,2490,0,0
71.8281,11.0188,2734,0,0
71.8529,11.8934,2951,0,0
71.8777,10.6521,2643,0,0
71.9025,10.5231,2611,0,0
71.9273,10.4748,2599,0,0
71.9521,11.3050,2805,0,0
71.9770,11.5589,2868,0,0
72.0018,10.2410,2541,0,0
72.0266,10.3377,2565,0,0
72.0514,11.2607,2794,0,0
72.0762,11.5428,2864,0,0
72.1010,10.7408,2665,0,0
72.1258,10.1926,2529,0,0
72.1506,10.9423,2715,0,0
72.1754,11.8410,2938,0,0
72.2002,10.5675,2622,0,0
72.2250,10.5755,2624,0,0
72.2498,10.7125,2658,0,0
72.2746,11.6234,2884,0,0
72.2994,11.4178,2833,0,0
72.3242,10.2168,2535,0,0
72.3490,10.2813,2551,0,0
72.3738,11.5186,2858,0,0
72.3986,10.9906,2727,24,0
72.4234,10.6884,2652,0,0
72.4482,10.1241,2512,0,0
72.4730,11.1236,2760,0,0
72.4978,11.8652,2944,0,0
72.5226,10.4748,2599,0,0
72.5474,9.8702,2449,0,0
72.5722,9.9710,2474,0,0
72.5970,11.8733,2946,0,0
72.6218,11.0632,2745,0,0
72.6466,10.4748,2599,0,0
72.6714,10.0919,2504,0,0
72.6962,11.3050,2805,174,0
72.7210,11.5105,2856,0,0
72.7458,10.3377,2565,0,0
72.7706,10.5675,2622,0,0
72.7954,10.4546,2594,0,0
72.8202,11.4058,2830,0,0
72.8450,11.4582,2843,0,0
72.8698,10.0516,2494,0,0
72.8946,10.2491,2543,0,0
72.9194,11.4461,2840,0,0
72.9443,11.0632,2745,0,0
72.9691,10.8052,2681,0,0
72.9939,10.0355,2490,0,0
73.0187,10.8778,2699,0,0
73.0435,12.0546,2991,8,0
73.0683,10.6884,2652,0,0
73.0931,12.5907,3124,0,0
73.1179,10.1725,2524,0,0
73.1427,11.2889,2801,0,0
73.1675,11.7604,2918,0,0
73.1923,10.2853,2552,0,0
73.2171,10.1604,2521,0,0
73.2419,11.2123,2782,0,0
73.2667,11.1438,2765,0,0
73.2915,10.8052,2681,0,0
73.3163,9.9911,2479,0,0
73.3411,10.7528,2668,0,0
73.3659,12.1473,3014,0,0
73.3907,10.6803,2650,0,0
73.4155,10.2612,2546,0,0
73.4403,10.1846,2527,0,0
73.4651,11.3050,2805,0,0
73.4899,11.6597,2893,0,0
73.5147,10.3135,2559,0,0
73.5395,9.9629,2472,0,0
73.5643,11.2083,2781,0,0
73.5891,11.6274,2885,0,0
73.6139,10.4385,2590,0,0
73.6387,10.8294,2687,0,0
73.6635,12.5222,3107,0,0
73.6883,11.3372,2813,0,0
73.7131,11.2607,2794,0,0
73.7379,10.0637,2497,0,0
73.7627,10.0193,2486,0,0
73.7875,11.6516,2891,0,0
73.8123,11.3735,2822,5,0
73.8371,10.6118,2633,0,0
73.8619,10.2410,2541,0,0
73.8867,10.8455,2691,0,0
73.9116,11.5831,2874,0,0
73.9364,11.1841,2775,0,0
73.9612,10.0758,2500,0,0
73.9860,10.2813,2551,0,0
74.0108,11.7242,2909,0,0
74.0356,10.8979,2704,0,0
74.0604,10.5755,2624,0,0
74.0852,10.0798,2501,0,0
74.1100,11.1196,2759,0,0
74.1348,11.8289,2935,0,0
74.1596,10.4627,2596,0,0
74.1844,10.0314,2489,0,0
74.2092,10.8375,2689,0,0
74.2340,11.3252,2810,0,0
74.2588,11.5146,2857,0,0
74.2836,10.0677,2498,0,0
74.3084,9.8742,2450,0,0
74.3332,11.5831,2874,0,0
74.3580,11.0390,2739,0,0
74.3828,10.6239,2636,0,0
74.4076,10.1846,2527,0,0
74.4324,10.8697,2697,0,0
74.4572,11.6718,2896,0,0
74.4820,10.9262,2711,0,0
74.5068,10.3055,2557,0,0
74.5316,10.1765,2525,0,0
74.5564,11.2848,2800,4,0
74.5812,11.6516,2891,0,0
74.6060,10.3942,2579,0,0
74.6308,10.2934,2554,0,0
74.6556,11.0753,2748,0,0
74.6804,11.1720,2772,0,0
74.7052,11.1075,2756,0,0
74.7300,10.0677,2498,0,0
74.7548,10.8939,2703,0,0
74.7796,11.8572,2942,0,0
74.8044,10.9342,2713,0,0
74.8292,10.3700,2573,0,0
74.8540,10.6722,2648,0,0
74.8789,11.6718,2896,0,0
74.9037,11.4178,2833,0,0
74.9285,10.3377,2565,0,0
74.9533,10.2571,2545,0,0
74.9781,11.0632,2745,0,0
75.0029,11.3937,2827,0,0
75.0277,10.8455,2691,0,0
75.0525,9.6808,2402,0,0
75.0773,10.7730,2673,0,0
75.1021,11.7645,2919,0,0
75.1269,10.9423,2715,0,0
75.1517,10.2531,2544,0,0
75.1765,10.1201,2511,0,0
75.2013,11.3977,2828,0,0
75.2261,11.8934,2951,0,0
75.2509,10.3740,2574,0,0
75.2757,10.0113,2484,0,0
75.3005,10.7166,2659,0,0
75.3253,11.7886,2925,0,0
75.3501,10.6602,2645,0,0
75.3749,9.6606,2397,0,0
75.3997,10.2329,2539,0,0
75.4245,11.4662,2845,0,0
75.4493,11.7282,2910,0,0
75.4741,10.2813,2551,0,0
75.4989,10.2813,2551,0,0
75.5237,11.1236,2760,0,0
75.5485,11.2325,2787,0,0
75.5733,10.7166,2659,0,0
75.5981,10.2531,2544,0,0
75.6229,10.8455,2691,0,0
75.6477,12.1514,3015,0,0
75.6725,10.8133,2683,0,0
75.6973,10.1604,2521,0,0
75.7221,10.2047,2532,0,0
75.7469,11.8813,2948,3,0
75.7717,10.8617,2695,15,0
75.7965,10.6118,2633,0,0
75.8214,10.1322,2514,0,0
75.8461,11.2123,2782,0,0
75.8709,11.9095,2955,2,0
75.8958,10.5231,2611,0,0
75.9206,10.7891,2677,0,0
75.9454,10.2813,2551,0,0
75.9702,11.4098,2831,0,0
75.9950,11.0874,2751,0,0
76.0198,10.5110,2608,0,0
76.0446,10.1322,2514,0,0
76.0694,11.2365,2788,15,0
76.0942,11.8692,2945,0,0
76.1190,10.7488,2667,0,0
76.1438,10.2128,2534,0,0
76.1686,10.6521,2643,0,0
76.1934,10.3619,2571,0,0
76.2182,11.2607,2794,0,0
76.2430,10.1322,2514,0,0
76.2678,10.5675,2622,0,0
76.2926,11.7362,2912,0,0
76.3174,11.0430,2740,0,0
76.3422,10.5070,2607,0,0
76.3670,10.1765,2525,0,0
76.3918,11.3453,2815,0,0
76.4166,11.8934,2951,0,0
76.4414,10.3619,2571,0,0
76.4662,10.1846,2527,0,0
76.4910,10.6803,2650,0,0
76.5158,10.7770,2674,0,0
76.5406,11.2123,2782,0,0
76.5654,10.1201,2511,0,0
76.5902,10.4425,2591,0,0
76.6150,11.5428,2864,0,0
76.6398,11.0430,2740,0,0
76.6646,10.3579,2570,0,0
76.6894,10.1322,2514,0,0
76.7142,11.1639,2770,0,0
76.7390,11.8934,2951,0,0
76.7638,10.4224,2586,0,0
76.7886,9.9710,2474,0,0
76.8134,10.8335,2688,0,0
76.8382,11.4985,2853,0,0
76.8631,11.1236,2760,0,0
76.8879,10.6964,2654,0,0
76.9127,10.7488,2667,0,0
76.9375,11.9821,2973,0,0
76.9623,10.8778,2699,0,0
76.9871,10.6198,2635,0,0
77.0119,10.1201,2511,0,0
77.0367,11.2123,2782,0,0
77.0615,11.8249,2934,0,0
77.0863,10.4627,2596,0,0
77.1111,10.1322,2514,0,0
77.1359,11.0229,2735,0,0
77.1607,11.3211,2809,0,0
77.1855,11.4259,2835,0,0
77.2103,10.0959,2505,0,0
77.2351,10.5755,2624,0,0
77.2599,11.8612,2943,0,0
77.2847,10.9463,2716,0,0
77.3095,10.6118,2633,0,0
77.3343,10.1161,2510,0,0
77.3591,11.1438,2765,0,0
77.3839,11.1962,2778,0,0
77.4087,11.0592,2744,0,0
77.4335,10.3256,2562,0,0
77.4583,10.6440,2641,0,0
77.4831,12.1635,3018,0,0
77.5079,11.0269,2736,0,0
77.5327,10.3821,2576,0,0
77.5575,10.1322,2514,0,0
77.5823,11.4461,2840,0,0
77.6071,11.3252,2810,0,0
77.6319,10.5110,2608,0,0
77.6567,10.4224,2586,0,0
77.6815,11.3937,2827,0,0
77.7063,11.2566,2793,0,0
77.7311,10.7488,2667,0,0
77.7559,10.3942,2579,0,0
77.7807,11.0753,2748,0,0
77.8055,11.9821,2973,0,0
77.8304,10.9262,2711,0,0
77.8552,10.6602,2645,0,0
77.8800,10.8496,2692,0,0
77.9048,12.0506,2990,0,0
77.9296,10.7287,2662,0,0
77.9544,10.5594,2620,0,0
77.9792,10.2531,2544,0,0
78.0040,11.4461,2840,0,0
78.0288,11.3211,2809,0,0
78.0536,10.5675,2622,0,0
78.0784,10.2329,2539,0,0
78.1032,11.2365,2788,0,0
78.1280,11.2889,2801,22,0
78.1528,10.7085,2657,0,0
78.1776,10.2088,2533,0,0
78.2024,11.1962,2778,0,0
78.2272,11.1720,2772,0,0
78.2520,10.9342,2713,0,0
78.2768,10.4062,2582,0,0
78.3016,10.8778,2699,0,0
78.3264,11.7242,2909,10,0
78.3512,10.8617,2695,0,0
78.3760,10.3942,2579,0,0
78.4008,10.6440,2641,0,0
78.4256,11.8531,2941,0,0
78.4504,11.4864,2850,0,0
78.4752,10.2612,2546,0,0
78.5000,10.5755,2624,0,0
78.5248,11.7040,2904,0,0
78.5496,10.9906,2727,38,0
78.5744,10.6440,2641,7,0
78.5992,10.2168,2535,0,0
78.6240,11.2365,2788,4,0
78.6488,11.5508,2866,0,0
78.6736,10.4989,2605,0,0
78.6984,10.2531,2544,0,0
78.7232,10.9987,2729,0,0
78.7480,11.8652,2944,0,0
78.7729,10.6682,2647,0,0
78.7977,10.6521,2643,0,0
78.8225,10.9745,2723,0,0
78.8473,11.3372,2813,0,0
78.8721,11.4340,2837,0,0
78.8969,10.2853,2552,0,0
78.9217,10.5191,2610,0,0
78.9465,11.8934,2951,2,0
78.9713,10.9705,2722,0,0
78.9961,10.6602,2645,0,0
79.0209,10.3256,2562,0,0
79.0457,11.3453,2815,0,0
79.0705,11.8330,2936,0,0
79.0953,10.3256,2562,0,0
79.1201,10.1765,2525,0,0
79.1449,11.1196,2759,0,0
79.1697,11.5105,2856,0,0
79.1945,10.9262,2711,0,0
79.2193,10.2692,2548,0,0
79.2441,10.9826,2725,0,0
79.2689,11.2083,2781,0,0
79.2937,10.8214,2685,0,0
79.3185,10.0314,2489,0,0
79.3433,10.8657,2696,0,0
79.3681,11.2607,2794,0,0
79.3929,11.2244,2785,0,0
79.4177,10.3176,2560,0,0
79.4425,10.7690,2672,0,0
79.4673,11.8854,2949,0,0
79.4921,10.5634,2621,0,0
79.5169,10.3256,2562,0,0
79.5417,10.8133,2683,0,0
79.5665,11.3816,2824,0,0
79.5913,11.0995,2754,0,0
79.6161,10.6602,2645,0,0
79.6409,10.8375,2689,0,0
79.6657,12.0264,2984,175,0
79.6905,11.0430,2740,0,0
79.7153,10.6884,2652,0,0
79.7402,10.4062,2582,0,0
79.7649,11.3735,2822,0,0
79.7897,11.1156,2758,0,0
79.8146,10.4425,2591,0,0
79.8394,10.3256,2562,0,0
79.8642,11.2889,2801,0,0
79.8890,11.6395,2888,0,0
79.9138,10.3619,2571,0,0
79.9386,10.8979,2704,0,0
79.9634,11.3372,2813,0,0
79.9882,11.6718,2896,0,0
80.0130,10.2934,2554,0,0
80.0378,10.2813,2551,0,0
80.0626,11.2445,2790,6,0
80.0874,12.0022,2978,0,0
80.1122,10.5675,2622,0,0
80.1370,10.4143,2584,0,0
80.1618,11.4219,2834,0,0
80.1866,11.6516,2891,0,0
80.2114,10.7770,2674,0,0
80.2362,10.6602,2645,0,0
80.2610,10.9947,2728,0,0
80.2858,11.4783,2848,0,0
80.3106,11.3372,2813,0,0
80.3354,10.2088,2533,0,0
80.3602,10.7891,2677,0,0
80.3850,12.0143,2981,0,0
80.4098,11.5549,2867,0,0
80.4346,10.1604,2521,0,0
80.4594,10.6400,2640,0,0
80.4842,12.0143,2981,0,0
80.5090,10.9463,2716,7,0
80.5338,10.5916,2628,0,0
80.5586,10.4143,2584,0,0
80.5834,11.7080,2905,0,0
80.6082,11.0430,2740,22,0
80.6330,10.7327,2663,0,0
80.6578,10.1040,2507,0,0
80.6826,11.4904,2851,0,0
80.7074,11.5428,2864,0,0
80.7322,10.7408,2665,0,0
80.7570,10.2088,2533,0,0
80.7819,11.2123,2782,0,0
80.8067,11.7362,2912,0,0
80.8315,10.6400,2640,0,0
80.8563,10.0878,2503,0,0
80.8811,11.1236,2760,0,0
80.9059,11.8410,2938,0,0
80.9307,11.0229,2735,0,0
80.9555,10.5312,2613,0,0
80.9803,10.5675,2622,0,0
81.0051,11.2969,2803,0,0
81.0299,11.0269,2736,0,0
81.0547,9.5196,2362,0,0
81.0795,10.8617,2695,0,0
81.1043,12.1232,3008,0,0
81.1291,10.8657,2696,7,0
81.1539,10.5110,2608,0,0
81.1787,10.2329,2539,0,0
81.2035,11.3171,2808,0,0
81.2283,11.7443,2914,0,0
81.2531,10.3942,2579,0,0
81.2779,10.4062,2582,0,0
81.3027,11.2969,2803,0,0
81.3275,11.7886,2925,0,0
81.3523,10.7125,2658,0,0
81.3771,10.4546,2594,0,0
81.4019,10.8254,2686,0,0
81.4267,11.6838,2899,0,0
81.4515,10.9906,2727,0,0
81.4763,10.7770,2674,0,0
81.5011,10.8254,2686,0,0
81.5259,11.6838,2899,0,0
81.5507,11.3372,2813,2,0
81.5755,10.3377,2565,0,0
81.6003,10.2329,2539,0,0
81.6251,11.6355,2887,0,0
81.6499,11.5226,2859,0,0
81.6747,10.8133,2683,0,0
81.6995,10.2853,2552,0,0
81.7243,11.0712,2747,0,0
81.7492,12.1070,3004,0,0
81.7740,10.5191,2610,0,0
81.7988,10.3256,2562,0,0
81.8236,10.9665,2721,0,0
81.8484,12.1151,3006,0,0
81.8732,10.8617,2695,0,0
81.8980,10.6964,2654,0,0
81.9228,10.2329,2539,0,0
81.9476,11.7040,2904,0,0
81.9724,11.6234,2884,0,0
81.9972,10.2168,2535,0,0
82.0220,10.4143,2584,0,0
82.0468,11.7242,2909,0,0
82.0716,11.5912,2876,0,0
82.0964,10.4022,2581,0,0
82.1212,10.3135,2559,0,0
82.1460,11.3453,2815,0,0
82.1708,11.7322,2911,0,0
82.1956,10.5191,2610,0,0
82.2204,10.3055,2557,0,0
82.2452,10.9705,2722,0,0
82.2700,11.3574,2818,0,0
82.2948,11.2365,2788,0,0
82.3196,9.9911,2479,0,0
82.3444,10.7085,2657,0,0
82.3692,12.0506,2990,0,0
82.3940,10.8375,2689,0,0
82.4188,10.2289,2538,0,0
82.4436,10.5554,2619,0,0
82.4684,11.7282,2910,0,0
82.4932,10.9463,2716,4,0
82.5180,10.6440,2641,0,0
82.5428,10.2168,2535,0,0
82.5676,11.2042,2780,0,0
82.5924,12.0909,3000,0,0
82.6172,10.6037,2631,0,0
82.6420,10.1241,2512,0,0
82.6668,10.9423,2715,0,0
82.6917,11.2728,2797,0,0
82.7165,11.3171,2808,0,0
82.7413,9.9186,2461,0,0
82.7661,10.8455,2691,0,0
82.7909,12.0748,2996,0,0
82.8157,10.8496,2692,0,0
82.8405,10.4748,2599,0,0
82.8653,10.1402,2516,0,0
82.8901,11.5025,2854,0,0
82.9149,11.7322,2911,0,0
82.9397,10.7569,2669,0,0
82.9645,10.3740,2574,0,0
82.9893,11.4662,2845,0,0
83.0141,11.3655,2820,0,0
83.0389,10.6884,2652,0,0
83.0637,10.4143,2584,0,0
83.0885,11.0914,2752,15,0
83.1133,11.4058,2830,0,0
83.1381,10.6239,2636,0,0
83.1629,10.0758,2500,0,0
83.1877,11.2083,2781,0,0
83.2125,11.6274,2885,0,0
83.2373,10.7488,2667,0,0
83.2621,10.6037,2631,0,0
83.2869,10.9866,2726,0,0
83.3117,12.0748,2996,0,0
83.3365,10.6682,2647,0,0
83.3613,10.2168,2535,0,0
83.3861,10.6964,2654,0,0
83.4109,10.6319,2638,0,0
83.4357,10.7488,2667,4,0
83.4605,10.5191,2610,0,0
83.4853,10.4143,2584,0,0
83.5101,11.8572,2942,0,0
83.5349,10.7488,2667,0,0
83.5597,9.9911,2479,0,0
83.5845,10.6964,2654,0,0
83.6093,11.4340,2837,0,0
83.6341,11.5549,2867,0,0
83.6590,10.1725,2524,0,0
83.6837,10.4143,2584,0,0
83.7085,11.6315,2886,0,0
83.7334,11.6516,2891,2,0
83.7582,10.6722,2648,0,0
83.7830,10.2289,2538,0,0
83.8078,11.8733,2946,0,0
83.8326,11.0430,2740,0,0
83.8574,10.7408,2665,0,0
83.8822,10.2088,2533,0,0
83.9070,11.0914,2752,0,0
83.9318,11.1438,2765,0,0
83.9566,10.6037,2631,0,0
83.9814,10.3256,2562,0,0
84.0062,11.4178,2833,0,0
84.0310,11.9015,2953,0,0
84.0558,10.9463,2716,0,0
84.0806,10.4143,2584,0,0
84.1054,11.1236,2760,0,0
84.1302,11.8048,2929,0,0
84.1550,11.0712,2747,0,0
84.1798,10.9463,2716,0,0
84.2046,10.9342,2713,0,0
84.2294,12.0587,2992,0,0
84.2542,11.0833,2750,0,0
84.2790,9.9347,2465,0,0
84.3038,10.7770,2674,0,0
84.3286,12.0143,2981,0,0
84.3534,10.8979,2704,0,0
84.3782,10.5554,2619,0,0
84.4030,10.2853,2552,0,0
84.4278,11.6718,2896,0,0
84.4526,11.0833,2750,0,0
84.4774,10.8818,2700,0,0
84.5022,10.2612,2546,0,0
84.5270,11.1720,2772,0,0
84.5518,12.0345,2986,0,0
84.5766,11.1881,2776,0,0
84.6014,10.3700,2573,0,0
84.6262,10.8133,2683,0,0
84.6510,11.3655,2820,0,0
84.6758,11.2042,2780,1,0
84.7007,10.6521,2643,0,0
84.7255,10.2692,2548,0,0
84.7503,12.1232,3008,0,0
84.7751,11.5508,2866,0,0
84.7999,10.2612,2546,0,0
84.8247,10.6602,2645,0,0
84.8495,11.6274,2885,5,0
84.8743,11.6234,2884,0,0
84.8991,10.3619,2571,0,0
84.9239,10.1604,2521,0,0
84.9487,11.2083,2781,31,0
84.9735,11.9700,2970,0,0
84.9983,10.7569,2669,0,0
85.0231,10.5634,2621,0,0
85.0479,11.0350,2738,0,0
85.0727,11.5105,2856,0,0
85.0975,10.9423,2715,0,0
85.1223,10.3095,2558,0,0
85.1471,10.8617,2695,0,0
85.1719,11.7886,2925,0,0
85.1967,11.0793,2749,0,0
85.2215,10.5272,2612,0,0
85.2463,10.6682,2647,0,0
85.2711,12.1473,3014,0,0
85.2959,11.4098,2831,0,0
85.3207,10.4224,2586,0,0
85.3455,10.5916,2628,0,0
85.3703,11.4985,2853,0,0
85.3951,11.5750,2872,0,0
85.4199,10.4546,2594,0,0
85.4447,10.4143,2584,0,0
85.4695,11.1720,2772,0,0
85.4943,11.8088,2930,0,0
85.5191,10.6037,2631,0,0
85.5439,10.2974,2555,0,0
85.5687,10.6682,2647,0,0
85.5935,11.3453,2815,0,0
85.6183,11.1156,2758,0,0
85.6432,10.5110,2608,0,0
85.6680,10.5110,2608,0,0
85.6928,11.5105,2856,0,0
85.7176,11.1357,2763,0,0
85.7424,10.4546,2594,0,0
85.7672,10.2168,2535,0,0
85.7920,11.6355,2887,0,0
85.8168,11.8289,2935,0,0
85.8416,10.4989,2605,0,0
85.8664,9.9065,2458,0,0
85.8912,11.6516,2891,0,0
85.9160,11.5105,2856,111,0
85.9408,10.6884,2652,0,0
85.9656,10.3055,2557,0,0
85.9904,11.1720,2772,0,0
86.0152,11.4985,2853,0,0
86.0400,10.7972,2679,0,0
86.0648,10.3256,2562,0,0
86.0896,10.9463,2716,0,0
86.1144,11.4864,2850,0,0
86.1392,11.4340,2837,0,0
86.1640,10.2813,2551,0,0
86.1888,10.7730,2673,0,0
86.2136,11.7362,2912,4,0
86.2384,11.7121,2906,7,0
86.2632,10.6400,2640,0,0
86.2880,10.2813,2551,0,0
86.3128,11.2445,2790,0,0
86.3376,12.1030,3003,0,0
86.3624,10.5836,2626,0,0
86.3872,10.4506,2593,0,0
86.4120,10.9785,2724,0,0
86.4368,11.3937,2827,0,0
86.4616,10.9423,2715,0,0
86.4864,10.1926,2529,0,0
86.5112,10.8496,2692,0,0
86.5360,11.8692,2945,0,0
86.5608,11.4461,2840,0,0
86.5856,10.2168,2535,0,0
86.6105,10.6521,2643,0,0
86.6353,11.4743,2847,0,0
86.6601,11.7201,2908,0,0
86.6849,10.3256,2562,0,0
86.7097,10.3055,2557,0,0
86.7345,11.5589,2868,0,0
86.7593,11.7524,2916,0,0
86.7841,10.8738,2698,0,0
86.8089,10.5795,2625,0,0
86.8337,11.3453,2815,0,0
86.8585,11.2848,2800,0,0
86.8833,11.0229,2735,0,0
86.9081,10.4627,2596,0,0
86.9329,10.6037,2631,0,0
86.9577,12.3206,3057,0,0
86.9825,11.2889,2801,0,0
87.0073,10.8778,2699,0,0
87.0321,10.6198,2635,0,0
87.0569,11.4138,2832,0,0
87.0817,11.1357,2763,2,0
87.1065,10.6440,2641,0,0
87.1313,10.2853,2552,0,0
87.1561,11.7282,2910,0,0
87.1809,11.0874,2751,0,0
87.2057,10.3619,2571,0,0
87.2305,9.9710,2474,0,0
87.2553,11.4461,2840,0,0
87.2801,12.1232,3008,0,0
87.3049,10.9987,2729,0,0
87.3297,10.3135,2559,0,0
87.3545,11.1357,2763,0,0
87.3793,11.7362,2912,0,0
87.4041,10.9262,2711,0,0
87.4289,10.2934,2554,0,0
87.4537,11.1317,2762,0,0
87.4785,11.5871,2875,0,0
87.5033,10.8375,2689,0,0
87.5281,10.2692,2548,0,0
87.5529,10.2813,2551,0,0
87.5778,12.0506,2990,0,0
87.6025,11.4098,2831,6,0
87.6273,10.6400,2640,0,0
87.6522,10.0193,2486,0,0
87.6770,11.7886,2925,0,0
87.7018,11.6758,2897,0,0
87.7266,10.4828,2601,0,0
87.7514,10.3095,2558,0,0
87.7762,11.4985,2853,0,0
87.8010,11.8330,2936,0,0
87.8258,10.5594,2620,0,0
87.8506,10.3135,2559,0,0
87.8754,11.4622,2844,0,0
87.9002,12.0264,2984,0,0
87.9250,10.9463,2716,0,0
87.9498,10.7287,2662,0,0
87.9746,10.9785,2724,0,0
87.9994,11.3816,2824,0,0
88.0242,11.3856,2825,0,0
88.0490,10.1725,2524,0,0
88.0738,10.4143,2584,0,0
88.0986,11.4743,2847,0,0
88.1234,11.3372,2813,0,0
88.1482,10.4143,2584,0,0
88.1730,10.6682,2647,0,0
88.1978,11.6032,2879,0,0
88.2226,11.8652,2944,0,0
88.2474,10.3256,2562,0,0
88.2722,10.2410,2541,0,0
88.2970,11.7483,2915,0,0
88.3218,11.2728,2797,0,0
88.3466,10.4748,2599,0,0
88.3714,10.3498,2568,0,0
88.3962,11.0229,2735,0,0
88.4210,11.9700,2970,166,0
88.4458,10.7770,2674,0,0
88.4706,11.0350,2738,0,0
88.4954,11.0229,2735,0,0
88.5202,11.7886,2925,0,0
88.5450,11.6718,2896,0,0
88.5698,10.3377,2565,0,0
88.5947,10.4264,2587,0,0
88.6195,11.6677,2895,1,0
88.6443,11.5831,2874,0,0
88.6691,10.7327,2663,0,0
88.6939,10.3135,2559,0,0
88.7187,11.2365,2788,0,0
88.7435,12.0305,2985,0,0
88.7683,10.9826,2725,0,0
88.7931,10.2088,2533,0,0
88.8179,11.0874,2751,106,0
88.8427,11.9660,2969,0,0
88.8675,11.2647,2795,0,0
88.8923,10.1926,2529,0,0
88.9171,11.1438,2765,0,0
88.9419,10.9906,2727,0,0
88.9667,11.3372,2813,0,0
88.9915,10.8818,2700,0,0
89.0163,10.9665,2721,0,0
89.0411,11.5186,2858,0,0
89.0659,11.6838,2899,0,0
89.0907,10.6722,2648,0,0
89.1155,10.8052,2681,0,0
89.1403,11.9498,2965,0,0
89.1651,11.3050,2805,6,0
89.1899,10.6682,2647,0,0
89.2147,10.7085,2657,0,0
89.2395,11.7242,2909,0,0
89.2643,11.6516,2891,0,0
89.2891,10.7488,2667,0,0
89.3139,10.2329,2539,0,0
89.3387,11.8934,2951,25,0
89.3635,11.4662,2845,0,0
89.3883,10.9906,2727,0,0
89.4131,10.3377,2565,0,0
89.4379,11.1720,2772,0,0
89.4627,11.7242,2909,0,0
89.4875,10.6521,2643,0,0
89.5123,10.2934,2554,0,0
89.5371,11.0793,2749,0,0
89.5620,11.8088,2930,0,0
89.5868,10.7488,2667,0,0
89.6116,11.0068,2731,0,0
89.6364,10.8455,2691,0,0
89.6612,12.0264,2984,0,0
89.6860,11.1801,2774,0,0
89.7108,10.6239,2636,0,0
89.7356,10.3256,2562,0,0
89.7604,11.5388,2863,0,0
89.7852,11.1236,2760,2,0
89.8100,10.4264,2587,0,0
89.8348,10.8335,2688,0,0
89.8596,11.9055,2954,0,0
89.8844,10.9584,2719,0,0
89.9092,10.4143,2584,0,0
89.9340,10.7891,2677,0,0
89.9588,11.3655,2820,0,0
89.9836,11.1196,2759,0,0
90.0084,10.4627,2596,0,0
90.0332,10.8254,2686,0,0
90.0580,11.7242,2909,0,0
90.0828,11.7886,2925,7,0
90.1076,10.8455,2691,0,0
90.1324,10.3095,2558,0,0
90.1572,11.5912,2876,0,0
90.1820,11.4662,2845,0,0
90.2068,10.6924,2653,0,0
90.2316,10.7649,2671,0,0
90.2564,12.0305,2985,0,0
90.2812,11.5952,2877,1,0
90.3060,10.9342,2713,0,0
90.3308,10.3377,2565,0,0
90.3556,11.4743,2847,0,0
90.3804,11.9418,2963,0,0
90.4052,10.3740,2574,0,0
90.4300,10.2934,2554,0,0
90.4548,11.4864,2850,0,0
90.4796,11.9095,2955,0,0
90.5044,10.6803,2650,2,0
90.5293,10.2813,2551,0,0
90.5541,11.4904,2851,0,0
90.5789,11.2405,2789,0,0
90.6037,11.0148,2733,0,0
90.6285,10.3256,2562,0,0
90.6533,11.5146,2857,73,0
90.6781,11.8692,2945,0,0
90.7029,10.8617,2695,0,0
90.7277,10.4506,2593,0,0
90.7525,11.3453,2815,0,0
90.7773,11.9700,2970,0,0
90.8021,10.9141,2708,0,0
90.8269,10.3176,2560,0,0
90.8517,11.2083,2781,0,0
90.8765,12.1191,3007,19,0
90.9013,10.8979,2704,0,0
90.9261,10.1725,2524,0,0
90.9509,11.3856,2825,0,0
90.9757,12.2682,3044,94,0
91.0005,11.0793,2749,0,0
91.0253,10.4143,2584,0,0
91.0501,11.4864,2850,0,0
91.0749,12.0466,2989,0,0
91.0997,11.0793,2749,0,0
91.1245,10.7569,2669,0,0
91.1493,11.1438,2765,0,0
91.1741,11.5025,2854,0,0
91.1989,10.9906,2727,0,0
91.2237,10.2853,2552,0,0
91.2485,10.7851,2676,0,0
91.2733,12.3126,3055,26,0
91.2981,11.0712,2747,0,0
91.3229,9.8742,2450,0,0
91.3477,11.0390,2739,0,0
91.3725,12.0788,2997,0,0
91.3973,10.9302,2712,0,0
91.4221,10.4748,2599,0,0
91.4469,10.7125,2658,0,0
91.4717,11.9700,2970,0,0
91.4966,11.3453,2815,14,0
91.5213,11.2445,2790,0,0
91.5462,10.8335,2688,0,0
91.5710,11.8975,2952,0,0
91.5958,11.1962,2778,0,0
91.6206,10.7528,2668,0,0
91.6454,10.2813,2551,0,0
91.6702,11.5952,2877,0,0
91.6950,11.9095,2955,0,0
91.7198,10.5110,2608,0,0
91.7446,10.3256,2562,0,0
91.7694,11.2123,2782,0,0
91.7942,11.6234,2884,0,0
91.8190,10.7891,2677,0,0
91.8438,10.3821,2576,0,0
91.8686,11.1478,2766,0,0
91.8934,12.0506,2990,0,0
91.9182,10.5795,2625,0,0
91.9430,10.5755,2624,0,0
91.9678,11.2123,2782,0,0
91.9926,12.1997,3027,0,0
92.0174,11.3211,2809,0,0
92.0422,10.8133,2683,0,0
92.0670,11.0592,2744,0,0
92.0918,11.9498,2965,1,0
92.1166,10.6964,2654,0,0
92.1414,10.3942,2579,0,0
92.1662,10.9906,2727,0,0
92.1910,11.7645,2919,0,0
92.2158,11.0148,2733,0,0
92.2406,10.5675,2622,0,0
92.2654,11.3010,2804,0,0
92.2902,11.5307,2861,0,0
92.3150,10.7045,2656,0,0
92.3398,10.3256,2562,0,0
92.3646,10.9947,2728,0,0
92.3894,11.9055,2954,0,0
92.4142,11.0833,2750,0,0
92.4390,10.5110,2608,0,0
92.4638,10.3377,2565,0,0
92.4886,12.0909,3000,0,0
92.5135,10.8455,2691,0,0
92.5383,9.3060,2309,0,0
92.5631,10.6198,2635,0,0
92.5879,11.5952,2877,0,0
92.6127,11.6355,2887,3,0
92.6375,11.1156,2758,0,0
92.6623,10.5594,2620,0,0
92.6871,12.1191,3007,0,0
92.7119,11.6919,2901,0,0
92.7367,10.4143,2584,0,0
92.7615,9.4188,2337,0,0
92.7863,11.9458,2964,0,0
92.8111,11.0350,2738,0,0
92.8359,10.3135,2559,0,0
92.8607,10.7569,2669,0,0
92.8855,11.4985,2853,0,0
92.9103,11.5388,2863,0,0
92.9351,10.3135,2559,0,0
92.9599,10.2168,2535,0,0
92.9847,11.5589,2868,6,0
93.0095,11.3816,2824,0,0
93.0343,10.6924,2653,0,0
93.0591,10.2813,2551,0,0
93.0839,11.6758,2897,0,0
93.1087,11.4219,2834,7,0
93.1335,10.7569,2669,6,0
93.1583,10.3377,2565,0,0
93.1831,12.0425,2988,0,0
93.2079,11.3252,2810,0,0
93.2327,10.7166,2659,0,0
93.2575,10.1241,2512,0,0
93.2823,11.2808,2799,0,0
93.3071,11.8410,2938,0,0
93.3319,11.3372,2813,0,0
93.3567,10.6118,2633,0,0
93.3815,11.0309,2737,0,0
93.4063,12.0143,2981,0,0
93.4311,10.7166,2659,0,0
93.4559,10.1040,2507,0,0
93.4808,10.6078,2632,0,0
93.5056,11.2365,2788,0,0
93.5304,11.3735,2822,0,0
93.5552,11.0712,2747,0,0
93.5800,10.5272,2612,0,0
93.6048,12.0224,2983,0,0
93.6296,10.9826,2725,0,0
93.6544,10.2571,2545,0,0
93.6792,10.3700,2573,0,0
93.7040,12.1796,3022,0,0
93.7288,11.0390,2739,0,0
93.7536,10.3619,2571,0,0
93.7784,10.4748,2599,0,0
93.8032,11.9176,2957,0,0
93.8280,11.2647,2795,0,0
93.8528,10.5795,2625,0,0
93.8776,10.3740,2574,0,0
93.9024,11.4985,2853,0,0
93.9272,11.6919,2901,5,0
93.9520,10.6964,2654,0,0
93.9768,10.3740,2574,0,0
94.0016,11.5952,2877,0,0
94.0264,11.9700,2970,0,0
94.0512,10.6440,2641,0,0
94.0760,10.2934,2554,0,0
94.1008,11.2889,2801,0,0
94.1256,12.0305,2985,0,0
94.1504,11.3695,2821,0,0
94.1752,10.2934,2554,0,0
94.2000,11.0874,2751,0,0
94.2248,12.1715,3020,0,0
94.2496,10.8133,2683,0,0
94.2744,10.1846,2527,0,0
94.2992,10.3821,2576,0,0
94.3240,12.3247,3058,0,0
94.3488,10.8375,2689,0,0
94.3736,9.9871,2478,0,0
94.3984,10.8979,2704,0,0
94.4232,11.7886,2925,0,0
94.4481,10.8939,2703,0,0
94.4729,10.5312,2613,0,0
94.4977,10.9342,2713,0,0
94.5225,11.8330,2936,0,0
94.5473,11.2607,2794,0,0
94.5721,12.0264,2984,0,0
94.5969,10.9826,2725,0,0
94.6217,12.2481,3039,0,0
94.6465,11.1760,2773,6,0
94.6713,10.7528,2668,0,0
94.6961,10.8939,2703,0,0
94.7209,11.9700,2970,0,0
94.7457,11.6516,2891,0,0
94.7705,10.4748,2599,0,0
94.7953,12.5907,3124,0,0
94.8201,11.8370,2937,0,0
94.8449,11.7967,2927,0,0
94.8697,10.8294,2687,0,0
94.8945,10.7730,2673,0,0
94.9193,11.3775,2823,0,0
94.9441,11.4178,2833,0,0
94.9689,10.6521,2643,0,0
94.9937,10.4385,2590,0,0
95.0185,11.1720,2772,0,0
95.0433,12.0506,2990,0,0
95.0681,11.1357,2763,0,0
95.0929,10.6198,2635,0,0
95.1177,11.2889,2801,0,0
95.1425,11.9095,2955,0,0
95.1673,10.9785,2724,0,0
95.1921,10.4989,2605,0,0
95.2169,10.9100,2707,0,0
95.2417,12.2924,3050,0,0
95.2665,10.7851,2676,0,0
95.2913,10.3377,2565,0,0
95.3161,11.0793,2749,0,0
95.3409,11.6718,2896,0,0
95.3657,11.5831,2874,0,0
95.3905,10.4143,2584,0,0
95.4154,10.3377,2565,0,0
95.4401,11.6516,2891,0,0
95.4650,11.6677,2895,0,0
95.4898,10.7045,2656,0,0
95.5146,10.8133,2683,0,0
95.5394,11.6032,2879,0,0
95.5642,11.0793,2749,0,0
95.5890,10.4264,2587,0,0
95.6138,10.3377,2565,0,0
95.6386,11.3735,2822,0,0
95.6634,11.4864,2850,0,0
95.6882,11.0148,2733,0,0
95.7130,10.4224,2586,0,0
95.7378,11.0874,2751,0,0
95.7626,11.9700,2970,0,0
95.7874,11.3735,2822,0,0
95.8122,10.4989,2605,0,0
95.8370,11.0430,2740,0,0
95.8618,11.5912,2876,0,0
95.8866,11.6355,2887,0,0
95.9114,10.8294,2687,0,0
95.9362,10.7166,2659,0,0
95.9610,11.9700,2970,0,0
95.9858,11.2365,2788,0,0
96.0106,10.9785,2724,0,0
96.0354,10.5272,2612,0,0
96.0602,11.6677,2895,0,0
96.0850,10.9987,2729,0,0
96.1098,10.4506,2593,0,0
96.1346,10.5675,2622,0,0
96.1594,11.8572,2942,0,0
96.1842,11.5105,2856,0,0
96.2090,10.6682,2647,0,0
96.2338,10.2934,2554,0,0
96.2586,11.5710,2871,0,0
96.2834,12.0264,2984,8,0
96.3082,11.1075,2756,0,0
96.3330,10.1725,2524,0,0
96.3578,11.2889,2801,0,0
96.3826,11.7564,2917,0,0
96.4074,11.0430,2740,0,0
96.4323,10.4143,2584,0,0
96.4571,11.5025,2854,0,0
96.4819,12.1715,3020,0,0
96.5067,10.7488,2667,0,0
96.5315,10.0798,2501,0,0
96.5563,12.4980,3101,0,0
96.5811,11.5912,2876,0,0
96.6059,10.8455,2691,0,0
96.6307,11.3050,2805,0,0
96.6555,10.6239,2636,0,0
96.6803,12.0627,2993,0,0
96.7051,11.8249,2934,0,0
96.7299,10.7770,2674,0,0
96.7547,10.3256,2562,0,0
96.7795,11.7362,2912,0,0
96.8043,11.2365,2788,0,0
96.8291,10.4828,2601,0,0
96.8539,10.3619,2571,0,0
96.8787,12.0506,2990,0,0
96.9035,11.3735,2822,7,0
96.9283,11.0592,2744,0,0
96.9531,10.4022,2581,0,0
96.9779,11.6355,2887,0,0
97.0027,11.9095,2955,0,0
97.0275,10.6722,2648,0,0
97.0523,10.2571,2545,0,0
97.0771,11.5025,2854,0,0
97.1019,12.1030,3003,0,0
97.1267,11.1478,2766,0,0
97.1515,10.5594,2620,0,0
97.1763,11.1156,2758,0,0
97.2011,12.2360,3036,0,0
97.2259,10.8496,2692,0,0
97.2507,9.0521,2246,0,0
97.2755,10.8294,2687,0,0
97.3003,12.4295,3084,0,0
97.3251,10.9342,2713,0,0
97.3499,10.6682,2647,0,0
97.3747,10.3377,2565,0,0
97.3996,11.7886,2925,0,0
97.4244,11.0833,2750,0,0
97.4492,10.6198,2635,0,0
97.4740,10.8818,2700,0,0
97.4988,11.6718,2896,6,0
97.5236,11.6838,2899,1,0
97.5484,10.8738,2698,0,0
97.5732,10.3740,2574,0,0
97.5980,11.5105,2856,0,0
97.6228,12.1715,3020,0,0
97.6476,10.8455,2691,0,0
97.6724,10.3579,2570,0,0
97.6972,11.2526,2792,0,0
97.7220,12.2682,3044,0,0
97.7468,10.7851,2676,0,0
97.7716,10.3942,2579,0,0
97.7964,11.1599,2769,0,0
97.8212,11.4904,2851,0,0
97.8460,10.8617,2695,0,0
97.8708,10.7770,2674,0,0
97.8956,11.0148,2733,0,0
97.9204,11.5831,2874,0,0
97.9452,11.1438,2765,0,0
97.9700,10.9544,2718,0,0
97.9948,10.9544,2718,0,0
98.0196,12.1796,3022,0,0
98.0444,11.6637,2894,0,0
98.0692,10.4546,2594,0,0
98.0940,10.6198,2635,0,0
98.1188,11.9660,2969,0,0
98.1436,11.8088,2930,0,0
98.1684,10.9342,2713,0,0
98.1932,10.8738,2698,0,0
98.2180,11.2889,2801,19,0
98.2428,12.0506,2990,0,0
98.2676,10.6682,2647,0,0
98.2924,10.3942,2579,0,0
98.3172,11.7806,2923,0,0
98.3420,11.2647,2795,0,0
98.3669,10.6722,2648,0,0
98.3917,10.3619,2571,0,0
98.4165,11.7524,2916,0,0
98.4413,11.2607,2794,0,0
98.4661,10.9624,2720,0,0
98.4909,10.6037,2631,0,0
98.5157,11.5831,2874,0,0
98.5405,12.0909,3000,15,0
98.5653,10.9705,2722,0,0
98.5901,10.4022,2581,0,0
98.6149,11.5025,2854,0,0
98.6397,12.2360,3036,189,0
98.6645,10.7770,2674,0,0
98.6893,10.5191,2610,0,0
98.7141,11.8289,2935,0,0
98.7389,12.2279,3034,0,0
98.7637,11.1478,2766,0,0
98.7885,10.0798,2501,0,0
98.8133,11.2526,2792,0,0
98.8381,11.6718,2896,0,0
98.8629,11.4662,2845,0,0
98.8877,11.1075,2756,0,0
98.9125,10.6803,2650,0,0
98.9373,12.2602,3042,0,0
98.9621,10.8979,2704,0,0
98.9869,11.4985,2853,0,0
99.0117,11.0672,2746,0,0
99.0365,10.7488,2667,0,0
99.0613,10.9947,2728,0,0
99.0861,10.3135,2559,0,0
99.1109,10.7166,2659,0,0
99.1357,11.9095,2955,0,0
99.1605,11.0592,2744,0,0
99.1853,10.4224,2586,0,0
99.2101,10.5070,2607,0,0
99.2349,11.8612,2943,0,0
99.2597,11.4985,2853,0,0
99.2845,10.5675,2622,0,0
99.3093,10.7569,2669,0,0
99.3342,11.5549,2867,0,0
99.3589,11.0269,2736,0,0
99.3838,10.8899,2702,0,0
99.4086,10.7891,2677,0,0
99.4334,11.6718,2896,0,0
99.4582,11.2566,2793,0,0
99.4830,10.4546,2594,0,0
99.5078,10.7367,2664,0,0
99.5326,11.7000,2903,0,0
99.5574,12.0143,2981,0,0
99.5822,10.7528,2668,0,0
99.6070,10.1322,2514,0,0
99.6318,11.4340,2837,18,0
99.6566,12.0022,2978,0,0
99.6814,10.4546,2594,0,0
99.7062,10.5755,2624,0,0
99.7310,11.6798,2898,0,0
99.7558,11.3171,2808,0,0
99.7806,10.9826,2725,0,0
99.8054,10.4748,2599,0,0
99.8302,11.3856,2825,0,0
99.8550,11.3816,2824,0,0
99.8798,11.2365,2788,0,0
99.9046,10.5594,2620,0,0
99.9294,11.4340,2837,0,0
99.9542,12.3085,3054,0,0
99.9790,10.7125,2658,0,0
100.0038,10.3619,2571,0,0
100.0286,11.2889,2801,0,0
100.0534,12.1876,3024,0,0
100.0782,10.8375,2689,0,0
100.1030,10.4546,2594,0,0
100.1278,11.3937,2827,0,0
100.1526,12.1997,3027,0,0
100.1774,10.7488,2667,0,0
100.2022,10.3579,2570,0,0
100.2270,11.2808,2799,0,0
100.2518,12.2481,3039,0,0
100.2766,11.1357,2763,0,0
100.3014,10.4828,2601,0,0
100.3262,11.1841,2775,0,0
100.3511,12.4859,3098,0,0
100.3759,10.9342,2713,0,0
100.4007,10.2612,2546,0,0
100.4255,11.3131,2807,0,0
100.4503,10.9503,2717,0,0
100.4751,11.6758,2897,0,0
100.4999,11.1922,2777,0,0
100.5247,10.9745,2723,0,0
100.5495,11.6677,2895,0,0
100.5743,11.6355,2887,0,0
100.5991,10.1604,2521,0,0
100.6239,11.0188,2734,0,0
100.6487,11.5105,2856,0,0
100.6735,11.6516,2891,0,0
100.6983,10.3579,2570,0,0
100.7231,10.6400,2640,0,0
100.7479,11.6355,2887,0,0
100.7727,11.3775,2823,2,0
100.7975,10.4264,2587,0,0
100.8223,10.5916,2628,0,0
100.8471,12.1997,3027,0,0
100.8719,11.8088,2930,0,0
100.8967,10.6964,2654,0,0
100.9215,11.0188,2734,0,0
100.9463,12.2320,3035,0,0
100.9711,11.2848,2800,4,0
100.9959,10.4828,2601,0,0
101.0207,10.4546,2594,0,0
101.0455,11.4178,2833,0,0
101.0703,12.1232,3008,0,0
101.0951,10.7972,2679,0,0
101.1199,11.6597,2893,0,0
101.1447,11.5831,2874,0,0
101.1695,11.3937,2827,0,0
101.1943,11.0471,2741,0,0
101.2191,10.2974,2555,0,0
101.2439,11.4864,2850,3,0
101.2687,11.4864,2850,0,0
101.2935,10.6803,2650,0,0
101.3184,10.4224,2586,0,0
101.3432,11.4904,2851,80,0
101.3680,12.3126,3055,0,0
101.3928,11.0753,2748,0,0
101.4176,10.6400,2640,0,0
101.4424,11.5912,2876,0,0
101.4672,11.8289,2935,0,0
101.4920,10.5795,2625,0,0
101.5168,10.6078,2632,0,0
101.5416,11.3937,2827,0,0
101.5664,12.1997,3027,0,0
101.5912,10.6722,2648,0,0
101.6160,10.6602,2645,0,0
101.6408,11.1196,2759,0,0
101.6656,11.5388,2863,0,0
101.6904,10.7891,2677,0,0
101.7152,10.4989,2605,0,0
101.7400,11.5428,2864,0,0
101.7648,12.3327,3060,0,0
101.7896,11.2244,2785,0,0
101.8144,10.4143,2584,0,0
101.8392,11.5871,2875,0,0
101.8640,12.1070,3004,0,0
101.8888,11.3010,2804,0,0
101.9136,10.4224,2586,0,0
101.9384,11.3735,2822,0,0
101.9632,12.3247,3058,0,0
101.9880,11.0350,2738,0,0
102.0128,10.6682,2647,0,0
102.0376,11.3372,2813,0,0
102.0624,11.4138,2832,36,0
102.0872,11.2607,2794,0,0
102.1120,10.7166,2659,0,0
102.1368,11.5025,2854,0,0
102.1616,11.5589,2868,0,0
102.1864,11.1599,2769,0,0
102.2112,10.7569,2669,0,0
102.2360,11.3050,2805,0,0
102.2608,12.1554,3016,0,0
102.2857,11.2365,2788,0,0
102.3105,10.4748,2599,0,0
102.3353,11.3372,2813,0,0
102.3601,11.7645,2919,0,0
102.3849,11.3211,2809,0,0
102.4097,10.4788,2600,0,0
102.4345,11.3937,2827,0,0
102.4593,11.5105,2856,0,0
102.4841,10.8254,2686,0,0
102.5089,10.4224,2586,0,0
102.5337,11.2969,2803,0,0
102.5585,12.0546,2991,0,0
102.5833,11.2808,2799,0,0
102.6081,10.7891,2677,0,0
102.6329,11.1922,2777,0,0
102.6577,11.7604,2918,15,0
102.6825,11.0269,2736,0,0
102.7073,10.3135,2559,0,0
102.7321,11.3977,2828,0,0
102.7569,11.7000,2903,0,0
102.7817,11.0914,2752,0,0
102.8065,10.6198,2635,0,0
102.8313,11.2042,2780,0,0
102.8561,11.6758,2897,0,0
102.8809,10.9342,2713,0,0
102.9057,10.2934,2554,0,0
102.9305,11.7564,2917,0,0
102.9553,12.4295,3084,0,0
102.9801,11.5508,2866,0,0
103.0049,10.4143,2584,0,0
103.0297,11.1317,2762,0,0
103.0545,12.6148,3130,0,0
103.0793,11.0188,2734,4,0
103.1041,11.0188,2734,0,0
103.1289,11.1357,2763,0,0
103.1537,12.0264,2984,0,0
103.1785,11.3856,2825,0,0
103.2033,11.2607,2794,0,0
103.2281,11.1922,2777,0,0
103.2530,11.4904,2851,0,0
103.2777,11.5307,2861,0,0
103.3026,11.8531,2941,0,0
103.3274,10.8294,2687,0,0
103.3522,12.5020,3102,0,0
103.3770,10.9987,2729,0,0
103.4018,11.1236,2760,0,0
103.4266,11.2244,2785,0,0
103.4514,11.5549,2867,0,0
103.4762,11.1922,2777,0,0
103.5010,11.3937,2827,0,0
103.5258,11.0833,2750,0,0
103.5506,11.7645,2919,0,0
103.5754,11.0390,2739,0,0
103.6002,10.8939,2703,0,0
103.6250,10.4748,2599,0,0
103.6498,11.7564,2917,17,0
103.6746,10.9423,2715,0,0
103.6994,10.4264,2587,0,0
103.7242,11.2083,2781,0,0
103.7490,11.5912,2876,0,0
103.7738,10.9826,2725,0,0
103.7986,10.4143,2584,0,0
103.8234,11.1478,2766,0,0
103.8482,11.7806,2923,0,0
103.8730,11.5871,2875,0,0
103.8978,10.0355,2490,0,0
103.9226,11.2889,2801,0,0
103.9474,12.2803,3047,0,0
103.9722,11.6516,2891,0,0
103.9970,10.1201,2511,0,0
104.0218,11.2244,2785,0,0
104.0466,12.3892,3074,0,0
104.0714,11.4662,2845,0,0
104.0962,10.2934,2554,0,0
104.1210,10.9947,2728,0,0
104.1458,11.7886,2925,0,0
104.1706,11.3211,2809,0,0
104.1954,11.0068,2731,0,0
104.2202,11.0833,2750,0,0
104.2450,12.2320,3035,0,0
104.2699,10.8173,2684,0,0
104.2947,10.5312,2613,0,0
104.3195,10.9705,2722,0,0
104.3443,12.3771,3071,0,0
104.3691,11.1075,2756,0,0
104.3939,11.0148,2733,0,0
104.4187,11.0712,2747,0,0
104.4435,12.3287,3059,0,0
104.4683,10.9342,2713,4,0
104.4931,10.7569,2669,0,0
104.5179,11.2405,2789,0,0
104.5427,11.9458,2964,0,0
104.5675,10.8899,2702,0,0
104.5923,10.1926,2529,0,0
104.6171,10.9423,2715,0,0
104.6419,12.0909,3000,0,0
104.6667,11.5871,2875,0,0
104.6915,8.6329,2142,0,0
104.7163,11.2244,2785,0,0
104.7411,11.7524,2916,0,0
104.7659,11.2042,2780,1,0
104.7907,10.9987,2729,0,0
104.8155,10.8375,2689,0,0
104.8403,12.4295,3084,0,0
104.8651,11.1236,2760,0,0
104.8899,10.8617,2695,0,0
104.9147,10.9463,2716,0,0
104.9395,11.8410,2938,0,0
104.9643,11.6516,2891,0,0
104.9891,8.9271,2215,0,0
105.0139,10.8979,2704,0,0
105.0387,12.0143,2981,0,0
105.0635,11.5912,2876,0,0
105.0883,10.6964,2654,0,0
105.1131,11.2405,2789,0,0
105.1379,11.8370,2937,0,0
105.1627,10.9906,2727,0,0
105.1875,10.9826,2725,0,0
105.2123,10.4748,2599,0,0
105.2372,11.7000,2903,0,0
105.2620,11.0188,2734,0,0
105.2868,10.0113,2484,0,0
105.3116,10.0919,2504,0,0
105.3364,12.0506,2990,0,0
105.3612,11.0632,2745,0,0
105.3860,10.4748,2599,0,0
105.4108,10.5070,2607,0,0
105.4356,11.7080,2905,0,0
105.4604,12.1070,3004,0,0
105.4852,10.4748,2599,0,0
105.5100,10.9906,2727,0,0
105.5348,12.1393,3012,0,0
105.5596,11.8934,2951,0,0
105.5844,10.7528,2668,0,0
105.6092,10.4828,2601,0,0
105.6340,12.1594,3017,0,0
105.6588,12.0708,2995,0,0
105.6836,10.5594,2620,0,0
105.7084,10.4627,2596,0,0
105.7332,11.8289,2935,0,0
105.7580,11.8249,2934,0,0
105.7828,12.8526,3189,0,0
105.8076,10.8979,2704,0,0
105.8324,11.3937,2827,0,0
105.8572,11.5307,2861,0,0
105.8820,10.7770,2674,0,0
105.9068,10.3821,2576,0,0
105.9316,12.0345,2986,0,0
105.9564,11.7967,2927,0,0
105.9812,10.7408,2665,0,0
106.0060,11.0350,2738,0,0
106.0308,11.8249,2934,0,0
106.0556,11.1680,2771,0,0
106.0804,10.6198,2635,0,0
106.1052,10.9906,2727,0,0
106.1300,11.8652,2944,4,0
106.1548,11.8531,2941,0,0
106.1796,10.4748,2599,0,0
106.2045,10.3619,2571,0,0
106.2293,12.0264,2984,8,0
106.2541,12.1030,3003,0,0
106.2789,11.0712,2747,0,0
106.3037,10.9826,2725,0,0
106.3285,12.0143,2981,0,0
106.3533,11.3050,2805,0,0
106.3781,10.7166,2659,0,0
106.4029,10.6602,2645,0,0
106.4277,12.1594,3017,23,0
106.4525,11.3372,2813,0,0
106.4773,11.0833,2750,0,0
106.5021,10.8335,2688,0,0
106.5269,11.8289,2935,0,0
106.5517,11.6516,2891,0,0
106.5765,10.7528,2668,0,0
106.6013,10.7770,2674,0,0
106.6261,12.1070,3004,0,0
106.6509,11.8934,2951,4,0
106.6757,10.7569,2669,0,0
106.7005,10.8133,2683,0,0
106.7253,11.7242,2909,0,0
106.7501,11.1317,2762,0,0
106.7749,11.3010,2804,0,0
106.7997,10.8939,2703,0,0
106.8245,12.1997,3027,0,0
106.8493,11.0914,2752,0,0
106.8741,12.8526,3189,0,0
106.8989,11.6355,2887,0,0
106.9237,12.1594,3017,0,0
106.9485,11.0471,2741,0,0
106.9733,10.6440,2641,0,0
106.9981,10.9785,2724,0,0
107.0229,11.6355,2887,0,0
107.0477,10.8173,2684,0,0
107.0725,10.5191,2610,0,0
107.0973,11.4985,2853,0,0
107.1221,12.3851,3073,0,0
107.1469,10.9141,2708,0,0
107.1718,10.5594,2620,0,0
107.1965,11.1357,2763,0,0
107.2214,12.1232,3008,0,0
107.2462,10.8617,2695,0,0
107.2710,10.4224,2586,0,0
107.2958,11.6355,2887,0,0
107.3206,12.2924,3050,0,0
107.3454,10.8617,2695,0,0
107.3702,10.6924,2653,0,0
107.3950,11.8612,2943,0,0
107.4198,11.4985,2853,0,0
107.4446,11.2647,2795,0,0
107.4694,11.0229,2735,0,0
107.4942,11.0833,2750,92,0
107.5190,11.5105,2856,0,0
107.5438,11.2083,2781,0,0
107.5686,10.5675,2622,0,0
107.5934,11.4622,2844,0,0
107.6182,12.1997,3027,0,0
107.6430,10.8133,2683,0,0
107.6678,10.5110,2608,0,0
107.6926,11.6274,2885,0,0
107.7174,12.4174,3081,0,0
107.7422,10.8979,2704,0,0
107.7670,10.7528,2668,0,0
107.7918,12.2602,3042,19,0
107.8166,11.7080,2905,0,0
107.8414,11.1317,2762,0,0
107.8662,10.5272,2612,0,0
107.8910,12.3287,3059,0,0
107.9158,11.2123,2782,0,0
107.9406,10.6037,2631,0,0
107.9654,11.0269,2736,0,0
107.9902,12.3730,3070,0,0
108.0150,11.7362,2912,0,0
108.0398,12.7237,3157,0,0
108.0646,10.6964,2654,0,0
108.0894,12.2682,3044,0,0
108.1142,11.6919,2901,0,0
108.1390,10.7649,2671,0,0
108.1638,10.7125,2658,0,0
108.1887,10.5070,2607,0,0
108.2135,10.8496,2692,0,0
108.2383,11.0148,2733,0,0
108.2631,10.9705,2722,0,0
108.2879,11.8975,2952,0,0
108.3127,11.1720,2772,0,0
108.3375,10.7125,2658,0,0
108.3623,10.7085,2657,0,0
108.3871,11.6315,2886,0,0
108.4119,11.6758,2897,0,0
108.4367,11.6234,2884,0,0
108.4615,10.8738,2698,0,0
108.4863,12.0788,2997,0,0
108.5111,11.1438,2765,0,0
108.5359,10.8858,2701,0,0
108.5607,11.2083,2781,0,0
108.5855,12.0143,2981,0,0
108.6103,10.8617,2695,0,0
108.6351,10.7569,2669,0,0
108.6599,11.3775,2823,0,0
108.6847,11.7322,2911,0,0
108.7095,11.4501,2841,0,0
108.7343,11.1599,2769,0,0
108.7591,11.1639,2770,0,0
108.7839,11.6838,2899,0,0
108.8087,11.4098,2831,0,0
108.8335,11.1478,2766,0,0
108.8583,11.3735,2822,0,0
108.8831,11.7000,2903,0,0
108.9079,11.0793,2749,0,0
108.9327,10.4224,2586,0,0
108.9575,11.3050,2805,0,0
108.9823,12.4415,3087,0,0
109.0071,10.8173,2684,0,0
109.0319,10.6722,2648,0,0
109.0567,11.1317,2762,0,0
109.0815,12.2844,3048,0,0
109.1063,11.4864,2850,0,0
109.1311,10.8617,2695,0,0
109.1560,11.3131,2807,0,0
109.1808,12.3085,3054,0,0
109.2056,11.1599,2769,0,0
109.2304,10.8617,2695,0,0
109.2552,11.3010,2804,0,0
109.2800,12.0345,2986,0,0
109.3048,11.8410,2938,0,0
109.3296,11.2768,2798,0,0
109.3544,10.7327,2663,0,0
109.3792,12.6310,3134,0,0
109.4040,11.4461,2840,0,0
109.4288,10.5070,2607,0,0
109.4536,11.2123,2782,0,0
109.4784,11.5952,2877,0,0
109.5032,11.0229,2735,0,0
109.5280,10.8455,2691,0,0
109.5528,10.5110,2608,0,0
109.5776,12.3650,3068,0,0
109.6024,11.8612,2943,0,0
109.6272,12.4738,3095,0,0
109.6520,11.1236,2760,0,0
109.6768,12.4295,3084,0,0
109.7016,11.4178,2833,0,0
109.7264,10.8455,2691,0,0
109.7512,11.4501,2841,0,0
109.7760,10.9785,2724,0,0
109.8008,11.2848,2800,0,0
109.8256,10.0193,2486,0,0
109.8504,10.9906,2727,0,0
109.8752,12.4053,3078,0,0
109.9000,11.4299,2836,0,0
109.9248,10.4143,2584,0,0
109.9496,10.2410,2541,0,0
109.9744,12.1514,3015,0,0
109.9992,10.9785,2724,0,0
110.0240,10.7408,2665,0,0
110.0488,11.4058,2830,0,0
110.0736,11.5952,2877,0,0
110.0984,10.8979,2704,0,0
110.1233,10.9342,2713,0,0
110.1481,11.5307,2861,0,0
110.1729,12.0425,2988,0,0
110.1977,11.0229,2735,0,0
110.2225,10.4788,2600,0,0
110.2473,11.7886,2925,0,0
110.2721,11.3372,2813,7,0
110.2969,10.3135,2559,0,0
110.3217,10.7327,2663,0,0
110.3465,12.0264,2984,0,0
110.3713,11.5025,2854,0,0
110.3961,10.7972,2679,0,0
110.4209,10.7972,2679,0,0
110.4457,12.4375,3086,0,0
110.4705,11.0390,2739,0,0
110.4953,10.5070,2607,0,0
110.5201,11.3453,2815,0,0
110.5449,11.9458,2964,36,0
110.5697,11.5831,2874,0,0
110.5945,10.8052,2681,0,0
110.6193,11.4219,2834,0,0
110.6441,12.3569,3066,0,0
110.6689,10.9141,2708,0,0
110.6937,10.5070,2607,0,0
110.7185,11.6677,2895,0,0
110.7433,11.4864,2850,5,0
110.7681,10.9342,2713,0,0
110.7929,10.3176,2560,0,0
110.8177,11.7886,2925,0,0
110.8425,11.3775,2823,0,0
110.8673,10.6803,2650,0,0
110.8921,11.3695,2821,0,0
110.9169,12.3811,3072,0,0
110.9417,11.3937,2827,0,0
110.9665,10.6400,2640,0,0
110.9913,10.6884,2652,0,0
111.0161,11.9095,2955,0,0
111.0409,11.1801,2774,0,0
111.0658,10.7408,2665,0,0
111.0906,12.6148,3130,0,0
111.1153,12.0466,2989,0,0
111.1402,11.1599,2769,0,0
111.1650,11.1922,2777,0,0
111.1898,11.3695,2821,0,0
111.2146,12.3488,3064,0,0
111.2394,11.2042,2780,0,0
111.2642,10.7972,2679,0,0
111.2890,11.1760,2773,0,0
111.3138,12.3126,3055,0,0
111.3386,10.9544,2718,0,0
111.3634,10.5272,2612,0,0
111.3882,11.5025,2854,0,0
111.4130,11.5105,2856,0,0
111.4378,10.8294,2687,0,0
111.4626,10.4989,2605,0,0
111.4874,12.1514,3015,0,0
111.5122,11.7967,2927,34,0
111.5370,11.0793,2749,0,0
111.5618,10.2531,2544,0,0
111.5866,11.6919,2901,0,0
111.6114,11.7483,2915,0,0
111.6362,10.8979,2704,0,0
111.6610,10.9423,2715,0,0
111.6858,11.9861,2974,0,0
111.7106,11.1599,2769,0,0
111.7354,11.4702,2846,0,0
111.7602,11.5226,2859,0,0
111.7850,12.8526,3189,0,0
111.8098,11.0430,2740,5,0
111.8346,10.5070,2607,0,0
111.8594,10.8294,2687,0,0
111.8842,11.8491,2940,0,0
111.9090,11.0188,2734,0,0
111.9338,10.1765,2525,0,0
111.9586,11.0229,2735,0,0
111.9834,11.5750,2872,0,0
112.0082,11.5831,2874,0,0
112.0330,11.2445,2790,0,0
112.0578,11.7524,2916,0,0
112.0826,11.8209,2933,0,0
112.1075,11.1236,2760,0,0
112.1323,10.9423,2715,0,0
112.1571,11.5146,2857,0,0
112.1819,11.6798,2898,0,0
112.2067,11.1236,2760,0,0
112.2315,11.0471,2741,0,0
112.2563,11.5428,2864,0,0
112.2811,12.1635,3018,95,0
112.3059,11.3252,2810,0,0
112.3307,10.4748,2599,0,0
112.3555,11.6234,2884,0,0
112.3803,12.2360,3036,0,0
112.4051,10.9906,2727,0,0
112.4299,10.7085,2657,0,0
112.4547,11.7362,2912,0,0
112.4795,11.4662,2845,0,0
112.5043,11.7040,2904,0,0
112.5291,10.8455,2691,0,0
112.5539,11.5428,2864,72,0
112.5787,12.3529,3065,0,0
112.6035,11.2083,2781,0,0
112.6283,10.8455,2691,0,0
112.6531,11.6637,2894,6,0
112.6779,12.1997,3027,0,0
112.7027,11.2365,2788,0,0
112.7275,10.5191,2610,0,0
112.7523,11.6315,2886,0,0
112.7771,11.3735,2822,0,0
112.8019,10.8375,2689,1,0
112.8267,10.7891,2677,0,0
112.8515,11.3977,2828,0,0
112.8763,11.4582,2843,0,0
112.9011,10.8052,2681,0,0
112.9259,10.6682,2647,0,0
112.9507,11.9942,2976,0,0
112.9755,11.8894,2950,17,0
113.0003,10.5110,2608,0,0
113.0251,11.3252,2810,0,0
113.0499,11.9095,2955,0,0
113.0748,11.8854,2949,0,0
113.0996,10.7649,2671,0,0
113.1244,11.0793,2749,0,0
113.1492,10.9463,2716,0,0
113.1740,11.0833,2750,0,0
113.1988,10.3619,2571,0,0
113.2236,11.3655,2820,0,0
113.2484,11.8088,2930,0,0
113.2732,12.0627,2993,0,0
113.2980,10.3579,2570,0,0
113.3228,11.1438,2765,0,0
113.3476,11.6677,2895,0,0
113.3724,10.9342,2713,0,0
113.3972,10.5272,2612,0,0
113.4220,11.7443,2914,0,0
113.4468,12.1514,3015,0,0
113.4716,10.8858,2701,0,0
113.4964,10.2329,2539,0,0
113.5212,12.0143,2981,0,0
113.5460,11.5146,2857,2,0
113.5708,10.6037,2631,0,0
113.5956,10.8335,2688,0,0
113.6204,12.0587,2992,0,0
113.6452,11.1599,2769,0,0
113.6700,12.2602,3042,0,0
113.6948,10.4022,2581,0,0
113.7196,12.4375,3086,0,0
113.7444,11.1156,2758,0,0
113.7692,11.0269,2736,0,0
113.7940,11.2647,2795,0,0
113.8188,11.8370,2937,0,0
113.8436,10.7770,2674,0,0
113.8684,10.9705,2722,0,0
113.8932,11.2083,2781,0,0
113.9180,12.3126,3055,0,0
113.9428,11.0471,2741,0,0
113.9676,11.0430,2740,0,0
113.9924,11.8934,2951,0,0
114.0173,12.4738,3095,0,0
114.0421,10.7488,2667,0,0
114.0669,10.2088,2533,0,0
114.0917,11.9418,2963,0,0
114.1165,11.4178,2833,0,0
114.1413,10.7891,2677,0,0
114.1661,10.5916,2628,0,0
114.1909,11.6516,2891,0,0
114.2157,12.1191,3007,0,0
114.2405,11.3050,2805,0,0
114.2653,10.4224,2586,0,0
114.2901,12.4295,3084,0,0
114.3149,11.2808,2799,0,0
114.3397,10.9947,2728,0,0
114.3645,11.0229,2735,0,0
114.3893,11.9700,2970,0,0
114.4141,11.4178,2833,0,0
114.4389,11.4340,2837,0,0
114.4637,11.0350,2738,0,0
114.4885,11.8330,2936,0,0
114.5133,11.5105,2856,0,0
114.5381,11.2607,2794,0,0
114.5629,11.3252,2810,0,0
114.5877,11.7362,2912,0,0
114.6125,12.0305,2985,0,0
114.6373,10.8979,2704,0,0
114.6621,11.5912,2876,0,0
114.6869,12.3851,3073,0,0
114.7117,11.3856,2825,0,0
114.7365,10.6279,2637,0,0
114.7613,11.8572,2942,0,0
114.7861,11.4178,2833,7,0
114.8109,10.6964,2654,0,0
114.8357,11.0833,2750,0,0
114.8605,12.3085,3054,0,0
114.8853,12.0506,2990,0,0
114.9101,11.0390,2739,0,0
114.9349,11.4501,2841,0,0
114.9597,12.5423,3112,0,0
114.9846,11.2083,2781,0,0
115.0094,11.5307,2861,0,0
115.0341,11.4904,2851,0,0
115.0590,12.2602,3042,0,0
115.0838,10.9463,2716,2,0
115.1086,10.3095,2558,0,0
115.1334,11.4340,2837,0,0
115.1582,12.4053,3078,0,0
115.1830,11.6274,2885,0,0
115.2078,10.8939,2703,0,0
115.2326,11.4904,2851,0,0
115.2574,12.2199,3032,0,0
115.2822,11.2445,2790,0,0
115.3070,10.3095,2558,0,0
115.3318,11.3131,2807,0,0
115.3566,11.8370,2937,0,0
115.3814,10.8979,2704,0,0
115.4062,10.5594,2620,0,0
115.4310,11.5952,2877,0,0
115.4558,11.5186,2858,0,0
115.4806,11.1438,2765,0,0
115.5054,10.4022,2581,0,0
115.5302,11.9095,2955,0,0
115.5550,11.5670,2870,0,0
115.5798,10.7891,2677,0,0
115.6046,10.6279,2637,0,0
115.6294,12.2199,3032,0,0
115.6542,11.3735,2822,0,0
115.6790,11.0592,2744,0,0
115.7038,10.7166,2659,0,0
115.7286,12.5060,3103,0,0
115.7534,11.3050,2805,0,0
115.7782,10.9826,2725,0,0
115.8030,10.8294,2687,0,0
115.8278,11.5549,2867,0,0
115.8526,10.6521,2643,0,0
115.8774,11.2647,2795,0,0
115.9022,11.1317,2762,0,0
115.9270,12.0264,2984,0,0
115.9518,10.9544,2718,0,0
115.9766,10.8899,2702,0,0
116.0014,11.3252,2810,96,0
116.0263,11.5952,2877,0,0
116.0511,11.3856,2825,0,0
116.0759,10.6198,2635,0,0
116.1007,11.8289,2935,0,0
116.1255,12.1594,3017,0,0
116.1503,10.6521,2643,0,0
116.1751,10.5554,2619,0,0
116.1999,12.2844,3048,7,0
116.2247,12.2481,3039,0,0
116.2495,11.0712,2747,0,0
116.2743,11.1156,2758,0,0
116.2991,12.3730,3070,0,0
116.3239,12.0909,3000,0,0
116.3487,10.9262,2711,0,0
116.3735,10.0234,2487,0,0
116.3983,12.4496,3089,0,0
116.4231,11.8652,2944,0,0
116.4479,12.1393,3012,0,0
116.4727,11.3977,2828,0,0
116.4975,11.9861,2974,0,0
116.5223,11.4702,2846,0,0
116.5471,11.2405,2789,0,0
116.5719,11.2365,2788,0,0
116.5967,12.5544,3115,0,0
116.6215,11.0753,2748,0,0
116.6463,10.0959,2505,0,0
116.6711,11.3131,2807,0,0
116.6959,12.1232,3008,0,0
116.7207,11.5025,2854,0,0
116.7455,10.9423,2715,0,0
116.7703,11.3252,2810,0,0
116.7951,12.3327,3060,0,0
116.8199,10.9544,2718,0,0
116.8447,10.9624,2720,0,0
116.8695,11.8612,2943,0,0
116.8943,12.2965,3051,0,0
116.9191,10.9463,2716,0,0
116.9439,10.8375,2689,0,0
116.9688,12.1635,3018,0,0
116.9936,12.1876,3024,151,0
117.0184,11.2083,2781,1,0
117.0432,10.6924,2653,0,0
117.0680,11.9458,2964,0,0
117.0928,11.6718,2896,0,0
117.1176,10.9826,2725,5,0
117.1424,10.8818,2700,0,0
117.1672,12.0546,2991,0,0
117.1920,11.7564,2917,0,0
117.2168,10.8899,2702,0,0
117.2416,10.8133,2683,0,0
117.2664,12.0466,2989,0,0
117.2912,12.2199,3032,0,0
117.3160,10.7488,2667,0,0
117.3408,10.9665,2721,0,0
117.3656,11.7524,2916,0,0
117.3904,11.8612,2943,0,0
117.4152,11.1801,2774,0,0
117.4400,10.3256,2562,0,0
117.4648,12.3851,3073,0,0
117.4896,12.3488,3064,0,0
117.5144,10.9423,2715,0,0
117.5392,10.3619,2571,0,0
117.5640,12.0546,2991,20,0
117.5888,11.5186,2858,0,0
117.6136,10.4546,2594,0,0
117.6384,10.9866,2726,0,0
117.6632,11.7967,2927,0,0
117.6880,11.5952,2877,0,0
117.7128,10.9947,2728,0,0
117.7376,10.7408,2665,0,0
117.7624,12.3851,3073,24,0
117.7872,12.2723,3045,7,0
117.8120,10.8294,2687,0,0
117.8368,10.9302,2712,0,0
117.8616,11.9942,2976,0,0
117.8864,12.1191,3007,0,0
117.9112,10.5675,2622,0,0
117.9361,10.7287,2662,0,0
117.9609,11.5952,2877,0,0
117.9857,12.1554,3016,5,0
118.0105,10.8818,2700,0,0
118.0353,10.4022,2581,0,0
118.0601,12.4295,3084,0,0
118.0849,12.6269,3133,0,0
118.1097,11.3977,2828,0,0
118.1345,10.6722,2648,0,0
118.1593,11.5952,2877,0,0
118.1841,11.8209,2933,0,0
118.2089,11.0068,2731,0,0
118.2337,10.6037,2631,0,0
118.2585,12.0909,3000,0,0
118.2833,12.1352,3011,0,0
118.3081,11.0269,2736,0,0
118.3329,10.9342,2713,0,0
118.3577,12.0466,2989,0,0
118.3825,11.6516,2891,17,0
118.4073,10.8778,2699,0,0
118.4321,10.7408,2665,0,0
118.4569,12.4980,3101,0,0
118.4817,11.5871,2875,0,0
118.5065,11.2607,2794,0,0
118.5313,10.3216,2561,0,0
118.5561,11.8934,2951,0,0
118.5809,12.4133,3080,0,0
118.6057,10.8899,2702,0,0
118.6305,10.6400,2640,0,0
118.6553,11.7564,2917,7,0
118.6801,12.4496,3089,0,0
118.7049,10.9141,2708,0,0
118.7297,10.8254,2686,0,0
118.7545,11.8249,2934,0,0
118.7793,11.7242,2909,0,0
118.8041,11.1680,2771,0,0
118.8289,10.5755,2624,0,0
118.8537,11.7322,2911,0,0
118.8785,12.3771,3071,0,0
118.9034,11.1599,2769,0,0
118.9282,10.4022,2581,0,0
118.9529,11.5871,2875,0,0
118.9778,11.6798,2898,0,0
119.0026,10.9423,2715,0,0
119.0274,10.6682,2647,0,0
119.0522,11.8007,2928,0,0
119.0770,12.5544,3115,0,0
119.1018,11.9055,2954,0,0
119.1266,11.0511,2742,0,0
119.1514,11.5710,2871,0,0
119.1762,11.2607,2794,0,0
119.2010,12.1594,3017,0,0
119.2258,11.7362,2912,0,0
119.2506,11.0269,2736,0,0
119.2754,10.7770,2674,0,0
119.3002,11.6395,2888,0,0
119.3250,12.4214,3082,0,0
119.3498,11.0753,2748,0,0
119.3746,10.7891,2677,0,0
119.3994,11.5186,2858,0,0
119.4242,12.3206,3057,0,0
119.4490,11.3856,2825,0,0
119.4738,10.6440,2641,0,0
119.4986,11.7645,2919,91,0
119.5234,12.2360,3036,108,0
119.5482,10.9141,2708,0,0
119.5730,10.9100,2707,0,0
119.5978,12.4375,3086,4,0
119.6226,11.6677,2895,0,0
119.6474,11.2889,2801,0,0
119.6722,10.5795,2625,0,0
119.6970,11.6355,2887,79,0
119.7218,12.1635,3018,0,0
119.7466,11.2123,2782,0,0
119.7714,10.6884,2652,0,0
119.7962,12.2521,3040,0,0
119.8210,11.5831,2874,0,0
119.8458,10.6682,2647,0,0
119.8706,10.8738,2698,0,0
119.8954,12.1594,3017,0,0
119.9202,11.7886,2925,0,0
119.9451,11.2042,2780,0,0
119.9699,10.5675,2622,0,0
119.9947,12.1594,3017,0,0
120.0195,11.7242,2909,0,0
120.0443,11.3534,2817,0,0
120.0691,10.3740,2574,0,0
120.0939,12.2320,3035,20,0
120.1187,11.3816,2824,0,0
120.1435,10.6440,2641,0,0
120.1683,10.8133,2683,0,0
120.1931,11.8894,2950,0,0
120.2179,11.6919,2901,6,0
120.2427,11.1881,2776,0,0
120.2675,11.3735,2822,0,0
120.2923,11.7886,2925,0,0
120.3171,11.8370,2937,0,0
120.3419,10.7287,2662,1,0
120.3667,10.6521,2643,0,0
120.3915,11.8652,2944,0,0
120.4163,11.7645,2919,0,0
120.4411,10.4264,2587,14,0
120.4659,11.1478,2766,0,0
120.4907,12.4980,3101,7,0
120.5155,11.8249,2934,0,0
120.5403,11.0592,2744,0,0
120.5651,11.0914,2752,0,0
120.5899,12.3972,3076,0,0
120.6147,12.1514,3015,0,0
120.6395,10.8979,2704,0,0
120.6643,11.6516,2891,0,0
120.6891,11.4299,2836,0,0
120.7139,11.3775,2823,4,0
120.7387,11.3534,2817,0,0
120.7635,10.9423,2715,0,0
120.7883,12.3690,3069,0,0
120.8131,11.9821,2973,0,0
120.8379,10.9221,2710,0,0
120.8627,10.6037,2631,0,0
120.8876,12.6552,3140,0,0
120.9124,11.5871,2875,0,0
120.9372,11.1438,2765,0,0
120.9620,10.7770,2674,0,0
120.9868,11.2607,2794,0,0
121.0116,12.5020,3102,0,0
121.0364,11.1156,2758,0,0
121.0612,11.1156,2758,0,0
121.0860,11.8168,2932,0,0
121.1108,11.0712,2747,0,0
121.1356,10.6239,2636,0,0
121.1604,10.6964,2654,0,0
121.1852,12.0143,2981,0,0
121.2100,11.3574,2818,0,0
121.2348,9.2133,2286,0,0
121.2596,11.9942,2976,0,0
121.2844,12.5342,3110,0,0
121.3092,11.5952,2877,0,0
121.3340,11.3171,2808,0,0
121.3588,11.4541,2842,0,0
121.3836,11.9700,2970,0,0
121.4084,11.5025,2854,0,0
121.4332,10.7569,2669,0,0
121.4580,10.7851,2676,0,0
121.4828,12.7841,3172,0,0
121.5076,11.1922,2777,0,0
121.5324,11.5629,2869,0,0
121.5572,11.2042,2780,0,0
121.5820,12.1312,3010,0,0
121.6068,11.4783,2848,0,0
121.6316,10.8818,2700,0,0
121.6564,11.1357,2763,0,0
121.6812,11.9095,2955,0,0
121.7060,11.6838,2899,0,0
121.7308,11.6677,2895,0,0
121.7556,10.5675,2622,0,0
121.7804,12.0909,3000,0,0
121.8052,11.3655,2820,0,0
121.8300,10.8617,2695,0,0
121.8549,11.2445,2790,0,0
121.8797,11.5508,2866,0,0
121.9045,11.9297,2960,0,0
121.9293,11.4743,2847,0,0
121.9541,11.3050,2805,0,0
121.9789,12.3488,3064,0,0
122.0037,11.8088,2930,0,0
122.0285,10.2289,2538,0,0
122.0533,10.9785,2724,0,0
122.0781,12.2360,3036,0,0
122.1029,11.5831,2874,0,0
122.1277,11.7282,2910,0,0
122.1525,11.6758,2897,0,0
122.1773,12.3166,3056,0,0
122.2021,11.9700,2970,0,0
122.2269,11.0712,2747,0,0
122.2517,11.6476,2890,0,0
122.2765,11.9055,2954,0,0
122.3013,11.2204,2784,0,0
122.3261,10.6964,2654,0,0
122.3509,11.3453,2815,0,0
122.3757,11.4662,2845,0,0
122.4005,11.2808,2799,0,0
122.4253,11.1317,2762,0,0
122.4501,11.8249,2934,0,0
122.4749,11.6838,2899,0,0
122.4997,10.8858,2701,3,0
122.5245,10.5795,2625,0,0
122.5493,11.6153,2882,0,0
122.5741,11.7242,2909,0,0
122.5989,11.6758,2897,0,0
122.6237,11.0350,2738,0,0
122.6485,11.8894,2950,99,0
122.6733,11.9942,2976,0,0
122.6981,11.4582,2843,0,0
122.7229,10.7125,2658,0,0
122.7477,11.9095,2955,0,0
122.7725,11.4178,2833,0,0
122.7973,11.2445,2790,0,0
122.8222,10.7891,2677,0,0
122.8470,12.0788,2997,0,0
122.8717,11.5952,2877,0,0
122.8966,11.2365,2788,0,0
122.9214,10.3256,2562,0,0
122.9462,12.1070,3004,0,0
122.9710,11.5388,2863,0,0
122.9958,11.8048,2929,0,0
123.0206,10.8657,2696,0,0
123.0454,12.1635,3018,0,0
123.0702,11.3372,2813,0,0
123.0950,11.1317,2762,0,0
123.1198,11.3252,2810,0,0
123.1446,12.0587,2992,0,0
123.1694,12.6028,3127,7,0
123.1942,11.0269,2736,0,0
123.2190,10.9826,2725,0,0
123.2438,12.1232,3008,0,0
123.2686,11.5912,2876,0,0
123.2934,11.1881,2776,0,0
123.3182,12.1473,3014,0,0
123.3430,12.4818,3097,0,0
123.3678,11.0874,2751,0,0
123.3926,10.6198,2635,0,0
123.4174,11.4138,2832,0,0
123.4422,12.4657,3093,0,0
123.4670,11.5105,2856,0,0
123.4918,10.7891,2677,0,0
123.5166,11.7362,2912,24,0
123.5414,11.5952,2877,0,0
123.5662,11.0712,2747,0,0
123.5910,10.8294,2687,0,0
123.6158,11.2123,2782,0,0
123.6406,10.7569,2669,0,0
123.6654,11.9378,2962,15,0
123.6902,12.2521,3040,0,0
123.7150,11.1317,2762,0,0
123.7398,10.3619,2571,0,0
123.7646,11.8975,2952,0,0
123.7894,11.5146,2857,0,0
123.8142,11.7604,2918,0,0
123.8391,10.6037,2631,0,0
123.8639,12.2602,3042,0,0
123.8887,12.2521,3040,0,0
123.9135,10.9947,2728,0,0
123.9383,11.5952,2877,0,0
123.9631,12.2521,3040,0,0
123.9879,10.9826,2725,0,0
124.0127,10.6964,2654,0,0
124.0375,11.8289,2935,0,0
124.0623,12.3529,3065,0,0
124.0871,12.5342,3110,0,0
124.1119,10.2329,2539,0,0
124.1367,11.8330,2936,0,0
124.1615,12.2521,3040,0,0
124.1863,10.4385,2590,0,0
124.2111,10.8858,2701,0,0
124.2359,10.7649,2671,8,0
124.2607,12.2803,3047,0,0
124.2855,11.0471,2741,0,0
124.3103,10.9906,2727,0,0
124.3351,11.9458,2964,0,0
124.3599,11.8088,2930,7,0
124.3847,11.9821,2973,0,0
124.4095,11.4904,2851,0,0
124.4343,11.7524,2916,0,0
124.4591,11.0229,2735,9,0
124.4839,12.2199,3032,0,0
124.5087,11.9458,2964,0,0
124.5335,10.2088,2533,0,0
124.5583,10.8979,2704,0,0
124.5831,11.9700,2970,159,0
124.6079,11.8652,2944,6,0
124.6327,10.9705,2722,0,0
124.6575,10.6037,2631,0,0
124.6823,12.0143,2981,0,0
124.7071,11.1639,2770,0,0
124.7319,11.0471,2741,0,0
124.7567,11.5186,2858,0,0
124.7815,11.2889,2801,0,0
124.8064,10.8173,2684,0,0
124.8312,10.6037,2631,0,0
124.8560,11.7242,2909,0,0
124.8808,11.7765,2922,0,0
124.9056,11.5105,2856,0,0
124.9304,10.5876,2627,0,0
124.9552,12.3488,3064,15,0
124.9800,12.4496,3089,0,0
125.0048,10.7770,2674,0,0
125.0296,11.0229,2735,0,0
125.0544,12.6148,3130,0,0
125.0792,12.5222,3107,0,0
125.1040,12.3730,3070,0,0
125.1288,12.5342,3110,0,0
125.1536,11.1599,2769,0,0
125.1784,10.2571,2545,0,0
125.2032,11.9660,2969,0,0
125.2280,11.5629,2869,7,0
125.2528,10.3095,2558,0,0
125.2776,11.5025,2854,0,0
125.3024,11.0592,2744,0,0
125.3272,11.1156,2758,0,0
125.3520,11.0350,2738,0,0
125.3768,10.4143,2584,0,0
125.4016,11.3292,2811,0,0
125.4264,10.9987,2729,0,0
125.4512,12.5544,3115,0,0
125.4760,12.5060,3103,0,0
125.5008,11.3977,2828,0,0
125.5256,11.1156,2758,0,0
125.5504,12.2199,3032,0,0
125.5752,11.3735,2822,0,0
125.6000,10.7408,2665,0,0
125.6248,11.5952,2877,0,0
125.6496,12.6672,3143,0,0
125.6744,11.0833,2750,0,0
125.6992,10.8133,2683,0,0
125.7240,12.2158,3031,0,0
125.7488,12.3609,3067,0,0
125.7737,11.2566,2793,0,0
125.7985,12.2481,3039,0,0
125.8233,11.1639,2770,0,0
125.8481,10.8455,2691,0,0
125.8729,11.8370,2937,0,0
125.8977,11.6718,2896,0,0
125.9225,11.2607,2794,0,0
125.9473,10.9906,2727,0,0
125.9721,12.1715,3020,0,0
125.9969,11.4662,2845,0,0
126.0217,10.4828,2601,0,0
126.0465,10.9423,2715,0,0
126.0713,11.5105,2856,0,0
126.0961,11.1680,2771,0,0
126.1209,10.8294,2687,0,0
126.1457,12.8526,3189,0,0
126.1705,12.6431,3137,0,0
126.1953,12.0506,2990,0,0
126.2201,10.8858,2701,0,0
126.2449,11.2889,2801,0,0
126.2697,11.9821,2973,0,0
126.2945,12.0788,2997,0,0
126.3193,10.7649,2671,0,0
126.3441,11.4783,2848,0,0
126.3689,12.4980,3101,0,0
126.3937,10.9906,2727,0,0
126.4185,10.8173,2684,0,0
126.4433,11.7886,2925,0,0
126.4681,12.5987,3126,0,0
126.4929,10.9826,2725,0,0
126.5177,10.9463,2716,0,0
126.5425,11.6677,2895,0,0
126.5673,12.4053,3078,0,0
126.5921,11.2123,2782,0,0
126.6169,10.6924,2653,0,0
126.6417,11.8612,2943,0,0
126.6665,12.4536,3090,0,0
126.6913,11.1599,2769,0,0
126.7161,10.3055,2557,0,0
126.7410,11.8330,2936,0,0
126.7658,11.3453,2815,0,0
126.7906,11.2083,2781,0,0
126.8154,12.0143,2981,0,0
126.8402,11.4743,2847,0,0
126.8650,12.6390,3136,0,0
126.8898,11.3292,2811,0,0
126.9146,10.6521,2643,0,0
126.9394,11.3937,2827,0,0
126.9642,11.2647,2795,0,0
126.9890,11.1357,2763,0,0
127.0138,10.8738,2698,0,0
127.0386,12.4698,3094,0,0
127.0634,11.1841,2775,0,0
127.0882,11.9337,2961,0,0
127.1130,11.8410,2938,0,0
127.1378,11.8612,2943,0,0
127.1626,11.1760,2773,0,0
127.1874,12.5987,3126,0,0
127.2122,11.2607,2794,0,0
127.2370,11.3695,2821,0,0
127.2618,11.3856,2825,0,0
127.2866,12.5383,3111,0,0
127.3114,11.1720,2772,0,0
127.3362,11.0148,2733,0,0
127.3610,11.2808,2799,0,0
127.3858,11.8975,2952,0,0
127.4106,11.5549,2867,0,0
127.4354,10.6964,2654,0,0
127.4602,11.8531,2941,0,0
127.4850,11.3655,2820,0,0
127.5098,11.3050,2805,0,0
127.5346,10.4627,2596,0,0
127.5594,11.6234,2884,0,0
127.5842,11.8330,2936,0,0
127.6090,11.0793,2749,0,0
127.6338,10.7166,2659,0,0
127.6586,11.1801,2774,0,0
127.6834,12.3892,3074,0,0
127.7082,12.6793,3146,0,0
127.7330,11.7604,2918,0,0
127.7579,11.2042,2780,0,0
127.7827,10.7125,2658,0,0
127.8075,11.5186,2858,0,0
127.8323,11.5549,2867,0,0
127.8571,12.5584,3116,0,0
127.8819,11.6798,2898,0,0
127.9067,11.1841,2775,0,0
127.9315,10.7891,2677,0,0
127.9563,10.9906,2727,5,0
127.9811,12.0546,2991,0,0
128.0059,10.8979,2704,0,0
128.0307,11.1680,2771,0,0
128.0555,12.5463,3113,0,0
128.0803,11.3252,2810,5,0
128.1051,10.0113,2484,0,0
128.1299,11.4098,2831,0,0
128.1547,12.3488,3064,0,0
128.1795,11.7886,2925,0,0
128.2043,11.4340,2837,0,0
128.2291,11.5146,2857,0,0
128.2539,11.8491,2940,0,0
128.2787,11.2889,2801,0,0
128.3035,10.8979,2704,0,0
128.3283,12.1393,3012,0,0
128.3531,12.4375,3086,0,0
128.3779,11.5871,2875,0,0
128.4027,11.3574,2818,0,0
128.4275,11.5670,2870,0,0
128.4523,11.6637,2894,0,0
128.4771,10.9826,2725,0,0
128.5019,10.8052,2681,0,0
128.5267,11.5508,2866,0,0
128.5515,12.1876,3024,0,0
128.5763,10.8858,2701,0,0
128.6011,11.0148,2733,0,0
128.6259,12.1594,3017,0,0
128.6507,12.1917,3025,0,0
128.6756,11.8612,2943,0,0
128.7003,11.5508,2866,0,0
128.7252,11.0833,2750,0,0
128.7500,10.6440,2641,0,0
128.7747,12.6310,3134,0,0
128.7996,11.3775,2823,0,0
128.8244,11.2365,2788,0,0
128.8492,10.8617,2695,0,0
128.8740,12.1594,3017,0,0
128.8988,11.9821,2973,0,0
128.9236,10.8455,2691,0,0
128.9484,11.5307,2861,0,0
128.9732,12.3488,3064,0,0
128.9980,10.9463,2716,0,0
129.0228,10.7125,2658,0,0
129.0476,11.5912,2876,0,0
129.0724,11.8088,2930,0,0
129.0972,11.0712,2747,0,0
129.1220,10.4062,2582,0,0
129.1468,12.6431,3137,0,0
129.1716,10.7649,2671,0,0
129.1964,11.8652,2944,0,0
129.2212,12.1917,3025,0,0
129.2460,11.2808,2799,0,0
129.2708,12.6068,3128,0,0
129.2956,12.0708,2995,0,0
129.3204,11.0874,2751,0,0
129.3452,11.9821,2973,0,0
129.3700,11.1760,2773,0,0
129.3948,10.7972,2679,0,0
129.4196,12.4899,3099,0,0
129.4444,10.6722,2648,0,0
129.4692,10.7649,2671,0,0
129.4940,12.6148,3130,0,0
129.5188,11.1680,2771,0,0
129.5436,11.1317,2762,0,0
129.5684,11.4299,2836,0,0
129.5932,12.5383,3111,0,0
129.6180,11.5912,2876,0,0
129.6429,10.7488,2667,0,0
129.6676,11.8934,2951,0,0
129.6924,12.1796,3022,0,0
129.7173,11.1478,2766,0,0
129.7421,11.7080,2905,0,0
129.7669,12.1393,3012,0,0
129.7917,11.6032,2879,0,0
129.8165,10.8173,2684,0,0
129.8413,10.4506,2593,0,0
129.8661,11.7886,2925,0,0
129.8909,11.6395,2888,0,0
129.9157,10.2168,2535,0,0
129.9405,11.3292,2811,0,0
129.9653,12.1715,3020,0,0
129.9901,11.2405,2789,0,0
130.0149,11.6355,2887,0,0
130.0397,11.5105,2856,0,0
130.0645,10.5191,2610,0,0
130.0893,10.3256,2562,0,0
130.1141,12.6350,3135,0,0
130.1389,11.1599,2769,0,0
130.1637,10.7770,2674,0,0
130.1885,10.4748,2599,0,0
130.2133,12.5504,3114,0,0
130.2381,11.2365,2788,0,0
130.2629,10.7770,2674,0,0
130.2877,11.6959,2902,0,0
130.3125,10.7166,2659,0,0
130.3373,11.3816,2824,0,0
130.3621,11.4985,2853,0,0
130.3869,11.1599,2769,0,0
130.4117,10.8939,2703,0,0
130.4365,11.8652,2944,0,0
130.4613,12.7237,3157,0,0
130.4861,11.8330,2936,0,0
130.5109,12.6310,3134,0,0
130.5357,11.2445,2790,0,0
130.5605,11.0350,2738,0,0
130.5853,12.2602,3042,0,0
130.6101,10.4224,2586,0,0
130.6349,12.3972,3076,0,0
130.6597,11.2969,2803,0,0
130.6846,12.2481,3039,0,0
130.7094,11.7242,2909,0,0
130.7342,10.9423,2715,0,0
130.7590,11.6516,2891,0,0
130.7838,12.2279,3034,0,0
130.8086,11.2042,2780,0,0
130.8334,10.9665,2721,0,0
130.8582,11.5871,2875,0,0
130.8830,12.5504,3114,0,0
130.9078,11.2204,2784,0,0
130.9326,10.6440,2641,0,0
130.9574,11.8975,2952,0,0
130.9822,12.4980,3101,0,0
131.0070,11.8330,2936,2,0
131.0318,11.8652,2944,0,0
131.0566,10.4546,2594,0,0
131.0814,10.4828,2601,0,0
131.1062,12.2844,3048,0,0
131.1310,11.9821,2973,0,0
131.1558,11.3211,2809,0,0
131.1806,12.0909,3000,0,0
131.2054,11.1478,2766,0,0
131.2302,11.2445,2790,0,0
131.2550,12.5544,3115,0,0
131.2798,11.4178,2833,0,0
131.3046,10.7085,2657,0,0
131.3294,11.4340,2837,0,0
131.3542,12.6914,3149,0,0
131.3790,12.4738,3095,0,0
131.4038,11.1357,2763,0,0
131.4286,11.4178,2833,0,0
131.4534,12.7196,3156,0,0
131.4782,11.3775,2823,0,0
131.5030,10.7770,2674,0,0
131.5278,12.5181,3106,0,0
131.5526,12.0305,2985,0,0
131.5774,11.1720,2772,0,0
131.6022,10.7891,2677,0,0
131.6270,12.0788,2997,0,0
131.6519,11.1236,2760,0,0
131.6767,11.8370,2937,0,0
131.7015,12.1635,3018,0,0
131.7263,10.2853,2552,3,0
131.7511,12.2360,3036,0,0
131.7759,10.9947,2728,0,0
131.8007,11.4098,2831,0,0
131.8255,10.8979,2704,0,0
131.8503,11.3735,2822,0,0
131.8751,12.5786,3121,0,0
131.8999,12.1594,3017,0,0
131.9247,11.6476,2890,0,0
131.9495,10.7085,2657,0,0
131.9743,11.3372,2813,0,0
131.9991,11.4582,2843,0,0
132.0239,10.7891,2677,0,0
132.0487,11.5025,2854,0,0
132.0735,12.1594,3017,0,0
132.0983,11.2042,2780,5,0
132.1231,12.5544,3115,0,0
132.1479,12.0264,2984,0,0
132.1727,10.4506,2593,0,0
132.1975,11.1599,2769,0,0
132.2223,10.4546,2594,0,0
132.2471,12.1232,3008,5,0
132.2719,12.0587,2992,0,0
132.2967,10.8617,2695,0,0
132.3215,11.2445,2790,0,0
132.3463,12.4496,3089,0,0
132.3711,12.2844,3048,0,0
132.3959,11.3171,2808,0,0
132.4207,11.1478,2766,0,0
132.4455,12.7116,3154,0,0
132.4703,12.0143,2981,0,0
132.4951,10.9544,2718,0,0
132.5199,11.6274,2885,0,0
132.5447,12.2682,3044,0,0
132.5695,11.5952,2877,0,0
132.5943,12.8526,3189,0,0
132.6192,11.0914,2752,0,0
132.6440,12.0143,2981,0,0
132.6688,11.5025,2854,0,0
132.6936,12.5584,3116,0,0
132.7184,10.8979,2704,0,0
132.7432,10.4264,2587,0,0
132.7680,12.5544,3115,0,0
132.7928,11.3010,2804,0,0
132.8176,12.3771,3071,0,0
132.8424,11.6516,2891,0,0
132.8672,10.8052,2681,0,0
132.8920,11.9821,2973,11,0
132.9168,12.0022,2978,0,0
132.9416,11.3131,2807,0,0
132.9664,12.1997,3027,0,0
132.9912,11.9458,2964,0,0
133.0160,10.4506,2593,0,0
133.0408,11.1680,2771,0,0
133.0656,12.6148,3130,0,0
133.0904,11.3292,2811,0,0
133.1152,10.3095,2558,0,0
133.1400,11.1478,2766,0,0
133.1648,12.6390,3136,0,0
133.1896,11.5105,2856,0,0
133.2144,10.4989,2605,0,0
133.2392,12.2521,3040,0,0
133.2640,11.5912,2876,0,0
133.2888,11.4259,2835,0,0
133.3136,10.6682,2647,0,0
133.3384,12.4738,3095,0,0
133.3632,11.2445,2790,0,0
133.3880,9.2616,2298,0,0
133.4128,11.3695,2821,0,0
133.4376,12.6914,3149,0,0
133.4624,11.2325,2787,0,0
133.4872,10.8818,2700,0,0
133.5120,11.4783,2848,0,0
133.5368,11.8934,2951,0,0
133.5616,10.9987,2729,7,0
133.5864,11.6315,2886,0,0
133.6113,11.4985,2853,0,0
133.6360,10.6682,2647,0,0
133.6609,12.2602,3042,0,0
133.6857,12.0748,2996,0,0
133.7105,11.3453,2815,0,0
133.7353,12.0305,2985,0,0
133.7601,11.8048,2929,0,0
133.7849,10.4224,2586,0,0
133.8097,11.9660,2969,0,0
133.8345,12.2844,3048,0,0
133.8593,11.1156,2758,0,0
133.8841,10.5675,2622,0,0
133.9089,12.3488,3064,0,0
133.9337,11.2244,2785,0,0
133.9585,11.8934,2951,0,0
133.9833,11.4299,2836,0,0
134.0081,10.9342,2713,0,0
134.0329,12.1030,3003,0,0
134.0577,11.4178,2833,0,0
134.0825,10.5231,2611,7,0
134.1073,12.3771,3071,0,0
134.1321,11.4219,2834,0,0
134.1569,10.9342,2713,0,0
134.1817,10.6239,2636,0,0
134.2065,12.2924,3050,0,0
134.2313,11.1156,2758,0,0
134.2561,11.3252,2810,0,0
134.2809,12.2763,3046,0,0
134.3057,11.4178,2833,0,0
134.3305,11.3534,2817,0,0
134.3553,12.0143,2981,0,0
134.3801,11.1680,2771,0,0
134.4049,10.8375,2689,0,0
134.4297,12.0345,2986,0,0
134.4545,11.7604,2918,0,0
134.4793,10.4264,2587,0,0
134.5041,10.7408,2665,0,0
134.5289,12.2924,3050,0,0
134.5537,12.7680,3168,0,0
134.5786,12.0909,3000,0,0
134.6033,11.1801,2774,0,0
134.6282,10.6964,2654,0,0
134.6530,11.5549,2867,0,0
134.6778,12.8405,3186,0,0
134.7026,11.3534,2817,0,0
134.7274,12.7962,3175,0,0
134.7522,11.2244,2785,0,0
134.7770,10.6198,2635,0,0
134.8018,11.6758,2897,0,0
134.8266,12.2682,3044,1,0
134.8514,11.5428,2864,0,0
134.8762,12.5222,3107,53,0
134.9010,11.2042,2780,0,0
134.9258,10.7770,2674,0,0
134.9506,12.0587,2992,7,0
134.9754,11.7564,2917,31,0
135.0002,12.2844,3048,0,0
135.0250,11.9700,2970,0,0
135.0498,11.3655,2820,7,0
135.0746,11.0914,2752,0,0
135.0994,12.3851,3073,0,0
135.1242,11.5952,2877,0,0
135.1490,10.7891,2677,0,0
135.1738,10.4627,2596,0,0
135.1986,11.8531,2941,0,0
135.2234,12.4980,3101,0,0
135.2482,12.0627,2993,0,0
135.2730,10.8617,2695,0,0
135.2978,12.0466,2989,0,0
135.3226,11.9821,2973,0,0
135.3474,11.0592,2744,0,0
135.3722,10.7891,2677,0,0
135.3970,12.6995,3151,0,0
135.4218,11.9660,2969,0,0
135.4466,10.7408,2665,0,0
135.4714,11.7201,2908,0,0
135.4962,10.3942,2579,0,0
135.5210,11.2647,2795,0,0
135.5459,11.9821,2973,0,0
135.5706,11.7040,2904,0,0
135.5955,11.1156,2758,0,0
135.6203,11.4461,2840,0,0
135.6451,11.1478,2766,0,0
135.6699,11.8531,2941,0,0
135.6947,10.6037,2631,0,0
135.7195,11.3695,2821,0,0
135.7443,12.0587,2992,0,0
135.7691,10.9987,2729,0,0
135.7939,12.5866,3123,0,0
135.8187,11.3695,2821,0,0
135.8435,10.7569,2669,0,0
135.8683,11.9660,2969,0,0
135.8931,12.8526,3189,0,0
135.9179,12.0708,2995,0,0
135.9427,12.8526,3189,0,0
135.9675,11.4098,2831,0,0
135.9923,10.5594,2620,0,0
136.0171,11.5146,2857,0,0
136.0419,12.5141,3105,0,0
136.0667,12.0909,3000,0,0
136.0915,12.3085,3054,112,0
136.1163,11.1841,2775,0,0
136.1411,10.7891,2677,0,0
136.1659,12.3811,3072,0,0
136.1907,12.2521,3040,7,0
136.2155,11.1881,2776,0,0
136.2403,10.5795,2625,0,0
136.2651,12.0587,2992,0,0
136.2899,11.5226,2859,0,0
136.3147,12.6914,3149,0,0
136.3395,12.0506,2990,0,0
136.3643,11.4702,2846,0,0
136.3891,12.2763,3046,0,0
136.4139,11.9418,2963,0,0
136.4387,12.6028,3127,0,0
136.4635,12.5101,3104,0,0
136.4883,12.0788,2997,0,0
136.5132,11.0390,2739,0,0
136.5379,11.9700,2970,0,0
136.5628,10.4143,2584,0,0
136.5876,12.5222,3107,0,0
136.6124,12.5786,3121,0,0
136.6372,12.0708,2995,0,0
136.6620,12.1594,3017,0,0
136.6868,11.3372,2813,0,0
136.7116,11.6637,2894,0,0
136.7364,12.6148,3130,0,0
136.7612,10.8375,2689,0,0
136.7860,12.2199,3032,0,0
136.8108,12.0748,2996,0,0
136.8356,11.3655,2820,0,0
136.8604,12.4980,3101,4,0
136.8852,11.0350,2738,0,0
136.9100,11.8692,2945,0,0
136.9348,11.8934,2951,0,0
136.9596,12.0909,3000,0,0
136.9844,10.5272,2612,0,0
137.0092,11.3735,2822,0,0
137.0340,10.8375,2689,0,0
137.0588,12.0143,2981,0,0
137.0836,12.0909,3000,0,0
137.1084,11.1599,2769,0,0
137.1332,10.9221,2710,0,0
137.1580,12.2199,3032,0,0
137.1828,12.6955,3150,0,0
137.2076,11.0712,2747,0,0
137.2324,11.4582,2843,0,0
137.2572,12.7075,3153,0,0
137.2820,11.9015,2953,0,0
137.3068,12.7680,3168,0,0
137.3316,11.3252,2810,0,0
137.3564,11.4259,2835,0,0
137.3812,11.0269,2736,0,0
137.4060,11.8209,2933,41,0
137.4308,11.8249,2934,0,0
137.4556,12.8526,3189,0,0
137.4805,11.3735,2822,0,0
137.5052,10.8455,2691,0,0
137.5300,11.4702,2846,0,0
137.5549,12.3811,3072,0,0
137.5797,10.9906,2727,0,0
137.6045,11.1599,2769,0,0
137.6293,11.9821,2973,0,0
137.6541,11.4783,2848,0,0
137.6789,11.3171,2808,0,0
137.7037,11.1680,2771,0,0
137.7285,12.2038,3028,0,0
137.7533,12.2239,3033,0,0
137.7781,12.0909,3000,0,0
137.8029,11.4017,2829,4,0
137.8277,10.5110,2608,0,0
137.8525,11.4178,2833,0,0
137.8773,10.6924,2653,0,0
137.9021,11.9700,2970,0,0
137.9269,12.6068,3128,0,0
137.9517,11.2123,2782,0,0
137.9765,11.1478,2766,0,0
138.0013,11.5146,2857,0,0
138.0261,11.8088,2930,0,0
138.0509,11.1357,2763,0,0
138.0757,10.9423,2715,0,0
138.1005,12.6431,3137,0,0
138.1253,11.5186,2858,0,0
138.1501,11.1760,2773,0,0
138.1749,10.5554,2619,3,0
138.1997,11.2325,2787,0,0
138.2245,11.9458,2964,0,0
138.2493,12.0506,2990,0,0
138.2741,12.4738,3095,0,0
138.2989,9.2375,2292,0,0
138.3237,12.4174,3081,0,0
138.3485,12.8526,3189,0,0
138.3733,11.7604,2918,0,0
138.3981,11.0229,2735,0,0
138.4229,12.0466,2989,30,0
138.4477,12.6511,3139,14,0
138.4725,11.5549,2867,0,0
138.4973,10.9544,2718,0,0
138.5222,11.3453,2815,0,0
138.5470,11.6234,2884,0,0
138.5718,10.8858,2701,0,0
138.5966,11.2365,2788,0,0
138.6214,11.8209,2933,0,0
138.6462,11.2365,2788,0,0
138.6710,12.8405,3186,0,0
138.6958,11.4461,2840,0,0
138.7206,10.7125,2658,0,0
138.7454,11.6838,2899,0,0
138.7702,12.5423,3112,0,0
138.7950,11.6758,2897,0,0
138.8198,12.5584,3116,0,0
138.8446,11.9498,2965,0,0
138.8694,12.1514,3015,0,0
138.8942,11.4783,2848,0,0
138.9190,11.1317,2762,0,0
138.9438,12.5101,3104,0,0
138.9686,11.6395,2888,0,0
138.9934,10.8657,2696,0,0
139.0182,12.1514,3015,0,0
139.0430,11.0430,2740,0,0
139.0678,11.0269,2736,7,0
139.0926,12.6148,3130,0,0
139.1174,11.7886,2925,0,0
139.1422,11.8733,2946,0,0
139.1670,11.9982,2977,0,0
139.1918,10.8939,2703,0,0
139.2166,11.9095,2955,26,0
139.2414,12.4698,3094,5,0
139.2662,11.0793,2749,0,0
139.2910,10.0314,2489,0,0
139.3158,11.3534,2817,0,0
139.3406,12.7801,3171,0,0
139.3654,10.8617,2695,0,0
139.3902,10.6682,2647,0,0
139.4150,12.1191,3007,0,0
139.4398,12.1070,3004,0,0
139.4646,11.8168,2932,0,0
139.4895,11.9458,2964,0,0
139.5143,11.4299,2836,0,0
139.5391,11.1156,2758,0,0
139.5639,12.5866,3123,0,0
139.5887,11.4178,2833,0,0
139.6135,10.4143,2584,0,0
139.6383,12.2844,3048,0,0
139.6631,12.3085,3054,0,0
139.6879,11.1881,2776,6,0
139.7127,10.9503,2717,0,0
139.7375,11.9418,2963,9,0
139.7623,12.1030,3003,0,0
139.7871,11.1922,2777,0,0
139.8119,11.6395,2888,0,0
139.8367,12.6834,3147,0,0
139.8615,11.9942,2976,0,0
139.8863,12.8526,3189,0,0
139.9111,11.2526,2792,0,0
139.9359,12.2844,3048,0,0
139.9607,11.7362,2912,0,0
139.9855,11.2889,2801,0,0
140.0103,11.6677,2895,127,0
140.0351,12.0345,2986,0,0
140.0599,11.3775,2823,0,0
140.0847,10.9423,2715,0,0
140.1095,10.6037,2631,0,0
140.1343,11.9378,2962,0,0
140.1591,10.8455,2691,0,0
140.1839,11.3856,2825,0,0
140.2087,11.2889,2801,0,0
140.2335,11.4017,2829,0,0
140.2583,9.4511,2345,0,0
140.2831,11.4178,2833,0,0
140.3079,12.3488,3064,0,0
140.3327,11.6153,2882,0,0
140.3575,11.5307,2861,0,0
140.3823,11.3372,2813,0,0
140.4072,10.8455,2691,0,0
140.4319,11.6798,2898,0,0
140.4568,12.4295,3084,0,0
140.4816,11.0229,2735,0,0
140.5064,11.4702,2846,0,0
140.5312,12.3771,3071,0,0
140.5560,11.3655,2820,0,0
140.5808,12.1232,3008,0,0
140.6056,11.1881,2776,0,0
140.6304,11.7040,2904,0,0
140.6552,11.6395,2888,0,0
140.6800,11.1599,2769,0,0
140.7048,10.6037,2631,0,0
140.7296,11.7886,2925,0,0
140.7544,11.0712,2747,0,0
140.7792,12.5625,3117,0,0
140.8040,12.7075,3153,0,0
140.8288,12.7478,3163,0,0
140.8536,11.1357,2763,1,0
140.8784,11.5750,2872,0,0
140.9032,12.2844,3048,7,0
140.9280,12.1917,3025,0,0
140.9528,11.0793,2749,0,0
140.9776,10.9665,2721,0,0
141.0024,12.3569,3066,0,0
141.0272,11.6153,2882,0,0
141.0520,11.1317,2762,0,0
141.0768,11.5146,2857,0,0
141.1016,12.7882,3173,2,0
141.1264,11.5307,2861,0,0
141.1512,10.4828,2601,0,0
141.1760,12.7075,3153,0,0
141.2008,12.2199,3032,0,0
141.2256,11.1639,2770,0,0
141.2504,10.9423,2715,0,0
141.2752,12.2682,3044,0,0
141.3000,12.2481,3039,8,0
141.3248,10.8294,2687,0,0
141.3496,10.6964,2654,0,0
141.3745,12.7519,3164,0,0
141.3992,11.4662,2845,0,0
141.4240,11.1156,2758,0,0
141.4489,11.2365,2788,0,0
141.4736,11.4743,2847,0,0
141.4985,11.8934,2951,0,0
141.5233,12.5342,3110,0,0
141.5481,11.2889,2801,0,0
141.5729,11.8531,2941,0,0
141.5977,11.8975,2952,0,0
141.6225,11.9458,2964,0,0
141.6473,11.1317,2762,0,0
141.6721,10.7972,2679,0,0
141.6969,12.3166,3056,0,0
141.7217,12.3247,3058,0,0
141.7465,11.1639,2770,0,0
141.7713,10.6400,2640,0,0
141.7961,12.6632,3142,0,0
141.8209,11.8652,2944,7,0
141.8457,10.9342,2713,0,0
141.8705,11.5428,2864,0,0
141.8953,12.0627,2993,0,0
141.9201,12.1191,3007,0,0
141.9449,11.0672,2746,0,0
141.9697,12.1393,3012,0,0
141.9945,12.4174,3081,0,0
142.0193,11.3292,2811,5,0
142.0441,11.6516,2891,0,0
142.0689,11.3655,2820,0,0
142.0937,11.0833,2750,0,0
142.1185,12.2158,3031,0,0
142.1433,11.4340,2837,0,0
142.1681,12.5987,3126,0,0
142.1929,10.5191,2610,0,0
142.2177,12.3730,3070,0,0
142.2425,11.4541,2842,0,0
142.2673,11.5952,2877,0,0
142.2921,11.3937,2827,0,0
142.3169,12.6955,3150,0,0
142.3417,12.6390,3136,0,0
142.3665,10.4143,2584,0,0
142.3913,11.1236,2760,0,0
142.4162,10.9826,2725,0,0
142.4409,11.8007,2928,0,0
142.4658,11.6597,2893,3,0
142.4906,12.8526,3189,0,0
142.5154,11.0350,2738,0,0
142.5402,12.7317,3159,0,0
142.5650,12.4859,3098,0,0
142.5898,11.1599,2769,0,0
142.6146,10.5675,2622,0,0
142.6394,12.4899,3099,0,0
142.6642,11.9337,2961,0,0
142.6890,10.8979,2704,0,0
142.7138,12.3811,3072,0,0
142.7386,12.2763,3046,0,0
142.7634,12.0143,2981,0,0
142.7882,10.7891,2677,0,0
142.8130,11.5670,2870,0,0
142.8378,11.8531,2941,0,0
142.8626,12.3166,3056,5,0
142.8874,11.2808,2799,0,0
142.9122,11.5952,2877,0,0
142.9370,12.5222,3107,0,0
142.9618,11.0592,2744,1,0
142.9866,10.3740,2574,0,0
143.0114,10.3135,2559,0,0
143.0362,11.7886,2925,11,0
143.0610,11.3050,2805,0,0
143.0858,10.5110,2608,0,0
143.1106,11.4985,2853,0,0
143.1354,11.4340,2837,0,0
143.1602,11.7121,2906,0,0
143.1850,11.0148,2733,0,0
143.2098,12.1030,3003,0,0
143.2346,12.1352,3011,0,0
143.2594,12.2199,3032,0,0
143.2842,11.5307,2861,0,0
143.3090,12.6874,3148,0,0
143.3338,11.8410,2938,0,0
143.3586,10.9665,2721,0,0
143.3835,11.6758,2897,0,0
143.4082,12.1715,3020,0,0
143.4331,11.1801,2774,0,0
143.4579,12.2723,3045,0,0
143.4827,11.2768,2798,0,0
143.5075,10.8173,2684,0,0
143.5323,11.4461,2840,0,0
143.5571,12.6148,3130,0,0
143.5819,11.9821,2973,0,0
143.6067,12.6672,3143,0,0
143.6315,11.4582,2843,0,0
143.6563,10.8455,2691,0,0
143.6811,12.6834,3147,2,0
143.7059,10.2692,2548,0,0
143.7307,11.8088,2930,0,0
143.7555,12.2803,3047,0,0
143.7803,11.3735,2822,0,0
143.8051,11.3937,2827,0,0
143.8299,12.4496,3089,0,0
143.8547,12.1232,3008,0,0
143.8795,12.8526,3189,0,0
143.9043,11.4702,2846,0,0
143.9291,10.6078,2632,0,0
143.9539,11.5428,2864,0,0
143.9787,10.5755,2624,0,0
144.0035,11.8733,2946,0,0
144.0283,11.8249,2934,0,0
144.0531,11.2647,2795,0,0
144.0779,12.3206,3057,0,0
144.1027,11.4178,2833,0,0
144.1275,10.8617,2695,0,0
144.1523,12.7035,3152,0,0
144.1771,12.1232,3008,0,0
144.2019,12.0143,2981,0,0
144.2267,11.6798,2898,0,0
144.2515,11.3775,2823,0,0
144.2763,12.2320,3035,0,0
144.3011,12.4980,3101,0,0
144.3259,12.0909,3000,0,0
144.3508,12.6955,3150,0,0
144.3755,11.5105,2856,6,0
144.4004,11.1801,2774,0,0
144.4252,10.8939,2703,0,0
144.4500,10.9745,2723,0,0
144.4748,11.1317,2762,0,0
144.4996,11.0592,2744,0,0
144.5244,11.5226,2859,0,0
144.5492,11.1881,2776,0,0
144.5740,11.8934,2951,0,0
144.5988,11.7403,2913,0,0
144.6236,11.5912,2876,2,0
144.6484,10.8617,2695,0,0
144.6732,12.4738,3095,0,0
144.6980,11.8330,2936,0,0
144.7228,10.9342,2713,0,0
144.7476,12.5665,3118,0,0
144.7724,10.8455,2691,0,0
144.7972,11.9378,2962,0,0
144.8220,12.1352,3011,0,0
144.8468,11.3211,2809,0,0
144.8716,10.4264,2587,0,0
144.8964,12.3126,3055,0,0
144.9212,12.3851,3073,0,0
144.9460,11.2083,2781,0,0
144.9708,10.6400,2640,0,0
144.9956,12.4375,3086,0,0
145.0204,11.2607,2794,0,0
145.0452,11.5629,2869,0,0
145.0700,11.1478,2766,0,0
145.0948,11.1156,2758,0,0
145.1196,11.8007,2928,0,0
145.1444,12.3851,3073,0,0
145.1692,10.8858,2701,0,0
145.1940,10.9826,2725,0,0
145.2188,11.7604,2918,0,0
145.2436,12.5907,3124,0,0
145.2684,12.6552,3140,0,0
145.2932,12.8526,3189,0,0
145.3181,12.5504,3114,0,0
145.3428,11.7121,2906,0,0
145.3676,11.1236,2760,0,0
145.3925,11.4904,2851,0,0
145.4173,12.8526,3189,0,0
145.4421,11.1236,2760,0,0
145.4669,12.7962,3175,0,0
145.4917,11.0914,2752,0,0
145.5165,10.8294,2687,0,0
145.5413,11.8612,2943,0,0
145.5661,11.9418,2963,0,0
145.5909,11.5226,2859,0,0
145.6157,10.4022,2581,0,0
145.6405,12.7640,3167,0,0
145.6653,11.6798,2898,0,0
145.6901,11.4904,2851,0,0
145.7149,11.0390,2739,0,0
145.7397,12.6552,3140,0,0
145.7645,10.8375,2689,0,0
145.7893,11.3131,2807,0,0
145.8141,11.6274,2885,0,0
145.8389,12.3851,3073,0,0
145.8637,11.8934,2951,0,0
145.8885,10.7891,2677,0,0
145.9133,12.6431,3137,0,0
145.9381,12.4174,3081,3,0
145.9629,11.4622,2844,1,0
145.9877,12.0022,2978,0,0
146.0125,12.4375,3086,0,0
146.0373,11.8209,2933,4,0
146.0621,11.1881,2776,0,0
146.0869,12.2360,3036,0,0
146.1117,9.9266,2463,0,0
146.1365,10.4748,2599,0,0
146.1613,11.3534,2817,0,0
146.1861,11.5226,2859,0,0
146.2109,11.5750,2872,0,0
146.2357,11.3292,2811,0,0
146.2605,11.0390,2739,0,0
146.2853,12.6431,3137,0,0
146.3102,11.5025,2854,0,0
146.3349,12.0949,3001,0,0
146.3598,11.9055,2954,0,0
146.3846,11.5871,2875,0,0
146.4094,11.7967,2927,0,0
146.4342,11.5307,2861,0,0
146.4590,12.3851,3073,0,0
146.4838,12.5222,3107,0,0
146.5086,11.1760,2773,0,0
146.5334,10.6440,2641,0,0
146.5582,12.4375,3086,0,0
146.5830,12.5342,3110,0,0
146.6078,11.2365,2788,0,0
146.6326,12.6552,3140,0,0
146.6574,11.6758,2897,0,0
146.6822,11.6597,2893,0,0
146.7070,12.5383,3111,0,0
146.7318,12.0788,2997,0,0
146.7566,10.6118,2633,0,0
146.7814,11.8531,2941,0,0
146.8062,12.5987,3126,0,0
146.8310,11.3574,2818,0,0
146.8558,11.1357,2763,0,0
146.8806,11.1881,2776,0,0
146.9054,10.6924,2653,0,0
146.9302,12.5866,3123,0,0
146.9550,10.9906,2727,0,0
146.9798,12.5907,3124,0,0
147.0046,11.5952,2877,0,0
147.0294,12.0143,2981,0,0
147.0542,11.0753,2748,0,0
147.0790,11.4985,2853,0,0
147.1038,11.0592,2744,0,0
147.1286,11.2445,2790,0,0
147.1534,12.0345,2986,0,0
147.1782,12.7075,3153,0,0
147.2030,12.0264,2984,14,0
147.2278,10.9342,2713,0,0
147.2526,12.3166,3056,0,0
147.2775,11.3775,2823,0,0
147.3022,11.7886,2925,0,0
147.3271,12.1352,3011,0,0
147.3519,12.6552,3140,0,0
147.3767,12.3005,3052,0,0
147.4015,12.7075,3153,0,0
147.4263,11.7080,2905,0,0
147.4511,11.1357,2763,0,0
147.4759,12.4496,3089,0,0
147.5007,11.6838,2899,0,0
147.5255,11.3372,2813,0,0
147.5503,10.6521,2643,0,0
147.5751,11.2889,2801,0,0
147.5999,12.6350,3135,0,0
147.6247,12.4093,3079,0,0
147.6495,11.3856,2825,0,0
147.6743,12.3488,3064,0,0
147.6991,11.6597,2893,0,0
147.7239,12.6310,3134,0,0
147.7487,11.4783,2848,0,0
147.7735,12.2239,3033,0,0
147.7983,11.2244,2785,0,0
147.8231,12.8526,3189,0,0
147.8479,10.9463,2716,0,0
147.8727,11.5428,2864,0,0
147.8975,11.3856,2825,0,0
147.9223,12.5866,3123,0,0
147.9471,12.0788,2997,0,0
147.9719,11.4702,2846,0,0
147.9967,12.7317,3159,0,0
148.0215,11.0430,2740,0,0
148.0463,11.8531,2941,0,0
148.0711,12.2199,3032,0,0
148.0959,10.7770,2674,0,0
148.1207,10.9463,2716,0,0
148.1455,12.3206,3057,0,0
148.1703,11.6677,2895,0,0
148.1951,11.5831,2874,0,0
148.2199,12.2199,3032,0,0
148.2448,11.2969,2803,0,0
148.2695,12.0708,2995,0,0
148.2944,11.4138,2832,0,0
148.3192,12.8365,3185,0,0
148.3440,12.6269,3133,0,0
148.3688,11.4864,2850,0,0
148.3936,11.3574,2818,0,0
148.4184,12.7478,3163,0,0
148.4432,12.2844,3048,0,0
148.4680,11.5508,2866,0,0
148.4928,10.7166,2659,0,0
148.5176,12.0909,3000,0,0
148.5424,11.1760,2773,0,0
148.5672,10.4022,2581,0,0
148.5920,11.3695,2821,0,0
148.6168,11.0833,2750,0,0
148.6416,11.6838,2899,0,0
148.6664,11.9055,2954,0,0
148.6912,11.8451,2939,0,0
148.7160,11.1680,2771,0,0
148.7408,10.5272,2612,0,0
148.7656,10.6722,2648,0,0
148.7904,12.7116,3154,0,0
148.8152,12.4053,3078,0,0
148.8400,12.0909,3000,0,0
148.8648,11.6395,2888,0,0
148.8896,12.0022,2978,0,0
148.9144,11.6919,2901,0,0
148.9392,12.6552,3140,0,0
148.9640,10.8173,2684,0,0
148.9888,11.1075,2756,0,0
149.0136,11.7967,2927,0,0
149.0384,12.7116,3154,0,0
149.0632,12.6672,3143,0,0
149.0880,12.4496,3089,0,0
149.1128,11.0833,2750,4,0
149.1376,12.8526,3189,0,0
149.1624,12.6431,3137,0,0
149.1872,11.2204,2784,0,0
149.2121,12.4738,3095,0,0
149.2368,11.6234,2884,0,0
149.2616,10.3256,2562,0,0
149.2865,11.6637,2894,0,0
149.3112,11.2325,2787,0,0
149.3361,12.2441,3038,0,0
149.3609,11.0390,2739,0,0
149.3857,10.9544,2718,0,0
149.4105,11.4219,2834,0,0
149.4353,12.2844,3048,0,0
149.4601,12.3972,3076,0,0
149.4849,10.9705,2722,0,0
149.5097,11.0592,2744,0,0
149.5345,12.3085,3054,0,0
149.5593,12.7761,3170,1,0
149.5841,11.9700,2970,0,0
149.6089,12.0506,2990,0,0
149.6337,11.0753,2748,0,0
149.6585,12.0909,3000,0,0
149.6833,11.3252,2810,0,0
149.7081,12.4053,3078,31,0
149.7329,11.3372,2813,0,0
149.7577,11.3856,2825,0,0
149.7825,11.1680,2771,0,0
149.8073,12.4496,3089,0,0
149.8321,11.6798,2898,0,0
149.8569,12.5383,3111,0,0
149.8817,12.0466,2989,0,0
149.9065,11.9660,2969,0,0
149.9313,11.2607,2794,0,0
149.9561,12.8526,3189,0,0
149.9809,11.6758,2897,0,0
150.0057,12.4053,3078,0,0
150.0305,12.3972,3076,0,0
150.0553,11.3655,2820,0,0
150.0801,11.1599,2769,0,0
150.1049,10.8979,2704,0,0
150.1297,11.1156,2758,0,0
150.1545,12.7478,3163,0,0
150.1793,11.5428,2864,0,0
150.2041,11.0712,2747,0,0
150.2289,11.7967,2927,0,0
150.2538,12.0264,2984,0,0
150.2785,12.4295,3084,0,0
150.3034,12.0788,2997,0,0
150.3282,10.8617,2695,0,0
150.3530,11.7242,2909,0,0
150.3778,12.6552,3140,0,0
150.4026,11.8692,2945,0,0
150.4274,12.2199,3032,0,0
150.4522,11.3735,2822,0,0
150.4770,12.5907,3124,205,0
150.5018,12.0305,2985,0,0
150.5266,10.5191,2610,0,0
150.5514,11.3534,2817,0,0
150.5762,11.3775,2823,0,0
150.6010,12.4496,3089,0,0
150.6258,11.3856,2825,0,0
150.6506,12.1635,3018,0,0
150.6754,12.0708,2995,0,0
150.7002,11.5025,2854,15,0
150.7250,11.2607,2794,0,0
150.7498,12.5020,3102,0,0
150.7746,12.4335,3085,0,0
150.7994,12.1514,3015,0,0
150.8242,12.2521,3040,0,0
150.8490,11.4219,2834,0,0
150.8738,11.1720,2772,0,0
150.8986,12.1030,3003,0,0
150.9234,11.1881,2776,0,0
150.9482,10.6037,2631,0,0
150.9730,11.7564,2917,0,0
150.9978,12.2521,3040,0,0
151.0226,11.4783,2848,0,0
151.0474,12.7116,3154,0,0
151.0722,11.1922,2777,0,0
151.0970,10.9665,2721,0,0
151.1218,12.2481,3039,0,0
151.1466,11.9539,2966,0,0
151.1714,11.2607,2794,0,0
151.1962,12.5423,3112,21,0
151.2211,10.9665,2721,0,0
151.2458,12.0788,2997,0,0
151.2707,12.8365,3185,0,0
151.2955,12.3206,3057,0,0
151.3203,12.2199,3032,0,0
151.3451,11.5670,2870,7,0
151.3699,10.7488,2667,0,0
151.3947,12.4133,3080,0,0
151.4195,12.8526,3189,0,0
151.4443,12.7358,3160,0,0
151.4691,11.7806,2923,0,0
151.4939,10.5916,2628,0,0
151.5187,10.4748,2599,0,0
151.5435,12.1070,3004,13,0
151.5683,12.6874,3148,0,0
151.5931,11.8692,2945,0,0
151.6179,12.7277,3158,0,0
151.6427,11.3292,2811,0,0
151.6675,12.7075,3153,0,0
151.6923,10.8173,2684,0,0
151.7171,11.1156,2758,0,0
151.7419,12.1232,3008,0,0
151.7667,11.9498,2965,0,0
151.7915,11.6355,2887,0,0
151.8163,11.1156,2758,0,0
151.8411,12.4295,3084,0,0
151.8659,11.7483,2915,0,0
151.8907,12.2521,3040,0,0
151.9155,11.5226,2859,2,0
151.9403,12.6148,3130,0,0
151.9651,10.9906,2727,0,0
151.9899,12.3327,3060,0,0
152.0147,11.2405,2789,0,0
152.0395,12.4295,3084,0,0
152.0643,12.1473,3014,0,0
152.0891,10.7327,2663,0,0
152.1139,11.5146,2857,0,0
152.1387,11.0188,2734,0,0
152.1635,11.5428,2864,0,0
152.1884,11.1639,2770,0,0
152.2132,11.6919,2901,0,0
152.2380,11.0430,2740,0,0
152.2628,12.4738,3095,0,0
152.2876,11.8410,2938,0,0
152.3124,12.4859,3098,0,0
152.3372,11.6758,2897,0,0
152.3620,11.3775,2823,0,0
152.3868,10.8133,2683,0,0
152.4116,12.1232,3008,0,0
152.4364,11.3534,2817,0,0
152.4612,12.6592,3141,0,0
152.4860,12.5222,3107,3,0
152.5108,12.1796,3022,0,0
152.5356,12.1070,3004,0,0
152.5604,11.8531,2941,0,0
152.5852,11.8007,2928,0,0
152.6100,12.1917,3025,0,0
152.6348,11.5428,2864,0,0
152.6596,12.0909,3000,0,0
152.6844,12.2521,3040,0,0
152.7092,11.9095,2955,0,0
152.7340,12.2602,3042,5,0
152.7588,12.5463,3113,0,0
152.7836,11.5428,2864,0,0
152.8084,12.2360,3036,0,0
152.8332,12.1312,3010,0,0
152.8580,11.9055,2954,0,0
152.8828,12.6793,3146,0,0
152.9076,11.3050,2805,0,0
152.9324,12.3206,3057,0,0
152.9572,11.0712,2747,0,0
152.9820,10.9705,2722,0,0
153.0068,11.5025,2854,0,0
153.0316,10.8979,2704,0,0
153.0564,12.7358,3160,0,0
153.0812,12.0788,2997,0,0
153.1060,11.4178,2833,0,0
153.1308,11.0712,2747,0,0
153.1557,12.3005,3052,0,0
153.1805,11.0592,2744,0,0
153.2052,12.4496,3089,0,0
153.2301,11.6798,2898,0,0
153.2549,12.7116,3154,0,0
153.2797,11.4622,2844,0,0
153.3045,11.1478,2766,0,0
153.3293,11.5025,2854,0,0
153.3541,11.2123,2782,0,0
153.3789,12.0143,2981,0,0
153.4037,12.5584,3116,2,0
153.4285,11.6637,2894,0,0
153.4533,11.7967,2927,0,0
153.4781,11.5186,2858,200,0
153.5029,11.9821,2973,0,0
153.5277,10.7972,2679,0,0
153.5525,10.8858,2701,0,0
153.5773,12.8083,3178,0,0
153.6021,12.7801,3171,0,0
153.6269,11.2042,2780,0,0
153.6517,11.0390,2739,0,0
153.6765,12.4093,3079,0,0
153.7013,11.6798,2898,0,0
153.7261,12.6269,3133,0,0
153.7509,11.2365,2788,0,0
153.7757,12.6350,3135,0,0
153.8005,11.5710,2871,0,0
153.8253,12.8164,3180,0,0
153.8501,11.3977,2828,2,0
153.8749,11.1801,2774,0,0
153.8997,12.0506,2990,0,0
153.9245,12.0909,3000,0,0
153.9493,11.4178,2833,0,0
153.9741,11.4783,2848,0,0
153.9989,12.4053,3078,0,0
154.0237,12.3650,3068,4,0
154.0485,11.3131,2807,0,0
154.0733,11.2244,2785,0,0
154.0981,12.2279,3034,0,0
154.1229,11.7242,2909,0,0
154.1478,12.2481,3039,0,0
154.1725,12.8204,3181,0,0
154.1974,10.6118,2633,0,0
154.2222,11.3695,2821,0,0
154.2470,12.7196,3156,0,0
154.2718,12.0909,3000,0,0
154.2966,12.7801,3171,0,0
154.3214,11.6838,2899,0,0
154.3462,10.5755,2624,0,0
154.3710,11.5831,2874,0,0
154.3958,11.1639,2770,0,0
154.4206,10.9785,2724,0,0
154.4454,12.7559,3165,31,0
154.4702,11.3372,2813,0,0
154.4950,12.8526,3189,0,0
154.5198,11.5508,2866,0,0
154.5446,11.8168,2932,0,0
154.5694,11.5952,2877,0,0
154.5942,12.8526,3189,0,0
154.6190,11.1357,2763,0,0
154.6438,11.7604,2918,0,0
154.6686,12.0909,3000,0,0
154.6934,11.8330,2936,0,0
154.7182,11.3292,2811,0,0
154.7430,11.6395,2888,0,0
154.7678,12.1232,3008,0,0
154.7926,12.3166,3056,0,0
154.8174,11.9055,2954,0,0
154.8422,10.9221,2710,0,0
154.8670,11.8934,2951,0,0
154.8918,12.6148,3130,0,0
154.9166,11.7604,2918,0,0
154.9414,12.2803,3047,0,0
154.9662,10.8375,2689,0,0
154.9910,12.5342,3110,0,0
155.0158,11.3292,2811,0,0
155.0406,12.2682,3044,0,0
155.0654,11.4098,2831,0,0
155.0902,11.8934,2951,0,0
155.1151,10.6400,2640,0,0
155.1398,11.1357,2763,0,0
155.1647,12.4174,3081,0,0
155.1895,11.7886,2925,0,0
155.2143,12.2360,3036,0,0
155.2391,11.0269,2736,3,0
155.2639,12.8526,3189,0,0
155.2887,11.1760,2773,0,0
155.3135,12.8526,3189,0,0
155.3383,11.7524,2916,0,0
155.3631,12.5987,3126,0,0
155.3879,12.8526,3189,0,0
155.4127,12.0466,2989,0,0
155.4375,11.5146,2857,2,0
155.4623,11.1922,2777,0,0
155.4871,11.2889,2801,0,0
155.5119,12.5786,3121,0,0
155.5367,11.5952,2877,0,0
155.5615,12.2279,3034,0,0
155.5863,12.4496,3089,0,0
155.6111,11.4985,2853,0,0
155.6359,11.7362,2912,0,0
155.6607,11.1760,2773,0,0
155.6855,12.0788,2997,0,0
155.7103,11.9700,2970,0,0
155.7351,11.4582,2843,0,0
155.7599,11.3292,2811,0,0
155.7847,12.0788,2997,0,0
155.8095,10.6884,2652,0,0
155.8343,12.2682,3044,0,0
155.8591,12.0546,2991,0,0
155.8839,11.8692,2945,0,0
155.9087,11.9821,2973,0,0
155.9335,11.6355,2887,0,0
155.9583,11.8410,2938,0,0
155.9831,12.8526,3189,0,0
156.0079,11.3292,2811,0,0
156.0327,12.7075,3153,0,0
156.0575,11.7886,2925,0,0
156.0824,12.7801,3171,0,0
156.1071,11.4582,2843,0,0
156.1320,12.5020,3102,0,0
156.1568,12.1715,3020,0,0
156.1816,11.2244,2785,0,0
156.2064,11.2123,2782,0,0
156.2312,12.7640,3167,0,0
156.2560,11.0350,2738,0,0
156.2808,11.9095,2955,0,0
156.3056,11.4582,2843,2,0
156.3304,12.0466,2989,0,0
156.3552,11.0148,2733,0,0
156.3800,12.3811,3072,0,0
156.4048,12.1715,3020,0,0
156.4296,11.5549,2867,0,0
156.4544,11.6919,2901,160,0
156.4792,11.9821,2973,0,0
156.5040,11.9821,2973,0,0
156.5288,11.4622,2844,0,0
156.5536,11.8048,2929,0,0
156.5784,12.8123,3179,0,0
156.6032,12.1393,3012,0,0
156.6280,11.9095,2955,0,0
156.6528,12.2521,3040,0,0
156.6776,12.6148,3130,19,0
156.7024,11.1236,2760,0,0
156.7272,10.6602,2645,0,0
156.7520,10.9463,2716,0,0
156.7768,11.0592,2744,0,0
156.8016,12.7317,3159,0,0
156.8264,12.5060,3103,0,0
156.8512,11.1357,2763,0,0
156.8760,11.6234,2884,0,0
156.9008,11.4702,2846,0,0
156.9256,12.7358,3160,0,0
156.9504,12.7640,3167,23,0
156.9752,11.8249,2934,0,0
157.0000,10.7649,2671,0,0
157.0248,11.6798,2898,0,0
157.0497,12.5625,3117,0,0
157.0744,11.5307,2861,0,0
157.0992,11.2365,2788,0,0
157.1241,11.6677,2895,0,0
157.1488,11.2889,2801,0,0
157.1737,11.2889,2801,0,0
157.1985,11.8934,2951,0,0
157.2233,12.0143,2981,0,0
157.2481,11.7242,2909,0,0
157.2729,12.8526,3189,0,0
157.2977,11.5105,2856,0,0
157.3225,11.5549,2867,0,0
157.3473,11.3453,2815,0,0
157.3721,12.8405,3186,0,0
157.3969,11.4098,2831,0,0
157.4217,12.4818,3097,0,0
157.4465,11.3292,2811,0,0
157.4713,10.9463,2716,0,0
157.4961,11.7040,2904,0,0
157.5209,12.1876,3024,0,0
157.5457,11.1760,2773,0,0
157.5705,12.7277,3158,0,0
157.5953,11.4138,2832,0,0
157.6201,11.0430,2740,0,0
157.6449,12.8083,3178,0,0
157.6697,11.7282,2910,0,0
157.6945,11.0430,2740,0,0
157.7193,12.2360,3036,0,0
157.7441,12.8526,3189,0,0
157.7689,11.0592,2744,0,0
157.7937,12.3488,3064,0,0
157.8185,11.4702,2846,0,0
157.8433,12.0587,2992,0,0
157.8681,12.0425,2988,0,0
157.8929,12.3327,3060,0,0
157.9177,11.8934,2951,0,0
157.9425,12.0506,2990,0,0
157.9673,11.4259,2835,0,0
157.9921,11.1357,2763,0,0
158.0169,12.2441,3038,0,0
158.0417,12.8204,3181,15,0
158.0665,12.1594,3017,0,0
158.0914,12.2924,3050,10,0
158.1161,12.4496,3089,0,0
158.1410,11.1357,2763,0,0
158.1658,12.7317,3159,0,0
158.1906,11.6516,2891,0,0
158.2154,12.7358,3160,0,0
158.2402,11.6677,2895,0,0
158.2650,12.6632,3142,0,0
158.2898,11.7886,2925,0,0
158.3146,11.7564,2917,0,0
158.3394,11.8652,2944,0,0
158.3642,12.3730,3070,0,0
158.3890,11.2808,2799,0,0
158.4138,12.8526,3189,0,0
158.4386,11.0390,2739,0,0
158.4634,11.5831,2874,0,0
158.4882,11.9055,2954,0,0
158.5130,12.8526,3189,0,0
158.5378,11.6113,2881,0,0
158.5626,12.2360,3036,4,0
158.5874,11.5146,2857,0,0
158.6122,11.0430,2740,0,0
158.6370,12.6672,3143,0,0
158.6618,12.5786,3121,0,0
158.6866,12.8526,3189,0,0
158.7114,12.1796,3022,0,0
158.7362,11.1599,2769,0,0
158.7610,11.8088,2930,0,0
158.7858,10.5755,2624,0,0
158.8106,11.4098,2831,0,0
158.8354,12.7680,3168,0,0
158.8602,11.5146,2857,0,0
158.8850,12.3287,3059,0,0
158.9098,12.2924,3050,0,0
158.9346,12.8526,3189,0,0
158.9594,11.9337,2961,0,0
158.9842,11.2123,2782,0,0
159.0090,11.9660,2969,0,0
159.0338,11.2566,2793,0,0
159.0587,11.5549,2867,0,0
159.0835,11.0390,2739,0,0
159.1083,12.1796,3022,0,0
159.1331,11.8692,2945,0,0
159.1579,12.1232,3008,0,0
159.1827,12.0506,2990,0,0
159.2075,11.3010,2804,0,0
159.2323,10.6239,2636,0,0
159.2571,12.5342,3110,0,0
159.2819,11.2244,2785,0,0
159.3067,12.6834,3147,0,0
159.3315,11.2808,2799,0,0
159.3563,12.7882,3173,0,0
159.3811,11.1760,2773,0,0
159.4059,12.4093,3079,0,0
159.4307,12.3690,3069,7,0
159.4555,11.2405,2789,0,0
159.4803,11.2123,2782,0,0
159.5051,12.7841,3172,0,0
159.5299,12.1554,3016,0,0
159.5547,12.4174,3081,0,0
159.5795,11.4864,2850,0,0
159.6043,10.8375,2689,0,0
159.6291,11.4743,2847,0,0
159.6539,12.6028,3127,0,0
159.6787,11.6274,2885,0,0
159.7035,12.7962,3175,0,0
159.7283,11.7806,2923,0,0
159.7531,11.8209,2933,0,0
159.7779,12.3932,3075,0,0
159.8027,11.7080,2905,0,0
159.8275,12.5423,3112,0,0
159.8523,12.8526,3189,0,0
159.8771,11.8692,2945,0,0
159.9019,11.4098,2831,0,0
159.9267,12.0425,2988,0,0
159.9515,11.2607,2794,0,0
159.9763,12.2239,3033,0,0
160.0011,11.5025,2854,0,0
160.0260,12.7237,3157,0,0
160.0508,10.7488,2667,0,0
160.0756,12.6148,3130,0,0
160.1004,11.8531,2941,0,0
160.1252,11.5388,2863,0,0
160.1500,12.7035,3152,0,0
160.1748,11.2325,2787,0,0
160.1996,11.1881,2776,0,0
160.2244,12.7559,3165,0,0
160.2492,12.5745,3120,0,0
160.2740,12.4496,3089,0,0
160.2988,11.6395,2888,0,0
160.3236,10.6239,2636,0,0
160.3484,12.6552,3140,2,0
160.3732,12.0345,2986,0,0
160.3980,11.9660,2969,21,0
160.4228,12.4496,3089,0,0
160.4476,12.5907,3124,0,0
160.4724,12.8526,3189,0,0
160.4972,12.6148,3130,0,0
160.5220,11.7806,2923,0,0
160.5468,12.1796,3022,0,0
160.5716,11.0592,2744,0,0
160.5964,11.6798,2898,0,0
160.6212,11.3856,2825,92,0
160.6460,12.5987,3126,0,0
160.6708,12.1675,3019,0,0
160.6956,12.7358,3160,0,0
160.7204,11.7564,2917,0,0
160.7452,11.3211,2809,0,0
160.7700,11.4985,2853,0,0
160.7948,11.2445,2790,0,0
160.8196,12.7237,3157,0,0
160.8444,11.8531,2941,0,0
160.8692,11.1881,2776,0,0
160.8940,10.5191,2610,0,0
160.9188,12.6592,3141,0,0
160.9436,12.5181,3106,0,0
160.9684,10.2088,2533,0,0
160.9933,11.9055,2954,0,0
161.0181,12.6914,3149,0,0
161.0428,11.9821,2973,2,0
161.0677,12.8526,3189,0,0
161.0925,11.7201,2908,0,0
161.1173,11.1639,2770,0,0
161.1421,11.7040,2904,0,0
161.1669,11.3211,2809,0,0
161.1917,12.6592,3141,0,0
161.2165,11.8531,2941,0,0
161.2413,10.6722,2648,0,0
161.2661,12.6350,3135,0,0
161.2909,10.6037,2631,0,0
161.3157,12.0264,2984,0,0
161.3405,12.6189,3131,0,0
161.3653,11.7483,2915,0,0
161.3901,12.8526,3189,0,0
161.4149,11.6355,2887,0,0
161.4397,11.3574,2818,0,0
161.4645,11.6758,2897,0,0
161.4893,12.0949,3001,0,0
161.5141,11.7040,2904,0,0
161.5389,12.8526,3189,56,0
161.5637,11.8168,2932,0,0
161.5885,10.7770,2674,0,0
161.6133,12.2844,3048,0,0
161.6381,11.8813,2948,0,0
161.6629,11.6234,2884,0,0
161.6877,12.2481,3039,0,0
161.7125,10.9705,2722,0,0
161.7373,11.5146,2857,0,0
161.7621,11.8612,2943,0,0
161.7869,11.7564,2917,0,0
161.8117,12.4698,3094,0,0
161.8365,11.5549,2867,0,0
161.8613,11.1156,2758,0,0
161.8861,12.2924,3050,0,0
161.9109,11.2083,2781,0,0
161.9357,12.5383,3111,0,0
161.9605,11.8894,2950,0,0
161.9854,12.7478,3163,0,0
162.0101,11.8934,2951,0,0
162.0350,12.1836,3023,0,0
162.0598,11.9660,2969,0,0
162.0846,11.5589,2868,0,0
162.1094,11.6597,2893,0,0
162.1342,12.8526,3189,0,0
162.1590,11.6234,2884,0,0
162.1838,11.8733,2946,0,0
162.2086,12.8526,3189,0,0
162.2334,12.3569,3066,0,0
162.2582,10.8133,2683,0,0
162.2830,12.5463,3113,0,0
162.3078,11.4783,2848,0,0
162.3326,12.0748,2996,10,0
162.3574,11.4461,2840,0,0
162.3822,11.0592,2744,0,0
162.4070,11.4138,2832,0,0
162.4318,11.3252,2810,0,0
162.4566,10.9906,2727,0,0
162.4814,11.9337,2961,0,0
162.5062,11.1357,2763,0,0
162.5310,11.0833,2750,0,0
162.5558,12.0949,3001,0,0
162.5806,11.5831,2874,0,0
162.6054,11.6597,2893,0,0
162.6302,12.7358,3160,4,0
162.6550,12.6592,3141,0,0
162.6798,12.4214,3082,0,0
162.7046,11.6395,2888,0,0
162.7294,11.8813,2948,0,0
162.7542,11.1075,2756,0,0
162.7790,12.2602,3042,0,0
162.8038,11.3937,2827,0,0
162.8286,12.1312,3010,0,0
162.8534,12.6189,3131,31,0
162.8782,11.7765,2922,0,0
162.9030,11.1196,2759,0,0
162.9278,12.2763,3046,0,0
162.9527,11.8652,2944,141,0
162.9774,11.2244,2785,0,0
163.0023,11.2123,2782,0,0
163.0271,12.3851,3073,0,0
163.0519,12.8526,3189,0,0
163.0767,11.6879,2900,0,0
163.1015,11.4461,2840,0,0
163.1263,12.4496,3089,0,0
163.1511,11.8410,2938,0,0
163.1759,12.0143,2981,0,0
163.2007,11.2889,2801,0,0
163.2255,10.9987,2729,0,0
163.2503,12.3851,3073,0,0
163.2751,12.4738,3095,0,0
163.2999,11.2083,2781,0,0
163.3247,11.5750,2872,0,0
163.3495,11.9458,2964,0,0
163.3743,11.3292,2811,0,0
163.3991,12.2360,3036,0,0
163.4239,11.6718,2896,0,0
163.4487,12.3771,3071,0,0
163.4735,12.8164,3180,0,0
163.4983,12.5222,3107,0,0
163.5231,12.1393,3012,2,0
163.5479,11.6758,2897,0,0
163.5727,11.3372,2813,0,0
163.5975,12.4456,3088,0,0
163.6223,11.2768,2798,0,0
163.6471,12.4295,3084,0,0
163.6719,11.5831,2874,0,0
163.6967,10.3377,2565,0,0
163.7215,11.8531,2941,0,0
163.7463,12.8526,3189,0,0
163.7711,11.6516,2891,0,0
163.7959,11.8531,2941,0,0
163.8207,12.1352,3011,0,0
163.8455,11.2445,2790,0,0
163.8703,11.5952,2877,0,0
163.8951,12.5423,3112,0,0
163.9200,12.7035,3152,0,0
163.9447,12.7438,3162,0,0
163.9696,12.2360,3036,0,0
163.9944,10.5675,2622,0,0
164.0192,12.0425,2988,0,0
164.0440,11.4582,2843,0,0
164.0688,11.3775,2823,0,0
164.0936,11.8330,2936,0,0
164.1184,12.3851,3073,0,0
164.1432,11.5025,2854,0,0
164.1680,11.1680,2771,0,0
164.1928,11.5508,2866,0,0
164.2176,11.4783,2848,0,0
164.2424,11.5226,2859,0,0
164.2672,11.9095,2955,0,0
164.2920,12.3488,3064,0,0
164.3168,12.2682,3044,0,0
164.3416,11.6274,2885,0,0
164.3664,11.6637,2894,0,0
164.3912,12.2320,3035,0,0
164.4160,11.8934,2951,0,0
164.4408,12.8325,3184,0,0
164.4656,11.1881,2776,0,0
164.4904,12.6672,3143,0,0
164.5152,11.8854,2949,0,0
164.5400,11.4098,2831,0,0
164.5648,11.5025,2854,10,0
164.5896,11.0833,2750,0,0
164.6144,11.8894,2950,0,0
164.6392,11.5549,2867,0,0
164.6640,10.5634,2621,0,0
164.6888,11.0350,2738,0,0
164.7136,12.3247,3058,0,0
164.7384,11.1881,2776,0,0
164.7632,12.2481,3039,0,0
164.7880,12.0224,2983,0,0
164.8128,12.7358,3160,15,0
164.8376,11.4582,2843,0,0
164.8624,12.6028,3127,0,0
164.8873,12.2521,3040,0,0
164.9120,11.5508,2866,0,0
164.9368,11.2889,2801,0,0
164.9617,12.6552,3140,0,0
164.9865,11.6959,2902,0,0
165.0113,12.4053,3078,0,0
165.0361,12.0466,2989,0,0
165.0609,10.5755,2624,0,0
165.0857,12.2279,3034,0,0
165.1105,12.6108,3129,0,0
165.1353,11.7362,2912,0,0
165.1601,11.1680,2771,0,0
165.1849,11.4662,2845,9,0
165.2097,11.4541,2842,0,0
165.2345,12.6148,3130,0,0
165.2593,12.0143,2981,7,0
165.2841,11.2445,2790,0,0
165.3089,12.2481,3039,0,0
165.3337,11.8652,2944,0,0
165.3585,11.8491,2940,0,0
165.3833,12.6068,3128,0,0
165.4081,11.5307,2861,0,0
165.4329,12.8486,3188,0,0
165.4577,10.9463,2716,0,0
165.4825,12.2521,3040,0,0
165.5073,12.0466,2989,0,0
165.5321,12.8526,3189,0,0
165.5569,11.6758,2897,0,0
165.5817,12.4698,3094,0,0
165.6065,11.6919,2901,0,0
165.6313,11.2889,2801,0,0
165.6561,12.1514,3015,0,0
165.6809,12.5544,3115,0,0
165.7057,10.8979,2704,0,0
165.7305,11.9378,2962,0,0
165.7553,12.8526,3189,0,0
165.7801,12.3851,3073,0,0
165.8049,11.6355,2887,0,0
165.8297,11.9700,2970,0,0
165.8545,11.6274,2885,0,0
165.8793,11.3735,2822,0,0
165.9041,12.0264,2984,0,0
165.9290,11.0350,2738,0,0
165.9538,12.4375,3086,0,0
165.9786,11.7886,2925,0,0
166.0034,11.2969,2803,0,0
166.0282,12.2803,3047,0,0
166.0530,11.8330,2936,0,0
166.0778,12.3166,3056,0,0
166.1026,11.0592,2744,0,0
166.1274,12.1635,3018,0,0
166.1522,12.5544,3115,0,0
166.1770,11.1156,2758,0,0
166.2018,11.5105,2856,0,0
166.2266,11.2445,2790,0,0
166.2514,12.8526,3189,0,0
166.2762,12.5020,3102,0,0
166.3010,12.0143,2981,0,0
166.3258,12.2199,3032,0,0
166.3506,12.2320,3035,0,0
166.3754,12.7478,3163,0,0
166.4002,11.5912,2876,0,0
166.4250,11.9095,2955,0,0
166.4498,12.0909,3000,0,0
166.4746,11.8088,2930,0,0
166.4994,11.3735,2822,0,0
166.5242,11.4461,2840,0,0
166.5490,11.5307,2861,0,0
166.5738,11.1922,2777,0,0
166.5986,11.7886,2925,0,0
166.6234,12.5342,3110,0,0
166.6482,11.9378,2962,0,0
166.6730,11.6476,2890,0,0
166.6978,12.8526,3189,0,0
166.7226,11.2889,2801,0,0
166.7474,11.1357,2763,0,0
166.7722,11.4702,2846,0,0
166.7970,11.4985,2853,0,0
166.8218,12.2279,3034,24,0
166.8466,11.5912,2876,0,0
166.8714,11.4904,2851,0,0
166.8963,11.2123,2782,0,0
166.9211,11.2123,2782,0,0
166.9459,11.9095,2955,15,0
166.9707,12.0466,2989,0,0
166.9955,11.8491,2940,0,0
167.0203,11.9498,2965,0,0
167.0451,11.7604,2918,0,0
167.0699,12.8526,3189,0,0
167.0947,11.9498,2965,0,0
167.1195,11.2244,2785,0,0
167.1443,12.2481,3039,22,0
167.1691,12.7116,3154,0,0
167.1939,12.8526,3189,4,0
167.2187,12.1594,3017,0,0
167.2435,12.5060,3103,0,0
167.2683,11.1680,2771,0,0
167.2931,12.2682,3044,0,0
167.3179,12.6793,3146,0,0
167.3427,10.6440,2641,0,0
167.3675,11.9337,2961,0,0
167.3923,12.0506,2990,0,0
167.4171,11.8088,2930,0,0
167.4419,11.2083,2781,0,0
167.4667,12.5181,3106,0,0
167.4915,12.4859,3098,0,0
167.5163,11.3735,2822,0,0
167.5411,11.2566,2793,0,0
167.5659,12.1393,3012,0,0
167.5907,11.1599,2769,0,0
167.6155,12.5705,3119,0,0
167.6403,11.8289,2935,13,0
167.6651,12.6552,3140,0,0
167.6899,11.1922,2777,0,0
167.7147,11.6395,2888,0,0
167.7395,12.4859,3098,6,0
167.7643,11.9297,2960,0,0
167.7891,11.5307,2861,0,0
167.8139,12.8244,3182,0,0
167.8387,12.1232,3008,2,0
167.8636,11.3937,2827,0,0
167.8884,12.1191,3007,0,0
167.9132,11.8370,2937,6,0
167.9380,12.2320,3035,0,0
167.9628,11.3050,2805,0,0
167.9876,12.2803,3047,0,0
168.0124,11.3655,2820,0,0
168.0372,12.0587,2992,0,0
168.0620,11.5307,2861,0,0
168.0868,11.3252,2810,0,0
168.1116,11.3010,2804,0,0
168.1364,12.6914,3149,0,0
168.1612,11.8209,2933,0,0
168.1860,11.7201,2908,0,0
168.2108,12.1393,3012,0,0
168.2356,10.8738,2698,0,0
168.2604,12.2602,3042,19,0
168.2852,12.8526,3189,0,0
168.3100,12.8164,3180,0,0
168.3348,11.9821,2973,0,0
168.3596,11.0914,2752,0,0
168.3844,11.4904,2851,0,0
168.4092,11.4178,2833,0,0
168.4340,11.3372,2813,3,0
168.4588,12.8526,3189,0,0
168.4836,12.2441,3038,0,0
168.5084,12.2803,3047,0,0
168.5332,12.5222,3107,0,0
168.5580,12.8526,3189,0,0
168.5828,12.3126,3055,0,0
168.6076,9.6485,2394,0,0
168.6324,11.2244,2785,0,0
168.6572,12.6955,3150,0,0
168.6820,11.9055,2954,6,0
168.7068,11.7524,2916,0,0
168.7316,11.8088,2930,0,0
168.7564,11.5146,2857,0,0
168.7812,12.6834,3147,0,0
168.8060,12.3771,3071,0,0
168.8309,12.0345,2986,0,0
168.8557,12.8526,3189,0,0
168.8804,12.0587,2992,0,0
168.9053,12.1997,3027,0,0
168.9301,12.2965,3051,0,0
168.9549,12.5504,3114,0,0
168.9797,12.8526,3189,0,0
169.0045,12.6350,3135,0,0
169.0293,11.5025,2854,0,0
169.0541,11.8652,2944,0,0
169.0789,11.0148,2733,22,0
169.1037,12.3327,3060,23,0
169.1285,12.7882,3173,0,0
169.1533,11.8894,2950,0,0
169.1781,11.5831,2874,0,0
169.2029,11.7443,2914,0,0
169.2277,11.6274,2885,0,0
169.2525,11.1478,2766,0,0
169.2773,11.3372,2813,0,0
169.3021,11.7604,2918,0,0
169.3269,12.5383,3111,0,0
169.3517,11.4340,2837,0,0
169.3765,12.6672,3143,0,0
169.4013,11.3372,2813,0,0
169.4261,12.7640,3167,0,0
169.4509,11.8813,2948,0,0
169.4757,12.6874,3148,0,0
169.5005,11.4098,2831,0,0
169.5253,12.0587,2992,0,0
169.5501,12.8405,3186,0,0
169.5749,11.9498,2965,0,0
169.5997,10.8738,2698,0,0
169.6245,10.7569,2669,0,0
169.6493,12.8526,3189,0,0
169.6741,12.0587,2992,0,0
169.6989,11.4541,2842,0,0
169.7237,12.2682,3044,0,0
169.7486,12.4093,3079,0,0
169.7733,11.6234,2884,0,0
169.7981,11.4985,2853,0,0
169.8230,11.9095,2955,0,0
169.8477,12.3327,3060,0,0
169.8726,10.8496,2692,0,0
169.8974,12.6914,3149,0,0
169.9222,12.2239,3033,0,0
169.9470,11.2445,2790,0,0
169.9718,12.5020,3102,0,0
169.9966,11.0269,2736,0,0
170.0214,12.5907,3124,0,0
170.0462,12.7075,3153,0,0
170.0710,11.3775,2823,0,0
170.0958,10.8979,2704,0,0
170.1206,12.7640,3167,0,0
170.1454,11.1680,2771,0,0
170.1702,12.8526,3189,0,0
170.1950,12.5383,3111,0,0
170.2198,12.8526,3189,0,0
170.2446,12.8405,3186,0,0
170.2694,11.0390,2739,0,0
170.2942,12.6552,3140,0,0
170.3190,12.3166,3056,0,0
170.3438,12.3851,3073,1,0
170.3686,12.2199,3032,0,0
170.3934,11.7040,2904,0,0
170.4182,11.4178,2833,0,0
170.4430,11.3050,2805,0,0
170.4678,12.6390,3136,0,0
170.4926,11.9821,2973,0,0
170.5174,12.3811,3072,0,0
170.5422,11.2607,2794,0,0
170.5670,11.0430,2740,0,0
170.5918,12.2320,3035,0,0
170.6166,12.8123,3179,0,0
170.6414,12.1151,3006,4,0
170.6662,11.6395,2888,0,0
170.6910,11.9337,2961,0,0
170.7158,11.3856,2825,0,0
170.7406,12.5786,3121,0,0
170.7654,11.7806,2923,0,0
170.7903,12.5907,3124,15,0
170.8150,11.5388,2863,0,0
170.8399,10.8335,2688,0,0
170.8647,11.3252,2810,0,0
170.8895,12.2481,3039,5,0
170.9143,11.9700,2970,0,0
170.9391,10.9221,2710,0,0
170.9639,11.2042,2780,0,0
170.9887,12.3851,3073,0,0
171.0135,11.6637,2894,0,0
171.0383,12.4375,3086,0,0
171.0631,11.8612,2943,0,0
171.0879,11.0390,2739,0,0
171.1127,11.2365,2788,0,0
171.1375,12.5222,3107,0,0
171.1623,11.3856,2825,0,0
171.1871,12.2279,3034,0,0
171.2119,12.4657,3093,3,0
171.2367,10.8052,2681,0,0
171.2615,11.2123,2782,0,0
171.2863,12.5020,3102,0,0
171.3111,11.4783,2848,0,0
171.3359,10.9906,2727,0,0
171.3607,11.1156,2758,0,0
171.3855,12.7358,3160,0,0
171.4103,12.2360,3036,0,0
171.4351,10.8818,2700,0,0
171.4599,11.6355,2887,0,0
171.4847,11.3856,2825,0,0
171.5095,12.2521,3040,0,0
171.5343,12.8526,3189,0,0
171.5591,12.0788,2997,0,0
171.5839,12.8526,3189,0,0
171.6087,12.5020,3102,50,0
171.6335,12.0587,2992,15,0
171.6583,12.0143,2981,0,0
171.6831,10.8617,2695,0,0
171.7079,12.3650,3068,0,0
171.7327,12.7478,3163,0,0
171.7576,10.8818,2700,0,0
171.7823,11.9700,2970,0,0
171.8072,11.7967,2927,0,0
171.8320,11.8813,2948,0,0
171.8568,12.5222,3107,0,0
171.8816,12.1594,3017,0,0
171.9064,11.4178,2833,0,0
171.9312,11.7242,2909,0,0
171.9560,10.7528,2668,0,0
171.9808,11.6838,2899,0,0
172.0056,12.2602,3042,0,0
172.0304,11.1478,2766,0,0
172.0552,12.1876,3024,0,0
172.0800,11.1599,2769,0,0
172.1048,12.1715,3020,0,0
172.1296,11.8209,2933,0,0
172.1544,12.5060,3103,0,0
172.1792,12.7519,3164,0,0
172.2040,12.5866,3123,0,0
172.2288,11.4138,2832,5,0
172.2536,10.7569,2669,0,0
172.2784,11.5912,2876,0,0
172.3032,11.1075,2756,0,0
172.3280,12.3851,3073,0,0
172.3528,12.7962,3175,0,0
172.3776,11.4259,2835,0,0
172.4024,11.1841,2775,0,0
172.4272,10.7891,2677,0,0
172.4520,12.7478,3163,0,0
172.4768,12.7478,3163,0,0
172.5016,11.8168,2932,0,0
172.5264,11.9378,2962,0,0
172.5512,12.5866,3123,0,0
172.5760,11.9942,2976,0,0
172.6008,12.6874,3148,0,0
172.6256,12.5504,3114,0,0
172.6504,12.4738,3095,0,0
172.6752,11.4259,2835,0,0
172.7000,12.0788,2997,0,0
172.7249,10.6279,2637,0,0
172.7496,12.2844,3048,0,0
172.7744,11.6395,2888,0,0
172.7993,11.8531,2941,0,0
172.8241,12.8526,3189,0,0
172.8489,11.4702,2846,115,0
172.8737,12.8526,3189,0,0
172.8985,12.5504,3114,0,0
172.9233,11.4178,2833,0,0
172.9481,12.8526,3189,0,0
172.9729,11.5831,2874,0,0
172.9977,12.8526,3189,0,0
173.0225,12.8123,3179,0,0
173.0473,11.6234,2884,0,0
173.0721,11.9821,2973,0,0
173.0969,12.5907,3124,0,0
173.1217,12.7478,3163,0,0
173.1465,11.1680,2771,0,0
173.1713,12.4980,3101,0,0
173.1961,12.5101,3104,0,0
173.2209,12.8526,3189,0,0
173.2457,12.5423,3112,0,0
173.2705,12.0466,2989,0,0
173.2953,12.4012,3077,0,0
173.3201,11.7443,2914,0,0
173.3449,12.8526,3189,0,0
173.3697,11.5226,2859,0,0
173.3945,11.5912,2876,0,0
173.4193,12.4174,3081,0,0
173.4441,11.7886,2925,0,0
173.4689,12.4859,3098,0,0
173.4937,12.8526,3189,0,0
173.5185,11.5670,2870,0,0
173.5433,10.9624,2720,0,0
173.5681,12.5060,3103,24,0
173.5929,12.2158,3031,0,0
173.6177,11.7362,2912,0,0
173.6425,11.8612,2943,0,0
173.6673,12.8526,3189,0,0
173.6921,12.2239,3033,0,0
173.7169,12.5544,3115,0,0
173.7417,11.9095,2955,0,0
173.7666,12.8526,3189,0,0
173.7914,12.0345,2986,0,0
173.8162,12.8083,3178,0,0
173.8410,11.9821,2973,0,0
173.8658,12.7358,3160,0,0
173.8906,12.0224,2983,0,0
173.9154,12.2521,3040,0,0
173.9402,11.5105,2856,0,0
173.9650,11.9700,2970,0,0
173.9898,11.6718,2896,0,0
174.0146,10.9544,2718,0,0
174.0394,11.9378,2962,0,0
174.0642,11.8813,2948,0,0
174.0890,11.8572,2942,0,0
174.1138,12.2521,3040,0,0
174.1386,12.1715,3020,0,0
174.1634,10.9826,2725,0,0
174.1882,12.8526,3189,0,0
174.2130,12.6672,3143,0,0
174.2378,11.5912,2876,0,0
174.2626,10.7851,2676,0,0
174.2874,12.4698,3094,0,0
174.3122,11.4461,2840,0,0
174.3370,11.3695,2821,0,0
174.3618,11.4259,2835,0,0
174.3866,12.8526,3189,0,0
174.4114,11.7967,2927,0,0
174.4362,12.8526,3189,0,0
174.4610,11.7524,2916,0,0
174.4858,12.4012,3077,0,0
174.5106,11.6838,2899,0,0
174.5354,11.9337,2961,0,0
174.5602,11.7806,2923,0,0
174.5850,11.1639,2770,0,0
174.6098,12.0143,2981,0,0
174.6346,11.2083,2781,0,0
174.6594,12.8164,3180,0,0
174.6842,12.5625,3117,0,0
174.7090,12.3650,3068,0,0
174.7339,12.8526,3189,0,0
174.7587,11.4582,2843,0,0
174.7835,12.3166,3056,0,0
174.8083,12.1997,3027,0,0
174.8331,12.2682,3044,0,0
174.8579,12.8526,3189,0,0
174.8827,11.5025,2854,0,0
174.9075,10.9463,2716,0,0
174.9323,11.4582,2843,0,0
174.9571,12.8526,3189,0,0
174.9819,12.5866,3123,0,0
175.0067,12.3206,3057,0,0
175.0315,12.2965,3051,0,0
175.0563,11.2123,2782,0,0
175.0811,12.2199,3032,0,0
175.1059,12.0506,2990,0,0
175.1307,12.5907,3124,0,0
175.1555,12.5222,3107,0,0
175.1803,12.7438,3162,0,0
175.2051,11.9095,2955,0,0
175.2299,12.5584,3116,0,0
175.2547,12.4738,3095,0,0
175.2795,9.2616,2298,0,0
175.3043,11.1599,2769,0,0
175.3291,10.7569,2669,0,0
175.3539,12.3529,3065,0,0
175.3787,11.7645,2919,0,0
175.4035,12.3488,3064,0,0
175.4283,11.2365,2788,0,0
175.4531,12.8526,3189,0,0
175.4779,11.4259,2835,0,0
175.5027,12.3327,3060,0,0
175.5275,11.8330,2936,0,0
175.5523,11.4702,2846,0,0
175.5771,11.2123,2782,0,0
175.6019,12.8365,3185,0,0
175.6267,11.8410,2938,0,0
175.6516,12.0506,2990,0,0
175.6763,11.3856,2825,0,0
175.7012,11.2405,2789,0,0
175.7260,12.4375,3086,0,0
175.7508,12.0909,3000,0,0
175.7756,11.4622,2844,0,0
175.8004,10.9342,2713,0,0
175.8252,12.8526,3189,0,0
175.8500,11.8531,2941,0,0
175.8748,11.5307,2861,0,0
175.8996,11.7362,2912,0,0
175.9244,12.0708,2995,0,0
175.9492,11.8249,2934,0,0
175.9740,12.1594,3017,0,0
175.9988,11.9821,2973,0,0
176.0236,12.8526,3189,0,0
176.0484,12.1151,3006,0,0
176.0732,12.1070,3004,0,0
176.0980,12.8164,3180,0,0
176.1228,12.0627,2993,0,0
176.1476,10.7891,2677,14,0
176.1724,11.9700,2970,0,0
176.1972,11.2042,2780,0,0
176.2220,11.4702,2846,0,0
176.2468,12.2682,3044,0,0
176.2716,12.5222,3107,18,0
176.2964,11.7322,2911,0,0
176.3212,12.1796,3022,0,0
176.3460,12.8526,3189,0,0
176.3708,11.5710,2871,0,0
176.3956,12.8526,3189,0,0
176.4204,12.4375,3086,0,0
176.4452,12.8526,3189,0,0
176.4700,12.3327,3060,0,0
176.4948,12.2481,3039,0,0
176.5196,11.7080,2905,0,0
176.5444,11.3534,2817,0,0
176.5692,11.9861,2974,0,0
176.5940,12.5222,3107,0,0
176.6189,12.8526,3189,0,0
176.6436,12.0264,2984,0,0
176.6685,11.5831,2874,0,0
176.6933,12.8526,3189,0,0
176.7180,12.8526,3189,0,0
176.7429,11.9055,2954,0,0
176.7677,12.0345,2986,1,0
176.7925,11.9337,2961,0,0
176.8173,11.4340,2837,0,0
176.8421,12.8526,3189,0,0
176.8669,11.7564,2917,0,0
176.8917,12.8526,3189,0,0
176.9165,11.5105,2856,0,0
176.9413,12.5020,3102,0,0
176.9661,12.2763,3046,0,0
176.9909,12.8204,3181,0,0
177.0157,11.7524,2916,0,0
177.0405,11.9861,2974,0,0
177.0653,11.8088,2930,0,0
177.0901,11.5105,2856,0,0
177.1149,12.3126,3055,0,0
177.1397,11.2647,2795,0,0
177.1645,12.3247,3058,0,0
177.1893,12.0909,3000,0,0
177.2141,12.8325,3184,2,0
177.2389,12.1554,3016,0,0
177.2637,11.8934,2951,0,0
177.2885,11.2889,2801,0,0
177.3133,12.3488,3064,0,0
177.3381,12.6148,3130,0,0
177.3629,12.8526,3189,0,0
177.3877,12.3609,3067,0,0
177.4125,12.2803,3047,0,0
177.4373,12.2803,3047,0,0
177.4621,10.8455,2691,0,0
177.4869,12.3972,3076,0,0
177.5117,12.4738,3095,0,0
177.5365,12.0788,2997,0,0
177.5613,12.8526,3189,0,0
177.5862,12.8526,3189,0,0
177.6109,11.9055,2954,8,0
177.6357,12.0143,2981,2,0
177.6606,10.9947,2728,0,0
177.6853,12.6350,3135,0,0
177.7102,11.6355,2887,0,0
177.7350,12.5020,3102,0,0
177.7598,12.8526,3189,0,0
177.7846,11.9821,2973,0,0
177.8094,10.9705,2722,0,0
177.8342,12.8526,3189,0,0
177.8590,11.0833,2750,0,0
177.8838,11.9337,2961,0,0
177.9086,11.9095,2955,0,0
177.9334,11.3735,2822,7,0
177.9582,12.4738,3095,0,0
177.9830,12.1514,3015,0,0
178.0078,11.7524,2916,112,0
178.0326,12.1514,3015,0,0
178.0574,12.5342,3110,15,0
178.0822,11.1922,2777,0,0
178.1070,12.8526,3189,0,0
178.1318,12.0748,2996,0,0
178.1566,12.6632,3142,0,0
178.1814,12.6068,3128,0,0
178.2062,12.8526,3189,0,0
178.2310,10.9947,2728,0,0
178.2558,10.6319,2638,0,0
178.2806,11.6355,2887,2,0
178.3054,12.6632,3142,0,0
178.3302,12.6431,3137,0,0
178.3550,11.4461,2840,0,0
178.3798,12.0143,2981,0,0
178.4046,11.0350,2738,0,0
178.4294,11.7040,2904,15,0
178.4542,11.1478,2766,0,0
178.4790,12.4698,3094,0,0
178.5038,11.8209,2933,0,0
178.5286,11.2808,2799,0,0
178.5534,11.4582,2843,0,0
178.5782,12.5504,3114,0,0
178.6030,11.9660,2969,0,0
178.6279,12.0143,2981,0,0
178.6526,12.0143,2981,0,0
178.6775,12.8526,3189,0,0
178.7023,12.8526,3189,0,0
178.7271,11.7564,2917,0,0
178.7519,12.5383,3111,0,0
178.7767,11.3937,2827,0,0
178.8015,12.7882,3173,0,0
178.8263,11.4582,2843,0,0
178.8511,11.2445,2790,0,0
178.8759,12.3327,3060,0,0
178.9007,12.0587,2992,0,0
178.9255,11.9337,2961,0,0
178.9503,12.8526,3189,0,0
178.9751,12.4859,3098,0,0
178.9999,11.1115,2757,0,0
179.0247,12.0949,3001,0,0
179.0495,11.5105,2856,0,0
179.0743,11.3372,2813,0,0
179.0991,12.1352,3011,0,0
179.1239,12.8526,3189,0,0
179.1487,12.3287,3059,0,0
179.1735,12.8526,3189,0,0
179.1983,11.7242,2909,0,0
179.2231,10.9423,2715,0,0
179.2479,11.0753,2748,0,0
179.2727,10.5876,2627,0,0
179.2975,12.0466,2989,0,0
179.3223,12.1715,3020,0,0
179.3471,12.3811,3072,1,0
179.3719,10.9342,2713,0,0
179.3967,12.0627,2993,4,0
179.4215,12.8526,3189,0,0
179.4463,11.6234,2884,0,0
179.4711,11.1922,2777,0,0
179.4959,12.4053,3078,0,0
179.5207,10.9544,2718,0,0
179.5455,12.6068,3128,0,0
179.5703,11.2889,2801,0,0
179.5952,12.5101,3104,0,0
179.6199,12.8526,3189,30,0
179.6448,12.1070,3004,0,0
179.6696,11.3534,2817,0,0
179.6944,11.8894,2950,0,0
179.7192,12.8526,3189,0,0
179.7440,12.4133,3080,0,0
179.7688,12.2803,3047,0,0
179.7936,11.7967,2927,7,0
179.8184,12.5907,3124,0,0
179.8432,12.7116,3154,0,0
179.8680,11.9095,2955,40,0
179.8928,11.8652,2944,0,0
179.9176,12.4818,3097,0,0
179.9424,11.8410,2938,0,0
179.9672,11.3292,2811,0,0
179.9920,12.6592,3141,0,0
180.0168,11.4743,2847,0,0
180.0416,12.6592,3141,0,0
180.0664,12.8526,3189,0,0
180.0912,12.8526,3189,0,0
180.1160,12.5625,3117,0,0
180.1408,10.8818,2700,0,0
180.1656,12.7761,3170,2,0
180.1904,11.4662,2845,0,0
180.2152,12.6431,3137,0,0
180.2400,12.8526,3189,0,0
180.2648,11.3735,2822,0,0
180.2896,11.3010,2804,0,0
180.3144,11.9861,2974,0,0
180.3392,12.7116,3154,0,0
180.3640,12.5423,3112,0,0
180.3888,11.5629,2869,0,0
180.4136,11.4178,2833,0,0
180.4384,11.9821,2973,0,0
180.4632,12.6148,3130,0,0
180.4880,12.5584,3116,0,0
180.5128,11.9095,2955,0,0
180.5376,11.7886,2925,0,0
180.5625,12.8083,3178,0,0
180.5872,10.9987,2729,0,0
180.6120,11.4178,2833,0,0
180.6369,12.6592,3141,0,0
180.6617,12.3166,3056,0,0
180.6865,11.9337,2961,0,0
180.7113,12.8526,3189,0,0
180.7361,11.3131,2807,0,0
180.7609,11.6919,2901,0,0
180.7857,12.2602,3042,0,0
180.8105,12.0466,2989,0,0
180.8353,11.0430,2740,0,0
180.8601,12.6672,3143,0,0
180.8849,10.6198,2635,0,0
180.9097,11.5307,2861,0,0
180.9345,11.2889,2801,0,0
180.9593,11.6516,2891,0,0
180.9841,11.9821,2973,0,0
181.0089,11.4904,2851,0,0
181.0337,12.8244,3182,0,0
181.0585,11.2607,2794,0,0
181.0833,12.0224,2983,0,0
181.1081,12.3488,3064,0,0
181.1329,11.2445,2790,0,0
181.1577,12.4859,3098,0,0
181.1825,12.5222,3107,0,0
181.2073,11.6395,2888,0,0
181.2321,11.9095,2955,0,0
181.2569,11.5831,2874,0,0
181.2817,12.1191,3007,0,0
181.3065,12.8526,3189,0,0
181.3313,11.8854,2949,0,0
181.3561,12.8526,3189,0,0
181.3809,12.3529,3065,0,0
181.4057,11.7362,2912,0,0
181.4305,12.0587,2992,0,0
181.4553,12.8526,3189,0,0
181.4801,12.0466,2989,0,0
181.5049,10.9141,2708,0,0
181.5297,11.8652,2944,0,0
181.5546,10.7488,2667,0,0
181.5793,11.6395,2888,0,0
181.6042,12.4295,3084,0,0
181.6290,12.4738,3095,0,0
181.6538,11.6959,2902,0,0
181.6786,11.5871,2875,0,0
181.7034,11.5831,2874,0,0
181.7282,12.8526,3189,0,0
181.7530,12.1393,3012,0,0
181.7778,11.4340,2837,0,0
181.8026,12.1594,3017,0,0
181.8274,11.3050,2805,0,0
181.8522,12.1232,3008,0,0
181.8770,12.5745,3120,0,0
181.9018,12.7277,3158,0,0
181.9266,11.1357,2763,0,0
181.9514,11.5428,2864,0,0
181.9762,12.8526,3189,0,0
182.0010,11.7242,2909,0,0
182.0258,12.8526,3189,0,0
182.0506,11.7040,2904,0,0
182.0754,12.1393,3012,63,0
182.1002,11.8612,2943,0,0
182.1250,11.5146,2857,0,0
182.1498,12.4053,3078,0,0
182.1746,10.8979,2704,0,0
182.1994,11.8692,2945,0,0
182.2242,12.1594,3017,0,0
182.2490,12.2360,3036,1,0
182.2738,12.7116,3154,0,0
182.2986,12.6874,3148,0,0
182.3234,11.3534,2817,0,0
182.3482,12.6350,3135,0,0
182.3730,11.9660,2969,24,0
182.3978,11.6838,2899,0,0
182.4226,12.1151,3006,0,0
182.4474,12.8526,3189,0,0
182.4722,11.0229,2735,0,0
182.4970,11.4340,2837,0,0
182.5219,12.7116,3154,0,0
182.5466,12.8123,3179,0,0
182.5715,11.5428,2864,0,0
182.5963,11.5428,2864,0,0
182.6211,12.7116,3154,0,0
182.6459,12.8526,3189,0,0
182.6707,11.8330,2936,0,0
182.6955,12.5907,3124,0,0
182.7203,11.5750,2872,0,0
182.7451,12.7438,3162,0,0
182.7699,11.8894,2950,0,0
182.7947,11.4178,2833,0,0
182.8195,11.6919,2901,0,0
182.8443,12.1232,3008,0,0
182.8691,12.0909,3000,0,0
182.8939,11.0350,2738,0,0
182.9187,12.5342,3110,0,0
182.9435,12.8526,3189,0,0
182.9683,11.8934,2951,0,0
182.9931,11.3534,2817,0,0
183.0179,11.4461,2840,0,0
183.0427,10.9906,2727,0,0
183.0675,11.7282,2910,0,0
183.0923,12.3569,3066,45,0
183.1171,12.6431,3137,0,0
183.1419,12.6834,3147,0,0
183.1667,12.4859,3098,0,0
183.1915,11.1236,2760,0,0
183.2163,12.8526,3189,0,0
183.2411,11.6395,2888,0,0
183.2659,11.9378,2962,0,0
183.2907,11.9095,2955,0,0
183.3155,11.8168,2932,0,0
183.3403,12.1393,3012,0,0
183.3651,12.1030,3003,0,0
183.3899,12.4496,3089,0,0
183.4147,12.8526,3189,0,0
183.4395,12.2924,3050,0,0
183.4643,10.9463,2716,0,0
183.4892,11.8692,2945,0,0
183.5139,12.2360,3036,0,0
183.5388,11.5589,2868,0,0
183.5636,12.8526,3189,0,0
183.5884,10.9826,2725,0,0
183.6132,12.8526,3189,4,0
183.6380,12.7559,3165,0,0
183.6628,12.4053,3078,0,0
183.6876,12.4738,3095,0,0
183.7124,11.5146,2857,0,0
183.7372,12.8526,3189,0,0
183.7620,11.8813,2948,0,0
183.7868,11.5025,2854,0,0
183.8116,12.1030,3003,0,0
183.8364,11.5307,2861,0,0
183.8612,11.1599,2769,0,0
183.8860,12.8526,3189,0,0
183.9108,12.7237,3157,6,0
183.9356,12.8526,3189,0,0
183.9604,11.4985,2853,0,0
183.9852,11.1357,2763,0,0
184.0100,12.8526,3189,0,0
184.0348,12.5383,3111,0,0
184.0596,12.8526,3189,0,0
184.0844,12.4214,3082,0,0
184.1092,12.7116,3154,0,0
184.1340,11.0229,2735,0,0
184.1588,11.3372,2813,0,0
184.1836,12.4375,3086,0,0
184.2084,11.6032,2879,0,0
184.2332,12.4738,3095,0,0
184.2580,11.6758,2897,0,0
184.2828,12.8526,3189,0,0
184.3076,11.8088,2930,6,0
184.3324,11.6879,2900,0,0
184.3572,12.4738,3095,0,0
184.3820,11.3171,2808,0,0
184.4068,11.5871,2875,0,0
184.4316,11.2969,2803,0,0
184.4565,12.8123,3179,0,0
184.4812,11.2123,2782,0,0
184.5061,12.1715,3020,0,0
184.5309,12.8526,3189,0,0
184.5556,10.6037,2631,0,0
184.5805,12.0909,3000,0,0
184.6053,12.8526,3189,0,0
184.6301,11.9821,2973,0,0
184.6549,12.5060,3103,0,0
184.6797,12.0506,2990,0,0
184.7045,10.8375,2689,0,0
184.7293,12.4214,3082,0,0
184.7541,11.7000,2903,0,0
184.7789,12.7680,3168,0,0
184.8037,12.0466,2989,0,0
184.8285,12.8526,3189,0,0
184.8533,12.7882,3173,0,0
184.8781,12.7156,3155,0,0
184.9029,11.4219,2834,0,0
184.9277,11.8934,2951,0,0
184.9525,11.9095,2955,0,0
184.9773,12.8526,3189,0,0
185.0021,12.3730,3070,0,0
185.0269,12.3488,3064,0,0
185.0517,11.9700,2970,0,0
185.0765,11.5750,2872,0,0
185.1013,10.4748,2599,0,0
185.1261,11.3735,2822,0,0
185.1509,11.4541,2842,0,0
185.1757,12.0264,2984,0,0
185.2005,12.8526,3189,0,0
185.2253,12.5866,3123,0,0
185.2501,11.8612,2943,0,0
185.2749,12.1796,3022,0,0
185.2997,12.5020,3102,0,0
185.3245,11.9337,2961,0,0
185.3493,12.2924,3050,0,0
185.3741,12.4093,3079,0,0
185.3989,11.4582,2843,0,0
185.4238,12.4295,3084,0,0
185.4485,11.4138,2832,0,0
185.4733,12.5544,3115,4,0
185.4982,11.2889,2801,0,0
185.5229,12.4012,3077,0,0
185.5478,12.4174,3081,0,0
185.5726,12.8526,3189,0,0
185.5974,12.2360,3036,0,0
185.6222,11.1357,2763,0,0
185.6470,12.5222,3107,0,0
185.6718,12.0022,2978,0,0
185.6966,12.0264,2984,83,0
185.7214,9.9629,2472,0,0
185.7462,12.8526,3189,6,0
185.7710,12.4456,3088,0,0
185.7958,12.7720,3169,0,0
185.8206,11.5025,2854,0,0
185.8454,12.1796,3022,0,0
185.8702,12.7962,3175,0,0
185.8950,12.5504,3114,0,0
185.9198,12.4899,3099,0,0
185.9446,11.9660,2969,0,0
185.9694,12.8526,3189,0,0
185.9942,11.7886,2925,6,0
186.0190,11.7765,2922,0,0
186.0438,11.6516,2891,0,0
186.0686,11.3292,2811,4,0
186.0934,12.4093,3079,0,0
186.1182,11.5428,2864,5,0
186.1430,11.7886,2925,0,0
186.1678,11.8894,2950,0,0
186.1926,12.3811,3072,0,0
186.2174,11.5912,2876,0,0
186.2422,12.5181,3106,0,0
186.2670,12.6874,3148,0,0
186.2918,11.3211,2809,0,0
186.3166,12.6592,3141,0,0
186.3414,11.5549,2867,0,0
186.3662,12.8526,3189,8,0
186.3910,12.8486,3188,7,0
186.4158,12.8204,3181,0,0
186.4406,12.1514,3015,0,0
186.4655,11.5186,2858,0,0
186.4902,12.4738,3095,0,0
186.5151,11.5105,2856,0,0
186.5399,11.6758,2897,0,0
186.5647,11.5871,2875,0,0
186.5895,12.2239,3033,0,0
186.6143,12.8526,3189,0,0
186.6391,12.8123,3179,0,0
186.6639,12.2481,3039,0,0
186.6887,11.9660,2969,0,0
186.7135,12.8526,3189,0,0
186.7383,11.7040,2904,0,0
186.7631,12.6269,3133,7,0
186.7879,11.8168,2932,0,0
186.8127,11.2445,2790,0,0
186.8375,12.8526,3189,0,0
186.8623,12.7358,3160,0,0
186.8871,12.8526,3189,0,0
186.9119,12.4859,3098,0,0
186.9367,12.8164,3180,0,0
186.9615,11.9821,2973,154,0
186.9863,12.3851,3073,0,0
187.0111,12.3488,3064,0,0
187.0359,12.8365,3185,27,0
187.0607,11.1478,2766,0,0
187.0855,12.8526,3189,0,0
187.1103,11.4461,2840,0,0
187.1351,11.6395,2888,0,0
187.1599,12.8526,3189,0,0
187.1847,12.1232,3008,0,0
187.2095,11.1680,2771,0,0
187.2343,12.2844,3048,0,0
187.2591,12.6310,3134,0,0
187.2839,12.0909,3000,0,0
187.3087,12.0425,2988,0,0
187.3335,11.3372,2813,0,0
187.3583,11.6798,2898,21,0
187.3831,12.2602,3042,0,0
187.4079,11.3050,2805,0,0
187.4328,11.5750,2872,0,0
187.4576,12.5060,3103,0,0
187.4824,11.9700,2970,0,0
187.5072,11.1075,2756,0,0
187.5320,11.4098,2831,0,0
187.5568,11.3735,2822,0,0
187.5816,11.0188,2734,0,0
187.6064,12.5907,3124,0,0
187.6312,12.5544,3115,0,0
187.6560,11.4098,2831,0,0
187.6808,11.3131,2807,0,0
187.7056,11.3292,2811,0,0
187.7304,11.4178,2833,0,0
187.7552,12.8526,3189,0,0
187.7800,12.0708,2995,0,0
187.8048,12.5423,3112,0,0
187.8296,12.8526,3189,0,0
187.8544,12.3488,3064,0,0
187.8792,12.2360,3036,0,0
187.9040,12.2521,3040,0,0
187.9288,10.7891,2677,6,0
187.9536,12.8526,3189,0,0
187.9784,11.5105,2856,1,0
188.0032,10.7770,2674,94,0
188.0280,11.7362,2912,0,0
188.0528,11.6637,2894,0,0
188.0776,12.8083,3178,0,0
188.1024,12.4496,3089,0,0
188.1272,12.8526,3189,0,0
188.1520,12.7317,3159,0,0
188.1768,11.5105,2856,0,0
188.2016,12.3247,3058,0,0
188.2264,12.2682,3044,0,0
188.2512,11.2365,2788,0,0
188.2760,11.7886,2925,0,0
188.3008,12.6511,3139,0,0
188.3256,12.8526,3189,0,0
188.3504,11.9700,2970,0,0
188.3752,11.5952,2877,0,0
188.4001,12.8164,3180,0,0
188.4249,12.7962,3175,0,0
188.4497,11.9821,2973,0,0
188.4745,11.3856,2825,0,0
188.4993,11.6395,2888,0,0
188.5241,12.4174,3081,0,0
188.5489,11.4743,2847,0,0
188.5737,12.5504,3114,0,0
188.5985,12.5544,3115,0,0
188.6233,11.8410,2938,0,0
188.6481,11.7886,2925,0,0
188.6729,12.7156,3155,0,0
188.6977,12.8526,3189,0,0
188.7225,11.8813,2948,0,0
188.7473,11.8813,2948,0,0
188.7721,11.6234,2884,0,0
188.7969,11.8330,2936,0,0
188.8217,12.8526,3189,0,0
188.8465,12.0748,2996,0,0
188.8713,12.5786,3121,0,0
188.8961,12.5383,3111,0,0
188.9209,11.0269,2736,0,0
188.9457,12.3892,3074,22,0
188.9705,12.8526,3189,0,0
188.9953,11.3372,2813,0,0
189.0201,11.4098,2831,0,0
189.0449,12.8526,3189,0,0
189.0697,12.8526,3189,0,0
189.0945,12.7478,3163,0,0
189.1193,11.8612,2943,0,0
189.1441,10.8899,2702,0,0
189.1689,12.1917,3025,0,0
189.1937,12.0022,2978,0,0
189.2185,12.6552,3140,0,0
189.2433,11.7443,2914,0,0
189.2681,12.6148,3130,0,0
189.2929,12.6310,3134,0,0
189.3177,12.6874,3148,0,0
189.3425,12.3932,3075,0,0
189.3673,12.8526,3189,0,0
189.3922,11.3534,2817,0,0
189.4169,12.0748,2996,0,0
189.4418,12.8526,3189,0,0
189.4666,11.8249,2934,7,0
189.4914,12.8285,3183,7,0
189.5162,12.8526,3189,4,0
189.5410,11.8249,2934,2,0
189.5658,11.3977,2828,0,0
189.5906,12.8526,3189,0,0
189.6154,11.3937,2827,0,0
189.6402,12.4214,3082,0,0
189.6650,12.7559,3165,0,0
189.6898,12.2239,3033,0,0
189.7146,11.9700,2970,0,0
189.7394,11.0592,2744,0,0
189.7642,11.5831,2874,0,0
189.7890,11.3252,2810,0,0
189.8138,12.7358,3160,0,0
189.8386,11.1599,2769,0,0
189.8634,12.7358,3160,0,0
189.8882,12.4133,3080,7,0
189.9130,12.1393,3012,0,0
189.9378,11.8249,2934,0,0
189.9626,12.8526,3189,0,0
189.9874,11.9498,2965,0,0
190.0122,11.7121,2906,0,0
190.0370,11.9418,2963,0,0
190.0618,11.5549,2867,0,0
190.0866,10.9221,2710,0,0
190.1114,10.9463,2716,0,0
190.1362,12.8526,3189,0,0
190.1610,11.7524,2916,0,0
190.1858,12.7156,3155,0,0
190.2106,12.8526,3189,0,0
190.2354,11.0309,2737,0,0
190.2602,12.2924,3050,0,0
190.2850,12.8526,3189,0,0
190.3098,11.2204,2784,0,0
190.3346,11.7967,2927,0,0
190.3595,12.2360,3036,0,0
190.3842,11.8733,2946,0,0
190.4091,11.0793,2749,0,0
190.4339,11.8692,2945,15,0
190.4587,10.9100,2707,0,0
190.4835,12.1191,3007,0,0
190.5083,9.9065,2458,0,0
190.5331,11.5831,2874,0,0
190.5579,11.2042,2780,0,0
190.5827,12.5222,3107,0,0
190.6075,12.7640,3167,0,0
190.6323,11.7362,2912,0,0
190.6571,11.2647,2795,0,0
190.6819,11.8249,2934,0,0
190.7067,11.7443,2914,0,0
190.7315,12.8526,3189,0,0
190.7563,11.6355,2887,0,0
190.7811,12.8526,3189,0,0
190.8059,12.7801,3171,0,0
190.8307,12.2602,3042,0,0
190.8555,11.1639,2770,0,0
190.8803,12.6672,3143,0,0
190.9051,11.6355,2887,0,0
190.9299,12.6552,3140,0,0
190.9547,11.0229,2735,0,0
190.9795,11.2889,2801,0,0
191.0043,12.8526,3189,0,0
191.0291,12.2521,3040,24,0
191.0539,12.8526,3189,0,0
191.0787,12.7519,3164,0,0
191.1035,11.4985,2853,0,0
191.1283,12.8526,3189,0,0
191.1531,12.4295,3084,0,0
191.1779,12.8526,3189,0,0
191.2027,12.0788,2997,0,0
191.2275,11.3655,2820,0,0
191.2523,11.9378,2962,0,0
191.2771,11.5388,2863,0,0
191.3019,11.8410,2938,0,0
191.3268,12.8526,3189,0,0
191.3515,11.2647,2795,0,0
191.3764,12.8526,3189,0,0
191.4012,11.6798,2898,0,0
191.4260,11.5508,2866,0,0
191.4508,11.6798,2898,0,0
191.4756,11.8733,2946,0,0
191.5004,11.8934,2951,0,0
191.5252,12.2239,3033,0,0
191.5500,12.3005,3052,0,0
191.5748,11.8249,2934,0,0
191.5996,12.8526,3189,0,0
191.6244,11.2123,2782,0,0
191.6492,12.6672,3143,0,0
191.6740,12.8526,3189,0,0
191.6988,12.4536,3090,0,0
191.7236,12.5625,3117,2,0
191.7484,12.8164,3180,0,0
191.7732,12.8526,3189,0,0
191.7980,12.6028,3127,19,0
191.8228,12.5544,3115,0,0
191.8476,12.0466,2989,4,0
191.8724,12.0909,3000,0,0
191.8972,12.1352,3011,3,0
191.9220,12.5222,3107,0,0
191.9468,12.8526,3189,0,0
191.9716,12.8526,3189,0,0
191.9964,12.3408,3062,0,0
192.0212,11.9095,2955,0,0
192.0460,11.7443,2914,0,0
192.0708,12.6672,3143,0,0
192.0956,12.0627,2993,0,0
192.1204,12.6148,3130,0,0
192.1452,12.8526,3189,0,0
192.1700,12.3730,3070,0,0
192.1948,11.6395,2888,0,0
192.2196,11.9700,2970,0,0
192.2444,12.8123,3179,0,0
192.2692,11.7040,2904,0,0
192.2941,12.3529,3065,0,0
192.3188,12.5665,3118,4,0
192.3437,12.4738,3095,0,0
192.3685,11.1196,2759,4,0
192.3932,11.6153,2882,0,0
192.4181,11.2647,2795,0,0
192.4429,12.5544,3115,0,0
192.4677,12.1715,3020,0,0
192.4925,11.9982,2977,0,0
192.5173,12.8526,3189,0,0
192.5421,11.3252,2810,0,0
192.5669,12.0506,2990,0,0
192.5917,12.1191,3007,0,0
192.6165,11.4985,2853,0,0
192.6413,11.8531,2941,0,0
192.6661,12.2279,3034,0,0
192.6909,11.8531,2941,0,0
192.7157,11.8612,2943,0,0
192.7405,12.2803,3047,0,0
192.7653,12.2924,3050,0,0
192.7901,12.8526,3189,0,0
192.8149,12.5947,3125,0,0
192.8397,12.8526,3189,0,0
192.8645,12.6672,3143,0,0
192.8893,12.8526,3189,0,0
192.9141,11.4340,2837,0,0
192.9389,11.4743,2847,0,0
192.9637,12.8526,3189,0,0
192.9885,12.8526,3189,0,0
193.0133,11.9378,2962,0,0
193.0381,12.2602,3042,0,0
193.0629,12.3569,3066,0,0
193.0877,12.5383,3111,0,0
193.1125,12.8526,3189,0,0
193.1373,11.2244,2785,0,0
193.1621,11.7967,2927,0,0
193.1869,11.3050,2805,0,0
193.2117,11.7040,2904,0,0
193.2365,11.3856,2825,0,0
193.2614,11.9095,2955,0,0
193.2861,12.5060,3103,0,0
193.3109,12.7841,3172,0,0
193.3358,11.3695,2821,0,0
193.3605,12.8526,3189,2,0
193.3854,12.8526,3189,0,0
193.4102,12.8526,3189,0,0
193.4350,12.8526,3189,0,0
193.4598,12.2239,3033,0,0
193.4846,10.9342,2713,0,0
193.5094,12.7438,3162,0,0
193.5342,12.0909,3000,0,0
193.5590,10.9544,2718,0,0
193.5838,12.2360,3036,0,0
193.6086,11.8692,2945,0,0
193.6334,12.5141,3105,0,0
193.6582,11.7040,2904,0,0
193.6830,11.7886,2925,0,0
193.7078,12.2803,3047,0,0
193.7326,12.3609,3067,0,0
193.7574,11.7604,2918,0,0
193.7822,12.8526,3189,0,0
193.8070,12.6350,3135,0,0
193.8318,12.8526,3189,0,0
193.8566,12.5101,3104,0,0
193.8814,12.8526,3189,0,0
193.9062,11.7967,2927,0,0
193.9310,12.5544,3115,0,0
193.9558,11.6798,2898,0,0
193.9806,11.9982,2977,5,0
194.0054,12.7075,3153,0,0
194.0302,12.8526,3189,0,0
194.0550,12.5625,3117,0,0
194.0798,11.3131,2807,0,0
194.1046,11.4864,2850,0,0
194.1294,12.1070,3004,3,0
194.1542,11.0108,2732,0,0
194.1790,12.2199,3032,0,0
194.2038,12.1070,3004,0,0
194.2286,11.4743,2847,0,0
194.2534,12.6108,3129,0,0
194.2782,12.8526,3189,0,0
194.3031,11.8088,2930,0,0
194.3279,12.8526,3189,0,0
194.3527,11.4582,2843,0,0
194.3775,12.7358,3160,0,0
194.4023,11.4582,2843,0,0
194.4271,10.9705,2722,0,0
194.4519,12.1030,3003,0,0
194.4767,12.1635,3018,0,0
194.5015,12.5342,3110,0,0
194.5263,11.9700,2970,0,0
194.5511,12.8526,3189,0,0
194.5759,12.4496,3089,0,0
194.6007,11.3775,2823,0,0
194.6255,11.3372,2813,0,0
194.6503,12.1796,3022,0,0
194.6751,12.5544,3115,0,0
194.6999,11.6919,2901,0,0
194.7247,10.9342,2713,2,0
194.7495,11.2647,2795,0,0
194.7743,11.6677,2895,0,0
194.7991,12.8526,3189,0,0
194.8239,11.0068,2731,0,0
194.8487,12.6914,3149,0,0
194.8735,11.5750,2872,0,0
194.8983,11.7443,2914,0,0
194.9231,11.9821,2973,0,0
194.9479,12.7478,3163,0,0
194.9727,12.2521,3040,0,0
194.9975,12.8365,3185,0,0
195.0223,11.4743,2847,0,0
195.0471,12.4980,3101,0,0
195.0719,12.8526,3189,0,0
195.0967,12.7317,3159,7,0
195.1215,12.8526,3189,0,0
195.1463,12.6148,3130,0,0
195.1711,12.6108,3129,0,0
195.1959,12.8486,3188,17,0
195.2207,12.3529,3065,0,0
195.2455,12.8526,3189,0,0
195.2704,12.8526,3189,0,0
195.2952,12.8526,3189,0,0
195.3200,11.8531,2941,0,0
195.3448,12.8526,3189,0,0
195.3696,12.8526,3189,0,0
195.3944,11.0229,2735,0,0
195.4192,12.8526,3189,0,0
195.4440,12.8405,3186,0,0
195.4688,12.8526,3189,0,0
195.4936,12.4053,3078,15,0
195.5184,12.8526,3189,0,0
195.5432,12.5504,3114,2,0
195.5680,12.2320,3035,0,0
195.5928,12.3811,3072,0,0
195.6176,10.8617,2695,0,0
195.6424,12.8526,3189,0,0
195.6672,12.8526,3189,0,0
195.6920,12.8526,3189,0,0
195.7168,12.2239,3033,0,0
195.7416,12.8405,3186,0,0
195.7664,11.7645,2919,0,0
195.7912,12.3488,3064,0,0
195.8160,11.8652,2944,0,0
195.8408,11.8531,2941,0,0
195.8656,12.4456,3088,0,0
195.8904,12.3206,3057,0,0
195.9152,12.8526,3189,0,0
195.9400,11.7886,2925,0,0
195.9648,12.8526,3189,0,0
195.9896,12.3811,3072,0,0
196.0144,12.2279,3034,0,0
196.0392,11.9942,2976,0,0
196.0640,11.2405,2789,0,0
196.0888,12.7237,3157,3,0
196.1136,11.9861,2974,0,0
196.1384,12.8526,3189,0,0
196.1632,12.3488,3064,0,0
196.1880,12.6350,3135,0,0
196.2128,11.9498,2965,4,0
196.2377,12.8526,3189,0,0
196.2625,12.2360,3036,0,0
196.2873,12.8526,3189,0,0
196.3121,12.8526,3189,0,0
196.3369,12.5060,3103,0,0
196.3617,11.7886,2925,0,0
196.3865,12.7962,3175,0,0
196.4113,11.7886,2925,0,0
196.4361,12.8526,3189,0,0
196.4609,11.9660,2969,0,0
196.4857,12.0909,3000,0,0
196.5105,12.1070,3004,4,0
196.5353,12.8526,3189,0,0
196.5601,11.7967,2927,0,0
196.5849,12.8526,3189,0,0
196.6097,12.8526,3189,0,0
196.6345,12.1070,3004,158,0
196.6593,12.8526,3189,0,0
196.6841,12.3811,3072,0,0
196.7089,12.8526,3189,0,0
196.7337,12.8526,3189,0,0
196.7585,11.1317,2762,0,0
196.7833,12.1796,3022,0,0
196.8081,12.5141,3105,0,0
196.8329,12.3166,3056,0,0
196.8577,12.8164,3180,0,0
196.8825,11.3292,2811,0,0
196.9073,12.8164,3180,0,0
196.9321,12.8526,3189,0,0
196.9569,12.3932,3075,0,0
196.9817,11.2607,2794,0,0
197.0065,11.4622,2844,0,0
197.0313,12.6874,3148,0,0
197.0561,12.4698,3094,0,0
197.0809,12.8526,3189,0,0
197.1057,12.6068,3128,0,0
197.1305,12.0949,3001,0,0
197.1553,12.8526,3189,0,0
197.1801,12.6552,3140,0,0
197.2049,12.7720,3169,0,0
197.2298,12.8526,3189,0,0
197.2545,11.8209,2933,0,0
197.2794,12.8526,3189,0,0
197.3042,12.8526,3189,0,0
197.3290,12.3690,3069,20,0
197.3538,12.1070,3004,0,0
197.3786,11.4622,2844,0,0
197.4034,12.7962,3175,0,0
197.4282,12.8526,3189,0,0
197.4530,11.8209,2933,0,0
197.4778,11.2204,2784,0,0
197.5026,12.6834,3147,0,0
197.5274,11.8894,2950,0,0
197.5522,12.5101,3104,0,0
197.5770,11.8249,2934,0,0
197.6018,12.8244,3182,0,0
197.6266,12.8526,3189,0,0
197.6514,12.6592,3141,0,0
197.6762,12.7640,3167,0,0
197.7010,11.0712,2747,0,0
197.7258,11.4743,2847,0,0
197.7506,11.3534,2817,0,0
197.7754,12.3771,3071,0,0
197.8002,12.6672,3143,0,0
197.8250,12.4053,3078,0,0
197.8498,11.7362,2912,0,0
197.8746,12.3327,3060,0,0
197.8994,11.7121,2906,0,0
197.9242,11.4340,2837,0,0
197.9490,12.3529,3065,0,0
197.9738,12.8526,3189,0,0
197.9986,12.7237,3157,0,0
198.0234,12.8526,3189,0,0
198.0482,12.7640,3167,0,0
198.0730,12.8526,3189,7,0
198.0978,11.5508,2866,0,0
198.1226,12.2844,3048,0,0
198.1474,12.8526,3189,0,0
198.1722,12.3287,3059,0,0
198.1971,12.8526,3189,0,0
198.2218,11.4662,2845,0,0
198.2467,12.8526,3189,0,0
198.2715,12.6148,3130,0,0
198.2963,11.0592,2744,0,0
198.3211,12.2360,3036,0,0
198.3459,11.9055,2954,0,0
198.3707,11.7282,2910,0,0
198.3955,11.5226,2859,0,0
198.4203,12.8526,3189,0,0
198.4451,12.2481,3039,0,0
198.4699,11.8934,2951,0,0
198.4947,11.3211,2809,0,0
198.5195,12.2360,3036,0,0
198.5443,11.4783,2848,0,0
198.5691,11.8813,2948,0,0
198.5939,12.3569,3066,0,0
198.6187,11.1881,2776,0,0
198.6435,11.7604,2918,0,0
198.6683,11.6355,2887,0,0
198.6931,12.8526,3189,0,0
198.7179,12.8526,3189,0,0
198.7427,11.8531,2941,0,0
198.7675,11.7524,2916,0,0
198.7923,12.7478,3163,0,0
198.8171,11.3372,2813,0,0
198.8419,12.5342,3110,0,0
198.8667,12.7156,3155,78,0
198.8915,12.8446,3187,0,0
198.9163,12.0305,2985,9,0
198.9411,12.8526,3189,0,0
198.9659,12.4214,3082,0,0
198.9907,11.5388,2863,0,0
199.0155,12.8526,3189,0,0
199.0403,11.4864,2850,0,0
199.0651,11.7765,2922,0,0
199.0899,12.5947,3125,0,0
199.1147,12.8526,3189,0,0
199.1395,11.4985,2853,0,0
199.1644,12.1594,3017,5,0
199.1891,11.9498,2965,0,0
199.2140,12.4859,3098,15,0
199.2388,12.7116,3154,0,0
199.2636,12.8526,3189,0,0
199.2884,12.8526,3189,28,0
199.3132,12.7882,3173,0,0
199.3380,12.0587,2992,0,0
199.3628,12.3650,3068,0,0
199.3876,12.0627,2993,0,0
199.4124,12.1836,3023,0,0
199.4372,11.8370,2937,0,0
199.4620,12.1070,3004,0,0
199.4868,12.6028,3127,0,0
199.5116,12.3247,3058,0,0
199.5364,12.4174,3081,0,0
199.5612,11.3292,2811,0,0
199.5860,12.5947,3125,0,0
199.6108,11.1599,2769,0,0
199.6356,12.8526,3189,0,0
199.6604,11.9055,2954,0,0
199.6852,12.4698,3094,0,0
199.7100,10.8294,2687,0,0
199.7348,11.7886,2925,0,0
199.7596,12.8526,3189,0,0
199.7844,11.8249,2934,0,0
199.8092,11.9498,2965,0,0
199.8340,12.1393,3012,0,0
199.8588,12.8526,3189,0,0
199.8836,12.5544,3115,0,0
199.9084,12.8526,3189,0,0
199.9332,12.6632,3142,0,0
199.9580,12.8526,3189,0,0
199.9828,10.8979,2704,0,0
200.0076,12.2320,3035,0,0
200.0324,12.1635,3018,0,0
200.0572,12.0506,2990,0,0
200.0820,12.0748,2996,0,0
200.1068,11.7886,2925,0,0
200.1317,12.8526,3189,0,0
200.1564,12.6955,3150,0,0
200.1813,11.7524,2916,0,0
200.2061,12.8526,3189,0,0
200.2309,11.6153,2882,6,0
200.2557,10.8254,2686,0,0
200.2805,11.7806,2923,1,0
200.3053,11.7645,2919,0,0
200.3301,12.8526,3189,4,0
200.3549,12.8526,3189,0,0
200.3797,12.0264,2984,0,0
200.4045,12.1393,3012,0,0
200.4293,12.8486,3188,0,0
200.4541,11.3856,2825,0,0
200.4789,12.8526,3189,0,0
200.5037,11.9821,2973,0,0
200.5285,12.8526,3189,0,0
200.5533,11.8410,2938,0,0
200.5781,12.4818,3097,0,0
200.6029,11.8249,2934,19,0
200.6277,12.1635,3018,0,0
200.6525,11.1438,2765,0,0
200.6773,12.7599,3166,0,0
200.7021,12.8526,3189,0,0
200.7269,12.2360,3036,0,0
200.7517,12.2360,3036,0,0
200.7765,12.6431,3137,0,0
200.8013,11.4743,2847,0,0
200.8261,12.0506,2990,0,0
200.8509,12.7640,3167,0,0
200.8757,12.8526,3189,0,0
200.9005,10.9785,2724,0,0
200.9253,12.4859,3098,0,0
200.9501,11.9015,2953,0,0
200.9749,11.0350,2738,0,0
200.9997,12.7882,3173,0,0
201.0245,12.6834,3147,0,0
201.0493,12.0264,2984,0,0
201.0741,12.2682,3044,0,0
201.0990,12.5987,3126,0,0
201.1237,12.2199,3032,0,0
201.1485,10.7166,2659,0,0
201.1734,12.0708,2995,0,0
201.1982,12.8526,3189,0,0
201.2230,12.3892,3074,0,0
201.2478,12.8164,3180,0,0
201.2726,12.8526,3189,0,0
201.2974,12.3529,3065,0,0
201.3222,12.2320,3035,0,0
201.3470,12.1070,3004,0,0
201.3718,12.4698,3094,0,0
201.3966,12.0788,2997,15,0
201.4214,12.2360,3036,0,0
201.4462,11.1599,2769,0,0
201.4710,11.7121,2906,0,0
201.4958,12.8526,3189,0,0
201.5206,12.3166,3056,0,0
201.5454,12.7156,3155,0,0
201.5702,12.0708,2995,2,0
201.5950,12.8526,3189,0,0
201.6198,12.5544,3115,0,0
201.6446,12.8526,3189,0,0
201.6694,12.5222,3107,0,0
201.6942,12.6753,3145,0,0
201.7190,12.6672,3143,0,0
201.7438,12.8526,3189,0,0
201.7686,12.1232,3008,0,0
201.7934,12.3771,3071,0,0
201.8182,11.7806,2923,0,0
201.8430,12.8164,3180,0,0
201.8678,11.1478,2766,0,0
201.8926,12.1514,3015,0,0
201.9174,12.8526,3189,2,0
201.9422,11.8813,2948,0,0
201.9670,12.5342,3110,0,0
201.9918,12.7156,3155,0,0
202.0166,12.5222,3107,0,0
202.0414,12.6431,3137,0,0
202.0662,11.6355,2887,0,0
202.0910,12.3972,3076,0,0
202.1158,11.8934,2951,0,0
202.1407,12.7156,3155,0,0
202.1655,12.4496,3089,0,0
202.1903,12.2844,3048,0,0
202.2151,11.8813,2948,0,0
202.2399,11.6234,2884,0,0
202.2647,11.6274,2885,0,0
202.2895,12.1635,3018,0,0
202.3143,12.8526,3189,0,0
202.3391,11.7362,2912,0,0
202.3639,12.8526,3189,0,0
202.3887,12.1796,3022,0,0
202.4135,12.0425,2988,0,0
202.4383,12.8526,3189,0,0
202.4631,11.4138,2832,0,0
202.4879,12.1312,3010,7,0
202.5127,12.8405,3186,0,0
202.5375,12.5786,3121,0,0
202.5623,11.2365,2788,0,0
202.5871,12.0748,2996,0,0
202.6119,12.8526,3189,0,0
202.6367,11.6476,2890,0,0
202.6615,11.9821,2973,0,0
202.6863,12.8526,3189,0,0
202.7111,12.1393,3012,13,0
202.7359,11.0471,2741,0,0
202.7607,11.2808,2799,0,0
202.7855,12.8526,3189,0,0
202.8103,12.6390,3136,0,0
202.8351,11.7443,2914,0,0
202.8599,12.6310,3134,0,0
202.8847,12.3287,3059,0,0
202.9095,11.5952,2877,0,0
202.9343,11.2889,2801,0,0
202.9591,12.7962,3175,0,0
202.9839,12.7075,3153,0,0
203.0087,10.4264,2587,0,0
203.0335,11.7040,2904,0,0
203.0583,11.6959,2902,0,0
203.0831,11.2365,2788,0,0
203.1080,12.8526,3189,0,0
203.1328,12.7438,3162,0,0
203.1576,12.3206,3057,0,0
203.1824,12.7116,3154,0,0
203.2072,12.8164,3180,0,0
203.2320,12.3811,3072,0,0
203.2568,12.8526,3189,0,0
203.2816,9.7009,2407,0,0
203.3064,11.6758,2897,0,0
203.3312,11.5025,2854,0,0
203.3560,10.6682,2647,4,0
203.3808,12.8526,3189,0,0
203.4056,11.8249,2934,0,0
203.4304,11.4259,2835,0,0
203.4552,12.8526,3189,0,0
203.4800,12.4375,3086,0,0
203.5048,11.5146,2857,0,0
203.5296,12.6189,3131,0,0
203.5544,12.7599,3166,0,0
203.5792,12.4738,3095,6,0
203.6040,11.4259,2835,0,0
203.6288,12.1796,3022,0,0
203.6536,12.8526,3189,0,0
203.6784,11.9015,2953,0,0
203.7032,12.8526,3189,0,0
203.7280,12.8526,3189,0,0
203.7528,12.4375,3086,0,0
203.7776,12.8526,3189,0,0
203.8024,12.3247,3058,0,0
203.8272,12.1232,3008,0,0
203.8520,11.3050,2805,2,0
203.8768,12.7116,3154,0,0
203.9016,11.7121,2906,0,0
203.9264,12.8526,3189,0,0
203.9512,12.7116,3154,0,0
203.9760,11.4138,2832,0,0
204.0008,12.8526,3189,0,0
204.0257,11.7886,2925,0,0
204.0504,11.5105,2856,0,0
204.0753,12.5181,3106,0,0
204.1001,12.6552,3140,0,0
204.1249,12.0506,2990,71,0
204.1497,12.8526,3189,11,0
204.1745,12.3529,3065,0,0
204.1993,12.8526,3189,0,0
204.2241,12.5544,3115,0,0
204.2489,12.2158,3031,0,0
204.2737,12.7317,3159,0,0
204.2985,11.6032,2879,0,0
204.3233,11.2808,2799,0,0
204.3481,11.9498,2965,0,0
204.3729,11.7483,2915,0,0
204.3977,12.5020,3102,0,0
204.4225,12.8526,3189,0,0
204.4473,12.8083,3178,0,0
204.4721,10.9665,2721,0,0
204.4969,12.1675,3019,0,0
204.5217,12.2844,3048,0,0
204.5465,11.6798,2898,0,0
204.5713,12.1232,3008,0,0
204.5961,12.4295,3084,0,0
204.6209,12.1876,3024,0,0
204.6457,12.5947,3125,0,0
204.6705,11.7886,2925,0,0
204.6953,12.6914,3149,0,0
204.7201,12.8526,3189,0,0
204.7449,12.3126,3055,0,0
204.7697,12.8526,3189,0,0
204.7945,12.1675,3019,0,0
204.8193,12.8526,3189,0,0
204.8441,11.0874,2751,0,0
204.8689,11.9498,2965,0,0
204.8937,10.9342,2713,0,0
204.9185,10.7770,2674,0,0
204.9433,12.8526,3189,0,0
204.9681,11.1720,2772,0,0
204.9930,12.3287,3059,0,0
205.0177,11.8330,2936,0,0
205.0425,11.3695,2821,0,0
205.0674,12.8526,3189,0,0
205.0921,10.9745,2723,0,0
205.1170,12.8526,3189,0,0
205.1418,12.3609,3067,0,0
205.1666,12.8405,3186,0,0
205.1914,11.2607,2794,0,0
205.2162,11.4743,2847,0,0
205.2410,11.8410,2938,0,0
205.2658,12.7640,3167,0,0
205.2906,12.5020,3102,0,0
205.3154,12.2320,3035,0,0
205.3402,11.8612,2943,0,0
205.3650,12.0708,2995,0,0
205.3898,12.8526,3189,0,0
205.4146,12.5141,3105,0,0
205.4394,12.8526,3189,0,0
205.4642,12.1594,3017,0,0
205.4890,12.1070,3004,0,0
205.5138,12.5342,3110,0,0
205.5386,12.0909,3000,0,0
205.5634,12.8526,3189,0,0
205.5882,11.4299,2836,0,0
205.6130,12.8526,3189,0,0
205.6378,12.0909,3000,0,0
205.6626,12.8526,3189,0,0
205.6874,11.6395,2888,7,0
205.7122,12.3609,3067,0,0
205.7370,11.7242,2909,0,0
205.7618,10.7770,2674,0,0
205.7866,11.2123,2782,0,0
205.8114,12.0909,3000,0,0
205.8362,12.8526,3189,0,0
205.8610,11.9458,2964,0,0
205.8858,11.0148,2733,0,0
205.9106,12.4818,3097,0,0
205.9354,12.8526,3189,0,0
205.9602,12.8526,3189,0,0
205.9850,12.8526,3189,0,0
206.0098,12.8526,3189,0,0
206.0347,12.1675,3019,0,0
206.0594,12.0143,2981,0,0
206.0843,12.7841,3172,4,0
206.1091,12.8043,3177,0,0
206.1339,12.8083,3178,0,0
206.1587,12.8526,3189,0,0
206.1835,11.7524,2916,0,0
206.2083,12.8526,3189,0,0
206.2331,12.7640,3167,0,0
206.2579,11.4178,2833,0,0
206.2827,11.8612,2943,0,0
206.3075,12.8325,3184,0,0
206.3323,12.4012,3077,0,0
206.3571,12.8526,3189,0,0
206.3819,11.4904,2851,0,0
206.4067,12.8526,3189,0,0
206.4315,12.8446,3187,0,0
206.4563,12.6431,3137,0,0
206.4811,12.2521,3040,0,0
206.5059,11.7242,2909,0,0
206.5307,12.7116,3154,0,0
206.5555,11.3292,2811,0,0
206.5803,11.0793,2749,0,0
206.6051,12.1836,3023,0,0
206.6299,12.7317,3159,0,0
206.6547,12.2965,3051,0,0
206.6795,12.6874,3148,36,0
206.7043,11.9942,2976,0,0
206.7291,11.5589,2868,0,0
206.7539,11.1156,2758,0,0
206.7787,11.9700,2970,0,0
206.8035,11.8249,2934,0,0
206.8283,11.3775,2823,0,0
206.8531,11.7443,2914,0,0
206.8779,12.0627,2993,0,0
206.9027,12.5705,3119,0,0
206.9275,12.8526,3189,0,0
206.9523,12.8526,3189,0,0
206.9771,12.8526,3189,0,0
207.0020,11.7040,2904,0,0
207.0267,12.8526,3189,0,0
207.0516,12.0949,3001,0,0
207.0764,12.6189,3131,0,0
207.1012,11.5710,2871,0,0
207.1260,11.2244,2785,0,0
207.1508,12.8526,3189,0,0
207.1756,12.3287,3059,0,0
207.2004,11.5105,2856,0,0
207.2252,12.3327,3060,0,0
207.2500,11.6234,2884,0,0
207.2748,12.5866,3123,0,0
207.2996,12.8526,3189,0,0
207.3244,12.7116,3154,0,0
207.3492,12.8526,3189,0,0
207.3740,11.7483,2915,0,0
207.3988,11.8007,2928,0,0
207.4236,11.3695,2821,0,0
207.4484,12.4214,3082,0,0
207.4732,12.8526,3189,0,0
207.4980,11.5750,2872,0,0
207.5228,12.8526,3189,0,0
207.5476,12.6431,3137,0,0
207.5724,12.7640,3167,0,0
207.5972,12.6874,3148,0,0
207.6220,11.4904,2851,0,0
207.6468,12.8526,3189,0,0
207.6716,12.7116,3154,9,0
207.6964,11.8652,2944,0,0
207.7212,12.8083,3178,14,0
207.7460,11.1236,2760,0,0
207.7708,12.8526,3189,0,0
207.7956,11.6234,2884,0,0
207.8204,11.3372,2813,5,0
207.8452,11.8652,2944,0,0
207.8700,11.7604,2918,0,0
207.8948,12.4496,3089,0,0
207.9196,11.2808,2799,0,0
207.9444,12.8526,3189,0,0
207.9693,12.8526,3189,22,0
207.9940,12.7438,3162,0,0
208.0189,12.1796,3022,0,0
208.0437,12.8526,3189,0,0
208.0685,12.2521,3040,0,0
208.0933,11.7967,2927,0,0
208.1181,12.8526,3189,0,0
208.1429,12.3408,3062,39,0
208.1677,11.7121,2906,0,0
208.1925,12.8526,3189,0,0
208.2173,11.1317,2762,4,0
208.2421,12.8526,3189,158,0
208.2669,12.0788,2997,5,0
208.2917,11.5629,2869,0,0
208.3165,12.1514,3015,0,0
208.3413,12.2521,3040,0,0
208.3661,12.2481,3039,0,0
208.3909,12.8526,3189,0,0
208.4157,12.6874,3148,0,0
208.4405,12.4053,3078,0,0
208.4653,12.5020,3102,0,0
208.4901,11.6516,2891,0,0
208.5149,12.8526,3189,0,0
208.5397,11.9660,2969,0,0
208.5645,10.7770,2674,0,0
208.5893,11.5549,2867,0,0
208.6141,12.5141,3105,0,0
208.6389,12.5383,3111,0,0
208.6637,12.8526,3189,0,0
208.6885,11.9498,2965,0,0
208.7133,12.2965,3051,0,0
208.7381,12.8365,3185,25,0
208.7629,10.7770,2674,0,0
208.7877,12.6310,3134,0,0
208.8125,12.8123,3179,0,0
208.8373,11.5549,2867,0,0
208.8621,11.8048,2929,0,0
208.8869,12.3771,3071,0,0
208.9117,11.6838,2899,0,0
208.9366,12.8526,3189,0,0
208.9613,11.5952,2877,0,0
208.9861,12.6632,3142,0,0
209.0110,12.8526,3189,0,0
209.0358,12.4174,3081,0,0
209.0606,11.7282,2910,0,0
209.0854,12.6068,3128,0,0
209.1102,11.1922,2777,0,0
209.1350,12.5544,3115,9,0
209.1598,11.3010,2804,0,0
209.1846,12.8526,3189,0,0
209.2094,12.5342,3110,0,0
209.2342,11.7645,2919,108,0
209.2590,12.4053,3078,0,0
209.2838,11.5549,2867,0,0
209.3086,12.2521,3040,0,0
209.3334,11.5226,2859,0,0
209.3582,12.8526,3189,0,0
209.3830,11.8612,2943,18,0
209.4078,12.7358,3160,0,0
209.4326,12.7196,3156,26,0
209.4574,12.0909,3000,0,0
209.4822,12.8244,3182,0,0
209.5070,11.4340,2837,0,0
209.5318,12.8526,3189,0,0
209.5566,12.2038,3028,0,0
209.5814,12.8526,3189,0,0
209.6062,12.3529,3065,0,0
209.6310,11.7080,2905,0,0
209.6558,12.8526,3189,0,0
209.6806,11.6516,2891,0,0
209.7054,11.6798,2898,0,0
209.7302,12.8526,3189,0,0
209.7550,11.7443,2914,0,0
209.7798,11.1357,2763,0,0
209.8046,11.5226,2859,0,0
209.8294,12.7962,3175,0,0
209.8542,11.9660,2969,0,0
209.8790,12.8526,3189,0,0
209.9038,11.9700,2970,0,0
209.9286,11.7282,2910,0,0
209.9534,12.6068,3128,0,0
209.9783,12.3690,3069,0,0
210.0031,12.0909,3000,0,0
210.0279,12.1352,3011,0,0
210.0527,12.3932,3075,0,0
210.0775,11.0712,2747,0,0
210.1023,12.7559,3165,0,0
210.1271,12.7075,3153,0,0
210.1519,12.8526,3189,0,0
210.1767,12.8526,3189,0,0
210.2015,12.8526,3189,0,0
210.2263,11.4743,2847,0,0
210.2511,12.2199,3032,0,0
210.2759,12.8526,3189,0,0
210.3007,12.4375,3086,0,0
210.3255,12.8526,3189,0,0
210.3503,11.7886,2925,0,0
210.3751,12.3851,3073,0,0
210.3999,12.8526,3189,0,0
210.4247,12.1917,3025,0,0
210.4495,11.5871,2875,0,0
210.4743,12.2239,3033,0,0
210.4991,11.5871,2875,0,0
210.5239,11.6677,2895,0,0
210.5487,12.8365,3185,0,0
210.5735,12.6914,3149,0,0
210.5983,12.2441,3038,4,0
210.6231,12.8526,3189,0,0
210.6479,12.5705,3119,0,0
210.6727,12.8526,3189,0,0
210.6975,11.9539,2966,0,0
210.7223,12.1997,3027,0,0
210.7471,12.8526,3189,0,0
210.7719,12.5423,3112,10,0
210.7967,12.8526,3189,0,0
210.8215,12.7358,3160,0,0
210.8463,11.7242,2909,2,0
210.8711,12.8526,3189,0,0
210.8960,11.6234,2884,0,0
210.9207,11.1478,2766,0,0
210.9456,12.0143,2981,4,0
210.9704,12.7358,3160,0,0
210.9952,12.8526,3189,0,0
211.0200,12.6914,3149,0,0
211.0448,12.2844,3048,0,0
211.0696,11.8612,2943,0,0
211.0944,11.6718,2896,0,0
211.1192,12.4496,3089,6,0
211.1440,12.2038,3028,0,0
211.1688,11.7362,2912,0,0
211.1936,12.8526,3189,0,0
211.2184,12.0425,2988,0,0
211.2432,12.4496,3089,0,0
211.2680,12.8526,3189,0,0
211.2928,12.2682,3044,4,0
211.3176,12.8526,3189,0,0
211.3424,12.8526,3189,0,0
211.3672,11.9700,2970,0,0
211.3920,12.5544,3115,0,0
211.4168,12.8526,3189,0,0
211.4416,12.1876,3024,0,0
211.4664,12.0466,2989,0,0
211.4912,12.8526,3189,0,0
211.5160,12.8526,3189,4,0
211.5408,12.2279,3034,0,0
211.5656,12.5020,3102,0,0
211.5904,11.4098,2831,9,0
211.6152,12.5342,3110,0,0
211.6400,12.6431,3137,0,0
211.6648,12.3972,3076,0,0
211.6896,11.3453,2815,0,0
211.7144,11.5952,2877,0,0
211.7392,12.6431,3137,0,0
211.7640,12.8526,3189,0,0
211.7888,12.8526,3189,0,0
211.8136,12.0143,2981,0,0
211.8384,12.8164,3180,0,0
211.8633,12.5665,3118,0,0
211.8880,11.8289,2935,0,0
211.9129,11.8088,2930,0,0
211.9377,11.9660,2969,0,0
211.9625,12.6672,3143,0,0
211.9873,11.7242,2909,0,0
212.0121,11.2123,2782,0,0
212.0369,12.7438,3162,0,0
212.0617,12.8526,3189,0,0
212.0865,11.8813,2948,0,0
212.1113,12.5544,3115,0,0
212.1361,12.5020,3102,0,0
212.1609,12.8405,3186,7,0
212.1857,11.8330,2936,0,0
212.2105,12.8325,3184,0,0
212.2353,12.2682,3044,0,0
212.2601,12.4093,3079,0,0
212.2849,12.7478,3163,0,0
212.3097,12.0909,3000,0,0
212.3345,12.5060,3103,0,0
212.3593,12.0748,2996,0,0
212.3841,12.7962,3175,19,0
212.4089,12.2924,3050,0,0
212.4337,12.1514,3015,0,0
212.4585,12.3851,3073,0,0
212.4833,12.8526,3189,0,0
212.5081,11.2607,2794,0,0
212.5329,12.3851,3073,0,0
212.5577,11.6919,2901,0,0
212.5825,10.7287,2662,0,0
212.6073,12.8405,3186,7,0
212.6321,11.8249,2934,0,0
212.6569,11.6032,2879,0,0
212.6817,11.1720,2772,0,0
212.7065,12.6914,3149,0,0
212.7313,11.7443,2914,0,0
212.7561,12.8526,3189,10,0
212.7809,12.8526,3189,0,0
212.8057,11.6919,2901,0,0
212.8306,11.2244,2785,0,0
212.8553,12.3327,3060,0,0
212.8801,12.1917,3025,0,0
212.9050,11.6395,2888,0,0
212.9297,12.8164,3180,0,0
212.9546,12.7599,3166,0,0
212.9794,12.8526,3189,0,0
213.0042,12.2199,3032,0,0
213.0290,11.6677,2895,0,0
213.0538,12.6552,3140,0,0
213.0786,12.7962,3175,0,0
213.1034,12.8526,3189,0,0
213.1282,12.7196,3156,0,0
213.1530,12.8285,3183,13,0
213.1778,11.7322,2911,5,0
213.2026,12.8526,3189,0,0
213.2274,12.8526,3189,0,0
213.2522,12.4617,3092,0,0
213.2770,12.2521,3040,0,0
213.3018,12.5544,3115,0,0
213.3266,10.6037,2631,0,0
213.3514,11.2607,2794,0,0
213.3762,11.6355,2887,0,0
213.4010,12.0909,3000,0,0
213.4258,12.8526,3189,0,0
213.4506,12.6148,3130,0,0
213.4754,12.5020,3102,0,0
213.5002,12.3851,3073,0,0
213.5250,12.6148,3130,15,0
213.5498,12.8526,3189,0,0
213.5746,12.8526,3189,0,0
213.5994,12.6310,3134,0,0
213.6242,12.7882,3173,0,0
213.6490,12.0425,2988,0,0
213.6738,11.1841,2775,0,0
213.6986,12.8526,3189,0,0
213.7234,12.8526,3189,0,0
213.7482,12.8526,3189,6,0
213.7730,12.8526,3189,0,0
213.7978,11.6274,2885,0,0
213.8226,12.8526,3189,0,0
213.8474,12.2521,3040,0,0
213.8723,12.8526,3189,0,0
213.8970,12.2481,3039,0,0
213.9219,11.6355,2887,0,0
213.9467,11.7967,2927,0,0
213.9715,11.8692,2945,0,0
213.9963,11.6798,2898,0,0
214.0211,12.7559,3165,0,0
214.0459,12.8083,3178,0,0
214.0707,10.9100,2707,0,0
214.0955,12.8526,3189,0,0
214.1203,12.6874,3148,0,0
214.1451,11.8249,2934,0,0
214.1699,12.0143,2981,0,0
214.1947,12.5907,3124,0,0
214.2195,12.8526,3189,0,0
214.2443,12.6350,3135,0,0
214.2691,11.7080,2905,0,0
214.2939,11.8048,2929,0,0
214.3187,11.6274,2885,0,0
214.3435,12.8526,3189,0,0
214.3683,11.3252,2810,0,0
214.3931,12.8526,3189,0,0
214.4179,12.4012,3077,4,0
214.4427,11.7524,2916,0,0
214.4675,12.7075,3153,0,0
214.4923,11.5549,2867,0,0
214.5171,11.1720,2772,0,0
214.5419,11.5952,2877,0,0
214.5667,12.8526,3189,0,0
214.5915,12.6310,3134,0,0
214.6163,11.6798,2898,0,0
214.6411,12.8526,3189,0,0
214.6659,12.8526,3189,0,0
214.6907,12.8123,3179,0,0
214.7155,12.7237,3157,0,0
214.7403,12.8526,3189,0,0
214.7651,12.7358,3160,0,0
214.7899,12.3126,3055,0,0
214.8147,12.2682,3044,0,0
214.8396,11.8813,2948,0,0
214.8643,12.5987,3126,0,0
214.8892,11.6838,2899,0,0
214.9140,12.8526,3189,0,0
214.9388,11.8410,2938,0,0
214.9636,12.6834,3147,0,0
214.9884,12.8526,3189,0,0
215.0132,12.3529,3065,0,0
215.0380,11.4985,2853,0,0
215.0628,11.7403,2913,0,0
215.0876,12.8526,3189,0,0
215.1124,12.3730,3070,0,0
215.1372,12.3851,3073,0,0
215.1620,12.8526,3189,0,0
215.1868,11.6838,2899,0,0
215.2116,12.6068,3128,0,0
215.2364,11.9378,2962,7,0
215.2612,12.8526,3189,0,0
215.2860,12.0708,2995,0,0
215.3108,12.3166,3056,0,0
215.3356,12.7720,3169,0,0
215.3604,12.5060,3103,0,0
215.3852,12.3166,3056,0,0
215.4100,11.9861,2974,0,0
215.4348,11.4541,2842,4,0
215.4596,12.5383,3111,0,0
215.4844,10.7690,2672,0,0
215.5092,12.3972,3076,0,0
215.5340,11.9700,2970,0,0
215.5588,12.8526,3189,0,0
215.5836,12.7599,3166,43,0
215.6084,12.8526,3189,0,0
215.6332,12.0909,3000,0,0
215.6580,11.8048,2929,0,0
215.6828,11.6597,2893,0,0
215.7076,12.1715,3020,0,0
215.7324,11.4985,2853,0,0
215.7572,11.9821,2973,0,0
215.7820,12.8526,3189,0,0
215.8069,12.8526,3189,0,0
215.8316,12.7882,3173,0,0
215.8565,12.0909,3000,0,0
215.8813,11.5549,2867,0,0
215.9061,11.6476,2890,0,0
215.9309,11.3977,2828,0,0
215.9557,12.4899,3099,0,0
215.9805,12.7478,3163,0,0
216.0053,12.8526,3189,0,0
216.0301,12.0143,2981,0,0
216.0549,11.8934,2951,0,0
216.0797,11.9660,2969,0,0
216.1045,11.8330,2936,0,0
216.1293,12.8526,3189,0,0
216.1541,12.4738,3095,0,0
216.1789,12.4214,3082,0,0
216.2037,12.8526,3189,0,0
216.2285,12.4214,3082,0,0
216.2533,10.9544,2718,0,0
216.2781,12.7801,3171,8,0
216.3029,12.8526,3189,0,0
216.3277,12.3166,3056,0,0
216.3525,12.8526,3189,0,0
216.3773,12.5987,3126,0,0
216.4021,12.8526,3189,0,0
216.4269,12.5463,3113,0,0
216.4517,11.7765,2922,0,0
216.4765,11.5629,2869,0,0
216.5013,12.5947,3125,4,0
216.5261,11.5508,2866,0,0
216.5509,12.2279,3034,0,0
216.5757,12.2602,3042,0,0
216.6005,11.8934,2951,0,0
216.6253,12.8526,3189,0,0
216.6501,12.8526,3189,0,0
216.6749,12.2844,3048,0,0
216.6997,11.9095,2955,0,0
216.7245,12.0466,2989,0,0
216.7493,12.5060,3103,0,0
216.7742,12.8526,3189,0,0
216.7990,12.4496,3089,0,0
216.8237,12.8526,3189,0,0
216.8486,12.0748,2996,0,0
216.8734,11.4904,2851,0,0
216.8982,12.1030,3003,13,0
216.9230,12.5101,3104,0,0
216.9478,11.6395,2888,0,0
216.9726,12.7962,3175,0,0
216.9974,12.0748,2996,0,0
217.0222,12.5705,3119,0,0
217.0470,12.8526,3189,0,0
217.0718,12.8526,3189,0,0
217.0966,11.7524,2916,0,0
217.1214,12.8526,3189,0,0
217.1462,12.8526,3189,0,0
217.1710,11.4461,2840,0,0
217.1958,11.9498,2965,0,0
217.2206,12.8526,3189,0,0
217.2454,11.8652,2944,0,0
217.2702,11.5105,2856,0,0
217.2950,12.1715,3020,0,0
217.3198,12.8083,3178,0,0
217.3446,9.7695,2424,0,0
217.3694,12.3851,3073,0,0
217.3942,12.7801,3171,0,0
217.4190,12.3408,3062,0,0
217.4438,12.8526,3189,0,0
217.4686,12.8526,3189,0,0
217.4934,12.2199,3032,0,0
217.5182,12.6552,3140,0,0
217.5430,12.7882,3173,0,0
217.5678,12.8526,3189,0,0
217.5926,12.8526,3189,0,0
217.6174,12.8526,3189,0,0
217.6422,12.4133,3080,0,0
217.6670,11.6234,2884,0,0
217.6918,11.3211,2809,0,0
217.7166,11.4622,2844,0,0
217.7414,12.8526,3189,0,0
217.7663,12.0224,2983,0,0
217.7910,12.6592,3141,0,0
217.8159,11.9498,2965,0,0
217.8407,12.2320,3035,0,0
217.8655,11.5912,2876,0,0
217.8903,11.8813,2948,0,0
217.9151,12.3609,3067,0,0
217.9399,11.7725,2921,0,0
217.9647,12.4698,3094,4,0
217.9895,11.3372,2813,0,0
218.0143,12.8083,3178,0,0
218.0391,12.8526,3189,0,0
218.0639,12.3892,3074,0,0
218.0887,12.0466,2989,0,0
218.1135,11.3372,2813,0,0
218.1383,12.1675,3019,0,0
218.1631,12.8526,3189,0,0
218.1879,12.1514,3015,0,0
218.2127,12.8526,3189,0,0
218.2375,12.0143,2981,0,0
218.2623,12.8526,3189,0,0
218.2871,12.8526,3189,0,0
218.3119,11.7725,2921,0,0
218.3367,12.8526,3189,0,0
218.3615,12.2844,3048,0,0
218.3863,11.7765,2922,0,0
218.4111,11.5670,2870,0,0
218.4359,12.0022,2978,0,0
218.4607,12.3892,3074,0,0
218.4855,12.1796,3022,4,0
218.5103,12.1997,3027,0,0
218.5351,11.5508,2866,2,0
218.5599,12.1352,3011,0,0
218.5847,12.6914,3149,0,0
218.6095,11.5105,2856,0,0
218.6343,11.7967,2927,0,0
218.6591,12.4214,3082,0,0
218.6839,11.9982,2977,0,0
218.7087,12.7761,3170,8,0
218.7336,12.8526,3189,0,0
218.7583,12.6068,3128,0,0
218.7832,12.2199,3032,0,0
218.8080,12.8526,3189,0,0
218.8328,12.7116,3154,2,0
218.8576,11.9821,2973,0,0
218.8824,12.8526,3189,0,0
218.9072,12.8526,3189,0,0
218.9320,11.9861,2974,0,0
218.9568,12.0949,3001,0,0
218.9816,12.8285,3183,0,0
219.0064,12.8526,3189,0,0
219.0312,12.8164,3180,0,0
219.0560,12.7196,3156,5,0
219.0808,11.8692,2945,0,0
219.1056,12.5262,3108,0,0
219.1304,12.3569,3066,0,0
219.1552,12.0143,2981,0,0
219.1800,12.8526,3189,0,0
219.2048,11.0914,2752,0,0
219.2296,12.7801,3171,0,0
219.2544,12.5181,3106,0,0
219.2792,12.3529,3065,7,0
219.3040,12.5342,3110,0,0
219.3288,11.2042,2780,0,0
219.3536,12.5222,3107,0,0
219.3784,11.2445,2790,0,0
219.4032,11.4461,2840,0,0
219.4280,12.7156,3155,0,0
219.4528,12.4415,3087,0,0
219.4776,11.5025,2854,0,0
219.5024,11.8692,2945,0,0
219.5272,11.7282,2910,1,0
219.5520,10.7125,2658,0,0
219.5768,12.5383,3111,0,0
219.6016,11.7524,2916,0,0
219.6264,12.8526,3189,0,0
219.6512,12.8526,3189,0,0
219.6760,12.8526,3189,0,0
219.7009,12.8526,3189,0,0
219.7256,12.8526,3189,0,0
219.7505,12.1796,3022,0,0
219.7753,12.3488,3064,0,0
219.8001,12.8405,3186,0,0
219.8249,12.1715,3020,0,0
219.8497,12.8526,3189,0,0
219.8745,12.2602,3042,0,0
219.8993,12.8526,3189,0,0
219.9241,11.5670,2870,0,0
219.9489,12.8526,3189,0,0
219.9737,12.8526,3189,0,0
219.9985,11.8249,2934,0,0
220.0233,12.8526,3189,0,0
220.0481,11.8934,2951,0,0
220.0729,12.4738,3095,0,0
220.0977,12.7478,3163,0,0
220.1225,11.6476,2890,0,0
220.1473,12.8526,3189,0,0
220.1721,12.6310,3134,14,0
220.1969,12.5544,3115,0,0
220.2217,12.8526,3189,0,0
220.2465,11.6677,2895,1,0
220.2713,12.8526,3189,0,0
220.2961,12.8526,3189,0,0
220.3209,12.8526,3189,0,0
220.3457,12.8526,3189,0,0
220.3705,12.8526,3189,0,0
220.3953,11.9700,2970,0,0
220.4201,12.5020,3102,0,0
220.4449,12.0909,3000,0,0
220.4697,12.1997,3027,0,0
220.4945,12.7358,3160,0,0
220.5193,12.0708,2995,0,0
220.5441,12.8526,3189,0,0
220.5689,12.5020,3102,0,0
220.5937,12.0345,2986,0,0
220.6185,11.7483,2915,0,0
220.6433,12.7358,3160,4,0
220.6682,12.8526,3189,0,0
220.6929,12.3206,3057,0,0
220.7177,11.9700,2970,15,0
220.7426,12.5060,3103,0,0
220.7673,12.8526,3189,0,0
220.7922,11.2083,2781,0,0
220.8170,12.6068,3128,0,0
220.8418,12.8526,3189,93,0
220.8666,12.1917,3025,0,0
220.8914,11.9619,2968,0,0
220.9162,12.6148,3130,2,0
220.9410,11.8612,2943,7,0
220.9658,11.7886,2925,0,0
220.9906,12.8526,3189,1,0
221.0154,11.4340,2837,0,0
221.0402,12.7358,3160,0,0
221.0650,12.8526,3189,0,0
221.0898,12.4496,3089,0,0
221.1146,12.7478,3163,0,0
221.1394,12.8526,3189,0,0
221.1642,12.4657,3093,0,0
221.1890,12.8526,3189,0,0
221.2138,12.2844,3048,0,0
221.2386,11.8168,2932,0,0
221.2634,12.5504,3114,0,0
221.2882,12.1232,3008,0,0
221.3130,12.8526,3189,0,0
221.3378,12.7882,3173,0,0
221.3626,12.8526,3189,0,0
221.3874,12.8526,3189,7,0
221.4122,11.3171,2808,0,0
221.4370,11.2607,2794,0,0
221.4618,12.0425,2988,0,0
221.4866,12.0909,3000,0,0
221.5114,12.7882,3173,0,0
221.5362,11.6758,2897,0,0
221.5610,12.8526,3189,0,0
221.5858,11.8410,2938,0,0
221.6106,11.6395,2888,0,0
221.6354,12.8526,3189,7,0
221.6602,11.7040,2904,4,0
221.6850,12.6148,3130,0,0
221.7099,12.6632,3142,0,0
221.7346,12.8526,3189,0,0
221.7595,12.7720,3169,15,0
221.7843,11.8813,2948,0,0
221.8091,12.7640,3167,0,0
221.8339,12.8526,3189,44,0
221.8587,12.2199,3032,0,0
221.8835,11.8410,2938,0,0
221.9083,12.8526,3189,0,0
221.9331,11.3050,2805,0,0
221.9579,12.8526,3189,0,0
221.9827,11.7645,2919,0,0
222.0075,12.8526,3189,0,0
222.0323,11.7967,2927,0,0
222.0571,12.6511,3139,0,0
222.0819,12.6592,3141,0,0
222.1067,12.3609,3067,0,0
222.1315,11.8652,2944,0,0
222.1563,11.7645,2919,0,0
222.1811,12.8526,3189,1,0
222.2059,12.8526,3189,0,0
222.2307,12.8526,3189,0,0
222.2555,12.8526,3189,0,0
222.2803,12.3811,3072,0,0
222.3051,12.0587,2992,0,0
222.3299,12.1030,3003,0,0
222.3547,12.8526,3189,14,0
222.3795,12.8526,3189,0,0
222.4043,12.4375,3086,0,0
222.4291,11.8692,2945,0,0
222.4539,12.8526,3189,7,0
222.4787,11.7725,2921,0,0
222.5035,12.0627,2993,0,0
222.5283,11.6032,2879,0,0
222.5531,12.8526,3189,0,0
222.5779,12.8526,3189,0,0
222.6027,12.0264,2984,0,0
222.6275,12.1796,3022,0,0
222.6523,12.8526,3189,0,0
222.6772,12.8526,3189,0,0
222.7020,11.6758,2897,0,0
222.7268,12.8526,3189,0,0
222.7516,12.6068,3128,0,0
222.7764,11.8652,2944,0,0
222.8012,12.8365,3185,0,0
222.8260,12.8526,3189,0,0
222.8508,11.4985,2853,0,0
222.8756,12.5987,3126,2,0
222.9004,12.8526,3189,0,0
222.9252,12.2682,3044,0,0
222.9500,12.8526,3189,6,0
222.9748,12.8526,3189,0,0
222.9996,12.4093,3079,36,0
223.0244,12.8526,3189,0,0
223.0492,10.9100,2707,0,0
223.0740,12.5544,3115,0,0
223.0988,12.8526,3189,0,0
223.1236,11.8410,2938,0,0
223.1484,12.3327,3060,0,0
223.1732,12.1836,3023,0,0
223.1980,11.1115,2757,0,0
223.2228,12.2199,3032,0,0
223.2476,12.8526,3189,0,0
223.2724,12.8526,3189,0,0
223.2972,11.4461,2840,0,0
223.3220,12.8526,3189,0,0
223.3468,12.0627,2993,0,0
223.3716,12.8526,3189,0,0
223.3964,12.3972,3076,0,0
223.4212,12.4738,3095,0,0
223.4460,12.8526,3189,0,0
223.4708,12.5423,3112,0,0
223.4956,12.8526,3189,0,0
223.5204,12.7519,3164,0,0
223.5452,12.8526,3189,0,0
223.5700,12.8123,3179,0,0
223.5948,12.8526,3189,0,0
223.6196,12.8526,3189,0,0
223.6445,11.8209,2933,0,0
223.6693,12.3569,3066,0,0
223.6941,12.4980,3101,0,0
223.7189,12.5141,3105,0,0
223.7437,11.9176,2957,0,0
223.7685,12.7720,3169,0,0
223.7933,12.8526,3189,0,0
223.8181,12.5383,3111,0,0
223.8429,12.8526,3189,0,0
223.8677,12.8526,3189,0,0
223.8925,12.8526,3189,0,0
223.9173,12.6068,3128,0,0
223.9421,12.8526,3189,0,0
223.9669,12.8526,3189,0,0
223.9917,12.5625,3117,0,0
224.0165,12.5222,3107,0,0
224.0413,12.8526,3189,7,0
224.0661,10.2410,2541,0,0
224.0909,11.1236,2760,0,0
224.1157,11.5105,2856,0,0
224.1405,12.1675,3019,0,0
224.1653,12.8526,3189,0,0
224.1901,12.5383,3111,0,0
224.2149,12.2602,3042,0,0
224.2397,12.3206,3057,0,0
224.2645,12.8526,3189,0,0
224.2893,12.4496,3089,0,0
224.3141,12.8405,3186,0,0
224.3389,11.9821,2973,14,0
224.3637,11.7322,2911,0,0
224.3885,12.0022,2978,0,0
224.4133,12.5020,3102,0,0
224.4381,12.1352,3011,0,0
224.4629,12.8526,3189,0,0
224.4877,12.8526,3189,0,0
224.5125,11.4985,2853,0,0
224.5373,12.8526,3189,0,0
224.5621,12.6108,3129,115,0
224.5869,12.8526,3189,0,0
224.6118,12.2360,3036,0,0
224.6366,12.8526,3189,0,0
224.6613,12.8526,3189,2,0
224.6862,12.0143,2981,0,0
224.7110,12.8526,3189,0,0
224.7358,11.9821,2973,0,0
224.7606,12.8526,3189,0,0
224.7854,11.8410,2938,0,0
224.8102,11.1841,2775,0,0
224.8350,12.3609,3067,105,0
224.8598,12.8526,3189,0,0
224.8846,12.8526,3189,0,0
224.9094,12.3811,3072,0,0
224.9342,12.8526,3189,0,0
224.9590,11.2445,2790,0,0
224.9838,12.5907,3124,0,0
225.0086,12.8526,3189,0,0
225.0334,12.8526,3189,0,0
225.0582,11.8330,2936,0,0
225.0830,11.6355,2887,0,0
225.1078,12.2038,3028,0,0
225.1326,11.1841,2775,0,0
225.1574,12.8526,3189,0,0
225.1822,11.9095,2955,0,0
225.2070,11.9942,2976,0,0
225.2318,12.5907,3124,0,0
225.2566,11.7645,2919,0,0
225.2814,10.8899,2702,0,0
225.3062,12.0627,2993,0,0
225.3310,12.8526,3189,0,0
225.3558,12.8526,3189,0,0
225.3806,12.4214,3082,0,0
225.4054,12.8526,3189,1,0
225.4302,12.2239,3033,0,0
225.4550,12.0224,2983,0,0
225.4798,11.9700,2970,0,0
225.5046,12.6632,3142,0,0
225.5294,12.8526,3189,0,0
225.5542,12.4214,3082,0,0
225.5790,12.8526,3189,0,0
225.6039,12.2279,3034,0,0
225.6286,12.8325,3184,0,0
225.6535,12.8526,3189,0,0
225.6783,11.5025,2854,0,0
225.7031,12.8526,3189,0,0
225.7279,11.5226,2859,0,0
225.7527,12.8526,3189,0,0
225.7775,12.8526,3189,0,0
225.8023,12.8526,3189,0,0
225.8271,10.8899,2702,19,0
225.8519,11.6798,2898,0,0
225.8767,11.9700,2970,0,0
225.9015,12.8526,3189,0,0
225.9263,12.8526,3189,0,0
225.9511,11.5025,2854,0,0
225.9759,11.5549,2867,8,0
226.0007,11.8572,2942,0,0
226.0255,11.6758,2897,3,0
226.0503,12.7841,3172,0,0
226.0751,11.7362,2912,0,0
226.0999,11.8692,2945,0,0
226.1247,12.8526,3189,0,0
226.1495,12.8526,3189,0,0
226.1743,12.8526,3189,0,0
226.1991,12.8526,3189,0,0
226.2239,12.8526,3189,0,0
226.2487,12.8526,3189,0,0
226.2735,12.3206,3057,0,0
226.2983,12.8526,3189,0,0
226.3231,12.5544,3115,0,0
226.3479,12.8526,3189,22,0
226.3727,12.3730,3070,0,0
226.3975,11.8249,2934,0,0
226.4223,12.8526,3189,0,0
226.4471,11.6838,2899,0,0
226.4719,12.0022,2978,0,0
226.4967,12.6874,3148,37,0
226.5215,11.5912,2876,0,0
226.5463,12.8526,3189,0,0
226.5712,11.8330,2936,0,0
226.5959,12.8526,3189,0,0
226.6208,12.5947,3125,0,0
226.6456,12.7882,3173,158,0
226.6704,12.1715,3020,0,0
226.6952,11.2042,2780,0,0
226.7200,12.4859,3098,0,0
226.7448,12.5423,3112,0,0
226.7696,12.8526,3189,0,0
226.7944,12.3327,3060,0,0
226.8192,12.2844,3048,0,0
226.8440,12.0143,2981,0,0
226.8688,11.6798,2898,0,0
226.8936,11.5871,2875,0,0
226.9184,12.0305,2985,0,0
226.9432,12.8285,3183,0,0
226.9680,12.4375,3086,0,0
226.9928,11.7886,2925,0,0
227.0176,12.0264,2984,0,0
227.0424,12.8526,3189,5,0
227.0672,12.0708,2995,0,0
227.0920,12.1876,3024,0,0
227.1168,12.0546,2991,0,0
227.1416,12.4214,3082,18,0
227.1664,12.8526,3189,0,0
227.1912,12.8526,3189,0,0
227.2160,12.8526,3189,0,0
227.2408,12.4818,3097,0,0
227.2656,12.8526,3189,0,0
227.2904,12.8526,3189,0,0
227.3152,12.3126,3055,0,0
227.3400,12.8526,3189,0,0
227.3648,11.5226,2859,0,0
227.3896,11.9337,2961,0,0
227.4144,12.8526,3189,0,0
227.4392,11.8934,2951,0,0
227.4640,12.8123,3179,0,0
227.4888,12.7962,3175,0,0
227.5136,12.8526,3189,0,0
227.5385,12.5342,3110,0,0
227.5632,12.0708,2995,0,0
227.5881,11.5025,2854,0,0
227.6129,12.8526,3189,1,0
227.6377,12.8526,3189,0,0
227.6625,11.4743,2847,0,0
227.6873,12.8526,3189,0,0
227.7121,11.8612,2943,0,0
227.7369,12.4496,3089,0,0
227.7617,12.8526,3189,0,0
227.7865,12.8526,3189,0,0
227.8113,12.8526,3189,0,0
227.8361,11.5428,2864,0,0
227.8609,11.9095,2955,0,0
227.8857,12.0022,2978,8,0
227.9105,12.3327,3060,0,0
227.9353,11.9095,2955,0,0
227.9601,12.5786,3121,0,0
227.9849,12.5544,3115,0,0
228.0097,12.8526,3189,0,0
228.0345,12.8526,3189,0,0
228.0593,12.3327,3060,0,0
228.0841,11.6516,2891,0,0
228.1089,12.8526,3189,0,0
228.1337,12.6068,3128,3,0
228.1585,12.4214,3082,0,0
228.1833,12.8526,3189,0,0
228.2081,12.8526,3189,2,0
228.2329,12.8526,3189,0,0
228.2577,12.0264,2984,0,0
228.2825,11.7967,2927,0,0
228.3073,11.9337,2961,0,0
228.3321,11.4138,2832,0,0
228.3569,12.8526,3189,0,0
228.3817,11.4461,2840,0,0
228.4065,11.4461,2840,12,0
228.4313,12.8526,3189,0,0
228.4561,11.9700,2970,0,0
228.4809,11.1841,2775,0,0
228.5058,11.1438,2765,0,0
228.5305,12.8526,3189,0,0
228.5553,12.1393,3012,0,0
228.5802,12.8526,3189,0,0
228.6049,11.4461,2840,0,0
228.6298,12.3609,3067,0,0
228.6546,12.1997,3027,0,0
228.6794,11.7645,2919,0,0
228.7042,12.3166,3056,0,0
228.7290,12.2279,3034,0,0
228.7538,12.6552,3140,0,0
228.7786,12.8526,3189,0,0
228.8034,11.7242,2909,0,0
228.8282,12.8526,3189,0,0
228.8530,12.7882,3173,0,0
228.8778,12.8285,3183,0,0
228.9026,12.7841,3172,0,0
228.9274,12.7962,3175,0,0
228.9522,11.9700,2970,1,0
228.9770,12.3529,3065,0,0
229.0018,12.8526,3189,0,0
229.0266,11.2123,2782,0,0
229.0514,11.7645,2919,0,0
229.0762,11.9942,2976,0,0
229.1010,12.4617,3092,12,0
229.1258,12.4012,3077,0,0
229.1506,11.6395,2888,0,0
229.1754,11.6838,2899,0,0
229.2002,12.2682,3044,0,0
229.2250,12.8526,3189,0,0
229.2498,12.5584,3116,26,0
229.2746,12.4214,3082,0,0
229.2994,12.8526,3189,0,0
229.3242,12.4899,3099,7,0
229.3490,11.6758,2897,0,0
229.3738,12.3851,3073,0,0
229.3986,12.7156,3155,0,0
229.4234,12.8526,3189,0,0
229.4482,12.8526,3189,0,0
229.4730,12.8526,3189,0,0
229.4978,12.7761,3170,0,0
229.5226,12.4012,3077,0,0
229.5475,12.7801,3171,0,0
229.5723,12.8526,3189,0,0
229.5971,12.8526,3189,0,0
229.6219,12.8526,3189,0,0
229.6467,12.8526,3189,0,0
229.6715,12.5907,3124,0,0
229.6963,12.3287,3059,0,0
229.7211,12.8526,3189,0,0
229.7459,12.1030,3003,0,0
229.7707,12.8526,3189,0,0
229.7955,12.8526,3189,0,0
229.8203,12.8526,3189,0,0
229.8451,12.3569,3066,0,0
229.8699,12.8526,3189,0,0
229.8947,12.8526,3189,0,0
229.9195,12.2199,3032,0,0
229.9443,12.3529,3065,166,0
229.9691,11.0229,2735,0,0
229.9939,12.7156,3155,0,0
230.0187,11.5428,2864,0,0
230.0435,12.7358,3160,0,0
230.0683,12.8526,3189,0,0
230.0931,12.8526,3189,0,0
230.1179,11.1801,2774,0,0
230.1427,12.8526,3189,0,0
230.1675,11.7524,2916,0,0
230.1923,11.1156,2758,0,0
230.2171,12.7196,3156,0,0
230.2419,11.5952,2877,0,0
230.2667,12.0909,3000,0,0
230.2915,12.8526,3189,0,0
230.3163,12.5342,3110,0,0
230.3411,11.9700,2970,0,0
230.3659,10.9100,2707,0,0
230.3907,12.5584,3116,0,0
230.4155,12.8526,3189,0,0
230.4403,12.1514,3015,0,0
230.4651,11.2123,2782,0,0
230.4899,12.8526,3189,0,0
230.5148,12.5544,3115,0,0
230.5396,12.0506,2990,0,0
230.5644,12.6189,3131,0,0
230.5892,11.2566,2793,0,0
230.6140,11.2728,2797,0,0
230.6388,11.9700,2970,0,0
230.6636,12.8526,3189,0,0
230.6884,12.8526,3189,0,0
230.7132,12.8526,3189,0,0
230.7380,12.1232,3008,56,0
230.7628,12.5101,3104,0,0
230.7876,12.8526,3189,0,0
230.8124,12.5947,3125,0,0
230.8372,12.8526,3189,0,0
230.8620,12.8526,3189,0,0
230.8868,12.8526,3189,0,0
230.9116,12.8526,3189,3,0
230.9364,11.7282,2910,15,0
230.9612,11.0027,2730,0,0
230.9860,11.8652,2944,0,0
231.0108,12.8526,3189,0,0
231.0356,11.9821,2973,0,0
231.0604,12.8526,3189,0,0
231.0852,12.8526,3189,0,0
231.1100,12.0627,2993,0,0
231.1348,12.6310,3134,0,0
231.1596,11.2728,2797,6,0
231.1844,12.8526,3189,7,0
231.2092,11.9095,2955,0,0
231.2340,12.8526,3189,0,0
231.2588,12.8526,3189,0,0
231.2836,12.5141,3105,0,0
231.3084,11.6838,2899,0,0
231.3332,10.8979,2704,0,0
231.3580,11.9498,2965,0,0
231.3828,12.8526,3189,0,0
231.4076,12.8526,3189,0,0
231.4324,12.3247,3058,0,0
231.4572,12.5947,3125,0,0
231.4821,11.8048,2929,0,0
231.5069,12.8526,3189,23,0
231.5317,12.1594,3017,0,0
231.5565,12.8526,3189,0,0
231.5813,12.0466,2989,0,0
231.6061,12.8526,3189,0,0
231.6309,12.1070,3004,0,0
231.6557,12.4214,3082,0,0
231.6805,12.8526,3189,0,0
231.7053,10.9906,2727,0,0
231.7301,12.8526,3189,0,0
231.7549,12.5584,3116,5,0
231.7797,12.6148,3130,28,0
231.8045,12.4214,3082,0,0
231.8293,12.8526,3189,0,0
231.8541,11.8531,2941,0,0
231.8789,12.1715,3020,0,0
231.9037,12.8526,3189,0,0
231.9285,12.3045,3053,0,0
231.9533,12.8325,3184,0,0
231.9781,12.8526,3189,0,0
232.0029,12.2158,3031,0,0
232.0277,12.8526,3189,0,0
232.0525,12.4496,3089,0,0
232.0773,11.5508,2866,0,0
232.1021,12.4738,3095,0,0
232.1269,12.0224,2983,0,0
232.1517,12.8526,3189,0,0
232.1765,12.8526,3189,0,0
232.2013,12.2803,3047,0,0
232.2261,12.1796,3022,0,0
232.2509,12.8526,3189,2,0
232.2757,12.8526,3189,0,0
232.3005,11.8249,2934,0,0
232.3253,11.7201,2908,0,0
232.3501,12.0788,2997,0,0
232.3749,11.6274,2885,0,0
232.3997,11.7645,2919,0,0
232.4245,11.9821,2973,0,0
232.4494,11.9176,2957,0,0
232.4742,12.3166,3056,0,0
232.4989,12.8526,3189,0,0
232.5238,12.7559,3165,0,0
232.5486,11.8410,2938,0,0
232.5734,12.2763,3046,7,0
232.5982,11.7080,2905,0,0
232.6230,12.8526,3189,0,0
232.6478,12.6148,3130,11,0
232.6726,11.9982,2977,0,0
232.6974,11.5226,2859,0,0
232.7222,12.3529,3065,0,0
232.7470,12.3609,3067,7,0
232.7718,11.5952,2877,0,0
232.7966,11.0027,2730,3,0
232.8214,12.5101,3104,0,0
232.8462,12.8526,3189,0,0
232.8710,11.9095,2955,2,0
232.8958,12.8526,3189,0,0
232.9206,12.7358,3160,0,0
232.9454,12.8526,3189,0,0
232.9702,12.8526,3189,0,0
232.9950,12.8365,3185,0,0
233.0198,11.4299,2836,0,0
233.0446,11.6838,2899,0,0
233.0694,10.8979,2704,0,0
233.0942,12.7761,3170,0,0
233.1190,12.8526,3189,0,0
233.1438,11.6637,2894,0,0
233.1686,12.8526,3189,0,0
233.1934,12.8526,3189,0,0
233.2182,12.5866,3123,0,0
233.2430,11.5307,2861,0,0
233.2678,12.8526,3189,0,0
233.2926,12.8526,3189,0,0
233.3174,12.8526,3189,0,0
233.3422,12.7277,3158,0,0
233.3671,11.9821,2973,0,0
233.3918,11.7967,2927,0,0
233.4166,12.2521,3040,0,0
233.4415,12.7438,3162,0,0
233.4662,12.8526,3189,0,0
233.4911,12.8526,3189,0,0
233.5159,12.6552,3140,0,0
233.5407,11.9055,2954,0,0
233.5655,12.8526,3189,0,0
233.5903,11.5226,2859,0,0
233.6151,10.9100,2707,0,0
233.6399,12.8526,3189,0,0
233.6647,12.8526,3189,0,0
233.6895,11.8934,2951,0,0
233.7143,12.3005,3052,0,0
233.7391,12.8526,3189,0,0
233.7639,11.9942,2976,103,0
233.7887,12.1232,3008,0,0
233.8135,12.8526,3189,0,0
233.8383,12.8365,3185,2,0
233.8631,12.8083,3178,0,0
233.8879,12.7358,3160,0,0
233.9127,12.8526,3189,6,0
233.9375,12.1393,3012,0,0
233.9623,11.8813,2948,0,0
233.9871,12.7559,3165,0,0
234.0119,12.3327,3060,0,0
234.0367,11.7483,2915,0,0
234.0615,12.8526,3189,0,0
234.0863,12.6955,3150,9,0
234.1111,12.8526,3189,0,0
234.1359,12.1796,3022,0,0
234.1607,12.2844,3048,0,0
234.1855,12.8526,3189,0,0
234.2103,11.7564,2917,0,0
234.2351,12.8526,3189,0,0
234.2599,12.0788,2997,0,0
234.2847,12.8526,3189,0,0
234.3095,12.6672,3143,0,0
234.3343,12.8526,3189,0,0
234.3591,12.8526,3189,0,0
234.3839,12.8526,3189,7,0
234.4088,12.8526,3189,0,0
234.4335,12.7116,3154,23,0
234.4584,12.8526,3189,0,0
234.4832,12.2360,3036,0,0
234.5080,11.5871,2875,0,0
234.5328,12.0143,2981,0,0
234.5576,12.6672,3143,2,0
234.5824,11.8451,2939,0,0
234.6072,11.9095,2955,0,0
234.6320,12.8526,3189,0,0
234.6568,12.8526,3189,0,0
234.6816,11.6637,2894,0,0
234.7064,12.8526,3189,0,0
234.7312,12.5907,3124,0,0
234.7560,11.9700,2970,0,0
234.7808,12.8526,3189,0,0
234.8056,11.0188,2734,0,0
234.8304,12.8526,3189,0,0
234.8552,11.1599,2769,0,0
234.8800,12.7478,3163,0,0
234.9048,12.8526,3189,0,0
234.9296,12.8526,3189,0,0
234.9544,12.5705,3119,161,0
234.9792,12.8526,3189,0,0
235.0040,12.8526,3189,0,0
235.0288,11.1639,2770,0,0
235.0536,12.8526,3189,0,0
235.0784,12.7075,3153,0,0
235.1032,12.8526,3189,0,0
235.1280,12.4174,3081,18,0
235.1528,12.8526,3189,0,0
235.1776,11.8531,2941,0,0
235.2024,12.8526,3189,0,0
235.2272,12.4375,3086,0,0
235.2520,12.3690,3069,0,0
235.2768,12.8526,3189,0,0
235.3016,12.8526,3189,0,0
235.3264,12.7075,3153,0,0
235.3512,11.9055,2954,0,0
235.3761,12.7438,3162,10,0
235.4008,12.8526,3189,0,0
235.4257,12.8325,3184,12,0
235.4505,11.8249,2934,9,0
235.4753,12.1876,3024,0,0
235.5001,11.4864,2850,0,0
235.5249,12.1030,3003,0,0
235.5497,12.6753,3145,0,0
235.5745,12.8526,3189,0,0
235.5993,12.4818,3097,6,0
235.6241,12.4335,3085,0,0
235.6489,12.7962,3175,0,0
235.6737,12.2239,3033,0,0
235.6985,12.3166,3056,0,0
235.7233,10.6319,2638,0,0
235.7481,12.6753,3145,0,0
235.7729,12.8526,3189,0,0
235.7977,12.5584,3116,0,0
235.8225,12.8526,3189,0,0
235.8473,11.1156,2758,0,0
235.8721,12.3609,3067,0,0
235.8969,12.8526,3189,0,0
235.9217,11.9055,2954,0,0
235.9465,12.8526,3189,30,0
235.9713,12.8526,3189,0,0
235.9961,12.0305,2985,0,0
236.0209,12.8526,3189,0,0
236.0457,11.9095,2955,0,0
236.0705,12.8526,3189,0,0
236.0953,12.3609,3067,0,0
236.1201,12.6068,3128,0,0
236.1449,12.8325,3184,0,0
236.1697,11.8088,2930,0,0
236.1945,12.1675,3019,0,0
236.2193,12.8526,3189,0,0
236.2441,12.2844,3048,0,0
236.2689,12.1352,3011,0,0
236.2937,12.8526,3189,0,0
236.3185,12.8526,3189,0,0
236.3434,12.8526,3189,0,0
236.3681,12.5383,3111,0,0
236.3930,12.6552,3140,0,0
236.4178,12.8526,3189,0,0
236.4426,12.8526,3189,0,0
236.4674,12.8526,3189,0,0
236.4922,12.7962,3175,0,0
236.5170,12.8526,3189,0,0
236.5418,12.0627,2993,0,0
236.5666,12.8526,3189,0,0
236.5914,11.2365,2788,0,0
236.6162,12.8526,3189,0,0
236.6410,12.5907,3124,7,0
236.6658,11.8692,2945,0,0
236.6906,12.8526,3189,0,0
236.7154,12.4174,3081,0,0
236.7402,12.8526,3189,0,0
236.7650,12.8526,3189,6,0
236.7898,11.8692,2945,0,0
236.8146,12.6995,3151,0,0
236.8394,12.0909,3000,0,0
236.8642,12.8526,3189,0,0
236.8890,12.2521,3040,0,0
236.9138,12.8526,3189,0,0
236.9386,12.3327,3060,0,0
236.9634,12.3851,3073,0,0
236.9882,12.8526,3189,0,0
237.0130,12.5544,3115,0,0
237.0378,12.8526,3189,0,0
237.0626,12.6310,3134,0,0
237.0874,12.8164,3180,0,0
237.1122,12.7116,3154,0,0
237.1370,12.3488,3064,0,0
237.1618,12.8526,3189,0,0
237.1866,12.4698,3094,6,0
237.2114,11.7080,2905,0,0
237.2362,12.8526,3189,0,0
237.2610,12.5705,3119,0,0
237.2858,11.7443,2914,0,0
237.3106,12.8526,3189,0,0
237.3354,12.8526,3189,0,0
237.3602,12.2239,3033,0,0
237.3851,11.7242,2909,0,0
237.4099,12.1352,3011,0,0
237.4347,11.8813,2948,0,0
237.4595,12.8526,3189,0,0
237.4843,11.4340,2837,0,0
237.5091,12.8526,3189,0,0
237.5339,12.8526,3189,0,0
237.5587,11.9861,2974,0,0
237.5835,12.8526,3189,0,0
237.6083,12.8526,3189,0,0
237.6331,12.4496,3089,0,0
237.6579,11.2526,2792,0,0
237.6827,11.8048,2929,0,0
237.7075,12.8526,3189,0,0
237.7323,11.8410,2938,0,0
237.7571,12.8123,3179,0,0
237.7819,12.3085,3054,0,0
237.8067,11.2728,2797,0,0
237.8315,11.0833,2750,4,0
237.8563,12.8526,3189,0,0
237.8811,12.8526,3189,0,0
237.9059,12.8526,3189,0,0
237.9307,12.0788,2997,0,0
237.9555,12.3126,3055,0,0
237.9803,12.8526,3189,0,0
238.0051,12.0264,2984,0,0
238.0299,12.8526,3189,0,0
238.0547,11.3131,2807,0,0
238.0795,11.9176,2957,0,0
238.1043,11.2728,2797,0,0
238.1291,12.2965,3051,0,0
238.1539,11.9498,2965,0,0
238.1787,11.8209,2933,0,0
238.2035,12.8526,3189,0,0
238.2283,12.8526,3189,0,0
238.2531,12.8526,3189,0,0
238.2779,12.3972,3076,4,0
238.3027,11.7645,2919,0,0
238.3275,11.6395,2888,0,0
238.3524,12.1876,3024,0,0
238.3772,12.3851,3073,0,0
238.4020,12.8526,3189,0,0
238.4268,12.8526,3189,0,0
238.4516,12.8526,3189,0,0
238.4764,12.8526,3189,0,0
238.5012,12.1715,3020,0,0
238.5260,11.6838,2899,103,0
238.5508,12.2844,3048,0,0
238.5756,12.3045,3053,0,0
238.6004,12.7438,3162,0,0
238.6252,12.8526,3189,0,0
238.6500,12.4818,3097,0,0
238.6748,12.4295,3084,0,0
238.6996,12.8526,3189,196,0
238.7244,11.9942,2976,0,0
238.7492,11.6032,2879,0,0
238.7740,11.5226,2859,0,0
238.7988,12.1594,3017,0,0
238.8236,12.8526,3189,0,0
238.8484,12.1675,3019,0,0
238.8732,12.2682,3044,17,0
238.8980,12.1352,3011,0,0
238.9228,12.6834,3147,0,0
238.9476,12.8526,3189,0,0
238.9724,12.2199,3032,0,0
238.9972,11.7806,2923,0,0
239.0220,12.8526,3189,0,0
239.0468,12.6552,3140,0,0
239.0716,12.8526,3189,0,0
239.0964,12.4899,3099,0,0
239.1212,12.3005,3052,0,0
239.1460,12.8526,3189,11,0
239.1708,12.8526,3189,0,0
239.1956,12.8526,3189,0,0
239.2204,12.0305,2985,0,0
239.2452,12.5504,3114,0,0
239.2701,12.6592,3141,0,0
239.2948,11.6718,2896,0,0
239.3197,12.3166,3056,0,0
239.3445,12.8526,3189,0,0
239.3693,12.2521,3040,0,0
239.3941,12.2682,3044,0,0
239.4189,12.6189,3131,0,0
239.4437,11.8410,2938,0,0
239.4685,11.6637,2894,0,0
239.4933,12.8526,3189,0,0
239.5181,12.8526,3189,0,0
239.5429,12.8526,3189,4,0
239.5677,12.3045,3053,19,0
239.5925,11.8813,2948,0,0
239.6173,12.8526,3189,0,0
239.6421,12.5705,3119,0,0
239.6669,12.8526,3189,0,0
239.6917,12.2602,3042,21,0
239.7165,12.5101,3104,0,0
239.7413,11.5871,2875,0,0
239.7661,12.5907,3124,0,0
239.7909,12.8526,3189,0,0
239.8157,11.7886,2925,0,0
239.8405,11.2042,2780,0,0
239.8653,12.8526,3189,0,0
239.8901,12.8526,3189,0,0
239.9149,12.8526,3189,0,0
239.9397,12.5907,3124,9,0
239.9645,11.9418,2963,0,0
239.9893,12.8526,3189,0,0
240.0141,12.4214,3082,15,0
240.0389,12.8526,3189,0,0
240.0637,11.3977,2828,0,0
240.0885,12.8526,3189,0,0
240.1133,12.4012,3077,0,0
240.1381,11.9942,2976,0,0
240.1629,12.8526,3189,0,0
240.1877,12.6269,3133,9,0
240.2125,12.8526,3189,0,0
240.2374,12.8526,3189,0,0
240.2621,12.8526,3189,1,0
240.2870,12.8526,3189,0,0
240.3118,12.5625,3117,0,0
240.3365,11.8612,2943,0,0
240.3614,11.6113,2881,0,0
240.3862,11.4219,2834,0,0
240.4110,12.8526,3189,0,0
240.4358,11.8813,2948,0,0
240.4606,11.8410,2938,0,0
240.4854,11.8048,2929,0,0
240.5102,11.3171,2808,0,0
240.5350,12.1191,3007,0,0
240.5598,12.2038,3028,0,0
240.5846,12.8526,3189,0,0
240.6094,12.8526,3189,0,0
240.6342,11.9821,2973,113,0
240.6590,12.8526,3189,0,0
240.6838,12.3045,3053,0,0
240.7086,12.0949,3001,0,0
240.7334,12.5101,3104,0,0
240.7582,12.8526,3189,0,0
240.7830,11.9700,2970,0,0
240.8078,12.8526,3189,0,0
240.8326,12.8526,3189,0,0
240.8574,12.8526,3189,0,0
240.8822,12.0466,2989,0,0
240.9070,12.7640,3167,0,0
240.9318,12.4375,3086,0,0
240.9566,12.1917,3025,0,0
240.9814,12.8526,3189,0,0
241.0062,12.8526,3189,0,0
241.0310,12.2682,3044,0,0
241.0558,12.8526,3189,0,0
241.0806,12.8526,3189,0,0
241.1054,12.8526,3189,111,0
241.1302,12.8526,3189,0,0
241.1550,12.4738,3095,0,0
241.1798,12.0305,2985,0,0
241.2047,12.8526,3189,0,0
241.2294,12.3166,3056,0,0
241.2542,12.7358,3160,0,0
241.2791,12.7438,3162,0,0
241.3038,11.9700,2970,0,0
241.3287,12.5544,3115,0,0
241.3535,12.1352,3011,0,0
241.3783,12.8526,3189,0,0
241.4031,12.1514,3015,0,0
241.4279,12.8526,3189,0,0
241.4527,12.5181,3106,0,0
241.4775,12.0425,2988,0,0
241.5023,12.8526,3189,0,0
241.5271,12.8526,3189,0,0
241.5519,11.8249,2934,0,0
241.5767,12.7640,3167,0,0
241.6015,12.8526,3189,0,0
241.6263,12.2803,3047,0,0
241.6511,11.9458,2964,0,0
241.6759,12.7640,3167,0,0
241.7007,12.5222,3107,0,0
241.7255,11.9821,2973,0,0
241.7503,12.7640,3167,0,0
241.7751,12.6874,3148,0,0
241.7999,12.7317,3159,0,0
241.8247,12.2360,3036,0,0
241.8495,11.9498,2965,0,0
241.8743,12.7801,3171,0,0
241.8991,12.8526,3189,0,0
241.9239,11.8934,2951,0,0
241.9487,12.3529,3065,0,0
241.9735,12.8526,3189,0,0
241.9983,10.9100,2707,0,0
242.0231,12.8526,3189,0,0
242.0479,11.5226,2859,19,0
242.0727,12.8526,3189,0,0
242.0975,11.5226,2859,0,0
242.1223,11.8410,2938,0,0
242.1471,12.3972,3076,0,0
242.1719,11.5670,2870,0,0
242.1967,12.8526,3189,0,0
242.2215,12.8526,3189,0,0
242.2464,11.7282,2910,0,0
242.2711,12.8526,3189,1,0
242.2960,11.3574,2818,0,0
242.3208,12.8526,3189,19,0
242.3456,12.0627,2993,0,0
242.3704,12.8526,3189,0,0
242.3952,12.8526,3189,0,0
242.4200,11.6476,2890,0,0
242.4448,12.8526,3189,2,0
242.4696,10.6319,2638,0,0
242.4944,12.8526,3189,3,0
242.5192,12.4496,3089,0,0
242.5440,12.3327,3060,0,0
242.5688,12.8526,3189,0,0
242.5936,10.9584,2719,0,0
242.6184,12.8526,3189,0,0
242.6432,12.8526,3189,0,0
242.6680,11.1841,2775,0,0
242.6928,12.8526,3189,5,0
242.7176,11.9942,2976,0,0
242.7424,11.8048,2929,0,0
242.7672,12.8526,3189,0,0
242.7920,11.2969,2803,0,0
242.8168,11.7645,2919,0,0
242.8416,12.8526,3189,6,0
242.8664,12.0627,2993,0,0
242.8912,11.6032,2879,0,0
242.9160,12.8526,3189,0,0
242.9408,12.8526,3189,0,0
242.9656,11.0712,2747,0,0
242.9904,11.9498,2965,0,0
243.0152,12.8526,3189,0,0
243.0400,12.7962,3175,2,0
243.0648,12.0425,2988,0,0
243.0896,11.8168,2932,0,0
243.1144,12.2239,3033,0,0
243.1392,12.5584,3116,93,0
243.1640,12.7358,3160,0,0
243.1888,12.6592,3141,0,0
243.2137,12.5584,3116,10,0
243.2384,12.5060,3103,0,0
243.2633,12.4415,3087,0,0
243.2881,12.4133,3080,0,0
243.3129,12.3851,3073,0,0
243.3377,12.3529,3065,0,0
243.3625,12.2803,3047,0,0
243.3873,12.4818,3097,0,0
243.4121,12.5342,3110,0,0
243.4369,12.6148,3130,0,0
243.4617,12.4335,3085,0,0
243.4865,12.3287,3059,0,0
243.5113,12.3730,3070,0,0
243.5361,12.5181,3106,0,0
243.5609,12.3972,3076,0,0
243.5857,12.2682,3044,0,0
243.6105,12.4496,3089,0,0
243.6353,12.3972,3076,0,0
243.6601,12.2965,3051,0,0
243.6849,12.4375,3086,0,0
243.7097,12.3206,3057,0,0
243.7345,12.4012,3077,0,0
243.7593,12.3166,3056,0,0
243.7841,12.8204,3181,0,0
243.8089,12.3327,3060,0,0
243.8337,12.2844,3048,0,0
243.8585,12.3529,3065,0,0
243.8833,12.2199,3032,0,0
243.9081,12.3488,3064,0,0
243.9329,12.2844,3048,0,0
243.9577,12.3126,3055,0,0
243.9825,12.4496,3089,0,0
244.0073,12.2521,3040,0,0
244.0321,12.3851,3073,0,0
244.0569,12.2803,3047,0,0
244.0817,12.3851,3073,0,0
244.1065,12.2682,3044,0,0
244.1313,12.3448,3063,0,0
244.1561,12.2844,3048,0,0
244.1810,12.3327,3060,0,0
244.2057,12.2844,3048,0,0
244.2306,12.3085,3054,0,0
244.2554,12.3851,3073,0,0
244.2802,12.2844,3048,0,0
244.3050,12.3408,3062,0,0
244.3298,12.2844,3048,0,0
244.3546,12.3085,3054,0,0
244.3794,12.2602,3042,0,0
244.4042,12.2803,3047,0,0
244.4290,12.3166,3056,0,0
244.4538,12.2803,3047,0,0
244.4786,12.2965,3051,0,0
244.5034,12.3085,3054,0,0
244.5282,12.3005,3052,0,0
244.5530,12.2924,3050,0,0
244.5778,12.3327,3060,0,0
244.6026,12.3166,3056,0,0
244.6274,12.3166,3056,0,0
244.6522,12.3005,3052,0,0
244.6770,12.3045,3053,0,0
244.7018,12.2924,3050,0,0
244.7266,12.3287,3059,0,0
244.7514,12.3085,3054,0,0
244.7762,12.2844,3048,0,0
244.8010,12.3085,3054,0,0
244.8258,12.3206,3057,0,0
244.8506,12.3166,3056,0,0
244.8754,12.2803,3047,0,0
244.9002,12.3287,3059,0,0
244.9250,12.3126,3055,0,0
244.9498,12.3327,3060,0,0
244.9746,12.3005,3052,0,0
244.9994,12.3085,3054,0,0
245.0242,12.3287,3059,0,0
245.0490,12.3126,3055,0,0
245.0738,12.3327,3060,0,0
245.0986,12.3126,3055,0,0
245.1234,12.3126,3055,0,0
245.1482,12.3327,3060,0,0
245.1730,12.2803,3047,0,0
245.1978,12.2803,3047,0,0
245.2227,12.3488,3064,0,0
245.2475,12.2602,3042,0,0
245.2723,12.2844,3048,0,0
245.2971,12.3448,3063,0,0
245.3219,12.3206,3057,0,0
245.3467,12.2844,3048,0,0
245.3715,12.3126,3055,0,0
245.3963,12.2844,3048,0,0
245.4211,12.2924,3050,0,0
245.4459,12.2844,3048,0,0
245.4707,12.3488,3064,0,0
245.4955,12.3126,3055,0,0
245.5203,12.3287,3059,0,0
245.5451,12.3126,3055,0,0
245.5699,12.3206,3057,0,0
245.5947,12.3287,3059,0,0
245.6195,12.3327,3060,0,0
245.6443,12.3085,3054,0,0
245.6691,12.3569,3066,0,0
245.6939,12.3206,3057,0,0
245.7187,12.3287,3059,0,0
245.7435,12.3448,3063,0,0
245.7683,12.3609,3067,0,0
245.7931,12.2844,3048,0,0
245.8179,12.3206,3057,0,0
245.8427,12.3811,3072,0,0
245.8675,12.3206,3057,0,0
245.8923,12.3206,3057,0,0
245.9171,12.3166,3056,0,0
245.9419,12.3287,3059,0,0
245.9667,12.3126,3055,0,0
245.9915,12.3166,3056,0,0
246.0163,12.3488,3064,0,0
246.0411,12.2844,3048,0,0
246.0659,12.3126,3055,0,0
246.0907,12.3206,3057,0,0
246.1155,12.3045,3053,0,0
246.1404,12.3085,3054,0,0
246.1651,12.3085,3054,0,0
246.1900,12.3206,3057,0,0
246.2148,12.3126,3055,0,0
246.2396,12.3529,3065,0,0
246.2644,12.2844,3048,0,0
246.2892,12.3287,3059,0,0
246.3140,12.3529,3065,0,0
246.3388,12.3126,3055,0,0
246.3636,12.3126,3055,0,0
246.3884,12.3529,3065,0,0
246.4132,12.3529,3065,0,0
246.4380,12.3448,3063,0,0
246.4628,12.3206,3057,0,0
246.4876,12.3932,3075,0,0
246.5124,12.2844,3048,0,0
246.5372,12.3287,3059,0,0
246.5620,12.3206,3057,0,0
246.5868,12.3690,3069,0,0
246.6116,12.3166,3056,0,0
246.6364,12.3166,3056,0,0
246.6612,12.3287,3059,0,0
246.6860,12.3488,3064,0,0
246.7108,12.3529,3065,0,0
246.7356,12.3206,3057,0,0
246.7604,12.3126,3055,0,0
246.7852,12.3529,3065,0,0
246.8100,12.3166,3056,0,0
246.8348,12.3287,3059,0,0
246.8596,12.3287,3059,0,0
246.8844,12.3166,3056,0,0
246.9092,12.3488,3064,0,0
246.9340,12.3771,3071,0,0
246.9588,12.3488,3064,0,0
246.9836,12.3811,3072,0,0
247.0084,12.3529,3065,0,0
247.0332,12.3529,3065,0,0
247.0580,12.3488,3064,0,0
247.0828,12.3771,3071,0,0
247.1077,12.3448,3063,0,0
247.1324,12.3206,3057,0,0
247.1573,12.3005,3052,0,0
247.1821,12.3488,3064,0,0
247.2069,12.3771,3071,0,0
247.2317,12.3166,3056,0,0
247.2565,12.3529,3065,0,0
247.2813,12.3529,3065,0,0
247.3061,12.3287,3059,0,0
247.3309,12.3206,3057,0,0
247.3557,12.3287,3059,0,0
247.3805,12.3529,3065,0,0
247.4053,12.3569,3066,0,0
247.4301,12.3529,3065,0,0
247.4549,12.3609,3067,0,0
247.4797,12.3287,3059,0,0
247.5045,12.2844,3048,0,0
247.5293,12.3488,3064,0,0
247.5541,12.3327,3060,0,0
247.5789,12.3206,3057,0,0
247.6037,12.3166,3056,0,0
247.6285,12.3569,3066,0,0
247.6533,12.3327,3060,0,0
247.6781,12.3569,3066,0,0
247.7029,12.3085,3054,0,0
247.7277,12.3609,3067,0,0
247.7525,12.3851,3073,0,0
247.7773,12.3327,3060,0,0
247.8021,12.3529,3065,0,0
247.8269,12.3609,3067,0,0
247.8517,12.3206,3057,0,0
247.8765,12.3287,3059,0,0
247.9013,12.3247,3058,0,0
247.9261,12.3730,3070,0,0
247.9509,12.3690,3069,0,0
247.9757,12.3569,3066,0,0
248.0005,12.3327,3060,0,0
248.0253,12.3529,3065,0,0
248.0501,12.3569,3066,0,0
248.0750,12.3650,3068,0,0
248.0997,12.3488,3064,0,0
248.1246,12.3287,3059,0,0
248.1494,12.3206,3057,0,0
248.1741,12.3529,3065,0,0
248.1990,12.3851,3073,0,0
248.2238,12.3569,3066,0,0
248.2486,12.3126,3055,0,0
248.2734,12.3529,3065,0,0
248.2982,12.3488,3064,0,0
248.3230,12.3569,3066,0,0
248.3478,12.3488,3064,0,0
248.3726,12.3206,3057,0,0
248.3974,12.3408,3062,0,0
248.4222,12.3529,3065,0,0
248.4470,12.3327,3060,0,0
248.4718,12.3005,3052,0,0
248.4966,12.3448,3063,0,0
248.5214,12.3609,3067,0,0
248.5462,12.3206,3057,0,0
248.5710,12.3569,3066,0,0
248.5958,12.3569,3066,0,0
248.6206,12.3206,3057,0,0
248.6454,12.3327,3060,0,0
248.6702,12.3892,3074,0,0
248.6950,12.3166,3056,0,0
248.7198,12.3287,3059,0,0
248.7446,12.3448,3063,0,0
248.7694,12.3206,3057,0,0
248.7942,12.3488,3064,0,0
248.8190,12.3609,3067,0,0
248.8438,12.3166,3056,0,0
248.8686,12.3609,3067,0,0
248.8934,12.4053,3078,0,0
248.9182,12.3327,3060,0,0
248.9430,12.3126,3055,0,0
248.9678,12.3408,3062,0,0
248.9926,12.3247,3058,0,0
249.0174,12.3529,3065,0,0
249.0423,12.3005,3052,0,0
249.0670,12.3488,3064,0,0
249.0918,12.4214,3082,0,0
249.1167,12.3609,3067,0,0
249.1414,12.3488,3064,0,0
249.1663,12.3730,3070,0,0
249.1911,12.3488,3064,0,0
249.2159,12.3206,3057,0,0
249.2407,12.3247,3058,0,0
249.2655,12.3690,3069,0,0
249.2903,12.3529,3065,0,0
249.3151,12.3892,3074,0,0
249.3399,12.3287,3059,0,0
249.3647,12.3488,3064,0,0
249.3895,12.3206,3057,0,0
249.4143,12.3609,3067,0,0
249.4391,12.3609,3067,0,0
249.4639,12.3206,3057,0,0
249.4887,12.3206,3057,0,0
249.5135,12.3730,3070,0,0
249.5383,12.3448,3063,0,0
249.5631,12.3771,3071,0,0
249.5879,12.3771,3071,0,0
249.6127,12.3287,3059,0,0
249.6375,12.3488,3064,0,0
249.6623,12.3488,3064,0,0
249.6871,12.3448,3063,0,0
249.7119,12.3892,3074,0,0
249.7367,12.3529,3065,0,0
249.7615,12.3609,3067,0,0
249.7863,12.3327,3060,0,0
249.8111,12.3569,3066,0,0
249.8359,12.3488,3064,0,0
249.8607,12.3448,3063,0,0
249.8855,12.3166,3056,0,0
249.9103,12.3609,3067,0,0
249.9351,12.3206,3057,0,0
249.9599,12.3488,3064,0,0
249.9847,12.3206,3057,0,0
250.0095,12.3206,3057,0,0
250.0343,12.3206,3057,0,0
250.0591,12.3327,3060,0,0
250.0840,12.3488,3064,0,0
250.1087,12.3569,3066,0,0
250.1336,12.3609,3067,0,0
250.1584,12.3448,3063,0,0
250.1832,12.3408,3062,0,0
250.2080,12.3730,3070,0,0
250.2328,12.3206,3057,0,0
250.2576,12.3529,3065,0,0
250.2824,12.3488,3064,0,0
250.3072,12.3609,3067,0,0
250.3320,12.2924,3050,0,0
250.3568,12.3327,3060,0,0
250.3816,12.3690,3069,0,0
250.4064,12.3206,3057,0,0
250.4312,12.3488,3064,0,0
250.4560,12.3609,3067,0,0
250.4808,12.3247,3058,0,0
250.5056,12.3488,3064,0,0
250.5304,12.2965,3051,0,0
250.5552,12.3448,3063,0,0
250.5800,12.3206,3057,0,0
250.6048,12.3287,3059,0,0
250.6296,12.3166,3056,0,0
250.6544,12.3448,3063,0,0
250.6792,12.3529,3065,0,0
250.7040,12.3448,3063,0,0
250.7288,12.3569,3066,0,0
250.7536,12.3569,3066,0,0
250.7784,12.3690,3069,0,0
250.8032,12.3488,3064,0,0
250.8280,12.3287,3059,0,0
250.8528,12.3287,3059,0,0
250.8776,12.3488,3064,0,0
250.9024,12.3488,3064,0,0
250.9272,12.3005,3052,0,0
250.9520,12.3327,3060,0,0
250.9768,12.3488,3064,0,0
251.0016,12.3529,3065,0,0
251.0264,12.2924,3050,0,0
251.0513,12.3327,3060,0,0
251.0760,12.3488,3064,0,0
251.1009,12.3327,3060,0,0
251.1257,12.3206,3057,0,0
251.1505,12.3529,3065,0,0
251.1753,12.3488,3064,0,0
251.2001,12.3529,3065,0,0
251.2249,12.3569,3066,0,0
251.2497,12.3206,3057,0,0
251.2745,12.3488,3064,0,0
251.2993,12.3529,3065,0,0
251.3241,12.3488,3064,0,0
251.3489,12.3569,3066,0,0
251.3737,12.3166,3056,0,0
251.3985,12.3206,3057,0,0
251.4233,12.3327,3060,0,0
251.4481,12.3085,3054,0,0
251.4729,12.3206,3057,0,0
251.4977,12.3327,3060,0,0
251.5225,12.3609,3067,0,0
251.5473,12.3287,3059,0,0
251.5721,12.3448,3063,0,0
251.5969,12.3771,3071,0,0
251.6217,12.3126,3055,0,0
251.6465,12.3529,3065,0,0
251.6713,12.3085,3054,0,0
251.6961,12.3166,3056,0,0
251.7209,12.3609,3067,0,0
251.7457,12.3609,3067,0,0
251.7705,12.3609,3067,0,0
251.7953,12.3206,3057,0,0
251.8201,12.3529,3065,0,0
251.8449,12.3529,3065,0,0
251.8697,12.3287,3059,0,0
251.8945,12.3166,3056,0,0
251.9193,12.3529,3065,0,0
251.9441,12.3811,3072,0,0
251.9689,12.3609,3067,0,0
251.9937,12.3609,3067,0,0
252.0186,12.3488,3064,0,0
252.0434,12.3287,3059,0,0
252.0682,12.3529,3065,0,0
252.0930,12.3005,3052,0,0
252.1178,12.3529,3065,0,0
252.1426,12.3609,3067,0,0
252.1674,12.3569,3066,0,0
252.1922,12.3287,3059,0,0
252.2170,12.3327,3060,0,0
252.2418,12.3771,3071,0,0
252.2666,12.3206,3057,0,0
252.2914,12.3287,3059,0,0
252.3162,12.3327,3060,0,0
252.3410,12.3488,3064,0,0
252.3658,12.3327,3060,0,0
252.3906,12.3448,3063,0,0
252.4154,12.3811,3072,0,0
252.4402,12.3206,3057,0,0
252.4650,12.3206,3057,0,0
252.4898,12.3166,3056,0,0
252.5146,12.3730,3070,0,0
252.5394,12.3005,3052,0,0
252.5642,12.3206,3057,0,0
252.5890,12.3327,3060,0,0
252.6138,12.3730,3070,0,0
252.6386,12.3287,3059,0,0
252.6634,12.3529,3065,0,0
252.6882,12.3529,3065,0,0
252.7130,12.3206,3057,0,0
252.7378,12.3730,3070,0,0
252.7626,12.3166,3056,0,0
252.7874,12.3569,3066,0,0
252.8122,12.3529,3065,0,0
252.8370,12.3287,3059,0,0
252.8618,12.3206,3057,0,0
252.8866,12.3085,3054,0,0
252.9114,12.3730,3070,0,0
252.9362,12.4012,3077,0,0
252.9610,12.3609,3067,0,0
252.9858,12.3448,3063,0,0
253.0107,12.3287,3059,0,0
253.0354,12.3609,3067,0,0
253.0603,12.3851,3073,0,0
253.0851,12.3287,3059,0,0
253.1099,12.3529,3065,0,0
253.1347,12.3771,3071,0,0
253.1595,12.3206,3057,0,0
253.1843,12.3166,3056,0,0
253.2091,12.3771,3071,0,0
253.2339,12.3488,3064,0,0
253.2587,12.3690,3069,0,0
253.2835,12.3126,3055,0,0
253.3083,12.3529,3065,0,0
253.3331,12.2844,3048,0,0
253.3579,12.3166,3056,0,0
253.3827,12.3166,3056,0,0
253.4075,12.3569,3066,0,0
253.4323,12.3166,3056,0,0
253.4571,12.3609,3067,0,0
253.4819,12.3206,3057,0,0
253.5067,12.3932,3075,0,0
253.5315,12.3085,3054,0,0
253.5563,12.3771,3071,0,0
253.5811,12.3690,3069,0,0
253.6059,12.3085,3054,0,0
253.6307,12.3287,3059,0,0
253.6555,12.3811,3072,0,0
253.6803,12.3287,3059,0,0
253.7051,12.3529,3065,0,0
253.7299,12.3488,3064,0,0
253.7547,12.3206,3057,0,0
253.7795,12.3206,3057,0,0
253.8043,12.3529,3065,0,0
253.8291,12.3569,3066,0,0
253.8539,12.3448,3063,0,0
253.8787,12.3529,3065,0,0
253.9035,12.3287,3059,0,0
253.9283,12.3448,3063,0,0
253.9531,12.3287,3059,0,0
253.9780,12.3488,3064,0,0
254.0027,12.3690,3069,0,0
254.0276,12.3609,3067,0,0
254.0524,12.3569,3066,0,0
254.0772,12.3287,3059,0,0
254.1020,12.3730,3070,0,0
254.1268,12.3448,3063,0,0
254.1516,12.3448,3063,0,0
254.1764,12.3488,3064,0,0
254.2012,12.3488,3064,0,0
254.2260,12.3851,3073,0,0
254.2508,12.3206,3057,0,0
254.2756,12.3488,3064,0,0
254.3004,12.3529,3065,0,0
254.3252,12.3206,3057,0,0
254.3500,12.3771,3071,0,0
254.3748,12.3529,3065,0,0
254.3996,12.3529,3065,0,0
254.4244,12.3529,3065,0,0
254.4492,12.3529,3065,0,0
254.4740,12.3206,3057,0,0
254.4988,12.3206,3057,0,0
254.5236,12.3488,3064,0,0
254.5484,12.3247,3058,0,0
254.5732,12.3206,3057,0,0
254.5980,12.3609,3067,0,0
254.6228,12.3488,3064,0,0
254.6476,12.3529,3065,0,0
254.6724,12.3972,3076,0,0
254.6972,12.3529,3065,0,0
254.7220,12.3690,3069,0,0
254.7468,12.3488,3064,0,0
254.7716,12.3327,3060,0,0
254.7964,12.3287,3059,0,0
254.8212,12.3327,3060,0,0
254.8460,12.3569,3066,0,0
254.8708,12.3206,3057,0,0
254.8956,12.3166,3056,0,0
254.9204,12.3811,3072,0,0
254.9453,12.2924,3050,0,0
254.9700,12.3085,3054,0,0
254.9949,12.3488,3064,0,0
255.0197,12.3851,3073,0,0
255.0445,12.3287,3059,0,0
255.0693,12.3247,3058,0,0
255.0941,12.3327,3060,0,0
255.1189,12.3730,3070,0,0
255.1437,12.2803,3047,0,0
255.1685,12.3529,3065,0,0
255.1933,12.3488,3064,0,0
255.2181,12.3327,3060,0,0
255.2429,12.3287,3059,0,0
255.2677,12.3488,3064,0,0
255.2925,12.3408,3062,0,0
255.3173,12.3932,3075,0,0
255.3421,12.3529,3065,0,0
255.3669,12.3166,3056,0,0
255.3917,12.3126,3055,0,0
255.4165,12.3488,3064,0,0
255.4413,12.3488,3064,0,0
255.4661,12.3932,3075,0,0
255.4909,12.3609,3067,0,0
255.5157,12.3892,3074,0,0
255.5405,12.3126,3055,0,0
255.5653,12.3609,3067,0,0
255.5901,12.3771,3071,0,0
255.6149,12.3529,3065,0,0
255.6397,12.3488,3064,0,0
255.6645,12.3609,3067,0,0
255.6893,12.3206,3057,0,0
255.7141,12.3529,3065,0,0
255.7389,12.3045,3053,0,0
255.7637,12.3166,3056,0,0
255.7885,12.3569,3066,0,0
255.8133,12.3247,3058,0,0
255.8381,12.3488,3064,0,0
255.8629,12.3206,3057,0,0
255.8877,12.3448,3063,0,0
255.9126,12.3206,3057,0,0
255.9373,12.3609,3067,0,0
255.9622,12.3609,3067,0,0
255.9870,12.3206,3057,0,0
256.0117,12.3488,3064,0,0
256.0366,12.3609,3067,0,0
256.0614,12.3287,3059,0,0
256.0862,12.3448,3063,0,0
256.1110,12.3529,3065,0,0
256.1358,12.3892,3074,0,0
256.1606,12.3166,3056,0,0
256.1854,12.3488,3064,0,0
256.2102,12.3206,3057,0,0
256.2350,12.3569,3066,0,0
256.2598,12.3085,3054,0,0
256.2846,12.3287,3059,0,0
256.3094,12.3771,3071,0,0
256.3342,12.3327,3060,0,0
256.3590,12.3327,3060,0,0
256.3838,12.3529,3065,0,0
256.4086,12.3206,3057,0,0
256.4334,12.3730,3070,0,0
256.4582,12.3126,3055,0,0
256.4830,12.3408,3062,0,0
256.5078,12.3166,3056,0,0
256.5326,12.3287,3059,0,0
256.5574,12.3327,3060,0,0
256.5822,12.3529,3065,0,0
256.6070,12.3690,3069,0,0
256.6318,12.3529,3065,0,0
256.6566,12.3287,3059,0,0
256.6814,12.3690,3069,0,0
256.7062,12.3529,3065,0,0
256.7310,12.3771,3071,0,0
256.7558,12.3448,3063,0,0
256.7806,12.3529,3065,0,0
256.8055,12.3206,3057,0,0
256.8302,12.3287,3059,0,0
256.8550,12.3529,3065,0,0
256.8799,12.3529,3065,0,0
256.9046,12.3771,3071,0,0
256.9294,12.3529,3065,0,0
256.9543,12.3247,3058,0,0
256.9791,12.3287,3059,0,0
257.0038,12.3529,3065,0,0
257.0287,12.3488,3064,0,0
257.0535,12.3247,3058,0,0
257.0783,12.3529,3065,0,0
257.1031,12.3206,3057,0,0
257.1279,12.3287,3059,0,0
257.1527,12.3287,3059,0,0
257.1775,12.3247,3058,0,0
257.2023,12.2844,3048,0,0
257.2271,12.3408,3062,0,0
257.2519,12.3529,3065,0,0
257.2767,12.3488,3064,0,0
257.3015,12.4012,3077,0,0
257.3263,12.3529,3065,0,0
257.3511,12.3488,3064,0,0
257.3759,12.3529,3065,0,0
257.4007,12.3529,3065,0,0
257.4255,12.3488,3064,0,0
257.4503,12.3327,3060,0,0
257.4751,12.2924,3050,0,0
257.4999,12.3609,3067,0,0
257.5247,12.3166,3056,0,0
257.5495,12.3327,3060,0,0
257.5743,12.3206,3057,0,0
257.5991,12.3327,3060,0,0
257.6239,12.3488,3064,0,0
257.6487,12.3569,3066,0,0
257.6735,12.3529,3065,0,0
257.6983,12.3488,3064,0,0
257.7231,12.3287,3059,0,0
257.7479,12.3488,3064,0,0
257.7727,12.3529,3065,0,0
257.7975,12.3569,3066,0,0
257.8223,12.3529,3065,0,0
257.8471,12.2924,3050,0,0
257.8719,12.3529,3065,0,0
257.8968,12.3408,3062,0,0
257.9215,12.3126,3055,0,0
257.9464,12.3488,3064,0,0
257.9712,12.3529,3065,0,0
257.9960,12.3166,3056,0,0
258.0208,12.3609,3067,0,0
258.0456,12.3529,3065,0,0
258.0704,12.3166,3056,0,0
258.0952,12.3488,3064,0,0
258.1200,12.3327,3060,0,0
258.1448,12.3287,3059,0,0
258.1696,12.3327,3060,0,0
258.1944,12.3488,3064,0,0
258.2192,12.3851,3073,0,0
258.2440,12.3166,3056,0,0
258.2688,12.3126,3055,0,0
258.2936,12.3609,3067,0,0
258.3184,12.3488,3064,0,0
258.3432,12.3166,3056,0,0
258.3680,12.3287,3059,0,0
258.3928,12.3730,3070,0,0
258.4176,12.3327,3060,0,0
258.4424,12.3448,3063,0,0
258.4672,12.3287,3059,0,0
258.4920,12.3206,3057,0,0
258.5168,12.3811,3072,0,0
258.5416,12.3287,3059,0,0
258.5664,12.3851,3073,0,0
258.5912,12.3730,3070,0,0
258.6160,12.3892,3074,0,0
258.6408,12.3609,3067,0,0
258.6656,12.3529,3065,0,0
258.6904,12.3287,3059,0,0
258.7152,12.2803,3047,0,0
258.7400,12.3811,3072,0,0
258.7648,12.3529,3065,0,0
258.7896,12.3206,3057,0,0
258.8145,12.3247,3058,0,0
258.8392,12.3609,3067,0,0
258.8640,12.3730,3070,0,0
258.8889,12.3448,3063,0,0
258.9137,12.3529,3065,0,0
258.9384,12.3448,3063,0,0
258.9633,12.3287,3059,0,0
258.9881,12.3448,3063,0,0
259.0128,12.3488,3064,0,0
259.0377,12.3166,3056,0,0
259.0625,12.3488,3064,0,0
259.0873,12.3408,3062,0,0
259.1121,12.3085,3054,0,0
259.1369,12.3529,3065,0,0
259.1617,12.3569,3066,0,0
259.1865,12.3730,3070,0,0
259.2113,12.3206,3057,0,0
259.2361,12.3206,3057,0,0
259.2609,12.3529,3065,0,0
259.2857,12.3488,3064,0,0
259.3105,12.3529,3065,0,0
259.3353,12.3287,3059,0,0
259.3601,12.3126,3055,0,0
259.3849,12.3771,3071,0,0
259.4097,12.3569,3066,0,0
259.4345,12.3529,3065,0,0
259.4593,12.3569,3066,0,0
259.4841,12.3408,3062,0,0
259.5089,12.3287,3059,0,0
259.5337,12.3327,3060,0,0
259.5585,12.3569,3066,0,0
259.5833,12.3609,3067,0,0
259.6081,12.3609,3067,0,0
259.6329,12.3206,3057,0,0
259.6577,12.3287,3059,0,0
259.6825,12.3851,3073,0,0
259.7073,12.3166,3056,0,0
259.7321,12.3690,3069,0,0
259.7569,12.3488,3064,0,0
259.7817,12.3085,3054,0,0
259.8065,12.3488,3064,0,0
259.8314,12.3085,3054,0,0
259.8561,12.3287,3059,0,0
259.8810,12.3771,3071,0,0
259.9058,12.3126,3055,0,0
259.9305,12.3126,3055,0,0
259.9554,12.3529,3065,0,0
259.9802,12.3126,3055,0,0
260.0050,12.3206,3057,0,0
260.0298,12.3327,3060,0,0
260.0546,12.3529,3065,0,0
260.0794,12.3609,3067,0,0
260.1042,12.3448,3063,0,0
260.1290,12.3085,3054,0,0
260.1538,12.3488,3064,0,0
260.1786,12.3730,3070,0,0
260.2034,12.3690,3069,0,0
260.2282,12.2682,3044,0,0
260.2530,12.3448,3063,0,0
260.2778,12.3488,3064,0,0
260.3026,12.3166,3056,0,0
260.3274,12.3650,3068,0,0
260.3522,12.3771,3071,0,0
260.3770,12.3488,3064,0,0
260.4018,12.3287,3059,0,0
260.4266,12.3488,3064,0,0
260.4514,12.3811,3072,0,0
260.4762,12.3609,3067,0,0
260.5010,12.3488,3064,0,0
260.5258,12.3448,3063,0,0
260.5506,12.3287,3059,0,0
260.5754,12.3529,3065,0,0
260.6002,12.3892,3074,0,0
260.6250,12.3448,3063,0,0
260.6498,12.3206,3057,0,0
260.6746,12.3569,3066,0,0
260.6994,12.3730,3070,0,0
260.7242,12.3126,3055,0,0
260.7491,12.3327,3060,0,0
260.7738,12.3327,3060,0,0
260.7986,12.3166,3056,0,0
260.8235,12.3206,3057,0,0
260.8482,12.3730,3070,0,0
260.8730,12.3327,3060,0,0
260.8979,12.3166,3056,0,0
260.9227,12.3488,3064,0,0
260.9474,12.3529,3065,0,0
260.9723,12.3448,3063,0,0
260.9971,12.3609,3067,0,0
261.0219,12.3488,3064,0,0
261.0467,12.3851,3073,0,0
261.0715,12.3771,3071,0,0
261.0963,12.3488,3064,0,0
261.1211,12.3771,3071,0,0
261.1459,12.3287,3059,0,0
261.1707,12.3488,3064,0,0
261.1955,12.3488,3064,0,0
261.2203,12.3448,3063,0,0
261.2451,12.3529,3065,0,0
261.2699,12.3247,3058,0,0
261.2947,12.3166,3056,0,0
261.3195,12.3529,3065,0,0
261.3443,12.3730,3070,0,0
261.3691,12.3529,3065,0,0
261.3939,12.3206,3057,0,0
261.4187,12.3650,3068,0,0
261.4435,12.3247,3058,0,0
261.4683,12.3529,3065,0,0
261.4931,12.3126,3055,0,0
261.5179,12.3488,3064,0,0
261.5427,12.3609,3067,0,0
261.5675,12.3327,3060,0,0
261.5923,12.3327,3060,0,0
261.6171,12.3488,3064,0,0
261.6419,12.3085,3054,0,0
261.6667,12.3488,3064,0,0
261.6915,12.3771,3071,0,0
261.7163,12.3569,3066,0,0
261.7411,12.3327,3060,0,0
261.7659,12.3569,3066,0,0
261.7907,12.2924,3050,0,0
261.8156,12.3166,3056,0,0
261.8404,12.3730,3070,0,0
261.8651,12.3206,3057,0,0
261.8900,12.3206,3057,0,0
261.9148,12.3488,3064,0,0
261.9396,12.3609,3067,0,0
261.9644,12.3206,3057,0,0
261.9892,12.3609,3067,0,0
262.0140,12.3166,3056,0,0
262.0388,12.3529,3065,0,0
262.0636,12.3609,3067,0,0
262.0884,12.3206,3057,0,0
262.1132,12.3488,3064,0,0
262.1380,12.3085,3054,0,0
262.1628,12.3529,3065,0,0
262.1876,12.3206,3057,0,0
262.2124,12.3005,3052,0,0
262.2372,12.3085,3054,0,0
262.2620,12.3529,3065,0,0
262.2868,12.3327,3060,0,0
262.3116,12.3529,3065,0,0
262.3364,12.3206,3057,0,0
262.3612,12.3529,3065,0,0
262.3860,12.3811,3072,0,0
262.4108,12.3287,3059,0,0
262.4356,12.3206,3057,0,0
262.4604,12.3488,3064,0,0
262.4852,12.3488,3064,0,0
262.5100,12.3166,3056,0,0
262.5348,12.3206,3057,0,0
262.5596,12.3609,3067,0,0
262.5844,12.3488,3064,0,0
262.6092,12.3771,3071,0,0
262.6340,12.3448,3063,0,0
262.6588,12.3085,3054,0,0
262.6836,12.3529,3065,0,0
262.7084,12.3609,3067,0,0
262.7332,12.3287,3059,0,0
262.7581,12.3005,3052,0,0
262.7828,12.3529,3065,0,0
262.8076,12.3892,3074,0,0
262.8325,12.3287,3059,0,0
262.8573,12.3730,3070,0,0
262.8820,12.3166,3056,0,0
262.9069,12.3206,3057,0,0
262.9317,12.3569,3066,0,0
262.9565,12.3488,3064,0,0
262.9813,12.3771,3071,0,0
263.0061,12.3206,3057,0,0
263.0309,12.3287,3059,0,0
263.0557,12.3488,3064,0,0
263.0805,12.3126,3055,0,0
263.1053,12.3166,3056,0,0
263.1301,12.3488,3064,0,0
263.1549,12.3529,3065,0,0
263.1797,12.3085,3054,0,0
263.2045,12.3609,3067,0,0
263.2293,12.3488,3064,0,0
263.2541,12.3609,3067,0,0
263.2789,12.3488,3064,0,0
263.3037,12.3771,3071,0,0
263.3285,12.3327,3060,0,0
263.3533,12.3690,3069,0,0
263.3781,12.3488,3064,0,0
263.4029,12.3690,3069,0,0
263.4277,12.3085,3054,0,0
263.4525,12.3488,3064,0,0
263.4773,12.3569,3066,0,0
263.5021,12.4012,3077,0,0
263.5269,12.3327,3060,0,0
263.5517,12.3851,3073,0,0
263.5765,12.3488,3064,0,0
263.6013,12.3488,3064,0,0
263.6261,12.3327,3060,0,0
263.6509,12.3488,3064,0,0
263.6758,12.3327,3060,0,0
263.7005,12.3609,3067,0,0
263.7253,12.3287,3059,0,0
263.7502,12.3126,3055,0,0
263.7750,12.3730,3070,0,0
263.7997,12.3126,3055,0,0
263.8246,12.3529,3065,0,0
263.8494,12.3529,3065,0,0
263.8741,12.3206,3057,0,0
263.8990,12.3166,3056,0,0
263.9238,12.3247,3058,0,0
263.9486,12.3488,3064,0,0
263.9734,12.3327,3060,0,0
263.9982,12.3126,3055,0,0
264.0230,12.3206,3057,0,0
264.0478,12.3529,3065,0,0
264.0726,12.3287,3059,0,0
264.0974,12.3206,3057,0,0
264.1222,12.3488,3064,0,0
264.1470,12.3569,3066,0,0
264.1718,12.3166,3056,0,0
264.1966,12.3166,3056,0,0
264.2214,12.3206,3057,0,0
264.2462,12.3569,3066,0,0
264.2710,12.3529,3065,0,0
264.2958,12.3488,3064,0,0
264.3206,12.3206,3057,0,0
264.3454,12.3287,3059,0,0
264.3702,12.3327,3060,0,0
264.3950,12.3488,3064,0,0
264.4198,12.3206,3057,0,0
264.4446,12.2924,3050,0,0
264.4694,12.3448,3063,0,0
264.4942,12.3287,3059,0,0
264.5190,12.3690,3069,0,0
264.5438,12.2844,3048,0,0
264.5686,12.3771,3071,0,0
264.5934,12.3327,3060,0,0
264.6182,12.3166,3056,0,0
264.6430,12.3206,3057,0,0
264.6678,12.3287,3059,0,0
264.6927,12.3085,3054,0,0
264.7174,12.3287,3059,0,0
264.7422,12.3488,3064,0,0
264.7671,12.3166,3056,0,0
264.7918,12.3488,3064,0,0
264.8167,12.3529,3065,0,0
264.8415,12.3488,3064,0,0
264.8663,12.3529,3065,0,0
264.8911,12.3488,3064,0,0
264.9159,12.3529,3065,0,0
264.9407,12.3206,3057,0,0
264.9655,12.3085,3054,0,0
264.9903,12.3005,3052,0,0
265.0151,12.3166,3056,0,0
265.0399,12.3529,3065,0,0
265.0647,12.3166,3056,0,0
265.0895,12.3488,3064,0,0
265.1143,12.3609,3067,0,0
265.1391,12.3166,3056,0,0
265.1639,12.3529,3065,0,0
265.1887,12.3448,3063,0,0
265.2135,12.3488,3064,0,0
265.2383,12.3126,3055,0,0
265.2631,12.3529,3065,0,0
265.2879,12.3327,3060,0,0
265.3127,12.3448,3063,0,0
265.3375,12.3609,3067,0,0
265.3623,12.2844,3048,0,0
265.3871,12.3488,3064,0,0
265.4119,12.3488,3064,0,0
265.4367,12.3488,3064,0,0
265.4615,12.3488,3064,0,0
265.4863,12.3569,3066,0,0
265.5111,12.3166,3056,0,0
265.5359,12.3569,3066,0,0
265.5607,12.2763,3046,0,0
265.5855,12.3126,3055,0,0
265.6104,12.3126,3055,0,0
265.6351,12.3206,3057,0,0
265.6599,12.3690,3069,0,0
265.6848,12.3166,3056,0,0
265.7095,12.3327,3060,0,0
265.7343,12.3609,3067,0,0
265.7592,12.3529,3065,0,0
265.7840,12.3609,3067,0,0
265.8087,12.3771,3071,0,0
265.8336,12.3166,3056,0,0
265.8584,12.3166,3056,0,0
265.8832,12.3811,3072,0,0
265.9080,12.3206,3057,0,0
265.9328,12.3206,3057,0,0
265.9576,12.3892,3074,0,0
265.9824,12.3771,3071,0,0
266.0072,12.3690,3069,0,0
266.0320,12.3529,3065,0,0
266.0568,12.3529,3065,0,0
266.0816,12.3287,3059,0,0
266.1064,12.2924,3050,0,0
266.1312,12.3206,3057,0,0
266.1560,12.3488,3064,0,0
266.1808,12.3690,3069,0,0
266.2056,12.3488,3064,0,0
266.2304,12.3529,3065,0,0
266.2552,12.3327,3060,0,0
266.2800,12.3529,3065,0,0
266.3048,12.3609,3067,0,0
266.3296,12.3488,3064,0,0
266.3544,12.3488,3064,0,0
266.3792,12.2924,3050,0,0
266.4040,12.3166,3056,0,0
266.4288,12.3247,3058,0,0
266.4536,12.3569,3066,0,0
266.4784,12.3206,3057,0,0
266.5032,12.3287,3059,0,0
266.5280,12.3488,3064,0,0
266.5528,12.3085,3054,0,0
266.5776,12.3569,3066,0,0
266.6024,12.3287,3059,0,0
266.6272,12.3085,3054,0,0
266.6520,12.3529,3065,0,0
266.6768,12.3488,3064,0,0
266.7017,12.3851,3073,0,0
266.7264,12.3609,3067,0,0
266.7513,12.3529,3065,0,0
266.7761,12.3488,3064,0,0
266.8009,12.3327,3060,0,0
266.8257,12.3206,3057,0,0
266.8505,12.3287,3059,0,0
266.8753,12.3529,3065,0,0
266.9001,12.3166,3056,0,0
266.9249,12.3488,3064,0,0
266.9497,12.3166,3056,0,0
266.9745,12.3730,3070,0,0
266.9993,12.3730,3070,0,0
267.0241,12.3005,3052,0,0
267.0489,12.3529,3065,0,0
267.0737,12.2844,3048,0,0
267.0985,12.3327,3060,0,0
267.1233,12.3045,3053,0,0
267.1481,12.3206,3057,0,0
267.1729,12.3488,3064,0,0
267.1977,12.3569,3066,0,0
267.2225,12.3287,3059,0,0
267.2473,12.3529,3065,0,0
267.2721,12.3287,3059,0,0
267.2969,12.3287,3059,0,0
267.3217,12.3529,3065,0,0
267.3465,12.3166,3056,0,0
267.3713,12.3126,3055,0,0
267.3961,12.3166,3056,0,0
267.4209,12.3206,3057,0,0
267.4457,12.3529,3065,0,0
267.4705,12.3811,3072,0,0
267.4953,12.3690,3069,0,0
267.5201,12.3488,3064,0,0
267.5449,12.3206,3057,0,0
267.5697,12.3488,3064,0,0
267.5945,12.3529,3065,0,0
267.6194,12.3569,3066,0,0
267.6441,12.3126,3055,0,0
267.6689,12.3569,3066,0,0
267.6938,12.3166,3056,0,0
267.7186,12.3569,3066,0,0
267.7433,12.3529,3065,0,0
267.7682,12.3327,3060,0,0
267.7930,12.2844,3048,0,0
267.8177,12.3690,3069,0,0
267.8426,12.3085,3054,0,0
267.8674,12.3529,3065,0,0
267.8922,12.3771,3071,0,0
267.9170,12.3247,3058,0,0
267.9418,12.3327,3060,0,0
267.9666,12.3488,3064,0,0
267.9914,12.3488,3064,0,0
268.0162,12.3529,3065,0,0
268.0410,12.3287,3059,0,0
268.0658,12.3166,3056,0,0
268.0906,12.3085,3054,0,0
268.1154,12.3569,3066,0,0
268.1402,12.3690,3069,0,0
268.1650,12.3206,3057,0,0
268.1898,12.3529,3065,0,0
268.2146,12.3771,3071,0,0
268.2394,12.3206,3057,0,0
268.2642,12.3287,3059,0,0
268.2890,12.3529,3065,0,0
268.3138,12.3529,3065,0,0
268.3386,12.3005,3052,0,0
268.3634,12.2844,3048,0,0
268.3882,12.3609,3067,0,0
268.4130,12.3166,3056,0,0
268.4378,12.3206,3057,0,0
268.4626,12.3529,3065,0,0
268.4874,12.3569,3066,0,0
268.5122,12.3287,3059,0,0
268.5370,12.3327,3060,0,0
268.5618,12.3206,3057,0,0
268.5866,12.3609,3067,0,0
268.6115,12.2924,3050,0,0
268.6363,12.3488,3064,0,0
268.6610,12.3327,3060,0,0
268.6859,12.3488,3064,0,0
268.7107,12.3327,3060,0,0
268.7354,12.3609,3067,0,0
268.7603,12.3206,3057,0,0
268.7851,12.3206,3057,0,0
268.8099,12.3569,3066,0,0
268.8347,12.3327,3060,0,0
268.8595,12.3166,3056,0,0
268.8843,12.3448,3063,0,0
268.9091,12.3327,3060,0,0
268.9339,12.3690,3069,0,0
268.9587,12.3206,3057,0,0
268.9835,12.3247,3058,0,0
269.0083,12.3085,3054,0,0
269.0331,12.3488,3064,0,0
269.0579,12.3529,3065,0,0
269.0827,12.3327,3060,0,0
269.1075,12.3206,3057,0,0
269.1323,12.3771,3071,0,0
269.1571,12.3448,3063,0,0
269.1819,12.3126,3055,0,0
269.2067,12.3448,3063,0,0
269.2315,12.3287,3059,0,0
269.2563,12.3085,3054,0,0
269.2811,12.3327,3060,0,0
269.3059,12.3529,3065,0,0
269.3307,12.3287,3059,0,0
269.3555,12.3529,3065,0,0
269.3803,12.3085,3054,0,0
269.4051,12.3206,3057,0,0
269.4299,12.3569,3066,0,0
269.4547,12.3569,3066,0,0
269.4795,12.3327,3060,0,0
269.5043,12.3287,3059,0,0
269.5291,12.3529,3065,0,0
269.5540,12.3287,3059,0,0
269.5787,12.3408,3062,0,0
269.6035,12.3287,3059,0,0
269.6284,12.4295,3084,0,0
269.6531,12.3529,3065,0,0
269.6779,12.3488,3064,0,0
269.7028,12.3529,3065,0,0
269.7276,12.3408,3062,0,0
269.7523,12.3529,3065,0,0
269.7772,12.3287,3059,0,0
269.8020,12.3085,3054,0,0
269.8268,12.3327,3060,0,0
269.8516,12.3529,3065,0,0
269.8764,12.3045,3053,0,0
269.9012,12.3488,3064,0,0
269.9260,12.3609,3067,0,0
269.9508,12.3529,3065,0,0
269.9756,12.3529,3065,0,0
270.0004,12.3327,3060,0,0
270.0252,12.3327,3060,0,0
270.0500,12.3690,3069,0,0
270.0748,12.3005,3052,0,0
270.0996,12.3206,3057,0,0
270.1244,12.3287,3059,0,0
270.1492,12.3771,3071,0,0
270.1740,12.3448,3063,0,0
270.1988,12.3166,3056,0,0
270.2236,12.3166,3056,0,0
270.2484,12.3085,3054,0,0
270.2732,12.3448,3063,0,0
270.2980,12.3488,3064,0,0
270.3228,12.3126,3055,0,0
270.3476,12.3287,3059,0,0
270.3724,12.3771,3071,0,0
270.3972,12.3206,3057,0,0
270.4220,12.3166,3056,0,0
270.4468,12.3166,3056,0,0
270.4716,12.3327,3060,0,0
270.4964,12.2602,3042,0,0
270.5212,12.3569,3066,0,0
270.5461,12.3166,3056,0,0
270.5708,12.3166,3056,0,0
270.5956,12.2803,3047,0,0
270.6205,12.3166,3056,0,0
270.6453,12.3730,3070,0,0
270.6700,12.3247,3058,0,0
270.6949,12.3126,3055,0,0
270.7197,12.3206,3057,0,0
270.7445,12.3206,3057,0,0
270.7693,12.3488,3064,0,0
270.7941,12.3609,3067,0,0
270.8189,12.3327,3060,0,0
270.8437,12.3609,3067,0,0
270.8685,12.3287,3059,0,0
270.8933,12.3650,3068,0,0
270.9181,12.2844,3048,0,0
270.9429,12.3448,3063,0,0
270.9677,12.3609,3067,0,0
270.9925,12.3569,3066,0,0
271.0173,12.3206,3057,0,0
271.0421,12.3166,3056,0,0
271.0669,12.2924,3050,0,0
271.0917,12.3488,3064,0,0
271.1165,12.3327,3060,0,0
271.1413,12.3730,3070,0,0
271.1661,12.3730,3070,0,0
271.1909,12.3287,3059,0,0
271.2157,12.3085,3054,0,0
271.2405,12.3206,3057,0,0
271.2653,12.3005,3052,0,0
271.2901,12.3529,3065,0,0
271.3149,12.3771,3071,0,0
271.3397,12.2924,3050,0,0
271.3645,12.3448,3063,0,0
271.3893,12.3206,3057,0,0
271.4141,12.3488,3064,0,0
271.4389,12.3126,3055,0,0
271.4637,12.3166,3056,0,0
271.4885,12.3166,3056,0,0
271.5133,12.3287,3059,0,0
271.5381,12.3529,3065,0,0
271.5630,12.3690,3069,0,0
271.5877,12.3529,3065,0,0
271.6125,12.3206,3057,0,0
271.6374,12.3206,3057,0,0
271.6622,12.3206,3057,0,0
271.6870,12.3126,3055,0,0
271.7118,12.3529,3065,0,0
271.7366,12.3730,3070,0,0
271.7614,12.3287,3059,0,0
271.7862,12.3327,3060,0,0
271.8110,12.3569,3066,0,0
271.8358,12.3448,3063,0,0
271.8606,12.3488,3064,0,0
271.8854,12.3166,3056,0,0
271.9102,12.2965,3051,0,0
271.9350,12.3005,3052,0,0
271.9598,12.3287,3059,0,0
271.9846,12.3206,3057,0,0
272.0094,12.3287,3059,0,0
272.0342,12.3529,3065,0,0
272.0590,12.3569,3066,0,0
272.0838,12.2844,3048,0,0
272.1086,12.3448,3063,0,0
272.1334,12.3730,3070,0,0
272.1582,12.3529,3065,0,0
272.1830,12.3166,3056,0,0
272.2078,12.3771,3071,0,0
272.2326,12.3771,3071,0,0
272.2574,12.3488,3064,0,0
272.2822,12.3569,3066,0,0
272.3070,12.3488,3064,0,0
272.3318,12.3287,3059,0,0
272.3566,12.3166,3056,0,0
272.3814,12.2965,3051,0,0
272.4062,12.3206,3057,0,0
272.4310,12.3529,3065,0,0
272.4558,12.3529,3065,0,0
272.4807,12.3206,3057,0,0
272.5054,12.3488,3064,0,0
272.5302,12.3287,3059,0,0
272.5551,12.3206,3057,0,0
272.5798,12.3166,3056,0,0
272.6046,12.3005,3052,0,0
272.6295,12.3206,3057,0,0
272.6543,12.3690,3069,0,0
272.6790,12.3166,3056,0,0
272.7039,12.3085,3054,0,0
272.7287,12.3569,3066,0,0
272.7535,12.3650,3068,0,0
272.7783,12.3287,3059,0,0
272.8031,12.3287,3059,0,0
272.8279,12.3085,3054,0,0
272.8527,12.3206,3057,0,0
272.8775,12.3327,3060,0,0
272.9023,12.3529,3065,0,0
272.9271,12.3085,3054,0,0
272.9519,12.3488,3064,0,0
272.9767,12.3569,3066,0,0
273.0015,12.3529,3065,0,0
273.0263,12.3327,3060,0,0
273.0511,12.3529,3065,0,0
273.0759,12.3005,3052,0,0
273.1007,12.3569,3066,0,0
273.1255,12.3045,3053,0,0
273.1503,12.3408,3062,0,0
273.1751,12.3166,3056,0,0
273.1999,12.3448,3063,0,0
273.2247,12.3569,3066,0,0
273.2495,12.3206,3057,0,0
273.2743,12.3206,3057,0,0
273.2991,12.3529,3065,0,0
273.3239,12.3287,3059,0,0
273.3487,12.3569,3066,0,0
273.3735,12.3529,3065,0,0
273.3983,12.3166,3056,0,0
273.4231,12.3247,3058,0,0
273.4479,12.3529,3065,0,0
273.4727,12.3126,3055,0,0
273.4975,12.3166,3056,0,0
273.5223,12.3569,3066,0,0
273.5471,12.3488,3064,0,0
273.5720,12.3206,3057,0,0
273.5967,12.3488,3064,0,0
273.6216,12.3448,3063,0,0
273.6464,12.3488,3064,0,0
273.6712,12.3488,3064,0,0
273.6960,12.3085,3054,0,0
273.7208,12.3206,3057,0,0
273.7456,12.3327,3060,0,0
273.7704,12.3529,3065,0,0
273.7952,12.3166,3056,0,0
273.8200,12.3529,3065,0,0
273.8448,12.3609,3067,0,0
273.8696,12.3166,3056,0,0
273.8944,12.3529,3065,0,0
273.9192,12.3730,3070,0,0
273.9440,12.3085,3054,0,0
273.9688,12.2844,3048,0,0
273.9936,12.3609,3067,0,0
274.0184,12.3206,3057,0,0
274.0432,12.3287,3059,0,0
274.0680,12.3529,3065,0,0
274.0928,12.3569,3066,0,0
274.1176,12.3488,3064,0,0
274.1424,12.2844,3048,0,0
274.1672,12.3488,3064,0,0
274.1920,12.3529,3065,0,0
274.2168,12.3085,3054,0,0
274.2416,12.3085,3054,0,0
274.2664,12.3327,3060,0,0
274.2912,12.3488,3064,0,0
274.3160,12.3569,3066,0,0
274.3408,12.3327,3060,0,0
274.3656,12.3730,3070,0,0
274.3904,12.3488,3064,0,0
274.4152,12.3529,3065,0,0
274.4400,12.3005,3052,0,0
274.4648,12.3126,3055,0,0
274.4897,12.3166,3056,0,0
274.5144,12.2924,3050,0,0
274.5392,12.3206,3057,0,0
274.5641,12.3488,3064,0,0
274.5889,12.3206,3057,0,0
274.6136,12.3126,3055,0,0
274.6385,12.3166,3056,0,0
274.6633,12.3126,3055,0,0
274.6880,12.3206,3057,0,0
274.7129,12.3569,3066,0,0
274.7377,12.3166,3056,0,0
274.7625,12.3811,3072,0,0
274.7873,12.3166,3056,0,0
274.8121,12.3488,3064,0,0
274.8369,12.3287,3059,0,0
274.8617,12.3005,3052,0,0
274.8865,12.3126,3055,0,0
274.9113,12.3327,3060,0,0
274.9361,12.3327,3060,0,0
274.9609,12.3206,3057,0,0
274.9857,12.3126,3055,0,0
275.0105,12.3287,3059,0,0
275.0353,12.3488,3064,0,0
275.0601,12.3206,3057,0,0
275.0849,12.3488,3064,0,0
275.1097,12.2803,3047,0,0
275.1345,12.2965,3051,0,0
275.1593,12.3448,3063,0,0
275.1841,12.3448,3063,0,0
275.2089,12.3488,3064,0,0
275.2337,12.2844,3048,0,0
275.2585,12.3327,3060,0,0
275.2833,12.3569,3066,0,0
275.3081,12.3488,3064,0,0
275.3329,12.3488,3064,0,0
275.3577,12.3166,3056,0,0
275.3825,12.3730,3070,0,0
275.4073,12.3206,3057,0,0
275.4321,12.3448,3063,0,0
275.4569,12.3569,3066,0,0
275.4818,12.3126,3055,0,0
275.5066,12.3126,3055,0,0
275.5313,12.3488,3064,0,0
275.5562,12.3327,3060,0,0
275.5810,12.3529,3065,0,0
275.6057,12.3126,3055,0,0
275.6306,12.3085,3054,0,0
275.6554,12.3085,3054,0,0
275.6802,12.3247,3058,0,0
275.7050,12.3811,3072,0,0
275.7298,12.3085,3054,0,0
275.7546,12.3488,3064,0,0
275.7794,12.3166,3056,0,0
275.8042,12.3569,3066,0,0
275.8290,12.3166,3056,0,0
275.8538,12.3529,3065,0,0
275.8786,12.3488,3064,0,0
275.9034,12.3005,3052,0,0
275.9282,12.3287,3059,0,0
275.9530,12.3529,3065,0,0
275.9778,12.3569,3066,0,0
276.0026,12.3569,3066,0,0
276.0274,12.3166,3056,0,0
276.0522,12.3488,3064,0,0
276.0770,12.3206,3057,0,0
276.1018,12.2844,3048,0,0
276.1266,12.3327,3060,0,0
276.1514,12.3166,3056,0,0
276.1762,12.3287,3059,0,0
276.2010,12.3529,3065,0,0
276.2258,12.3529,3065,0,0
276.2506,12.3206,3057,0,0
276.2754,12.3287,3059,0,0
276.3002,12.3085,3054,0,0
276.3250,12.3771,3071,0,0
276.3498,12.3730,3070,0,0
276.3746,12.3126,3055,0,0
276.3994,12.3126,3055,0,0
276.4243,12.3609,3067,0,0
276.4490,12.3488,3064,0,0
276.4738,12.3166,3056,0,0
276.4987,12.3327,3060,0,0
276.5234,12.3609,3067,0,0
276.5482,12.3448,3063,0,0
276.5731,12.3529,3065,0,0
276.5979,12.3206,3057,0,0
276.6227,12.3529,3065,0,0
276.6475,12.3529,3065,0,0
276.6723,12.3166,3056,0,0
276.6971,12.3126,3055,0,0
276.7219,12.3529,3065,0,0
276.7467,12.3569,3066,0,0
276.7715,12.3690,3069,0,0
276.7963,12.3448,3063,0,0
276.8211,12.3287,3059,0,0
276.8459,12.3206,3057,0,0
276.8707,12.3488,3064,0,0
276.8955,12.3327,3060,0,0
276.9203,12.3609,3067,0,0
276.9451,12.2924,3050,0,0
276.9699,12.3488,3064,0,0
276.9947,12.3609,3067,0,0
277.0195,12.3569,3066,0,0
277.0443,12.3206,3057,0,0
277.0691,12.3005,3052,0,0
277.0939,12.3892,3074,0,0
277.1187,12.3206,3057,0,0
277.1435,12.3206,3057,0,0
277.1683,12.3609,3067,0,0
277.1931,12.3085,3054,0,0
277.2179,12.2844,3048,0,0
277.2427,12.3206,3057,0,0
277.2675,12.3287,3059,0,0
277.2923,12.3529,3065,0,0
277.3171,12.3206,3057,0,0
277.3419,12.3327,3060,0,0
277.3667,12.3529,3065,0,0
277.3915,12.3247,3058,0,0
277.4164,12.3851,3073,0,0
277.4411,12.3126,3055,0,0
277.4659,12.3327,3060,0,0
277.4908,12.3327,3060,0,0
277.5156,12.3206,3057,0,0
277.5403,12.2844,3048,0,0
277.5652,12.3166,3056,0,0
277.5900,12.3085,3054,0,0
277.6148,12.3730,3070,0,0
277.6396,12.3327,3060,0,0
277.6644,12.3166,3056,0,0
277.6892,12.3287,3059,0,0
277.7140,12.3206,3057,0,0
277.7388,12.3166,3056,0,0
277.7636,12.3811,3072,0,0
277.7884,12.3529,3065,0,0
277.8132,12.3609,3067,0,0
277.8380,12.3166,3056,0,0
277.8628,12.3327,3060,0,0
277.8876,12.3287,3059,0,0
277.9124,12.3488,3064,0,0
277.9372,12.2320,3035,0,0
277.9620,12.3730,3070,0,0
277.9868,12.3448,3063,0,0
278.0116,12.3206,3057,0,0
278.0364,12.3730,3070,0,0
278.0612,12.2924,3050,0,0
278.0860,12.3126,3055,0,0
278.1108,12.3206,3057,0,0
278.1356,12.3488,3064,0,0
278.1604,12.3529,3065,0,0
278.1852,12.3488,3064,0,0
278.2100,12.3771,3071,0,0
278.2348,12.3569,3066,0,0
278.2596,12.3126,3055,0,0
278.2844,12.3287,3059,0,0
278.3092,12.3488,3064,0,0
278.3340,12.2924,3050,0,0
278.3588,12.3569,3066,0,0
278.3836,12.3126,3055,0,0
278.4084,12.2763,3046,0,0
278.4333,12.3569,3066,0,0
278.4580,12.3488,3064,0,0
278.4828,12.3206,3057,0,0
278.5077,12.3206,3057,0,0
278.5325,12.3166,3056,0,0
278.5573,12.3529,3065,0,0
278.5821,12.3650,3068,0,0
278.6069,12.3690,3069,0,0
278.6317,12.3529,3065,0,0
278.6565,12.3892,3074,0,0
278.6813,12.3085,3054,0,0
278.7061,12.3327,3060,0,0
278.7309,12.3730,3070,0,0
278.7557,12.3287,3059,0,0
278.7805,12.3045,3053,0,0
278.8053,12.3529,3065,0,0
278.8301,12.3488,3064,0,0
278.8549,12.3811,3072,0,0
278.8797,12.3166,3056,0,0
278.9045,12.3488,3064,0,0
278.9293,12.3206,3057,0,0
278.9541,12.3287,3059,0,0
278.9789,12.3206,3057,0,0
279.0037,12.3488,3064,0,0
279.0285,12.3287,3059,0,0
279.0533,12.3206,3057,0,0
279.0781,12.3206,3057,0,0
279.1029,12.3327,3060,0,0
279.1277,12.3085,3054,0,0
279.1525,12.3166,3056,0,0
279.1773,12.3126,3055,0,0
279.2021,12.3206,3057,0,0
279.2269,12.3529,3065,0,0
279.2517,12.3327,3060,0,0
279.2765,12.2763,3046,0,0
279.3013,12.3287,3059,0,0
279.3261,12.3166,3056,0,0
279.3510,12.3488,3064,0,0
279.3757,12.3287,3059,0,0
279.4005,12.3287,3059,0,0
279.4254,12.2924,3050,0,0
279.4502,12.3287,3059,0,0
279.4749,12.3166,3056,0,0
279.4998,12.3529,3065,0,0
279.5246,12.3529,3065,0,0
279.5493,12.3529,3065,0,0
279.5742,12.3247,3058,0,0
279.5990,12.3529,3065,0,0
279.6238,12.3045,3053,0,0
279.6486,12.3045,3053,0,0
279.6734,12.3206,3057,0,0
279.6982,12.3327,3060,0,0
279.7230,12.3488,3064,0,0
279.7478,12.3166,3056,0,0
279.7726,12.3609,3067,0,0
279.7974,12.3408,3062,0,0
279.8222,12.3448,3063,0,0
279.8470,12.3206,3057,0,0
279.8718,12.3206,3057,0,0
279.8966,12.3206,3057,0,0
279.9214,12.3287,3059,0,0
279.9462,12.3690,3069,0,0
279.9710,12.3488,3064,0,0
279.9958,12.3327,3060,0,0
280.0206,12.3206,3057,0,0
280.0454,12.3085,3054,0,0
280.0702,12.3206,3057,0,0
280.0950,12.3085,3054,0,0
280.1198,12.3206,3057,0,0
280.1446,12.3287,3059,0,0
280.1694,12.3287,3059,0,0
280.1942,12.3529,3065,0,0
280.2190,12.3327,3060,0,0
280.2438,12.3206,3057,0,0
280.2686,12.3126,3055,0,0
280.2934,12.2924,3050,0,0
280.3182,12.3166,3056,0,0
280.3430,12.3730,3070,0,0
280.3679,12.3085,3054,0,0
280.3926,12.3206,3057,0,0
280.4174,12.3287,3059,0,0
280.4423,12.3529,3065,0,0
280.4670,12.3126,3055,0,0
280.4919,12.3247,3058,0,0
280.5167,12.3529,3065,0,0
280.5415,12.3771,3071,0,0
280.5663,12.3206,3057,0,0
280.5911,12.3488,3064,0,0
280.6159,12.3287,3059,0,0
280.6407,12.3529,3065,0,0
280.6655,12.3448,3063,0,0
280.6903,12.3166,3056,0,0
280.7151,12.3851,3073,0,0
280.7399,12.3327,3060,0,0
280.7647,12.3206,3057,0,0
280.7895,12.3488,3064,0,0
280.8143,12.3609,3067,0,0
280.8391,12.3166,3056,0,0
280.8639,12.3206,3057,0,0
280.8887,12.3327,3060,0,0
280.9135,12.3690,3069,0,0
280.9383,12.3569,3066,0,0
280.9631,12.3126,3055,0,0
280.9879,12.2924,3050,0,0
281.0127,12.3448,3063,0,0
281.0375,12.3287,3059,0,0
281.0623,12.3488,3064,0,0
281.0871,12.3206,3057,0,0
281.1119,12.3569,3066,0,0
281.1367,12.3085,3054,0,0
281.1615,12.3327,3060,0,0
281.1863,12.3327,3060,0,0
281.2111,12.3206,3057,0,0
281.2359,12.2924,3050,0,0
281.2607,12.3609,3067,0,0
281.2856,12.3488,3064,0,0
281.3103,12.3126,3055,0,0
281.3351,12.3529,3065,0,0
281.3600,12.3569,3066,0,0
281.3847,12.3529,3065,0,0
281.4095,12.3488,3064,0,0
281.4344,12.3166,3056,0,0
281.4592,12.3166,3056,0,0
281.4839,12.3327,3060,0,0
281.5088,12.3206,3057,0,0
281.5336,12.3488,3064,0,0
281.5584,12.3609,3067,0,0
281.5832,12.2924,3050,0,0
281.6080,12.3247,3058,0,0
281.6328,12.3287,3059,0,0
281.6576,12.3771,3071,0,0
281.6824,12.3488,3064,0,0
281.7072,12.2924,3050,0,0
281.7320,12.3529,3065,0,0
281.7568,12.3126,3055,0,0
281.7816,12.3005,3052,0,0
281.8064,12.3166,3056,0,0
281.8312,12.3166,3056,0,0
281.8560,12.3166,3056,0,0
281.8808,12.3327,3060,0,0
281.9056,12.3166,3056,0,0
281.9304,12.3166,3056,0,0
281.9552,12.3206,3057,0,0
281.9800,12.3166,3056,0,0
282.0048,12.3206,3057,0,0
282.0296,12.2844,3048,0,0
282.0544,12.3206,3057,0,0
282.0792,12.3126,3055,0,0
282.1040,12.3126,3055,0,0
282.1288,12.3488,3064,0,0
282.1536,12.3609,3067,0,0
282.1784,12.2924,3050,0,0
282.2032,12.3448,3063,0,0
282.2280,12.3206,3057,0,0
282.2528,12.3730,3070,0,0
282.2776,12.3005,3052,0,0
282.3024,12.3287,3059,0,0
282.3272,12.3126,3055,0,0
282.3521,12.3126,3055,0,0
282.3769,12.3206,3057,0,0
282.4016,12.3569,3066,0,0
282.4265,12.2965,3051,0,0
282.4513,12.2924,3050,0,0
282.4761,12.3287,3059,0,0
282.5009,12.3327,3060,0,0
282.5257,12.3206,3057,0,0
282.5505,12.3327,3060,0,0
282.5753,12.3126,3055,0,0
282.6001,12.3488,3064,0,0
282.6249,12.3851,3073,0,0
282.6497,12.3166,3056,0,0
282.6745,12.3287,3059,0,0
282.6993,12.3690,3069,0,0
282.7241,12.3166,3056,0,0
282.7489,12.3126,3055,0,0
282.7737,12.3166,3056,0,0
282.7985,12.3327,3060,0,0
282.8233,12.3488,3064,0,0
282.8481,12.3166,3056,0,0
282.8729,12.3892,3074,0,0
282.8977,12.2763,3046,0,0
282.9225,12.3166,3056,0,0
282.9473,12.3287,3059,0,0
282.9721,12.3287,3059,0,0
282.9969,12.3327,3060,0,0
283.0217,12.3126,3055,0,0
283.0465,12.3206,3057,0,0
283.0713,12.3005,3052,0,0
283.0961,12.2844,3048,0,0
283.1209,12.3166,3056,0,0
283.1457,12.3206,3057,0,0
283.1705,12.3126,3055,0,0
283.1953,12.2844,3048,0,0
283.2201,12.3327,3060,0,0
283.2449,12.3569,3066,0,0
283.2697,12.3166,3056,0,0
283.2946,12.3247,3058,0,0
283.3193,12.3771,3071,0,0
283.3441,12.3085,3054,0,0
283.3690,12.3488,3064,0,0
283.3938,12.2803,3047,0,0
283.4185,12.2965,3051,0,0
283.4434,12.3287,3059,0,0
283.4682,12.3730,3070,0,0
283.4930,12.3488,3064,0,0
283.5178,12.2844,3048,0,0
283.5426,12.3287,3059,0,0
283.5674,12.3327,3060,0,0
283.5922,12.3529,3065,0,0
283.6170,12.3206,3057,0,0
283.6418,12.3287,3059,0,0
283.6666,12.3287,3059,0,0
283.6914,12.3408,3062,0,0
283.7162,12.3126,3055,0,0
283.7410,12.3529,3065,0,0
283.7658,12.3085,3054,0,0
283.7906,12.3247,3058,0,0
283.8154,12.3488,3064,0,0
283.8402,12.3206,3057,0,0
283.8650,12.3005,3052,0,0
283.8898,12.3569,3066,0,0
283.9146,12.3206,3057,0,0
283.9394,12.3206,3057,0,0
283.9642,12.3569,3066,0,0
283.9890,12.3287,3059,0,0
284.0138,12.3287,3059,0,0
284.0386,12.3529,3065,0,0
284.0634,12.3126,3055,0,0
284.0882,12.3206,3057,0,0
284.1130,12.3085,3054,0,0
284.1378,12.2924,3050,0,0
284.1626,12.3206,3057,0,0
284.1874,12.2844,3048,0,0
284.2122,12.3287,3059,0,0
284.2370,12.3206,3057,0,0
284.2618,12.3206,3057,0,0
284.2867,12.3206,3057,0,0
284.3115,12.3811,3072,0,0
284.3362,12.3529,3065,0,0
284.3611,12.3206,3057,0,0
284.3859,12.3488,3064,0,0
284.4106,12.3488,3064,0,0
284.4355,12.3206,3057,0,0
284.4603,12.3287,3059,0,0
284.4851,12.2844,3048,0,0
284.5099,12.3166,3056,0,0
284.5347,12.3085,3054,0,0
284.5595,12.3126,3055,0,0
284.5843,12.3488,3064,0,0
284.6091,12.3206,3057,0,0
284.6339,12.3206,3057,0,0
284.6587,12.3287,3059,0,0
284.6835,12.3206,3057,0,0
284.7083,12.3327,3060,0,0
284.7331,12.3206,3057,0,0
284.7579,12.2924,3050,0,0
284.7827,12.3085,3054,0,0
284.8075,12.2803,3047,0,0
284.8323,12.3287,3059,0,0
284.8571,12.2924,3050,0,0
284.8819,12.2844,3048,0,0
284.9067,12.3287,3059,0,0
284.9315,12.3529,3065,0,0
284.9563,12.3085,3054,0,0
284.9811,12.3488,3064,0,0
285.0059,12.3126,3055,0,0
285.0307,12.3126,3055,0,0
285.0555,12.2844,3048,0,0
285.0803,12.3488,3064,0,0
285.1051,12.3529,3065,0,0
285.1299,12.3529,3065,0,0
285.1547,12.3206,3057,0,0
285.1795,12.3287,3059,0,0
285.2043,12.3569,3066,0,0
285.2292,12.3206,3057,0,0
285.2539,12.3287,3059,0,0
285.2787,12.2803,3047,0,0
285.3036,12.3529,3065,0,0
285.3283,12.2844,3048,0,0
285.3531,12.3005,3052,0,0
285.3780,12.3126,3055,0,0
285.4028,12.2924,3050,0,0
285.4276,12.3206,3057,0,0
285.4524,12.3771,3071,0,0
285.4772,12.3287,3059,0,0
285.5020,12.3085,3054,0,0
285.5268,12.3206,3057,0,0
285.5516,12.3529,3065,0,0
285.5764,12.3247,3058,0,0
285.6012,12.3166,3056,0,0
285.6260,12.3287,3059,0,0
285.6508,12.3085,3054,0,0
285.6756,12.3126,3055,0,0
285.7004,12.3488,3064,0,0
285.7252,12.2844,3048,0,0
285.7500,12.3529,3065,0,0
285.7748,12.3206,3057,0,0
285.7996,12.3488,3064,0,0
285.8244,12.2844,3048,0,0
285.8492,12.2924,3050,0,0
285.8740,12.3206,3057,0,0
285.8988,12.3206,3057,0,0
285.9236,12.3488,3064,0,0
285.9484,12.3206,3057,0,0
285.9732,12.3730,3070,0,0
285.9980,12.2844,3048,0,0
286.0228,12.3126,3055,0,0
286.0476,12.3569,3066,0,0
286.0724,12.3166,3056,0,0
286.0972,12.3448,3063,0,0
286.1220,12.3287,3059,0,0
286.1468,12.3488,3064,0,0
286.1716,12.3529,3065,0,0
286.1964,12.3327,3060,0,0
286.2213,12.3206,3057,0,0
286.2460,12.3529,3065,0,0
286.2708,12.3206,3057,0,0
286.2957,12.3488,3064,0,0
286.3205,12.3206,3057,0,0
286.3452,12.3166,3056,0,0
286.3701,12.3488,3064,0,0
286.3949,12.2803,3047,0,0
286.4197,12.3206,3057,0,0
286.4445,12.3529,3065,0,0
286.4693,12.2844,3048,0,0
286.4941,12.3126,3055,0,0
286.5189,12.3609,3067,0,0
286.5437,12.3206,3057,0,0
286.5685,12.3488,3064,0,0
286.5933,12.3488,3064,0,0
286.6181,12.3085,3054,0,0
286.6429,12.3690,3069,0,0
286.6677,12.3126,3055,0,0
286.6925,12.3247,3058,0,0
286.7173,12.3287,3059,0,0
286.7421,12.3287,3059,0,0
286.7669,12.2844,3048,0,0
286.7917,12.3287,3059,0,0
286.8165,12.3529,3065,0,0
286.8413,12.3206,3057,0,0
286.8661,12.2844,3048,0,0
286.8909,12.3488,3064,0,0
286.9157,12.3529,3065,0,0
286.9405,12.3206,3057,0,0
286.9653,12.3488,3064,0,0
286.9901,12.3085,3054,0,0
287.0149,12.3529,3065,0,0
287.0397,12.3730,3070,0,0
287.0645,12.2844,3048,0,0
287.0893,12.3085,3054,0,0
287.1141,12.3206,3057,0,0
287.1389,12.3206,3057,0,0
287.1637,12.3126,3055,0,0
287.1885,12.3206,3057,0,0
287.2133,12.3488,3064,0,0
287.2382,12.3609,3067,0,0
287.2629,12.3408,3062,0,0
287.2878,12.3166,3056,0,0
287.3126,12.3287,3059,0,0
287.3374,12.3126,3055,0,0
287.3622,12.3126,3055,0,0
287.3870,12.2844,3048,0,0
287.4118,12.3488,3064,0,0
287.4366,12.3206,3057,0,0
287.4614,12.3126,3055,0,0
287.4862,12.3327,3060,0,0
287.5110,12.3206,3057,0,0
287.5358,12.3126,3055,0,0
287.5606,12.3247,3058,0,0
287.5854,12.3166,3056,0,0
287.6102,12.3126,3055,0,0
287.6350,12.3327,3060,0,0
287.6598,12.3287,3059,0,0
287.6846,12.3529,3065,0,0
287.7094,12.3327,3060,0,0
287.7342,12.3569,3066,0,0
287.7590,12.2965,3051,0,0
287.7838,12.3126,3055,0,0
287.8086,12.3166,3056,0,0
287.8334,12.3287,3059,0,0
287.8582,12.3206,3057,0,0
287.8830,12.3569,3066,0,0
287.9078,12.3488,3064,0,0
287.9326,12.3609,3067,0,0
287.9574,12.3085,3054,0,0
287.9822,12.3488,3064,0,0
288.0070,12.3327,3060,0,0
288.0318,12.3488,3064,0,0
288.0566,12.3488,3064,0,0
288.0814,12.2844,3048,0,0
288.1062,12.3206,3057,0,0
288.1310,12.3327,3060,0,0
288.1559,12.3166,3056,0,0
288.1806,12.3005,3052,0,0
288.2054,12.3448,3063,0,0
288.2303,12.3569,3066,0,0
288.2550,12.3569,3066,0,0
288.2798,12.2965,3051,0,0
288.3047,12.3529,3065,0,0
288.3295,12.3085,3054,0,0
288.3542,12.3126,3055,0,0
288.3791,12.3287,3059,0,0
288.4039,12.3206,3057,0,0
288.4287,12.3126,3055,0,0
288.4535,12.3206,3057,0,0
288.4783,12.3488,3064,0,0
288.5031,12.3206,3057,0,0
288.5279,12.3206,3057,0,0
288.5527,12.2924,3050,0,0
288.5775,12.3126,3055,0,0
288.6023,12.3569,3066,0,0
288.6271,12.3448,3063,0,0
288.6519,12.3206,3057,0,0
288.6767,12.3247,3058,0,0
288.7015,12.3287,3059,0,0
288.7263,12.3529,3065,0,0
288.7511,12.2965,3051,0,0
288.7759,12.3206,3057,0,0
288.8007,12.3327,3060,0,0
288.8255,12.2844,3048,0,0
288.8503,12.3569,3066,0,0
288.8751,12.3287,3059,0,0
288.8999,12.3529,3065,0,0
288.9247,12.3488,3064,0,0
288.9495,12.3448,3063,0,0
288.9743,12.3529,3065,0,0
288.9991,12.3327,3060,0,0
289.0239,12.3247,3058,0,0
289.0487,12.3166,3056,0,0
289.0735,12.3166,3056,0,0
289.0983,12.3247,3058,0,0
289.1231,12.3126,3055,0,0
289.1479,12.3126,3055,0,0
289.1727,12.3166,3056,0,0
289.1975,12.3206,3057,0,0
289.2224,12.3206,3057,0,0
289.2472,12.2763,3046,0,0
289.2719,12.3085,3054,0,0
289.2968,12.3166,3056,0,0
289.3216,12.3529,3065,0,0
289.3464,12.2924,3050,0,0
289.3712,12.3126,3055,0,0
289.3960,12.3126,3055,0,0
289.4208,12.3206,3057,0,0
289.4456,12.3126,3055,0,0
289.4704,12.3206,3057,0,0
289.4952,12.3327,3060,0,0
289.5200,12.3529,3065,0,0
289.5448,12.3488,3064,0,0
289.5696,12.3327,3060,0,0
289.5944,12.3488,3064,0,0
289.6192,12.3206,3057,0,0
289.6440,12.3569,3066,0,0
289.6688,12.3126,3055,0,0
289.6936,12.3287,3059,0,0
289.7184,12.3327,3060,0,0
289.7432,12.3085,3054,0,0
289.7680,12.3045,3053,0,0
289.7928,12.3609,3067,0,0
289.8176,12.3206,3057,0,0
289.8424,12.3166,3056,0,0
289.8672,12.3448,3063,0,0
289.8920,12.3206,3057,0,0
289.9168,12.3126,3055,0,0
289.9416,12.3287,3059,0,0
289.9664,12.3529,3065,0,0
289.9912,12.3488,3064,0,0
290.0160,12.3488,3064,0,0
290.0408,12.3569,3066,0,0
290.0656,12.3166,3056,0,0
290.0904,12.3488,3064,0,0
290.1152,12.3488,3064,0,0
290.1400,12.3126,3055,0,0
290.1649,12.3488,3064,0,0
290.1896,12.3206,3057,0,0
290.2144,12.3206,3057,0,0
290.2393,12.3327,3060,0,0
290.2641,12.3488,3064,0,0
290.2888,12.3085,3054,0,0
290.3137,12.3166,3056,0,0
290.3385,12.3247,3058,0,0
290.3633,12.3529,3065,0,0
290.3881,12.3085,3054,0,0
290.4129,12.3287,3059,0,0
290.4377,12.2965,3051,0,0
290.4625,12.3327,3060,0,0
290.4873,12.3287,3059,0,0
290.5121,12.3488,3064,0,0
290.5369,12.3166,3056,0,0
290.5617,12.3327,3060,0,0
290.5865,12.3206,3057,0,0
290.6113,12.3045,3053,0,0
290.6361,12.3085,3054,0,0
290.6609,12.3488,3064,0,0
290.6857,12.3488,3064,0,0
290.7105,12.3488,3064,0,0
290.7353,12.3206,3057,0,0
290.7601,12.3206,3057,0,0
290.7849,12.3529,3065,0,0
290.8097,12.3690,3069,0,0
290.8345,12.3488,3064,0,0
290.8593,12.3609,3067,0,0
290.8841,12.3166,3056,0,0
290.9089,12.3166,3056,0,0
290.9337,12.3206,3057,0,0
290.9585,12.3085,3054,0,0
290.9833,12.3287,3059,0,0
291.0081,12.2803,3047,0,0
291.0329,12.3085,3054,0,0
291.0577,12.3206,3057,0,0
291.0826,12.3488,3064,0,0
291.1073,12.3045,3053,0,0
291.1321,12.3287,3059,0,0
291.1570,12.3488,3064,0,0
291.1818,12.3166,3056,0,0
291.2065,12.3166,3056,0,0
291.2314,12.3529,3065,0,0
291.2562,12.3327,3060,0,0
291.2809,12.3206,3057,0,0
291.3058,12.3206,3057,0,0
291.3306,12.3327,3060,0,0
291.3554,12.3126,3055,0,0
291.3802,12.2924,3050,0,0
291.4050,12.3327,3060,0,0
291.4298,12.3166,3056,0,0
291.4546,12.2924,3050,0,0
291.4794,12.3206,3057,0,0
291.5042,12.3609,3067,0,0
291.5290,12.3529,3065,0,0
291.5538,12.2803,3047,0,0
291.5786,12.3529,3065,0,0
291.6034,12.3730,3070,0,0
291.6282,12.3206,3057,0,0
291.6530,12.3287,3059,0,0
291.6778,12.3287,3059,0,0
291.7026,12.3247,3058,0,0
291.7274,12.3126,3055,0,0
291.7522,12.3327,3060,0,0
291.7770,12.3166,3056,0,0
291.8018,12.3529,3065,0,0
291.8266,12.2924,3050,0,0
291.8514,12.3287,3059,0,0
291.8762,12.3206,3057,0,0
291.9010,12.3126,3055,0,0
291.9258,12.3488,3064,0,0
291.9506,12.3529,3065,0,0
291.9754,12.3327,3060,0,0
292.0002,12.3206,3057,0,0
292.0250,12.3126,3055,0,0
292.0498,12.2803,3047,0,0
292.0746,12.3206,3057,0,0
292.0995,12.3287,3059,0,0
292.1242,12.2965,3051,0,0
292.1490,12.3085,3054,0,0
292.1739,12.3085,3054,0,0
292.1986,12.3488,3064,0,0
292.2234,12.3448,3063,0,0
292.2483,12.3206,3057,0,0
292.2731,12.3166,3056,0,0
292.2979,12.3247,3058,0,0
292.3227,12.3126,3055,0,0
292.3475,12.3005,3052,0,0
292.3723,12.3206,3057,0,0
292.3971,12.3488,3064,0,0
292.4219,12.3609,3067,0,0
292.4467,12.2803,3047,0,0
292.4715,12.3206,3057,0,0
292.4963,12.3005,3052,0,0
292.5211,12.3085,3054,0,0
292.5459,12.3206,3057,0,0
292.5707,12.3287,3059,0,0
292.5955,12.3327,3060,0,0
292.6203,12.3247,3058,0,0
292.6451,12.3166,3056,0,0
292.6699,12.3206,3057,0,0
292.6947,12.2924,3050,0,0
292.7195,12.3166,3056,0,0
292.7443,12.3166,3056,0,0
292.7691,12.3569,3066,0,0
292.7939,12.3166,3056,0,0
292.8187,12.3488,3064,0,0
292.8435,12.2924,3050,0,0
292.8683,12.3206,3057,0,0
292.8931,12.3327,3060,0,0
292.9179,12.3085,3054,0,0
292.9427,12.3488,3064,0,0
292.9675,12.3005,3052,0,0
292.9923,12.2924,3050,0,0
293.0172,12.3005,3052,0,0
293.0419,12.3488,3064,0,0
293.0667,12.3529,3065,0,0
293.0916,12.2965,3051,0,0
293.1163,12.3287,3059,0,0
293.1411,12.4214,3082,0,0
293.1660,12.3408,3062,0,0
293.1908,12.3166,3056,0,0
293.2155,12.3448,3063,0,0
293.2404,12.3287,3059,0,0
293.2652,12.3085,3054,0,0
293.2900,12.2844,3048,0,0
293.3148,12.3529,3065,0,0
293.3396,12.3166,3056,0,0
293.3644,12.3327,3060,0,0
293.3892,12.3730,3070,0,0
293.4140,12.3166,3056,0,0
293.4388,12.2924,3050,0,0
293.4636,12.3488,3064,0,0
293.4884,12.3529,3065,0,0
293.5132,12.3166,3056,0,0
293.5380,12.2924,3050,0,0
293.5628,12.3569,3066,0,0
293.5876,12.3448,3063,0,0
293.6124,12.3206,3057,0,0
293.6372,12.3327,3060,0,0
293.6620,12.3529,3065,0,0
293.6868,12.3609,3067,0,0
293.7116,12.3488,3064,0,0
293.7364,12.3488,3064,0,0
293.7612,12.3569,3066,0,0
293.7860,12.2844,3048,0,0
293.8108,12.3126,3055,0,0
293.8356,12.3327,3060,0,0
293.8604,12.3488,3064,0,0
293.8852,12.3126,3055,0,0
293.9100,12.3206,3057,0,0
293.9348,12.3529,3065,0,0
293.9596,12.2965,3051,0,0
293.9844,12.3327,3060,0,0
294.0092,12.3488,3064,0,0
294.0340,12.3005,3052,0,0
294.0588,12.2803,3047,0,0
294.0836,12.3005,3052,0,0
294.1085,12.3569,3066,0,0
294.1332,12.3488,3064,0,0
294.1581,12.3166,3056,0,0
294.1829,12.3690,3069,0,0
294.2077,12.3206,3057,0,0
294.2325,12.3126,3055,0,0
294.2573,12.3126,3055,0,0
294.2821,12.3126,3055,0,0
294.3069,12.3166,3056,0,0
294.3317,12.3206,3057,0,0
294.3565,12.3287,3059,0,0
294.3813,12.2924,3050,0,0
294.4061,12.3126,3055,0,0
294.4309,12.2803,3047,0,0
294.4557,12.3206,3057,0,0
294.4805,12.3247,3058,0,0
294.5053,12.3247,3058,0,0
294.5301,12.3126,3055,0,0
294.5549,12.3166,3056,0,0
294.5797,12.3529,3065,0,0
294.6045,12.3609,3067,0,0
294.6293,12.3287,3059,0,0
294.6541,12.3126,3055,0,0
294.6789,12.3085,3054,0,0
294.7037,12.3488,3064,0,0
294.7285,12.3408,3062,0,0
294.7533,12.3206,3057,0,0
294.7781,12.3085,3054,0,0
294.8029,12.3851,3073,0,0
294.8277,12.3206,3057,0,0
294.8525,12.3126,3055,0,0
294.8773,12.3085,3054,0,0
294.9021,12.3126,3055,0,0
294.9269,12.3126,3055,0,0
294.9517,12.3488,3064,0,0
294.9765,12.3609,3067,0,0
295.0013,12.3085,3054,0,0
295.0262,12.3287,3059,0,0
295.0509,12.3488,3064,0,0
295.0757,12.2924,3050,0,0
295.1006,12.3166,3056,0,0
295.1254,12.3529,3065,0,0
295.1501,12.3206,3057,0,0
295.1750,12.3327,3060,0,0
295.1998,12.2924,3050,0,0
295.2245,12.3287,3059,0,0
295.2494,12.3327,3060,0,0
295.2742,12.3488,3064,0,0
295.2990,12.2965,3051,0,0
295.3238,12.3166,3056,0,0
295.3486,12.3085,3054,0,0
295.3734,12.3529,3065,0,0
295.3982,12.2763,3046,0,0
295.4230,12.3206,3057,0,0
295.4478,12.3206,3057,0,0
295.4726,12.3327,3060,0,0
295.4974,12.3488,3064,0,0
295.5222,12.3206,3057,0,0
295.5470,12.2924,3050,0,0
295.5718,12.3730,3070,0,0
295.5966,12.3206,3057,0,0
295.6214,12.3085,3054,0,0
295.6462,12.3287,3059,0,0
295.6710,12.2844,3048,0,0
295.6958,12.3166,3056,0,0
295.7206,12.3529,3065,0,0
295.7454,12.2924,3050,0,0
295.7702,12.3327,3060,0,0
295.7950,12.3730,3070,0,0
295.8198,12.3126,3055,0,0
295.8446,12.3287,3059,0,0
295.8694,12.3126,3055,0,0
295.8942,12.3448,3063,0,0
295.9190,12.3166,3056,0,0
295.9438,12.3166,3056,0,0
295.9686,12.3206,3057,0,0
295.9934,12.3126,3055,0,0
296.0182,12.3448,3063,0,0
296.0431,12.3408,3062,0,0
296.0678,12.3126,3055,0,0
296.0927,12.3529,3065,0,0
296.1175,12.2924,3050,0,0
296.1422,12.3206,3057,0,0
296.1671,12.3287,3059,0,0
296.1919,12.2844,3048,0,0
296.2167,12.2924,3050,0,0
296.2415,12.3488,3064,0,0
296.2663,12.3529,3065,0,0
296.2911,12.3408,3062,0,0
296.3159,12.3206,3057,0,0
296.3407,12.3488,3064,0,0
296.3655,12.3005,3052,0,0
296.3903,12.3166,3056,0,0
296.4151,12.3126,3055,0,0
296.4399,12.3085,3054,0,0
296.4647,12.3166,3056,0,0
296.4895,12.3126,3055,0,0
296.5143,12.3287,3059,0,0
296.5391,12.3126,3055,0,0
296.5639,12.3206,3057,0,0
296.5887,12.3247,3058,0,0
296.6135,12.3529,3065,0,0
296.6383,12.3005,3052,0,0
296.6631,12.3247,3058,0,0
296.6879,12.3247,3058,0,0
296.7127,12.3569,3066,0,0
296.7375,12.3045,3053,0,0
296.7623,12.3126,3055,0,0
296.7871,12.3206,3057,0,0
296.8119,12.3206,3057,0,0
296.8367,12.3166,3056,0,0
296.8615,12.3247,3058,0,0
296.8863,12.3206,3057,0,0
296.9111,12.3488,3064,0,0
296.9359,12.2763,3046,0,0
296.9608,12.2803,3047,0,0
296.9855,12.3488,3064,0,0
297.0103,12.2844,3048,0,0
297.0352,12.3005,3052,0,0
297.0599,12.3488,3064,0,0
297.0847,12.3287,3059,0,0
297.1096,12.3166,3056,0,0
297.1344,12.3488,3064,0,0
297.1591,12.3206,3057,0,0
297.1840,12.3206,3057,0,0
297.2088,12.3005,3052,0,0
297.2336,12.2965,3051,0,0
297.2584,12.3529,3065,0,0
297.2832,12.3287,3059,0,0
297.3080,12.3488,3064,0,0
297.3328,12.3206,3057,0,0
297.3576,12.2965,3051,0,0
297.3824,12.2844,3048,0,0
297.4072,12.3085,3054,0,0
297.4320,12.3569,3066,0,0
297.4568,12.2924,3050,0,0
297.4816,12.3206,3057,0,0
297.5064,12.3005,3052,0,0
297.5312,12.3085,3054,0,0
297.5560,12.3609,3067,0,0
297.5808,12.3287,3059,0,0
297.6056,12.2844,3048,0,0
297.6304,12.3529,3065,0,0
297.6552,12.3529,3065,0,0
297.6800,12.3126,3055,0,0
297.7048,12.3488,3064,0,0
297.7296,12.3287,3059,0,0
297.7544,12.2924,3050,0,0
297.7792,12.3488,3064,0,0
297.8040,12.3529,3065,0,0
297.8288,12.2763,3046,0,0
297.8536,12.3206,3057,0,0
297.8784,12.3327,3060,0,0
297.9032,12.3126,3055,0,0
297.9280,12.3206,3057,0,0
297.9529,12.3730,3070,0,0
297.9776,12.3166,3056,0,0
298.0024,12.2924,3050,0,0
298.0273,12.3166,3056,0,0
298.0521,12.3126,3055,0,0
298.0768,12.2844,3048,0,0
298.1017,12.2844,3048,0,0
298.1265,12.3247,3058,0,0
298.1513,12.3206,3057,0,0
298.1761,12.2924,3050,0,0
298.2009,12.3488,3064,0,0
298.2257,12.3287,3059,0,0
298.2505,12.2844,3048,0,0
298.2753,12.3327,3060,0,0
298.3001,12.3126,3055,0,0
298.3249,12.3206,3057,0,0
298.3497,12.3287,3059,0,0
298.3745,12.3126,3055,0,0
298.3993,12.3166,3056,0,0
298.4241,12.3488,3064,0,0
298.4489,12.3287,3059,0,0
298.4737,12.3045,3053,0,0
298.4985,12.3488,3064,0,0
298.5233,12.3609,3067,0,0
298.5481,12.2924,3050,0,0
298.5729,12.2924,3050,0,0
298.5977,12.3771,3071,0,0
298.6225,12.3206,3057,0,0
298.6473,12.3085,3054,0,0
298.6721,12.3166,3056,0,0
298.6969,12.3488,3064,0,0
298.7217,12.2844,3048,0,0
298.7465,12.3045,3053,0,0
298.7713,12.3529,3065,0,0
298.7961,12.2844,3048,0,0
298.8209,12.3569,3066,0,0
298.8457,12.3488,3064,0,0
298.8705,12.3206,3057,0,0
298.8953,12.3488,3064,0,0
298.9201,12.3206,3057,0,0
298.9449,12.2924,3050,0,0
298.9698,12.3126,3055,0,0
298.9945,12.3166,3056,0,0
299.0193,12.3327,3060,0,0
299.0442,12.3247,3058,0,0
299.0690,12.3247,3058,0,0
299.0937,12.3488,3064,0,0
299.1186,12.3206,3057,0,0
299.1434,12.3085,3054,0,0
299.1682,12.3287,3059,0,0
299.1930,12.3126,3055,0,0
299.2178,12.3166,3056,0,0
299.2426,12.3609,3067,0,0
299.2674,12.2844,3048,0,0
299.2922,12.3085,3054,0,0
299.3170,12.3529,3065,0,0
299.3418,12.3206,3057,0,0
299.3666,12.3166,3056,0,0
299.3914,12.3488,3064,0,0
299.4162,12.3085,3054,0,0
299.4410,12.3126,3055,0,0
299.4658,12.3166,3056,0,0
299.4906,12.2844,3048,0,0
299.5154,12.3206,3057,0,0
299.5402,12.3206,3057,0,0
299.5650,12.3488,3064,0,0
299.5898,12.3206,3057,0,0
299.6146,12.3206,3057,0,0
299.6394,12.3327,3060,0,0
299.6642,12.2924,3050,0,0
299.6890,12.3529,3065,0,0
299.7138,12.3206,3057,0,0
299.7386,12.2844,3048,0,0
299.7634,12.3327,3060,0,0
299.7882,12.3488,3064,0,0
299.8130,12.3287,3059,0,0
299.8378,12.2521,3040,0,0
299.8626,12.3085,3054,0,0
299.8875,12.3287,3059,0,0
299.9122,12.3488,3064,0,0
299.9370,12.3206,3057,0,0
299.9619,12.3488,3064,0,0
299.9867,12.3206,3057,0,0
300.0114,12.3166,3056,0,0
300.0363,12.2844,3048,0,0
300.0611,12.3166,3056,0,0
300.0858,12.3488,3064,0,0
300.1107,12.3327,3060,0,0
300.1355,12.3206,3057,0,0
300.1603,12.3005,3052,0,0
300.1851,12.3005,3052,0,0
300.2099,12.3327,3060,0,0
300.2347,12.3287,3059,0,0
300.2595,12.3206,3057,0,0
300.2843,12.3609,3067,0,0
300.3091,12.3126,3055,0,0
300.3339,12.3529,3065,0,0
300.3587,12.3206,3057,0,0
300.3835,12.3529,3065,0,0
300.4083,12.3247,3058,0,0
300.4331,12.3126,3055,0,0
300.4579,12.3529,3065,0,0
300.4827,12.3085,3054,0,0
300.5075,12.3005,3052,0,0
300.5323,12.3287,3059,0,0
300.5571,12.3569,3066,0,0
300.5819,12.3126,3055,0,0
300.6067,12.3287,3059,0,0
300.6315,12.3126,3055,0,0
300.6563,12.3206,3057,0,0
300.6811,12.3247,3058,0,0
300.7059,12.3529,3065,0,0
300.7307,12.3448,3063,0,0
300.7555,12.3287,3059,0,0
300.7803,12.3488,3064,0,0
