# fixture_id,F3FD7C
# firmware,net-bench-2026-08-06.4
# capture_id,9
# pulse_ms,35
# requested_conversion_hz,80000
# vsns_sample_hz,40318.875
# d7s_sample_hz,40318.875
# radio_quiet,true
t_ms,bank_v,vsns_mv,d7s_mv,gate_command
-10.3177,5.0500,1253,0,0
-10.2929,5.0540,1254,0,0
-10.2681,5.0379,1250,0,0
-10.2433,5.0782,1260,0,0
-10.2185,5.0782,1260,0,0
-10.1937,5.0742,1259,0,0
-10.1689,5.0862,1262,0,0
-10.1441,5.0943,1264,0,0
-10.1193,5.0782,1260,0,0
-10.0945,5.1064,1267,0,0
-10.0697,5.0943,1264,0,0
-10.0449,5.0943,1264,0,0
-10.0201,5.0782,1260,0,0
-9.9953,5.0822,1261,0,0
-9.9705,5.0782,1260,0,0
-9.9457,5.0862,1262,0,0
-9.9209,5.0983,1265,0,0
-9.8961,5.0500,1253,0,0
-9.8713,5.0943,1264,0,0
-9.8465,5.1265,1272,0,0
-9.8217,5.0943,1264,0,0
-9.7969,5.0540,1254,0,0
-9.7721,5.0943,1264,0,0
-9.7473,5.0862,1262,0,0
-9.7225,5.0742,1259,0,0
-9.6977,5.1064,1267,0,0
-9.6729,5.0661,1257,0,0
-9.6481,5.0943,1264,0,0
-9.6233,5.0862,1262,0,0
-9.5985,5.0862,1262,0,0
-9.5737,5.1064,1267,0,0
-9.5489,5.0943,1264,0,0
-9.5241,5.0782,1260,0,0
-9.4993,5.0742,1259,0,0
-9.4745,5.0742,1259,0,0
-9.4497,5.0903,1263,0,0
-9.4249,5.0782,1260,0,0
-9.4001,5.0782,1260,0,0
-9.3753,5.0903,1263,0,0
-9.3505,5.0943,1264,0,0
-9.3257,5.0782,1260,0,0
-9.3009,5.0661,1257,0,0
-9.2761,5.0822,1261,0,0
-9.2513,5.0782,1260,0,0
-9.2264,5.0580,1255,0,0
-9.2016,5.0782,1260,0,0
-9.1768,5.1265,1272,0,0
-9.1520,5.0661,1257,0,0
-9.1272,5.0943,1264,0,0
-9.1024,5.0943,1264,0,0
-9.0776,5.0782,1260,0,0
-9.0528,5.0742,1259,0,0
-9.0280,5.0943,1264,0,0
-9.0032,5.1064,1267,0,0
-8.9784,5.0742,1259,0,0
-8.9536,5.0500,1253,0,0
-8.9288,5.0943,1264,0,0
-8.9040,5.1104,1268,0,0
-8.8792,5.0983,1265,0,0
-8.8544,5.0862,1262,0,0
-8.8296,5.0661,1257,0,0
-8.8048,5.0943,1264,0,0
-8.7800,5.0822,1261,0,0
-8.7552,5.0983,1265,0,0
-8.7304,5.0943,1264,0,0
-8.7056,5.0782,1260,0,0
-8.6808,5.0782,1260,0,0
-8.6560,5.0782,1260,0,0
-8.6312,5.0943,1264,0,0
-8.6064,5.0903,1263,0,0
-8.5816,5.0862,1262,0,0
-8.5568,5.1024,1266,0,0
-8.5320,5.0983,1265,0,0
-8.5072,5.0943,1264,0,0
-8.4824,5.0742,1259,0,0
-8.4576,5.0943,1264,0,0
-8.4328,5.1265,1272,0,0
-8.4080,5.0862,1262,0,0
-8.3832,5.0862,1262,0,0
-8.3584,5.0742,1259,0,0
-8.3336,5.0701,1258,0,0
-8.3088,5.0782,1260,0,0
-8.2840,5.0701,1258,0,0
-8.2592,5.1145,1269,0,0
-8.2344,5.0742,1259,0,0
-8.2096,5.0661,1257,0,0
-8.1848,5.1265,1272,0,0
-8.1600,5.0943,1264,0,0
-8.1351,5.0742,1259,0,0
-8.1103,5.0862,1262,0,0
-8.0855,5.0943,1264,0,0
-8.0607,5.0782,1260,0,0
-8.0359,5.0862,1262,0,0
-8.0111,5.0782,1260,0,0
-7.9863,5.0903,1263,0,0
-7.9615,5.0379,1250,0,0
-7.9367,5.0661,1257,0,0
-7.9119,5.0701,1258,0,0
-7.8871,5.0943,1264,0,0
-7.8623,5.0943,1264,0,0
-7.8375,5.0903,1263,0,0
-7.8127,5.0500,1253,0,0
-7.7879,5.0661,1257,0,0
-7.7631,5.0862,1262,0,0
-7.7383,5.0782,1260,0,0
-7.7135,5.0862,1262,0,0
-7.6887,5.0661,1257,0,0
-7.6639,5.0822,1261,0,0
-7.6391,5.1104,1268,0,0
-7.6143,5.0862,1262,0,0
-7.5895,5.0701,1258,0,0
-7.5647,5.0742,1259,0,0
-7.5399,5.0782,1260,0,0
-7.5151,5.0782,1260,0,0
-7.4903,5.0903,1263,0,0
-7.4655,5.1104,1268,0,0
-7.4407,5.0822,1261,0,0
-7.4159,5.0661,1257,0,0
-7.3911,5.0943,1264,0,0
-7.3663,5.0862,1262,0,0
-7.3415,5.0822,1261,0,0
-7.3167,5.0822,1261,0,0
-7.2919,5.0983,1265,0,0
-7.2671,5.0782,1260,0,0
-7.2423,5.0943,1264,0,0
-7.2175,5.0661,1257,0,0
-7.1927,5.0862,1262,0,0
-7.1679,5.0943,1264,0,0
-7.1431,5.0500,1253,0,0
-7.1183,5.1024,1266,0,0
-7.0935,5.0379,1250,0,0
-7.0686,5.0782,1260,0,0
-7.0438,5.1064,1267,0,0
-7.0190,5.0943,1264,0,0
-6.9942,5.0782,1260,0,0
-6.9694,5.0983,1265,0,0
-6.9446,5.0983,1265,0,0
-6.9198,5.1064,1267,0,0
-6.8950,5.0862,1262,0,0
-6.8702,5.0943,1264,0,0
-6.8454,5.0983,1265,0,0
-6.8206,5.0822,1261,0,0
-6.7958,5.0983,1265,0,0
-6.7710,5.0943,1264,0,0
-6.7462,5.0943,1264,0,0
-6.7214,5.0903,1263,0,0
-6.6966,5.0822,1261,0,0
-6.6718,5.0742,1259,0,0
-6.6470,5.0742,1259,0,0
-6.6222,5.0500,1253,0,0
-6.5974,5.0701,1258,0,0
-6.5726,5.0782,1260,0,0
-6.5478,5.0943,1264,0,0
-6.5230,5.0983,1265,0,0
-6.4982,5.0862,1262,0,0
-6.4734,5.0943,1264,0,0
-6.4486,5.0903,1263,0,0
-6.4238,5.0983,1265,0,0
-6.3990,5.0903,1263,0,0
-6.3742,5.0379,1250,0,0
-6.3494,5.0943,1264,0,0
-6.3246,5.0782,1260,0,0
-6.2998,5.0379,1250,0,0
-6.2750,5.0782,1260,0,0
-6.2502,5.0862,1262,0,0
-6.2254,5.0983,1265,0,0
-6.2006,5.0983,1265,0,0
-6.1758,5.0782,1260,0,0
-6.1510,5.0782,1260,0,0
-6.1262,5.0661,1257,0,0
-6.1014,5.0943,1264,0,0
-6.0766,5.1225,1271,0,0
-6.0518,5.0782,1260,0,0
-6.0270,5.0742,1259,0,0
-6.0022,5.0862,1262,0,0
-5.9773,5.0983,1265,0,0
-5.9525,5.0903,1263,0,0
-5.9277,5.0782,1260,0,0
-5.9029,5.1104,1268,0,0
-5.8781,5.0903,1263,0,0
-5.8533,5.0782,1260,0,0
-5.8285,5.1064,1267,0,0
-5.8037,5.0782,1260,0,0
-5.7789,5.0661,1257,0,0
-5.7541,5.1225,1271,0,0
-5.7293,5.1104,1268,0,0
-5.7045,5.0661,1257,0,0
-5.6797,5.0822,1261,0,0
-5.6549,5.0943,1264,0,0
-5.6301,5.0782,1260,0,0
-5.6053,5.1225,1271,0,0
-5.5805,5.0500,1253,0,0
-5.5557,5.0822,1261,0,0
-5.5309,5.0862,1262,0,0
-5.5061,5.0862,1262,0,0
-5.4813,5.0661,1257,0,0
-5.4565,5.0782,1260,0,0
-5.4317,5.0903,1263,0,0
-5.4069,5.0903,1263,0,0
-5.3821,5.0782,1260,0,0
-5.3573,5.0983,1265,0,0
-5.3325,5.0379,1250,0,0
-5.3077,5.1024,1266,0,0
-5.2829,5.0540,1254,0,0
-5.2581,5.0822,1261,0,0
-5.2333,5.0822,1261,0,0
-5.2085,5.0983,1265,0,0
-5.1837,5.0661,1257,0,0
-5.1589,5.0903,1263,0,0
-5.1341,5.0943,1264,0,0
-5.1093,5.0903,1263,0,0
-5.0845,5.0903,1263,0,0
-5.0597,5.0903,1263,0,0
-5.0349,5.0943,1264,0,0
-5.0101,5.0822,1261,0,0
-4.9853,5.1104,1268,0,0
-4.9605,5.0983,1265,0,0
-4.9357,5.0822,1261,0,0
-4.9109,5.0822,1261,0,0
-4.8860,5.1225,1271,0,0
-4.8612,5.0782,1260,0,0
-4.8364,5.0782,1260,0,0
-4.8116,5.0500,1253,0,0
-4.7868,5.0742,1259,0,0
-4.7620,5.0862,1262,0,0
-4.7372,5.0419,1251,0,0
-4.7124,5.0742,1259,0,0
-4.6876,5.0862,1262,0,0
-4.6628,5.0540,1254,0,0
-4.6380,5.0782,1260,0,0
-4.6132,5.0782,1260,0,0
-4.5884,5.1064,1267,0,0
-4.5636,5.0742,1259,0,0
-4.5388,5.0943,1264,0,0
-4.5140,5.0983,1265,0,0
-4.4892,5.0943,1264,0,0
-4.4644,5.1024,1266,0,0
-4.4396,5.0943,1264,0,0
-4.4148,5.0742,1259,0,0
-4.3900,5.0782,1260,0,0
-4.3652,5.0862,1262,0,0
-4.3404,5.0943,1264,0,0
-4.3156,5.0701,1258,0,0
-4.2908,5.0782,1260,0,0
-4.2660,5.0983,1265,0,0
-4.2412,5.0782,1260,0,0
-4.2164,5.0943,1264,0,0
-4.1916,5.0943,1264,0,0
-4.1668,5.0742,1259,0,0
-4.1420,5.0862,1262,0,0
-4.1172,5.0742,1259,0,0
-4.0924,5.0983,1265,0,0
-4.0676,5.0943,1264,0,0
-4.0428,5.0903,1263,0,0
-4.0180,5.1064,1267,0,0
-3.9932,5.0822,1261,0,0
-3.9684,5.0862,1262,0,0
-3.9436,5.0782,1260,0,0
-3.9188,5.0943,1264,0,0
-3.8940,5.0943,1264,0,0
-3.8692,5.0379,1250,0,0
-3.8444,5.0701,1258,0,0
-3.8196,5.0862,1262,0,0
-3.7947,5.0742,1259,0,0
-3.7699,5.1104,1268,0,0
-3.7451,5.0701,1258,0,0
-3.7203,5.0500,1253,0,0
-3.6955,5.0862,1262,0,0
-3.6707,5.0983,1265,0,0
-3.6459,5.1024,1266,0,0
-3.6211,5.0943,1264,0,0
-3.5963,5.1024,1266,0,0
-3.5715,5.0742,1259,0,0
-3.5467,5.0701,1258,0,0
-3.5219,5.0943,1264,0,0
-3.4971,5.0862,1262,0,0
-3.4723,5.0862,1262,0,0
-3.4475,5.0701,1258,0,0
-3.4227,5.0983,1265,0,0
-3.3979,5.1104,1268,0,0
-3.3731,5.0782,1260,0,0
-3.3483,5.1024,1266,0,0
-3.3235,5.0862,1262,0,0
-3.2987,5.0661,1257,0,0
-3.2739,5.0943,1264,0,0
-3.2491,5.0782,1260,0,0
-3.2243,5.0983,1265,0,0
-3.1995,5.0782,1260,0,0
-3.1747,5.0903,1263,0,0
-3.1499,5.0742,1259,0,0
-3.1251,5.0862,1262,0,0
-3.1003,5.0782,1260,0,0
-3.0755,5.0379,1250,0,0
-3.0507,5.0983,1265,0,0
-3.0259,5.0661,1257,0,0
-3.0011,5.0782,1260,0,0
-2.9763,5.0782,1260,0,0
-2.9515,5.0862,1262,0,0
-2.9267,5.1064,1267,0,0
-2.9019,5.0943,1264,0,0
-2.8771,5.0943,1264,0,0
-2.8523,5.0943,1264,0,0
-2.8275,5.0983,1265,0,0
-2.8027,5.0983,1265,0,0
-2.7779,5.0903,1263,0,0
-2.7531,5.1104,1268,0,0
-2.7283,5.0862,1262,0,0
-2.7034,5.0862,1262,0,0
-2.6786,5.0943,1264,0,0
-2.6538,5.0903,1263,0,0
-2.6290,5.0742,1259,0,0
-2.6042,5.0903,1263,0,0
-2.5794,5.0701,1258,0,0
-2.5546,5.0661,1257,0,0
-2.5298,5.0943,1264,0,0
-2.5050,5.0943,1264,0,0
-2.4802,5.0822,1261,0,0
-2.4554,5.0943,1264,0,0
-2.4306,5.0782,1260,0,0
-2.4058,5.0742,1259,0,0
-2.3810,5.0500,1253,0,0
-2.3562,5.0701,1258,0,0
-2.3314,5.0943,1264,0,0
-2.3066,5.0983,1265,0,0
-2.2818,5.0943,1264,0,0
-2.2570,5.0782,1260,0,0
-2.2322,5.0943,1264,0,0
-2.2074,5.1104,1268,0,0
-2.1826,5.0701,1258,0,0
-2.1578,5.1265,1272,0,0
-2.1330,5.0661,1257,0,0
-2.1082,5.0782,1260,0,0
-2.0834,5.0661,1257,0,0
-2.0586,5.1024,1266,0,0
-2.0338,5.0782,1260,0,0
-2.0090,5.0782,1260,0,0
-1.9842,5.0862,1262,0,0
-1.9594,5.0782,1260,0,0
-1.9346,5.0903,1263,0,0
-1.9098,5.0742,1259,0,0
-1.8850,5.0822,1261,0,0
-1.8602,5.0661,1257,0,0
-1.8354,5.0862,1262,0,0
-1.8106,5.0701,1258,0,0
-1.7858,5.0943,1264,0,0
-1.7610,5.0742,1259,0,0
-1.7362,5.0782,1260,0,0
-1.7114,5.0862,1262,0,0
-1.6866,5.0943,1264,0,0
-1.6618,5.0983,1265,0,0
-1.6370,5.0983,1265,0,0
-1.6121,5.1225,1271,0,0
-1.5873,5.0661,1257,0,0
-1.5625,5.0379,1250,0,0
-1.5377,5.0983,1265,0,0
-1.5129,5.0943,1264,0,0
-1.4881,5.1104,1268,0,0
-1.4633,5.0983,1265,0,0
-1.4385,5.0943,1264,0,0
-1.4137,5.0943,1264,0,0
-1.3889,5.0782,1260,0,0
-1.3641,5.0862,1262,0,0
-1.3393,5.0782,1260,0,0
-1.3145,5.0943,1264,0,0
-1.2897,5.0782,1260,0,0
-1.2649,5.0862,1262,0,0
-1.2401,5.0742,1259,0,0
-1.2153,5.0661,1257,0,0
-1.1905,5.0661,1257,0,0
-1.1657,5.0742,1259,0,0
-1.1409,5.0862,1262,0,0
-1.1161,5.0943,1264,0,0
-1.0913,5.0782,1260,0,0
-1.0665,5.0862,1262,0,0
-1.0417,5.0822,1261,0,0
-1.0169,5.1225,1271,0,0
-0.9921,5.0862,1262,0,0
-0.9673,5.1024,1266,0,0
-0.9425,5.0742,1259,0,0
-0.9177,5.0742,1259,0,0
-0.8929,5.1024,1266,0,0
-0.8681,5.0943,1264,0,0
-0.8433,5.0862,1262,0,0
-0.8185,5.0782,1260,0,0
-0.7937,5.0943,1264,0,0
-0.7689,5.0379,1250,0,0
-0.7441,5.1225,1271,0,0
-0.7193,5.0782,1260,0,0
-0.6945,5.1064,1267,0,0
-0.6697,5.0782,1260,0,0
-0.6449,5.0298,1248,0,0
-0.6201,5.0822,1261,0,0
-0.5953,5.0862,1262,0,0
-0.5705,5.1145,1269,0,0
-0.5457,5.0943,1264,0,0
-0.5208,5.0943,1264,0,0
-0.4960,5.0943,1264,0,0
-0.4712,5.0822,1261,0,0
-0.4464,5.0862,1262,0,0
-0.4216,5.0943,1264,0,0
-0.3968,5.0862,1262,0,0
-0.3720,5.0862,1262,0,0
-0.3472,5.0782,1260,0,0
-0.3224,5.0862,1262,0,0
-0.2976,5.0983,1265,0,0
-0.2728,5.0742,1259,0,0
-0.2480,5.0782,1260,0,0
-0.2232,5.0862,1262,0,0
-0.1984,5.0661,1257,0,0
-0.1736,5.0943,1264,0,0
-0.1488,5.0782,1260,0,0
-0.1240,5.0943,1264,0,0
-0.0992,5.0903,1263,0,0
-0.0744,5.0782,1260,0,0
-0.0496,5.0742,1259,0,0
-0.0248,5.0782,1260,0,0
0.0000,5.0782,1260,0,1
0.0248,5.0540,1254,0,1
0.0496,5.1024,1266,3184,1
0.0744,5.1104,1268,3183,1
0.0992,5.0862,1262,3183,1
0.1240,5.0782,1260,3181,1
0.1488,5.0379,1250,3185,1
0.1736,5.0782,1260,3183,1
0.1984,5.0822,1261,3178,1
0.2232,5.1064,1267,3186,1
0.2480,5.0903,1263,3185,1
0.2728,5.0943,1264,3180,1
0.2976,5.0862,1262,3180,1
0.3224,5.0903,1263,3185,1
0.3472,5.0862,1262,3186,1
0.3720,5.1064,1267,3185,1
0.3968,5.0943,1264,3183,1
0.4216,5.0500,1253,3184,1
0.4464,5.0943,1264,3186,1
0.4712,5.0661,1257,3185,1
0.4960,5.1306,1273,3184,1
0.5208,5.0943,1264,3186,1
0.5457,5.0419,1251,3186,1
0.5705,5.1064,1267,3181,1
0.5953,5.1265,1272,3183,1
0.6201,5.0943,1264,3186,1
0.6449,5.0943,1264,3182,1
0.6697,5.1064,1267,3184,1
0.6945,5.0943,1264,3189,1
0.7193,5.0943,1264,3188,1
0.7441,5.1064,1267,3185,1
0.7689,5.0822,1261,3178,1
0.7937,5.1306,1273,3181,1
0.8185,5.0983,1265,3180,1
0.8433,5.0943,1264,3183,1
0.8681,5.0903,1263,3185,1
0.8929,5.0097,1243,3186,1
0.9177,5.0983,1265,3183,1
0.9425,5.0782,1260,3184,1
0.9673,5.0983,1265,3185,1
0.9921,5.0862,1262,3185,1
1.0169,5.0943,1264,3185,1
1.0417,5.0742,1259,3186,1
1.0665,5.1265,1272,3185,1
1.0913,5.0943,1264,3185,1
1.1161,5.1064,1267,3185,1
1.1409,5.0943,1264,3185,1
1.1657,5.0943,1264,3183,1
1.1905,5.0782,1260,3186,1
1.2153,5.1024,1266,3184,1
1.2401,5.0862,1262,3185,1
1.2649,5.0742,1259,3185,1
1.2897,5.1265,1272,3185,1
1.3145,5.1265,1272,3185,1
1.3393,5.0742,1259,3187,1
1.3641,5.0943,1264,3186,1
1.3889,5.0661,1257,3183,1
1.4137,5.0862,1262,3186,1
1.4385,5.1104,1268,3185,1
1.4633,5.0943,1264,3185,1
1.4881,5.1145,1269,3183,1
1.5129,5.0782,1260,3185,1
1.5377,5.0943,1264,3183,1
1.5625,5.0943,1264,3184,1
1.5873,5.1064,1267,3180,1
1.6121,5.1064,1267,3185,1
1.6370,5.0943,1264,3187,1
1.6618,5.0943,1264,3183,1
1.6866,5.0943,1264,3185,1
1.7114,5.1145,1269,3187,1
1.7362,5.1265,1272,3184,1
1.7610,5.0379,1250,3186,1
1.7858,5.0943,1264,3183,1
1.8106,5.0943,1264,3183,1
1.8354,5.0983,1265,3186,1
1.8602,5.0943,1264,3186,1
1.8850,5.0862,1262,3184,1
1.9098,5.0983,1265,3187,1
1.9346,5.0782,1260,3186,1
1.9594,5.0983,1265,3183,1
1.9842,5.0943,1264,3189,1
2.0090,5.1104,1268,3185,1
2.0338,5.0862,1262,3184,1
2.0586,5.1225,1271,3185,1
2.0834,5.1024,1266,3184,1
2.1082,5.1145,1269,3185,1
2.1330,5.1104,1268,3183,1
2.1578,5.0862,1262,3183,1
2.1826,5.1145,1269,3185,1
2.2074,5.0983,1265,3186,1
2.2322,5.1024,1266,3189,1
2.2570,5.0782,1260,3185,1
2.2818,5.1265,1272,3186,1
2.3066,5.1064,1267,3186,1
2.3314,5.0822,1261,3189,1
2.3562,5.1346,1274,3185,1
2.3810,5.0862,1262,3180,1
2.4058,5.0943,1264,3185,1
2.4306,5.0943,1264,3185,1
2.4554,5.0822,1261,3189,1
2.4802,5.0983,1265,3186,1
2.5050,5.0661,1257,3185,1
2.5298,5.0943,1264,3186,1
2.5546,5.1104,1268,3184,1
2.5794,5.0983,1265,3183,1
2.6042,5.0903,1263,3189,1
2.6290,5.0943,1264,3185,1
2.6538,5.0983,1265,3184,1
2.6786,5.0782,1260,3189,1
2.7034,5.1104,1268,3185,1
2.7283,5.1265,1272,3185,1
2.7531,5.1024,1266,3185,1
2.7779,5.0943,1264,3186,1
2.8027,5.1145,1269,3184,1
2.8275,5.0782,1260,3185,1
2.8523,5.0983,1265,3186,1
2.8771,5.0862,1262,3185,1
2.9019,5.0862,1262,3185,1
2.9267,5.1064,1267,3186,1
2.9515,5.0943,1264,3185,1
2.9763,5.0943,1264,3189,1
3.0011,5.0782,1260,3186,1
3.0259,5.1265,1272,3185,1
3.0507,5.0782,1260,3185,1
3.0755,5.0782,1260,3185,1
3.1003,5.0782,1260,3187,1
3.1251,5.0943,1264,3184,1
3.1499,5.0943,1264,3185,1
3.1747,5.0822,1261,3179,1
3.1995,5.0943,1264,3187,1
3.2243,5.0862,1262,3187,1
3.2491,5.0903,1263,3183,1
3.2739,5.0983,1265,3179,1
3.2987,5.1064,1267,3185,1
3.3235,5.1064,1267,3189,1
3.3483,5.0943,1264,3185,1
3.3731,5.0661,1257,3184,1
3.3979,5.0742,1259,3189,1
3.4227,5.1104,1268,3185,1
3.4475,5.0943,1264,3185,1
3.4723,5.0742,1259,3189,1
3.4971,5.0822,1261,3184,1
3.5219,5.0903,1263,3185,1
3.5467,5.0782,1260,3184,1
3.5715,5.0983,1265,3186,1
3.5963,5.0661,1257,3186,1
3.6211,5.0862,1262,3185,1
3.6459,5.0862,1262,3183,1
3.6707,5.0661,1257,3186,1
3.6955,5.0782,1260,3189,1
3.7203,5.0782,1260,3186,1
3.7451,5.0822,1261,3183,1
3.7699,5.0379,1250,3180,1
3.7947,5.0862,1262,3184,1
3.8196,5.0903,1263,3185,1
3.8444,5.0943,1264,3183,1
3.8692,5.0983,1265,3185,1
3.8940,5.0943,1264,3189,1
3.9188,5.0983,1265,3185,1
3.9436,5.1225,1271,3183,1
3.9684,5.1104,1268,3175,1
3.9932,5.1064,1267,3186,1
4.0180,5.0943,1264,3189,1
4.0428,5.1225,1271,3185,1
4.0676,5.0983,1265,3185,1
4.0924,5.0943,1264,3186,1
4.1172,5.0943,1264,3185,1
4.1420,5.0338,1249,3189,1
4.1668,5.0419,1251,3189,1
4.1916,5.0943,1264,3185,1
4.2164,5.0742,1259,3183,1
4.2412,5.0862,1262,3185,1
4.2660,5.0822,1261,3180,1
4.2908,4.9815,1236,3188,1
4.3156,5.1104,1268,3186,1
4.3404,5.0782,1260,3183,1
4.3652,5.0338,1249,3186,1
4.3900,5.0943,1264,3186,1
4.4148,5.0661,1257,3185,1
4.4396,5.0822,1261,3186,1
4.4644,5.0943,1264,3180,1
4.4892,5.0500,1253,3186,1
4.5140,5.0701,1258,3185,1
4.5388,5.0742,1259,3185,1
4.5636,5.0500,1253,3185,1
4.5884,5.0943,1264,3185,1
4.6132,5.0862,1262,3185,1
4.6380,5.0701,1258,3185,1
4.6628,5.0903,1263,3185,1
4.6876,5.0742,1259,3183,1
4.7124,5.0661,1257,3186,1
4.7372,5.0983,1265,3185,1
4.7620,5.0742,1259,3180,1
4.7868,5.0338,1249,3183,1
4.8116,5.0943,1264,3188,1
4.8364,5.0943,1264,3185,1
4.8612,5.0661,1257,3185,1
4.8860,5.0419,1251,3186,1
4.9109,5.0742,1259,3186,1
4.9357,5.0742,1259,3185,1
4.9605,5.0742,1259,3185,1
4.9853,5.0822,1261,3188,1
5.0101,5.0500,1253,3185,1
5.0349,5.0862,1262,3187,1
5.0597,5.0903,1263,3187,1
5.0845,5.0742,1259,3183,1
5.1093,5.0742,1259,3189,1
5.1341,5.0943,1264,3185,1
5.1589,5.0862,1262,3184,1
5.1837,5.0742,1259,3189,1
5.2085,5.0822,1261,3186,1
5.2333,5.0782,1260,3185,1
5.2581,5.0862,1262,3189,1
5.2829,5.0862,1262,3185,1
5.3077,5.0782,1260,3186,1
5.3325,5.0862,1262,3185,1
5.3573,5.0782,1260,3185,1
5.3821,5.0661,1257,3189,1
5.4069,5.0419,1251,3186,1
5.4317,5.0580,1255,3184,1
5.4565,5.0661,1257,3185,1
5.4813,5.0782,1260,3185,1
5.5061,5.0742,1259,3184,1
5.5309,5.0862,1262,3186,1
5.5557,5.0540,1254,3180,1
5.5805,5.0943,1264,3187,1
5.6053,5.0903,1263,3186,1
5.6301,5.0742,1259,3184,1
5.6549,5.0862,1262,3186,1
5.6797,5.0742,1259,3189,1
5.7045,5.0661,1257,3184,1
5.7293,5.0903,1263,3186,1
5.7541,5.0782,1260,3184,1
5.7789,5.0782,1260,3185,1
5.8037,5.0822,1261,3183,1
5.8285,5.0419,1251,3182,1
5.8533,5.0661,1257,3185,1
5.8781,5.0338,1249,3187,1
5.9029,5.0782,1260,3184,1
5.9277,5.0661,1257,3185,1
5.9525,5.0338,1249,3186,1
5.9773,5.0500,1253,3186,1
6.0022,5.0298,1248,3185,1
6.0270,5.0419,1251,3186,1
6.0518,5.0701,1258,3185,1
6.0766,5.0782,1260,3189,1
6.1014,5.0540,1254,3185,1
6.1262,5.0983,1265,3183,1
6.1510,5.0419,1251,3185,1
6.1758,5.0661,1257,3185,1
6.2006,5.0782,1260,3183,1
6.2254,5.0218,1246,3185,1
6.2502,5.0742,1259,3189,1
6.2750,5.0782,1260,3183,1
6.2998,5.0379,1250,3185,1
6.3246,5.0943,1264,3189,1
6.3494,5.0298,1248,3181,1
6.3742,5.0661,1257,3186,1
6.3990,5.0782,1260,3186,1
6.4238,5.0338,1249,3185,1
6.4486,5.0500,1253,3183,1
6.4734,5.0862,1262,3185,1
6.4982,5.0742,1259,3189,1
6.5230,5.0822,1261,3185,1
6.5478,5.0661,1257,3186,1
6.5726,5.0298,1248,3189,1
6.5974,5.0661,1257,3189,1
6.6222,5.0298,1248,3187,1
6.6470,5.0338,1249,3183,1
6.6718,5.0661,1257,3185,1
6.6966,5.0379,1250,3185,1
6.7214,5.0338,1249,3184,1
6.7462,5.0782,1260,3187,1
6.7710,5.0338,1249,3180,1
6.7958,5.0379,1250,3189,1
6.8206,5.0419,1251,3185,1
6.8454,5.0379,1250,3186,1
6.8702,5.0419,1251,3189,1
6.8950,5.0742,1259,3189,1
6.9198,5.0379,1250,3185,1
6.9446,5.0379,1250,3189,1
6.9694,5.0540,1254,3184,1
6.9942,5.0661,1257,3185,1
7.0190,5.0782,1260,3186,1
7.0438,5.0742,1259,3186,1
7.0686,5.0218,1246,3186,1
7.0935,5.0338,1249,3185,1
7.1183,5.0056,1242,3185,1
7.1431,5.0862,1262,3180,1
7.1679,5.0338,1249,3189,1
7.1927,5.0742,1259,3189,1
7.2175,5.0419,1251,3186,1
7.2423,5.0419,1251,3186,1
7.2671,5.0338,1249,3184,1
7.2919,5.0782,1260,3186,1
7.3167,5.0742,1259,3186,1
7.3415,5.0782,1260,3187,1
7.3663,5.0742,1259,3184,1
7.3911,5.0943,1264,3185,1
7.4159,5.0338,1249,3185,1
7.4407,5.0338,1249,3188,1
7.4655,5.0379,1250,3183,1
7.4903,5.0782,1260,3186,1
7.5151,5.0661,1257,3189,1
7.5399,5.0661,1257,3183,1
7.5647,5.0218,1246,3186,1
7.5895,5.0097,1243,3186,1
7.6143,5.0500,1253,3183,1
7.6391,5.0218,1246,3189,1
7.6639,5.0419,1251,3187,1
7.6887,5.0500,1253,3183,1
7.7135,5.0379,1250,3189,1
7.7383,5.0540,1254,3187,1
7.7631,5.0379,1250,3183,1
7.7879,5.0701,1258,3186,1
7.8127,5.0218,1246,3186,1
7.8375,5.0097,1243,3187,1
7.8623,5.0500,1253,3189,1
7.8871,5.0419,1251,3185,1
7.9119,5.0338,1249,3187,1
7.9367,5.0338,1249,3180,1
7.9615,5.0298,1248,3185,1
7.9863,5.0338,1249,3185,1
8.0111,5.0661,1257,3184,1
8.0359,5.0177,1245,3183,1
8.0607,5.0500,1253,3185,1
8.0855,5.0097,1243,3187,1
8.1103,5.0177,1245,3187,1
8.1351,5.0419,1251,3187,1
8.1600,5.0500,1253,3187,1
8.1848,5.0298,1248,3189,1
8.2096,5.0298,1248,3186,1
8.2344,5.0218,1246,3183,1
8.2592,5.0218,1246,3186,1
8.2840,5.0742,1259,3185,1
8.3088,5.0298,1248,3185,1
8.3336,5.0298,1248,3185,1
8.3584,5.0419,1251,3186,1
8.3832,5.0056,1242,3187,1
8.4080,5.0661,1257,3185,1
8.4328,5.0782,1260,3189,1
8.4576,5.0298,1248,3185,1
8.4824,5.0177,1245,3185,1
8.5072,5.0097,1243,3189,1
8.5320,5.0298,1248,3185,1
8.5568,5.0338,1249,3185,1
8.5816,5.0338,1249,3184,1
8.6064,5.0056,1242,3186,1
8.6312,5.0177,1245,3189,1
8.6560,5.0419,1251,3185,1
8.6808,5.0298,1248,3188,1
8.7056,5.0218,1246,3186,1
8.7304,5.0338,1249,3181,1
8.7552,5.0338,1249,3186,1
8.7800,5.0379,1250,3186,1
8.8048,5.0218,1246,3186,1
8.8296,5.0177,1245,3185,1
8.8544,5.0500,1253,3183,1
8.8792,4.9815,1236,3186,1
8.9040,5.0742,1259,3189,1
8.9288,5.0177,1245,3186,1
8.9536,5.0056,1242,3186,1
8.9784,5.0540,1254,3186,1
9.0032,5.0661,1257,3186,1
9.0280,5.0056,1242,3184,1
9.0528,5.0097,1243,3186,1
9.0776,5.0419,1251,3186,1
9.1024,5.0177,1245,3185,1
9.1272,5.0298,1248,3186,1
9.1520,5.0379,1250,3186,1
9.1768,5.0218,1246,3185,1
9.2016,5.0661,1257,3186,1
9.2264,5.0338,1249,3185,1
9.2513,5.0218,1246,3189,1
9.2761,5.0056,1242,3185,1
9.3009,4.9935,1239,3189,1
9.3257,5.0338,1249,3189,1
9.3505,5.0500,1253,3185,1
9.3753,5.0177,1245,3185,1
9.4001,5.0218,1246,3185,1
9.4249,5.0742,1259,3189,1
9.4497,5.0177,1245,3186,1
9.4745,5.0298,1248,3188,1
9.4993,5.0218,1246,3186,1
9.5241,5.0218,1246,3183,1
9.5489,4.9371,1225,3185,1
9.5737,5.0177,1245,3189,1
9.5985,5.0177,1245,3186,1
9.6233,5.0298,1248,3185,1
9.6481,5.0097,1243,3186,1
9.6729,5.0338,1249,3189,1
9.6977,5.0056,1242,3185,1
9.7225,5.0097,1243,3185,1
9.7473,5.0338,1249,3189,1
9.7721,5.0298,1248,3184,1
9.7969,5.0016,1241,3188,1
9.8217,5.0177,1245,3186,1
9.8465,4.9815,1236,3189,1
9.8713,5.0016,1241,3186,1
9.8961,5.0177,1245,3185,1
9.9209,5.0298,1248,3186,1
9.9457,4.9855,1237,3185,1
9.9705,5.0097,1243,3185,1
9.9953,5.0298,1248,3187,1
10.0201,5.0298,1248,3185,1
10.0449,4.9855,1237,3187,1
10.0697,4.9855,1237,3186,1
10.0945,5.0177,1245,3189,1
10.1193,5.0338,1249,3185,1
10.1441,5.0177,1245,3184,1
10.1689,5.0177,1245,3189,1
10.1937,5.0218,1246,3189,1
10.2185,5.0016,1241,3186,1
10.2433,5.0338,1249,3184,1
10.2681,5.0177,1245,3180,1
10.2929,4.9935,1239,3186,1
10.3177,4.9855,1237,3180,1
10.3426,5.0218,1246,3186,1
10.3674,5.0056,1242,3189,1
10.3922,5.0500,1253,3186,1
10.4170,4.9935,1239,3185,1
10.4418,4.9734,1234,3189,1
10.4666,5.0419,1251,3183,1
10.4914,5.0177,1245,3186,1
10.5162,4.9935,1239,3189,1
10.5410,5.0016,1241,3186,1
10.5658,5.0016,1241,3189,1
10.5906,4.9935,1239,3186,1
10.6154,5.0056,1242,3189,1
10.6402,5.0298,1248,3184,1
10.6650,5.0056,1242,3186,1
10.6898,5.0056,1242,3189,1
10.7146,5.0016,1241,3187,1
10.7394,5.0218,1246,3185,1
10.7642,4.9935,1239,3186,1
10.7890,5.0056,1242,3186,1
10.8138,4.9935,1239,3189,1
10.8386,5.0218,1246,3185,1
10.8634,5.0338,1249,3185,1
10.8882,5.0177,1245,3189,1
10.9130,5.0056,1242,3186,1
10.9378,4.9412,1226,3187,1
10.9626,5.0056,1242,3185,1
10.9874,5.0177,1245,3185,1
11.0122,5.0177,1245,3186,1
11.0370,5.0177,1245,3189,1
11.0618,4.9734,1234,3189,1
11.0866,4.9371,1225,3186,1
11.1114,4.9935,1239,3182,1
11.1362,4.9855,1237,3182,1
11.1610,4.9855,1237,3188,1
11.1858,5.0218,1246,3186,1
11.2106,4.9815,1236,3186,1
11.2354,5.0177,1245,3189,1
11.2602,4.9855,1237,3186,1
11.2850,5.0298,1248,3186,1
11.3098,5.0218,1246,3189,1
11.3346,5.0218,1246,3186,1
11.3594,5.0056,1242,3188,1
11.3842,4.9734,1234,3189,1
11.4090,5.0218,1246,3185,1
11.4339,5.0177,1245,3185,1
11.4587,5.0056,1242,3189,1
11.4835,5.0016,1241,3186,1
11.5083,4.9935,1239,3188,1
11.5331,4.9935,1239,3187,1
11.5579,5.0218,1246,3185,1
11.5827,4.9935,1239,3185,1
11.6075,5.0097,1243,3189,1
11.6323,5.0056,1242,3189,1
11.6571,5.0338,1249,3185,1
11.6819,5.0218,1246,3189,1
11.7067,5.0177,1245,3189,1
11.7315,5.0097,1243,3183,1
11.7563,4.9815,1236,3184,1
11.7811,4.9855,1237,3189,1
11.8059,5.0661,1257,3186,1
11.8307,4.9613,1231,3189,1
11.8555,5.0177,1245,3189,1
11.8803,4.9855,1237,3185,1
11.9051,4.9734,1234,3180,1
11.9299,5.0016,1241,3189,1
11.9547,4.9734,1234,3189,1
11.9795,4.9855,1237,3189,1
12.0043,4.9855,1237,3185,1
12.0291,4.9734,1234,3189,1
12.0539,5.0218,1246,3185,1
12.0787,4.9815,1236,3185,1
12.1035,4.9935,1239,3189,1
12.1283,5.0016,1241,3185,1
12.1531,4.9855,1237,3186,1
12.1779,4.9855,1237,3189,1
12.2027,4.9935,1239,3185,1
12.2275,5.0056,1242,3186,1
12.2523,4.9815,1236,3186,1
12.2771,5.0218,1246,3185,1
12.3019,4.9855,1237,3189,1
12.3267,5.0177,1245,3189,1
12.3515,4.9734,1234,3185,1
12.3763,4.9815,1236,3188,1
12.4011,4.9855,1237,3185,1
12.4259,4.9412,1226,3187,1
12.4507,4.9815,1236,3185,1
12.4755,5.0218,1246,3186,1
12.5003,4.9815,1236,3185,1
12.5252,5.0177,1245,3186,1
12.5500,4.9815,1236,3189,1
12.5748,5.0016,1241,3189,1
12.5996,4.9613,1231,3189,1
12.6244,4.9815,1236,3189,1
12.6492,5.0016,1241,3186,1
12.6740,4.9815,1236,3185,1
12.6988,4.9371,1225,3183,1
12.7236,4.9492,1228,3186,1
12.7484,4.9694,1233,3189,1
12.7732,5.0097,1243,3185,1
12.7980,4.9815,1236,3186,1
12.8228,4.9855,1237,3189,1
12.8476,4.9734,1234,3189,1
12.8724,5.0016,1241,3186,1
12.8972,5.0056,1242,3187,1
12.9220,4.9734,1234,3187,1
12.9468,4.9734,1234,3187,1
12.9716,4.9815,1236,3186,1
12.9964,4.9815,1236,3187,1
13.0212,4.9734,1234,3185,1
13.0460,4.9734,1234,3186,1
13.0708,5.0056,1242,3189,1
13.0956,4.9694,1233,3186,1
13.1204,4.9855,1237,3189,1
13.1452,4.9734,1234,3189,1
13.1700,5.0097,1243,3188,1
13.1948,4.9815,1236,3186,1
13.2196,4.9815,1236,3189,1
13.2444,4.9250,1222,3185,1
13.2692,4.9734,1234,3186,1
13.2940,5.0056,1242,3185,1
13.3188,4.9734,1234,3188,1
13.3436,4.9855,1237,3185,1
13.3684,4.9855,1237,3189,1
13.3932,4.9734,1234,3189,1
13.4180,4.9815,1236,3188,1
13.4428,4.9855,1237,3189,1
13.4676,4.9815,1236,3185,1
13.4924,4.9734,1234,3185,1
13.5172,4.9734,1234,3186,1
13.5420,4.9815,1236,3189,1
13.5668,4.9734,1234,3189,1
13.5916,4.9815,1236,3185,1
13.6165,4.9653,1232,3189,1
13.6413,4.9734,1234,3189,1
13.6661,4.9815,1236,3187,1
13.6909,4.9734,1234,3186,1
13.7157,4.9815,1236,3189,1
13.7405,4.9734,1234,3186,1
13.7653,4.9734,1234,3189,1
13.7901,4.9855,1237,3183,1
13.8149,4.9734,1234,3189,1
13.8397,4.9815,1236,3185,1
13.8645,4.9734,1234,3186,1
13.8893,4.9734,1234,3186,1
13.9141,4.9613,1231,3189,1
13.9389,4.9734,1234,3185,1
13.9637,4.9734,1234,3189,1
13.9885,4.9734,1234,3189,1
14.0133,5.0056,1242,3185,1
14.0381,4.9170,1220,3185,1
14.0629,4.9734,1234,3185,1
14.0877,4.9371,1225,3186,1
14.1125,4.9734,1234,3189,1
14.1373,4.9734,1234,3185,1
14.1621,4.9653,1232,3189,1
14.1869,4.9855,1237,3189,1
14.2117,4.9613,1231,3189,1
14.2365,5.0298,1248,3186,1
14.2613,4.9331,1224,3185,1
14.2861,4.9694,1233,3184,1
14.3109,4.9734,1234,3186,1
14.3357,5.0177,1245,3186,1
14.3605,4.9734,1234,3186,1
14.3853,4.9371,1225,3189,1
14.4101,4.9734,1234,3189,1
14.4349,4.9250,1222,3187,1
14.4597,4.9412,1226,3187,1
14.4845,4.9170,1220,3189,1
14.5093,4.9815,1236,3187,1
14.5341,4.9694,1233,3189,1
14.5589,5.0016,1241,3185,1
14.5837,4.9734,1234,3185,1
14.6085,4.9935,1239,3189,1
14.6333,4.9653,1232,3189,1
14.6581,4.9734,1234,3187,1
14.6829,4.9734,1234,3189,1
14.7078,4.9734,1234,3186,1
14.7326,4.9734,1234,3186,1
14.7574,4.9734,1234,3185,1
14.7822,4.9613,1231,3185,1
14.8070,4.9734,1234,3185,1
14.8318,5.0056,1242,3188,1
14.8566,4.9734,1234,3186,1
14.8814,4.9855,1237,3186,1
14.9062,4.9734,1234,3186,1
14.9310,4.9653,1232,3185,1
14.9558,4.9855,1237,3185,1
14.9806,4.9412,1226,3186,1
15.0054,4.9734,1234,3189,1
15.0302,4.9492,1228,3189,1
15.0550,4.9734,1234,3189,1
15.0798,4.9331,1224,3183,1
15.1046,4.9855,1237,3187,1
15.1294,4.9734,1234,3189,1
15.1542,4.9855,1237,3187,1
15.1790,4.9412,1226,3185,1
15.2038,4.9412,1226,3185,1
15.2286,4.9694,1233,3187,1
15.2534,4.9815,1236,3186,1
15.2782,4.9331,1224,3186,1
15.3030,4.9613,1231,3186,1
15.3278,4.9694,1233,3189,1
15.3526,4.9815,1236,3186,1
15.3774,4.9855,1237,3189,1
15.4022,4.9129,1219,3189,1
15.4270,5.0056,1242,3185,1
15.4518,4.9734,1234,3189,1
15.4766,4.9815,1236,3189,1
15.5014,4.9492,1228,3189,1
15.5262,4.9291,1223,3187,1
15.5510,4.9815,1236,3189,1
15.5758,4.9734,1234,3189,1
15.6006,4.9734,1234,3189,1
15.6254,4.9734,1234,3185,1
15.6502,4.9613,1231,3189,1
15.6750,4.9331,1224,3186,1
15.6998,4.9412,1226,3185,1
15.7246,4.9331,1224,3189,1
15.7494,4.9815,1236,3185,1
15.7743,4.9734,1234,3185,1
15.7991,4.9815,1236,3189,1
15.8239,4.9613,1231,3186,1
15.8487,4.9250,1222,3189,1
15.8735,4.9653,1232,3180,1
15.8983,4.9734,1234,3189,1
15.9231,4.9412,1226,3189,1
15.9479,4.9734,1234,3189,1
15.9727,4.9935,1239,3188,1
15.9975,4.9734,1234,3186,1
16.0223,4.9613,1231,3189,1
16.0471,4.9613,1231,3189,1
16.0719,4.9694,1233,3189,1
16.0967,4.9412,1226,3186,1
16.1215,4.9815,1236,3189,1
16.1463,4.9734,1234,3189,1
16.1711,4.9250,1222,3189,1
16.1959,4.9250,1222,3187,1
16.2207,4.9734,1234,3186,1
16.2455,4.9412,1226,3187,1
16.2703,4.9855,1237,3186,1
16.2951,4.9613,1231,3186,1
16.3199,4.9331,1224,3189,1
16.3447,4.9412,1226,3185,1
16.3695,4.9250,1222,3186,1
16.3943,4.9653,1232,3186,1
16.4191,4.9653,1232,3189,1
16.4439,4.9613,1231,3186,1
16.4687,4.8888,1213,3187,1
16.4935,4.9734,1234,3186,1
16.5183,4.9250,1222,3189,1
16.5431,4.9734,1234,3189,1
16.5679,4.9250,1222,3189,1
16.5927,4.9734,1234,3189,1
16.6175,4.9371,1225,3189,1
16.6423,4.9291,1223,3189,1
16.6671,4.9250,1222,3181,1
16.6919,4.9250,1222,3189,1
16.7167,4.9331,1224,3186,1
16.7415,4.9170,1220,3189,1
16.7663,4.9371,1225,3187,1
16.7911,4.9412,1226,3189,1
16.8159,4.9250,1222,3188,1
16.8407,4.9613,1231,3186,1
16.8655,4.9170,1220,3189,1
16.8904,4.9170,1220,3189,1
16.9152,4.9412,1226,3189,1
16.9400,4.9492,1228,3189,1
16.9648,4.9613,1231,3187,1
16.9896,4.9694,1233,3189,1
17.0144,4.9170,1220,3189,1
17.0392,4.9734,1234,3189,1
17.0640,4.9613,1231,3189,1
17.0888,4.9734,1234,3185,1
17.1136,4.8807,1211,3189,1
17.1384,4.9331,1224,3187,1
17.1632,4.9734,1234,3186,1
17.1880,4.9734,1234,3189,1
17.2128,4.9492,1228,3189,1
17.2376,4.9331,1224,3185,1
17.2624,4.9412,1226,3189,1
17.2872,4.9613,1231,3189,1
17.3120,4.9492,1228,3189,1
17.3368,4.9008,1216,3187,1
17.3616,4.9170,1220,3189,1
17.3864,4.9734,1234,3186,1
17.4112,4.9734,1234,3186,1
17.4360,4.9170,1220,3189,1
17.4608,4.9613,1231,3184,1
17.4856,4.9250,1222,3189,1
17.5104,4.9371,1225,3186,1
17.5352,4.9653,1232,3186,1
17.5600,4.9129,1219,3189,1
17.5848,4.9815,1236,3186,1
17.6096,4.9613,1231,3189,1
17.6344,4.9371,1225,3189,1
17.6592,4.9331,1224,3189,1
17.6840,4.9331,1224,3185,1
17.7088,4.9653,1232,3189,1
17.7336,4.9170,1220,3189,1
17.7584,4.9291,1223,3185,1
17.7832,4.9331,1224,3189,1
17.8080,4.9291,1223,3188,1
17.8328,4.9331,1224,3185,1
17.8576,4.9412,1226,3189,1
17.8824,4.9250,1222,3189,1
17.9072,4.9613,1231,3186,1
17.9320,4.9170,1220,3187,1
17.9569,4.9250,1222,3186,1
17.9817,4.9331,1224,3185,1
18.0065,4.9371,1225,3189,1
18.0313,4.9250,1222,3186,1
18.0561,4.9331,1224,3189,1
18.0809,4.9170,1220,3189,1
18.1057,4.9250,1222,3186,1
18.1305,4.9613,1231,3186,1
18.1553,4.9331,1224,3189,1
18.1801,4.9613,1231,3186,1
18.2049,4.9170,1220,3189,1
18.2297,4.9170,1220,3189,1
18.2545,4.9734,1234,3185,1
18.2793,4.9129,1219,3183,1
18.3041,4.9412,1226,3189,1
18.3289,4.9129,1219,3186,1
18.3537,4.9371,1225,3189,1
18.3785,4.8968,1215,3189,1
18.4033,4.9170,1220,3186,1
18.4281,4.9331,1224,3185,1
18.4529,4.9250,1222,3189,1
18.4777,4.9170,1220,3185,1
18.5025,4.9129,1219,3189,1
18.5273,4.9250,1222,3189,1
18.5521,4.9008,1216,3188,1
18.5769,4.9129,1219,3186,1
18.6017,4.9291,1223,3188,1
18.6265,4.9250,1222,3189,1
18.6513,4.9412,1226,3187,1
18.6761,4.9412,1226,3187,1
18.7009,4.9371,1225,3189,1
18.7257,4.9170,1220,3189,1
18.7505,4.9129,1219,3185,1
18.7753,4.9129,1219,3186,1
18.8001,4.9653,1232,3186,1
18.8249,4.9412,1226,3189,1
18.8497,4.9170,1220,3189,1
18.8745,4.9734,1234,3186,1
18.8993,4.9129,1219,3185,1
18.9241,4.9250,1222,3189,1
18.9489,4.9008,1216,3189,1
18.9737,4.9250,1222,3186,1
18.9985,4.9291,1223,3189,1
19.0233,4.9129,1219,3189,1
19.0482,4.9129,1219,3180,1
19.0730,4.9371,1225,3189,1
19.0978,4.9008,1216,3187,1
19.1226,4.9170,1220,3188,1
19.1474,4.9129,1219,3185,1
19.1722,4.9008,1216,3189,1
19.1970,4.9694,1233,3185,1
19.2218,4.9170,1220,3186,1
19.2466,4.9250,1222,3189,1
19.2714,4.9008,1216,3183,1
19.2962,4.9653,1232,3189,1
19.3210,4.9613,1231,3187,1
19.3458,4.9170,1220,3189,1
19.3706,4.9250,1222,3189,1
19.3954,4.9331,1224,3189,1
19.4202,4.9008,1216,3189,1
19.4450,4.9331,1224,3189,1
19.4698,4.9049,1217,3189,1
19.4946,4.9371,1225,3187,1
19.5194,4.9170,1220,3186,1
19.5442,4.9129,1219,3189,1
19.5690,4.9291,1223,3189,1
19.5938,4.9170,1220,3189,1
19.6186,4.9170,1220,3187,1
19.6434,4.9331,1224,3187,1
19.6682,4.9049,1217,3185,1
19.6930,4.9170,1220,3189,1
19.7178,4.9170,1220,3188,1
19.7426,4.9049,1217,3185,1
19.7674,4.9250,1222,3189,1
19.7922,4.9170,1220,3189,1
19.8170,4.9129,1219,3189,1
19.8418,4.9331,1224,3182,1
19.8666,4.9170,1220,3189,1
19.8914,4.9008,1216,3189,1
19.9162,4.9613,1231,3189,1
19.9410,4.9008,1216,3185,1
19.9658,4.9412,1226,3189,1
19.9906,4.9049,1217,3189,1
20.0154,4.9371,1225,3189,1
20.0402,4.9049,1217,3189,1
20.0650,4.9492,1228,3189,1
20.0898,4.9653,1232,3189,1
20.1146,4.9049,1217,3186,1
20.1395,4.8928,1214,3189,1
20.1643,4.8888,1213,3189,1
20.1891,4.9129,1219,3186,1
20.2139,4.9291,1223,3189,1
20.2387,4.9129,1219,3189,1
20.2635,4.9049,1217,3189,1
20.2883,4.9008,1216,3189,1
20.3131,4.9170,1220,3186,1
20.3379,4.9412,1226,3187,1
20.3627,4.9129,1219,3189,1
20.3875,4.9170,1220,3187,1
20.4123,4.9008,1216,3189,1
20.4371,4.9049,1217,3185,1
20.4619,4.9532,1229,3189,1
20.4867,4.9129,1219,3187,1
20.5115,4.9170,1220,3186,1
20.5363,4.9129,1219,3188,1
20.5611,4.9250,1222,3189,1
20.5859,4.9331,1224,3189,1
20.6107,4.9129,1219,3185,1
20.6355,4.9250,1222,3184,1
20.6603,4.9250,1222,3185,1
20.6851,4.9008,1216,3189,1
20.7099,4.8888,1213,3189,1
20.7347,4.9049,1217,3189,1
20.7595,4.9291,1223,3186,1
20.7843,4.9008,1216,3189,1
20.8091,4.8888,1213,3189,1
20.8339,4.9008,1216,3189,1
20.8587,4.9331,1224,3189,1
20.8835,4.9250,1222,3189,1
20.9083,4.9170,1220,3189,1
20.9331,4.9129,1219,3189,1
20.9579,4.9250,1222,3186,1
20.9827,4.9492,1228,3189,1
21.0075,4.9170,1220,3186,1
21.0323,4.9049,1217,3189,1
21.0571,4.9250,1222,3189,1
21.0819,4.9129,1219,3189,1
21.1067,4.9049,1217,3189,1
21.1315,4.9250,1222,3186,1
21.1563,4.8807,1211,3189,1
21.1811,4.8888,1213,3189,1
21.2059,4.9129,1219,3189,1
21.2308,4.9250,1222,3189,1
21.2556,4.8888,1213,3189,1
21.2804,4.9170,1220,3185,1
21.3052,4.9129,1219,3189,1
21.3300,4.9129,1219,3186,1
21.3548,4.8888,1213,3189,1
21.3796,4.9008,1216,3188,1
21.4044,4.9250,1222,3185,1
21.4292,4.9049,1217,3183,1
21.4540,4.9291,1223,3187,1
21.4788,4.9008,1216,3189,1
21.5036,4.9049,1217,3189,1
21.5284,4.8888,1213,3189,1
21.5532,4.9250,1222,3186,1
21.5780,4.9170,1220,3189,1
21.6028,4.9008,1216,3189,1
21.6276,4.9008,1216,3185,1
21.6524,4.8888,1213,3189,1
21.6772,4.9049,1217,3187,1
21.7020,4.9129,1219,3189,1
21.7268,4.8888,1213,3189,1
21.7516,4.9008,1216,3185,1
21.7764,4.9170,1220,3185,1
21.8012,4.9170,1220,3187,1
21.8260,4.9170,1220,3189,1
21.8508,4.9129,1219,3189,1
21.8756,4.9129,1219,3186,1
21.9004,4.9250,1222,3189,1
21.9252,4.9250,1222,3186,1
21.9500,4.9008,1216,3189,1
21.9748,4.9170,1220,3188,1
21.9996,4.9170,1220,3189,1
22.0244,4.9049,1217,3185,1
22.0492,4.9170,1220,3189,1
22.0740,4.9412,1226,3189,1
22.0988,4.9008,1216,3189,1
22.1236,4.9008,1216,3189,1
22.1484,4.9129,1219,3189,1
22.1732,4.8888,1213,3186,1
22.1980,4.9008,1216,3189,1
22.2228,4.9129,1219,3184,1
22.2476,4.8968,1215,3189,1
22.2724,4.8888,1213,3183,1
22.2972,4.8807,1211,3189,1
22.3221,4.9170,1220,3189,1
22.3469,4.9049,1217,3189,1
22.3717,4.9049,1217,3189,1
22.3965,4.9049,1217,3189,1
22.4213,4.9170,1220,3189,1
22.4461,4.9049,1217,3189,1
22.4709,4.9129,1219,3189,1
22.4957,4.9331,1224,3186,1
22.5205,4.9049,1217,3185,1
22.5453,4.9049,1217,3187,1
22.5701,4.9049,1217,3186,1
22.5949,4.9008,1216,3189,1
22.6197,4.9049,1217,3189,1
22.6445,4.9331,1224,3189,1
22.6693,4.9291,1223,3186,1
22.6941,4.9250,1222,3189,1
22.7189,5.0500,1253,3185,1
22.7437,4.9008,1216,3187,1
22.7685,4.9291,1223,3185,1
22.7933,4.9008,1216,3187,1
22.8181,4.9129,1219,3189,1
22.8429,4.9129,1219,3189,1
22.8677,4.8646,1207,3188,1
22.8925,4.9170,1220,3189,1
22.9173,4.9170,1220,3185,1
22.9421,4.9008,1216,3189,1
22.9669,4.8888,1213,3187,1
22.9917,4.8605,1206,3189,1
23.0165,4.9129,1219,3183,1
23.0413,4.9291,1223,3186,1
23.0661,4.9049,1217,3189,1
23.0909,4.9170,1220,3189,1
23.1157,4.9049,1217,3187,1
23.1405,4.9250,1222,3189,1
23.1653,4.9129,1219,3189,1
23.1901,4.9129,1219,3186,1
23.2149,4.9008,1216,3189,1
23.2397,4.9250,1222,3189,1
23.2645,4.9049,1217,3185,1
23.2893,4.9049,1217,3187,1
23.3141,4.9008,1216,3186,1
23.3389,4.9008,1216,3189,1
23.3637,4.8525,1204,3189,1
23.3885,4.8888,1213,3189,1
23.4134,4.9129,1219,3189,1
23.4382,4.9008,1216,3189,1
23.4630,4.9049,1217,3189,1
23.4878,4.8807,1211,3189,1
23.5126,4.9170,1220,3187,1
23.5374,4.9250,1222,3185,1
23.5622,4.8726,1209,3189,1
23.5870,4.9049,1217,3189,1
23.6118,4.9129,1219,3187,1
23.6366,4.8928,1214,3189,1
23.6614,4.9049,1217,3186,1
23.6862,4.9250,1222,3189,1
23.7110,4.9008,1216,3189,1
23.7358,4.9008,1216,3186,1
23.7606,4.9129,1219,3185,1
23.7854,4.9008,1216,3189,1
23.8102,4.9129,1219,3183,1
23.8350,4.8525,1204,3189,1
23.8598,4.9008,1216,3189,1
23.8846,4.9049,1217,3189,1
23.9094,4.9129,1219,3189,1
23.9342,4.9250,1222,3189,1
23.9590,4.9170,1220,3186,1
23.9838,4.9170,1220,3187,1
24.0086,4.9170,1220,3189,1
24.0334,4.8807,1211,3189,1
24.0582,4.8807,1211,3185,1
24.0830,4.9049,1217,3189,1
24.1078,4.8888,1213,3189,1
24.1326,4.9049,1217,3189,1
24.1574,4.8888,1213,3187,1
24.1822,4.8968,1215,3189,1
24.2070,4.9129,1219,3189,1
24.2318,4.8807,1211,3189,1
24.2566,4.9129,1219,3187,1
24.2814,4.8968,1215,3189,1
24.3062,4.9331,1224,3189,1
24.3310,4.9129,1219,3189,1
24.3558,4.9008,1216,3186,1
24.3806,4.9008,1216,3189,1
24.4054,4.9170,1220,3189,1
24.4302,4.8726,1209,3189,1
24.4550,4.9170,1220,3186,1
24.4798,4.8726,1209,3189,1
24.5047,4.8525,1204,3189,1
24.5295,4.9129,1219,3189,1
24.5543,4.8646,1207,3189,1
24.5791,4.9008,1216,3186,1
24.6039,4.8807,1211,3185,1
24.6287,4.8605,1206,3186,1
24.6535,4.9170,1220,3186,1
24.6783,4.9129,1219,3189,1
24.7031,4.9008,1216,3185,1
24.7279,4.8807,1211,3189,1
24.7527,4.9129,1219,3186,1
24.7775,4.9170,1220,3187,1
24.8023,4.9008,1216,3189,1
24.8271,4.8888,1213,3186,1
24.8519,4.9129,1219,3186,1
24.8767,4.8283,1198,3186,1
24.9015,4.8928,1214,3189,1
24.9263,4.8807,1211,3189,1
24.9511,4.9291,1223,3185,1
24.9759,4.8807,1211,3189,1
25.0007,4.8888,1213,3189,1
25.0255,4.9008,1216,3189,1
25.0503,4.9049,1217,3189,1
25.0751,4.8888,1213,3189,1
25.0999,4.9008,1216,3187,1
25.1247,4.9129,1219,3187,1
25.1495,4.8726,1209,3189,1
25.1743,4.9291,1223,3186,1
25.1991,4.8888,1213,3186,1
25.2239,4.9129,1219,3189,1
25.2487,4.9049,1217,3186,1
25.2735,4.9129,1219,3185,1
25.2983,4.9008,1216,3189,1
25.3231,4.8888,1213,3189,1
25.3479,4.9008,1216,3189,1
25.3727,4.8888,1213,3189,1
25.3975,4.9049,1217,3180,1
25.4223,4.8968,1215,3189,1
25.4471,4.9008,1216,3187,1
25.4719,4.8968,1215,3186,1
25.4967,4.9008,1216,3189,1
25.5215,4.9371,1225,3187,1
25.5463,4.8888,1213,3189,1
25.5711,4.9250,1222,3189,1
25.5960,4.9129,1219,3189,1
25.6208,4.8968,1215,3185,1
25.6456,4.9129,1219,3189,1
25.6704,4.9371,1225,3189,1
25.6952,4.9129,1219,3186,1
25.7200,4.9008,1216,3189,1
25.7448,4.8888,1213,3187,1
25.7696,4.8726,1209,3183,1
25.7944,4.9331,1224,3189,1
25.8192,4.8807,1211,3186,1
25.8440,4.8968,1215,3189,1
25.8688,4.9008,1216,3189,1
25.8936,4.8646,1207,3189,1
25.9184,4.8888,1213,3189,1
25.9432,4.8807,1211,3185,1
25.9680,4.9170,1220,3185,1
25.9928,4.9250,1222,3189,1
26.0176,4.9129,1219,3188,1
26.0424,4.9170,1220,3189,1
26.0672,4.8726,1209,3189,1
26.0920,4.9049,1217,3189,1
26.1168,4.9049,1217,3187,1
26.1416,4.9008,1216,3189,1
26.1664,4.9129,1219,3186,1
26.1912,4.9170,1220,3185,1
26.2160,4.8888,1213,3189,1
26.2408,4.9129,1219,3186,1
26.2656,4.9250,1222,3189,1
26.2904,4.8726,1209,3189,1
26.3152,4.9049,1217,3187,1
26.3400,4.9129,1219,3188,1
26.3648,4.8726,1209,3189,1
26.3896,4.9331,1224,3187,1
26.4144,4.8726,1209,3186,1
26.4392,4.9008,1216,3189,1
26.4640,4.9170,1220,3189,1
26.4888,4.9170,1220,3185,1
26.5136,4.8726,1209,3188,1
26.5384,4.8525,1204,3188,1
26.5632,4.9008,1216,3189,1
26.5880,4.9250,1222,3186,1
26.6128,4.9129,1219,3189,1
26.6376,4.9049,1217,3189,1
26.6625,4.9129,1219,3189,1
26.6873,4.9129,1219,3189,1
26.7121,4.9129,1219,3189,1
26.7369,4.8888,1213,3189,1
26.7617,4.8888,1213,3186,1
26.7865,4.8888,1213,3186,1
26.8113,4.8605,1206,3186,1
26.8361,4.9008,1216,3189,1
26.8609,4.8888,1213,3189,1
26.8857,4.9049,1217,3186,1
26.9105,4.8646,1207,3189,1
26.9353,4.8726,1209,3189,1
26.9601,4.9250,1222,3189,1
26.9849,4.8888,1213,3186,1
27.0097,4.9008,1216,3189,1
27.0345,4.9170,1220,3185,1
27.0593,4.9049,1217,3186,1
27.0841,4.9008,1216,3189,1
27.1089,4.8888,1213,3189,1
27.1337,4.8807,1211,3189,1
27.1585,4.9049,1217,3189,1
27.1833,4.9008,1216,3189,1
27.2081,4.8968,1215,3189,1
27.2329,4.9129,1219,3189,1
27.2577,4.8888,1213,3189,1
27.2825,4.9129,1219,3189,1
27.3073,4.8807,1211,3189,1
27.3321,4.8968,1215,3189,1
27.3569,4.8888,1213,3189,1
27.3817,4.9170,1220,3189,1
27.4065,4.8888,1213,3189,1
27.4313,4.8726,1209,3189,1
27.4561,4.8888,1213,3186,1
27.4809,4.9170,1220,3188,1
27.5057,4.9008,1216,3189,1
27.5305,4.8888,1213,3187,1
27.5553,4.9049,1217,3187,1
27.5801,4.9129,1219,3189,1
27.6049,4.9170,1220,3189,1
27.6297,4.8807,1211,3189,1
27.6545,4.8726,1209,3189,1
27.6793,4.9170,1220,3186,1
27.7041,4.9008,1216,3188,1
27.7289,4.8888,1213,3189,1
27.7537,4.9170,1220,3189,1
27.7786,4.8726,1209,3186,1
27.8034,4.8726,1209,3183,1
27.8282,4.8888,1213,3189,1
27.8530,4.8726,1209,3189,1
27.8778,4.8888,1213,3189,1
27.9026,4.9129,1219,3189,1
27.9274,4.8807,1211,3189,1
27.9522,4.9129,1219,3189,1
27.9770,4.9170,1220,3189,1
28.0018,4.9250,1222,3186,1
28.0266,4.8525,1204,3186,1
28.0514,4.9049,1217,3189,1
28.0762,4.8888,1213,3189,1
28.1010,4.9049,1217,3189,1
28.1258,4.9008,1216,3189,1
28.1506,4.9049,1217,3189,1
28.1754,4.8726,1209,3189,1
28.2002,4.9008,1216,3189,1
28.2250,4.9129,1219,3189,1
28.2498,4.9129,1219,3189,1
28.2746,4.9129,1219,3183,1
28.2994,4.8726,1209,3189,1
28.3242,4.9008,1216,3185,1
28.3490,4.8888,1213,3189,1
28.3738,4.9008,1216,3189,1
28.3986,4.8807,1211,3189,1
28.4234,4.9049,1217,3187,1
28.4482,4.8807,1211,3188,1
28.4730,4.8726,1209,3189,1
28.4978,4.9250,1222,3189,1
28.5226,4.8807,1211,3189,1
28.5474,4.8605,1206,3189,1
28.5722,4.8807,1211,3180,1
28.5970,4.8807,1211,3189,1
28.6218,4.9049,1217,3189,1
28.6466,4.8888,1213,3186,1
28.6714,4.9049,1217,3189,1
28.6962,4.8888,1213,3186,1
28.7210,4.8928,1214,3186,1
28.7458,4.8726,1209,3189,1
28.7706,4.9129,1219,3184,1
28.7954,4.8726,1209,3189,1
28.8202,4.8888,1213,3189,1
28.8451,4.8605,1206,3189,1
28.8699,4.8726,1209,3186,1
28.8947,4.9049,1217,3188,1
28.9195,4.8726,1209,3186,1
28.9443,4.8888,1213,3188,1
28.9691,4.8726,1209,3189,1
28.9939,4.8888,1213,3189,1
29.0187,4.8807,1211,3189,1
29.0435,4.8726,1209,3189,1
29.0683,4.9008,1216,3189,1
29.0931,4.9049,1217,3189,1
29.1179,4.8888,1213,3189,1
29.1427,4.9170,1220,3186,1
29.1675,4.8525,1204,3189,1
29.1923,4.8888,1213,3189,1
29.2171,4.9170,1220,3189,1
29.2419,4.8807,1211,3186,1
29.2667,4.9008,1216,3189,1
29.2915,4.9008,1216,3189,1
29.3163,4.9170,1220,3189,1
29.3411,4.9008,1216,3186,1
29.3659,4.9008,1216,3185,1
29.3907,4.8888,1213,3189,1
29.4155,4.8726,1209,3189,1
29.4403,4.8807,1211,3189,1
29.4651,4.8605,1206,3189,1
29.4899,4.8807,1211,3189,1
29.5147,4.8807,1211,3189,1
29.5395,4.9129,1219,3185,1
29.5643,4.8726,1209,3188,1
29.5891,4.8888,1213,3189,1
29.6139,4.8888,1213,3189,1
29.6387,4.8726,1209,3189,1
29.6635,4.8888,1213,3189,1
29.6883,4.8928,1214,3186,1
29.7131,4.8605,1206,3189,1
29.7379,4.8525,1204,3189,1
29.7627,4.9049,1217,3185,1
29.7875,4.8726,1209,3189,1
29.8123,4.9129,1219,3189,1
29.8371,4.8726,1209,3189,1
29.8619,4.9049,1217,3189,1
29.8867,4.9008,1216,3188,1
29.9115,4.9008,1216,3186,1
29.9364,4.8646,1207,3189,1
29.9612,4.8726,1209,3189,1
29.9860,4.9049,1217,3186,1
30.0108,4.8807,1211,3187,1
30.0356,4.9049,1217,3189,1
30.0604,4.8928,1214,3180,1
30.0852,4.8807,1211,3186,1
30.1100,4.8726,1209,3189,1
30.1348,4.9049,1217,3189,1
30.1596,4.8525,1204,3185,1
30.1844,4.8888,1213,3187,1
30.2092,4.9008,1216,3189,1
30.2340,4.8646,1207,3189,1
30.2588,4.9250,1222,3189,1
30.2836,4.8928,1214,3189,1
30.3084,4.9129,1219,3185,1
30.3332,4.8968,1215,3189,1
30.3580,4.8888,1213,3189,1
30.3828,4.8001,1191,3187,1
30.4076,4.8807,1211,3189,1
30.4324,4.9008,1216,3189,1
30.4572,4.8726,1209,3188,1
30.4820,4.8807,1211,3189,1
30.5068,4.8888,1213,3189,1
30.5316,4.9049,1217,3189,1
30.5564,4.8646,1207,3189,1
30.5812,4.9008,1216,3189,1
30.6060,4.8525,1204,3189,1
30.6308,4.8807,1211,3189,1
30.6556,4.8726,1209,3189,1
30.6804,4.8605,1206,3186,1
30.7052,4.8888,1213,3189,1
30.7300,4.8888,1213,3189,1
30.7548,4.8807,1211,3189,1
30.7796,4.9371,1225,3189,1
30.8044,4.8726,1209,3189,1
30.8292,4.8807,1211,3189,1
30.8540,4.8888,1213,3189,1
30.8788,4.8605,1206,3186,1
30.9036,4.8888,1213,3189,1
30.9284,4.8968,1215,3186,1
30.9532,4.9008,1216,3183,1
30.9780,4.8888,1213,3189,1
31.0028,4.8726,1209,3188,1
31.0277,4.8807,1211,3189,1
31.0525,4.8525,1204,3189,1
31.0773,4.9049,1217,3189,1
31.1021,4.9129,1219,3186,1
31.1269,4.8525,1204,3189,1
31.1517,4.9170,1220,3189,1
31.1765,4.8888,1213,3189,1
31.2013,4.8888,1213,3186,1
31.2261,4.8726,1209,3188,1
31.2509,4.9008,1216,3189,1
31.2757,4.8888,1213,3186,1
31.3005,4.8726,1209,3187,1
31.3253,4.8888,1213,3189,1
31.3501,4.8888,1213,3189,1
31.3749,4.9170,1220,3186,1
31.3997,4.8888,1213,3189,1
31.4245,4.9049,1217,3189,1
31.4493,4.8525,1204,3189,1
31.4741,4.8726,1209,3189,1
31.4989,4.8968,1215,3185,1
31.5237,4.8807,1211,3189,1
31.5485,4.8444,1202,3189,1
31.5733,4.9049,1217,3186,1
31.5981,4.8928,1214,3186,1
31.6229,4.8525,1204,3189,1
31.6477,4.9129,1219,3189,1
31.6725,4.9129,1219,3189,1
31.6973,4.9008,1216,3189,1
31.7221,4.8888,1213,3189,1
31.7469,4.8605,1206,3184,1
31.7717,4.8807,1211,3186,1
31.7965,4.8726,1209,3189,1
31.8213,4.8525,1204,3189,1
31.8461,4.8726,1209,3189,1
31.8709,4.9008,1216,3189,1
31.8957,4.8525,1204,3189,1
31.9205,4.8525,1204,3189,1
31.9453,4.8968,1215,3189,1
31.9701,4.8605,1206,3187,1
31.9949,4.8968,1215,3189,1
32.0197,4.9250,1222,3189,1
32.0445,4.8605,1206,3189,1
32.0693,4.9008,1216,3189,1
32.0942,4.8726,1209,3187,1
32.1189,4.8726,1209,3186,1
32.1438,4.8726,1209,3189,1
32.1686,4.9049,1217,3189,1
32.1934,4.8525,1204,3189,1
32.2182,4.8888,1213,3189,1
32.2430,4.8525,1204,3189,1
32.2678,4.9008,1216,3185,1
32.2926,4.8807,1211,3189,1
32.3174,4.8605,1206,3187,1
32.3422,4.8888,1213,3189,1
32.3670,4.8888,1213,3189,1
32.3918,4.8605,1206,3189,1
32.4166,4.8525,1204,3189,1
32.4414,4.8444,1202,3189,1
32.4662,4.8525,1204,3189,1
32.4910,4.8888,1213,3189,1
32.5158,4.8646,1207,3189,1
32.5406,4.8646,1207,3185,1
32.5654,4.8525,1204,3189,1
32.5902,4.8807,1211,3189,1
32.6150,4.8605,1206,3188,1
32.6398,4.8525,1204,3189,1
32.6646,4.8605,1206,3189,1
32.6894,4.8605,1206,3189,1
32.7142,4.8888,1213,3189,1
32.7390,4.8888,1213,3188,1
32.7638,4.8605,1206,3189,1
32.7886,4.8928,1214,3189,1
32.8134,4.8525,1204,3189,1
32.8382,4.8726,1209,3189,1
32.8630,4.8525,1204,3189,1
32.8878,4.8888,1213,3189,1
32.9126,4.8525,1204,3188,1
32.9374,4.8726,1209,3189,1
32.9622,4.8888,1213,3189,1
32.9870,4.8726,1209,3188,1
33.0118,4.8605,1206,3189,1
33.0366,4.8525,1204,3189,1
33.0614,4.8928,1214,3189,1
33.0862,4.8968,1215,3189,1
33.1110,4.8605,1206,3189,1
33.1358,4.8888,1213,3189,1
33.1606,4.8525,1204,3189,1
33.1855,4.8888,1213,3189,1
33.2103,4.8807,1211,3189,1
33.2351,4.8525,1204,3189,1
33.2599,4.8605,1206,3189,1
33.2847,4.8726,1209,3189,1
33.3095,4.8807,1211,3189,1
33.3343,4.8726,1209,3180,1
33.3591,4.8605,1206,3189,1
33.3839,4.8605,1206,3189,1
33.4087,4.9129,1219,3189,1
33.4335,4.8525,1204,3189,1
33.4583,4.8646,1207,3189,1
33.4831,4.8525,1204,3189,1
33.5079,4.8807,1211,3186,1
33.5327,4.8605,1206,3187,1
33.5575,4.8444,1202,3187,1
33.5823,4.8283,1198,3189,1
33.6071,4.8888,1213,3189,1
33.6319,4.8646,1207,3189,1
33.6567,4.8605,1206,3189,1
33.6815,4.8646,1207,3189,1
33.7063,4.8605,1206,3187,1
33.7311,4.8605,1206,3189,1
33.7559,4.8888,1213,3189,1
33.7807,4.8726,1209,3188,1
33.8055,4.8605,1206,3189,1
33.8303,4.8888,1213,3189,1
33.8551,4.8807,1211,3189,1
33.8799,4.8726,1209,3189,1
33.9047,4.8605,1206,3189,1
33.9295,4.8605,1206,3187,1
33.9543,4.8726,1209,3189,1
33.9791,4.8605,1206,3189,1
34.0039,4.8404,1201,3189,1
34.0287,4.8726,1209,3189,1
34.0535,4.8807,1211,3188,1
34.0783,4.8525,1204,3189,1
34.1031,4.8726,1209,3189,1
34.1279,4.8525,1204,3185,1
34.1527,4.8525,1204,3189,1
34.1775,4.8605,1206,3189,1
34.2023,4.8646,1207,3189,1
34.2271,4.8807,1211,3189,1
34.2519,4.8525,1204,3189,1
34.2767,4.8807,1211,3186,1
34.3016,4.8605,1206,3189,1
34.3264,4.9008,1216,3189,1
34.3512,4.8283,1198,3189,1
34.3760,4.8726,1209,3189,1
34.4008,4.8525,1204,3189,1
34.4256,4.9008,1216,3189,1
34.4504,4.8646,1207,3189,1
34.4752,4.8646,1207,3187,1
34.5000,4.8525,1204,3189,1
34.5248,4.8646,1207,3189,1
34.5496,4.8888,1213,3189,1
34.5744,4.8605,1206,3189,1
34.5992,4.8726,1209,3189,1
34.6240,4.8525,1204,3189,1
34.6488,4.8928,1214,3189,1
34.6736,4.8646,1207,3189,1
34.6984,4.8807,1211,3186,1
34.7232,4.8525,1204,3189,1
34.7480,4.8807,1211,3188,1
34.7728,4.8525,1204,3183,1
34.7976,4.8605,1206,3189,1
34.8224,4.8605,1206,3189,1
34.8472,4.8283,1198,3189,1
34.8720,4.8726,1209,3189,1
34.8968,4.8525,1204,3188,1
34.9216,4.8122,1194,3185,1
34.9464,4.8444,1202,3189,1
34.9712,4.8726,1209,3189,1
34.9960,4.8807,1211,3189,1
35.0208,4.8888,1213,3189,0
35.0456,4.8525,1204,3183,0
35.0704,4.8525,1204,0,0
35.0952,4.8726,1209,0,0
35.1200,4.8888,1213,0,0
35.1448,4.8525,1204,0,0
35.1696,4.8525,1204,0,0
35.1944,4.8444,1202,0,0
35.2192,4.8283,1198,0,0
35.2440,4.8162,1195,0,0
35.2688,4.8726,1209,0,0
35.2936,4.8122,1194,0,0
35.3184,4.8525,1204,0,0
35.3432,4.8525,1204,0,0
35.3680,4.8605,1206,0,0
35.3929,4.8283,1198,0,0
35.4177,4.8444,1202,0,0
35.4425,4.8646,1207,0,0
35.4673,4.8525,1204,0,0
35.4921,4.8605,1206,0,0
35.5169,4.8726,1209,0,0
35.5417,4.8122,1194,0,0
35.5665,4.8525,1204,0,0
35.5913,4.8525,1204,0,0
35.6161,4.8605,1206,0,0
35.6409,4.8283,1198,0,0
35.6657,4.8807,1211,0,0
35.6905,4.8525,1204,0,0
35.7153,4.8404,1201,0,0
35.7401,4.8122,1194,0,0
35.7649,4.8162,1195,0,0
35.7897,4.8444,1202,0,0
35.8145,4.8525,1204,0,0
35.8393,4.8646,1207,0,0
35.8641,4.8444,1202,0,0
35.8889,4.8525,1204,0,0
35.9137,4.8525,1204,0,0
35.9385,4.8283,1198,0,0
35.9633,4.8807,1211,0,0
35.9881,4.8646,1207,0,0
36.0129,4.8283,1198,0,0
36.0377,4.8605,1206,0,0
36.0625,4.8726,1209,0,0
36.0873,4.8525,1204,0,0
36.1121,4.8525,1204,0,0
36.1369,4.8283,1198,0,0
36.1617,4.8525,1204,0,0
36.1865,4.8525,1204,0,0
36.2113,4.8444,1202,0,0
36.2361,4.8001,1191,0,0
36.2609,4.8444,1202,0,0
36.2857,4.8525,1204,0,0
36.3105,4.8162,1195,0,0
36.3353,4.8283,1198,0,0
36.3601,4.8444,1202,0,0
36.3849,4.8444,1202,0,0
36.4097,4.8525,1204,0,0
36.4345,4.8444,1202,0,0
36.4594,4.8525,1204,0,0
36.4842,4.8525,1204,0,0
36.5090,4.8283,1198,0,0
36.5338,4.8283,1198,0,0
36.5586,4.8283,1198,0,0
36.5834,4.8283,1198,0,0
36.6082,4.8525,1204,0,0
36.6330,4.8525,1204,0,0
36.6578,4.8525,1204,0,0
36.6826,4.8444,1202,0,0
36.7074,4.8525,1204,0,0
36.7322,4.8001,1191,0,0
36.7570,4.8525,1204,0,0
36.7818,4.8525,1204,0,0
36.8066,4.8605,1206,0,0
36.8314,4.8525,1204,0,0
36.8562,4.8283,1198,0,0
36.8810,4.8001,1191,0,0
36.9058,4.8525,1204,0,0
36.9306,4.8807,1211,0,0
36.9554,4.8283,1198,0,0
36.9802,4.8605,1206,0,0
37.0050,4.8283,1198,0,0
37.0298,4.8525,1204,0,0
37.0546,4.8122,1194,0,0
37.0794,4.8525,1204,0,0
37.1042,4.8283,1198,0,0
37.1290,4.8888,1213,0,0
37.1538,4.8525,1204,0,0
37.1786,4.8525,1204,0,0
37.2034,4.8283,1198,0,0
37.2282,4.8525,1204,0,0
37.2530,4.8807,1211,0,0
37.2778,4.8283,1198,0,0
37.3026,4.8525,1204,0,0
37.3274,4.8525,1204,0,0
37.3522,4.8404,1201,0,0
37.3770,4.8525,1204,0,0
37.4018,4.8283,1198,0,0
37.4266,4.8404,1201,0,0
37.4514,4.8404,1201,0,0
37.4762,4.8525,1204,0,0
37.5010,4.8525,1204,0,0
37.5258,4.8525,1204,0,0
37.5507,4.8726,1209,0,0
37.5755,4.8807,1211,0,0
37.6003,4.8041,1192,0,0
37.6251,4.8605,1206,0,0
37.6499,4.8525,1204,0,0
37.6747,4.8525,1204,0,0
37.6995,4.8525,1204,0,0
37.7243,4.8525,1204,0,0
37.7491,4.8525,1204,0,0
37.7739,4.8122,1194,0,0
37.7987,4.8525,1204,0,0
37.8235,4.8525,1204,0,0
37.8483,4.8525,1204,0,0
37.8731,4.8283,1198,0,0
37.8979,4.8525,1204,0,0
37.9227,4.8525,1204,0,0
37.9475,4.8525,1204,0,0
37.9723,4.8525,1204,0,0
37.9971,4.8525,1204,0,0
38.0219,4.8888,1213,0,0
38.0467,4.8605,1206,0,0
38.0715,4.8162,1195,0,0
38.0963,4.8525,1204,0,0
38.1211,4.8726,1209,0,0
38.1459,4.8525,1204,0,0
38.1707,4.8605,1206,0,0
38.1955,4.8283,1198,0,0
38.2203,4.8525,1204,0,0
38.2451,4.8525,1204,0,0
38.2699,4.8283,1198,0,0
38.2947,4.8525,1204,0,0
38.3195,4.8283,1198,0,0
38.3443,4.8283,1198,0,0
38.3691,4.8525,1204,0,0
38.3939,4.8444,1202,0,0
38.4187,4.8283,1198,0,0
38.4435,4.8283,1198,0,0
38.4683,4.8202,1196,0,0
38.4931,4.8404,1201,0,0
38.5179,4.8323,1199,0,0
38.5427,4.8605,1206,0,0
38.5675,4.8525,1204,0,0
38.5923,4.8525,1204,0,0
38.6171,4.8605,1206,0,0
38.6420,4.8605,1206,0,0
38.6668,4.8525,1204,0,0
38.6916,4.8525,1204,0,0
38.7164,4.8283,1198,0,0
38.7412,4.8444,1202,0,0
38.7660,4.8807,1211,0,0
38.7908,4.8605,1206,0,0
38.8156,4.8726,1209,0,0
38.8404,4.8525,1204,0,0
38.8652,4.8323,1199,0,0
38.8900,4.8605,1206,0,0
38.9148,4.8323,1199,0,0
38.9396,4.8525,1204,0,0
38.9644,4.8605,1206,0,0
38.9892,4.8525,1204,0,0
39.0140,4.8525,1204,0,0
39.0388,4.8646,1207,0,0
39.0636,4.8888,1213,0,0
39.0884,4.8525,1204,0,0
39.1132,4.9129,1219,0,0
39.1380,4.8605,1206,0,0
39.1628,4.8807,1211,0,0
39.1876,4.8525,1204,0,0
39.2124,4.8525,1204,0,0
39.2372,4.8726,1209,0,0
39.2620,4.8525,1204,0,0
39.2868,4.8525,1204,0,0
39.3116,4.8726,1209,0,0
39.3364,4.8646,1207,0,0
39.3612,4.8726,1209,0,0
39.3860,4.8525,1204,0,0
39.4108,4.8444,1202,0,0
39.4356,4.9008,1216,0,0
39.4604,4.8444,1202,0,0
39.4852,4.8605,1206,0,0
39.5100,4.8283,1198,0,0
39.5348,4.8525,1204,0,0
39.5596,4.8525,1204,0,0
39.5844,4.8525,1204,0,0
39.6092,4.8726,1209,0,0
39.6340,4.8162,1195,0,0
39.6588,4.8605,1206,0,0
39.6836,4.8525,1204,0,0
39.7085,4.8888,1213,0,0
39.7332,4.8726,1209,0,0
39.7581,4.8807,1211,0,0
39.7829,4.8404,1201,0,0
39.8077,4.8807,1211,0,0
39.8325,4.8726,1209,0,0
39.8573,4.8726,1209,0,0
39.8821,4.8605,1206,0,0
39.9069,4.8283,1198,0,0
39.9317,4.8525,1204,0,0
39.9565,4.8525,1204,0,0
39.9813,4.8444,1202,0,0
40.0061,4.8726,1209,0,0
40.0309,4.8605,1206,0,0
40.0557,4.8605,1206,0,0
40.0805,4.8888,1213,0,0
40.1053,4.8646,1207,0,0
40.1301,4.8525,1204,0,0
40.1549,4.9129,1219,0,0
40.1797,4.8726,1209,0,0
40.2045,4.8807,1211,0,0
40.2293,4.8807,1211,0,0
40.2541,4.8525,1204,0,0
40.2789,4.8605,1206,0,0
40.3037,4.8525,1204,0,0
40.3285,4.8726,1209,0,0
40.3533,4.8807,1211,0,0
40.3781,4.8525,1204,0,0
40.4029,4.8525,1204,0,0
40.4277,4.9815,1236,0,0
40.4525,4.8605,1206,0,0
40.4773,4.8525,1204,0,0
40.5021,4.8807,1211,0,0
40.5269,4.8888,1213,0,0
40.5517,4.8525,1204,0,0
40.5765,4.8605,1206,0,0
40.6013,4.8525,1204,0,0
40.6261,4.8605,1206,0,0
40.6509,4.8888,1213,0,0
40.6757,4.8525,1204,0,0
40.7005,4.8525,1204,0,0
40.7253,4.8525,1204,0,0
40.7501,4.8888,1213,0,0
40.7749,4.9008,1216,0,0
40.7998,4.8404,1201,0,0
40.8246,4.8444,1202,0,0
40.8494,4.8646,1207,0,0
40.8742,4.8525,1204,0,0
40.8990,4.8605,1206,0,0
40.9238,4.8444,1202,0,0
40.9486,4.8807,1211,0,0
40.9734,4.8525,1204,0,0
40.9982,4.8525,1204,0,0
41.0230,4.8605,1206,0,0
41.0478,4.8807,1211,0,0
41.0726,4.8888,1213,0,0
41.0974,4.8646,1207,0,0
41.1222,4.8726,1209,0,0
41.1470,4.8928,1214,0,0
41.1718,4.8726,1209,0,0
41.1966,4.8605,1206,0,0
41.2214,4.8726,1209,0,0
41.2462,4.8646,1207,0,0
41.2710,4.8726,1209,0,0
41.2958,4.9008,1216,0,0
41.3206,4.8605,1206,0,0
41.3454,4.8726,1209,0,0
41.3702,4.8525,1204,0,0
41.3950,4.8646,1207,0,0
41.4198,4.8283,1198,0,0
41.4446,4.8888,1213,0,0
41.4694,4.8807,1211,0,0
41.4942,4.8646,1207,0,0
41.5190,4.8726,1209,0,0
41.5438,4.8605,1206,0,0
41.5686,4.8726,1209,0,0
41.5934,4.8888,1213,0,0
41.6182,4.8726,1209,0,0
41.6430,4.8404,1201,0,0
41.6678,4.9008,1216,0,0
41.6926,4.8888,1213,0,0
41.7174,4.8807,1211,0,0
41.7422,4.8807,1211,0,0
41.7670,4.8726,1209,0,0
41.7918,4.8726,1209,0,0
41.8166,4.8646,1207,0,0
41.8414,4.8726,1209,0,0
41.8662,4.8646,1207,0,0
41.8910,4.8807,1211,0,0
41.9159,4.8807,1211,0,0
41.9407,4.9129,1219,0,0
41.9655,4.8726,1209,0,0
41.9903,4.8726,1209,0,0
42.0151,4.8888,1213,0,0
42.0399,4.9129,1219,0,0
42.0647,4.8726,1209,0,0
42.0895,4.8888,1213,0,0
42.1143,4.8605,1206,0,0
42.1391,4.8605,1206,0,0
42.1639,4.9170,1220,0,0
42.1887,4.8646,1207,0,0
42.2135,4.8807,1211,0,0
42.2383,4.8807,1211,0,0
42.2631,4.8888,1213,0,0
42.2879,4.8807,1211,0,0
42.3127,4.8888,1213,0,0
42.3375,4.8726,1209,0,0
42.3623,4.8888,1213,0,0
42.3871,4.8888,1213,0,0
42.4119,4.9008,1216,0,0
42.4367,4.8605,1206,0,0
42.4615,4.9170,1220,0,0
42.4863,4.8726,1209,0,0
42.5111,4.8888,1213,0,0
42.5359,4.8888,1213,0,0
42.5607,4.8888,1213,0,0
42.5855,4.9129,1219,0,0
42.6103,4.9008,1216,0,0
42.6351,4.8726,1209,0,0
42.6599,4.8888,1213,0,0
42.6847,4.8888,1213,0,0
42.7095,4.9008,1216,0,0
42.7343,4.8726,1209,0,0
42.7591,4.8888,1213,0,0
42.7839,4.8888,1213,0,0
42.8087,4.8888,1213,0,0
42.8335,4.9008,1216,0,0
42.8583,4.8968,1215,0,0
42.8831,4.8726,1209,0,0
42.9079,4.8928,1214,0,0
42.9327,4.9129,1219,0,0
42.9575,4.9049,1217,0,0
42.9823,4.8646,1207,0,0
43.0072,4.8888,1213,0,0
43.0320,4.8807,1211,0,0
43.0568,4.9129,1219,0,0
43.0816,4.8807,1211,0,0
43.1064,4.8888,1213,0,0
43.1312,4.9129,1219,0,0
43.1560,4.8646,1207,0,0
43.1808,4.9049,1217,0,0
43.2056,4.8928,1214,0,0
43.2304,4.8726,1209,0,0
43.2552,4.9250,1222,0,0
43.2800,4.8726,1209,0,0
43.3048,4.8888,1213,0,0
43.3296,4.9170,1220,0,0
43.3544,4.8888,1213,0,0
43.3792,4.8928,1214,0,0
43.4040,4.8726,1209,0,0
43.4288,4.8605,1206,0,0
43.4536,4.9129,1219,0,0
43.4784,4.8968,1215,0,0
43.5032,4.8726,1209,0,0
43.5280,4.9170,1220,0,0
43.5528,4.8605,1206,0,0
43.5776,4.8525,1204,0,0
43.6024,4.8525,1204,0,0
43.6272,4.8525,1204,0,0
43.6520,4.8807,1211,0,0
43.6768,4.8605,1206,0,0
43.7016,4.9049,1217,0,0
43.7264,4.8928,1214,0,0
43.7512,4.8525,1204,0,0
43.7760,4.9008,1216,0,0
43.8008,4.9008,1216,0,0
43.8256,4.9170,1220,0,0
43.8504,4.8525,1204,0,0
43.8752,4.8726,1209,0,0
43.9000,4.9049,1217,0,0
43.9248,4.9250,1222,0,0
43.9496,4.8726,1209,0,0
43.9744,4.8605,1206,0,0
43.9992,4.8888,1213,0,0
44.0240,4.8888,1213,0,0
44.0488,4.9170,1220,0,0
44.0737,4.8807,1211,0,0
44.0985,4.9008,1216,0,0
44.1233,4.9170,1220,0,0
44.1481,4.9049,1217,0,0
44.1729,4.8888,1213,0,0
44.1977,4.8726,1209,0,0
44.2225,4.8605,1206,0,0
44.2473,4.8726,1209,0,0
44.2721,4.9129,1219,0,0
44.2969,4.8968,1215,0,0
44.3217,4.9049,1217,0,0
44.3465,4.8888,1213,0,0
44.3713,4.8888,1213,0,0
44.3961,4.9049,1217,0,0
44.4209,4.9250,1222,0,0
44.4457,4.8888,1213,0,0
44.4705,4.8726,1209,0,0
44.4953,4.8646,1207,0,0
44.5201,4.9250,1222,0,0
44.5449,4.9170,1220,0,0
44.5697,4.9008,1216,0,0
44.5945,4.9129,1219,0,0
44.6193,4.9049,1217,0,0
44.6441,4.9008,1216,0,0
44.6689,4.9049,1217,0,0
44.6937,4.9008,1216,0,0
44.7185,4.9129,1219,0,0
44.7433,4.9008,1216,0,0
44.7681,4.8888,1213,0,0
44.7929,4.8807,1211,0,0
44.8177,4.9170,1220,0,0
44.8425,4.9129,1219,0,0
44.8673,4.9291,1223,0,0
44.8921,4.9008,1216,0,0
44.9169,4.9129,1219,0,0
44.9417,4.8807,1211,0,0
44.9665,4.9170,1220,0,0
44.9913,4.9008,1216,0,0
45.0161,4.9129,1219,0,0
45.0409,4.9492,1228,0,0
45.0657,4.9129,1219,0,0
45.0905,4.9613,1231,0,0
45.1153,4.9049,1217,0,0
45.1401,4.9008,1216,0,0
45.1650,4.9291,1223,0,0
45.1898,4.9049,1217,0,0
45.2146,4.8807,1211,0,0
45.2394,4.8928,1214,0,0
45.2642,4.9129,1219,0,0
45.2890,4.8646,1207,0,0
45.3138,4.9532,1229,0,0
45.3386,4.9170,1220,0,0
45.3634,4.9129,1219,0,0
45.3882,4.9008,1216,0,0
45.4130,4.9129,1219,0,0
45.4378,4.9170,1220,0,0
45.4626,4.9250,1222,0,0
45.4874,4.8807,1211,0,0
45.5122,4.9170,1220,0,0
45.5370,4.9008,1216,0,0
45.5618,4.9250,1222,0,0
45.5866,4.8888,1213,0,0
45.6114,4.9170,1220,0,0
45.6362,4.8726,1209,0,0
45.6610,4.9008,1216,0,0
45.6858,4.9129,1219,0,0
45.7106,4.9129,1219,0,0
45.7354,4.8726,1209,0,0
45.7602,4.9008,1216,0,0
45.7850,4.9049,1217,0,0
45.8098,4.9170,1220,0,0
45.8346,4.9170,1220,0,0
45.8594,4.9170,1220,0,0
45.8842,4.9008,1216,0,0
45.9090,4.9331,1224,0,0
45.9338,4.9129,1219,0,0
45.9586,4.9170,1220,0,0
45.9834,4.9250,1222,0,0
46.0082,4.9008,1216,0,0
46.0330,4.9170,1220,0,0
46.0578,4.9250,1222,0,0
46.0826,4.9049,1217,0,0
46.1074,4.9008,1216,0,0
46.1322,4.9049,1217,0,0
46.1570,4.9170,1220,0,0
46.1818,4.8928,1214,0,0
46.2066,4.8726,1209,0,0
46.2314,4.8807,1211,0,0
46.2563,4.8888,1213,0,0
46.2811,4.8726,1209,0,0
46.3059,4.9170,1220,0,0
46.3307,4.8807,1211,0,0
46.3555,4.9129,1219,0,0
46.3803,4.9250,1222,0,0
46.4051,4.9008,1216,0,0
46.4299,4.8888,1213,0,0
46.4547,4.9049,1217,0,0
46.4795,4.8888,1213,0,0
46.5043,4.9291,1223,0,0
46.5291,4.9129,1219,0,0
46.5539,4.8807,1211,0,0
46.5787,4.9653,1232,0,0
46.6035,4.9008,1216,0,0
46.6283,4.9129,1219,0,0
46.6531,4.8888,1213,0,0
46.6779,4.9129,1219,0,0
46.7027,4.9129,1219,0,0
46.7275,4.9250,1222,0,0
46.7523,4.9129,1219,0,0
46.7771,4.9049,1217,0,0
46.8019,4.9170,1220,0,0
46.8267,4.9129,1219,0,0
46.8515,4.9008,1216,0,0
46.8763,4.9170,1220,0,0
46.9011,4.9250,1222,0,0
46.9259,4.9170,1220,0,0
46.9507,4.9049,1217,0,0
46.9755,4.9008,1216,0,0
47.0003,4.9049,1217,0,0
47.0251,4.9170,1220,0,0
47.0499,4.9170,1220,0,0
47.0747,4.8928,1214,0,0
47.0995,4.9049,1217,0,0
47.1243,4.9129,1219,0,0
47.1491,4.9008,1216,0,0
47.1739,4.9170,1220,0,0
47.1987,4.9250,1222,0,0
47.2235,4.9250,1222,0,0
47.2483,4.9129,1219,0,0
47.2731,4.9250,1222,0,0
47.2979,4.9008,1216,0,0
47.3228,4.9331,1224,0,0
47.3475,4.9291,1223,0,0
47.3724,4.9250,1222,0,0
47.3972,4.9129,1219,0,0
47.4220,4.9129,1219,0,0
47.4468,4.9129,1219,0,0
47.4716,4.9049,1217,0,0
47.4964,4.9008,1216,0,0
47.5212,4.9371,1225,0,0
47.5460,4.9008,1216,0,0
47.5708,4.9008,1216,0,0
47.5956,4.9492,1228,0,0
47.6204,4.9049,1217,0,0
47.6452,4.8888,1213,0,0
47.6700,4.9331,1224,0,0
47.6948,4.9129,1219,0,0
47.7196,4.9250,1222,0,0
47.7444,4.9613,1231,0,0
47.7692,4.9049,1217,0,0
47.7940,4.9170,1220,0,0
47.8188,4.9129,1219,0,0
47.8436,4.9250,1222,0,0
47.8684,4.9371,1225,0,0
47.8932,4.9291,1223,0,0
47.9180,4.9250,1222,0,0
47.9428,4.9049,1217,0,0
47.9676,4.9008,1216,0,0
47.9924,4.9129,1219,0,0
48.0172,4.9371,1225,0,0
48.0420,4.9170,1220,0,0
48.0668,4.9170,1220,0,0
48.0916,4.9129,1219,0,0
48.1164,4.9331,1224,0,0
48.1412,4.9170,1220,0,0
48.1660,4.9412,1226,0,0
48.1908,4.9170,1220,0,0
48.2156,4.9492,1228,0,0
48.2404,4.9250,1222,0,0
48.2652,4.9049,1217,0,0
48.2900,4.8888,1213,0,0
48.3148,4.9170,1220,0,0
48.3396,4.8807,1211,0,0
48.3644,4.9412,1226,0,0
48.3892,4.9331,1224,0,0
48.4141,4.9008,1216,0,0
48.4389,4.9129,1219,0,0
48.4637,4.9331,1224,0,0
48.4885,4.9008,1216,0,0
48.5133,4.9170,1220,0,0
48.5381,4.9250,1222,0,0
48.5629,4.8807,1211,0,0
48.5877,4.9129,1219,0,0
48.6125,4.9129,1219,0,0
48.6373,4.9734,1234,0,0
48.6621,4.9129,1219,0,0
48.6869,4.9129,1219,0,0
48.7117,4.9250,1222,0,0
48.7365,4.9331,1224,0,0
48.7613,4.9129,1219,0,0
48.7861,4.9371,1225,0,0
48.8109,4.9170,1220,0,0
48.8357,4.9129,1219,0,0
48.8605,4.9170,1220,0,0
48.8853,4.9250,1222,0,0
48.9101,4.9250,1222,0,0
48.9349,4.8888,1213,0,0
48.9597,4.9129,1219,0,0
48.9845,4.9331,1224,0,0
49.0093,4.9170,1220,0,0
49.0341,4.9049,1217,0,0
49.0589,4.9694,1233,0,0
49.0837,4.9129,1219,0,0
49.1085,4.9250,1222,0,0
49.1333,4.9250,1222,0,0
49.1581,4.9170,1220,0,0
49.1829,4.9412,1226,0,0
49.2077,4.9412,1226,0,0
49.2325,4.9250,1222,0,0
49.2573,4.9170,1220,0,0
49.2821,4.9492,1228,0,0
49.3069,4.9170,1220,0,0
49.3317,4.9250,1222,0,0
49.3565,4.9613,1231,0,0
49.3813,4.9412,1226,0,0
49.4061,4.9331,1224,0,0
49.4309,4.8807,1211,0,0
49.4557,4.9653,1232,0,0
49.4805,4.9492,1228,0,0
49.5053,4.9049,1217,0,0
49.5302,4.9129,1219,0,0
49.5550,4.9412,1226,0,0
49.5798,4.9008,1216,0,0
49.6046,4.9613,1231,0,0
49.6294,4.9170,1220,0,0
49.6542,4.9331,1224,0,0
49.6790,4.9371,1225,0,0
49.7038,4.9129,1219,0,0
49.7286,4.9492,1228,0,0
49.7534,4.9170,1220,0,0
49.7782,4.9170,1220,0,0
49.8030,4.9653,1232,0,0
49.8278,4.9170,1220,0,0
49.8526,4.9170,1220,0,0
49.8774,4.9613,1231,0,0
49.9022,4.9008,1216,0,0
49.9270,4.9734,1234,0,0
49.9518,4.9492,1228,0,0
49.9766,4.9250,1222,0,0
50.0014,4.9129,1219,0,0
50.0262,4.9250,1222,0,0
50.0510,4.9170,1220,0,0
50.0758,4.9250,1222,0,0
50.1006,4.9170,1220,0,0
50.1254,4.9170,1220,0,0
50.1502,4.9170,1220,0,0
50.1750,4.9371,1225,0,0
50.1998,4.9170,1220,0,0
50.2246,4.9734,1234,0,0
50.2494,4.9734,1234,0,0
50.2742,4.9331,1224,0,0
50.2990,4.9170,1220,0,0
50.3238,4.9694,1233,0,0
50.3486,4.9049,1217,0,0
50.3734,4.9008,1216,0,0
50.3982,4.9129,1219,0,0
50.4230,4.9008,1216,0,0
50.4478,4.9412,1226,0,0
50.4726,4.8525,1204,0,0
50.4974,4.9250,1222,0,0
50.5222,4.9049,1217,0,0
50.5470,4.9250,1222,0,0
50.5718,4.9331,1224,0,0
50.5966,4.9653,1232,0,0
50.6215,4.9412,1226,0,0
50.6463,4.9331,1224,0,0
50.6711,4.9412,1226,0,0
50.6959,4.9129,1219,0,0
50.7207,4.9331,1224,0,0
50.7455,4.9170,1220,0,0
50.7703,4.9371,1225,0,0
50.7951,4.9129,1219,0,0
50.8199,4.9170,1220,0,0
50.8447,4.8928,1214,0,0
50.8695,4.9331,1224,0,0
50.8943,4.9653,1232,0,0
50.9191,4.9170,1220,0,0
50.9439,4.9170,1220,0,0
50.9687,4.9291,1223,0,0
50.9935,4.9412,1226,0,0
51.0183,4.9331,1224,0,0
51.0431,4.9170,1220,0,0
51.0679,4.9613,1231,0,0
51.0927,4.9129,1219,0,0
51.1175,4.9613,1231,0,0
51.1423,4.9129,1219,0,0
51.1671,4.9734,1234,0,0
51.1919,4.9734,1234,0,0
51.2167,4.9250,1222,0,0
51.2415,4.9734,1234,0,0
51.2663,4.9331,1224,0,0
51.2911,4.9331,1224,0,0
51.3159,4.9129,1219,0,0
51.3407,5.0338,1249,0,0
51.3655,4.9331,1224,0,0
51.3903,4.9331,1224,0,0
51.4151,4.9250,1222,0,0
51.4399,4.9049,1217,0,0
51.4647,4.9331,1224,0,0
51.4895,4.9170,1220,0,0
51.5143,4.9613,1231,0,0
51.5391,4.9492,1228,0,0
51.5639,4.9331,1224,0,0
51.5887,4.9412,1226,0,0
51.6135,4.9613,1231,0,0
51.6383,4.9694,1233,0,0
51.6631,4.9653,1232,0,0
51.6880,4.9613,1231,0,0
51.7128,4.9170,1220,0,0
51.7376,4.9371,1225,0,0
51.7624,4.9613,1231,0,0
51.7872,4.9291,1223,0,0
51.8120,4.9250,1222,0,0
51.8368,4.9412,1226,0,0
51.8616,4.9613,1231,0,0
51.8864,4.9694,1233,0,0
51.9112,4.9694,1233,0,0
51.9360,4.9250,1222,0,0
51.9608,4.9734,1234,0,0
51.9856,4.9653,1232,0,0
52.0104,4.9734,1234,0,0
52.0352,4.9291,1223,0,0
52.0600,4.9734,1234,0,0
52.0848,4.9331,1224,0,0
52.1096,4.9250,1222,0,0
52.1344,4.9694,1233,0,0
52.1592,4.9694,1233,0,0
52.1840,4.9170,1220,0,0
52.2088,4.9492,1228,0,0
52.2336,4.9613,1231,0,0
52.2584,4.9250,1222,0,0
52.2832,4.9613,1231,0,0
52.3080,4.9250,1222,0,0
52.3328,4.9734,1234,0,0
52.3576,4.9613,1231,0,0
52.3824,4.9291,1223,0,0
52.4072,4.9694,1233,0,0
52.4320,4.9412,1226,0,0
52.4568,4.9492,1228,0,0
52.4816,4.9815,1236,0,0
52.5064,4.9694,1233,0,0
52.5312,4.9815,1236,0,0
52.5560,4.9613,1231,0,0
52.5808,4.9734,1234,0,0
52.6056,4.9855,1237,0,0
52.6304,4.9412,1226,0,0
52.6552,4.9412,1226,0,0
52.6800,4.9613,1231,0,0
52.7048,4.9613,1231,0,0
52.7296,4.9412,1226,0,0
52.7544,4.9653,1232,0,0
52.7793,4.9734,1234,0,0
52.8041,4.9613,1231,0,0
52.8289,4.9291,1223,0,0
52.8537,4.9734,1234,0,0
52.8785,4.9613,1231,0,0
52.9033,4.9371,1225,0,0
52.9281,4.9412,1226,0,0
52.9529,4.9815,1236,0,0
52.9777,4.9613,1231,0,0
53.0025,4.9935,1239,0,0
53.0273,4.9734,1234,0,0
53.0521,4.9250,1222,0,0
53.0769,4.9613,1231,0,0
53.1017,4.9371,1225,0,0
53.1265,4.9815,1236,0,0
53.1513,4.9694,1233,0,0
53.1761,4.9653,1232,0,0
53.2009,4.9694,1233,0,0
53.2257,4.9250,1222,0,0
53.2505,4.9250,1222,0,0
53.2753,4.9492,1228,0,0
53.3001,4.9250,1222,0,0
53.3249,4.9331,1224,0,0
53.3497,4.9331,1224,0,0
53.3745,4.9653,1232,0,0
53.3993,4.9734,1234,0,0
53.4241,4.9250,1222,0,0
53.4489,4.9734,1234,0,0
53.4737,4.9815,1236,0,0
53.4985,4.9250,1222,0,0
53.5233,4.9694,1233,0,0
53.5481,4.9331,1224,0,0
53.5729,4.9694,1233,0,0
53.5977,4.9492,1228,0,0
53.6225,4.9412,1226,0,0
53.6473,4.9694,1233,0,0
53.6721,4.9331,1224,0,0
53.6969,4.9331,1224,0,0
53.7217,4.9250,1222,0,0
53.7465,4.9734,1234,0,0
53.7713,4.9734,1234,0,0
53.7961,4.9815,1236,0,0
53.8209,4.9734,1234,0,0
53.8457,4.9653,1232,0,0
53.8706,4.9734,1234,0,0
53.8954,4.9734,1234,0,0
53.9202,4.9815,1236,0,0
53.9450,4.9291,1223,0,0
53.9698,4.9170,1220,0,0
53.9946,4.9250,1222,0,0
54.0194,4.9291,1223,0,0
54.0442,4.9653,1232,0,0
54.0690,4.9170,1220,0,0
54.0938,4.9815,1236,0,0
54.1186,4.9815,1236,0,0
54.1434,4.9815,1236,0,0
54.1682,4.9734,1234,0,0
54.1930,4.9613,1231,0,0
54.2178,4.9371,1225,0,0
54.2426,4.9734,1234,0,0
54.2674,4.9734,1234,0,0
54.2922,4.9613,1231,0,0
54.3170,4.9734,1234,0,0
54.3418,4.9371,1225,0,0
54.3666,4.9412,1226,0,0
54.3914,4.9371,1225,0,0
54.4162,4.9734,1234,0,0
54.4410,4.9613,1231,0,0
54.4658,4.9815,1236,0,0
54.4906,4.9613,1231,0,0
54.5154,4.9250,1222,0,0
54.5402,4.9412,1226,0,0
54.5650,4.9613,1231,0,0
54.5898,4.9815,1236,0,0
54.6146,4.9815,1236,0,0
54.6394,4.9492,1228,0,0
54.6642,4.9935,1239,0,0
54.6890,4.9291,1223,0,0
54.7138,4.9613,1231,0,0
54.7386,4.9734,1234,0,0
54.7634,4.9250,1222,0,0
54.7882,4.9815,1236,0,0
54.8130,4.9734,1234,0,0
54.8378,4.9653,1232,0,0
54.8626,4.9815,1236,0,0
54.8874,4.9613,1231,0,0
54.9122,4.9250,1222,0,0
54.9370,4.9734,1234,0,0
54.9618,4.9815,1236,0,0
54.9867,4.9331,1224,0,0
55.0115,4.9129,1219,0,0
55.0363,4.9734,1234,0,0
55.0611,4.9734,1234,0,0
55.0859,4.9734,1234,0,0
55.1107,4.9935,1239,0,0
55.1355,4.9815,1236,0,0
55.1603,4.9291,1223,0,0
55.1851,4.9734,1234,0,0
55.2099,4.9734,1234,0,0
55.2347,4.9734,1234,0,0
55.2595,4.9734,1234,0,0
55.2843,4.9734,1234,0,0
55.3091,4.9250,1222,0,0
55.3339,4.9613,1231,0,0
55.3587,5.0097,1243,0,0
55.3835,4.9734,1234,0,0
55.4083,4.9412,1226,0,0
55.4331,4.9653,1232,0,0
55.4579,5.0016,1241,0,0
55.4827,4.9694,1233,0,0
55.5075,4.9815,1236,0,0
55.5323,4.9855,1237,0,0
55.5571,4.9170,1220,0,0
55.5819,4.9734,1234,0,0
55.6067,5.0177,1245,0,0
55.6315,4.9734,1234,0,0
55.6563,4.9734,1234,0,0
55.6811,4.9734,1234,0,0
55.7059,4.9815,1236,0,0
55.7307,4.9734,1234,0,0
55.7555,4.9815,1236,0,0
55.7803,4.9613,1231,0,0
55.8051,4.9331,1224,0,0
55.8299,4.9492,1228,0,0
55.8547,4.9331,1224,0,0
55.8795,4.9331,1224,0,0
55.9043,4.9734,1234,0,0
55.9291,4.9734,1234,0,0
55.9539,4.9734,1234,0,0
55.9787,4.9331,1224,0,0
56.0035,4.9815,1236,0,0
56.0284,4.9815,1236,0,0
56.0532,4.9815,1236,0,0
56.0780,4.9815,1236,0,0
56.1028,4.9613,1231,0,0
56.1276,5.0097,1243,0,0
56.1524,4.9815,1236,0,0
56.1772,4.9815,1236,0,0
56.2020,4.9855,1237,0,0
56.2268,4.9734,1234,0,0
56.2516,4.9694,1233,0,0
56.2764,4.9815,1236,0,0
56.3012,4.9734,1234,0,0
56.3260,4.9734,1234,0,0
56.3508,4.9291,1223,0,0
56.3756,4.9613,1231,0,0
56.4004,4.9935,1239,0,0
56.4252,4.9734,1234,0,0
56.4500,4.9734,1234,0,0
56.4748,4.9815,1236,0,0
56.4996,4.9734,1234,0,0
56.5244,4.9815,1236,0,0
56.5492,4.9613,1231,0,0
56.5740,4.9613,1231,0,0
56.5988,4.9331,1224,0,0
56.6236,4.9331,1224,0,0
56.6484,4.9412,1226,0,0
56.6732,4.9734,1234,0,0
56.6980,4.9331,1224,0,0
56.7228,4.9815,1236,0,0
56.7476,4.9734,1234,0,0
56.7724,4.9613,1231,0,0
56.7972,5.0177,1245,0,0
56.8220,4.9291,1223,0,0
56.8468,4.9815,1236,0,0
56.8716,4.9613,1231,0,0
56.8964,4.9734,1234,0,0
56.9212,4.9613,1231,0,0
56.9460,4.9653,1232,0,0
56.9708,4.9734,1234,0,0
56.9956,4.9935,1239,0,0
57.0204,4.9734,1234,0,0
57.0452,4.9734,1234,0,0
57.0700,4.9613,1231,0,0
57.0948,4.9815,1236,0,0
57.1196,5.0177,1245,0,0
57.1445,4.9855,1237,0,0
57.1693,4.9734,1234,0,0
57.1941,4.9734,1234,0,0
57.2189,4.9815,1236,0,0
57.2437,4.9734,1234,0,0
57.2685,4.9613,1231,0,0
57.2933,4.9815,1236,0,0
57.3181,4.9935,1239,0,0
57.3429,4.9855,1237,0,0
57.3677,4.9734,1234,0,0
57.3925,4.9734,1234,0,0
57.4173,5.0056,1242,0,0
57.4421,4.9815,1236,0,0
57.4669,4.9734,1234,0,0
57.4917,4.9815,1236,0,0
57.5165,4.9815,1236,0,0
57.5413,4.9412,1226,0,0
57.5661,4.9815,1236,0,0
57.5909,4.9694,1233,0,0
57.6157,4.9855,1237,0,0
57.6405,4.9694,1233,0,0
57.6653,4.9855,1237,0,0
57.6901,4.9935,1239,0,0
57.7149,4.9815,1236,0,0
57.7397,4.9855,1237,0,0
57.7645,4.9935,1239,0,0
57.7893,4.9815,1236,0,0
57.8141,4.9331,1224,0,0
57.8389,5.0016,1241,0,0
57.8637,5.0177,1245,0,0
57.8885,5.0218,1246,0,0
57.9133,4.9613,1231,0,0
57.9381,4.9653,1232,0,0
57.9629,5.0097,1243,0,0
57.9877,4.9935,1239,0,0
58.0125,5.0177,1245,0,0
58.0373,4.9734,1234,0,0
58.0621,4.9815,1236,0,0
58.0869,4.9815,1236,0,0
58.1117,4.9935,1239,0,0
58.1365,4.9170,1220,0,0
58.1613,4.9250,1222,0,0
58.1861,4.9815,1236,0,0
58.2109,4.9855,1237,0,0
58.2358,4.9815,1236,0,0
58.2606,4.9734,1234,0,0
58.2854,4.9734,1234,0,0
58.3102,4.9734,1234,0,0
58.3350,4.9815,1236,0,0
58.3598,4.9734,1234,0,0
58.3846,4.9855,1237,0,0
58.4094,4.9815,1236,0,0
58.4342,4.9734,1234,0,0
58.4590,4.9935,1239,0,0
58.4838,4.9613,1231,0,0
58.5086,4.9734,1234,0,0
58.5334,4.9734,1234,0,0
58.5582,4.9815,1236,0,0
58.5830,4.9734,1234,0,0
58.6078,4.9734,1234,0,0
58.6326,4.9855,1237,0,0
58.6574,4.9734,1234,0,0
58.6822,4.9815,1236,0,0
58.7070,4.9815,1236,0,0
58.7318,4.9694,1233,0,0
58.7566,4.9855,1237,0,0
58.7814,4.9331,1224,0,0
58.8062,4.9815,1236,0,0
58.8310,4.9734,1234,0,0
58.8558,4.9935,1239,0,0
58.8806,5.0218,1246,0,0
58.9054,4.9734,1234,0,0
58.9302,4.9412,1226,0,0
58.9550,4.9855,1237,0,0
58.9798,4.9734,1234,0,0
59.0046,4.9815,1236,0,0
59.0294,4.9734,1234,0,0
59.0542,4.9935,1239,0,0
59.0790,4.9855,1237,0,0
59.1038,4.9734,1234,0,0
59.1286,4.9855,1237,0,0
59.1534,4.9734,1234,0,0
59.1782,4.9734,1234,0,0
59.2030,4.9694,1233,0,0
59.2278,5.0097,1243,0,0
59.2526,5.0056,1242,0,0
59.2774,4.9331,1224,0,0
59.3022,5.0016,1241,0,0
59.3271,4.9653,1232,0,0
59.3519,4.9734,1234,0,0
59.3767,4.9855,1237,0,0
59.4015,4.9613,1231,0,0
59.4263,4.9815,1236,0,0
59.4511,4.9734,1234,0,0
59.4759,5.0177,1245,0,0
59.5007,4.9291,1223,0,0
59.5255,4.9734,1234,0,0
59.5503,4.9815,1236,0,0
59.5751,4.9855,1237,0,0
59.5999,4.9815,1236,0,0
59.6247,4.9734,1234,0,0
59.6495,4.9815,1236,0,0
59.6743,4.9613,1231,0,0
59.6991,4.9734,1234,0,0
59.7239,4.9734,1234,0,0
59.7487,4.9855,1237,0,0
59.7735,4.9815,1236,0,0
59.7983,4.9815,1236,0,0
59.8231,4.9734,1234,0,0
59.8479,4.9734,1234,0,0
59.8727,4.9935,1239,0,0
59.8975,4.9412,1226,0,0
59.9223,4.9613,1231,0,0
59.9471,5.0097,1243,0,0
59.9719,4.9734,1234,0,0
59.9967,5.0056,1242,0,0
60.0215,4.9855,1237,0,0
60.0463,5.0056,1242,0,0
60.0711,4.9734,1234,0,0
60.0959,4.9815,1236,0,0
60.1207,4.9855,1237,0,0
60.1455,5.0177,1245,0,0
60.1703,4.9734,1234,0,0
60.1951,4.9855,1237,0,0
60.2199,5.0056,1242,0,0
60.2447,4.9855,1237,0,0
60.2695,4.9935,1239,0,0
60.2943,4.9734,1234,0,0
60.3191,5.0097,1243,0,0
60.3439,4.9734,1234,0,0
60.3687,4.9734,1234,0,0
60.3936,4.9734,1234,0,0
60.4184,4.9815,1236,0,0
60.4432,4.9734,1234,0,0
60.4680,4.9935,1239,0,0
60.4928,4.9855,1237,0,0
60.5176,4.9815,1236,0,0
60.5424,4.9734,1234,0,0
60.5672,4.9935,1239,0,0
60.5920,4.9734,1234,0,0
60.6168,4.9734,1234,0,0
60.6416,4.9935,1239,0,0
60.6664,5.0298,1248,0,0
60.6912,4.9855,1237,0,0
60.7160,4.9855,1237,0,0
60.7408,4.9855,1237,0,0
60.7656,5.0097,1243,0,0
60.7904,4.9815,1236,0,0
60.8152,4.9815,1236,0,0
60.8400,4.9412,1226,0,0
60.8648,5.0298,1248,0,0
60.8896,4.9734,1234,0,0
60.9144,4.9935,1239,0,0
60.9392,4.9331,1224,0,0
60.9640,5.0097,1243,0,0
60.9888,4.9815,1236,0,0
61.0136,4.9815,1236,0,0
61.0384,4.9734,1234,0,0
61.0632,5.0056,1242,0,0
61.0880,4.9815,1236,0,0
61.1128,4.9734,1234,0,0
61.1376,4.9613,1231,0,0
61.1624,4.9815,1236,0,0
61.1872,5.0097,1243,0,0
61.2120,4.9734,1234,0,0
61.2368,4.9734,1234,0,0
61.2616,5.0016,1241,0,0
61.2864,4.9855,1237,0,0
61.3112,4.9734,1234,0,0
61.3360,5.0298,1248,0,0
61.3608,4.9734,1234,0,0
61.3856,4.9935,1239,0,0
61.4104,5.0218,1246,0,0
61.4352,5.0298,1248,0,0
61.4600,4.9855,1237,0,0
61.4849,4.9613,1231,0,0
61.5097,4.9935,1239,0,0
61.5345,5.0056,1242,0,0
61.5593,4.9935,1239,0,0
61.5841,4.9935,1239,0,0
61.6089,4.9734,1234,0,0
61.6337,5.0056,1242,0,0
61.6585,4.9734,1234,0,0
61.6833,5.0097,1243,0,0
61.7081,4.9734,1234,0,0
61.7329,5.0016,1241,0,0
61.7577,4.9734,1234,0,0
61.7825,4.9734,1234,0,0
61.8073,5.0177,1245,0,0
61.8321,5.0298,1248,0,0
61.8569,5.0056,1242,0,0
61.8817,5.0016,1241,0,0
61.9065,4.9815,1236,0,0
61.9313,5.0016,1241,0,0
61.9561,4.9815,1236,0,0
61.9809,4.9371,1225,0,0
62.0057,4.9855,1237,0,0
62.0305,5.0177,1245,0,0
62.0553,4.9815,1236,0,0
62.0801,4.9935,1239,0,0
62.1049,4.9815,1236,0,0
62.1297,5.0177,1245,0,0
62.1545,4.9815,1236,0,0
62.1793,5.0097,1243,0,0
62.2041,5.0177,1245,0,0
62.2289,4.9935,1239,0,0
62.2537,5.0097,1243,0,0
62.2785,5.0097,1243,0,0
62.3033,4.9734,1234,0,0
62.3281,5.0218,1246,0,0
62.3529,4.9855,1237,0,0
62.3777,4.9815,1236,0,0
62.4025,5.0097,1243,0,0
62.4273,4.9935,1239,0,0
62.4521,5.0016,1241,0,0
62.4769,5.0298,1248,0,0
62.5017,4.9734,1234,0,0
62.5265,4.9935,1239,0,0
62.5513,5.0097,1243,0,0
62.5761,4.9855,1237,0,0
62.6010,5.0177,1245,0,0
62.6258,5.0056,1242,0,0
62.6506,4.9815,1236,0,0
62.6754,4.9855,1237,0,0
62.7002,4.9815,1236,0,0
62.7250,5.0056,1242,0,0
62.7498,5.0097,1243,0,0
62.7746,4.9815,1236,0,0
62.7994,4.9734,1234,0,0
62.8242,4.9694,1233,0,0
62.8490,5.0177,1245,0,0
62.8738,4.9935,1239,0,0
62.8986,5.0016,1241,0,0
62.9234,4.9734,1234,0,0
62.9482,4.9855,1237,0,0
62.9730,5.0016,1241,0,0
62.9978,5.0500,1253,0,0
63.0226,4.9855,1237,0,0
63.0474,5.0056,1242,0,0
63.0722,5.0056,1242,0,0
63.0970,5.0097,1243,0,0
63.1218,5.0056,1242,0,0
63.1466,4.9815,1236,0,0
63.1714,4.9935,1239,0,0
63.1962,5.0097,1243,0,0
63.2210,5.0056,1242,0,0
63.2458,5.0218,1246,0,0
63.2706,4.9935,1239,0,0
63.2954,5.0218,1246,0,0
63.3202,4.9815,1236,0,0
63.3450,4.9935,1239,0,0
63.3698,4.9815,1236,0,0
63.3946,5.0298,1248,0,0
63.4194,4.9935,1239,0,0
63.4442,5.0097,1243,0,0
63.4690,5.0218,1246,0,0
63.4938,4.9815,1236,0,0
63.5186,5.0097,1243,0,0
63.5434,4.9855,1237,0,0
63.5682,5.0177,1245,0,0
63.5930,5.0177,1245,0,0
63.6178,5.0056,1242,0,0
63.6427,4.9815,1236,0,0
63.6674,5.0177,1245,0,0
63.6923,4.9935,1239,0,0
63.7171,5.0218,1246,0,0
63.7419,5.0097,1243,0,0
63.7667,4.9855,1237,0,0
63.7915,5.0218,1246,0,0
63.8163,4.9653,1232,0,0
63.8411,5.0056,1242,0,0
63.8659,5.0016,1241,0,0
63.8907,4.9935,1239,0,0
63.9155,5.0016,1241,0,0
63.9403,4.9855,1237,0,0
63.9651,5.0056,1242,0,0
63.9899,5.0177,1245,0,0
64.0147,4.9935,1239,0,0
64.0395,5.0097,1243,0,0
64.0643,5.0177,1245,0,0
64.0891,4.9734,1234,0,0
64.1139,4.9815,1236,0,0
64.1387,4.9935,1239,0,0
64.1635,4.9935,1239,0,0
64.1883,4.9935,1239,0,0
64.2131,5.0056,1242,0,0
64.2379,5.0177,1245,0,0
64.2627,5.0097,1243,0,0
64.2875,4.9935,1239,0,0
64.3123,4.9613,1231,0,0
64.3371,5.0177,1245,0,0
64.3619,4.9815,1236,0,0
64.3867,5.0056,1242,0,0
64.4115,5.0177,1245,0,0
64.4363,5.0177,1245,0,0
64.4611,5.0056,1242,0,0
64.4859,4.9815,1236,0,0
64.5107,4.9935,1239,0,0
64.5355,5.0177,1245,0,0
64.5603,5.0056,1242,0,0
64.5851,5.0298,1248,0,0
64.6099,4.9935,1239,0,0
64.6347,4.9935,1239,0,0
64.6595,5.0097,1243,0,0
64.6843,4.9734,1234,0,0
64.7091,5.0177,1245,0,0
64.7339,5.0097,1243,0,0
64.7588,5.0097,1243,0,0
64.7836,5.0097,1243,0,0
64.8084,4.9935,1239,0,0
64.8332,5.0177,1245,0,0
64.8580,5.0298,1248,0,0
64.8828,4.9935,1239,0,0
64.9076,4.9734,1234,0,0
64.9324,4.9815,1236,0,0
64.9572,4.9935,1239,0,0
64.9820,4.9492,1228,0,0
65.0068,4.9855,1237,0,0
65.0316,5.0097,1243,0,0
65.0564,5.0097,1243,0,0
65.0812,5.0097,1243,0,0
65.1060,4.9734,1234,0,0
65.1308,5.0218,1246,0,0
65.1556,5.0097,1243,0,0
65.1804,5.0016,1241,0,0
65.2052,5.0218,1246,0,0
65.2300,5.0016,1241,0,0
65.2548,5.0097,1243,0,0
65.2796,4.9815,1236,0,0
65.3044,4.9855,1237,0,0
65.3292,4.9935,1239,0,0
65.3540,4.9734,1234,0,0
65.3788,4.9734,1234,0,0
65.4036,4.9815,1236,0,0
65.4284,5.0016,1241,0,0
65.4532,4.9935,1239,0,0
65.4780,5.0177,1245,0,0
65.5028,5.0056,1242,0,0
65.5276,5.0097,1243,0,0
65.5524,4.9734,1234,0,0
65.5772,5.0097,1243,0,0
65.6020,4.9935,1239,0,0
65.6268,4.9935,1239,0,0
65.6516,5.0298,1248,0,0
65.6764,5.0177,1245,0,0
65.7012,5.0177,1245,0,0
65.7260,4.9734,1234,0,0
65.7508,5.0177,1245,0,0
65.7756,5.0177,1245,0,0
65.8004,4.9855,1237,0,0
65.8252,4.9855,1237,0,0
65.8501,5.0298,1248,0,0
65.8749,5.0338,1249,0,0
65.8997,4.9412,1226,0,0
65.9245,4.9935,1239,0,0
65.9493,4.9855,1237,0,0
65.9741,5.0056,1242,0,0
65.9989,5.0177,1245,0,0
66.0237,4.9815,1236,0,0
66.0485,4.9855,1237,0,0
66.0733,5.0097,1243,0,0
66.0981,5.0097,1243,0,0
66.1229,4.9935,1239,0,0
66.1477,5.0218,1246,0,0
66.1725,5.0097,1243,0,0
66.1973,5.0016,1241,0,0
66.2221,5.0177,1245,0,0
66.2469,5.0016,1241,0,0
66.2717,5.0177,1245,0,0
66.2965,4.9412,1226,0,0
66.3213,5.0177,1245,0,0
66.3461,5.0097,1243,0,0
66.3709,5.0097,1243,0,0
66.3957,5.0218,1246,0,0
66.4205,5.0177,1245,0,0
66.4453,5.0218,1246,0,0
66.4701,4.9734,1234,0,0
66.4949,5.0338,1249,0,0
66.5197,5.0218,1246,0,0
66.5445,4.9734,1234,0,0
66.5693,5.0177,1245,0,0
66.5941,5.0218,1246,0,0
66.6189,5.0056,1242,0,0
66.6437,5.0177,1245,0,0
66.6685,5.0016,1241,0,0
66.6933,4.9935,1239,0,0
66.7181,5.0056,1242,0,0
66.7429,4.9815,1236,0,0
66.7677,5.0298,1248,0,0
66.7925,5.0177,1245,0,0
66.8173,4.9855,1237,0,0
66.8421,5.0056,1242,0,0
66.8669,5.0298,1248,0,0
66.8917,5.0177,1245,0,0
66.9165,5.0097,1243,0,0
66.9414,4.9855,1237,0,0
66.9662,5.0298,1248,0,0
66.9910,5.0097,1243,0,0
67.0158,4.9734,1234,0,0
67.0406,5.0177,1245,0,0
67.0654,5.0056,1242,0,0
67.0902,5.0177,1245,0,0
67.1150,4.9653,1232,0,0
67.1398,4.9935,1239,0,0
67.1646,5.0218,1246,0,0
67.1894,5.0056,1242,0,0
67.2142,5.0177,1245,0,0
67.2390,4.9935,1239,0,0
67.2638,5.0177,1245,0,0
67.2886,5.0016,1241,0,0
67.3134,4.9855,1237,0,0
67.3382,4.9935,1239,0,0
67.3630,4.9935,1239,0,0
67.3878,4.9935,1239,0,0
67.4126,5.0218,1246,0,0
67.4374,4.9815,1236,0,0
67.4622,5.0298,1248,0,0
67.4870,4.9855,1237,0,0
67.5118,4.9815,1236,0,0
67.5366,4.9935,1239,0,0
67.5614,5.0298,1248,0,0
67.5862,5.0218,1246,0,0
67.6110,5.0218,1246,0,0
67.6358,5.0298,1248,0,0
67.6606,5.0177,1245,0,0
67.6854,5.0097,1243,0,0
67.7102,5.0056,1242,0,0
67.7350,5.0177,1245,0,0
67.7598,5.0338,1249,0,0
67.7846,5.0298,1248,0,0
67.8094,5.0177,1245,0,0
67.8342,4.9815,1236,0,0
67.8590,5.0338,1249,0,0
67.8838,5.0056,1242,0,0
67.9086,4.9815,1236,0,0
67.9334,5.0218,1246,0,0
67.9582,5.0097,1243,0,0
67.9830,5.0097,1243,0,0
68.0079,5.0298,1248,0,0
68.0327,5.0298,1248,0,0
68.0575,5.0056,1242,0,0
68.0823,4.9855,1237,0,0
68.1071,5.0177,1245,0,0
68.1319,5.0298,1248,0,0
68.1567,5.0298,1248,0,0
68.1815,5.0097,1243,0,0
68.2063,4.9855,1237,0,0
68.2311,5.0298,1248,0,0
68.2559,5.0177,1245,0,0
68.2807,5.0097,1243,0,0
68.3055,5.0177,1245,0,0
68.3303,4.9815,1236,0,0
68.3551,5.0177,1245,0,0
68.3799,5.0218,1246,0,0
68.4047,4.9855,1237,0,0
68.4295,5.0338,1249,0,0
68.4543,4.9815,1236,0,0
68.4791,5.0056,1242,0,0
68.5039,4.9734,1234,0,0
68.5287,5.0056,1242,0,0
68.5535,4.9855,1237,0,0
68.5783,5.0218,1246,0,0
68.6031,5.0177,1245,0,0
68.6279,5.0338,1249,0,0
68.6527,5.0338,1249,0,0
68.6775,4.9815,1236,0,0
68.7023,5.0016,1241,0,0
68.7271,5.0177,1245,0,0
68.7519,5.0177,1245,0,0
68.7767,5.0338,1249,0,0
68.8015,5.0298,1248,0,0
68.8263,5.0056,1242,0,0
68.8511,4.9935,1239,0,0
68.8759,4.9855,1237,0,0
68.9007,4.9935,1239,0,0
68.9255,5.0298,1248,0,0
68.9503,4.9855,1237,0,0
68.9751,5.0056,1242,0,0
68.9999,4.9734,1234,0,0
69.0247,5.0177,1245,0,0
69.0495,5.0177,1245,0,0
69.0743,5.0097,1243,0,0
69.0992,4.9734,1234,0,0
69.1240,5.0298,1248,0,0
69.1488,5.0419,1251,0,0
69.1736,5.0218,1246,0,0
69.1984,5.0056,1242,0,0
69.2232,5.0097,1243,0,0
69.2480,5.0056,1242,0,0
69.2728,5.0218,1246,0,0
69.2976,5.0218,1246,0,0
69.3224,5.0097,1243,0,0
69.3472,5.0097,1243,0,0
69.3720,5.0177,1245,0,0
69.3968,4.9855,1237,0,0
69.4216,5.0379,1250,0,0
69.4464,5.0177,1245,0,0
69.4712,5.0097,1243,0,0
69.4960,5.0338,1249,0,0
69.5208,5.0177,1245,0,0
69.5456,5.0298,1248,0,0
69.5704,5.0056,1242,0,0
69.5952,5.0177,1245,0,0
69.6200,5.0218,1246,0,0
69.6448,5.0056,1242,0,0
69.6696,5.0097,1243,0,0
69.6944,5.0177,1245,0,0
69.7192,5.0177,1245,0,0
69.7440,4.9815,1236,0,0
69.7688,5.0218,1246,0,0
69.7936,5.0056,1242,0,0
69.8184,5.0338,1249,0,0
69.8432,5.0298,1248,0,0
69.8680,5.0218,1246,0,0
69.8928,5.0379,1250,0,0
69.9176,5.0177,1245,0,0
69.9424,5.0177,1245,0,0
69.9672,5.0379,1250,0,0
69.9920,5.0177,1245,0,0
70.0168,5.0218,1246,0,0
70.0416,5.0218,1246,0,0
70.0664,4.9935,1239,0,0
70.0912,5.0298,1248,0,0
70.1160,5.0298,1248,0,0
70.1408,4.9935,1239,0,0
70.1656,5.0338,1249,0,0
70.1905,5.0056,1242,0,0
70.2153,5.0661,1257,0,0
70.2401,5.0056,1242,0,0
70.2649,5.0177,1245,0,0
70.2897,5.0338,1249,0,0
70.3145,4.9815,1236,0,0
70.3393,5.0016,1241,0,0
70.3641,5.0500,1253,0,0
70.3889,5.0298,1248,0,0
70.4137,5.0097,1243,0,0
70.4385,5.0338,1249,0,0
70.4633,5.0177,1245,0,0
70.4881,5.0097,1243,0,0
70.5129,5.0298,1248,0,0
70.5377,4.9855,1237,0,0
70.5625,5.0338,1249,0,0
70.5873,5.0298,1248,0,0
70.6121,5.0782,1260,0,0
70.6369,5.0056,1242,0,0
70.6617,4.9815,1236,0,0
70.6865,5.0540,1254,0,0
70.7113,4.9734,1234,0,0
70.7361,5.0177,1245,0,0
70.7609,5.0177,1245,0,0
70.7857,4.9935,1239,0,0
70.8105,5.0177,1245,0,0
70.8353,5.0056,1242,0,0
70.8601,5.0218,1246,0,0
70.8849,5.0298,1248,0,0
70.9097,5.0218,1246,0,0
70.9345,5.0298,1248,0,0
70.9593,5.0177,1245,0,0
70.9841,4.9815,1236,0,0
71.0089,5.0298,1248,0,0
71.0337,5.0097,1243,0,0
71.0585,5.0218,1246,0,0
71.0833,5.0177,1245,0,0
71.1081,5.0298,1248,0,0
71.1329,5.0218,1246,0,0
71.1577,5.0218,1246,0,0
71.1825,5.0056,1242,0,0
71.2073,4.9855,1237,0,0
71.2321,5.0177,1245,0,0
71.2570,5.0298,1248,0,0
71.2818,4.9935,1239,0,0
71.3066,5.0056,1242,0,0
71.3314,4.9734,1234,0,0
71.3562,5.0097,1243,0,0
71.3810,5.0419,1251,0,0
71.4058,5.0298,1248,0,0
71.4306,5.0218,1246,0,0
71.4554,5.0298,1248,0,0
71.4802,4.9935,1239,0,0
71.5050,5.0056,1242,0,0
71.5298,5.0298,1248,0,0
71.5546,5.0298,1248,0,0
71.5794,5.0218,1246,0,0
71.6042,5.0056,1242,0,0
71.6290,5.0298,1248,0,0
71.6538,5.0540,1254,0,0
71.6786,5.0177,1245,0,0
71.7034,5.0298,1248,0,0
71.7282,5.0218,1246,0,0
71.7530,5.0419,1251,0,0
71.7778,4.9935,1239,0,0
71.8026,5.0419,1251,0,0
71.8274,5.0218,1246,0,0
71.8522,5.0218,1246,0,0
71.8770,5.0338,1249,0,0
71.9018,5.0379,1250,0,0
71.9266,5.0338,1249,0,0
71.9514,5.0298,1248,0,0
71.9762,5.0338,1249,0,0
72.0010,5.0218,1246,0,0
72.0258,5.0419,1251,0,0
72.0506,5.0097,1243,0,0
72.0754,4.9935,1239,0,0
72.1002,5.0338,1249,0,0
72.1250,4.9935,1239,0,0
72.1498,4.9815,1236,0,0
72.1746,5.0056,1242,0,0
72.1994,5.0298,1248,0,0
72.2242,5.0298,1248,0,0
72.2490,5.0298,1248,0,0
72.2738,5.0661,1257,0,0
72.2986,5.0419,1251,0,0
72.3234,5.0218,1246,0,0
72.3483,5.0218,1246,0,0
72.3731,5.0177,1245,0,0
72.3979,4.9935,1239,0,0
72.4227,5.0540,1254,0,0
72.4475,5.0298,1248,0,0
72.4723,5.0742,1259,0,0
72.4971,5.0097,1243,0,0
72.5219,5.0218,1246,0,0
72.5467,5.0177,1245,0,0
72.5715,5.0177,1245,0,0
72.5963,5.0056,1242,0,0
72.6211,5.0177,1245,0,0
72.6459,5.0218,1246,0,0
72.6707,5.0419,1251,0,0
72.6955,5.0298,1248,0,0
72.7203,5.0056,1242,0,0
72.7451,5.0298,1248,0,0
72.7699,5.0097,1243,0,0
72.7947,5.0298,1248,0,0
72.8195,5.0218,1246,0,0
72.8443,5.0298,1248,0,0
72.8691,5.0298,1248,0,0
72.8939,5.0177,1245,0,0
72.9187,5.0298,1248,0,0
72.9435,5.0218,1246,0,0
72.9683,5.0338,1249,0,0
72.9931,5.0379,1250,0,0
73.0179,5.0218,1246,0,0
73.0427,4.9815,1236,0,0
73.0675,5.0056,1242,0,0
73.0923,5.0419,1251,0,0
73.1171,5.0177,1245,0,0
73.1419,5.0379,1250,0,0
73.1667,5.0218,1246,0,0
73.1915,5.0500,1253,0,0
73.2163,5.0177,1245,0,0
73.2411,5.0298,1248,0,0
73.2659,5.0097,1243,0,0
73.2907,5.0338,1249,0,0
73.3155,5.0298,1248,0,0
73.3403,5.0298,1248,0,0
73.3651,5.0298,1248,0,0
73.3899,5.0177,1245,0,0
73.4147,5.0056,1242,0,0
73.4396,5.0419,1251,0,0
73.4643,5.0218,1246,0,0
73.4892,5.0419,1251,0,0
73.5140,5.0298,1248,0,0
73.5388,5.0218,1246,0,0
73.5636,5.0218,1246,0,0
73.5884,5.0298,1248,0,0
73.6132,5.0016,1241,0,0
73.6380,5.0540,1254,0,0
73.6628,5.0218,1246,0,0
73.6876,5.0298,1248,0,0
73.7124,5.0379,1250,0,0
73.7372,5.0298,1248,0,0
73.7620,5.0419,1251,0,0
73.7868,5.0218,1246,0,0
73.8116,4.9815,1236,0,0
73.8364,5.0218,1246,0,0
73.8612,5.0298,1248,0,0
73.8860,5.0298,1248,0,0
73.9108,5.0097,1243,0,0
73.9356,5.0177,1245,0,0
73.9604,5.0379,1250,0,0
73.9852,5.0177,1245,0,0
74.0100,5.0177,1245,0,0
74.0348,5.0742,1259,0,0
74.0596,5.0177,1245,0,0
74.0844,5.0218,1246,0,0
74.1092,5.0419,1251,0,0
74.1340,5.0338,1249,0,0
74.1588,5.0338,1249,0,0
74.1836,5.0338,1249,0,0
74.2084,5.0419,1251,0,0
74.2332,5.0338,1249,0,0
74.2580,5.0177,1245,0,0
74.2828,5.0218,1246,0,0
74.3076,5.0298,1248,0,0
74.3324,5.0298,1248,0,0
74.3572,5.0298,1248,0,0
74.3820,5.0298,1248,0,0
74.4068,5.0218,1246,0,0
74.4316,5.0218,1246,0,0
74.4564,5.0177,1245,0,0
74.4812,5.0177,1245,0,0
74.5061,5.0218,1246,0,0
74.5308,5.0338,1249,0,0
74.5556,5.0177,1245,0,0
74.5805,5.0298,1248,0,0
74.6053,4.9935,1239,0,0
74.6301,5.0298,1248,0,0
74.6549,5.0338,1249,0,0
74.6797,5.0177,1245,0,0
74.7045,5.0540,1254,0,0
74.7293,5.0338,1249,0,0
74.7541,5.0298,1248,0,0
74.7789,5.0218,1246,0,0
74.8037,5.0097,1243,0,0
74.8285,5.0661,1257,0,0
74.8533,5.0056,1242,0,0
74.8781,5.0218,1246,0,0
74.9029,5.0338,1249,0,0
74.9277,5.0056,1242,0,0
74.9525,5.0298,1248,0,0
74.9773,5.0338,1249,0,0
75.0021,5.0298,1248,0,0
75.0269,5.0177,1245,0,0
75.0517,5.0338,1249,0,0
75.0765,5.0419,1251,0,0
75.1013,5.0379,1250,0,0
75.1261,5.0177,1245,0,0
75.1509,5.0379,1250,0,0
75.1757,5.0177,1245,0,0
75.2005,5.0056,1242,0,0
75.2253,5.0298,1248,0,0
75.2501,5.0298,1248,0,0
75.2749,5.0218,1246,0,0
75.2997,5.0298,1248,0,0
75.3245,5.0056,1242,0,0
75.3493,5.0298,1248,0,0
75.3741,5.0298,1248,0,0
75.3989,5.0016,1241,0,0
75.4237,5.0177,1245,0,0
75.4485,5.0218,1246,0,0
75.4733,5.0218,1246,0,0
75.4981,5.0298,1248,0,0
75.5229,4.9935,1239,0,0
75.5477,5.0298,1248,0,0
75.5725,4.9935,1239,0,0
75.5974,5.0298,1248,0,0
75.6221,5.0218,1246,0,0
75.6469,5.0298,1248,0,0
75.6718,5.0338,1249,0,0
75.6966,5.0218,1246,0,0
75.7214,5.0419,1251,0,0
75.7462,5.0379,1250,0,0
75.7710,5.0298,1248,0,0
75.7958,5.0338,1249,0,0
75.8206,5.0298,1248,0,0
75.8454,5.0298,1248,0,0
75.8702,5.0379,1250,0,0
75.8950,5.0177,1245,0,0
75.9198,5.0218,1246,0,0
75.9446,5.0338,1249,0,0
75.9694,5.0379,1250,0,0
75.9942,5.0177,1245,0,0
76.0190,5.0419,1251,0,0
76.0438,5.0298,1248,0,0
76.0686,5.0419,1251,0,0
76.0934,5.0419,1251,0,0
76.1182,5.0742,1259,0,0
76.1430,5.0379,1250,0,0
76.1678,5.0338,1249,0,0
76.1926,5.0419,1251,0,0
76.2174,5.0540,1254,0,0
76.2422,5.0379,1250,0,0
76.2670,5.0338,1249,0,0
76.2918,5.0338,1249,0,0
76.3166,5.0218,1246,0,0
76.3414,5.0379,1250,0,0
76.3662,5.0177,1245,0,0
76.3910,5.0298,1248,0,0
76.4158,5.0338,1249,0,0
76.4406,5.0338,1249,0,0
76.4654,5.0419,1251,0,0
76.4902,5.0298,1248,0,0
76.5150,5.0338,1249,0,0
76.5398,5.0298,1248,0,0
76.5646,5.0177,1245,0,0
76.5894,5.0338,1249,0,0
76.6142,5.0419,1251,0,0
76.6390,5.0338,1249,0,0
76.6638,5.0338,1249,0,0
76.6886,5.0419,1251,0,0
76.7134,5.0338,1249,0,0
76.7383,5.0218,1246,0,0
76.7631,5.0218,1246,0,0
76.7879,5.0056,1242,0,0
76.8127,5.0218,1246,0,0
76.8375,5.0177,1245,0,0
76.8623,5.0177,1245,0,0
76.8871,5.0500,1253,0,0
76.9119,5.0177,1245,0,0
76.9367,5.0379,1250,0,0
76.9615,5.0218,1246,0,0
76.9863,5.0338,1249,0,0
77.0111,5.0419,1251,0,0
77.0359,5.0419,1251,0,0
77.0607,5.0338,1249,0,0
77.0855,5.0298,1248,0,0
77.1103,5.0338,1249,0,0
77.1351,5.0661,1257,0,0
77.1599,5.0097,1243,0,0
77.1847,5.0338,1249,0,0
77.2095,5.0419,1251,0,0
77.2343,5.0338,1249,0,0
77.2591,5.0379,1250,0,0
77.2839,5.0218,1246,0,0
77.3087,5.0379,1250,0,0
77.3335,5.0500,1253,0,0
77.3583,5.0298,1248,0,0
77.3831,5.0056,1242,0,0
77.4079,5.0419,1251,0,0
77.4327,5.0500,1253,0,0
77.4575,5.0298,1248,0,0
77.4823,5.0056,1242,0,0
77.5071,5.0500,1253,0,0
77.5319,5.0338,1249,0,0
77.5567,5.0177,1245,0,0
77.5815,5.0379,1250,0,0
77.6063,5.0500,1253,0,0
77.6311,5.0177,1245,0,0
77.6559,5.0661,1257,0,0
77.6807,5.0580,1255,0,0
77.7055,5.0338,1249,0,0
77.7303,5.0500,1253,0,0
77.7551,5.0298,1248,0,0
77.7799,5.0338,1249,0,0
77.8047,5.0298,1248,0,0
77.8296,5.0177,1245,0,0
77.8544,5.0500,1253,0,0
77.8792,5.0379,1250,0,0
77.9040,5.0500,1253,0,0
77.9288,5.0338,1249,0,0
77.9536,5.0177,1245,0,0
77.9784,5.0177,1245,0,0
78.0032,5.0661,1257,0,0
78.0280,5.0056,1242,0,0
78.0528,5.0419,1251,0,0
78.0776,5.0500,1253,0,0
78.1024,5.0379,1250,0,0
78.1272,5.0419,1251,0,0
78.1520,5.0742,1259,0,0
78.1768,5.0298,1248,0,0
78.2016,5.0298,1248,0,0
78.2264,5.0338,1249,0,0
78.2512,5.0701,1258,0,0
78.2760,5.0177,1245,0,0
78.3008,5.0338,1249,0,0
78.3256,5.0338,1249,0,0
78.3504,5.0298,1248,0,0
78.3752,5.0298,1248,0,0
78.4000,5.0338,1249,0,0
78.4248,5.0379,1250,0,0
78.4496,5.0419,1251,0,0
78.4744,5.0338,1249,0,0
78.4992,5.0298,1248,0,0
78.5240,5.0218,1246,0,0
78.5488,5.0338,1249,0,0
78.5736,5.0419,1251,0,0
78.5984,5.0338,1249,0,0
78.6232,5.0056,1242,0,0
78.6480,5.0177,1245,0,0
78.6728,5.0218,1246,0,0
78.6976,5.0742,1259,0,0
78.7224,5.0298,1248,0,0
78.7472,5.0218,1246,0,0
78.7720,5.0742,1259,0,0
78.7968,5.0218,1246,0,0
78.8216,5.0379,1250,0,0
78.8464,5.0379,1250,0,0
78.8712,5.0177,1245,0,0
78.8960,5.0419,1251,0,0
78.9209,5.0338,1249,0,0
78.9457,5.0379,1250,0,0
78.9705,5.0298,1248,0,0
78.9953,5.0379,1250,0,0
79.0201,5.0419,1251,0,0
79.0449,5.0419,1251,0,0
79.0697,5.0338,1249,0,0
79.0945,5.0701,1258,0,0
79.1193,5.0298,1248,0,0
79.1441,5.0338,1249,0,0
79.1689,5.0298,1248,0,0
79.1937,5.0338,1249,0,0
79.2185,5.0338,1249,0,0
79.2433,5.0419,1251,0,0
79.2681,5.0218,1246,0,0
79.2929,5.0218,1246,0,0
79.3177,5.0540,1254,0,0
79.3425,5.0500,1253,0,0
79.3673,5.0742,1259,0,0
79.3921,5.0298,1248,0,0
79.4169,5.0298,1248,0,0
79.4417,5.0298,1248,0,0
79.4665,5.0379,1250,0,0
79.4913,5.0701,1258,0,0
79.5161,5.0379,1250,0,0
79.5409,5.0379,1250,0,0
79.5657,5.0056,1242,0,0
79.5905,5.0419,1251,0,0
79.6153,5.0500,1253,0,0
79.6401,5.0298,1248,0,0
79.6649,5.0177,1245,0,0
79.6897,5.0338,1249,0,0
79.7145,5.0419,1251,0,0
79.7393,5.0298,1248,0,0
79.7641,5.0177,1245,0,0
79.7889,5.0298,1248,0,0
79.8137,5.0298,1248,0,0
79.8385,5.0419,1251,0,0
79.8633,5.0419,1251,0,0
79.8881,5.0742,1259,0,0
79.9129,5.0218,1246,0,0
79.9377,5.0177,1245,0,0
79.9625,5.0298,1248,0,0
79.9874,5.0177,1245,0,0
80.0122,5.0782,1260,0,0
80.0370,5.0580,1255,0,0
80.0618,5.0177,1245,0,0
80.0866,5.0298,1248,0,0
80.1114,5.0298,1248,0,0
80.1362,5.0298,1248,0,0
80.1610,5.0500,1253,0,0
80.1858,5.0177,1245,0,0
80.2106,5.0218,1246,0,0
80.2354,5.0419,1251,0,0
80.2602,5.0338,1249,0,0
80.2850,5.0338,1249,0,0
80.3098,5.0338,1249,0,0
80.3346,5.0298,1248,0,0
80.3594,5.0419,1251,0,0
80.3842,5.0218,1246,0,0
80.4090,5.0742,1259,0,0
80.4338,5.0338,1249,0,0
80.4586,5.0338,1249,0,0
80.4834,5.0661,1257,0,0
80.5082,5.0298,1248,0,0
80.5330,5.0500,1253,0,0
80.5578,5.0419,1251,0,0
80.5826,4.9935,1239,0,0
80.6074,5.0500,1253,0,0
80.6322,5.0338,1249,0,0
80.6570,5.0298,1248,0,0
80.6818,5.0701,1258,0,0
80.7066,5.0419,1251,0,0
80.7314,5.0338,1249,0,0
80.7562,5.0419,1251,0,0
80.7810,5.0338,1249,0,0
80.8058,5.0298,1248,0,0
80.8306,5.0177,1245,0,0
80.8554,5.0500,1253,0,0
80.8802,5.0701,1258,0,0
80.9050,5.0218,1246,0,0
80.9298,5.0500,1253,0,0
80.9546,5.0056,1242,0,0
80.9794,5.0218,1246,0,0
81.0042,5.0338,1249,0,0
81.0290,5.0661,1257,0,0
81.0538,5.0056,1242,0,0
81.0787,5.0097,1243,0,0
81.1035,5.0097,1243,0,0
81.1283,5.0338,1249,0,0
81.1531,5.0379,1250,0,0
81.1779,5.0742,1259,0,0
81.2027,5.0782,1260,0,0
81.2275,5.0218,1246,0,0
81.2523,5.0338,1249,0,0
81.2771,5.0419,1251,0,0
81.3019,5.0379,1250,0,0
81.3267,5.0218,1246,0,0
81.3515,5.0338,1249,0,0
81.3763,5.0218,1246,0,0
81.4011,5.0742,1259,0,0
81.4259,5.0379,1250,0,0
81.4507,5.0500,1253,0,0
81.4755,5.0298,1248,0,0
81.5003,5.0218,1246,0,0
81.5251,5.0782,1260,0,0
81.5499,5.0419,1251,0,0
81.5747,5.0298,1248,0,0
81.5995,5.0540,1254,0,0
81.6243,5.0580,1255,0,0
81.6491,5.0338,1249,0,0
81.6739,5.0661,1257,0,0
81.6987,5.0298,1248,0,0
81.7235,5.0379,1250,0,0
81.7483,5.0379,1250,0,0
81.7731,5.0298,1248,0,0
81.7979,5.0661,1257,0,0
81.8227,5.0500,1253,0,0
81.8475,5.0338,1249,0,0
81.8723,5.0379,1250,0,0
81.8971,5.0338,1249,0,0
81.9219,5.0661,1257,0,0
81.9467,5.0701,1258,0,0
81.9715,5.0500,1253,0,0
81.9963,5.0500,1253,0,0
82.0211,5.0056,1242,0,0
82.0459,5.0379,1250,0,0
82.0707,5.0379,1250,0,0
82.0955,5.0338,1249,0,0
82.1203,5.0338,1249,0,0
82.1451,5.0298,1248,0,0
82.1700,5.0379,1250,0,0
82.1948,5.0338,1249,0,0
82.2196,5.0298,1248,0,0
82.2444,5.0338,1249,0,0
82.2692,5.0419,1251,0,0
82.2940,5.0661,1257,0,0
82.3188,5.0338,1249,0,0
82.3436,5.0500,1253,0,0
82.3684,5.0379,1250,0,0
82.3932,5.0822,1261,0,0
82.4180,5.0338,1249,0,0
82.4428,5.0419,1251,0,0
82.4676,5.0419,1251,0,0
82.4924,5.0903,1263,0,0
82.5172,5.0661,1257,0,0
82.5420,5.0338,1249,0,0
82.5668,5.0177,1245,0,0
82.5916,5.0580,1255,0,0
82.6164,5.0661,1257,0,0
82.6412,5.0742,1259,0,0
82.6660,5.0661,1257,0,0
82.6908,5.0419,1251,0,0
82.7156,5.0782,1260,0,0
82.7404,5.0701,1258,0,0
82.7652,5.0338,1249,0,0
82.7900,5.0419,1251,0,0
82.8148,5.0338,1249,0,0
82.8396,5.0298,1248,0,0
82.8644,5.0298,1248,0,0
82.8892,5.0338,1249,0,0
82.9140,5.0177,1245,0,0
82.9388,5.0379,1250,0,0
82.9636,5.0338,1249,0,0
82.9884,5.0338,1249,0,0
83.0132,5.0338,1249,0,0
83.0380,5.0298,1248,0,0
83.0628,5.0500,1253,0,0
83.0876,5.0218,1246,0,0
83.1124,5.0701,1258,0,0
83.1372,5.0298,1248,0,0
83.1620,5.0298,1248,0,0
83.1868,5.0177,1245,0,0
83.2116,5.0500,1253,0,0
83.2365,5.0379,1250,0,0
83.2613,5.0379,1250,0,0
83.2861,5.0177,1245,0,0
83.3109,5.0419,1251,0,0
83.3357,5.0298,1248,0,0
83.3605,5.0661,1257,0,0
83.3853,5.0540,1254,0,0
83.4101,5.0218,1246,0,0
83.4349,5.0419,1251,0,0
83.4597,5.0338,1249,0,0
83.4845,5.0379,1250,0,0
83.5093,5.0338,1249,0,0
83.5341,5.0338,1249,0,0
83.5589,5.0338,1249,0,0
83.5837,5.0661,1257,0,0
83.6085,5.0338,1249,0,0
83.6333,5.0338,1249,0,0
83.6581,5.0338,1249,0,0
83.6829,5.0701,1258,0,0
83.7077,5.0782,1260,0,0
83.7325,5.0500,1253,0,0
83.7573,5.0379,1250,0,0
83.7821,5.0500,1253,0,0
83.8069,4.9734,1234,0,0
83.8317,5.0177,1245,0,0
83.8565,5.0298,1248,0,0
83.8813,5.0338,1249,0,0
83.9061,5.0500,1253,0,0
83.9309,5.0338,1249,0,0
83.9557,5.0379,1250,0,0
83.9805,5.0580,1255,0,0
84.0053,5.0500,1253,0,0
84.0301,5.0419,1251,0,0
84.0549,5.0338,1249,0,0
84.0797,5.0218,1246,0,0
84.1045,5.0338,1249,0,0
84.1293,5.0338,1249,0,0
84.1541,5.0177,1245,0,0
84.1789,5.0661,1257,0,0
84.2037,5.0338,1249,0,0
84.2285,5.0298,1248,0,0
84.2533,5.0298,1248,0,0
84.2781,5.0661,1257,0,0
84.3029,5.0862,1262,0,0
84.3278,5.0338,1249,0,0
84.3526,5.0298,1248,0,0
84.3774,5.0419,1251,0,0
84.4022,5.0661,1257,0,0
84.4270,5.0298,1248,0,0
84.4518,5.0500,1253,0,0
84.4766,5.0338,1249,0,0
84.5014,5.0419,1251,0,0
84.5262,5.0419,1251,0,0
84.5510,5.0661,1257,0,0
84.5758,5.0379,1250,0,0
84.6006,5.0419,1251,0,0
84.6254,5.0218,1246,0,0
84.6502,5.0419,1251,0,0
84.6750,5.0218,1246,0,0
84.6998,5.0338,1249,0,0
84.7246,5.0298,1248,0,0
84.7494,5.0177,1245,0,0
84.7742,5.0338,1249,0,0
84.7990,5.0338,1249,0,0
84.8238,5.0338,1249,0,0
84.8486,5.0298,1248,0,0
84.8734,5.0580,1255,0,0
84.8982,5.0097,1243,0,0
84.9230,5.0379,1250,0,0
84.9478,5.0540,1254,0,0
84.9726,5.0177,1245,0,0
84.9974,5.0338,1249,0,0
85.0222,5.0298,1248,0,0
85.0470,5.0379,1250,0,0
85.0718,5.0338,1249,0,0
85.0966,5.0540,1254,0,0
85.1214,5.0379,1250,0,0
85.1462,5.0218,1246,0,0
85.1710,5.0782,1260,0,0
85.1958,5.0500,1253,0,0
85.2206,5.0218,1246,0,0
85.2454,5.0419,1251,0,0
85.2702,5.0419,1251,0,0
85.2950,5.0298,1248,0,0
85.3198,5.0097,1243,0,0
85.3446,5.0338,1249,0,0
85.3694,5.0419,1251,0,0
85.3942,5.0782,1260,0,0
85.4191,5.0661,1257,0,0
85.4439,5.0298,1248,0,0
85.4687,5.0419,1251,0,0
85.4935,5.0298,1248,0,0
85.5183,5.0862,1262,0,0
85.5431,5.0177,1245,0,0
85.5679,5.0742,1259,0,0
85.5927,5.0379,1250,0,0
85.6175,5.0701,1258,0,0
85.6423,5.0500,1253,0,0
85.6671,5.0661,1257,0,0
85.6919,5.0338,1249,0,0
85.7167,5.0298,1248,0,0
85.7415,5.0419,1251,0,0
85.7663,5.0419,1251,0,0
85.7911,5.0298,1248,0,0
85.8159,5.0661,1257,0,0
85.8407,5.0661,1257,0,0
85.8655,5.0500,1253,0,0
85.8903,5.0379,1250,0,0
85.9151,5.0782,1260,0,0
85.9399,5.0338,1249,0,0
85.9647,5.0500,1253,0,0
85.9895,5.0177,1245,0,0
86.0143,5.0379,1250,0,0
86.0391,5.0379,1250,0,0
86.0639,5.0782,1260,0,0
86.0887,5.0338,1249,0,0
86.1135,5.0419,1251,0,0
86.1383,5.0419,1251,0,0
86.1631,5.0500,1253,0,0
86.1879,5.0500,1253,0,0
86.2127,5.0298,1248,0,0
86.2375,5.0379,1250,0,0
86.2623,5.0419,1251,0,0
86.2871,5.0580,1255,0,0
86.3119,5.0218,1246,0,0
86.3367,5.0661,1257,0,0
86.3615,5.0661,1257,0,0
86.3863,5.0298,1248,0,0
86.4111,5.0862,1262,0,0
86.4359,5.0782,1260,0,0
86.4607,5.0379,1250,0,0
86.4855,5.0862,1262,0,0
86.5104,5.0419,1251,0,0
86.5352,5.0218,1246,0,0
86.5600,5.0782,1260,0,0
86.5848,5.0338,1249,0,0
86.6096,5.0298,1248,0,0
86.6344,5.0379,1250,0,0
86.6592,5.0419,1251,0,0
86.6840,5.0379,1250,0,0
86.7088,5.0782,1260,0,0
86.7336,5.0298,1248,0,0
86.7584,5.0218,1246,0,0
86.7832,5.0298,1248,0,0
86.8080,5.0298,1248,0,0
86.8328,5.0379,1250,0,0
86.8576,5.0822,1261,0,0
86.8824,5.0782,1260,0,0
86.9072,5.0500,1253,0,0
86.9320,5.0298,1248,0,0
86.9568,5.0661,1257,0,0
86.9816,5.0500,1253,0,0
87.0064,5.0338,1249,0,0
87.0312,5.0580,1255,0,0
87.0560,5.0580,1255,0,0
87.0808,5.0097,1243,0,0
87.1056,5.0338,1249,0,0
87.1304,5.0500,1253,0,0
87.1552,5.0661,1257,0,0
87.1800,5.0419,1251,0,0
87.2048,5.0500,1253,0,0
87.2296,5.0500,1253,0,0
87.2544,5.0298,1248,0,0
87.2792,5.0379,1250,0,0
87.3040,5.0419,1251,0,0
87.3288,5.0903,1263,0,0
87.3536,5.0338,1249,0,0
87.3784,5.0661,1257,0,0
87.4032,5.0500,1253,0,0
87.4280,5.0500,1253,0,0
87.4528,5.0379,1250,0,0
87.4776,5.0661,1257,0,0
87.5024,5.0419,1251,0,0
87.5272,5.0097,1243,0,0
87.5520,5.0782,1260,0,0
87.5769,5.0661,1257,0,0
87.6017,5.0298,1248,0,0
87.6264,5.0379,1250,0,0
87.6513,5.0661,1257,0,0
87.6761,5.0338,1249,0,0
87.7009,5.0338,1249,0,0
87.7257,5.0379,1250,0,0
87.7505,5.0338,1249,0,0
87.7753,5.0782,1260,0,0
87.8001,5.0379,1250,0,0
87.8249,5.0782,1260,0,0
87.8497,5.0782,1260,0,0
87.8745,5.0661,1257,0,0
87.8993,5.0419,1251,0,0
87.9241,5.0298,1248,0,0
87.9489,5.0419,1251,0,0
87.9737,5.0379,1250,0,0
87.9985,5.0218,1246,0,0
88.0233,5.0862,1262,0,0
88.0481,5.0500,1253,0,0
88.0729,5.0742,1259,0,0
88.0977,5.0419,1251,0,0
88.1225,5.0500,1253,0,0
88.1473,5.0419,1251,0,0
88.1721,5.0419,1251,0,0
88.1969,5.0661,1257,0,0
88.2217,5.0419,1251,0,0
88.2465,5.0379,1250,0,0
88.2713,5.0742,1259,0,0
88.2961,5.0218,1246,0,0
88.3209,5.0661,1257,0,0
88.3457,5.0701,1258,0,0
88.3705,5.0500,1253,0,0
88.3953,5.0338,1249,0,0
88.4201,5.0298,1248,0,0
88.4449,5.0419,1251,0,0
88.4697,5.0580,1255,0,0
88.4945,5.0661,1257,0,0
88.5193,5.0701,1258,0,0
88.5441,5.0379,1250,0,0
88.5689,5.0419,1251,0,0
88.5937,5.0298,1248,0,0
88.6185,5.0298,1248,0,0
88.6433,5.0661,1257,0,0
88.6682,5.0782,1260,0,0
88.6929,5.0419,1251,0,0
88.7178,5.0298,1248,0,0
88.7426,5.0379,1250,0,0
88.7674,5.0500,1253,0,0
88.7922,5.0500,1253,0,0
88.8170,5.0701,1258,0,0
88.8418,5.0782,1260,0,0
88.8666,5.0379,1250,0,0
88.8914,5.0661,1257,0,0
88.9162,5.0661,1257,0,0
88.9410,5.0862,1262,0,0
88.9658,5.0661,1257,0,0
88.9906,5.0661,1257,0,0
89.0154,5.0419,1251,0,0
89.0402,5.0782,1260,0,0
89.0650,5.0661,1257,0,0
89.0898,5.0379,1250,0,0
89.1146,5.0540,1254,0,0
89.1394,5.0661,1257,0,0
89.1642,5.0661,1257,0,0
89.1890,5.0782,1260,0,0
89.2138,5.0379,1250,0,0
89.2386,5.0298,1248,0,0
89.2634,5.0338,1249,0,0
89.2882,5.0742,1259,0,0
89.3130,5.0742,1259,0,0
89.3378,5.0701,1258,0,0
89.3626,5.0500,1253,0,0
89.3874,5.0742,1259,0,0
89.4122,5.0218,1246,0,0
89.4370,5.0500,1253,0,0
89.4618,5.0218,1246,0,0
89.4866,5.0500,1253,0,0
89.5114,5.0500,1253,0,0
89.5362,5.0862,1262,0,0
89.5610,5.0379,1250,0,0
89.5858,5.0338,1249,0,0
89.6106,5.0500,1253,0,0
89.6354,5.0419,1251,0,0
89.6602,5.0419,1251,0,0
89.6850,5.0218,1246,0,0
89.7098,5.0338,1249,0,0
89.7346,5.0218,1246,0,0
89.7594,5.0822,1261,0,0
89.7842,5.0500,1253,0,0
89.8091,5.1064,1267,0,0
89.8339,5.0338,1249,0,0
89.8587,5.0379,1250,0,0
89.8835,5.0782,1260,0,0
89.9083,5.0661,1257,0,0
89.9331,5.0661,1257,0,0
89.9579,5.0540,1254,0,0
89.9827,5.0379,1250,0,0
90.0075,5.0661,1257,0,0
90.0323,5.0661,1257,0,0
90.0571,5.0500,1253,0,0
90.0819,5.0862,1262,0,0
90.1067,5.0661,1257,0,0
90.1315,5.0540,1254,0,0
90.1563,5.0782,1260,0,0
90.1811,5.0298,1248,0,0
90.2059,5.0742,1259,0,0
90.2307,5.0218,1246,0,0
90.2555,5.0500,1253,0,0
90.2803,5.0701,1258,0,0
90.3051,5.0782,1260,0,0
90.3299,5.0177,1245,0,0
90.3547,5.0782,1260,0,0
90.3795,5.0379,1250,0,0
90.4043,5.0701,1258,0,0
90.4291,5.0500,1253,0,0
90.4539,5.0742,1259,0,0
90.4787,5.0298,1248,0,0
90.5035,5.0218,1246,0,0
90.5283,5.0580,1255,0,0
90.5531,5.0338,1249,0,0
90.5779,5.0661,1257,0,0
90.6027,5.0742,1259,0,0
90.6275,5.0379,1250,0,0
90.6523,5.0298,1248,0,0
90.6771,5.0379,1250,0,0
90.7019,5.0661,1257,0,0
90.7267,5.0500,1253,0,0
90.7515,5.0782,1260,0,0
90.7763,5.0338,1249,0,0
90.8011,5.0379,1250,0,0
90.8260,5.0580,1255,0,0
90.8507,5.0500,1253,0,0
90.8755,5.0379,1250,0,0
90.9004,5.0742,1259,0,0
90.9252,5.0338,1249,0,0
90.9500,5.0500,1253,0,0
90.9748,5.0742,1259,0,0
90.9996,5.0419,1251,0,0
91.0244,5.0298,1248,0,0
91.0492,5.0379,1250,0,0
91.0740,5.0419,1251,0,0
91.0988,5.0661,1257,0,0
91.1236,5.0298,1248,0,0
91.1484,5.0661,1257,0,0
91.1732,5.0782,1260,0,0
91.1980,5.0822,1261,0,0
91.2228,5.0540,1254,0,0
91.2476,5.0500,1253,0,0
91.2724,5.0338,1249,0,0
91.2972,5.0500,1253,0,0
91.3220,5.0782,1260,0,0
91.3468,5.0500,1253,0,0
91.3716,5.0419,1251,0,0
91.3964,5.0500,1253,0,0
91.4212,5.0822,1261,0,0
91.4460,5.0298,1248,0,0
91.4708,5.0782,1260,0,0
91.4956,5.0862,1262,0,0
91.5204,5.0379,1250,0,0
91.5452,5.0419,1251,0,0
91.5700,5.0580,1255,0,0
91.5948,5.0298,1248,0,0
91.6196,5.0540,1254,0,0
91.6444,5.0218,1246,0,0
91.6692,5.0338,1249,0,0
91.6940,5.0500,1253,0,0
91.7188,5.0742,1259,0,0
91.7436,5.0782,1260,0,0
91.7684,5.0782,1260,0,0
91.7932,5.0742,1259,0,0
91.8180,5.0419,1251,0,0
91.8428,5.0379,1250,0,0
91.8676,5.0742,1259,0,0
91.8924,5.0701,1258,0,0
91.9172,5.0298,1248,0,0
91.9420,5.0661,1257,0,0
91.9669,5.0782,1260,0,0
91.9917,5.0661,1257,0,0
92.0165,5.0379,1250,0,0
92.0413,5.0298,1248,0,0
92.0661,5.0540,1254,0,0
92.0909,5.0177,1245,0,0
92.1157,5.0500,1253,0,0
92.1405,5.0419,1251,0,0
92.1653,5.0298,1248,0,0
92.1901,5.0661,1257,0,0
92.2149,5.0500,1253,0,0
92.2397,5.0701,1258,0,0
92.2645,5.0379,1250,0,0
92.2893,5.0419,1251,0,0
92.3141,5.0661,1257,0,0
92.3389,5.0419,1251,0,0
92.3637,5.0742,1259,0,0
92.3885,5.0218,1246,0,0
92.4133,5.0379,1250,0,0
92.4381,5.0379,1250,0,0
92.4629,5.0298,1248,0,0
92.4877,5.0338,1249,0,0
92.5125,5.0701,1258,0,0
92.5373,5.0500,1253,0,0
92.5621,5.0419,1251,0,0
92.5869,5.0298,1248,0,0
92.6117,5.0177,1245,0,0
92.6365,5.0419,1251,0,0
92.6613,5.0379,1250,0,0
92.6861,5.0298,1248,0,0
92.7109,5.0782,1260,0,0
92.7357,5.0379,1250,0,0
92.7605,5.0701,1258,0,0
92.7853,5.0218,1246,0,0
92.8101,5.0338,1249,0,0
92.8349,5.0661,1257,0,0
92.8597,5.0742,1259,0,0
92.8845,5.0500,1253,0,0
92.9093,5.0379,1250,0,0
92.9341,5.0500,1253,0,0
92.9589,5.0338,1249,0,0
92.9837,5.0379,1250,0,0
93.0085,5.0983,1265,0,0
93.0333,5.0661,1257,0,0
93.0582,5.0862,1262,0,0
93.0830,5.0742,1259,0,0
93.1078,5.0338,1249,0,0
93.1326,5.0661,1257,0,0
93.1574,5.0742,1259,0,0
93.1822,5.0782,1260,0,0
93.2070,5.0782,1260,0,0
93.2318,5.0338,1249,0,0
93.2566,5.0782,1260,0,0
93.2814,5.0782,1260,0,0
93.3062,5.0742,1259,0,0
93.3310,5.0661,1257,0,0
93.3558,5.0540,1254,0,0
93.3806,5.0540,1254,0,0
93.4054,5.0782,1260,0,0
93.4302,5.0862,1262,0,0
93.4550,5.0661,1257,0,0
93.4798,5.0379,1250,0,0
93.5046,5.0379,1250,0,0
93.5294,5.0661,1257,0,0
93.5542,5.0782,1260,0,0
93.5790,5.0379,1250,0,0
93.6038,5.0661,1257,0,0
93.6286,5.0742,1259,0,0
93.6534,5.0580,1255,0,0
93.6782,5.0177,1245,0,0
93.7030,5.0338,1249,0,0
93.7278,5.0943,1264,0,0
93.7526,5.0338,1249,0,0
93.7774,5.0701,1258,0,0
93.8022,5.0580,1255,0,0
93.8270,5.1064,1267,0,0
93.8518,5.0742,1259,0,0
93.8766,5.0500,1253,0,0
93.9014,5.0782,1260,0,0
93.9262,5.0540,1254,0,0
93.9510,5.0419,1251,0,0
93.9758,5.0782,1260,0,0
94.0006,5.0177,1245,0,0
94.0254,5.0500,1253,0,0
94.0502,5.0782,1260,0,0
94.0750,5.0379,1250,0,0
94.0998,5.0661,1257,0,0
94.1246,5.0661,1257,0,0
94.1495,5.0701,1258,0,0
94.1743,5.0580,1255,0,0
94.1991,5.0338,1249,0,0
94.2239,5.0862,1262,0,0
94.2487,5.0500,1253,0,0
94.2735,5.0782,1260,0,0
94.2983,5.0419,1251,0,0
94.3231,5.0701,1258,0,0
94.3479,5.0298,1248,0,0
94.3727,5.0661,1257,0,0
94.3975,5.0742,1259,0,0
94.4223,5.0661,1257,0,0
94.4471,5.0782,1260,0,0
94.4719,5.0097,1243,0,0
94.4967,5.0661,1257,0,0
94.5215,5.0500,1253,0,0
94.5463,5.0338,1249,0,0
94.5711,5.0500,1253,0,0
94.5959,5.0701,1258,0,0
94.6207,5.0419,1251,0,0
94.6455,5.0540,1254,0,0
94.6703,5.0500,1253,0,0
94.6951,5.0782,1260,0,0
94.7199,5.0500,1253,0,0
94.7447,5.0822,1261,0,0
94.7695,5.0419,1251,0,0
94.7943,5.0540,1254,0,0
94.8191,5.0701,1258,0,0
94.8439,5.0983,1265,0,0
94.8687,5.0540,1254,0,0
94.8935,5.0782,1260,0,0
94.9183,5.0338,1249,0,0
94.9431,5.0661,1257,0,0
94.9679,5.0822,1261,0,0
94.9927,5.0500,1253,0,0
95.0175,5.0742,1259,0,0
95.0423,5.0540,1254,0,0
95.0671,5.0782,1260,0,0
95.0919,5.0862,1262,0,0
95.1167,5.0419,1251,0,0
95.1415,5.0983,1265,0,0
95.1663,5.0782,1260,0,0
95.1911,5.0782,1260,0,0
95.2160,5.0782,1260,0,0
95.2408,5.0782,1260,0,0
95.2656,5.0580,1255,0,0
95.2904,5.0822,1261,0,0
95.3152,5.0419,1251,0,0
95.3400,5.0338,1249,0,0
95.3648,5.0379,1250,0,0
95.3896,5.0822,1261,0,0
95.4144,5.0782,1260,0,0
95.4392,5.0379,1250,0,0
95.4640,5.0742,1259,0,0
95.4888,5.0379,1250,0,0
95.5136,5.0661,1257,0,0
95.5384,5.0540,1254,0,0
95.5632,5.0943,1264,0,0
95.5880,5.0379,1250,0,0
95.6128,5.0661,1257,0,0
95.6376,5.0419,1251,0,0
95.6624,5.0862,1262,0,0
95.6872,5.0661,1257,0,0
95.7120,5.0580,1255,0,0
95.7368,5.0661,1257,0,0
95.7616,5.0338,1249,0,0
95.7864,5.0742,1259,0,0
95.8112,5.0338,1249,0,0
95.8360,5.0742,1259,0,0
95.8608,5.0782,1260,0,0
95.8856,5.0903,1263,0,0
95.9104,5.0338,1249,0,0
95.9352,5.0540,1254,0,0
95.9600,5.0742,1259,0,0
95.9848,5.0338,1249,0,0
96.0096,5.0419,1251,0,0
96.0344,5.0701,1258,0,0
96.0592,5.0338,1249,0,0
96.0840,5.0782,1260,0,0
96.1088,5.0338,1249,0,0
96.1336,5.0862,1262,0,0
96.1584,5.0742,1259,0,0
96.1832,5.0661,1257,0,0
96.2080,5.0701,1258,0,0
96.2328,5.0419,1251,0,0
96.2576,5.0782,1260,0,0
96.2824,5.0943,1264,0,0
96.3073,5.0338,1249,0,0
96.3321,5.0661,1257,0,0
96.3569,5.0782,1260,0,0
96.3817,5.0298,1248,0,0
96.4065,5.0742,1259,0,0
96.4313,5.0500,1253,0,0
96.4561,5.0742,1259,0,0
96.4809,5.0742,1259,0,0
96.5057,5.0338,1249,0,0
96.5305,5.0500,1253,0,0
96.5553,5.0742,1259,0,0
96.5801,5.0782,1260,0,0
96.6049,5.0862,1262,0,0
96.6297,5.0742,1259,0,0
96.6545,5.0419,1251,0,0
96.6793,5.0862,1262,0,0
96.7041,5.0419,1251,0,0
96.7289,5.0983,1265,0,0
96.7537,5.0500,1253,0,0
96.7785,5.0379,1250,0,0
96.8033,5.0580,1255,0,0
96.8281,5.0580,1255,0,0
96.8529,5.0580,1255,0,0
96.8777,5.0298,1248,0,0
96.9025,5.0782,1260,0,0
96.9273,5.0742,1259,0,0
96.9521,5.0782,1260,0,0
96.9769,5.0540,1254,0,0
97.0017,5.0218,1246,0,0
97.0265,5.0419,1251,0,0
97.0513,5.0661,1257,0,0
97.0761,5.0419,1251,0,0
97.1009,5.0701,1258,0,0
97.1257,5.0701,1258,0,0
97.1505,5.0580,1255,0,0
97.1753,5.0218,1246,0,0
97.2001,5.0782,1260,0,0
97.2249,5.0862,1262,0,0
97.2497,5.0742,1259,0,0
97.2745,5.0742,1259,0,0
97.2993,5.0661,1257,0,0
97.3241,5.0822,1261,0,0
97.3489,5.0943,1264,0,0
97.3737,5.0500,1253,0,0
97.3986,5.0782,1260,0,0
97.4234,5.0419,1251,0,0
97.4482,5.0943,1264,0,0
97.4730,5.0298,1248,0,0
97.4978,5.0580,1255,0,0
97.5226,5.0338,1249,0,0
97.5474,5.0218,1246,0,0
97.5722,5.0298,1248,0,0
97.5970,5.0540,1254,0,0
97.6218,5.0580,1255,0,0
97.6466,5.0742,1259,0,0
97.6714,5.0379,1250,0,0
97.6962,5.0379,1250,0,0
97.7210,5.0701,1258,0,0
97.7458,5.0338,1249,0,0
97.7706,5.0580,1255,0,0
97.7954,5.0661,1257,0,0
97.8202,5.0661,1257,0,0
97.8450,5.0822,1261,0,0
97.8698,5.0943,1264,0,0
97.8946,5.0742,1259,0,0
97.9194,5.0661,1257,0,0
97.9442,5.0742,1259,0,0
97.9690,5.0661,1257,0,0
97.9938,5.0419,1251,0,0
98.0186,5.0540,1254,0,0
98.0434,5.0500,1253,0,0
98.0682,5.0782,1260,0,0
98.0930,5.0862,1262,0,0
98.1178,5.0862,1262,0,0
98.1426,5.0782,1260,0,0
98.1674,5.0379,1250,0,0
98.1922,5.0338,1249,0,0
98.2170,5.0661,1257,0,0
98.2418,5.0782,1260,0,0
98.2666,5.0742,1259,0,0
98.2914,5.0338,1249,0,0
98.3162,5.0661,1257,0,0
98.3410,5.0782,1260,0,0
98.3658,5.0379,1250,0,0
98.3906,5.0822,1261,0,0
98.4154,5.0701,1258,0,0
98.4402,5.0943,1264,0,0
98.4650,5.0701,1258,0,0
98.4899,5.0661,1257,0,0
98.5147,5.0782,1260,0,0
98.5395,5.0862,1262,0,0
98.5643,5.0338,1249,0,0
98.5891,5.0782,1260,0,0
98.6139,5.0338,1249,0,0
98.6387,5.0822,1261,0,0
98.6635,5.0661,1257,0,0
98.6883,5.0500,1253,0,0
98.7131,5.0903,1263,0,0
98.7379,5.0782,1260,0,0
98.7627,5.0379,1250,0,0
98.7875,5.0782,1260,0,0
98.8123,5.0742,1259,0,0
98.8371,5.0822,1261,0,0
98.8619,5.0822,1261,0,0
98.8867,5.0862,1262,0,0
98.9115,5.0782,1260,0,0
98.9363,5.0338,1249,0,0
98.9611,5.0661,1257,0,0
98.9859,5.0782,1260,0,0
99.0107,5.0782,1260,0,0
99.0355,5.0540,1254,0,0
99.0603,5.0782,1260,0,0
99.0851,5.0742,1259,0,0
99.1099,5.0419,1251,0,0
99.1347,5.0500,1253,0,0
99.1595,5.0782,1260,0,0
99.1843,5.0419,1251,0,0
99.2091,5.0218,1246,0,0
99.2339,5.0742,1259,0,0
99.2587,5.0338,1249,0,0
99.2835,5.0419,1251,0,0
99.3083,5.0540,1254,0,0
99.3331,5.0379,1250,0,0
99.3579,5.0782,1260,0,0
99.3827,5.0500,1253,0,0
99.4075,5.0500,1253,0,0
99.4323,5.0782,1260,0,0
99.4571,5.0500,1253,0,0
99.4819,5.0419,1251,0,0
99.5067,5.0701,1258,0,0
99.5315,5.0701,1258,0,0
99.5564,5.0862,1262,0,0
99.5812,5.0903,1263,0,0
99.6060,5.0661,1257,0,0
99.6308,5.1265,1272,0,0
99.6556,5.0782,1260,0,0
99.6804,5.0862,1262,0,0
99.7052,5.0782,1260,0,0
99.7300,5.0661,1257,0,0
99.7548,5.0742,1259,0,0
99.7796,5.0782,1260,0,0
99.8044,5.0338,1249,0,0
99.8292,5.0822,1261,0,0
99.8540,5.0862,1262,0,0
99.8788,5.0862,1262,0,0
99.9036,5.0742,1259,0,0
99.9284,5.0338,1249,0,0
99.9532,5.0782,1260,0,0
99.9780,5.0782,1260,0,0
100.0028,5.0782,1260,0,0
100.0276,5.0177,1245,0,0
100.0524,5.0661,1257,0,0
100.0772,5.0419,1251,0,0
100.1020,5.0701,1258,0,0
100.1268,5.0742,1259,0,0
100.1516,5.0782,1260,0,0
100.1764,5.0742,1259,0,0
100.2012,5.0540,1254,0,0
100.2260,5.0943,1264,0,0
100.2508,5.0338,1249,0,0
100.2756,5.0782,1260,0,0
100.3004,5.0661,1257,0,0
100.3252,5.0742,1259,0,0
100.3500,5.0379,1250,0,0
100.3748,5.0782,1260,0,0
100.3996,5.0338,1249,0,0
100.4244,5.0701,1258,0,0
100.4492,5.0943,1264,0,0
100.4740,5.0862,1262,0,0
100.4988,5.0338,1249,0,0
100.5236,5.0862,1262,0,0
100.5484,5.0862,1262,0,0
100.5732,5.0298,1248,0,0
100.5980,5.0379,1250,0,0
100.6228,5.0661,1257,0,0
100.6477,5.0379,1250,0,0
100.6725,5.0943,1264,0,0
100.6973,5.0379,1250,0,0
100.7221,5.0661,1257,0,0
100.7469,5.0782,1260,0,0
100.7717,5.0540,1254,0,0
100.7965,5.0580,1255,0,0
100.8213,5.0338,1249,0,0
100.8461,5.0742,1259,0,0
100.8709,5.0742,1259,0,0
100.8957,5.0338,1249,0,0
100.9205,5.0379,1250,0,0
100.9453,5.0862,1262,0,0
100.9701,5.0338,1249,0,0
100.9949,5.0983,1265,0,0
101.0197,5.0540,1254,0,0
101.0445,5.0822,1261,0,0
101.0693,5.0419,1251,0,0
101.0941,5.0943,1264,0,0
101.1189,5.0661,1257,0,0
101.1437,5.0379,1250,0,0
101.1685,5.0742,1259,0,0
101.1933,5.0862,1262,0,0
101.2181,5.0742,1259,0,0
101.2429,5.0500,1253,0,0
101.2677,5.0500,1253,0,0
101.2925,5.0862,1262,0,0
101.3173,5.0500,1253,0,0
101.3421,5.0742,1259,0,0
101.3669,5.0782,1260,0,0
101.3917,5.0419,1251,0,0
101.4165,5.0419,1251,0,0
101.4413,5.0822,1261,0,0
101.4661,5.0661,1257,0,0
101.4909,5.0419,1251,0,0
101.5157,5.0782,1260,0,0
101.5405,5.0983,1265,0,0
101.5653,5.0661,1257,0,0
101.5901,5.0580,1255,0,0
101.6149,5.0661,1257,0,0
101.6397,5.0419,1251,0,0
101.6645,5.0379,1250,0,0
101.6893,5.0782,1260,0,0
101.7141,5.0983,1265,0,0
101.7390,5.0903,1263,0,0
101.7638,5.0742,1259,0,0
101.7886,5.0379,1250,0,0
101.8134,5.0742,1259,0,0
101.8382,5.0782,1260,0,0
101.8630,5.0500,1253,0,0
101.8878,5.0218,1246,0,0
101.9126,5.0782,1260,0,0
101.9374,5.0379,1250,0,0
101.9622,5.0419,1251,0,0
101.9870,5.0742,1259,0,0
102.0118,5.0218,1246,0,0
102.0366,5.1024,1266,0,0
102.0614,5.0943,1264,0,0
102.0862,5.0419,1251,0,0
102.1110,5.0742,1259,0,0
102.1358,5.0782,1260,0,0
102.1606,5.0379,1250,0,0
102.1854,5.0822,1261,0,0
102.2102,5.0943,1264,0,0
102.2350,5.0661,1257,0,0
102.2598,5.0701,1258,0,0
102.2846,5.0742,1259,0,0
102.3094,5.0983,1265,0,0
102.3342,5.0742,1259,0,0
102.3590,5.0822,1261,0,0
102.3838,5.0822,1261,0,0
102.4086,5.0580,1255,0,0
102.4334,5.0661,1257,0,0
102.4582,5.0540,1254,0,0
102.4830,5.0701,1258,0,0
102.5078,5.0379,1250,0,0
102.5326,5.0701,1258,0,0
102.5574,5.0742,1259,0,0
102.5822,5.0822,1261,0,0
102.6070,5.0742,1259,0,0
102.6318,5.0782,1260,0,0
102.6566,5.0701,1258,0,0
102.6814,5.0661,1257,0,0
102.7062,5.0742,1259,0,0
102.7310,5.0661,1257,0,0
102.7558,5.0379,1250,0,0
102.7806,5.0661,1257,0,0
102.8055,5.0661,1257,0,0
102.8303,5.0742,1259,0,0
102.8550,5.0822,1261,0,0
102.8799,5.0742,1259,0,0
102.9047,5.0661,1257,0,0
102.9295,5.0782,1260,0,0
102.9543,5.0701,1258,0,0
102.9791,5.0822,1261,0,0
103.0039,5.0742,1259,0,0
103.0287,5.0661,1257,0,0
103.0535,5.0782,1260,0,0
103.0783,5.0862,1262,0,0
103.1031,5.0983,1265,0,0
103.1279,5.0862,1262,0,0
103.1527,5.0540,1254,0,0
103.1775,5.0661,1257,0,0
103.2023,5.0500,1253,0,0
103.2271,5.0701,1258,0,0
103.2519,5.0742,1259,0,0
103.2767,5.0298,1248,0,0
103.3015,5.0782,1260,0,0
103.3263,5.0701,1258,0,0
103.3511,5.0540,1254,0,0
103.3759,5.0379,1250,0,0
103.4007,5.0338,1249,0,0
103.4255,5.0782,1260,0,0
103.4503,5.0661,1257,0,0
103.4751,5.0903,1263,0,0
103.4999,5.0379,1250,0,0
103.5247,5.0782,1260,0,0
103.5495,5.0943,1264,0,0
103.5743,5.0782,1260,0,0
103.5991,5.0661,1257,0,0
103.6239,5.0500,1253,0,0
103.6487,5.0943,1264,0,0
103.6735,5.0983,1265,0,0
103.6983,5.0983,1265,0,0
103.7231,5.0782,1260,0,0
103.7479,5.0782,1260,0,0
103.7727,5.0379,1250,0,0
103.7975,5.0862,1262,0,0
103.8223,5.0782,1260,0,0
103.8471,5.0782,1260,0,0
103.8719,5.0862,1262,0,0
103.8968,5.0661,1257,0,0
103.9215,5.0661,1257,0,0
103.9464,5.0661,1257,0,0
103.9712,5.0661,1257,0,0
103.9960,5.0338,1249,0,0
104.0208,5.0782,1260,0,0
104.0456,5.0661,1257,0,0
104.0704,5.0782,1260,0,0
104.0952,5.0862,1262,0,0
104.1200,5.0742,1259,0,0
104.1448,5.0661,1257,0,0
104.1696,5.0419,1251,0,0
104.1944,5.0500,1253,0,0
104.2192,5.1024,1266,0,0
104.2440,5.0862,1262,0,0
104.2688,5.0379,1250,0,0
104.2936,5.0500,1253,0,0
104.3184,5.0500,1253,0,0
104.3432,5.0338,1249,0,0
104.3680,5.0943,1264,0,0
104.3928,5.0661,1257,0,0
104.4176,5.0782,1260,0,0
104.4424,5.0379,1250,0,0
104.4672,5.0742,1259,0,0
104.4920,5.0782,1260,0,0
104.5168,5.0782,1260,0,0
104.5416,5.0742,1259,0,0
104.5664,5.0742,1259,0,0
104.5912,5.0782,1260,0,0
104.6160,5.0742,1259,0,0
104.6408,5.0943,1264,0,0
104.6656,5.0298,1248,0,0
104.6904,5.0782,1260,0,0
104.7152,5.0782,1260,0,0
104.7400,5.0218,1246,0,0
104.7648,5.0298,1248,0,0
104.7896,5.0540,1254,0,0
104.8144,5.0500,1253,0,0
104.8392,5.0419,1251,0,0
104.8640,5.0782,1260,0,0
104.8888,5.0782,1260,0,0
104.9136,5.0742,1259,0,0
104.9384,5.0782,1260,0,0
104.9632,5.0862,1262,0,0
104.9880,5.0782,1260,0,0
105.0128,5.0701,1258,0,0
105.0377,5.0822,1261,0,0
105.0625,5.0862,1262,0,0
105.0873,5.0983,1265,0,0
105.1121,5.0943,1264,0,0
105.1369,5.0822,1261,0,0
105.1617,5.0782,1260,0,0
105.1865,5.0782,1260,0,0
105.2113,5.0661,1257,0,0
105.2361,5.0742,1259,0,0
105.2609,5.0298,1248,0,0
105.2857,5.0338,1249,0,0
105.3105,5.0862,1262,0,0
105.3353,5.0782,1260,0,0
105.3601,5.1064,1267,0,0
105.3849,5.0500,1253,0,0
105.4097,5.0862,1262,0,0
105.4345,5.0661,1257,0,0
105.4593,5.0661,1257,0,0
105.4841,5.0943,1264,0,0
105.5089,5.0742,1259,0,0
105.5337,5.0742,1259,0,0
105.5585,5.0742,1259,0,0
105.5833,5.0661,1257,0,0
105.6081,5.0661,1257,0,0
105.6329,5.0419,1251,0,0
105.6577,5.0540,1254,0,0
105.6825,5.0742,1259,0,0
105.7073,5.0298,1248,0,0
105.7321,5.0500,1253,0,0
105.7569,5.0701,1258,0,0
105.7817,5.0742,1259,0,0
105.8065,5.0701,1258,0,0
105.8313,5.0661,1257,0,0
105.8561,5.0742,1259,0,0
105.8809,5.0661,1257,0,0
105.9057,5.0298,1248,0,0
105.9305,5.0500,1253,0,0
105.9553,5.0782,1260,0,0
105.9801,5.0782,1260,0,0
106.0049,5.0782,1260,0,0
106.0297,5.0782,1260,0,0
106.0546,5.0782,1260,0,0
106.0793,5.0862,1262,0,0
106.1041,5.0943,1264,0,0
106.1290,5.0903,1263,0,0
106.1538,5.0862,1262,0,0
106.1786,5.0862,1262,0,0
106.2034,5.0943,1264,0,0
106.2282,5.0742,1259,0,0
106.2530,5.0419,1251,0,0
106.2778,5.0742,1259,0,0
106.3026,5.0742,1259,0,0
106.3274,5.0862,1262,0,0
106.3522,5.0500,1253,0,0
106.3770,5.0782,1260,0,0
106.4018,5.0862,1262,0,0
106.4266,5.0338,1249,0,0
106.4514,5.0661,1257,0,0
106.4762,5.0540,1254,0,0
106.5010,5.0782,1260,0,0
106.5258,5.0661,1257,0,0
106.5506,5.0782,1260,0,0
106.5754,5.0419,1251,0,0
106.6002,5.0943,1264,0,0
106.6250,5.0742,1259,0,0
106.6498,5.0742,1259,0,0
106.6746,5.0822,1261,0,0
106.6994,5.0540,1254,0,0
106.7242,5.0862,1262,0,0
106.7490,5.0379,1250,0,0
106.7738,5.0500,1253,0,0
106.7986,5.0661,1257,0,0
106.8234,5.0742,1259,0,0
106.8482,5.0298,1248,0,0
106.8730,5.0862,1262,0,0
106.8978,5.0661,1257,0,0
106.9226,5.0782,1260,0,0
106.9474,5.0943,1264,0,0
106.9722,5.0338,1249,0,0
106.9970,5.0862,1262,0,0
107.0218,5.0742,1259,0,0
107.0466,5.0701,1258,0,0
107.0714,5.1024,1266,0,0
107.0962,5.0742,1259,0,0
107.1210,5.0903,1263,0,0
107.1458,5.0742,1259,0,0
107.1706,5.0379,1250,0,0
107.1954,5.0742,1259,0,0
107.2203,5.0419,1251,0,0
107.2451,5.0782,1260,0,0
107.2699,5.0782,1260,0,0
107.2947,5.0379,1250,0,0
107.3195,5.1064,1267,0,0
107.3443,5.0338,1249,0,0
107.3691,5.0379,1250,0,0
107.3939,5.0742,1259,0,0
107.4187,5.0782,1260,0,0
107.4435,5.0580,1255,0,0
107.4683,5.0943,1264,0,0
107.4931,5.0661,1257,0,0
107.5179,5.0500,1253,0,0
107.5427,5.0903,1263,0,0
107.5675,5.0742,1259,0,0
107.5923,5.0903,1263,0,0
107.6171,5.0822,1261,0,0
107.6419,5.0822,1261,0,0
107.6667,5.0701,1258,0,0
107.6915,5.0500,1253,0,0
107.7163,5.0782,1260,0,0
107.7411,5.0862,1262,0,0
107.7659,5.0862,1262,0,0
107.7907,5.0661,1257,0,0
107.8155,5.0742,1259,0,0
107.8403,5.0943,1264,0,0
107.8651,5.0742,1259,0,0
107.8899,5.0782,1260,0,0
107.9147,5.0862,1262,0,0
107.9395,5.0419,1251,0,0
107.9643,5.0661,1257,0,0
107.9891,5.0943,1264,0,0
108.0139,5.0701,1258,0,0
108.0387,5.0782,1260,0,0
108.0635,5.0661,1257,0,0
108.0883,5.0661,1257,0,0
108.1131,5.0862,1262,0,0
108.1379,5.0782,1260,0,0
108.1627,5.0500,1253,0,0
108.1875,5.0822,1261,0,0
108.2123,5.0661,1257,0,0
108.2371,5.0782,1260,0,0
108.2619,5.0943,1264,0,0
108.2868,5.0701,1258,0,0
108.3116,5.0419,1251,0,0
108.3364,5.0701,1258,0,0
108.3612,5.0782,1260,0,0
108.3860,5.0782,1260,0,0
108.4108,5.0862,1262,0,0
108.4356,5.0822,1261,0,0
108.4604,5.0782,1260,0,0
108.4852,5.0943,1264,0,0
108.5100,5.0782,1260,0,0
108.5348,5.0943,1264,0,0
108.5596,5.0782,1260,0,0
108.5844,5.1104,1268,0,0
108.6092,5.0742,1259,0,0
108.6340,5.0742,1259,0,0
108.6588,5.0419,1251,0,0
108.6836,5.0943,1264,0,0
108.7084,5.0338,1249,0,0
108.7332,5.0822,1261,0,0
108.7580,5.0742,1259,0,0
108.7828,5.0379,1250,0,0
108.8076,5.0943,1264,0,0
108.8324,5.0379,1250,0,0
108.8572,5.0782,1260,0,0
108.8820,5.0419,1251,0,0
108.9068,5.0943,1264,0,0
108.9316,5.0742,1259,0,0
108.9564,5.0661,1257,0,0
108.9812,5.0661,1257,0,0
109.0060,5.0379,1250,0,0
109.0308,5.0661,1257,0,0
109.0556,5.0379,1250,0,0
109.0804,5.0943,1264,0,0
109.1052,5.1104,1268,0,0
109.1300,5.0782,1260,0,0
109.1548,5.0943,1264,0,0
109.1796,5.0862,1262,0,0
109.2044,5.0742,1259,0,0
109.2292,5.0782,1260,0,0
109.2540,5.0983,1265,0,0
109.2788,5.0661,1257,0,0
109.3036,5.0822,1261,0,0
109.3284,5.0782,1260,0,0
109.3532,5.0338,1249,0,0
109.3781,5.0540,1254,0,0
109.4029,5.0943,1264,0,0
109.4277,5.0661,1257,0,0
109.4525,5.0701,1258,0,0
109.4773,5.0782,1260,0,0
109.5021,5.0782,1260,0,0
109.5269,5.0661,1257,0,0
109.5517,5.0782,1260,0,0
109.5765,5.0742,1259,0,0
109.6013,5.0943,1264,0,0
109.6261,5.0862,1262,0,0
109.6509,5.0782,1260,0,0
109.6757,5.0419,1251,0,0
109.7005,5.0822,1261,0,0
109.7253,5.0782,1260,0,0
109.7501,5.0742,1259,0,0
109.7749,5.0742,1259,0,0
109.7997,5.0742,1259,0,0
109.8245,5.0903,1263,0,0
109.8493,5.0580,1255,0,0
109.8741,5.0379,1250,0,0
109.8989,5.0983,1265,0,0
109.9237,5.0862,1262,0,0
109.9485,5.0782,1260,0,0
109.9733,5.0822,1261,0,0
109.9981,5.0782,1260,0,0
110.0229,5.0218,1246,0,0
110.0477,5.0862,1262,0,0
110.0725,5.0701,1258,0,0
110.0973,5.0943,1264,0,0
110.1221,5.0943,1264,0,0
110.1469,5.0782,1260,0,0
110.1717,5.0943,1264,0,0
110.1965,5.0701,1258,0,0
110.2213,5.0782,1260,0,0
110.2461,5.0943,1264,0,0
110.2709,5.0338,1249,0,0
110.2957,5.0500,1253,0,0
110.3205,5.0661,1257,0,0
110.3453,5.0661,1257,0,0
110.3701,5.0943,1264,0,0
110.3949,5.0580,1255,0,0
110.4197,5.0943,1264,0,0
110.4445,5.0338,1249,0,0
110.4694,5.0943,1264,0,0
110.4942,5.0782,1260,0,0
110.5190,5.0903,1263,0,0
110.5438,5.0782,1260,0,0
110.5686,5.0419,1251,0,0
110.5934,5.0903,1263,0,0
110.6182,5.0782,1260,0,0
110.6430,5.0742,1259,0,0
110.6678,5.0742,1259,0,0
110.6926,5.1024,1266,0,0
110.7174,5.0500,1253,0,0
110.7422,5.0903,1263,0,0
110.7670,5.0701,1258,0,0
110.7918,5.0701,1258,0,0
110.8166,5.0822,1261,0,0
110.8414,5.0782,1260,0,0
110.8662,5.0419,1251,0,0
110.8910,5.0782,1260,0,0
110.9158,5.0822,1261,0,0
110.9406,5.0540,1254,0,0
110.9654,5.0742,1259,0,0
110.9902,5.0782,1260,0,0
111.0150,5.0782,1260,0,0
111.0398,5.0983,1265,0,0
111.0646,5.0742,1259,0,0
111.0894,5.0419,1251,0,0
111.1142,5.0742,1259,0,0
111.1390,5.0782,1260,0,0
111.1638,5.0338,1249,0,0
111.1886,5.0661,1257,0,0
111.2134,5.0862,1262,0,0
111.2382,5.0742,1259,0,0
111.2630,5.0782,1260,0,0
111.2878,5.0862,1262,0,0
111.3126,5.0943,1264,0,0
111.3374,5.0742,1259,0,0
111.3622,5.0862,1262,0,0
111.3870,5.0338,1249,0,0
111.4118,5.0661,1257,0,0
111.4366,5.0782,1260,0,0
111.4614,5.0943,1264,0,0
111.4862,5.0742,1259,0,0
111.5110,5.0742,1259,0,0
111.5359,5.0943,1264,0,0
111.5607,5.0782,1260,0,0
111.5855,5.0782,1260,0,0
111.6103,5.0540,1254,0,0
111.6351,5.0661,1257,0,0
111.6599,5.0661,1257,0,0
111.6847,5.0742,1259,0,0
111.7095,5.0580,1255,0,0
111.7343,5.0742,1259,0,0
111.7591,5.0782,1260,0,0
111.7839,5.0742,1259,0,0
111.8087,5.0661,1257,0,0
111.8335,5.0862,1262,0,0
111.8583,5.0862,1262,0,0
111.8831,5.0742,1259,0,0
111.9079,5.0540,1254,0,0
111.9327,5.0862,1262,0,0
111.9575,5.0580,1255,0,0
111.9823,5.0742,1259,0,0
112.0071,5.0782,1260,0,0
112.0319,5.1064,1267,0,0
112.0567,5.0742,1259,0,0
112.0815,5.0379,1250,0,0
112.1063,5.0782,1260,0,0
112.1311,5.0419,1251,0,0
112.1559,5.0419,1251,0,0
112.1807,5.0862,1262,0,0
112.2055,5.0701,1258,0,0
112.2303,5.0379,1250,0,0
112.2551,5.0540,1254,0,0
112.2799,5.0822,1261,0,0
112.3047,5.0782,1260,0,0
112.3295,5.0862,1262,0,0
112.3543,5.0742,1259,0,0
112.3791,5.0419,1251,0,0
112.4039,5.0500,1253,0,0
112.4287,5.0862,1262,0,0
112.4535,5.0862,1262,0,0
112.4783,5.0782,1260,0,0
112.5031,5.0782,1260,0,0
112.5279,5.0782,1260,0,0
112.5527,5.0338,1249,0,0
112.5775,5.0983,1265,0,0
112.6023,5.0903,1263,0,0
112.6272,5.0782,1260,0,0
112.6520,5.0782,1260,0,0
112.6768,5.0742,1259,0,0
112.7016,5.0782,1260,0,0
112.7264,5.0701,1258,0,0
112.7512,5.0379,1250,0,0
112.7760,5.0661,1257,0,0
112.8008,5.0742,1259,0,0
112.8256,5.0661,1257,0,0
112.8504,5.0742,1259,0,0
112.8752,5.0742,1259,0,0
112.9000,5.0379,1250,0,0
112.9248,5.0419,1251,0,0
112.9496,5.0862,1262,0,0
112.9744,5.0661,1257,0,0
112.9992,5.0943,1264,0,0
113.0240,5.0338,1249,0,0
113.0488,5.0903,1263,0,0
113.0736,5.0782,1260,0,0
113.0984,5.1024,1266,0,0
113.1232,5.0943,1264,0,0
113.1480,5.0742,1259,0,0
113.1728,5.0701,1258,0,0
113.1976,5.0943,1264,0,0
113.2224,5.0338,1249,0,0
113.2472,5.0943,1264,0,0
113.2720,5.0782,1260,0,0
113.2968,5.0580,1255,0,0
113.3216,5.0742,1259,0,0
113.3464,5.0943,1264,0,0
113.3712,5.0782,1260,0,0
113.3960,5.0701,1258,0,0
113.4208,5.0943,1264,0,0
113.4456,5.0862,1262,0,0
113.4704,5.0782,1260,0,0
113.4952,5.0742,1259,0,0
113.5200,5.0782,1260,0,0
113.5448,5.0661,1257,0,0
113.5696,5.0782,1260,0,0
113.5944,5.1265,1272,0,0
113.6192,5.0862,1262,0,0
113.6440,5.0862,1262,0,0
113.6688,5.0742,1259,0,0
113.6936,5.0419,1251,0,0
113.7185,5.0822,1261,0,0
113.7433,5.0862,1262,0,0
113.7681,5.0782,1260,0,0
113.7929,5.0782,1260,0,0
113.8177,5.0862,1262,0,0
113.8425,5.0782,1260,0,0
113.8673,5.1064,1267,0,0
113.8921,5.0862,1262,0,0
113.9169,5.0782,1260,0,0
113.9417,5.0419,1251,0,0
113.9665,5.0782,1260,0,0
113.9913,5.1024,1266,0,0
114.0161,5.0379,1250,0,0
114.0409,5.0782,1260,0,0
114.0657,5.0742,1259,0,0
114.0905,5.0862,1262,0,0
114.1153,5.0943,1264,0,0
114.1401,5.0862,1262,0,0
114.1649,5.0903,1263,0,0
114.1897,5.0580,1255,0,0
114.2145,5.0782,1260,0,0
114.2393,5.0782,1260,0,0
114.2641,5.0862,1262,0,0
114.2889,5.0419,1251,0,0
114.3137,5.0742,1259,0,0
114.3385,5.0862,1262,0,0
114.3633,5.0862,1262,0,0
114.3881,5.0500,1253,0,0
114.4129,5.1024,1266,0,0
114.4377,5.0742,1259,0,0
114.4625,5.0500,1253,0,0
114.4873,5.0419,1251,0,0
114.5121,5.0782,1260,0,0
114.5369,5.0782,1260,0,0
114.5617,5.0983,1265,0,0
114.5865,5.0661,1257,0,0
114.6113,5.0419,1251,0,0
114.6361,5.1104,1268,0,0
114.6609,5.0742,1259,0,0
114.6857,5.0862,1262,0,0
114.7105,5.0862,1262,0,0
114.7353,5.0782,1260,0,0
114.7601,5.0943,1264,0,0
114.7850,5.0983,1265,0,0
114.8098,5.0701,1258,0,0
114.8346,5.0580,1255,0,0
114.8594,5.0943,1264,0,0
114.8842,5.0822,1261,0,0
114.9090,5.0822,1261,0,0
114.9338,5.0782,1260,0,0
114.9586,5.0862,1262,0,0
114.9834,5.0862,1262,0,0
115.0082,5.0661,1257,0,0
115.0330,5.1306,1273,0,0
115.0578,5.0782,1260,0,0
115.0826,5.0742,1259,0,0
115.1074,5.0782,1260,0,0
115.1322,5.0701,1258,0,0
115.1570,5.0661,1257,0,0
115.1818,5.0943,1264,0,0
115.2066,5.0983,1265,0,0
115.2314,5.0782,1260,0,0
115.2562,5.0862,1262,0,0
115.2810,5.0177,1245,0,0
115.3058,5.0742,1259,0,0
115.3306,5.0742,1259,0,0
115.3554,5.1064,1267,0,0
115.3802,5.0661,1257,0,0
115.4050,5.0822,1261,0,0
115.4298,5.0419,1251,0,0
115.4546,5.0983,1265,0,0
115.4794,5.0701,1258,0,0
115.5042,5.0822,1261,0,0
115.5290,5.0862,1262,0,0
115.5538,5.0782,1260,0,0
115.5786,5.0782,1260,0,0
115.6034,5.0742,1259,0,0
115.6282,5.1024,1266,0,0
115.6530,5.0862,1262,0,0
115.6778,5.0822,1261,0,0
115.7026,5.0782,1260,0,0
115.7274,5.0661,1257,0,0
115.7522,5.0903,1263,0,0
115.7770,5.0742,1259,0,0
115.8018,5.0943,1264,0,0
115.8266,5.0500,1253,0,0
115.8514,5.0782,1260,0,0
115.8763,5.0661,1257,0,0
115.9011,5.0903,1263,0,0
115.9258,5.0903,1263,0,0
115.9507,5.0862,1262,0,0
115.9755,5.0943,1264,0,0
116.0003,5.0500,1253,0,0
116.0251,5.0782,1260,0,0
116.0499,5.0379,1250,0,0
116.0747,5.0661,1257,0,0
116.0995,5.0782,1260,0,0
116.1243,5.0903,1263,0,0
116.1491,5.0782,1260,0,0
116.1739,5.0661,1257,0,0
116.1987,5.0822,1261,0,0
116.2235,5.0661,1257,0,0
116.2483,5.0943,1264,0,0
116.2731,5.0862,1262,0,0
116.2979,5.0701,1258,0,0
116.3227,5.1064,1267,0,0
116.3475,5.0943,1264,0,0
116.3723,5.0500,1253,0,0
116.3971,5.0943,1264,0,0
116.4219,5.0943,1264,0,0
116.4467,5.0782,1260,0,0
116.4715,5.0742,1259,0,0
116.4963,5.0943,1264,0,0
116.5211,5.0903,1263,0,0
116.5459,5.0661,1257,0,0
116.5707,5.0862,1262,0,0
116.5955,5.0661,1257,0,0
116.6203,5.0580,1255,0,0
116.6451,5.0822,1261,0,0
116.6699,5.0701,1258,0,0
116.6947,5.0742,1259,0,0
116.7195,5.0661,1257,0,0
116.7443,5.0742,1259,0,0
116.7691,5.0500,1253,0,0
116.7939,5.0379,1250,0,0
116.8187,5.0822,1261,0,0
116.8435,5.0742,1259,0,0
116.8683,5.0580,1255,0,0
116.8931,5.0661,1257,0,0
116.9179,5.0742,1259,0,0
116.9427,5.0661,1257,0,0
116.9676,5.0782,1260,0,0
116.9924,5.0661,1257,0,0
117.0172,5.0983,1265,0,0
117.0420,5.0943,1264,0,0
117.0668,5.0862,1262,0,0
117.0916,5.0379,1250,0,0
117.1164,5.0782,1260,0,0
117.1412,5.0862,1262,0,0
117.1660,5.0661,1257,0,0
117.1908,5.0742,1259,0,0
117.2156,5.0742,1259,0,0
117.2404,5.0862,1262,0,0
117.2652,5.0338,1249,0,0
117.2900,5.0903,1263,0,0
117.3148,5.0742,1259,0,0
117.3396,5.0298,1248,0,0
117.3644,5.0782,1260,0,0
117.3892,5.0782,1260,0,0
117.4140,5.0782,1260,0,0
117.4388,5.0822,1261,0,0
117.4636,5.1064,1267,0,0
117.4884,5.0661,1257,0,0
117.5132,5.0782,1260,0,0
117.5380,5.0661,1257,0,0
117.5628,5.0661,1257,0,0
117.5876,5.0540,1254,0,0
117.6124,5.0782,1260,0,0
117.6372,5.0701,1258,0,0
117.6620,5.0742,1259,0,0
117.6868,5.0701,1258,0,0
117.7116,5.0822,1261,0,0
117.7364,5.0782,1260,0,0
117.7612,5.0338,1249,0,0
117.7860,5.0943,1264,0,0
117.8108,5.0379,1250,0,0
117.8356,5.0903,1263,0,0
117.8604,5.0862,1262,0,0
117.8852,5.0742,1259,0,0
117.9100,5.0782,1260,0,0
117.9348,5.0782,1260,0,0
117.9596,5.0822,1261,0,0
117.9844,5.0701,1258,0,0
118.0092,5.0822,1261,0,0
118.0340,5.0782,1260,0,0
118.0589,5.0943,1264,0,0
118.0836,5.0782,1260,0,0
118.1085,5.0943,1264,0,0
118.1333,5.0782,1260,0,0
118.1581,5.0218,1246,0,0
118.1829,5.0862,1262,0,0
118.2077,5.0742,1259,0,0
118.2325,5.0822,1261,0,0
118.2573,5.0661,1257,0,0
118.2821,5.0782,1260,0,0
118.3069,5.0701,1258,0,0
118.3317,5.0419,1251,0,0
118.3565,5.0782,1260,0,0
118.3813,5.1104,1268,0,0
118.4061,5.0701,1258,0,0
118.4309,5.0661,1257,0,0
118.4557,5.0862,1262,0,0
118.4805,5.0862,1262,0,0
118.5053,5.0782,1260,0,0
118.5301,5.0822,1261,0,0
118.5549,5.0742,1259,0,0
118.5797,5.0742,1259,0,0
118.6045,5.0742,1259,0,0
118.6293,5.0540,1254,0,0
118.6541,5.0661,1257,0,0
118.6789,5.0580,1255,0,0
118.7037,5.0782,1260,0,0
118.7285,5.0862,1262,0,0
118.7533,5.0862,1262,0,0
118.7781,5.0983,1265,0,0
118.8029,5.0419,1251,0,0
118.8277,5.0782,1260,0,0
118.8525,5.0782,1260,0,0
118.8773,5.0822,1261,0,0
118.9021,5.0661,1257,0,0
118.9269,5.0782,1260,0,0
118.9517,5.0379,1250,0,0
118.9765,5.0782,1260,0,0
119.0013,5.0661,1257,0,0
119.0261,5.0782,1260,0,0
119.0509,5.0661,1257,0,0
119.0757,5.0379,1250,0,0
119.1005,5.0943,1264,0,0
119.1254,5.0862,1262,0,0
119.1501,5.0742,1259,0,0
119.1749,5.0742,1259,0,0
119.1998,5.0782,1260,0,0
119.2246,5.0983,1265,0,0
119.2494,5.0943,1264,0,0
119.2742,5.0822,1261,0,0
119.2990,5.0862,1262,0,0
119.3238,5.0782,1260,0,0
119.3486,5.0862,1262,0,0
119.3734,5.0943,1264,0,0
119.3982,5.0742,1259,0,0
119.4230,5.0742,1259,0,0
119.4478,5.0862,1262,0,0
119.4726,5.0379,1250,0,0
119.4974,5.1024,1266,0,0
119.5222,5.0742,1259,0,0
119.5470,5.0742,1259,0,0
119.5718,5.0983,1265,0,0
119.5966,5.0782,1260,0,0
119.6214,5.0862,1262,0,0
119.6462,5.0379,1250,0,0
119.6710,5.0661,1257,0,0
119.6958,5.0580,1255,0,0
119.7206,5.0983,1265,0,0
119.7454,5.0661,1257,0,0
119.7702,5.0419,1251,0,0
119.7950,5.0742,1259,0,0
119.8198,5.0742,1259,0,0
119.8446,5.0500,1253,0,0
119.8694,5.0862,1262,0,0
119.8942,5.0782,1260,0,0
119.9190,5.0661,1257,0,0
119.9438,5.0701,1258,0,0
119.9686,5.0903,1263,0,0
119.9934,5.0943,1264,0,0
120.0182,5.0742,1259,0,0
120.0430,5.0822,1261,0,0
120.0678,5.0782,1260,0,0
120.0926,5.0742,1259,0,0
120.1174,5.0862,1262,0,0
120.1422,5.0782,1260,0,0
120.1670,5.0862,1262,0,0
120.1918,5.0943,1264,0,0
120.2166,5.0782,1260,0,0
120.2414,5.0983,1265,0,0
120.2663,5.0419,1251,0,0
120.2911,5.1024,1266,0,0
120.3159,5.0742,1259,0,0
120.3407,5.0661,1257,0,0
120.3655,5.0782,1260,0,0
120.3903,5.0661,1257,0,0
120.4151,5.0661,1257,0,0
120.4399,5.0943,1264,0,0
120.4647,5.0661,1257,0,0
120.4895,5.0500,1253,0,0
120.5143,5.0903,1263,0,0
120.5391,5.1064,1267,0,0
120.5639,5.0742,1259,0,0
120.5887,5.0419,1251,0,0
120.6135,5.0782,1260,0,0
120.6383,5.0822,1261,0,0
120.6631,5.0742,1259,0,0
120.6879,5.0782,1260,0,0
120.7127,5.0500,1253,0,0
120.7375,5.0822,1261,0,0
120.7623,5.0782,1260,0,0
120.7871,5.0782,1260,0,0
120.8119,5.0742,1259,0,0
120.8367,5.0782,1260,0,0
120.8615,5.0500,1253,0,0
120.8863,5.0782,1260,0,0
120.9111,5.0742,1259,0,0
120.9359,5.0862,1262,0,0
120.9607,5.0943,1264,0,0
120.9855,5.0782,1260,0,0
121.0103,5.0782,1260,0,0
121.0351,5.0862,1262,0,0
121.0599,5.0943,1264,0,0
121.0847,5.0379,1250,0,0
121.1095,5.0742,1259,0,0
121.1343,5.1024,1266,0,0
121.1591,5.0701,1258,0,0
121.1839,5.0943,1264,0,0
121.2087,5.0782,1260,0,0
121.2335,5.0782,1260,0,0
121.2583,5.0782,1260,0,0
121.2831,5.0943,1264,0,0
121.3079,5.0419,1251,0,0
121.3327,5.0701,1258,0,0
121.3576,5.0782,1260,0,0
121.3824,5.0983,1265,0,0
121.4072,5.0862,1262,0,0
121.4320,5.0419,1251,0,0
121.4568,5.0862,1262,0,0
121.4816,5.0701,1258,0,0
121.5064,5.0742,1259,0,0
121.5312,5.0983,1265,0,0
121.5560,5.0661,1257,0,0
121.5808,5.0742,1259,0,0
121.6056,5.0782,1260,0,0
121.6304,5.0943,1264,0,0
121.6552,5.0742,1259,0,0
121.6800,5.0379,1250,0,0
121.7048,5.0500,1253,0,0
121.7296,5.0943,1264,0,0
121.7544,5.0862,1262,0,0
121.7792,5.0782,1260,0,0
121.8040,5.0742,1259,0,0
121.8288,5.0862,1262,0,0
121.8536,5.0943,1264,0,0
121.8784,5.0943,1264,0,0
121.9032,5.1064,1267,0,0
121.9280,5.0943,1264,0,0
121.9528,5.0782,1260,0,0
121.9776,5.0782,1260,0,0
122.0024,5.0903,1263,0,0
122.0272,5.0983,1265,0,0
122.0520,5.0943,1264,0,0
122.0768,5.0822,1261,0,0
122.1016,5.0822,1261,0,0
122.1264,5.0782,1260,0,0
122.1512,5.1024,1266,0,0
122.1760,5.0862,1262,0,0
122.2008,5.0782,1260,0,0
122.2256,5.0822,1261,0,0
122.2504,5.0661,1257,0,0
122.2752,5.0862,1262,0,0
122.3000,5.0862,1262,0,0
122.3248,5.0983,1265,0,0
122.3496,5.0822,1261,0,0
122.3744,5.0782,1260,0,0
122.3992,5.0943,1264,0,0
122.4240,5.0661,1257,0,0
122.4489,5.0782,1260,0,0
122.4737,5.0862,1262,0,0
122.4985,5.0822,1261,0,0
122.5233,5.0943,1264,0,0
122.5481,5.0540,1254,0,0
122.5729,5.0661,1257,0,0
122.5977,5.0782,1260,0,0
122.6225,5.0500,1253,0,0
122.6473,5.0943,1264,0,0
122.6721,5.0701,1258,0,0
122.6969,5.1104,1268,0,0
122.7217,5.0862,1262,0,0
122.7465,5.0701,1258,0,0
122.7713,5.0943,1264,0,0
122.7961,5.0782,1260,0,0
122.8209,5.0782,1260,0,0
122.8457,5.0822,1261,0,0
122.8705,5.0661,1257,0,0
122.8953,5.0983,1265,0,0
122.9201,5.0862,1262,0,0
122.9449,5.0661,1257,0,0
122.9697,5.1104,1268,0,0
122.9945,5.0983,1265,0,0
123.0193,5.0661,1257,0,0
123.0441,5.0782,1260,0,0
123.0689,5.0943,1264,0,0
123.0937,5.0903,1263,0,0
123.1185,5.0782,1260,0,0
123.1433,5.0661,1257,0,0
123.1681,5.0862,1262,0,0
123.1929,5.0983,1265,0,0
123.2177,5.0862,1262,0,0
123.2425,5.0742,1259,0,0
123.2673,5.0782,1260,0,0
123.2921,5.0943,1264,0,0
123.3169,5.0782,1260,0,0
123.3417,5.0943,1264,0,0
123.3665,5.0862,1262,0,0
123.3913,5.0742,1259,0,0
123.4161,5.0983,1265,0,0
123.4409,5.0661,1257,0,0
123.4657,5.0661,1257,0,0
123.4905,5.1064,1267,0,0
123.5154,5.0862,1262,0,0
123.5402,5.0742,1259,0,0
123.5650,5.0822,1261,0,0
123.5898,5.0983,1265,0,0
123.6146,5.0500,1253,0,0
123.6394,5.0782,1260,0,0
123.6642,5.0742,1259,0,0
123.6890,5.0701,1258,0,0
123.7138,5.0661,1257,0,0
123.7386,5.0782,1260,0,0
123.7634,5.0943,1264,0,0
123.7882,5.0782,1260,0,0
123.8130,5.0742,1259,0,0
123.8378,5.1145,1269,0,0
123.8626,5.0862,1262,0,0
123.8874,5.0862,1262,0,0
123.9122,5.0862,1262,0,0
123.9370,5.0782,1260,0,0
123.9618,5.0782,1260,0,0
123.9866,5.0943,1264,0,0
124.0114,5.0822,1261,0,0
124.0362,5.0822,1261,0,0
124.0610,5.0742,1259,0,0
124.0858,5.0862,1262,0,0
124.1106,5.0943,1264,0,0
124.1354,5.0701,1258,0,0
124.1602,5.0742,1259,0,0
124.1850,5.1024,1266,0,0
124.2098,5.0943,1264,0,0
124.2346,5.0782,1260,0,0
124.2594,5.0661,1257,0,0
124.2842,5.0983,1265,0,0
124.3090,5.0661,1257,0,0
124.3338,5.0500,1253,0,0
124.3586,5.0943,1264,0,0
124.3834,5.0782,1260,0,0
124.4082,5.0862,1262,0,0
124.4330,5.0782,1260,0,0
124.4578,5.0782,1260,0,0
124.4826,5.0742,1259,0,0
124.5074,5.0661,1257,0,0
124.5322,5.0822,1261,0,0
124.5570,5.1225,1271,0,0
124.5818,5.0822,1261,0,0
124.6067,5.0500,1253,0,0
124.6315,5.0338,1249,0,0
124.6563,5.0862,1262,0,0
124.6811,5.0782,1260,0,0
124.7059,5.0782,1260,0,0
124.7307,5.0782,1260,0,0
124.7555,5.0943,1264,0,0
124.7803,5.0862,1262,0,0
124.8051,5.0419,1251,0,0
124.8299,5.0742,1259,0,0
124.8547,5.0782,1260,0,0
124.8795,5.0943,1264,0,0
124.9043,5.0419,1251,0,0
124.9291,5.0701,1258,0,0
124.9539,5.0983,1265,0,0
124.9787,5.0782,1260,0,0
125.0035,5.0338,1249,0,0
125.0283,5.0661,1257,0,0
125.0531,5.0782,1260,0,0
125.0779,5.0419,1251,0,0
125.1027,5.0822,1261,0,0
125.1275,5.0822,1261,0,0
125.1523,5.0862,1262,0,0
125.1771,5.0540,1254,0,0
125.2019,5.0782,1260,0,0
125.2267,5.0983,1265,0,0
125.2515,5.0862,1262,0,0
125.2763,5.0782,1260,0,0
125.3011,5.0782,1260,0,0
125.3259,5.0661,1257,0,0
125.3507,5.0782,1260,0,0
125.3755,5.0540,1254,0,0
125.4003,5.0943,1264,0,0
125.4251,5.0742,1259,0,0
125.4499,5.0862,1262,0,0
125.4747,5.0782,1260,0,0
125.4995,5.1024,1266,0,0
125.5243,5.1064,1267,0,0
125.5491,5.1024,1266,0,0
125.5739,5.0943,1264,0,0
125.5987,5.0661,1257,0,0
125.6235,5.0661,1257,0,0
125.6483,5.0822,1261,0,0
125.6731,5.0742,1259,0,0
125.6980,5.0782,1260,0,0
125.7228,5.0782,1260,0,0
125.7476,5.0862,1262,0,0
125.7724,5.0661,1257,0,0
125.7972,5.0903,1263,0,0
125.8220,5.0742,1259,0,0
125.8468,5.0580,1255,0,0
125.8716,5.0822,1261,0,0
125.8964,5.0742,1259,0,0
125.9212,5.1064,1267,0,0
125.9460,5.0782,1260,0,0
125.9708,5.0379,1250,0,0
125.9956,5.0782,1260,0,0
126.0204,5.0862,1262,0,0
126.0452,5.0379,1250,0,0
126.0700,5.0782,1260,0,0
126.0948,5.0943,1264,0,0
126.1196,5.0862,1262,0,0
126.1444,5.0782,1260,0,0
126.1692,5.0903,1263,0,0
126.1940,5.0782,1260,0,0
126.2188,5.1225,1271,0,0
126.2436,5.0701,1258,0,0
126.2684,5.0782,1260,0,0
126.2932,5.0661,1257,0,0
126.3180,5.0943,1264,0,0
126.3428,5.0742,1259,0,0
126.3676,5.0903,1263,0,0
126.3924,5.0943,1264,0,0
126.4172,5.0782,1260,0,0
126.4420,5.0943,1264,0,0
126.4668,5.0822,1261,0,0
126.4916,5.0943,1264,0,0
126.5164,5.0822,1261,0,0
126.5412,5.0701,1258,0,0
126.5660,5.0701,1258,0,0
126.5908,5.0701,1258,0,0
126.6156,5.0862,1262,0,0
126.6404,5.0540,1254,0,0
126.6652,5.0540,1254,0,0
126.6900,5.0661,1257,0,0
126.7148,5.0379,1250,0,0
126.7396,5.0500,1253,0,0
126.7645,5.1104,1268,0,0
126.7893,5.0661,1257,0,0
126.8141,5.0943,1264,0,0
126.8389,5.1104,1268,0,0
126.8637,5.0943,1264,0,0
126.8885,5.0782,1260,0,0
126.9133,5.0580,1255,0,0
126.9381,5.0500,1253,0,0
126.9629,5.0661,1257,0,0
126.9877,5.0862,1262,0,0
127.0125,5.0862,1262,0,0
127.0373,5.0500,1253,0,0
127.0621,5.0661,1257,0,0
127.0869,5.0983,1265,0,0
127.1117,5.0943,1264,0,0
127.1365,5.0500,1253,0,0
127.1613,5.0903,1263,0,0
127.1861,5.0742,1259,0,0
127.2109,5.0782,1260,0,0
127.2357,5.1225,1271,0,0
127.2605,5.0419,1251,0,0
127.2853,5.0943,1264,0,0
127.3101,5.0338,1249,0,0
127.3349,5.0862,1262,0,0
127.3597,5.0943,1264,0,0
127.3845,5.0661,1257,0,0
127.4093,5.1225,1271,0,0
127.4341,5.0862,1262,0,0
127.4589,5.0661,1257,0,0
127.4837,5.0782,1260,0,0
127.5085,5.0782,1260,0,0
127.5333,5.0782,1260,0,0
127.5581,5.0782,1260,0,0
127.5829,5.0742,1259,0,0
127.6077,5.0862,1262,0,0
127.6325,5.0862,1262,0,0
127.6573,5.0862,1262,0,0
127.6821,5.1104,1268,0,0
127.7069,5.0661,1257,0,0
127.7317,5.0943,1264,0,0
127.7565,5.0580,1255,0,0
127.7813,5.0782,1260,0,0
127.8061,5.0782,1260,0,0
127.8309,5.0983,1265,0,0
127.8558,5.0782,1260,0,0
127.8806,5.0862,1262,0,0
127.9054,5.0419,1251,0,0
127.9302,5.0943,1264,0,0
127.9550,5.0943,1264,0,0
127.9798,5.0862,1262,0,0
128.0046,5.1064,1267,0,0
128.0294,5.0862,1262,0,0
128.0542,5.0742,1259,0,0
128.0790,5.0782,1260,0,0
128.1038,5.0782,1260,0,0
128.1286,5.0661,1257,0,0
128.1534,5.0782,1260,0,0
128.1782,5.0822,1261,0,0
128.2030,5.1064,1267,0,0
128.2278,5.0661,1257,0,0
128.2526,5.0862,1262,0,0
128.2774,5.0782,1260,0,0
128.3022,5.0782,1260,0,0
128.3270,5.0943,1264,0,0
128.3518,5.0661,1257,0,0
128.3766,5.0742,1259,0,0
128.4014,5.0782,1260,0,0
128.4262,5.0661,1257,0,0
128.4510,5.0983,1265,0,0
128.4758,5.0943,1264,0,0
128.5006,5.0782,1260,0,0
128.5254,5.0903,1263,0,0
128.5502,5.0903,1263,0,0
128.5750,5.0419,1251,0,0
128.5998,5.0500,1253,0,0
128.6246,5.0943,1264,0,0
128.6494,5.0983,1265,0,0
128.6742,5.0862,1262,0,0
128.6990,5.0701,1258,0,0
128.7238,5.0742,1259,0,0
128.7486,5.0742,1259,0,0
128.7734,5.0540,1254,0,0
128.7982,5.0742,1259,0,0
128.8230,5.0742,1259,0,0
128.8478,5.0742,1259,0,0
128.8727,5.0742,1259,0,0
128.8974,5.0782,1260,0,0
128.9222,5.0379,1250,0,0
128.9471,5.0943,1264,0,0
128.9718,5.0782,1260,0,0
128.9967,5.0782,1260,0,0
129.0215,5.0943,1264,0,0
129.0463,5.0943,1264,0,0
129.0711,5.0500,1253,0,0
129.0959,5.0862,1262,0,0
129.1207,5.0742,1259,0,0
129.1455,5.0943,1264,0,0
129.1703,5.0742,1259,0,0
129.1951,5.0983,1265,0,0
129.2199,5.0580,1255,0,0
129.2447,5.0782,1260,0,0
129.2695,5.0782,1260,0,0
129.2943,5.0419,1251,0,0
129.3191,5.0661,1257,0,0
129.3439,5.0782,1260,0,0
129.3687,5.0943,1264,0,0
129.3935,5.0500,1253,0,0
129.4183,5.0661,1257,0,0
129.4431,5.0822,1261,0,0
129.4679,5.0782,1260,0,0
129.4927,5.0983,1265,0,0
129.5175,5.0862,1262,0,0
129.5423,5.0983,1265,0,0
129.5671,5.0943,1264,0,0
129.5919,5.0943,1264,0,0
129.6167,5.0822,1261,0,0
129.6415,5.0782,1260,0,0
129.6663,5.0742,1259,0,0
129.6911,5.0661,1257,0,0
129.7159,5.0782,1260,0,0
129.7407,5.0782,1260,0,0
129.7655,5.0943,1264,0,0
129.7903,5.0661,1257,0,0
129.8151,5.0822,1261,0,0
129.8399,5.0943,1264,0,0
129.8647,5.0379,1250,0,0
129.8895,5.0983,1265,0,0
129.9143,5.0661,1257,0,0
129.9391,5.0822,1261,0,0
129.9639,5.0782,1260,0,0
129.9887,5.0742,1259,0,0
130.0135,5.0338,1249,0,0
130.0383,5.0822,1261,0,0
130.0632,5.0782,1260,0,0
130.0880,5.0903,1263,0,0
130.1128,5.0782,1260,0,0
130.1376,5.0822,1261,0,0
130.1624,5.0822,1261,0,0
130.1872,5.0782,1260,0,0
130.2120,5.0862,1262,0,0
130.2368,5.0782,1260,0,0
130.2616,5.0782,1260,0,0
130.2864,5.0943,1264,0,0
130.3112,5.0782,1260,0,0
130.3360,5.0661,1257,0,0
130.3608,5.0943,1264,0,0
130.3856,5.0580,1255,0,0
130.4104,5.0742,1259,0,0
130.4352,5.0862,1262,0,0
130.4600,5.0782,1260,0,0
130.4848,5.0903,1263,0,0
130.5096,5.0862,1262,0,0
130.5344,5.1225,1271,0,0
130.5592,5.0540,1254,0,0
130.5840,5.0500,1253,0,0
130.6088,5.0782,1260,0,0
130.6336,5.0580,1255,0,0
130.6584,5.0701,1258,0,0
130.6832,5.0943,1264,0,0
130.7080,5.0782,1260,0,0
130.7328,5.0862,1262,0,0
130.7576,5.0701,1258,0,0
130.7824,5.0903,1263,0,0
130.8072,5.0500,1253,0,0
130.8320,5.0218,1246,0,0
130.8568,5.0983,1265,0,0
130.8816,5.0943,1264,0,0
130.9064,5.0782,1260,0,0
130.9312,5.0782,1260,0,0
130.9560,5.1024,1266,0,0
130.9808,5.0983,1265,0,0
131.0056,5.0782,1260,0,0
131.0304,5.0822,1261,0,0
131.0552,5.0943,1264,0,0
131.0800,5.1346,1274,0,0
131.1048,5.1024,1266,0,0
131.1297,5.0862,1262,0,0
131.1544,5.0983,1265,0,0
131.1793,5.0983,1265,0,0
131.2041,5.0822,1261,0,0
131.2289,5.0580,1255,0,0
131.2537,5.0661,1257,0,0
131.2785,5.0782,1260,0,0
131.3033,5.0782,1260,0,0
131.3281,5.0782,1260,0,0
131.3529,5.0943,1264,0,0
131.3777,5.0862,1262,0,0
131.4025,5.0742,1259,0,0
131.4273,5.0862,1262,0,0
131.4521,5.0943,1264,0,0
131.4769,5.0822,1261,0,0
131.5017,5.0943,1264,0,0
131.5265,5.0983,1265,0,0
131.5513,5.0500,1253,0,0
131.5761,5.0943,1264,0,0
131.6009,5.0862,1262,0,0
131.6257,5.0862,1262,0,0
131.6505,5.0903,1263,0,0
131.6753,5.0782,1260,0,0
131.7001,5.0379,1250,0,0
131.7249,5.0701,1258,0,0
131.7497,5.0580,1255,0,0
131.7745,5.0862,1262,0,0
131.7993,5.0943,1264,0,0
131.8241,5.0661,1257,0,0
131.8489,5.0500,1253,0,0
131.8737,5.0742,1259,0,0
131.8985,5.1024,1266,0,0
131.9233,5.0419,1251,0,0
131.9481,5.0782,1260,0,0
131.9729,5.0782,1260,0,0
131.9977,5.0661,1257,0,0
132.0225,5.0580,1255,0,0
132.0473,5.0983,1265,0,0
132.0721,5.0782,1260,0,0
132.0969,5.0943,1264,0,0
132.1217,5.0782,1260,0,0
132.1465,5.0742,1259,0,0
132.1713,5.0943,1264,0,0
132.1962,5.0782,1260,0,0
132.2209,5.0943,1264,0,0
132.2458,5.0822,1261,0,0
132.2706,5.0782,1260,0,0
132.2954,5.0862,1262,0,0
132.3202,5.0338,1249,0,0
132.3450,5.0903,1263,0,0
132.3698,5.0943,1264,0,0
132.3946,5.0943,1264,0,0
132.4194,5.0338,1249,0,0
132.4442,5.0983,1265,0,0
132.4690,5.1064,1267,0,0
132.4938,5.0742,1259,0,0
132.5186,5.0822,1261,0,0
132.5434,5.0661,1257,0,0
132.5682,5.0943,1264,0,0
132.5930,5.0862,1262,0,0
132.6178,5.0742,1259,0,0
132.6426,5.0822,1261,0,0
132.6674,5.0862,1262,0,0
132.6922,5.0782,1260,0,0
132.7170,5.0661,1257,0,0
132.7418,5.0822,1261,0,0
132.7666,5.0782,1260,0,0
132.7914,5.0862,1262,0,0
132.8162,5.0822,1261,0,0
132.8410,5.0782,1260,0,0
132.8658,5.0782,1260,0,0
132.8906,5.0943,1264,0,0
132.9154,5.1265,1272,0,0
132.9402,5.0540,1254,0,0
132.9650,5.0862,1262,0,0
132.9898,5.0822,1261,0,0
133.0146,5.0782,1260,0,0
133.0394,5.0943,1264,0,0
133.0642,5.0983,1265,0,0
133.0890,5.0742,1259,0,0
133.1138,5.0862,1262,0,0
133.1386,5.0379,1250,0,0
133.1634,5.1024,1266,0,0
133.1882,5.0782,1260,0,0
133.2130,5.0903,1263,0,0
133.2378,5.0661,1257,0,0
133.2626,5.0782,1260,0,0
133.2874,5.0782,1260,0,0
133.3123,5.0782,1260,0,0
133.3371,5.0782,1260,0,0
133.3619,5.0943,1264,0,0
133.3867,5.0701,1258,0,0
133.4115,5.0500,1253,0,0
133.4363,5.2072,1292,0,0
133.4611,5.0580,1255,0,0
133.4859,5.0862,1262,0,0
133.5107,5.0943,1264,0,0
133.5355,5.0742,1259,0,0
133.5603,5.0943,1264,0,0
133.5851,5.0782,1260,0,0
133.6099,5.0742,1259,0,0
133.6347,5.0822,1261,0,0
133.6595,5.0943,1264,0,0
133.6843,5.0742,1259,0,0
133.7091,5.0943,1264,0,0
133.7339,5.0983,1265,0,0
133.7587,5.0862,1262,0,0
133.7835,5.0822,1261,0,0
133.8083,5.0661,1257,0,0
133.8331,5.0782,1260,0,0
133.8579,5.0742,1259,0,0
133.8827,5.1024,1266,0,0
133.9075,5.0862,1262,0,0
133.9323,5.1225,1271,0,0
133.9571,5.1024,1266,0,0
133.9819,5.0661,1257,0,0
134.0067,5.0661,1257,0,0
134.0315,5.0983,1265,0,0
134.0563,5.0903,1263,0,0
134.0811,5.0661,1257,0,0
134.1059,5.0742,1259,0,0
134.1307,5.0580,1255,0,0
134.1555,5.0822,1261,0,0
134.1803,5.0822,1261,0,0
134.2051,5.0661,1257,0,0
134.2299,5.0742,1259,0,0
134.2547,5.0862,1262,0,0
134.2795,5.0782,1260,0,0
134.3043,5.0822,1261,0,0
134.3291,5.0943,1264,0,0
134.3539,5.0943,1264,0,0
134.3788,5.0742,1259,0,0
134.4035,5.0782,1260,0,0
134.4284,5.0661,1257,0,0
134.4532,5.0782,1260,0,0
134.4780,5.0661,1257,0,0
134.5028,5.0782,1260,0,0
134.5276,5.0822,1261,0,0
134.5524,5.1064,1267,0,0
134.5772,5.0943,1264,0,0
134.6020,5.0782,1260,0,0
134.6268,5.0943,1264,0,0
134.6516,5.0943,1264,0,0
134.6764,5.1104,1268,0,0
134.7012,5.0661,1257,0,0
134.7260,5.0862,1262,0,0
134.7508,5.0782,1260,0,0
134.7756,5.0661,1257,0,0
134.8004,5.0943,1264,0,0
134.8252,5.0661,1257,0,0
134.8500,5.0782,1260,0,0
134.8748,5.0661,1257,0,0
134.8996,5.0862,1262,0,0
134.9244,5.0862,1262,0,0
134.9492,5.0782,1260,0,0
134.9740,5.0782,1260,0,0
134.9988,5.0983,1265,0,0
135.0236,5.0742,1259,0,0
135.0484,5.0661,1257,0,0
135.0732,5.0661,1257,0,0
135.0980,5.0862,1262,0,0
135.1228,5.0943,1264,0,0
135.1476,5.0782,1260,0,0
135.1724,5.0943,1264,0,0
135.1972,5.0580,1255,0,0
135.2220,5.0782,1260,0,0
135.2468,5.0782,1260,0,0
135.2716,5.0862,1262,0,0
135.2964,5.0943,1264,0,0
135.3212,5.0943,1264,0,0
135.3460,5.0822,1261,0,0
135.3708,5.0983,1265,0,0
135.3956,5.0742,1259,0,0
135.4204,5.0742,1259,0,0
135.4453,5.0983,1265,0,0
135.4700,5.0862,1262,0,0
135.4949,5.0822,1261,0,0
135.5197,5.0782,1260,0,0
135.5445,5.0862,1262,0,0
135.5693,5.1225,1271,0,0
135.5941,5.0379,1250,0,0
135.6189,5.1104,1268,0,0
135.6437,5.0822,1261,0,0
135.6685,5.0661,1257,0,0
135.6933,5.0782,1260,0,0
135.7181,5.0903,1263,0,0
135.7429,5.0782,1260,0,0
135.7677,5.1064,1267,0,0
135.7925,5.0782,1260,0,0
135.8173,5.0661,1257,0,0
135.8421,5.0661,1257,0,0
135.8669,5.0943,1264,0,0
135.8917,5.0782,1260,0,0
135.9165,5.0661,1257,0,0
135.9413,5.0782,1260,0,0
135.9661,5.0782,1260,0,0
135.9909,5.0862,1262,0,0
136.0157,5.0903,1263,0,0
136.0405,5.0661,1257,0,0
136.0653,5.0701,1258,0,0
136.0901,5.0983,1265,0,0
136.1149,5.0782,1260,0,0
136.1397,5.0500,1253,0,0
136.1645,5.0862,1262,0,0
136.1893,5.0742,1259,0,0
136.2141,5.0943,1264,0,0
136.2389,5.0701,1258,0,0
136.2637,5.0943,1264,0,0
136.2885,5.0862,1262,0,0
136.3133,5.0782,1260,0,0
136.3381,5.0862,1262,0,0
136.3629,5.0862,1262,0,0
136.3877,5.0983,1265,0,0
136.4125,5.0742,1259,0,0
136.4373,5.0701,1258,0,0
136.4621,5.0822,1261,0,0
136.4869,5.0943,1264,0,0
136.5117,5.0822,1261,0,0
136.5365,5.0500,1253,0,0
136.5614,5.0782,1260,0,0
136.5862,5.0742,1259,0,0
136.6110,5.0742,1259,0,0
136.6358,5.0419,1251,0,0
136.6606,5.0903,1263,0,0
136.6854,5.0338,1249,0,0
136.7102,5.0500,1253,0,0
136.7350,5.0822,1261,0,0
136.7598,5.0782,1260,0,0
136.7846,5.0943,1264,0,0
136.8094,5.0983,1265,0,0
136.8342,5.0983,1265,0,0
136.8590,5.0943,1264,0,0
136.8838,5.0742,1259,0,0
136.9086,5.0500,1253,0,0
136.9334,5.0903,1263,0,0
136.9582,5.1265,1272,0,0
136.9830,5.0782,1260,0,0
137.0078,5.0862,1262,0,0
137.0326,5.0742,1259,0,0
137.0574,5.0943,1264,0,0
137.0822,5.0943,1264,0,0
137.1070,5.0943,1264,0,0
137.1318,5.0983,1265,0,0
137.1566,5.0500,1253,0,0
137.1814,5.0701,1258,0,0
137.2062,5.0419,1251,0,0
137.2310,5.0742,1259,0,0
137.2558,5.0782,1260,0,0
137.2806,5.0943,1264,0,0
137.3054,5.0379,1250,0,0
137.3302,5.0782,1260,0,0
137.3550,5.0943,1264,0,0
137.3798,5.0943,1264,0,0
137.4046,5.0903,1263,0,0
137.4294,5.0983,1265,0,0
137.4542,5.0862,1262,0,0
137.4790,5.1024,1266,0,0
137.5038,5.1064,1267,0,0
137.5286,5.0782,1260,0,0
137.5534,5.0782,1260,0,0
137.5782,5.1064,1267,0,0
137.6030,5.1145,1269,0,0
137.6279,5.0983,1265,0,0
137.6526,5.0782,1260,0,0
137.6775,5.0782,1260,0,0
137.7023,5.0782,1260,0,0
137.7271,5.0983,1265,0,0
137.7519,5.0742,1259,0,0
137.7767,5.0983,1265,0,0
137.8015,5.0379,1250,0,0
137.8263,5.0379,1250,0,0
137.8511,5.0782,1260,0,0
137.8759,5.0379,1250,0,0
137.9007,5.1104,1268,0,0
137.9255,5.1064,1267,0,0
137.9503,5.0862,1262,0,0
137.9751,5.0943,1264,0,0
137.9999,5.1024,1266,0,0
138.0247,5.0379,1250,0,0
138.0495,5.1386,1275,0,0
138.0743,5.0903,1263,0,0
138.0991,5.0782,1260,0,0
138.1239,5.1064,1267,0,0
138.1487,5.0983,1265,0,0
138.1735,5.0782,1260,0,0
138.1983,5.0983,1265,0,0
138.2231,5.0862,1262,0,0
138.2479,5.0782,1260,0,0
138.2727,5.0862,1262,0,0
138.2975,5.0782,1260,0,0
138.3223,5.0943,1264,0,0
138.3471,5.0782,1260,0,0
138.3719,5.0661,1257,0,0
138.3967,5.1024,1266,0,0
138.4215,5.0742,1259,0,0
138.4463,5.0903,1263,0,0
138.4711,5.0862,1262,0,0
138.4959,5.0943,1264,0,0
138.5207,5.0943,1264,0,0
138.5455,5.0782,1260,0,0
138.5703,5.0943,1264,0,0
138.5951,5.0782,1260,0,0
138.6199,5.0701,1258,0,0
138.6447,5.0742,1259,0,0
138.6695,5.0983,1265,0,0
138.6944,5.0580,1255,0,0
138.7191,5.0943,1264,0,0
138.7440,5.0701,1258,0,0
138.7688,5.0782,1260,0,0
138.7935,5.0983,1265,0,0
138.8184,5.0742,1259,0,0
138.8432,5.0862,1262,0,0
138.8680,5.0782,1260,0,0
138.8928,5.0782,1260,0,0
138.9176,5.0580,1255,0,0
138.9424,5.0782,1260,0,0
138.9672,5.0943,1264,0,0
138.9920,5.0782,1260,0,0
139.0168,5.0943,1264,0,0
139.0416,5.0782,1260,0,0
139.0664,5.1064,1267,0,0
139.0912,5.0742,1259,0,0
139.1160,5.0943,1264,0,0
139.1408,5.0782,1260,0,0
139.1656,5.0540,1254,0,0
139.1904,5.0862,1262,0,0
139.2152,5.0782,1260,0,0
139.2400,5.0983,1265,0,0
139.2648,5.0862,1262,0,0
139.2896,5.0661,1257,0,0
139.3144,5.0862,1262,0,0
139.3392,5.1104,1268,0,0
139.3640,5.0782,1260,0,0
139.3888,5.0742,1259,0,0
139.4136,5.0742,1259,0,0
139.4384,5.1104,1268,0,0
139.4632,5.0822,1261,0,0
139.4880,5.0742,1259,0,0
139.5128,5.0661,1257,0,0
139.5376,5.0742,1259,0,0
139.5624,5.0742,1259,0,0
139.5872,5.0943,1264,0,0
139.6120,5.0500,1253,0,0
139.6368,5.0822,1261,0,0
139.6616,5.0943,1264,0,0
139.6864,5.0983,1265,0,0
139.7112,5.0782,1260,0,0
139.7360,5.0983,1265,0,0
139.7608,5.0661,1257,0,0
139.7856,5.0943,1264,0,0
139.8105,5.0379,1250,0,0
139.8353,5.0822,1261,0,0
139.8600,5.0943,1264,0,0
139.8849,5.1104,1268,0,0
139.9097,5.0500,1253,0,0
139.9345,5.0419,1251,0,0
139.9593,5.1064,1267,0,0
139.9841,5.0742,1259,0,0
140.0089,5.1024,1266,0,0
140.0337,5.0862,1262,0,0
140.0585,5.0943,1264,0,0
140.0833,5.0782,1260,0,0
140.1081,5.0862,1262,0,0
140.1329,5.0661,1257,0,0
140.1577,5.0983,1265,0,0
140.1825,5.0862,1262,0,0
140.2073,5.0379,1250,0,0
140.2321,5.0943,1264,0,0
140.2569,5.0983,1265,0,0
140.2817,5.0862,1262,0,0
140.3065,5.0701,1258,0,0
140.3313,5.0983,1265,0,0
140.3561,5.0903,1263,0,0
140.3809,5.0782,1260,0,0
140.4057,5.1064,1267,0,0
140.4305,5.0782,1260,0,0
140.4553,5.0742,1259,0,0
140.4801,5.0419,1251,0,0
140.5049,5.1265,1272,0,0
140.5297,5.0862,1262,0,0
140.5545,5.0903,1263,0,0
140.5793,5.0862,1262,0,0
140.6041,5.0298,1248,0,0
140.6289,5.0943,1264,0,0
140.6537,5.0782,1260,0,0
140.6785,5.0862,1262,0,0
140.7033,5.0943,1264,0,0
140.7281,5.0862,1262,0,0
140.7529,5.0943,1264,0,0
140.7777,5.0862,1262,0,0
140.8025,5.0903,1263,0,0
140.8273,5.0822,1261,0,0
140.8521,5.0983,1265,0,0
140.8770,5.0661,1257,0,0
140.9017,5.1225,1271,0,0
140.9265,5.0661,1257,0,0
140.9514,5.0338,1249,0,0
140.9762,5.0862,1262,0,0
141.0010,5.1225,1271,0,0
141.0258,5.0782,1260,0,0
141.0506,5.0983,1265,0,0
141.0754,5.0943,1264,0,0
141.1002,5.0782,1260,0,0
141.1250,5.1346,1274,0,0
141.1498,5.0822,1261,0,0
141.1746,5.0903,1263,0,0
141.1994,5.0943,1264,0,0
141.2242,5.0782,1260,0,0
141.2490,5.0983,1265,0,0
141.2738,5.0419,1251,0,0
141.2986,5.0983,1265,0,0
141.3234,5.0782,1260,0,0
141.3482,5.0943,1264,0,0
141.3730,5.0661,1257,0,0
141.3978,5.0661,1257,0,0
141.4226,5.0580,1255,0,0
141.4474,5.1024,1266,0,0
141.4722,5.0742,1259,0,0
141.4970,5.0742,1259,0,0
141.5218,5.0822,1261,0,0
141.5466,5.1225,1271,0,0
141.5714,5.0661,1257,0,0
141.5962,5.1265,1272,0,0
141.6210,5.1104,1268,0,0
141.6458,5.0943,1264,0,0
141.6706,5.0983,1265,0,0
141.6954,5.0540,1254,0,0
141.7202,5.0862,1262,0,0
141.7450,5.0742,1259,0,0
141.7698,5.0500,1253,0,0
141.7946,5.1024,1266,0,0
141.8194,5.0661,1257,0,0
141.8442,5.0862,1262,0,0
141.8690,5.0903,1263,0,0
141.8938,5.0661,1257,0,0
141.9186,5.0742,1259,0,0
141.9435,5.0782,1260,0,0
141.9682,5.0943,1264,0,0
141.9930,5.0419,1251,0,0
142.0179,5.0701,1258,0,0
142.0426,5.0742,1259,0,0
142.0675,5.0943,1264,0,0
142.0923,5.0742,1259,0,0
142.1171,5.0822,1261,0,0
142.1419,5.0782,1260,0,0
142.1667,5.0782,1260,0,0
142.1915,5.0742,1259,0,0
142.2163,5.0742,1259,0,0
142.2411,5.0782,1260,0,0
142.2659,5.0862,1262,0,0
142.2907,5.0338,1249,0,0
142.3155,5.0822,1261,0,0
142.3403,5.1104,1268,0,0
142.3651,5.0782,1260,0,0
142.3899,5.0742,1259,0,0
142.4147,5.0500,1253,0,0
142.4395,5.0943,1264,0,0
142.4643,5.1104,1268,0,0
142.4891,5.0742,1259,0,0
142.5139,5.0943,1264,0,0
142.5387,5.0782,1260,0,0
142.5635,5.0903,1263,0,0
142.5883,5.0742,1259,0,0
142.6131,5.1265,1272,0,0
142.6379,5.0742,1259,0,0
142.6627,5.0862,1262,0,0
142.6875,5.0903,1263,0,0
142.7123,5.0661,1257,0,0
142.7371,5.0822,1261,0,0
142.7619,5.0500,1253,0,0
142.7867,5.0742,1259,0,0
142.8115,5.0742,1259,0,0
142.8363,5.0782,1260,0,0
142.8611,5.0379,1250,0,0
142.8859,5.0782,1260,0,0
142.9107,5.0742,1259,0,0
142.9355,5.0742,1259,0,0
142.9603,5.0983,1265,0,0
142.9851,5.0782,1260,0,0
143.0099,5.0862,1262,0,0
143.0347,5.1225,1271,0,0
143.0595,5.0540,1254,0,0
143.0844,5.0782,1260,0,0
143.1091,5.0782,1260,0,0
143.1340,5.0742,1259,0,0
143.1588,5.1064,1267,0,0
143.1836,5.0862,1262,0,0
143.2084,5.0661,1257,0,0
143.2332,5.0782,1260,0,0
143.2580,5.1104,1268,0,0
143.2828,5.0862,1262,0,0
143.3076,5.0782,1260,0,0
143.3324,5.0862,1262,0,0
143.3572,5.0943,1264,0,0
143.3820,5.0983,1265,0,0
143.4068,5.0742,1259,0,0
143.4316,5.0862,1262,0,0
143.4564,5.0983,1265,0,0
143.4812,5.0661,1257,0,0
143.5060,5.0862,1262,0,0
143.5308,5.0862,1262,0,0
143.5556,5.0983,1265,0,0
143.5804,5.0782,1260,0,0
143.6052,5.0983,1265,0,0
143.6300,5.0742,1259,0,0
143.6548,5.0822,1261,0,0
143.6796,5.0742,1259,0,0
143.7044,5.0943,1264,0,0
143.7292,5.0983,1265,0,0
143.7540,5.0943,1264,0,0
143.7788,5.0822,1261,0,0
143.8036,5.0983,1265,0,0
143.8284,5.0742,1259,0,0
143.8532,5.1024,1266,0,0
143.8780,5.0983,1265,0,0
143.9028,5.0782,1260,0,0
143.9276,5.0782,1260,0,0
143.9524,5.0943,1264,0,0
143.9772,5.0661,1257,0,0
144.0020,5.0379,1250,0,0
144.0268,5.0782,1260,0,0
144.0516,5.1064,1267,0,0
144.0764,5.0742,1259,0,0
144.1012,5.0862,1262,0,0
144.1260,5.0903,1263,0,0
144.1508,5.0782,1260,0,0
144.1756,5.0782,1260,0,0
144.2005,5.0782,1260,0,0
144.2253,5.0822,1261,0,0
144.2501,5.0822,1261,0,0
144.2749,5.0862,1262,0,0
144.2997,5.0379,1250,0,0
144.3245,5.0661,1257,0,0
144.3493,5.1507,1278,0,0
144.3741,5.0742,1259,0,0
144.3989,5.0782,1260,0,0
144.4237,5.0701,1258,0,0
144.4485,5.0782,1260,0,0
144.4733,5.0419,1251,0,0
144.4981,5.0822,1261,0,0
144.5229,5.0943,1264,0,0
144.5477,5.1064,1267,0,0
144.5725,5.0983,1265,0,0
144.5973,5.0862,1262,0,0
144.6221,5.0983,1265,0,0
144.6469,5.1024,1266,0,0
144.6717,5.0782,1260,0,0
144.6965,5.0742,1259,0,0
144.7213,5.0661,1257,0,0
144.7461,5.0862,1262,0,0
144.7709,5.0822,1261,0,0
144.7957,5.0822,1261,0,0
144.8205,5.0903,1263,0,0
144.8453,5.0419,1251,0,0
144.8701,5.0862,1262,0,0
144.8949,5.0943,1264,0,0
144.9197,5.0822,1261,0,0
144.9445,5.1225,1271,0,0
144.9693,5.0782,1260,0,0
144.9941,5.0782,1260,0,0
145.0189,5.0862,1262,0,0
145.0437,5.0782,1260,0,0
145.0685,5.1024,1266,0,0
145.0933,5.0782,1260,0,0
145.1181,5.0822,1261,0,0
145.1429,5.0903,1263,0,0
145.1677,5.0661,1257,0,0
145.1926,5.0782,1260,0,0
145.2173,5.0379,1250,0,0
145.2421,5.0943,1264,0,0
145.2670,5.0419,1251,0,0
145.2917,5.0782,1260,0,0
145.3166,5.0822,1261,0,0
145.3414,5.0983,1265,0,0
145.3662,5.0983,1265,0,0
145.3910,5.0943,1264,0,0
145.4158,5.0701,1258,0,0
145.4406,5.0822,1261,0,0
145.4654,5.1064,1267,0,0
145.4902,5.0661,1257,0,0
145.5150,5.0822,1261,0,0
145.5398,5.0943,1264,0,0
145.5646,5.0540,1254,0,0
145.5894,5.0943,1264,0,0
145.6142,5.0903,1263,0,0
145.6390,5.0661,1257,0,0
145.6638,5.0862,1262,0,0
145.6886,5.0862,1262,0,0
145.7134,5.0782,1260,0,0
145.7382,5.0782,1260,0,0
145.7630,5.0822,1261,0,0
145.7878,5.1064,1267,0,0
145.8126,5.0782,1260,0,0
145.8374,5.0782,1260,0,0
145.8622,5.0742,1259,0,0
145.8870,5.1064,1267,0,0
145.9118,5.0379,1250,0,0
145.9366,5.0943,1264,0,0
145.9614,5.0782,1260,0,0
145.9862,5.0943,1264,0,0
146.0110,5.1225,1271,0,0
146.0358,5.0782,1260,0,0
146.0606,5.0983,1265,0,0
146.0854,5.0500,1253,0,0
146.1102,5.0782,1260,0,0
146.1350,5.0943,1264,0,0
146.1598,5.0983,1265,0,0
146.1846,5.0983,1265,0,0
146.2094,5.0500,1253,0,0
146.2342,5.0862,1262,0,0
146.2590,5.0943,1264,0,0
146.2838,5.1024,1266,0,0
146.3086,5.0943,1264,0,0
146.3335,5.0782,1260,0,0
146.3582,5.0379,1250,0,0
146.3831,5.0862,1262,0,0
146.4079,5.0943,1264,0,0
146.4327,5.0661,1257,0,0
146.4575,5.0943,1264,0,0
146.4823,5.0742,1259,0,0
146.5071,5.0822,1261,0,0
146.5319,5.0943,1264,0,0
146.5567,5.0903,1263,0,0
146.5815,5.0782,1260,0,0
146.6063,5.0701,1258,0,0
146.6311,5.0782,1260,0,0
146.6559,5.0782,1260,0,0
146.6807,5.0943,1264,0,0
146.7055,5.0903,1263,0,0
146.7303,5.0661,1257,0,0
146.7551,5.0983,1265,0,0
146.7799,5.0701,1258,0,0
146.8047,5.1225,1271,0,0
146.8295,5.0379,1250,0,0
146.8543,5.0701,1258,0,0
146.8791,5.0983,1265,0,0
146.9039,5.0943,1264,0,0
146.9287,5.1024,1266,0,0
146.9535,5.0782,1260,0,0
146.9783,5.1064,1267,0,0
147.0031,5.0943,1264,0,0
147.0279,5.0701,1258,0,0
147.0527,5.0782,1260,0,0
147.0775,5.0943,1264,0,0
147.1023,5.0742,1259,0,0
147.1271,5.0782,1260,0,0
147.1519,5.1064,1267,0,0
147.1767,5.0782,1260,0,0
147.2015,5.0782,1260,0,0
147.2263,5.1104,1268,0,0
147.2511,5.0983,1265,0,0
147.2759,5.1225,1271,0,0
147.3007,5.0782,1260,0,0
147.3255,5.0338,1249,0,0
147.3503,5.0742,1259,0,0
147.3751,5.0943,1264,0,0
147.3999,5.0661,1257,0,0
147.4247,5.1225,1271,0,0
147.4496,5.0862,1262,0,0
147.4743,5.0983,1265,0,0
147.4992,5.0661,1257,0,0
147.5240,5.0943,1264,0,0
147.5488,5.0943,1264,0,0
147.5736,5.0298,1248,0,0
147.5984,5.0983,1265,0,0
147.6232,5.0822,1261,0,0
147.6480,5.1024,1266,0,0
147.6728,5.0862,1262,0,0
147.6976,5.0983,1265,0,0
147.7224,5.0862,1262,0,0
147.7472,5.0862,1262,0,0
147.7720,5.1104,1268,0,0
147.7968,5.0822,1261,0,0
147.8216,5.0862,1262,0,0
147.8464,5.0742,1259,0,0
147.8712,5.0983,1265,0,0
147.8960,5.0782,1260,0,0
147.9208,5.0742,1259,0,0
147.9456,5.0943,1264,0,0
147.9704,5.0500,1253,0,0
147.9952,5.0782,1260,0,0
148.0200,5.0862,1262,0,0
148.0448,5.0862,1262,0,0
148.0696,5.0661,1257,0,0
148.0944,5.1024,1266,0,0
148.1192,5.0943,1264,0,0
148.1440,5.0822,1261,0,0
148.1688,5.0983,1265,0,0
148.1936,5.0862,1262,0,0
148.2184,5.0782,1260,0,0
148.2432,5.0742,1259,0,0
148.2680,5.0983,1265,0,0
148.2928,5.0782,1260,0,0
148.3176,5.1104,1268,0,0
148.3424,5.0742,1259,0,0
148.3672,5.0782,1260,0,0
148.3920,5.1064,1267,0,0
148.4168,5.0338,1249,0,0
148.4416,5.1104,1268,0,0
148.4664,5.0580,1255,0,0
148.4912,5.0701,1258,0,0
148.5161,5.0903,1263,0,0
148.5408,5.1064,1267,0,0
148.5657,5.0983,1265,0,0
148.5905,5.0862,1262,0,0
148.6153,5.0862,1262,0,0
148.6401,5.0862,1262,0,0
148.6649,5.1265,1272,0,0
148.6897,5.0943,1264,0,0
148.7145,5.0379,1250,0,0
148.7393,5.0862,1262,0,0
148.7641,5.1265,1272,0,0
148.7889,5.0782,1260,0,0
148.8137,5.0943,1264,0,0
148.8385,5.0782,1260,0,0
148.8633,5.1064,1267,0,0
148.8881,5.0742,1259,0,0
148.9129,5.0782,1260,0,0
148.9377,5.0983,1265,0,0
148.9625,5.0742,1259,0,0
148.9873,5.1064,1267,0,0
149.0121,5.0983,1265,0,0
149.0369,5.0983,1265,0,0
149.0617,5.0742,1259,0,0
149.0865,5.1024,1266,0,0
149.1113,5.0862,1262,0,0
149.1361,5.0782,1260,0,0
149.1609,5.0782,1260,0,0
149.1857,5.0903,1263,0,0
149.2105,5.0540,1254,0,0
149.2353,5.0782,1260,0,0
149.2601,5.0822,1261,0,0
149.2849,5.0943,1264,0,0
149.3097,5.0782,1260,0,0
149.3345,5.0903,1263,0,0
149.3593,5.0822,1261,0,0
149.3841,5.0983,1265,0,0
149.4089,5.0943,1264,0,0
149.4337,5.0742,1259,0,0
149.4585,5.0983,1265,0,0
149.4833,5.0943,1264,0,0
149.5081,5.1064,1267,0,0
149.5329,5.0862,1262,0,0
149.5577,5.1507,1278,0,0
149.5826,5.0661,1257,0,0
149.6073,5.0903,1263,0,0
149.6322,5.0862,1262,0,0
149.6570,5.0661,1257,0,0
149.6818,5.0943,1264,0,0
149.7066,5.0943,1264,0,0
149.7314,5.0782,1260,0,0
149.7562,5.0943,1264,0,0
149.7810,5.0903,1263,0,0
149.8058,5.0822,1261,0,0
149.8306,5.0983,1265,0,0
149.8554,5.0661,1257,0,0
149.8802,5.0983,1265,0,0
149.9050,5.0661,1257,0,0
149.9298,5.0742,1259,0,0
149.9546,5.0943,1264,0,0
149.9794,5.0661,1257,0,0
150.0042,5.0943,1264,0,0
150.0290,5.0862,1262,0,0
150.0538,5.0661,1257,0,0
150.0786,5.0903,1263,0,0
150.1034,5.0742,1259,0,0
150.1282,5.0862,1262,0,0
150.1530,5.1064,1267,0,0
150.1778,5.0500,1253,0,0
150.2026,5.0943,1264,0,0
150.2274,5.1024,1266,0,0
150.2522,5.0903,1263,0,0
150.2770,5.0903,1263,0,0
150.3018,5.0782,1260,0,0
150.3266,5.0983,1265,0,0
150.3514,5.0822,1261,0,0
150.3762,5.0903,1263,0,0
150.4010,5.1064,1267,0,0
150.4258,5.0862,1262,0,0
150.4506,5.0943,1264,0,0
150.4754,5.0500,1253,0,0
150.5002,5.0742,1259,0,0
150.5250,5.0500,1253,0,0
150.5498,5.0983,1265,0,0
150.5746,5.0903,1263,0,0
150.5994,5.0742,1259,0,0
150.6242,5.1024,1266,0,0
150.6490,5.0862,1262,0,0
150.6738,5.0862,1262,0,0
150.6987,5.0661,1257,0,0
150.7234,5.1104,1268,0,0
150.7483,5.0782,1260,0,0
150.7731,5.1064,1267,0,0
150.7979,5.0540,1254,0,0
150.8227,5.0742,1259,0,0
150.8475,5.0379,1250,0,0
150.8723,5.0903,1263,0,0
150.8971,5.0903,1263,0,0
150.9219,5.0742,1259,0,0
150.9467,5.0782,1260,0,0
150.9715,5.0540,1254,0,0
150.9963,5.0782,1260,0,0
151.0211,5.0782,1260,0,0
151.0459,5.1024,1266,0,0
151.0707,5.0983,1265,0,0
151.0955,5.0782,1260,0,0
151.1203,5.0580,1255,0,0
151.1451,5.1346,1274,0,0
151.1699,5.1225,1271,0,0
151.1947,5.1225,1271,0,0
151.2195,5.0862,1262,0,0
151.2443,5.0742,1259,0,0
151.2691,5.0943,1264,0,0
151.2939,5.0983,1265,0,0
151.3187,5.0822,1261,0,0
151.3435,5.0903,1263,0,0
151.3683,5.0661,1257,0,0
151.3931,5.0782,1260,0,0
151.4179,5.1024,1266,0,0
151.4427,5.1225,1271,0,0
151.4675,5.0903,1263,0,0
151.4923,5.0862,1262,0,0
151.5171,5.0742,1259,0,0
151.5419,5.0742,1259,0,0
151.5667,5.1024,1266,0,0
151.5915,5.0782,1260,0,0
151.6163,5.0862,1262,0,0
151.6411,5.0580,1255,0,0
151.6659,5.0943,1264,0,0
151.6907,5.0338,1249,0,0
151.7155,5.0742,1259,0,0
151.7403,5.0742,1259,0,0
151.7652,5.0782,1260,0,0
151.7899,5.0742,1259,0,0
151.8148,5.0742,1259,0,0
151.8396,5.0862,1262,0,0
151.8643,5.0862,1262,0,0
151.8892,5.1306,1273,0,0
151.9140,5.0782,1260,0,0
151.9388,5.0500,1253,0,0
151.9636,5.0862,1262,0,0
151.9884,5.0983,1265,0,0
152.0132,5.0862,1262,0,0
152.0380,5.0500,1253,0,0
152.0628,5.0943,1264,0,0
152.0876,5.0782,1260,0,0
152.1124,5.0782,1260,0,0
152.1372,5.0419,1251,0,0
152.1620,5.1024,1266,0,0
152.1868,5.0983,1265,0,0
152.2116,5.0943,1264,0,0
152.2364,5.1104,1268,0,0
152.2612,5.0782,1260,0,0
152.2860,5.0943,1264,0,0
152.3108,5.0782,1260,0,0
152.3356,5.1064,1267,0,0
152.3604,5.0782,1260,0,0
152.3852,5.0983,1265,0,0
152.4100,5.0742,1259,0,0
152.4348,5.0822,1261,0,0
152.4596,5.0822,1261,0,0
152.4844,5.0782,1260,0,0
152.5092,5.1104,1268,0,0
152.5340,5.0943,1264,0,0
152.5588,5.1265,1272,0,0
152.5836,5.0500,1253,0,0
152.6084,5.0943,1264,0,0
152.6332,5.0782,1260,0,0
152.6580,5.0661,1257,0,0
152.6828,5.0983,1265,0,0
152.7076,5.0943,1264,0,0
152.7324,5.0782,1260,0,0
152.7572,5.0943,1264,0,0
152.7820,5.0298,1248,0,0
152.8068,5.0822,1261,0,0
152.8316,5.0742,1259,0,0
152.8564,5.1225,1271,0,0
152.8813,5.0943,1264,0,0
152.9061,5.0862,1262,0,0
152.9308,5.0943,1264,0,0
152.9557,5.0943,1264,0,0
152.9805,5.0742,1259,0,0
153.0053,5.0782,1260,0,0
153.0301,5.0782,1260,0,0
153.0549,5.0983,1265,0,0
153.0797,5.0379,1250,0,0
153.1045,5.0943,1264,0,0
153.1293,5.0782,1260,0,0
153.1541,5.0943,1264,0,0
153.1789,5.0742,1259,0,0
153.2037,5.0701,1258,0,0
153.2285,5.0822,1261,0,0
153.2533,5.0782,1260,0,0
153.2781,5.0943,1264,0,0
153.3029,5.0742,1259,0,0
153.3277,5.0782,1260,0,0
153.3525,5.0862,1262,0,0
153.3773,5.0862,1262,0,0
153.4021,5.0862,1262,0,0
153.4269,5.0862,1262,0,0
153.4517,5.0782,1260,0,0
153.4765,5.0943,1264,0,0
153.5013,5.0943,1264,0,0
153.5261,5.0862,1262,0,0
153.5509,5.0419,1251,0,0
153.5757,5.0661,1257,0,0
153.6005,5.0500,1253,0,0
153.6253,5.0862,1262,0,0
153.6501,5.0822,1261,0,0
153.6749,5.1064,1267,0,0
153.6997,5.0943,1264,0,0
153.7245,5.0862,1262,0,0
153.7493,5.0862,1262,0,0
153.7741,5.0782,1260,0,0
153.7989,5.0782,1260,0,0
153.8237,5.0862,1262,0,0
153.8485,5.0943,1264,0,0
153.8733,5.0983,1265,0,0
153.8981,5.0782,1260,0,0
153.9229,5.0903,1263,0,0
153.9478,5.0903,1263,0,0
153.9725,5.0943,1264,0,0
153.9973,5.0782,1260,0,0
154.0222,5.0943,1264,0,0
154.0470,5.0862,1262,0,0
154.0718,5.1064,1267,0,0
154.0966,5.0782,1260,0,0
154.1214,5.0742,1259,0,0
154.1462,5.0903,1263,0,0
154.1710,5.1145,1269,0,0
154.1958,5.0862,1262,0,0
154.2206,5.0903,1263,0,0
154.2454,5.0983,1265,0,0
154.2702,5.0903,1263,0,0
154.2950,5.0822,1261,0,0
154.3198,5.0862,1262,0,0
154.3446,5.0943,1264,0,0
154.3694,5.0943,1264,0,0
154.3942,5.0338,1249,0,0
154.4190,5.0943,1264,0,0
154.4438,5.0943,1264,0,0
154.4686,5.0742,1259,0,0
154.4934,5.0742,1259,0,0
154.5182,5.0661,1257,0,0
154.5430,5.0742,1259,0,0
154.5678,5.0983,1265,0,0
154.5926,5.0782,1260,0,0
154.6174,5.0943,1264,0,0
154.6422,5.0983,1265,0,0
154.6670,5.0540,1254,0,0
154.6918,5.0782,1260,0,0
154.7166,5.0782,1260,0,0
154.7414,5.0540,1254,0,0
154.7662,5.0862,1262,0,0
154.7910,5.0943,1264,0,0
154.8158,5.0742,1259,0,0
154.8406,5.0782,1260,0,0
154.8654,5.0661,1257,0,0
154.8902,5.0782,1260,0,0
154.9150,5.0782,1260,0,0
154.9398,5.0903,1263,0,0
154.9646,5.0862,1262,0,0
154.9894,5.0822,1261,0,0
155.0143,5.0943,1264,0,0
155.0390,5.0782,1260,0,0
155.0638,5.0500,1253,0,0
155.0887,5.0540,1254,0,0
155.1134,5.0822,1261,0,0
155.1383,5.1225,1271,0,0
155.1631,5.0943,1264,0,0
155.1879,5.0943,1264,0,0
155.2127,5.0742,1259,0,0
155.2375,5.0903,1263,0,0
155.2623,5.0903,1263,0,0
155.2871,5.0862,1262,0,0
155.3119,5.0822,1261,0,0
155.3367,5.0943,1264,0,0
155.3615,5.0822,1261,0,0
155.3863,5.0822,1261,0,0
155.4111,5.0943,1264,0,0
155.4359,5.1064,1267,0,0
155.4607,5.0822,1261,0,0
155.4855,5.0742,1259,0,0
155.5103,5.0661,1257,0,0
155.5351,5.0983,1265,0,0
155.5599,5.0419,1251,0,0
155.5847,5.0862,1262,0,0
155.6095,5.0661,1257,0,0
155.6343,5.0903,1263,0,0
155.6591,5.0862,1262,0,0
155.6839,5.1024,1266,0,0
155.7087,5.0661,1257,0,0
155.7335,5.0742,1259,0,0
155.7583,5.0862,1262,0,0
155.7831,5.0903,1263,0,0
155.8079,5.0862,1262,0,0
155.8327,5.0862,1262,0,0
155.8575,5.0782,1260,0,0
155.8823,5.0862,1262,0,0
155.9071,5.0903,1263,0,0
155.9319,5.0943,1264,0,0
155.9567,5.0701,1258,0,0
155.9815,5.0742,1259,0,0
156.0063,5.0943,1264,0,0
156.0311,5.0903,1263,0,0
156.0559,5.0782,1260,0,0
156.0807,5.0782,1260,0,0
156.1055,5.0983,1265,0,0
156.1304,5.0661,1257,0,0
156.1552,5.0943,1264,0,0
156.1799,5.0903,1263,0,0
156.2048,5.0943,1264,0,0
156.2296,5.0701,1258,0,0
156.2544,5.0379,1250,0,0
156.2792,5.0983,1265,0,0
156.3040,5.0661,1257,0,0
156.3288,5.1024,1266,0,0
156.3536,5.0903,1263,0,0
156.3784,5.0822,1261,0,0
156.4032,5.0661,1257,0,0
156.4280,5.0943,1264,0,0
156.4528,5.0338,1249,0,0
156.4776,5.0983,1265,0,0
156.5024,5.0903,1263,0,0
156.5272,5.0943,1264,0,0
156.5520,5.1064,1267,0,0
156.5768,5.0782,1260,0,0
156.6016,5.1104,1268,0,0
156.6264,5.0943,1264,0,0
156.6512,5.0742,1259,0,0
156.6760,5.0903,1263,0,0
156.7008,5.0338,1249,0,0
156.7256,5.0661,1257,0,0
156.7504,5.0943,1264,0,0
156.7752,5.0742,1259,0,0
156.8000,5.0943,1264,0,0
156.8248,5.0943,1264,0,0
156.8496,5.0983,1265,0,0
156.8744,5.0661,1257,0,0
156.8992,5.0701,1258,0,0
156.9240,5.1225,1271,0,0
156.9488,5.0983,1265,0,0
156.9736,5.0983,1265,0,0
156.9984,5.1225,1271,0,0
157.0232,5.0782,1260,0,0
157.0480,5.0943,1264,0,0
157.0728,5.0661,1257,0,0
157.0976,5.0983,1265,0,0
157.1224,5.0701,1258,0,0
157.1472,5.0943,1264,0,0
157.1720,5.0742,1259,0,0
157.1969,5.0862,1262,0,0
157.2216,5.1064,1267,0,0
157.2464,5.0903,1263,0,0
157.2713,5.0903,1263,0,0
157.2961,5.0822,1261,0,0
157.3209,5.0983,1265,0,0
157.3457,5.0782,1260,0,0
157.3705,5.0862,1262,0,0
157.3953,5.0862,1262,0,0
157.4201,5.1024,1266,0,0
157.4449,5.0862,1262,0,0
157.4697,5.1064,1267,0,0
157.4945,5.0782,1260,0,0
157.5193,5.0862,1262,0,0
157.5441,5.0862,1262,0,0
157.5689,5.0661,1257,0,0
157.5937,5.0661,1257,0,0
157.6185,5.0661,1257,0,0
157.6433,5.0943,1264,0,0
157.6681,5.1064,1267,0,0
157.6929,5.0701,1258,0,0
157.7177,5.0742,1259,0,0
157.7425,5.0943,1264,0,0
157.7673,5.0862,1262,0,0
157.7921,5.0903,1263,0,0
157.8169,5.0943,1264,0,0
157.8417,5.0661,1257,0,0
157.8665,5.0903,1263,0,0
157.8913,5.0742,1259,0,0
157.9161,5.1104,1268,0,0
157.9409,5.0419,1251,0,0
157.9657,5.0782,1260,0,0
157.9905,5.0943,1264,0,0
158.0153,5.0379,1250,0,0
158.0401,5.1064,1267,0,0
158.0649,5.0701,1258,0,0
158.0897,5.0983,1265,0,0
158.1145,5.0782,1260,0,0
158.1393,5.0903,1263,0,0
158.1641,5.0822,1261,0,0
158.1889,5.0701,1258,0,0
158.2137,5.1024,1266,0,0
158.2385,5.0862,1262,0,0
158.2634,5.0822,1261,0,0
158.2881,5.0742,1259,0,0
158.3129,5.0782,1260,0,0
158.3378,5.0943,1264,0,0
158.3625,5.0983,1265,0,0
158.3874,5.0862,1262,0,0
158.4122,5.0862,1262,0,0
158.4370,5.0742,1259,0,0
158.4618,5.0903,1263,0,0
158.4866,5.0983,1265,0,0
158.5114,5.0742,1259,0,0
158.5362,5.0782,1260,0,0
158.5610,5.0338,1249,0,0
158.5858,5.0983,1265,0,0
158.6106,5.1225,1271,0,0
158.6354,5.0701,1258,0,0
158.6602,5.1024,1266,0,0
158.6850,5.0822,1261,0,0
158.7098,5.0943,1264,0,0
158.7346,5.0742,1259,0,0
158.7594,5.0419,1251,0,0
158.7842,5.1265,1272,0,0
158.8090,5.0379,1250,0,0
158.8338,5.0983,1265,0,0
158.8586,5.0782,1260,0,0
158.8834,5.0500,1253,0,0
158.9082,5.0782,1260,0,0
158.9330,5.0862,1262,0,0
158.9578,5.0782,1260,0,0
158.9826,5.0742,1259,0,0
159.0074,5.1104,1268,0,0
159.0322,5.0782,1260,0,0
159.0570,5.0983,1265,0,0
159.0818,5.0983,1265,0,0
159.1066,5.0943,1264,0,0
159.1314,5.1346,1274,0,0
159.1562,5.0661,1257,0,0
159.1810,5.0983,1265,0,0
159.2058,5.0782,1260,0,0
159.2306,5.0903,1263,0,0
159.2554,5.0983,1265,0,0
159.2802,5.0862,1262,0,0
159.3050,5.0943,1264,0,0
159.3298,5.0822,1261,0,0
159.3546,5.1104,1268,0,0
159.3794,5.0742,1259,0,0
159.4043,5.0701,1258,0,0
159.4290,5.1225,1271,0,0
159.4539,5.0862,1262,0,0
159.4787,5.0379,1250,0,0
159.5035,5.0701,1258,0,0
159.5283,5.0943,1264,0,0
159.5531,5.0943,1264,0,0
159.5779,5.0862,1262,0,0
159.6027,5.0742,1259,0,0
159.6275,5.0661,1257,0,0
159.6523,5.0782,1260,0,0
159.6771,5.0822,1261,0,0
159.7019,5.1024,1266,0,0
159.7267,5.0742,1259,0,0
159.7515,5.0903,1263,0,0
159.7763,5.0943,1264,0,0
159.8011,5.1024,1266,0,0
159.8259,5.0782,1260,0,0
159.8507,5.0943,1264,0,0
159.8755,5.0983,1265,0,0
159.9003,5.0862,1262,0,0
159.9251,5.0742,1259,0,0
159.9499,5.0943,1264,0,0
159.9747,5.0983,1265,0,0
159.9995,5.0782,1260,0,0
160.0243,5.0983,1265,0,0
160.0491,5.0862,1262,0,0
160.0739,5.0943,1264,0,0
160.0987,5.0742,1259,0,0
160.1235,5.0782,1260,0,0
160.1483,5.0983,1265,0,0
160.1731,5.0782,1260,0,0
160.1979,5.0862,1262,0,0
160.2227,5.0580,1255,0,0
160.2475,5.0701,1258,0,0
160.2723,5.1104,1268,0,0
160.2971,5.0540,1254,0,0
160.3219,5.0419,1251,0,0
160.3467,5.0742,1259,0,0
160.3715,5.0782,1260,0,0
160.3963,5.0661,1257,0,0
160.4211,5.1064,1267,0,0
160.4459,5.0782,1260,0,0
160.4707,5.0822,1261,0,0
160.4955,5.0983,1265,0,0
160.5204,5.0903,1263,0,0
160.5452,5.1265,1272,0,0
160.5700,5.0661,1257,0,0
160.5948,5.0943,1264,0,0
160.6196,5.0862,1262,0,0
160.6444,5.0742,1259,0,0
160.6692,5.0862,1262,0,0
160.6940,5.1064,1267,0,0
160.7188,5.0983,1265,0,0
160.7436,5.0379,1250,0,0
160.7684,5.0943,1264,0,0
160.7932,5.0419,1251,0,0
160.8180,5.0782,1260,0,0
160.8428,5.0742,1259,0,0
160.8676,5.0822,1261,0,0
160.8924,5.0782,1260,0,0
160.9172,5.0822,1261,0,0
160.9420,5.0782,1260,0,0
160.9668,5.0983,1265,0,0
160.9916,5.0782,1260,0,0
161.0164,5.0742,1259,0,0
161.0412,5.0862,1262,0,0
161.0660,5.0742,1259,0,0
161.0908,5.0500,1253,0,0
161.1156,5.0782,1260,0,0
161.1404,5.0862,1262,0,0
161.1652,5.1265,1272,0,0
161.1900,5.0742,1259,0,0
161.2148,5.1346,1274,0,0
161.2396,5.0903,1263,0,0
161.2644,5.1306,1273,0,0
161.2892,5.0661,1257,0,0
161.3140,5.0983,1265,0,0
161.3388,5.0862,1262,0,0
161.3636,5.0782,1260,0,0
161.3884,5.0943,1264,0,0
161.4132,5.0379,1250,0,0
161.4380,5.0862,1262,0,0
161.4628,5.0903,1263,0,0
161.4876,5.0742,1259,0,0
161.5124,5.0661,1257,0,0
161.5372,5.0742,1259,0,0
161.5620,5.0862,1262,0,0
161.5869,5.0742,1259,0,0
161.6116,5.0943,1264,0,0
161.6365,5.0782,1260,0,0
161.6613,5.0822,1261,0,0
161.6861,5.0298,1248,0,0
161.7109,5.0701,1258,0,0
161.7357,5.0943,1264,0,0
161.7605,5.0943,1264,0,0
161.7853,5.0742,1259,0,0
161.8101,5.0782,1260,0,0
161.8349,5.0661,1257,0,0
161.8597,5.1064,1267,0,0
161.8845,5.0983,1265,0,0
161.9093,5.0822,1261,0,0
161.9341,5.0419,1251,0,0
161.9589,5.0983,1265,0,0
161.9837,5.0983,1265,0,0
162.0085,5.0782,1260,0,0
162.0333,5.0943,1264,0,0
162.0581,5.0943,1264,0,0
162.0829,5.0661,1257,0,0
162.1077,5.0943,1264,0,0
162.1325,5.0943,1264,0,0
162.1573,5.0661,1257,0,0
162.1821,5.0943,1264,0,0
162.2069,5.0862,1262,0,0
162.2317,5.0419,1251,0,0
162.2565,5.0822,1261,0,0
162.2813,5.0862,1262,0,0
162.3061,5.0983,1265,0,0
162.3309,5.0661,1257,0,0
162.3557,5.0540,1254,0,0
162.3805,5.0862,1262,0,0
162.4053,5.0742,1259,0,0
162.4301,5.0862,1262,0,0
162.4549,5.0338,1249,0,0
162.4797,5.0943,1264,0,0
162.5045,5.0983,1265,0,0
162.5293,5.0943,1264,0,0
162.5541,5.0822,1261,0,0
162.5789,5.0782,1260,0,0
162.6037,5.1265,1272,0,0
162.6285,5.1225,1271,0,0
162.6534,5.0943,1264,0,0
162.6781,5.0943,1264,0,0
162.7030,5.0943,1264,0,0
162.7278,5.0782,1260,0,0
162.7526,5.0822,1261,0,0
162.7774,5.0983,1265,0,0
162.8022,5.0983,1265,0,0
162.8270,5.0862,1262,0,0
162.8518,5.1265,1272,0,0
162.8766,5.0903,1263,0,0
162.9014,5.0500,1253,0,0
162.9262,5.0379,1250,0,0
162.9510,5.0218,1246,0,0
162.9758,5.0742,1259,0,0
163.0006,5.0379,1250,0,0
163.0254,5.0862,1262,0,0
163.0502,5.0862,1262,0,0
163.0750,5.0943,1264,0,0
163.0998,5.0782,1260,0,0
163.1246,5.0782,1260,0,0
163.1494,5.0782,1260,0,0
163.1742,5.0862,1262,0,0
163.1990,5.0943,1264,0,0
163.2238,5.0661,1257,0,0
163.2486,5.0782,1260,0,0
163.2734,5.0742,1259,0,0
163.2982,5.0661,1257,0,0
163.3230,5.1064,1267,0,0
163.3478,5.0782,1260,0,0
163.3726,5.0983,1265,0,0
163.3974,5.0862,1262,0,0
163.4222,5.0983,1265,0,0
163.4470,5.0742,1259,0,0
163.4718,5.0661,1257,0,0
163.4966,5.0782,1260,0,0
163.5214,5.0943,1264,0,0
163.5462,5.0782,1260,0,0
163.5710,5.0742,1259,0,0
163.5958,5.1064,1267,0,0
163.6206,5.0983,1265,0,0
163.6454,5.0943,1264,0,0
163.6702,5.0983,1265,0,0
163.6950,5.0943,1264,0,0
163.7198,5.0983,1265,0,0
163.7446,5.0943,1264,0,0
163.7695,5.0862,1262,0,0
163.7943,5.0782,1260,0,0
163.8191,5.0983,1265,0,0
163.8439,5.0379,1250,0,0
163.8687,5.0742,1259,0,0
163.8935,5.0419,1251,0,0
163.9183,5.0903,1263,0,0
163.9431,5.0782,1260,0,0
163.9679,5.1225,1271,0,0
163.9927,5.0862,1262,0,0
164.0175,5.1064,1267,0,0
164.0423,5.0862,1262,0,0
164.0671,5.0661,1257,0,0
164.0919,5.1064,1267,0,0
164.1167,5.0903,1263,0,0
164.1415,5.1024,1266,0,0
164.1663,5.0983,1265,0,0
164.1911,5.0701,1258,0,0
164.2159,5.0862,1262,0,0
164.2407,5.1024,1266,0,0
164.2655,5.0782,1260,0,0
164.2903,5.0943,1264,0,0
164.3151,5.0943,1264,0,0
164.3399,5.1064,1267,0,0
164.3647,5.0903,1263,0,0
164.3895,5.0983,1265,0,0
164.4143,5.0943,1264,0,0
164.4391,5.0903,1263,0,0
164.4639,5.0782,1260,0,0
164.4887,5.0661,1257,0,0
164.5135,5.1225,1271,0,0
164.5383,5.0822,1261,0,0
164.5631,5.0701,1258,0,0
164.5879,5.0742,1259,0,0
164.6127,5.0903,1263,0,0
164.6375,5.1064,1267,0,0
164.6623,5.0661,1257,0,0
164.6871,5.0782,1260,0,0
164.7119,5.0943,1264,0,0
164.7367,5.0943,1264,0,0
164.7615,5.0862,1262,0,0
164.7863,5.0782,1260,0,0
164.8111,5.0862,1262,0,0
164.8360,5.0983,1265,0,0
164.8607,5.0580,1255,0,0
164.8856,5.0782,1260,0,0
164.9104,5.0983,1265,0,0
164.9352,5.0742,1259,0,0
164.9600,5.0742,1259,0,0
164.9848,5.0782,1260,0,0
165.0096,5.0742,1259,0,0
165.0344,5.0983,1265,0,0
165.0592,5.0862,1262,0,0
165.0840,5.1225,1271,0,0
165.1088,5.0943,1264,0,0
165.1336,5.0782,1260,0,0
165.1584,5.0742,1259,0,0
165.1832,5.0903,1263,0,0
165.2080,5.0903,1263,0,0
165.2328,5.0661,1257,0,0
165.2576,5.0701,1258,0,0
165.2824,5.0782,1260,0,0
165.3072,5.0500,1253,0,0
165.3320,5.0701,1258,0,0
165.3568,5.0782,1260,0,0
165.3816,5.0943,1264,0,0
165.4064,5.0983,1265,0,0
165.4312,5.0782,1260,0,0
165.4560,5.0862,1262,0,0
165.4808,5.0983,1265,0,0
165.5056,5.0782,1260,0,0
165.5304,5.0943,1264,0,0
165.5552,5.0903,1263,0,0
165.5800,5.0943,1264,0,0
165.6048,5.0862,1262,0,0
165.6296,5.0782,1260,0,0
165.6544,5.0782,1260,0,0
165.6792,5.0822,1261,0,0
165.7040,5.0701,1258,0,0
165.7288,5.0943,1264,0,0
165.7536,5.0782,1260,0,0
165.7784,5.0822,1261,0,0
165.8032,5.0661,1257,0,0
165.8280,5.0943,1264,0,0
165.8528,5.1024,1266,0,0
165.8776,5.0742,1259,0,0
165.9025,5.0782,1260,0,0
165.9272,5.0782,1260,0,0
165.9521,5.0419,1251,0,0
165.9769,5.0701,1258,0,0
166.0016,5.0742,1259,0,0
166.0265,5.1346,1274,0,0
166.0513,5.0822,1261,0,0
166.0761,5.0822,1261,0,0
166.1009,5.0742,1259,0,0
166.1257,5.0862,1262,0,0
166.1505,5.0903,1263,0,0
166.1753,5.0983,1265,0,0
166.2001,5.0943,1264,0,0
166.2249,5.0943,1264,0,0
166.2497,5.0943,1264,0,0
166.2745,5.0661,1257,0,0
166.2993,5.0983,1265,0,0
166.3241,5.0782,1260,0,0
166.3489,5.0782,1260,0,0
166.3737,5.0782,1260,0,0
166.3985,5.0742,1259,0,0
166.4233,5.0862,1262,0,0
166.4481,5.0419,1251,0,0
166.4729,5.0782,1260,0,0
166.4977,5.0661,1257,0,0
166.5225,5.0903,1263,0,0
166.5473,5.1024,1266,0,0
166.5721,5.0903,1263,0,0
166.5969,5.0903,1263,0,0
166.6217,5.0943,1264,0,0
166.6465,5.0862,1262,0,0
166.6713,5.1064,1267,0,0
166.6961,5.0903,1263,0,0
166.7209,5.0742,1259,0,0
166.7457,5.1064,1267,0,0
166.7705,5.0782,1260,0,0
166.7953,5.0742,1259,0,0
166.8201,5.0983,1265,0,0
166.8449,5.0782,1260,0,0
166.8697,5.0782,1260,0,0
166.8945,5.0742,1259,0,0
166.9193,5.0742,1259,0,0
166.9441,5.0983,1265,0,0
166.9689,5.0742,1259,0,0
166.9937,5.0943,1264,0,0
167.0186,5.0701,1258,0,0
167.0434,5.0943,1264,0,0
167.0682,5.0862,1262,0,0
167.0930,5.0983,1265,0,0
167.1178,5.0742,1259,0,0
167.1426,5.0862,1262,0,0
167.1674,5.0701,1258,0,0
167.1922,5.0822,1261,0,0
167.2170,5.1225,1271,0,0
167.2418,5.0661,1257,0,0
167.2666,5.0782,1260,0,0
167.2914,5.0943,1264,0,0
167.3162,5.0661,1257,0,0
167.3410,5.0742,1259,0,0
167.3658,5.0862,1262,0,0
167.3906,5.0661,1257,0,0
167.4154,5.0782,1260,0,0
167.4402,5.0742,1259,0,0
167.4650,5.0500,1253,0,0
167.4898,5.0903,1263,0,0
167.5146,5.0419,1251,0,0
167.5394,5.0903,1263,0,0
167.5642,5.0379,1250,0,0
167.5890,5.0943,1264,0,0
167.6138,5.0500,1253,0,0
167.6386,5.0782,1260,0,0
167.6634,5.0742,1259,0,0
167.6882,5.1225,1271,0,0
167.7130,5.0782,1260,0,0
167.7378,5.0943,1264,0,0
167.7626,5.0943,1264,0,0
167.7874,5.0742,1259,0,0
167.8122,5.0822,1261,0,0
167.8370,5.0540,1254,0,0
167.8618,5.0782,1260,0,0
167.8866,5.0661,1257,0,0
167.9114,5.0943,1264,0,0
167.9362,5.0742,1259,0,0
167.9610,5.0782,1260,0,0
167.9858,5.0661,1257,0,0
168.0106,5.0742,1259,0,0
168.0354,5.0782,1260,0,0
168.0602,5.0661,1257,0,0
168.0851,5.1064,1267,0,0
168.1098,5.0742,1259,0,0
168.1347,5.0943,1264,0,0
168.1595,5.0862,1262,0,0
168.1842,5.0862,1262,0,0
168.2091,5.0943,1264,0,0
168.2339,5.0943,1264,0,0
168.2587,5.0903,1263,0,0
168.2835,5.0983,1265,0,0
168.3083,5.0701,1258,0,0
168.3331,5.0903,1263,0,0
168.3579,5.0983,1265,0,0
168.3827,5.0782,1260,0,0
168.4075,5.0782,1260,0,0
168.4323,5.0943,1264,0,0
168.4571,5.0862,1262,0,0
168.4819,5.0782,1260,0,0
168.5067,5.0903,1263,0,0
168.5315,5.0782,1260,0,0
168.5563,5.1024,1266,0,0
168.5811,5.1265,1272,0,0
168.6059,5.0782,1260,0,0
168.6307,5.0661,1257,0,0
168.6555,5.0782,1260,0,0
168.6803,5.0661,1257,0,0
168.7051,5.0742,1259,0,0
168.7299,5.0782,1260,0,0
168.7547,5.0862,1262,0,0
168.7795,5.0903,1263,0,0
168.8043,5.1265,1272,0,0
168.8291,5.1064,1267,0,0
168.8539,5.0862,1262,0,0
168.8787,5.0661,1257,0,0
168.9035,5.1225,1271,0,0
168.9283,5.0983,1265,0,0
168.9531,5.0742,1259,0,0
168.9779,5.0983,1265,0,0
169.0027,5.0661,1257,0,0
169.0275,5.1024,1266,0,0
169.0523,5.0782,1260,0,0
169.0771,5.1024,1266,0,0
169.1019,5.0943,1264,0,0
169.1267,5.0943,1264,0,0
169.1516,5.0782,1260,0,0
169.1763,5.0701,1258,0,0
169.2012,5.1064,1267,0,0
169.2260,5.0983,1265,0,0
169.2507,5.0943,1264,0,0
169.2756,5.0742,1259,0,0
169.3004,5.0782,1260,0,0
169.3252,5.0862,1262,0,0
169.3500,5.0943,1264,0,0
169.3748,5.0943,1264,0,0
169.3996,5.0742,1259,0,0
169.4244,5.0742,1259,0,0
169.4492,5.0822,1261,0,0
169.4740,5.0782,1260,0,0
169.4988,5.0379,1250,0,0
169.5236,5.0782,1260,0,0
169.5484,5.0782,1260,0,0
169.5732,5.0661,1257,0,0
169.5980,5.0943,1264,0,0
169.6228,5.0822,1261,0,0
169.6476,5.0782,1260,0,0
169.6724,5.0661,1257,0,0
169.6972,5.0782,1260,0,0
169.7220,5.0943,1264,0,0
169.7468,5.0943,1264,0,0
169.7716,5.0862,1262,0,0
169.7964,5.1145,1269,0,0
169.8212,5.0862,1262,0,0
169.8460,5.0943,1264,0,0
169.8708,5.0822,1261,0,0
169.8956,5.0782,1260,0,0
169.9204,5.0782,1260,0,0
169.9452,5.0742,1259,0,0
169.9700,5.1064,1267,0,0
169.9948,5.0862,1262,0,0
170.0196,5.0661,1257,0,0
170.0444,5.0943,1264,0,0
170.0692,5.0862,1262,0,0
170.0940,5.0701,1258,0,0
170.1188,5.0943,1264,0,0
170.1436,5.0862,1262,0,0
170.1684,5.0661,1257,0,0
170.1932,5.0983,1265,0,0
170.2180,5.0983,1265,0,0
170.2428,5.0903,1263,0,0
170.2677,5.0540,1254,0,0
170.2924,5.0862,1262,0,0
170.3172,5.0862,1262,0,0
170.3421,5.1064,1267,0,0
170.3669,5.0661,1257,0,0
170.3917,5.0782,1260,0,0
170.4165,5.0983,1265,0,0
170.4413,5.0943,1264,0,0
170.4661,5.0862,1262,0,0
170.4909,5.0782,1260,0,0
170.5157,5.0822,1261,0,0
170.5405,5.0983,1265,0,0
170.5653,5.0218,1246,0,0
170.5901,5.1265,1272,0,0
170.6149,5.0782,1260,0,0
170.6397,5.0943,1264,0,0
170.6645,5.0862,1262,0,0
170.6893,5.0943,1264,0,0
170.7141,5.0862,1262,0,0
170.7389,5.0742,1259,0,0
170.7637,5.0500,1253,0,0
170.7885,5.0943,1264,0,0
170.8133,5.0822,1261,0,0
170.8381,5.0943,1264,0,0
170.8629,5.0822,1261,0,0
170.8877,5.0742,1259,0,0
170.9125,5.0943,1264,0,0
170.9373,5.0862,1262,0,0
170.9621,5.0943,1264,0,0
170.9869,5.0903,1263,0,0
171.0117,5.0943,1264,0,0
171.0365,5.0701,1258,0,0
171.0613,5.0782,1260,0,0
171.0861,5.1024,1266,0,0
171.1109,5.0701,1258,0,0
171.1357,5.0661,1257,0,0
171.1605,5.0983,1265,0,0
171.1853,5.1064,1267,0,0
171.2101,5.0943,1264,0,0
171.2349,5.0943,1264,0,0
171.2597,5.0742,1259,0,0
171.2845,5.0782,1260,0,0
171.3093,5.1145,1269,0,0
171.3342,5.0661,1257,0,0
171.3589,5.0983,1265,0,0
171.3837,5.0943,1264,0,0
171.4086,5.0943,1264,0,0
171.4333,5.0862,1262,0,0
171.4582,5.0903,1263,0,0
171.4830,5.0903,1263,0,0
171.5078,5.0661,1257,0,0
171.5326,5.0742,1259,0,0
171.5574,5.0742,1259,0,0
171.5822,5.0822,1261,0,0
171.6070,5.0742,1259,0,0
171.6318,5.0742,1259,0,0
171.6566,5.0943,1264,0,0
171.6814,5.0782,1260,0,0
171.7062,5.0862,1262,0,0
171.7310,5.0822,1261,0,0
171.7558,5.0943,1264,0,0
171.7806,5.0701,1258,0,0
171.8054,5.0862,1262,0,0
171.8302,5.0701,1258,0,0
171.8550,5.0822,1261,0,0
171.8798,5.0903,1263,0,0
171.9046,5.0661,1257,0,0
171.9294,5.0862,1262,0,0
171.9542,5.0943,1264,0,0
171.9790,5.1265,1272,0,0
172.0038,5.0782,1260,0,0
172.0286,5.0782,1260,0,0
172.0534,5.0943,1264,0,0
172.0782,5.0782,1260,0,0
172.1030,5.0943,1264,0,0
172.1278,5.0782,1260,0,0
172.1526,5.0540,1254,0,0
172.1774,5.0862,1262,0,0
172.2022,5.0903,1263,0,0
172.2270,5.0742,1259,0,0
172.2518,5.0903,1263,0,0
172.2766,5.0500,1253,0,0
172.3014,5.0419,1251,0,0
172.3262,5.0862,1262,0,0
172.3510,5.1225,1271,0,0
172.3758,5.0742,1259,0,0
172.4007,5.1024,1266,0,0
172.4254,5.0742,1259,0,0
172.4502,5.0379,1250,0,0
172.4751,5.0903,1263,0,0
172.4998,5.0782,1260,0,0
172.5247,5.0701,1258,0,0
172.5495,5.0943,1264,0,0
172.5743,5.0822,1261,0,0
172.5991,5.0943,1264,0,0
172.6239,5.0983,1265,0,0
172.6487,5.0742,1259,0,0
172.6735,5.0782,1260,0,0
172.6983,5.0661,1257,0,0
172.7231,5.1265,1272,0,0
172.7479,5.0742,1259,0,0
172.7727,5.0943,1264,0,0
172.7975,5.0782,1260,0,0
172.8223,5.0943,1264,0,0
172.8471,5.0782,1260,0,0
172.8719,5.0338,1249,0,0
172.8967,5.0943,1264,0,0
172.9215,5.0983,1265,0,0
172.9463,5.0943,1264,0,0
172.9711,5.0862,1262,0,0
172.9959,5.0298,1248,0,0
173.0207,5.0782,1260,0,0
173.0455,5.0822,1261,0,0
173.0703,5.0943,1264,0,0
173.0951,5.0782,1260,0,0
173.1199,5.0822,1261,0,0
173.1447,5.0500,1253,0,0
173.1695,5.0862,1262,0,0
173.1943,5.0943,1264,0,0
173.2191,5.0782,1260,0,0
173.2439,5.0822,1261,0,0
173.2687,5.0943,1264,0,0
173.2935,5.0782,1260,0,0
173.3183,5.0943,1264,0,0
173.3431,5.0782,1260,0,0
173.3679,5.0661,1257,0,0
173.3927,5.0862,1262,0,0
173.4175,5.0862,1262,0,0
173.4423,5.0943,1264,0,0
173.4671,5.1104,1268,0,0
173.4919,5.0943,1264,0,0
173.5167,5.1024,1266,0,0
173.5415,5.0742,1259,0,0
173.5663,5.0742,1259,0,0
173.5912,5.0701,1258,0,0
173.6160,5.0580,1255,0,0
173.6408,5.0822,1261,0,0
173.6656,5.0782,1260,0,0
173.6904,5.1225,1271,0,0
173.7152,5.0500,1253,0,0
173.7400,5.1346,1274,0,0
173.7648,5.0903,1263,0,0
173.7896,5.0782,1260,0,0
173.8144,5.0701,1258,0,0
173.8392,5.0701,1258,0,0
173.8640,5.0500,1253,0,0
173.8888,5.0782,1260,0,0
173.9136,5.1064,1267,0,0
173.9384,5.0742,1259,0,0
173.9632,5.0983,1265,0,0
173.9880,5.1024,1266,0,0
174.0128,5.0379,1250,0,0
174.0376,5.0782,1260,0,0
174.0624,5.0862,1262,0,0
174.0872,5.0742,1259,0,0
174.1120,5.0943,1264,0,0
174.1368,5.0903,1263,0,0
174.1616,5.0701,1258,0,0
174.1864,5.0782,1260,0,0
174.2112,5.1024,1266,0,0
174.2360,5.1225,1271,0,0
174.2608,5.0903,1263,0,0
174.2856,5.0983,1265,0,0
174.3104,5.0742,1259,0,0
174.3352,5.0943,1264,0,0
174.3600,5.0943,1264,0,0
174.3848,5.0379,1250,0,0
174.4096,5.0943,1264,0,0
174.4344,5.0822,1261,0,0
174.4592,5.1225,1271,0,0
174.4840,5.0782,1260,0,0
174.5088,5.0943,1264,0,0
174.5336,5.0983,1265,0,0
174.5584,5.0862,1262,0,0
174.5832,5.0500,1253,0,0
174.6080,5.0862,1262,0,0
174.6328,5.0943,1264,0,0
174.6577,5.0580,1255,0,0
174.6824,5.0983,1265,0,0
174.7073,5.0943,1264,0,0
174.7321,5.0943,1264,0,0
174.7569,5.0661,1257,0,0
174.7817,5.1265,1272,0,0
174.8065,5.0862,1262,0,0
174.8313,5.0782,1260,0,0
174.8561,5.0822,1261,0,0
174.8809,5.1145,1269,0,0
174.9057,5.0943,1264,0,0
174.9305,5.0742,1259,0,0
174.9553,5.0943,1264,0,0
174.9801,5.0862,1262,0,0
175.0049,5.0943,1264,0,0
175.0297,5.0943,1264,0,0
175.0545,5.0943,1264,0,0
175.0793,5.0943,1264,0,0
175.1041,5.0782,1260,0,0
175.1289,5.0943,1264,0,0
175.1537,5.1064,1267,0,0
175.1785,5.0943,1264,0,0
175.2033,5.0903,1263,0,0
175.2281,5.1225,1271,0,0
175.2529,5.1145,1269,0,0
175.2777,5.0862,1262,0,0
175.3025,5.0943,1264,0,0
175.3273,5.0782,1260,0,0
175.3521,5.1346,1274,0,0
175.3769,5.0943,1264,0,0
175.4017,5.0943,1264,0,0
175.4265,5.0862,1262,0,0
175.4513,5.0822,1261,0,0
175.4761,5.0983,1265,0,0
175.5009,5.0983,1265,0,0
175.5257,5.0943,1264,0,0
175.5505,5.0903,1263,0,0
175.5753,5.0822,1261,0,0
175.6001,5.0782,1260,0,0
175.6249,5.0943,1264,0,0
175.6497,5.0782,1260,0,0
175.6745,5.0862,1262,0,0
175.6993,5.0701,1258,0,0
175.7242,5.0983,1265,0,0
175.7489,5.0742,1259,0,0
175.7738,5.1064,1267,0,0
175.7986,5.1104,1268,0,0
175.8234,5.0661,1257,0,0
175.8482,5.0661,1257,0,0
175.8730,5.0379,1250,0,0
175.8978,5.0862,1262,0,0
175.9226,5.0742,1259,0,0
175.9474,5.0943,1264,0,0
175.9722,5.0983,1265,0,0
175.9970,5.0500,1253,0,0
176.0218,5.1064,1267,0,0
176.0466,5.0580,1255,0,0
176.0714,5.0701,1258,0,0
176.0962,5.0903,1263,0,0
176.1210,5.0782,1260,0,0
176.1458,5.0943,1264,0,0
176.1706,5.0983,1265,0,0
176.1954,5.0943,1264,0,0
176.2202,5.0822,1261,0,0
176.2450,5.0862,1262,0,0
176.2698,5.0822,1261,0,0
176.2946,5.0943,1264,0,0
176.3194,5.0661,1257,0,0
176.3442,5.0661,1257,0,0
176.3690,5.0862,1262,0,0
176.3938,5.0862,1262,0,0
176.4186,5.0782,1260,0,0
176.4434,5.0903,1263,0,0
176.4682,5.0862,1262,0,0
176.4930,5.0943,1264,0,0
176.5178,5.0822,1261,0,0
176.5426,5.0500,1253,0,0
176.5674,5.0782,1260,0,0
176.5922,5.0782,1260,0,0
176.6170,5.0862,1262,0,0
176.6418,5.0742,1259,0,0
176.6666,5.0943,1264,0,0
176.6914,5.0701,1258,0,0
176.7162,5.0822,1261,0,0
176.7410,5.0862,1262,0,0
176.7658,5.0661,1257,0,0
176.7906,5.0943,1264,0,0
176.8154,5.0661,1257,0,0
176.8403,5.0742,1259,0,0
176.8651,5.0742,1259,0,0
176.8899,5.0822,1261,0,0
176.9147,5.0701,1258,0,0
176.9395,5.0903,1263,0,0
176.9643,5.0983,1265,0,0
176.9891,5.0782,1260,0,0
177.0139,5.0782,1260,0,0
177.0387,5.0419,1251,0,0
177.0635,5.0782,1260,0,0
177.0883,5.0782,1260,0,0
177.1131,5.0822,1261,0,0
177.1379,5.0742,1259,0,0
177.1627,5.0983,1265,0,0
177.1875,5.0742,1259,0,0
177.2123,5.0903,1263,0,0
177.2371,5.1265,1272,0,0
177.2619,5.0943,1264,0,0
177.2867,5.0782,1260,0,0
177.3115,5.0742,1259,0,0
177.3363,5.0782,1260,0,0
177.3611,5.0782,1260,0,0
177.3859,5.0661,1257,0,0
177.4107,5.0943,1264,0,0
177.4355,5.0742,1259,0,0
177.4603,5.0862,1262,0,0
177.4851,5.0822,1261,0,0
177.5099,5.0862,1262,0,0
177.5347,5.0661,1257,0,0
177.5595,5.0943,1264,0,0
177.5843,5.0661,1257,0,0
177.6091,5.0742,1259,0,0
177.6339,5.0862,1262,0,0
177.6587,5.1064,1267,0,0
177.6835,5.0782,1260,0,0
177.7083,5.0862,1262,0,0
177.7331,5.1225,1271,0,0
177.7579,5.0782,1260,0,0
177.7827,5.0782,1260,0,0
177.8075,5.0742,1259,0,0
177.8323,5.0379,1250,0,0
177.8571,5.0943,1264,0,0
177.8819,5.0903,1263,0,0
177.9068,5.0338,1249,0,0
177.9315,5.0782,1260,0,0
177.9564,5.0742,1259,0,0
177.9812,5.0943,1264,0,0
178.0060,5.0943,1264,0,0
178.0308,5.0500,1253,0,0
178.0556,5.0742,1259,0,0
178.0804,5.0742,1259,0,0
178.1052,5.1104,1268,0,0
178.1300,5.0862,1262,0,0
178.1548,5.0862,1262,0,0
178.1796,5.0862,1262,0,0
178.2044,5.0943,1264,0,0
178.2292,5.0782,1260,0,0
178.2540,5.0782,1260,0,0
178.2788,5.0742,1259,0,0
178.3036,5.0943,1264,0,0
178.3284,5.0943,1264,0,0
178.3532,5.0782,1260,0,0
178.3780,5.0943,1264,0,0
178.4028,5.0782,1260,0,0
178.4276,5.1064,1267,0,0
178.4524,5.0661,1257,0,0
178.4772,5.0903,1263,0,0
178.5020,5.0782,1260,0,0
178.5268,5.1064,1267,0,0
178.5516,5.0943,1264,0,0
178.5764,5.0338,1249,0,0
178.6012,5.0782,1260,0,0
178.6260,5.0742,1259,0,0
178.6508,5.0862,1262,0,0
178.6756,5.0822,1261,0,0
178.7004,5.0742,1259,0,0
178.7252,5.1024,1266,0,0
178.7500,5.0943,1264,0,0
178.7748,5.0862,1262,0,0
178.7996,5.0903,1263,0,0
178.8244,5.0782,1260,0,0
178.8492,5.0862,1262,0,0
178.8740,5.1145,1269,0,0
178.8988,5.0943,1264,0,0
178.9236,5.0500,1253,0,0
178.9484,5.0983,1265,0,0
178.9733,5.0742,1259,0,0
178.9980,5.0943,1264,0,0
179.0229,5.0419,1251,0,0
179.0477,5.0782,1260,0,0
179.0725,5.0782,1260,0,0
179.0973,5.0782,1260,0,0
179.1221,5.0983,1265,0,0
179.1469,5.0742,1259,0,0
179.1717,5.0782,1260,0,0
179.1965,5.0782,1260,0,0
179.2213,5.0943,1264,0,0
179.2461,5.0742,1259,0,0
179.2709,5.0782,1260,0,0
179.2957,5.0701,1258,0,0
179.3205,5.0701,1258,0,0
179.3453,5.0862,1262,0,0
179.3701,5.1064,1267,0,0
179.3949,5.0943,1264,0,0
179.4197,5.0822,1261,0,0
179.4445,5.0782,1260,0,0
179.4693,5.0943,1264,0,0
179.4941,5.0983,1265,0,0
179.5189,5.0822,1261,0,0
179.5437,5.1024,1266,0,0
179.5685,5.0661,1257,0,0
179.5933,5.0943,1264,0,0
179.6181,5.0862,1262,0,0
179.6429,5.0943,1264,0,0
179.6677,5.0782,1260,0,0
179.6925,5.0943,1264,0,0
179.7173,5.0782,1260,0,0
179.7421,5.0782,1260,0,0
179.7669,5.0943,1264,0,0
179.7917,5.0983,1265,0,0
179.8165,5.0742,1259,0,0
179.8413,5.0943,1264,0,0
179.8661,5.0661,1257,0,0
179.8909,5.0742,1259,0,0
179.9157,5.0419,1251,0,0
179.9405,5.1104,1268,0,0
179.9653,5.0903,1263,0,0
179.9901,5.0983,1265,0,0
180.0149,5.0862,1262,0,0
180.0397,5.1064,1267,0,0
180.0645,5.0822,1261,0,0
180.0894,5.1064,1267,0,0
180.1142,5.0943,1264,0,0
180.1390,5.0782,1260,0,0
180.1638,5.0742,1259,0,0
180.1886,5.0862,1262,0,0
180.2134,5.0782,1260,0,0
180.2382,5.0701,1258,0,0
180.2630,5.0782,1260,0,0
180.2878,5.0701,1258,0,0
180.3126,5.0943,1264,0,0
180.3374,5.0661,1257,0,0
180.3622,5.0822,1261,0,0
180.3870,5.0822,1261,0,0
180.4118,5.0782,1260,0,0
180.4366,5.0661,1257,0,0
180.4614,5.0742,1259,0,0
180.4862,5.0943,1264,0,0
180.5110,5.0943,1264,0,0
180.5358,5.0742,1259,0,0
180.5606,5.0742,1259,0,0
180.5854,5.1225,1271,0,0
180.6102,5.0782,1260,0,0
180.6350,5.1306,1273,0,0
180.6598,5.0943,1264,0,0
180.6846,5.0862,1262,0,0
180.7094,5.0943,1264,0,0
180.7342,5.0742,1259,0,0
180.7590,5.0782,1260,0,0
180.7838,5.0742,1259,0,0
180.8086,5.0862,1262,0,0
180.8334,5.0943,1264,0,0
180.8582,5.0943,1264,0,0
180.8830,5.0742,1259,0,0
180.9078,5.1064,1267,0,0
180.9326,5.0540,1254,0,0
180.9574,5.0822,1261,0,0
180.9822,5.0943,1264,0,0
181.0070,5.0983,1265,0,0
181.0318,5.1064,1267,0,0
181.0566,5.0782,1260,0,0
181.0814,5.0379,1250,0,0
181.1062,5.0500,1253,0,0
181.1310,5.0822,1261,0,0
181.1559,5.0742,1259,0,0
181.1806,5.0862,1262,0,0
181.2055,5.0661,1257,0,0
181.2303,5.0822,1261,0,0
181.2551,5.1064,1267,0,0
181.2799,5.0782,1260,0,0
181.3047,5.0742,1259,0,0
181.3295,5.0782,1260,0,0
181.3543,5.0943,1264,0,0
181.3791,5.0943,1264,0,0
181.4039,5.0782,1260,0,0
181.4287,5.1346,1274,0,0
181.4535,5.0983,1265,0,0
181.4783,5.0742,1259,0,0
181.5031,5.0782,1260,0,0
181.5279,5.0862,1262,0,0
181.5527,5.1064,1267,0,0
181.5775,5.0742,1259,0,0
181.6023,5.0742,1259,0,0
181.6271,5.0822,1261,0,0
181.6519,5.1225,1271,0,0
181.6767,5.0782,1260,0,0
181.7015,5.0419,1251,0,0
181.7263,5.0822,1261,0,0
181.7511,5.0379,1250,0,0
181.7759,5.0782,1260,0,0
181.8007,5.0943,1264,0,0
181.8255,5.0983,1265,0,0
181.8503,5.0862,1262,0,0
181.8751,5.1265,1272,0,0
181.8999,5.0983,1265,0,0
181.9247,5.0822,1261,0,0
181.9495,5.1024,1266,0,0
181.9743,5.1024,1266,0,0
181.9991,5.0782,1260,0,0
182.0239,5.0500,1253,0,0
182.0487,5.0862,1262,0,0
182.0735,5.0782,1260,0,0
182.0983,5.0822,1261,0,0
182.1231,5.0943,1264,0,0
182.1479,5.0500,1253,0,0
182.1727,5.0943,1264,0,0
182.1975,5.0782,1260,0,0
182.2224,5.0782,1260,0,0
182.2471,5.0782,1260,0,0
182.2720,5.0862,1262,0,0
182.2968,5.0782,1260,0,0
182.3215,5.0862,1262,0,0
182.3464,5.0742,1259,0,0
182.3712,5.0903,1263,0,0
182.3960,5.0742,1259,0,0
182.4208,5.0983,1265,0,0
182.4456,5.0943,1264,0,0
182.4704,5.0983,1265,0,0
182.4952,5.0782,1260,0,0
182.5200,5.0661,1257,0,0
182.5448,5.0822,1261,0,0
182.5696,5.0983,1265,0,0
182.5944,5.0742,1259,0,0
182.6192,5.0862,1262,0,0
182.6440,5.0903,1263,0,0
182.6688,5.1265,1272,0,0
182.6936,5.0661,1257,0,0
182.7184,5.1265,1272,0,0
182.7432,5.0540,1254,0,0
182.7680,5.0943,1264,0,0
182.7928,5.0822,1261,0,0
182.8176,5.0983,1265,0,0
182.8424,5.0862,1262,0,0
182.8672,5.0903,1263,0,0
182.8920,5.1024,1266,0,0
182.9168,5.0782,1260,0,0
182.9416,5.1064,1267,0,0
182.9664,5.0943,1264,0,0
182.9912,5.1104,1268,0,0
183.0160,5.0903,1263,0,0
183.0408,5.0862,1262,0,0
183.0656,5.0661,1257,0,0
183.0904,5.0661,1257,0,0
183.1152,5.0903,1263,0,0
183.1400,5.0742,1259,0,0
183.1648,5.0943,1264,0,0
183.1896,5.0862,1262,0,0
183.2144,5.0862,1262,0,0
183.2392,5.0862,1262,0,0
183.2640,5.0943,1264,0,0
183.2888,5.0742,1259,0,0
183.3136,5.0782,1260,0,0
183.3385,5.0983,1265,0,0
183.3633,5.0782,1260,0,0
183.3880,5.0822,1261,0,0
183.4129,5.0742,1259,0,0
183.4377,5.0419,1251,0,0
183.4625,5.0822,1261,0,0
183.4873,5.0782,1260,0,0
183.5121,5.0338,1249,0,0
183.5369,5.0661,1257,0,0
183.5617,5.0379,1250,0,0
183.5865,5.0782,1260,0,0
183.6113,5.0943,1264,0,0
183.6361,5.1064,1267,0,0
183.6609,5.0943,1264,0,0
183.6857,5.0701,1258,0,0
183.7105,5.0943,1264,0,0
183.7353,5.0379,1250,0,0
183.7601,5.0742,1259,0,0
183.7849,5.0983,1265,0,0
183.8097,5.0943,1264,0,0
183.8345,5.0983,1265,0,0
183.8593,5.0983,1265,0,0
183.8841,5.0661,1257,0,0
183.9089,5.1064,1267,0,0
183.9337,5.0943,1264,0,0
183.9585,5.0822,1261,0,0
183.9833,5.0943,1264,0,0
184.0081,5.0983,1265,0,0
184.0329,5.0540,1254,0,0
184.0577,5.0862,1262,0,0
184.0825,5.0379,1250,0,0
184.1073,5.0782,1260,0,0
184.1321,5.0943,1264,0,0
184.1569,5.0862,1262,0,0
184.1817,5.0822,1261,0,0
184.2065,5.0661,1257,0,0
184.2313,5.1024,1266,0,0
184.2561,5.0983,1265,0,0
184.2809,5.0782,1260,0,0
184.3057,5.0580,1255,0,0
184.3305,5.0822,1261,0,0
184.3553,5.0943,1264,0,0
184.3801,5.0943,1264,0,0
184.4050,5.0742,1259,0,0
184.4297,5.0782,1260,0,0
184.4545,5.0782,1260,0,0
184.4794,5.0983,1265,0,0
184.5042,5.1024,1266,0,0
184.5290,5.0782,1260,0,0
184.5538,5.0943,1264,0,0
184.5786,5.0661,1257,0,0
184.6034,5.0822,1261,0,0
184.6282,5.0862,1262,0,0
184.6530,5.0782,1260,0,0
184.6778,5.0943,1264,0,0
184.7026,5.0943,1264,0,0
184.7274,5.0862,1262,0,0
184.7522,5.0943,1264,0,0
184.7770,5.0742,1259,0,0
184.8018,5.0540,1254,0,0
184.8266,5.0782,1260,0,0
184.8514,5.0661,1257,0,0
184.8762,5.0943,1264,0,0
184.9010,5.0822,1261,0,0
184.9258,5.0782,1260,0,0
184.9506,5.0903,1263,0,0
184.9754,5.0742,1259,0,0
185.0002,5.0943,1264,0,0
185.0250,5.0862,1262,0,0
185.0498,5.0862,1262,0,0
185.0746,5.0862,1262,0,0
185.0994,5.1064,1267,0,0
185.1242,5.0862,1262,0,0
185.1490,5.0782,1260,0,0
185.1738,5.0943,1264,0,0
185.1986,5.0862,1262,0,0
185.2234,5.0943,1264,0,0
185.2482,5.0540,1254,0,0
185.2730,5.0943,1264,0,0
185.2978,5.0943,1264,0,0
185.3226,5.0782,1260,0,0
185.3474,5.0943,1264,0,0
185.3722,5.0903,1263,0,0
185.3970,5.0742,1259,0,0
185.4218,5.0822,1261,0,0
185.4466,5.0943,1264,0,0
185.4715,5.0943,1264,0,0
185.4962,5.0500,1253,0,0
185.5210,5.0500,1253,0,0
185.5459,5.0742,1259,0,0
185.5706,5.0782,1260,0,0
185.5955,5.0943,1264,0,0
185.6203,5.0943,1264,0,0
185.6451,5.1145,1269,0,0
185.6699,5.0983,1265,0,0
185.6947,5.0983,1265,0,0
185.7195,5.0862,1262,0,0
185.7443,5.1024,1266,0,0
185.7691,5.0862,1262,0,0
185.7939,5.0862,1262,0,0
185.8187,5.0782,1260,0,0
185.8435,5.1064,1267,0,0
185.8683,5.0862,1262,0,0
185.8931,5.0903,1263,0,0
185.9179,5.0782,1260,0,0
185.9427,5.0983,1265,0,0
185.9675,5.0943,1264,0,0
185.9923,5.0983,1265,0,0
186.0171,5.1024,1266,0,0
186.0419,5.0500,1253,0,0
186.0667,5.0943,1264,0,0
186.0915,5.1145,1269,0,0
186.1163,5.0862,1262,0,0
186.1411,5.0943,1264,0,0
186.1659,5.0742,1259,0,0
186.1907,5.0862,1262,0,0
186.2155,5.0822,1261,0,0
186.2403,5.0782,1260,0,0
186.2651,5.0661,1257,0,0
186.2899,5.0943,1264,0,0
186.3147,5.0943,1264,0,0
186.3395,5.0862,1262,0,0
186.3643,5.0943,1264,0,0
186.3891,5.0782,1260,0,0
186.4139,5.0782,1260,0,0
186.4387,5.0943,1264,0,0
186.4635,5.1064,1267,0,0
186.4883,5.0903,1263,0,0
186.5131,5.0782,1260,0,0
186.5379,5.0661,1257,0,0
186.5627,5.0782,1260,0,0
186.5876,5.0862,1262,0,0
186.6124,5.0943,1264,0,0
186.6371,5.0742,1259,0,0
186.6620,5.0782,1260,0,0
186.6868,5.0742,1259,0,0
186.7116,5.0983,1265,0,0
186.7364,5.1145,1269,0,0
186.7612,5.0782,1260,0,0
186.7860,5.1064,1267,0,0
186.8108,5.0862,1262,0,0
186.8356,5.0943,1264,0,0
186.8604,5.0742,1259,0,0
186.8852,5.0943,1264,0,0
186.9100,5.0742,1259,0,0
186.9348,5.0983,1265,0,0
186.9596,5.0379,1250,0,0
186.9844,5.0943,1264,0,0
187.0092,5.0983,1265,0,0
187.0340,5.0822,1261,0,0
187.0588,5.1225,1271,0,0
187.0836,5.1064,1267,0,0
187.1084,5.0782,1260,0,0
187.1332,5.0983,1265,0,0
187.1580,5.0782,1260,0,0
187.1828,5.0983,1265,0,0
187.2076,5.0782,1260,0,0
187.2324,5.0782,1260,0,0
187.2572,5.0701,1258,0,0
187.2820,5.0862,1262,0,0
187.3068,5.1024,1266,0,0
187.3316,5.1024,1266,0,0
187.3564,5.0661,1257,0,0
187.3812,5.0903,1263,0,0
187.4060,5.0862,1262,0,0
187.4308,5.0701,1258,0,0
187.4556,5.0943,1264,0,0
187.4804,5.0862,1262,0,0
187.5052,5.0862,1262,0,0
187.5300,5.0903,1263,0,0
187.5548,5.0983,1265,0,0
187.5796,5.0661,1257,0,0
187.6044,5.0661,1257,0,0
187.6292,5.1104,1268,0,0
187.6541,5.0983,1265,0,0
187.6788,5.0862,1262,0,0
187.7036,5.0661,1257,0,0
187.7285,5.0983,1265,0,0
187.7533,5.0782,1260,0,0
187.7781,5.0419,1251,0,0
187.8029,5.0862,1262,0,0
187.8277,5.0742,1259,0,0
187.8525,5.0782,1260,0,0
187.8773,5.0782,1260,0,0
187.9021,5.0983,1265,0,0
187.9269,5.0661,1257,0,0
187.9517,5.0822,1261,0,0
187.9765,5.0782,1260,0,0
188.0013,5.0943,1264,0,0
188.0261,5.1064,1267,0,0
188.0509,5.0943,1264,0,0
188.0757,5.0782,1260,0,0
188.1005,5.0862,1262,0,0
188.1253,5.0782,1260,0,0
188.1501,5.0742,1259,0,0
188.1749,5.1024,1266,0,0
188.1997,5.0943,1264,0,0
188.2245,5.0943,1264,0,0
188.2493,5.1145,1269,0,0
188.2741,5.0943,1264,0,0
188.2989,5.0822,1261,0,0
188.3237,5.1225,1271,0,0
188.3485,5.0943,1264,0,0
188.3733,5.0943,1264,0,0
188.3981,5.0782,1260,0,0
188.4229,5.0943,1264,0,0
188.4477,5.1104,1268,0,0
188.4725,5.0822,1261,0,0
188.4973,5.0943,1264,0,0
188.5221,5.0782,1260,0,0
188.5469,5.0862,1262,0,0
188.5717,5.0943,1264,0,0
188.5965,5.0943,1264,0,0
188.6213,5.0822,1261,0,0
188.6461,5.0338,1249,0,0
188.6709,5.1064,1267,0,0
188.6957,5.0903,1263,0,0
188.7206,5.1145,1269,0,0
188.7453,5.0782,1260,0,0
188.7701,5.0943,1264,0,0
188.7950,5.0782,1260,0,0
188.8197,5.1064,1267,0,0
188.8446,5.0782,1260,0,0
188.8694,5.0500,1253,0,0
188.8942,5.0580,1255,0,0
188.9190,5.0661,1257,0,0
188.9438,5.0943,1264,0,0
188.9686,5.0782,1260,0,0
188.9934,5.0742,1259,0,0
189.0182,5.0782,1260,0,0
189.0430,5.0983,1265,0,0
189.0678,5.0782,1260,0,0
189.0926,5.0943,1264,0,0
189.1174,5.0943,1264,0,0
189.1422,5.0782,1260,0,0
189.1670,5.0782,1260,0,0
189.1918,5.1024,1266,0,0
189.2166,5.0862,1262,0,0
189.2414,5.0661,1257,0,0
189.2662,5.0338,1249,0,0
189.2910,5.0943,1264,0,0
189.3158,5.0701,1258,0,0
189.3406,5.0822,1261,0,0
189.3654,5.0943,1264,0,0
189.3902,5.0742,1259,0,0
189.4150,5.0822,1261,0,0
189.4398,5.0862,1262,0,0
189.4646,5.0822,1261,0,0
189.4894,5.0983,1265,0,0
189.5142,5.0701,1258,0,0
189.5390,5.0983,1265,0,0
189.5638,5.0862,1262,0,0
189.5886,5.0862,1262,0,0
189.6134,5.0943,1264,0,0
189.6382,5.0782,1260,0,0
189.6630,5.0943,1264,0,0
189.6878,5.0338,1249,0,0
189.7126,5.0943,1264,0,0
189.7374,5.0782,1260,0,0
189.7622,5.0943,1264,0,0
189.7870,5.0661,1257,0,0
189.8118,5.1104,1268,0,0
189.8366,5.0903,1263,0,0
189.8615,5.0903,1263,0,0
189.8862,5.0862,1262,0,0
189.9111,5.0782,1260,0,0
189.9359,5.0903,1263,0,0
189.9607,5.0903,1263,0,0
189.9855,5.0782,1260,0,0
190.0103,5.0419,1251,0,0
190.0351,5.0782,1260,0,0
190.0599,5.1225,1271,0,0
190.0847,5.0782,1260,0,0
190.1095,5.1225,1271,0,0
190.1343,5.0862,1262,0,0
190.1591,5.0943,1264,0,0
190.1839,5.0822,1261,0,0
190.2087,5.0742,1259,0,0
190.2335,5.0782,1260,0,0
190.2583,5.0822,1261,0,0
190.2831,5.1104,1268,0,0
190.3079,5.0943,1264,0,0
190.3327,5.0862,1262,0,0
190.3575,5.0943,1264,0,0
190.3823,5.0782,1260,0,0
190.4071,5.1225,1271,0,0
190.4319,5.0903,1263,0,0
190.4567,5.1225,1271,0,0
190.4815,5.0500,1253,0,0
190.5063,5.0903,1263,0,0
190.5311,5.0822,1261,0,0
190.5559,5.1265,1272,0,0
190.5807,5.0379,1250,0,0
190.6055,5.0862,1262,0,0
190.6303,5.0661,1257,0,0
190.6551,5.0822,1261,0,0
190.6799,5.1064,1267,0,0
190.7047,5.0903,1263,0,0
190.7295,5.1064,1267,0,0
190.7543,5.0862,1262,0,0
190.7791,5.0943,1264,0,0
190.8039,5.0862,1262,0,0
190.8287,5.0782,1260,0,0
190.8535,5.0661,1257,0,0
190.8783,5.0661,1257,0,0
190.9031,5.0782,1260,0,0
190.9279,5.0943,1264,0,0
190.9527,5.1064,1267,0,0
190.9776,5.0862,1262,0,0
191.0023,5.0943,1264,0,0
191.0272,5.0742,1259,0,0
191.0520,5.0983,1265,0,0
191.0768,5.0742,1259,0,0
191.1016,5.0983,1265,0,0
191.1264,5.0782,1260,0,0
191.1512,5.0943,1264,0,0
191.1760,5.1064,1267,0,0
191.2008,5.0419,1251,0,0
191.2256,5.0983,1265,0,0
191.2504,5.1346,1274,0,0
191.2752,5.0782,1260,0,0
191.3000,5.0661,1257,0,0
191.3248,5.0983,1265,0,0
191.3496,5.0782,1260,0,0
191.3744,5.0822,1261,0,0
191.3992,5.0862,1262,0,0
191.4240,5.0782,1260,0,0
191.4488,5.0822,1261,0,0
191.4736,5.1265,1272,0,0
191.4984,5.0983,1265,0,0
191.5232,5.0903,1263,0,0
191.5480,5.0419,1251,0,0
191.5728,5.0862,1262,0,0
191.5976,5.0822,1261,0,0
191.6224,5.1064,1267,0,0
191.6472,5.0742,1259,0,0
191.6720,5.0742,1259,0,0
191.6968,5.0500,1253,0,0
191.7216,5.0943,1264,0,0
191.7464,5.0943,1264,0,0
191.7712,5.0862,1262,0,0
191.7960,5.0822,1261,0,0
191.8208,5.0862,1262,0,0
191.8456,5.0943,1264,0,0
191.8704,5.1064,1267,0,0
191.8952,5.0943,1264,0,0
191.9200,5.0862,1262,0,0
191.9448,5.0782,1260,0,0
191.9696,5.1265,1272,0,0
191.9944,5.0661,1257,0,0
192.0192,5.0701,1258,0,0
192.0441,5.0661,1257,0,0
192.0688,5.0742,1259,0,0
192.0937,5.0862,1262,0,0
192.1185,5.0782,1260,0,0
192.1433,5.0943,1264,0,0
192.1681,5.1225,1271,0,0
192.1929,5.0983,1265,0,0
192.2177,5.0903,1263,0,0
192.2425,5.0983,1265,0,0
192.2673,5.0862,1262,0,0
192.2921,5.1104,1268,0,0
192.3169,5.0782,1260,0,0
192.3417,5.0943,1264,0,0
192.3665,5.0943,1264,0,0
192.3913,5.0862,1262,0,0
192.4161,5.0742,1259,0,0
192.4409,5.1024,1266,0,0
192.4657,5.0742,1259,0,0
192.4905,5.0903,1263,0,0
192.5153,5.1265,1272,0,0
192.5401,5.0500,1253,0,0
192.5649,5.1024,1266,0,0
192.5897,5.0903,1263,0,0
192.6145,5.0500,1253,0,0
192.6393,5.0862,1262,0,0
192.6641,5.0500,1253,0,0
192.6889,5.0782,1260,0,0
192.7137,5.0379,1250,0,0
192.7385,5.1064,1267,0,0
192.7633,5.0983,1265,0,0
192.7881,5.0661,1257,0,0
192.8129,5.0943,1264,0,0
192.8377,5.1064,1267,0,0
192.8625,5.0822,1261,0,0
192.8873,5.0862,1262,0,0
192.9121,5.0782,1260,0,0
192.9369,5.0742,1259,0,0
192.9617,5.0903,1263,0,0
192.9865,5.0862,1262,0,0
193.0113,5.0943,1264,0,0
193.0361,5.0782,1260,0,0
193.0609,5.0903,1263,0,0
193.0857,5.0742,1259,0,0
193.1105,5.0701,1258,0,0
193.1353,5.0943,1264,0,0
193.1602,5.0338,1249,0,0
193.1850,5.0742,1259,0,0
193.2098,5.0742,1259,0,0
193.2346,5.1024,1266,0,0
193.2594,5.0661,1257,0,0
193.2842,5.0782,1260,0,0
193.3090,5.0742,1259,0,0
193.3338,5.1064,1267,0,0
193.3586,5.0782,1260,0,0
193.3834,5.0903,1263,0,0
193.4082,5.0862,1262,0,0
193.4330,5.0943,1264,0,0
193.4578,5.1064,1267,0,0
193.4826,5.0983,1265,0,0
193.5074,5.1064,1267,0,0
193.5322,5.0782,1260,0,0
193.5570,5.1064,1267,0,0
193.5818,5.0983,1265,0,0
193.6066,5.0742,1259,0,0
193.6314,5.0943,1264,0,0
193.6562,5.0500,1253,0,0
193.6810,5.0862,1262,0,0
193.7058,5.0862,1262,0,0
193.7306,5.0822,1261,0,0
193.7554,5.0943,1264,0,0
193.7802,5.0742,1259,0,0
193.8050,5.0983,1265,0,0
193.8298,5.0661,1257,0,0
193.8546,5.0983,1265,0,0
193.8794,5.0379,1250,0,0
193.9042,5.0983,1265,0,0
193.9290,5.0782,1260,0,0
193.9538,5.0903,1263,0,0
193.9786,5.0742,1259,0,0
194.0034,5.0782,1260,0,0
194.0282,5.0903,1263,0,0
194.0530,5.0500,1253,0,0
194.0778,5.0782,1260,0,0
194.1026,5.0782,1260,0,0
194.1274,5.0862,1262,0,0
194.1522,5.0742,1259,0,0
194.1770,5.0742,1259,0,0
194.2018,5.0943,1264,0,0
194.2267,5.0943,1264,0,0
194.2514,5.0742,1259,0,0
194.2763,5.0862,1262,0,0
194.3011,5.0782,1260,0,0
194.3259,5.0782,1260,0,0
194.3507,5.0903,1263,0,0
194.3755,5.0782,1260,0,0
194.4003,5.1225,1271,0,0
194.4251,5.1064,1267,0,0
194.4499,5.0742,1259,0,0
194.4747,5.0661,1257,0,0
194.4995,5.0903,1263,0,0
194.5243,5.0903,1263,0,0
194.5491,5.0742,1259,0,0
194.5739,5.0782,1260,0,0
194.5987,5.0661,1257,0,0
194.6235,5.0903,1263,0,0
194.6483,5.0862,1262,0,0
194.6731,5.0983,1265,0,0
194.6979,5.1265,1272,0,0
194.7227,5.0338,1249,0,0
194.7475,5.0822,1261,0,0
194.7723,5.0862,1262,0,0
194.7971,5.0540,1254,0,0
194.8219,5.0782,1260,0,0
194.8467,5.0661,1257,0,0
194.8715,5.0742,1259,0,0
194.8963,5.0943,1264,0,0
194.9211,5.1225,1271,0,0
194.9459,5.0862,1262,0,0
194.9707,5.0661,1257,0,0
194.9955,5.1024,1266,0,0
195.0203,5.0661,1257,0,0
195.0451,5.0943,1264,0,0
195.0699,5.0983,1265,0,0
195.0947,5.0701,1258,0,0
195.1195,5.0943,1264,0,0
195.1443,5.0661,1257,0,0
195.1691,5.0379,1250,0,0
195.1939,5.0943,1264,0,0
195.2187,5.0943,1264,0,0
195.2435,5.0661,1257,0,0
195.2683,5.0661,1257,0,0
195.2932,5.0782,1260,0,0
195.3179,5.0983,1265,0,0
195.3428,5.0742,1259,0,0
195.3676,5.0782,1260,0,0
195.3923,5.0862,1262,0,0
195.4172,5.0943,1264,0,0
195.4420,5.1225,1271,0,0
195.4668,5.0983,1265,0,0
195.4916,5.0419,1251,0,0
195.5164,5.0782,1260,0,0
195.5412,5.0983,1265,0,0
195.5660,5.0862,1262,0,0
195.5908,5.0782,1260,0,0
195.6156,5.0903,1263,0,0
195.6404,5.1024,1266,0,0
195.6652,5.0943,1264,0,0
195.6900,5.0742,1259,0,0
195.7148,5.0943,1264,0,0
195.7396,5.0903,1263,0,0
195.7644,5.0862,1262,0,0
195.7892,5.0742,1259,0,0
195.8140,5.0782,1260,0,0
195.8388,5.0903,1263,0,0
195.8636,5.0782,1260,0,0
195.8884,5.0943,1264,0,0
195.9132,5.1104,1268,0,0
195.9380,5.1225,1271,0,0
195.9628,5.0862,1262,0,0
195.9876,5.0943,1264,0,0
196.0124,5.0782,1260,0,0
196.0372,5.1024,1266,0,0
196.0620,5.0580,1255,0,0
196.0868,5.0983,1265,0,0
196.1116,5.0782,1260,0,0
196.1364,5.0903,1263,0,0
196.1612,5.1265,1272,0,0
196.1860,5.0782,1260,0,0
196.2108,5.0782,1260,0,0
196.2356,5.0701,1258,0,0
196.2604,5.0943,1264,0,0
196.2852,5.0500,1253,0,0
196.3100,5.0983,1265,0,0
196.3348,5.0943,1264,0,0
196.3596,5.1024,1266,0,0
196.3844,5.0742,1259,0,0
196.4093,5.0742,1259,0,0
196.4341,5.0943,1264,0,0
196.4588,5.0862,1262,0,0
196.4837,5.0782,1260,0,0
196.5085,5.0822,1261,0,0
196.5333,5.0862,1262,0,0
196.5581,5.0701,1258,0,0
196.5829,5.1104,1268,0,0
196.6077,5.0782,1260,0,0
196.6325,5.0983,1265,0,0
196.6573,5.0943,1264,0,0
196.6821,5.0943,1264,0,0
196.7069,5.0943,1264,0,0
196.7317,5.0983,1265,0,0
196.7565,5.0782,1260,0,0
196.7813,5.0782,1260,0,0
196.8061,5.0983,1265,0,0
196.8309,5.0943,1264,0,0
196.8557,5.0862,1262,0,0
196.8805,5.0742,1259,0,0
196.9053,5.0580,1255,0,0
196.9301,5.0862,1262,0,0
196.9549,5.0742,1259,0,0
196.9797,5.0701,1258,0,0
197.0045,5.0782,1260,0,0
197.0293,5.0822,1261,0,0
197.0541,5.0742,1259,0,0
197.0789,5.0782,1260,0,0
197.1037,5.0862,1262,0,0
197.1285,5.0943,1264,0,0
197.1533,5.0580,1255,0,0
197.1781,5.0983,1265,0,0
197.2029,5.0782,1260,0,0
197.2277,5.1064,1267,0,0
197.2525,5.0782,1260,0,0
197.2773,5.1064,1267,0,0
197.3021,5.0943,1264,0,0
197.3269,5.0943,1264,0,0
197.3517,5.0943,1264,0,0
197.3765,5.0742,1259,0,0
197.4013,5.0943,1264,0,0
197.4261,5.0782,1260,0,0
197.4509,5.0983,1265,0,0
197.4758,5.0822,1261,0,0
197.5005,5.0862,1262,0,0
197.5254,5.0983,1265,0,0
197.5502,5.1064,1267,0,0
197.5750,5.0580,1255,0,0
197.5998,5.1064,1267,0,0
197.6246,5.0862,1262,0,0
197.6494,5.0419,1251,0,0
197.6742,5.1024,1266,0,0
197.6990,5.0540,1254,0,0
197.7238,5.0943,1264,0,0
197.7486,5.0983,1265,0,0
197.7734,5.0862,1262,0,0
197.7982,5.0862,1262,0,0
197.8230,5.0742,1259,0,0
197.8478,5.0943,1264,0,0
197.8726,5.0782,1260,0,0
197.8974,5.1104,1268,0,0
197.9222,5.0862,1262,0,0
197.9470,5.0742,1259,0,0
197.9718,5.0661,1257,0,0
197.9966,5.0862,1262,0,0
198.0214,5.0782,1260,0,0
198.0462,5.0943,1264,0,0
198.0710,5.1064,1267,0,0
198.0958,5.0782,1260,0,0
198.1206,5.0862,1262,0,0
198.1454,5.0862,1262,0,0
198.1702,5.0661,1257,0,0
198.1950,5.0782,1260,0,0
198.2198,5.0661,1257,0,0
198.2446,5.0742,1259,0,0
198.2694,5.1346,1274,0,0
198.2942,5.0822,1261,0,0
198.3190,5.0782,1260,0,0
198.3438,5.0943,1264,0,0
198.3686,5.0661,1257,0,0
198.3934,5.0903,1263,0,0
198.4182,5.0419,1251,0,0
198.4430,5.0822,1261,0,0
198.4678,5.0782,1260,0,0
198.4926,5.1064,1267,0,0
198.5174,5.1145,1269,0,0
198.5423,5.0782,1260,0,0
198.5670,5.0943,1264,0,0
198.5919,5.1265,1272,0,0
198.6167,5.0661,1257,0,0
198.6414,5.0862,1262,0,0
198.6663,5.0943,1264,0,0
198.6911,5.1104,1268,0,0
198.7159,5.0983,1265,0,0
198.7407,5.0742,1259,0,0
198.7655,5.0903,1263,0,0
198.7903,5.1024,1266,0,0
198.8151,5.0983,1265,0,0
198.8399,5.0943,1264,0,0
198.8647,5.1265,1272,0,0
198.8895,5.1265,1272,0,0
198.9143,5.0782,1260,0,0
198.9391,5.0862,1262,0,0
198.9639,5.0943,1264,0,0
198.9887,5.1104,1268,0,0
199.0135,5.0742,1259,0,0
199.0383,5.0862,1262,0,0
199.0631,5.0379,1250,0,0
199.0879,5.0782,1260,0,0
199.1127,5.0903,1263,0,0
199.1375,5.0943,1264,0,0
199.1623,5.0862,1262,0,0
199.1871,5.0782,1260,0,0
199.2119,5.0742,1259,0,0
199.2367,5.0742,1259,0,0
199.2615,5.0701,1258,0,0
199.2863,5.0379,1250,0,0
199.3111,5.0983,1265,0,0
199.3359,5.0661,1257,0,0
199.3607,5.0862,1262,0,0
199.3855,5.0943,1264,0,0
199.4103,5.0782,1260,0,0
199.4351,5.1225,1271,0,0
199.4599,5.0782,1260,0,0
199.4847,5.0903,1263,0,0
199.5095,5.0862,1262,0,0
199.5343,5.0782,1260,0,0
199.5591,5.1064,1267,0,0
199.5839,5.0983,1265,0,0
199.6087,5.0782,1260,0,0
199.6335,5.1265,1272,0,0
199.6584,5.1024,1266,0,0
199.6832,5.0701,1258,0,0
199.7079,5.0943,1264,0,0
199.7328,5.0742,1259,0,0
199.7576,5.0943,1264,0,0
199.7824,5.0500,1253,0,0
199.8072,5.0983,1265,0,0
199.8320,5.0862,1262,0,0
199.8568,5.0943,1264,0,0
199.8816,5.1104,1268,0,0
199.9064,5.0782,1260,0,0
199.9312,5.0742,1259,0,0
199.9560,5.0782,1260,0,0
199.9808,5.0862,1262,0,0
200.0056,5.0862,1262,0,0
200.0304,5.0742,1259,0,0
200.0552,5.0862,1262,0,0
200.0800,5.1064,1267,0,0
200.1048,5.0943,1264,0,0
200.1296,5.0903,1263,0,0
200.1544,5.0822,1261,0,0
200.1792,5.0661,1257,0,0
200.2040,5.0903,1263,0,0
200.2288,5.0943,1264,0,0
200.2536,5.0782,1260,0,0
200.2784,5.0983,1265,0,0
200.3032,5.1225,1271,0,0
200.3280,5.0862,1262,0,0
200.3528,5.0742,1259,0,0
200.3776,5.0943,1264,0,0
200.4024,5.0661,1257,0,0
200.4272,5.0943,1264,0,0
200.4520,5.0822,1261,0,0
200.4768,5.0742,1259,0,0
200.5016,5.0419,1251,0,0
200.5264,5.0782,1260,0,0
200.5512,5.0782,1260,0,0
200.5760,5.0701,1258,0,0
200.6008,5.0862,1262,0,0
200.6256,5.0983,1265,0,0
200.6504,5.0983,1265,0,0
200.6752,5.0822,1261,0,0
200.7000,5.1024,1266,0,0
200.7249,5.0782,1260,0,0
200.7496,5.0903,1263,0,0
200.7744,5.0338,1249,0,0
200.7993,5.0822,1261,0,0
200.8241,5.1064,1267,0,0
200.8489,5.0379,1250,0,0
200.8737,5.1064,1267,0,0
200.8985,5.0782,1260,0,0
200.9233,5.0500,1253,0,0
200.9481,5.0701,1258,0,0
200.9729,5.1104,1268,0,0
200.9977,5.0983,1265,0,0
201.0225,5.0943,1264,0,0
201.0473,5.0983,1265,0,0
201.0721,5.0903,1263,0,0
201.0969,5.0983,1265,0,0
201.1217,5.0943,1264,0,0
201.1465,5.0701,1258,0,0
201.1713,5.0742,1259,0,0
201.1961,5.0983,1265,0,0
201.2209,5.0943,1264,0,0
201.2457,5.0782,1260,0,0
201.2705,5.1225,1271,0,0
201.2953,5.0862,1262,0,0
201.3201,5.0943,1264,0,0
201.3449,5.0379,1250,0,0
201.3697,5.0782,1260,0,0
201.3945,5.0943,1264,0,0
201.4193,5.0983,1265,0,0
201.4441,5.0822,1261,0,0
201.4689,5.0903,1263,0,0
201.4937,5.0379,1250,0,0
201.5185,5.0983,1265,0,0
201.5433,5.1346,1274,0,0
201.5681,5.0862,1262,0,0
201.5929,5.0862,1262,0,0
201.6177,5.1024,1266,0,0
201.6425,5.0822,1261,0,0
201.6673,5.0943,1264,0,0
201.6921,5.1024,1266,0,0
201.7169,5.0822,1261,0,0
201.7417,5.0943,1264,0,0
201.7665,5.0943,1264,0,0
201.7914,5.0983,1265,0,0
201.8161,5.0862,1262,0,0
201.8409,5.0661,1257,0,0
201.8658,5.0782,1260,0,0
201.8905,5.1024,1266,0,0
201.9154,5.0742,1259,0,0
201.9402,5.0943,1264,0,0
201.9650,5.0822,1261,0,0
201.9898,5.0782,1260,0,0
202.0146,5.0983,1265,0,0
202.0394,5.1265,1272,0,0
202.0642,5.0661,1257,0,0
202.0890,5.0943,1264,0,0
202.1138,5.0782,1260,0,0
202.1386,5.0822,1261,0,0
202.1634,5.0862,1262,0,0
202.1882,5.0943,1264,0,0
202.2130,5.0903,1263,0,0
202.2378,5.1064,1267,0,0
202.2626,5.0782,1260,0,0
202.2874,5.0742,1259,0,0
202.3122,5.0943,1264,0,0
202.3370,5.0943,1264,0,0
202.3618,5.0943,1264,0,0
202.3866,5.0903,1263,0,0
202.4114,5.0822,1261,0,0
202.4362,5.0943,1264,0,0
202.4610,5.0862,1262,0,0
202.4858,5.1064,1267,0,0
202.5106,5.0661,1257,0,0
202.5354,5.0379,1250,0,0
202.5602,5.0983,1265,0,0
202.5850,5.0903,1263,0,0
202.6098,5.0862,1262,0,0
202.6346,5.0782,1260,0,0
202.6594,5.0943,1264,0,0
202.6842,5.0782,1260,0,0
202.7090,5.0862,1262,0,0
202.7338,5.0862,1262,0,0
202.7586,5.0580,1255,0,0
202.7834,5.0782,1260,0,0
202.8082,5.1024,1266,0,0
202.8330,5.0943,1264,0,0
202.8578,5.0862,1262,0,0
202.8826,5.0983,1265,0,0
202.9074,5.0983,1265,0,0
202.9323,5.1024,1266,0,0
202.9570,5.0661,1257,0,0
202.9819,5.0782,1260,0,0
203.0067,5.0782,1260,0,0
203.0315,5.0983,1265,0,0
203.0563,5.0701,1258,0,0
203.0811,5.0903,1263,0,0
203.1059,5.1064,1267,0,0
203.1307,5.0742,1259,0,0
203.1555,5.0983,1265,0,0
203.1803,5.1225,1271,0,0
203.2051,5.0862,1262,0,0
203.2299,5.0983,1265,0,0
203.2547,5.0661,1257,0,0
203.2795,5.0983,1265,0,0
203.3043,5.0782,1260,0,0
203.3291,5.0782,1260,0,0
203.3539,5.0943,1264,0,0
203.3787,5.0822,1261,0,0
203.4035,5.0782,1260,0,0
203.4283,5.1024,1266,0,0
203.4531,5.0661,1257,0,0
203.4779,5.0943,1264,0,0
203.5027,5.0742,1259,0,0
203.5275,5.0782,1260,0,0
203.5523,5.0661,1257,0,0
203.5771,5.0943,1264,0,0
203.6019,5.0782,1260,0,0
203.6267,5.0903,1263,0,0
203.6515,5.0822,1261,0,0
203.6763,5.0862,1262,0,0
203.7011,5.0782,1260,0,0
203.7259,5.1064,1267,0,0
203.7507,5.0983,1265,0,0
203.7755,5.0943,1264,0,0
203.8003,5.0822,1261,0,0
203.8251,5.1265,1272,0,0
203.8499,5.0943,1264,0,0
203.8747,5.0782,1260,0,0
203.8995,5.0701,1258,0,0
203.9243,5.0822,1261,0,0
203.9491,5.0983,1265,0,0
203.9739,5.0782,1260,0,0
203.9987,5.0782,1260,0,0
204.0235,5.0822,1261,0,0
204.0484,5.0822,1261,0,0
204.0732,5.0782,1260,0,0
204.0980,5.0782,1260,0,0
204.1228,5.0862,1262,0,0
204.1476,5.0983,1265,0,0
204.1724,5.0983,1265,0,0
204.1972,5.0943,1264,0,0
204.2220,5.0782,1260,0,0
204.2468,5.0943,1264,0,0
204.2716,5.0782,1260,0,0
204.2964,5.0903,1263,0,0
204.3212,5.1346,1274,0,0
204.3460,5.0661,1257,0,0
204.3708,5.0822,1261,0,0
204.3956,5.1024,1266,0,0
204.4204,5.0742,1259,0,0
204.4452,5.0862,1262,0,0
204.4700,5.1225,1271,0,0
204.4948,5.1265,1272,0,0
204.5196,5.0782,1260,0,0
204.5444,5.0943,1264,0,0
204.5692,5.0943,1264,0,0
204.5940,5.0782,1260,0,0
204.6188,5.1064,1267,0,0
204.6436,5.0822,1261,0,0
204.6684,5.0943,1264,0,0
204.6932,5.0862,1262,0,0
204.7180,5.0862,1262,0,0
204.7428,5.0903,1263,0,0
204.7676,5.0742,1259,0,0
204.7924,5.0742,1259,0,0
204.8172,5.0983,1265,0,0
204.8420,5.0580,1255,0,0
204.8668,5.0661,1257,0,0
204.8916,5.0540,1254,0,0
204.9164,5.0500,1253,0,0
204.9412,5.0862,1262,0,0
204.9660,5.0862,1262,0,0
204.9908,5.0822,1261,0,0
205.0156,5.0661,1257,0,0
205.0404,5.0661,1257,0,0
205.0652,5.0862,1262,0,0
205.0900,5.0943,1264,0,0
205.1149,5.0943,1264,0,0
205.1396,5.0822,1261,0,0
205.1645,5.0983,1265,0,0
205.1893,5.0782,1260,0,0
205.2141,5.0943,1264,0,0
205.2389,5.0742,1259,0,0
205.2637,5.1427,1276,0,0
205.2885,5.0500,1253,0,0
205.3133,5.0782,1260,0,0
205.3381,5.0903,1263,0,0
205.3629,5.0782,1260,0,0
205.3877,5.0862,1262,0,0
205.4125,5.0903,1263,0,0
205.4373,5.1024,1266,0,0
205.4621,5.0661,1257,0,0
205.4869,5.1024,1266,0,0
205.5117,5.1064,1267,0,0
205.5365,5.0862,1262,0,0
205.5613,5.0782,1260,0,0
205.5861,5.0500,1253,0,0
205.6109,5.0943,1264,0,0
205.6357,5.0782,1260,0,0
205.6605,5.1346,1274,0,0
205.6853,5.0782,1260,0,0
205.7101,5.1225,1271,0,0
205.7349,5.0983,1265,0,0
205.7597,5.0862,1262,0,0
205.7845,5.0943,1264,0,0
205.8093,5.0943,1264,0,0
205.8341,5.0782,1260,0,0
205.8589,5.0862,1262,0,0
205.8837,5.0862,1262,0,0
205.9085,5.0983,1265,0,0
205.9333,5.0983,1265,0,0
205.9581,5.0822,1261,0,0
205.9829,5.0500,1253,0,0
206.0077,5.0943,1264,0,0
206.0325,5.0701,1258,0,0
206.0573,5.0862,1262,0,0
206.0821,5.0822,1261,0,0
206.1069,5.0782,1260,0,0
206.1317,5.0943,1264,0,0
206.1565,5.0943,1264,0,0
206.1814,5.1064,1267,0,0
206.2061,5.0782,1260,0,0
206.2310,5.0782,1260,0,0
206.2558,5.0782,1260,0,0
206.2806,5.0943,1264,0,0
206.3054,5.0782,1260,0,0
206.3302,5.0983,1265,0,0
206.3550,5.0862,1262,0,0
206.3798,5.0742,1259,0,0
206.4046,5.0903,1263,0,0
206.4294,5.0862,1262,0,0
206.4542,5.1064,1267,0,0
206.4790,5.1225,1271,0,0
206.5038,5.1024,1266,0,0
206.5286,5.0661,1257,0,0
206.5534,5.0862,1262,0,0
206.5782,5.0862,1262,0,0
206.6030,5.0862,1262,0,0
206.6278,5.0983,1265,0,0
206.6526,5.0500,1253,0,0
206.6774,5.0580,1255,0,0
206.7022,5.0782,1260,0,0
206.7270,5.0862,1262,0,0
206.7518,5.1024,1266,0,0
206.7766,5.0943,1264,0,0
206.8014,5.0822,1261,0,0
206.8262,5.0862,1262,0,0
206.8510,5.0782,1260,0,0
206.8758,5.0782,1260,0,0
206.9006,5.1104,1268,0,0
206.9254,5.0862,1262,0,0
206.9502,5.1145,1269,0,0
206.9750,5.0943,1264,0,0
206.9998,5.1225,1271,0,0
207.0246,5.0862,1262,0,0
207.0494,5.1064,1267,0,0
207.0742,5.1064,1267,0,0
207.0990,5.1064,1267,0,0
207.1238,5.1024,1266,0,0
207.1486,5.0782,1260,0,0
207.1734,5.0782,1260,0,0
207.1982,5.0943,1264,0,0
207.2230,5.0862,1262,0,0
207.2478,5.0742,1259,0,0
207.2726,5.0943,1264,0,0
207.2975,5.0943,1264,0,0
207.3223,5.0862,1262,0,0
207.3471,5.0742,1259,0,0
207.3719,5.0701,1258,0,0
207.3967,5.0983,1265,0,0
207.4215,5.1145,1269,0,0
207.4463,5.0701,1258,0,0
207.4711,5.0943,1264,0,0
207.4959,5.0943,1264,0,0
207.5207,5.0822,1261,0,0
207.5455,5.0862,1262,0,0
207.5703,5.0782,1260,0,0
207.5951,5.0862,1262,0,0
207.6199,5.0822,1261,0,0
207.6447,5.0983,1265,0,0
207.6695,5.0903,1263,0,0
207.6943,5.0661,1257,0,0
207.7191,5.0943,1264,0,0
207.7439,5.0903,1263,0,0
207.7687,5.0983,1265,0,0
207.7935,5.0903,1263,0,0
207.8183,5.0500,1253,0,0
207.8431,5.0742,1259,0,0
207.8679,5.0419,1251,0,0
207.8927,5.1024,1266,0,0
207.9175,5.0983,1265,0,0
207.9423,5.0943,1264,0,0
207.9671,5.0742,1259,0,0
207.9919,5.0822,1261,0,0
208.0167,5.0661,1257,0,0
208.0415,5.0983,1265,0,0
208.0663,5.1225,1271,0,0
208.0911,5.1225,1271,0,0
208.1159,5.0701,1258,0,0
208.1407,5.0862,1262,0,0
208.1655,5.0983,1265,0,0
208.1903,5.0782,1260,0,0
208.2151,5.0419,1251,0,0
208.2399,5.0419,1251,0,0
208.2647,5.0822,1261,0,0
208.2895,5.1024,1266,0,0
208.3143,5.0943,1264,0,0
208.3391,5.0742,1259,0,0
208.3640,5.0742,1259,0,0
208.3887,5.0983,1265,0,0
208.4136,5.0943,1264,0,0
208.4384,5.0822,1261,0,0
208.4632,5.0943,1264,0,0
208.4880,5.0862,1262,0,0
208.5128,5.0540,1254,0,0
208.5376,5.0822,1261,0,0
208.5624,5.0862,1262,0,0
208.5872,5.0903,1263,0,0
208.6120,5.0742,1259,0,0
208.6368,5.0742,1259,0,0
208.6616,5.0983,1265,0,0
208.6864,5.0903,1263,0,0
208.7112,5.0862,1262,0,0
208.7360,5.1064,1267,0,0
208.7608,5.0862,1262,0,0
208.7856,5.0540,1254,0,0
208.8104,5.0782,1260,0,0
208.8352,5.0782,1260,0,0
208.8600,5.0782,1260,0,0
208.8848,5.0742,1259,0,0
208.9096,5.0983,1265,0,0
208.9344,5.1265,1272,0,0
208.9592,5.0943,1264,0,0
208.9840,5.0943,1264,0,0
209.0088,5.0862,1262,0,0
209.0336,5.0943,1264,0,0
209.0584,5.0862,1262,0,0
209.0832,5.1024,1266,0,0
209.1080,5.1064,1267,0,0
209.1328,5.1024,1266,0,0
209.1576,5.0782,1260,0,0
209.1824,5.1104,1268,0,0
209.2072,5.1024,1266,0,0
209.2320,5.0862,1262,0,0
209.2568,5.0983,1265,0,0
209.2816,5.0862,1262,0,0
209.3064,5.0943,1264,0,0
209.3312,5.1064,1267,0,0
209.3560,5.0983,1265,0,0
209.3808,5.0782,1260,0,0
209.4056,5.0742,1259,0,0
209.4305,5.0862,1262,0,0
209.4552,5.0943,1264,0,0
209.4801,5.0701,1258,0,0
209.5049,5.1064,1267,0,0
209.5297,5.0862,1262,0,0
209.5545,5.0943,1264,0,0
209.5793,5.0742,1259,0,0
209.6041,5.1225,1271,0,0
209.6289,5.0782,1260,0,0
209.6537,5.1225,1271,0,0
209.6785,5.1024,1266,0,0
209.7033,5.1064,1267,0,0
209.7281,5.0379,1250,0,0
209.7529,5.0822,1261,0,0
209.7777,5.0540,1254,0,0
209.8025,5.0862,1262,0,0
209.8273,5.0862,1262,0,0
209.8521,5.0782,1260,0,0
209.8769,5.0943,1264,0,0
209.9017,5.0943,1264,0,0
209.9265,5.0822,1261,0,0
209.9513,5.0943,1264,0,0
209.9761,5.0862,1262,0,0
210.0009,5.0943,1264,0,0
210.0257,5.1346,1274,0,0
210.0505,5.0580,1255,0,0
210.0753,5.0661,1257,0,0
210.1001,5.0862,1262,0,0
210.1249,5.0742,1259,0,0
210.1497,5.0862,1262,0,0
210.1745,5.0782,1260,0,0
210.1993,5.0782,1260,0,0
210.2241,5.0903,1263,0,0
210.2489,5.0943,1264,0,0
210.2737,5.0782,1260,0,0
210.2985,5.0782,1260,0,0
210.3233,5.0983,1265,0,0
210.3481,5.0943,1264,0,0
210.3729,5.0943,1264,0,0
210.3977,5.0742,1259,0,0
210.4225,5.0903,1263,0,0
210.4473,5.1265,1272,0,0
210.4721,5.1064,1267,0,0
210.4969,5.0742,1259,0,0
210.5217,5.0782,1260,0,0
210.5466,5.1225,1271,0,0
210.5714,5.0862,1262,0,0
210.5962,5.0983,1265,0,0
210.6210,5.0379,1250,0,0
210.6458,5.1104,1268,0,0
210.6706,5.0782,1260,0,0
210.6954,5.0943,1264,0,0
210.7202,5.0742,1259,0,0
210.7450,5.0943,1264,0,0
210.7698,5.0903,1263,0,0
210.7946,5.0862,1262,0,0
210.8194,5.0419,1251,0,0
210.8442,5.0903,1263,0,0
210.8690,5.0862,1262,0,0
210.8938,5.0822,1261,0,0
210.9186,5.0983,1265,0,0
210.9434,5.0862,1262,0,0
210.9682,5.0943,1264,0,0
210.9930,5.0943,1264,0,0
211.0178,5.0983,1265,0,0
211.0426,5.0983,1265,0,0
211.0674,5.0782,1260,0,0
211.0922,5.0822,1261,0,0
211.1170,5.0540,1254,0,0
211.1418,5.0862,1262,0,0
211.1666,5.0983,1265,0,0
211.1914,5.0782,1260,0,0
211.2162,5.0943,1264,0,0
211.2410,5.1225,1271,0,0
211.2658,5.0862,1262,0,0
211.2906,5.0862,1262,0,0
211.3154,5.0943,1264,0,0
211.3402,5.0943,1264,0,0
211.3650,5.0943,1264,0,0
211.3898,5.1024,1266,0,0
211.4146,5.0862,1262,0,0
211.4394,5.0661,1257,0,0
211.4642,5.0782,1260,0,0
211.4890,5.0943,1264,0,0
211.5138,5.0661,1257,0,0
211.5386,5.0943,1264,0,0
211.5634,5.0903,1263,0,0
211.5882,5.0540,1254,0,0
211.6131,5.0862,1262,0,0
211.6378,5.0782,1260,0,0
211.6627,5.0983,1265,0,0
211.6875,5.0782,1260,0,0
211.7122,5.0943,1264,0,0
211.7371,5.0862,1262,0,0
211.7619,5.0983,1265,0,0
211.7867,5.0782,1260,0,0
211.8115,5.1104,1268,0,0
211.8363,5.0862,1262,0,0
211.8611,5.1064,1267,0,0
211.8859,5.0742,1259,0,0
211.9107,5.0822,1261,0,0
211.9355,5.0943,1264,0,0
211.9603,5.0903,1263,0,0
211.9851,5.1265,1272,0,0
212.0099,5.0983,1265,0,0
212.0347,5.1104,1268,0,0
212.0595,5.0903,1263,0,0
212.0843,5.1024,1266,0,0
212.1091,5.0862,1262,0,0
212.1339,5.0742,1259,0,0
212.1587,5.0943,1264,0,0
212.1835,5.0742,1259,0,0
212.2083,5.0903,1263,0,0
212.2331,5.0943,1264,0,0
212.2579,5.0943,1264,0,0
212.2827,5.0943,1264,0,0
212.3075,5.0822,1261,0,0
212.3323,5.0943,1264,0,0
212.3571,5.0943,1264,0,0
212.3819,5.1104,1268,0,0
212.4067,5.0903,1263,0,0
212.4315,5.0742,1259,0,0
212.4563,5.0379,1250,0,0
212.4811,5.0943,1264,0,0
212.5059,5.1064,1267,0,0
212.5307,5.0903,1263,0,0
212.5555,5.0943,1264,0,0
212.5803,5.0822,1261,0,0
212.6051,5.0943,1264,0,0
212.6299,5.0943,1264,0,0
212.6547,5.0782,1260,0,0
212.6796,5.0782,1260,0,0
212.7043,5.0943,1264,0,0
212.7292,5.0862,1262,0,0
212.7540,5.0661,1257,0,0
212.7787,5.0742,1259,0,0
212.8036,5.0862,1262,0,0
212.8284,5.0862,1262,0,0
212.8532,5.1024,1266,0,0
212.8780,5.1064,1267,0,0
212.9028,5.0862,1262,0,0
212.9276,5.0782,1260,0,0
212.9524,5.1104,1268,0,0
212.9772,5.0983,1265,0,0
213.0020,5.0943,1264,0,0
213.0268,5.0742,1259,0,0
213.0516,5.1064,1267,0,0
213.0764,5.0943,1264,0,0
213.1012,5.0943,1264,0,0
213.1260,5.0862,1262,0,0
213.1508,5.0338,1249,0,0
213.1756,5.0379,1250,0,0
213.2004,5.0782,1260,0,0
213.2252,5.0862,1262,0,0
213.2500,5.0782,1260,0,0
213.2748,5.0298,1248,0,0
213.2996,5.0782,1260,0,0
213.3244,5.0661,1257,0,0
213.3492,5.0742,1259,0,0
213.3740,5.0943,1264,0,0
213.3988,5.0943,1264,0,0
213.4236,5.0943,1264,0,0
213.4484,5.0782,1260,0,0
213.4732,5.0782,1260,0,0
213.4980,5.0943,1264,0,0
213.5228,5.0782,1260,0,0
213.5476,5.0742,1259,0,0
213.5724,5.0822,1261,0,0
213.5972,5.0782,1260,0,0
213.6220,5.0903,1263,0,0
213.6468,5.0862,1262,0,0
213.6716,5.1064,1267,0,0
213.6964,5.0742,1259,0,0
213.7212,5.0943,1264,0,0
213.7460,5.0742,1259,0,0
213.7708,5.0540,1254,0,0
213.7957,5.0943,1264,0,0
213.8204,5.0943,1264,0,0
213.8452,5.1024,1266,0,0
213.8701,5.0742,1259,0,0
213.8949,5.0943,1264,0,0
213.9197,5.0943,1264,0,0
213.9445,5.0742,1259,0,0
213.9693,5.0742,1259,0,0
213.9941,5.0782,1260,0,0
214.0189,5.0782,1260,0,0
214.0437,5.0742,1259,0,0
214.0685,5.0862,1262,0,0
214.0933,5.0701,1258,0,0
214.1181,5.0983,1265,0,0
214.1429,5.0338,1249,0,0
214.1677,5.0782,1260,0,0
214.1925,5.0943,1264,0,0
214.2173,5.0943,1264,0,0
214.2421,5.0782,1260,0,0
214.2669,5.0862,1262,0,0
214.2917,5.0862,1262,0,0
214.3165,5.0862,1262,0,0
214.3413,5.0862,1262,0,0
214.3661,5.1064,1267,0,0
214.3909,5.0782,1260,0,0
214.4157,5.0983,1265,0,0
214.4405,5.1346,1274,0,0
214.4653,5.0862,1262,0,0
214.4901,5.0782,1260,0,0
214.5149,5.0862,1262,0,0
214.5397,5.0862,1262,0,0
214.5645,5.0983,1265,0,0
214.5893,5.0943,1264,0,0
214.6141,5.0983,1265,0,0
214.6389,5.0822,1261,0,0
214.6637,5.0943,1264,0,0
214.6885,5.0862,1262,0,0
214.7133,5.0862,1262,0,0
214.7381,5.0661,1257,0,0
214.7629,5.0943,1264,0,0
214.7877,5.1024,1266,0,0
214.8125,5.1104,1268,0,0
214.8373,5.0782,1260,0,0
214.8622,5.0943,1264,0,0
214.8869,5.0218,1246,0,0
214.9117,5.0742,1259,0,0
214.9366,5.0661,1257,0,0
214.9613,5.0782,1260,0,0
214.9862,5.0983,1265,0,0
215.0110,5.0782,1260,0,0
215.0358,5.0943,1264,0,0
215.0606,5.0903,1263,0,0
215.0854,5.0661,1257,0,0
215.1102,5.0782,1260,0,0
215.1350,5.0862,1262,0,0
215.1598,5.0862,1262,0,0
215.1846,5.0862,1262,0,0
215.2094,5.0983,1265,0,0
215.2342,5.0983,1265,0,0
215.2590,5.0661,1257,0,0
215.2838,5.0943,1264,0,0
215.3086,5.0862,1262,0,0
215.3334,5.1104,1268,0,0
215.3582,5.0782,1260,0,0
215.3830,5.0742,1259,0,0
215.4078,5.0983,1265,0,0
215.4326,5.0742,1259,0,0
215.4574,5.0943,1264,0,0
215.4822,5.1024,1266,0,0
215.5070,5.1064,1267,0,0
215.5318,5.0943,1264,0,0
215.5566,5.0338,1249,0,0
215.5814,5.0983,1265,0,0
215.6062,5.0983,1265,0,0
215.6310,5.0419,1251,0,0
215.6558,5.0782,1260,0,0
215.6806,5.0943,1264,0,0
215.7054,5.1024,1266,0,0
215.7302,5.0983,1265,0,0
215.7550,5.0862,1262,0,0
215.7798,5.0782,1260,0,0
215.8046,5.0782,1260,0,0
215.8294,5.0862,1262,0,0
215.8542,5.0379,1250,0,0
215.8790,5.0661,1257,0,0
215.9038,5.0742,1259,0,0
215.9286,5.1064,1267,0,0
215.9534,5.0742,1259,0,0
215.9782,5.0701,1258,0,0
216.0031,5.0701,1258,0,0
216.0278,5.0943,1264,0,0
216.0527,5.0903,1263,0,0
216.0775,5.1064,1267,0,0
216.1023,5.1265,1272,0,0
216.1271,5.0943,1264,0,0
216.1519,5.0862,1262,0,0
216.1767,5.1427,1276,0,0
216.2015,5.0903,1263,0,0
216.2263,5.0903,1263,0,0
216.2511,5.0782,1260,0,0
216.2759,5.1104,1268,0,0
216.3007,5.0943,1264,0,0
216.3255,5.0983,1265,0,0
216.3503,5.0782,1260,0,0
216.3751,5.0742,1259,0,0
216.3999,5.0983,1265,0,0
216.4247,5.0782,1260,0,0
216.4495,5.0862,1262,0,0
216.4743,5.0862,1262,0,0
216.4991,5.0500,1253,0,0
216.5239,5.0943,1264,0,0
216.5487,5.0782,1260,0,0
216.5735,5.1145,1269,0,0
216.5983,5.0782,1260,0,0
216.6231,5.0822,1261,0,0
216.6479,5.0742,1259,0,0
216.6727,5.0782,1260,0,0
216.6975,5.0943,1264,0,0
216.7223,5.0903,1263,0,0
216.7471,5.0943,1264,0,0
216.7719,5.0983,1265,0,0
216.7967,5.0862,1262,0,0
216.8215,5.0500,1253,0,0
216.8463,5.0943,1264,0,0
216.8711,5.0943,1264,0,0
216.8959,5.0822,1261,0,0
216.9207,5.0822,1261,0,0
216.9455,5.0782,1260,0,0
216.9703,5.0661,1257,0,0
216.9951,5.0782,1260,0,0
217.0199,5.0742,1259,0,0
217.0448,5.0943,1264,0,0
217.0695,5.0943,1264,0,0
217.0943,5.0862,1262,0,0
217.1192,5.0943,1264,0,0
217.1440,5.0742,1259,0,0
217.1688,5.0862,1262,0,0
217.1936,5.0862,1262,0,0
217.2184,5.0742,1259,0,0
217.2432,5.0903,1263,0,0
217.2680,5.0782,1260,0,0
217.2928,5.1024,1266,0,0
217.3176,5.0419,1251,0,0
217.3424,5.0943,1264,0,0
217.3672,5.1225,1271,0,0
217.3920,5.0943,1264,0,0
217.4168,5.0943,1264,0,0
217.4416,5.0943,1264,0,0
217.4664,5.0701,1258,0,0
217.4912,5.0379,1250,0,0
217.5160,5.0903,1263,0,0
217.5408,5.0580,1255,0,0
217.5656,5.0943,1264,0,0
217.5904,5.0983,1265,0,0
217.6152,5.0580,1255,0,0
217.6400,5.0661,1257,0,0
217.6648,5.1104,1268,0,0
217.6896,5.0903,1263,0,0
217.7144,5.0742,1259,0,0
217.7392,5.0782,1260,0,0
217.7640,5.0782,1260,0,0
217.7888,5.0782,1260,0,0
217.8136,5.1064,1267,0,0
217.8384,5.0862,1262,0,0
217.8632,5.0500,1253,0,0
217.8880,5.0862,1262,0,0
217.9128,5.0943,1264,0,0
217.9376,5.0742,1259,0,0
217.9624,5.0943,1264,0,0
217.9872,5.0943,1264,0,0
218.0120,5.1104,1268,0,0
218.0368,5.0862,1262,0,0
218.0616,5.0742,1259,0,0
218.0864,5.0983,1265,0,0
218.1113,5.0983,1265,0,0
218.1360,5.0580,1255,0,0
218.1608,5.0782,1260,0,0
218.1857,5.0822,1261,0,0
218.2104,5.0822,1261,0,0
218.2353,5.0903,1263,0,0
218.2601,5.0782,1260,0,0
218.2849,5.0742,1259,0,0
218.3097,5.0822,1261,0,0
218.3345,5.0943,1264,0,0
218.3593,5.1225,1271,0,0
218.3841,5.0822,1261,0,0
218.4089,5.1265,1272,0,0
218.4337,5.0742,1259,0,0
218.4585,5.0742,1259,0,0
218.4833,5.1064,1267,0,0
218.5081,5.0701,1258,0,0
218.5329,5.0903,1263,0,0
218.5577,5.0903,1263,0,0
218.5825,5.0742,1259,0,0
218.6073,5.1064,1267,0,0
218.6321,5.0782,1260,0,0
218.6569,5.0862,1262,0,0
218.6817,5.0742,1259,0,0
218.7065,5.0943,1264,0,0
218.7313,5.0983,1265,0,0
218.7561,5.0943,1264,0,0
218.7809,5.0862,1262,0,0
218.8057,5.0903,1263,0,0
218.8305,5.0903,1263,0,0
218.8553,5.0742,1259,0,0
218.8801,5.0943,1264,0,0
218.9049,5.0903,1263,0,0
218.9297,5.1064,1267,0,0
218.9545,5.0862,1262,0,0
218.9793,5.0742,1259,0,0
219.0041,5.0983,1265,0,0
219.0289,5.1024,1266,0,0
219.0537,5.0862,1262,0,0
219.0785,5.0903,1263,0,0
219.1033,5.1064,1267,0,0
219.1281,5.0782,1260,0,0
219.1529,5.0500,1253,0,0
219.1777,5.0661,1257,0,0
219.2025,5.0742,1259,0,0
219.2273,5.1064,1267,0,0
219.2522,5.0862,1262,0,0
219.2769,5.0983,1265,0,0
219.3018,5.0782,1260,0,0
219.3266,5.1024,1266,0,0
219.3514,5.0782,1260,0,0
219.3762,5.0903,1263,0,0
219.4010,5.0983,1265,0,0
219.4258,5.0903,1263,0,0
219.4506,5.1386,1275,0,0
219.4754,5.0862,1262,0,0
219.5002,5.0943,1264,0,0
219.5250,5.0903,1263,0,0
219.5498,5.0822,1261,0,0
219.5746,5.0742,1259,0,0
219.5994,5.0782,1260,0,0
219.6242,5.0862,1262,0,0
219.6490,5.0701,1258,0,0
219.6738,5.0943,1264,0,0
219.6986,5.0822,1261,0,0
219.7234,5.1145,1269,0,0
219.7482,5.0782,1260,0,0
219.7730,5.0782,1260,0,0
219.7978,5.1064,1267,0,0
219.8226,5.1064,1267,0,0
219.8474,5.0862,1262,0,0
219.8722,5.0782,1260,0,0
219.8970,5.1024,1266,0,0
219.9218,5.0862,1262,0,0
219.9466,5.0580,1255,0,0
219.9714,5.0661,1257,0,0
219.9962,5.0782,1260,0,0
220.0210,5.0782,1260,0,0
220.0458,5.0862,1262,0,0
220.0706,5.1024,1266,0,0
220.0954,5.0782,1260,0,0
220.1202,5.0782,1260,0,0
220.1450,5.0943,1264,0,0
220.1698,5.1064,1267,0,0
220.1946,5.1064,1267,0,0
220.2194,5.0943,1264,0,0
220.2442,5.0661,1257,0,0
220.2690,5.0862,1262,0,0
220.2938,5.0943,1264,0,0
220.3186,5.0943,1264,0,0
220.3434,5.0943,1264,0,0
220.3683,5.0903,1263,0,0
220.3931,5.0983,1265,0,0
220.4179,5.0943,1264,0,0
220.4427,5.0943,1264,0,0
220.4675,5.1064,1267,0,0
220.4923,5.0943,1264,0,0
220.5171,5.0782,1260,0,0
220.5419,5.0419,1251,0,0
220.5667,5.0903,1263,0,0
220.5915,5.0983,1265,0,0
220.6163,5.0661,1257,0,0
220.6411,5.0782,1260,0,0
220.6659,5.0782,1260,0,0
220.6907,5.0943,1264,0,0
220.7155,5.0862,1262,0,0
220.7403,5.0822,1261,0,0
220.7651,5.0742,1259,0,0
220.7899,5.1265,1272,0,0
220.8147,5.0943,1264,0,0
220.8395,5.0782,1260,0,0
220.8643,5.0500,1253,0,0
220.8891,5.0983,1265,0,0
220.9139,5.0822,1261,0,0
220.9387,5.0943,1264,0,0
220.9635,5.1265,1272,0,0
220.9883,5.0701,1258,0,0
221.0131,5.0742,1259,0,0
221.0379,5.0903,1263,0,0
221.0627,5.0742,1259,0,0
221.0875,5.1024,1266,0,0
221.1123,5.0903,1263,0,0
221.1371,5.0943,1264,0,0
221.1619,5.0822,1261,0,0
221.1867,5.0903,1263,0,0
221.2115,5.0862,1262,0,0
221.2363,5.0862,1262,0,0
221.2611,5.0782,1260,0,0
221.2859,5.0742,1259,0,0
221.3107,5.0943,1264,0,0
221.3355,5.0822,1261,0,0
221.3603,5.0903,1263,0,0
221.3851,5.0983,1265,0,0
221.4099,5.0943,1264,0,0
221.4348,5.0701,1258,0,0
221.4595,5.0822,1261,0,0
221.4844,5.0782,1260,0,0
221.5092,5.0782,1260,0,0
221.5340,5.0661,1257,0,0
221.5588,5.0661,1257,0,0
221.5836,5.0782,1260,0,0
221.6084,5.0943,1264,0,0
221.6332,5.0742,1259,0,0
221.6580,5.0701,1258,0,0
221.6828,5.0862,1262,0,0
221.7076,5.0701,1258,0,0
221.7324,5.0903,1263,0,0
221.7572,5.0943,1264,0,0
221.7820,5.0943,1264,0,0
221.8068,5.0742,1259,0,0
221.8316,5.0943,1264,0,0
221.8564,5.0742,1259,0,0
221.8812,5.0862,1262,0,0
221.9060,5.1145,1269,0,0
221.9308,5.0903,1263,0,0
221.9556,5.0862,1262,0,0
221.9804,5.0862,1262,0,0
222.0052,5.1024,1266,0,0
222.0300,5.0862,1262,0,0
222.0548,5.0782,1260,0,0
222.0796,5.0943,1264,0,0
222.1044,5.0580,1255,0,0
222.1292,5.1064,1267,0,0
222.1540,5.0822,1261,0,0
222.1788,5.0983,1265,0,0
222.2036,5.0822,1261,0,0
222.2284,5.1265,1272,0,0
222.2532,5.0943,1264,0,0
222.2780,5.0943,1264,0,0
222.3028,5.0379,1250,0,0
222.3276,5.1104,1268,0,0
222.3524,5.0983,1265,0,0
222.3772,5.0983,1265,0,0
222.4020,5.0661,1257,0,0
222.4268,5.0943,1264,0,0
222.4516,5.1225,1271,0,0
222.4764,5.0862,1262,0,0
222.5013,5.0862,1262,0,0
222.5260,5.1024,1266,0,0
222.5509,5.0903,1263,0,0
222.5757,5.0500,1253,0,0
222.6005,5.1024,1266,0,0
222.6253,5.0943,1264,0,0
222.6501,5.0943,1264,0,0
222.6749,5.1225,1271,0,0
222.6997,5.0943,1264,0,0
222.7245,5.0943,1264,0,0
222.7493,5.0862,1262,0,0
222.7741,5.0943,1264,0,0
222.7989,5.0903,1263,0,0
222.8237,5.0983,1265,0,0
222.8485,5.0943,1264,0,0
222.8733,5.0943,1264,0,0
222.8981,5.1225,1271,0,0
222.9229,5.0862,1262,0,0
222.9477,5.0782,1260,0,0
222.9725,5.0782,1260,0,0
222.9973,5.0943,1264,0,0
223.0221,5.0661,1257,0,0
223.0469,5.0903,1263,0,0
223.0717,5.0782,1260,0,0
223.0965,5.0782,1260,0,0
223.1213,5.0742,1259,0,0
223.1461,5.0782,1260,0,0
223.1709,5.1064,1267,0,0
223.1957,5.0782,1260,0,0
223.2205,5.0379,1250,0,0
223.2453,5.0983,1265,0,0
223.2701,5.0822,1261,0,0
223.2949,5.1427,1276,0,0
223.3197,5.0903,1263,0,0
223.3445,5.0419,1251,0,0
223.3693,5.0701,1258,0,0
223.3941,5.0943,1264,0,0
223.4189,5.0580,1255,0,0
223.4437,5.0943,1264,0,0
223.4685,5.0822,1261,0,0
223.4933,5.0862,1262,0,0
223.5181,5.0742,1259,0,0
223.5429,5.0983,1265,0,0
223.5677,5.0943,1264,0,0
223.5925,5.1024,1266,0,0
223.6174,5.1306,1273,0,0
223.6422,5.0782,1260,0,0
223.6670,5.0862,1262,0,0
223.6918,5.0903,1263,0,0
223.7166,5.0903,1263,0,0
223.7414,5.0661,1257,0,0
223.7662,5.0862,1262,0,0
223.7910,5.0782,1260,0,0
223.8158,5.0983,1265,0,0
223.8406,5.0782,1260,0,0
223.8654,5.0862,1262,0,0
223.8902,5.0661,1257,0,0
223.9150,5.0983,1265,0,0
223.9398,5.0943,1264,0,0
223.9646,5.0862,1262,0,0
223.9894,5.0782,1260,0,0
224.0142,5.0862,1262,0,0
224.0390,5.0943,1264,0,0
224.0638,5.0903,1263,0,0
224.0886,5.0862,1262,0,0
224.1134,5.1225,1271,0,0
224.1382,5.0782,1260,0,0
224.1630,5.0943,1264,0,0
224.1878,5.1265,1272,0,0
224.2126,5.0943,1264,0,0
224.2374,5.0661,1257,0,0
224.2622,5.1064,1267,0,0
224.2870,5.1064,1267,0,0
224.3118,5.0943,1264,0,0
224.3366,5.1225,1271,0,0
224.3614,5.0701,1258,0,0
224.3862,5.1024,1266,0,0
224.4110,5.0742,1259,0,0
224.4358,5.0742,1259,0,0
224.4606,5.0983,1265,0,0
224.4854,5.0943,1264,0,0
224.5102,5.0782,1260,0,0
224.5350,5.0862,1262,0,0
224.5598,5.0862,1262,0,0
224.5846,5.0742,1259,0,0
224.6094,5.0943,1264,0,0
224.6342,5.0782,1260,0,0
224.6590,5.0782,1260,0,0
224.6839,5.0862,1262,0,0
224.7086,5.0661,1257,0,0
224.7335,5.0862,1262,0,0
224.7583,5.1225,1271,0,0
224.7831,5.1064,1267,0,0
224.8079,5.1225,1271,0,0
224.8327,5.0943,1264,0,0
224.8575,5.0943,1264,0,0
224.8823,5.1024,1266,0,0
224.9071,5.0742,1259,0,0
224.9319,5.0943,1264,0,0
224.9567,5.1104,1268,0,0
224.9815,5.0862,1262,0,0
225.0063,5.0862,1262,0,0
225.0311,5.0822,1261,0,0
225.0559,5.1024,1266,0,0
225.0807,5.0903,1263,0,0
225.1055,5.0943,1264,0,0
225.1303,5.0742,1259,0,0
225.1551,5.0782,1260,0,0
225.1799,5.0782,1260,0,0
225.2047,5.0500,1253,0,0
225.2295,5.0862,1262,0,0
225.2543,5.0782,1260,0,0
225.2791,5.0782,1260,0,0
225.3039,5.0862,1262,0,0
225.3287,5.0822,1261,0,0
225.3535,5.0862,1262,0,0
225.3783,5.0782,1260,0,0
225.4031,5.0943,1264,0,0
225.4279,5.0822,1261,0,0
225.4527,5.0379,1250,0,0
225.4775,5.0701,1258,0,0
225.5023,5.0862,1262,0,0
225.5271,5.0983,1265,0,0
225.5519,5.0822,1261,0,0
225.5767,5.0862,1262,0,0
225.6015,5.0943,1264,0,0
225.6263,5.0903,1263,0,0
225.6511,5.0983,1265,0,0
225.6759,5.0742,1259,0,0
225.7007,5.0782,1260,0,0
225.7255,5.0862,1262,0,0
225.7504,5.0983,1265,0,0
225.7751,5.0782,1260,0,0
225.8000,5.0701,1258,0,0
225.8248,5.1024,1266,0,0
225.8495,5.0782,1260,0,0
225.8744,5.0782,1260,0,0
225.8992,5.0862,1262,0,0
225.9240,5.0862,1262,0,0
225.9488,5.0943,1264,0,0
225.9736,5.1265,1272,0,0
225.9984,5.0943,1264,0,0
226.0232,5.0862,1262,0,0
226.0480,5.1064,1267,0,0
226.0728,5.0338,1249,0,0
226.0976,5.0983,1265,0,0
226.1224,5.0500,1253,0,0
226.1472,5.0983,1265,0,0
226.1720,5.0862,1262,0,0
226.1968,5.0661,1257,0,0
226.2216,5.0701,1258,0,0
226.2464,5.0742,1259,0,0
226.2712,5.0943,1264,0,0
226.2960,5.0862,1262,0,0
226.3208,5.0983,1265,0,0
226.3456,5.1265,1272,0,0
226.3704,5.0782,1260,0,0
226.3952,5.0742,1259,0,0
226.4200,5.0983,1265,0,0
226.4448,5.0983,1265,0,0
226.4696,5.0943,1264,0,0
226.4944,5.1064,1267,0,0
226.5192,5.0943,1264,0,0
226.5440,5.0580,1255,0,0
226.5688,5.0862,1262,0,0
226.5936,5.0983,1265,0,0
226.6184,5.0903,1263,0,0
226.6432,5.0379,1250,0,0
226.6680,5.0943,1264,0,0
226.6928,5.0742,1259,0,0
226.7176,5.0983,1265,0,0
226.7424,5.1145,1269,0,0
226.7672,5.0500,1253,0,0
226.7920,5.0661,1257,0,0
226.8168,5.1145,1269,0,0
226.8416,5.0822,1261,0,0
226.8665,5.0983,1265,0,0
226.8913,5.0862,1262,0,0
226.9160,5.0943,1264,0,0
226.9409,5.0903,1263,0,0
226.9657,5.0983,1265,0,0
226.9905,5.1104,1268,0,0
227.0153,5.0943,1264,0,0
227.0401,5.0742,1259,0,0
227.0649,5.0983,1265,0,0
227.0897,5.0862,1262,0,0
227.1145,5.0903,1263,0,0
227.1393,5.0943,1264,0,0
227.1641,5.0943,1264,0,0
227.1889,5.0782,1260,0,0
227.2137,5.1064,1267,0,0
227.2385,5.0943,1264,0,0
227.2633,5.0742,1259,0,0
227.2881,5.0782,1260,0,0
227.3129,5.0782,1260,0,0
227.3377,5.0943,1264,0,0
227.3625,5.0822,1261,0,0
227.3873,5.0862,1262,0,0
227.4121,5.0943,1264,0,0
227.4369,5.0742,1259,0,0
227.4617,5.0782,1260,0,0
227.4865,5.1225,1271,0,0
227.5113,5.0943,1264,0,0
227.5361,5.0822,1261,0,0
227.5609,5.0862,1262,0,0
227.5857,5.0943,1264,0,0
227.6105,5.0822,1261,0,0
227.6353,5.0782,1260,0,0
227.6601,5.0862,1262,0,0
227.6849,5.1024,1266,0,0
227.7097,5.0943,1264,0,0
227.7345,5.0943,1264,0,0
227.7593,5.0742,1259,0,0
227.7841,5.0742,1259,0,0
227.8089,5.0903,1263,0,0
227.8337,5.0862,1262,0,0
227.8585,5.0661,1257,0,0
227.8833,5.0782,1260,0,0
227.9081,5.0742,1259,0,0
227.9330,5.1064,1267,0,0
227.9577,5.0782,1260,0,0
227.9826,5.1024,1266,0,0
228.0074,5.0782,1260,0,0
228.0322,5.0782,1260,0,0
228.0570,5.0943,1264,0,0
228.0818,5.0943,1264,0,0
228.1066,5.1064,1267,0,0
228.1314,5.0661,1257,0,0
228.1562,5.0419,1251,0,0
228.1810,5.0661,1257,0,0
228.2058,5.1145,1269,0,0
228.2306,5.0782,1260,0,0
228.2554,5.0742,1259,0,0
228.2802,5.1024,1266,0,0
228.3050,5.0943,1264,0,0
228.3298,5.0862,1262,0,0
228.3546,5.1064,1267,0,0
228.3794,5.0822,1261,0,0
228.4042,5.1104,1268,0,0
228.4290,5.0983,1265,0,0
228.4538,5.0983,1265,0,0
228.4786,5.0903,1263,0,0
228.5034,5.0661,1257,0,0
228.5282,5.0782,1260,0,0
228.5530,5.0943,1264,0,0
228.5778,5.0701,1258,0,0
228.6026,5.0782,1260,0,0
228.6274,5.0943,1264,0,0
228.6522,5.0782,1260,0,0
228.6770,5.0822,1261,0,0
228.7018,5.1104,1268,0,0
228.7266,5.0862,1262,0,0
228.7514,5.0661,1257,0,0
228.7762,5.0983,1265,0,0
228.8010,5.0782,1260,0,0
228.8258,5.0862,1262,0,0
228.8506,5.0943,1264,0,0
228.8754,5.0661,1257,0,0
228.9002,5.0742,1259,0,0
228.9250,5.0782,1260,0,0
228.9498,5.0782,1260,0,0
228.9746,5.0701,1258,0,0
228.9995,5.1104,1268,0,0
229.0242,5.0782,1260,0,0
229.0491,5.0862,1262,0,0
229.0739,5.0782,1260,0,0
229.0986,5.0822,1261,0,0
229.1235,5.0862,1262,0,0
229.1483,5.0943,1264,0,0
229.1731,5.0822,1261,0,0
229.1979,5.0983,1265,0,0
229.2227,5.0862,1262,0,0
229.2475,5.0661,1257,0,0
229.2723,5.0903,1263,0,0
229.2971,5.0661,1257,0,0
229.3219,5.0862,1262,0,0
229.3467,5.0580,1255,0,0
229.3715,5.0782,1260,0,0
229.3963,5.0943,1264,0,0
229.4211,5.0661,1257,0,0
229.4459,5.0983,1265,0,0
229.4707,5.0782,1260,0,0
229.4955,5.0983,1265,0,0
229.5203,5.0742,1259,0,0
229.5451,5.0782,1260,0,0
229.5699,5.0782,1260,0,0
229.5947,5.1265,1272,0,0
229.6195,5.0742,1259,0,0
229.6443,5.0903,1263,0,0
229.6691,5.0862,1262,0,0
229.6939,5.0742,1259,0,0
229.7187,5.1225,1271,0,0
229.7435,5.0862,1262,0,0
229.7683,5.0701,1258,0,0
229.7931,5.0943,1264,0,0
229.8179,5.0661,1257,0,0
229.8427,5.0782,1260,0,0
229.8675,5.0822,1261,0,0
229.8923,5.0822,1261,0,0
229.9171,5.1104,1268,0,0
229.9419,5.0943,1264,0,0
229.9667,5.0701,1258,0,0
229.9915,5.0943,1264,0,0
230.0163,5.0742,1259,0,0
230.0411,5.0742,1259,0,0
230.0659,5.0419,1251,0,0
230.0907,5.0983,1265,0,0
230.1156,5.0782,1260,0,0
230.1404,5.0943,1264,0,0
230.1651,5.0943,1264,0,0
230.1900,5.0943,1264,0,0
230.2148,5.0661,1257,0,0
230.2396,5.1024,1266,0,0
230.2644,5.0742,1259,0,0
230.2892,5.0862,1262,0,0
230.3140,5.0862,1262,0,0
230.3388,5.0943,1264,0,0
230.3636,5.1225,1271,0,0
230.3884,5.1064,1267,0,0
230.4132,5.0782,1260,0,0
230.4380,5.0862,1262,0,0
230.4628,5.0943,1264,0,0
230.4876,5.0943,1264,0,0
230.5124,5.0862,1262,0,0
230.5372,5.0862,1262,0,0
230.5620,5.0782,1260,0,0
230.5868,5.0782,1260,0,0
230.6116,5.1225,1271,0,0
230.6364,5.1024,1266,0,0
230.6612,5.0862,1262,0,0
230.6860,5.0862,1262,0,0
230.7108,5.0782,1260,0,0
230.7356,5.0943,1264,0,0
230.7604,5.0742,1259,0,0
230.7852,5.0943,1264,0,0
230.8100,5.0782,1260,0,0
230.8348,5.0822,1261,0,0
230.8596,5.0661,1257,0,0
230.8844,5.1064,1267,0,0
230.9092,5.0862,1262,0,0
230.9340,5.0983,1265,0,0
230.9588,5.0782,1260,0,0
230.9836,5.0742,1259,0,0
231.0084,5.0862,1262,0,0
231.0332,5.0661,1257,0,0
231.0580,5.0943,1264,0,0
231.0828,5.0701,1258,0,0
231.1076,5.0862,1262,0,0
231.1324,5.0782,1260,0,0
231.1572,5.0983,1265,0,0
231.1821,5.1024,1266,0,0
231.2068,5.0661,1257,0,0
231.2316,5.0782,1260,0,0
231.2565,5.1064,1267,0,0
231.2812,5.0862,1262,0,0
231.3061,5.0782,1260,0,0
231.3309,5.1225,1271,0,0
231.3557,5.0862,1262,0,0
231.3805,5.0862,1262,0,0
231.4053,5.0782,1260,0,0
231.4301,5.0903,1263,0,0
231.4549,5.0379,1250,0,0
231.4797,5.0862,1262,0,0
231.5045,5.1225,1271,0,0
231.5293,5.0782,1260,0,0
231.5541,5.1225,1271,0,0
231.5789,5.0862,1262,0,0
231.6037,5.0943,1264,0,0
231.6285,5.0943,1264,0,0
231.6533,5.0862,1262,0,0
231.6781,5.0742,1259,0,0
231.7029,5.0862,1262,0,0
231.7277,5.0983,1265,0,0
231.7525,5.0782,1260,0,0
231.7773,5.1225,1271,0,0
231.8021,5.0782,1260,0,0
231.8269,5.0903,1263,0,0
231.8517,5.0943,1264,0,0
231.8765,5.0822,1261,0,0
231.9013,5.1024,1266,0,0
231.9261,5.0943,1264,0,0
231.9509,5.0943,1264,0,0
231.9757,5.1104,1268,0,0
232.0005,5.0943,1264,0,0
232.0253,5.0943,1264,0,0
232.0501,5.0862,1262,0,0
232.0749,5.0943,1264,0,0
232.0997,5.1064,1267,0,0
232.1245,5.0661,1257,0,0
232.1493,5.0943,1264,0,0
232.1741,5.0661,1257,0,0
232.1989,5.0782,1260,0,0
232.2237,5.0983,1265,0,0
232.2486,5.0983,1265,0,0
232.2733,5.0742,1259,0,0
232.2981,5.0822,1261,0,0
232.3230,5.0903,1263,0,0
232.3477,5.0419,1251,0,0
232.3726,5.0782,1260,0,0
232.3974,5.0701,1258,0,0
232.4222,5.1064,1267,0,0
232.4470,5.0822,1261,0,0
232.4718,5.0661,1257,0,0
232.4966,5.0862,1262,0,0
232.5214,5.0983,1265,0,0
232.5462,5.0943,1264,0,0
232.5710,5.0742,1259,0,0
232.5958,5.0782,1260,0,0
232.6206,5.0862,1262,0,0
232.6454,5.0943,1264,0,0
232.6702,5.0862,1262,0,0
232.6950,5.0782,1260,0,0
232.7198,5.0862,1262,0,0
232.7446,5.0862,1262,0,0
232.7694,5.1064,1267,0,0
232.7942,5.0862,1262,0,0
232.8190,5.0983,1265,0,0
232.8438,5.0742,1259,0,0
232.8686,5.0862,1262,0,0
232.8934,5.0943,1264,0,0
232.9182,5.0701,1258,0,0
232.9430,5.0379,1250,0,0
232.9678,5.0943,1264,0,0
232.9926,5.0782,1260,0,0
233.0174,5.0862,1262,0,0
233.0422,5.0983,1265,0,0
233.0670,5.0500,1253,0,0
233.0918,5.0742,1259,0,0
233.1166,5.0742,1259,0,0
233.1414,5.0862,1262,0,0
233.1662,5.0661,1257,0,0
233.1910,5.1024,1266,0,0
233.2158,5.0661,1257,0,0
233.2406,5.0822,1261,0,0
233.2654,5.0782,1260,0,0
233.2902,5.0862,1262,0,0
233.3150,5.1225,1271,0,0
233.3398,5.0701,1258,0,0
233.3646,5.0580,1255,0,0
233.3895,5.0742,1259,0,0
233.4142,5.0943,1264,0,0
233.4391,5.0822,1261,0,0
233.4639,5.0983,1265,0,0
233.4887,5.0983,1265,0,0
233.5135,5.0742,1259,0,0
233.5383,5.0701,1258,0,0
233.5631,5.1024,1266,0,0
233.5879,5.1265,1272,0,0
233.6127,5.0983,1265,0,0
233.6375,5.0782,1260,0,0
233.6623,5.0943,1264,0,0
233.6871,5.0862,1262,0,0
233.7119,5.0983,1265,0,0
233.7367,5.0500,1253,0,0
233.7615,5.1225,1271,0,0
233.7863,5.0580,1255,0,0
233.8111,5.0943,1264,0,0
233.8359,5.0661,1257,0,0
233.8607,5.0943,1264,0,0
233.8855,5.0822,1261,0,0
233.9103,5.0862,1262,0,0
233.9351,5.0782,1260,0,0
233.9599,5.0903,1263,0,0
233.9847,5.0661,1257,0,0
234.0095,5.1104,1268,0,0
234.0343,5.0862,1262,0,0
234.0591,5.1064,1267,0,0
234.0839,5.0943,1264,0,0
234.1087,5.0943,1264,0,0
234.1335,5.0983,1265,0,0
234.1583,5.0580,1255,0,0
234.1831,5.0782,1260,0,0
234.2079,5.0983,1265,0,0
234.2327,5.0742,1259,0,0
234.2575,5.0379,1250,0,0
234.2823,5.0580,1255,0,0
234.3071,5.0862,1262,0,0
234.3319,5.0742,1259,0,0
234.3567,5.1024,1266,0,0
234.3815,5.0983,1265,0,0
234.4063,5.0822,1261,0,0
234.4311,5.1265,1272,0,0
234.4559,5.0742,1259,0,0
234.4807,5.0862,1262,0,0
234.5056,5.0903,1263,0,0
234.5303,5.1265,1272,0,0
234.5552,5.0338,1249,0,0
234.5800,5.0943,1264,0,0
234.6048,5.1064,1267,0,0
234.6296,5.0943,1264,0,0
234.6544,5.0943,1264,0,0
234.6792,5.0943,1264,0,0
234.7040,5.0983,1265,0,0
234.7288,5.0742,1259,0,0
234.7536,5.0782,1260,0,0
234.7784,5.0822,1261,0,0
234.8032,5.0862,1262,0,0
234.8280,5.0782,1260,0,0
234.8528,5.0943,1264,0,0
234.8776,5.0742,1259,0,0
234.9024,5.0782,1260,0,0
234.9272,5.1024,1266,0,0
234.9520,5.0419,1251,0,0
234.9768,5.0862,1262,0,0
235.0016,5.0782,1260,0,0
235.0264,5.0500,1253,0,0
235.0512,5.0862,1262,0,0
235.0760,5.0742,1259,0,0
235.1008,5.0822,1261,0,0
235.1256,5.1064,1267,0,0
235.1504,5.0580,1255,0,0
235.1752,5.1064,1267,0,0
235.2000,5.0943,1264,0,0
235.2248,5.0782,1260,0,0
235.2496,5.0742,1259,0,0
235.2744,5.1225,1271,0,0
235.2992,5.1104,1268,0,0
235.3240,5.0782,1260,0,0
235.3488,5.0782,1260,0,0
235.3736,5.1225,1271,0,0
235.3984,5.0540,1254,0,0
235.4232,5.0983,1265,0,0
235.4480,5.0782,1260,0,0
235.4728,5.0782,1260,0,0
235.4976,5.0983,1265,0,0
235.5224,5.0862,1262,0,0
235.5472,5.0943,1264,0,0
235.5721,5.0983,1265,0,0
235.5968,5.1225,1271,0,0
235.6217,5.0862,1262,0,0
235.6465,5.0782,1260,0,0
235.6713,5.0742,1259,0,0
235.6961,5.0742,1259,0,0
235.7209,5.0943,1264,0,0
235.7457,5.0943,1264,0,0
235.7705,5.0742,1259,0,0
235.7953,5.0701,1258,0,0
235.8201,5.0903,1263,0,0
235.8449,5.0983,1265,0,0
235.8697,5.0822,1261,0,0
235.8945,5.0782,1260,0,0
235.9193,5.0903,1263,0,0
235.9441,5.0903,1263,0,0
235.9689,5.0983,1265,0,0
235.9937,5.0782,1260,0,0
236.0185,5.1265,1272,0,0
236.0433,5.0782,1260,0,0
236.0681,5.0500,1253,0,0
236.0929,5.1225,1271,0,0
236.1177,5.0742,1259,0,0
236.1425,5.0903,1263,0,0
236.1673,5.0943,1264,0,0
236.1921,5.0983,1265,0,0
236.2169,5.0943,1264,0,0
236.2417,5.0661,1257,0,0
236.2665,5.0943,1264,0,0
236.2913,5.0742,1259,0,0
236.3161,5.0742,1259,0,0
236.3409,5.0943,1264,0,0
236.3657,5.0782,1260,0,0
236.3905,5.0742,1259,0,0
236.4153,5.0822,1261,0,0
236.4401,5.0742,1259,0,0
236.4649,5.0983,1265,0,0
236.4897,5.0701,1258,0,0
236.5145,5.0580,1255,0,0
236.5393,5.0903,1263,0,0
236.5641,5.0782,1260,0,0
236.5889,5.0943,1264,0,0
236.6137,5.0862,1262,0,0
236.6385,5.0862,1262,0,0
236.6633,5.0782,1260,0,0
236.6882,5.1306,1273,0,0
236.7130,5.0943,1264,0,0
236.7378,5.0943,1264,0,0
236.7626,5.0822,1261,0,0
236.7874,5.0903,1263,0,0
236.8122,5.1064,1267,0,0
236.8370,5.0983,1265,0,0
236.8618,5.0983,1265,0,0
236.8866,5.0661,1257,0,0
236.9114,5.0782,1260,0,0
236.9362,5.0943,1264,0,0
236.9610,5.0782,1260,0,0
236.9858,5.0822,1261,0,0
237.0106,5.0983,1265,0,0
237.0354,5.0943,1264,0,0
237.0602,5.0782,1260,0,0
237.0850,5.0903,1263,0,0
237.1098,5.0862,1262,0,0
237.1346,4.8807,1211,0,0
237.1594,5.0943,1264,0,0
237.1842,5.1104,1268,0,0
237.2090,5.0943,1264,0,0
237.2338,5.0540,1254,0,0
237.2586,5.0943,1264,0,0
237.2834,5.0862,1262,0,0
237.3082,5.0379,1250,0,0
237.3330,5.1024,1266,0,0
237.3578,5.0580,1255,0,0
237.3826,5.0983,1265,0,0
237.4074,5.0943,1264,0,0
237.4322,5.0742,1259,0,0
237.4570,5.0983,1265,0,0
237.4818,5.1064,1267,0,0
237.5066,5.1104,1268,0,0
237.5314,5.0742,1259,0,0
237.5562,5.0862,1262,0,0
237.5810,5.1024,1266,0,0
237.6058,5.0742,1259,0,0
237.6306,5.0862,1262,0,0
237.6554,5.0943,1264,0,0
237.6802,5.0822,1261,0,0
237.7050,5.0903,1263,0,0
237.7298,5.1265,1272,0,0
237.7547,5.1024,1266,0,0
237.7794,5.1306,1273,0,0
237.8043,5.0782,1260,0,0
237.8291,5.0983,1265,0,0
237.8539,5.0661,1257,0,0
237.8787,5.0782,1260,0,0
237.9035,5.0782,1260,0,0
237.9283,5.0742,1259,0,0
237.9531,5.0782,1260,0,0
237.9779,5.1064,1267,0,0
238.0027,5.0782,1260,0,0
238.0275,5.0782,1260,0,0
238.0523,5.0983,1265,0,0
238.0771,5.1104,1268,0,0
238.1019,5.0943,1264,0,0
238.1267,5.1346,1274,0,0
238.1515,5.0943,1264,0,0
238.1763,5.1346,1274,0,0
238.2011,5.0782,1260,0,0
238.2259,5.0862,1262,0,0
238.2507,5.0943,1264,0,0
238.2755,5.0862,1262,0,0
238.3003,5.0742,1259,0,0
238.3251,5.0862,1262,0,0
238.3499,5.0903,1263,0,0
238.3747,5.0822,1261,0,0
238.3995,5.0742,1259,0,0
238.4243,5.0782,1260,0,0
238.4491,5.0943,1264,0,0
238.4739,5.0822,1261,0,0
238.4987,5.0943,1264,0,0
238.5235,5.0782,1260,0,0
238.5483,5.0822,1261,0,0
238.5731,5.0943,1264,0,0
238.5979,5.0862,1262,0,0
238.6227,5.0822,1261,0,0
238.6475,5.1064,1267,0,0
238.6723,5.0862,1262,0,0
238.6971,5.0943,1264,0,0
238.7219,5.0782,1260,0,0
238.7467,5.0903,1263,0,0
238.7715,5.0782,1260,0,0
238.7963,5.1064,1267,0,0
238.8212,5.0782,1260,0,0
238.8459,5.0862,1262,0,0
238.8708,5.0862,1262,0,0
238.8956,5.0742,1259,0,0
238.9204,5.0862,1262,0,0
238.9452,5.1265,1272,0,0
238.9700,5.0943,1264,0,0
238.9948,5.0742,1259,0,0
239.0196,5.1064,1267,0,0
239.0444,5.0943,1264,0,0
239.0692,5.0782,1260,0,0
239.0940,5.0903,1263,0,0
239.1188,5.0782,1260,0,0
239.1436,5.0782,1260,0,0
239.1684,5.0782,1260,0,0
239.1932,5.0903,1263,0,0
239.2180,5.0742,1259,0,0
239.2428,5.0782,1260,0,0
239.2676,5.0500,1253,0,0
239.2924,5.1024,1266,0,0
239.3172,5.0782,1260,0,0
239.3420,5.0903,1263,0,0
239.3668,5.0742,1259,0,0
239.3916,5.0983,1265,0,0
239.4164,5.0943,1264,0,0
239.4412,5.0943,1264,0,0
239.4660,5.0742,1259,0,0
239.4908,5.0661,1257,0,0
239.5156,5.0983,1265,0,0
239.5404,5.0661,1257,0,0
239.5652,5.0862,1262,0,0
239.5900,5.0782,1260,0,0
239.6148,5.0782,1260,0,0
239.6396,5.1104,1268,0,0
239.6644,5.0661,1257,0,0
239.6892,5.0782,1260,0,0
239.7140,5.0782,1260,0,0
239.7388,5.0943,1264,0,0
239.7636,5.1024,1266,0,0
239.7884,5.0782,1260,0,0
239.8132,5.0782,1260,0,0
239.8380,5.0862,1262,0,0
239.8628,5.0983,1265,0,0
239.8876,5.0862,1262,0,0
239.9124,5.0419,1251,0,0
239.9373,5.0943,1264,0,0
239.9621,5.0983,1265,0,0
239.9869,5.0782,1260,0,0
240.0117,5.0983,1265,0,0
240.0365,5.0903,1263,0,0
240.0613,5.0943,1264,0,0
240.0861,5.0782,1260,0,0
240.1109,5.1104,1268,0,0
240.1357,5.0742,1259,0,0
240.1605,5.0782,1260,0,0
240.1853,5.0943,1264,0,0
240.2101,5.0943,1264,0,0
240.2349,5.0862,1262,0,0
240.2597,5.0742,1259,0,0
240.2845,5.0943,1264,0,0
240.3093,5.0782,1260,0,0
240.3341,5.0943,1264,0,0
240.3589,5.0862,1262,0,0
240.3837,5.0943,1264,0,0
240.4085,5.0943,1264,0,0
240.4333,5.0782,1260,0,0
240.4581,5.0822,1261,0,0
240.4829,5.0782,1260,0,0
240.5077,5.0379,1250,0,0
240.5325,5.1225,1271,0,0
240.5573,5.0822,1261,0,0
240.5821,5.0943,1264,0,0
240.6069,5.1104,1268,0,0
240.6317,5.0943,1264,0,0
240.6565,5.1064,1267,0,0
240.6813,5.0822,1261,0,0
240.7061,5.0782,1260,0,0
240.7309,5.0782,1260,0,0
240.7557,5.0943,1264,0,0
240.7805,5.0782,1260,0,0
240.8053,5.0782,1260,0,0
240.8301,5.0943,1264,0,0
240.8549,5.0742,1259,0,0
240.8797,5.0943,1264,0,0
240.9045,5.0862,1262,0,0
240.9293,5.0379,1250,0,0
240.9541,5.0943,1264,0,0
240.9789,5.0943,1264,0,0
241.0038,5.0661,1257,0,0
241.0285,5.0862,1262,0,0
241.0534,5.0943,1264,0,0
241.0782,5.0943,1264,0,0
241.1030,5.0903,1263,0,0
241.1278,5.1024,1266,0,0
241.1526,5.0742,1259,0,0
241.1774,5.0782,1260,0,0
241.2022,5.0782,1260,0,0
241.2270,5.0742,1259,0,0
241.2518,5.0661,1257,0,0
241.2766,5.1225,1271,0,0
241.3014,5.0782,1260,0,0
241.3262,5.1064,1267,0,0
241.3510,5.0943,1264,0,0
241.3758,5.0822,1261,0,0
241.4006,5.0782,1260,0,0
241.4254,5.0782,1260,0,0
241.4502,5.0903,1263,0,0
241.4750,5.1064,1267,0,0
241.4998,5.1024,1266,0,0
241.5246,5.0540,1254,0,0
241.5494,5.0903,1263,0,0
241.5742,5.0782,1260,0,0
241.5990,5.0661,1257,0,0
241.6238,5.0943,1264,0,0
241.6486,5.0661,1257,0,0
241.6734,5.1024,1266,0,0
241.6982,5.0782,1260,0,0
241.7230,5.0983,1265,0,0
241.7478,5.0862,1262,0,0
241.7726,5.1064,1267,0,0
241.7974,5.0540,1254,0,0
241.8222,5.1145,1269,0,0
241.8470,5.0701,1258,0,0
241.8718,5.0862,1262,0,0
241.8966,5.1104,1268,0,0
241.9214,5.0782,1260,0,0
241.9462,5.0983,1265,0,0
241.9710,5.0782,1260,0,0
241.9958,5.0862,1262,0,0
242.0206,5.0500,1253,0,0
242.0454,5.0661,1257,0,0
242.0703,5.0701,1258,0,0
242.0950,5.0903,1263,0,0
242.1199,5.0742,1259,0,0
242.1447,5.0862,1262,0,0
242.1694,5.0943,1264,0,0
242.1943,5.0782,1260,0,0
242.2191,5.1145,1269,0,0
242.2439,5.0943,1264,0,0
242.2687,5.0943,1264,0,0
242.2935,5.0782,1260,0,0
242.3183,5.0862,1262,0,0
242.3431,5.0903,1263,0,0
242.3679,5.0943,1264,0,0
242.3927,5.0983,1265,0,0
242.4175,5.0943,1264,0,0
242.4423,5.1024,1266,0,0
242.4671,5.0701,1258,0,0
242.4919,5.0943,1264,0,0
242.5167,5.0822,1261,0,0
242.5415,5.1104,1268,0,0
242.5663,5.0782,1260,0,0
242.5911,5.0943,1264,0,0
242.6159,5.0782,1260,0,0
242.6407,5.0822,1261,0,0
242.6655,5.0862,1262,0,0
242.6903,5.0943,1264,0,0
242.7151,5.0862,1262,0,0
242.7399,5.0943,1264,0,0
242.7647,5.0338,1249,0,0
242.7895,5.0943,1264,0,0
242.8143,5.0862,1262,0,0
242.8391,5.0782,1260,0,0
242.8639,5.0862,1262,0,0
242.8887,5.0943,1264,0,0
242.9135,5.0742,1259,0,0
242.9383,5.0943,1264,0,0
242.9631,5.0862,1262,0,0
242.9879,5.0943,1264,0,0
243.0127,5.0661,1257,0,0
243.0375,5.1064,1267,0,0
243.0623,5.0742,1259,0,0
243.0871,5.0782,1260,0,0
243.1119,5.0742,1259,0,0
243.1367,5.0379,1250,0,0
243.1615,5.0782,1260,0,0
243.1864,5.0983,1265,0,0
243.2112,5.0903,1263,0,0
243.2359,5.1306,1273,0,0
243.2608,5.1225,1271,0,0
243.2856,5.0983,1265,0,0
243.3104,5.0782,1260,0,0
243.3352,5.0661,1257,0,0
243.3600,5.0903,1263,0,0
243.3848,5.0580,1255,0,0
243.4096,5.0782,1260,0,0
243.4344,5.1024,1266,0,0
243.4592,5.0822,1261,0,0
243.4840,5.0782,1260,0,0
243.5088,5.0782,1260,0,0
243.5336,5.0822,1261,0,0
243.5584,5.0500,1253,0,0
243.5832,5.0782,1260,0,0
243.6080,5.0983,1265,0,0
243.6328,5.1064,1267,0,0
243.6576,5.0782,1260,0,0
243.6824,5.0379,1250,0,0
243.7072,5.1265,1272,0,0
243.7320,5.0742,1259,0,0
243.7568,5.0782,1260,0,0
243.7816,5.0379,1250,0,0
243.8064,5.0540,1254,0,0
243.8312,5.0782,1260,0,0
243.8560,5.0782,1260,0,0
243.8808,5.0862,1262,0,0
243.9056,5.0822,1261,0,0
243.9304,5.0983,1265,0,0
243.9552,5.0862,1262,0,0
243.9800,5.0822,1261,0,0
244.0048,5.1225,1271,0,0
244.0296,5.0943,1264,0,0
244.0544,5.0943,1264,0,0
244.0792,5.0742,1259,0,0
244.1040,5.0943,1264,0,0
244.1288,5.1024,1266,0,0
244.1536,5.0983,1265,0,0
244.1784,5.0862,1262,0,0
244.2032,5.0983,1265,0,0
244.2280,5.0742,1259,0,0
244.2529,5.0782,1260,0,0
244.2776,5.0782,1260,0,0
244.3024,5.0782,1260,0,0
244.3273,5.0782,1260,0,0
244.3521,5.0661,1257,0,0
244.3769,5.0862,1262,0,0
244.4017,5.1104,1268,0,0
244.4265,5.0540,1254,0,0
244.4513,5.0782,1260,0,0
244.4761,5.0742,1259,0,0
244.5009,5.0701,1258,0,0
244.5257,5.0782,1260,0,0
244.5505,5.0943,1264,0,0
244.5753,5.1024,1266,0,0
244.6001,5.0661,1257,0,0
244.6249,5.0782,1260,0,0
244.6497,5.0540,1254,0,0
244.6745,5.0983,1265,0,0
244.6993,5.0862,1262,0,0
244.7241,5.0782,1260,0,0
244.7489,5.0782,1260,0,0
244.7737,5.0943,1264,0,0
244.7985,5.0862,1262,0,0
244.8233,5.0500,1253,0,0
244.8481,5.0822,1261,0,0
244.8729,5.0862,1262,0,0
244.8977,5.0782,1260,0,0
244.9225,5.0943,1264,0,0
244.9473,5.0782,1260,0,0
244.9721,5.0782,1260,0,0
244.9969,5.0862,1262,0,0
245.0217,5.0500,1253,0,0
245.0465,5.0822,1261,0,0
245.0713,5.0822,1261,0,0
245.0961,5.0742,1259,0,0
245.1209,5.0943,1264,0,0
245.1457,5.1064,1267,0,0
245.1705,5.0983,1265,0,0
245.1953,5.0742,1259,0,0
245.2201,5.0983,1265,0,0
245.2449,5.0782,1260,0,0
245.2697,5.0742,1259,0,0
245.2945,5.0742,1259,0,0
245.3194,5.1064,1267,0,0
245.3441,5.0862,1262,0,0
245.3689,5.0782,1260,0,0
245.3938,5.0943,1264,0,0
245.4185,5.0862,1262,0,0
245.4434,5.0862,1262,0,0
245.4682,5.0943,1264,0,0
245.4930,5.0822,1261,0,0
245.5178,5.0862,1262,0,0
245.5426,5.0862,1262,0,0
245.5674,5.0862,1262,0,0
245.5922,5.0661,1257,0,0
245.6170,5.0822,1261,0,0
245.6418,5.0943,1264,0,0
245.6666,5.1225,1271,0,0
245.6914,5.0862,1262,0,0
245.7162,5.0862,1262,0,0
245.7410,5.1225,1271,0,0
245.7658,5.0943,1264,0,0
245.7906,5.0943,1264,0,0
245.8154,5.0903,1263,0,0
245.8402,5.0338,1249,0,0
245.8650,5.0782,1260,0,0
245.8898,5.0862,1262,0,0
245.9146,5.1064,1267,0,0
245.9394,5.0943,1264,0,0
245.9642,5.0782,1260,0,0
245.9890,5.0983,1265,0,0
246.0138,5.1225,1271,0,0
246.0386,5.0701,1258,0,0
246.0634,5.0822,1261,0,0
246.0882,5.0782,1260,0,0
246.1130,5.0701,1258,0,0
246.1378,5.0822,1261,0,0
246.1626,5.0782,1260,0,0
246.1874,5.0822,1261,0,0
246.2122,5.1427,1276,0,0
246.2370,5.0983,1265,0,0
246.2618,5.0862,1262,0,0
246.2866,5.0943,1264,0,0
246.3114,5.1225,1271,0,0
246.3362,5.0742,1259,0,0
246.3610,5.0742,1259,0,0
246.3858,5.0862,1262,0,0
246.4106,5.0943,1264,0,0
246.4354,5.0943,1264,0,0
246.4603,5.0943,1264,0,0
246.4850,5.0742,1259,0,0
246.5099,5.0903,1263,0,0
246.5347,5.1104,1268,0,0
246.5595,5.1346,1274,0,0
246.5843,5.0701,1258,0,0
246.6091,5.0862,1262,0,0
246.6339,5.0943,1264,0,0
246.6587,5.0903,1263,0,0
246.6835,5.0903,1263,0,0
246.7083,5.0943,1264,0,0
246.7331,5.0661,1257,0,0
246.7579,5.0742,1259,0,0
246.7827,5.0983,1265,0,0
246.8075,5.0943,1264,0,0
246.8323,5.0943,1264,0,0
246.8571,5.0661,1257,0,0
246.8819,5.0943,1264,0,0
246.9067,5.0500,1253,0,0
246.9315,5.0822,1261,0,0
246.9563,5.0782,1260,0,0
246.9811,5.1024,1266,0,0
247.0059,5.0943,1264,0,0
247.0307,5.0943,1264,0,0
247.0555,5.0661,1257,0,0
247.0803,5.0701,1258,0,0
247.1051,5.0782,1260,0,0
247.1299,5.0782,1260,0,0
247.1547,5.0782,1260,0,0
247.1795,5.1507,1278,0,0
247.2043,5.0943,1264,0,0
247.2291,5.0862,1262,0,0
247.2539,5.0782,1260,0,0
247.2787,5.0782,1260,0,0
247.3035,5.0983,1265,0,0
247.3283,5.0379,1250,0,0
247.3531,5.0782,1260,0,0
247.3779,5.0822,1261,0,0
247.4027,5.0782,1260,0,0
247.4275,5.0661,1257,0,0
247.4523,5.0742,1259,0,0
247.4771,5.1064,1267,0,0
247.5019,5.0782,1260,0,0
247.5267,5.0782,1260,0,0
247.5515,5.0822,1261,0,0
247.5764,5.0862,1262,0,0
247.6012,5.0419,1251,0,0
247.6260,5.0983,1265,0,0
247.6508,5.0943,1264,0,0
247.6756,5.0742,1259,0,0
247.7004,5.0822,1261,0,0
247.7252,5.0943,1264,0,0
247.7500,5.0500,1253,0,0
247.7748,5.0983,1265,0,0
247.7996,5.0862,1262,0,0
247.8244,5.0903,1263,0,0
247.8492,5.1145,1269,0,0
247.8740,5.0943,1264,0,0
247.8988,5.0782,1260,0,0
247.9236,5.1024,1266,0,0
247.9484,5.0943,1264,0,0
247.9732,5.1024,1266,0,0
247.9980,5.0661,1257,0,0
248.0228,5.0943,1264,0,0
248.0476,4.9049,1217,0,0
248.0724,5.0742,1259,0,0
248.0972,5.1064,1267,0,0
248.1220,5.0782,1260,0,0
248.1468,5.0782,1260,0,0
248.1716,5.0742,1259,0,0
248.1964,5.0782,1260,0,0
248.2212,5.0661,1257,0,0
248.2460,5.0782,1260,0,0
248.2708,5.0742,1259,0,0
248.2956,5.1024,1266,0,0
248.3204,5.0983,1265,0,0
248.3452,5.1024,1266,0,0
248.3700,5.0742,1259,0,0
248.3948,5.0862,1262,0,0
248.4196,5.0742,1259,0,0
248.4444,5.0742,1259,0,0
248.4692,5.1104,1268,0,0
248.4940,5.1064,1267,0,0
248.5188,5.0903,1263,0,0
248.5436,5.1024,1266,0,0
248.5685,5.0943,1264,0,0
248.5932,5.0983,1265,0,0
248.6180,5.0983,1265,0,0
248.6429,5.0943,1264,0,0
248.6676,5.0983,1265,0,0
248.6925,5.0379,1250,0,0
248.7173,5.0943,1264,0,0
248.7421,5.1064,1267,0,0
248.7669,5.0782,1260,0,0
248.7917,5.0419,1251,0,0
248.8165,5.0943,1264,0,0
248.8413,5.0943,1264,0,0
248.8661,5.0903,1263,0,0
248.8909,5.0742,1259,0,0
248.9157,5.0862,1262,0,0
248.9405,5.0862,1262,0,0
248.9653,5.1064,1267,0,0
248.9901,5.0943,1264,0,0
249.0149,5.0943,1264,0,0
249.0397,5.1024,1266,0,0
249.0645,5.0822,1261,0,0
249.0893,5.0943,1264,0,0
249.1141,5.0903,1263,0,0
249.1389,5.0782,1260,0,0
249.1637,5.0862,1262,0,0
249.1885,5.0862,1262,0,0
249.2133,5.0782,1260,0,0
249.2381,5.0540,1254,0,0
249.2629,5.0983,1265,0,0
249.2877,5.0862,1262,0,0
249.3125,5.1225,1271,0,0
249.3373,5.0742,1259,0,0
249.3621,5.0822,1261,0,0
249.3869,5.0822,1261,0,0
249.4117,5.0782,1260,0,0
249.4365,5.0822,1261,0,0
249.4613,5.0822,1261,0,0
249.4861,5.0943,1264,0,0
249.5109,5.0782,1260,0,0
249.5357,5.0983,1265,0,0
249.5605,5.0862,1262,0,0
249.5853,5.0943,1264,0,0
249.6101,5.0943,1264,0,0
249.6349,5.1024,1266,0,0
249.6597,5.1064,1267,0,0
249.6845,5.0943,1264,0,0
249.7094,5.0903,1263,0,0
249.7341,5.0379,1250,0,0
249.7590,5.1104,1268,0,0
249.7838,5.0983,1265,0,0
249.8086,5.1225,1271,0,0
249.8334,5.0903,1263,0,0
249.8582,5.0862,1262,0,0
249.8830,5.0983,1265,0,0
249.9078,5.0943,1264,0,0
249.9326,5.0580,1255,0,0
249.9574,5.0782,1260,0,0
249.9822,5.0782,1260,0,0
250.0070,5.0862,1262,0,0
250.0318,5.1346,1274,0,0
250.0566,5.0782,1260,0,0
250.0814,5.1306,1273,0,0
250.1062,5.0822,1261,0,0
250.1310,5.0782,1260,0,0
250.1558,5.0822,1261,0,0
250.1806,5.0782,1260,0,0
250.2054,5.0903,1263,0,0
250.2302,5.0903,1263,0,0
250.2550,5.0822,1261,0,0
250.2798,5.0903,1263,0,0
250.3046,5.0983,1265,0,0
250.3294,5.0742,1259,0,0
250.3542,5.0742,1259,0,0
250.3790,5.1306,1273,0,0
250.4038,5.0903,1263,0,0
250.4286,5.0742,1259,0,0
250.4534,5.1024,1266,0,0
250.4782,5.0862,1262,0,0
250.5030,5.0782,1260,0,0
250.5278,5.0943,1264,0,0
250.5526,5.0782,1260,0,0
250.5774,5.1225,1271,0,0
250.6022,5.0742,1259,0,0
250.6270,5.0862,1262,0,0
250.6518,5.0943,1264,0,0
250.6766,5.0742,1259,0,0
250.7014,5.0943,1264,0,0
250.7262,5.0943,1264,0,0
250.7510,5.0701,1258,0,0
250.7758,5.0943,1264,0,0
250.8006,5.0943,1264,0,0
250.8255,5.0701,1258,0,0
250.8503,5.0983,1265,0,0
250.8751,5.1024,1266,0,0
250.8999,5.0862,1262,0,0
250.9247,5.0742,1259,0,0
250.9495,5.0661,1257,0,0
250.9743,5.0822,1261,0,0
250.9991,5.0862,1262,0,0
251.0239,5.0903,1263,0,0
251.0487,5.0862,1262,0,0
251.0735,5.0742,1259,0,0
251.0983,5.0742,1259,0,0
251.1231,5.0983,1265,0,0
251.1479,5.0862,1262,0,0
251.1727,5.0661,1257,0,0
251.1975,5.0862,1262,0,0
251.2223,5.0903,1263,0,0
251.2471,5.1265,1272,0,0
251.2719,5.0903,1263,0,0
251.2967,5.1225,1271,0,0
251.3215,5.0782,1260,0,0
251.3463,5.0983,1265,0,0
251.3711,5.0742,1259,0,0
251.3959,5.0782,1260,0,0
251.4207,5.1064,1267,0,0
251.4455,5.0822,1261,0,0
251.4703,5.0701,1258,0,0
251.4951,5.0338,1249,0,0
251.5199,5.1104,1268,0,0
251.5447,5.0903,1263,0,0
251.5695,5.0782,1260,0,0
251.5943,5.0903,1263,0,0
251.6191,5.0500,1253,0,0
251.6439,5.0661,1257,0,0
251.6687,5.0540,1254,0,0
251.6935,5.1225,1271,0,0
251.7183,5.1225,1271,0,0
251.7431,5.0822,1261,0,0
251.7679,5.0862,1262,0,0
251.7927,5.0983,1265,0,0
251.8175,5.0661,1257,0,0
251.8423,5.1024,1266,0,0
251.8671,5.1104,1268,0,0
251.8920,5.0661,1257,0,0
251.9167,5.0822,1261,0,0
251.9416,5.1104,1268,0,0
251.9664,5.0862,1262,0,0
251.9912,5.0822,1261,0,0
252.0160,5.0782,1260,0,0
252.0408,5.1064,1267,0,0
252.0656,5.0862,1262,0,0
252.0904,5.0822,1261,0,0
252.1152,5.0782,1260,0,0
252.1400,5.0782,1260,0,0
252.1648,5.0943,1264,0,0
252.1896,5.0782,1260,0,0
252.2144,5.0782,1260,0,0
252.2392,5.0822,1261,0,0
252.2640,5.1024,1266,0,0
252.2888,5.1064,1267,0,0
252.3136,5.0862,1262,0,0
252.3384,5.0661,1257,0,0
252.3632,5.0822,1261,0,0
252.3880,5.0661,1257,0,0
252.4128,5.0742,1259,0,0
252.4376,5.0862,1262,0,0
252.4624,5.0782,1260,0,0
252.4872,5.0500,1253,0,0
252.5120,5.0943,1264,0,0
252.5368,5.0943,1264,0,0
252.5616,5.0822,1261,0,0
252.5864,5.0983,1265,0,0
252.6112,5.0419,1251,0,0
252.6360,5.0983,1265,0,0
252.6608,5.0943,1264,0,0
252.6856,5.1024,1266,0,0
252.7104,5.0943,1264,0,0
252.7352,5.0903,1263,0,0
252.7600,5.0943,1264,0,0
252.7848,5.0661,1257,0,0
252.8096,5.0983,1265,0,0
252.8344,5.0943,1264,0,0
252.8592,5.0943,1264,0,0
252.8840,5.0983,1265,0,0
252.9088,5.1024,1266,0,0
252.9336,5.0862,1262,0,0
252.9585,5.0983,1265,0,0
252.9832,5.0862,1262,0,0
253.0081,5.0862,1262,0,0
253.0329,5.0903,1263,0,0
253.0577,5.1024,1266,0,0
253.0825,5.0983,1265,0,0
253.1073,5.0862,1262,0,0
253.1321,5.1064,1267,0,0
253.1569,5.0782,1260,0,0
253.1817,5.0782,1260,0,0
253.2065,5.0983,1265,0,0
253.2313,5.0943,1264,0,0
253.2561,5.0943,1264,0,0
253.2809,5.0701,1258,0,0
253.3057,5.0782,1260,0,0
253.3305,5.1024,1266,0,0
253.3553,5.0943,1264,0,0
253.3801,5.0943,1264,0,0
253.4049,5.0782,1260,0,0
253.4297,5.0661,1257,0,0
253.4545,5.0862,1262,0,0
253.4793,5.1427,1276,0,0
253.5041,5.0983,1265,0,0
253.5289,5.0822,1261,0,0
253.5537,5.0540,1254,0,0
253.5785,5.0943,1264,0,0
253.6033,5.0782,1260,0,0
253.6281,5.0862,1262,0,0
253.6529,5.0943,1264,0,0
253.6777,5.0903,1263,0,0
253.7025,5.0943,1264,0,0
253.7273,5.0742,1259,0,0
253.7521,5.0943,1264,0,0
253.7769,5.0983,1265,0,0
253.8017,5.0943,1264,0,0
253.8265,5.0862,1262,0,0
253.8513,5.0943,1264,0,0
253.8761,5.0379,1250,0,0
253.9009,5.0943,1264,0,0
253.9257,5.1024,1266,0,0
253.9505,5.0943,1264,0,0
253.9753,5.1064,1267,0,0
254.0001,5.0540,1254,0,0
254.0249,5.1064,1267,0,0
254.0497,5.0419,1251,0,0
254.0746,5.0500,1253,0,0
254.0993,5.0661,1257,0,0
254.1242,5.0862,1262,0,0
254.1490,5.0983,1265,0,0
254.1738,5.0782,1260,0,0
254.1986,5.0983,1265,0,0
254.2234,5.0782,1260,0,0
254.2482,5.0862,1262,0,0
254.2730,5.0943,1264,0,0
254.2978,5.0943,1264,0,0
254.3226,5.1024,1266,0,0
254.3474,5.0701,1258,0,0
254.3722,5.0862,1262,0,0
254.3970,5.0742,1259,0,0
254.4218,5.0983,1265,0,0
254.4466,5.1145,1269,0,0
254.4714,5.0983,1265,0,0
254.4962,5.1064,1267,0,0
254.5210,5.0822,1261,0,0
254.5458,5.1024,1266,0,0
254.5706,5.0742,1259,0,0
254.5954,5.0742,1259,0,0
254.6202,5.0419,1251,0,0
254.6450,5.0943,1264,0,0
254.6698,5.0742,1259,0,0
254.6946,5.0943,1264,0,0
254.7194,5.0862,1262,0,0
254.7442,5.0862,1262,0,0
254.7690,5.0943,1264,0,0
254.7938,5.0903,1263,0,0
254.8186,5.0661,1257,0,0
254.8434,5.0943,1264,0,0
254.8682,5.0782,1260,0,0
254.8930,5.1104,1268,0,0
254.9178,5.0862,1262,0,0
254.9426,5.0822,1261,0,0
254.9674,5.1064,1267,0,0
254.9922,5.0379,1250,0,0
255.0170,5.0742,1259,0,0
255.0418,5.0903,1263,0,0
255.0666,5.0943,1264,0,0
255.0914,5.0943,1264,0,0
255.1162,5.0862,1262,0,0
255.1411,5.0742,1259,0,0
255.1658,5.0903,1263,0,0
255.1907,5.0661,1257,0,0
255.2155,5.0983,1265,0,0
255.2402,5.0862,1262,0,0
255.2651,5.1346,1274,0,0
255.2899,5.0701,1258,0,0
255.3147,5.0943,1264,0,0
255.3395,5.0983,1265,0,0
255.3643,5.0943,1264,0,0
255.3891,5.0903,1263,0,0
255.4139,5.0983,1265,0,0
255.4387,5.0862,1262,0,0
255.4635,5.0782,1260,0,0
255.4883,5.1225,1271,0,0
255.5131,5.0983,1265,0,0
255.5379,5.0782,1260,0,0
255.5627,5.0903,1263,0,0
255.5875,5.0782,1260,0,0
255.6123,5.0782,1260,0,0
255.6371,5.0742,1259,0,0
255.6619,5.0862,1262,0,0
255.6867,5.0822,1261,0,0
255.7115,5.0862,1262,0,0
255.7363,5.0782,1260,0,0
255.7611,5.0822,1261,0,0
255.7859,5.0943,1264,0,0
255.8107,5.0782,1260,0,0
255.8355,5.0943,1264,0,0
255.8603,5.0782,1260,0,0
255.8851,5.0782,1260,0,0
255.9099,5.0862,1262,0,0
255.9347,5.0822,1261,0,0
255.9595,5.0943,1264,0,0
255.9843,5.0903,1263,0,0
256.0091,5.0862,1262,0,0
256.0339,5.0943,1264,0,0
256.0587,5.0943,1264,0,0
256.0835,5.0742,1259,0,0
256.1083,5.0782,1260,0,0
256.1331,5.0661,1257,0,0
256.1579,5.0903,1263,0,0
256.1827,5.0943,1264,0,0
256.2076,5.0742,1259,0,0
256.2324,5.1265,1272,0,0
256.2571,5.0862,1262,0,0
256.2820,5.0862,1262,0,0
256.3068,5.0782,1260,0,0
256.3315,5.0540,1254,0,0
256.3564,5.0983,1265,0,0
256.3812,5.0862,1262,0,0
256.4060,5.0782,1260,0,0
256.4308,5.0742,1259,0,0
256.4556,5.0983,1265,0,0
256.4804,5.0983,1265,0,0
256.5052,5.0661,1257,0,0
256.5300,5.0862,1262,0,0
256.5548,5.0742,1259,0,0
256.5796,5.1024,1266,0,0
256.6044,5.0943,1264,0,0
256.6292,5.0782,1260,0,0
256.6540,5.1265,1272,0,0
256.6788,5.0943,1264,0,0
256.7036,5.0983,1265,0,0
256.7284,5.0661,1257,0,0
256.7532,5.0742,1259,0,0
256.7780,5.0822,1261,0,0
256.8028,5.1024,1266,0,0
256.8276,5.0822,1261,0,0
256.8524,5.0742,1259,0,0
256.8772,5.0419,1251,0,0
256.9020,5.0782,1260,0,0
256.9268,5.0379,1250,0,0
256.9516,5.0701,1258,0,0
256.9764,5.0701,1258,0,0
257.0012,5.0943,1264,0,0
257.0260,5.0943,1264,0,0
257.0508,5.0742,1259,0,0
257.0756,5.1104,1268,0,0
257.1004,5.0782,1260,0,0
257.1252,5.0782,1260,0,0
257.1500,5.0500,1253,0,0
257.1748,5.0379,1250,0,0
257.1996,5.0983,1265,0,0
257.2244,5.1104,1268,0,0
257.2492,5.0943,1264,0,0
257.2740,5.0943,1264,0,0
257.2989,5.0742,1259,0,0
257.3236,5.0943,1264,0,0
257.3484,5.1064,1267,0,0
257.3733,5.0943,1264,0,0
257.3980,5.0943,1264,0,0
257.4229,5.0782,1260,0,0
257.4477,5.0943,1264,0,0
257.4725,5.0862,1262,0,0
257.4973,5.0983,1265,0,0
257.5221,5.1346,1274,0,0
257.5469,5.0983,1265,0,0
257.5717,5.0782,1260,0,0
257.5965,5.0903,1263,0,0
257.6213,5.0943,1264,0,0
257.6461,5.0903,1263,0,0
257.6709,5.0782,1260,0,0
257.6957,5.0983,1265,0,0
257.7205,5.0903,1263,0,0
257.7453,5.0983,1265,0,0
257.7701,5.0943,1264,0,0
257.7949,5.0903,1263,0,0
257.8197,5.0782,1260,0,0
257.8445,5.0983,1265,0,0
257.8693,5.0742,1259,0,0
257.8941,5.1145,1269,0,0
257.9189,5.1064,1267,0,0
257.9437,5.0701,1258,0,0
257.9685,5.0782,1260,0,0
257.9933,5.0782,1260,0,0
258.0181,5.1145,1269,0,0
258.0429,5.1265,1272,0,0
258.0677,5.0298,1248,0,0
258.0925,5.2072,1292,0,0
258.1173,5.0782,1260,0,0
258.1421,5.1024,1266,0,0
258.1669,5.0661,1257,0,0
258.1917,5.0983,1265,0,0
258.2165,5.0742,1259,0,0
258.2413,5.0742,1259,0,0
258.2661,5.1064,1267,0,0
258.2909,5.1265,1272,0,0
258.3157,5.0903,1263,0,0
258.3405,5.0782,1260,0,0
258.3654,5.0903,1263,0,0
258.3901,5.0943,1264,0,0
258.4149,5.1024,1266,0,0
258.4398,5.0862,1262,0,0
258.4645,5.0862,1262,0,0
258.4893,5.0983,1265,0,0
258.5142,5.0822,1261,0,0
258.5390,5.0943,1264,0,0
258.5638,5.0943,1264,0,0
258.5886,5.0379,1250,0,0
258.6134,5.0903,1263,0,0
258.6382,5.0983,1265,0,0
258.6630,5.1024,1266,0,0
258.6878,5.0782,1260,0,0
258.7126,5.0782,1260,0,0
258.7374,5.0782,1260,0,0
258.7622,5.0943,1264,0,0
258.7870,5.0862,1262,0,0
258.8118,5.0983,1265,0,0
258.8366,5.0943,1264,0,0
258.8614,5.0742,1259,0,0
258.8862,5.0782,1260,0,0
258.9110,5.0862,1262,0,0
258.9358,5.1064,1267,0,0
258.9606,5.0742,1259,0,0
258.9854,5.0862,1262,0,0
259.0102,5.0983,1265,0,0
259.0350,5.0983,1265,0,0
259.0598,5.1225,1271,0,0
259.0846,5.0379,1250,0,0
259.1094,5.0742,1259,0,0
259.1342,5.0661,1257,0,0
259.1590,5.0943,1264,0,0
259.1838,5.0862,1262,0,0
259.2086,5.0822,1261,0,0
259.2334,5.0943,1264,0,0
259.2582,5.0943,1264,0,0
259.2830,5.0943,1264,0,0
259.3078,5.0983,1265,0,0
259.3326,5.0701,1258,0,0
259.3574,5.0500,1253,0,0
259.3822,5.0862,1262,0,0
259.4070,5.0782,1260,0,0
259.4319,5.0943,1264,0,0
259.4566,5.0822,1261,0,0
259.4814,5.0580,1255,0,0
259.5063,5.0943,1264,0,0
259.5310,5.0903,1263,0,0
259.5558,5.0540,1254,0,0
259.5807,5.0862,1262,0,0
259.6055,5.0862,1262,0,0
259.6302,5.0782,1260,0,0
259.6551,5.0943,1264,0,0
259.6799,5.0701,1258,0,0
259.7047,5.0782,1260,0,0
259.7295,5.1265,1272,0,0
259.7543,5.0943,1264,0,0
259.7791,5.0379,1250,0,0
259.8039,5.0540,1254,0,0
259.8287,5.0661,1257,0,0
259.8535,5.0943,1264,0,0
259.8783,5.0943,1264,0,0
259.9031,5.0782,1260,0,0
259.9279,5.0862,1262,0,0
259.9527,5.0782,1260,0,0
259.9775,5.0742,1259,0,0
260.0023,5.0983,1265,0,0
260.0271,5.0983,1265,0,0
260.0519,5.0782,1260,0,0
260.0767,5.0500,1253,0,0
260.1015,5.0983,1265,0,0
260.1263,5.1064,1267,0,0
260.1511,5.0782,1260,0,0
260.1759,5.0943,1264,0,0
260.2007,5.0862,1262,0,0
260.2255,5.0742,1259,0,0
260.2503,5.1024,1266,0,0
260.2751,5.0943,1264,0,0
260.2999,5.0742,1259,0,0
260.3247,5.0661,1257,0,0
260.3495,5.0742,1259,0,0
260.3743,5.0822,1261,0,0
260.3991,5.0701,1258,0,0
260.4239,5.0862,1262,0,0
260.4487,5.0983,1265,0,0
260.4735,5.0379,1250,0,0
260.4984,5.0943,1264,0,0
260.5231,5.0782,1260,0,0
260.5479,5.0983,1265,0,0
260.5728,5.0742,1259,0,0
260.5975,5.0943,1264,0,0
260.6223,5.0903,1263,0,0
260.6472,5.0862,1262,0,0
260.6720,5.0580,1255,0,0
260.6967,5.0822,1261,0,0
260.7216,5.0862,1262,0,0
260.7464,5.0338,1249,0,0
260.7712,5.0943,1264,0,0
260.7960,5.0822,1261,0,0
260.8208,5.1024,1266,0,0
260.8456,5.0983,1265,0,0
260.8704,5.0782,1260,0,0
260.8952,5.0742,1259,0,0
260.9200,5.0862,1262,0,0
260.9448,5.0742,1259,0,0
260.9696,5.0782,1260,0,0
260.9944,5.0742,1259,0,0
261.0192,5.0742,1259,0,0
261.0440,5.0862,1262,0,0
261.0688,5.0701,1258,0,0
261.0936,5.1225,1271,0,0
261.1184,5.0701,1258,0,0
261.1432,5.0822,1261,0,0
261.1680,5.0742,1259,0,0
261.1928,5.0782,1260,0,0
261.2176,5.0943,1264,0,0
261.2424,5.0822,1261,0,0
261.2672,5.0742,1259,0,0
261.2920,5.0782,1260,0,0
261.3168,5.1104,1268,0,0
261.3416,5.0782,1260,0,0
261.3664,5.0862,1262,0,0
261.3912,5.0862,1262,0,0
261.4160,5.0943,1264,0,0
261.4408,5.0943,1264,0,0
261.4656,5.0983,1265,0,0
261.4904,5.0862,1262,0,0
261.5152,5.0903,1263,0,0
261.5400,5.1064,1267,0,0
261.5648,5.0943,1264,0,0
261.5896,5.0661,1257,0,0
261.6144,5.0822,1261,0,0
261.6393,5.0943,1264,0,0
261.6640,5.0943,1264,0,0
261.6888,5.0500,1253,0,0
261.7137,5.0500,1253,0,0
261.7385,5.1064,1267,0,0
261.7632,5.0983,1265,0,0
261.7881,5.1104,1268,0,0
261.8129,5.0943,1264,0,0
261.8377,5.0943,1264,0,0
261.8625,5.0822,1261,0,0
261.8873,5.0822,1261,0,0
261.9121,5.0943,1264,0,0
261.9369,5.0862,1262,0,0
261.9617,5.0983,1265,0,0
261.9865,5.0983,1265,0,0
262.0113,5.0782,1260,0,0
262.0361,5.0782,1260,0,0
262.0609,5.0782,1260,0,0
262.0857,5.0782,1260,0,0
262.1105,5.0903,1263,0,0
262.1353,5.0943,1264,0,0
262.1601,5.0983,1265,0,0
262.1849,5.0903,1263,0,0
262.2097,5.0862,1262,0,0
262.2345,5.0943,1264,0,0
262.2593,5.1104,1268,0,0
262.2841,5.0822,1261,0,0
262.3089,5.0983,1265,0,0
262.3337,5.0983,1265,0,0
262.3585,5.0661,1257,0,0
262.3833,5.0661,1257,0,0
262.4081,5.1064,1267,0,0
262.4329,5.0943,1264,0,0
262.4577,5.0661,1257,0,0
262.4825,5.0782,1260,0,0
262.5073,5.1064,1267,0,0
262.5321,5.0822,1261,0,0
262.5569,5.0983,1265,0,0
262.5817,5.0862,1262,0,0
262.6065,5.1064,1267,0,0
262.6313,5.0742,1259,0,0
262.6561,5.0862,1262,0,0
262.6809,5.1225,1271,0,0
262.7057,5.0661,1257,0,0
262.7305,5.0822,1261,0,0
262.7553,5.0943,1264,0,0
262.7802,5.1265,1272,0,0
262.8050,5.0862,1262,0,0
262.8297,5.0500,1253,0,0
262.8546,5.0983,1265,0,0
262.8794,5.0943,1264,0,0
262.9042,5.0782,1260,0,0
262.9290,5.0943,1264,0,0
262.9538,5.0943,1264,0,0
262.9786,5.0943,1264,0,0
263.0034,5.0742,1259,0,0
263.0282,5.0782,1260,0,0
263.0530,5.0943,1264,0,0
263.0778,5.0943,1264,0,0
263.1026,5.0782,1260,0,0
263.1274,5.0862,1262,0,0
263.1522,5.0782,1260,0,0
263.1770,5.0782,1260,0,0
263.2018,5.1064,1267,0,0
263.2266,5.0983,1265,0,0
263.2514,5.0782,1260,0,0
263.2762,5.0983,1265,0,0
263.3010,5.0903,1263,0,0
263.3258,5.0903,1263,0,0
263.3506,5.0822,1261,0,0
263.3754,5.0943,1264,0,0
263.4002,5.0782,1260,0,0
263.4250,5.0983,1265,0,0
263.4498,5.0862,1262,0,0
263.4746,5.0782,1260,0,0
263.4994,5.1104,1268,0,0
263.5242,5.0580,1255,0,0
263.5490,5.0983,1265,0,0
263.5738,5.0943,1264,0,0
263.5986,5.0943,1264,0,0
263.6234,5.0903,1263,0,0
263.6482,5.1064,1267,0,0
263.6730,5.1024,1266,0,0
263.6978,5.0742,1259,0,0
263.7226,5.0943,1264,0,0
263.7474,5.0943,1264,0,0
263.7722,5.0983,1265,0,0
263.7971,5.1024,1266,0,0
263.8218,5.1265,1272,0,0
263.8466,5.0943,1264,0,0
263.8715,5.1346,1274,0,0
263.8962,5.0862,1262,0,0
263.9211,5.0782,1260,0,0
263.9459,5.0822,1261,0,0
263.9707,5.1024,1266,0,0
263.9955,5.0742,1259,0,0
264.0203,5.0742,1259,0,0
264.0451,5.0983,1265,0,0
264.0699,5.0782,1260,0,0
264.0947,5.1064,1267,0,0
264.1195,5.0782,1260,0,0
264.1443,5.0943,1264,0,0
264.1691,5.0943,1264,0,0
264.1939,5.0742,1259,0,0
264.2187,5.0782,1260,0,0
264.2435,5.0983,1265,0,0
264.2683,5.0943,1264,0,0
264.2931,5.1024,1266,0,0
264.3179,5.0782,1260,0,0
264.3427,5.0742,1259,0,0
264.3675,5.1265,1272,0,0
264.3923,5.0862,1262,0,0
264.4171,5.0862,1262,0,0
264.4419,5.0903,1263,0,0
264.4667,5.0862,1262,0,0
264.4915,5.1064,1267,0,0
264.5163,5.0782,1260,0,0
264.5411,5.0661,1257,0,0
264.5659,5.0379,1250,0,0
264.5907,5.0822,1261,0,0
264.6155,5.0822,1261,0,0
264.6403,5.0782,1260,0,0
264.6651,5.1225,1271,0,0
264.6899,5.0782,1260,0,0
264.7147,5.0943,1264,0,0
264.7395,5.1024,1266,0,0
264.7643,5.0822,1261,0,0
264.7891,5.0419,1251,0,0
264.8139,5.0661,1257,0,0
264.8387,5.0742,1259,0,0
264.8636,5.0822,1261,0,0
264.8883,5.1064,1267,0,0
264.9131,5.0943,1264,0,0
264.9380,5.0943,1264,0,0
264.9627,5.0742,1259,0,0
264.9875,5.0862,1262,0,0
265.0124,5.0782,1260,0,0
265.0372,5.0943,1264,0,0
265.0620,5.0822,1261,0,0
265.0868,5.0862,1262,0,0
265.1116,5.0862,1262,0,0
265.1364,5.0862,1262,0,0
265.1612,5.0862,1262,0,0
265.1860,5.1145,1269,0,0
265.2108,5.0943,1264,0,0
265.2356,5.0943,1264,0,0
265.2604,5.1225,1271,0,0
265.2852,5.0943,1264,0,0
265.3100,5.0862,1262,0,0
265.3348,5.0862,1262,0,0
265.3596,5.0822,1261,0,0
265.3844,5.0742,1259,0,0
265.4092,5.0661,1257,0,0
265.4340,5.0943,1264,0,0
265.4588,5.1064,1267,0,0
265.4836,5.0943,1264,0,0
265.5084,5.0661,1257,0,0
265.5332,5.0983,1265,0,0
265.5580,5.0943,1264,0,0
265.5828,5.0742,1259,0,0
265.6076,5.0701,1258,0,0
265.6324,5.0742,1259,0,0
265.6572,5.1225,1271,0,0
265.6820,5.0782,1260,0,0
265.7068,5.0822,1261,0,0
265.7316,5.0983,1265,0,0
265.7564,5.0943,1264,0,0
265.7812,5.0822,1261,0,0
265.8060,5.0983,1265,0,0
265.8308,5.0742,1259,0,0
265.8556,5.0943,1264,0,0
265.8804,5.0983,1265,0,0
265.9052,5.0862,1262,0,0
265.9301,5.1104,1268,0,0
265.9548,5.0903,1263,0,0
265.9796,5.0338,1249,0,0
266.0045,5.0943,1264,0,0
266.0292,5.1024,1266,0,0
266.0540,5.0862,1262,0,0
266.0789,5.0822,1261,0,0
266.1037,5.0943,1264,0,0
266.1284,5.0903,1263,0,0
266.1533,5.0661,1257,0,0
266.1781,5.0903,1263,0,0
266.2029,5.0943,1264,0,0
266.2277,5.0983,1265,0,0
266.2525,5.0500,1253,0,0
266.2773,5.0742,1259,0,0
266.3021,5.0782,1260,0,0
266.3269,5.0943,1264,0,0
266.3517,5.1104,1268,0,0
266.3765,5.0822,1261,0,0
266.4013,5.0862,1262,0,0
266.4261,5.1064,1267,0,0
266.4509,5.1225,1271,0,0
266.4757,5.0862,1262,0,0
266.5005,5.0862,1262,0,0
266.5253,5.0943,1264,0,0
266.5501,5.0903,1263,0,0
266.5749,5.0742,1259,0,0
266.5997,5.0782,1260,0,0
266.6245,5.0943,1264,0,0
266.6493,5.0862,1262,0,0
266.6741,5.0983,1265,0,0
266.6989,5.0782,1260,0,0
266.7237,5.0782,1260,0,0
266.7485,5.0782,1260,0,0
266.7733,5.0983,1265,0,0
266.7981,5.0822,1261,0,0
266.8229,5.0862,1262,0,0
266.8477,5.0903,1263,0,0
266.8725,5.0822,1261,0,0
266.8973,5.0862,1262,0,0
266.9221,5.0742,1259,0,0
266.9469,5.0862,1262,0,0
266.9717,5.0862,1262,0,0
266.9966,5.0862,1262,0,0
267.0213,5.0862,1262,0,0
267.0461,5.0983,1265,0,0
267.0710,5.0701,1258,0,0
267.0957,5.1024,1266,0,0
267.1205,5.0701,1258,0,0
267.1454,5.0983,1265,0,0
267.1702,5.0862,1262,0,0
267.1949,5.0742,1259,0,0
267.2198,5.1064,1267,0,0
267.2446,5.0862,1262,0,0
267.2693,5.0701,1258,0,0
267.2942,5.0661,1257,0,0
267.3190,5.0903,1263,0,0
267.3438,5.0862,1262,0,0
267.3686,5.0943,1264,0,0
267.3934,5.0903,1263,0,0
267.4182,5.0742,1259,0,0
267.4430,5.0983,1265,0,0
267.4678,5.1064,1267,0,0
267.4926,5.0419,1251,0,0
267.5174,5.1225,1271,0,0
267.5422,5.0500,1253,0,0
267.5670,5.1265,1272,0,0
267.5918,5.0983,1265,0,0
267.6166,5.0943,1264,0,0
267.6414,5.0943,1264,0,0
267.6662,5.0822,1261,0,0
267.6910,5.0983,1265,0,0
267.7158,5.0782,1260,0,0
267.7406,5.0540,1254,0,0
267.7654,5.0943,1264,0,0
267.7902,5.1145,1269,0,0
267.8150,5.0742,1259,0,0
267.8398,5.0943,1264,0,0
267.8646,5.0983,1265,0,0
267.8894,5.0943,1264,0,0
267.9142,5.0782,1260,0,0
267.9390,5.0983,1265,0,0
267.9638,5.0782,1260,0,0
267.9886,5.1024,1266,0,0
268.0134,5.0742,1259,0,0
268.0382,5.1306,1273,0,0
268.0630,5.0943,1264,0,0
268.0878,5.0862,1262,0,0
268.1126,5.0943,1264,0,0
268.1375,5.0943,1264,0,0
268.1622,5.1225,1271,0,0
268.1870,5.0782,1260,0,0
268.2119,5.0943,1264,0,0
268.2367,5.0782,1260,0,0
268.2614,5.0943,1264,0,0
268.2863,5.0782,1260,0,0
268.3111,5.0943,1264,0,0
268.3358,5.0903,1263,0,0
268.3607,5.0943,1264,0,0
268.3855,5.1225,1271,0,0
268.4103,5.0943,1264,0,0
268.4351,5.0822,1261,0,0
268.4599,5.0822,1261,0,0
268.4847,5.0701,1258,0,0
268.5095,5.0903,1263,0,0
268.5343,5.0983,1265,0,0
268.5591,5.0661,1257,0,0
268.5839,5.0782,1260,0,0
268.6087,5.0701,1258,0,0
268.6335,5.0742,1259,0,0
268.6583,5.0701,1258,0,0
268.6831,5.0943,1264,0,0
268.7079,5.0742,1259,0,0
268.7327,5.0701,1258,0,0
268.7575,5.0862,1262,0,0
268.7823,5.0500,1253,0,0
268.8071,5.0782,1260,0,0
268.8319,5.0742,1259,0,0
268.8567,5.0943,1264,0,0
268.8815,5.0742,1259,0,0
268.9063,5.0943,1264,0,0
268.9311,5.0862,1262,0,0
268.9559,5.0822,1261,0,0
268.9807,5.0943,1264,0,0
269.0055,5.2072,1292,0,0
269.0303,5.0782,1260,0,0
269.0551,5.1064,1267,0,0
269.0799,5.0943,1264,0,0
269.1047,5.0943,1264,0,0
269.1295,5.0862,1262,0,0
269.1543,5.0822,1261,0,0
269.1791,5.0782,1260,0,0
269.2039,5.0862,1262,0,0
269.2287,5.0943,1264,0,0
269.2535,5.0943,1264,0,0
269.2784,5.0822,1261,0,0
269.3032,5.0742,1259,0,0
269.3279,5.1265,1272,0,0
269.3528,5.0862,1262,0,0
269.3776,5.0862,1262,0,0
269.4023,5.0983,1265,0,0
269.4272,5.1064,1267,0,0
269.4520,5.0661,1257,0,0
269.4768,5.0580,1255,0,0
269.5016,5.0782,1260,0,0
269.5264,5.0862,1262,0,0
269.5512,5.0782,1260,0,0
269.5760,5.0338,1249,0,0
269.6008,5.1225,1271,0,0
269.6256,5.0661,1257,0,0
269.6504,5.0862,1262,0,0
269.6752,5.0782,1260,0,0
269.7000,5.0943,1264,0,0
269.7248,5.0742,1259,0,0
269.7496,5.0983,1265,0,0
269.7744,5.0782,1260,0,0
269.7992,5.0822,1261,0,0
269.8240,5.0903,1263,0,0
269.8488,5.0943,1264,0,0
269.8736,5.0661,1257,0,0
269.8984,5.1024,1266,0,0
269.9232,5.0862,1262,0,0
269.9480,5.0943,1264,0,0
269.9728,5.0943,1264,0,0
269.9976,5.0983,1265,0,0
270.0224,5.0903,1263,0,0
270.0472,5.0983,1265,0,0
270.0720,5.0782,1260,0,0
270.0968,5.0943,1264,0,0
270.1216,5.0862,1262,0,0
270.1464,5.0943,1264,0,0
270.1712,5.0943,1264,0,0
270.1960,5.0782,1260,0,0
270.2208,5.0943,1264,0,0
270.2456,5.0943,1264,0,0
270.2704,5.0943,1264,0,0
270.2952,5.0862,1262,0,0
270.3200,5.0782,1260,0,0
270.3448,5.0983,1265,0,0
270.3697,5.0782,1260,0,0
270.3944,5.0943,1264,0,0
270.4193,5.0419,1251,0,0
270.4441,5.0742,1259,0,0
270.4688,5.0661,1257,0,0
270.4937,5.0903,1263,0,0
270.5185,5.0782,1260,0,0
270.5433,5.0862,1262,0,0
270.5681,5.0943,1264,0,0
270.5929,5.0943,1264,0,0
270.6177,5.0782,1260,0,0
270.6425,5.0742,1259,0,0
270.6673,5.0701,1258,0,0
270.6921,5.0903,1263,0,0
270.7169,5.0943,1264,0,0
270.7417,5.0822,1261,0,0
270.7665,5.0943,1264,0,0
270.7913,5.0983,1265,0,0
270.8161,5.0782,1260,0,0
270.8409,5.0903,1263,0,0
270.8657,5.0822,1261,0,0
270.8905,5.0943,1264,0,0
270.9153,5.0822,1261,0,0
270.9401,5.0983,1265,0,0
270.9649,5.0983,1265,0,0
270.9897,5.0943,1264,0,0
271.0145,5.0983,1265,0,0
271.0393,5.0782,1260,0,0
271.0641,5.0500,1253,0,0
271.0889,5.0903,1263,0,0
271.1137,5.0822,1261,0,0
271.1385,5.0862,1262,0,0
271.1633,5.0943,1264,0,0
271.1881,5.0983,1265,0,0
271.2129,5.1265,1272,0,0
271.2377,5.0822,1261,0,0
271.2625,5.1064,1267,0,0
271.2873,5.0782,1260,0,0
271.3121,5.0822,1261,0,0
271.3369,5.0500,1253,0,0
271.3617,5.0943,1264,0,0
271.3865,5.0983,1265,0,0
271.4113,5.0742,1259,0,0
271.4362,5.0983,1265,0,0
271.4609,5.0822,1261,0,0
271.4857,5.0943,1264,0,0
271.5106,5.0943,1264,0,0
271.5353,5.0983,1265,0,0
271.5602,5.0540,1254,0,0
271.5850,5.0903,1263,0,0
271.6098,5.1104,1268,0,0
271.6346,5.0742,1259,0,0
271.6594,5.0379,1250,0,0
271.6842,5.0862,1262,0,0
271.7090,5.0782,1260,0,0
271.7338,5.0742,1259,0,0
271.7586,5.1064,1267,0,0
271.7834,5.0983,1265,0,0
271.8082,5.0379,1250,0,0
271.8330,5.0782,1260,0,0
271.8578,5.0661,1257,0,0
271.8826,5.0782,1260,0,0
271.9074,5.0943,1264,0,0
271.9322,5.0862,1262,0,0
271.9570,5.0943,1264,0,0
271.9818,5.0661,1257,0,0
272.0066,5.1024,1266,0,0
272.0314,5.0742,1259,0,0
272.0562,5.0742,1259,0,0
272.0810,5.0943,1264,0,0
272.1058,5.0862,1262,0,0
272.1306,5.0661,1257,0,0
272.1554,5.0943,1264,0,0
272.1802,5.0661,1257,0,0
272.2050,5.0782,1260,0,0
272.2298,5.0742,1259,0,0
272.2546,5.0782,1260,0,0
272.2794,5.0943,1264,0,0
272.3042,5.0862,1262,0,0
272.3290,5.0782,1260,0,0
272.3538,5.0943,1264,0,0
272.3786,5.0903,1263,0,0
272.4034,5.0661,1257,0,0
272.4282,5.0983,1265,0,0
272.4530,5.1064,1267,0,0
272.4778,5.0822,1261,0,0
272.5027,5.0943,1264,0,0
272.5274,5.0701,1258,0,0
272.5522,5.1064,1267,0,0
272.5771,5.0782,1260,0,0
272.6018,5.0338,1249,0,0
272.6266,5.0862,1262,0,0
272.6515,5.0742,1259,0,0
272.6763,5.0983,1265,0,0
272.7010,5.0943,1264,0,0
272.7259,5.0862,1262,0,0
272.7507,5.1225,1271,0,0
272.7755,5.1024,1266,0,0
272.8003,5.0943,1264,0,0
272.8251,5.1225,1271,0,0
272.8499,5.0862,1262,0,0
272.8747,5.0822,1261,0,0
272.8995,5.0822,1261,0,0
272.9243,5.0983,1265,0,0
272.9491,5.0661,1257,0,0
272.9739,5.0500,1253,0,0
272.9987,5.0379,1250,0,0
273.0235,5.0782,1260,0,0
273.0483,5.0862,1262,0,0
273.0731,5.0782,1260,0,0
273.0979,5.0782,1260,0,0
273.1227,5.0742,1259,0,0
273.1475,5.0822,1261,0,0
273.1723,5.1064,1267,0,0
273.1971,5.1064,1267,0,0
273.2219,5.1265,1272,0,0
273.2467,5.0983,1265,0,0
273.2715,5.0943,1264,0,0
273.2963,5.0742,1259,0,0
273.3211,5.0983,1265,0,0
273.3459,5.0943,1264,0,0
273.3707,5.1225,1271,0,0
273.3955,5.0742,1259,0,0
273.4203,5.1265,1272,0,0
273.4451,5.0782,1260,0,0
273.4699,5.0701,1258,0,0
273.4947,5.0903,1263,0,0
273.5195,5.0943,1264,0,0
273.5443,5.0218,1246,0,0
273.5692,5.0742,1259,0,0
273.5939,5.0862,1262,0,0
273.6187,5.0983,1265,0,0
273.6436,5.0379,1250,0,0
273.6683,5.0661,1257,0,0
273.6931,5.0862,1262,0,0
273.7180,5.0943,1264,0,0
273.7428,5.0822,1261,0,0
273.7675,5.0782,1260,0,0
273.7924,5.0943,1264,0,0
273.8172,5.0983,1265,0,0
273.8420,5.0782,1260,0,0
273.8668,5.0983,1265,0,0
273.8916,5.0661,1257,0,0
273.9164,5.0983,1265,0,0
273.9412,5.0943,1264,0,0
273.9660,5.0943,1264,0,0
273.9908,5.1064,1267,0,0
274.0156,5.0782,1260,0,0
274.0404,5.0862,1262,0,0
274.0652,5.1265,1272,0,0
274.0900,5.0943,1264,0,0
274.1148,5.0782,1260,0,0
274.1396,5.0338,1249,0,0
274.1644,5.0742,1259,0,0
274.1892,5.0862,1262,0,0
274.2140,5.1064,1267,0,0
274.2388,5.0782,1260,0,0
274.2636,5.0983,1265,0,0
274.2884,5.0661,1257,0,0
274.3132,5.1346,1274,0,0
274.3380,5.1265,1272,0,0
274.3628,5.0983,1265,0,0
274.3876,5.0822,1261,0,0
274.4124,5.0983,1265,0,0
274.4372,5.1024,1266,0,0
274.4620,5.0500,1253,0,0
274.4868,5.0782,1260,0,0
274.5116,5.1104,1268,0,0
274.5364,5.0822,1261,0,0
274.5612,5.0822,1261,0,0
274.5860,5.0822,1261,0,0
274.6108,5.0782,1260,0,0
274.6357,5.0983,1265,0,0
274.6604,5.0742,1259,0,0
274.6852,5.0943,1264,0,0
274.7101,5.0943,1264,0,0
274.7349,5.0862,1262,0,0
274.7596,5.0903,1263,0,0
274.7845,5.0983,1265,0,0
274.8093,5.0661,1257,0,0
274.8340,5.0379,1250,0,0
274.8589,5.0903,1263,0,0
274.8837,5.0782,1260,0,0
274.9085,5.0742,1259,0,0
274.9333,5.0943,1264,0,0
274.9581,5.0903,1263,0,0
274.9829,5.0943,1264,0,0
275.0077,5.1064,1267,0,0
275.0325,5.0903,1263,0,0
275.0573,5.0862,1262,0,0
275.0821,5.0862,1262,0,0
275.1069,5.0903,1263,0,0
275.1317,5.0983,1265,0,0
275.1565,5.1064,1267,0,0
275.1813,5.0782,1260,0,0
275.2061,5.1104,1268,0,0
275.2309,5.0983,1265,0,0
275.2557,5.0903,1263,0,0
275.2805,5.0742,1259,0,0
275.3053,5.0943,1264,0,0
275.3301,5.0983,1265,0,0
275.3549,5.1104,1268,0,0
275.3797,5.0701,1258,0,0
275.4045,5.0742,1259,0,0
275.4293,5.0661,1257,0,0
275.4541,5.0742,1259,0,0
275.4789,5.0862,1262,0,0
275.5037,5.0983,1265,0,0
275.5285,5.0661,1257,0,0
275.5533,5.0943,1264,0,0
275.5781,5.0782,1260,0,0
275.6029,5.1104,1268,0,0
275.6277,5.0983,1265,0,0
275.6525,5.0338,1249,0,0
275.6773,5.0661,1257,0,0
275.7021,5.0943,1264,0,0
275.7269,5.1024,1266,0,0
275.7517,5.0419,1251,0,0
275.7766,5.1145,1269,0,0
275.8014,5.0862,1262,0,0
275.8261,5.1064,1267,0,0
275.8510,5.0782,1260,0,0
275.8758,5.0661,1257,0,0
275.9005,5.0903,1263,0,0
275.9254,5.0862,1262,0,0
275.9502,5.0862,1262,0,0
275.9750,5.1225,1271,0,0
275.9998,5.0742,1259,0,0
276.0246,5.0822,1261,0,0
276.0494,5.1104,1268,0,0
276.0742,5.0943,1264,0,0
276.0990,5.0782,1260,0,0
276.1238,5.1024,1266,0,0
276.1486,5.1145,1269,0,0
276.1734,5.0661,1257,0,0
276.1982,5.0943,1264,0,0
276.2230,5.0943,1264,0,0
276.2478,5.0983,1265,0,0
276.2726,5.0983,1265,0,0
276.2974,5.1024,1266,0,0
276.3222,5.1225,1271,0,0
276.3470,5.0862,1262,0,0
276.3718,5.0943,1264,0,0
276.3966,5.0943,1264,0,0
276.4214,5.0742,1259,0,0
276.4462,5.0742,1259,0,0
276.4710,5.0943,1264,0,0
276.4958,5.0782,1260,0,0
276.5206,5.0782,1260,0,0
276.5454,5.0742,1259,0,0
276.5702,5.0862,1262,0,0
276.5950,5.0742,1259,0,0
276.6198,5.0742,1259,0,0
276.6446,5.1346,1274,0,0
276.6694,5.0782,1260,0,0
276.6942,5.0782,1260,0,0
276.7190,5.0943,1264,0,0
276.7438,5.0822,1261,0,0
276.7686,5.0983,1265,0,0
276.7934,5.0661,1257,0,0
276.8182,5.0742,1259,0,0
276.8430,5.0983,1265,0,0
276.8679,5.0782,1260,0,0
276.8926,5.0822,1261,0,0
276.9174,5.0177,1245,0,0
276.9423,5.1024,1266,0,0
276.9670,5.1104,1268,0,0
276.9919,5.1064,1267,0,0
277.0167,5.0742,1259,0,0
277.0415,5.1024,1266,0,0
277.0663,5.0943,1264,0,0
277.0911,5.1064,1267,0,0
277.1159,5.0782,1260,0,0
277.1407,5.1024,1266,0,0
277.1655,5.1225,1271,0,0
277.1903,5.1024,1266,0,0
277.2151,5.0782,1260,0,0
277.2399,5.0742,1259,0,0
277.2647,5.0782,1260,0,0
277.2895,5.0822,1261,0,0
277.3143,5.0782,1260,0,0
277.3391,5.1024,1266,0,0
277.3639,5.0903,1263,0,0
277.3887,5.0943,1264,0,0
277.4135,5.0943,1264,0,0
277.4383,5.0782,1260,0,0
277.4631,5.0943,1264,0,0
277.4879,5.0903,1263,0,0
277.5127,5.0661,1257,0,0
277.5375,5.1507,1278,0,0
277.5623,5.0742,1259,0,0
277.5871,5.1225,1271,0,0
277.6119,5.0903,1263,0,0
277.6367,5.0943,1264,0,0
277.6615,5.0862,1262,0,0
277.6863,5.0782,1260,0,0
277.7111,5.0862,1262,0,0
277.7359,5.1064,1267,0,0
277.7607,5.0742,1259,0,0
277.7855,5.0782,1260,0,0
277.8103,5.0782,1260,0,0
277.8351,5.0742,1259,0,0
277.8599,5.0661,1257,0,0
277.8847,5.0782,1260,0,0
277.9095,5.0742,1259,0,0
277.9344,5.1064,1267,0,0
277.9591,5.1064,1267,0,0
277.9839,5.0983,1265,0,0
278.0088,5.0782,1260,0,0
278.0335,5.0782,1260,0,0
278.0583,5.0903,1263,0,0
278.0832,5.1024,1266,0,0
278.1080,5.0862,1262,0,0
278.1328,5.0862,1262,0,0
278.1576,5.0983,1265,0,0
278.1824,5.0943,1264,0,0
278.2072,5.0862,1262,0,0
278.2320,5.0943,1264,0,0
278.2568,5.0379,1250,0,0
278.2816,5.0903,1263,0,0
278.3064,5.1024,1266,0,0
278.3312,5.0862,1262,0,0
278.3560,5.0862,1262,0,0
278.3808,5.0782,1260,0,0
278.4056,5.0903,1263,0,0
278.4304,5.0983,1265,0,0
278.4552,5.0862,1262,0,0
278.4800,5.0943,1264,0,0
278.5048,5.0742,1259,0,0
278.5296,5.0943,1264,0,0
278.5544,5.0782,1260,0,0
278.5792,5.0742,1259,0,0
278.6040,5.0862,1262,0,0
278.6288,5.0862,1262,0,0
278.6536,5.0379,1250,0,0
278.6784,5.0742,1259,0,0
278.7032,5.0943,1264,0,0
278.7280,5.0661,1257,0,0
278.7528,5.1265,1272,0,0
278.7776,5.0943,1264,0,0
278.8024,5.0822,1261,0,0
278.8272,5.0983,1265,0,0
278.8520,5.0782,1260,0,0
278.8768,5.0782,1260,0,0
278.9016,5.0983,1265,0,0
278.9264,5.0903,1263,0,0
278.9512,5.0500,1253,0,0
278.9760,5.1265,1272,0,0
279.0009,5.0822,1261,0,0
279.0256,5.0983,1265,0,0
279.0504,5.0862,1262,0,0
279.0753,5.0742,1259,0,0
279.1000,5.0943,1264,0,0
279.1248,5.0862,1262,0,0
279.1497,5.0983,1265,0,0
279.1745,5.0983,1265,0,0
279.1992,5.0742,1259,0,0
279.2241,5.0983,1265,0,0
279.2489,5.0862,1262,0,0
279.2737,5.0943,1264,0,0
279.2985,5.0782,1260,0,0
279.3233,5.1064,1267,0,0
279.3481,5.0782,1260,0,0
279.3729,5.1064,1267,0,0
279.3977,5.0742,1259,0,0
279.4225,5.0943,1264,0,0
279.4473,5.1145,1269,0,0
279.4721,5.0782,1260,0,0
279.4969,5.0983,1265,0,0
279.5217,5.0983,1265,0,0
279.5465,5.0983,1265,0,0
279.5713,5.0983,1265,0,0
279.5961,5.0862,1262,0,0
279.6209,5.0943,1264,0,0
279.6457,5.0862,1262,0,0
279.6705,5.0822,1261,0,0
279.6953,5.0742,1259,0,0
279.7201,5.0903,1263,0,0
279.7449,5.0862,1262,0,0
279.7697,5.1265,1272,0,0
279.7945,5.0983,1265,0,0
279.8193,5.0943,1264,0,0
279.8441,5.0943,1264,0,0
279.8689,5.0580,1255,0,0
279.8937,5.0742,1259,0,0
279.9185,5.0862,1262,0,0
279.9433,5.0943,1264,0,0
279.9681,5.0862,1262,0,0
279.9929,5.0822,1261,0,0
280.0177,5.0742,1259,0,0
280.0425,5.1064,1267,0,0
280.0674,5.0943,1264,0,0
280.0921,5.0943,1264,0,0
280.1169,5.0943,1264,0,0
280.1418,5.1024,1266,0,0
280.1665,5.0983,1265,0,0
280.1913,5.1064,1267,0,0
280.2162,5.0943,1264,0,0
280.2410,5.0943,1264,0,0
280.2657,5.0943,1264,0,0
280.2906,5.0903,1263,0,0
280.3154,5.0782,1260,0,0
280.3401,5.0822,1261,0,0
280.3650,5.0742,1259,0,0
280.3898,5.0782,1260,0,0
280.4146,5.0782,1260,0,0
280.4394,5.0822,1261,0,0
280.4642,5.0661,1257,0,0
280.4890,5.0943,1264,0,0
280.5138,5.0782,1260,0,0
280.5386,5.0943,1264,0,0
280.5634,5.0943,1264,0,0
280.5882,5.0983,1265,0,0
280.6130,5.0782,1260,0,0
280.6378,5.0379,1250,0,0
280.6626,5.0822,1261,0,0
280.6874,5.0862,1262,0,0
280.7122,5.0943,1264,0,0
280.7370,5.0943,1264,0,0
280.7618,5.0782,1260,0,0
280.7866,5.0943,1264,0,0
280.8114,5.0862,1262,0,0
280.8362,5.0983,1265,0,0
280.8610,5.0862,1262,0,0
280.8858,5.0742,1259,0,0
280.9106,5.1225,1271,0,0
280.9354,5.0782,1260,0,0
280.9602,5.0661,1257,0,0
280.9850,5.0782,1260,0,0
281.0098,5.0742,1259,0,0
281.0346,5.0661,1257,0,0
281.0594,5.0338,1249,0,0
281.0842,5.0661,1257,0,0
281.1090,5.0782,1260,0,0
281.1339,5.0862,1262,0,0
281.1586,5.0822,1261,0,0
281.1834,5.0500,1253,0,0
281.2083,5.0943,1264,0,0
281.2330,5.0782,1260,0,0
281.2578,5.0419,1251,0,0
281.2827,5.1024,1266,0,0
281.3075,5.0701,1258,0,0
281.3322,5.0782,1260,0,0
281.3571,5.0742,1259,0,0
281.3819,5.1104,1268,0,0
281.4066,5.0862,1262,0,0
281.4315,5.1064,1267,0,0
281.4563,5.0822,1261,0,0
281.4811,5.0862,1262,0,0
281.5059,5.0983,1265,0,0
281.5307,5.0661,1257,0,0
281.5555,5.1104,1268,0,0
281.5803,5.0983,1265,0,0
281.6051,5.0782,1260,0,0
281.6299,5.1346,1274,0,0
281.6547,5.0983,1265,0,0
281.6795,5.0742,1259,0,0
281.7043,5.0862,1262,0,0
281.7291,5.0742,1259,0,0
281.7539,5.0661,1257,0,0
281.7787,5.0862,1262,0,0
281.8035,5.0782,1260,0,0
281.8283,5.1064,1267,0,0
281.8531,5.0862,1262,0,0
281.8779,5.0983,1265,0,0
281.9027,5.0782,1260,0,0
281.9275,5.1024,1266,0,0
281.9523,5.1024,1266,0,0
281.9771,5.0782,1260,0,0
282.0019,5.0943,1264,0,0
282.0267,5.1225,1271,0,0
282.0515,5.0500,1253,0,0
282.0763,5.0822,1261,0,0
282.1011,5.0983,1265,0,0
282.1259,5.0500,1253,0,0
282.1507,5.0862,1262,0,0
282.1755,5.0943,1264,0,0
282.2003,5.0862,1262,0,0
282.2251,5.0862,1262,0,0
282.2499,5.0742,1259,0,0
282.2747,5.0983,1265,0,0
282.2995,5.0742,1259,0,0
282.3243,5.0903,1263,0,0
282.3492,5.0862,1262,0,0
282.3740,5.1104,1268,0,0
282.3987,5.0742,1259,0,0
282.4236,5.0943,1264,0,0
282.4484,5.0742,1259,0,0
282.4731,5.0701,1258,0,0
282.4980,5.0742,1259,0,0
282.5228,5.0943,1264,0,0
282.5476,5.1104,1268,0,0
282.5724,5.0661,1257,0,0
282.5972,5.0742,1259,0,0
282.6220,5.0862,1262,0,0
282.6468,5.0822,1261,0,0
282.6716,5.0983,1265,0,0
282.6964,5.0943,1264,0,0
282.7212,5.1104,1268,0,0
282.7460,5.0822,1261,0,0
282.7708,5.1225,1271,0,0
282.7956,5.0822,1261,0,0
282.8204,5.0943,1264,0,0
282.8452,5.0822,1261,0,0
282.8700,5.0983,1265,0,0
282.8948,5.0943,1264,0,0
282.9196,5.0782,1260,0,0
282.9444,5.0742,1259,0,0
282.9692,5.0862,1262,0,0
282.9940,5.0903,1263,0,0
283.0188,5.0943,1264,0,0
283.0436,5.1064,1267,0,0
283.0684,5.1024,1266,0,0
283.0932,5.0822,1261,0,0
283.1180,5.1225,1271,0,0
283.1428,5.0782,1260,0,0
283.1676,5.0862,1262,0,0
283.1924,5.0782,1260,0,0
283.2172,5.0822,1261,0,0
283.2420,5.0338,1249,0,0
283.2668,5.1024,1266,0,0
283.2916,5.1265,1272,0,0
283.3164,5.0782,1260,0,0
283.3412,5.0903,1263,0,0
283.3660,5.0782,1260,0,0
283.3908,5.1024,1266,0,0
283.4156,5.0943,1264,0,0
283.4405,5.0822,1261,0,0
283.4652,5.0701,1258,0,0
283.4901,5.0983,1265,0,0
283.5149,5.0983,1265,0,0
283.5396,5.0943,1264,0,0
283.5645,5.0943,1264,0,0
283.5893,5.0943,1264,0,0
283.6141,5.1145,1269,0,0
283.6389,5.0782,1260,0,0
283.6637,5.0822,1261,0,0
283.6885,5.0782,1260,0,0
283.7133,5.0862,1262,0,0
283.7381,5.0862,1262,0,0
283.7629,5.0862,1262,0,0
283.7877,5.0822,1261,0,0
283.8125,5.0822,1261,0,0
283.8373,5.0540,1254,0,0
283.8621,5.1024,1266,0,0
283.8869,5.0983,1265,0,0
283.9117,5.0782,1260,0,0
283.9365,5.0742,1259,0,0
283.9613,5.0782,1260,0,0
283.9861,5.0822,1261,0,0
284.0109,5.0782,1260,0,0
284.0357,5.0943,1264,0,0
284.0605,5.0862,1262,0,0
284.0853,5.1225,1271,0,0
284.1101,5.0862,1262,0,0
284.1349,5.1024,1266,0,0
284.1597,5.0943,1264,0,0
284.1845,5.0782,1260,0,0
284.2093,5.0782,1260,0,0
284.2341,5.0862,1262,0,0
284.2589,5.0782,1260,0,0
284.2837,5.0862,1262,0,0
284.3085,5.0943,1264,0,0
284.3333,5.0742,1259,0,0
284.3581,5.0943,1264,0,0
284.3829,5.1024,1266,0,0
284.4077,5.1064,1267,0,0
284.4325,5.0943,1264,0,0
284.4573,5.0782,1260,0,0
284.4821,5.0943,1264,0,0
284.5070,5.0983,1265,0,0
284.5317,5.0943,1264,0,0
284.5565,5.0983,1265,0,0
284.5814,5.0943,1264,0,0
284.6061,5.1225,1271,0,0
284.6310,5.1104,1268,0,0
284.6558,5.0903,1263,0,0
284.6806,5.0782,1260,0,0
284.7054,5.0943,1264,0,0
284.7302,5.0822,1261,0,0
284.7550,5.0862,1262,0,0
284.7798,5.0983,1265,0,0
284.8046,5.0822,1261,0,0
284.8294,5.1225,1271,0,0
284.8542,5.0862,1262,0,0
284.8790,5.1145,1269,0,0
284.9038,5.0862,1262,0,0
284.9286,5.0862,1262,0,0
284.9534,5.0943,1264,0,0
284.9782,5.0742,1259,0,0
285.0030,5.0943,1264,0,0
285.0278,5.0862,1262,0,0
285.0526,5.0056,1242,0,0
285.0774,5.0943,1264,0,0
285.1022,5.0782,1260,0,0
285.1270,5.1064,1267,0,0
285.1518,5.0540,1254,0,0
285.1766,5.0983,1265,0,0
285.2014,5.1024,1266,0,0
285.2262,5.0782,1260,0,0
285.2510,5.1064,1267,0,0
285.2758,5.0661,1257,0,0
285.3006,5.0742,1259,0,0
285.3254,5.0742,1259,0,0
285.3502,5.0379,1250,0,0
285.3750,5.0822,1261,0,0
285.3998,5.0983,1265,0,0
285.4246,5.0742,1259,0,0
285.4494,5.0943,1264,0,0
285.4742,5.0943,1264,0,0
285.4990,5.0862,1262,0,0
285.5238,5.0903,1263,0,0
285.5486,5.0943,1264,0,0
285.5735,5.0943,1264,0,0
285.5982,5.0540,1254,0,0
285.6230,5.0903,1263,0,0
285.6479,5.0782,1260,0,0
285.6727,5.0862,1262,0,0
285.6974,5.0500,1253,0,0
