# fixture_id,F3FD7C
# firmware,net-bench-2026-08-06.4
# capture_id,8
# pulse_ms,20
# requested_conversion_hz,80000
# vsns_sample_hz,40318.762
# d7s_sample_hz,40318.762
# radio_quiet,true
t_ms,bank_v,vsns_mv,d7s_mv,gate_command
-10.3178,5.0782,1260,0,0
-10.2930,5.0540,1254,0,0
-10.2682,5.0943,1264,0,0
-10.2434,5.0943,1264,0,0
-10.2186,5.0661,1257,0,0
-10.1938,5.0782,1260,0,0
-10.1690,5.0661,1257,0,0
-10.1442,5.0862,1262,0,0
-10.1194,5.0862,1262,0,0
-10.0946,5.0742,1259,0,0
-10.0698,5.0782,1260,0,0
-10.0450,5.0500,1253,0,0
-10.0201,5.0943,1264,0,0
-9.9953,5.0943,1264,0,0
-9.9705,5.0822,1261,0,0
-9.9457,5.1024,1266,0,0
-9.9209,5.0983,1265,0,0
-9.8961,5.0701,1258,0,0
-9.8713,5.1024,1266,0,0
-9.8465,5.0742,1259,0,0
-9.8217,5.0661,1257,0,0
-9.7969,5.0782,1260,0,0
-9.7721,5.0943,1264,0,0
-9.7473,5.0943,1264,0,0
-9.7225,5.0983,1265,0,0
-9.6977,5.0943,1264,0,0
-9.6729,5.0782,1260,0,0
-9.6481,5.0862,1262,0,0
-9.6233,5.0661,1257,0,0
-9.5985,5.0943,1264,0,0
-9.5737,5.0822,1261,0,0
-9.5489,5.0983,1265,0,0
-9.5241,5.1265,1272,0,0
-9.4993,5.0782,1260,0,0
-9.4745,5.1064,1267,0,0
-9.4497,5.0983,1265,0,0
-9.4249,5.0943,1264,0,0
-9.4001,5.1104,1268,0,0
-9.3753,5.0782,1260,0,0
-9.3505,5.0822,1261,0,0
-9.3257,5.0822,1261,0,0
-9.3009,5.0862,1262,0,0
-9.2761,5.0943,1264,0,0
-9.2513,5.0862,1262,0,0
-9.2265,5.0379,1250,0,0
-9.2017,5.0983,1265,0,0
-9.1769,5.0943,1264,0,0
-9.1521,5.0943,1264,0,0
-9.1273,5.0862,1262,0,0
-9.1025,5.0983,1265,0,0
-9.0777,5.0943,1264,0,0
-9.0529,5.0822,1261,0,0
-9.0281,5.0862,1262,0,0
-9.0033,5.0983,1265,0,0
-8.9785,5.0862,1262,0,0
-8.9536,5.0862,1262,0,0
-8.9288,5.0943,1264,0,0
-8.9040,5.0540,1254,0,0
-8.8792,5.0943,1264,0,0
-8.8544,5.1024,1266,0,0
-8.8296,5.0742,1259,0,0
-8.8048,5.0943,1264,0,0
-8.7800,5.0862,1262,0,0
-8.7552,5.1064,1267,0,0
-8.7304,5.0782,1260,0,0
-8.7056,5.0701,1258,0,0
-8.6808,5.0903,1263,0,0
-8.6560,5.1064,1267,0,0
-8.6312,5.0782,1260,0,0
-8.6064,5.0943,1264,0,0
-8.5816,5.0379,1250,0,0
-8.5568,5.0701,1258,0,0
-8.5320,5.0822,1261,0,0
-8.5072,5.0782,1260,0,0
-8.4824,5.1225,1271,0,0
-8.4576,5.0742,1259,0,0
-8.4328,5.0338,1249,0,0
-8.4080,5.0822,1261,0,0
-8.3832,5.0742,1259,0,0
-8.3584,5.0862,1262,0,0
-8.3336,5.0943,1264,0,0
-8.3088,5.1104,1268,0,0
-8.2840,5.0661,1257,0,0
-8.2592,5.0742,1259,0,0
-8.2344,5.0782,1260,0,0
-8.2096,5.0862,1262,0,0
-8.1848,5.0742,1259,0,0
-8.1600,5.0943,1264,0,0
-8.1352,5.0943,1264,0,0
-8.1104,5.1024,1266,0,0
-8.0856,5.0943,1264,0,0
-8.0608,5.0742,1259,0,0
-8.0360,5.0822,1261,0,0
-8.0112,5.0983,1265,0,0
-7.9864,5.0943,1264,0,0
-7.9616,5.0701,1258,0,0
-7.9368,5.0822,1261,0,0
-7.9119,5.1024,1266,0,0
-7.8871,5.0742,1259,0,0
-7.8623,5.0862,1262,0,0
-7.8375,5.1064,1267,0,0
-7.8127,5.0862,1262,0,0
-7.7879,5.0742,1259,0,0
-7.7631,5.1104,1268,0,0
-7.7383,5.0661,1257,0,0
-7.7135,5.0903,1263,0,0
-7.6887,5.0943,1264,0,0
-7.6639,5.0822,1261,0,0
-7.6391,5.0661,1257,0,0
-7.6143,5.1225,1271,0,0
-7.5895,5.0983,1265,0,0
-7.5647,5.0822,1261,0,0
-7.5399,5.1265,1272,0,0
-7.5151,5.0661,1257,0,0
-7.4903,5.0782,1260,0,0
-7.4655,5.0782,1260,0,0
-7.4407,5.0983,1265,0,0
-7.4159,5.0903,1263,0,0
-7.3911,5.0782,1260,0,0
-7.3663,5.0742,1259,0,0
-7.3415,5.0782,1260,0,0
-7.3167,5.0983,1265,0,0
-7.2919,5.0862,1262,0,0
-7.2671,5.1225,1271,0,0
-7.2423,5.0661,1257,0,0
-7.2175,5.0983,1265,0,0
-7.1927,5.0862,1262,0,0
-7.1679,5.0742,1259,0,0
-7.1431,5.0943,1264,0,0
-7.1183,5.0862,1262,0,0
-7.0935,5.0903,1263,0,0
-7.0687,5.0943,1264,0,0
-7.0439,5.1024,1266,0,0
-7.0191,5.0782,1260,0,0
-6.9943,5.0983,1265,0,0
-6.9695,5.1064,1267,0,0
-6.9447,5.0903,1263,0,0
-6.9199,5.0862,1262,0,0
-6.8951,5.1306,1273,0,0
-6.8703,5.0782,1260,0,0
-6.8454,5.0903,1263,0,0
-6.8206,5.0983,1265,0,0
-6.7958,5.0782,1260,0,0
-6.7710,5.0742,1259,0,0
-6.7462,5.1265,1272,0,0
-6.7214,5.0983,1265,0,0
-6.6966,5.0782,1260,0,0
-6.6718,5.0943,1264,0,0
-6.6470,5.0862,1262,0,0
-6.6222,5.0500,1253,0,0
-6.5974,5.0661,1257,0,0
-6.5726,5.0782,1260,0,0
-6.5478,5.0782,1260,0,0
-6.5230,5.0943,1264,0,0
-6.4982,5.0862,1262,0,0
-6.4734,5.0822,1261,0,0
-6.4486,5.0862,1262,0,0
-6.4238,5.1024,1266,0,0
-6.3990,5.0822,1261,0,0
-6.3742,5.1064,1267,0,0
-6.3494,5.0742,1259,0,0
-6.3246,5.0822,1261,0,0
-6.2998,5.0862,1262,0,0
-6.2750,5.0862,1262,0,0
-6.2502,5.0742,1259,0,0
-6.2254,5.0983,1265,0,0
-6.2006,5.0782,1260,0,0
-6.1758,5.0782,1260,0,0
-6.1510,5.0943,1264,0,0
-6.1262,5.0782,1260,0,0
-6.1014,5.0822,1261,0,0
-6.0766,5.0419,1251,0,0
-6.0518,5.1064,1267,0,0
-6.0270,5.1265,1272,0,0
-6.0022,5.0782,1260,0,0
-5.9774,5.0862,1262,0,0
-5.9526,5.1024,1266,0,0
-5.9278,5.0862,1262,0,0
-5.9030,5.0742,1259,0,0
-5.8782,5.1225,1271,0,0
-5.8534,5.0943,1264,0,0
-5.8286,5.0943,1264,0,0
-5.8037,5.0943,1264,0,0
-5.7789,5.0782,1260,0,0
-5.7541,5.0943,1264,0,0
-5.7293,5.0782,1260,0,0
-5.7045,5.0661,1257,0,0
-5.6797,5.0500,1253,0,0
-5.6549,5.1064,1267,0,0
-5.6301,5.0983,1265,0,0
-5.6053,5.1265,1272,0,0
-5.5805,5.0862,1262,0,0
-5.5557,5.0983,1265,0,0
-5.5309,5.0862,1262,0,0
-5.5061,5.0862,1262,0,0
-5.4813,5.0822,1261,0,0
-5.4565,5.0742,1259,0,0
-5.4317,5.0862,1262,0,0
-5.4069,5.1064,1267,0,0
-5.3821,5.1064,1267,0,0
-5.3573,5.0742,1259,0,0
-5.3325,5.1225,1271,0,0
-5.3077,5.0742,1259,0,0
-5.2829,5.0943,1264,0,0
-5.2581,5.0782,1260,0,0
-5.2333,5.0983,1265,0,0
-5.2085,5.1064,1267,0,0
-5.1837,5.0782,1260,0,0
-5.1589,5.0862,1262,0,0
-5.1341,5.0661,1257,0,0
-5.1093,5.1265,1272,0,0
-5.0845,5.1306,1273,0,0
-5.0597,5.0540,1254,0,0
-5.0349,5.0742,1259,0,0
-5.0101,5.0943,1264,0,0
-4.9853,5.0903,1263,0,0
-4.9605,5.0943,1264,0,0
-4.9357,5.0782,1260,0,0
-4.9109,5.0943,1264,0,0
-4.8861,5.0862,1262,0,0
-4.8613,5.0862,1262,0,0
-4.8365,5.0943,1264,0,0
-4.8117,5.0862,1262,0,0
-4.7869,5.0862,1262,0,0
-4.7621,5.0862,1262,0,0
-4.7372,5.0943,1264,0,0
-4.7124,5.0298,1248,0,0
-4.6876,5.0983,1265,0,0
-4.6628,5.0943,1264,0,0
-4.6380,5.1064,1267,0,0
-4.6132,5.0943,1264,0,0
-4.5884,5.0419,1251,0,0
-4.5636,5.0701,1258,0,0
-4.5388,5.1225,1271,0,0
-4.5140,5.0943,1264,0,0
-4.4892,5.0742,1259,0,0
-4.4644,5.0701,1258,0,0
-4.4396,5.0782,1260,0,0
-4.4148,5.0701,1258,0,0
-4.3900,5.0943,1264,0,0
-4.3652,5.0822,1261,0,0
-4.3404,5.0983,1265,0,0
-4.3156,5.0661,1257,0,0
-4.2908,5.0943,1264,0,0
-4.2660,5.0943,1264,0,0
-4.2412,5.0782,1260,0,0
-4.2164,5.0782,1260,0,0
-4.1916,5.0862,1262,0,0
-4.1668,5.0782,1260,0,0
-4.1420,5.0862,1262,0,0
-4.1172,5.0943,1264,0,0
-4.0924,5.0742,1259,0,0
-4.0676,5.1225,1271,0,0
-4.0428,5.1225,1271,0,0
-4.0180,5.0862,1262,0,0
-3.9932,5.0782,1260,0,0
-3.9684,5.0742,1259,0,0
-3.9436,5.0742,1259,0,0
-3.9188,5.0661,1257,0,0
-3.8940,5.0943,1264,0,0
-3.8692,5.0379,1250,0,0
-3.8444,5.0661,1257,0,0
-3.8196,5.0903,1263,0,0
-3.7948,5.0943,1264,0,0
-3.7700,5.0782,1260,0,0
-3.7452,5.0983,1265,0,0
-3.7204,5.1064,1267,0,0
-3.6955,5.0742,1259,0,0
-3.6707,5.0983,1265,0,0
-3.6459,5.0822,1261,0,0
-3.6211,5.1225,1271,0,0
-3.5963,5.0862,1262,0,0
-3.5715,5.1024,1266,0,0
-3.5467,5.0742,1259,0,0
-3.5219,5.0943,1264,0,0
-3.4971,5.0943,1264,0,0
-3.4723,5.0943,1264,0,0
-3.4475,5.0742,1259,0,0
-3.4227,5.0862,1262,0,0
-3.3979,5.0943,1264,0,0
-3.3731,5.0943,1264,0,0
-3.3483,5.1225,1271,0,0
-3.3235,5.0862,1262,0,0
-3.2987,5.0661,1257,0,0
-3.2739,5.0943,1264,0,0
-3.2491,5.0943,1264,0,0
-3.2243,5.0782,1260,0,0
-3.1995,5.0379,1250,0,0
-3.1747,5.1145,1269,0,0
-3.1499,5.0338,1249,0,0
-3.1251,5.0943,1264,0,0
-3.1003,5.0862,1262,0,0
-3.0755,5.0782,1260,0,0
-3.0507,5.0782,1260,0,0
-3.0259,5.1225,1271,0,0
-3.0011,5.0862,1262,0,0
-2.9763,5.0782,1260,0,0
-2.9515,5.0862,1262,0,0
-2.9267,5.0943,1264,0,0
-2.9019,5.0701,1258,0,0
-2.8771,5.0742,1259,0,0
-2.8523,5.0943,1264,0,0
-2.8275,5.0782,1260,0,0
-2.8027,5.1104,1268,0,0
-2.7779,5.0983,1265,0,0
-2.7531,5.0943,1264,0,0
-2.7283,5.0540,1254,0,0
-2.7035,5.1104,1268,0,0
-2.6787,5.1104,1268,0,0
-2.6539,5.0782,1260,0,0
-2.6290,5.0943,1264,0,0
-2.6042,5.0943,1264,0,0
-2.5794,5.0782,1260,0,0
-2.5546,5.0782,1260,0,0
-2.5298,5.1427,1276,0,0
-2.5050,5.0862,1262,0,0
-2.4802,5.0742,1259,0,0
-2.4554,5.0742,1259,0,0
-2.4306,5.0862,1262,0,0
-2.4058,5.0782,1260,0,0
-2.3810,5.0701,1258,0,0
-2.3562,5.0943,1264,0,0
-2.3314,5.0782,1260,0,0
-2.3066,5.1024,1266,0,0
-2.2818,5.0862,1262,0,0
-2.2570,5.0903,1263,0,0
-2.2322,5.0943,1264,0,0
-2.2074,5.1427,1276,0,0
-2.1826,5.0742,1259,0,0
-2.1578,5.0782,1260,0,0
-2.1330,5.0943,1264,0,0
-2.1082,5.0862,1262,0,0
-2.0834,5.0862,1262,0,0
-2.0586,5.0862,1262,0,0
-2.0338,5.0782,1260,0,0
-2.0090,5.0742,1259,0,0
-1.9842,5.0419,1251,0,0
-1.9594,5.0903,1263,0,0
-1.9346,5.0419,1251,0,0
-1.9098,5.1104,1268,0,0
-1.8850,5.0943,1264,0,0
-1.8602,5.0782,1260,0,0
-1.8354,5.0782,1260,0,0
-1.8106,5.0943,1264,0,0
-1.7858,5.1064,1267,0,0
-1.7610,5.0742,1259,0,0
-1.7362,5.0943,1264,0,0
-1.7114,5.0943,1264,0,0
-1.6866,5.0822,1261,0,0
-1.6618,5.0742,1259,0,0
-1.6370,5.0862,1262,0,0
-1.6122,5.0822,1261,0,0
-1.5874,5.0943,1264,0,0
-1.5625,5.0701,1258,0,0
-1.5377,5.0903,1263,0,0
-1.5129,5.0782,1260,0,0
-1.4881,5.0983,1265,0,0
-1.4633,5.1024,1266,0,0
-1.4385,5.0742,1259,0,0
-1.4137,5.0903,1263,0,0
-1.3889,5.0983,1265,0,0
-1.3641,5.1064,1267,0,0
-1.3393,5.0862,1262,0,0
-1.3145,5.0943,1264,0,0
-1.2897,5.0742,1259,0,0
-1.2649,5.0782,1260,0,0
-1.2401,5.1104,1268,0,0
-1.2153,5.0782,1260,0,0
-1.1905,5.0822,1261,0,0
-1.1657,5.0782,1260,0,0
-1.1409,5.0983,1265,0,0
-1.1161,5.0862,1262,0,0
-1.0913,5.0742,1259,0,0
-1.0665,5.1024,1266,0,0
-1.0417,5.0742,1259,0,0
-1.0169,5.0943,1264,0,0
-0.9921,5.0983,1265,0,0
-0.9673,5.0862,1262,0,0
-0.9425,5.0500,1253,0,0
-0.9177,5.0943,1264,0,0
-0.8929,5.0661,1257,0,0
-0.8681,5.0742,1259,0,0
-0.8433,5.0500,1253,0,0
-0.8185,5.0943,1264,0,0
-0.7937,5.0983,1265,0,0
-0.7689,5.0379,1250,0,0
-0.7441,5.0983,1265,0,0
-0.7193,5.1024,1266,0,0
-0.6945,5.0782,1260,0,0
-0.6697,5.0862,1262,0,0
-0.6449,5.0822,1261,0,0
-0.6201,5.0862,1262,0,0
-0.5953,5.1064,1267,0,0
-0.5705,5.0782,1260,0,0
-0.5457,5.0782,1260,0,0
-0.5208,5.0983,1265,0,0
-0.4960,5.0419,1251,0,0
-0.4712,5.0862,1262,0,0
-0.4464,5.0782,1260,0,0
-0.4216,5.1265,1272,0,0
-0.3968,5.1064,1267,0,0
-0.3720,5.0742,1259,0,0
-0.3472,5.0822,1261,0,0
-0.3224,5.0822,1261,0,0
-0.2976,5.0742,1259,0,0
-0.2728,5.0862,1262,0,0
-0.2480,5.0943,1264,0,0
-0.2232,5.0782,1260,0,0
-0.1984,5.0782,1260,0,0
-0.1736,5.0862,1262,0,0
-0.1488,5.1507,1278,0,0
-0.1240,5.0661,1257,0,0
-0.0992,5.0943,1264,0,0
-0.0744,5.1306,1273,0,0
-0.0496,5.0540,1254,0,0
-0.0248,5.1064,1267,0,0
0.0000,5.0782,1260,0,1
0.0248,5.0943,1264,0,1
0.0496,5.0701,1258,3184,1
0.0744,5.0379,1250,3186,1
0.0992,5.0862,1262,3184,1
0.1240,5.0419,1251,3183,1
0.1488,5.1064,1267,3186,1
0.1736,5.0782,1260,3186,1
0.1984,5.0661,1257,3180,1
0.2232,5.1225,1271,3185,1
0.2480,5.1064,1267,3189,1
0.2728,5.0500,1253,3183,1
0.2976,5.0782,1260,3185,1
0.3224,5.0742,1259,3186,1
0.3472,5.1024,1266,3180,1
0.3720,5.0983,1265,3184,1
0.3968,5.1064,1267,3185,1
0.4216,5.0661,1257,3188,1
0.4464,5.0822,1261,3185,1
0.4712,5.1265,1272,3183,1
0.4960,5.0822,1261,3180,1
0.5208,5.0943,1264,3185,1
0.5457,5.0822,1261,3183,1
0.5705,5.0943,1264,3184,1
0.5953,5.0943,1264,3186,1
0.6201,5.0862,1262,3185,1
0.6449,5.0983,1265,3185,1
0.6697,5.0943,1264,3186,1
0.6945,5.0782,1260,3186,1
0.7193,5.0782,1260,3185,1
0.7441,5.0782,1260,3185,1
0.7689,5.0742,1259,3181,1
0.7937,5.0862,1262,3180,1
0.8185,5.0943,1264,3180,1
0.8433,5.0943,1264,3185,1
0.8681,5.0943,1264,3181,1
0.8929,5.0862,1262,3186,1
0.9177,5.0983,1265,3183,1
0.9425,5.0661,1257,3187,1
0.9673,5.1064,1267,3185,1
0.9921,5.0983,1265,3185,1
1.0169,5.0862,1262,3186,1
1.0417,5.0943,1264,3186,1
1.0665,5.0983,1265,3189,1
1.0913,5.0943,1264,3183,1
1.1161,5.0903,1263,3185,1
1.1409,5.1024,1266,3186,1
1.1657,5.1225,1271,3183,1
1.1905,5.0742,1259,3186,1
1.2153,5.0903,1263,3185,1
1.2401,5.1306,1273,3186,1
1.2649,5.1024,1266,3185,1
1.2897,5.0862,1262,3186,1
1.3145,5.1064,1267,3186,1
1.3393,5.1225,1271,3185,1
1.3641,5.0782,1260,3185,1
1.3889,5.1265,1272,3187,1
1.4137,5.1024,1266,3184,1
1.4385,5.0983,1265,3183,1
1.4633,5.0943,1264,3184,1
1.4881,5.0943,1264,3186,1
1.5129,5.0943,1264,3185,1
1.5377,5.0782,1260,3187,1
1.5625,5.1104,1268,3186,1
1.5874,5.1064,1267,3181,1
1.6122,5.0580,1255,3186,1
1.6370,5.1265,1272,3184,1
1.6618,5.1064,1267,3180,1
1.6866,5.0903,1263,3187,1
1.7114,5.0782,1260,3185,1
1.7362,5.1225,1271,3187,1
1.7610,5.1225,1271,3185,1
1.7858,5.1225,1271,3185,1
1.8106,5.0862,1262,3186,1
1.8354,5.0943,1264,3183,1
1.8602,5.0782,1260,3183,1
1.8850,5.0742,1259,3185,1
1.9098,5.1225,1271,3185,1
1.9346,5.0862,1262,3185,1
1.9594,5.0742,1259,3184,1
1.9842,5.1265,1272,3184,1
2.0090,5.0943,1264,3185,1
2.0338,5.0862,1262,3185,1
2.0586,5.0862,1262,3185,1
2.0834,5.0943,1264,3185,1
2.1082,5.0943,1264,3189,1
2.1330,5.0943,1264,3189,1
2.1578,5.1064,1267,3189,1
2.1826,5.0943,1264,3185,1
2.2074,5.0822,1261,3186,1
2.2322,5.0983,1265,3183,1
2.2570,5.0822,1261,3186,1
2.2818,5.0661,1257,3185,1
2.3066,5.1225,1271,3186,1
2.3314,5.0943,1264,3184,1
2.3562,5.0983,1265,3189,1
2.3810,5.0943,1264,3178,1
2.4058,5.1145,1269,3185,1
2.4306,5.0943,1264,3185,1
2.4554,5.0500,1253,3186,1
2.4802,5.0943,1264,3183,1
2.5050,5.1104,1268,3186,1
2.5298,5.0943,1264,3185,1
2.5546,5.0742,1259,3184,1
2.5794,5.0943,1264,3186,1
2.6042,5.0983,1265,3184,1
2.6290,5.0943,1264,3186,1
2.6539,5.1225,1271,3185,1
2.6787,5.0822,1261,3185,1
2.7035,5.0701,1258,3186,1
2.7283,5.0943,1264,3189,1
2.7531,5.0782,1260,3185,1
2.7779,5.0862,1262,3184,1
2.8027,5.0822,1261,3186,1
2.8275,5.0983,1265,3183,1
2.8523,5.0742,1259,3189,1
2.8771,5.0822,1261,3186,1
2.9019,5.1265,1272,3186,1
2.9267,5.0983,1265,3186,1
2.9515,5.0782,1260,3187,1
2.9763,5.0862,1262,3185,1
3.0011,5.0983,1265,3186,1
3.0259,5.0661,1257,3185,1
3.0507,5.0862,1262,3189,1
3.0755,5.0862,1262,3189,1
3.1003,5.0540,1254,3187,1
3.1251,5.1265,1272,3182,1
3.1499,5.1064,1267,3189,1
3.1747,5.0782,1260,3180,1
3.1995,5.0782,1260,3185,1
3.2243,5.1104,1268,3186,1
3.2491,5.0701,1258,3185,1
3.2739,5.0822,1261,3182,1
3.2987,5.0782,1260,3184,1
3.3235,5.0862,1262,3189,1
3.3483,5.0822,1261,3185,1
3.3731,5.0742,1259,3186,1
3.3979,5.0943,1264,3186,1
3.4227,5.0742,1259,3186,1
3.4475,5.0862,1262,3185,1
3.4723,5.0983,1265,3184,1
3.4971,5.1225,1271,3183,1
3.5219,5.0943,1264,3185,1
3.5467,5.0862,1262,3186,1
3.5715,5.0742,1259,3189,1
3.5963,5.0822,1261,3185,1
3.6211,5.0943,1264,3184,1
3.6459,5.0862,1262,3186,1
3.6707,5.0983,1265,3185,1
3.6955,5.0782,1260,3186,1
3.7204,5.0943,1264,3186,1
3.7452,5.1064,1267,3185,1
3.7700,5.0742,1259,3181,1
3.7948,5.1265,1272,3185,1
3.8196,5.0983,1265,3185,1
3.8444,5.0983,1265,3187,1
3.8692,5.0379,1250,3186,1
3.8940,5.1064,1267,3187,1
3.9188,5.0782,1260,3186,1
3.9436,5.0782,1260,3189,1
3.9684,5.0822,1261,3180,1
3.9932,5.0782,1260,3185,1
4.0180,5.0983,1265,3185,1
4.0428,5.0983,1265,3187,1
4.0676,5.0983,1265,3187,1
4.0924,5.0742,1259,3187,1
4.1172,5.0983,1265,3185,1
4.1420,5.0822,1261,3185,1
4.1668,5.0742,1259,3185,1
4.1916,5.0862,1262,3186,1
4.2164,5.0903,1263,3181,1
4.2412,5.0943,1264,3189,1
4.2660,5.0782,1260,3185,1
4.2908,5.0943,1264,3186,1
4.3156,5.0822,1261,3185,1
4.3404,5.0862,1262,3189,1
4.3652,5.0943,1264,3189,1
4.3900,5.1064,1267,3180,1
4.4148,5.0782,1260,3184,1
4.4396,5.0983,1265,3184,1
4.4644,5.0943,1264,3186,1
4.4892,5.0862,1262,3184,1
4.5140,5.0742,1259,3186,1
4.5388,5.0822,1261,3186,1
4.5636,5.0862,1262,3186,1
4.5884,5.0540,1254,3185,1
4.6132,5.1588,1280,3186,1
4.6380,5.0338,1249,3186,1
4.6628,5.0338,1249,3185,1
4.6876,5.0943,1264,3185,1
4.7124,5.0822,1261,3189,1
4.7372,5.0943,1264,3185,1
4.7621,5.0782,1260,3180,1
4.7869,5.0419,1251,3183,1
4.8117,5.0742,1259,3185,1
4.8365,5.0782,1260,3189,1
4.8613,5.0862,1262,3186,1
4.8861,5.0701,1258,3185,1
4.9109,5.0742,1259,3189,1
4.9357,5.1064,1267,3185,1
4.9605,5.0742,1259,3185,1
4.9853,5.0782,1260,3185,1
5.0101,5.0661,1257,3185,1
5.0349,5.0661,1257,3184,1
5.0597,5.0500,1253,3189,1
5.0845,5.0742,1259,3185,1
5.1093,5.0742,1259,3180,1
5.1341,5.0701,1258,3184,1
5.1589,5.0661,1257,3185,1
5.1837,5.0983,1265,3185,1
5.2085,5.0500,1253,3187,1
5.2333,5.0218,1246,3186,1
5.2581,5.0862,1262,3184,1
5.2829,5.0822,1261,3187,1
5.3077,5.0419,1251,3185,1
5.3325,5.0661,1257,3187,1
5.3573,5.0782,1260,3185,1
5.3821,5.0661,1257,3183,1
5.4069,5.0782,1260,3189,1
5.4317,5.0742,1259,3185,1
5.4565,5.0338,1249,3185,1
5.4813,5.0782,1260,3187,1
5.5061,5.0782,1260,3185,1
5.5309,5.0379,1250,3186,1
5.5557,5.0742,1259,3180,1
5.5805,5.0379,1250,3189,1
5.6053,5.0943,1264,3185,1
5.6301,5.0742,1259,3189,1
5.6549,5.0540,1254,3189,1
5.6797,5.1064,1267,3184,1
5.7045,5.0742,1259,3189,1
5.7293,5.0742,1259,3189,1
5.7541,5.0983,1265,3185,1
5.7789,5.0500,1253,3184,1
5.8037,5.0500,1253,3185,1
5.8286,5.0661,1257,3185,1
5.8534,5.0742,1259,3189,1
5.8782,5.0540,1254,3184,1
5.9030,5.0782,1260,3185,1
5.9278,5.0742,1259,3185,1
5.9526,5.0419,1251,3185,1
5.9774,5.0379,1250,3185,1
6.0022,5.0661,1257,3186,1
6.0270,5.0419,1251,3185,1
6.0518,5.0419,1251,3186,1
6.0766,5.0500,1253,3185,1
6.1014,5.0419,1251,3185,1
6.1262,5.0338,1249,3188,1
6.1510,5.0782,1260,3184,1
6.1758,5.0943,1264,3187,1
6.2006,5.0500,1253,3186,1
6.2254,5.0298,1248,3183,1
6.2502,5.0742,1259,3189,1
6.2750,5.0338,1249,3185,1
6.2998,5.0379,1250,3187,1
6.3246,5.0540,1254,3185,1
6.3494,5.0862,1262,3180,1
6.3742,5.0661,1257,3183,1
6.3990,5.0661,1257,3185,1
6.4238,5.0742,1259,3189,1
6.4486,5.0540,1254,3186,1
6.4734,5.0661,1257,3185,1
6.4982,5.0661,1257,3185,1
6.5230,5.0419,1251,3189,1
6.5478,5.0379,1250,3188,1
6.5726,5.0822,1261,3184,1
6.5974,5.0701,1258,3183,1
6.6222,5.0056,1242,3185,1
6.6470,5.0379,1250,3189,1
6.6718,5.0500,1253,3185,1
6.6966,5.0661,1257,3187,1
6.7214,5.0661,1257,3189,1
6.7462,5.0419,1251,3185,1
6.7710,5.0661,1257,3180,1
6.7958,5.0540,1254,3185,1
6.8206,5.0661,1257,3189,1
6.8454,5.0338,1249,3189,1
6.8703,5.0782,1260,3185,1
6.8951,5.0661,1257,3185,1
6.9199,5.0298,1248,3185,1
6.9447,5.0298,1248,3185,1
6.9695,5.0218,1246,3185,1
6.9943,5.0419,1251,3186,1
7.0191,5.0379,1250,3185,1
7.0439,5.0500,1253,3185,1
7.0687,5.0338,1249,3185,1
7.0935,5.0338,1249,3186,1
7.1183,5.0298,1248,3188,1
7.1431,5.0419,1251,3184,1
7.1679,5.0419,1251,3185,1
7.1927,5.0500,1253,3184,1
7.2175,5.0379,1250,3189,1
7.2423,5.0379,1250,3189,1
7.2671,5.0782,1260,3180,1
7.2919,5.0419,1251,3189,1
7.3167,5.0701,1258,3185,1
7.3415,5.0701,1258,3187,1
7.3663,5.0500,1253,3185,1
7.3911,5.0298,1248,3185,1
7.4159,5.0701,1258,3189,1
7.4407,5.0540,1254,3182,1
7.4655,4.9855,1237,3185,1
7.4903,5.0298,1248,3188,1
7.5151,5.0298,1248,3186,1
7.5399,5.0338,1249,3186,1
7.5647,5.0338,1249,3186,1
7.5895,5.0379,1250,3186,1
7.6143,5.0338,1249,3186,1
7.6391,5.0782,1260,3185,1
7.6639,5.0500,1253,3185,1
7.6887,5.0298,1248,3186,1
7.7135,5.0218,1246,3189,1
7.7383,5.0177,1245,3189,1
7.7631,5.0338,1249,3187,1
7.7879,5.0379,1250,3189,1
7.8127,5.0661,1257,3189,1
7.8375,4.9371,1225,3186,1
7.8623,5.0338,1249,3185,1
7.8871,5.0419,1251,3185,1
7.9119,5.0419,1251,3186,1
7.9368,5.0056,1242,3180,1
7.9616,5.0419,1251,3185,1
7.9864,5.0338,1249,3185,1
8.0112,5.0298,1248,3185,1
8.0360,5.0298,1248,3186,1
8.0608,5.0338,1249,3186,1
8.0856,5.0218,1246,3186,1
8.1104,4.9855,1237,3186,1
8.1352,5.0298,1248,3189,1
8.1600,5.0500,1253,3185,1
8.1848,5.0338,1249,3185,1
8.2096,5.0338,1249,3187,1
8.2344,5.0298,1248,3189,1
8.2592,5.0177,1245,3187,1
8.2840,5.0218,1246,3189,1
8.3088,5.0661,1257,3189,1
8.3336,5.0379,1250,3185,1
8.3584,5.0379,1250,3186,1
8.3832,5.0338,1249,3189,1
8.4080,5.0338,1249,3186,1
8.4328,5.0218,1246,3184,1
8.4576,5.0298,1248,3189,1
8.4824,5.0379,1250,3186,1
8.5072,5.0097,1243,3185,1
8.5320,5.0298,1248,3189,1
8.5568,5.0338,1249,3186,1
8.5816,5.0419,1251,3186,1
8.6064,5.0177,1245,3189,1
8.6312,5.0661,1257,3186,1
8.6560,5.0177,1245,3186,1
8.6808,5.0177,1245,3186,1
8.7056,4.9855,1237,3187,1
8.7304,5.0338,1249,3180,1
8.7552,5.0177,1245,3186,1
8.7800,5.0177,1245,3186,1
8.8048,5.0298,1248,3187,1
8.8296,5.0338,1249,3189,1
8.8544,5.0298,1248,3185,1
8.8792,5.0500,1253,3189,1
8.9040,5.0500,1253,3186,1
8.9288,5.0177,1245,3188,1
8.9536,5.0218,1246,3187,1
8.9785,5.0540,1254,3186,1
9.0033,5.0298,1248,3186,1
9.0281,5.0177,1245,3189,1
9.0529,5.0338,1249,3187,1
9.0777,5.0218,1246,3185,1
9.1025,5.0298,1248,3186,1
9.1273,5.0419,1251,3185,1
9.1521,5.0298,1248,3185,1
9.1769,5.0177,1245,3189,1
9.2017,5.0338,1249,3186,1
9.2265,5.0177,1245,3186,1
9.2513,5.0379,1250,3186,1
9.2761,5.0056,1242,3184,1
9.3009,5.0218,1246,3187,1
9.3257,4.9935,1239,3187,1
9.3505,5.0298,1248,3185,1
9.3753,5.0379,1250,3186,1
9.4001,5.0298,1248,3189,1
9.4249,5.0298,1248,3186,1
9.4497,4.9935,1239,3189,1
9.4745,5.0500,1253,3189,1
9.4993,5.0338,1249,3185,1
9.5241,5.0177,1245,3185,1
9.5489,5.0056,1242,3186,1
9.5737,5.0218,1246,3184,1
9.5985,4.9734,1234,3189,1
9.6233,5.0419,1251,3189,1
9.6481,5.0218,1246,3186,1
9.6729,5.0177,1245,3189,1
9.6977,5.0097,1243,3185,1
9.7225,5.0218,1246,3187,1
9.7473,5.0298,1248,3186,1
9.7721,4.9935,1239,3182,1
9.7969,5.0419,1251,3186,1
9.8217,5.0298,1248,3186,1
9.8465,5.0218,1246,3189,1
9.8713,5.0298,1248,3187,1
9.8961,5.0218,1246,3187,1
9.9209,4.9935,1239,3186,1
9.9457,5.0097,1243,3189,1
9.9705,5.0338,1249,3189,1
9.9953,5.0097,1243,3189,1
10.0201,5.0379,1250,3185,1
10.0450,5.0419,1251,3186,1
10.0698,5.0298,1248,3189,1
10.0946,4.9935,1239,3189,1
10.1194,5.0218,1246,3186,1
10.1442,5.0177,1245,3189,1
10.1690,5.0298,1248,3188,1
10.1938,5.0298,1248,3187,1
10.2186,5.0500,1253,3186,1
10.2434,5.0177,1245,3185,1
10.2682,5.0177,1245,3187,1
10.2930,5.0218,1246,3187,1
10.3178,5.0056,1242,3182,1
10.3426,4.9734,1234,3187,1
10.3674,4.9734,1234,3189,1
10.3922,5.0379,1250,3189,1
10.4170,4.9855,1237,3187,1
10.4418,4.9855,1237,3189,1
10.4666,5.0177,1245,3189,1
10.4914,5.0218,1246,3185,1
10.5162,5.0218,1246,3189,1
10.5410,5.0016,1241,3189,1
10.5658,5.0298,1248,3189,1
10.5906,4.9935,1239,3187,1
10.6154,5.0056,1242,3186,1
10.6402,5.0218,1246,3189,1
10.6650,5.0177,1245,3189,1
10.6898,5.0056,1242,3189,1
10.7146,5.0661,1257,3185,1
10.7394,5.0056,1242,3185,1
10.7642,5.0177,1245,3186,1
10.7890,5.0298,1248,3186,1
10.8138,5.0218,1246,3189,1
10.8386,4.9935,1239,3187,1
10.8634,5.0097,1243,3185,1
10.8882,5.0338,1249,3187,1
10.9130,5.0177,1245,3189,1
10.9378,4.9492,1228,3188,1
10.9626,5.0177,1245,3188,1
10.9874,4.9734,1234,3189,1
11.0122,5.0218,1246,3185,1
11.0370,4.9855,1237,3187,1
11.0618,4.9734,1234,3185,1
11.0866,5.0218,1246,3185,1
11.1115,4.9935,1239,3183,1
11.1363,5.0177,1245,3189,1
11.1611,5.0056,1242,3189,1
11.1859,4.9855,1237,3186,1
11.2107,5.0177,1245,3185,1
11.2355,5.0298,1248,3188,1
11.2603,4.9935,1239,3186,1
11.2851,5.0177,1245,3189,1
11.3099,5.0056,1242,3185,1
11.3347,4.9935,1239,3187,1
11.3595,4.9935,1239,3187,1
11.3843,4.9855,1237,3185,1
11.4091,4.9815,1236,3186,1
11.4339,4.9935,1239,3187,1
11.4587,4.9855,1237,3189,1
11.4835,5.0177,1245,3189,1
11.5083,4.9935,1239,3186,1
11.5331,5.0056,1242,3186,1
11.5579,5.0177,1245,3189,1
11.5827,5.0056,1242,3185,1
11.6075,4.9734,1234,3189,1
11.6323,4.9935,1239,3186,1
11.6571,4.9734,1234,3185,1
11.6819,5.0056,1242,3189,1
11.7067,4.9734,1234,3189,1
11.7315,5.0218,1246,3188,1
11.7563,4.9734,1234,3186,1
11.7811,5.0097,1243,3186,1
11.8059,4.9734,1234,3189,1
11.8307,4.9935,1239,3187,1
11.8555,4.9734,1234,3189,1
11.8803,4.9935,1239,3186,1
11.9051,5.0218,1246,3182,1
11.9299,5.0218,1246,3186,1
11.9547,5.0097,1243,3189,1
11.9795,4.9815,1236,3186,1
12.0043,5.0097,1243,3186,1
12.0291,5.0016,1241,3185,1
12.0539,5.0056,1242,3185,1
12.0787,4.9935,1239,3189,1
12.1035,5.0056,1242,3186,1
12.1283,5.0097,1243,3185,1
12.1532,5.0056,1242,3189,1
12.1780,4.9815,1236,3189,1
12.2028,5.0218,1246,3189,1
12.2276,5.0177,1245,3189,1
12.2524,4.9815,1236,3189,1
12.2772,4.9855,1237,3185,1
12.3020,5.0298,1248,3189,1
12.3268,5.0177,1245,3185,1
12.3516,4.9694,1233,3186,1
12.3764,4.9855,1237,3189,1
12.4012,5.0097,1243,3186,1
12.4260,5.0177,1245,3187,1
12.4508,4.9935,1239,3189,1
12.4756,4.9855,1237,3189,1
12.5004,4.9734,1234,3186,1
12.5252,4.9331,1224,3189,1
12.5500,4.9815,1236,3185,1
12.5748,5.0097,1243,3185,1
12.5996,4.9734,1234,3189,1
12.6244,5.0298,1248,3189,1
12.6492,5.0218,1246,3189,1
12.6740,4.9815,1236,3185,1
12.6988,5.0016,1241,3180,1
12.7236,5.0177,1245,3189,1
12.7484,5.0177,1245,3189,1
12.7732,4.9734,1234,3180,1
12.7980,4.9734,1234,3185,1
12.8228,4.9855,1237,3186,1
12.8476,4.9694,1233,3187,1
12.8724,5.0177,1245,3185,1
12.8972,5.0177,1245,3188,1
12.9220,4.9412,1226,3187,1
12.9468,5.0097,1243,3187,1
12.9716,4.9855,1237,3186,1
12.9964,4.9734,1234,3189,1
13.0212,4.9412,1226,3189,1
13.0460,4.9613,1231,3187,1
13.0708,4.9855,1237,3185,1
13.0956,4.9815,1236,3180,1
13.1204,4.9815,1236,3189,1
13.1452,4.9935,1239,3189,1
13.1700,4.9734,1234,3187,1
13.1948,4.9935,1239,3189,1
13.2197,4.9815,1236,3187,1
13.2445,5.0097,1243,3186,1
13.2693,4.9855,1237,3186,1
13.2941,5.0218,1246,3187,1
13.3189,4.9855,1237,3186,1
13.3437,4.9815,1236,3189,1
13.3685,4.9734,1234,3186,1
13.3933,4.9734,1234,3188,1
13.4181,4.9734,1234,3189,1
13.4429,4.9734,1234,3185,1
13.4677,4.9935,1239,3189,1
13.4925,4.9734,1234,3180,1
13.5173,4.9734,1234,3189,1
13.5421,4.9734,1234,3189,1
13.5669,4.9734,1234,3189,1
13.5917,4.9855,1237,3188,1
13.6165,4.9855,1237,3185,1
13.6413,4.9815,1236,3189,1
13.6661,4.9694,1233,3189,1
13.6909,4.9331,1224,3187,1
13.7157,4.9694,1233,3185,1
13.7405,4.9815,1236,3189,1
13.7653,4.9815,1236,3185,1
13.7901,4.9815,1236,3189,1
13.8149,4.9855,1237,3189,1
13.8397,4.9734,1234,3185,1
13.8645,4.9734,1234,3187,1
13.8893,4.9734,1234,3189,1
13.9141,4.9734,1234,3187,1
13.9389,4.9935,1239,3185,1
13.9637,4.9613,1231,3186,1
13.9885,4.9694,1233,3189,1
14.0133,4.9734,1234,3186,1
14.0381,4.9815,1236,3185,1
14.0629,5.0097,1243,3189,1
14.0877,4.9815,1236,3186,1
14.1125,4.9412,1226,3185,1
14.1373,4.9855,1237,3189,1
14.1621,4.9734,1234,3189,1
14.1869,4.9613,1231,3186,1
14.2117,4.9613,1231,3186,1
14.2365,4.9734,1234,3188,1
14.2614,4.9815,1236,3186,1
14.2862,4.9694,1233,3184,1
14.3110,4.9734,1234,3189,1
14.3358,4.9412,1226,3189,1
14.3606,4.9653,1232,3189,1
14.3854,4.9734,1234,3185,1
14.4102,4.9734,1234,3189,1
14.4350,4.9492,1228,3186,1
14.4598,5.0177,1245,3189,1
14.4846,4.9694,1233,3189,1
14.5094,4.9412,1226,3189,1
14.5342,4.9935,1239,3188,1
14.5590,4.9734,1234,3185,1
14.5838,4.9734,1234,3186,1
14.6086,4.9371,1225,3189,1
14.6334,4.9815,1236,3186,1
14.6582,4.9049,1217,3186,1
14.6830,4.9250,1222,3189,1
14.7078,4.9694,1233,3189,1
14.7326,4.9694,1233,3189,1
14.7574,4.9653,1232,3189,1
14.7822,4.9815,1236,3189,1
14.8070,4.9170,1220,3189,1
14.8318,4.9694,1233,3189,1
14.8566,4.9734,1234,3187,1
14.8814,4.9815,1236,3189,1
14.9062,4.9331,1224,3189,1
14.9310,4.9734,1234,3188,1
14.9558,4.9734,1234,3188,1
14.9806,4.9855,1237,3189,1
15.0054,4.9694,1233,3188,1
15.0302,4.9653,1232,3189,1
15.0550,4.9815,1236,3189,1
15.0798,4.9694,1233,3183,1
15.1046,4.9291,1223,3185,1
15.1294,4.9331,1224,3189,1
15.1542,4.9613,1231,3189,1
15.1790,4.9613,1231,3185,1
15.2038,4.9412,1226,3189,1
15.2286,4.9935,1239,3186,1
15.2534,4.9331,1224,3186,1
15.2782,4.9250,1222,3185,1
15.3030,4.9412,1226,3189,1
15.3279,4.9291,1223,3189,1
15.3527,4.9331,1224,3187,1
15.3775,4.9734,1234,3189,1
15.4023,4.9734,1234,3189,1
15.4271,4.9331,1224,3186,1
15.4519,4.9734,1234,3189,1
15.4767,4.9613,1231,3185,1
15.5015,4.9492,1228,3187,1
15.5263,4.9734,1234,3189,1
15.5511,4.9734,1234,3189,1
15.5759,4.9815,1236,3189,1
15.6007,4.9331,1224,3188,1
15.6255,4.9613,1231,3189,1
15.6503,4.9613,1231,3185,1
15.6751,4.9170,1220,3189,1
15.6999,4.9613,1231,3189,1
15.7247,4.9734,1234,3185,1
15.7495,4.9653,1232,3189,1
15.7743,4.9412,1226,3185,1
15.7991,4.9331,1224,3186,1
15.8239,4.9371,1225,3185,1
15.8487,4.9331,1224,3186,1
15.8735,4.9815,1236,3184,1
15.8983,4.9694,1233,3188,1
15.9231,4.9613,1231,3188,1
15.9479,4.9734,1234,3189,1
15.9727,4.9734,1234,3189,1
15.9975,4.9170,1220,3187,1
16.0223,4.9170,1220,3188,1
16.0471,4.9734,1234,3189,1
16.0719,4.9734,1234,3187,1
16.0967,4.9412,1226,3185,1
16.1215,4.9412,1226,3189,1
16.1463,4.9613,1231,3186,1
16.1711,4.9613,1231,3185,1
16.1959,4.9371,1225,3189,1
16.2207,4.9613,1231,3189,1
16.2455,4.9331,1224,3185,1
16.2703,4.9412,1226,3185,1
16.2951,4.9855,1237,3186,1
16.3199,4.9331,1224,3187,1
16.3447,4.9412,1226,3189,1
16.3696,4.9694,1233,3189,1
16.3944,4.9250,1222,3188,1
16.4192,4.9129,1219,3189,1
16.4440,4.9734,1234,3186,1
16.4688,4.9250,1222,3189,1
16.4936,4.9250,1222,3187,1
16.5184,4.9250,1222,3189,1
16.5432,4.9653,1232,3189,1
16.5680,4.9492,1228,3189,1
16.5928,4.9170,1220,3185,1
16.6176,4.9250,1222,3189,1
16.6424,4.9653,1232,3189,1
16.6672,4.9412,1226,3182,1
16.6920,4.9129,1219,3189,1
16.7168,4.9291,1223,3186,1
16.7416,4.9170,1220,3189,1
16.7664,4.9331,1224,3189,1
16.7912,4.9653,1232,3186,1
16.8160,4.9170,1220,3185,1
16.8408,4.9170,1220,3186,1
16.8656,4.9331,1224,3189,1
16.8904,4.9412,1226,3187,1
16.9152,4.9371,1225,3189,1
16.9400,4.9734,1234,3185,1
16.9648,4.9734,1234,3189,1
16.9896,4.9694,1233,3189,1
17.0144,4.9613,1231,3186,1
17.0392,4.9613,1231,3186,1
17.0640,4.9412,1226,3187,1
17.0888,4.9250,1222,3189,1
17.1136,4.9331,1224,3189,1
17.1384,4.9170,1220,3186,1
17.1632,4.9613,1231,3189,1
17.1880,4.9734,1234,3189,1
17.2128,4.9371,1225,3185,1
17.2376,4.9734,1234,3189,1
17.2624,4.9250,1222,3186,1
17.2872,4.9734,1234,3185,1
17.3120,4.9291,1223,3189,1
17.3368,4.9492,1228,3189,1
17.3616,4.9170,1220,3187,1
17.3864,4.9331,1224,3189,1
17.4112,4.9331,1224,3185,1
17.4361,4.9129,1219,3186,1
17.4609,4.9653,1232,3185,1
17.4857,4.9492,1228,3189,1
17.5105,4.9412,1226,3186,1
17.5353,4.9613,1231,3187,1
17.5601,4.9734,1234,3188,1
17.5849,4.9170,1220,3186,1
17.6097,4.9492,1228,3189,1
17.6345,4.9331,1224,3189,1
17.6593,4.9008,1216,3189,1
17.6841,4.9250,1222,3188,1
17.7089,4.9250,1222,3189,1
17.7337,4.9250,1222,3189,1
17.7585,4.9170,1220,3189,1
17.7833,4.9492,1228,3187,1
17.8081,4.9492,1228,3189,1
17.8329,4.9049,1217,3186,1
17.8577,4.9412,1226,3187,1
17.8825,4.9734,1234,3189,1
17.9073,4.9412,1226,3186,1
17.9321,4.9008,1216,3189,1
17.9569,4.9492,1228,3189,1
17.9817,4.9492,1228,3186,1
18.0065,4.9129,1219,3189,1
18.0313,4.9613,1231,3189,1
18.0561,4.9694,1233,3189,1
18.0809,4.9129,1219,3186,1
18.1057,4.9170,1220,3189,1
18.1305,4.9492,1228,3187,1
18.1553,4.9129,1219,3186,1
18.1801,4.9331,1224,3189,1
18.2049,4.9412,1226,3189,1
18.2297,4.9734,1234,3186,1
18.2545,4.9129,1219,3183,1
18.2793,4.9492,1228,3183,1
18.3041,4.9049,1217,3189,1
18.3289,4.9250,1222,3187,1
18.3537,4.9170,1220,3189,1
18.3785,4.9613,1231,3189,1
18.4033,4.9331,1224,3187,1
18.4281,4.9049,1217,3187,1
18.4529,4.9250,1222,3189,1
18.4778,4.9291,1223,3188,1
18.5026,4.9291,1223,3189,1
18.5274,4.9291,1223,3185,1
18.5522,4.9412,1226,3189,1
18.5770,4.9250,1222,3189,1
18.6018,4.9129,1219,3189,1
18.6266,4.9815,1236,3189,1
18.6514,4.9170,1220,3188,1
18.6762,4.9250,1222,3187,1
18.7010,4.9291,1223,3189,1
18.7258,4.9170,1220,3189,1
18.7506,4.9129,1219,3189,1
18.7754,4.9170,1220,3184,1
18.8002,4.9734,1234,3189,1
18.8250,4.9170,1220,3189,1
18.8498,4.9129,1219,3189,1
18.8746,4.9170,1220,3189,1
18.8994,4.9331,1224,3189,1
18.9242,4.9250,1222,3189,1
18.9490,4.9049,1217,3189,1
18.9738,4.9170,1220,3187,1
18.9986,4.9129,1219,3188,1
19.0234,4.9291,1223,3189,1
19.0482,4.9170,1220,3183,1
19.0730,4.9250,1222,3189,1
19.0978,4.9492,1228,3186,1
19.1226,4.9250,1222,3189,1
19.1474,4.9129,1219,3189,1
19.1722,4.9170,1220,3187,1
19.1970,4.9492,1228,3189,1
19.2218,4.9250,1222,3187,1
19.2466,4.9008,1216,3189,1
19.2714,4.9291,1223,3183,1
19.2962,4.9734,1234,3189,1
19.3210,4.9008,1216,3189,1
19.3458,4.9412,1226,3185,1
19.3706,4.9250,1222,3189,1
19.3954,4.9412,1226,3189,1
19.4202,4.9412,1226,3186,1
19.4450,4.9129,1219,3189,1
19.4698,4.9492,1228,3189,1
19.4946,4.9613,1231,3187,1
19.5194,4.9170,1220,3186,1
19.5443,4.9129,1219,3189,1
19.5691,4.9291,1223,3186,1
19.5939,4.9371,1225,3189,1
19.6187,4.9613,1231,3189,1
19.6435,4.9008,1216,3189,1
19.6683,4.9250,1222,3186,1
19.6931,4.9008,1216,3187,1
19.7179,4.9331,1224,3186,1
19.7427,4.9250,1222,3186,1
19.7675,4.9129,1219,3189,1
19.7923,4.9412,1226,3189,1
19.8171,4.9049,1217,3189,1
19.8419,4.9129,1219,3183,1
19.8667,4.8928,1214,3189,1
19.8915,4.9291,1223,3189,1
19.9163,4.9129,1219,3189,1
19.9411,4.9008,1216,3189,1
19.9659,4.9331,1224,3188,1
19.9907,4.9129,1219,3189,1
20.0155,4.9129,1219,3187,0
20.0403,4.9291,1223,3183,0
20.0651,4.8807,1211,0,0
20.0899,4.8807,1211,0,0
20.1147,4.9129,1219,0,0
20.1395,4.9250,1222,0,0
20.1643,4.9250,1222,0,0
20.1891,4.9170,1220,0,0
20.2139,4.9250,1222,0,0
20.2387,4.9734,1234,0,0
20.2635,4.9049,1217,0,0
20.2883,4.9049,1217,0,0
20.3131,4.9049,1217,0,0
20.3379,4.8726,1209,0,0
20.3627,4.9008,1216,0,0
20.3875,4.9412,1226,0,0
20.4123,4.9049,1217,0,0
20.4371,4.9170,1220,0,0
20.4619,4.9049,1217,0,0
20.4867,4.9250,1222,0,0
20.5115,4.8888,1213,0,0
20.5363,4.8888,1213,0,0
20.5611,4.9250,1222,0,0
20.5859,4.8807,1211,0,0
20.6108,4.9008,1216,0,0
20.6356,4.9412,1226,0,0
20.6604,4.9250,1222,0,0
20.6852,4.8968,1215,0,0
20.7100,4.9008,1216,0,0
20.7348,4.9250,1222,0,0
20.7596,4.8605,1206,0,0
20.7844,4.9129,1219,0,0
20.8092,4.9170,1220,0,0
20.8340,4.8888,1213,0,0
20.8588,4.8605,1206,0,0
20.8836,4.9250,1222,0,0
20.9084,4.9008,1216,0,0
20.9332,4.9008,1216,0,0
20.9580,4.9170,1220,0,0
20.9828,4.8888,1213,0,0
21.0076,4.9331,1224,0,0
21.0324,4.9129,1219,0,0
21.0572,4.8888,1213,0,0
21.0820,4.9008,1216,0,0
21.1068,4.8525,1204,0,0
21.1316,4.8928,1214,0,0
21.1564,4.9129,1219,0,0
21.1812,4.8807,1211,0,0
21.2060,4.9049,1217,0,0
21.2308,4.9170,1220,0,0
21.2556,4.8888,1213,0,0
21.2804,4.8888,1213,0,0
21.3052,4.9049,1217,0,0
21.3300,4.9250,1222,0,0
21.3548,4.8888,1213,0,0
21.3796,4.9250,1222,0,0
21.4044,4.9049,1217,0,0
21.4292,4.8888,1213,0,0
21.4540,4.9129,1219,0,0
21.4788,4.9008,1216,0,0
21.5036,4.9170,1220,0,0
21.5284,4.8888,1213,0,0
21.5532,4.9129,1219,0,0
21.5780,4.8888,1213,0,0
21.6028,4.8888,1213,0,0
21.6276,4.9170,1220,0,0
21.6525,4.9371,1225,0,0
21.6773,4.8928,1214,0,0
21.7021,4.9008,1216,0,0
21.7269,4.9250,1222,0,0
21.7517,4.8888,1213,0,0
21.7765,4.8888,1213,0,0
21.8013,4.9049,1217,0,0
21.8261,4.9008,1216,0,0
21.8509,4.9291,1223,0,0
21.8757,4.9008,1216,0,0
21.9005,4.8888,1213,0,0
21.9253,4.9129,1219,0,0
21.9501,4.8888,1213,0,0
21.9749,4.9694,1233,0,0
21.9997,4.8968,1215,0,0
22.0245,4.9008,1216,0,0
22.0493,4.8888,1213,0,0
22.0741,4.8888,1213,0,0
22.0989,4.9653,1232,0,0
22.1237,4.8726,1209,0,0
22.1485,4.9129,1219,0,0
22.1733,4.9049,1217,0,0
22.1981,4.9170,1220,0,0
22.2229,4.9129,1219,0,0
22.2477,4.8888,1213,0,0
22.2725,4.8888,1213,0,0
22.2973,4.9049,1217,0,0
22.3221,4.9129,1219,0,0
22.3469,4.9008,1216,0,0
22.3717,4.8726,1209,0,0
22.3965,4.9129,1219,0,0
22.4213,4.9129,1219,0,0
22.4461,4.9008,1216,0,0
22.4709,4.9412,1226,0,0
22.4957,4.9129,1219,0,0
22.5205,4.9331,1224,0,0
22.5453,4.9049,1217,0,0
22.5701,4.9049,1217,0,0
22.5949,4.9129,1219,0,0
22.6197,4.8807,1211,0,0
22.6445,4.9170,1220,0,0
22.6693,4.9170,1220,0,0
22.6941,4.8525,1204,0,0
22.7190,4.9008,1216,0,0
22.7438,4.9170,1220,0,0
22.7686,4.9170,1220,0,0
22.7934,4.8807,1211,0,0
22.8182,4.9008,1216,0,0
22.8430,4.9008,1216,0,0
22.8678,4.9129,1219,0,0
22.8926,4.9170,1220,0,0
22.9174,4.9412,1226,0,0
22.9422,4.8807,1211,0,0
22.9670,4.8807,1211,0,0
22.9918,4.8807,1211,0,0
23.0166,4.9170,1220,0,0
23.0414,4.8888,1213,0,0
23.0662,4.8605,1206,0,0
23.0910,4.9049,1217,0,0
23.1158,4.9049,1217,0,0
23.1406,4.8726,1209,0,0
23.1654,4.9049,1217,0,0
23.1902,4.9170,1220,0,0
23.2150,4.8726,1209,0,0
23.2398,4.9049,1217,0,0
23.2646,4.9129,1219,0,0
23.2894,4.9129,1219,0,0
23.3142,4.9250,1222,0,0
23.3390,4.9049,1217,0,0
23.3638,4.9170,1220,0,0
23.3886,4.8807,1211,0,0
23.4134,4.9250,1222,0,0
23.4382,4.9371,1225,0,0
23.4630,4.9008,1216,0,0
23.4878,4.8605,1206,0,0
23.5126,4.9250,1222,0,0
23.5374,4.9170,1220,0,0
23.5622,4.9049,1217,0,0
23.5870,4.9412,1226,0,0
23.6118,4.9049,1217,0,0
23.6366,4.9049,1217,0,0
23.6614,4.8888,1213,0,0
23.6862,4.9331,1224,0,0
23.7110,4.8888,1213,0,0
23.7358,4.9129,1219,0,0
23.7607,4.9129,1219,0,0
23.7855,4.9008,1216,0,0
23.8103,4.8726,1209,0,0
23.8351,4.9371,1225,0,0
23.8599,4.9008,1216,0,0
23.8847,4.9008,1216,0,0
23.9095,4.9129,1219,0,0
23.9343,4.9250,1222,0,0
23.9591,4.9170,1220,0,0
23.9839,4.8888,1213,0,0
24.0087,4.9250,1222,0,0
24.0335,4.8807,1211,0,0
24.0583,4.9129,1219,0,0
24.0831,4.9008,1216,0,0
24.1079,4.9129,1219,0,0
24.1327,4.8888,1213,0,0
24.1575,4.9008,1216,0,0
24.1823,4.9250,1222,0,0
24.2071,4.9049,1217,0,0
24.2319,4.8928,1214,0,0
24.2567,4.8888,1213,0,0
24.2815,4.9129,1219,0,0
24.3063,4.9008,1216,0,0
24.3311,4.9008,1216,0,0
24.3559,4.9129,1219,0,0
24.3807,4.9170,1220,0,0
24.4055,4.8888,1213,0,0
24.4303,4.9129,1219,0,0
24.4551,4.9170,1220,0,0
24.4799,4.9049,1217,0,0
24.5047,4.9129,1219,0,0
24.5295,4.9008,1216,0,0
24.5543,4.8888,1213,0,0
24.5791,4.9129,1219,0,0
24.6039,4.9129,1219,0,0
24.6287,4.8928,1214,0,0
24.6535,4.9008,1216,0,0
24.6783,4.9008,1216,0,0
24.7031,4.9291,1223,0,0
24.7279,4.8968,1215,0,0
24.7527,4.9008,1216,0,0
24.7775,4.9412,1226,0,0
24.8023,4.9129,1219,0,0
24.8272,4.9008,1216,0,0
24.8520,4.9250,1222,0,0
24.8768,4.9170,1220,0,0
24.9016,4.8888,1213,0,0
24.9264,4.8726,1209,0,0
24.9512,4.9049,1217,0,0
24.9760,4.9049,1217,0,0
25.0008,4.9250,1222,0,0
25.0256,4.9049,1217,0,0
25.0504,4.9170,1220,0,0
25.0752,4.9049,1217,0,0
25.1000,4.9250,1222,0,0
25.1248,4.9250,1222,0,0
25.1496,4.8888,1213,0,0
25.1744,4.9170,1220,0,0
25.1992,4.9250,1222,0,0
25.2240,4.9250,1222,0,0
25.2488,4.9170,1220,0,0
25.2736,4.9371,1225,0,0
25.2984,4.9170,1220,0,0
25.3232,4.9129,1219,0,0
25.3480,4.9291,1223,0,0
25.3728,4.9008,1216,0,0
25.3976,4.9129,1219,0,0
25.4224,4.9129,1219,0,0
25.4472,4.9331,1224,0,0
25.4720,4.9170,1220,0,0
25.4968,4.9331,1224,0,0
25.5216,4.9170,1220,0,0
25.5464,4.9049,1217,0,0
25.5712,4.9250,1222,0,0
25.5960,4.9170,1220,0,0
25.6208,4.9331,1224,0,0
25.6456,4.9250,1222,0,0
25.6704,4.9049,1217,0,0
25.6952,4.9129,1219,0,0
25.7200,4.9170,1220,0,0
25.7448,4.9129,1219,0,0
25.7696,4.9129,1219,0,0
25.7944,4.9371,1225,0,0
25.8192,4.9250,1222,0,0
25.8440,4.9129,1219,0,0
25.8689,4.9250,1222,0,0
25.8937,4.9291,1223,0,0
25.9185,4.9129,1219,0,0
25.9433,4.9250,1222,0,0
25.9681,4.9129,1219,0,0
25.9929,4.9291,1223,0,0
26.0177,4.9049,1217,0,0
26.0425,4.9129,1219,0,0
26.0673,4.9613,1231,0,0
26.0921,4.9331,1224,0,0
26.1169,4.9170,1220,0,0
26.1417,4.9291,1223,0,0
26.1665,4.9170,1220,0,0
26.1913,4.9250,1222,0,0
26.2161,4.9371,1225,0,0
26.2409,4.9170,1220,0,0
26.2657,4.9291,1223,0,0
26.2905,4.9250,1222,0,0
26.3153,4.9291,1223,0,0
26.3401,4.9170,1220,0,0
26.3649,4.9250,1222,0,0
26.3897,4.9331,1224,0,0
26.4145,4.9129,1219,0,0
26.4393,4.9170,1220,0,0
26.4641,4.9170,1220,0,0
26.4889,4.9170,1220,0,0
26.5137,4.9331,1224,0,0
26.5385,4.9331,1224,0,0
26.5633,4.9129,1219,0,0
26.5881,4.9170,1220,0,0
26.6129,4.9170,1220,0,0
26.6377,4.9412,1226,0,0
26.6625,4.9008,1216,0,0
26.6873,4.9492,1228,0,0
26.7121,4.9815,1236,0,0
26.7369,4.8888,1213,0,0
26.7617,4.9250,1222,0,0
26.7865,4.9170,1220,0,0
26.8113,4.9129,1219,0,0
26.8361,4.9250,1222,0,0
26.8609,4.9049,1217,0,0
26.8857,4.9291,1223,0,0
26.9105,4.9250,1222,0,0
26.9354,4.9170,1220,0,0
26.9602,4.9170,1220,0,0
26.9850,4.9170,1220,0,0
27.0098,4.9129,1219,0,0
27.0346,4.9129,1219,0,0
27.0594,4.9250,1222,0,0
27.0842,4.9331,1224,0,0
27.1090,4.9412,1226,0,0
27.1338,4.9331,1224,0,0
27.1586,4.9331,1224,0,0
27.1834,4.9129,1219,0,0
27.2082,4.9250,1222,0,0
27.2330,4.9129,1219,0,0
27.2578,4.9129,1219,0,0
27.2826,4.9129,1219,0,0
27.3074,4.9412,1226,0,0
27.3322,4.9371,1225,0,0
27.3570,4.9129,1219,0,0
27.3818,4.9250,1222,0,0
27.4066,4.9129,1219,0,0
27.4314,4.9291,1223,0,0
27.4562,4.9371,1225,0,0
27.4810,4.9129,1219,0,0
27.5058,4.9049,1217,0,0
27.5306,4.9250,1222,0,0
27.5554,4.9129,1219,0,0
27.5802,4.9170,1220,0,0
27.6050,4.9170,1220,0,0
27.6298,4.9331,1224,0,0
27.6546,4.9613,1231,0,0
27.6794,4.9170,1220,0,0
27.7042,4.9129,1219,0,0
27.7290,4.9129,1219,0,0
27.7538,4.9613,1231,0,0
27.7786,4.9129,1219,0,0
27.8034,4.9815,1236,0,0
27.8282,4.9250,1222,0,0
27.8530,4.9008,1216,0,0
27.8778,4.9653,1232,0,0
27.9026,4.9129,1219,0,0
27.9274,4.9250,1222,0,0
27.9522,4.9734,1234,0,0
27.9770,4.9250,1222,0,0
28.0019,4.9412,1226,0,0
28.0267,4.9008,1216,0,0
28.0515,4.9613,1231,0,0
28.0763,4.9815,1236,0,0
28.1011,4.9129,1219,0,0
28.1259,4.9129,1219,0,0
28.1507,4.9855,1237,0,0
28.1755,4.9291,1223,0,0
28.2003,4.9492,1228,0,0
28.2251,4.9653,1232,0,0
28.2499,4.9250,1222,0,0
28.2747,4.9250,1222,0,0
28.2995,4.9250,1222,0,0
28.3243,4.9412,1226,0,0
28.3491,4.9170,1220,0,0
28.3739,4.9331,1224,0,0
28.3987,4.9170,1220,0,0
28.4235,4.9613,1231,0,0
28.4483,4.9250,1222,0,0
28.4731,4.9331,1224,0,0
28.4979,4.9170,1220,0,0
28.5227,4.9371,1225,0,0
28.5475,4.9129,1219,0,0
28.5723,4.9291,1223,0,0
28.5971,4.9170,1220,0,0
28.6219,4.9613,1231,0,0
28.6467,4.9734,1234,0,0
28.6715,4.9129,1219,0,0
28.6963,4.9250,1222,0,0
28.7211,4.9291,1223,0,0
28.7459,4.9331,1224,0,0
28.7707,4.8807,1211,0,0
28.7955,4.9734,1234,0,0
28.8203,4.9734,1234,0,0
28.8451,4.9613,1231,0,0
28.8699,4.9250,1222,0,0
28.8947,4.9129,1219,0,0
28.9195,4.9291,1223,0,0
28.9443,4.9291,1223,0,0
28.9691,4.9613,1231,0,0
28.9939,4.9291,1223,0,0
29.0187,4.9412,1226,0,0
29.0436,4.9049,1217,0,0
29.0684,4.9170,1220,0,0
29.0932,4.9250,1222,0,0
29.1180,4.9331,1224,0,0
29.1428,4.9170,1220,0,0
29.1676,4.9250,1222,0,0
29.1924,4.9331,1224,0,0
29.2172,4.9250,1222,0,0
29.2420,4.9371,1225,0,0
29.2668,4.9170,1220,0,0
29.2916,4.9492,1228,0,0
29.3164,4.9734,1234,0,0
29.3412,4.9250,1222,0,0
29.3660,4.9129,1219,0,0
29.3908,4.9250,1222,0,0
29.4156,4.9331,1224,0,0
29.4404,4.9129,1219,0,0
29.4652,4.9170,1220,0,0
29.4900,4.9371,1225,0,0
29.5148,4.9331,1224,0,0
29.5396,4.9613,1231,0,0
29.5644,4.9734,1234,0,0
29.5892,4.9291,1223,0,0
29.6140,4.9170,1220,0,0
29.6388,4.9613,1231,0,0
29.6636,4.9613,1231,0,0
29.6884,4.9170,1220,0,0
29.7132,4.9170,1220,0,0
29.7380,4.9734,1234,0,0
29.7628,4.9412,1226,0,0
29.7876,4.9492,1228,0,0
29.8124,4.9331,1224,0,0
29.8372,4.9694,1233,0,0
29.8620,4.9250,1222,0,0
29.8868,4.9492,1228,0,0
29.9116,4.9734,1234,0,0
29.9364,4.9492,1228,0,0
29.9612,4.9492,1228,0,0
29.9860,4.9250,1222,0,0
30.0108,4.9371,1225,0,0
30.0356,4.9250,1222,0,0
30.0604,4.9331,1224,0,0
30.0852,4.9815,1236,0,0
30.1101,4.9613,1231,0,0
30.1349,4.9129,1219,0,0
30.1597,4.9250,1222,0,0
30.1845,4.9291,1223,0,0
30.2093,4.9049,1217,0,0
30.2341,4.9331,1224,0,0
30.2589,4.9613,1231,0,0
30.2837,4.9412,1226,0,0
30.3085,4.9250,1222,0,0
30.3333,4.9331,1224,0,0
30.3581,4.9694,1233,0,0
30.3829,4.9291,1223,0,0
30.4077,4.9412,1226,0,0
30.4325,4.9331,1224,0,0
30.4573,4.9492,1228,0,0
30.4821,4.9653,1232,0,0
30.5069,4.9412,1226,0,0
30.5317,4.9613,1231,0,0
30.5565,4.9613,1231,0,0
30.5813,4.9653,1232,0,0
30.6061,4.9734,1234,0,0
30.6309,4.9371,1225,0,0
30.6557,4.9613,1231,0,0
30.6805,4.9331,1224,0,0
30.7053,4.9492,1228,0,0
30.7301,4.9250,1222,0,0
30.7549,4.9694,1233,0,0
30.7797,4.9734,1234,0,0
30.8045,4.9250,1222,0,0
30.8293,4.9613,1231,0,0
30.8541,4.9734,1234,0,0
30.8789,4.9734,1234,0,0
30.9037,4.9170,1220,0,0
30.9285,4.9734,1234,0,0
30.9533,4.9653,1232,0,0
30.9781,4.9250,1222,0,0
31.0029,4.9492,1228,0,0
31.0277,4.9412,1226,0,0
31.0525,4.9734,1234,0,0
31.0773,4.9331,1224,0,0
31.1021,4.9653,1232,0,0
31.1269,4.9129,1219,0,0
31.1518,4.9008,1216,0,0
31.1766,4.9412,1226,0,0
31.2014,4.9734,1234,0,0
31.2262,4.9694,1233,0,0
31.2510,4.9734,1234,0,0
31.2758,4.9734,1234,0,0
31.3006,4.9129,1219,0,0
31.3254,4.9492,1228,0,0
31.3502,4.9331,1224,0,0
31.3750,5.0177,1245,0,0
31.3998,4.9250,1222,0,0
31.4246,4.9734,1234,0,0
31.4494,4.9412,1226,0,0
31.4742,4.9734,1234,0,0
31.4990,4.9734,1234,0,0
31.5238,4.9613,1231,0,0
31.5486,4.9331,1224,0,0
31.5734,4.9613,1231,0,0
31.5982,4.9734,1234,0,0
31.6230,4.9291,1223,0,0
31.6478,4.9371,1225,0,0
31.6726,4.9815,1236,0,0
31.6974,4.9734,1234,0,0
31.7222,4.9250,1222,0,0
31.7470,4.9734,1234,0,0
31.7718,4.9613,1231,0,0
31.7966,4.9291,1223,0,0
31.8214,4.9331,1224,0,0
31.8462,4.9734,1234,0,0
31.8710,4.9815,1236,0,0
31.8958,4.9653,1232,0,0
31.9206,4.9331,1224,0,0
31.9454,4.9734,1234,0,0
31.9702,4.9815,1236,0,0
31.9950,4.9250,1222,0,0
32.0198,4.9613,1231,0,0
32.0446,4.9694,1233,0,0
32.0694,4.9371,1225,0,0
32.0942,4.9613,1231,0,0
32.1190,4.9734,1234,0,0
32.1438,4.9170,1220,0,0
32.1686,4.9734,1234,0,0
32.1935,4.9815,1236,0,0
32.2183,4.9492,1228,0,0
32.2431,4.9412,1226,0,0
32.2679,4.9734,1234,0,0
32.2927,4.9935,1239,0,0
32.3175,4.9331,1224,0,0
32.3423,4.9331,1224,0,0
32.3671,4.9694,1233,0,0
32.3919,4.9170,1220,0,0
32.4167,4.9855,1237,0,0
32.4415,4.9653,1232,0,0
32.4663,4.9694,1233,0,0
32.4911,4.9129,1219,0,0
32.5159,5.0661,1257,0,0
32.5407,4.9291,1223,0,0
32.5655,4.9129,1219,0,0
32.5903,4.9734,1234,0,0
32.6151,4.9613,1231,0,0
32.6399,4.9613,1231,0,0
32.6647,4.9412,1226,0,0
32.6895,4.9734,1234,0,0
32.7143,4.9613,1231,0,0
32.7391,4.9815,1236,0,0
32.7639,4.9734,1234,0,0
32.7887,4.9734,1234,0,0
32.8135,4.9613,1231,0,0
32.8383,4.9734,1234,0,0
32.8631,4.9734,1234,0,0
32.8879,4.9815,1236,0,0
32.9127,4.9815,1236,0,0
32.9375,4.9613,1231,0,0
32.9623,4.9492,1228,0,0
32.9871,4.9653,1232,0,0
33.0119,4.9653,1232,0,0
33.0367,4.9492,1228,0,0
33.0615,4.9815,1236,0,0
33.0863,4.9815,1236,0,0
33.1111,4.9653,1232,0,0
33.1359,4.9734,1234,0,0
33.1607,4.9613,1231,0,0
33.1855,4.9250,1222,0,0
33.2103,4.9815,1236,0,0
33.2351,4.9613,1231,0,0
33.2599,4.9412,1226,0,0
33.2848,4.9613,1231,0,0
33.3096,4.9734,1234,0,0
33.3344,4.9935,1239,0,0
33.3592,4.9371,1225,0,0
33.3840,4.9613,1231,0,0
33.4088,4.9734,1234,0,0
33.4336,4.9331,1224,0,0
33.4584,4.9613,1231,0,0
33.4832,4.9613,1231,0,0
33.5080,4.9815,1236,0,0
33.5328,4.9653,1232,0,0
33.5576,4.9291,1223,0,0
33.5824,4.9371,1225,0,0
33.6072,4.9734,1234,0,0
33.6320,4.9291,1223,0,0
33.6568,5.0056,1242,0,0
33.6816,4.9653,1232,0,0
33.7064,4.9371,1225,0,0
33.7312,4.9935,1239,0,0
33.7560,4.9734,1234,0,0
33.7808,4.9694,1233,0,0
33.8056,4.9734,1234,0,0
33.8304,4.9815,1236,0,0
33.8552,4.9412,1226,0,0
33.8800,4.9815,1236,0,0
33.9048,4.9734,1234,0,0
33.9296,4.9734,1234,0,0
33.9544,4.9734,1234,0,0
33.9792,4.9734,1234,0,0
34.0040,4.9734,1234,0,0
34.0288,4.9613,1231,0,0
34.0536,5.0056,1242,0,0
34.0784,4.9815,1236,0,0
34.1032,4.9734,1234,0,0
34.1280,4.9331,1224,0,0
34.1528,4.9653,1232,0,0
34.1776,4.9371,1225,0,0
34.2024,4.9371,1225,0,0
34.2272,5.0056,1242,0,0
34.2520,4.9815,1236,0,0
34.2768,4.9331,1224,0,0
34.3016,4.9855,1237,0,0
34.3265,4.9815,1236,0,0
34.3513,4.9694,1233,0,0
34.3761,4.9855,1237,0,0
34.4009,4.9734,1234,0,0
34.4257,4.9250,1222,0,0
34.4505,4.9734,1234,0,0
34.4753,4.9815,1236,0,0
34.5001,4.9734,1234,0,0
34.5249,4.9694,1233,0,0
34.5497,4.9855,1237,0,0
34.5745,4.9331,1224,0,0
34.5993,4.9613,1231,0,0
34.6241,4.9815,1236,0,0
34.6489,4.9855,1237,0,0
34.6737,4.9734,1234,0,0
34.6985,4.9734,1234,0,0
34.7233,5.0016,1241,0,0
34.7481,4.9613,1231,0,0
34.7729,4.9734,1234,0,0
34.7977,4.9815,1236,0,0
34.8225,4.9734,1234,0,0
34.8473,4.9694,1233,0,0
34.8721,4.9815,1236,0,0
34.8969,4.9734,1234,0,0
34.9217,4.9734,1234,0,0
34.9465,4.9694,1233,0,0
34.9713,4.9815,1236,0,0
34.9961,4.9412,1226,0,0
35.0209,4.9613,1231,0,0
35.0457,4.9734,1234,0,0
35.0705,4.9250,1222,0,0
35.0953,5.0097,1243,0,0
35.1201,4.9734,1234,0,0
35.1449,4.9613,1231,0,0
35.1697,5.0056,1242,0,0
35.1945,4.9331,1224,0,0
35.2193,4.9734,1234,0,0
35.2441,4.9734,1234,0,0
35.2689,4.9855,1237,0,0
35.2937,4.9734,1234,0,0
35.3185,4.9734,1234,0,0
35.3433,4.9855,1237,0,0
35.3681,4.9935,1239,0,0
35.3930,4.9734,1234,0,0
35.4178,4.9331,1224,0,0
35.4426,4.9855,1237,0,0
35.4674,4.9734,1234,0,0
35.4922,4.9734,1234,0,0
35.5170,4.9935,1239,0,0
35.5418,4.9815,1236,0,0
35.5666,4.9734,1234,0,0
35.5914,5.0097,1243,0,0
35.6162,4.9049,1217,0,0
35.6410,4.9734,1234,0,0
35.6658,4.9734,1234,0,0
35.6906,4.9935,1239,0,0
35.7154,4.9250,1222,0,0
35.7402,4.9734,1234,0,0
35.7650,4.9734,1234,0,0
35.7898,4.9331,1224,0,0
35.8146,4.9734,1234,0,0
35.8394,4.9734,1234,0,0
35.8642,4.9855,1237,0,0
35.8890,4.9694,1233,0,0
35.9138,4.9734,1234,0,0
35.9386,4.9734,1234,0,0
35.9634,4.9250,1222,0,0
35.9882,4.9855,1237,0,0
36.0130,4.9734,1234,0,0
36.0378,5.0016,1241,0,0
36.0626,4.9935,1239,0,0
36.0874,4.9613,1231,0,0
36.1122,4.9613,1231,0,0
36.1370,4.9734,1234,0,0
36.1618,4.9815,1236,0,0
36.1866,4.9734,1234,0,0
36.2114,4.9734,1234,0,0
36.2362,4.9815,1236,0,0
36.2610,4.9815,1236,0,0
36.2858,5.0097,1243,0,0
36.3106,4.9855,1237,0,0
36.3354,4.9734,1234,0,0
36.3602,4.9734,1234,0,0
36.3850,4.9734,1234,0,0
36.4098,4.9734,1234,0,0
36.4347,4.9734,1234,0,0
36.4595,4.9815,1236,0,0
36.4843,4.9855,1237,0,0
36.5091,4.9613,1231,0,0
36.5339,4.9613,1231,0,0
36.5587,4.9855,1237,0,0
36.5835,4.9935,1239,0,0
36.6083,4.9734,1234,0,0
36.6331,5.0097,1243,0,0
36.6579,4.9734,1234,0,0
36.6827,4.9815,1236,0,0
36.7075,5.0056,1242,0,0
36.7323,4.9613,1231,0,0
36.7571,4.9653,1232,0,0
36.7819,4.9855,1237,0,0
36.8067,4.9815,1236,0,0
36.8315,4.9412,1226,0,0
36.8563,4.9613,1231,0,0
36.8811,4.9734,1234,0,0
36.9059,4.9371,1225,0,0
36.9307,4.9734,1234,0,0
36.9555,5.0177,1245,0,0
36.9803,5.0056,1242,0,0
37.0051,4.9694,1233,0,0
37.0299,4.9935,1239,0,0
37.0547,5.0097,1243,0,0
37.0795,4.9734,1234,0,0
37.1043,4.9815,1236,0,0
37.1291,5.0177,1245,0,0
37.1539,4.9734,1234,0,0
37.1787,4.9694,1233,0,0
37.2035,4.9734,1234,0,0
37.2283,4.9734,1234,0,0
37.2531,4.9331,1224,0,0
37.2779,4.9855,1237,0,0
37.3027,4.9734,1234,0,0
37.3275,4.9734,1234,0,0
37.3523,4.9855,1237,0,0
37.3771,4.9855,1237,0,0
37.4019,4.9815,1236,0,0
37.4267,4.9855,1237,0,0
37.4515,4.9935,1239,0,0
37.4763,4.9734,1234,0,0
37.5012,4.9815,1236,0,0
37.5260,4.9935,1239,0,0
37.5508,4.9734,1234,0,0
37.5756,4.9935,1239,0,0
37.6004,5.0177,1245,0,0
37.6252,4.9935,1239,0,0
37.6500,4.9653,1232,0,0
37.6748,5.0056,1242,0,0
37.6996,4.9935,1239,0,0
37.7244,4.9734,1234,0,0
37.7492,5.0097,1243,0,0
37.7740,4.9935,1239,0,0
37.7988,4.9613,1231,0,0
37.8236,4.9815,1236,0,0
37.8484,5.0097,1243,0,0
37.8732,4.9815,1236,0,0
37.8980,4.9935,1239,0,0
37.9228,4.9855,1237,0,0
37.9476,4.9734,1234,0,0
37.9724,4.9694,1233,0,0
37.9972,4.9815,1236,0,0
38.0220,4.9815,1236,0,0
38.0468,4.9935,1239,0,0
38.0716,4.9734,1234,0,0
38.0964,4.9734,1234,0,0
38.1212,4.9734,1234,0,0
38.1460,4.9815,1236,0,0
38.1708,4.9734,1234,0,0
38.1956,4.9935,1239,0,0
38.2204,4.9734,1234,0,0
38.2452,5.0177,1245,0,0
38.2700,4.9815,1236,0,0
38.2948,5.0097,1243,0,0
38.3196,4.9815,1236,0,0
38.3444,4.9734,1234,0,0
38.3692,4.9935,1239,0,0
38.3940,4.9935,1239,0,0
38.4188,4.9815,1236,0,0
38.4436,4.9734,1234,0,0
38.4684,5.0097,1243,0,0
38.4932,5.0177,1245,0,0
38.5180,4.9935,1239,0,0
38.5429,4.9613,1231,0,0
38.5677,5.0097,1243,0,0
38.5925,4.9935,1239,0,0
38.6173,4.9371,1225,0,0
38.6421,5.0298,1248,0,0
38.6669,5.0056,1242,0,0
38.6917,4.9734,1234,0,0
38.7165,4.9855,1237,0,0
38.7413,4.9734,1234,0,0
38.7661,4.9815,1236,0,0
38.7909,5.0177,1245,0,0
38.8157,4.9734,1234,0,0
38.8405,4.9855,1237,0,0
38.8653,4.9935,1239,0,0
38.8901,5.0218,1246,0,0
38.9149,5.0097,1243,0,0
38.9397,4.9734,1234,0,0
38.9645,4.9855,1237,0,0
38.9893,4.9734,1234,0,0
39.0141,4.9412,1226,0,0
39.0389,4.9815,1236,0,0
39.0637,5.0298,1248,0,0
39.0885,4.9815,1236,0,0
39.1133,5.0097,1243,0,0
39.1381,5.0056,1242,0,0
39.1629,5.0097,1243,0,0
39.1877,4.9855,1237,0,0
39.2125,5.0177,1245,0,0
39.2373,4.9935,1239,0,0
39.2621,5.0056,1242,0,0
39.2869,4.9815,1236,0,0
39.3117,4.9734,1234,0,0
39.3365,4.9935,1239,0,0
39.3613,4.9734,1234,0,0
39.3861,5.0218,1246,0,0
39.4109,5.0016,1241,0,0
39.4357,5.0097,1243,0,0
39.4605,5.0097,1243,0,0
39.4853,4.9855,1237,0,0
39.5101,5.0056,1242,0,0
39.5349,5.0218,1246,0,0
39.5597,4.9734,1234,0,0
39.5845,4.9855,1237,0,0
39.6094,5.0056,1242,0,0
39.6342,5.0177,1245,0,0
39.6590,4.9815,1236,0,0
39.6838,4.9815,1236,0,0
39.7086,4.9815,1236,0,0
39.7334,4.9734,1234,0,0
39.7582,5.0056,1242,0,0
39.7830,5.0097,1243,0,0
39.8078,4.9815,1236,0,0
39.8326,4.9935,1239,0,0
39.8574,4.9734,1234,0,0
39.8822,5.0177,1245,0,0
39.9070,4.9734,1234,0,0
39.9318,5.0056,1242,0,0
39.9566,4.9855,1237,0,0
39.9814,4.9815,1236,0,0
40.0062,5.0218,1246,0,0
40.0310,4.9935,1239,0,0
40.0558,4.9855,1237,0,0
40.0806,4.9734,1234,0,0
40.1054,5.0218,1246,0,0
40.1302,4.9694,1233,0,0
40.1550,4.9815,1236,0,0
40.1798,5.0177,1245,0,0
40.2046,4.9613,1231,0,0
40.2294,5.0097,1243,0,0
40.2542,4.9935,1239,0,0
40.2790,4.9855,1237,0,0
40.3038,4.9815,1236,0,0
40.3286,5.0218,1246,0,0
40.3534,4.9935,1239,0,0
40.3782,4.9734,1234,0,0
40.4030,5.0016,1241,0,0
40.4278,4.9815,1236,0,0
40.4526,5.0097,1243,0,0
40.4774,4.9855,1237,0,0
40.5022,5.0218,1246,0,0
40.5270,4.9815,1236,0,0
40.5518,4.9815,1236,0,0
40.5766,4.9734,1234,0,0
40.6014,4.9855,1237,0,0
40.6262,4.9815,1236,0,0
40.6511,5.0177,1245,0,0
40.6759,4.9815,1236,0,0
40.7007,5.0016,1241,0,0
40.7255,4.9935,1239,0,0
40.7503,5.0218,1246,0,0
40.7751,5.0056,1242,0,0
40.7999,5.0056,1242,0,0
40.8247,5.0056,1242,0,0
40.8495,4.9694,1233,0,0
40.8743,5.0218,1246,0,0
40.8991,5.0056,1242,0,0
40.9239,4.9815,1236,0,0
40.9487,5.0097,1243,0,0
40.9735,5.0218,1246,0,0
40.9983,5.0097,1243,0,0
41.0231,4.9815,1236,0,0
41.0479,4.9734,1234,0,0
41.0727,5.0218,1246,0,0
41.0975,4.9855,1237,0,0
41.1223,4.9694,1233,0,0
41.1471,4.9734,1234,0,0
41.1719,4.9734,1234,0,0
41.1967,4.9855,1237,0,0
41.2215,5.0056,1242,0,0
41.2463,4.9734,1234,0,0
41.2711,4.9815,1236,0,0
41.2959,5.0056,1242,0,0
41.3207,4.9855,1237,0,0
41.3455,4.9935,1239,0,0
41.3703,4.9734,1234,0,0
41.3951,5.0338,1249,0,0
41.4199,4.8283,1198,0,0
41.4447,4.9815,1236,0,0
41.4695,5.0177,1245,0,0
41.4943,4.9935,1239,0,0
41.5191,5.0056,1242,0,0
41.5439,4.9734,1234,0,0
41.5687,4.9855,1237,0,0
41.5935,4.9855,1237,0,0
41.6183,5.0097,1243,0,0
41.6431,5.0580,1255,0,0
41.6679,5.0177,1245,0,0
41.6927,5.0016,1241,0,0
41.7176,5.0379,1250,0,0
41.7424,4.9734,1234,0,0
41.7672,4.9815,1236,0,0
41.7920,5.0016,1241,0,0
41.8168,5.0177,1245,0,0
41.8416,4.9855,1237,0,0
41.8664,4.9935,1239,0,0
41.8912,5.0782,1260,0,0
41.9160,4.9734,1234,0,0
41.9408,5.0016,1241,0,0
41.9656,4.9855,1237,0,0
41.9904,4.9935,1239,0,0
42.0152,5.0177,1245,0,0
42.0400,4.9935,1239,0,0
42.0648,4.9734,1234,0,0
42.0896,5.0097,1243,0,0
42.1144,4.9935,1239,0,0
42.1392,4.9815,1236,0,0
42.1640,4.9815,1236,0,0
42.1888,5.0298,1248,0,0
42.2136,5.0056,1242,0,0
42.2384,4.9935,1239,0,0
42.2632,5.0056,1242,0,0
42.2880,5.0701,1258,0,0
42.3128,5.0056,1242,0,0
42.3376,4.9935,1239,0,0
42.3624,4.9935,1239,0,0
42.3872,5.0097,1243,0,0
42.4120,4.9734,1234,0,0
42.4368,5.0177,1245,0,0
42.4616,4.9815,1236,0,0
42.4864,4.9815,1236,0,0
42.5112,5.0177,1245,0,0
42.5360,4.9935,1239,0,0
42.5608,5.0097,1243,0,0
42.5856,4.9935,1239,0,0
42.6104,4.9935,1239,0,0
42.6352,4.9815,1236,0,0
42.6600,5.0177,1245,0,0
42.6848,5.0177,1245,0,0
42.7096,5.0177,1245,0,0
42.7344,5.0056,1242,0,0
42.7593,5.0177,1245,0,0
42.7841,5.0016,1241,0,0
42.8089,4.9855,1237,0,0
42.8337,4.9935,1239,0,0
42.8585,5.0097,1243,0,0
42.8833,4.9734,1234,0,0
42.9081,5.0056,1242,0,0
42.9329,4.9935,1239,0,0
42.9577,4.9935,1239,0,0
42.9825,5.0177,1245,0,0
43.0073,4.9935,1239,0,0
43.0321,5.0097,1243,0,0
43.0569,5.0177,1245,0,0
43.0817,5.0097,1243,0,0
43.1065,4.9935,1239,0,0
43.1313,4.9935,1239,0,0
43.1561,4.9935,1239,0,0
43.1809,4.9694,1233,0,0
43.2057,5.0056,1242,0,0
43.2305,5.0097,1243,0,0
43.2553,5.0097,1243,0,0
43.2801,5.0177,1245,0,0
43.3049,5.0177,1245,0,0
43.3297,5.0298,1248,0,0
43.3545,4.9815,1236,0,0
43.3793,4.9855,1237,0,0
43.4041,5.0097,1243,0,0
43.4289,4.9935,1239,0,0
43.4537,4.9855,1237,0,0
43.4785,5.0177,1245,0,0
43.5033,4.9734,1234,0,0
43.5281,4.9855,1237,0,0
43.5529,5.0056,1242,0,0
43.5777,4.9855,1237,0,0
43.6025,4.9815,1236,0,0
43.6273,5.0338,1249,0,0
43.6521,5.0097,1243,0,0
43.6769,4.9855,1237,0,0
43.7017,5.0177,1245,0,0
43.7265,5.0177,1245,0,0
43.7513,4.9734,1234,0,0
43.7761,5.0177,1245,0,0
43.8009,4.9935,1239,0,0
43.8258,4.9935,1239,0,0
43.8506,4.9815,1236,0,0
43.8754,5.0218,1246,0,0
43.9002,4.9935,1239,0,0
43.9250,4.9734,1234,0,0
43.9498,5.0056,1242,0,0
43.9746,5.0298,1248,0,0
43.9994,5.0177,1245,0,0
44.0242,5.0177,1245,0,0
44.0490,5.0097,1243,0,0
44.0738,5.0097,1243,0,0
44.0986,5.0298,1248,0,0
44.1234,5.0218,1246,0,0
44.1482,5.0097,1243,0,0
44.1730,5.0056,1242,0,0
44.1978,5.0379,1250,0,0
44.2226,5.0218,1246,0,0
44.2474,5.0177,1245,0,0
44.2722,5.0177,1245,0,0
44.2970,5.0177,1245,0,0
44.3218,4.9815,1236,0,0
44.3466,4.9855,1237,0,0
44.3714,5.0177,1245,0,0
44.3962,4.9935,1239,0,0
44.4210,5.0298,1248,0,0
44.4458,5.0097,1243,0,0
44.4706,4.9371,1225,0,0
44.4954,5.0177,1245,0,0
44.5202,5.0177,1245,0,0
44.5450,5.0097,1243,0,0
44.5698,4.9815,1236,0,0
44.5946,5.0177,1245,0,0
44.6194,4.9734,1234,0,0
44.6442,5.0097,1243,0,0
44.6690,5.0056,1242,0,0
44.6938,5.0298,1248,0,0
44.7186,4.9935,1239,0,0
44.7434,4.9935,1239,0,0
44.7682,5.0056,1242,0,0
44.7930,5.0097,1243,0,0
44.8178,5.0097,1243,0,0
44.8426,5.0097,1243,0,0
44.8675,5.0177,1245,0,0
44.8923,4.9815,1236,0,0
44.9171,5.0500,1253,0,0
44.9419,4.9855,1237,0,0
44.9667,5.0056,1242,0,0
44.9915,5.0338,1249,0,0
45.0163,5.0177,1245,0,0
45.0411,4.9935,1239,0,0
45.0659,5.0097,1243,0,0
45.0907,5.0056,1242,0,0
45.1155,5.0177,1245,0,0
45.1403,4.9855,1237,0,0
45.1651,5.0338,1249,0,0
45.1899,4.9935,1239,0,0
45.2147,4.9935,1239,0,0
45.2395,5.0500,1253,0,0
45.2643,4.9935,1239,0,0
45.2891,5.0097,1243,0,0
45.3139,5.0218,1246,0,0
45.3387,5.0097,1243,0,0
45.3635,5.0177,1245,0,0
45.3883,5.0218,1246,0,0
45.4131,5.0177,1245,0,0
45.4379,5.0097,1243,0,0
45.4627,5.0177,1245,0,0
45.4875,4.9855,1237,0,0
45.5123,5.0097,1243,0,0
45.5371,4.9935,1239,0,0
45.5619,5.0298,1248,0,0
45.5867,5.0298,1248,0,0
45.6115,4.9855,1237,0,0
45.6363,5.0177,1245,0,0
45.6611,5.0338,1249,0,0
45.6859,5.0298,1248,0,0
45.7107,5.0379,1250,0,0
45.7355,5.0338,1249,0,0
45.7603,5.0338,1249,0,0
45.7851,5.0298,1248,0,0
45.8099,5.0177,1245,0,0
45.8347,5.0218,1246,0,0
45.8595,5.0097,1243,0,0
45.8843,5.0218,1246,0,0
45.9091,5.0177,1245,0,0
45.9339,5.0177,1245,0,0
45.9588,5.0298,1248,0,0
45.9836,5.0177,1245,0,0
46.0084,5.0097,1243,0,0
46.0332,5.0097,1243,0,0
46.0580,5.0097,1243,0,0
46.0828,4.9935,1239,0,0
46.1076,4.9935,1239,0,0
46.1324,5.0379,1250,0,0
46.1572,4.9935,1239,0,0
46.1820,4.9935,1239,0,0
46.2068,5.0298,1248,0,0
46.2316,5.0218,1246,0,0
46.2564,4.9855,1237,0,0
46.2812,5.0177,1245,0,0
46.3060,4.9734,1234,0,0
46.3308,4.9815,1236,0,0
46.3556,5.0177,1245,0,0
46.3804,5.0338,1249,0,0
46.4052,4.9935,1239,0,0
46.4300,4.9815,1236,0,0
46.4548,5.0338,1249,0,0
46.4796,4.9935,1239,0,0
46.5044,5.0056,1242,0,0
46.5292,5.0338,1249,0,0
46.5540,5.0056,1242,0,0
46.5788,5.0016,1241,0,0
46.6036,5.0177,1245,0,0
46.6284,5.0097,1243,0,0
46.6532,4.9935,1239,0,0
46.6780,5.0338,1249,0,0
46.7028,5.0097,1243,0,0
46.7276,4.9815,1236,0,0
46.7524,5.0056,1242,0,0
46.7772,5.0419,1251,0,0
46.8020,5.0298,1248,0,0
46.8268,5.0097,1243,0,0
46.8516,5.0016,1241,0,0
46.8764,4.9855,1237,0,0
46.9012,5.0056,1242,0,0
46.9260,4.9935,1239,0,0
46.9508,5.0056,1242,0,0
46.9757,5.0218,1246,0,0
47.0005,5.0218,1246,0,0
47.0253,5.0218,1246,0,0
47.0501,5.0177,1245,0,0
47.0749,5.0097,1243,0,0
47.0997,5.0218,1246,0,0
47.1245,5.0298,1248,0,0
47.1493,5.0177,1245,0,0
47.1741,5.0500,1253,0,0
47.1989,5.0218,1246,0,0
47.2237,5.0016,1241,0,0
47.2485,5.0097,1243,0,0
47.2733,4.9935,1239,0,0
47.2981,5.0419,1251,0,0
47.3229,4.9935,1239,0,0
47.3477,5.0298,1248,0,0
47.3725,5.0177,1245,0,0
47.3973,5.0338,1249,0,0
47.4221,4.9935,1239,0,0
47.4469,5.0419,1251,0,0
47.4717,5.0097,1243,0,0
47.4965,5.0218,1246,0,0
47.5213,5.0177,1245,0,0
47.5461,5.0177,1245,0,0
47.5709,5.0298,1248,0,0
47.5957,5.0298,1248,0,0
47.6205,4.9855,1237,0,0
47.6453,5.0338,1249,0,0
47.6701,5.0338,1249,0,0
47.6949,5.0056,1242,0,0
47.7197,5.0540,1254,0,0
47.7445,5.0419,1251,0,0
47.7693,5.0419,1251,0,0
47.7941,4.9855,1237,0,0
47.8189,5.0419,1251,0,0
47.8437,5.0298,1248,0,0
47.8685,4.9935,1239,0,0
47.8933,4.9935,1239,0,0
47.9181,5.0177,1245,0,0
47.9429,5.0218,1246,0,0
47.9677,5.0177,1245,0,0
47.9925,5.0298,1248,0,0
48.0173,5.0016,1241,0,0
48.0421,5.0056,1242,0,0
48.0670,5.0218,1246,0,0
48.0918,5.0338,1249,0,0
48.1166,5.0177,1245,0,0
48.1414,4.9935,1239,0,0
48.1662,5.0298,1248,0,0
48.1910,5.0177,1245,0,0
48.2158,5.0177,1245,0,0
48.2406,5.0218,1246,0,0
48.2654,4.9935,1239,0,0
48.2902,5.0177,1245,0,0
48.3150,5.0419,1251,0,0
48.3398,5.0500,1253,0,0
48.3646,4.9815,1236,0,0
48.3894,5.0016,1241,0,0
48.4142,5.0177,1245,0,0
48.4390,4.9815,1236,0,0
48.4638,5.0177,1245,0,0
48.4886,5.0338,1249,0,0
48.5134,5.0338,1249,0,0
48.5382,5.0177,1245,0,0
48.5630,5.0298,1248,0,0
48.5878,5.0097,1243,0,0
48.6126,5.0298,1248,0,0
48.6374,5.0298,1248,0,0
48.6622,5.0056,1242,0,0
48.6870,5.0177,1245,0,0
48.7118,5.0338,1249,0,0
48.7366,5.0177,1245,0,0
48.7614,5.0298,1248,0,0
48.7862,5.0177,1245,0,0
48.8110,5.0298,1248,0,0
48.8358,4.9855,1237,0,0
48.8606,4.9815,1236,0,0
48.8854,5.0661,1257,0,0
48.9102,5.0419,1251,0,0
48.9350,5.0177,1245,0,0
48.9598,5.0419,1251,0,0
48.9846,5.0218,1246,0,0
49.0094,4.9935,1239,0,0
49.0342,5.0379,1250,0,0
49.0590,5.0338,1249,0,0
49.0838,5.0177,1245,0,0
49.1087,4.9855,1237,0,0
49.1335,5.0540,1254,0,0
49.1583,5.0097,1243,0,0
49.1831,5.0218,1246,0,0
49.2079,5.0097,1243,0,0
49.2327,4.9855,1237,0,0
49.2575,5.0097,1243,0,0
49.2823,5.0298,1248,0,0
49.3071,5.0338,1249,0,0
49.3319,5.0177,1245,0,0
49.3567,5.0338,1249,0,0
49.3815,5.0218,1246,0,0
49.4063,4.9815,1236,0,0
49.4311,5.0298,1248,0,0
49.4559,5.0419,1251,0,0
49.4807,4.9935,1239,0,0
49.5055,5.0338,1249,0,0
49.5303,5.0298,1248,0,0
49.5551,5.0177,1245,0,0
49.5799,5.0177,1245,0,0
49.6047,5.0177,1245,0,0
49.6295,5.0056,1242,0,0
49.6543,5.0419,1251,0,0
49.6791,5.0338,1249,0,0
49.7039,4.9935,1239,0,0
49.7287,5.0056,1242,0,0
49.7535,5.0379,1250,0,0
49.7783,5.0298,1248,0,0
49.8031,5.0056,1242,0,0
49.8279,5.0298,1248,0,0
49.8527,5.0500,1253,0,0
49.8775,5.0056,1242,0,0
49.9023,5.0218,1246,0,0
49.9271,5.0056,1242,0,0
49.9519,5.0218,1246,0,0
49.9767,4.9855,1237,0,0
50.0015,5.0338,1249,0,0
50.0263,5.0500,1253,0,0
50.0511,5.0298,1248,0,0
50.0759,5.0218,1246,0,0
50.1007,5.0177,1245,0,0
50.1255,5.0056,1242,0,0
50.1503,5.0177,1245,0,0
50.1752,5.0500,1253,0,0
50.2000,5.0500,1253,0,0
50.2248,5.0338,1249,0,0
50.2496,5.0218,1246,0,0
50.2744,5.0218,1246,0,0
50.2992,4.9935,1239,0,0
50.3240,5.0338,1249,0,0
50.3488,5.0379,1250,0,0
50.3736,4.9935,1239,0,0
50.3984,5.0298,1248,0,0
50.4232,5.0379,1250,0,0
50.4480,4.9935,1239,0,0
50.4728,5.0298,1248,0,0
50.4976,5.0338,1249,0,0
50.5224,5.0056,1242,0,0
50.5472,5.0056,1242,0,0
50.5720,5.0500,1253,0,0
50.5968,5.0097,1243,0,0
50.6216,5.0298,1248,0,0
50.6464,5.0218,1246,0,0
50.6712,5.0177,1245,0,0
50.6960,5.0218,1246,0,0
50.7208,5.0338,1249,0,0
50.7456,5.0540,1254,0,0
50.7704,5.0177,1245,0,0
50.7952,5.0338,1249,0,0
50.8200,5.0338,1249,0,0
50.8448,4.9855,1237,0,0
50.8696,5.0419,1251,0,0
50.8944,5.0298,1248,0,0
50.9192,5.0056,1242,0,0
50.9440,5.0218,1246,0,0
50.9688,5.0338,1249,0,0
50.9936,5.0218,1246,0,0
51.0184,5.0298,1248,0,0
51.0432,5.0338,1249,0,0
51.0680,5.0177,1245,0,0
51.0928,5.0298,1248,0,0
51.1176,5.0097,1243,0,0
51.1424,5.0298,1248,0,0
51.1672,5.0056,1242,0,0
51.1920,5.0379,1250,0,0
51.2169,5.0419,1251,0,0
51.2417,5.0298,1248,0,0
51.2665,5.0218,1246,0,0
51.2913,5.0298,1248,0,0
51.3161,5.0379,1250,0,0
51.3409,5.0298,1248,0,0
51.3657,5.0500,1253,0,0
51.3905,5.0379,1250,0,0
51.4153,4.9855,1237,0,0
51.4401,5.0016,1241,0,0
51.4649,5.0298,1248,0,0
51.4897,5.0218,1246,0,0
51.5145,5.0056,1242,0,0
51.5393,5.0298,1248,0,0
51.5641,5.0218,1246,0,0
51.5889,5.0056,1242,0,0
51.6137,5.0177,1245,0,0
51.6385,5.0338,1249,0,0
51.6633,5.0298,1248,0,0
51.6881,5.0056,1242,0,0
51.7129,5.0379,1250,0,0
51.7377,5.0177,1245,0,0
51.7625,5.0298,1248,0,0
51.7873,5.0338,1249,0,0
51.8121,5.0419,1251,0,0
51.8369,5.0177,1245,0,0
51.8617,5.0177,1245,0,0
51.8865,5.0218,1246,0,0
51.9113,5.0298,1248,0,0
51.9361,5.0379,1250,0,0
51.9609,5.0419,1251,0,0
51.9857,5.0218,1246,0,0
52.0105,5.0338,1249,0,0
52.0353,5.0338,1249,0,0
52.0601,5.0338,1249,0,0
52.0849,5.0177,1245,0,0
52.1097,5.0701,1258,0,0
52.1345,5.0177,1245,0,0
52.1593,5.0500,1253,0,0
52.1841,5.0419,1251,0,0
52.2089,5.0298,1248,0,0
52.2337,5.0218,1246,0,0
52.2585,5.0218,1246,0,0
52.2834,5.0338,1249,0,0
52.3082,5.0218,1246,0,0
52.3330,4.8726,1209,0,0
52.3578,5.0338,1249,0,0
52.3826,5.0177,1245,0,0
52.4074,5.0177,1245,0,0
52.4322,5.0419,1251,0,0
52.4570,5.0298,1248,0,0
52.4818,5.0298,1248,0,0
52.5066,5.0177,1245,0,0
52.5314,5.0218,1246,0,0
52.5562,5.0379,1250,0,0
52.5810,5.0056,1242,0,0
52.6058,5.0419,1251,0,0
52.6306,5.0338,1249,0,0
52.6554,5.0097,1243,0,0
52.6802,5.0500,1253,0,0
52.7050,5.0338,1249,0,0
52.7298,5.0298,1248,0,0
52.7546,5.0419,1251,0,0
52.7794,5.0218,1246,0,0
52.8042,5.0097,1243,0,0
52.8290,5.0379,1250,0,0
52.8538,5.0580,1255,0,0
52.8786,5.0419,1251,0,0
52.9034,5.0379,1250,0,0
52.9282,5.0338,1249,0,0
52.9530,5.0016,1241,0,0
52.9778,5.0338,1249,0,0
53.0026,5.0379,1250,0,0
53.0274,5.0338,1249,0,0
53.0522,5.0298,1248,0,0
53.0770,5.0338,1249,0,0
53.1018,5.0338,1249,0,0
53.1266,5.0056,1242,0,0
53.1514,5.0661,1257,0,0
53.1762,5.0218,1246,0,0
53.2010,5.0298,1248,0,0
53.2258,5.0218,1246,0,0
53.2506,5.0419,1251,0,0
53.2754,5.0298,1248,0,0
53.3002,5.0218,1246,0,0
53.3251,5.0379,1250,0,0
53.3499,5.0298,1248,0,0
53.3747,5.0016,1241,0,0
53.3995,4.9935,1239,0,0
53.4243,5.0500,1253,0,0
53.4491,5.0056,1242,0,0
53.4739,5.0218,1246,0,0
53.4987,5.0338,1249,0,0
53.5235,4.9734,1234,0,0
53.5483,5.0218,1246,0,0
53.5731,5.0298,1248,0,0
53.5979,5.0218,1246,0,0
53.6227,5.0379,1250,0,0
53.6475,5.0580,1255,0,0
53.6723,5.0298,1248,0,0
53.6971,5.0419,1251,0,0
53.7219,5.0782,1260,0,0
53.7467,5.0177,1245,0,0
53.7715,5.0298,1248,0,0
53.7963,5.0338,1249,0,0
53.8211,5.0338,1249,0,0
53.8459,5.0298,1248,0,0
53.8707,5.0298,1248,0,0
53.8955,5.0177,1245,0,0
53.9203,5.0338,1249,0,0
53.9451,5.0177,1245,0,0
53.9699,5.0379,1250,0,0
53.9947,5.0338,1249,0,0
54.0195,5.0097,1243,0,0
54.0443,5.0298,1248,0,0
54.0691,5.0379,1250,0,0
54.0939,5.0177,1245,0,0
54.1187,5.0338,1249,0,0
54.1435,5.0298,1248,0,0
54.1683,5.0218,1246,0,0
54.1931,5.0298,1248,0,0
54.2179,5.0379,1250,0,0
54.2427,5.0338,1249,0,0
54.2675,5.0056,1242,0,0
54.2923,5.0822,1261,0,0
54.3171,5.0338,1249,0,0
54.3419,5.0298,1248,0,0
54.3667,5.0701,1258,0,0
54.3916,5.0338,1249,0,0
54.4164,5.0097,1243,0,0
54.4412,5.0338,1249,0,0
54.4660,5.0338,1249,0,0
54.4908,5.0379,1250,0,0
54.5156,5.0419,1251,0,0
54.5404,5.0218,1246,0,0
54.5652,5.0419,1251,0,0
54.5900,5.0298,1248,0,0
54.6148,5.0298,1248,0,0
54.6396,5.0500,1253,0,0
54.6644,5.0056,1242,0,0
54.6892,5.0379,1250,0,0
54.7140,5.0338,1249,0,0
54.7388,5.0379,1250,0,0
54.7636,5.0218,1246,0,0
54.7884,5.0097,1243,0,0
54.8132,5.0298,1248,0,0
54.8380,5.0097,1243,0,0
54.8628,5.0338,1249,0,0
54.8876,5.0338,1249,0,0
54.9124,4.9935,1239,0,0
54.9372,5.0338,1249,0,0
54.9620,5.0338,1249,0,0
54.9868,5.0298,1248,0,0
55.0116,5.0056,1242,0,0
55.0364,5.0338,1249,0,0
55.0612,5.0338,1249,0,0
55.0860,5.0056,1242,0,0
55.1108,5.0016,1241,0,0
55.1356,5.0419,1251,0,0
55.1604,5.0298,1248,0,0
55.1852,5.0338,1249,0,0
55.2100,5.0379,1250,0,0
55.2348,5.0338,1249,0,0
55.2596,5.0338,1249,0,0
55.2844,5.0540,1254,0,0
55.3092,4.9815,1236,0,0
55.3340,5.0177,1245,0,0
55.3588,5.0540,1254,0,0
55.3836,5.0500,1253,0,0
55.4084,5.0419,1251,0,0
55.4333,5.0338,1249,0,0
55.4581,5.0419,1251,0,0
55.4829,5.0177,1245,0,0
55.5077,5.0419,1251,0,0
55.5325,5.0580,1255,0,0
55.5573,5.0056,1242,0,0
55.5821,5.0338,1249,0,0
55.6069,5.0338,1249,0,0
55.6317,5.0338,1249,0,0
55.6565,5.0419,1251,0,0
55.6813,5.0338,1249,0,0
55.7061,5.0338,1249,0,0
55.7309,5.0177,1245,0,0
55.7557,5.0177,1245,0,0
55.7805,5.0379,1250,0,0
55.8053,5.0419,1251,0,0
55.8301,5.0379,1250,0,0
55.8549,5.0298,1248,0,0
55.8797,5.0177,1245,0,0
55.9045,5.0218,1246,0,0
55.9293,5.0742,1259,0,0
55.9541,5.0338,1249,0,0
55.9789,5.0177,1245,0,0
56.0037,5.0379,1250,0,0
56.0285,5.0218,1246,0,0
56.0533,5.0298,1248,0,0
56.0781,5.0419,1251,0,0
56.1029,5.0742,1259,0,0
56.1277,5.0419,1251,0,0
56.1525,5.0742,1259,0,0
56.1773,5.0540,1254,0,0
56.2021,5.0379,1250,0,0
56.2269,5.0298,1248,0,0
56.2517,5.0661,1257,0,0
56.2765,5.0298,1248,0,0
56.3013,5.0379,1250,0,0
56.3261,5.0379,1250,0,0
56.3509,5.0661,1257,0,0
56.3757,4.9935,1239,0,0
56.4005,5.0177,1245,0,0
56.4253,5.0379,1250,0,0
56.4501,5.0419,1251,0,0
56.4749,5.0298,1248,0,0
56.4998,5.0298,1248,0,0
56.5246,5.0298,1248,0,0
56.5494,5.0338,1249,0,0
56.5742,5.0379,1250,0,0
56.5990,5.0419,1251,0,0
56.6238,5.0338,1249,0,0
56.6486,5.0379,1250,0,0
56.6734,5.0419,1251,0,0
56.6982,5.0338,1249,0,0
56.7230,5.0500,1253,0,0
56.7478,5.0298,1248,0,0
56.7726,5.0379,1250,0,0
56.7974,5.0419,1251,0,0
56.8222,5.0540,1254,0,0
56.8470,5.0338,1249,0,0
56.8718,5.0177,1245,0,0
56.8966,5.0177,1245,0,0
56.9214,5.0701,1258,0,0
56.9462,5.0379,1250,0,0
56.9710,5.0500,1253,0,0
56.9958,5.0338,1249,0,0
57.0206,5.0419,1251,0,0
57.0454,5.0742,1259,0,0
57.0702,5.0338,1249,0,0
57.0950,5.0500,1253,0,0
57.1198,5.0298,1248,0,0
57.1446,5.0298,1248,0,0
57.1694,5.0419,1251,0,0
57.1942,5.0056,1242,0,0
57.2190,5.0298,1248,0,0
57.2438,5.0379,1250,0,0
57.2686,5.0500,1253,0,0
57.2934,5.0016,1241,0,0
57.3182,5.0379,1250,0,0
57.3430,5.0218,1246,0,0
57.3678,5.0338,1249,0,0
57.3926,5.0177,1245,0,0
57.4174,5.0701,1258,0,0
57.4422,5.0218,1246,0,0
57.4670,5.0177,1245,0,0
57.4918,5.0379,1250,0,0
57.5166,5.0500,1253,0,0
57.5415,5.0500,1253,0,0
57.5663,5.0742,1259,0,0
57.5911,5.0298,1248,0,0
57.6159,4.9935,1239,0,0
57.6407,5.0379,1250,0,0
57.6655,5.0379,1250,0,0
57.6903,5.0218,1246,0,0
57.7151,5.0379,1250,0,0
57.7399,5.0419,1251,0,0
57.7647,5.0298,1248,0,0
57.7895,5.0338,1249,0,0
57.8143,5.0822,1261,0,0
57.8391,5.0177,1245,0,0
57.8639,5.0500,1253,0,0
57.8887,5.0338,1249,0,0
57.9135,5.0338,1249,0,0
57.9383,5.0419,1251,0,0
57.9631,5.0298,1248,0,0
57.9879,5.0177,1245,0,0
58.0127,5.0298,1248,0,0
58.0375,5.0338,1249,0,0
58.0623,5.0379,1250,0,0
58.0871,5.0500,1253,0,0
58.1119,5.0338,1249,0,0
58.1367,5.0742,1259,0,0
58.1615,5.0177,1245,0,0
58.1863,5.0379,1250,0,0
58.2111,5.0379,1250,0,0
58.2359,5.0298,1248,0,0
58.2607,5.0338,1249,0,0
58.2855,5.0177,1245,0,0
58.3103,5.0379,1250,0,0
58.3351,5.0338,1249,0,0
58.3599,5.0701,1258,0,0
58.3847,5.0338,1249,0,0
58.4095,5.0379,1250,0,0
58.4343,5.0298,1248,0,0
58.4591,5.0701,1258,0,0
58.4839,5.0298,1248,0,0
58.5087,5.0338,1249,0,0
58.5335,5.0379,1250,0,0
58.5583,5.0540,1254,0,0
58.5831,5.0338,1249,0,0
58.6080,5.0056,1242,0,0
58.6328,5.0298,1248,0,0
58.6576,5.0379,1250,0,0
58.6824,5.0701,1258,0,0
58.7072,5.0338,1249,0,0
58.7320,5.0500,1253,0,0
58.7568,5.0177,1245,0,0
58.7816,5.0298,1248,0,0
58.8064,5.0298,1248,0,0
58.8312,5.0379,1250,0,0
58.8560,5.0298,1248,0,0
58.8808,5.0701,1258,0,0
58.9056,5.0379,1250,0,0
58.9304,5.0701,1258,0,0
58.9552,5.0056,1242,0,0
58.9800,5.0338,1249,0,0
59.0048,5.0298,1248,0,0
59.0296,5.0298,1248,0,0
59.0544,5.0661,1257,0,0
59.0792,5.0782,1260,0,0
59.1040,5.0379,1250,0,0
59.1288,5.0338,1249,0,0
59.1536,5.0379,1250,0,0
59.1784,5.0580,1255,0,0
59.2032,5.0580,1255,0,0
59.2280,5.0580,1255,0,0
59.2528,5.0500,1253,0,0
59.2776,5.0379,1250,0,0
59.3024,5.0782,1260,0,0
59.3272,5.0540,1254,0,0
59.3520,5.0540,1254,0,0
59.3768,5.0338,1249,0,0
59.4016,5.0419,1251,0,0
59.4264,5.0379,1250,0,0
59.4512,5.0379,1250,0,0
59.4760,5.0661,1257,0,0
59.5008,5.0500,1253,0,0
59.5256,5.0862,1262,0,0
59.5504,5.0338,1249,0,0
59.5752,5.0298,1248,0,0
59.6000,5.0298,1248,0,0
59.6248,5.0782,1260,0,0
59.6497,5.0218,1246,0,0
59.6744,5.0500,1253,0,0
59.6993,5.0661,1257,0,0
59.7241,5.0097,1243,0,0
59.7489,5.0379,1250,0,0
59.7737,5.0661,1257,0,0
59.7985,5.0218,1246,0,0
59.8233,5.0540,1254,0,0
59.8481,5.0540,1254,0,0
59.8729,5.0500,1253,0,0
59.8977,5.0500,1253,0,0
59.9225,5.0298,1248,0,0
59.9473,5.0540,1254,0,0
59.9721,5.0298,1248,0,0
59.9969,5.0298,1248,0,0
60.0217,5.0742,1259,0,0
60.0465,5.0298,1248,0,0
60.0713,5.0218,1246,0,0
60.0961,5.0701,1258,0,0
60.1209,5.0338,1249,0,0
60.1457,5.0218,1246,0,0
60.1705,5.0419,1251,0,0
60.1953,5.0338,1249,0,0
60.2201,5.0298,1248,0,0
60.2449,5.0338,1249,0,0
60.2697,5.0379,1250,0,0
60.2945,5.0661,1257,0,0
60.3193,5.0338,1249,0,0
60.3441,5.0218,1246,0,0
60.3689,5.0661,1257,0,0
60.3937,5.0379,1250,0,0
60.4185,5.0500,1253,0,0
60.4433,5.0661,1257,0,0
60.4681,5.0298,1248,0,0
60.4929,5.0298,1248,0,0
60.5177,5.0782,1260,0,0
60.5425,5.0379,1250,0,0
60.5673,5.0701,1258,0,0
60.5921,5.0500,1253,0,0
60.6169,5.0379,1250,0,0
60.6417,5.0338,1249,0,0
60.6665,5.0338,1249,0,0
60.6913,5.0379,1250,0,0
60.7162,5.0379,1250,0,0
60.7410,5.0218,1246,0,0
60.7658,5.0298,1248,0,0
60.7906,5.0500,1253,0,0
60.8154,5.0379,1250,0,0
60.8402,5.0338,1249,0,0
60.8650,5.0419,1251,0,0
60.8898,5.0218,1246,0,0
60.9146,5.0419,1251,0,0
60.9394,5.0379,1250,0,0
60.9642,5.0419,1251,0,0
60.9890,5.0338,1249,0,0
61.0138,5.0298,1248,0,0
61.0386,5.0379,1250,0,0
61.0634,5.0661,1257,0,0
61.0882,5.0500,1253,0,0
61.1130,5.0742,1259,0,0
61.1378,5.0379,1250,0,0
61.1626,5.0218,1246,0,0
61.1874,5.0338,1249,0,0
61.2122,5.0782,1260,0,0
61.2370,5.0500,1253,0,0
61.2618,5.0338,1249,0,0
61.2866,5.0661,1257,0,0
61.3114,5.0338,1249,0,0
61.3362,5.0338,1249,0,0
61.3610,5.0540,1254,0,0
61.3858,5.0661,1257,0,0
61.4106,5.0177,1245,0,0
61.4354,5.0338,1249,0,0
61.4602,5.0338,1249,0,0
61.4850,5.0742,1259,0,0
61.5098,5.0379,1250,0,0
61.5346,5.0177,1245,0,0
61.5594,5.0379,1250,0,0
61.5842,5.0379,1250,0,0
61.6090,5.0419,1251,0,0
61.6338,5.0419,1251,0,0
61.6586,5.0419,1251,0,0
61.6834,5.0379,1250,0,0
61.7082,5.0379,1250,0,0
61.7330,5.0056,1242,0,0
61.7579,5.0782,1260,0,0
61.7826,5.0661,1257,0,0
61.8075,5.0177,1245,0,0
61.8323,5.0701,1258,0,0
61.8571,5.0379,1250,0,0
61.8819,5.0338,1249,0,0
61.9067,5.0379,1250,0,0
61.9315,5.0782,1260,0,0
61.9563,5.0419,1251,0,0
61.9811,5.0701,1258,0,0
62.0059,5.0782,1260,0,0
62.0307,5.0379,1250,0,0
62.0555,5.0701,1258,0,0
62.0803,5.0661,1257,0,0
62.1051,5.0782,1260,0,0
62.1299,5.0661,1257,0,0
62.1547,5.0540,1254,0,0
62.1795,5.0661,1257,0,0
62.2043,5.0661,1257,0,0
62.2291,5.0177,1245,0,0
62.2539,5.0782,1260,0,0
62.2787,5.0298,1248,0,0
62.3035,5.0540,1254,0,0
62.3283,5.0500,1253,0,0
62.3531,5.0338,1249,0,0
62.3779,5.0338,1249,0,0
62.4027,5.0298,1248,0,0
62.4275,5.0782,1260,0,0
62.4523,5.0500,1253,0,0
62.4771,5.0298,1248,0,0
62.5019,5.0419,1251,0,0
62.5267,5.0338,1249,0,0
62.5515,5.0379,1250,0,0
62.5763,5.0701,1258,0,0
62.6011,5.0379,1250,0,0
62.6259,5.0500,1253,0,0
62.6507,5.0782,1260,0,0
62.6755,5.0379,1250,0,0
62.7003,5.0742,1259,0,0
62.7251,5.0056,1242,0,0
62.7499,5.0661,1257,0,0
62.7747,5.0500,1253,0,0
62.7995,5.0298,1248,0,0
62.8243,5.0701,1258,0,0
62.8492,5.0742,1259,0,0
62.8740,5.0338,1249,0,0
62.8988,5.0338,1249,0,0
62.9236,5.0822,1261,0,0
62.9484,5.0218,1246,0,0
62.9732,5.0540,1254,0,0
62.9980,5.0379,1250,0,0
63.0228,5.0862,1262,0,0
63.0476,5.0338,1249,0,0
63.0724,5.0298,1248,0,0
63.0972,5.1024,1266,0,0
63.1220,5.0419,1251,0,0
63.1468,5.0379,1250,0,0
63.1716,5.0298,1248,0,0
63.1964,5.0822,1261,0,0
63.2212,5.0580,1255,0,0
63.2460,5.0379,1250,0,0
63.2708,5.0419,1251,0,0
63.2956,5.0218,1246,0,0
63.3204,5.0500,1253,0,0
63.3452,5.0338,1249,0,0
63.3700,5.0661,1257,0,0
63.3948,5.0338,1249,0,0
63.4196,5.0580,1255,0,0
63.4444,5.0379,1250,0,0
63.4692,5.0056,1242,0,0
63.4940,5.0298,1248,0,0
63.5188,5.0379,1250,0,0
63.5436,5.0580,1255,0,0
63.5684,5.0338,1249,0,0
63.5932,5.0298,1248,0,0
63.6180,5.0782,1260,0,0
63.6428,5.0379,1250,0,0
63.6676,5.0500,1253,0,0
63.6924,5.0661,1257,0,0
63.7172,5.0500,1253,0,0
63.7420,5.0298,1248,0,0
63.7668,5.0500,1253,0,0
63.7916,5.0782,1260,0,0
63.8164,5.0379,1250,0,0
63.8412,5.0419,1251,0,0
63.8660,5.0742,1259,0,0
63.8909,5.0822,1261,0,0
63.9157,5.1024,1266,0,0
63.9405,5.0419,1251,0,0
63.9653,5.0540,1254,0,0
63.9901,5.0419,1251,0,0
64.0149,5.0500,1253,0,0
64.0397,5.0661,1257,0,0
64.0645,5.0701,1258,0,0
64.0893,5.0338,1249,0,0
64.1141,5.0500,1253,0,0
64.1389,5.0419,1251,0,0
64.1637,5.0338,1249,0,0
64.1885,5.0701,1258,0,0
64.2133,5.0338,1249,0,0
64.2381,5.0379,1250,0,0
64.2629,5.0338,1249,0,0
64.2877,5.0742,1259,0,0
64.3125,5.0298,1248,0,0
64.3373,5.0782,1260,0,0
64.3621,5.0338,1249,0,0
64.3869,5.0540,1254,0,0
64.4117,5.0661,1257,0,0
64.4365,5.0661,1257,0,0
64.4613,5.0338,1249,0,0
64.4861,5.0419,1251,0,0
64.5109,5.0661,1257,0,0
64.5357,5.0379,1250,0,0
64.5605,5.0500,1253,0,0
64.5853,5.0500,1253,0,0
64.6101,5.0097,1243,0,0
64.6349,5.0500,1253,0,0
64.6597,5.0943,1264,0,0
64.6845,5.0500,1253,0,0
64.7093,5.0338,1249,0,0
64.7341,5.0862,1262,0,0
64.7589,5.0742,1259,0,0
64.7837,5.0298,1248,0,0
64.8085,5.0742,1259,0,0
64.8333,5.0742,1259,0,0
64.8581,5.0218,1246,0,0
64.8829,5.0419,1251,0,0
64.9077,5.0782,1260,0,0
64.9325,5.0177,1245,0,0
64.9574,5.0338,1249,0,0
64.9822,5.0419,1251,0,0
65.0070,5.0338,1249,0,0
65.0318,5.0298,1248,0,0
65.0566,5.0661,1257,0,0
65.0814,5.0338,1249,0,0
65.1062,5.0298,1248,0,0
65.1310,5.0177,1245,0,0
65.1558,5.0298,1248,0,0
65.1806,5.0419,1251,0,0
65.2054,5.0540,1254,0,0
65.2302,5.0862,1262,0,0
65.2550,5.0298,1248,0,0
65.2798,5.0419,1251,0,0
65.3046,5.0419,1251,0,0
65.3294,5.0661,1257,0,0
65.3542,5.0742,1259,0,0
65.3790,5.0742,1259,0,0
65.4038,5.0862,1262,0,0
65.4286,5.0338,1249,0,0
65.4534,5.0903,1263,0,0
65.4782,5.0379,1250,0,0
65.5030,5.0580,1255,0,0
65.5278,5.0661,1257,0,0
65.5526,5.0379,1250,0,0
65.5774,5.0379,1250,0,0
65.6022,5.0338,1249,0,0
65.6270,5.0500,1253,0,0
65.6518,5.0742,1259,0,0
65.6766,5.0500,1253,0,0
65.7014,5.0338,1249,0,0
65.7262,5.0379,1250,0,0
65.7510,5.0338,1249,0,0
65.7758,5.0379,1250,0,0
65.8006,5.0338,1249,0,0
65.8254,5.0500,1253,0,0
65.8502,5.0298,1248,0,0
65.8750,5.0742,1259,0,0
65.8998,5.0742,1259,0,0
65.9246,5.0419,1251,0,0
65.9494,5.0500,1253,0,0
65.9743,5.0338,1249,0,0
65.9991,5.0742,1259,0,0
66.0238,5.0097,1243,0,0
66.0487,5.0500,1253,0,0
66.0735,5.0500,1253,0,0
66.0983,5.0419,1251,0,0
66.1231,5.0338,1249,0,0
66.1479,5.0862,1262,0,0
66.1727,5.0580,1255,0,0
66.1975,5.0218,1246,0,0
66.2223,5.0500,1253,0,0
66.2471,5.0782,1260,0,0
66.2719,5.0701,1258,0,0
66.2967,5.0500,1253,0,0
66.3215,5.0661,1257,0,0
66.3463,5.0500,1253,0,0
66.3711,5.0419,1251,0,0
66.3959,5.0661,1257,0,0
66.4207,5.0419,1251,0,0
66.4455,5.0379,1250,0,0
66.4703,5.0379,1250,0,0
66.4951,5.0742,1259,0,0
66.5199,5.0419,1251,0,0
66.5447,5.0862,1262,0,0
66.5695,5.0500,1253,0,0
66.5943,5.0379,1250,0,0
66.6191,5.0903,1263,0,0
66.6439,5.0742,1259,0,0
66.6687,5.0742,1259,0,0
66.6935,5.0540,1254,0,0
66.7183,5.0782,1260,0,0
66.7431,5.0903,1263,0,0
66.7679,5.0742,1259,0,0
66.7927,5.0742,1259,0,0
66.8175,5.0379,1250,0,0
66.8423,5.0338,1249,0,0
66.8671,5.0500,1253,0,0
66.8919,5.0540,1254,0,0
66.9167,5.0298,1248,0,0
66.9415,5.0661,1257,0,0
66.9663,5.0742,1259,0,0
66.9911,5.0782,1260,0,0
67.0159,5.0500,1253,0,0
67.0407,5.0782,1260,0,0
67.0656,5.0500,1253,0,0
67.0904,5.0419,1251,0,0
67.1152,5.0379,1250,0,0
67.1400,5.0661,1257,0,0
67.1648,5.0661,1257,0,0
67.1896,5.0742,1259,0,0
67.2144,5.0500,1253,0,0
67.2392,5.0177,1245,0,0
67.2640,5.0379,1250,0,0
67.2888,5.0862,1262,0,0
67.3136,5.0298,1248,0,0
67.3384,5.0379,1250,0,0
67.3632,5.0782,1260,0,0
67.3880,5.0419,1251,0,0
67.4128,5.0298,1248,0,0
67.4376,5.0742,1259,0,0
67.4624,5.0298,1248,0,0
67.4872,5.0379,1250,0,0
67.5120,5.0298,1248,0,0
67.5368,5.0742,1259,0,0
67.5616,5.0338,1249,0,0
67.5864,5.0661,1257,0,0
67.6112,5.0540,1254,0,0
67.6360,5.0379,1250,0,0
67.6608,5.0500,1253,0,0
67.6856,5.0379,1250,0,0
67.7104,5.0540,1254,0,0
67.7352,5.0500,1253,0,0
67.7600,5.0661,1257,0,0
67.7848,5.0419,1251,0,0
67.8096,5.0379,1250,0,0
67.8344,5.0661,1257,0,0
67.8592,5.0742,1259,0,0
67.8840,5.0661,1257,0,0
67.9088,5.0540,1254,0,0
67.9336,5.0782,1260,0,0
67.9584,5.0379,1250,0,0
67.9832,5.0742,1259,0,0
68.0080,5.0742,1259,0,0
68.0328,5.0580,1255,0,0
68.0576,5.0379,1250,0,0
68.0825,5.0862,1262,0,0
68.1073,5.0862,1262,0,0
68.1320,5.0661,1257,0,0
68.1569,5.0338,1249,0,0
68.1817,5.0540,1254,0,0
68.2065,5.0298,1248,0,0
68.2313,5.0500,1253,0,0
68.2561,5.0782,1260,0,0
68.2809,5.0338,1249,0,0
68.3057,5.0742,1259,0,0
68.3305,5.0782,1260,0,0
68.3553,5.0338,1249,0,0
68.3801,5.0298,1248,0,0
68.4049,5.0782,1260,0,0
68.4297,5.0338,1249,0,0
68.4545,5.0298,1248,0,0
68.4793,5.0742,1259,0,0
68.5041,5.0379,1250,0,0
68.5289,5.0379,1250,0,0
68.5537,5.0862,1262,0,0
68.5785,5.0338,1249,0,0
68.6033,5.0742,1259,0,0
68.6281,5.0782,1260,0,0
68.6529,5.0742,1259,0,0
68.6777,5.0661,1257,0,0
68.7025,5.0379,1250,0,0
68.7273,5.0298,1248,0,0
68.7521,5.0661,1257,0,0
68.7769,5.0943,1264,0,0
68.8017,5.0379,1250,0,0
68.8265,5.0379,1250,0,0
68.8513,5.0742,1259,0,0
68.8761,5.0419,1251,0,0
68.9009,5.0177,1245,0,0
68.9257,5.0379,1250,0,0
68.9505,5.0661,1257,0,0
68.9753,5.0540,1254,0,0
69.0001,5.0379,1250,0,0
69.0249,5.0943,1264,0,0
69.0497,5.0782,1260,0,0
69.0745,5.0056,1242,0,0
69.0993,5.0379,1250,0,0
69.1241,5.0540,1254,0,0
69.1489,5.0782,1260,0,0
69.1738,5.0701,1258,0,0
69.1986,5.0500,1253,0,0
69.2234,5.0177,1245,0,0
69.2482,5.0701,1258,0,0
69.2730,5.0822,1261,0,0
69.2978,5.0500,1253,0,0
69.3226,5.0500,1253,0,0
69.3474,5.0661,1257,0,0
69.3722,5.0661,1257,0,0
69.3970,5.0661,1257,0,0
69.4218,5.0661,1257,0,0
69.4466,5.0742,1259,0,0
69.4714,5.0338,1249,0,0
69.4962,5.0701,1258,0,0
69.5210,5.0661,1257,0,0
69.5458,5.0379,1250,0,0
69.5706,5.0379,1250,0,0
69.5954,5.0701,1258,0,0
69.6202,5.0782,1260,0,0
69.6450,5.0218,1246,0,0
69.6698,5.0500,1253,0,0
69.6946,5.0661,1257,0,0
69.7194,5.0661,1257,0,0
69.7442,5.0298,1248,0,0
69.7690,5.0742,1259,0,0
69.7938,5.0540,1254,0,0
69.8186,5.0338,1249,0,0
69.8434,5.1024,1266,0,0
69.8682,5.0500,1253,0,0
69.8930,5.0338,1249,0,0
69.9178,5.0540,1254,0,0
69.9426,5.0661,1257,0,0
69.9674,5.0338,1249,0,0
69.9922,5.0782,1260,0,0
70.0170,5.0661,1257,0,0
70.0418,5.0379,1250,0,0
70.0666,5.0379,1250,0,0
70.0914,5.0903,1263,0,0
70.1162,5.0338,1249,0,0
70.1410,5.0661,1257,0,0
70.1658,5.0218,1246,0,0
70.1907,5.0580,1255,0,0
70.2154,5.0500,1253,0,0
70.2402,5.0500,1253,0,0
70.2651,5.0742,1259,0,0
70.2899,5.0419,1251,0,0
70.3147,5.0298,1248,0,0
70.3395,5.0822,1261,0,0
70.3643,5.0742,1259,0,0
70.3891,5.0661,1257,0,0
70.4139,5.0742,1259,0,0
70.4387,5.0338,1249,0,0
70.4635,5.0298,1248,0,0
70.4883,5.0782,1260,0,0
70.5131,5.0661,1257,0,0
70.5379,5.0782,1260,0,0
70.5627,5.0782,1260,0,0
70.5875,5.0500,1253,0,0
70.6123,5.0298,1248,0,0
70.6371,5.0701,1258,0,0
70.6619,5.0661,1257,0,0
70.6867,5.0742,1259,0,0
70.7115,5.0500,1253,0,0
70.7363,5.0742,1259,0,0
70.7611,5.0661,1257,0,0
70.7859,5.0379,1250,0,0
70.8107,5.0862,1262,0,0
70.8355,5.0218,1246,0,0
70.8603,5.0701,1258,0,0
70.8851,5.0782,1260,0,0
70.9099,5.0742,1259,0,0
70.9347,5.0742,1259,0,0
70.9595,5.0742,1259,0,0
70.9843,5.0742,1259,0,0
71.0091,5.0298,1248,0,0
71.0339,5.0580,1255,0,0
71.0587,5.0419,1251,0,0
71.0835,5.0298,1248,0,0
71.1083,5.0661,1257,0,0
71.1331,5.0782,1260,0,0
71.1579,5.0742,1259,0,0
71.1827,5.0701,1258,0,0
71.2075,5.0379,1250,0,0
71.2323,5.0742,1259,0,0
71.2571,5.0540,1254,0,0
71.2820,5.0419,1251,0,0
71.3068,5.0661,1257,0,0
71.3316,5.0338,1249,0,0
71.3564,5.0742,1259,0,0
71.3812,5.0338,1249,0,0
71.4060,5.0298,1248,0,0
71.4308,5.0379,1250,0,0
71.4556,5.0661,1257,0,0
71.4804,5.0782,1260,0,0
71.5052,5.0298,1248,0,0
71.5300,5.0419,1251,0,0
71.5548,5.0782,1260,0,0
71.5796,5.0379,1250,0,0
71.6044,5.0379,1250,0,0
71.6292,5.0862,1262,0,0
71.6540,5.0379,1250,0,0
71.6788,5.0742,1259,0,0
71.7036,5.0983,1265,0,0
71.7284,5.0782,1260,0,0
71.7532,5.0742,1259,0,0
71.7780,5.0540,1254,0,0
71.8028,5.0782,1260,0,0
71.8276,5.0661,1257,0,0
71.8524,5.0419,1251,0,0
71.8772,5.0661,1257,0,0
71.9020,5.0540,1254,0,0
71.9268,5.0298,1248,0,0
71.9516,5.0943,1264,0,0
71.9764,5.0661,1257,0,0
72.0012,5.0419,1251,0,0
72.0260,5.0298,1248,0,0
72.0508,5.0661,1257,0,0
72.0756,5.0661,1257,0,0
72.1004,5.0661,1257,0,0
72.1252,5.0500,1253,0,0
72.1500,5.0862,1262,0,0
72.1748,5.0379,1250,0,0
72.1996,5.0742,1259,0,0
72.2244,5.0782,1260,0,0
72.2492,5.0500,1253,0,0
72.2740,5.0338,1249,0,0
72.2989,5.0540,1254,0,0
72.3236,5.0903,1263,0,0
72.3484,5.0419,1251,0,0
72.3733,5.0540,1254,0,0
72.3981,5.0661,1257,0,0
72.4229,5.0661,1257,0,0
72.4477,5.0419,1251,0,0
72.4725,5.0379,1250,0,0
72.4973,5.0782,1260,0,0
72.5221,5.0338,1249,0,0
72.5469,5.0338,1249,0,0
72.5717,5.0661,1257,0,0
72.5965,5.0379,1250,0,0
72.6213,5.0500,1253,0,0
72.6461,5.0540,1254,0,0
72.6709,5.0379,1250,0,0
72.6957,5.0419,1251,0,0
72.7205,5.0862,1262,0,0
72.7453,5.0782,1260,0,0
72.7701,5.0782,1260,0,0
72.7949,5.0298,1248,0,0
72.8197,5.0500,1253,0,0
72.8445,5.0943,1264,0,0
72.8693,5.0661,1257,0,0
72.8941,5.0943,1264,0,0
72.9189,5.0419,1251,0,0
72.9437,5.0742,1259,0,0
72.9685,5.0782,1260,0,0
72.9933,5.0540,1254,0,0
73.0181,5.0742,1259,0,0
73.0429,5.0298,1248,0,0
73.0677,5.0782,1260,0,0
73.0925,5.0862,1262,0,0
73.1173,5.0419,1251,0,0
73.1421,5.0540,1254,0,0
73.1669,5.0742,1259,0,0
73.1917,5.0661,1257,0,0
73.2165,5.0419,1251,0,0
73.2413,5.0379,1250,0,0
73.2661,5.0661,1257,0,0
73.2909,5.0983,1265,0,0
73.3157,5.0500,1253,0,0
73.3405,5.0822,1261,0,0
73.3653,5.0742,1259,0,0
73.3902,5.0379,1250,0,0
73.4150,5.0661,1257,0,0
73.4398,5.0500,1253,0,0
73.4646,5.0338,1249,0,0
73.4894,5.0661,1257,0,0
73.5142,5.0379,1250,0,0
73.5390,5.0782,1260,0,0
73.5638,5.0379,1250,0,0
73.5886,5.0419,1251,0,0
73.6134,5.0742,1259,0,0
73.6382,5.0298,1248,0,0
73.6630,5.0782,1260,0,0
73.6878,5.0862,1262,0,0
73.7126,5.0500,1253,0,0
73.7374,5.0338,1249,0,0
73.7622,5.0661,1257,0,0
73.7870,5.0419,1251,0,0
73.8118,5.0338,1249,0,0
73.8366,5.0782,1260,0,0
73.8614,5.0701,1258,0,0
73.8862,5.0379,1250,0,0
73.9110,5.0782,1260,0,0
73.9358,5.0500,1253,0,0
73.9606,5.0701,1258,0,0
73.9854,5.0782,1260,0,0
74.0102,5.0338,1249,0,0
74.0350,5.0782,1260,0,0
74.0598,5.0540,1254,0,0
74.0846,5.0298,1248,0,0
74.1094,5.0379,1250,0,0
74.1342,5.0742,1259,0,0
74.1590,5.0338,1249,0,0
74.1838,5.0782,1260,0,0
74.2086,5.0862,1262,0,0
74.2334,5.0500,1253,0,0
74.2582,5.0661,1257,0,0
74.2830,5.0338,1249,0,0
74.3078,5.0419,1251,0,0
74.3326,5.0782,1260,0,0
74.3574,5.0782,1260,0,0
74.3822,5.0782,1260,0,0
74.4070,5.0903,1263,0,0
74.4318,5.0782,1260,0,0
74.4566,5.0500,1253,0,0
74.4815,5.0298,1248,0,0
74.5063,5.0742,1259,0,0
74.5311,5.0782,1260,0,0
74.5559,5.0661,1257,0,0
74.5807,5.0298,1248,0,0
74.6055,5.0742,1259,0,0
74.6303,5.0379,1250,0,0
74.6551,5.0500,1253,0,0
74.6799,5.0822,1261,0,0
74.7047,5.0580,1255,0,0
74.7295,5.0379,1250,0,0
74.7543,5.0379,1250,0,0
74.7791,5.0742,1259,0,0
74.8039,5.0661,1257,0,0
74.8287,5.0661,1257,0,0
74.8535,5.0782,1260,0,0
74.8783,5.0661,1257,0,0
74.9031,5.0338,1249,0,0
74.9279,5.0701,1258,0,0
74.9527,5.0822,1261,0,0
74.9775,5.0218,1246,0,0
75.0023,5.0822,1261,0,0
75.0271,5.0742,1259,0,0
75.0519,5.0742,1259,0,0
75.0767,5.0661,1257,0,0
75.1015,5.0338,1249,0,0
75.1263,5.0782,1260,0,0
75.1511,5.0419,1251,0,0
75.1759,5.0298,1248,0,0
75.2007,4.9855,1237,0,0
75.2255,5.0661,1257,0,0
75.2503,5.0540,1254,0,0
75.2751,5.1104,1268,0,0
75.2999,5.0742,1259,0,0
75.3247,5.0338,1249,0,0
75.3495,5.0782,1260,0,0
75.3743,5.0742,1259,0,0
75.3991,5.0419,1251,0,0
75.4239,5.0379,1250,0,0
75.4487,5.0661,1257,0,0
75.4735,5.0338,1249,0,0
75.4984,5.0742,1259,0,0
75.5232,5.0782,1260,0,0
75.5480,5.0782,1260,0,0
75.5728,5.0701,1258,0,0
75.5976,5.0338,1249,0,0
75.6224,5.0782,1260,0,0
75.6472,5.0580,1255,0,0
75.6720,5.0943,1264,0,0
75.6968,5.0943,1264,0,0
75.7216,5.0500,1253,0,0
75.7464,5.0419,1251,0,0
75.7712,5.0862,1262,0,0
75.7960,5.0782,1260,0,0
75.8208,5.0097,1243,0,0
75.8456,5.0742,1259,0,0
75.8704,5.0500,1253,0,0
75.8952,5.0943,1264,0,0
75.9200,5.0298,1248,0,0
75.9448,5.0782,1260,0,0
75.9696,5.0782,1260,0,0
75.9944,5.0782,1260,0,0
76.0192,5.0661,1257,0,0
76.0440,5.0500,1253,0,0
76.0688,5.0500,1253,0,0
76.0936,5.0943,1264,0,0
76.1184,5.0742,1259,0,0
76.1432,5.0701,1258,0,0
76.1680,5.0822,1261,0,0
76.1928,5.0822,1261,0,0
76.2176,5.0338,1249,0,0
76.2424,5.0419,1251,0,0
76.2672,5.0862,1262,0,0
76.2920,5.0782,1260,0,0
76.3168,5.0500,1253,0,0
76.3416,5.0701,1258,0,0
76.3664,5.0903,1263,0,0
76.3912,5.0500,1253,0,0
76.4160,5.0419,1251,0,0
76.4408,5.0943,1264,0,0
76.4656,5.0419,1251,0,0
76.4904,5.0419,1251,0,0
76.5152,5.0943,1264,0,0
76.5400,5.0782,1260,0,0
76.5648,5.0379,1250,0,0
76.5897,5.0540,1254,0,0
76.6145,5.0862,1262,0,0
76.6393,5.0379,1250,0,0
76.6641,5.0338,1249,0,0
76.6889,5.0500,1253,0,0
76.7137,5.0822,1261,0,0
76.7385,5.0580,1255,0,0
76.7633,5.0379,1250,0,0
76.7881,5.0782,1260,0,0
76.8129,5.0943,1264,0,0
76.8377,5.0177,1245,0,0
76.8625,5.0419,1251,0,0
76.8873,5.0782,1260,0,0
76.9121,5.0862,1262,0,0
76.9369,4.9855,1237,0,0
76.9617,5.0862,1262,0,0
76.9865,5.0379,1250,0,0
77.0113,5.0862,1262,0,0
77.0361,5.0742,1259,0,0
77.0609,5.0500,1253,0,0
77.0857,5.0782,1260,0,0
77.1105,5.0540,1254,0,0
77.1353,5.0379,1250,0,0
77.1601,5.0782,1260,0,0
77.1849,5.0540,1254,0,0
77.2097,5.0379,1250,0,0
77.2345,5.0379,1250,0,0
77.2593,5.0661,1257,0,0
77.2841,5.0742,1259,0,0
77.3089,5.0379,1250,0,0
77.3337,5.0701,1258,0,0
77.3585,5.0379,1250,0,0
77.3833,5.0742,1259,0,0
77.4081,5.0943,1264,0,0
77.4329,5.0580,1255,0,0
77.4577,5.0661,1257,0,0
77.4825,5.0379,1250,0,0
77.5073,5.0943,1264,0,0
77.5321,5.0500,1253,0,0
77.5569,5.0782,1260,0,0
77.5817,5.0782,1260,0,0
77.6066,5.0500,1253,0,0
77.6314,5.0782,1260,0,0
77.6562,5.0782,1260,0,0
77.6810,5.0822,1261,0,0
77.7058,5.0379,1250,0,0
77.7306,5.0701,1258,0,0
77.7554,5.0943,1264,0,0
77.7802,5.0782,1260,0,0
77.8050,5.0782,1260,0,0
77.8298,5.0661,1257,0,0
77.8546,5.0742,1259,0,0
77.8794,5.0419,1251,0,0
77.9042,5.0379,1250,0,0
77.9290,5.0419,1251,0,0
77.9538,5.0862,1262,0,0
77.9786,5.0782,1260,0,0
78.0034,5.0338,1249,0,0
78.0282,5.0742,1259,0,0
78.0530,5.0782,1260,0,0
78.0778,5.0983,1265,0,0
78.1026,5.0419,1251,0,0
78.1274,5.0419,1251,0,0
78.1522,5.0742,1259,0,0
78.1770,5.0742,1259,0,0
78.2018,5.0742,1259,0,0
78.2266,5.0822,1261,0,0
78.2514,5.0742,1259,0,0
78.2762,5.0782,1260,0,0
78.3010,5.0862,1262,0,0
78.3258,5.0500,1253,0,0
78.3506,5.0701,1258,0,0
78.3754,5.0822,1261,0,0
78.4002,5.0782,1260,0,0
78.4250,5.0782,1260,0,0
78.4498,5.0782,1260,0,0
78.4746,5.0580,1255,0,0
78.4994,5.0379,1250,0,0
78.5242,5.0742,1259,0,0
78.5490,5.0742,1259,0,0
78.5738,5.0782,1260,0,0
78.5986,5.0742,1259,0,0
78.6234,5.0782,1260,0,0
78.6482,5.0379,1250,0,0
78.6730,5.0661,1257,0,0
78.6979,5.0379,1250,0,0
78.7227,5.0862,1262,0,0
78.7475,5.0540,1254,0,0
78.7723,5.0500,1253,0,0
78.7971,5.0782,1260,0,0
78.8219,5.0661,1257,0,0
78.8467,5.0661,1257,0,0
78.8715,5.0782,1260,0,0
78.8963,5.0580,1255,0,0
78.9211,5.0661,1257,0,0
78.9459,5.0701,1258,0,0
78.9707,5.0742,1259,0,0
78.9955,5.0903,1263,0,0
79.0203,5.0661,1257,0,0
79.0451,5.0379,1250,0,0
79.0699,5.0500,1253,0,0
79.0947,5.0338,1249,0,0
79.1195,5.0661,1257,0,0
79.1443,5.0298,1248,0,0
79.1691,5.0379,1250,0,0
79.1939,5.0782,1260,0,0
79.2187,5.0298,1248,0,0
79.2435,5.0782,1260,0,0
79.2683,5.0822,1261,0,0
79.2931,5.0782,1260,0,0
79.3179,5.0379,1250,0,0
79.3427,5.0822,1261,0,0
79.3675,5.0338,1249,0,0
79.3923,5.0379,1250,0,0
79.4171,5.0862,1262,0,0
79.4419,5.0338,1249,0,0
79.4667,5.0419,1251,0,0
79.4915,5.0782,1260,0,0
79.5163,5.0903,1263,0,0
79.5411,5.0500,1253,0,0
79.5659,5.0782,1260,0,0
79.5907,5.0419,1251,0,0
79.6155,5.0742,1259,0,0
79.6403,5.0500,1253,0,0
79.6651,5.1064,1267,0,0
79.6899,5.0419,1251,0,0
79.7148,5.0742,1259,0,0
79.7396,5.0500,1253,0,0
79.7644,5.0782,1260,0,0
79.7892,5.0580,1255,0,0
79.8140,5.0943,1264,0,0
79.8388,5.0943,1264,0,0
79.8636,5.0903,1263,0,0
79.8884,5.0782,1260,0,0
79.9132,5.0742,1259,0,0
79.9380,5.0661,1257,0,0
79.9628,5.0903,1263,0,0
79.9876,5.0742,1259,0,0
80.0124,5.0822,1261,0,0
80.0372,5.0862,1262,0,0
80.0620,5.0782,1260,0,0
80.0868,5.0782,1260,0,0
80.1116,5.0782,1260,0,0
80.1364,5.0379,1250,0,0
80.1612,5.0500,1253,0,0
80.1860,5.0500,1253,0,0
80.2108,5.0379,1250,0,0
80.2356,5.0500,1253,0,0
80.2604,5.0298,1248,0,0
80.2852,5.0822,1261,0,0
80.3100,5.0903,1263,0,0
80.3348,5.0419,1251,0,0
80.3596,5.0862,1262,0,0
80.3844,5.0419,1251,0,0
80.4092,5.0500,1253,0,0
80.4340,5.0540,1254,0,0
80.4588,5.0419,1251,0,0
80.4836,5.0338,1249,0,0
80.5084,5.0742,1259,0,0
80.5332,5.0862,1262,0,0
80.5580,5.0661,1257,0,0
80.5828,5.0661,1257,0,0
80.6076,5.0983,1265,0,0
80.6324,5.0500,1253,0,0
80.6572,5.0782,1260,0,0
80.6820,5.0661,1257,0,0
80.7068,5.0742,1259,0,0
80.7316,5.0782,1260,0,0
80.7564,5.0742,1259,0,0
80.7812,5.0782,1260,0,0
80.8061,5.0338,1249,0,0
80.8309,5.0500,1253,0,0
80.8557,5.0822,1261,0,0
80.8805,5.0500,1253,0,0
80.9053,5.0943,1264,0,0
80.9301,5.0782,1260,0,0
80.9549,5.0782,1260,0,0
80.9797,5.0500,1253,0,0
81.0045,5.0983,1265,0,0
81.0293,5.0742,1259,0,0
81.0541,5.0701,1258,0,0
81.0789,5.0943,1264,0,0
81.1037,5.0782,1260,0,0
81.1285,5.0822,1261,0,0
81.1533,5.0822,1261,0,0
81.1781,5.0742,1259,0,0
81.2029,5.0419,1251,0,0
81.2277,5.0661,1257,0,0
81.2525,5.0742,1259,0,0
81.2773,5.0500,1253,0,0
81.3021,5.0983,1265,0,0
81.3269,5.0500,1253,0,0
81.3517,5.0862,1262,0,0
81.3765,5.0862,1262,0,0
81.4013,5.0782,1260,0,0
81.4261,5.0701,1258,0,0
81.4509,5.0862,1262,0,0
81.4757,5.0782,1260,0,0
81.5005,5.0782,1260,0,0
81.5253,5.0782,1260,0,0
81.5501,5.0661,1257,0,0
81.5749,5.0742,1259,0,0
81.5997,5.0661,1257,0,0
81.6245,5.0782,1260,0,0
81.6493,5.0782,1260,0,0
81.6741,5.0661,1257,0,0
81.6989,5.0540,1254,0,0
81.7237,5.0742,1259,0,0
81.7485,5.0862,1262,0,0
81.7733,5.0338,1249,0,0
81.7981,5.0782,1260,0,0
81.8230,5.0419,1251,0,0
81.8478,5.0742,1259,0,0
81.8726,5.0742,1259,0,0
81.8974,5.0661,1257,0,0
81.9222,5.0500,1253,0,0
81.9470,5.0943,1264,0,0
81.9718,5.0661,1257,0,0
81.9966,5.0540,1254,0,0
82.0214,5.0580,1255,0,0
82.0462,5.0782,1260,0,0
82.0710,5.0419,1251,0,0
82.0958,5.0661,1257,0,0
82.1206,5.0862,1262,0,0
82.1454,5.0782,1260,0,0
82.1702,5.0862,1262,0,0
82.1950,5.0419,1251,0,0
82.2198,5.0782,1260,0,0
82.2446,5.0540,1254,0,0
82.2694,5.0742,1259,0,0
82.2942,5.0500,1253,0,0
82.3190,5.0782,1260,0,0
82.3438,5.0701,1258,0,0
82.3686,5.0742,1259,0,0
82.3934,5.0782,1260,0,0
82.4182,5.0782,1260,0,0
82.4430,5.0903,1263,0,0
82.4678,5.0500,1253,0,0
82.4926,5.0701,1258,0,0
82.5174,4.9734,1234,0,0
82.5422,5.0943,1264,0,0
82.5670,5.0661,1257,0,0
82.5918,5.0500,1253,0,0
82.6166,5.0782,1260,0,0
82.6414,5.0338,1249,0,0
82.6662,5.0500,1253,0,0
82.6910,5.0701,1258,0,0
82.7158,5.0782,1260,0,0
82.7406,5.0500,1253,0,0
82.7654,5.1225,1271,0,0
82.7902,5.0379,1250,0,0
82.8150,5.0338,1249,0,0
82.8398,5.0862,1262,0,0
82.8646,5.0419,1251,0,0
82.8895,5.0742,1259,0,0
82.9143,5.0540,1254,0,0
82.9391,5.0822,1261,0,0
82.9639,5.0742,1259,0,0
82.9887,5.0862,1262,0,0
83.0135,5.0782,1260,0,0
83.0383,5.0540,1254,0,0
83.0631,5.0782,1260,0,0
83.0879,5.0338,1249,0,0
83.1127,5.0661,1257,0,0
83.1375,5.0862,1262,0,0
83.1623,5.0500,1253,0,0
83.1871,5.0742,1259,0,0
83.2119,5.0943,1264,0,0
83.2367,5.0782,1260,0,0
83.2615,5.0500,1253,0,0
83.2863,5.0742,1259,0,0
83.3111,5.0379,1250,0,0
83.3359,5.0782,1260,0,0
83.3607,5.0782,1260,0,0
83.3855,5.0943,1264,0,0
83.4103,5.0661,1257,0,0
83.4351,5.0903,1263,0,0
83.4599,5.0580,1255,0,0
83.4847,5.0862,1262,0,0
83.5095,5.0862,1262,0,0
83.5343,5.0943,1264,0,0
83.5591,5.0379,1250,0,0
83.5839,5.0580,1255,0,0
83.6087,5.0742,1259,0,0
83.6335,5.0540,1254,0,0
83.6583,5.0742,1259,0,0
83.6831,5.0661,1257,0,0
83.7079,5.0943,1264,0,0
83.7327,5.0943,1264,0,0
83.7575,5.0782,1260,0,0
83.7823,5.0338,1249,0,0
83.8071,5.0540,1254,0,0
83.8319,5.0782,1260,0,0
83.8567,5.0782,1260,0,0
83.8815,5.0379,1250,0,0
83.9063,5.0943,1264,0,0
83.9312,5.0862,1262,0,0
83.9559,5.0379,1250,0,0
83.9808,5.0822,1261,0,0
84.0056,5.0379,1250,0,0
84.0304,5.0379,1250,0,0
84.0552,5.0701,1258,0,0
84.0800,5.0943,1264,0,0
84.1048,5.0742,1259,0,0
84.1296,5.0419,1251,0,0
84.1544,5.0661,1257,0,0
84.1792,5.0661,1257,0,0
84.2040,5.0782,1260,0,0
84.2288,5.0177,1245,0,0
84.2536,5.0338,1249,0,0
84.2784,5.0742,1259,0,0
84.3032,5.0862,1262,0,0
84.3280,5.0540,1254,0,0
84.3528,5.0903,1263,0,0
84.3776,5.0661,1257,0,0
84.4024,5.0379,1250,0,0
84.4272,5.0983,1265,0,0
84.4520,5.0338,1249,0,0
84.4768,5.0782,1260,0,0
84.5016,5.0943,1264,0,0
84.5264,5.0742,1259,0,0
84.5512,5.0540,1254,0,0
84.5760,5.0742,1259,0,0
84.6008,5.0661,1257,0,0
84.6256,5.0742,1259,0,0
84.6504,5.0661,1257,0,0
84.6752,5.0943,1264,0,0
84.7000,5.0661,1257,0,0
84.7248,5.0701,1258,0,0
84.7496,5.0661,1257,0,0
84.7744,5.0379,1250,0,0
84.7992,5.0661,1257,0,0
84.8240,5.0500,1253,0,0
84.8488,5.0903,1263,0,0
84.8736,5.0782,1260,0,0
84.8984,5.0782,1260,0,0
84.9232,5.0822,1261,0,0
84.9480,5.0540,1254,0,0
84.9728,5.0742,1259,0,0
84.9977,5.0661,1257,0,0
85.0225,5.0742,1259,0,0
85.0473,5.0338,1249,0,0
85.0721,5.0500,1253,0,0
85.0969,5.0782,1260,0,0
85.1217,5.0862,1262,0,0
85.1465,5.0862,1262,0,0
85.1713,5.0903,1263,0,0
85.1961,5.0701,1258,0,0
85.2209,5.0862,1262,0,0
85.2457,5.0298,1248,0,0
85.2705,5.0419,1251,0,0
85.2953,5.0661,1257,0,0
85.3201,5.0822,1261,0,0
85.3449,5.0862,1262,0,0
85.3697,5.0782,1260,0,0
85.3945,5.0782,1260,0,0
85.4193,5.0338,1249,0,0
85.4441,5.0862,1262,0,0
85.4689,5.0782,1260,0,0
85.4937,5.0822,1261,0,0
85.5185,5.0903,1263,0,0
85.5433,5.0742,1259,0,0
85.5681,5.0782,1260,0,0
85.5929,5.0782,1260,0,0
85.6177,5.0782,1260,0,0
85.6425,5.0742,1259,0,0
85.6673,5.0862,1262,0,0
85.6921,5.0862,1262,0,0
85.7169,5.0943,1264,0,0
85.7417,5.0661,1257,0,0
85.7665,5.0742,1259,0,0
85.7913,5.0742,1259,0,0
85.8161,5.0540,1254,0,0
85.8409,5.0782,1260,0,0
85.8657,5.0943,1264,0,0
85.8905,5.0862,1262,0,0
85.9153,5.0862,1262,0,0
85.9401,5.0540,1254,0,0
85.9649,5.0943,1264,0,0
85.9897,5.0419,1251,0,0
86.0145,5.0782,1260,0,0
86.0394,5.0661,1257,0,0
86.0641,5.0782,1260,0,0
86.0890,5.0500,1253,0,0
86.1138,5.0338,1249,0,0
86.1386,5.0822,1261,0,0
86.1634,5.0943,1264,0,0
86.1882,5.0218,1246,0,0
86.2130,5.0661,1257,0,0
86.2378,5.0661,1257,0,0
86.2626,5.0419,1251,0,0
86.2874,5.0903,1263,0,0
86.3122,5.0701,1258,0,0
86.3370,5.1024,1266,0,0
86.3618,5.0782,1260,0,0
86.3866,5.0782,1260,0,0
86.4114,5.0742,1259,0,0
86.4362,5.0500,1253,0,0
86.4610,5.0742,1259,0,0
86.4858,5.0862,1262,0,0
86.5106,5.0983,1265,0,0
86.5354,5.0742,1259,0,0
86.5602,5.0742,1259,0,0
86.5850,5.0983,1265,0,0
86.6098,5.0782,1260,0,0
86.6346,5.0862,1262,0,0
86.6594,5.0983,1265,0,0
86.6842,5.0742,1259,0,0
86.7090,5.0862,1262,0,0
86.7338,5.0822,1261,0,0
86.7586,5.0742,1259,0,0
86.7834,5.0782,1260,0,0
86.8082,5.0943,1264,0,0
86.8330,5.0742,1259,0,0
86.8578,5.0742,1259,0,0
86.8826,5.0943,1264,0,0
86.9074,5.0862,1262,0,0
86.9322,5.0661,1257,0,0
86.9570,5.0862,1262,0,0
86.9818,5.0540,1254,0,0
87.0066,5.0943,1264,0,0
87.0314,5.0661,1257,0,0
87.0562,5.0943,1264,0,0
87.0810,5.0500,1253,0,0
87.1059,5.1024,1266,0,0
87.1307,5.0661,1257,0,0
87.1555,5.0742,1259,0,0
87.1803,5.0862,1262,0,0
87.2051,5.0661,1257,0,0
87.2299,5.0500,1253,0,0
87.2547,5.0742,1259,0,0
87.2795,5.0742,1259,0,0
87.3043,5.0500,1253,0,0
87.3291,5.0742,1259,0,0
87.3539,5.0943,1264,0,0
87.3787,5.0379,1250,0,0
87.4035,5.0338,1249,0,0
87.4283,5.0742,1259,0,0
87.4531,5.0782,1260,0,0
87.4779,5.0903,1263,0,0
87.5027,5.0742,1259,0,0
87.5275,5.0862,1262,0,0
87.5523,5.0862,1262,0,0
87.5771,5.0500,1253,0,0
87.6019,5.0782,1260,0,0
87.6267,5.0661,1257,0,0
87.6515,5.1064,1267,0,0
87.6763,5.0661,1257,0,0
87.7011,5.0661,1257,0,0
87.7259,5.0742,1259,0,0
87.7507,5.0742,1259,0,0
87.7755,5.0742,1259,0,0
87.8003,5.0661,1257,0,0
87.8251,5.0661,1257,0,0
87.8499,5.0903,1263,0,0
87.8747,5.0822,1261,0,0
87.8995,5.0782,1260,0,0
87.9243,5.0742,1259,0,0
87.9491,5.0862,1262,0,0
87.9739,5.0742,1259,0,0
87.9987,5.1024,1266,0,0
88.0235,5.1024,1266,0,0
88.0483,5.0862,1262,0,0
88.0731,5.0661,1257,0,0
88.0979,5.0742,1259,0,0
88.1227,5.0661,1257,0,0
88.1475,5.0943,1264,0,0
88.1723,5.0862,1262,0,0
88.1972,5.0742,1259,0,0
88.2220,5.0742,1259,0,0
88.2468,5.0742,1259,0,0
88.2716,5.0782,1260,0,0
88.2964,5.0782,1260,0,0
88.3212,5.0903,1263,0,0
88.3460,5.0822,1261,0,0
88.3708,5.0379,1250,0,0
88.3956,5.0782,1260,0,0
88.4204,5.0661,1257,0,0
88.4452,5.0661,1257,0,0
88.4700,5.0782,1260,0,0
88.4948,5.0903,1263,0,0
88.5196,5.0742,1259,0,0
88.5444,5.0943,1264,0,0
88.5692,5.0742,1259,0,0
88.5940,5.0701,1258,0,0
88.6188,5.0943,1264,0,0
88.6436,5.0983,1265,0,0
88.6684,5.0419,1251,0,0
88.6932,5.0379,1250,0,0
88.7180,5.0862,1262,0,0
88.7428,5.0338,1249,0,0
88.7676,5.0500,1253,0,0
88.7924,5.0661,1257,0,0
88.8172,5.0943,1264,0,0
88.8420,5.0661,1257,0,0
88.8668,5.0742,1259,0,0
88.8916,5.0782,1260,0,0
88.9164,5.0782,1260,0,0
88.9412,5.0419,1251,0,0
88.9660,5.1265,1272,0,0
88.9908,5.0822,1261,0,0
89.0156,5.0943,1264,0,0
89.0404,5.1225,1271,0,0
89.0652,5.0338,1249,0,0
89.0900,5.0862,1262,0,0
89.1148,5.0943,1264,0,0
89.1396,5.0500,1253,0,0
89.1644,5.0782,1260,0,0
89.1892,5.0701,1258,0,0
89.2141,5.0661,1257,0,0
89.2389,5.0822,1261,0,0
89.2637,5.0782,1260,0,0
89.2885,5.0379,1250,0,0
89.3133,5.0782,1260,0,0
89.3381,5.0862,1262,0,0
89.3629,5.0379,1250,0,0
89.3877,5.0661,1257,0,0
89.4125,5.0822,1261,0,0
89.4373,5.0661,1257,0,0
89.4621,5.0862,1262,0,0
89.4869,5.0983,1265,0,0
89.5117,5.0742,1259,0,0
89.5365,5.0701,1258,0,0
89.5613,5.0661,1257,0,0
89.5861,5.0742,1259,0,0
89.6109,5.0862,1262,0,0
89.6357,5.0661,1257,0,0
89.6605,5.0943,1264,0,0
89.6853,5.0862,1262,0,0
89.7101,5.0862,1262,0,0
89.7349,5.0782,1260,0,0
89.7597,5.0661,1257,0,0
89.7845,5.0782,1260,0,0
89.8093,5.0661,1257,0,0
89.8341,5.0419,1251,0,0
89.8589,5.0983,1265,0,0
89.8837,5.0943,1264,0,0
89.9085,5.0862,1262,0,0
89.9333,5.1064,1267,0,0
89.9581,5.0822,1261,0,0
89.9829,5.0822,1261,0,0
90.0077,5.0742,1259,0,0
90.0325,5.0943,1264,0,0
90.0573,5.0419,1251,0,0
90.0821,5.0782,1260,0,0
90.1069,5.0943,1264,0,0
90.1317,5.0742,1259,0,0
90.1565,5.0822,1261,0,0
90.1813,5.1306,1273,0,0
90.2061,5.0500,1253,0,0
90.2309,5.0822,1261,0,0
90.2557,5.0742,1259,0,0
90.2805,5.0298,1248,0,0
90.3054,5.0782,1260,0,0
90.3302,5.0862,1262,0,0
90.3550,5.0500,1253,0,0
90.3798,5.1024,1266,0,0
90.4046,5.0983,1265,0,0
90.4294,5.0782,1260,0,0
90.4542,5.0661,1257,0,0
90.4790,5.0903,1263,0,0
90.5038,5.0419,1251,0,0
90.5286,5.0661,1257,0,0
90.5534,5.0782,1260,0,0
90.5782,5.0943,1264,0,0
90.6030,5.0782,1260,0,0
90.6278,5.0943,1264,0,0
90.6526,5.0903,1263,0,0
90.6774,5.0983,1265,0,0
90.7022,5.0500,1253,0,0
90.7270,5.0862,1262,0,0
90.7518,5.0419,1251,0,0
90.7766,5.0742,1259,0,0
90.8014,5.0540,1254,0,0
90.8262,5.1064,1267,0,0
90.8510,5.0742,1259,0,0
90.8758,5.0782,1260,0,0
90.9006,5.1145,1269,0,0
90.9254,5.1225,1271,0,0
90.9502,5.0742,1259,0,0
90.9750,5.0540,1254,0,0
90.9998,5.0782,1260,0,0
91.0246,5.0782,1260,0,0
91.0494,5.0983,1265,0,0
91.0742,5.0862,1262,0,0
91.0990,5.0782,1260,0,0
91.1238,5.0782,1260,0,0
91.1486,5.0943,1264,0,0
91.1734,5.0943,1264,0,0
91.1982,5.0822,1261,0,0
91.2230,5.0943,1264,0,0
91.2478,5.0661,1257,0,0
91.2726,5.0782,1260,0,0
91.2974,5.0862,1262,0,0
91.3223,5.0701,1258,0,0
91.3471,5.0338,1249,0,0
91.3719,5.0661,1257,0,0
91.3967,5.0661,1257,0,0
91.4215,5.0822,1261,0,0
91.4463,5.0983,1265,0,0
91.4711,5.0742,1259,0,0
91.4959,5.0742,1259,0,0
91.5207,5.0782,1260,0,0
91.5455,5.0782,1260,0,0
91.5703,5.0862,1262,0,0
91.5951,5.0782,1260,0,0
91.6199,5.0943,1264,0,0
91.6447,5.0782,1260,0,0
91.6695,5.0742,1259,0,0
91.6943,5.0862,1262,0,0
91.7191,5.0782,1260,0,0
91.7439,5.0419,1251,0,0
91.7687,5.0903,1263,0,0
91.7935,5.0701,1258,0,0
91.8183,5.0419,1251,0,0
91.8431,5.0862,1262,0,0
91.8679,5.0701,1258,0,0
91.8927,5.0862,1262,0,0
91.9175,5.0338,1249,0,0
91.9423,5.0903,1263,0,0
91.9671,5.0500,1253,0,0
91.9919,5.0742,1259,0,0
92.0167,5.0862,1262,0,0
92.0415,5.0782,1260,0,0
92.0663,5.0661,1257,0,0
92.0911,5.0742,1259,0,0
92.1159,5.0379,1250,0,0
92.1407,5.0500,1253,0,0
92.1655,5.0862,1262,0,0
92.1903,5.0661,1257,0,0
92.2151,5.0379,1250,0,0
92.2399,5.0742,1259,0,0
92.2647,5.1104,1268,0,0
92.2895,5.0661,1257,0,0
92.3143,5.0782,1260,0,0
92.3391,5.0943,1264,0,0
92.3639,5.0782,1260,0,0
92.3887,5.0983,1265,0,0
92.4136,5.0943,1264,0,0
92.4384,5.0782,1260,0,0
92.4632,5.0742,1259,0,0
92.4880,5.0983,1265,0,0
92.5128,5.1064,1267,0,0
92.5376,5.0419,1251,0,0
92.5624,5.0661,1257,0,0
92.5872,5.0661,1257,0,0
92.6120,5.0782,1260,0,0
92.6368,5.0822,1261,0,0
92.6616,5.0822,1261,0,0
92.6864,5.0540,1254,0,0
92.7112,5.0782,1260,0,0
92.7360,5.0862,1262,0,0
92.7608,5.0661,1257,0,0
92.7856,5.0742,1259,0,0
92.8104,5.0580,1255,0,0
92.8352,5.0661,1257,0,0
92.8600,5.0822,1261,0,0
92.8848,5.0661,1257,0,0
92.9096,5.0742,1259,0,0
92.9344,5.0580,1255,0,0
92.9592,5.0822,1261,0,0
92.9840,5.1024,1266,0,0
93.0088,5.0379,1250,0,0
93.0336,5.0782,1260,0,0
93.0584,5.0983,1265,0,0
93.0832,5.0500,1253,0,0
93.1080,5.0943,1264,0,0
93.1328,5.0822,1261,0,0
93.1576,5.0983,1265,0,0
93.1824,5.0782,1260,0,0
93.2072,5.0379,1250,0,0
93.2320,5.0903,1263,0,0
93.2568,5.0782,1260,0,0
93.2816,5.0379,1250,0,0
93.3064,5.0943,1264,0,0
93.3312,5.0822,1261,0,0
93.3560,5.0742,1259,0,0
93.3808,5.0661,1257,0,0
93.4056,5.0701,1258,0,0
93.4305,5.0742,1259,0,0
93.4553,5.0661,1257,0,0
93.4801,5.0862,1262,0,0
93.5049,5.0782,1260,0,0
93.5297,5.0661,1257,0,0
93.5545,5.0782,1260,0,0
93.5793,5.0862,1262,0,0
93.6041,5.0661,1257,0,0
93.6289,5.0903,1263,0,0
93.6537,5.0782,1260,0,0
93.6785,5.0661,1257,0,0
93.7033,5.0782,1260,0,0
93.7281,5.0379,1250,0,0
93.7529,5.0742,1259,0,0
93.7777,5.0661,1257,0,0
93.8025,5.0943,1264,0,0
93.8273,5.0943,1264,0,0
93.8521,5.0379,1250,0,0
93.8769,5.0540,1254,0,0
93.9017,5.0943,1264,0,0
93.9265,5.0580,1255,0,0
93.9513,5.0701,1258,0,0
93.9761,5.0903,1263,0,0
94.0009,5.0903,1263,0,0
94.0257,5.0701,1258,0,0
94.0505,5.0742,1259,0,0
94.0753,5.0782,1260,0,0
94.1001,5.0661,1257,0,0
94.1249,5.0782,1260,0,0
94.1497,5.0661,1257,0,0
94.1745,5.0862,1262,0,0
94.1993,5.0782,1260,0,0
94.2241,5.0943,1264,0,0
94.2489,5.0298,1248,0,0
94.2737,5.0983,1265,0,0
94.2985,5.1145,1269,0,0
94.3233,5.0822,1261,0,0
94.3481,5.0540,1254,0,0
94.3729,5.0782,1260,0,0
94.3977,5.0379,1250,0,0
94.4225,5.0862,1262,0,0
94.4473,5.0862,1262,0,0
94.4721,5.0822,1261,0,0
94.4969,5.0782,1260,0,0
94.5218,5.0782,1260,0,0
94.5466,5.1024,1266,0,0
94.5714,5.0661,1257,0,0
94.5962,5.1064,1267,0,0
94.6210,5.0742,1259,0,0
94.6458,5.0661,1257,0,0
94.6706,5.0862,1262,0,0
94.6954,5.0822,1261,0,0
94.7202,5.0782,1260,0,0
94.7450,5.1064,1267,0,0
94.7698,5.0742,1259,0,0
94.7946,5.0782,1260,0,0
94.8194,5.0661,1257,0,0
94.8442,5.0862,1262,0,0
94.8690,5.0742,1259,0,0
94.8938,5.0379,1250,0,0
94.9186,5.0701,1258,0,0
94.9434,5.0862,1262,0,0
94.9682,5.0822,1261,0,0
94.9930,5.0419,1251,0,0
95.0178,5.0903,1263,0,0
95.0426,5.0661,1257,0,0
95.0674,5.0782,1260,0,0
95.0922,5.0661,1257,0,0
95.1170,5.0862,1262,0,0
95.1418,5.0500,1253,0,0
95.1666,5.0862,1262,0,0
95.1914,5.0822,1261,0,0
95.2162,5.0379,1250,0,0
95.2410,5.0500,1253,0,0
95.2658,5.0943,1264,0,0
95.2906,5.0661,1257,0,0
95.3154,5.0742,1259,0,0
95.3402,5.0661,1257,0,0
95.3650,5.0661,1257,0,0
95.3898,5.0983,1265,0,0
95.4146,5.0742,1259,0,0
95.4394,5.0782,1260,0,0
95.4642,5.0661,1257,0,0
95.4890,5.1306,1273,0,0
95.5138,5.0419,1251,0,0
95.5387,5.1225,1271,0,0
95.5635,5.0782,1260,0,0
95.5883,5.0943,1264,0,0
95.6131,5.0742,1259,0,0
95.6379,5.0742,1259,0,0
95.6627,5.1024,1266,0,0
95.6875,5.0742,1259,0,0
95.7123,5.0742,1259,0,0
95.7371,5.0742,1259,0,0
95.7619,5.0782,1260,0,0
95.7867,5.0661,1257,0,0
95.8115,5.1064,1267,0,0
95.8363,5.0862,1262,0,0
95.8611,5.0782,1260,0,0
95.8859,5.0983,1265,0,0
95.9107,5.0742,1259,0,0
95.9355,5.0862,1262,0,0
95.9603,5.0742,1259,0,0
95.9851,5.0943,1264,0,0
96.0099,5.0338,1249,0,0
96.0347,5.0379,1250,0,0
96.0595,5.0661,1257,0,0
96.0843,5.0943,1264,0,0
96.1091,5.0862,1262,0,0
96.1339,5.0903,1263,0,0
96.1587,5.1064,1267,0,0
96.1835,5.0862,1262,0,0
96.2083,5.0983,1265,0,0
96.2331,5.1064,1267,0,0
96.2579,5.0862,1262,0,0
96.2827,5.0742,1259,0,0
96.3075,5.0903,1263,0,0
96.3323,5.0742,1259,0,0
96.3571,5.0862,1262,0,0
96.3819,5.0943,1264,0,0
96.4067,5.0661,1257,0,0
96.4315,5.0500,1253,0,0
96.4563,5.0379,1250,0,0
96.4811,5.0903,1263,0,0
96.5059,5.0903,1263,0,0
96.5307,5.0742,1259,0,0
96.5555,5.0701,1258,0,0
96.5803,5.0862,1262,0,0
96.6051,5.0943,1264,0,0
96.6300,5.0742,1259,0,0
96.6548,5.0903,1263,0,0
96.6796,5.0862,1262,0,0
96.7044,5.0822,1261,0,0
96.7292,5.0862,1262,0,0
96.7540,5.0742,1259,0,0
96.7788,5.0379,1250,0,0
96.8036,5.0822,1261,0,0
96.8284,5.0500,1253,0,0
96.8532,5.0742,1259,0,0
96.8780,5.0742,1259,0,0
96.9028,5.0782,1260,0,0
96.9276,5.0943,1264,0,0
96.9524,5.0862,1262,0,0
96.9772,5.0782,1260,0,0
97.0020,5.0983,1265,0,0
97.0268,5.1346,1274,0,0
97.0516,5.0661,1257,0,0
97.0764,5.0419,1251,0,0
97.1012,5.0943,1264,0,0
97.1260,5.0903,1263,0,0
97.1508,5.0338,1249,0,0
97.1756,5.0862,1262,0,0
97.2004,5.0782,1260,0,0
97.2252,5.0379,1250,0,0
97.2500,5.0782,1260,0,0
97.2748,5.0862,1262,0,0
97.2996,5.0822,1261,0,0
97.3244,5.0862,1262,0,0
97.3492,5.0661,1257,0,0
97.3740,5.0822,1261,0,0
97.3988,5.0782,1260,0,0
97.4236,5.0943,1264,0,0
97.4484,5.0862,1262,0,0
97.4732,5.0500,1253,0,0
97.4980,5.0943,1264,0,0
97.5228,5.0983,1265,0,0
97.5476,5.0782,1260,0,0
97.5724,5.0742,1259,0,0
97.5972,5.0661,1257,0,0
97.6220,5.0782,1260,0,0
97.6469,5.0782,1260,0,0
97.6717,5.0782,1260,0,0
97.6964,5.0862,1262,0,0
97.7213,5.0943,1264,0,0
97.7461,5.0742,1259,0,0
97.7709,5.1064,1267,0,0
97.7957,5.0943,1264,0,0
97.8205,5.0782,1260,0,0
97.8453,5.0862,1262,0,0
97.8701,5.0742,1259,0,0
97.8949,5.0983,1265,0,0
97.9197,5.0943,1264,0,0
97.9445,5.0742,1259,0,0
97.9693,5.0661,1257,0,0
97.9941,5.0903,1263,0,0
98.0189,5.1024,1266,0,0
98.0437,5.0419,1251,0,0
98.0685,5.0862,1262,0,0
98.0933,5.0862,1262,0,0
98.1181,5.0218,1246,0,0
98.1429,5.0338,1249,0,0
98.1677,5.0862,1262,0,0
98.1925,5.0742,1259,0,0
98.2173,5.0782,1260,0,0
98.2421,5.0903,1263,0,0
98.2669,5.0742,1259,0,0
98.2917,5.0540,1254,0,0
98.3165,5.0862,1262,0,0
98.3413,5.1024,1266,0,0
98.3661,5.0903,1263,0,0
98.3909,5.0822,1261,0,0
98.4157,5.0822,1261,0,0
98.4405,5.0943,1264,0,0
98.4653,5.0379,1250,0,0
98.4901,5.0862,1262,0,0
98.5149,5.1064,1267,0,0
98.5397,5.0742,1259,0,0
98.5645,5.0500,1253,0,0
98.5893,5.0782,1260,0,0
98.6141,5.0943,1264,0,0
98.6389,5.0379,1250,0,0
98.6637,5.0742,1259,0,0
98.6885,5.0822,1261,0,0
98.7133,5.0943,1264,0,0
98.7382,5.0782,1260,0,0
98.7630,5.0943,1264,0,0
98.7878,5.0983,1265,0,0
98.8126,5.0742,1259,0,0
98.8374,5.0742,1259,0,0
98.8622,5.0742,1259,0,0
98.8870,5.0782,1260,0,0
98.9118,5.0742,1259,0,0
98.9366,5.0983,1265,0,0
98.9614,5.0742,1259,0,0
98.9862,5.0540,1254,0,0
99.0110,5.0661,1257,0,0
99.0358,5.0862,1262,0,0
99.0606,5.0862,1262,0,0
99.0854,5.0822,1261,0,0
99.1102,5.0983,1265,0,0
99.1350,5.1024,1266,0,0
99.1598,5.0782,1260,0,0
99.1846,5.0500,1253,0,0
99.2094,5.0862,1262,0,0
99.2342,5.0782,1260,0,0
99.2590,5.0822,1261,0,0
99.2838,5.0742,1259,0,0
99.3086,5.0822,1261,0,0
99.3334,5.0661,1257,0,0
99.3582,5.0701,1258,0,0
99.3830,5.1064,1267,0,0
99.4078,5.0701,1258,0,0
99.4326,5.0742,1259,0,0
99.4574,5.0943,1264,0,0
99.4822,5.0500,1253,0,0
99.5070,5.0379,1250,0,0
99.5318,5.0862,1262,0,0
99.5566,5.0661,1257,0,0
99.5814,5.1346,1274,0,0
99.6062,5.0742,1259,0,0
99.6310,5.0701,1258,0,0
99.6558,5.1145,1269,0,0
99.6806,5.0742,1259,0,0
99.7054,5.0661,1257,0,0
99.7302,5.0782,1260,0,0
99.7551,5.0943,1264,0,0
99.7799,5.0782,1260,0,0
99.8046,5.0862,1262,0,0
99.8295,5.0903,1263,0,0
99.8543,5.0943,1264,0,0
99.8791,5.0500,1253,0,0
99.9039,5.1024,1266,0,0
99.9287,5.0943,1264,0,0
99.9535,5.0742,1259,0,0
99.9783,5.0338,1249,0,0
100.0031,5.0782,1260,0,0
100.0279,5.0782,1260,0,0
100.0527,5.0701,1258,0,0
100.0775,5.0943,1264,0,0
100.1023,5.0943,1264,0,0
100.1271,5.0500,1253,0,0
100.1519,5.0782,1260,0,0
100.1767,5.0943,1264,0,0
100.2015,5.0701,1258,0,0
100.2263,5.0822,1261,0,0
100.2511,5.0862,1262,0,0
100.2759,5.0500,1253,0,0
100.3007,5.0419,1251,0,0
100.3255,5.0822,1261,0,0
100.3503,5.0862,1262,0,0
100.3751,5.0661,1257,0,0
100.3999,5.0862,1262,0,0
100.4247,5.0943,1264,0,0
100.4495,5.0822,1261,0,0
100.4743,5.0822,1261,0,0
100.4991,5.1024,1266,0,0
100.5239,5.0983,1265,0,0
100.5487,5.0500,1253,0,0
100.5735,5.0661,1257,0,0
100.5983,5.0983,1265,0,0
100.6231,5.0782,1260,0,0
100.6479,5.0419,1251,0,0
100.6727,5.0862,1262,0,0
100.6975,5.0419,1251,0,0
100.7223,5.0983,1265,0,0
100.7471,5.0983,1265,0,0
100.7719,5.0862,1262,0,0
100.7967,5.0903,1263,0,0
100.8215,5.0862,1262,0,0
100.8464,5.0782,1260,0,0
100.8712,5.0943,1264,0,0
100.8960,5.0419,1251,0,0
100.9208,5.1265,1272,0,0
100.9456,5.0862,1262,0,0
100.9704,5.0661,1257,0,0
100.9952,5.0822,1261,0,0
101.0200,5.0983,1265,0,0
101.0448,5.0822,1261,0,0
101.0696,5.0782,1260,0,0
101.0944,5.0983,1265,0,0
101.1192,5.0983,1265,0,0
101.1440,5.0943,1264,0,0
101.1688,5.0419,1251,0,0
101.1936,5.0903,1263,0,0
101.2184,5.0903,1263,0,0
101.2432,5.0782,1260,0,0
101.2680,5.0983,1265,0,0
101.2928,5.0943,1264,0,0
101.3176,5.0782,1260,0,0
101.3424,5.0943,1264,0,0
101.3672,5.1265,1272,0,0
101.3920,5.0862,1262,0,0
101.4168,5.1024,1266,0,0
101.4416,5.0983,1265,0,0
101.4664,5.0822,1261,0,0
101.4912,5.0822,1261,0,0
101.5160,5.0742,1259,0,0
101.5408,5.0822,1261,0,0
101.5656,5.0862,1262,0,0
101.5904,5.0419,1251,0,0
101.6152,5.0782,1260,0,0
101.6400,5.0822,1261,0,0
101.6648,5.0822,1261,0,0
101.6896,5.0943,1264,0,0
101.7144,5.0822,1261,0,0
101.7392,5.0782,1260,0,0
101.7640,5.0500,1253,0,0
101.7888,5.0943,1264,0,0
101.8136,5.0742,1259,0,0
101.8384,5.0862,1262,0,0
101.8633,5.0862,1262,0,0
101.8880,5.0701,1258,0,0
101.9128,5.0983,1265,0,0
101.9377,5.0742,1259,0,0
101.9625,5.0822,1261,0,0
101.9873,5.0943,1264,0,0
102.0121,5.0822,1261,0,0
102.0369,5.0742,1259,0,0
102.0617,5.0782,1260,0,0
102.0865,5.0500,1253,0,0
102.1113,5.0540,1254,0,0
102.1361,5.0862,1262,0,0
102.1609,5.1064,1267,0,0
102.1857,5.1225,1271,0,0
102.2105,5.0742,1259,0,0
102.2353,5.0822,1261,0,0
102.2601,5.0782,1260,0,0
102.2849,5.0782,1260,0,0
102.3097,5.0500,1253,0,0
102.3345,5.0782,1260,0,0
102.3593,5.0983,1265,0,0
102.3841,5.0661,1257,0,0
102.4089,5.0983,1265,0,0
102.4337,5.0742,1259,0,0
102.4585,5.0782,1260,0,0
102.4833,5.0742,1259,0,0
102.5081,5.0943,1264,0,0
102.5329,5.0782,1260,0,0
102.5577,5.0822,1261,0,0
102.5825,5.0782,1260,0,0
102.6073,5.0983,1265,0,0
102.6321,5.0862,1262,0,0
102.6569,5.0338,1249,0,0
102.6817,5.0862,1262,0,0
102.7065,5.0822,1261,0,0
102.7313,5.0983,1265,0,0
102.7561,5.0419,1251,0,0
102.7809,5.0500,1253,0,0
102.8057,5.0782,1260,0,0
102.8305,5.0742,1259,0,0
102.8553,5.0983,1265,0,0
102.8801,5.0943,1264,0,0
102.9049,5.0782,1260,0,0
102.9297,5.0379,1250,0,0
102.9546,5.0862,1262,0,0
102.9794,5.1104,1268,0,0
103.0042,5.0782,1260,0,0
103.0290,5.0701,1258,0,0
103.0538,5.0862,1262,0,0
103.0786,5.0661,1257,0,0
103.1034,5.1024,1266,0,0
103.1282,5.0862,1262,0,0
103.1530,5.0822,1261,0,0
103.1778,5.0782,1260,0,0
103.2026,5.0742,1259,0,0
103.2274,5.0862,1262,0,0
103.2522,5.0742,1259,0,0
103.2770,5.0782,1260,0,0
103.3018,5.0540,1254,0,0
103.3266,5.0903,1263,0,0
103.3514,5.0298,1248,0,0
103.3762,5.0862,1262,0,0
103.4010,5.0983,1265,0,0
103.4258,5.0782,1260,0,0
103.4506,5.0661,1257,0,0
103.4754,5.0983,1265,0,0
103.5002,5.0379,1250,0,0
103.5250,5.0379,1250,0,0
103.5498,5.0943,1264,0,0
103.5746,5.0742,1259,0,0
103.5994,5.0983,1265,0,0
103.6242,5.0862,1262,0,0
103.6490,5.0862,1262,0,0
103.6738,5.0742,1259,0,0
103.6986,5.0701,1258,0,0
103.7234,5.0782,1260,0,0
103.7482,5.1306,1273,0,0
103.7730,5.0782,1260,0,0
103.7978,5.0742,1259,0,0
103.8226,5.1024,1266,0,0
103.8474,5.0419,1251,0,0
103.8722,5.0782,1260,0,0
103.8970,5.0862,1262,0,0
103.9218,5.0862,1262,0,0
103.9466,5.0983,1265,0,0
103.9715,5.0338,1249,0,0
103.9962,5.0661,1257,0,0
104.0210,5.1064,1267,0,0
104.0459,5.0661,1257,0,0
104.0707,5.0661,1257,0,0
104.0955,5.0862,1262,0,0
104.1203,5.0661,1257,0,0
104.1451,5.0742,1259,0,0
104.1699,5.0943,1264,0,0
104.1947,5.1145,1269,0,0
104.2195,5.0742,1259,0,0
104.2443,5.0983,1265,0,0
104.2691,5.0983,1265,0,0
104.2939,5.0903,1263,0,0
104.3187,5.0943,1264,0,0
104.3435,5.0540,1254,0,0
104.3683,5.0983,1265,0,0
104.3931,5.0661,1257,0,0
104.4179,5.0862,1262,0,0
104.4427,5.0862,1262,0,0
104.4675,5.0500,1253,0,0
104.4923,5.1064,1267,0,0
104.5171,5.0701,1258,0,0
104.5419,5.0903,1263,0,0
104.5667,5.0742,1259,0,0
104.5915,5.0822,1261,0,0
104.6163,5.0782,1260,0,0
104.6411,5.0943,1264,0,0
104.6659,5.0379,1250,0,0
104.6907,5.0943,1264,0,0
104.7155,5.0701,1258,0,0
104.7403,5.0500,1253,0,0
104.7651,5.0862,1262,0,0
104.7899,5.0822,1261,0,0
104.8147,5.0903,1263,0,0
104.8395,5.0782,1260,0,0
104.8643,5.0742,1259,0,0
104.8891,5.0782,1260,0,0
104.9139,5.0782,1260,0,0
104.9387,5.0661,1257,0,0
104.9635,5.0943,1264,0,0
104.9883,5.0943,1264,0,0
105.0131,5.0822,1261,0,0
105.0379,5.0742,1259,0,0
105.0628,5.0862,1262,0,0
105.0876,5.0822,1261,0,0
105.1124,5.0782,1260,0,0
105.1372,5.0822,1261,0,0
105.1620,5.0782,1260,0,0
105.1868,5.0661,1257,0,0
105.2116,5.0379,1250,0,0
105.2364,5.0943,1264,0,0
105.2612,5.1064,1267,0,0
105.2860,5.0742,1259,0,0
105.3108,5.0661,1257,0,0
105.3356,5.0983,1265,0,0
105.3604,5.1024,1266,0,0
105.3852,5.0742,1259,0,0
105.4100,5.0580,1255,0,0
105.4348,5.0943,1264,0,0
105.4596,5.0943,1264,0,0
105.4844,5.0822,1261,0,0
105.5092,5.0903,1263,0,0
105.5340,5.0822,1261,0,0
105.5588,5.0742,1259,0,0
105.5836,5.0661,1257,0,0
105.6084,5.0742,1259,0,0
105.6332,5.0983,1265,0,0
105.6580,5.0742,1259,0,0
105.6828,5.0983,1265,0,0
105.7076,5.0943,1264,0,0
105.7324,5.0500,1253,0,0
105.7572,5.0862,1262,0,0
105.7820,5.0943,1264,0,0
105.8068,5.0742,1259,0,0
105.8316,5.0943,1264,0,0
105.8564,5.1265,1272,0,0
105.8812,5.0983,1265,0,0
105.9060,5.0661,1257,0,0
105.9308,5.0500,1253,0,0
105.9556,5.0661,1257,0,0
105.9804,5.0943,1264,0,0
106.0052,5.0862,1262,0,0
106.0300,5.0782,1260,0,0
106.0548,5.0701,1258,0,0
106.0796,5.0782,1260,0,0
106.1044,5.0701,1258,0,0
106.1292,5.1265,1272,0,0
106.1541,5.0862,1262,0,0
106.1789,5.0742,1259,0,0
106.2037,5.0056,1242,0,0
106.2285,5.0782,1260,0,0
106.2533,5.1064,1267,0,0
106.2781,5.0862,1262,0,0
106.3029,5.0943,1264,0,0
106.3277,5.0943,1264,0,0
106.3525,5.0419,1251,0,0
106.3773,5.0782,1260,0,0
106.4021,5.0742,1259,0,0
106.4269,5.0822,1261,0,0
106.4517,5.0661,1257,0,0
106.4765,5.0782,1260,0,0
106.5013,5.0661,1257,0,0
106.5261,5.0782,1260,0,0
106.5509,5.0742,1259,0,0
106.5757,5.0943,1264,0,0
106.6005,5.0782,1260,0,0
106.6253,5.0338,1249,0,0
106.6501,5.0943,1264,0,0
106.6749,5.0862,1262,0,0
106.6997,5.0782,1260,0,0
106.7245,5.1064,1267,0,0
106.7493,5.1306,1273,0,0
106.7741,5.0822,1261,0,0
106.7989,5.0782,1260,0,0
106.8237,5.0822,1261,0,0
106.8485,5.0943,1264,0,0
106.8733,5.0782,1260,0,0
106.8981,5.0742,1259,0,0
106.9229,5.0782,1260,0,0
106.9477,5.0742,1259,0,0
106.9725,5.0983,1265,0,0
106.9973,5.1064,1267,0,0
107.0221,5.1265,1272,0,0
107.0469,5.0983,1265,0,0
107.0717,5.0338,1249,0,0
107.0965,5.0862,1262,0,0
107.1213,5.0862,1262,0,0
107.1461,5.0742,1259,0,0
107.1710,5.0661,1257,0,0
107.1958,5.0862,1262,0,0
107.2206,5.0903,1263,0,0
107.2454,5.0983,1265,0,0
107.2702,5.0782,1260,0,0
107.2950,5.0500,1253,0,0
107.3198,5.0862,1262,0,0
107.3446,5.0862,1262,0,0
107.3694,5.0701,1258,0,0
107.3942,5.0742,1259,0,0
107.4190,5.0943,1264,0,0
107.4438,5.0822,1261,0,0
107.4686,5.0540,1254,0,0
107.4934,5.0983,1265,0,0
107.5182,5.0862,1262,0,0
107.5430,5.0782,1260,0,0
107.5678,5.0822,1261,0,0
107.5926,5.0903,1263,0,0
107.6174,5.0943,1264,0,0
107.6422,5.0983,1265,0,0
107.6670,5.0661,1257,0,0
107.6918,5.0903,1263,0,0
107.7166,5.0822,1261,0,0
107.7414,5.0742,1259,0,0
107.7662,5.0983,1265,0,0
107.7910,5.0943,1264,0,0
107.8158,5.0661,1257,0,0
107.8406,5.0822,1261,0,0
107.8654,5.0822,1261,0,0
107.8902,5.0862,1262,0,0
107.9150,5.0782,1260,0,0
107.9398,5.0218,1246,0,0
107.9646,5.0298,1248,0,0
107.9894,5.0862,1262,0,0
108.0142,5.1265,1272,0,0
108.0390,5.0822,1261,0,0
108.0638,5.0983,1265,0,0
108.0886,5.0782,1260,0,0
108.1134,5.0742,1259,0,0
108.1382,5.0742,1259,0,0
108.1630,5.0943,1264,0,0
108.1878,5.1265,1272,0,0
108.2126,5.0983,1265,0,0
108.2374,5.0661,1257,0,0
108.2623,5.0862,1262,0,0
108.2871,5.0540,1254,0,0
108.3119,5.0661,1257,0,0
108.3367,5.0782,1260,0,0
108.3615,5.0822,1261,0,0
108.3863,5.0742,1259,0,0
108.4111,5.0701,1258,0,0
108.4359,5.0782,1260,0,0
108.4607,5.0862,1262,0,0
108.4855,5.0782,1260,0,0
108.5103,5.0782,1260,0,0
108.5351,5.0782,1260,0,0
108.5599,5.0983,1265,0,0
108.5847,5.0822,1261,0,0
108.6095,5.0903,1263,0,0
108.6343,5.0661,1257,0,0
108.6591,5.0983,1265,0,0
108.6839,5.0782,1260,0,0
108.7087,5.1265,1272,0,0
108.7335,5.0419,1251,0,0
108.7583,5.0742,1259,0,0
108.7831,5.0661,1257,0,0
108.8079,5.0943,1264,0,0
108.8327,5.0580,1255,0,0
108.8575,5.0862,1262,0,0
108.8823,5.0782,1260,0,0
108.9071,5.1104,1268,0,0
108.9319,5.0419,1251,0,0
108.9567,5.0862,1262,0,0
108.9815,5.0903,1263,0,0
109.0063,5.0742,1259,0,0
109.0311,5.0943,1264,0,0
109.0559,5.0782,1260,0,0
109.0807,5.0782,1260,0,0
109.1055,5.0661,1257,0,0
109.1303,5.0943,1264,0,0
109.1551,5.0540,1254,0,0
109.1799,5.0500,1253,0,0
109.2047,5.0862,1262,0,0
109.2295,5.0943,1264,0,0
109.2543,5.0782,1260,0,0
109.2792,5.0782,1260,0,0
109.3040,5.0862,1262,0,0
109.3288,5.0661,1257,0,0
109.3536,5.0862,1262,0,0
109.3784,5.0862,1262,0,0
109.4032,5.0661,1257,0,0
109.4280,5.0782,1260,0,0
109.4528,5.0943,1264,0,0
109.4776,5.0782,1260,0,0
109.5024,5.0862,1262,0,0
109.5272,5.0903,1263,0,0
109.5520,5.1104,1268,0,0
109.5768,5.0661,1257,0,0
109.6016,5.0782,1260,0,0
109.6264,5.0862,1262,0,0
109.6512,5.0943,1264,0,0
109.6760,5.0782,1260,0,0
109.7008,5.0782,1260,0,0
109.7256,5.0782,1260,0,0
109.7504,5.0701,1258,0,0
109.7752,5.0782,1260,0,0
109.8000,5.0943,1264,0,0
109.8248,5.0943,1264,0,0
109.8496,5.0862,1262,0,0
109.8744,5.0862,1262,0,0
109.8992,5.0983,1265,0,0
109.9240,5.0782,1260,0,0
109.9488,5.0742,1259,0,0
109.9736,5.1024,1266,0,0
109.9984,5.0782,1260,0,0
110.0232,5.0742,1259,0,0
110.0480,5.0338,1249,0,0
110.0728,5.0701,1258,0,0
110.0976,5.0419,1251,0,0
110.1224,5.0983,1265,0,0
110.1472,5.0862,1262,0,0
110.1720,5.0742,1259,0,0
110.1968,5.0661,1257,0,0
110.2216,5.0782,1260,0,0
110.2464,5.0943,1264,0,0
110.2712,5.0701,1258,0,0
110.2960,5.0943,1264,0,0
110.3208,5.0782,1260,0,0
110.3456,5.0661,1257,0,0
110.3705,5.0943,1264,0,0
110.3953,5.0822,1261,0,0
110.4201,5.0903,1263,0,0
110.4449,5.1104,1268,0,0
110.4697,5.0903,1263,0,0
110.4945,5.0742,1259,0,0
110.5193,5.0742,1259,0,0
110.5441,5.0862,1262,0,0
110.5689,5.0903,1263,0,0
110.5937,5.0782,1260,0,0
110.6185,5.0580,1255,0,0
110.6433,5.0862,1262,0,0
110.6681,5.0782,1260,0,0
110.6929,5.0782,1260,0,0
110.7177,5.0943,1264,0,0
110.7425,5.0822,1261,0,0
110.7673,5.0701,1258,0,0
110.7921,5.0943,1264,0,0
110.8169,5.1225,1271,0,0
110.8417,5.0742,1259,0,0
110.8665,5.0580,1255,0,0
110.8913,5.0862,1262,0,0
110.9161,5.0943,1264,0,0
110.9409,5.0903,1263,0,0
110.9657,5.0298,1248,0,0
110.9905,5.0782,1260,0,0
111.0153,5.0862,1262,0,0
111.0401,5.0742,1259,0,0
111.0649,5.0862,1262,0,0
111.0897,5.0822,1261,0,0
111.1145,5.0782,1260,0,0
111.1393,5.0500,1253,0,0
111.1641,5.0701,1258,0,0
111.1889,5.0943,1264,0,0
111.2137,5.0983,1265,0,0
111.2385,5.1265,1272,0,0
111.2633,5.0661,1257,0,0
111.2881,5.0701,1258,0,0
111.3129,5.0782,1260,0,0
111.3377,5.0862,1262,0,0
111.3625,5.0701,1258,0,0
111.3874,5.0742,1259,0,0
111.4122,5.0943,1264,0,0
111.4370,5.0500,1253,0,0
111.4618,5.0943,1264,0,0
111.4866,5.0742,1259,0,0
111.5114,5.0822,1261,0,0
111.5362,5.0540,1254,0,0
111.5610,5.0782,1260,0,0
111.5858,5.0862,1262,0,0
111.6106,5.0943,1264,0,0
111.6354,5.0943,1264,0,0
111.6602,5.0943,1264,0,0
111.6850,5.0661,1257,0,0
111.7098,5.0943,1264,0,0
111.7346,5.0782,1260,0,0
111.7594,5.0782,1260,0,0
111.7842,5.0742,1259,0,0
111.8090,5.0782,1260,0,0
111.8338,5.0943,1264,0,0
111.8586,5.0983,1265,0,0
111.8834,5.0782,1260,0,0
111.9082,5.0862,1262,0,0
111.9330,5.0742,1259,0,0
111.9578,5.0782,1260,0,0
111.9826,5.1225,1271,0,0
112.0074,5.0943,1264,0,0
112.0322,5.0782,1260,0,0
112.0570,5.0943,1264,0,0
112.0818,5.0782,1260,0,0
112.1066,5.0943,1264,0,0
112.1314,5.0500,1253,0,0
112.1562,5.0943,1264,0,0
112.1810,5.0862,1262,0,0
112.2058,5.0742,1259,0,0
112.2306,5.0862,1262,0,0
112.2554,5.0903,1263,0,0
112.2802,5.0943,1264,0,0
112.3050,5.0540,1254,0,0
112.3298,5.0862,1262,0,0
112.3546,5.0742,1259,0,0
112.3794,5.0742,1259,0,0
112.4042,5.0943,1264,0,0
112.4290,5.0943,1264,0,0
112.4538,5.0742,1259,0,0
112.4787,5.0862,1262,0,0
112.5035,5.0742,1259,0,0
112.5283,5.0782,1260,0,0
112.5531,5.0903,1263,0,0
112.5779,5.0782,1260,0,0
112.6027,5.0782,1260,0,0
112.6275,5.0983,1265,0,0
112.6523,5.0903,1263,0,0
112.6771,5.0661,1257,0,0
112.7019,5.0661,1257,0,0
112.7267,5.0782,1260,0,0
112.7515,5.0943,1264,0,0
112.7763,5.0903,1263,0,0
112.8011,5.0862,1262,0,0
112.8259,5.1024,1266,0,0
112.8507,5.0701,1258,0,0
112.8755,5.0862,1262,0,0
112.9003,5.0701,1258,0,0
112.9251,5.0862,1262,0,0
112.9499,5.0903,1263,0,0
112.9747,5.0822,1261,0,0
112.9995,5.0943,1264,0,0
113.0243,5.0983,1265,0,0
113.0491,5.0742,1259,0,0
113.0739,5.0379,1250,0,0
113.0987,5.1104,1268,0,0
113.1235,5.0903,1263,0,0
113.1483,5.0782,1260,0,0
113.1731,5.0862,1262,0,0
113.1979,5.0903,1263,0,0
113.2227,5.0580,1255,0,0
113.2475,5.0742,1259,0,0
113.2723,5.0862,1262,0,0
113.2971,5.0862,1262,0,0
113.3219,5.0742,1259,0,0
113.3467,5.0580,1255,0,0
113.3715,5.0983,1265,0,0
113.3963,5.0862,1262,0,0
113.4211,5.0782,1260,0,0
113.4459,5.1024,1266,0,0
113.4707,5.0782,1260,0,0
113.4956,5.0862,1262,0,0
113.5204,5.0943,1264,0,0
113.5452,5.0822,1261,0,0
113.5700,5.0943,1264,0,0
113.5948,5.0701,1258,0,0
113.6196,5.0782,1260,0,0
113.6444,5.0742,1259,0,0
113.6692,5.0903,1263,0,0
113.6940,5.0983,1265,0,0
113.7188,5.0782,1260,0,0
113.7436,5.0983,1265,0,0
113.7684,5.1024,1266,0,0
113.7932,5.1225,1271,0,0
113.8180,5.0943,1264,0,0
113.8428,5.0782,1260,0,0
113.8676,5.0742,1259,0,0
113.8924,5.0983,1265,0,0
113.9172,5.0862,1262,0,0
113.9420,5.0903,1263,0,0
113.9668,5.0943,1264,0,0
113.9916,5.0782,1260,0,0
114.0164,5.0540,1254,0,0
114.0412,5.0943,1264,0,0
114.0660,5.0661,1257,0,0
114.0908,5.1104,1268,0,0
114.1156,5.0782,1260,0,0
114.1404,5.0862,1262,0,0
114.1652,5.1104,1268,0,0
114.1900,5.0943,1264,0,0
114.2148,5.0862,1262,0,0
114.2396,5.0943,1264,0,0
114.2644,5.0822,1261,0,0
114.2892,5.1024,1266,0,0
114.3140,5.0742,1259,0,0
114.3388,5.0742,1259,0,0
114.3636,5.0500,1253,0,0
114.3884,5.0862,1262,0,0
114.4132,5.0661,1257,0,0
114.4380,5.0782,1260,0,0
114.4628,5.0862,1262,0,0
114.4876,5.0701,1258,0,0
114.5124,5.0419,1251,0,0
114.5372,5.0742,1259,0,0
114.5620,5.0742,1259,0,0
114.5869,5.0822,1261,0,0
114.6117,5.0862,1262,0,0
114.6365,5.0862,1262,0,0
114.6613,5.0943,1264,0,0
114.6861,5.0983,1265,0,0
114.7109,5.0742,1259,0,0
114.7357,5.0943,1264,0,0
114.7605,5.0862,1262,0,0
114.7853,5.1104,1268,0,0
114.8101,5.0500,1253,0,0
114.8349,5.0943,1264,0,0
114.8597,5.0661,1257,0,0
114.8845,5.0742,1259,0,0
114.9093,5.0540,1254,0,0
114.9341,5.0943,1264,0,0
114.9589,5.1064,1267,0,0
114.9837,5.0661,1257,0,0
115.0085,5.0862,1262,0,0
115.0333,5.0540,1254,0,0
115.0581,5.1104,1268,0,0
115.0829,5.0903,1263,0,0
115.1077,5.0903,1263,0,0
115.1325,5.0983,1265,0,0
115.1573,5.0701,1258,0,0
115.1821,5.0782,1260,0,0
115.2069,5.0943,1264,0,0
115.2317,5.0862,1262,0,0
115.2565,5.0379,1250,0,0
115.2813,5.0862,1262,0,0
115.3061,5.0943,1264,0,0
115.3309,5.0822,1261,0,0
115.3557,5.0862,1262,0,0
115.3805,5.1064,1267,0,0
115.4053,5.0983,1265,0,0
115.4301,5.0943,1264,0,0
115.4549,5.0943,1264,0,0
115.4797,5.0862,1262,0,0
115.5045,5.1024,1266,0,0
115.5293,5.0701,1258,0,0
115.5541,5.0782,1260,0,0
115.5789,5.0983,1265,0,0
115.6038,5.0782,1260,0,0
115.6285,5.0742,1259,0,0
115.6534,5.0540,1254,0,0
115.6782,5.0782,1260,0,0
115.7030,5.1064,1267,0,0
115.7278,5.0862,1262,0,0
115.7526,5.0862,1262,0,0
115.7774,5.0943,1264,0,0
115.8022,5.0500,1253,0,0
115.8270,5.0822,1261,0,0
115.8518,5.0943,1264,0,0
115.8766,5.0943,1264,0,0
115.9014,5.0742,1259,0,0
115.9262,5.0822,1261,0,0
115.9510,5.0983,1265,0,0
115.9758,5.0943,1264,0,0
116.0006,5.0943,1264,0,0
116.0254,5.0661,1257,0,0
116.0502,5.0862,1262,0,0
116.0750,5.0782,1260,0,0
116.0998,5.0862,1262,0,0
116.1246,5.0742,1259,0,0
116.1494,5.0983,1265,0,0
116.1742,5.0661,1257,0,0
116.1990,5.0742,1259,0,0
116.2238,5.1104,1268,0,0
116.2486,5.0862,1262,0,0
116.2734,5.0943,1264,0,0
116.2982,5.0782,1260,0,0
116.3230,5.0862,1262,0,0
116.3478,5.0943,1264,0,0
116.3726,5.1024,1266,0,0
116.3974,5.0782,1260,0,0
116.4222,5.0943,1264,0,0
116.4470,5.1024,1266,0,0
116.4718,5.0983,1265,0,0
116.4966,5.0822,1261,0,0
116.5214,5.0822,1261,0,0
116.5462,5.0862,1262,0,0
116.5710,5.0782,1260,0,0
116.5958,5.0943,1264,0,0
116.6206,5.0661,1257,0,0
116.6454,5.0862,1262,0,0
116.6702,5.0862,1262,0,0
116.6951,5.1064,1267,0,0
116.7199,5.0782,1260,0,0
116.7447,5.0983,1265,0,0
116.7695,5.0862,1262,0,0
116.7943,5.0983,1265,0,0
116.8191,5.1024,1266,0,0
116.8439,5.0943,1264,0,0
116.8687,5.0782,1260,0,0
116.8935,5.0742,1259,0,0
116.9183,5.0822,1261,0,0
116.9431,5.1064,1267,0,0
116.9679,5.0742,1259,0,0
116.9927,5.0742,1259,0,0
117.0175,5.0943,1264,0,0
117.0423,5.0943,1264,0,0
117.0671,5.0661,1257,0,0
117.0919,5.0862,1262,0,0
117.1167,5.0903,1263,0,0
117.1415,5.0701,1258,0,0
117.1663,5.0782,1260,0,0
117.1911,5.0862,1262,0,0
117.2159,5.0943,1264,0,0
117.2407,5.0701,1258,0,0
117.2655,5.0782,1260,0,0
117.2903,5.0822,1261,0,0
117.3151,5.0903,1263,0,0
117.3399,5.0862,1262,0,0
117.3647,5.0661,1257,0,0
117.3895,5.1064,1267,0,0
117.4143,5.0903,1263,0,0
117.4391,5.0742,1259,0,0
117.4639,5.1064,1267,0,0
117.4887,5.0822,1261,0,0
117.5135,5.0379,1250,0,0
117.5383,5.1265,1272,0,0
117.5631,5.0943,1264,0,0
117.5879,5.0742,1259,0,0
117.6127,5.0500,1253,0,0
117.6375,5.1225,1271,0,0
117.6623,5.1064,1267,0,0
117.6871,5.0822,1261,0,0
117.7120,5.0742,1259,0,0
117.7367,5.0580,1255,0,0
117.7616,5.0742,1259,0,0
117.7864,5.0862,1262,0,0
117.8112,5.1064,1267,0,0
117.8360,5.0782,1260,0,0
117.8608,5.0782,1260,0,0
117.8856,5.0782,1260,0,0
117.9104,5.0661,1257,0,0
117.9352,5.0822,1261,0,0
117.9600,5.0862,1262,0,0
117.9848,5.2072,1292,0,0
118.0096,5.0903,1263,0,0
118.0344,5.0983,1265,0,0
118.0592,5.0862,1262,0,0
118.0840,5.0782,1260,0,0
118.1088,5.0782,1260,0,0
118.1336,5.0742,1259,0,0
118.1584,5.0862,1262,0,0
118.1832,5.0782,1260,0,0
118.2080,5.1024,1266,0,0
118.2328,5.0943,1264,0,0
118.2576,5.0903,1263,0,0
118.2824,5.0983,1265,0,0
118.3072,5.0782,1260,0,0
118.3320,5.0540,1254,0,0
118.3568,5.0822,1261,0,0
118.3816,5.1064,1267,0,0
118.4064,5.0903,1263,0,0
118.4312,5.0701,1258,0,0
118.4560,5.0822,1261,0,0
118.4808,5.0943,1264,0,0
118.5056,5.0822,1261,0,0
118.5304,5.0983,1265,0,0
118.5552,5.0903,1263,0,0
118.5800,5.0822,1261,0,0
118.6048,5.1225,1271,0,0
118.6296,5.0782,1260,0,0
118.6544,5.0661,1257,0,0
118.6792,5.0661,1257,0,0
118.7040,5.0822,1261,0,0
118.7288,5.0782,1260,0,0
118.7536,5.0822,1261,0,0
118.7785,5.1024,1266,0,0
118.8033,5.0903,1263,0,0
118.8281,5.0701,1258,0,0
118.8529,5.0742,1259,0,0
118.8777,5.0943,1264,0,0
118.9025,5.0500,1253,0,0
118.9273,5.0661,1257,0,0
118.9521,5.0661,1257,0,0
118.9769,5.0943,1264,0,0
119.0017,5.0742,1259,0,0
119.0265,5.0943,1264,0,0
119.0513,5.0822,1261,0,0
119.0761,5.0943,1264,0,0
119.1009,5.0862,1262,0,0
119.1257,5.0701,1258,0,0
119.1505,5.0822,1261,0,0
119.1753,5.1104,1268,0,0
119.2001,5.0661,1257,0,0
119.2249,5.0701,1258,0,0
119.2497,5.0943,1264,0,0
119.2745,5.0862,1262,0,0
119.2993,5.0742,1259,0,0
119.3241,5.0943,1264,0,0
119.3489,5.0943,1264,0,0
119.3737,5.0701,1258,0,0
119.3985,5.0903,1263,0,0
119.4233,5.0903,1263,0,0
119.4481,5.1024,1266,0,0
119.4729,5.0782,1260,0,0
119.4977,5.0943,1264,0,0
119.5225,5.0983,1265,0,0
119.5473,5.1024,1266,0,0
119.5721,5.0943,1264,0,0
119.5969,5.0943,1264,0,0
119.6217,5.0742,1259,0,0
119.6465,5.0862,1262,0,0
119.6713,5.0943,1264,0,0
119.6961,5.0862,1262,0,0
119.7209,5.0661,1257,0,0
119.7457,5.0862,1262,0,0
119.7705,5.0742,1259,0,0
119.7953,5.0661,1257,0,0
119.8201,5.0943,1264,0,0
119.8449,5.0903,1263,0,0
119.8698,5.0943,1264,0,0
119.8946,5.0742,1259,0,0
119.9194,5.0983,1265,0,0
119.9442,5.0822,1261,0,0
119.9690,5.0943,1264,0,0
119.9938,5.1225,1271,0,0
120.0186,5.0782,1260,0,0
120.0434,5.0782,1260,0,0
120.0682,5.0822,1261,0,0
120.0930,5.1024,1266,0,0
120.1178,5.0943,1264,0,0
120.1426,5.0943,1264,0,0
120.1674,5.0782,1260,0,0
120.1922,5.0983,1265,0,0
120.2170,5.0782,1260,0,0
120.2418,5.0742,1259,0,0
120.2666,5.0862,1262,0,0
120.2914,5.0742,1259,0,0
120.3162,5.0943,1264,0,0
120.3410,5.0943,1264,0,0
120.3658,5.0742,1259,0,0
120.3906,5.0782,1260,0,0
120.4154,5.0983,1265,0,0
120.4402,5.0500,1253,0,0
120.4650,5.1064,1267,0,0
120.4898,5.0661,1257,0,0
120.5146,5.0862,1262,0,0
120.5394,5.1346,1274,0,0
120.5642,5.0983,1265,0,0
120.5890,5.0943,1264,0,0
120.6138,5.0379,1250,0,0
120.6386,5.1024,1266,0,0
120.6634,5.0580,1255,0,0
120.6882,5.0943,1264,0,0
120.7130,5.0742,1259,0,0
120.7378,5.0701,1258,0,0
120.7626,5.0782,1260,0,0
120.7874,5.0661,1257,0,0
120.8122,5.0742,1259,0,0
120.8370,5.0782,1260,0,0
120.8618,5.0862,1262,0,0
120.8867,5.0983,1265,0,0
120.9115,5.0701,1258,0,0
120.9363,5.0540,1254,0,0
120.9611,5.0782,1260,0,0
120.9859,5.0782,1260,0,0
121.0107,5.0500,1253,0,0
121.0355,5.0742,1259,0,0
121.0603,5.1024,1266,0,0
121.0851,5.0338,1249,0,0
121.1099,5.1104,1268,0,0
121.1347,5.1064,1267,0,0
121.1595,5.0500,1253,0,0
121.1843,5.0862,1262,0,0
121.2091,5.0742,1259,0,0
121.2339,5.0862,1262,0,0
121.2587,5.0782,1260,0,0
121.2835,5.0943,1264,0,0
121.3083,5.1225,1271,0,0
121.3331,5.0782,1260,0,0
121.3579,5.1104,1268,0,0
121.3827,5.0701,1258,0,0
121.4075,5.0862,1262,0,0
121.4323,5.0903,1263,0,0
121.4571,5.0742,1259,0,0
121.4819,5.0862,1262,0,0
121.5067,5.0862,1262,0,0
121.5315,5.0983,1265,0,0
121.5563,5.0943,1264,0,0
121.5811,5.0943,1264,0,0
121.6059,5.0782,1260,0,0
121.6307,5.0983,1265,0,0
121.6555,5.0903,1263,0,0
121.6803,5.0943,1264,0,0
121.7051,5.0822,1261,0,0
121.7299,5.0661,1257,0,0
121.7547,5.0903,1263,0,0
121.7795,5.1225,1271,0,0
121.8043,5.0419,1251,0,0
121.8291,5.0983,1265,0,0
121.8539,5.0943,1264,0,0
121.8787,5.0782,1260,0,0
121.9035,5.0742,1259,0,0
121.9283,5.0862,1262,0,0
121.9531,5.0782,1260,0,0
121.9780,5.0661,1257,0,0
122.0028,5.0782,1260,0,0
122.0276,5.0903,1263,0,0
122.0524,5.0943,1264,0,0
122.0772,5.0742,1259,0,0
122.1020,5.0983,1265,0,0
122.1268,5.0862,1262,0,0
122.1516,5.0782,1260,0,0
122.1764,5.1306,1273,0,0
122.2012,5.0742,1259,0,0
122.2260,5.0862,1262,0,0
122.2508,5.0661,1257,0,0
122.2756,5.0742,1259,0,0
122.3004,5.1024,1266,0,0
122.3252,5.1064,1267,0,0
122.3500,5.0943,1264,0,0
122.3748,5.1024,1266,0,0
122.3996,5.0782,1260,0,0
122.4244,5.0701,1258,0,0
122.4492,5.0782,1260,0,0
122.4740,5.0822,1261,0,0
122.4988,5.0782,1260,0,0
122.5236,5.0661,1257,0,0
122.5484,5.0742,1259,0,0
122.5732,5.0661,1257,0,0
122.5980,5.0822,1261,0,0
122.6228,5.0661,1257,0,0
122.6476,5.0943,1264,0,0
122.6724,5.0943,1264,0,0
122.6972,5.0782,1260,0,0
122.7220,5.1104,1268,0,0
122.7468,5.0822,1261,0,0
122.7716,5.0903,1263,0,0
122.7964,5.1104,1268,0,0
122.8212,5.0943,1264,0,0
122.8460,5.0742,1259,0,0
122.8708,5.0862,1262,0,0
122.8956,5.0862,1262,0,0
122.9204,5.0742,1259,0,0
122.9452,5.0782,1260,0,0
122.9700,5.0742,1259,0,0
122.9949,5.0943,1264,0,0
123.0197,5.0701,1258,0,0
123.0445,5.0782,1260,0,0
123.0693,5.0782,1260,0,0
123.0941,5.0782,1260,0,0
123.1189,5.0903,1263,0,0
123.1437,5.0862,1262,0,0
123.1685,5.0822,1261,0,0
123.1933,5.0782,1260,0,0
123.2181,5.0742,1259,0,0
123.2429,5.0742,1259,0,0
123.2677,5.0742,1259,0,0
123.2925,5.1104,1268,0,0
123.3173,5.0943,1264,0,0
123.3421,5.0983,1265,0,0
123.3669,5.0862,1262,0,0
123.3917,5.0862,1262,0,0
123.4165,5.0782,1260,0,0
123.4413,5.0862,1262,0,0
123.4661,5.0580,1255,0,0
123.4909,5.0943,1264,0,0
123.5157,5.0943,1264,0,0
123.5405,5.0419,1251,0,0
123.5653,5.0742,1259,0,0
123.5901,5.0782,1260,0,0
123.6149,5.1064,1267,0,0
123.6397,5.0500,1253,0,0
123.6645,5.0862,1262,0,0
123.6893,5.1064,1267,0,0
123.7141,5.0943,1264,0,0
123.7389,5.0742,1259,0,0
123.7637,5.0862,1262,0,0
123.7885,5.1024,1266,0,0
123.8133,5.0782,1260,0,0
123.8381,5.0943,1264,0,0
123.8629,5.0782,1260,0,0
123.8877,5.0782,1260,0,0
123.9125,5.0782,1260,0,0
123.9373,5.0782,1260,0,0
123.9621,5.0701,1258,0,0
123.9869,5.0782,1260,0,0
124.0117,5.0862,1262,0,0
124.0365,5.0742,1259,0,0
124.0613,5.0661,1257,0,0
124.0862,5.0903,1263,0,0
124.1110,5.1225,1271,0,0
124.1358,5.0782,1260,0,0
124.1606,5.0903,1263,0,0
124.1854,5.0943,1264,0,0
124.2102,5.0862,1262,0,0
124.2350,5.0903,1263,0,0
124.2598,5.0983,1265,0,0
124.2846,5.0862,1262,0,0
124.3094,5.0943,1264,0,0
124.3342,5.0983,1265,0,0
124.3590,5.0742,1259,0,0
124.3838,5.0298,1248,0,0
124.4086,5.0862,1262,0,0
124.4334,5.0862,1262,0,0
124.4582,5.0862,1262,0,0
124.4830,5.1064,1267,0,0
124.5078,5.0943,1264,0,0
124.5326,5.2072,1292,0,0
124.5574,5.0822,1261,0,0
124.5822,5.0701,1258,0,0
124.6070,5.0862,1262,0,0
124.6318,5.0862,1262,0,0
124.6566,5.0701,1258,0,0
124.6814,5.0862,1262,0,0
124.7062,5.0661,1257,0,0
124.7310,5.1104,1268,0,0
124.7558,5.0742,1259,0,0
124.7806,5.0983,1265,0,0
124.8054,5.0540,1254,0,0
124.8302,5.0742,1259,0,0
124.8550,5.0943,1264,0,0
124.8798,5.0943,1264,0,0
124.9046,5.0661,1257,0,0
124.9294,5.0943,1264,0,0
124.9542,5.0661,1257,0,0
124.9790,5.0782,1260,0,0
125.0038,5.0983,1265,0,0
125.0286,5.0862,1262,0,0
125.0534,5.0943,1264,0,0
125.0782,5.1064,1267,0,0
125.1031,5.0782,1260,0,0
125.1279,5.0903,1263,0,0
125.1527,5.1024,1266,0,0
125.1775,5.0983,1265,0,0
125.2023,5.0782,1260,0,0
125.2271,5.0862,1262,0,0
125.2519,5.0782,1260,0,0
125.2767,5.0943,1264,0,0
125.3015,5.0862,1262,0,0
125.3263,5.1024,1266,0,0
125.3511,5.0701,1258,0,0
125.3759,5.1024,1266,0,0
125.4007,5.0661,1257,0,0
125.4255,5.0661,1257,0,0
125.4503,5.0903,1263,0,0
125.4751,5.0661,1257,0,0
125.4999,5.0943,1264,0,0
125.5247,5.0379,1250,0,0
125.5495,5.0782,1260,0,0
125.5743,5.0500,1253,0,0
125.5991,5.0822,1261,0,0
125.6239,5.0782,1260,0,0
125.6487,5.0943,1264,0,0
125.6735,5.1225,1271,0,0
125.6983,5.0983,1265,0,0
125.7231,5.0862,1262,0,0
125.7479,5.0822,1261,0,0
125.7727,5.0782,1260,0,0
125.7975,5.0903,1263,0,0
125.8223,5.0661,1257,0,0
125.8471,5.1306,1273,0,0
125.8719,5.0782,1260,0,0
125.8967,5.1064,1267,0,0
125.9215,5.0782,1260,0,0
125.9463,5.0983,1265,0,0
125.9711,5.0782,1260,0,0
125.9959,5.1064,1267,0,0
126.0207,5.0782,1260,0,0
126.0455,5.0862,1262,0,0
126.0703,5.1265,1272,0,0
126.0951,5.0983,1265,0,0
126.1199,5.0862,1262,0,0
126.1447,5.0822,1261,0,0
126.1695,5.0983,1265,0,0
126.1944,5.0500,1253,0,0
126.2192,5.0862,1262,0,0
126.2440,5.0782,1260,0,0
126.2688,5.0701,1258,0,0
126.2936,5.1064,1267,0,0
126.3184,5.0782,1260,0,0
126.3432,5.0943,1264,0,0
126.3680,5.0742,1259,0,0
126.3928,5.0782,1260,0,0
126.4176,5.1225,1271,0,0
126.4424,5.0782,1260,0,0
126.4672,5.0862,1262,0,0
126.4920,5.0862,1262,0,0
126.5168,5.0903,1263,0,0
126.5416,5.0903,1263,0,0
126.5664,5.0782,1260,0,0
126.5912,5.0701,1258,0,0
126.6160,5.0782,1260,0,0
126.6408,5.0661,1257,0,0
126.6656,5.1024,1266,0,0
126.6904,5.0903,1263,0,0
126.7152,5.0500,1253,0,0
126.7400,5.0782,1260,0,0
126.7648,5.0701,1258,0,0
126.7896,5.0742,1259,0,0
126.8144,5.0943,1264,0,0
126.8392,5.0943,1264,0,0
126.8640,5.0782,1260,0,0
126.8888,5.0943,1264,0,0
126.9136,5.0782,1260,0,0
126.9384,5.0742,1259,0,0
126.9632,5.0701,1258,0,0
126.9880,5.0943,1264,0,0
127.0128,5.0943,1264,0,0
127.0376,5.0983,1265,0,0
127.0624,5.0943,1264,0,0
127.0872,5.0782,1260,0,0
127.1120,5.0862,1262,0,0
127.1368,5.0862,1262,0,0
127.1616,5.0903,1263,0,0
127.1864,5.1225,1271,0,0
127.2113,5.0943,1264,0,0
127.2361,5.0862,1262,0,0
127.2608,5.0580,1255,0,0
127.2857,5.0742,1259,0,0
127.3105,5.0742,1259,0,0
127.3353,5.0822,1261,0,0
127.3601,5.0822,1261,0,0
127.3849,5.0742,1259,0,0
127.4097,5.1064,1267,0,0
127.4345,5.0862,1262,0,0
127.4593,5.0782,1260,0,0
127.4841,5.0862,1262,0,0
127.5089,5.0983,1265,0,0
127.5337,5.0782,1260,0,0
127.5585,5.0822,1261,0,0
127.5833,5.0983,1265,0,0
127.6081,5.0903,1263,0,0
127.6329,5.0983,1265,0,0
127.6577,5.1265,1272,0,0
127.6825,5.1024,1266,0,0
127.7073,5.0943,1264,0,0
127.7321,5.0500,1253,0,0
127.7569,5.1225,1271,0,0
127.7817,5.0943,1264,0,0
127.8065,5.0862,1262,0,0
127.8313,5.0701,1258,0,0
127.8561,5.0419,1251,0,0
127.8809,5.0983,1265,0,0
127.9057,5.1104,1268,0,0
127.9305,5.0782,1260,0,0
127.9553,5.0862,1262,0,0
127.9801,5.0822,1261,0,0
128.0049,5.0742,1259,0,0
128.0297,5.0379,1250,0,0
128.0545,5.0862,1262,0,0
128.0793,5.0782,1260,0,0
128.1041,5.0742,1259,0,0
128.1289,5.0661,1257,0,0
128.1537,5.0943,1264,0,0
128.1785,5.0661,1257,0,0
128.2033,5.0983,1265,0,0
128.2281,5.0943,1264,0,0
128.2529,5.0661,1257,0,0
128.2778,5.0983,1265,0,0
128.3026,5.0862,1262,0,0
128.3273,5.0419,1251,0,0
128.3522,5.0782,1260,0,0
128.3770,5.0822,1261,0,0
128.4018,5.0379,1250,0,0
128.4266,5.0782,1260,0,0
128.4514,5.0701,1258,0,0
128.4762,5.0782,1260,0,0
128.5010,5.0983,1265,0,0
128.5258,5.0862,1262,0,0
128.5506,5.0782,1260,0,0
128.5754,5.0943,1264,0,0
128.6002,5.0742,1259,0,0
128.6250,5.0742,1259,0,0
128.6498,5.0580,1255,0,0
128.6746,5.0862,1262,0,0
128.6994,5.1064,1267,0,0
128.7242,5.0742,1259,0,0
128.7490,5.0983,1265,0,0
128.7738,5.0742,1259,0,0
128.7986,5.1265,1272,0,0
128.8234,5.1104,1268,0,0
128.8482,5.0983,1265,0,0
128.8730,5.0943,1264,0,0
128.8978,5.0943,1264,0,0
128.9226,5.1024,1266,0,0
128.9474,5.0943,1264,0,0
128.9722,5.0943,1264,0,0
128.9970,5.0661,1257,0,0
129.0218,5.1225,1271,0,0
129.0466,5.0862,1262,0,0
129.0714,5.0782,1260,0,0
129.0962,5.0903,1263,0,0
129.1210,5.0983,1265,0,0
129.1458,5.0742,1259,0,0
129.1706,5.0742,1259,0,0
129.1954,5.1265,1272,0,0
129.2202,5.0903,1263,0,0
129.2450,5.1145,1269,0,0
129.2698,5.0943,1264,0,0
129.2946,5.0862,1262,0,0
129.3194,5.0701,1258,0,0
129.3443,5.0701,1258,0,0
129.3690,5.0782,1260,0,0
129.3939,5.0943,1264,0,0
129.4187,5.0742,1259,0,0
129.4435,5.0943,1264,0,0
129.4683,5.0943,1264,0,0
129.4931,5.0701,1258,0,0
129.5179,5.0862,1262,0,0
129.5427,5.0943,1264,0,0
129.5675,5.0943,1264,0,0
129.5923,5.0943,1264,0,0
129.6171,5.0943,1264,0,0
129.6419,5.1024,1266,0,0
129.6667,5.0742,1259,0,0
129.6915,5.1225,1271,0,0
129.7163,5.0943,1264,0,0
129.7411,5.0500,1253,0,0
129.7659,5.0862,1262,0,0
129.7907,5.0862,1262,0,0
129.8155,5.0742,1259,0,0
129.8403,5.1225,1271,0,0
129.8651,5.0903,1263,0,0
129.8899,5.0943,1264,0,0
129.9147,5.0822,1261,0,0
129.9395,5.0742,1259,0,0
129.9643,5.1024,1266,0,0
129.9891,5.0983,1265,0,0
130.0139,5.0862,1262,0,0
130.0387,5.0983,1265,0,0
130.0635,5.0983,1265,0,0
130.0883,5.0862,1262,0,0
130.1131,5.0419,1251,0,0
130.1379,5.1104,1268,0,0
130.1627,5.0862,1262,0,0
130.1875,5.1064,1267,0,0
130.2123,5.0822,1261,0,0
130.2371,5.0862,1262,0,0
130.2619,5.0943,1264,0,0
130.2867,5.1145,1269,0,0
130.3115,5.0782,1260,0,0
130.3363,5.0983,1265,0,0
130.3611,5.0822,1261,0,0
130.3860,5.0661,1257,0,0
130.4108,5.0782,1260,0,0
130.4355,5.0661,1257,0,0
130.4604,5.0661,1257,0,0
130.4852,5.0983,1265,0,0
130.5100,5.0782,1260,0,0
130.5348,5.0862,1262,0,0
130.5596,5.0943,1264,0,0
130.5844,5.0782,1260,0,0
130.6092,5.0903,1263,0,0
130.6340,5.0701,1258,0,0
130.6588,5.0983,1265,0,0
130.6836,5.1104,1268,0,0
130.7084,5.0943,1264,0,0
130.7332,5.0943,1264,0,0
130.7580,5.0943,1264,0,0
130.7828,5.0903,1263,0,0
130.8076,5.0701,1258,0,0
130.8324,5.0862,1262,0,0
130.8572,5.0943,1264,0,0
130.8820,5.0701,1258,0,0
130.9068,5.0782,1260,0,0
130.9316,5.1024,1266,0,0
130.9564,5.0943,1264,0,0
130.9812,5.0782,1260,0,0
131.0060,5.0782,1260,0,0
131.0308,5.0862,1262,0,0
131.0556,5.0943,1264,0,0
131.0804,5.1064,1267,0,0
131.1052,5.1064,1267,0,0
131.1300,5.0822,1261,0,0
131.1548,5.0903,1263,0,0
131.1796,5.0943,1264,0,0
131.2044,5.0943,1264,0,0
131.2292,5.0661,1257,0,0
131.2540,5.0943,1264,0,0
131.2788,5.0701,1258,0,0
131.3036,5.0822,1261,0,0
131.3284,5.0983,1265,0,0
131.3532,5.0862,1262,0,0
131.3780,5.1024,1266,0,0
131.4028,5.0862,1262,0,0
131.4276,5.0862,1262,0,0
131.4525,5.0903,1263,0,0
131.4772,5.0943,1264,0,0
131.5021,5.1064,1267,0,0
131.5269,5.0943,1264,0,0
131.5517,5.0822,1261,0,0
131.5765,5.1225,1271,0,0
131.6013,5.1064,1267,0,0
131.6261,5.0742,1259,0,0
131.6509,5.0903,1263,0,0
131.6757,5.1104,1268,0,0
131.7005,5.0540,1254,0,0
131.7253,5.0943,1264,0,0
131.7501,5.1024,1266,0,0
131.7749,5.0500,1253,0,0
131.7997,5.0822,1261,0,0
131.8245,5.0822,1261,0,0
131.8493,5.0903,1263,0,0
131.8741,5.0983,1265,0,0
131.8989,5.0943,1264,0,0
131.9237,5.0943,1264,0,0
131.9485,5.0862,1262,0,0
131.9733,5.0903,1263,0,0
131.9981,5.0903,1263,0,0
132.0229,5.0862,1262,0,0
132.0477,5.0822,1261,0,0
132.0725,5.0782,1260,0,0
132.0973,5.0903,1263,0,0
132.1221,5.0943,1264,0,0
132.1469,5.0903,1263,0,0
132.1717,5.0943,1264,0,0
132.1965,5.0782,1260,0,0
132.2213,5.0782,1260,0,0
132.2461,5.0782,1260,0,0
132.2709,5.1306,1273,0,0
132.2957,5.0903,1263,0,0
132.3205,5.0822,1261,0,0
132.3453,5.0661,1257,0,0
132.3701,5.1064,1267,0,0
132.3949,5.0862,1262,0,0
132.4197,5.0742,1259,0,0
132.4445,5.0661,1257,0,0
132.4693,5.1064,1267,0,0
132.4942,5.0862,1262,0,0
132.5190,5.0862,1262,0,0
132.5437,5.1104,1268,0,0
132.5686,5.0742,1259,0,0
132.5934,5.0782,1260,0,0
132.6182,5.0540,1254,0,0
132.6430,5.0943,1264,0,0
132.6678,5.0903,1263,0,0
132.6926,5.0862,1262,0,0
132.7174,5.0419,1251,0,0
132.7422,5.0943,1264,0,0
132.7670,5.0782,1260,0,0
132.7918,5.0862,1262,0,0
132.8166,5.0943,1264,0,0
132.8414,5.0903,1263,0,0
132.8662,5.0862,1262,0,0
132.8910,5.0782,1260,0,0
132.9158,5.0983,1265,0,0
132.9406,5.0782,1260,0,0
132.9654,5.0983,1265,0,0
132.9902,5.0862,1262,0,0
133.0150,5.0500,1253,0,0
133.0398,5.1064,1267,0,0
133.0646,5.0903,1263,0,0
133.0894,5.0782,1260,0,0
133.1142,5.0782,1260,0,0
133.1390,5.0782,1260,0,0
133.1638,5.0500,1253,0,0
133.1886,5.0862,1262,0,0
133.2134,5.0983,1265,0,0
133.2382,5.0701,1258,0,0
133.2630,5.0822,1261,0,0
133.2878,5.0943,1264,0,0
133.3126,5.0862,1262,0,0
133.3374,5.0782,1260,0,0
133.3622,5.0742,1259,0,0
133.3870,5.0903,1263,0,0
133.4118,5.0500,1253,0,0
133.4366,5.0782,1260,0,0
133.4614,5.1064,1267,0,0
133.4862,5.1265,1272,0,0
133.5110,5.0862,1262,0,0
133.5358,5.0983,1265,0,0
133.5607,5.0903,1263,0,0
133.5854,5.0742,1259,0,0
133.6103,5.0943,1264,0,0
133.6351,5.0983,1265,0,0
133.6599,5.0701,1258,0,0
133.6847,5.0782,1260,0,0
133.7095,5.1064,1267,0,0
133.7343,5.0661,1257,0,0
133.7591,5.0983,1265,0,0
133.7839,5.0862,1262,0,0
133.8087,5.0782,1260,0,0
133.8335,5.0862,1262,0,0
133.8583,5.0983,1265,0,0
133.8831,5.0742,1259,0,0
133.9079,5.0943,1264,0,0
133.9327,5.0943,1264,0,0
133.9575,5.0983,1265,0,0
133.9823,5.0943,1264,0,0
134.0071,5.0822,1261,0,0
134.0319,5.0862,1262,0,0
134.0567,5.0742,1259,0,0
134.0815,5.1104,1268,0,0
134.1063,5.0943,1264,0,0
134.1311,5.0661,1257,0,0
134.1559,5.0782,1260,0,0
134.1807,5.0862,1262,0,0
134.2055,5.0862,1262,0,0
134.2303,5.0822,1261,0,0
134.2551,5.0943,1264,0,0
134.2799,5.0983,1265,0,0
134.3047,5.1265,1272,0,0
134.3295,5.0862,1262,0,0
134.3543,5.0822,1261,0,0
134.3791,5.0862,1262,0,0
134.4039,5.0943,1264,0,0
134.4287,4.9855,1237,0,0
134.4535,5.0983,1265,0,0
134.4783,5.0983,1265,0,0
134.5031,5.0862,1262,0,0
134.5279,5.0742,1259,0,0
134.5527,5.0782,1260,0,0
134.5775,5.1024,1266,0,0
134.6023,5.0983,1265,0,0
134.6272,5.0903,1263,0,0
134.6519,5.0862,1262,0,0
134.6768,5.1024,1266,0,0
134.7016,5.0983,1265,0,0
134.7264,5.0782,1260,0,0
134.7512,5.0983,1265,0,0
134.7760,5.0943,1264,0,0
134.8008,5.0983,1265,0,0
134.8256,5.0943,1264,0,0
134.8504,5.0983,1265,0,0
134.8752,5.0862,1262,0,0
134.9000,5.0862,1262,0,0
134.9248,5.1104,1268,0,0
134.9496,5.0862,1262,0,0
134.9744,5.0943,1264,0,0
134.9992,5.0943,1264,0,0
135.0240,5.0943,1264,0,0
135.0488,5.0419,1251,0,0
135.0736,5.0983,1265,0,0
135.0984,5.1104,1268,0,0
135.1232,5.0782,1260,0,0
135.1480,5.0782,1260,0,0
135.1728,5.0782,1260,0,0
135.1976,5.1064,1267,0,0
135.2224,5.0862,1262,0,0
135.2472,5.0862,1262,0,0
135.2720,5.1104,1268,0,0
135.2968,5.1507,1278,0,0
135.3216,5.0983,1265,0,0
135.3464,5.0862,1262,0,0
135.3712,5.0943,1264,0,0
135.3960,5.0782,1260,0,0
135.4208,5.0742,1259,0,0
135.4456,5.0742,1259,0,0
135.4704,5.0822,1261,0,0
135.4952,5.0862,1262,0,0
135.5200,5.1225,1271,0,0
135.5448,5.0338,1249,0,0
135.5696,5.0782,1260,0,0
135.5944,5.0661,1257,0,0
135.6192,5.0943,1264,0,0
135.6440,5.0943,1264,0,0
135.6689,5.0661,1257,0,0
135.6936,5.0943,1264,0,0
135.7185,5.0862,1262,0,0
135.7433,5.0379,1250,0,0
135.7681,5.0983,1265,0,0
135.7929,5.0661,1257,0,0
135.8177,5.0943,1264,0,0
135.8425,5.0862,1262,0,0
135.8673,5.0661,1257,0,0
135.8921,5.0862,1262,0,0
135.9169,5.1225,1271,0,0
135.9417,5.0540,1254,0,0
135.9665,5.0943,1264,0,0
135.9913,5.0943,1264,0,0
136.0161,5.1265,1272,0,0
136.0409,5.0862,1262,0,0
136.0657,5.0661,1257,0,0
136.0905,5.0782,1260,0,0
136.1153,5.0943,1264,0,0
136.1401,5.0661,1257,0,0
136.1649,5.0983,1265,0,0
136.1897,5.1306,1273,0,0
136.2145,5.0782,1260,0,0
136.2393,5.0862,1262,0,0
136.2641,5.0943,1264,0,0
136.2889,5.0782,1260,0,0
136.3137,5.0943,1264,0,0
136.3385,5.0782,1260,0,0
136.3633,5.0862,1262,0,0
136.3881,5.0943,1264,0,0
136.4129,5.0661,1257,0,0
136.4377,5.0943,1264,0,0
136.4625,5.0983,1265,0,0
136.4873,5.0338,1249,0,0
136.5121,5.0983,1265,0,0
136.5369,5.0983,1265,0,0
136.5617,5.0782,1260,0,0
136.5865,5.0782,1260,0,0
136.6113,5.0943,1264,0,0
136.6361,5.0983,1265,0,0
136.6609,5.0943,1264,0,0
136.6857,5.0943,1264,0,0
136.7105,5.0782,1260,0,0
136.7354,5.0782,1260,0,0
136.7601,5.0983,1265,0,0
136.7850,5.0862,1262,0,0
136.8098,5.0903,1263,0,0
136.8346,5.0943,1264,0,0
136.8594,5.0822,1261,0,0
136.8842,5.0661,1257,0,0
136.9090,5.1064,1267,0,0
136.9338,5.0943,1264,0,0
136.9586,5.1024,1266,0,0
136.9834,5.0701,1258,0,0
137.0082,5.0782,1260,0,0
137.0330,5.0943,1264,0,0
137.0578,5.0903,1263,0,0
137.0826,5.0782,1260,0,0
137.1074,5.0983,1265,0,0
137.1322,5.1225,1271,0,0
137.1570,5.0903,1263,0,0
137.1818,5.0983,1265,0,0
137.2066,5.1265,1272,0,0
137.2314,5.0782,1260,0,0
137.2562,5.0742,1259,0,0
137.2810,5.1225,1271,0,0
137.3058,5.0822,1261,0,0
137.3306,5.0943,1264,0,0
137.3554,5.0943,1264,0,0
137.3802,5.0742,1259,0,0
137.4050,5.0782,1260,0,0
137.4298,5.0742,1259,0,0
137.4546,5.0742,1259,0,0
137.4794,5.0782,1260,0,0
137.5042,5.0983,1265,0,0
137.5290,5.0742,1259,0,0
137.5538,5.0983,1265,0,0
137.5786,5.0500,1253,0,0
137.6034,5.1346,1274,0,0
137.6282,5.0943,1264,0,0
137.6530,5.0379,1250,0,0
137.6778,5.1024,1266,0,0
137.7026,5.0742,1259,0,0
137.7274,5.0862,1262,0,0
137.7522,5.0782,1260,0,0
137.7771,5.1104,1268,0,0
137.8018,5.1064,1267,0,0
137.8267,5.0661,1257,0,0
137.8515,5.1064,1267,0,0
137.8763,5.1145,1269,0,0
137.9011,5.0943,1264,0,0
137.9259,5.0782,1260,0,0
137.9507,5.1064,1267,0,0
137.9755,5.0822,1261,0,0
138.0003,5.1346,1274,0,0
138.0251,5.0540,1254,0,0
138.0499,5.0782,1260,0,0
138.0747,5.1225,1271,0,0
138.0995,5.0822,1261,0,0
138.1243,5.0903,1263,0,0
138.1491,5.0419,1251,0,0
138.1739,5.1265,1272,0,0
138.1987,5.0862,1262,0,0
138.2235,5.0943,1264,0,0
138.2483,5.0983,1265,0,0
138.2731,5.1145,1269,0,0
138.2979,5.0943,1264,0,0
138.3227,5.0782,1260,0,0
138.3475,5.0742,1259,0,0
138.3723,5.0862,1262,0,0
138.3971,5.0782,1260,0,0
138.4219,5.1265,1272,0,0
138.4467,5.0742,1259,0,0
138.4715,5.0862,1262,0,0
138.4963,5.1024,1266,0,0
138.5211,5.0862,1262,0,0
138.5459,5.0782,1260,0,0
138.5707,5.0943,1264,0,0
138.5955,5.0701,1258,0,0
138.6203,5.0862,1262,0,0
138.6451,5.0822,1261,0,0
138.6699,5.0822,1261,0,0
138.6947,5.1265,1272,0,0
138.7195,5.0742,1259,0,0
138.7443,5.0943,1264,0,0
138.7691,5.0742,1259,0,0
138.7939,5.0822,1261,0,0
138.8187,5.1064,1267,0,0
138.8436,5.0903,1263,0,0
138.8683,5.0983,1265,0,0
138.8932,5.0903,1263,0,0
138.9180,5.0943,1264,0,0
138.9428,5.0338,1249,0,0
138.9676,5.0661,1257,0,0
138.9924,5.1104,1268,0,0
139.0172,5.0862,1262,0,0
139.0420,5.1064,1267,0,0
139.0668,5.0661,1257,0,0
139.0916,5.0943,1264,0,0
139.1164,5.0903,1263,0,0
139.1412,5.0862,1262,0,0
139.1660,5.0943,1264,0,0
139.1908,5.0782,1260,0,0
139.2156,5.0983,1265,0,0
139.2404,5.0983,1265,0,0
139.2652,5.0862,1262,0,0
139.2900,5.0862,1262,0,0
139.3148,5.0983,1265,0,0
139.3396,5.0782,1260,0,0
139.3644,5.0983,1265,0,0
139.3892,5.0943,1264,0,0
139.4140,5.0782,1260,0,0
139.4388,5.0862,1262,0,0
139.4636,5.1024,1266,0,0
139.4884,5.0903,1263,0,0
139.5132,5.0822,1261,0,0
139.5380,5.0742,1259,0,0
139.5628,5.1104,1268,0,0
139.5876,5.1064,1267,0,0
139.6124,5.0742,1259,0,0
139.6372,5.0782,1260,0,0
139.6620,5.0862,1262,0,0
139.6868,5.0782,1260,0,0
139.7116,5.0903,1263,0,0
139.7364,5.0822,1261,0,0
139.7612,5.0943,1264,0,0
139.7860,5.1346,1274,0,0
139.8108,5.0943,1264,0,0
139.8356,5.0943,1264,0,0
139.8604,5.0943,1264,0,0
139.8853,5.0782,1260,0,0
139.9100,5.0903,1263,0,0
139.9349,5.0943,1264,0,0
139.9597,5.0903,1263,0,0
139.9845,5.1064,1267,0,0
140.0093,5.0983,1265,0,0
140.0341,5.0782,1260,0,0
140.0589,5.0742,1259,0,0
140.0837,5.0943,1264,0,0
140.1085,5.1024,1266,0,0
140.1333,5.0862,1262,0,0
140.1581,5.0661,1257,0,0
140.1829,5.1064,1267,0,0
140.2077,5.0782,1260,0,0
140.2325,5.0903,1263,0,0
140.2573,5.0782,1260,0,0
140.2821,5.0782,1260,0,0
140.3069,5.0943,1264,0,0
140.3317,5.0782,1260,0,0
140.3565,5.0782,1260,0,0
140.3813,5.1225,1271,0,0
140.4061,5.0943,1264,0,0
140.4309,5.0782,1260,0,0
140.4557,5.1064,1267,0,0
140.4805,5.0983,1265,0,0
140.5053,5.0983,1265,0,0
140.5301,5.0862,1262,0,0
140.5549,5.1024,1266,0,0
140.5797,5.1064,1267,0,0
140.6045,5.0862,1262,0,0
140.6293,5.0782,1260,0,0
140.6541,5.0782,1260,0,0
140.6789,5.0742,1259,0,0
140.7037,5.1104,1268,0,0
140.7285,5.1145,1269,0,0
140.7533,5.0983,1265,0,0
140.7781,5.0983,1265,0,0
140.8029,5.0862,1262,0,0
140.8277,5.0742,1259,0,0
140.8525,5.0862,1262,0,0
140.8773,5.0782,1260,0,0
140.9021,5.1225,1271,0,0
140.9269,5.1346,1274,0,0
140.9518,5.0661,1257,0,0
140.9765,5.0862,1262,0,0
141.0014,5.0862,1262,0,0
141.0262,5.1064,1267,0,0
141.0510,5.0943,1264,0,0
141.0758,5.0822,1261,0,0
141.1006,5.0742,1259,0,0
141.1254,5.0782,1260,0,0
141.1502,5.0701,1258,0,0
141.1750,5.0943,1264,0,0
141.1998,5.0862,1262,0,0
141.2246,5.0943,1264,0,0
141.2494,5.0862,1262,0,0
141.2742,5.0782,1260,0,0
141.2990,5.0903,1263,0,0
141.3238,5.0903,1263,0,0
141.3486,5.0701,1258,0,0
141.3734,5.0782,1260,0,0
141.3982,5.0943,1264,0,0
141.4230,5.0782,1260,0,0
141.4478,5.1024,1266,0,0
141.4726,5.0742,1259,0,0
141.4974,5.1064,1267,0,0
141.5222,5.0862,1262,0,0
141.5470,5.0500,1253,0,0
141.5718,5.0862,1262,0,0
141.5966,5.0862,1262,0,0
141.6214,5.0983,1265,0,0
141.6462,5.0943,1264,0,0
141.6710,5.0943,1264,0,0
141.6958,5.0862,1262,0,0
141.7206,5.0983,1265,0,0
141.7454,5.0943,1264,0,0
141.7702,5.0943,1264,0,0
141.7950,5.1064,1267,0,0
141.8198,5.0782,1260,0,0
141.8446,5.0903,1263,0,0
141.8694,5.0822,1261,0,0
141.8942,5.0782,1260,0,0
141.9190,5.0822,1261,0,0
141.9438,5.1104,1268,0,0
141.9686,5.0862,1262,0,0
141.9935,5.1346,1274,0,0
142.0182,5.0943,1264,0,0
142.0431,5.0943,1264,0,0
142.0679,5.0943,1264,0,0
142.0927,5.0943,1264,0,0
142.1175,5.1145,1269,0,0
142.1423,5.0742,1259,0,0
142.1671,5.0983,1265,0,0
142.1919,5.0742,1259,0,0
142.2167,5.0782,1260,0,0
142.2415,5.0862,1262,0,0
142.2663,5.0943,1264,0,0
142.2911,5.0943,1264,0,0
142.3159,5.0943,1264,0,0
142.3407,5.0822,1261,0,0
142.3655,5.1225,1271,0,0
142.3903,5.0903,1263,0,0
142.4151,5.0782,1260,0,0
142.4399,5.0943,1264,0,0
142.4647,5.0822,1261,0,0
142.4895,5.0943,1264,0,0
142.5143,5.0983,1265,0,0
142.5391,5.0822,1261,0,0
142.5639,5.0862,1262,0,0
142.5887,5.0661,1257,0,0
142.6135,5.1024,1266,0,0
142.6383,5.0822,1261,0,0
142.6631,5.0903,1263,0,0
142.6879,5.0862,1262,0,0
142.7127,5.0983,1265,0,0
142.7375,5.0782,1260,0,0
142.7623,5.0983,1265,0,0
142.7871,5.0983,1265,0,0
142.8119,5.1064,1267,0,0
142.8367,5.1064,1267,0,0
142.8615,5.0943,1264,0,0
142.8863,5.0983,1265,0,0
142.9111,5.0782,1260,0,0
142.9359,5.0782,1260,0,0
142.9607,5.1064,1267,0,0
142.9855,5.1104,1268,0,0
143.0103,5.0943,1264,0,0
143.0351,5.0943,1264,0,0
143.0600,5.0943,1264,0,0
143.0847,5.0500,1253,0,0
143.1096,5.0862,1262,0,0
143.1344,5.0983,1265,0,0
143.1592,5.0742,1259,0,0
143.1840,5.1265,1272,0,0
143.2088,5.1104,1268,0,0
143.2336,5.0983,1265,0,0
143.2584,5.0862,1262,0,0
143.2832,5.1064,1267,0,0
143.3080,5.0983,1265,0,0
143.3328,5.0701,1258,0,0
143.3576,5.0742,1259,0,0
143.3824,5.0782,1260,0,0
143.4072,5.0862,1262,0,0
143.4320,5.0943,1264,0,0
143.4568,5.0701,1258,0,0
143.4816,5.0862,1262,0,0
143.5064,5.1104,1268,0,0
143.5312,5.0419,1251,0,0
143.5560,5.0862,1262,0,0
143.5808,5.0742,1259,0,0
143.6056,5.0822,1261,0,0
143.6304,5.1265,1272,0,0
143.6552,5.0943,1264,0,0
143.6800,5.0782,1260,0,0
143.7048,5.0943,1264,0,0
143.7296,5.0983,1265,0,0
143.7544,5.0742,1259,0,0
143.7792,5.0983,1265,0,0
143.8040,5.1145,1269,0,0
143.8288,5.0822,1261,0,0
143.8536,5.0661,1257,0,0
143.8784,5.0661,1257,0,0
143.9032,5.0903,1263,0,0
143.9280,5.0862,1262,0,0
143.9528,5.0742,1259,0,0
143.9776,5.0862,1262,0,0
144.0024,5.1064,1267,0,0
144.0272,5.1024,1266,0,0
144.0520,5.1064,1267,0,0
144.0768,5.0742,1259,0,0
144.1017,5.0983,1265,0,0
144.1264,5.1064,1267,0,0
144.1512,5.0943,1264,0,0
144.1761,5.0822,1261,0,0
144.2009,5.0822,1261,0,0
144.2257,5.0742,1259,0,0
144.2505,5.1024,1266,0,0
144.2753,5.1104,1268,0,0
144.3001,5.0701,1258,0,0
144.3249,5.0983,1265,0,0
144.3497,5.0782,1260,0,0
144.3745,5.0943,1264,0,0
144.3993,5.0943,1264,0,0
144.4241,5.1024,1266,0,0
144.4489,5.0943,1264,0,0
144.4737,5.0943,1264,0,0
144.4985,5.0742,1259,0,0
144.5233,5.0500,1253,0,0
144.5481,5.1064,1267,0,0
144.5729,5.0782,1260,0,0
144.5977,5.1064,1267,0,0
144.6225,5.0943,1264,0,0
144.6473,5.1064,1267,0,0
144.6721,5.0782,1260,0,0
144.6969,5.0943,1264,0,0
144.7217,5.0943,1264,0,0
144.7465,5.0943,1264,0,0
144.7713,5.0943,1264,0,0
144.7961,5.0782,1260,0,0
144.8209,5.1145,1269,0,0
144.8457,5.0661,1257,0,0
144.8705,5.1427,1276,0,0
144.8953,5.0782,1260,0,0
144.9201,5.0983,1265,0,0
144.9449,5.0742,1259,0,0
144.9697,5.1064,1267,0,0
144.9945,5.1145,1269,0,0
145.0193,5.1225,1271,0,0
145.0441,5.0862,1262,0,0
145.0689,5.0419,1251,0,0
145.0937,5.0862,1262,0,0
145.1185,5.0983,1265,0,0
145.1433,5.0943,1264,0,0
145.1682,5.0943,1264,0,0
145.1929,5.0782,1260,0,0
145.2178,5.0742,1259,0,0
145.2426,5.1024,1266,0,0
145.2674,5.1024,1266,0,0
145.2922,5.0661,1257,0,0
145.3170,5.1145,1269,0,0
145.3418,5.0177,1245,0,0
145.3666,5.1225,1271,0,0
145.3914,5.1104,1268,0,0
145.4162,5.0782,1260,0,0
145.4410,5.0661,1257,0,0
145.4658,5.0943,1264,0,0
145.4906,5.0943,1264,0,0
145.5154,5.1346,1274,0,0
145.5402,5.0822,1261,0,0
145.5650,5.0782,1260,0,0
145.5898,5.0862,1262,0,0
145.6146,5.0943,1264,0,0
145.6394,5.0661,1257,0,0
145.6642,5.0742,1259,0,0
145.6890,5.0943,1264,0,0
145.7138,5.1064,1267,0,0
145.7386,5.0701,1258,0,0
145.7634,5.0943,1264,0,0
145.7882,5.0943,1264,0,0
145.8130,5.0742,1259,0,0
145.8378,5.1064,1267,0,0
145.8626,5.0943,1264,0,0
145.8874,5.0903,1263,0,0
145.9122,5.1104,1268,0,0
145.9370,5.0661,1257,0,0
145.9618,5.0782,1260,0,0
145.9866,5.0701,1258,0,0
146.0114,5.0983,1265,0,0
146.0362,5.0782,1260,0,0
146.0610,5.0903,1263,0,0
146.0858,5.0782,1260,0,0
146.1106,5.0782,1260,0,0
146.1354,5.0903,1263,0,0
146.1602,5.0822,1261,0,0
146.1850,5.1306,1273,0,0
146.2099,5.0701,1258,0,0
146.2346,5.0983,1265,0,0
146.2594,5.1064,1267,0,0
146.2843,5.0540,1254,0,0
146.3091,5.0742,1259,0,0
146.3339,5.0782,1260,0,0
146.3587,5.0943,1264,0,0
146.3835,5.0903,1263,0,0
146.4083,5.0742,1259,0,0
146.4331,5.0782,1260,0,0
146.4579,5.1064,1267,0,0
146.4827,5.0943,1264,0,0
146.5075,5.1024,1266,0,0
146.5323,5.0379,1250,0,0
146.5571,5.0782,1260,0,0
146.5819,5.0943,1264,0,0
146.6067,5.0822,1261,0,0
146.6315,5.0983,1265,0,0
146.6563,5.0742,1259,0,0
146.6811,5.0661,1257,0,0
146.7059,5.0822,1261,0,0
146.7307,5.0903,1263,0,0
146.7555,5.1064,1267,0,0
146.7803,5.0782,1260,0,0
146.8051,5.0822,1261,0,0
146.8299,5.0862,1262,0,0
146.8547,5.0661,1257,0,0
146.8795,5.1145,1269,0,0
146.9043,5.0983,1265,0,0
146.9291,5.0742,1259,0,0
146.9539,5.0943,1264,0,0
146.9787,5.1064,1267,0,0
147.0035,5.1024,1266,0,0
147.0283,5.0943,1264,0,0
147.0531,5.1104,1268,0,0
147.0779,5.0862,1262,0,0
147.1027,5.0701,1258,0,0
147.1275,5.0822,1261,0,0
147.1523,5.0943,1264,0,0
147.1771,5.0943,1264,0,0
147.2019,5.0742,1259,0,0
147.2267,5.1145,1269,0,0
147.2515,5.0177,1245,0,0
147.2764,5.0782,1260,0,0
147.3011,5.0701,1258,0,0
147.3260,5.0822,1261,0,0
147.3508,5.0983,1265,0,0
147.3756,5.0943,1264,0,0
147.4004,5.0903,1263,0,0
147.4252,5.0862,1262,0,0
147.4500,5.0943,1264,0,0
147.4748,5.0862,1262,0,0
147.4996,5.0782,1260,0,0
147.5244,5.0943,1264,0,0
147.5492,5.0943,1264,0,0
147.5740,5.1064,1267,0,0
147.5988,5.1064,1267,0,0
147.6236,5.0943,1264,0,0
147.6484,5.0782,1260,0,0
147.6732,5.0742,1259,0,0
147.6980,5.0782,1260,0,0
147.7228,5.0862,1262,0,0
147.7476,5.0742,1259,0,0
147.7724,5.0701,1258,0,0
147.7972,5.0540,1254,0,0
147.8220,5.0862,1262,0,0
147.8468,5.0782,1260,0,0
147.8716,5.1145,1269,0,0
147.8964,5.0943,1264,0,0
147.9212,5.0822,1261,0,0
147.9460,5.0782,1260,0,0
147.9708,5.0862,1262,0,0
147.9956,5.1225,1271,0,0
148.0204,5.1225,1271,0,0
148.0452,5.0862,1262,0,0
148.0700,5.0782,1260,0,0
148.0948,5.0742,1259,0,0
148.1196,5.0943,1264,0,0
148.1444,5.0701,1258,0,0
148.1692,5.0742,1259,0,0
148.1940,5.0903,1263,0,0
148.2188,5.1265,1272,0,0
148.2436,5.0742,1259,0,0
148.2684,5.0822,1261,0,0
148.2932,5.0862,1262,0,0
148.3181,5.0742,1259,0,0
148.3428,5.0983,1265,0,0
148.3676,5.0782,1260,0,0
148.3925,5.1064,1267,0,0
148.4173,5.0540,1254,0,0
148.4421,5.0983,1265,0,0
148.4669,5.0742,1259,0,0
148.4917,5.1064,1267,0,0
148.5165,5.0742,1259,0,0
148.5413,5.0943,1264,0,0
148.5661,5.0661,1257,0,0
148.5909,5.0943,1264,0,0
148.6157,5.1064,1267,0,0
148.6405,5.0782,1260,0,0
148.6653,5.0983,1265,0,0
148.6901,5.0862,1262,0,0
148.7149,5.0822,1261,0,0
148.7397,5.1024,1266,0,0
148.7645,5.0862,1262,0,0
148.7893,5.0983,1265,0,0
148.8141,5.1024,1266,0,0
148.8389,5.0862,1262,0,0
148.8637,5.0983,1265,0,0
148.8885,5.0943,1264,0,0
148.9133,5.0862,1262,0,0
148.9381,5.0661,1257,0,0
148.9629,5.0782,1260,0,0
148.9877,5.0862,1262,0,0
149.0125,5.0983,1265,0,0
149.0373,5.0862,1262,0,0
149.0621,5.0943,1264,0,0
149.0869,5.0742,1259,0,0
149.1117,5.0983,1265,0,0
149.1365,5.0983,1265,0,0
149.1613,5.0983,1265,0,0
149.1861,5.0943,1264,0,0
149.2109,5.0943,1264,0,0
149.2357,5.0943,1264,0,0
149.2605,5.0862,1262,0,0
149.2853,5.0943,1264,0,0
149.3101,5.0742,1259,0,0
149.3349,5.0782,1260,0,0
149.3597,5.0903,1263,0,0
149.3846,5.0983,1265,0,0
149.4093,5.0782,1260,0,0
149.4342,5.0903,1263,0,0
149.4590,5.0983,1265,0,0
149.4838,5.0983,1265,0,0
149.5086,5.0943,1264,0,0
149.5334,5.0943,1264,0,0
149.5582,5.0983,1265,0,0
149.5830,5.1104,1268,0,0
149.6078,5.0782,1260,0,0
149.6326,5.1064,1267,0,0
149.6574,5.0983,1265,0,0
149.6822,5.0782,1260,0,0
149.7070,5.0862,1262,0,0
149.7318,5.0661,1257,0,0
149.7566,5.0742,1259,0,0
149.7814,5.0943,1264,0,0
149.8062,5.1024,1266,0,0
149.8310,5.0943,1264,0,0
149.8558,5.0943,1264,0,0
149.8806,5.0661,1257,0,0
149.9054,5.1024,1266,0,0
149.9302,5.0943,1264,0,0
149.9550,5.0822,1261,0,0
149.9798,5.0782,1260,0,0
150.0046,5.0862,1262,0,0
150.0294,5.0943,1264,0,0
150.0542,5.0742,1259,0,0
150.0790,5.1064,1267,0,0
150.1038,5.0943,1264,0,0
150.1286,5.0903,1263,0,0
150.1534,5.1024,1266,0,0
150.1782,5.0782,1260,0,0
150.2030,5.0943,1264,0,0
150.2278,5.0943,1264,0,0
150.2526,5.0983,1265,0,0
150.2774,5.0943,1264,0,0
150.3022,5.1225,1271,0,0
150.3270,5.0862,1262,0,0
150.3518,5.1064,1267,0,0
150.3766,5.0862,1262,0,0
150.4014,5.1306,1273,0,0
150.4263,5.0782,1260,0,0
150.4510,5.0661,1257,0,0
150.4758,5.0701,1258,0,0
150.5007,5.0701,1258,0,0
150.5255,5.1064,1267,0,0
150.5503,5.0943,1264,0,0
150.5751,5.1225,1271,0,0
150.5999,5.1064,1267,0,0
150.6247,5.0943,1264,0,0
150.6495,5.1265,1272,0,0
150.6743,5.0862,1262,0,0
150.6991,5.0862,1262,0,0
150.7239,5.0943,1264,0,0
150.7487,5.1064,1267,0,0
150.7735,5.0862,1262,0,0
150.7983,5.1024,1266,0,0
150.8231,5.1024,1266,0,0
150.8479,5.0903,1263,0,0
150.8727,5.1346,1274,0,0
150.8975,5.0943,1264,0,0
150.9223,5.0903,1263,0,0
150.9471,5.0540,1254,0,0
150.9719,5.0903,1263,0,0
150.9967,5.0782,1260,0,0
151.0215,5.0983,1265,0,0
151.0463,5.0943,1264,0,0
151.0711,5.0983,1265,0,0
151.0959,5.0782,1260,0,0
151.1207,5.0822,1261,0,0
151.1455,5.0983,1265,0,0
151.1703,5.0742,1259,0,0
151.1951,5.0862,1262,0,0
151.2199,5.0983,1265,0,0
151.2447,5.1064,1267,0,0
151.2695,5.0943,1264,0,0
151.2943,5.0782,1260,0,0
151.3191,5.0943,1264,0,0
151.3439,5.1064,1267,0,0
151.3687,5.0742,1259,0,0
151.3935,5.1024,1266,0,0
151.4183,5.0943,1264,0,0
151.4431,5.0943,1264,0,0
151.4679,5.0943,1264,0,0
151.4928,5.0500,1253,0,0
151.5175,5.0782,1260,0,0
151.5424,5.0822,1261,0,0
151.5672,5.0862,1262,0,0
151.5920,5.0903,1263,0,0
151.6168,5.0903,1263,0,0
151.6416,5.0782,1260,0,0
151.6664,5.0782,1260,0,0
151.6912,5.1024,1266,0,0
151.7160,5.0742,1259,0,0
151.7408,5.0782,1260,0,0
151.7656,5.0862,1262,0,0
151.7904,5.0903,1263,0,0
151.8152,5.0943,1264,0,0
151.8400,5.0903,1263,0,0
151.8648,5.0500,1253,0,0
151.8896,5.0782,1260,0,0
151.9144,5.1064,1267,0,0
151.9392,5.0943,1264,0,0
151.9640,5.0983,1265,0,0
151.9888,5.0742,1259,0,0
152.0136,5.0983,1265,0,0
152.0384,5.0822,1261,0,0
152.0632,5.1225,1271,0,0
152.0880,5.1024,1266,0,0
152.1128,5.0379,1250,0,0
152.1376,5.0943,1264,0,0
152.1624,5.1024,1266,0,0
152.1872,5.0983,1265,0,0
152.2120,5.0742,1259,0,0
152.2368,5.0862,1262,0,0
152.2616,5.0943,1264,0,0
152.2864,5.0862,1262,0,0
152.3112,5.1306,1273,0,0
152.3360,5.0862,1262,0,0
152.3608,5.0983,1265,0,0
152.3856,5.0862,1262,0,0
152.4104,5.0540,1254,0,0
152.4352,5.0862,1262,0,0
152.4600,5.0943,1264,0,0
152.4848,5.0903,1263,0,0
152.5096,5.0943,1264,0,0
152.5344,5.0661,1257,0,0
152.5592,5.0862,1262,0,0
152.5840,5.0943,1264,0,0
152.6089,5.1064,1267,0,0
152.6337,5.0742,1259,0,0
152.6585,5.0782,1260,0,0
152.6833,5.1104,1268,0,0
152.7081,5.0782,1260,0,0
152.7329,5.0943,1264,0,0
152.7577,5.0661,1257,0,0
152.7825,5.0661,1257,0,0
152.8073,5.0943,1264,0,0
152.8321,5.0983,1265,0,0
152.8569,5.0862,1262,0,0
152.8817,5.0782,1260,0,0
152.9065,5.0419,1251,0,0
152.9313,5.0983,1265,0,0
152.9561,5.0822,1261,0,0
152.9809,5.0943,1264,0,0
153.0057,5.1145,1269,0,0
153.0305,5.0782,1260,0,0
153.0553,5.0983,1265,0,0
153.0801,5.1024,1266,0,0
153.1049,5.0943,1264,0,0
153.1297,5.0782,1260,0,0
153.1545,5.0943,1264,0,0
153.1793,5.0742,1259,0,0
153.2041,5.0862,1262,0,0
153.2289,5.1265,1272,0,0
153.2537,5.0742,1259,0,0
153.2785,5.0903,1263,0,0
153.3033,5.0903,1263,0,0
153.3281,5.0782,1260,0,0
153.3529,5.0943,1264,0,0
153.3777,5.0782,1260,0,0
153.4025,5.0983,1265,0,0
153.4273,5.0862,1262,0,0
153.4521,5.0943,1264,0,0
153.4769,5.0742,1259,0,0
153.5017,5.0862,1262,0,0
153.5265,5.0540,1254,0,0
153.5513,5.1064,1267,0,0
153.5761,5.1024,1266,0,0
153.6010,5.0782,1260,0,0
153.6257,5.0661,1257,0,0
153.6506,5.0742,1259,0,0
153.6754,5.0983,1265,0,0
153.7001,5.0943,1264,0,0
153.7250,5.0943,1264,0,0
153.7498,5.0943,1264,0,0
153.7746,5.0983,1265,0,0
153.7994,5.1064,1267,0,0
153.8242,5.0742,1259,0,0
153.8490,5.0782,1260,0,0
153.8738,5.0943,1264,0,0
153.8986,5.0822,1261,0,0
153.9234,5.0782,1260,0,0
153.9482,5.0903,1263,0,0
153.9730,5.0943,1264,0,0
153.9978,5.0661,1257,0,0
154.0226,5.0782,1260,0,0
154.0474,5.0943,1264,0,0
154.0722,5.0983,1265,0,0
154.0970,5.0782,1260,0,0
154.1218,5.0742,1259,0,0
154.1466,5.0742,1259,0,0
154.1714,5.0782,1260,0,0
154.1962,5.1346,1274,0,0
154.2210,5.0903,1263,0,0
154.2458,5.0661,1257,0,0
154.2706,5.0943,1264,0,0
154.2954,5.0742,1259,0,0
154.3202,5.0983,1265,0,0
154.3450,5.0943,1264,0,0
154.3698,5.0983,1265,0,0
154.3946,5.0782,1260,0,0
154.4194,5.0903,1263,0,0
154.4442,5.0943,1264,0,0
154.4690,5.0862,1262,0,0
154.4938,5.0822,1261,0,0
154.5186,5.0862,1262,0,0
154.5434,5.0943,1264,0,0
154.5682,5.0862,1262,0,0
154.5930,5.0782,1260,0,0
154.6178,5.1064,1267,0,0
154.6426,5.0943,1264,0,0
154.6674,5.0500,1253,0,0
154.6922,5.0742,1259,0,0
154.7171,5.0822,1261,0,0
154.7419,5.0943,1264,0,0
154.7667,5.0742,1259,0,0
154.7915,5.0862,1262,0,0
154.8163,5.1145,1269,0,0
154.8411,5.1064,1267,0,0
154.8659,5.1024,1266,0,0
154.8907,5.0943,1264,0,0
154.9155,5.0782,1260,0,0
154.9403,5.0782,1260,0,0
154.9651,5.0943,1264,0,0
154.9899,5.0177,1245,0,0
155.0147,5.1346,1274,0,0
155.0395,5.0742,1259,0,0
155.0643,5.0782,1260,0,0
155.0891,5.1104,1268,0,0
155.1139,5.0903,1263,0,0
155.1387,5.0782,1260,0,0
155.1635,5.0943,1264,0,0
155.1883,5.0742,1259,0,0
155.2131,5.1064,1267,0,0
155.2379,5.0943,1264,0,0
155.2627,5.1064,1267,0,0
155.2875,5.1104,1268,0,0
155.3123,5.0782,1260,0,0
155.3371,5.1024,1266,0,0
155.3619,5.0862,1262,0,0
155.3867,5.2072,1292,0,0
155.4115,5.0862,1262,0,0
155.4363,5.0782,1260,0,0
155.4611,5.1225,1271,0,0
155.4859,5.0903,1263,0,0
155.5107,5.0903,1263,0,0
155.5355,5.0983,1265,0,0
155.5603,5.0862,1262,0,0
155.5851,5.0943,1264,0,0
155.6099,5.0742,1259,0,0
155.6347,5.1064,1267,0,0
155.6595,5.0983,1265,0,0
155.6843,5.0661,1257,0,0
155.7092,5.0782,1260,0,0
155.7339,5.1265,1272,0,0
155.7588,5.0862,1262,0,0
155.7836,5.0983,1265,0,0
155.8083,5.0661,1257,0,0
155.8332,5.0701,1258,0,0
155.8580,5.0782,1260,0,0
155.8828,5.0822,1261,0,0
155.9076,5.0943,1264,0,0
155.9324,5.0903,1263,0,0
155.9572,5.0782,1260,0,0
155.9820,5.0943,1264,0,0
156.0068,5.0943,1264,0,0
156.0316,5.0943,1264,0,0
156.0564,5.0983,1265,0,0
156.0812,5.0580,1255,0,0
156.1060,5.0742,1259,0,0
156.1308,5.0862,1262,0,0
156.1556,5.0903,1263,0,0
156.1804,5.1064,1267,0,0
156.2052,5.0943,1264,0,0
156.2300,5.0782,1260,0,0
156.2548,5.0862,1262,0,0
156.2796,5.0701,1258,0,0
156.3044,5.0822,1261,0,0
156.3292,5.0742,1259,0,0
156.3540,5.1064,1267,0,0
156.3788,5.0983,1265,0,0
156.4036,5.1064,1267,0,0
156.4284,5.0661,1257,0,0
156.4532,5.0943,1264,0,0
156.4780,5.0701,1258,0,0
156.5028,5.1064,1267,0,0
156.5276,5.0943,1264,0,0
156.5524,5.0943,1264,0,0
156.5772,5.0943,1264,0,0
156.6020,5.0782,1260,0,0
156.6268,5.0903,1263,0,0
156.6516,5.0983,1265,0,0
156.6764,5.0943,1264,0,0
156.7012,5.1024,1266,0,0
156.7260,5.0943,1264,0,0
156.7508,5.0742,1259,0,0
156.7757,5.0862,1262,0,0
156.8004,5.0943,1264,0,0
156.8253,5.1024,1266,0,0
156.8501,5.1507,1278,0,0
156.8749,5.0943,1264,0,0
156.8997,5.0983,1265,0,0
156.9245,5.0661,1257,0,0
156.9493,5.0822,1261,0,0
156.9741,5.1225,1271,0,0
156.9989,5.1225,1271,0,0
157.0237,5.0742,1259,0,0
157.0485,5.1064,1267,0,0
157.0733,5.0782,1260,0,0
157.0981,5.1064,1267,0,0
157.1229,5.0903,1263,0,0
157.1477,5.0742,1259,0,0
157.1725,5.0862,1262,0,0
157.1973,5.1064,1267,0,0
157.2221,5.0943,1264,0,0
157.2469,5.0862,1262,0,0
157.2717,5.0822,1261,0,0
157.2965,5.0742,1259,0,0
157.3213,5.1306,1273,0,0
157.3461,5.1104,1268,0,0
157.3709,5.0943,1264,0,0
157.3957,5.0862,1262,0,0
157.4205,5.0862,1262,0,0
157.4453,5.0742,1259,0,0
157.4701,5.0661,1257,0,0
157.4949,5.0862,1262,0,0
157.5197,5.1024,1266,0,0
157.5445,5.0782,1260,0,0
157.5693,5.0742,1259,0,0
157.5941,5.0862,1262,0,0
157.6189,5.0983,1265,0,0
157.6437,5.0701,1258,0,0
157.6685,5.1064,1267,0,0
157.6933,5.1265,1272,0,0
157.7181,5.0338,1249,0,0
157.7429,5.0943,1264,0,0
157.7677,5.1104,1268,0,0
157.7925,5.0862,1262,0,0
157.8174,5.1225,1271,0,0
157.8421,5.0742,1259,0,0
157.8670,5.0943,1264,0,0
157.8918,5.0903,1263,0,0
157.9165,5.0862,1262,0,0
157.9414,5.0822,1261,0,0
157.9662,5.0782,1260,0,0
157.9910,5.0943,1264,0,0
158.0158,5.1265,1272,0,0
158.0406,5.0782,1260,0,0
158.0654,5.1064,1267,0,0
158.0902,5.1104,1268,0,0
158.1150,5.0742,1259,0,0
158.1398,5.0661,1257,0,0
158.1646,5.0742,1259,0,0
158.1894,5.0742,1259,0,0
158.2142,5.0782,1260,0,0
158.2390,5.0742,1259,0,0
158.2638,5.0822,1261,0,0
158.2886,5.1064,1267,0,0
158.3134,5.0943,1264,0,0
158.3382,5.0943,1264,0,0
158.3630,5.0782,1260,0,0
158.3878,5.0782,1260,0,0
158.4126,5.1064,1267,0,0
158.4374,5.0822,1261,0,0
158.4622,5.0943,1264,0,0
158.4870,5.0782,1260,0,0
158.5118,5.0943,1264,0,0
158.5366,5.1145,1269,0,0
158.5614,5.0742,1259,0,0
158.5862,5.0983,1265,0,0
158.6110,5.0742,1259,0,0
158.6358,5.1225,1271,0,0
158.6606,5.0862,1262,0,0
158.6854,5.1024,1266,0,0
158.7102,5.1265,1272,0,0
158.7350,5.0822,1261,0,0
158.7598,5.0782,1260,0,0
158.7846,5.0983,1265,0,0
158.8094,5.0742,1259,0,0
158.8342,5.0862,1262,0,0
158.8590,5.0943,1264,0,0
158.8839,5.0701,1258,0,0
158.9086,5.0943,1264,0,0
158.9335,5.0862,1262,0,0
158.9583,5.0983,1265,0,0
158.9831,5.0661,1257,0,0
159.0079,5.0822,1261,0,0
159.0327,5.0983,1265,0,0
159.0575,5.0943,1264,0,0
159.0823,5.1064,1267,0,0
159.1071,5.0862,1262,0,0
159.1319,5.0822,1261,0,0
159.1567,5.0822,1261,0,0
159.1815,5.1225,1271,0,0
159.2063,5.0742,1259,0,0
159.2311,5.0943,1264,0,0
159.2559,5.0943,1264,0,0
159.2807,5.0903,1263,0,0
159.3055,5.1024,1266,0,0
159.3303,5.0903,1263,0,0
159.3551,5.0983,1265,0,0
159.3799,5.0983,1265,0,0
159.4047,5.0903,1263,0,0
159.4295,5.0822,1261,0,0
159.4543,5.0782,1260,0,0
159.4791,5.0943,1264,0,0
159.5039,5.0903,1263,0,0
159.5287,5.0742,1259,0,0
159.5535,5.0742,1259,0,0
159.5783,5.0661,1257,0,0
159.6031,5.0782,1260,0,0
159.6279,5.0943,1264,0,0
159.6527,5.0822,1261,0,0
159.6775,5.0782,1260,0,0
159.7023,5.0338,1249,0,0
159.7271,5.1225,1271,0,0
159.7519,5.0862,1262,0,0
159.7767,5.0943,1264,0,0
159.8015,5.0419,1251,0,0
159.8263,5.0862,1262,0,0
159.8511,5.0822,1261,0,0
159.8759,5.0742,1259,0,0
159.9007,5.0983,1265,0,0
159.9256,5.0862,1262,0,0
159.9503,5.1064,1267,0,0
159.9752,5.0983,1265,0,0
160.0000,5.0782,1260,0,0
160.0247,5.0822,1261,0,0
160.0496,5.0943,1264,0,0
160.0744,5.0943,1264,0,0
160.0992,5.0943,1264,0,0
160.1240,5.0862,1262,0,0
160.1488,5.0943,1264,0,0
160.1736,5.0822,1261,0,0
160.1984,5.0742,1259,0,0
160.2232,5.0540,1254,0,0
160.2480,5.1104,1268,0,0
160.2728,5.0782,1260,0,0
160.2976,5.0661,1257,0,0
160.3224,5.1064,1267,0,0
160.3472,5.0862,1262,0,0
160.3720,5.0903,1263,0,0
160.3968,5.1104,1268,0,0
160.4216,5.1265,1272,0,0
160.4464,5.0782,1260,0,0
160.4712,5.0862,1262,0,0
160.4960,5.0862,1262,0,0
160.5208,5.0983,1265,0,0
160.5456,5.1064,1267,0,0
160.5704,5.0983,1265,0,0
160.5952,5.0862,1262,0,0
160.6200,5.0742,1259,0,0
160.6448,5.1225,1271,0,0
160.6696,5.0742,1259,0,0
160.6944,5.0983,1265,0,0
160.7192,5.0782,1260,0,0
160.7440,5.0782,1260,0,0
160.7688,5.0943,1264,0,0
160.7936,5.0983,1265,0,0
160.8184,5.0782,1260,0,0
160.8432,5.0742,1259,0,0
160.8680,5.0862,1262,0,0
160.8928,5.0862,1262,0,0
160.9176,5.0742,1259,0,0
160.9424,5.0983,1265,0,0
160.9672,5.1104,1268,0,0
160.9921,5.0943,1264,0,0
161.0168,5.0822,1261,0,0
161.0417,5.0943,1264,0,0
161.0665,5.0943,1264,0,0
161.0913,5.0782,1260,0,0
161.1161,5.0943,1264,0,0
161.1409,5.0983,1265,0,0
161.1657,5.0903,1263,0,0
161.1905,5.0903,1263,0,0
161.2153,5.0903,1263,0,0
161.2401,5.0782,1260,0,0
161.2649,5.1064,1267,0,0
161.2897,5.0862,1262,0,0
161.3145,5.0782,1260,0,0
161.3393,5.0822,1261,0,0
161.3641,5.0540,1254,0,0
161.3889,5.0862,1262,0,0
161.4137,5.0701,1258,0,0
161.4385,5.0983,1265,0,0
161.4633,5.0661,1257,0,0
161.4881,5.0782,1260,0,0
161.5129,5.0943,1264,0,0
161.5377,5.0822,1261,0,0
161.5625,5.0983,1265,0,0
161.5873,5.0943,1264,0,0
161.6121,5.1145,1269,0,0
161.6369,5.0742,1259,0,0
161.6617,5.0862,1262,0,0
161.6865,5.0903,1263,0,0
161.7113,5.0782,1260,0,0
161.7361,5.0903,1263,0,0
161.7609,5.0822,1261,0,0
161.7857,5.0782,1260,0,0
161.8105,5.0782,1260,0,0
161.8353,5.1024,1266,0,0
161.8601,5.0983,1265,0,0
161.8849,5.0943,1264,0,0
161.9097,5.0742,1259,0,0
161.9345,5.0701,1258,0,0
161.9593,5.1024,1266,0,0
161.9841,5.0943,1264,0,0
162.0089,5.1024,1266,0,0
162.0338,5.0903,1263,0,0
162.0585,5.0943,1264,0,0
162.0833,5.0862,1262,0,0
162.1082,5.0983,1265,0,0
162.1329,5.0862,1262,0,0
162.1578,5.0943,1264,0,0
162.1826,5.0862,1262,0,0
162.2074,5.0862,1262,0,0
162.2322,5.1064,1267,0,0
162.2570,5.0862,1262,0,0
162.2818,5.1024,1266,0,0
162.3066,5.0983,1265,0,0
162.3314,5.0862,1262,0,0
162.3562,5.0903,1263,0,0
162.3810,5.0943,1264,0,0
162.4058,5.1306,1273,0,0
162.4306,5.0943,1264,0,0
162.4554,5.0983,1265,0,0
162.4802,5.0742,1259,0,0
162.5050,5.0782,1260,0,0
162.5298,5.0782,1260,0,0
162.5546,5.1064,1267,0,0
162.5794,5.0661,1257,0,0
162.6042,5.0943,1264,0,0
162.6290,5.0782,1260,0,0
162.6538,5.0661,1257,0,0
162.6786,5.0983,1265,0,0
162.7034,5.0782,1260,0,0
162.7282,5.0701,1258,0,0
162.7530,5.0742,1259,0,0
162.7778,5.0983,1265,0,0
162.8026,5.0782,1260,0,0
162.8274,5.0983,1265,0,0
162.8522,5.0862,1262,0,0
162.8770,5.0943,1264,0,0
162.9018,5.0943,1264,0,0
162.9266,5.0943,1264,0,0
162.9514,5.0983,1265,0,0
162.9762,5.0742,1259,0,0
163.0010,5.0943,1264,0,0
163.0258,5.0943,1264,0,0
163.0506,5.1145,1269,0,0
163.0754,5.0500,1253,0,0
163.1003,5.0862,1262,0,0
163.1250,5.0782,1260,0,0
163.1499,5.0903,1263,0,0
163.1747,5.1064,1267,0,0
163.1995,5.0903,1263,0,0
163.2243,5.0822,1261,0,0
163.2491,5.0701,1258,0,0
163.2739,5.0862,1262,0,0
163.2987,5.0862,1262,0,0
163.3235,5.0580,1255,0,0
163.3483,5.0379,1250,0,0
163.3731,5.0943,1264,0,0
163.3979,5.0862,1262,0,0
163.4227,5.1104,1268,0,0
163.4475,5.0983,1265,0,0
163.4723,5.0782,1260,0,0
163.4971,5.0943,1264,0,0
163.5219,5.0822,1261,0,0
163.5467,5.0943,1264,0,0
163.5715,5.0943,1264,0,0
163.5963,5.0782,1260,0,0
163.6211,5.0943,1264,0,0
163.6459,5.1064,1267,0,0
163.6707,5.0903,1263,0,0
163.6955,5.0782,1260,0,0
163.7203,5.0903,1263,0,0
163.7451,5.1225,1271,0,0
163.7699,5.1265,1272,0,0
163.7947,5.0822,1261,0,0
163.8195,5.0903,1263,0,0
163.8443,5.0903,1263,0,0
163.8691,5.1225,1271,0,0
163.8939,5.0943,1264,0,0
163.9187,5.0742,1259,0,0
163.9435,5.0983,1265,0,0
163.9683,5.0782,1260,0,0
163.9931,5.0943,1264,0,0
164.0179,5.0943,1264,0,0
164.0427,5.0943,1264,0,0
164.0675,5.0943,1264,0,0
164.0923,5.0782,1260,0,0
164.1171,5.0540,1254,0,0
164.1420,5.0862,1262,0,0
164.1667,5.0943,1264,0,0
164.1915,5.0983,1265,0,0
164.2164,5.0943,1264,0,0
164.2411,5.0822,1261,0,0
164.2660,5.0983,1265,0,0
164.2908,5.1104,1268,0,0
164.3156,5.0379,1250,0,0
164.3404,5.0862,1262,0,0
164.3652,5.0983,1265,0,0
164.3900,5.0742,1259,0,0
164.4148,5.0983,1265,0,0
164.4396,5.0943,1264,0,0
164.4644,5.0822,1261,0,0
164.4892,5.1104,1268,0,0
164.5140,5.0862,1262,0,0
164.5388,5.0943,1264,0,0
164.5636,5.0782,1260,0,0
164.5884,5.0903,1263,0,0
164.6132,5.0782,1260,0,0
164.6380,5.1064,1267,0,0
164.6628,5.0983,1265,0,0
164.6876,5.0943,1264,0,0
164.7124,5.0782,1260,0,0
164.7372,5.0943,1264,0,0
164.7620,5.1145,1269,0,0
164.7868,5.0862,1262,0,0
164.8116,5.1507,1278,0,0
164.8364,5.0540,1254,0,0
164.8612,5.0862,1262,0,0
164.8860,5.0943,1264,0,0
164.9108,5.0943,1264,0,0
164.9356,5.1225,1271,0,0
164.9604,5.1225,1271,0,0
164.9852,5.0580,1255,0,0
165.0100,5.0862,1262,0,0
165.0348,5.1225,1271,0,0
165.0596,5.0782,1260,0,0
165.0844,5.1024,1266,0,0
165.1092,5.0903,1263,0,0
165.1340,5.1104,1268,0,0
165.1588,5.0983,1265,0,0
165.1836,5.0782,1260,0,0
165.2085,5.0943,1264,0,0
165.2332,5.0822,1261,0,0
165.2581,5.0943,1264,0,0
165.2829,5.0782,1260,0,0
165.3077,5.1225,1271,0,0
165.3325,5.0943,1264,0,0
165.3573,5.0943,1264,0,0
165.3821,5.0983,1265,0,0
165.4069,5.1064,1267,0,0
165.4317,5.0419,1251,0,0
165.4565,5.0379,1250,0,0
165.4813,5.0862,1262,0,0
165.5061,5.0782,1260,0,0
165.5309,5.0983,1265,0,0
165.5557,5.0701,1258,0,0
165.5805,5.0822,1261,0,0
165.6053,5.0983,1265,0,0
165.6301,5.0943,1264,0,0
165.6549,5.0862,1262,0,0
165.6797,5.1225,1271,0,0
165.7045,5.1064,1267,0,0
165.7293,5.1225,1271,0,0
165.7541,5.0903,1263,0,0
165.7789,5.0379,1250,0,0
165.8037,5.0983,1265,0,0
165.8285,5.0782,1260,0,0
165.8533,5.1064,1267,0,0
165.8781,5.0903,1263,0,0
165.9029,5.1024,1266,0,0
165.9277,5.0862,1262,0,0
165.9525,5.0822,1261,0,0
165.9773,5.0782,1260,0,0
166.0021,5.0782,1260,0,0
166.0269,5.1225,1271,0,0
166.0517,5.0500,1253,0,0
166.0765,5.0943,1264,0,0
166.1013,5.0903,1263,0,0
166.1261,5.0983,1265,0,0
166.1509,5.0822,1261,0,0
166.1757,5.1104,1268,0,0
166.2005,5.0782,1260,0,0
166.2253,5.0943,1264,0,0
166.2502,5.0943,1264,0,0
166.2749,5.0943,1264,0,0
166.2997,5.0943,1264,0,0
166.3246,5.0943,1264,0,0
166.3493,5.1024,1266,0,0
166.3742,5.1265,1272,0,0
166.3990,5.0661,1257,0,0
166.4238,5.1024,1266,0,0
166.4486,5.0943,1264,0,0
166.4734,5.0782,1260,0,0
166.4982,5.1265,1272,0,0
166.5230,5.1225,1271,0,0
166.5478,5.0943,1264,0,0
166.5726,5.0903,1263,0,0
166.5974,5.0782,1260,0,0
166.6222,5.1225,1271,0,0
166.6470,5.1265,1272,0,0
166.6718,5.0782,1260,0,0
166.6966,5.0742,1259,0,0
166.7214,5.0822,1261,0,0
166.7462,5.0782,1260,0,0
166.7710,5.0943,1264,0,0
166.7958,5.0943,1264,0,0
166.8206,5.0943,1264,0,0
166.8454,5.0943,1264,0,0
166.8702,5.0862,1262,0,0
166.8950,5.0862,1262,0,0
166.9198,5.0983,1265,0,0
166.9446,5.0782,1260,0,0
166.9694,5.0983,1265,0,0
166.9942,5.1225,1271,0,0
167.0190,5.0983,1265,0,0
167.0438,5.0822,1261,0,0
167.0686,5.0983,1265,0,0
167.0934,5.0943,1264,0,0
167.1182,5.0661,1257,0,0
167.1430,5.0862,1262,0,0
167.1678,5.1306,1273,0,0
167.1926,5.0983,1265,0,0
167.2174,5.0943,1264,0,0
167.2422,5.0782,1260,0,0
167.2670,5.1225,1271,0,0
167.2918,5.0742,1259,0,0
167.3167,5.1145,1269,0,0
167.3414,5.0862,1262,0,0
167.3663,5.0822,1261,0,0
167.3911,5.0943,1264,0,0
167.4159,5.0661,1257,0,0
167.4407,5.0862,1262,0,0
167.4655,5.0379,1250,0,0
167.4903,5.1024,1266,0,0
167.5151,5.0782,1260,0,0
167.5399,5.0782,1260,0,0
167.5647,5.0782,1260,0,0
167.5895,5.0782,1260,0,0
167.6143,5.0903,1263,0,0
167.6391,5.1104,1268,0,0
167.6639,5.0983,1265,0,0
167.6887,5.0782,1260,0,0
167.7135,5.0943,1264,0,0
167.7383,5.0742,1259,0,0
167.7631,5.1427,1276,0,0
167.7879,5.0862,1262,0,0
167.8127,5.0782,1260,0,0
167.8375,5.1104,1268,0,0
167.8623,5.0298,1248,0,0
167.8871,5.0943,1264,0,0
167.9119,5.1024,1266,0,0
167.9367,5.0782,1260,0,0
167.9615,5.0903,1263,0,0
167.9863,5.0822,1261,0,0
168.0111,5.0782,1260,0,0
168.0359,5.0822,1261,0,0
168.0607,5.1024,1266,0,0
168.0855,5.1225,1271,0,0
168.1103,5.1104,1268,0,0
168.1351,5.0943,1264,0,0
168.1599,5.0943,1264,0,0
168.1847,5.0661,1257,0,0
168.2095,5.0943,1264,0,0
168.2343,5.1064,1267,0,0
168.2591,5.1064,1267,0,0
168.2839,5.0943,1264,0,0
168.3087,5.0862,1262,0,0
168.3335,5.0943,1264,0,0
168.3584,5.0782,1260,0,0
168.3831,5.0903,1263,0,0
168.4079,5.0742,1259,0,0
168.4328,5.0983,1265,0,0
168.4576,5.0782,1260,0,0
168.4824,5.0661,1257,0,0
168.5072,5.0943,1264,0,0
168.5320,5.0903,1263,0,0
168.5568,5.0701,1258,0,0
168.5816,5.0742,1259,0,0
168.6064,5.0943,1264,0,0
168.6312,5.0943,1264,0,0
168.6560,5.0782,1260,0,0
168.6808,5.0943,1264,0,0
168.7056,5.1104,1268,0,0
168.7304,5.0862,1262,0,0
168.7552,5.0903,1263,0,0
168.7800,5.0943,1264,0,0
168.8048,5.0983,1265,0,0
168.8296,5.0943,1264,0,0
168.8544,5.0903,1263,0,0
168.8792,5.1024,1266,0,0
168.9040,5.0500,1253,0,0
168.9288,5.1024,1266,0,0
168.9536,5.1225,1271,0,0
168.9784,5.0822,1261,0,0
169.0032,5.0943,1264,0,0
169.0280,5.0782,1260,0,0
169.0528,5.0943,1264,0,0
169.0776,5.0782,1260,0,0
169.1024,5.0862,1262,0,0
169.1272,5.0943,1264,0,0
169.1520,5.0943,1264,0,0
169.1768,5.0782,1260,0,0
169.2016,5.0943,1264,0,0
169.2264,5.0943,1264,0,0
169.2512,5.0661,1257,0,0
169.2760,5.0983,1265,0,0
169.3008,5.0862,1262,0,0
169.3256,5.0943,1264,0,0
169.3504,5.0862,1262,0,0
169.3752,5.0983,1265,0,0
169.4000,5.0983,1265,0,0
169.4249,5.0943,1264,0,0
169.4496,5.0943,1264,0,0
169.4745,5.0862,1262,0,0
169.4993,5.0742,1259,0,0
169.5241,5.0822,1261,0,0
169.5489,5.1024,1266,0,0
169.5737,5.0983,1265,0,0
169.5985,5.1104,1268,0,0
169.6233,5.0903,1263,0,0
169.6481,5.0943,1264,0,0
169.6729,5.1024,1266,0,0
169.6977,5.0782,1260,0,0
169.7225,5.0862,1262,0,0
169.7473,5.1225,1271,0,0
169.7721,5.0782,1260,0,0
169.7969,5.1265,1272,0,0
169.8217,5.1225,1271,0,0
169.8465,5.1265,1272,0,0
169.8713,5.0822,1261,0,0
169.8961,5.0742,1259,0,0
169.9209,5.1225,1271,0,0
169.9457,5.0661,1257,0,0
169.9705,5.1225,1271,0,0
169.9953,5.1145,1269,0,0
170.0201,5.0782,1260,0,0
170.0449,5.1225,1271,0,0
170.0697,5.1104,1268,0,0
170.0945,5.0943,1264,0,0
170.1193,5.1064,1267,0,0
170.1441,5.0862,1262,0,0
170.1689,5.0742,1259,0,0
170.1937,5.0983,1265,0,0
170.2185,5.0782,1260,0,0
170.2433,5.0742,1259,0,0
170.2681,5.0862,1262,0,0
170.2929,5.0782,1260,0,0
170.3177,5.0983,1265,0,0
170.3425,5.0943,1264,0,0
170.3673,5.0983,1265,0,0
170.3921,5.0943,1264,0,0
170.4169,5.0177,1245,0,0
170.4417,5.0782,1260,0,0
170.4665,5.0742,1259,0,0
170.4913,5.0661,1257,0,0
170.5161,5.1225,1271,0,0
170.5410,5.0742,1259,0,0
170.5658,5.1104,1268,0,0
170.5906,5.0822,1261,0,0
170.6154,5.0862,1262,0,0
170.6402,5.0943,1264,0,0
170.6650,5.0862,1262,0,0
170.6898,5.0943,1264,0,0
170.7146,5.0862,1262,0,0
170.7394,5.1024,1266,0,0
170.7642,5.0782,1260,0,0
170.7890,5.0903,1263,0,0
170.8138,5.0943,1264,0,0
170.8386,5.0903,1263,0,0
170.8634,5.1346,1274,0,0
170.8882,5.0983,1265,0,0
170.9130,5.0943,1264,0,0
170.9378,5.0862,1262,0,0
170.9626,5.0943,1264,0,0
170.9874,5.1064,1267,0,0
171.0122,5.0903,1263,0,0
171.0370,5.0742,1259,0,0
171.0618,5.0862,1262,0,0
171.0866,5.0782,1260,0,0
171.1114,5.0943,1264,0,0
171.1362,5.0782,1260,0,0
171.1610,5.1064,1267,0,0
171.1858,5.0782,1260,0,0
171.2106,5.0983,1265,0,0
171.2354,5.0862,1262,0,0
171.2602,5.0903,1263,0,0
171.2850,5.0943,1264,0,0
171.3098,5.0862,1262,0,0
171.3346,5.0943,1264,0,0
171.3594,5.0983,1265,0,0
171.3842,5.1104,1268,0,0
171.4090,5.0862,1262,0,0
171.4338,5.0822,1261,0,0
171.4586,5.0782,1260,0,0
171.4834,5.0782,1260,0,0
171.5082,5.0983,1265,0,0
171.5331,5.0742,1259,0,0
171.5578,5.1225,1271,0,0
171.5827,5.0862,1262,0,0
171.6075,5.0862,1262,0,0
171.6322,5.0742,1259,0,0
171.6571,5.0782,1260,0,0
171.6819,5.0943,1264,0,0
171.7067,5.0943,1264,0,0
171.7315,5.0782,1260,0,0
171.7563,5.0903,1263,0,0
171.7811,5.0943,1264,0,0
171.8059,5.0903,1263,0,0
171.8307,5.0862,1262,0,0
171.8555,5.0782,1260,0,0
171.8803,5.0943,1264,0,0
171.9051,5.0782,1260,0,0
171.9299,5.0782,1260,0,0
171.9547,5.1265,1272,0,0
171.9795,5.0782,1260,0,0
172.0043,5.0943,1264,0,0
172.0291,5.0742,1259,0,0
172.0539,5.1024,1266,0,0
172.0787,5.0782,1260,0,0
172.1035,5.0983,1265,0,0
172.1283,5.1225,1271,0,0
172.1531,5.0782,1260,0,0
172.1779,5.0782,1260,0,0
172.2027,5.0943,1264,0,0
172.2275,5.0943,1264,0,0
172.2523,5.0862,1262,0,0
172.2771,5.0782,1260,0,0
172.3019,5.0742,1259,0,0
172.3267,5.0782,1260,0,0
172.3515,5.0943,1264,0,0
172.3763,5.0903,1263,0,0
172.4011,5.1104,1268,0,0
172.4259,5.0379,1250,0,0
172.4507,5.0943,1264,0,0
172.4755,5.0742,1259,0,0
172.5003,5.1265,1272,0,0
172.5251,5.0943,1264,0,0
172.5499,5.0862,1262,0,0
172.5747,5.0983,1265,0,0
172.5995,5.0983,1265,0,0
172.6243,5.0943,1264,0,0
172.6492,5.0862,1262,0,0
172.6740,5.0742,1259,0,0
172.6988,5.0943,1264,0,0
172.7236,5.0379,1250,0,0
172.7484,5.0943,1264,0,0
172.7732,5.0862,1262,0,0
172.7980,5.0862,1262,0,0
172.8228,5.1104,1268,0,0
172.8476,5.0782,1260,0,0
172.8724,5.0782,1260,0,0
172.8972,5.0943,1264,0,0
172.9220,5.1024,1266,0,0
172.9468,5.0862,1262,0,0
172.9716,5.0943,1264,0,0
172.9964,5.0983,1265,0,0
173.0212,5.0500,1253,0,0
173.0460,5.1104,1268,0,0
173.0708,5.0822,1261,0,0
173.0956,5.0862,1262,0,0
173.1204,5.0983,1265,0,0
173.1452,5.0943,1264,0,0
173.1700,5.0742,1259,0,0
173.1948,5.0943,1264,0,0
173.2196,5.0782,1260,0,0
173.2444,5.0782,1260,0,0
173.2692,5.0701,1258,0,0
173.2940,5.1064,1267,0,0
173.3188,5.0983,1265,0,0
173.3436,5.0782,1260,0,0
173.3684,5.0742,1259,0,0
173.3932,5.0782,1260,0,0
173.4180,5.0983,1265,0,0
173.4428,5.0782,1260,0,0
173.4676,5.1024,1266,0,0
173.4924,5.0943,1264,0,0
173.5172,5.0862,1262,0,0
173.5420,5.0943,1264,0,0
173.5668,5.0540,1254,0,0
173.5916,5.1064,1267,0,0
173.6164,5.0661,1257,0,0
173.6413,5.0822,1261,0,0
173.6660,5.0862,1262,0,0
173.6909,5.0943,1264,0,0
173.7157,5.0782,1260,0,0
173.7404,5.0742,1259,0,0
173.7653,5.1104,1268,0,0
173.7901,5.0983,1265,0,0
173.8149,5.0782,1260,0,0
173.8397,5.0943,1264,0,0
173.8645,5.0862,1262,0,0
173.8893,5.0419,1251,0,0
173.9141,5.1265,1272,0,0
173.9389,5.0943,1264,0,0
173.9637,5.1064,1267,0,0
173.9885,5.1104,1268,0,0
174.0133,5.0742,1259,0,0
174.0381,5.0742,1259,0,0
174.0629,5.0862,1262,0,0
174.0877,5.0983,1265,0,0
174.1125,5.0782,1260,0,0
174.1373,5.0943,1264,0,0
174.1621,5.0903,1263,0,0
174.1869,5.0782,1260,0,0
174.2117,5.1064,1267,0,0
174.2365,5.0862,1262,0,0
174.2613,5.0782,1260,0,0
174.2861,5.0862,1262,0,0
174.3109,5.0782,1260,0,0
174.3357,5.0943,1264,0,0
174.3605,5.0742,1259,0,0
174.3853,5.0983,1265,0,0
174.4101,5.0862,1262,0,0
174.4349,5.0742,1259,0,0
174.4597,5.0943,1264,0,0
174.4845,5.0903,1263,0,0
174.5093,5.1346,1274,0,0
174.5341,5.0983,1265,0,0
174.5589,5.0822,1261,0,0
174.5837,5.1024,1266,0,0
174.6085,5.0862,1262,0,0
174.6333,5.0742,1259,0,0
174.6581,5.0943,1264,0,0
174.6829,5.0943,1264,0,0
174.7077,5.1064,1267,0,0
174.7325,5.1064,1267,0,0
174.7574,5.0822,1261,0,0
174.7822,5.0862,1262,0,0
174.8070,5.0983,1265,0,0
174.8318,5.0943,1264,0,0
174.8566,5.0782,1260,0,0
174.8814,5.0862,1262,0,0
174.9062,5.0943,1264,0,0
174.9310,5.1104,1268,0,0
174.9558,5.0822,1261,0,0
174.9806,5.0862,1262,0,0
175.0054,5.0742,1259,0,0
175.0302,5.0862,1262,0,0
175.0550,5.1064,1267,0,0
175.0798,5.0742,1259,0,0
175.1046,5.1064,1267,0,0
175.1294,5.0943,1264,0,0
175.1542,5.0782,1260,0,0
175.1790,5.0983,1265,0,0
175.2038,5.0943,1264,0,0
175.2286,5.1064,1267,0,0
175.2534,5.1104,1268,0,0
175.2782,5.0943,1264,0,0
175.3030,5.0782,1260,0,0
175.3278,5.0862,1262,0,0
175.3526,5.0338,1249,0,0
175.3774,5.1346,1274,0,0
175.4022,5.0983,1265,0,0
175.4270,5.0862,1262,0,0
175.4518,5.0822,1261,0,0
175.4766,5.0862,1262,0,0
175.5014,5.1265,1272,0,0
175.5262,5.0177,1245,0,0
175.5510,5.1306,1273,0,0
175.5758,5.1145,1269,0,0
175.6006,5.1024,1266,0,0
175.6254,5.1104,1268,0,0
175.6502,5.1386,1275,0,0
175.6750,5.0661,1257,0,0
175.6998,5.0943,1264,0,0
175.7246,5.0983,1265,0,0
175.7495,5.1064,1267,0,0
175.7742,5.1145,1269,0,0
175.7991,5.0983,1265,0,0
175.8239,5.0903,1263,0,0
175.8486,5.0862,1262,0,0
175.8735,5.1064,1267,0,0
175.8983,5.0822,1261,0,0
175.9231,5.0822,1261,0,0
175.9479,5.1064,1267,0,0
175.9727,5.0822,1261,0,0
175.9975,5.0782,1260,0,0
176.0223,5.0782,1260,0,0
176.0471,5.1346,1274,0,0
176.0719,5.1306,1273,0,0
176.0967,5.1225,1271,0,0
176.1215,5.0943,1264,0,0
176.1463,5.0943,1264,0,0
176.1711,5.0782,1260,0,0
176.1959,5.0943,1264,0,0
176.2207,5.0338,1249,0,0
176.2455,5.0862,1262,0,0
176.2703,5.0701,1258,0,0
176.2951,5.0540,1254,0,0
176.3199,5.0983,1265,0,0
176.3447,5.1225,1271,0,0
176.3695,5.0862,1262,0,0
176.3943,5.0862,1262,0,0
176.4191,5.0742,1259,0,0
176.4439,5.1225,1271,0,0
176.4687,5.1064,1267,0,0
176.4935,5.0903,1263,0,0
176.5183,5.0983,1265,0,0
176.5431,5.0782,1260,0,0
176.5679,5.0862,1262,0,0
176.5927,5.0943,1264,0,0
176.6175,5.0862,1262,0,0
176.6423,5.0862,1262,0,0
176.6671,5.0943,1264,0,0
176.6919,5.0782,1260,0,0
176.7167,5.0822,1261,0,0
176.7415,5.1024,1266,0,0
176.7663,5.0862,1262,0,0
176.7911,5.0822,1261,0,0
176.8159,5.0782,1260,0,0
176.8407,5.0903,1263,0,0
176.8656,5.1225,1271,0,0
176.8904,5.0782,1260,0,0
176.9152,5.0742,1259,0,0
176.9400,5.1064,1267,0,0
176.9648,5.1064,1267,0,0
176.9896,5.0862,1262,0,0
177.0144,5.0782,1260,0,0
177.0392,5.0742,1259,0,0
177.0640,5.0742,1259,0,0
177.0888,5.1064,1267,0,0
177.1136,5.0943,1264,0,0
177.1384,5.0903,1263,0,0
177.1632,5.0862,1262,0,0
177.1880,5.1830,1286,0,0
177.2128,5.0822,1261,0,0
177.2376,5.1064,1267,0,0
177.2624,5.0862,1262,0,0
177.2872,5.1225,1271,0,0
177.3120,5.0782,1260,0,0
177.3368,5.0943,1264,0,0
177.3616,5.0862,1262,0,0
177.3864,5.0782,1260,0,0
177.4112,5.0742,1259,0,0
177.4360,5.0822,1261,0,0
177.4608,5.0782,1260,0,0
177.4856,5.0903,1263,0,0
177.5104,5.0742,1259,0,0
177.5352,5.0983,1265,0,0
177.5600,5.1024,1266,0,0
177.5848,5.0862,1262,0,0
177.6096,5.0943,1264,0,0
177.6344,5.1024,1266,0,0
177.6592,5.0862,1262,0,0
177.6840,5.0943,1264,0,0
177.7088,5.0782,1260,0,0
177.7336,5.0862,1262,0,0
177.7584,5.0943,1264,0,0
177.7832,5.1064,1267,0,0
177.8080,5.1064,1267,0,0
177.8328,5.1024,1266,0,0
177.8577,5.0822,1261,0,0
177.8824,5.0742,1259,0,0
177.9073,5.1265,1272,0,0
177.9321,5.1064,1267,0,0
177.9568,5.0943,1264,0,0
177.9817,5.0661,1257,0,0
178.0065,5.0782,1260,0,0
178.0313,5.0903,1263,0,0
178.0561,5.0943,1264,0,0
178.0809,5.1064,1267,0,0
178.1057,5.1104,1268,0,0
178.1305,5.0701,1258,0,0
178.1553,5.0903,1263,0,0
178.1801,5.1104,1268,0,0
178.2049,5.1064,1267,0,0
178.2297,5.0661,1257,0,0
178.2545,5.0742,1259,0,0
178.2793,5.0943,1264,0,0
178.3041,5.1024,1266,0,0
178.3289,5.1104,1268,0,0
178.3537,5.0419,1251,0,0
178.3785,5.0862,1262,0,0
178.4033,5.0943,1264,0,0
178.4281,5.0742,1259,0,0
178.4529,5.0903,1263,0,0
178.4777,5.0782,1260,0,0
178.5025,5.0822,1261,0,0
178.5273,5.0661,1257,0,0
178.5521,5.0338,1249,0,0
178.5769,5.0983,1265,0,0
178.6017,5.1064,1267,0,0
178.6265,5.1064,1267,0,0
178.6513,5.0379,1250,0,0
178.6761,5.1064,1267,0,0
178.7009,5.0782,1260,0,0
178.7257,5.1225,1271,0,0
178.7505,5.0782,1260,0,0
178.7753,5.0943,1264,0,0
178.8001,5.1265,1272,0,0
178.8249,5.0338,1249,0,0
178.8497,5.0943,1264,0,0
178.8745,5.0943,1264,0,0
178.8993,5.0500,1253,0,0
178.9241,5.0782,1260,0,0
178.9489,5.0943,1264,0,0
178.9738,5.0782,1260,0,0
178.9986,5.0943,1264,0,0
179.0234,5.0782,1260,0,0
179.0482,5.0983,1265,0,0
179.0730,5.0661,1257,0,0
179.0978,5.0822,1261,0,0
179.1226,5.0943,1264,0,0
179.1474,5.0782,1260,0,0
179.1722,5.0862,1262,0,0
179.1970,5.0782,1260,0,0
179.2218,5.0943,1264,0,0
179.2466,5.0983,1265,0,0
179.2714,5.1064,1267,0,0
179.2962,5.0661,1257,0,0
179.3210,5.0983,1265,0,0
179.3458,5.0903,1263,0,0
179.3706,5.0943,1264,0,0
179.3954,5.0701,1258,0,0
179.4202,5.0943,1264,0,0
179.4450,5.0782,1260,0,0
179.4698,5.0943,1264,0,0
179.4946,5.1024,1266,0,0
179.5194,5.1225,1271,0,0
179.5442,5.1265,1272,0,0
179.5690,5.0822,1261,0,0
179.5938,5.0943,1264,0,0
179.6186,5.1225,1271,0,0
179.6434,5.0742,1259,0,0
179.6682,5.1427,1276,0,0
179.6930,5.0500,1253,0,0
179.7178,5.0943,1264,0,0
179.7426,5.0983,1265,0,0
179.7674,5.0742,1259,0,0
179.7922,5.0983,1265,0,0
179.8170,5.0782,1260,0,0
179.8418,5.0742,1259,0,0
179.8666,5.0983,1265,0,0
179.8914,5.0943,1264,0,0
179.9162,5.0983,1265,0,0
179.9410,5.1145,1269,0,0
179.9659,5.0782,1260,0,0
179.9906,5.0661,1257,0,0
180.0154,5.0943,1264,0,0
180.0403,5.0862,1262,0,0
180.0650,5.0983,1265,0,0
180.0899,5.0862,1262,0,0
180.1147,5.0742,1259,0,0
180.1395,5.1145,1269,0,0
180.1643,5.0862,1262,0,0
180.1891,5.0983,1265,0,0
180.2139,5.0782,1260,0,0
180.2387,5.1024,1266,0,0
180.2635,5.0298,1248,0,0
180.2883,5.0742,1259,0,0
180.3131,5.0822,1261,0,0
180.3379,5.1104,1268,0,0
180.3627,5.0983,1265,0,0
180.3875,5.0782,1260,0,0
180.4123,5.0782,1260,0,0
180.4371,5.0742,1259,0,0
180.4619,5.0782,1260,0,0
180.4867,5.0782,1260,0,0
180.5115,5.0943,1264,0,0
180.5363,5.1064,1267,0,0
180.5611,5.0943,1264,0,0
180.5859,5.0943,1264,0,0
180.6107,5.0943,1264,0,0
180.6355,5.0983,1265,0,0
180.6603,5.0943,1264,0,0
180.6851,5.0983,1265,0,0
180.7099,5.0661,1257,0,0
180.7347,5.0500,1253,0,0
180.7595,5.1064,1267,0,0
180.7843,5.0782,1260,0,0
180.8091,5.0943,1264,0,0
180.8339,5.0862,1262,0,0
180.8587,5.0983,1265,0,0
180.8835,5.1064,1267,0,0
180.9083,5.0822,1261,0,0
180.9331,5.0338,1249,0,0
180.9579,5.1064,1267,0,0
180.9827,5.0943,1264,0,0
181.0075,5.1064,1267,0,0
181.0323,5.0903,1263,0,0
181.0571,5.0782,1260,0,0
181.0820,5.0983,1265,0,0
181.1068,5.1064,1267,0,0
181.1316,5.0943,1264,0,0
181.1564,5.0983,1265,0,0
181.1812,5.0782,1260,0,0
181.2060,5.0943,1264,0,0
181.2308,5.1225,1271,0,0
181.2556,5.0862,1262,0,0
181.2804,5.0822,1261,0,0
181.3052,5.0742,1259,0,0
181.3300,5.0903,1263,0,0
181.3548,5.0943,1264,0,0
181.3796,5.1104,1268,0,0
181.4044,5.1024,1266,0,0
181.4292,5.0862,1262,0,0
181.4540,5.0943,1264,0,0
181.4788,5.1225,1271,0,0
181.5036,5.0782,1260,0,0
181.5284,5.0983,1265,0,0
181.5532,5.0943,1264,0,0
181.5780,5.0943,1264,0,0
181.6028,5.0943,1264,0,0
181.6276,5.0822,1261,0,0
181.6524,5.1064,1267,0,0
181.6772,5.1024,1266,0,0
181.7020,5.0782,1260,0,0
181.7268,5.0983,1265,0,0
181.7516,5.0862,1262,0,0
181.7764,5.0742,1259,0,0
181.8012,5.0862,1262,0,0
181.8260,5.0943,1264,0,0
181.8508,5.0943,1264,0,0
181.8756,5.0943,1264,0,0
181.9004,5.0983,1265,0,0
181.9252,5.0379,1250,0,0
181.9500,5.0782,1260,0,0
181.9748,5.0862,1262,0,0
181.9996,5.0943,1264,0,0
182.0244,5.0862,1262,0,0
182.0492,5.0782,1260,0,0
182.0741,5.1225,1271,0,0
182.0988,5.0782,1260,0,0
182.1236,5.0943,1264,0,0
182.1485,5.0943,1264,0,0
182.1732,5.0943,1264,0,0
182.1981,5.0983,1265,0,0
182.2229,5.0943,1264,0,0
182.2477,5.0943,1264,0,0
182.2725,5.0419,1251,0,0
182.2973,5.0782,1260,0,0
182.3221,5.0661,1257,0,0
182.3469,5.0742,1259,0,0
182.3717,5.0943,1264,0,0
182.3965,5.0943,1264,0,0
182.4213,5.0983,1265,0,0
182.4461,5.0661,1257,0,0
182.4709,5.0782,1260,0,0
182.4957,5.0862,1262,0,0
182.5205,5.0943,1264,0,0
182.5453,5.0943,1264,0,0
182.5701,5.0943,1264,0,0
182.5949,5.0822,1261,0,0
182.6197,5.0943,1264,0,0
182.6445,5.0782,1260,0,0
182.6693,5.0943,1264,0,0
182.6941,5.0903,1263,0,0
182.7189,5.0862,1262,0,0
182.7437,5.0943,1264,0,0
182.7685,5.0540,1254,0,0
182.7933,5.0701,1258,0,0
182.8181,5.0983,1265,0,0
182.8429,5.0782,1260,0,0
182.8677,5.0782,1260,0,0
182.8925,5.1145,1269,0,0
182.9173,5.0862,1262,0,0
182.9421,5.1064,1267,0,0
182.9669,5.0943,1264,0,0
182.9917,5.0822,1261,0,0
183.0165,5.0943,1264,0,0
183.0413,5.0983,1265,0,0
183.0661,5.1225,1271,0,0
183.0909,5.1346,1274,0,0
183.1157,5.0943,1264,0,0
183.1405,5.0742,1259,0,0
183.1653,5.1064,1267,0,0
183.1902,5.0782,1260,0,0
183.2150,5.0822,1261,0,0
183.2398,5.0943,1264,0,0
183.2646,5.0661,1257,0,0
183.2894,5.1064,1267,0,0
183.3142,5.0822,1261,0,0
183.3390,5.0701,1258,0,0
183.3638,5.1024,1266,0,0
183.3886,5.0822,1261,0,0
183.4134,5.0943,1264,0,0
183.4382,5.0983,1265,0,0
183.4630,5.0822,1261,0,0
183.4878,5.0862,1262,0,0
183.5126,5.1145,1269,0,0
183.5374,5.0862,1262,0,0
183.5622,5.1225,1271,0,0
183.5870,5.0862,1262,0,0
183.6118,5.0379,1250,0,0
183.6366,5.0742,1259,0,0
183.6614,5.0983,1265,0,0
183.6862,5.0943,1264,0,0
183.7110,5.0903,1263,0,0
183.7358,5.0943,1264,0,0
183.7606,5.0943,1264,0,0
183.7854,5.1145,1269,0,0
183.8102,5.0862,1262,0,0
183.8350,5.1265,1272,0,0
183.8598,5.0903,1263,0,0
183.8846,5.0742,1259,0,0
183.9094,5.0903,1263,0,0
183.9342,5.0661,1257,0,0
183.9590,5.0782,1260,0,0
183.9838,5.0943,1264,0,0
184.0086,5.0661,1257,0,0
184.0334,5.1265,1272,0,0
184.0582,5.1225,1271,0,0
184.0830,5.0782,1260,0,0
184.1078,5.0742,1259,0,0
184.1326,5.0782,1260,0,0
184.1574,5.0862,1262,0,0
184.1823,5.0983,1265,0,0
184.2070,5.0701,1258,0,0
184.2318,5.0903,1263,0,0
184.2567,5.1064,1267,0,0
184.2814,5.1225,1271,0,0
184.3063,5.0983,1265,0,0
184.3311,5.0822,1261,0,0
184.3559,5.0661,1257,0,0
184.3807,5.1386,1275,0,0
184.4055,5.0983,1265,0,0
184.4303,5.1145,1269,0,0
184.4551,5.0742,1259,0,0
184.4799,5.0661,1257,0,0
184.5047,5.0500,1253,0,0
184.5295,5.0943,1264,0,0
184.5543,5.0782,1260,0,0
184.5791,5.0903,1263,0,0
184.6039,5.1145,1269,0,0
184.6287,5.0782,1260,0,0
184.6535,5.0983,1265,0,0
184.6783,5.0379,1250,0,0
184.7031,5.1024,1266,0,0
184.7279,5.0822,1261,0,0
184.7527,5.0742,1259,0,0
184.7775,5.0782,1260,0,0
184.8023,5.1104,1268,0,0
184.8271,5.0822,1261,0,0
184.8519,5.0943,1264,0,0
184.8767,5.0782,1260,0,0
184.9015,5.0862,1262,0,0
184.9263,5.1024,1266,0,0
184.9511,5.0903,1263,0,0
184.9759,5.0983,1265,0,0
185.0007,5.0943,1264,0,0
185.0255,5.0782,1260,0,0
185.0503,5.0742,1259,0,0
185.0751,5.0983,1265,0,0
185.0999,5.0983,1265,0,0
185.1247,5.0943,1264,0,0
185.1495,5.0903,1263,0,0
185.1743,5.1064,1267,0,0
185.1991,5.0943,1264,0,0
185.2239,5.0943,1264,0,0
185.2487,5.1225,1271,0,0
185.2735,5.0943,1264,0,0
185.2984,5.0943,1264,0,0
185.3232,5.0822,1261,0,0
185.3480,5.0943,1264,0,0
185.3728,5.1265,1272,0,0
185.3976,5.0661,1257,0,0
185.4224,5.0742,1259,0,0
185.4472,5.1145,1269,0,0
185.4720,5.1024,1266,0,0
185.4968,5.0782,1260,0,0
185.5216,5.0983,1265,0,0
185.5464,5.0782,1260,0,0
185.5712,5.0862,1262,0,0
185.5960,5.1265,1272,0,0
185.6208,5.0742,1259,0,0
185.6456,5.0983,1265,0,0
185.6704,5.0862,1262,0,0
185.6952,5.0903,1263,0,0
185.7200,5.1104,1268,0,0
185.7448,5.0822,1261,0,0
185.7696,5.0822,1261,0,0
185.7944,5.0782,1260,0,0
185.8192,5.0782,1260,0,0
185.8440,5.0943,1264,0,0
185.8688,5.0983,1265,0,0
185.8936,5.1225,1271,0,0
185.9184,5.0782,1260,0,0
185.9432,5.0862,1262,0,0
185.9680,5.0782,1260,0,0
185.9928,5.0862,1262,0,0
186.0176,5.0943,1264,0,0
186.0424,5.0742,1259,0,0
186.0672,5.0742,1259,0,0
186.0920,5.1064,1267,0,0
186.1168,5.0742,1259,0,0
186.1416,5.0983,1265,0,0
186.1664,5.0983,1265,0,0
186.1912,5.0943,1264,0,0
186.2160,5.0822,1261,0,0
186.2408,5.0903,1263,0,0
186.2656,5.0983,1265,0,0
186.2905,5.1104,1268,0,0
186.3152,5.0862,1262,0,0
186.3400,5.1064,1267,0,0
186.3649,5.1104,1268,0,0
186.3896,5.0822,1261,0,0
186.4145,5.0701,1258,0,0
186.4393,5.1225,1271,0,0
186.4641,5.1064,1267,0,0
186.4889,5.0943,1264,0,0
186.5137,5.0782,1260,0,0
186.5385,5.2072,1292,0,0
186.5633,5.0983,1265,0,0
186.5881,5.1104,1268,0,0
186.6129,5.1064,1267,0,0
186.6377,5.0742,1259,0,0
186.6625,5.0943,1264,0,0
186.6873,5.1024,1266,0,0
186.7121,5.0903,1263,0,0
186.7369,5.0983,1265,0,0
186.7617,5.0742,1259,0,0
186.7865,5.0862,1262,0,0
186.8113,5.0782,1260,0,0
186.8361,5.0862,1262,0,0
186.8609,5.0943,1264,0,0
186.8857,5.1306,1273,0,0
186.9105,5.0782,1260,0,0
186.9353,5.0983,1265,0,0
186.9601,5.0983,1265,0,0
186.9849,5.0862,1262,0,0
187.0097,5.1064,1267,0,0
187.0345,5.0943,1264,0,0
187.0593,5.0862,1262,0,0
187.0841,5.1064,1267,0,0
187.1089,5.0943,1264,0,0
187.1337,5.0782,1260,0,0
187.1585,5.0782,1260,0,0
187.1833,5.0903,1263,0,0
187.2081,5.0983,1265,0,0
187.2329,5.0943,1264,0,0
187.2577,5.0943,1264,0,0
187.2825,5.0742,1259,0,0
187.3073,5.0782,1260,0,0
187.3321,5.0943,1264,0,0
187.3569,5.0943,1264,0,0
187.3817,5.0782,1260,0,0
187.4066,5.0862,1262,0,0
187.4314,5.1024,1266,0,0
187.4561,5.0742,1259,0,0
187.4810,5.0903,1263,0,0
187.5058,5.1064,1267,0,0
187.5306,5.1024,1266,0,0
187.5554,5.0943,1264,0,0
187.5802,5.0822,1261,0,0
187.6050,5.0862,1262,0,0
187.6298,5.0782,1260,0,0
187.6546,5.0903,1263,0,0
187.6794,5.0782,1260,0,0
187.7042,5.0943,1264,0,0
187.7290,5.0862,1262,0,0
187.7538,5.0782,1260,0,0
187.7786,5.0983,1265,0,0
187.8034,5.1064,1267,0,0
187.8282,5.0782,1260,0,0
187.8530,5.0701,1258,0,0
187.8778,5.0862,1262,0,0
187.9026,5.0500,1253,0,0
187.9274,5.0983,1265,0,0
187.9522,5.0782,1260,0,0
187.9770,5.0862,1262,0,0
188.0018,5.0862,1262,0,0
188.0266,5.0943,1264,0,0
188.0514,5.1386,1275,0,0
188.0762,5.0983,1265,0,0
188.1010,5.0862,1262,0,0
188.1258,5.0943,1264,0,0
188.1506,5.0742,1259,0,0
188.1754,5.0862,1262,0,0
188.2002,5.0862,1262,0,0
188.2250,5.1225,1271,0,0
188.2498,5.0943,1264,0,0
188.2746,5.0742,1259,0,0
188.2994,5.1064,1267,0,0
188.3242,5.1064,1267,0,0
188.3490,5.0782,1260,0,0
188.3738,5.1104,1268,0,0
188.3986,5.1064,1267,0,0
188.4234,5.0943,1264,0,0
188.4482,5.0943,1264,0,0
188.4731,5.0862,1262,0,0
188.4978,5.1024,1266,0,0
188.5227,5.0782,1260,0,0
188.5475,5.0943,1264,0,0
188.5723,5.0943,1264,0,0
188.5971,5.0862,1262,0,0
188.6219,5.0540,1254,0,0
188.6467,5.0943,1264,0,0
188.6715,5.0782,1260,0,0
188.6963,5.0782,1260,0,0
188.7211,5.0862,1262,0,0
188.7459,5.0862,1262,0,0
188.7707,5.1064,1267,0,0
188.7955,5.0742,1259,0,0
188.8203,5.1024,1266,0,0
188.8451,5.1024,1266,0,0
188.8699,5.0782,1260,0,0
188.8947,5.0661,1257,0,0
188.9195,5.0943,1264,0,0
188.9443,5.1024,1266,0,0
188.9691,5.1064,1267,0,0
188.9939,5.0983,1265,0,0
189.0187,5.0943,1264,0,0
189.0435,5.0782,1260,0,0
189.0683,5.0862,1262,0,0
189.0931,5.0943,1264,0,0
189.1179,5.0943,1264,0,0
189.1427,5.0943,1264,0,0
189.1675,5.0943,1264,0,0
189.1923,5.0943,1264,0,0
189.2171,5.0983,1265,0,0
189.2419,5.0983,1265,0,0
189.2667,5.0943,1264,0,0
189.2915,5.1427,1276,0,0
189.3163,5.0822,1261,0,0
189.3411,5.1104,1268,0,0
189.3659,5.0943,1264,0,0
189.3907,5.0500,1253,0,0
189.4155,5.0903,1263,0,0
189.4403,5.0943,1264,0,0
189.4651,5.0822,1261,0,0
189.4899,5.1064,1267,0,0
189.5148,5.0782,1260,0,0
189.5396,5.0983,1265,0,0
189.5643,5.0782,1260,0,0
189.5892,5.0943,1264,0,0
189.6140,5.0903,1263,0,0
189.6388,5.0742,1259,0,0
189.6636,5.0701,1258,0,0
189.6884,5.0782,1260,0,0
189.7132,5.0822,1261,0,0
189.7380,5.0742,1259,0,0
189.7628,5.0862,1262,0,0
189.7876,5.0943,1264,0,0
189.8124,5.1024,1266,0,0
189.8372,5.0943,1264,0,0
189.8620,5.1225,1271,0,0
189.8868,5.0862,1262,0,0
189.9116,5.0862,1262,0,0
189.9364,5.0742,1259,0,0
189.9612,5.0983,1265,0,0
189.9860,5.0862,1262,0,0
190.0108,5.0983,1265,0,0
190.0356,5.1225,1271,0,0
190.0604,5.0500,1253,0,0
190.0852,5.1145,1269,0,0
190.1100,5.0782,1260,0,0
190.1348,5.0742,1259,0,0
190.1596,5.0742,1259,0,0
190.1844,5.0419,1251,0,0
190.2092,5.0983,1265,0,0
190.2340,5.1024,1266,0,0
190.2588,5.0943,1264,0,0
190.2836,5.0983,1265,0,0
190.3084,5.0983,1265,0,0
190.3332,5.0742,1259,0,0
190.3580,5.0742,1259,0,0
190.3828,5.0903,1263,0,0
190.4076,5.0943,1264,0,0
190.4324,5.0943,1264,0,0
190.4572,5.0298,1248,0,0
190.4820,5.0822,1261,0,0
190.5068,5.0862,1262,0,0
190.5316,5.0903,1263,0,0
190.5564,5.0782,1260,0,0
190.5813,5.0822,1261,0,0
190.6060,5.0822,1261,0,0
190.6309,5.0862,1262,0,0
190.6557,5.0701,1258,0,0
190.6805,5.0983,1265,0,0
190.7053,5.0862,1262,0,0
190.7301,5.1064,1267,0,0
190.7549,5.0943,1264,0,0
190.7797,5.1225,1271,0,0
190.8045,5.1064,1267,0,0
190.8293,5.0701,1258,0,0
190.8541,5.0943,1264,0,0
190.8789,5.0903,1263,0,0
190.9037,5.0943,1264,0,0
190.9285,5.1064,1267,0,0
190.9533,5.0943,1264,0,0
190.9781,5.0862,1262,0,0
191.0029,5.0943,1264,0,0
191.0277,5.1024,1266,0,0
191.0525,5.0661,1257,0,0
191.0773,5.0943,1264,0,0
191.1021,5.0782,1260,0,0
191.1269,5.0822,1261,0,0
191.1517,5.0943,1264,0,0
191.1765,5.0580,1255,0,0
191.2013,5.1064,1267,0,0
191.2261,5.1104,1268,0,0
191.2509,5.0742,1259,0,0
191.2757,5.0822,1261,0,0
191.3005,5.0782,1260,0,0
191.3253,5.0782,1260,0,0
191.3501,5.0943,1264,0,0
191.3749,5.1265,1272,0,0
191.3997,5.0540,1254,0,0
191.4245,5.1064,1267,0,0
191.4493,5.1104,1268,0,0
191.4741,5.0943,1264,0,0
191.4989,5.0661,1257,0,0
191.5237,5.0862,1262,0,0
191.5485,5.0782,1260,0,0
191.5733,5.0500,1253,0,0
191.5981,5.0903,1263,0,0
191.6230,5.1064,1267,0,0
191.6478,5.0701,1258,0,0
191.6725,5.0822,1261,0,0
191.6974,5.0903,1263,0,0
191.7222,5.0903,1263,0,0
191.7470,5.0903,1263,0,0
191.7718,5.0822,1261,0,0
191.7966,5.0742,1259,0,0
191.8214,5.0782,1260,0,0
191.8462,5.0862,1262,0,0
191.8710,5.0943,1264,0,0
191.8958,5.1225,1271,0,0
191.9206,5.0782,1260,0,0
191.9454,5.0943,1264,0,0
191.9702,5.0943,1264,0,0
191.9950,5.0903,1263,0,0
192.0198,5.0782,1260,0,0
192.0446,5.0862,1262,0,0
192.0694,5.0379,1250,0,0
192.0942,5.0943,1264,0,0
192.1190,5.0943,1264,0,0
192.1438,5.0661,1257,0,0
192.1686,5.1064,1267,0,0
192.1934,5.0782,1260,0,0
192.2182,5.0701,1258,0,0
192.2430,5.0943,1264,0,0
192.2678,5.0782,1260,0,0
192.2926,5.0943,1264,0,0
192.3174,5.0782,1260,0,0
192.3422,5.0943,1264,0,0
192.3670,5.0983,1265,0,0
192.3918,5.0943,1264,0,0
192.4166,5.0943,1264,0,0
192.4414,5.0943,1264,0,0
192.4662,5.0862,1262,0,0
192.4910,5.0943,1264,0,0
192.5158,5.0943,1264,0,0
192.5406,5.0862,1262,0,0
192.5654,5.0862,1262,0,0
192.5902,5.1104,1268,0,0
192.6150,5.0782,1260,0,0
192.6398,5.0943,1264,0,0
192.6646,5.0903,1263,0,0
192.6895,5.0983,1265,0,0
192.7142,5.0943,1264,0,0
192.7391,5.0983,1265,0,0
192.7639,5.1064,1267,0,0
192.7887,5.0742,1259,0,0
192.8135,5.0943,1264,0,0
192.8383,5.0983,1265,0,0
192.8631,5.0661,1257,0,0
192.8879,5.0862,1262,0,0
192.9127,5.0943,1264,0,0
192.9375,5.0782,1260,0,0
192.9623,5.0943,1264,0,0
192.9871,5.1024,1266,0,0
193.0119,5.0983,1265,0,0
193.0367,5.1104,1268,0,0
193.0615,5.0983,1265,0,0
193.0863,5.0943,1264,0,0
193.1111,5.0943,1264,0,0
193.1359,5.0500,1253,0,0
193.1607,5.0983,1265,0,0
193.1855,5.1306,1273,0,0
193.2103,5.1225,1271,0,0
193.2351,5.0742,1259,0,0
193.2599,5.0903,1263,0,0
193.2847,5.0742,1259,0,0
193.3095,5.0983,1265,0,0
193.3343,5.0943,1264,0,0
193.3591,5.0943,1264,0,0
193.3839,5.0983,1265,0,0
193.4087,5.0943,1264,0,0
193.4335,5.1265,1272,0,0
193.4583,5.0782,1260,0,0
193.4831,5.0782,1260,0,0
193.5079,5.1064,1267,0,0
193.5327,5.0782,1260,0,0
193.5575,5.0943,1264,0,0
193.5823,5.0903,1263,0,0
193.6071,5.0782,1260,0,0
193.6319,5.0903,1263,0,0
193.6567,5.0822,1261,0,0
193.6815,5.0540,1254,0,0
193.7063,5.1225,1271,0,0
193.7312,5.0862,1262,0,0
193.7560,5.0822,1261,0,0
193.7807,5.0782,1260,0,0
193.8056,5.0661,1257,0,0
193.8304,5.0903,1263,0,0
193.8552,5.0943,1264,0,0
193.8800,5.1104,1268,0,0
193.9048,5.0742,1259,0,0
193.9296,5.0782,1260,0,0
193.9544,5.0983,1265,0,0
193.9792,5.0862,1262,0,0
194.0040,5.0661,1257,0,0
194.0288,5.0742,1259,0,0
194.0536,5.0742,1259,0,0
194.0784,5.1145,1269,0,0
194.1032,5.0943,1264,0,0
194.1280,5.0782,1260,0,0
194.1528,5.0862,1262,0,0
194.1776,5.0742,1259,0,0
194.2024,5.0943,1264,0,0
194.2272,5.0862,1262,0,0
194.2520,5.0782,1260,0,0
194.2768,5.0782,1260,0,0
194.3016,5.0862,1262,0,0
194.3264,5.0943,1264,0,0
194.3512,5.1265,1272,0,0
194.3760,5.0782,1260,0,0
194.4008,5.0943,1264,0,0
194.4256,5.0983,1265,0,0
194.4504,5.0903,1263,0,0
194.4752,5.1104,1268,0,0
194.5000,5.0822,1261,0,0
194.5248,5.0822,1261,0,0
194.5496,5.0862,1262,0,0
194.5744,5.0862,1262,0,0
194.5992,5.0903,1263,0,0
194.6240,5.1064,1267,0,0
194.6488,5.0500,1253,0,0
194.6736,5.0822,1261,0,0
194.6984,5.0661,1257,0,0
194.7232,5.0742,1259,0,0
194.7480,5.1104,1268,0,0
194.7728,5.0661,1257,0,0
194.7977,5.0742,1259,0,0
194.8224,5.0742,1259,0,0
194.8473,5.0862,1262,0,0
194.8721,5.0983,1265,0,0
194.8969,5.0983,1265,0,0
194.9217,5.0943,1264,0,0
194.9465,5.0943,1264,0,0
194.9713,5.0782,1260,0,0
194.9961,5.1145,1269,0,0
195.0209,5.0983,1265,0,0
195.0457,5.0943,1264,0,0
195.0705,5.0943,1264,0,0
195.0953,5.0862,1262,0,0
195.1201,5.0822,1261,0,0
195.1449,5.0862,1262,0,0
195.1697,5.0983,1265,0,0
195.1945,5.0782,1260,0,0
195.2193,5.0862,1262,0,0
195.2441,5.0983,1265,0,0
195.2689,5.0742,1259,0,0
195.2937,5.0379,1250,0,0
195.3185,5.0742,1259,0,0
195.3433,5.0822,1261,0,0
195.3681,5.0903,1263,0,0
195.3929,5.1225,1271,0,0
195.4177,5.0943,1264,0,0
195.4425,5.1507,1278,0,0
195.4673,5.0983,1265,0,0
195.4921,5.0822,1261,0,0
195.5169,5.0782,1260,0,0
195.5417,5.0903,1263,0,0
195.5665,5.0943,1264,0,0
195.5913,5.0983,1265,0,0
195.6161,5.1064,1267,0,0
195.6409,5.1265,1272,0,0
195.6657,5.0943,1264,0,0
195.6905,5.0661,1257,0,0
195.7153,5.0903,1263,0,0
195.7401,5.0943,1264,0,0
195.7649,5.0983,1265,0,0
195.7897,5.1225,1271,0,0
195.8145,5.0943,1264,0,0
195.8393,5.0540,1254,0,0
195.8642,5.1265,1272,0,0
195.8889,5.0943,1264,0,0
195.9138,5.0782,1260,0,0
195.9386,5.0983,1265,0,0
195.9634,5.1064,1267,0,0
195.9882,5.0943,1264,0,0
196.0130,5.0822,1261,0,0
196.0378,5.0782,1260,0,0
196.0626,5.1104,1268,0,0
196.0874,5.1145,1269,0,0
196.1122,5.0862,1262,0,0
196.1370,5.0943,1264,0,0
196.1618,5.0862,1262,0,0
196.1866,5.0782,1260,0,0
196.2114,5.1024,1266,0,0
196.2362,5.1225,1271,0,0
196.2610,5.0983,1265,0,0
196.2858,5.0943,1264,0,0
196.3106,5.0500,1253,0,0
196.3354,5.0943,1264,0,0
196.3602,5.1024,1266,0,0
196.3850,5.0943,1264,0,0
196.4098,5.0983,1265,0,0
196.4346,5.0782,1260,0,0
196.4594,5.0782,1260,0,0
196.4842,5.1104,1268,0,0
196.5090,5.0782,1260,0,0
196.5338,5.0782,1260,0,0
196.5586,5.0782,1260,0,0
196.5834,5.0782,1260,0,0
196.6082,5.0822,1261,0,0
196.6330,5.0742,1259,0,0
196.6578,5.0742,1259,0,0
196.6826,5.0862,1262,0,0
196.7074,5.0742,1259,0,0
196.7322,5.0661,1257,0,0
196.7570,5.0943,1264,0,0
196.7818,5.0500,1253,0,0
196.8066,5.0822,1261,0,0
196.8314,5.0943,1264,0,0
196.8562,5.0298,1248,0,0
196.8810,5.0903,1263,0,0
196.9059,5.0862,1262,0,0
196.9306,5.1024,1266,0,0
196.9555,5.0822,1261,0,0
196.9803,5.1064,1267,0,0
197.0051,5.0983,1265,0,0
197.0299,5.0782,1260,0,0
197.0547,5.0943,1264,0,0
197.0795,5.0943,1264,0,0
197.1043,5.0661,1257,0,0
197.1291,5.0943,1264,0,0
197.1539,5.0983,1265,0,0
197.1787,5.0943,1264,0,0
197.2035,5.1064,1267,0,0
197.2283,5.1024,1266,0,0
197.2531,5.0862,1262,0,0
197.2779,5.0782,1260,0,0
197.3027,5.0983,1265,0,0
197.3275,5.0661,1257,0,0
197.3523,5.0943,1264,0,0
197.3771,5.0822,1261,0,0
197.4019,5.0782,1260,0,0
197.4267,5.0862,1262,0,0
197.4515,5.0943,1264,0,0
197.4763,5.0862,1262,0,0
197.5011,5.0822,1261,0,0
197.5259,5.0419,1251,0,0
197.5507,5.1225,1271,0,0
197.5755,5.1104,1268,0,0
197.6003,5.0862,1262,0,0
197.6251,5.0983,1265,0,0
197.6499,5.0379,1250,0,0
197.6747,5.0983,1265,0,0
197.6995,5.0742,1259,0,0
197.7243,5.1064,1267,0,0
197.7491,5.0983,1265,0,0
197.7739,5.0782,1260,0,0
197.7987,5.0782,1260,0,0
197.8235,5.1064,1267,0,0
197.8483,5.0983,1265,0,0
197.8731,5.0943,1264,0,0
197.8979,5.0943,1264,0,0
197.9227,5.0782,1260,0,0
197.9475,5.0943,1264,0,0
197.9724,5.1024,1266,0,0
197.9971,5.0943,1264,0,0
198.0220,5.0661,1257,0,0
198.0468,5.0943,1264,0,0
198.0716,5.0983,1265,0,0
198.0964,5.0903,1263,0,0
198.1212,5.1024,1266,0,0
198.1460,5.1265,1272,0,0
198.1708,5.0782,1260,0,0
198.1956,5.0742,1259,0,0
198.2204,5.0903,1263,0,0
198.2452,5.0862,1262,0,0
198.2700,5.1104,1268,0,0
198.2948,5.0862,1262,0,0
198.3196,5.0500,1253,0,0
198.3444,5.1024,1266,0,0
198.3692,5.0701,1258,0,0
198.3940,5.0782,1260,0,0
198.4188,5.0782,1260,0,0
198.4436,5.0862,1262,0,0
198.4684,5.0903,1263,0,0
198.4932,5.0943,1264,0,0
198.5180,5.0862,1262,0,0
198.5428,5.0782,1260,0,0
198.5676,5.0782,1260,0,0
198.5924,5.0983,1265,0,0
198.6172,5.0782,1260,0,0
198.6420,5.0742,1259,0,0
198.6668,5.0862,1262,0,0
198.6916,5.0822,1261,0,0
198.7164,5.0862,1262,0,0
198.7412,5.0862,1262,0,0
198.7660,5.0943,1264,0,0
198.7908,5.0943,1264,0,0
198.8156,5.0782,1260,0,0
198.8404,5.0983,1265,0,0
198.8652,5.0903,1263,0,0
198.8900,5.0943,1264,0,0
198.9148,5.0822,1261,0,0
198.9396,5.0983,1265,0,0
198.9644,5.0701,1258,0,0
198.9892,5.0983,1265,0,0
199.0141,5.0782,1260,0,0
199.0388,5.0822,1261,0,0
199.0637,5.0943,1264,0,0
199.0885,5.0943,1264,0,0
199.1133,5.0943,1264,0,0
199.1381,5.1024,1266,0,0
199.1629,5.0943,1264,0,0
199.1877,5.0862,1262,0,0
199.2125,5.0782,1260,0,0
199.2373,5.0943,1264,0,0
199.2621,5.0943,1264,0,0
199.2869,5.0782,1260,0,0
199.3117,5.0782,1260,0,0
199.3365,5.0862,1262,0,0
199.3613,5.0742,1259,0,0
199.3861,5.0983,1265,0,0
199.4109,5.0742,1259,0,0
199.4357,5.0338,1249,0,0
199.4605,5.0862,1262,0,0
199.4853,5.1024,1266,0,0
199.5101,5.0862,1262,0,0
199.5349,5.0862,1262,0,0
199.5597,5.0903,1263,0,0
199.5845,5.0540,1254,0,0
199.6093,5.0862,1262,0,0
199.6341,5.0983,1265,0,0
199.6589,5.0862,1262,0,0
199.6837,5.0903,1263,0,0
199.7085,5.1024,1266,0,0
199.7333,5.0862,1262,0,0
199.7581,5.0782,1260,0,0
199.7829,5.0983,1265,0,0
199.8077,5.0742,1259,0,0
199.8325,5.0862,1262,0,0
199.8573,5.0742,1259,0,0
199.8821,5.0862,1262,0,0
199.9069,5.0943,1264,0,0
199.9317,5.0822,1261,0,0
199.9565,5.0701,1258,0,0
199.9813,5.0782,1260,0,0
200.0061,5.0862,1262,0,0
200.0309,5.0862,1262,0,0
200.0557,5.0943,1264,0,0
200.0806,5.0943,1264,0,0
200.1053,5.1265,1272,0,0
200.1302,5.0943,1264,0,0
200.1550,5.1104,1268,0,0
200.1798,5.0701,1258,0,0
200.2046,5.0742,1259,0,0
200.2294,5.0661,1257,0,0
200.2542,5.0782,1260,0,0
200.2790,5.0943,1264,0,0
200.3038,5.0983,1265,0,0
200.3286,5.0862,1262,0,0
200.3534,5.0298,1248,0,0
200.3782,5.1064,1267,0,0
200.4030,5.0862,1262,0,0
200.4278,5.0943,1264,0,0
200.4526,5.0822,1261,0,0
200.4774,5.0661,1257,0,0
200.5022,5.1064,1267,0,0
200.5270,5.0782,1260,0,0
200.5518,5.0742,1259,0,0
200.5766,5.0822,1261,0,0
200.6014,5.1145,1269,0,0
200.6262,5.0661,1257,0,0
200.6510,5.1104,1268,0,0
200.6758,5.0983,1265,0,0
200.7006,5.0701,1258,0,0
200.7254,5.0862,1262,0,0
200.7502,5.1265,1272,0,0
200.7750,5.1064,1267,0,0
200.7998,5.0782,1260,0,0
200.8246,5.0862,1262,0,0
200.8494,5.0782,1260,0,0
200.8742,5.0862,1262,0,0
200.8990,5.0862,1262,0,0
200.9238,5.0983,1265,0,0
200.9486,5.0742,1259,0,0
200.9734,5.0782,1260,0,0
200.9982,5.0822,1261,0,0
201.0230,5.0742,1259,0,0
201.0478,5.0983,1265,0,0
201.0726,5.0540,1254,0,0
201.0974,5.0983,1265,0,0
201.1223,5.0903,1263,0,0
201.1470,5.0782,1260,0,0
201.1719,5.1346,1274,0,0
201.1967,5.0701,1258,0,0
201.2215,5.0782,1260,0,0
201.2463,5.0983,1265,0,0
201.2711,5.0661,1257,0,0
201.2959,5.0782,1260,0,0
201.3207,5.1104,1268,0,0
201.3455,5.0742,1259,0,0
201.3703,5.1145,1269,0,0
201.3951,5.1064,1267,0,0
201.4199,5.0701,1258,0,0
201.4447,5.0862,1262,0,0
201.4695,5.0943,1264,0,0
201.4943,5.0943,1264,0,0
201.5191,5.0943,1264,0,0
201.5439,5.1225,1271,0,0
201.5687,5.0742,1259,0,0
201.5935,5.0943,1264,0,0
201.6183,5.0701,1258,0,0
201.6431,5.0379,1250,0,0
201.6679,5.0419,1251,0,0
201.6927,5.0862,1262,0,0
201.7175,5.0983,1265,0,0
201.7423,5.0782,1260,0,0
201.7671,5.0943,1264,0,0
201.7919,5.1024,1266,0,0
201.8167,5.0943,1264,0,0
201.8415,5.0943,1264,0,0
201.8663,5.0822,1261,0,0
201.8911,5.0943,1264,0,0
201.9159,5.0943,1264,0,0
201.9407,5.0983,1265,0,0
201.9655,5.0862,1262,0,0
201.9903,5.1265,1272,0,0
202.0151,5.0862,1262,0,0
202.0399,5.0782,1260,0,0
202.0647,5.1225,1271,0,0
202.0895,5.1104,1268,0,0
202.1143,5.0742,1259,0,0
202.1391,5.0862,1262,0,0
202.1639,5.0822,1261,0,0
202.1888,5.1225,1271,0,0
202.2135,5.0943,1264,0,0
202.2384,5.0661,1257,0,0
202.2632,5.0903,1263,0,0
202.2880,5.0943,1264,0,0
202.3128,5.0943,1264,0,0
202.3376,5.0983,1265,0,0
202.3624,5.0782,1260,0,0
202.3872,5.0943,1264,0,0
202.4120,5.0862,1262,0,0
202.4368,5.0419,1251,0,0
202.4616,5.1265,1272,0,0
202.4864,5.0983,1265,0,0
202.5112,5.0822,1261,0,0
202.5360,5.0862,1262,0,0
202.5608,5.0742,1259,0,0
202.5856,5.0862,1262,0,0
202.6104,5.0742,1259,0,0
202.6352,5.0943,1264,0,0
202.6600,5.0782,1260,0,0
202.6848,5.1265,1272,0,0
202.7096,5.0943,1264,0,0
202.7344,5.0822,1261,0,0
202.7592,5.1225,1271,0,0
202.7840,5.0782,1260,0,0
202.8088,5.0862,1262,0,0
202.8336,5.0742,1259,0,0
202.8584,5.1346,1274,0,0
202.8832,5.0983,1265,0,0
202.9080,5.0903,1263,0,0
202.9328,5.0742,1259,0,0
202.9576,5.0822,1261,0,0
202.9824,5.0983,1265,0,0
203.0072,5.0903,1263,0,0
203.0320,5.0500,1253,0,0
203.0568,5.0862,1262,0,0
203.0816,5.0782,1260,0,0
203.1064,5.0862,1262,0,0
203.1312,5.0862,1262,0,0
203.1560,5.0782,1260,0,0
203.1808,5.0943,1264,0,0
203.2056,5.0862,1262,0,0
203.2305,5.0742,1259,0,0
203.2552,5.0903,1263,0,0
203.2801,5.0943,1264,0,0
203.3049,5.0782,1260,0,0
203.3297,5.0943,1264,0,0
203.3545,5.0943,1264,0,0
203.3793,5.0580,1255,0,0
203.4041,5.0742,1259,0,0
203.4289,5.0782,1260,0,0
203.4537,5.0943,1264,0,0
203.4785,5.0943,1264,0,0
203.5033,5.0782,1260,0,0
203.5281,5.0822,1261,0,0
203.5529,5.0338,1249,0,0
203.5777,5.0943,1264,0,0
203.6025,5.0983,1265,0,0
203.6273,5.0742,1259,0,0
203.6521,5.1064,1267,0,0
203.6769,5.0943,1264,0,0
203.7017,5.1024,1266,0,0
203.7265,5.0742,1259,0,0
203.7513,5.0862,1262,0,0
203.7761,5.1024,1266,0,0
203.8009,5.0782,1260,0,0
203.8257,5.0862,1262,0,0
203.8505,5.0943,1264,0,0
203.8753,5.0822,1261,0,0
203.9001,5.1064,1267,0,0
203.9249,5.0742,1259,0,0
203.9497,5.0862,1262,0,0
203.9745,5.0862,1262,0,0
203.9993,5.0742,1259,0,0
204.0241,5.0943,1264,0,0
204.0489,5.1265,1272,0,0
204.0737,5.0862,1262,0,0
204.0985,5.1225,1271,0,0
204.1233,5.0983,1265,0,0
204.1481,5.0782,1260,0,0
204.1729,5.0903,1263,0,0
204.1977,5.1265,1272,0,0
204.2225,5.1024,1266,0,0
204.2473,5.0983,1265,0,0
204.2721,5.0943,1264,0,0
204.2970,5.0782,1260,0,0
204.3217,5.0500,1253,0,0
204.3466,5.0822,1261,0,0
204.3714,5.0862,1262,0,0
204.3962,5.0822,1261,0,0
204.4210,5.0782,1260,0,0
204.4458,5.0782,1260,0,0
204.4706,5.1024,1266,0,0
204.4954,5.0943,1264,0,0
204.5202,5.0379,1250,0,0
204.5450,5.0983,1265,0,0
204.5698,5.0862,1262,0,0
204.5946,5.0782,1260,0,0
204.6194,5.0943,1264,0,0
204.6442,5.1024,1266,0,0
204.6690,5.0903,1263,0,0
204.6938,5.0742,1259,0,0
204.7186,5.0782,1260,0,0
204.7434,5.1427,1276,0,0
204.7682,5.0943,1264,0,0
204.7930,5.0742,1259,0,0
204.8178,5.1265,1272,0,0
204.8426,5.0862,1262,0,0
204.8674,5.0862,1262,0,0
204.8922,5.0943,1264,0,0
204.9170,5.1024,1266,0,0
204.9418,5.0943,1264,0,0
204.9666,5.0862,1262,0,0
204.9914,5.0782,1260,0,0
205.0162,5.1104,1268,0,0
205.0410,5.0862,1262,0,0
205.0658,5.0742,1259,0,0
205.0906,5.0742,1259,0,0
205.1154,5.0943,1264,0,0
205.1402,5.0983,1265,0,0
205.1650,5.0782,1260,0,0
205.1898,5.0701,1258,0,0
205.2146,5.1064,1267,0,0
205.2394,5.0862,1262,0,0
205.2642,5.1265,1272,0,0
205.2890,5.0782,1260,0,0
205.3138,5.0943,1264,0,0
205.3387,5.0983,1265,0,0
205.3634,5.0943,1264,0,0
205.3882,5.1064,1267,0,0
205.4131,5.0822,1261,0,0
205.4379,5.0742,1259,0,0
205.4627,5.1265,1272,0,0
205.4875,5.0661,1257,0,0
205.5123,5.0822,1261,0,0
205.5371,5.0903,1263,0,0
205.5619,5.0943,1264,0,0
205.5867,5.1064,1267,0,0
205.6115,5.0500,1253,0,0
205.6363,5.0742,1259,0,0
205.6611,5.1024,1266,0,0
205.6859,5.1225,1271,0,0
205.7107,5.0862,1262,0,0
205.7355,5.0983,1265,0,0
205.7603,5.0379,1250,0,0
205.7851,5.0862,1262,0,0
205.8099,5.0943,1264,0,0
205.8347,5.0742,1259,0,0
205.8595,5.0782,1260,0,0
205.8843,5.0943,1264,0,0
205.9091,5.0661,1257,0,0
205.9339,5.0983,1265,0,0
205.9587,5.0782,1260,0,0
205.9835,5.1024,1266,0,0
206.0083,5.0782,1260,0,0
206.0331,5.0782,1260,0,0
206.0579,5.1346,1274,0,0
206.0827,5.0822,1261,0,0
206.1075,5.0661,1257,0,0
206.1323,5.0782,1260,0,0
206.1571,5.0862,1262,0,0
206.1819,5.0943,1264,0,0
206.2067,5.0943,1264,0,0
206.2315,5.0822,1261,0,0
206.2563,5.0903,1263,0,0
206.2811,5.1265,1272,0,0
206.3059,5.0943,1264,0,0
206.3307,5.0983,1265,0,0
206.3555,5.0862,1262,0,0
206.3803,5.0782,1260,0,0
206.4052,5.0943,1264,0,0
206.4299,5.0782,1260,0,0
206.4548,5.0822,1261,0,0
206.4796,5.0862,1262,0,0
206.5044,5.0983,1265,0,0
206.5292,5.0862,1262,0,0
206.5540,5.0943,1264,0,0
206.5788,5.0862,1262,0,0
206.6036,5.0983,1265,0,0
206.6284,5.0701,1258,0,0
206.6532,5.0943,1264,0,0
206.6780,5.0943,1264,0,0
206.7028,5.0943,1264,0,0
206.7276,5.1064,1267,0,0
206.7524,5.0943,1264,0,0
206.7772,5.0742,1259,0,0
206.8020,5.0943,1264,0,0
206.8268,5.0862,1262,0,0
206.8516,5.0943,1264,0,0
206.8764,5.1104,1268,0,0
206.9012,5.1064,1267,0,0
206.9260,5.0742,1259,0,0
206.9508,5.0862,1262,0,0
206.9756,5.1024,1266,0,0
207.0004,5.1306,1273,0,0
207.0252,5.0862,1262,0,0
207.0500,5.0862,1262,0,0
207.0748,5.1024,1266,0,0
207.0996,5.1064,1267,0,0
207.1244,5.0983,1265,0,0
207.1492,5.0943,1264,0,0
207.1740,5.1024,1266,0,0
207.1988,5.0580,1255,0,0
207.2236,5.0943,1264,0,0
207.2484,5.0782,1260,0,0
207.2732,5.0943,1264,0,0
207.2980,5.0379,1250,0,0
207.3228,5.0701,1258,0,0
207.3476,5.1064,1267,0,0
207.3724,5.0782,1260,0,0
207.3972,5.0540,1254,0,0
207.4220,5.0742,1259,0,0
207.4469,5.0742,1259,0,0
207.4716,5.0862,1262,0,0
207.4964,5.0782,1260,0,0
207.5213,5.0782,1260,0,0
207.5461,5.0943,1264,0,0
207.5709,5.0822,1261,0,0
207.5957,5.1064,1267,0,0
207.6205,5.0943,1264,0,0
207.6453,5.0782,1260,0,0
207.6701,5.1225,1271,0,0
207.6949,5.0822,1261,0,0
207.7197,5.1024,1266,0,0
207.7445,5.0943,1264,0,0
207.7693,5.0742,1259,0,0
207.7941,5.0983,1265,0,0
207.8189,5.0822,1261,0,0
207.8437,5.0782,1260,0,0
207.8685,5.0822,1261,0,0
207.8933,5.0782,1260,0,0
207.9181,5.0782,1260,0,0
207.9429,5.1024,1266,0,0
207.9677,5.0903,1263,0,0
207.9925,5.0862,1262,0,0
208.0173,5.1024,1266,0,0
208.0421,5.0983,1265,0,0
208.0669,5.0782,1260,0,0
208.0917,5.1024,1266,0,0
208.1165,5.0943,1264,0,0
208.1413,5.0983,1265,0,0
208.1661,5.0862,1262,0,0
208.1909,5.0862,1262,0,0
208.2157,5.1265,1272,0,0
208.2405,5.1145,1269,0,0
208.2653,5.0661,1257,0,0
208.2901,5.0822,1261,0,0
208.3149,5.0943,1264,0,0
208.3397,5.1064,1267,0,0
208.3645,5.0862,1262,0,0
208.3893,5.1104,1268,0,0
208.4141,5.1104,1268,0,0
208.4389,5.0822,1261,0,0
208.4637,5.0782,1260,0,0
208.4885,5.1064,1267,0,0
208.5134,5.1064,1267,0,0
208.5381,5.0983,1265,0,0
208.5630,5.0983,1265,0,0
208.5878,5.0862,1262,0,0
208.6126,5.1064,1267,0,0
208.6374,5.0983,1265,0,0
208.6622,5.0742,1259,0,0
208.6870,5.0782,1260,0,0
208.7118,5.0943,1264,0,0
208.7366,5.0782,1260,0,0
208.7614,5.0822,1261,0,0
208.7862,5.0500,1253,0,0
208.8110,5.0943,1264,0,0
208.8358,5.0903,1263,0,0
208.8606,5.1024,1266,0,0
208.8854,5.0862,1262,0,0
208.9102,5.0661,1257,0,0
208.9350,5.0862,1262,0,0
208.9598,5.1064,1267,0,0
208.9846,5.0822,1261,0,0
209.0094,5.0862,1262,0,0
209.0342,5.0943,1264,0,0
209.0590,5.0822,1261,0,0
209.0838,5.0943,1264,0,0
209.1086,5.0742,1259,0,0
209.1334,5.0943,1264,0,0
209.1582,5.1104,1268,0,0
209.1830,5.1064,1267,0,0
209.2078,5.0943,1264,0,0
209.2326,5.0742,1259,0,0
209.2574,5.1145,1269,0,0
209.2822,5.0782,1260,0,0
209.3070,5.1024,1266,0,0
209.3318,5.0782,1260,0,0
209.3566,5.0943,1264,0,0
209.3814,5.0782,1260,0,0
209.4062,5.1064,1267,0,0
209.4310,5.0983,1265,0,0
209.4558,5.0943,1264,0,0
209.4806,5.1346,1274,0,0
209.5054,5.0862,1262,0,0
209.5302,5.0298,1248,0,0
209.5551,5.0943,1264,0,0
209.5798,5.0943,1264,0,0
209.6046,5.0943,1264,0,0
209.6295,5.0862,1262,0,0
209.6543,5.0862,1262,0,0
209.6791,5.0661,1257,0,0
209.7039,5.0903,1263,0,0
209.7287,5.0822,1261,0,0
209.7535,5.1064,1267,0,0
209.7783,5.0862,1262,0,0
209.8031,5.0983,1265,0,0
209.8279,5.0983,1265,0,0
209.8527,5.0782,1260,0,0
209.8775,5.0943,1264,0,0
209.9023,5.0943,1264,0,0
209.9271,5.0983,1265,0,0
209.9519,5.0661,1257,0,0
209.9767,5.0822,1261,0,0
210.0015,5.0862,1262,0,0
210.0263,5.0782,1260,0,0
210.0511,5.0943,1264,0,0
210.0759,5.1064,1267,0,0
210.1007,5.0983,1265,0,0
210.1255,5.0782,1260,0,0
210.1503,5.0983,1265,0,0
210.1751,5.0943,1264,0,0
210.1999,5.1145,1269,0,0
210.2247,5.0943,1264,0,0
210.2495,5.0903,1263,0,0
210.2743,5.0983,1265,0,0
210.2991,5.0782,1260,0,0
210.3239,5.0661,1257,0,0
210.3487,5.0500,1253,0,0
210.3735,5.0903,1263,0,0
210.3983,5.0822,1261,0,0
210.4231,5.0903,1263,0,0
210.4479,5.1024,1266,0,0
210.4727,5.1265,1272,0,0
210.4975,5.0983,1265,0,0
210.5223,5.0742,1259,0,0
210.5471,5.0983,1265,0,0
210.5719,5.0983,1265,0,0
210.5967,5.0943,1264,0,0
210.6216,5.0822,1261,0,0
210.6463,5.0822,1261,0,0
210.6712,5.0903,1263,0,0
210.6960,5.0983,1265,0,0
210.7208,5.0782,1260,0,0
210.7456,5.1346,1274,0,0
210.7704,5.0782,1260,0,0
210.7952,5.0742,1259,0,0
210.8200,5.0661,1257,0,0
210.8448,5.0782,1260,0,0
210.8696,5.1306,1273,0,0
210.8944,5.0943,1264,0,0
210.9192,5.0742,1259,0,0
210.9440,5.0782,1260,0,0
210.9688,5.0903,1263,0,0
210.9936,5.0701,1258,0,0
211.0184,5.1064,1267,0,0
211.0432,5.0983,1265,0,0
211.0680,5.0943,1264,0,0
211.0928,5.0782,1260,0,0
211.1176,5.0983,1265,0,0
211.1424,5.0661,1257,0,0
211.1672,5.0903,1263,0,0
211.1920,5.0862,1262,0,0
211.2168,5.0862,1262,0,0
211.2416,5.0943,1264,0,0
211.2664,5.0943,1264,0,0
211.2912,5.0500,1253,0,0
211.3160,5.0943,1264,0,0
211.3408,5.1064,1267,0,0
211.3656,5.0782,1260,0,0
211.3904,5.0943,1264,0,0
211.4152,5.0943,1264,0,0
211.4400,5.0943,1264,0,0
211.4648,5.0822,1261,0,0
211.4896,5.1265,1272,0,0
211.5144,5.1265,1272,0,0
211.5392,5.0943,1264,0,0
211.5640,5.0862,1262,0,0
211.5888,5.0782,1260,0,0
211.6136,5.1024,1266,0,0
211.6384,5.1265,1272,0,0
211.6633,5.0379,1250,0,0
211.6880,5.1024,1266,0,0
211.7128,5.0943,1264,0,0
211.7377,5.0862,1262,0,0
211.7625,5.0742,1259,0,0
211.7873,5.0782,1260,0,0
211.8121,5.0983,1265,0,0
211.8369,5.0661,1257,0,0
211.8617,5.0862,1262,0,0
211.8865,5.1225,1271,0,0
211.9113,5.1104,1268,0,0
211.9361,5.0742,1259,0,0
211.9609,5.0862,1262,0,0
211.9857,5.0661,1257,0,0
212.0105,5.0943,1264,0,0
212.0353,5.0742,1259,0,0
212.0601,5.0943,1264,0,0
212.0849,5.0903,1263,0,0
212.1097,5.0862,1262,0,0
212.1345,5.0983,1265,0,0
212.1593,5.0782,1260,0,0
212.1841,5.0943,1264,0,0
212.2089,5.0943,1264,0,0
212.2337,5.0943,1264,0,0
212.2585,5.0862,1262,0,0
212.2833,5.1789,1285,0,0
212.3081,5.1064,1267,0,0
212.3329,5.1225,1271,0,0
212.3577,5.0943,1264,0,0
212.3825,5.0903,1263,0,0
212.4073,5.0782,1260,0,0
212.4321,5.0782,1260,0,0
212.4569,5.0822,1261,0,0
212.4817,5.0379,1250,0,0
212.5065,5.0580,1255,0,0
212.5313,5.0862,1262,0,0
212.5561,5.0862,1262,0,0
212.5809,5.0943,1264,0,0
212.6057,5.0822,1261,0,0
212.6305,5.0943,1264,0,0
212.6553,5.0822,1261,0,0
212.6801,5.0661,1257,0,0
212.7049,5.0822,1261,0,0
212.7298,5.1104,1268,0,0
212.7545,5.0943,1264,0,0
212.7794,5.0701,1258,0,0
212.8042,5.1064,1267,0,0
212.8290,5.0661,1257,0,0
212.8538,5.0862,1262,0,0
212.8786,5.0903,1263,0,0
212.9034,5.0822,1261,0,0
212.9282,5.0862,1262,0,0
212.9530,5.1104,1268,0,0
212.9778,5.0822,1261,0,0
213.0026,5.0903,1263,0,0
213.0274,5.1265,1272,0,0
213.0522,5.0943,1264,0,0
213.0770,5.1225,1271,0,0
213.1018,5.0903,1263,0,0
213.1266,5.0943,1264,0,0
213.1514,5.0782,1260,0,0
213.1762,5.0943,1264,0,0
213.2010,5.0943,1264,0,0
213.2258,5.0983,1265,0,0
213.2506,5.0661,1257,0,0
213.2754,5.0661,1257,0,0
213.3002,5.1024,1266,0,0
213.3250,5.0379,1250,0,0
213.3498,5.0742,1259,0,0
213.3746,5.0983,1265,0,0
213.3994,5.0943,1264,0,0
213.4242,5.0862,1262,0,0
213.4490,5.0742,1259,0,0
213.4738,5.0862,1262,0,0
213.4986,5.1104,1268,0,0
213.5234,5.0782,1260,0,0
213.5482,5.0782,1260,0,0
213.5730,5.0782,1260,0,0
213.5978,5.0782,1260,0,0
213.6226,5.0782,1260,0,0
213.6474,5.0742,1259,0,0
213.6722,5.0782,1260,0,0
213.6970,5.0983,1265,0,0
213.7218,5.0983,1265,0,0
213.7466,5.0862,1262,0,0
213.7714,5.1427,1276,0,0
213.7962,5.0943,1264,0,0
213.8210,5.0862,1262,0,0
213.8459,5.0862,1262,0,0
213.8707,5.1265,1272,0,0
213.8955,5.1265,1272,0,0
213.9203,5.0661,1257,0,0
213.9451,5.0862,1262,0,0
213.9699,5.1024,1266,0,0
213.9947,5.0943,1264,0,0
214.0195,5.0338,1249,0,0
214.0443,5.0782,1260,0,0
214.0691,5.0983,1265,0,0
214.0939,5.0983,1265,0,0
214.1187,5.0862,1262,0,0
214.1435,5.0661,1257,0,0
214.1683,5.0943,1264,0,0
214.1931,5.0862,1262,0,0
214.2179,5.0782,1260,0,0
214.2427,5.0822,1261,0,0
214.2675,5.0943,1264,0,0
214.2923,5.0943,1264,0,0
214.3171,5.0580,1255,0,0
214.3419,5.1225,1271,0,0
214.3667,5.0862,1262,0,0
214.3915,5.0862,1262,0,0
214.4163,5.0862,1262,0,0
214.4411,5.0782,1260,0,0
214.4659,5.0943,1264,0,0
214.4907,5.0943,1264,0,0
214.5155,5.0943,1264,0,0
214.5403,5.0742,1259,0,0
214.5651,5.0782,1260,0,0
214.5899,5.0742,1259,0,0
214.6147,5.1024,1266,0,0
214.6395,5.0943,1264,0,0
214.6643,5.1225,1271,0,0
214.6891,5.0943,1264,0,0
214.7139,5.0862,1262,0,0
214.7387,5.0782,1260,0,0
214.7635,5.0862,1262,0,0
214.7883,5.0862,1262,0,0
214.8131,5.0943,1264,0,0
214.8380,5.0943,1264,0,0
214.8627,5.0943,1264,0,0
214.8876,5.0782,1260,0,0
214.9124,5.0903,1263,0,0
214.9371,5.0782,1260,0,0
214.9620,5.0943,1264,0,0
214.9868,5.0943,1264,0,0
215.0116,5.0903,1263,0,0
215.0364,5.1064,1267,0,0
215.0612,5.1225,1271,0,0
215.0860,5.0742,1259,0,0
215.1108,5.0379,1250,0,0
215.1356,5.0983,1265,0,0
215.1604,5.1265,1272,0,0
215.1852,5.0661,1257,0,0
215.2100,5.0661,1257,0,0
215.2348,5.1064,1267,0,0
215.2596,5.0862,1262,0,0
215.2844,5.0742,1259,0,0
215.3092,5.0782,1260,0,0
215.3340,5.1346,1274,0,0
215.3588,5.0983,1265,0,0
215.3836,5.0782,1260,0,0
215.4084,5.0903,1263,0,0
215.4332,5.0782,1260,0,0
215.4580,5.0782,1260,0,0
215.4828,5.0782,1260,0,0
215.5076,5.0903,1263,0,0
215.5324,5.0943,1264,0,0
215.5572,5.0782,1260,0,0
215.5820,5.0500,1253,0,0
215.6068,5.0943,1264,0,0
215.6316,5.0782,1260,0,0
215.6564,5.1225,1271,0,0
215.6812,5.0983,1265,0,0
215.7060,5.0661,1257,0,0
215.7308,5.0379,1250,0,0
215.7556,5.0822,1261,0,0
215.7804,5.0943,1264,0,0
215.8052,5.1265,1272,0,0
215.8300,5.0943,1264,0,0
215.8548,5.0822,1261,0,0
215.8796,5.0742,1259,0,0
215.9044,5.0701,1258,0,0
215.9292,5.0862,1262,0,0
215.9541,5.0822,1261,0,0
215.9789,5.0983,1265,0,0
216.0037,5.1024,1266,0,0
216.0285,5.0943,1264,0,0
216.0533,5.0822,1261,0,0
216.0781,5.0742,1259,0,0
216.1029,5.0943,1264,0,0
216.1277,5.0338,1249,0,0
216.1525,5.0782,1260,0,0
216.1773,5.0943,1264,0,0
216.2021,5.0742,1259,0,0
216.2269,5.0701,1258,0,0
216.2517,5.0742,1259,0,0
216.2765,5.0903,1263,0,0
216.3013,5.0661,1257,0,0
216.3261,5.0943,1264,0,0
216.3509,5.0782,1260,0,0
216.3757,5.0943,1264,0,0
216.4005,5.1386,1275,0,0
216.4253,5.0943,1264,0,0
216.4501,5.0661,1257,0,0
216.4749,5.1024,1266,0,0
216.4997,5.0782,1260,0,0
216.5245,5.0943,1264,0,0
216.5493,5.1064,1267,0,0
216.5741,5.0580,1255,0,0
216.5989,5.0742,1259,0,0
216.6237,5.0943,1264,0,0
216.6485,5.0661,1257,0,0
216.6733,5.0782,1260,0,0
216.6981,5.0661,1257,0,0
216.7229,5.0903,1263,0,0
216.7477,5.0983,1265,0,0
216.7725,5.0742,1259,0,0
216.7973,5.0943,1264,0,0
216.8221,5.1265,1272,0,0
216.8469,5.0983,1265,0,0
216.8717,5.0903,1263,0,0
216.8965,5.0862,1262,0,0
216.9213,5.0782,1260,0,0
216.9462,5.0983,1265,0,0
216.9709,5.0862,1262,0,0
216.9958,5.0782,1260,0,0
217.0206,5.1306,1273,0,0
217.0453,5.0943,1264,0,0
217.0702,5.0782,1260,0,0
217.0950,5.0661,1257,0,0
217.1198,5.1104,1268,0,0
217.1446,5.0782,1260,0,0
217.1694,5.0782,1260,0,0
217.1942,5.0903,1263,0,0
217.2190,5.1225,1271,0,0
217.2438,5.0782,1260,0,0
217.2686,5.0782,1260,0,0
217.2934,5.0943,1264,0,0
217.3182,5.0782,1260,0,0
217.3430,5.0822,1261,0,0
217.3678,5.0943,1264,0,0
217.3926,5.0742,1259,0,0
217.4174,5.1225,1271,0,0
217.4422,5.0862,1262,0,0
217.4670,5.1024,1266,0,0
217.4918,5.0943,1264,0,0
217.5166,5.0943,1264,0,0
217.5414,5.0782,1260,0,0
217.5662,5.0742,1259,0,0
217.5910,5.0862,1262,0,0
217.6158,5.0943,1264,0,0
217.6406,5.0701,1258,0,0
217.6654,5.0822,1261,0,0
217.6902,5.0943,1264,0,0
217.7150,5.0943,1264,0,0
217.7398,5.0903,1263,0,0
217.7646,5.1104,1268,0,0
217.7894,5.0379,1250,0,0
217.8142,5.0903,1263,0,0
217.8390,5.1064,1267,0,0
217.8638,5.0822,1261,0,0
217.8886,5.0782,1260,0,0
217.9134,5.0862,1262,0,0
217.9382,5.0943,1264,0,0
217.9630,5.0903,1263,0,0
217.9878,5.0419,1251,0,0
218.0126,5.0943,1264,0,0
218.0374,5.1145,1269,0,0
218.0623,5.0742,1259,0,0
218.0871,5.0943,1264,0,0
218.1119,5.0661,1257,0,0
218.1367,5.0983,1265,0,0
218.1615,5.1306,1273,0,0
218.1863,5.0943,1264,0,0
218.2111,5.1064,1267,0,0
218.2359,5.1064,1267,0,0
218.2607,5.1064,1267,0,0
218.2855,5.0862,1262,0,0
218.3103,5.0822,1261,0,0
218.3351,5.0862,1262,0,0
218.3599,5.1064,1267,0,0
218.3847,5.0822,1261,0,0
218.4095,5.0862,1262,0,0
218.4343,5.0943,1264,0,0
218.4591,5.0862,1262,0,0
218.4839,5.1306,1273,0,0
218.5087,5.0862,1262,0,0
218.5335,5.1064,1267,0,0
218.5583,5.0943,1264,0,0
218.5831,5.0943,1264,0,0
218.6079,5.0862,1262,0,0
218.6327,5.0943,1264,0,0
218.6575,5.0903,1263,0,0
218.6823,5.1024,1266,0,0
218.7071,5.0903,1263,0,0
218.7319,5.0943,1264,0,0
218.7567,5.1265,1272,0,0
218.7815,5.0943,1264,0,0
218.8063,5.0943,1264,0,0
218.8311,5.0943,1264,0,0
218.8559,5.0661,1257,0,0
218.8807,5.0943,1264,0,0
218.9055,5.0943,1264,0,0
218.9303,5.0782,1260,0,0
218.9551,5.0983,1265,0,0
218.9799,5.0903,1263,0,0
219.0047,5.0782,1260,0,0
219.0295,5.1064,1267,0,0
219.0544,5.0661,1257,0,0
219.0791,5.0903,1263,0,0
219.1040,5.0782,1260,0,0
219.1288,5.0943,1264,0,0
219.1535,5.0862,1262,0,0
219.1784,5.0862,1262,0,0
219.2032,5.0782,1260,0,0
219.2280,5.0983,1265,0,0
219.2528,5.0661,1257,0,0
219.2776,5.0862,1262,0,0
219.3024,5.1024,1266,0,0
219.3272,5.0862,1262,0,0
219.3520,5.0983,1265,0,0
219.3768,5.0943,1264,0,0
219.4016,5.0822,1261,0,0
219.4264,5.1225,1271,0,0
219.4512,5.0943,1264,0,0
219.4760,5.0782,1260,0,0
219.5008,5.0943,1264,0,0
219.5256,5.0862,1262,0,0
219.5504,5.0862,1262,0,0
219.5752,5.0983,1265,0,0
219.6000,5.0943,1264,0,0
219.6248,5.0943,1264,0,0
219.6496,5.1104,1268,0,0
219.6744,5.0943,1264,0,0
219.6992,5.0943,1264,0,0
219.7240,5.0862,1262,0,0
219.7488,5.0943,1264,0,0
219.7736,5.0983,1265,0,0
219.7984,5.0943,1264,0,0
219.8232,5.1064,1267,0,0
219.8480,5.0983,1265,0,0
219.8728,5.0661,1257,0,0
219.8976,5.0782,1260,0,0
219.9224,5.0701,1258,0,0
219.9472,5.0782,1260,0,0
219.9720,5.0782,1260,0,0
219.9968,5.0862,1262,0,0
220.0216,5.0943,1264,0,0
220.0464,5.0943,1264,0,0
220.0712,5.0862,1262,0,0
220.0960,5.0782,1260,0,0
220.1208,5.0742,1259,0,0
220.1456,5.1064,1267,0,0
220.1705,5.0782,1260,0,0
220.1953,5.0701,1258,0,0
220.2201,5.0862,1262,0,0
220.2449,5.0862,1262,0,0
220.2697,5.1145,1269,0,0
220.2945,5.0943,1264,0,0
220.3193,5.0742,1259,0,0
220.3441,5.0862,1262,0,0
220.3689,5.0822,1261,0,0
220.3937,5.0862,1262,0,0
220.4185,5.0943,1264,0,0
220.4433,5.0862,1262,0,0
220.4681,5.0943,1264,0,0
220.4929,5.0661,1257,0,0
220.5177,5.0943,1264,0,0
220.5425,5.0782,1260,0,0
220.5673,5.0862,1262,0,0
220.5921,5.0943,1264,0,0
220.6169,5.1064,1267,0,0
220.6417,5.0782,1260,0,0
220.6665,5.0862,1262,0,0
220.6913,5.1104,1268,0,0
220.7161,5.1064,1267,0,0
220.7409,5.1104,1268,0,0
220.7657,5.0742,1259,0,0
220.7905,5.1064,1267,0,0
220.8153,5.1145,1269,0,0
220.8401,5.0943,1264,0,0
220.8649,5.0943,1264,0,0
220.8897,5.0983,1265,0,0
220.9145,5.0862,1262,0,0
220.9393,5.0983,1265,0,0
220.9641,5.1024,1266,0,0
220.9889,5.0742,1259,0,0
221.0137,5.0983,1265,0,0
221.0385,5.0983,1265,0,0
221.0633,5.0661,1257,0,0
221.0881,5.0983,1265,0,0
221.1129,5.1225,1271,0,0
221.1377,5.0822,1261,0,0
221.1626,5.0782,1260,0,0
221.1873,5.0782,1260,0,0
221.2122,5.0983,1265,0,0
221.2370,5.0661,1257,0,0
221.2617,5.0782,1260,0,0
221.2866,5.0943,1264,0,0
221.3114,5.0943,1264,0,0
221.3362,5.0983,1265,0,0
221.3610,5.0782,1260,0,0
221.3858,5.0742,1259,0,0
221.4106,5.0903,1263,0,0
221.4354,5.1104,1268,0,0
221.4602,5.0862,1262,0,0
221.4850,5.0661,1257,0,0
221.5098,5.0701,1258,0,0
221.5346,5.0943,1264,0,0
221.5594,5.0903,1263,0,0
221.5842,5.0701,1258,0,0
221.6090,5.0862,1262,0,0
221.6338,5.0943,1264,0,0
221.6586,5.0379,1250,0,0
221.6834,5.0782,1260,0,0
221.7082,5.0822,1261,0,0
221.7330,5.0943,1264,0,0
221.7578,5.0983,1265,0,0
221.7826,5.1265,1272,0,0
221.8074,5.0903,1263,0,0
221.8322,5.0742,1259,0,0
221.8570,5.0903,1263,0,0
221.8818,5.0822,1261,0,0
221.9066,5.0862,1262,0,0
221.9314,5.0983,1265,0,0
221.9562,5.1064,1267,0,0
221.9810,5.0943,1264,0,0
222.0058,5.0782,1260,0,0
222.0306,5.0862,1262,0,0
222.0554,5.0903,1263,0,0
222.0802,5.0943,1264,0,0
222.1050,5.0983,1265,0,0
222.1298,5.0983,1265,0,0
222.1546,5.0943,1264,0,0
222.1794,5.0862,1262,0,0
222.2042,5.0862,1262,0,0
222.2290,5.1145,1269,0,0
222.2538,5.0822,1261,0,0
222.2787,5.0782,1260,0,0
222.3035,5.0742,1259,0,0
222.3283,5.0782,1260,0,0
222.3531,5.1145,1269,0,0
222.3779,5.1024,1266,0,0
222.4027,5.0903,1263,0,0
222.4275,5.0822,1261,0,0
222.4523,5.0742,1259,0,0
222.4771,5.0983,1265,0,0
222.5019,5.0782,1260,0,0
222.5267,5.0903,1263,0,0
222.5515,5.0742,1259,0,0
222.5763,5.0782,1260,0,0
222.6011,5.0742,1259,0,0
222.6259,5.0983,1265,0,0
222.6507,5.0943,1264,0,0
222.6755,5.0862,1262,0,0
222.7003,5.0903,1263,0,0
222.7251,5.0782,1260,0,0
222.7499,5.0782,1260,0,0
222.7747,5.0661,1257,0,0
222.7995,5.0782,1260,0,0
222.8243,5.0742,1259,0,0
222.8491,5.0943,1264,0,0
222.8739,5.0782,1260,0,0
222.8987,5.0782,1260,0,0
222.9235,5.0822,1261,0,0
222.9483,5.1064,1267,0,0
222.9731,5.0903,1263,0,0
222.9979,5.1225,1271,0,0
223.0227,5.0943,1264,0,0
223.0475,5.0943,1264,0,0
223.0723,5.0862,1262,0,0
223.0971,5.0943,1264,0,0
223.1219,5.0943,1264,0,0
223.1467,5.1225,1271,0,0
223.1715,5.0782,1260,0,0
223.1963,5.1265,1272,0,0
223.2211,5.0822,1261,0,0
223.2459,5.0742,1259,0,0
223.2708,5.0862,1262,0,0
223.2955,5.0983,1265,0,0
223.3203,5.0943,1264,0,0
223.3452,5.0742,1259,0,0
223.3699,5.0983,1265,0,0
223.3948,5.0943,1264,0,0
223.4196,5.0862,1262,0,0
223.4444,5.0983,1265,0,0
223.4692,5.1265,1272,0,0
223.4940,5.0903,1263,0,0
223.5188,5.0782,1260,0,0
223.5436,5.0742,1259,0,0
223.5684,5.1225,1271,0,0
223.5932,5.0742,1259,0,0
223.6180,5.0782,1260,0,0
223.6428,5.0822,1261,0,0
223.6676,5.1064,1267,0,0
223.6924,5.1225,1271,0,0
223.7172,5.0822,1261,0,0
223.7420,5.1064,1267,0,0
223.7668,5.0862,1262,0,0
223.7916,5.0862,1262,0,0
223.8164,5.0943,1264,0,0
223.8412,5.0943,1264,0,0
223.8660,5.0822,1261,0,0
223.8908,5.0943,1264,0,0
223.9156,5.0742,1259,0,0
223.9404,5.0661,1257,0,0
223.9652,5.0782,1260,0,0
223.9900,5.0943,1264,0,0
224.0148,5.0862,1262,0,0
224.0396,5.0983,1265,0,0
224.0644,5.0983,1265,0,0
224.0892,5.0742,1259,0,0
224.1140,5.0903,1263,0,0
224.1388,5.0782,1260,0,0
224.1636,5.0862,1262,0,0
224.1884,5.0862,1262,0,0
224.2132,5.0983,1265,0,0
224.2380,5.0862,1262,0,0
224.2628,5.0983,1265,0,0
224.2876,5.0862,1262,0,0
224.3124,5.0419,1251,0,0
224.3372,5.1064,1267,0,0
224.3620,5.0862,1262,0,0
224.3869,5.0782,1260,0,0
224.4117,5.0943,1264,0,0
224.4365,5.0782,1260,0,0
224.4613,5.0782,1260,0,0
224.4861,5.0742,1259,0,0
224.5109,5.0862,1262,0,0
224.5357,5.0782,1260,0,0
224.5605,5.0983,1265,0,0
224.5853,5.0983,1265,0,0
224.6101,5.0943,1264,0,0
224.6349,5.0782,1260,0,0
224.6597,5.0862,1262,0,0
224.6845,5.0822,1261,0,0
224.7093,5.0782,1260,0,0
224.7341,5.0862,1262,0,0
224.7589,5.0782,1260,0,0
224.7837,5.1024,1266,0,0
224.8085,5.0903,1263,0,0
224.8333,5.0782,1260,0,0
224.8581,5.0862,1262,0,0
224.8829,5.0782,1260,0,0
224.9077,5.1225,1271,0,0
224.9325,5.0862,1262,0,0
224.9573,5.0701,1258,0,0
224.9821,5.0782,1260,0,0
225.0069,5.0822,1261,0,0
225.0317,5.0983,1265,0,0
225.0565,5.0782,1260,0,0
225.0813,5.0862,1262,0,0
225.1061,5.0862,1262,0,0
225.1309,5.0822,1261,0,0
225.1557,5.0903,1263,0,0
225.1805,5.0701,1258,0,0
225.2053,5.0862,1262,0,0
225.2301,5.0822,1261,0,0
225.2549,5.0500,1253,0,0
225.2797,5.0580,1255,0,0
225.3045,5.0943,1264,0,0
225.3293,5.0742,1259,0,0
225.3541,5.1225,1271,0,0
225.3790,5.0782,1260,0,0
225.4037,5.0943,1264,0,0
225.4285,5.1346,1274,0,0
225.4534,5.0782,1260,0,0
225.4781,5.0822,1261,0,0
225.5030,5.1265,1272,0,0
225.5278,5.0862,1262,0,0
225.5526,5.0903,1263,0,0
225.5774,5.1225,1271,0,0
225.6022,5.0540,1254,0,0
225.6270,5.0943,1264,0,0
225.6518,5.0742,1259,0,0
225.6766,5.0903,1263,0,0
225.7014,5.0903,1263,0,0
225.7262,5.0903,1263,0,0
225.7510,5.0742,1259,0,0
225.7758,5.0903,1263,0,0
225.8006,5.1024,1266,0,0
225.8254,5.1104,1268,0,0
225.8502,5.0983,1265,0,0
225.8750,5.0419,1251,0,0
225.8998,5.0742,1259,0,0
225.9246,5.0742,1259,0,0
225.9494,5.0862,1262,0,0
225.9742,5.0943,1264,0,0
225.9990,5.0822,1261,0,0
226.0238,5.0782,1260,0,0
226.0486,5.1024,1266,0,0
226.0734,5.0742,1259,0,0
226.0982,5.1265,1272,0,0
226.1230,5.0943,1264,0,0
226.1478,5.0782,1260,0,0
226.1726,5.0943,1264,0,0
226.1974,5.1024,1266,0,0
226.2222,5.0782,1260,0,0
226.2470,5.0782,1260,0,0
226.2718,5.0943,1264,0,0
226.2966,5.0983,1265,0,0
226.3214,5.0903,1263,0,0
226.3462,5.0943,1264,0,0
226.3710,5.0782,1260,0,0
226.3958,5.0500,1253,0,0
226.4206,5.0943,1264,0,0
226.4454,5.1104,1268,0,0
226.4702,5.0862,1262,0,0
226.4951,5.0862,1262,0,0
226.5199,5.1225,1271,0,0
226.5447,5.0903,1263,0,0
226.5695,5.1104,1268,0,0
226.5943,5.0782,1260,0,0
226.6191,5.0983,1265,0,0
226.6439,5.0782,1260,0,0
226.6687,5.1064,1267,0,0
226.6935,5.0822,1261,0,0
226.7183,5.0943,1264,0,0
226.7431,5.0782,1260,0,0
226.7679,5.0943,1264,0,0
226.7927,5.0983,1265,0,0
226.8175,5.0822,1261,0,0
226.8423,5.0983,1265,0,0
226.8671,5.0782,1260,0,0
226.8919,5.0862,1262,0,0
226.9167,5.0862,1262,0,0
226.9415,5.0983,1265,0,0
226.9663,5.1104,1268,0,0
226.9911,5.0782,1260,0,0
227.0159,5.0379,1250,0,0
227.0407,5.0822,1261,0,0
227.0655,5.0943,1264,0,0
227.0903,5.0943,1264,0,0
227.1151,5.1064,1267,0,0
227.1399,5.0782,1260,0,0
227.1647,5.0862,1262,0,0
227.1895,5.0862,1262,0,0
227.2143,5.1225,1271,0,0
227.2391,5.0661,1257,0,0
227.2639,5.0661,1257,0,0
227.2887,5.0782,1260,0,0
227.3135,5.1024,1266,0,0
227.3383,5.0822,1261,0,0
227.3631,5.0379,1250,0,0
227.3879,5.0701,1258,0,0
227.4127,5.1064,1267,0,0
227.4375,5.0782,1260,0,0
227.4623,5.0782,1260,0,0
227.4872,5.0983,1265,0,0
227.5119,5.0661,1257,0,0
227.5367,5.0943,1264,0,0
227.5616,5.0943,1264,0,0
227.5863,5.0983,1265,0,0
227.6112,5.0943,1264,0,0
227.6360,5.0983,1265,0,0
227.6608,5.1064,1267,0,0
227.6856,5.0862,1262,0,0
227.7104,5.0943,1264,0,0
227.7352,5.0943,1264,0,0
227.7600,5.1225,1271,0,0
227.7848,5.0862,1262,0,0
227.8096,5.0742,1259,0,0
227.8344,5.0701,1258,0,0
227.8592,5.0903,1263,0,0
227.8840,5.0742,1259,0,0
227.9088,5.0742,1259,0,0
227.9336,5.1064,1267,0,0
227.9584,5.0862,1262,0,0
227.9832,5.1225,1271,0,0
228.0080,5.0943,1264,0,0
228.0328,5.0661,1257,0,0
228.0576,5.0822,1261,0,0
228.0824,5.0943,1264,0,0
228.1072,5.1064,1267,0,0
228.1320,5.0500,1253,0,0
228.1568,5.0983,1265,0,0
228.1816,5.1064,1267,0,0
228.2064,5.0943,1264,0,0
228.2312,5.0782,1260,0,0
228.2560,5.0943,1264,0,0
228.2808,5.0862,1262,0,0
228.3056,5.0943,1264,0,0
228.3304,5.1064,1267,0,0
228.3552,5.0903,1263,0,0
228.3800,5.0983,1265,0,0
228.4048,5.0822,1261,0,0
228.4296,5.1225,1271,0,0
228.4544,5.0580,1255,0,0
228.4792,5.0862,1262,0,0
228.5040,5.0943,1264,0,0
228.5288,5.1225,1271,0,0
228.5536,5.0943,1264,0,0
228.5784,5.0782,1260,0,0
228.6033,5.1225,1271,0,0
228.6281,5.0943,1264,0,0
228.6529,5.0943,1264,0,0
228.6777,5.0500,1253,0,0
228.7025,5.0782,1260,0,0
228.7273,5.0338,1249,0,0
228.7521,5.0742,1259,0,0
228.7769,5.0903,1263,0,0
228.8017,5.1064,1267,0,0
228.8265,5.1064,1267,0,0
228.8513,5.0862,1262,0,0
228.8761,5.0943,1264,0,0
228.9009,5.0661,1257,0,0
228.9257,5.0862,1262,0,0
228.9505,5.1104,1268,0,0
228.9753,5.1064,1267,0,0
229.0001,5.0862,1262,0,0
229.0249,5.0943,1264,0,0
229.0497,5.0782,1260,0,0
229.0745,5.0862,1262,0,0
229.0993,5.0822,1261,0,0
229.1241,5.0742,1259,0,0
229.1489,5.0983,1265,0,0
229.1737,5.0943,1264,0,0
229.1985,5.0742,1259,0,0
229.2233,5.0822,1261,0,0
229.2481,5.1104,1268,0,0
229.2729,5.0943,1264,0,0
229.2977,5.0983,1265,0,0
229.3225,5.0661,1257,0,0
229.3473,5.0862,1262,0,0
229.3721,5.0983,1265,0,0
229.3969,5.0661,1257,0,0
229.4217,5.0862,1262,0,0
229.4465,5.0943,1264,0,0
229.4713,5.0862,1262,0,0
229.4961,5.0782,1260,0,0
229.5209,5.0943,1264,0,0
229.5457,5.1225,1271,0,0
229.5705,5.0943,1264,0,0
229.5954,5.0661,1257,0,0
229.6201,5.1064,1267,0,0
229.6449,5.1265,1272,0,0
229.6698,5.0419,1251,0,0
229.6945,5.0862,1262,0,0
229.7194,5.1024,1266,0,0
229.7442,5.0903,1263,0,0
229.7690,5.0943,1264,0,0
229.7938,5.0782,1260,0,0
229.8186,5.1225,1271,0,0
229.8434,5.1064,1267,0,0
229.8682,5.0943,1264,0,0
229.8930,5.0661,1257,0,0
229.9178,5.1104,1268,0,0
229.9426,5.1346,1274,0,0
229.9674,5.0742,1259,0,0
229.9922,5.0742,1259,0,0
230.0170,5.0983,1265,0,0
230.0418,5.0983,1265,0,0
230.0666,5.0983,1265,0,0
230.0914,5.0943,1264,0,0
230.1162,5.0943,1264,0,0
230.1410,5.1064,1267,0,0
230.1658,5.1064,1267,0,0
230.1906,5.0742,1259,0,0
230.2154,5.0983,1265,0,0
230.2402,5.0943,1264,0,0
230.2650,5.0782,1260,0,0
230.2898,5.0903,1263,0,0
230.3146,5.0661,1257,0,0
230.3394,5.0943,1264,0,0
230.3642,5.0822,1261,0,0
230.3890,5.0661,1257,0,0
230.4138,5.0943,1264,0,0
230.4386,5.0943,1264,0,0
230.4634,5.1225,1271,0,0
230.4882,5.0943,1264,0,0
230.5130,5.0943,1264,0,0
230.5378,5.0822,1261,0,0
230.5626,5.0862,1262,0,0
230.5874,5.0862,1262,0,0
230.6122,5.0943,1264,0,0
230.6370,5.1225,1271,0,0
230.6618,5.0943,1264,0,0
230.6866,5.0983,1265,0,0
230.7115,5.0742,1259,0,0
230.7363,5.0983,1265,0,0
230.7611,5.0782,1260,0,0
230.7859,5.0782,1260,0,0
230.8107,5.0782,1260,0,0
230.8355,5.0862,1262,0,0
230.8603,5.0943,1264,0,0
230.8851,5.0983,1265,0,0
230.9099,5.1225,1271,0,0
230.9347,5.0862,1262,0,0
230.9595,5.0903,1263,0,0
230.9843,5.0943,1264,0,0
231.0091,5.0862,1262,0,0
231.0339,5.0782,1260,0,0
231.0587,5.1225,1271,0,0
231.0835,5.0701,1258,0,0
231.1083,5.0903,1263,0,0
231.1331,5.1104,1268,0,0
231.1579,5.0943,1264,0,0
231.1827,5.0943,1264,0,0
231.2075,5.0298,1248,0,0
231.2323,5.0983,1265,0,0
231.2571,5.0782,1260,0,0
231.2819,5.0862,1262,0,0
231.3067,5.0862,1262,0,0
231.3315,5.0661,1257,0,0
231.3563,5.1064,1267,0,0
231.3811,5.0983,1265,0,0
231.4059,5.0742,1259,0,0
231.4307,5.0742,1259,0,0
231.4555,5.1306,1273,0,0
231.4803,5.0782,1260,0,0
231.5051,5.0903,1263,0,0
231.5299,5.0943,1264,0,0
231.5547,5.0862,1262,0,0
231.5795,5.0701,1258,0,0
231.6043,5.0943,1264,0,0
231.6291,5.1225,1271,0,0
231.6539,5.0822,1261,0,0
231.6787,5.0782,1260,0,0
231.7035,5.0822,1261,0,0
231.7283,5.0782,1260,0,0
231.7531,5.0742,1259,0,0
231.7780,5.0943,1264,0,0
231.8027,5.0943,1264,0,0
231.8276,5.1064,1267,0,0
231.8524,5.0742,1259,0,0
231.8772,5.0943,1264,0,0
231.9020,5.1024,1266,0,0
231.9268,5.1225,1271,0,0
231.9516,5.0862,1262,0,0
231.9764,5.0701,1258,0,0
232.0012,5.0661,1257,0,0
232.0260,5.0742,1259,0,0
232.0508,5.0782,1260,0,0
232.0756,5.0782,1260,0,0
232.1004,5.0822,1261,0,0
232.1252,5.0782,1260,0,0
232.1500,5.0782,1260,0,0
232.1748,5.0943,1264,0,0
232.1996,5.0862,1262,0,0
232.2244,5.1064,1267,0,0
232.2492,5.0943,1264,0,0
232.2740,5.0661,1257,0,0
232.2988,5.0782,1260,0,0
232.3236,5.1064,1267,0,0
232.3484,5.0943,1264,0,0
232.3732,5.0943,1264,0,0
232.3980,5.0742,1259,0,0
232.4228,5.0943,1264,0,0
232.4476,5.0782,1260,0,0
232.4724,5.0661,1257,0,0
232.4972,5.0903,1263,0,0
232.5220,5.1064,1267,0,0
232.5468,5.0782,1260,0,0
232.5716,5.0903,1263,0,0
232.5964,5.0782,1260,0,0
232.6212,5.0782,1260,0,0
232.6460,5.0862,1262,0,0
232.6708,5.0862,1262,0,0
232.6956,5.0943,1264,0,0
232.7204,5.0983,1265,0,0
232.7452,5.0742,1259,0,0
232.7701,5.0822,1261,0,0
232.7948,5.0943,1264,0,0
232.8197,5.1145,1269,0,0
232.8445,5.0983,1265,0,0
232.8692,5.1064,1267,0,0
232.8941,5.0782,1260,0,0
232.9189,5.0822,1261,0,0
232.9437,5.0782,1260,0,0
232.9685,5.0943,1264,0,0
232.9933,5.1064,1267,0,0
233.0181,5.0903,1263,0,0
233.0429,5.0661,1257,0,0
233.0677,5.0419,1251,0,0
233.0925,5.0943,1264,0,0
233.1173,5.0943,1264,0,0
233.1421,5.0903,1263,0,0
233.1669,5.0943,1264,0,0
233.1917,5.0782,1260,0,0
233.2165,5.0983,1265,0,0
233.2413,5.0862,1262,0,0
233.2661,5.0983,1265,0,0
233.2909,5.0943,1264,0,0
233.3157,5.0822,1261,0,0
233.3405,5.0983,1265,0,0
233.3653,5.0782,1260,0,0
233.3901,5.0903,1263,0,0
233.4149,5.1064,1267,0,0
233.4397,5.1024,1266,0,0
233.4645,5.0782,1260,0,0
233.4893,5.0943,1264,0,0
233.5141,5.0782,1260,0,0
233.5389,5.0661,1257,0,0
233.5637,5.0943,1264,0,0
233.5885,5.0782,1260,0,0
233.6133,5.0943,1264,0,0
233.6381,5.1024,1266,0,0
233.6629,5.0742,1259,0,0
233.6877,5.0742,1259,0,0
233.7125,5.1064,1267,0,0
233.7373,5.0782,1260,0,0
233.7621,5.0943,1264,0,0
233.7869,5.0983,1265,0,0
233.8117,5.0862,1262,0,0
233.8365,5.0782,1260,0,0
233.8613,5.0580,1255,0,0
233.8862,5.0983,1265,0,0
233.9109,5.0782,1260,0,0
233.9358,5.0903,1263,0,0
233.9606,5.0983,1265,0,0
233.9854,5.1145,1269,0,0
234.0102,5.0822,1261,0,0
234.0350,5.1386,1275,0,0
234.0598,5.0983,1265,0,0
234.0846,5.0943,1264,0,0
234.1094,5.0862,1262,0,0
234.1342,5.0822,1261,0,0
234.1590,5.1024,1266,0,0
234.1838,5.0701,1258,0,0
234.2086,5.0862,1262,0,0
234.2334,5.0742,1259,0,0
234.2582,5.1225,1271,0,0
234.2830,5.0943,1264,0,0
234.3078,5.1024,1266,0,0
234.3326,5.0661,1257,0,0
234.3574,5.0822,1261,0,0
234.3822,5.1064,1267,0,0
234.4070,5.0903,1263,0,0
234.4318,5.0983,1265,0,0
234.4566,5.0903,1263,0,0
234.4814,5.0943,1264,0,0
234.5062,5.0782,1260,0,0
234.5310,5.0661,1257,0,0
234.5558,5.1225,1271,0,0
234.5806,5.0983,1265,0,0
234.6054,5.0943,1264,0,0
234.6302,5.0862,1262,0,0
234.6550,5.0782,1260,0,0
234.6798,5.1104,1268,0,0
234.7046,5.0983,1265,0,0
234.7294,5.0782,1260,0,0
234.7542,5.0943,1264,0,0
234.7790,5.1145,1269,0,0
234.8038,5.0943,1264,0,0
234.8286,5.0983,1265,0,0
234.8534,5.0782,1260,0,0
234.8783,5.0943,1264,0,0
234.9030,5.0943,1264,0,0
234.9279,5.0742,1259,0,0
234.9527,5.0943,1264,0,0
234.9774,5.1104,1268,0,0
235.0023,5.0379,1250,0,0
235.0271,5.1265,1272,0,0
235.0519,5.0701,1258,0,0
235.0767,5.1064,1267,0,0
235.1015,5.1265,1272,0,0
235.1263,5.0540,1254,0,0
235.1511,5.0943,1264,0,0
235.1759,5.0661,1257,0,0
235.2007,5.0782,1260,0,0
235.2255,5.0782,1260,0,0
235.2503,5.0903,1263,0,0
235.2751,5.0379,1250,0,0
235.2999,5.0742,1259,0,0
235.3247,5.0782,1260,0,0
235.3495,5.0943,1264,0,0
235.3743,5.1064,1267,0,0
235.3991,5.1064,1267,0,0
235.4239,5.0862,1262,0,0
235.4487,5.0822,1261,0,0
235.4735,5.0822,1261,0,0
235.4983,5.0782,1260,0,0
235.5231,5.0903,1263,0,0
235.5479,5.0782,1260,0,0
235.5727,5.0701,1258,0,0
235.5975,5.0742,1259,0,0
235.6223,5.0943,1264,0,0
235.6471,5.0822,1261,0,0
235.6719,5.0782,1260,0,0
235.6967,5.0983,1265,0,0
235.7215,5.0983,1265,0,0
235.7463,5.0379,1250,0,0
235.7711,5.1024,1266,0,0
235.7959,5.0822,1261,0,0
235.8207,5.0983,1265,0,0
235.8455,5.0862,1262,0,0
235.8703,5.0862,1262,0,0
235.8951,5.0862,1262,0,0
235.9199,5.0943,1264,0,0
235.9447,5.0661,1257,0,0
235.9695,5.0943,1264,0,0
235.9944,5.0943,1264,0,0
236.0191,5.0903,1263,0,0
236.0440,5.0862,1262,0,0
236.0688,5.0782,1260,0,0
236.0936,5.1024,1266,0,0
236.1184,5.0862,1262,0,0
236.1432,5.0983,1265,0,0
236.1680,5.0862,1262,0,0
236.1928,5.0822,1261,0,0
236.2176,5.0943,1264,0,0
236.2424,5.0943,1264,0,0
236.2672,5.0862,1262,0,0
236.2920,5.0742,1259,0,0
236.3168,5.1346,1274,0,0
236.3416,5.0862,1262,0,0
236.3664,5.0862,1262,0,0
236.3912,5.0862,1262,0,0
236.4160,5.1104,1268,0,0
236.4408,5.0903,1263,0,0
236.4656,5.1064,1267,0,0
236.4904,5.0742,1259,0,0
236.5152,5.0701,1258,0,0
236.5400,5.0701,1258,0,0
236.5648,5.0943,1264,0,0
236.5896,5.0943,1264,0,0
236.6144,5.0903,1263,0,0
236.6392,5.0943,1264,0,0
236.6640,5.1265,1272,0,0
236.6888,5.0903,1263,0,0
236.7136,5.0782,1260,0,0
236.7384,5.1024,1266,0,0
236.7632,5.0943,1264,0,0
236.7880,5.0782,1260,0,0
236.8128,5.0338,1249,0,0
236.8376,5.0862,1262,0,0
236.8624,5.0943,1264,0,0
236.8872,5.0943,1264,0,0
236.9120,5.0983,1265,0,0
236.9368,5.0862,1262,0,0
236.9616,5.0782,1260,0,0
236.9865,5.0983,1265,0,0
237.0112,5.0782,1260,0,0
237.0361,5.0862,1262,0,0
237.0609,5.0822,1261,0,0
237.0856,5.0983,1265,0,0
237.1105,5.1064,1267,0,0
237.1353,5.0661,1257,0,0
237.1601,5.0701,1258,0,0
237.1849,5.1104,1268,0,0
237.2097,5.0943,1264,0,0
237.2345,5.1064,1267,0,0
237.2593,5.0943,1264,0,0
237.2841,5.0782,1260,0,0
237.3089,5.0862,1262,0,0
237.3337,5.0742,1259,0,0
237.3585,5.1225,1271,0,0
237.3833,5.0782,1260,0,0
237.4081,5.0742,1259,0,0
237.4329,5.0983,1265,0,0
237.4577,5.0983,1265,0,0
237.4825,5.0661,1257,0,0
237.5073,5.0983,1265,0,0
237.5321,5.1024,1266,0,0
237.5569,5.0943,1264,0,0
237.5817,5.0822,1261,0,0
237.6065,5.0661,1257,0,0
237.6313,5.0580,1255,0,0
237.6561,5.0782,1260,0,0
237.6809,5.1024,1266,0,0
237.7057,5.0943,1264,0,0
237.7305,5.0862,1262,0,0
237.7553,5.0943,1264,0,0
237.7801,5.0782,1260,0,0
237.8049,5.0742,1259,0,0
237.8297,5.1104,1268,0,0
237.8545,5.0983,1265,0,0
237.8793,5.0742,1259,0,0
237.9041,5.1024,1266,0,0
237.9289,5.0742,1259,0,0
237.9537,5.0742,1259,0,0
237.9785,5.0983,1265,0,0
238.0033,5.0701,1258,0,0
238.0281,5.1104,1268,0,0
238.0529,5.0983,1265,0,0
238.0777,5.0862,1262,0,0
238.1026,5.0943,1264,0,0
238.1273,5.0943,1264,0,0
238.1522,5.0943,1264,0,0
238.1770,5.0983,1265,0,0
238.2018,5.1346,1274,0,0
238.2266,5.0983,1265,0,0
238.2514,5.1064,1267,0,0
238.2762,5.1064,1267,0,0
238.3010,5.0903,1263,0,0
238.3258,5.0862,1262,0,0
238.3506,5.0742,1259,0,0
238.3754,5.0943,1264,0,0
238.4002,5.0862,1262,0,0
238.4250,5.0943,1264,0,0
238.4498,5.1064,1267,0,0
238.4746,5.0943,1264,0,0
238.4994,5.1145,1269,0,0
238.5242,5.0983,1265,0,0
238.5490,5.1064,1267,0,0
238.5738,5.0943,1264,0,0
238.5986,5.0903,1263,0,0
238.6234,5.0983,1265,0,0
238.6482,5.0943,1264,0,0
238.6730,5.0983,1265,0,0
238.6978,5.0661,1257,0,0
238.7226,5.0782,1260,0,0
238.7474,5.0822,1261,0,0
238.7722,5.1104,1268,0,0
238.7970,5.1104,1268,0,0
238.8218,5.0701,1258,0,0
238.8466,5.0943,1264,0,0
238.8714,5.0661,1257,0,0
238.8962,5.1104,1268,0,0
238.9210,5.0862,1262,0,0
238.9458,5.0903,1263,0,0
238.9706,5.0983,1265,0,0
238.9954,5.0742,1259,0,0
239.0202,5.0983,1265,0,0
239.0450,5.0742,1259,0,0
239.0698,5.0742,1259,0,0
239.0947,5.0782,1260,0,0
239.1194,5.0862,1262,0,0
239.1443,5.0983,1265,0,0
239.1691,5.0742,1259,0,0
239.1938,5.1306,1273,0,0
239.2187,5.0782,1260,0,0
239.2435,5.0782,1260,0,0
239.2683,5.1064,1267,0,0
239.2931,5.0903,1263,0,0
239.3179,5.0943,1264,0,0
239.3427,5.0379,1250,0,0
239.3675,5.0983,1265,0,0
239.3923,5.0822,1261,0,0
239.4171,5.0903,1263,0,0
239.4419,5.1104,1268,0,0
239.4667,5.0943,1264,0,0
239.4915,5.0500,1253,0,0
239.5163,5.0983,1265,0,0
239.5411,5.0742,1259,0,0
239.5659,5.0943,1264,0,0
239.5907,5.1104,1268,0,0
239.6155,5.0943,1264,0,0
239.6403,5.1225,1271,0,0
239.6651,5.0661,1257,0,0
239.6899,5.1024,1266,0,0
239.7147,5.0862,1262,0,0
239.7395,5.0822,1261,0,0
239.7643,5.0983,1265,0,0
239.7891,5.0983,1265,0,0
239.8139,5.0782,1260,0,0
239.8387,5.0943,1264,0,0
239.8635,5.0862,1262,0,0
239.8883,5.0943,1264,0,0
239.9131,5.0983,1265,0,0
239.9379,5.0782,1260,0,0
239.9627,5.0701,1258,0,0
239.9875,5.1064,1267,0,0
240.0123,5.0701,1258,0,0
240.0371,5.0903,1263,0,0
240.0619,5.0822,1261,0,0
240.0867,5.0782,1260,0,0
240.1115,5.1064,1267,0,0
240.1363,5.0661,1257,0,0
240.1611,5.0943,1264,0,0
240.1859,5.0943,1264,0,0
240.2108,5.0782,1260,0,0
240.2355,5.1265,1272,0,0
240.2604,5.0903,1263,0,0
240.2852,5.0943,1264,0,0
240.3100,5.0419,1251,0,0
240.3348,5.0862,1262,0,0
240.3596,5.0862,1262,0,0
240.3844,5.0782,1260,0,0
240.4092,5.1265,1272,0,0
240.4340,5.0903,1263,0,0
240.4588,5.0862,1262,0,0
240.4836,5.0862,1262,0,0
240.5084,5.0943,1264,0,0
240.5332,5.0822,1261,0,0
240.5580,5.0943,1264,0,0
240.5828,5.0983,1265,0,0
240.6076,5.0903,1263,0,0
240.6324,5.0782,1260,0,0
240.6572,5.0943,1264,0,0
240.6820,5.0943,1264,0,0
240.7068,5.0500,1253,0,0
240.7316,5.1104,1268,0,0
240.7564,5.0782,1260,0,0
240.7812,5.0943,1264,0,0
240.8060,5.0983,1265,0,0
240.8308,5.0943,1264,0,0
240.8556,5.0661,1257,0,0
240.8804,5.1265,1272,0,0
240.9052,5.1265,1272,0,0
240.9300,5.0943,1264,0,0
240.9548,5.1104,1268,0,0
240.9796,5.0983,1265,0,0
241.0044,5.0983,1265,0,0
241.0292,5.0943,1264,0,0
241.0540,5.1064,1267,0,0
241.0788,5.0782,1260,0,0
241.1036,5.0822,1261,0,0
241.1284,5.0983,1265,0,0
241.1532,5.0419,1251,0,0
241.1780,5.1064,1267,0,0
241.2029,5.1265,1272,0,0
241.2276,5.0862,1262,0,0
241.2524,5.0782,1260,0,0
241.2773,5.0903,1263,0,0
241.3020,5.1024,1266,0,0
241.3269,5.0782,1260,0,0
241.3517,5.0661,1257,0,0
241.3765,5.1145,1269,0,0
241.4013,5.0742,1259,0,0
241.4261,5.0742,1259,0,0
241.4509,5.0943,1264,0,0
241.4757,5.0903,1263,0,0
241.5005,5.0782,1260,0,0
241.5253,5.0782,1260,0,0
241.5501,5.0661,1257,0,0
241.5749,5.0943,1264,0,0
241.5997,5.0822,1261,0,0
241.6245,5.0943,1264,0,0
241.6493,5.0782,1260,0,0
241.6741,5.0943,1264,0,0
241.6989,5.0742,1259,0,0
241.7237,5.0862,1262,0,0
241.7485,5.0782,1260,0,0
241.7733,5.0782,1260,0,0
241.7981,5.1145,1269,0,0
241.8229,5.0903,1263,0,0
241.8477,5.0782,1260,0,0
241.8725,5.0983,1265,0,0
241.8973,5.0782,1260,0,0
241.9221,5.1064,1267,0,0
241.9469,5.1306,1273,0,0
241.9717,5.0862,1262,0,0
241.9965,5.0983,1265,0,0
242.0213,5.0862,1262,0,0
242.0461,5.0742,1259,0,0
242.0709,5.0822,1261,0,0
242.0957,5.0742,1259,0,0
242.1205,5.0943,1264,0,0
242.1453,5.0782,1260,0,0
242.1701,5.0862,1262,0,0
242.1949,5.0943,1264,0,0
242.2197,5.0782,1260,0,0
242.2445,5.0742,1259,0,0
242.2693,5.0782,1260,0,0
242.2941,5.0943,1264,0,0
242.3190,5.1225,1271,0,0
242.3437,5.0903,1263,0,0
242.3686,5.0983,1265,0,0
242.3934,5.0943,1264,0,0
242.4182,5.0862,1262,0,0
242.4430,5.1265,1272,0,0
242.4678,5.0742,1259,0,0
242.4926,5.1064,1267,0,0
242.5174,5.0903,1263,0,0
242.5422,5.0862,1262,0,0
242.5670,5.0661,1257,0,0
242.5918,5.1064,1267,0,0
242.6166,5.1265,1272,0,0
242.6414,5.0983,1265,0,0
242.6662,5.0661,1257,0,0
242.6910,5.0903,1263,0,0
242.7158,5.0822,1261,0,0
242.7406,5.0862,1262,0,0
242.7654,5.0862,1262,0,0
242.7902,5.0943,1264,0,0
242.8150,5.0903,1263,0,0
242.8398,5.0943,1264,0,0
242.8646,5.0983,1265,0,0
242.8894,5.0782,1260,0,0
242.9142,5.0862,1262,0,0
242.9390,5.0862,1262,0,0
242.9638,5.0903,1263,0,0
242.9886,5.0943,1264,0,0
243.0134,5.0862,1262,0,0
243.0382,5.0862,1262,0,0
243.0630,5.0782,1260,0,0
243.0878,5.0943,1264,0,0
243.1126,5.0983,1265,0,0
243.1374,5.0782,1260,0,0
243.1622,5.1104,1268,0,0
243.1870,5.1064,1267,0,0
243.2118,5.0943,1264,0,0
243.2366,5.0742,1259,0,0
243.2614,5.1225,1271,0,0
243.2862,5.0782,1260,0,0
243.3111,5.0862,1262,0,0
243.3358,5.0943,1264,0,0
243.3606,5.0983,1265,0,0
243.3855,5.0943,1264,0,0
243.4102,5.0822,1261,0,0
243.4351,5.0943,1264,0,0
243.4599,5.0943,1264,0,0
243.4847,5.1064,1267,0,0
243.5095,5.0742,1259,0,0
243.5343,5.0782,1260,0,0
243.5591,5.0742,1259,0,0
243.5839,5.0782,1260,0,0
243.6087,5.0943,1264,0,0
243.6335,5.0943,1264,0,0
243.6583,5.1024,1266,0,0
243.6831,5.0862,1262,0,0
243.7079,5.0661,1257,0,0
243.7327,5.0862,1262,0,0
243.7575,5.1104,1268,0,0
243.7823,5.0983,1265,0,0
243.8071,5.1064,1267,0,0
243.8319,5.0983,1265,0,0
243.8567,5.0862,1262,0,0
243.8815,5.1104,1268,0,0
243.9063,5.0782,1260,0,0
243.9311,5.0742,1259,0,0
243.9559,5.0862,1262,0,0
243.9807,5.0903,1263,0,0
244.0055,5.0862,1262,0,0
244.0303,5.0661,1257,0,0
244.0551,5.0661,1257,0,0
244.0799,5.1145,1269,0,0
244.1047,5.0983,1265,0,0
244.1295,5.0742,1259,0,0
244.1543,5.1064,1267,0,0
244.1791,5.0782,1260,0,0
244.2039,5.0943,1264,0,0
244.2287,5.0742,1259,0,0
244.2535,5.0983,1265,0,0
244.2783,5.1265,1272,0,0
244.3031,5.0862,1262,0,0
244.3279,5.0661,1257,0,0
244.3527,5.0742,1259,0,0
244.3775,5.0943,1264,0,0
244.4023,5.0983,1265,0,0
244.4272,5.0822,1261,0,0
244.4520,5.1064,1267,0,0
244.4768,5.0983,1265,0,0
244.5016,5.0903,1263,0,0
244.5264,5.0983,1265,0,0
244.5512,5.1024,1266,0,0
244.5760,5.0903,1263,0,0
244.6008,5.0661,1257,0,0
244.6256,5.1104,1268,0,0
244.6504,5.0822,1261,0,0
244.6752,5.0782,1260,0,0
244.7000,5.0500,1253,0,0
244.7248,5.0943,1264,0,0
244.7496,5.1225,1271,0,0
244.7744,5.0661,1257,0,0
244.7992,5.1225,1271,0,0
244.8240,5.0983,1265,0,0
244.8488,5.0379,1250,0,0
244.8736,5.0822,1261,0,0
244.8984,5.1024,1266,0,0
244.9232,5.0782,1260,0,0
244.9480,5.0943,1264,0,0
244.9728,5.0782,1260,0,0
244.9976,5.0943,1264,0,0
245.0224,5.0742,1259,0,0
245.0472,5.0943,1264,0,0
245.0720,5.1225,1271,0,0
245.0968,5.0742,1259,0,0
245.1216,5.0782,1260,0,0
245.1464,5.0983,1265,0,0
245.1712,5.0862,1262,0,0
245.1960,5.0742,1259,0,0
245.2208,5.0742,1259,0,0
245.2456,5.1104,1268,0,0
245.2704,5.0782,1260,0,0
245.2952,5.0943,1264,0,0
245.3200,5.0701,1258,0,0
245.3448,5.1024,1266,0,0
245.3696,5.0903,1263,0,0
245.3944,5.0943,1264,0,0
245.4193,5.0983,1265,0,0
245.4440,5.0943,1264,0,0
245.4688,5.0862,1262,0,0
245.4937,5.0943,1264,0,0
245.5184,5.0742,1259,0,0
245.5433,5.1024,1266,0,0
245.5681,5.1306,1273,0,0
245.5929,5.0782,1260,0,0
245.6177,5.0862,1262,0,0
245.6425,5.0580,1255,0,0
245.6673,5.0943,1264,0,0
245.6921,5.0782,1260,0,0
245.7169,5.0661,1257,0,0
245.7417,5.0822,1261,0,0
245.7665,5.0943,1264,0,0
245.7913,5.0983,1265,0,0
245.8161,5.0943,1264,0,0
245.8409,5.0782,1260,0,0
245.8657,5.0943,1264,0,0
245.8905,5.0862,1262,0,0
245.9153,5.0943,1264,0,0
245.9401,5.0862,1262,0,0
245.9649,5.0983,1265,0,0
245.9897,5.0742,1259,0,0
246.0145,5.1306,1273,0,0
246.0393,5.0580,1255,0,0
246.0641,5.0379,1250,0,0
246.0889,5.1346,1274,0,0
246.1137,5.1064,1267,0,0
246.1385,5.0983,1265,0,0
246.1633,5.0943,1264,0,0
246.1881,5.1104,1268,0,0
246.2129,5.0862,1262,0,0
246.2377,5.1145,1269,0,0
246.2625,5.0862,1262,0,0
246.2873,5.1064,1267,0,0
246.3121,5.0661,1257,0,0
246.3369,5.1064,1267,0,0
246.3617,5.1306,1273,0,0
246.3865,5.0943,1264,0,0
246.4113,5.0983,1265,0,0
246.4361,5.0943,1264,0,0
246.4609,5.0862,1262,0,0
246.4857,5.0782,1260,0,0
246.5105,5.0943,1264,0,0
246.5354,5.0862,1262,0,0
246.5602,5.0862,1262,0,0
246.5850,5.0862,1262,0,0
246.6098,5.0903,1263,0,0
246.6346,5.0782,1260,0,0
246.6594,5.0862,1262,0,0
246.6842,5.0943,1264,0,0
246.7090,5.0782,1260,0,0
246.7338,5.0742,1259,0,0
246.7586,5.0822,1261,0,0
246.7834,5.0782,1260,0,0
246.8082,5.0862,1262,0,0
246.8330,5.1024,1266,0,0
246.8578,5.0862,1262,0,0
246.8826,5.0701,1258,0,0
246.9074,5.0943,1264,0,0
246.9322,5.0782,1260,0,0
246.9570,5.0822,1261,0,0
246.9818,5.0862,1262,0,0
247.0066,5.0862,1262,0,0
247.0314,5.1024,1266,0,0
247.0562,5.0983,1265,0,0
247.0810,5.0782,1260,0,0
247.1058,5.0943,1264,0,0
247.1306,5.0500,1253,0,0
247.1554,5.0983,1265,0,0
247.1802,5.0903,1263,0,0
247.2050,5.1024,1266,0,0
247.2298,5.0822,1261,0,0
247.2546,5.0983,1265,0,0
247.2794,5.1225,1271,0,0
247.3042,5.0862,1262,0,0
247.3290,5.0862,1262,0,0
247.3538,5.1306,1273,0,0
247.3786,5.1064,1267,0,0
247.4034,5.0661,1257,0,0
247.4282,5.0943,1264,0,0
247.4530,5.0943,1264,0,0
247.4778,5.1064,1267,0,0
247.5026,5.0983,1265,0,0
247.5275,5.0661,1257,0,0
247.5522,5.0782,1260,0,0
247.5770,5.0742,1259,0,0
247.6019,5.0661,1257,0,0
247.6266,5.0943,1264,0,0
247.6515,5.0862,1262,0,0
247.6763,5.0943,1264,0,0
247.7011,5.0983,1265,0,0
247.7259,5.0943,1264,0,0
247.7507,5.0862,1262,0,0
247.7755,5.0943,1264,0,0
247.8003,5.0943,1264,0,0
247.8251,5.0782,1260,0,0
247.8499,5.0903,1263,0,0
247.8747,5.0862,1262,0,0
247.8995,5.0782,1260,0,0
247.9243,5.1225,1271,0,0
247.9491,5.1024,1266,0,0
247.9739,5.0983,1265,0,0
247.9987,5.0862,1262,0,0
248.0235,5.0862,1262,0,0
248.0483,5.0983,1265,0,0
248.0731,5.1104,1268,0,0
248.0979,5.1064,1267,0,0
248.1227,5.0742,1259,0,0
248.1475,5.0862,1262,0,0
248.1723,5.0943,1264,0,0
248.1971,5.0862,1262,0,0
248.2219,5.0822,1261,0,0
248.2467,5.0782,1260,0,0
248.2715,5.0903,1263,0,0
248.2963,5.0782,1260,0,0
248.3211,5.0903,1263,0,0
248.3459,5.1145,1269,0,0
248.3707,5.1225,1271,0,0
248.3955,5.0782,1260,0,0
248.4203,5.1225,1271,0,0
248.4451,5.0983,1265,0,0
248.4699,5.0983,1265,0,0
248.4947,5.0943,1264,0,0
248.5195,5.0782,1260,0,0
248.5443,5.1346,1274,0,0
248.5691,5.0742,1259,0,0
248.5939,5.0742,1259,0,0
248.6187,5.0782,1260,0,0
248.6436,5.1225,1271,0,0
248.6684,5.0943,1264,0,0
248.6932,5.0943,1264,0,0
248.7180,5.0782,1260,0,0
248.7428,5.0782,1260,0,0
248.7676,5.0822,1261,0,0
248.7924,5.1024,1266,0,0
248.8172,5.0943,1264,0,0
248.8420,5.0943,1264,0,0
248.8668,5.0822,1261,0,0
248.8916,5.1104,1268,0,0
248.9164,5.0782,1260,0,0
248.9412,5.0661,1257,0,0
248.9660,5.1064,1267,0,0
248.9908,5.0943,1264,0,0
249.0156,5.0943,1264,0,0
249.0404,5.1064,1267,0,0
249.0652,5.0580,1255,0,0
249.0900,5.1064,1267,0,0
249.1148,5.1064,1267,0,0
249.1396,5.0742,1259,0,0
249.1644,5.0903,1263,0,0
249.1892,5.0862,1262,0,0
249.2140,5.0701,1258,0,0
249.2388,5.0782,1260,0,0
249.2636,5.0701,1258,0,0
249.2884,5.0943,1264,0,0
249.3132,5.0983,1265,0,0
249.3380,5.0782,1260,0,0
249.3628,5.1064,1267,0,0
249.3876,5.1225,1271,0,0
249.4124,5.0862,1262,0,0
249.4372,5.0661,1257,0,0
249.4620,5.0983,1265,0,0
249.4868,5.0862,1262,0,0
249.5116,5.0903,1263,0,0
249.5364,5.0862,1262,0,0
249.5612,5.0983,1265,0,0
249.5860,5.0862,1262,0,0
249.6108,5.0983,1265,0,0
249.6356,5.0862,1262,0,0
249.6604,5.0943,1264,0,0
249.6852,5.0943,1264,0,0
249.7101,5.0943,1264,0,0
249.7348,5.0903,1263,0,0
249.7597,5.0903,1263,0,0
249.7845,5.0983,1265,0,0
249.8093,5.0822,1261,0,0
249.8341,5.1064,1267,0,0
249.8589,5.0742,1259,0,0
249.8837,5.0742,1259,0,0
249.9085,5.1225,1271,0,0
249.9333,5.0701,1258,0,0
249.9581,5.1064,1267,0,0
249.9829,5.1265,1272,0,0
250.0077,5.0742,1259,0,0
250.0325,5.1104,1268,0,0
250.0573,5.0701,1258,0,0
250.0821,5.0943,1264,0,0
250.1069,5.0943,1264,0,0
250.1317,5.0742,1259,0,0
250.1565,5.0862,1262,0,0
250.1813,5.0903,1263,0,0
250.2061,5.0822,1261,0,0
250.2309,5.0943,1264,0,0
250.2557,5.0983,1265,0,0
250.2805,5.1064,1267,0,0
250.3053,5.0742,1259,0,0
250.3301,5.0862,1262,0,0
250.3549,5.0701,1258,0,0
250.3797,5.0862,1262,0,0
250.4045,5.0943,1264,0,0
250.4293,5.0862,1262,0,0
250.4541,5.0943,1264,0,0
250.4789,5.0782,1260,0,0
250.5037,5.0943,1264,0,0
250.5285,5.0822,1261,0,0
250.5533,5.0983,1265,0,0
250.5781,5.1225,1271,0,0
250.6029,5.0903,1263,0,0
250.6277,5.1104,1268,0,0
250.6525,5.0822,1261,0,0
250.6773,5.0862,1262,0,0
250.7021,5.0742,1259,0,0
250.7269,5.0782,1260,0,0
250.7518,5.0782,1260,0,0
250.7766,5.0701,1258,0,0
250.8013,5.0782,1260,0,0
250.8262,5.0701,1258,0,0
250.8510,5.0862,1262,0,0
250.8758,5.0379,1250,0,0
250.9006,5.0903,1263,0,0
250.9254,5.1064,1267,0,0
250.9502,5.0742,1259,0,0
250.9750,5.0943,1264,0,0
250.9998,5.0943,1264,0,0
251.0246,5.0943,1264,0,0
251.0494,5.1225,1271,0,0
251.0742,5.1064,1267,0,0
251.0990,5.0742,1259,0,0
251.1238,5.0943,1264,0,0
251.1486,5.0903,1263,0,0
251.1734,5.0862,1262,0,0
251.1982,5.0782,1260,0,0
251.2230,5.0943,1264,0,0
251.2478,5.1265,1272,0,0
251.2726,5.0943,1264,0,0
251.2974,5.0983,1265,0,0
251.3222,5.0943,1264,0,0
251.3470,5.0701,1258,0,0
251.3718,5.0862,1262,0,0
251.3966,5.0983,1265,0,0
251.4214,5.1064,1267,0,0
251.4462,5.0983,1265,0,0
251.4710,5.0661,1257,0,0
251.4958,5.0782,1260,0,0
251.5206,5.0742,1259,0,0
251.5454,5.0822,1261,0,0
251.5702,5.0983,1265,0,0
251.5950,5.0943,1264,0,0
251.6198,5.0862,1262,0,0
251.6446,5.0822,1261,0,0
251.6694,5.1064,1267,0,0
251.6942,5.1064,1267,0,0
251.7190,5.1024,1266,0,0
251.7438,5.0742,1259,0,0
251.7686,5.0701,1258,0,0
251.7934,5.0782,1260,0,0
251.8183,5.0943,1264,0,0
251.8430,5.0943,1264,0,0
251.8679,5.0782,1260,0,0
251.8927,5.0701,1258,0,0
251.9175,5.0862,1262,0,0
251.9423,5.0903,1263,0,0
251.9671,5.0903,1263,0,0
251.9919,5.1064,1267,0,0
252.0167,5.1064,1267,0,0
252.0415,5.0862,1262,0,0
252.0663,5.0983,1265,0,0
252.0911,5.1225,1271,0,0
252.1159,5.0782,1260,0,0
252.1407,5.0782,1260,0,0
252.1655,5.1064,1267,0,0
252.1903,5.0742,1259,0,0
252.2151,5.0943,1264,0,0
252.2399,5.1346,1274,0,0
252.2647,5.0742,1259,0,0
252.2895,5.0943,1264,0,0
252.3143,5.0903,1263,0,0
252.3391,5.0943,1264,0,0
252.3639,5.0983,1265,0,0
252.3887,5.0862,1262,0,0
252.4135,5.0943,1264,0,0
252.4383,5.0943,1264,0,0
252.4631,5.1024,1266,0,0
252.4879,5.0862,1262,0,0
252.5127,5.0983,1265,0,0
252.5375,5.0782,1260,0,0
252.5623,5.0862,1262,0,0
252.5871,5.1104,1268,0,0
252.6119,5.0782,1260,0,0
252.6367,5.0822,1261,0,0
252.6615,5.1346,1274,0,0
252.6863,5.0782,1260,0,0
252.7111,5.0782,1260,0,0
252.7359,5.0822,1261,0,0
252.7607,5.0862,1262,0,0
252.7855,5.0782,1260,0,0
252.8103,5.0782,1260,0,0
252.8351,5.0862,1262,0,0
252.8600,5.1024,1266,0,0
252.8848,5.1306,1273,0,0
252.9095,5.0862,1262,0,0
252.9344,5.0782,1260,0,0
252.9592,5.0943,1264,0,0
252.9840,5.0943,1264,0,0
253.0088,5.0742,1259,0,0
253.0336,5.0862,1262,0,0
253.0584,5.1145,1269,0,0
253.0832,5.0943,1264,0,0
253.1080,5.0943,1264,0,0
253.1328,5.1024,1266,0,0
253.1576,5.0862,1262,0,0
253.1824,5.0983,1265,0,0
253.2072,5.0580,1255,0,0
253.2320,5.1145,1269,0,0
253.2568,5.0983,1265,0,0
253.2816,5.0782,1260,0,0
253.3064,5.1104,1268,0,0
253.3312,5.0903,1263,0,0
253.3560,5.0742,1259,0,0
253.3808,5.0862,1262,0,0
253.4056,5.0943,1264,0,0
253.4304,5.1024,1266,0,0
253.4552,5.1225,1271,0,0
253.4800,5.0782,1260,0,0
253.5048,5.1225,1271,0,0
253.5296,5.0782,1260,0,0
253.5544,5.1024,1266,0,0
253.5792,5.0862,1262,0,0
253.6040,5.0782,1260,0,0
253.6288,5.0742,1259,0,0
253.6536,5.0782,1260,0,0
253.6784,5.0419,1251,0,0
253.7032,5.1265,1272,0,0
253.7280,5.0782,1260,0,0
253.7528,5.0782,1260,0,0
253.7776,5.0862,1262,0,0
253.8024,5.0742,1259,0,0
253.8272,5.0782,1260,0,0
253.8520,5.0782,1260,0,0
253.8768,5.0943,1264,0,0
253.9016,5.0943,1264,0,0
253.9265,5.0943,1264,0,0
253.9512,5.0943,1264,0,0
253.9761,5.0943,1264,0,0
254.0009,5.0822,1261,0,0
254.0257,5.0943,1264,0,0
254.0505,5.1346,1274,0,0
254.0753,5.1145,1269,0,0
254.1001,5.1306,1273,0,0
254.1249,5.0782,1260,0,0
254.1497,5.0742,1259,0,0
254.1745,5.0983,1265,0,0
254.1993,5.0782,1260,0,0
254.2241,5.0822,1261,0,0
254.2489,5.1064,1267,0,0
254.2737,5.0862,1262,0,0
254.2985,5.0822,1261,0,0
254.3233,5.0983,1265,0,0
254.3481,5.0943,1264,0,0
254.3729,5.0782,1260,0,0
254.3977,5.0822,1261,0,0
254.4225,5.0742,1259,0,0
254.4473,5.1024,1266,0,0
254.4721,5.0943,1264,0,0
254.4969,5.1306,1273,0,0
254.5217,5.1064,1267,0,0
254.5465,5.0943,1264,0,0
254.5713,5.0943,1264,0,0
254.5961,5.0943,1264,0,0
254.6209,5.0782,1260,0,0
254.6457,5.0782,1260,0,0
254.6705,5.0943,1264,0,0
254.6953,5.0742,1259,0,0
254.7201,5.0500,1253,0,0
254.7449,5.0943,1264,0,0
254.7697,5.0782,1260,0,0
254.7945,5.1225,1271,0,0
254.8193,5.0782,1260,0,0
254.8441,5.0943,1264,0,0
254.8689,5.0782,1260,0,0
254.8937,5.0983,1265,0,0
254.9185,5.0943,1264,0,0
254.9433,5.0742,1259,0,0
254.9682,5.0822,1261,0,0
254.9930,5.1346,1274,0,0
255.0177,5.0903,1263,0,0
255.0426,5.1104,1268,0,0
255.0674,5.0782,1260,0,0
255.0922,5.1064,1267,0,0
255.1170,5.1064,1267,0,0
255.1418,5.0661,1257,0,0
255.1666,5.1024,1266,0,0
255.1914,5.0742,1259,0,0
255.2162,5.0943,1264,0,0
255.2410,5.0742,1259,0,0
255.2658,5.0742,1259,0,0
255.2906,5.0983,1265,0,0
255.3154,5.0983,1265,0,0
255.3402,5.0903,1263,0,0
255.3650,5.0903,1263,0,0
255.3898,5.0943,1264,0,0
255.4146,5.0782,1260,0,0
255.4394,5.0943,1264,0,0
255.4642,5.0943,1264,0,0
255.4890,5.1104,1268,0,0
255.5138,5.0742,1259,0,0
255.5386,5.0983,1265,0,0
255.5634,5.0983,1265,0,0
255.5882,5.0822,1261,0,0
255.6130,5.0903,1263,0,0
255.6378,5.1024,1266,0,0
255.6626,5.0862,1262,0,0
255.6874,5.1225,1271,0,0
255.7122,5.0822,1261,0,0
255.7370,5.1064,1267,0,0
255.7618,5.0782,1260,0,0
255.7866,5.1306,1273,0,0
255.8114,5.0500,1253,0,0
255.8362,5.0701,1258,0,0
255.8610,5.0822,1261,0,0
255.8858,5.0983,1265,0,0
255.9106,5.0822,1261,0,0
255.9354,5.1265,1272,0,0
255.9602,5.0782,1260,0,0
255.9850,5.0943,1264,0,0
256.0099,5.0983,1265,0,0
256.0346,5.0983,1265,0,0
256.0594,5.0822,1261,0,0
256.0843,5.0983,1265,0,0
256.1091,5.1024,1266,0,0
256.1339,5.0742,1259,0,0
256.1587,5.0822,1261,0,0
256.1835,5.1104,1268,0,0
256.2083,5.0782,1260,0,0
256.2331,5.1024,1266,0,0
256.2579,5.1024,1266,0,0
256.2827,5.1265,1272,0,0
256.3075,5.0862,1262,0,0
256.3323,5.0822,1261,0,0
256.3571,5.0782,1260,0,0
256.3819,5.0742,1259,0,0
256.4067,5.0862,1262,0,0
256.4315,5.0701,1258,0,0
256.4563,5.1225,1271,0,0
256.4811,5.0903,1263,0,0
256.5059,5.0983,1265,0,0
256.5307,5.1104,1268,0,0
256.5555,5.1024,1266,0,0
256.5803,5.0701,1258,0,0
256.6051,5.0782,1260,0,0
256.6299,5.0782,1260,0,0
256.6547,5.0903,1263,0,0
256.6795,5.0943,1264,0,0
256.7043,5.0943,1264,0,0
256.7291,5.0943,1264,0,0
256.7539,5.1064,1267,0,0
256.7787,5.0661,1257,0,0
256.8035,5.0782,1260,0,0
256.8283,5.0903,1263,0,0
256.8531,5.1064,1267,0,0
256.8779,5.0782,1260,0,0
256.9027,5.0742,1259,0,0
256.9275,5.0943,1264,0,0
256.9523,5.0701,1258,0,0
256.9771,5.0379,1250,0,0
257.0020,5.0862,1262,0,0
257.0267,5.0661,1257,0,0
257.0515,5.0862,1262,0,0
257.0764,5.0943,1264,0,0
257.1011,5.0943,1264,0,0
257.1259,5.1104,1268,0,0
257.1508,5.0943,1264,0,0
257.1756,5.0862,1262,0,0
257.2003,5.0782,1260,0,0
257.2252,5.0822,1261,0,0
257.2500,5.1225,1271,0,0
257.2748,5.0742,1259,0,0
257.2996,5.1064,1267,0,0
257.3244,5.0782,1260,0,0
257.3492,5.1064,1267,0,0
257.3740,5.0943,1264,0,0
257.3988,5.0983,1265,0,0
257.4236,5.0862,1262,0,0
257.4484,5.0742,1259,0,0
257.4732,5.0983,1265,0,0
257.4980,5.0943,1264,0,0
257.5228,5.0661,1257,0,0
257.5476,5.1024,1266,0,0
257.5724,5.0782,1260,0,0
257.5972,5.0983,1265,0,0
257.6220,5.1104,1268,0,0
257.6468,5.0943,1264,0,0
257.6716,5.0782,1260,0,0
257.6964,5.1024,1266,0,0
257.7212,5.1024,1266,0,0
257.7460,5.1024,1266,0,0
257.7708,5.0379,1250,0,0
257.7956,5.1064,1267,0,0
257.8204,5.0943,1264,0,0
257.8452,5.0742,1259,0,0
257.8700,5.0862,1262,0,0
257.8948,5.0943,1264,0,0
257.9196,5.0943,1264,0,0
257.9444,5.0782,1260,0,0
257.9692,5.0943,1264,0,0
257.9940,5.0782,1260,0,0
258.0188,5.1225,1271,0,0
258.0436,5.1064,1267,0,0
258.0685,5.0903,1263,0,0
258.0932,5.1064,1267,0,0
258.1180,5.0742,1259,0,0
258.1429,5.0943,1264,0,0
258.1677,5.0943,1264,0,0
258.1924,5.0943,1264,0,0
258.2173,5.0983,1265,0,0
258.2421,5.1064,1267,0,0
258.2668,5.0742,1259,0,0
258.2917,5.0742,1259,0,0
258.3165,5.1145,1269,0,0
258.3413,5.1225,1271,0,0
258.3661,5.0862,1262,0,0
258.3909,5.0701,1258,0,0
258.4157,5.0903,1263,0,0
258.4405,5.1064,1267,0,0
258.4653,5.0742,1259,0,0
258.4901,5.0983,1265,0,0
258.5149,5.0661,1257,0,0
258.5397,5.0903,1263,0,0
258.5645,5.0903,1263,0,0
258.5893,5.1064,1267,0,0
258.6141,5.0983,1265,0,0
258.6389,5.1064,1267,0,0
258.6637,5.0943,1264,0,0
258.6885,5.0983,1265,0,0
258.7133,5.0943,1264,0,0
258.7381,5.0822,1261,0,0
258.7629,5.0903,1263,0,0
258.7877,5.0862,1262,0,0
258.8125,5.0782,1260,0,0
258.8373,5.1024,1266,0,0
258.8621,5.0943,1264,0,0
258.8869,5.1265,1272,0,0
258.9117,5.0943,1264,0,0
258.9365,5.0903,1263,0,0
258.9613,5.0862,1262,0,0
258.9861,5.0943,1264,0,0
259.0109,5.0822,1261,0,0
259.0357,5.1104,1268,0,0
259.0605,5.0701,1258,0,0
259.0853,5.0943,1264,0,0
259.1101,5.0822,1261,0,0
259.1349,5.0983,1265,0,0
259.1598,5.0701,1258,0,0
259.1845,5.0742,1259,0,0
259.2094,5.0742,1259,0,0
259.2342,5.1265,1272,0,0
259.2589,5.0983,1265,0,0
259.2838,5.1064,1267,0,0
259.3086,5.0943,1264,0,0
259.3334,5.1104,1268,0,0
259.3582,5.0742,1259,0,0
259.3830,5.0782,1260,0,0
259.4078,5.1064,1267,0,0
259.4326,5.1145,1269,0,0
259.4574,5.0419,1251,0,0
259.4822,5.0943,1264,0,0
259.5070,5.0862,1262,0,0
259.5318,5.0943,1264,0,0
259.5566,5.0903,1263,0,0
259.5814,5.0943,1264,0,0
259.6062,5.0943,1264,0,0
259.6310,5.0782,1260,0,0
259.6558,5.0862,1262,0,0
259.6806,5.0943,1264,0,0
259.7054,5.0903,1263,0,0
259.7302,5.0862,1262,0,0
259.7550,5.0500,1253,0,0
259.7798,5.0661,1257,0,0
259.8046,5.0943,1264,0,0
259.8294,5.0782,1260,0,0
259.8542,5.1024,1266,0,0
259.8790,5.0782,1260,0,0
259.9038,5.0903,1263,0,0
259.9286,5.0742,1259,0,0
259.9534,5.0782,1260,0,0
259.9782,5.0943,1264,0,0
260.0030,5.0782,1260,0,0
260.0278,5.1024,1266,0,0
260.0526,5.0782,1260,0,0
260.0774,5.0782,1260,0,0
260.1022,5.0661,1257,0,0
260.1270,5.0862,1262,0,0
260.1518,5.0742,1259,0,0
260.1766,5.0983,1265,0,0
260.2014,5.0943,1264,0,0
260.2263,5.0983,1265,0,0
260.2510,5.0943,1264,0,0
260.2758,5.0701,1258,0,0
260.3007,5.0903,1263,0,0
260.3255,5.0742,1259,0,0
260.3503,5.0903,1263,0,0
260.3751,5.0782,1260,0,0
260.3999,5.0742,1259,0,0
260.4247,5.0782,1260,0,0
260.4495,5.0822,1261,0,0
260.4743,5.0943,1264,0,0
260.4991,5.0862,1262,0,0
260.5239,5.1064,1267,0,0
260.5487,5.0742,1259,0,0
260.5735,5.0782,1260,0,0
260.5983,5.0782,1260,0,0
260.6231,5.0379,1250,0,0
260.6479,5.1386,1275,0,0
260.6727,5.0742,1259,0,0
260.6975,5.0943,1264,0,0
260.7223,5.0862,1262,0,0
260.7471,5.0903,1263,0,0
260.7719,5.0903,1263,0,0
260.7967,5.1024,1266,0,0
260.8215,5.0983,1265,0,0
260.8463,5.0862,1262,0,0
260.8711,5.1225,1271,0,0
260.8959,5.0540,1254,0,0
260.9207,5.0822,1261,0,0
260.9455,5.0822,1261,0,0
260.9703,5.0943,1264,0,0
260.9951,5.0903,1263,0,0
261.0199,5.0943,1264,0,0
261.0447,5.0298,1248,0,0
261.0695,5.0661,1257,0,0
261.0943,5.1225,1271,0,0
261.1191,5.0862,1262,0,0
261.1439,5.0782,1260,0,0
261.1687,5.1265,1272,0,0
261.1935,5.0782,1260,0,0
261.2184,5.0782,1260,0,0
261.2431,5.1265,1272,0,0
261.2679,5.0943,1264,0,0
261.2928,5.0943,1264,0,0
261.3175,5.1145,1269,0,0
261.3423,5.0983,1265,0,0
261.3672,5.0782,1260,0,0
261.3920,5.0983,1265,0,0
261.4167,5.0742,1259,0,0
261.4416,5.0661,1257,0,0
261.4664,5.0943,1264,0,0
261.4912,5.0822,1261,0,0
261.5160,5.0943,1264,0,0
261.5408,5.0943,1264,0,0
261.5656,5.0782,1260,0,0
261.5904,5.0742,1259,0,0
261.6152,5.0782,1260,0,0
261.6400,5.1104,1268,0,0
261.6648,5.0701,1258,0,0
261.6896,5.1024,1266,0,0
261.7144,5.0983,1265,0,0
261.7392,5.0742,1259,0,0
261.7640,5.0782,1260,0,0
261.7888,5.0943,1264,0,0
261.8136,5.0742,1259,0,0
261.8384,5.0782,1260,0,0
261.8632,5.0862,1262,0,0
261.8880,5.0862,1262,0,0
261.9128,5.0661,1257,0,0
261.9376,5.0419,1251,0,0
261.9624,5.0862,1262,0,0
261.9872,5.0943,1264,0,0
262.0120,5.1104,1268,0,0
262.0368,5.1064,1267,0,0
262.0616,5.1064,1267,0,0
262.0864,5.0943,1264,0,0
262.1112,5.0943,1264,0,0
262.1360,5.0862,1262,0,0
262.1608,5.0943,1264,0,0
262.1856,5.0983,1265,0,0
262.2104,5.0983,1265,0,0
262.2352,5.0661,1257,0,0
262.2600,5.0822,1261,0,0
262.2849,5.1064,1267,0,0
262.3096,5.1145,1269,0,0
262.3344,5.0983,1265,0,0
262.3593,5.0983,1265,0,0
262.3841,5.0822,1261,0,0
262.4088,5.0943,1264,0,0
262.4337,5.0782,1260,0,0
262.4585,5.1064,1267,0,0
262.4832,5.1064,1267,0,0
262.5081,5.0903,1263,0,0
262.5329,5.0862,1262,0,0
262.5577,5.0943,1264,0,0
262.5825,5.0943,1264,0,0
262.6073,5.0983,1265,0,0
262.6321,5.0983,1265,0,0
262.6569,5.0943,1264,0,0
262.6817,5.0742,1259,0,0
262.7065,5.0983,1265,0,0
262.7313,5.0580,1255,0,0
262.7561,5.0983,1265,0,0
262.7809,5.1064,1267,0,0
262.8057,5.0742,1259,0,0
262.8305,5.0983,1265,0,0
262.8553,5.0943,1264,0,0
262.8801,5.0822,1261,0,0
262.9049,5.0782,1260,0,0
262.9297,5.0742,1259,0,0
262.9545,5.0943,1264,0,0
262.9793,5.0943,1264,0,0
263.0041,5.0862,1262,0,0
263.0289,5.0983,1265,0,0
263.0537,5.0983,1265,0,0
263.0785,5.0983,1265,0,0
263.1033,5.0903,1263,0,0
263.1281,5.0862,1262,0,0
263.1529,5.0742,1259,0,0
263.1777,5.0943,1264,0,0
263.2025,5.0862,1262,0,0
263.2273,5.0742,1259,0,0
263.2521,5.0983,1265,0,0
263.2769,5.0943,1264,0,0
263.3017,5.0782,1260,0,0
263.3265,5.0903,1263,0,0
263.3513,5.0862,1262,0,0
263.3761,5.0379,1250,0,0
263.4009,5.0782,1260,0,0
263.4258,5.0943,1264,0,0
263.4506,5.0903,1263,0,0
263.4753,5.0862,1262,0,0
263.5002,5.1064,1267,0,0
263.5250,5.0822,1261,0,0
263.5498,5.0943,1264,0,0
263.5746,5.0782,1260,0,0
263.5994,5.0943,1264,0,0
263.6242,5.0943,1264,0,0
263.6490,5.0822,1261,0,0
263.6738,5.0862,1262,0,0
263.6986,5.0983,1265,0,0
263.7234,5.0862,1262,0,0
263.7482,5.0983,1265,0,0
263.7730,5.0943,1264,0,0
263.7978,5.0742,1259,0,0
263.8226,5.0862,1262,0,0
263.8474,5.0782,1260,0,0
263.8722,5.0782,1260,0,0
263.8970,5.0782,1260,0,0
263.9218,5.1225,1271,0,0
263.9466,5.0822,1261,0,0
263.9714,5.0661,1257,0,0
263.9962,5.0822,1261,0,0
264.0210,5.0782,1260,0,0
264.0458,5.0943,1264,0,0
264.0706,5.0661,1257,0,0
264.0954,5.0903,1263,0,0
264.1202,5.0903,1263,0,0
264.1450,5.0983,1265,0,0
264.1698,5.0782,1260,0,0
264.1946,5.0943,1264,0,0
264.2194,5.0983,1265,0,0
264.2442,5.0943,1264,0,0
264.2690,5.0822,1261,0,0
264.2938,5.0862,1262,0,0
264.3186,5.0742,1259,0,0
264.3434,5.0782,1260,0,0
264.3682,5.0943,1264,0,0
264.3930,5.0782,1260,0,0
264.4178,5.0782,1260,0,0
264.4427,5.1024,1266,0,0
264.4674,5.0943,1264,0,0
264.4922,5.1024,1266,0,0
264.5171,5.1225,1271,0,0
264.5418,5.0862,1262,0,0
264.5667,5.0862,1262,0,0
264.5915,5.0943,1264,0,0
264.6163,5.0983,1265,0,0
264.6411,5.0862,1262,0,0
264.6659,5.0862,1262,0,0
264.6907,5.0943,1264,0,0
264.7155,5.1225,1271,0,0
264.7403,5.0862,1262,0,0
264.7651,5.1064,1267,0,0
264.7899,5.0943,1264,0,0
264.8147,5.1145,1269,0,0
264.8395,5.0862,1262,0,0
264.8643,5.0862,1262,0,0
264.8891,5.0742,1259,0,0
264.9139,5.0742,1259,0,0
264.9387,5.0903,1263,0,0
264.9635,5.1064,1267,0,0
264.9883,5.0943,1264,0,0
265.0131,5.0661,1257,0,0
265.0379,5.1346,1274,0,0
265.0627,5.0782,1260,0,0
265.0875,5.0983,1265,0,0
265.1123,5.1024,1266,0,0
265.1371,5.0862,1262,0,0
265.1619,5.0379,1250,0,0
265.1867,5.1104,1268,0,0
265.2115,5.0540,1254,0,0
265.2363,5.1225,1271,0,0
265.2611,5.0782,1260,0,0
265.2859,5.0782,1260,0,0
265.3107,5.1064,1267,0,0
265.3355,5.0862,1262,0,0
265.3603,5.0943,1264,0,0
265.3851,5.0983,1265,0,0
265.4099,5.0862,1262,0,0
265.4348,5.0782,1260,0,0
265.4595,5.0943,1264,0,0
265.4843,5.0862,1262,0,0
265.5092,5.1104,1268,0,0
265.5339,5.0983,1265,0,0
265.5587,5.0661,1257,0,0
265.5836,5.0822,1261,0,0
265.6084,5.0661,1257,0,0
265.6331,5.0943,1264,0,0
265.6580,5.0742,1259,0,0
265.6828,5.1306,1273,0,0
265.7076,5.0782,1260,0,0
265.7324,5.0782,1260,0,0
265.7572,5.0862,1262,0,0
265.7820,5.0782,1260,0,0
265.8068,5.0742,1259,0,0
265.8316,5.0943,1264,0,0
265.8564,5.0822,1261,0,0
265.8812,5.0782,1260,0,0
265.9060,5.0862,1262,0,0
265.9308,5.0782,1260,0,0
265.9556,5.0540,1254,0,0
265.9804,5.0661,1257,0,0
266.0052,5.0661,1257,0,0
266.0300,5.1104,1268,0,0
266.0548,5.0742,1259,0,0
266.0796,5.0943,1264,0,0
266.1044,5.0822,1261,0,0
266.1292,5.0983,1265,0,0
266.1540,5.0862,1262,0,0
266.1788,5.1104,1268,0,0
266.2036,5.0983,1265,0,0
266.2284,5.0862,1262,0,0
266.2532,5.0983,1265,0,0
266.2780,5.0862,1262,0,0
266.3028,5.0862,1262,0,0
266.3276,5.0862,1262,0,0
266.3524,5.0661,1257,0,0
266.3772,5.0782,1260,0,0
266.4020,5.0862,1262,0,0
266.4268,5.0661,1257,0,0
266.4516,5.0782,1260,0,0
266.4764,5.0943,1264,0,0
266.5013,5.0782,1260,0,0
266.5260,5.0782,1260,0,0
266.5508,5.0943,1264,0,0
266.5757,5.1024,1266,0,0
266.6005,5.0742,1259,0,0
266.6252,5.0661,1257,0,0
266.6501,5.0903,1263,0,0
266.6749,5.0903,1263,0,0
266.6996,5.0419,1251,0,0
266.7245,5.1265,1272,0,0
266.7493,5.0782,1260,0,0
266.7741,5.0943,1264,0,0
266.7989,5.0943,1264,0,0
266.8237,5.0742,1259,0,0
266.8485,5.0862,1262,0,0
266.8733,5.0862,1262,0,0
266.8981,5.0903,1263,0,0
266.9229,5.0661,1257,0,0
266.9477,5.0943,1264,0,0
266.9725,5.1064,1267,0,0
266.9973,5.0903,1263,0,0
267.0221,5.0782,1260,0,0
267.0469,5.0943,1264,0,0
267.0717,5.1225,1271,0,0
267.0965,5.0943,1264,0,0
267.1213,5.0983,1265,0,0
267.1461,5.0580,1255,0,0
267.1709,5.0782,1260,0,0
267.1957,5.1346,1274,0,0
267.2205,5.0983,1265,0,0
267.2453,5.0983,1265,0,0
267.2701,5.0943,1264,0,0
267.2949,5.0983,1265,0,0
267.3197,5.0862,1262,0,0
267.3445,5.0943,1264,0,0
267.3693,5.0782,1260,0,0
267.3941,5.0782,1260,0,0
267.4189,5.0983,1265,0,0
267.4437,5.0742,1259,0,0
267.4685,5.0661,1257,0,0
267.4933,5.0862,1262,0,0
267.5181,5.0742,1259,0,0
267.5429,5.1064,1267,0,0
267.5677,5.0862,1262,0,0
267.5925,5.1064,1267,0,0
267.6173,5.1145,1269,0,0
267.6422,5.0943,1264,0,0
267.6670,5.0782,1260,0,0
267.6917,5.0742,1259,0,0
267.7166,5.0862,1262,0,0
267.7414,5.0782,1260,0,0
267.7662,5.0862,1262,0,0
267.7910,5.1064,1267,0,0
267.8158,5.0661,1257,0,0
267.8406,5.0862,1262,0,0
267.8654,5.1024,1266,0,0
267.8902,5.0862,1262,0,0
267.9150,5.1225,1271,0,0
267.9398,5.0701,1258,0,0
267.9646,5.1306,1273,0,0
267.9894,5.1064,1267,0,0
268.0142,5.0782,1260,0,0
268.0390,5.1024,1266,0,0
268.0638,5.0943,1264,0,0
268.0886,5.0822,1261,0,0
268.1134,5.0862,1262,0,0
268.1382,5.0782,1260,0,0
268.1630,5.0822,1261,0,0
268.1878,5.0661,1257,0,0
268.2126,5.0742,1259,0,0
268.2374,5.1024,1266,0,0
268.2622,5.0580,1255,0,0
268.2870,5.0782,1260,0,0
268.3118,5.0943,1264,0,0
268.3366,5.0983,1265,0,0
268.3614,5.0943,1264,0,0
268.3862,5.0943,1264,0,0
268.4110,5.0862,1262,0,0
268.4358,5.0862,1262,0,0
268.4606,5.0782,1260,0,0
268.4854,5.0782,1260,0,0
268.5102,5.0943,1264,0,0
268.5350,5.0379,1250,0,0
268.5598,5.0943,1264,0,0
268.5846,5.0540,1254,0,0
268.6094,5.0862,1262,0,0
268.6342,5.0943,1264,0,0
268.6591,5.1024,1266,0,0
268.6838,5.0903,1263,0,0
268.7086,5.0782,1260,0,0
268.7335,5.0983,1265,0,0
268.7582,5.0983,1265,0,0
268.7831,5.0862,1262,0,0
268.8079,5.0379,1250,0,0
268.8327,5.1386,1275,0,0
268.8575,5.0862,1262,0,0
268.8823,5.0903,1263,0,0
268.9071,5.0903,1263,0,0
268.9319,5.0943,1264,0,0
268.9567,5.0903,1263,0,0
268.9815,5.0983,1265,0,0
269.0063,5.1064,1267,0,0
269.0311,5.1145,1269,0,0
269.0559,5.1064,1267,0,0
269.0807,5.0822,1261,0,0
269.1055,5.0943,1264,0,0
269.1303,5.0379,1250,0,0
269.1551,5.0983,1265,0,0
269.1799,5.0661,1257,0,0
269.2047,5.0782,1260,0,0
269.2295,5.1024,1266,0,0
269.2543,5.0742,1259,0,0
269.2791,5.0862,1262,0,0
269.3039,5.0943,1264,0,0
269.3287,5.0822,1261,0,0
269.3535,5.0701,1258,0,0
269.3783,5.0943,1264,0,0
269.4031,5.0862,1262,0,0
269.4279,5.0903,1263,0,0
269.4527,5.0943,1264,0,0
269.4775,5.0742,1259,0,0
269.5023,5.0983,1265,0,0
269.5271,5.0983,1265,0,0
269.5519,5.0903,1263,0,0
269.5767,5.0782,1260,0,0
269.6015,5.1145,1269,0,0
269.6263,5.0983,1265,0,0
269.6512,5.0862,1262,0,0
269.6759,5.0862,1262,0,0
269.7007,5.0862,1262,0,0
269.7256,5.0822,1261,0,0
269.7503,5.0862,1262,0,0
269.7751,5.0983,1265,0,0
269.8000,5.0822,1261,0,0
269.8248,5.0742,1259,0,0
269.8495,5.0943,1264,0,0
269.8744,5.0983,1265,0,0
269.8992,5.0943,1264,0,0
269.9240,5.1024,1266,0,0
269.9488,5.1024,1266,0,0
269.9736,5.0943,1264,0,0
269.9984,5.0661,1257,0,0
270.0232,5.1064,1267,0,0
270.0480,5.0862,1262,0,0
270.0728,5.0742,1259,0,0
270.0976,5.1225,1271,0,0
270.1224,5.0500,1253,0,0
270.1472,5.0983,1265,0,0
270.1720,5.0983,1265,0,0
270.1968,5.0782,1260,0,0
270.2216,5.0661,1257,0,0
270.2464,5.0782,1260,0,0
270.2712,5.0742,1259,0,0
270.2960,5.0943,1264,0,0
270.3208,5.0903,1263,0,0
270.3456,5.0822,1261,0,0
270.3704,5.1225,1271,0,0
270.3952,5.0701,1258,0,0
270.4200,5.0943,1264,0,0
270.4448,5.1024,1266,0,0
270.4696,5.0943,1264,0,0
270.4944,5.0943,1264,0,0
270.5192,5.1024,1266,0,0
270.5440,5.0983,1265,0,0
270.5688,5.0943,1264,0,0
270.5936,5.1064,1267,0,0
270.6184,5.0983,1265,0,0
