# fixture_id,F3FD7C
# firmware,net-bench-2026-08-06.4
# capture_id,6
# pulse_ms,8
# requested_conversion_hz,80000
# vsns_sample_hz,40318.594
# d7s_sample_hz,40318.594
# radio_quiet,true
t_ms,bank_v,vsns_mv,d7s_mv,gate_command
-10.3178,5.0742,1259,0,0
-10.2930,5.0862,1262,0,0
-10.2682,5.0701,1258,0,0
-10.2434,5.0943,1264,0,0
-10.2186,5.0903,1263,0,0
-10.1938,5.0862,1262,0,0
-10.1690,5.0701,1258,0,0
-10.1442,5.0943,1264,0,0
-10.1194,5.0822,1261,0,0
-10.0946,5.0983,1265,0,0
-10.0698,5.0943,1264,0,0
-10.0450,5.0661,1257,0,0
-10.0202,5.0782,1260,0,0
-9.9954,5.0943,1264,0,0
-9.9706,5.0943,1264,0,0
-9.9458,5.0943,1264,0,0
-9.9210,5.0661,1257,0,0
-9.8962,5.0822,1261,0,0
-9.8714,5.0782,1260,0,0
-9.8466,5.0782,1260,0,0
-9.8218,5.0661,1257,0,0
-9.7970,5.0742,1259,0,0
-9.7722,5.0782,1260,0,0
-9.7474,5.0983,1265,0,0
-9.7226,5.0661,1257,0,0
-9.6978,5.0742,1259,0,0
-9.6730,5.1024,1266,0,0
-9.6482,5.0862,1262,0,0
-9.6234,5.1265,1272,0,0
-9.5985,5.0782,1260,0,0
-9.5737,5.0540,1254,0,0
-9.5489,5.0943,1264,0,0
-9.5241,5.0782,1260,0,0
-9.4993,5.0862,1262,0,0
-9.4745,5.0983,1265,0,0
-9.4497,5.0742,1259,0,0
-9.4249,5.1024,1266,0,0
-9.4001,5.0742,1259,0,0
-9.3753,5.0742,1259,0,0
-9.3505,5.0742,1259,0,0
-9.3257,5.0943,1264,0,0
-9.3009,5.0983,1265,0,0
-9.2761,5.0782,1260,0,0
-9.2513,5.0782,1260,0,0
-9.2265,5.0782,1260,0,0
-9.2017,5.1024,1266,0,0
-9.1769,5.0983,1265,0,0
-9.1521,5.0862,1262,0,0
-9.1273,5.0983,1265,0,0
-9.1025,5.0862,1262,0,0
-9.0777,5.0822,1261,0,0
-9.0529,5.0862,1262,0,0
-9.0281,5.0701,1258,0,0
-9.0033,5.0862,1262,0,0
-8.9785,5.0782,1260,0,0
-8.9537,5.0943,1264,0,0
-8.9289,5.0943,1264,0,0
-8.9041,5.0943,1264,0,0
-8.8793,5.0580,1255,0,0
-8.8545,5.0943,1264,0,0
-8.8297,5.0862,1262,0,0
-8.8049,5.0943,1264,0,0
-8.7801,5.1024,1266,0,0
-8.7553,5.0943,1264,0,0
-8.7305,5.0943,1264,0,0
-8.7057,5.0862,1262,0,0
-8.6809,5.0943,1264,0,0
-8.6561,5.0742,1259,0,0
-8.6313,5.1064,1267,0,0
-8.6065,5.0943,1264,0,0
-8.5816,5.0701,1258,0,0
-8.5568,5.1306,1273,0,0
-8.5320,5.0661,1257,0,0
-8.5072,5.0742,1259,0,0
-8.4824,5.0983,1265,0,0
-8.4576,5.0943,1264,0,0
-8.4328,5.0661,1257,0,0
-8.4080,5.0903,1263,0,0
-8.3832,5.0862,1262,0,0
-8.3584,5.0782,1260,0,0
-8.3336,5.0742,1259,0,0
-8.3088,5.0822,1261,0,0
-8.2840,5.0862,1262,0,0
-8.2592,5.0500,1253,0,0
-8.2344,5.0782,1260,0,0
-8.2096,5.0943,1264,0,0
-8.1848,5.0782,1260,0,0
-8.1600,5.1064,1267,0,0
-8.1352,5.0661,1257,0,0
-8.1104,5.1064,1267,0,0
-8.0856,5.0862,1262,0,0
-8.0608,5.0379,1250,0,0
-8.0360,5.0701,1258,0,0
-8.0112,5.0822,1261,0,0
-7.9864,5.0782,1260,0,0
-7.9616,5.1265,1272,0,0
-7.9368,5.0943,1264,0,0
-7.9120,5.0782,1260,0,0
-7.8872,5.0983,1265,0,0
-7.8624,5.0782,1260,0,0
-7.8376,5.0862,1262,0,0
-7.8128,5.0862,1262,0,0
-7.7880,5.0943,1264,0,0
-7.7632,5.0862,1262,0,0
-7.7384,5.0822,1261,0,0
-7.7136,5.0419,1251,0,0
-7.6888,5.0903,1263,0,0
-7.6640,5.0742,1259,0,0
-7.6392,5.0822,1261,0,0
-7.6144,5.1265,1272,0,0
-7.5896,5.0701,1258,0,0
-7.5647,5.0862,1262,0,0
-7.5399,5.0862,1262,0,0
-7.5151,5.0862,1262,0,0
-7.4903,5.1064,1267,0,0
-7.4655,5.0862,1262,0,0
-7.4407,5.0742,1259,0,0
-7.4159,5.0943,1264,0,0
-7.3911,5.0943,1264,0,0
-7.3663,5.0782,1260,0,0
-7.3415,5.0782,1260,0,0
-7.3167,5.0943,1264,0,0
-7.2919,5.0983,1265,0,0
-7.2671,5.0983,1265,0,0
-7.2423,5.0742,1259,0,0
-7.2175,5.1064,1267,0,0
-7.1927,5.0782,1260,0,0
-7.1679,5.0943,1264,0,0
-7.1431,5.0782,1260,0,0
-7.1183,5.0822,1261,0,0
-7.0935,5.1064,1267,0,0
-7.0687,5.0983,1265,0,0
-7.0439,5.0822,1261,0,0
-7.0191,5.0983,1265,0,0
-6.9943,5.0500,1253,0,0
-6.9695,5.0943,1264,0,0
-6.9447,5.1104,1268,0,0
-6.9199,5.0782,1260,0,0
-6.8951,5.0943,1264,0,0
-6.8703,5.0782,1260,0,0
-6.8455,5.0862,1262,0,0
-6.8207,5.0782,1260,0,0
-6.7959,5.0822,1261,0,0
-6.7711,5.0983,1265,0,0
-6.7463,5.0379,1250,0,0
-6.7215,5.0862,1262,0,0
-6.6967,5.0983,1265,0,0
-6.6719,5.0661,1257,0,0
-6.6471,5.0782,1260,0,0
-6.6223,5.0943,1264,0,0
-6.5975,5.0983,1265,0,0
-6.5726,5.0862,1262,0,0
-6.5478,5.0701,1258,0,0
-6.5230,5.0903,1263,0,0
-6.4982,5.0983,1265,0,0
-6.4734,5.0943,1264,0,0
-6.4486,5.0862,1262,0,0
-6.4238,5.0782,1260,0,0
-6.3990,5.0782,1260,0,0
-6.3742,5.0661,1257,0,0
-6.3494,5.0822,1261,0,0
-6.3246,5.0782,1260,0,0
-6.2998,5.0701,1258,0,0
-6.2750,5.0782,1260,0,0
-6.2502,5.0742,1259,0,0
-6.2254,5.1104,1268,0,0
-6.2006,5.0943,1264,0,0
-6.1758,5.0862,1262,0,0
-6.1510,5.0822,1261,0,0
-6.1262,5.0742,1259,0,0
-6.1014,5.0943,1264,0,0
-6.0766,5.0782,1260,0,0
-6.0518,5.0943,1264,0,0
-6.0270,5.0500,1253,0,0
-6.0022,5.0943,1264,0,0
-5.9774,5.0701,1258,0,0
-5.9526,5.0943,1264,0,0
-5.9278,5.0782,1260,0,0
-5.9030,5.0862,1262,0,0
-5.8782,5.0742,1259,0,0
-5.8534,5.0661,1257,0,0
-5.8286,5.0822,1261,0,0
-5.8038,5.0782,1260,0,0
-5.7790,5.0862,1262,0,0
-5.7542,5.0379,1250,0,0
-5.7294,5.0701,1258,0,0
-5.7046,5.0742,1259,0,0
-5.6798,5.0903,1263,0,0
-5.6550,5.0661,1257,0,0
-5.6302,5.0822,1261,0,0
-5.6054,5.0661,1257,0,0
-5.5806,5.0983,1265,0,0
-5.5557,5.0822,1261,0,0
-5.5309,5.0742,1259,0,0
-5.5061,5.0822,1261,0,0
-5.4813,5.0943,1264,0,0
-5.4565,5.1064,1267,0,0
-5.4317,5.0782,1260,0,0
-5.4069,5.0500,1253,0,0
-5.3821,5.0862,1262,0,0
-5.3573,5.0540,1254,0,0
-5.3325,5.0862,1262,0,0
-5.3077,5.0943,1264,0,0
-5.2829,5.0661,1257,0,0
-5.2581,5.0661,1257,0,0
-5.2333,5.0782,1260,0,0
-5.2085,5.0701,1258,0,0
-5.1837,5.0903,1263,0,0
-5.1589,5.1064,1267,0,0
-5.1341,5.0742,1259,0,0
-5.1093,5.0862,1262,0,0
-5.0845,5.0782,1260,0,0
-5.0597,5.0782,1260,0,0
-5.0349,5.0943,1264,0,0
-5.0101,5.0943,1264,0,0
-4.9853,5.0903,1263,0,0
-4.9605,5.0862,1262,0,0
-4.9357,5.0943,1264,0,0
-4.9109,5.0742,1259,0,0
-4.8861,5.0822,1261,0,0
-4.8613,5.0943,1264,0,0
-4.8365,5.0379,1250,0,0
-4.8117,5.0943,1264,0,0
-4.7869,5.0742,1259,0,0
-4.7621,5.0983,1265,0,0
-4.7373,5.0903,1263,0,0
-4.7125,5.0862,1262,0,0
-4.6877,5.0782,1260,0,0
-4.6629,5.0943,1264,0,0
-4.6381,5.0782,1260,0,0
-4.6133,5.0943,1264,0,0
-4.5885,5.0782,1260,0,0
-4.5637,5.0862,1262,0,0
-4.5388,5.0782,1260,0,0
-4.5140,5.0983,1265,0,0
-4.4892,5.0701,1258,0,0
-4.4644,5.0661,1257,0,0
-4.4396,5.1265,1272,0,0
-4.4148,5.0862,1262,0,0
-4.3900,5.0943,1264,0,0
-4.3652,5.0943,1264,0,0
-4.3404,5.0782,1260,0,0
-4.3156,5.0822,1261,0,0
-4.2908,5.1507,1278,0,0
-4.2660,5.0943,1264,0,0
-4.2412,5.1265,1272,0,0
-4.2164,5.0862,1262,0,0
-4.1916,5.0540,1254,0,0
-4.1668,5.1265,1272,0,0
-4.1420,5.0742,1259,0,0
-4.1172,5.0782,1260,0,0
-4.0924,5.0943,1264,0,0
-4.0676,5.0903,1263,0,0
-4.0428,5.0822,1261,0,0
-4.0180,5.0862,1262,0,0
-3.9932,5.0822,1261,0,0
-3.9684,5.1064,1267,0,0
-3.9436,5.1064,1267,0,0
-3.9188,5.0862,1262,0,0
-3.8940,5.0943,1264,0,0
-3.8692,5.0782,1260,0,0
-3.8444,5.0500,1253,0,0
-3.8196,5.0701,1258,0,0
-3.7948,5.0903,1263,0,0
-3.7700,5.0903,1263,0,0
-3.7452,5.0862,1262,0,0
-3.7204,5.0983,1265,0,0
-3.6956,5.0661,1257,0,0
-3.6708,5.0419,1251,0,0
-3.6460,5.1064,1267,0,0
-3.6212,5.0903,1263,0,0
-3.5964,5.0742,1259,0,0
-3.5716,5.0943,1264,0,0
-3.5468,5.0862,1262,0,0
-3.5219,5.0862,1262,0,0
-3.4971,5.0983,1265,0,0
-3.4723,5.0701,1258,0,0
-3.4475,5.0782,1260,0,0
-3.4227,5.0862,1262,0,0
-3.3979,5.0742,1259,0,0
-3.3731,5.1064,1267,0,0
-3.3483,5.1064,1267,0,0
-3.3235,5.0983,1265,0,0
-3.2987,5.0782,1260,0,0
-3.2739,5.0862,1262,0,0
-3.2491,5.0943,1264,0,0
-3.2243,5.0661,1257,0,0
-3.1995,5.0943,1264,0,0
-3.1747,5.0822,1261,0,0
-3.1499,5.0983,1265,0,0
-3.1251,5.0943,1264,0,0
-3.1003,5.0983,1265,0,0
-3.0755,5.0903,1263,0,0
-3.0507,5.0822,1261,0,0
-3.0259,5.0782,1260,0,0
-3.0011,5.0742,1259,0,0
-2.9763,5.0943,1264,0,0
-2.9515,5.0983,1265,0,0
-2.9267,5.0782,1260,0,0
-2.9019,5.0822,1261,0,0
-2.8771,5.0903,1263,0,0
-2.8523,5.0742,1259,0,0
-2.8275,5.0782,1260,0,0
-2.8027,5.0661,1257,0,0
-2.7779,5.0782,1260,0,0
-2.7531,5.0862,1262,0,0
-2.7283,5.0742,1259,0,0
-2.7035,5.0943,1264,0,0
-2.6787,5.0782,1260,0,0
-2.6539,5.0943,1264,0,0
-2.6291,5.0782,1260,0,0
-2.6043,5.1145,1269,0,0
-2.5795,5.0742,1259,0,0
-2.5547,5.0661,1257,0,0
-2.5299,5.0419,1251,0,0
-2.5050,5.0782,1260,0,0
-2.4802,5.0903,1263,0,0
-2.4554,5.1064,1267,0,0
-2.4306,5.0742,1259,0,0
-2.4058,5.0862,1262,0,0
-2.3810,5.1104,1268,0,0
-2.3562,5.0903,1263,0,0
-2.3314,5.0782,1260,0,0
-2.3066,5.0782,1260,0,0
-2.2818,5.0701,1258,0,0
-2.2570,5.0782,1260,0,0
-2.2322,5.0742,1259,0,0
-2.2074,5.0782,1260,0,0
-2.1826,5.0782,1260,0,0
-2.1578,5.0822,1261,0,0
-2.1330,5.0822,1261,0,0
-2.1082,5.1024,1266,0,0
-2.0834,5.0782,1260,0,0
-2.0586,5.0661,1257,0,0
-2.0338,5.0903,1263,0,0
-2.0090,5.0782,1260,0,0
-1.9842,5.0782,1260,0,0
-1.9594,5.0742,1259,0,0
-1.9346,5.0943,1264,0,0
-1.9098,5.0983,1265,0,0
-1.8850,5.0379,1250,0,0
-1.8602,5.0862,1262,0,0
-1.8354,5.0983,1265,0,0
-1.8106,5.1225,1271,0,0
-1.7858,5.0742,1259,0,0
-1.7610,5.0822,1261,0,0
-1.7362,5.0822,1261,0,0
-1.7114,5.1024,1266,0,0
-1.6866,5.0661,1257,0,0
-1.6618,5.0419,1251,0,0
-1.6370,5.0822,1261,0,0
-1.6122,5.0903,1263,0,0
-1.5874,5.0903,1263,0,0
-1.5626,5.0782,1260,0,0
-1.5378,5.0742,1259,0,0
-1.5129,5.0782,1260,0,0
-1.4881,5.1064,1267,0,0
-1.4633,5.0983,1265,0,0
-1.4385,5.0943,1264,0,0
-1.4137,5.0661,1257,0,0
-1.3889,5.0862,1262,0,0
-1.3641,5.1265,1272,0,0
-1.3393,5.0782,1260,0,0
-1.3145,5.0782,1260,0,0
-1.2897,5.0580,1255,0,0
-1.2649,5.0822,1261,0,0
-1.2401,5.0742,1259,0,0
-1.2153,5.1024,1266,0,0
-1.1905,5.0742,1259,0,0
-1.1657,5.0782,1260,0,0
-1.1409,5.0862,1262,0,0
-1.1161,5.0661,1257,0,0
-1.0913,5.0862,1262,0,0
-1.0665,5.0903,1263,0,0
-1.0417,5.0943,1264,0,0
-1.0169,5.0822,1261,0,0
-0.9921,5.0742,1259,0,0
-0.9673,5.0822,1261,0,0
-0.9425,5.0782,1260,0,0
-0.9177,5.0862,1262,0,0
-0.8929,5.0943,1264,0,0
-0.8681,5.0822,1261,0,0
-0.8433,5.0862,1262,0,0
-0.8185,5.0742,1259,0,0
-0.7937,5.0862,1262,0,0
-0.7689,5.0903,1263,0,0
-0.7441,5.0338,1249,0,0
-0.7193,5.0903,1263,0,0
-0.6945,5.0782,1260,0,0
-0.6697,5.0782,1260,0,0
-0.6449,5.0903,1263,0,0
-0.6201,5.0782,1260,0,0
-0.5953,5.0903,1263,0,0
-0.5705,5.0782,1260,0,0
-0.5457,5.0822,1261,0,0
-0.5209,5.0862,1262,0,0
-0.4960,5.0943,1264,0,0
-0.4712,5.0943,1264,0,0
-0.4464,5.0379,1250,0,0
-0.4216,5.0862,1262,0,0
-0.3968,5.0943,1264,0,0
-0.3720,5.0822,1261,0,0
-0.3472,5.0862,1262,0,0
-0.3224,5.0862,1262,0,0
-0.2976,5.0862,1262,0,0
-0.2728,5.0943,1264,0,0
-0.2480,5.0862,1262,0,0
-0.2232,5.0983,1265,0,0
-0.1984,5.0983,1265,0,0
-0.1736,5.0782,1260,0,0
-0.1488,5.0822,1261,0,0
-0.1240,5.0983,1265,0,0
-0.0992,5.0862,1262,0,0
-0.0744,5.0701,1258,0,0
-0.0496,5.0903,1263,0,0
-0.0248,5.1265,1272,0,0
0.0000,5.0782,1260,0,1
0.0248,5.0742,1259,0,1
0.0496,5.1064,1267,3183,1
0.0744,5.0862,1262,3180,1
0.0992,5.0943,1264,3181,1
0.1240,5.0742,1259,3185,1
0.1488,5.1064,1267,3183,1
0.1736,5.0862,1262,3182,1
0.1984,5.1265,1272,3183,1
0.2232,5.1145,1269,3180,1
0.2480,5.0782,1260,3185,1
0.2728,5.0943,1264,3181,1
0.2976,5.0822,1261,3189,1
0.3224,5.0983,1265,3185,1
0.3472,5.0782,1260,3183,1
0.3720,5.0943,1264,3184,1
0.3968,5.0943,1264,3185,1
0.4216,5.0862,1262,3184,1
0.4464,5.0862,1262,3188,1
0.4712,5.0943,1264,3189,1
0.4960,5.0983,1265,3184,1
0.5209,5.0983,1265,3185,1
0.5457,5.0943,1264,3186,1
0.5705,5.1225,1271,3183,1
0.5953,5.0943,1264,3186,1
0.6201,5.0782,1260,3186,1
0.6449,5.0983,1265,3184,1
0.6697,5.0782,1260,3185,1
0.6945,5.0782,1260,3185,1
0.7193,5.0943,1264,3184,1
0.7441,5.1024,1266,3186,1
0.7689,5.0943,1264,3185,1
0.7937,5.0943,1264,3179,1
0.8185,5.0661,1257,3183,1
0.8433,5.0701,1258,3186,1
0.8681,5.0782,1260,3186,1
0.8929,5.0903,1263,3180,1
0.9177,5.0782,1260,3186,1
0.9425,5.0742,1259,3185,1
0.9673,5.0903,1263,3185,1
0.9921,5.1225,1271,3187,1
1.0169,5.0943,1264,3185,1
1.0417,5.0742,1259,3183,1
1.0665,5.0742,1259,3186,1
1.0913,5.0943,1264,3185,1
1.1161,5.0903,1263,3186,1
1.1409,5.0943,1264,3182,1
1.1657,5.0782,1260,3184,1
1.1905,5.0903,1263,3184,1
1.2153,5.0742,1259,3183,1
1.2401,5.0782,1260,3185,1
1.2649,5.1104,1268,3185,1
1.2897,5.0782,1260,3186,1
1.3145,5.0943,1264,3189,1
1.3393,5.0943,1264,3183,1
1.3641,5.1064,1267,3185,1
1.3889,5.1225,1271,3185,1
1.4137,5.0782,1260,3180,1
1.4385,5.0903,1263,3180,1
1.4633,5.0782,1260,3185,1
1.4881,5.1064,1267,3186,1
1.5129,5.1064,1267,3185,1
1.5378,5.0903,1263,3185,1
1.5626,5.0943,1264,3180,1
1.5874,5.0782,1260,3183,1
1.6122,5.0782,1260,3185,1
1.6370,5.0983,1265,3185,1
1.6618,5.0822,1261,3185,1
1.6866,5.0943,1264,3181,1
1.7114,5.0943,1264,3186,1
1.7362,5.1265,1272,3185,1
1.7610,5.0943,1264,3185,1
1.7858,5.0782,1260,3188,1
1.8106,5.0782,1260,3185,1
1.8354,5.0903,1263,3184,1
1.8602,5.0943,1264,3185,1
1.8850,5.0943,1264,3183,1
1.9098,5.1064,1267,3185,1
1.9346,5.0862,1262,3186,1
1.9594,5.1346,1274,3185,1
1.9842,5.0943,1264,3186,1
2.0090,5.0862,1262,3187,1
2.0338,5.1064,1267,3186,1
2.0586,5.0782,1260,3185,1
2.0834,5.0782,1260,3186,1
2.1082,5.0862,1262,3180,1
2.1330,5.0943,1264,3186,1
2.1578,5.0983,1265,3185,1
2.1826,5.0983,1265,3183,1
2.2074,5.0500,1253,3187,1
2.2322,5.0943,1264,3185,1
2.2570,5.1064,1267,3186,1
2.2818,5.0943,1264,3185,1
2.3066,5.0782,1260,3184,1
2.3314,5.0943,1264,3189,1
2.3562,5.1225,1271,3185,1
2.3810,5.0782,1260,3180,1
2.4058,5.1104,1268,3185,1
2.4306,5.0419,1251,3189,1
2.4554,5.0943,1264,3189,1
2.4802,5.0983,1265,3185,1
2.5050,5.0661,1257,3185,1
2.5299,5.0983,1265,3186,1
2.5547,5.0782,1260,3186,1
2.5795,5.0822,1261,3183,1
2.6043,5.0742,1259,3186,1
2.6291,5.0742,1259,3185,1
2.6539,5.0862,1262,3187,1
2.6787,5.0903,1263,3185,1
2.7035,5.0943,1264,3181,1
2.7283,5.1024,1266,3187,1
2.7531,5.0983,1265,3183,1
2.7779,5.0782,1260,3180,1
2.8027,5.0862,1262,3185,1
2.8275,5.0862,1262,3187,1
2.8523,5.0943,1264,3189,1
2.8771,5.0782,1260,3186,1
2.9019,5.1064,1267,3183,1
2.9267,5.1024,1266,3185,1
2.9515,5.0822,1261,3188,1
2.9763,5.0983,1265,3185,1
3.0011,5.0983,1265,3185,1
3.0259,5.0983,1265,3185,1
3.0507,5.0742,1259,3185,1
3.0755,5.0862,1262,3186,1
3.1003,5.1024,1266,3185,1
3.1251,5.0580,1255,3183,1
3.1499,5.0862,1262,3188,1
3.1747,5.0983,1265,3181,1
3.1995,5.0782,1260,3187,1
3.2243,5.0943,1264,3185,1
3.2491,5.0943,1264,3187,1
3.2739,5.0943,1264,3182,1
3.2987,5.0701,1258,3184,1
3.3235,5.0822,1261,3186,1
3.3483,5.0903,1263,3185,1
3.3731,5.0983,1265,3183,1
3.3979,5.0500,1253,3186,1
3.4227,5.1024,1266,3186,1
3.4475,5.0943,1264,3186,1
3.4723,5.0983,1265,3185,1
3.4971,5.0782,1260,3184,1
3.5219,5.0862,1262,3188,1
3.5468,5.1064,1267,3186,1
3.5716,5.0943,1264,3185,1
3.5964,5.0782,1260,3187,1
3.6212,5.0379,1250,3189,1
3.6460,5.0782,1260,3183,1
3.6708,5.0862,1262,3189,1
3.6956,5.0419,1251,3185,1
3.7204,5.0782,1260,3185,1
3.7452,5.0701,1258,3189,1
3.7700,5.0782,1260,3183,1
3.7948,5.0903,1263,3185,1
3.8196,5.1064,1267,3185,1
3.8444,5.0822,1261,3186,1
3.8692,5.0661,1257,3187,1
3.8940,5.0742,1259,3186,1
3.9188,5.0943,1264,3185,1
3.9436,5.0983,1265,3185,1
3.9684,5.0862,1262,3179,1
3.9932,5.0943,1264,3186,1
4.0180,5.0782,1260,3188,1
4.0428,5.0862,1262,3185,1
4.0676,5.0782,1260,3185,1
4.0924,5.0742,1259,3187,1
4.1172,5.0943,1264,3186,1
4.1420,5.0782,1260,3187,1
4.1668,5.0742,1259,3187,1
4.1916,5.0862,1262,3185,1
4.2164,5.0862,1262,3189,1
4.2412,5.0943,1264,3185,1
4.2660,5.0742,1259,3184,1
4.2908,5.0338,1249,3186,1
4.3156,5.0983,1265,3185,1
4.3404,5.1225,1271,3185,1
4.3652,5.0782,1260,3185,1
4.3900,5.0419,1251,3188,1
4.4148,5.0500,1253,3186,1
4.4396,5.0983,1265,3186,1
4.4644,5.0862,1262,3187,1
4.4892,5.0782,1260,3186,1
4.5140,5.0500,1253,3186,1
4.5388,5.0782,1260,3185,1
4.5637,5.0661,1257,3189,1
4.5885,5.1064,1267,3186,1
4.6133,5.0782,1260,3185,1
4.6381,5.0661,1257,3186,1
4.6629,5.0862,1262,3189,1
4.6877,5.0782,1260,3180,1
4.7125,5.0782,1260,3185,1
4.7373,5.0822,1261,3185,1
4.7621,5.0701,1258,3180,1
4.7869,5.1064,1267,3183,1
4.8117,5.0500,1253,3185,1
4.8365,5.0782,1260,3184,1
4.8613,5.0943,1264,3189,1
4.8861,5.0903,1263,3186,1
4.9109,5.0782,1260,3183,1
4.9357,5.0661,1257,3185,1
4.9605,5.0782,1260,3189,1
4.9853,5.0943,1264,3185,1
5.0101,5.0701,1258,3186,1
5.0349,5.0782,1260,3186,1
5.0597,5.0500,1253,3189,1
5.0845,5.0742,1259,3186,1
5.1093,5.1104,1268,3185,1
5.1341,5.0903,1263,3185,1
5.1589,5.0742,1259,3189,1
5.1837,5.0661,1257,3185,1
5.2085,5.0822,1261,3185,1
5.2333,5.0661,1257,3186,1
5.2581,5.0338,1249,3186,1
5.2829,5.0782,1260,3183,1
5.3077,5.0742,1259,3186,1
5.3325,5.0943,1264,3185,1
5.3573,5.0742,1259,3187,1
5.3821,5.0782,1260,3186,1
5.4069,5.0500,1253,3187,1
5.4317,5.0862,1262,3183,1
5.4565,5.0782,1260,3187,1
5.4813,5.0661,1257,3186,1
5.5061,5.0419,1251,3187,1
5.5309,5.0782,1260,3185,1
5.5557,5.0379,1250,3181,1
5.5806,5.0298,1248,3185,1
5.6054,5.0782,1260,3185,1
5.6302,5.0580,1255,3185,1
5.6550,5.0218,1246,3189,1
5.6798,5.0379,1250,3187,1
5.7046,5.0701,1258,3184,1
5.7294,5.0661,1257,3184,1
5.7542,5.0338,1249,3186,1
5.7790,5.0782,1260,3180,1
5.8038,5.0742,1259,3185,1
5.8286,5.0338,1249,3185,1
5.8534,5.0500,1253,3186,1
5.8782,5.0540,1254,3189,1
5.9030,5.0500,1253,3185,1
5.9278,5.0580,1255,3189,1
5.9526,5.0782,1260,3185,1
5.9774,5.0218,1246,3185,1
6.0022,5.0782,1260,3185,1
6.0270,5.0782,1260,3186,1
6.0518,5.0943,1264,3186,1
6.0766,5.0379,1250,3189,1
6.1014,5.0742,1259,3185,1
6.1262,5.0661,1257,3185,1
6.1510,5.0500,1253,3186,1
6.1758,5.0379,1250,3185,1
6.2006,5.0822,1261,3186,1
6.2254,5.0862,1262,3184,1
6.2502,5.0661,1257,3186,1
6.2750,5.0379,1250,3185,1
6.2998,5.0419,1251,3185,1
6.3246,5.0742,1259,3186,1
6.3494,5.0782,1260,3180,1
6.3742,5.0742,1259,3186,1
6.3990,5.0500,1253,3189,1
6.4238,5.0742,1259,3189,1
6.4486,5.0742,1259,3189,1
6.4734,5.0338,1249,3187,1
6.4982,5.0742,1259,3185,1
6.5230,5.0338,1249,3189,1
6.5478,5.0701,1258,3185,1
6.5726,5.0500,1253,3187,1
6.5975,5.0419,1251,3189,1
6.6223,5.0016,1241,3185,1
6.6471,5.0500,1253,3185,1
6.6719,5.0661,1257,3187,1
6.6967,5.0500,1253,3186,1
6.7215,5.0661,1257,3188,1
6.7463,5.0338,1249,3189,1
6.7711,5.0500,1253,3185,1
6.7959,5.0338,1249,3189,1
6.8207,5.0742,1259,3189,1
6.8455,5.0782,1260,3185,1
6.8703,5.0379,1250,3183,1
6.8951,5.0379,1250,3189,1
6.9199,5.0500,1253,3188,1
6.9447,5.0338,1249,3189,1
6.9695,5.0742,1259,3189,1
6.9943,5.0379,1250,3186,1
7.0191,5.0419,1251,3183,1
7.0439,5.0218,1246,3189,1
7.0687,5.0338,1249,3189,1
7.0935,5.0862,1262,3186,1
7.1183,5.0338,1249,3186,1
7.1431,5.0338,1249,3180,1
7.1679,5.0419,1251,3186,1
7.1927,5.0338,1249,3189,1
7.2175,5.0298,1248,3185,1
7.2423,5.0379,1250,3185,1
7.2671,5.0338,1249,3187,1
7.2919,5.0500,1253,3184,1
7.3167,5.0298,1248,3189,1
7.3415,5.0419,1251,3185,1
7.3663,5.0338,1249,3184,1
7.3911,5.0701,1258,3189,1
7.4159,5.0419,1251,3186,1
7.4407,5.0379,1250,3189,1
7.4655,5.0782,1260,3185,1
7.4903,5.0500,1253,3186,1
7.5151,5.0177,1245,3186,1
7.5399,4.9935,1239,3189,1
7.5647,5.0338,1249,3186,1
7.5896,5.0177,1245,3189,1
7.6144,5.0661,1257,3185,1
7.6392,5.0218,1246,3187,1
7.6640,5.0298,1248,3189,1
7.6888,5.0298,1248,3189,1
7.7136,5.0822,1261,3186,1
7.7384,5.0419,1251,3184,1
7.7632,5.0661,1257,3186,1
7.7880,5.0338,1249,3189,1
7.8128,5.0177,1245,3189,1
7.8376,5.0379,1250,3186,1
7.8624,5.0097,1243,3186,1
7.8872,5.0218,1246,3189,1
7.9120,5.0338,1249,3189,1
7.9368,5.0782,1260,3183,1
7.9616,5.0419,1251,3189,1
7.9864,5.0419,1251,3185,1
8.0112,5.0177,1245,3186,0
8.0360,5.0298,1248,3189,0
8.0608,5.0298,1248,0,0
8.0856,5.0298,1248,0,0
8.1104,4.9935,1239,0,0
8.1352,5.0298,1248,0,0
8.1600,5.0419,1251,0,0
8.1848,5.0298,1248,0,0
8.2096,5.0097,1243,0,0
8.2344,4.9935,1239,0,0
8.2592,5.0419,1251,0,0
8.2840,5.0379,1250,0,0
8.3088,5.0177,1245,0,0
8.3336,4.9855,1237,0,0
8.3584,5.0338,1249,0,0
8.3832,4.9935,1239,0,0
8.4080,5.0298,1248,0,0
8.4328,5.0338,1249,0,0
8.4576,5.0298,1248,0,0
8.4824,5.0097,1243,0,0
8.5072,4.9935,1239,0,0
8.5320,4.9935,1239,0,0
8.5568,5.0056,1242,0,0
8.5816,5.0218,1246,0,0
8.6065,5.0298,1248,0,0
8.6313,5.0218,1246,0,0
8.6561,5.0298,1248,0,0
8.6809,5.0419,1251,0,0
8.7057,5.0177,1245,0,0
8.7305,5.0097,1243,0,0
8.7553,5.0177,1245,0,0
8.7801,5.0177,1245,0,0
8.8049,5.0177,1245,0,0
8.8297,5.0419,1251,0,0
8.8545,5.0177,1245,0,0
8.8793,5.0338,1249,0,0
8.9041,5.0338,1249,0,0
8.9289,5.0097,1243,0,0
8.9537,5.0419,1251,0,0
8.9785,5.0056,1242,0,0
9.0033,5.0298,1248,0,0
9.0281,4.9935,1239,0,0
9.0529,4.9855,1237,0,0
9.0777,5.0177,1245,0,0
9.1025,5.0177,1245,0,0
9.1273,5.0298,1248,0,0
9.1521,5.0177,1245,0,0
9.1769,5.0097,1243,0,0
9.2017,4.9935,1239,0,0
9.2265,4.9855,1237,0,0
9.2513,5.0298,1248,0,0
9.2761,5.0338,1249,0,0
9.3009,4.9694,1233,0,0
9.3257,5.0338,1249,0,0
9.3505,5.0298,1248,0,0
9.3753,5.0298,1248,0,0
9.4001,5.0218,1246,0,0
9.4249,5.0298,1248,0,0
9.4497,4.9935,1239,0,0
9.4745,5.0177,1245,0,0
9.4993,5.0218,1246,0,0
9.5241,5.0218,1246,0,0
9.5489,4.9855,1237,0,0
9.5737,5.0056,1242,0,0
9.5985,5.0218,1246,0,0
9.6234,5.0338,1249,0,0
9.6482,5.0056,1242,0,0
9.6730,5.0056,1242,0,0
9.6978,4.9855,1237,0,0
9.7226,5.0298,1248,0,0
9.7474,4.9935,1239,0,0
9.7722,5.0097,1243,0,0
9.7970,5.0177,1245,0,0
9.8218,5.0218,1246,0,0
9.8466,5.0016,1241,0,0
9.8714,4.9935,1239,0,0
9.8962,5.0500,1253,0,0
9.9210,5.0056,1242,0,0
9.9458,4.9855,1237,0,0
9.9706,5.0177,1245,0,0
9.9954,5.0177,1245,0,0
10.0202,4.9855,1237,0,0
10.0450,5.0097,1243,0,0
10.0698,5.0218,1246,0,0
10.0946,4.9734,1234,0,0
10.1194,5.0177,1245,0,0
10.1442,5.0177,1245,0,0
10.1690,5.0097,1243,0,0
10.1938,5.0177,1245,0,0
10.2186,4.9935,1239,0,0
10.2434,5.0338,1249,0,0
10.2682,5.0218,1246,0,0
10.2930,5.0056,1242,0,0
10.3178,5.0097,1243,0,0
10.3426,5.0056,1242,0,0
10.3674,5.0218,1246,0,0
10.3922,5.0056,1242,0,0
10.4170,5.0177,1245,0,0
10.4418,5.0016,1241,0,0
10.4666,5.0218,1246,0,0
10.4914,5.0338,1249,0,0
10.5162,5.0016,1241,0,0
10.5410,4.9935,1239,0,0
10.5658,4.9855,1237,0,0
10.5906,4.9935,1239,0,0
10.6154,5.0097,1243,0,0
10.6403,5.0177,1245,0,0
10.6651,5.0097,1243,0,0
10.6899,5.0177,1245,0,0
10.7147,5.0218,1246,0,0
10.7395,4.9935,1239,0,0
10.7643,4.9734,1234,0,0
10.7891,5.0016,1241,0,0
10.8139,4.9734,1234,0,0
10.8387,4.9855,1237,0,0
10.8635,5.0056,1242,0,0
10.8883,5.0218,1246,0,0
10.9131,5.0298,1248,0,0
10.9379,5.0338,1249,0,0
10.9627,5.0218,1246,0,0
10.9875,5.0218,1246,0,0
11.0123,5.0338,1249,0,0
11.0371,5.0177,1245,0,0
11.0619,5.0218,1246,0,0
11.0867,4.9815,1236,0,0
11.1115,5.0177,1245,0,0
11.1363,5.0218,1246,0,0
11.1611,5.0177,1245,0,0
11.1859,4.9935,1239,0,0
11.2107,5.0097,1243,0,0
11.2355,5.0338,1249,0,0
11.2603,4.9815,1236,0,0
11.2851,4.9855,1237,0,0
11.3099,5.0016,1241,0,0
11.3347,5.0177,1245,0,0
11.3595,4.9935,1239,0,0
11.3843,5.0177,1245,0,0
11.4091,5.0218,1246,0,0
11.4339,5.0298,1248,0,0
11.4587,4.9935,1239,0,0
11.4835,4.9855,1237,0,0
11.5083,4.9855,1237,0,0
11.5331,5.0056,1242,0,0
11.5579,4.9855,1237,0,0
11.5827,4.9855,1237,0,0
11.6075,5.0379,1250,0,0
11.6323,5.0097,1243,0,0
11.6572,5.0097,1243,0,0
11.6820,5.0379,1250,0,0
11.7068,4.9935,1239,0,0
11.7316,4.9855,1237,0,0
11.7564,4.9815,1236,0,0
11.7812,5.0097,1243,0,0
11.8060,5.0097,1243,0,0
11.8308,4.9855,1237,0,0
11.8556,4.9815,1236,0,0
11.8804,5.0056,1242,0,0
11.9052,5.0177,1245,0,0
11.9300,4.9935,1239,0,0
11.9548,4.9734,1234,0,0
11.9796,5.0056,1242,0,0
12.0044,5.0298,1248,0,0
12.0292,4.9815,1236,0,0
12.0540,5.0177,1245,0,0
12.0788,5.0338,1249,0,0
12.1036,5.0218,1246,0,0
12.1284,4.9815,1236,0,0
12.1532,5.0298,1248,0,0
12.1780,5.0097,1243,0,0
12.2028,4.9935,1239,0,0
12.2276,5.0177,1245,0,0
12.2524,5.0097,1243,0,0
12.2772,4.9935,1239,0,0
12.3020,5.0177,1245,0,0
12.3268,5.0218,1246,0,0
12.3516,4.9855,1237,0,0
12.3764,5.0097,1243,0,0
12.4012,5.0056,1242,0,0
12.4260,5.0540,1254,0,0
12.4508,5.0177,1245,0,0
12.4756,4.9734,1234,0,0
12.5004,5.0097,1243,0,0
12.5252,5.0338,1249,0,0
12.5500,4.9855,1237,0,0
12.5748,5.0056,1242,0,0
12.5996,4.9855,1237,0,0
12.6244,5.0218,1246,0,0
12.6493,4.9855,1237,0,0
12.6741,5.0298,1248,0,0
12.6989,4.9935,1239,0,0
12.7237,4.9855,1237,0,0
12.7485,4.9935,1239,0,0
12.7733,5.0097,1243,0,0
12.7981,4.9855,1237,0,0
12.8229,4.9815,1236,0,0
12.8477,5.0298,1248,0,0
12.8725,4.9734,1234,0,0
12.8973,5.0298,1248,0,0
12.9221,5.0177,1245,0,0
12.9469,5.0218,1246,0,0
12.9717,5.0218,1246,0,0
12.9965,4.9815,1236,0,0
13.0213,5.0177,1245,0,0
13.0461,5.0298,1248,0,0
13.0709,4.9815,1236,0,0
13.0957,4.9734,1234,0,0
13.1205,4.9935,1239,0,0
13.1453,4.9412,1226,0,0
13.1701,4.9815,1236,0,0
13.1949,4.9855,1237,0,0
13.2197,5.0177,1245,0,0
13.2445,4.9815,1236,0,0
13.2693,4.9734,1234,0,0
13.2941,5.0218,1246,0,0
13.3189,4.9935,1239,0,0
13.3437,5.0218,1246,0,0
13.3685,5.0177,1245,0,0
13.3933,5.0177,1245,0,0
13.4181,5.0016,1241,0,0
13.4429,5.0177,1245,0,0
13.4677,4.9855,1237,0,0
13.4925,5.0177,1245,0,0
13.5173,5.0097,1243,0,0
13.5421,4.9855,1237,0,0
13.5669,5.0016,1241,0,0
13.5917,4.9855,1237,0,0
13.6165,5.0298,1248,0,0
13.6413,5.0056,1242,0,0
13.6662,4.9815,1236,0,0
13.6910,5.0056,1242,0,0
13.7158,5.0419,1251,0,0
13.7406,5.0218,1246,0,0
13.7654,4.9935,1239,0,0
13.7902,5.0218,1246,0,0
13.8150,5.0298,1248,0,0
13.8398,5.0056,1242,0,0
13.8646,4.9935,1239,0,0
13.8894,5.0056,1242,0,0
13.9142,5.0056,1242,0,0
13.9390,4.9935,1239,0,0
13.9638,4.9855,1237,0,0
13.9886,4.9734,1234,0,0
14.0134,5.0177,1245,0,0
14.0382,4.9935,1239,0,0
14.0630,4.9935,1239,0,0
14.0878,5.0177,1245,0,0
14.1126,4.9855,1237,0,0
14.1374,5.0056,1242,0,0
14.1622,5.0097,1243,0,0
14.1870,4.9935,1239,0,0
14.2118,5.0298,1248,0,0
14.2366,5.0540,1254,0,0
14.2614,5.0097,1243,0,0
14.2862,5.0298,1248,0,0
14.3110,5.0218,1246,0,0
14.3358,5.0177,1245,0,0
14.3606,5.0218,1246,0,0
14.3854,4.9734,1234,0,0
14.4102,5.0298,1248,0,0
14.4350,5.0177,1245,0,0
14.4598,4.9855,1237,0,0
14.4846,4.9815,1236,0,0
14.5094,4.9935,1239,0,0
14.5342,5.0177,1245,0,0
14.5590,5.0056,1242,0,0
14.5838,5.0177,1245,0,0
14.6086,5.0298,1248,0,0
14.6334,4.9855,1237,0,0
14.6582,4.9815,1236,0,0
14.6831,5.0177,1245,0,0
14.7079,5.0177,1245,0,0
14.7327,5.0016,1241,0,0
14.7575,5.0177,1245,0,0
14.7823,5.0298,1248,0,0
14.8071,4.9855,1237,0,0
14.8319,5.0218,1246,0,0
14.8567,4.9734,1234,0,0
14.8815,5.0177,1245,0,0
14.9063,5.0177,1245,0,0
14.9311,5.0218,1246,0,0
14.9559,5.0097,1243,0,0
14.9807,4.9815,1236,0,0
15.0055,5.0097,1243,0,0
15.0303,4.9815,1236,0,0
15.0551,5.0338,1249,0,0
15.0799,5.0218,1246,0,0
15.1047,4.9734,1234,0,0
15.1295,4.9855,1237,0,0
15.1543,5.0943,1264,0,0
15.1791,5.0218,1246,0,0
15.2039,5.0177,1245,0,0
15.2287,5.0298,1248,0,0
15.2535,4.9935,1239,0,0
15.2783,4.9935,1239,0,0
15.3031,5.0338,1249,0,0
15.3279,5.0097,1243,0,0
15.3527,4.9815,1236,0,0
15.3775,5.0218,1246,0,0
15.4023,5.0338,1249,0,0
15.4271,5.0056,1242,0,0
15.4519,4.9855,1237,0,0
15.4767,4.9855,1237,0,0
15.5015,5.0218,1246,0,0
15.5263,5.0016,1241,0,0
15.5511,5.0056,1242,0,0
15.5759,5.0177,1245,0,0
15.6007,5.0298,1248,0,0
15.6255,5.0177,1245,0,0
15.6503,5.0177,1245,0,0
15.6751,5.0218,1246,0,0
15.7000,4.9935,1239,0,0
15.7248,4.9734,1234,0,0
15.7496,5.0177,1245,0,0
15.7744,5.0338,1249,0,0
15.7992,5.0782,1260,0,0
15.8240,5.0177,1245,0,0
15.8488,4.9935,1239,0,0
15.8736,5.0218,1246,0,0
15.8984,5.0419,1251,0,0
15.9232,5.0056,1242,0,0
15.9480,5.0298,1248,0,0
15.9728,5.0298,1248,0,0
15.9976,5.0097,1243,0,0
16.0224,5.0742,1259,0,0
16.0472,5.0338,1249,0,0
16.0720,5.0218,1246,0,0
16.0968,5.0338,1249,0,0
16.1216,5.0097,1243,0,0
16.1464,5.0177,1245,0,0
16.1712,5.0338,1249,0,0
16.1960,5.0177,1245,0,0
16.2208,5.0419,1251,0,0
16.2456,4.9855,1237,0,0
16.2704,5.0056,1242,0,0
16.2952,5.0177,1245,0,0
16.3200,5.0177,1245,0,0
16.3448,4.9855,1237,0,0
16.3696,5.0177,1245,0,0
16.3944,5.0338,1249,0,0
16.4192,5.0338,1249,0,0
16.4440,5.0056,1242,0,0
16.4688,5.0177,1245,0,0
16.4936,5.0177,1245,0,0
16.5184,4.9815,1236,0,0
16.5432,5.0177,1245,0,0
16.5680,4.9815,1236,0,0
16.5928,5.0298,1248,0,0
16.6176,5.0338,1249,0,0
16.6424,5.0177,1245,0,0
16.6672,4.9331,1224,0,0
16.6921,5.0298,1248,0,0
16.7169,4.9815,1236,0,0
16.7417,5.0338,1249,0,0
16.7665,5.0177,1245,0,0
16.7913,5.0177,1245,0,0
16.8161,5.0218,1246,0,0
16.8409,5.0056,1242,0,0
16.8657,4.9935,1239,0,0
16.8905,5.0298,1248,0,0
16.9153,5.0298,1248,0,0
16.9401,5.0177,1245,0,0
16.9649,4.9815,1236,0,0
16.9897,5.0177,1245,0,0
17.0145,5.0298,1248,0,0
17.0393,5.0177,1245,0,0
17.0641,5.0177,1245,0,0
17.0889,5.0338,1249,0,0
17.1137,5.0056,1242,0,0
17.1385,4.9815,1236,0,0
17.1633,5.0338,1249,0,0
17.1881,5.0097,1243,0,0
17.2129,5.0218,1246,0,0
17.2377,5.0177,1245,0,0
17.2625,5.0177,1245,0,0
17.2873,5.0298,1248,0,0
17.3121,4.9815,1236,0,0
17.3369,5.0379,1250,0,0
17.3617,5.0298,1248,0,0
17.3865,5.0097,1243,0,0
17.4113,4.9935,1239,0,0
17.4361,5.0218,1246,0,0
17.4609,5.0177,1245,0,0
17.4857,5.0097,1243,0,0
17.5105,5.0580,1255,0,0
17.5353,5.0097,1243,0,0
17.5601,5.0298,1248,0,0
17.5849,5.0056,1242,0,0
17.6097,5.0338,1249,0,0
17.6345,5.0419,1251,0,0
17.6593,5.0298,1248,0,0
17.6841,4.9815,1236,0,0
17.7090,4.9935,1239,0,0
17.7338,5.0177,1245,0,0
17.7586,5.0177,1245,0,0
17.7834,5.0056,1242,0,0
17.8082,5.0419,1251,0,0
17.8330,4.9935,1239,0,0
17.8578,5.0218,1246,0,0
17.8826,4.9935,1239,0,0
17.9074,5.0298,1248,0,0
17.9322,5.0379,1250,0,0
17.9570,5.0097,1243,0,0
17.9818,4.9855,1237,0,0
18.0066,5.0338,1249,0,0
18.0314,4.9855,1237,0,0
18.0562,5.0056,1242,0,0
18.0810,5.0177,1245,0,0
18.1058,4.9935,1239,0,0
18.1306,5.0379,1250,0,0
18.1554,5.0177,1245,0,0
18.1802,5.0056,1242,0,0
18.2050,5.0298,1248,0,0
18.2298,5.0298,1248,0,0
18.2546,4.9815,1236,0,0
18.2794,5.0097,1243,0,0
18.3042,5.0379,1250,0,0
18.3290,5.0338,1249,0,0
18.3538,5.0056,1242,0,0
18.3786,5.0419,1251,0,0
18.4034,5.0298,1248,0,0
18.4282,5.0298,1248,0,0
18.4530,5.0218,1246,0,0
18.4778,5.0177,1245,0,0
18.5026,5.0379,1250,0,0
18.5274,5.0177,1245,0,0
18.5522,5.0177,1245,0,0
18.5770,4.9935,1239,0,0
18.6018,5.0177,1245,0,0
18.6266,5.0056,1242,0,0
18.6514,5.0097,1243,0,0
18.6762,5.0218,1246,0,0
18.7010,5.0338,1249,0,0
18.7259,5.0177,1245,0,0
18.7507,5.0056,1242,0,0
18.7755,5.0419,1251,0,0
18.8003,5.0177,1245,0,0
18.8251,5.0338,1249,0,0
18.8499,5.0097,1243,0,0
18.8747,5.0298,1248,0,0
18.8995,5.0419,1251,0,0
18.9243,5.0419,1251,0,0
18.9491,5.0177,1245,0,0
18.9739,5.0056,1242,0,0
18.9987,5.0500,1253,0,0
19.0235,4.9855,1237,0,0
19.0483,5.0097,1243,0,0
19.0731,4.9855,1237,0,0
19.0979,5.0218,1246,0,0
19.1227,4.9855,1237,0,0
19.1475,4.9694,1233,0,0
19.1723,5.0056,1242,0,0
19.1971,5.0379,1250,0,0
19.2219,5.0177,1245,0,0
19.2467,5.0056,1242,0,0
19.2715,5.0338,1249,0,0
19.2963,5.0097,1243,0,0
19.3211,5.0177,1245,0,0
19.3459,5.0056,1242,0,0
19.3707,5.0338,1249,0,0
19.3955,5.0338,1249,0,0
19.4203,5.0056,1242,0,0
19.4451,5.0218,1246,0,0
19.4699,5.0419,1251,0,0
19.4947,5.0338,1249,0,0
19.5195,4.9855,1237,0,0
19.5443,5.0097,1243,0,0
19.5691,5.0379,1250,0,0
19.5939,5.0177,1245,0,0
19.6187,5.0056,1242,0,0
19.6435,5.0298,1248,0,0
19.6683,5.0177,1245,0,0
19.6931,5.0056,1242,0,0
19.7179,5.0298,1248,0,0
19.7428,5.0379,1250,0,0
19.7676,5.0177,1245,0,0
19.7924,5.0379,1250,0,0
19.8172,5.0177,1245,0,0
19.8420,5.0177,1245,0,0
19.8668,5.0177,1245,0,0
19.8916,5.0056,1242,0,0
19.9164,5.0056,1242,0,0
19.9412,5.0742,1259,0,0
19.9660,5.0338,1249,0,0
19.9908,5.0298,1248,0,0
20.0156,5.0016,1241,0,0
20.0404,5.0419,1251,0,0
20.0652,5.0097,1243,0,0
20.0900,5.0177,1245,0,0
20.1148,5.0097,1243,0,0
20.1396,5.0540,1254,0,0
20.1644,5.0298,1248,0,0
20.1892,5.0338,1249,0,0
20.2140,5.0419,1251,0,0
20.2388,5.0298,1248,0,0
20.2636,5.0500,1253,0,0
20.2884,4.9935,1239,0,0
20.3132,5.0500,1253,0,0
20.3380,5.0661,1257,0,0
20.3628,5.0338,1249,0,0
20.3876,5.0298,1248,0,0
20.4124,5.0338,1249,0,0
20.4372,5.0661,1257,0,0
20.4620,5.0218,1246,0,0
20.4868,5.0218,1246,0,0
20.5116,5.0218,1246,0,0
20.5364,5.0177,1245,0,0
20.5612,5.0056,1242,0,0
20.5860,5.0218,1246,0,0
20.6108,4.9855,1237,0,0
20.6356,5.0298,1248,0,0
20.6604,5.0177,1245,0,0
20.6852,4.9815,1236,0,0
20.7100,5.0338,1249,0,0
20.7348,5.0419,1251,0,0
20.7597,5.0540,1254,0,0
20.7845,5.0056,1242,0,0
20.8093,5.0097,1243,0,0
20.8341,5.0298,1248,0,0
20.8589,5.0298,1248,0,0
20.8837,5.0338,1249,0,0
20.9085,5.0177,1245,0,0
20.9333,5.0661,1257,0,0
20.9581,5.0097,1243,0,0
20.9829,5.0177,1245,0,0
21.0077,5.0419,1251,0,0
21.0325,5.0218,1246,0,0
21.0573,5.0379,1250,0,0
21.0821,5.0056,1242,0,0
21.1069,5.0338,1249,0,0
21.1317,5.0338,1249,0,0
21.1565,5.0056,1242,0,0
21.1813,5.0298,1248,0,0
21.2061,5.0379,1250,0,0
21.2309,5.0298,1248,0,0
21.2557,5.0177,1245,0,0
21.2805,5.0177,1245,0,0
21.3053,5.0338,1249,0,0
21.3301,5.0379,1250,0,0
21.3549,5.0177,1245,0,0
21.3797,5.0338,1249,0,0
21.4045,5.0056,1242,0,0
21.4293,5.0338,1249,0,0
21.4541,5.0056,1242,0,0
21.4789,5.0056,1242,0,0
21.5037,5.0298,1248,0,0
21.5285,5.0097,1243,0,0
21.5533,5.0379,1250,0,0
21.5781,5.0338,1249,0,0
21.6029,5.0419,1251,0,0
21.6277,5.0177,1245,0,0
21.6525,5.0379,1250,0,0
21.6773,5.0419,1251,0,0
21.7021,5.0298,1248,0,0
21.7269,5.0298,1248,0,0
21.7518,5.0338,1249,0,0
21.7766,5.0177,1245,0,0
21.8014,5.0419,1251,0,0
21.8262,5.0097,1243,0,0
21.8510,5.0419,1251,0,0
21.8758,5.0379,1250,0,0
21.9006,5.0338,1249,0,0
21.9254,5.0298,1248,0,0
21.9502,5.0298,1248,0,0
21.9750,5.0298,1248,0,0
21.9998,5.0419,1251,0,0
22.0246,5.0056,1242,0,0
22.0494,5.0338,1249,0,0
22.0742,5.0338,1249,0,0
22.0990,5.0298,1248,0,0
22.1238,5.0298,1248,0,0
22.1486,5.0177,1245,0,0
22.1734,5.0298,1248,0,0
22.1982,5.0338,1249,0,0
22.2230,5.0218,1246,0,0
22.2478,5.0298,1248,0,0
22.2726,5.0419,1251,0,0
22.2974,5.0218,1246,0,0
22.3222,5.0298,1248,0,0
22.3470,4.9935,1239,0,0
22.3718,5.0338,1249,0,0
22.3966,5.0338,1249,0,0
22.4214,5.0338,1249,0,0
22.4462,5.0177,1245,0,0
22.4710,5.0298,1248,0,0
22.4958,5.0379,1250,0,0
22.5206,5.0218,1246,0,0
22.5454,5.0056,1242,0,0
22.5702,5.0298,1248,0,0
22.5950,5.0540,1254,0,0
22.6198,5.0218,1246,0,0
22.6446,5.0218,1246,0,0
22.6694,5.0056,1242,0,0
22.6942,5.0177,1245,0,0
22.7190,5.0379,1250,0,0
22.7438,5.0097,1243,0,0
22.7687,5.0338,1249,0,0
22.7935,5.0379,1250,0,0
22.8183,5.0338,1249,0,0
22.8431,5.0298,1248,0,0
22.8679,5.0097,1243,0,0
22.8927,5.0298,1248,0,0
22.9175,5.0218,1246,0,0
22.9423,5.0218,1246,0,0
22.9671,5.0177,1245,0,0
22.9919,5.0782,1260,0,0
23.0167,5.0338,1249,0,0
23.0415,5.0177,1245,0,0
23.0663,5.0218,1246,0,0
23.0911,5.0056,1242,0,0
23.1159,5.0218,1246,0,0
23.1407,5.0056,1242,0,0
23.1655,5.0419,1251,0,0
23.1903,5.0218,1246,0,0
23.2151,5.0177,1245,0,0
23.2399,5.0218,1246,0,0
23.2647,5.0419,1251,0,0
23.2895,5.0097,1243,0,0
23.3143,5.0338,1249,0,0
23.3391,5.0298,1248,0,0
23.3639,5.0298,1248,0,0
23.3887,5.0298,1248,0,0
23.4135,5.0218,1246,0,0
23.4383,5.0338,1249,0,0
23.4631,5.0218,1246,0,0
23.4879,5.0338,1249,0,0
23.5127,5.0177,1245,0,0
23.5375,5.0177,1245,0,0
23.5623,5.0540,1254,0,0
23.5871,5.0177,1245,0,0
23.6119,5.0218,1246,0,0
23.6367,5.0379,1250,0,0
23.6615,5.0218,1246,0,0
23.6863,5.0298,1248,0,0
23.7111,5.0218,1246,0,0
23.7359,5.0218,1246,0,0
23.7607,5.0500,1253,0,0
23.7856,5.0338,1249,0,0
23.8104,5.0500,1253,0,0
23.8352,5.0661,1257,0,0
23.8600,5.0056,1242,0,0
23.8848,5.0419,1251,0,0
23.9096,5.0338,1249,0,0
23.9344,5.0298,1248,0,0
23.9592,5.0298,1248,0,0
23.9840,5.0419,1251,0,0
24.0088,5.0177,1245,0,0
24.0336,5.0177,1245,0,0
24.0584,5.0056,1242,0,0
24.0832,5.0580,1255,0,0
24.1080,5.0218,1246,0,0
24.1328,5.0056,1242,0,0
24.1576,5.0177,1245,0,0
24.1824,5.0419,1251,0,0
24.2072,5.0338,1249,0,0
24.2320,5.0218,1246,0,0
24.2568,5.0177,1245,0,0
24.2816,5.0218,1246,0,0
24.3064,5.0298,1248,0,0
24.3312,5.0983,1265,0,0
24.3560,5.0379,1250,0,0
24.3808,5.0338,1249,0,0
24.4056,5.0218,1246,0,0
24.4304,5.0298,1248,0,0
24.4552,5.0056,1242,0,0
24.4800,5.0661,1257,0,0
24.5048,5.0419,1251,0,0
24.5296,5.0056,1242,0,0
24.5544,5.0218,1246,0,0
24.5792,5.0500,1253,0,0
24.6040,5.0298,1248,0,0
24.6288,5.0177,1245,0,0
24.6536,5.0419,1251,0,0
24.6784,5.0540,1254,0,0
24.7032,5.0419,1251,0,0
24.7280,5.0298,1248,0,0
24.7528,5.0298,1248,0,0
24.7777,5.0379,1250,0,0
24.8025,5.0177,1245,0,0
24.8273,5.0338,1249,0,0
24.8521,5.0661,1257,0,0
24.8769,5.0338,1249,0,0
24.9017,5.0298,1248,0,0
24.9265,4.9935,1239,0,0
24.9513,5.0177,1245,0,0
24.9761,5.0742,1259,0,0
25.0009,5.0298,1248,0,0
25.0257,5.0298,1248,0,0
25.0505,5.0500,1253,0,0
25.0753,5.0218,1246,0,0
25.1001,5.0177,1245,0,0
25.1249,5.0177,1245,0,0
25.1497,5.0338,1249,0,0
25.1745,5.0742,1259,0,0
25.1993,5.0056,1242,0,0
25.2241,5.0298,1248,0,0
25.2489,5.0298,1248,0,0
25.2737,5.0661,1257,0,0
25.2985,5.0298,1248,0,0
25.3233,5.0338,1249,0,0
25.3481,5.0782,1260,0,0
25.3729,5.0298,1248,0,0
25.3977,5.0338,1249,0,0
25.4225,5.0298,1248,0,0
25.4473,5.0338,1249,0,0
25.4721,5.0540,1254,0,0
25.4969,5.0782,1260,0,0
25.5217,5.0338,1249,0,0
25.5465,5.0218,1246,0,0
25.5713,5.0177,1245,0,0
25.5961,5.0379,1250,0,0
25.6209,5.0298,1248,0,0
25.6457,5.0177,1245,0,0
25.6705,5.0782,1260,0,0
25.6953,5.0338,1249,0,0
25.7201,5.0177,1245,0,0
25.7449,5.0661,1257,0,0
25.7697,5.0500,1253,0,0
25.7945,5.0338,1249,0,0
25.8194,5.0218,1246,0,0
25.8442,5.0661,1257,0,0
25.8690,5.0338,1249,0,0
25.8938,5.0298,1248,0,0
25.9186,5.0379,1250,0,0
25.9434,5.0419,1251,0,0
25.9682,5.0056,1242,0,0
25.9930,5.0338,1249,0,0
26.0178,5.0661,1257,0,0
26.0426,5.0338,1249,0,0
26.0674,5.0218,1246,0,0
26.0922,5.0338,1249,0,0
26.1170,5.0500,1253,0,0
26.1418,5.0338,1249,0,0
26.1666,5.0177,1245,0,0
26.1914,5.0338,1249,0,0
26.2162,5.0419,1251,0,0
26.2410,5.0338,1249,0,0
26.2658,5.0218,1246,0,0
26.2906,5.0338,1249,0,0
26.3154,5.0298,1248,0,0
26.3402,5.0218,1246,0,0
26.3650,5.0419,1251,0,0
26.3898,5.0500,1253,0,0
26.4146,4.9935,1239,0,0
26.4394,5.0218,1246,0,0
26.4642,5.0822,1261,0,0
26.4890,5.0782,1260,0,0
26.5138,5.0338,1249,0,0
26.5386,5.0379,1250,0,0
26.5634,5.0338,1249,0,0
26.5882,5.0298,1248,0,0
26.6130,5.0338,1249,0,0
26.6378,5.0338,1249,0,0
26.6626,5.0338,1249,0,0
26.6874,5.0338,1249,0,0
26.7122,5.0338,1249,0,0
26.7370,5.0782,1260,0,0
26.7618,5.0097,1243,0,0
26.7866,5.0218,1246,0,0
26.8115,5.0379,1250,0,0
26.8363,5.0338,1249,0,0
26.8611,5.0661,1257,0,0
26.8859,5.0218,1246,0,0
26.9107,5.0701,1258,0,0
26.9355,5.0943,1264,0,0
26.9603,5.0379,1250,0,0
26.9851,5.0419,1251,0,0
27.0099,5.0379,1250,0,0
27.0347,5.0056,1242,0,0
27.0595,5.0419,1251,0,0
27.0843,5.0379,1250,0,0
27.1091,5.0338,1249,0,0
27.1339,5.0500,1253,0,0
27.1587,5.0177,1245,0,0
27.1835,5.0338,1249,0,0
27.2083,5.0379,1250,0,0
27.2331,5.0379,1250,0,0
27.2579,5.0419,1251,0,0
27.2827,5.0661,1257,0,0
27.3075,5.0338,1249,0,0
27.3323,5.0338,1249,0,0
27.3571,5.0298,1248,0,0
27.3819,5.0661,1257,0,0
27.4067,5.0338,1249,0,0
27.4315,5.0338,1249,0,0
27.4563,5.0419,1251,0,0
27.4811,5.0298,1248,0,0
27.5059,5.0338,1249,0,0
27.5307,5.0500,1253,0,0
27.5555,5.0338,1249,0,0
27.5803,5.0701,1258,0,0
27.6051,5.0661,1257,0,0
27.6299,5.0218,1246,0,0
27.6547,5.0218,1246,0,0
27.6795,5.0338,1249,0,0
27.7043,5.0379,1250,0,0
27.7291,5.0338,1249,0,0
27.7539,4.9935,1239,0,0
27.7787,5.0419,1251,0,0
27.8035,5.0379,1250,0,0
27.8284,5.0298,1248,0,0
27.8532,5.0338,1249,0,0
27.8780,5.0298,1248,0,0
27.9028,5.0338,1249,0,0
27.9276,5.0298,1248,0,0
27.9524,5.0298,1248,0,0
27.9772,5.0379,1250,0,0
28.0020,5.0742,1259,0,0
28.0268,5.0298,1248,0,0
28.0516,5.0298,1248,0,0
28.0764,5.0661,1257,0,0
28.1012,5.0298,1248,0,0
28.1260,5.0379,1250,0,0
28.1508,5.0580,1255,0,0
28.1756,5.0419,1251,0,0
28.2004,5.0419,1251,0,0
28.2252,5.0298,1248,0,0
28.2500,5.0379,1250,0,0
28.2748,5.0701,1258,0,0
28.2996,5.0338,1249,0,0
28.3244,5.0298,1248,0,0
28.3492,5.0298,1248,0,0
28.3740,5.0298,1248,0,0
28.3988,5.0419,1251,0,0
28.4236,5.0338,1249,0,0
28.4484,5.0983,1265,0,0
28.4732,5.0661,1257,0,0
28.4980,5.0701,1258,0,0
28.5228,5.0500,1253,0,0
28.5476,5.0338,1249,0,0
28.5724,5.0500,1253,0,0
28.5972,5.0500,1253,0,0
28.6220,5.0218,1246,0,0
28.6468,5.0218,1246,0,0
28.6716,5.0661,1257,0,0
28.6964,5.0298,1248,0,0
28.7212,5.0419,1251,0,0
28.7460,5.0338,1249,0,0
28.7708,5.0661,1257,0,0
28.7956,5.0338,1249,0,0
28.8204,5.0500,1253,0,0
28.8453,5.0419,1251,0,0
28.8701,5.0419,1251,0,0
28.8949,5.0338,1249,0,0
28.9197,5.0338,1249,0,0
28.9445,5.0580,1255,0,0
28.9693,5.0500,1253,0,0
28.9941,5.0379,1250,0,0
29.0189,5.0218,1246,0,0
29.0437,5.0580,1255,0,0
29.0685,5.0338,1249,0,0
29.0933,5.0177,1245,0,0
29.1181,5.0379,1250,0,0
29.1429,5.0218,1246,0,0
29.1677,5.0338,1249,0,0
29.1925,5.0056,1242,0,0
29.2173,5.0338,1249,0,0
29.2421,5.0862,1262,0,0
29.2669,5.0580,1255,0,0
29.2917,5.0177,1245,0,0
29.3165,5.0540,1254,0,0
29.3413,5.0500,1253,0,0
29.3661,5.0298,1248,0,0
29.3909,5.0218,1246,0,0
29.4157,5.0338,1249,0,0
29.4405,5.0661,1257,0,0
29.4653,5.0379,1250,0,0
29.4901,5.0338,1249,0,0
29.5149,5.0742,1259,0,0
29.5397,5.0379,1250,0,0
29.5645,5.0298,1248,0,0
29.5893,5.0177,1245,0,0
29.6141,5.0782,1260,0,0
29.6389,5.0782,1260,0,0
29.6637,5.0338,1249,0,0
29.6885,5.0097,1243,0,0
29.7133,5.0661,1257,0,0
29.7381,5.0742,1259,0,0
29.7629,5.0379,1250,0,0
29.7877,5.0379,1250,0,0
29.8125,5.0419,1251,0,0
29.8374,5.0379,1250,0,0
29.8622,5.0338,1249,0,0
29.8870,5.0701,1258,0,0
29.9118,5.0580,1255,0,0
29.9366,5.0177,1245,0,0
29.9614,5.0097,1243,0,0
29.9862,5.0338,1249,0,0
30.0110,5.0782,1260,0,0
30.0358,5.0298,1248,0,0
30.0606,5.0419,1251,0,0
30.0854,5.0419,1251,0,0
30.1102,5.0500,1253,0,0
30.1350,5.0540,1254,0,0
30.1598,5.0419,1251,0,0
30.1846,5.0298,1248,0,0
30.2094,5.0379,1250,0,0
30.2342,5.0500,1253,0,0
30.2590,5.0580,1255,0,0
30.2838,5.0379,1250,0,0
30.3086,5.0500,1253,0,0
30.3334,5.0218,1246,0,0
30.3582,5.0338,1249,0,0
30.3830,5.0500,1253,0,0
30.4078,5.0338,1249,0,0
30.4326,5.0298,1248,0,0
30.4574,5.0177,1245,0,0
30.4822,5.0298,1248,0,0
30.5070,5.0298,1248,0,0
30.5318,5.0218,1246,0,0
30.5566,5.0540,1254,0,0
30.5814,5.0218,1246,0,0
30.6062,5.0500,1253,0,0
30.6310,5.0782,1260,0,0
30.6558,5.0782,1260,0,0
30.6806,5.0661,1257,0,0
30.7054,5.0218,1246,0,0
30.7302,5.0742,1259,0,0
30.7550,5.0419,1251,0,0
30.7798,5.0419,1251,0,0
30.8046,5.0661,1257,0,0
30.8294,5.0298,1248,0,0
30.8542,5.0661,1257,0,0
30.8791,5.0540,1254,0,0
30.9039,5.0338,1249,0,0
30.9287,5.0540,1254,0,0
30.9535,5.0218,1246,0,0
30.9783,5.0056,1242,0,0
31.0031,5.0540,1254,0,0
31.0279,5.0419,1251,0,0
31.0527,5.0862,1262,0,0
31.0775,5.0379,1250,0,0
31.1023,5.0540,1254,0,0
31.1271,5.0742,1259,0,0
31.1519,5.0338,1249,0,0
31.1767,5.0419,1251,0,0
31.2015,5.0379,1250,0,0
31.2263,5.0298,1248,0,0
31.2511,5.0500,1253,0,0
31.2759,5.0218,1246,0,0
31.3007,5.0298,1248,0,0
31.3255,5.0379,1250,0,0
31.3503,5.0338,1249,0,0
31.3751,5.0298,1248,0,0
31.3999,5.0379,1250,0,0
31.4247,5.0419,1251,0,0
31.4495,5.0782,1260,0,0
31.4743,5.0338,1249,0,0
31.4991,5.0379,1250,0,0
31.5239,5.0701,1258,0,0
31.5487,5.0742,1259,0,0
31.5735,5.0661,1257,0,0
31.5983,5.0338,1249,0,0
31.6231,5.0379,1250,0,0
31.6479,5.0419,1251,0,0
31.6727,5.0419,1251,0,0
31.6975,5.0298,1248,0,0
31.7223,5.0943,1264,0,0
31.7471,5.0379,1250,0,0
31.7719,5.0338,1249,0,0
31.7967,5.0177,1245,0,0
31.8215,5.0661,1257,0,0
31.8463,5.0338,1249,0,0
31.8712,5.0500,1253,0,0
31.8960,5.0782,1260,0,0
31.9208,5.0379,1250,0,0
31.9456,5.0742,1259,0,0
31.9704,5.0338,1249,0,0
31.9952,5.0298,1248,0,0
32.0200,5.0338,1249,0,0
32.0448,5.0540,1254,0,0
32.0696,5.0701,1258,0,0
32.0944,5.0379,1250,0,0
32.1192,5.0379,1250,0,0
32.1440,5.0742,1259,0,0
32.1688,5.0580,1255,0,0
32.1936,5.0298,1248,0,0
32.2184,5.0419,1251,0,0
32.2432,5.0379,1250,0,0
32.2680,5.0580,1255,0,0
32.2928,5.0338,1249,0,0
32.3176,5.0500,1253,0,0
32.3424,5.0500,1253,0,0
32.3672,5.0419,1251,0,0
32.3920,5.0661,1257,0,0
32.4168,5.0218,1246,0,0
32.4416,5.0500,1253,0,0
32.4664,5.0661,1257,0,0
32.4912,5.0661,1257,0,0
32.5160,5.0782,1260,0,0
32.5408,5.0298,1248,0,0
32.5656,5.0177,1245,0,0
32.5904,5.0056,1242,0,0
32.6152,5.0338,1249,0,0
32.6400,5.0661,1257,0,0
32.6648,5.0379,1250,0,0
32.6896,5.0379,1250,0,0
32.7144,5.0419,1251,0,0
32.7392,5.0701,1258,0,0
32.7640,5.0218,1246,0,0
32.7888,5.0419,1251,0,0
32.8136,5.0379,1250,0,0
32.8384,5.0419,1251,0,0
32.8633,5.0661,1257,0,0
32.8881,5.0419,1251,0,0
32.9129,5.0419,1251,0,0
32.9377,5.0661,1257,0,0
32.9625,5.0419,1251,0,0
32.9873,5.0379,1250,0,0
33.0121,5.0419,1251,0,0
33.0369,5.0580,1255,0,0
33.0617,5.0419,1251,0,0
33.0865,5.0218,1246,0,0
33.1113,5.0500,1253,0,0
33.1361,5.0338,1249,0,0
33.1609,5.0742,1259,0,0
33.1857,5.0338,1249,0,0
33.2105,5.0500,1253,0,0
33.2353,5.0701,1258,0,0
33.2601,5.0298,1248,0,0
33.2849,5.0056,1242,0,0
33.3097,5.0338,1249,0,0
33.3345,5.0782,1260,0,0
33.3593,5.0338,1249,0,0
33.3841,5.0177,1245,0,0
33.4089,5.0822,1261,0,0
33.4337,5.0661,1257,0,0
33.4585,5.0177,1245,0,0
33.4833,5.0500,1253,0,0
33.5081,5.0782,1260,0,0
33.5329,5.0419,1251,0,0
33.5577,5.0742,1259,0,0
33.5825,5.0298,1248,0,0
33.6073,5.0379,1250,0,0
33.6321,5.0419,1251,0,0
33.6569,5.0298,1248,0,0
33.6817,5.0580,1255,0,0
33.7065,5.0379,1250,0,0
33.7313,5.0379,1250,0,0
33.7561,5.0500,1253,0,0
33.7809,5.0500,1253,0,0
33.8057,5.0661,1257,0,0
33.8305,5.0661,1257,0,0
33.8553,5.0500,1253,0,0
33.8801,5.0661,1257,0,0
33.9050,5.0742,1259,0,0
33.9298,5.0338,1249,0,0
33.9546,5.0298,1248,0,0
33.9794,5.0379,1250,0,0
34.0042,5.0379,1250,0,0
34.0290,5.0742,1259,0,0
34.0538,5.0177,1245,0,0
34.0786,5.0419,1251,0,0
34.1034,5.0338,1249,0,0
34.1282,5.0580,1255,0,0
34.1530,5.0379,1250,0,0
34.1778,5.0338,1249,0,0
34.2026,5.0338,1249,0,0
34.2274,5.0298,1248,0,0
34.2522,5.0379,1250,0,0
34.2770,5.0338,1249,0,0
34.3018,5.0862,1262,0,0
34.3266,5.0419,1251,0,0
34.3514,5.0298,1248,0,0
34.3762,5.0862,1262,0,0
34.4010,5.0661,1257,0,0
34.4258,5.0742,1259,0,0
34.4506,5.0338,1249,0,0
34.4754,5.0379,1250,0,0
34.5002,5.0661,1257,0,0
34.5250,5.0540,1254,0,0
34.5498,5.0540,1254,0,0
34.5746,5.0338,1249,0,0
34.5994,5.0379,1250,0,0
34.6242,5.0701,1258,0,0
34.6490,5.0338,1249,0,0
34.6738,5.0500,1253,0,0
34.6986,5.0338,1249,0,0
34.7234,5.0298,1248,0,0
34.7482,5.0338,1249,0,0
34.7730,5.0338,1249,0,0
34.7978,5.0500,1253,0,0
34.8226,5.0298,1248,0,0
34.8474,5.0419,1251,0,0
34.8722,5.0903,1263,0,0
34.8970,5.0862,1262,0,0
34.9219,5.0177,1245,0,0
34.9467,5.0540,1254,0,0
34.9715,5.0701,1258,0,0
34.9963,5.0701,1258,0,0
35.0211,5.0338,1249,0,0
35.0459,5.0419,1251,0,0
35.0707,5.0822,1261,0,0
35.0955,5.0540,1254,0,0
35.1203,5.0419,1251,0,0
35.1451,5.0701,1258,0,0
35.1699,5.0742,1259,0,0
35.1947,5.0419,1251,0,0
35.2195,5.0338,1249,0,0
35.2443,4.9935,1239,0,0
35.2691,5.0742,1259,0,0
35.2939,5.0540,1254,0,0
35.3187,5.0379,1250,0,0
35.3435,5.0419,1251,0,0
35.3683,5.0742,1259,0,0
35.3931,5.0379,1250,0,0
35.4179,5.0862,1262,0,0
35.4427,5.0379,1250,0,0
35.4675,5.0379,1250,0,0
35.4923,5.0419,1251,0,0
35.5171,5.0338,1249,0,0
35.5419,5.0742,1259,0,0
35.5667,5.0540,1254,0,0
35.5915,5.0379,1250,0,0
35.6163,5.0500,1253,0,0
35.6411,5.0661,1257,0,0
35.6659,5.0177,1245,0,0
35.6907,5.0500,1253,0,0
35.7155,5.0742,1259,0,0
35.7403,5.0338,1249,0,0
35.7651,5.0419,1251,0,0
35.7899,5.0419,1251,0,0
35.8147,5.0379,1250,0,0
35.8395,5.0379,1250,0,0
35.8643,5.0379,1250,0,0
35.8891,5.0742,1259,0,0
35.9140,5.0500,1253,0,0
35.9388,5.0500,1253,0,0
35.9636,5.0338,1249,0,0
35.9884,5.0782,1260,0,0
36.0132,5.0701,1258,0,0
36.0380,5.0540,1254,0,0
36.0628,5.0419,1251,0,0
36.0876,5.0701,1258,0,0
36.1124,4.9935,1239,0,0
36.1372,5.0218,1246,0,0
36.1620,5.0782,1260,0,0
36.1868,5.0782,1260,0,0
36.2116,5.0500,1253,0,0
36.2364,5.0661,1257,0,0
36.2612,5.0177,1245,0,0
36.2860,5.0540,1254,0,0
36.3108,5.0742,1259,0,0
36.3356,4.9935,1239,0,0
36.3604,5.0338,1249,0,0
36.3852,5.0419,1251,0,0
36.4100,5.0742,1259,0,0
36.4348,5.0298,1248,0,0
36.4596,5.0379,1250,0,0
36.4844,5.0661,1257,0,0
36.5092,5.0500,1253,0,0
36.5340,5.0661,1257,0,0
36.5588,5.0661,1257,0,0
36.5836,5.0701,1258,0,0
36.6084,5.0298,1248,0,0
36.6332,5.0742,1259,0,0
36.6580,5.0540,1254,0,0
36.6828,5.0580,1255,0,0
36.7076,5.0500,1253,0,0
36.7324,5.0338,1249,0,0
36.7572,5.0742,1259,0,0
36.7820,5.0338,1249,0,0
36.8068,5.0379,1250,0,0
36.8316,5.0500,1253,0,0
36.8564,5.0782,1260,0,0
36.8812,5.0661,1257,0,0
36.9060,5.0379,1250,0,0
36.9309,5.0661,1257,0,0
36.9557,5.0742,1259,0,0
36.9805,5.1507,1278,0,0
37.0053,5.0298,1248,0,0
37.0301,5.0701,1258,0,0
37.0549,5.0338,1249,0,0
37.0797,5.0943,1264,0,0
37.1045,5.0298,1248,0,0
37.1293,5.0419,1251,0,0
37.1541,5.0782,1260,0,0
37.1789,5.0661,1257,0,0
37.2037,5.0419,1251,0,0
37.2285,5.0419,1251,0,0
37.2533,5.0782,1260,0,0
37.2781,5.0338,1249,0,0
37.3029,5.0661,1257,0,0
37.3277,5.0298,1248,0,0
37.3525,5.0298,1248,0,0
37.3773,5.0338,1249,0,0
37.4021,5.0661,1257,0,0
37.4269,5.0419,1251,0,0
37.4517,5.0500,1253,0,0
37.4765,5.0500,1253,0,0
37.5013,5.0742,1259,0,0
37.5261,5.0500,1253,0,0
37.5509,5.0661,1257,0,0
37.5757,5.0661,1257,0,0
37.6005,5.0379,1250,0,0
37.6253,5.0338,1249,0,0
37.6501,5.0419,1251,0,0
37.6749,5.0661,1257,0,0
37.6997,5.0379,1250,0,0
37.7245,5.0298,1248,0,0
37.7493,5.0661,1257,0,0
37.7741,5.0661,1257,0,0
37.7989,5.0822,1261,0,0
37.8237,5.0419,1251,0,0
37.8485,5.1427,1276,0,0
37.8733,5.0338,1249,0,0
37.8981,5.0177,1245,0,0
37.9230,5.0742,1259,0,0
37.9478,5.0338,1249,0,0
37.9726,5.0540,1254,0,0
37.9974,5.0218,1246,0,0
38.0222,5.0338,1249,0,0
38.0470,5.0782,1260,0,0
38.0718,5.0701,1258,0,0
38.0966,5.0379,1250,0,0
38.1214,5.0379,1250,0,0
38.1462,5.0862,1262,0,0
38.1710,5.0419,1251,0,0
38.1958,5.0661,1257,0,0
38.2206,5.0782,1260,0,0
38.2454,5.0379,1250,0,0
38.2702,5.0298,1248,0,0
38.2950,5.0500,1253,0,0
38.3198,5.0822,1261,0,0
38.3446,5.0338,1249,0,0
38.3694,5.0782,1260,0,0
38.3942,5.0419,1251,0,0
38.4190,5.0540,1254,0,0
38.4438,5.0298,1248,0,0
38.4686,5.0742,1259,0,0
38.4934,5.0540,1254,0,0
38.5182,5.0943,1264,0,0
38.5430,5.0701,1258,0,0
38.5678,5.0742,1259,0,0
38.5926,5.0419,1251,0,0
38.6174,5.0419,1251,0,0
38.6422,5.0742,1259,0,0
38.6670,5.0379,1250,0,0
38.6918,5.0661,1257,0,0
38.7166,5.0822,1261,0,0
38.7414,5.0379,1250,0,0
38.7662,5.0379,1250,0,0
38.7910,5.0338,1249,0,0
38.8158,5.0500,1253,0,0
38.8406,5.0862,1262,0,0
38.8654,5.0782,1260,0,0
38.8902,5.0782,1260,0,0
38.9150,5.0338,1249,0,0
38.9398,5.0419,1251,0,0
38.9647,5.0298,1248,0,0
38.9895,5.0862,1262,0,0
39.0143,5.0500,1253,0,0
39.0391,5.0500,1253,0,0
39.0639,5.0056,1242,0,0
39.0887,5.0782,1260,0,0
39.1135,5.0701,1258,0,0
39.1383,5.0379,1250,0,0
39.1631,5.0419,1251,0,0
39.1879,5.0701,1258,0,0
39.2127,5.0177,1245,0,0
39.2375,5.0500,1253,0,0
39.2623,5.0782,1260,0,0
39.2871,5.0379,1250,0,0
39.3119,5.0661,1257,0,0
39.3367,5.0742,1259,0,0
39.3615,5.0862,1262,0,0
39.3863,5.0338,1249,0,0
39.4111,5.0379,1250,0,0
39.4359,5.0862,1262,0,0
39.4607,5.0379,1250,0,0
39.4855,5.0419,1251,0,0
39.5103,5.0500,1253,0,0
39.5351,5.0419,1251,0,0
39.5599,5.0661,1257,0,0
39.5847,5.0661,1257,0,0
39.6095,5.0379,1250,0,0
39.6343,5.0862,1262,0,0
39.6591,5.0419,1251,0,0
39.6839,5.0540,1254,0,0
39.7087,5.0943,1264,0,0
39.7335,5.0338,1249,0,0
39.7583,5.0500,1253,0,0
39.7831,5.0419,1251,0,0
39.8079,5.0419,1251,0,0
39.8327,5.0661,1257,0,0
39.8575,5.0298,1248,0,0
39.8823,5.0701,1258,0,0
39.9071,5.0500,1253,0,0
39.9319,5.0338,1249,0,0
39.9567,5.0661,1257,0,0
39.9816,5.0742,1259,0,0
40.0064,5.0782,1260,0,0
40.0312,5.0500,1253,0,0
40.0560,5.0500,1253,0,0
40.0808,5.0419,1251,0,0
40.1056,5.0298,1248,0,0
40.1304,5.0338,1249,0,0
40.1552,5.0419,1251,0,0
40.1800,5.0379,1250,0,0
40.2048,5.0822,1261,0,0
40.2296,5.0822,1261,0,0
40.2544,5.0298,1248,0,0
40.2792,5.0742,1259,0,0
40.3040,5.0540,1254,0,0
40.3288,5.0862,1262,0,0
40.3536,5.0379,1250,0,0
40.3784,5.0298,1248,0,0
40.4032,5.0379,1250,0,0
40.4280,5.0661,1257,0,0
40.4528,5.0177,1245,0,0
40.4776,5.0338,1249,0,0
40.5024,5.0661,1257,0,0
40.5272,5.0419,1251,0,0
40.5520,5.0338,1249,0,0
40.5768,5.0661,1257,0,0
40.6016,5.0742,1259,0,0
40.6264,5.0661,1257,0,0
40.6512,5.0419,1251,0,0
40.6760,5.0419,1251,0,0
40.7008,5.0782,1260,0,0
40.7256,5.0379,1250,0,0
40.7504,5.0218,1246,0,0
40.7752,5.0782,1260,0,0
40.8000,5.0419,1251,0,0
40.8248,5.0661,1257,0,0
40.8496,5.0782,1260,0,0
40.8744,5.0338,1249,0,0
40.8992,5.0298,1248,0,0
40.9240,5.0540,1254,0,0
40.9488,5.0701,1258,0,0
40.9737,5.0218,1246,0,0
40.9985,5.0701,1258,0,0
41.0233,5.0298,1248,0,0
41.0481,5.0580,1255,0,0
41.0729,5.0419,1251,0,0
41.0977,5.0822,1261,0,0
41.1225,5.0379,1250,0,0
41.1473,5.0097,1243,0,0
41.1721,5.0742,1259,0,0
41.1969,5.0419,1251,0,0
41.2217,5.0742,1259,0,0
41.2465,5.0419,1251,0,0
41.2713,5.0742,1259,0,0
41.2961,5.0782,1260,0,0
41.3209,5.0298,1248,0,0
41.3457,5.0701,1258,0,0
41.3705,5.0661,1257,0,0
41.3953,5.0097,1243,0,0
41.4201,5.0500,1253,0,0
41.4449,5.0903,1263,0,0
41.4697,5.0379,1250,0,0
41.4945,5.0701,1258,0,0
41.5193,5.0701,1258,0,0
41.5441,5.0862,1262,0,0
41.5689,5.0338,1249,0,0
41.5937,5.0822,1261,0,0
41.6185,5.0701,1258,0,0
41.6433,5.0661,1257,0,0
41.6681,5.0379,1250,0,0
41.6929,5.0661,1257,0,0
41.7177,5.0661,1257,0,0
41.7425,5.0500,1253,0,0
41.7673,5.0903,1263,0,0
41.7921,5.0419,1251,0,0
41.8169,5.0338,1249,0,0
41.8417,5.0338,1249,0,0
41.8665,5.0540,1254,0,0
41.8913,5.0903,1263,0,0
41.9161,5.0742,1259,0,0
41.9409,5.0782,1260,0,0
41.9657,5.0742,1259,0,0
41.9906,5.0782,1260,0,0
42.0154,5.0500,1253,0,0
42.0402,5.0379,1250,0,0
42.0650,5.0661,1257,0,0
42.0898,5.0419,1251,0,0
42.1146,5.0661,1257,0,0
42.1394,5.0862,1262,0,0
42.1642,5.0742,1259,0,0
42.1890,5.0338,1249,0,0
42.2138,5.0379,1250,0,0
42.2386,5.0822,1261,0,0
42.2634,5.0540,1254,0,0
42.2882,5.0540,1254,0,0
42.3130,5.0661,1257,0,0
42.3378,5.0742,1259,0,0
42.3626,5.0661,1257,0,0
42.3874,5.0782,1260,0,0
42.4122,5.0661,1257,0,0
42.4370,5.0742,1259,0,0
42.4618,5.0661,1257,0,0
42.4866,5.0419,1251,0,0
42.5114,5.0701,1258,0,0
42.5362,5.0701,1258,0,0
42.5610,5.0661,1257,0,0
42.5858,5.0500,1253,0,0
42.6106,5.0782,1260,0,0
42.6354,5.0379,1250,0,0
42.6602,5.0782,1260,0,0
42.6850,5.0379,1250,0,0
42.7098,5.0661,1257,0,0
42.7346,5.0580,1255,0,0
42.7594,5.0338,1249,0,0
42.7842,5.0862,1262,0,0
42.8090,5.0580,1255,0,0
42.8338,5.0419,1251,0,0
42.8586,5.0701,1258,0,0
42.8834,5.0500,1253,0,0
42.9082,5.0782,1260,0,0
42.9330,5.0661,1257,0,0
42.9578,5.0500,1253,0,0
42.9827,5.0500,1253,0,0
43.0075,5.0379,1250,0,0
43.0323,5.0419,1251,0,0
43.0571,5.0862,1262,0,0
43.0819,5.0500,1253,0,0
43.1067,5.0782,1260,0,0
43.1315,5.0379,1250,0,0
43.1563,5.0500,1253,0,0
43.1811,5.0822,1261,0,0
43.2059,5.0540,1254,0,0
43.2307,5.0782,1260,0,0
43.2555,5.0701,1258,0,0
43.2803,5.0782,1260,0,0
43.3051,5.0298,1248,0,0
43.3299,5.0742,1259,0,0
43.3547,5.0903,1263,0,0
43.3795,5.0822,1261,0,0
43.4043,5.0580,1255,0,0
43.4291,5.0379,1250,0,0
43.4539,5.0782,1260,0,0
43.4787,5.0338,1249,0,0
43.5035,5.0661,1257,0,0
43.5283,5.0379,1250,0,0
43.5531,5.0782,1260,0,0
43.5779,5.0782,1260,0,0
43.6027,5.0379,1250,0,0
43.6275,5.0782,1260,0,0
43.6523,5.0701,1258,0,0
43.6771,5.0701,1258,0,0
43.7019,5.0419,1251,0,0
43.7267,5.0338,1249,0,0
43.7515,5.0661,1257,0,0
43.7763,5.0661,1257,0,0
43.8011,5.0782,1260,0,0
43.8259,5.0419,1251,0,0
43.8507,5.0701,1258,0,0
43.8755,5.0701,1258,0,0
43.9003,5.0298,1248,0,0
43.9251,5.0540,1254,0,0
43.9499,5.0500,1253,0,0
43.9747,5.0177,1245,0,0
43.9995,5.0379,1250,0,0
44.0244,5.0862,1262,0,0
44.0492,5.0782,1260,0,0
44.0740,5.0419,1251,0,0
44.0988,5.0177,1245,0,0
44.1236,5.0500,1253,0,0
44.1484,5.0661,1257,0,0
44.1732,5.0742,1259,0,0
44.1980,5.0661,1257,0,0
44.2228,5.0701,1258,0,0
44.2476,5.0782,1260,0,0
44.2724,5.0782,1260,0,0
44.2972,5.0379,1250,0,0
44.3220,5.0943,1264,0,0
44.3468,5.0379,1250,0,0
44.3716,5.0540,1254,0,0
44.3964,5.0419,1251,0,0
44.4212,5.0298,1248,0,0
44.4460,5.0419,1251,0,0
44.4708,5.0419,1251,0,0
44.4956,5.0298,1248,0,0
44.5204,5.0661,1257,0,0
44.5452,5.0701,1258,0,0
44.5700,5.0419,1251,0,0
44.5948,5.0338,1249,0,0
44.6196,5.0742,1259,0,0
44.6444,5.0742,1259,0,0
44.6692,5.0661,1257,0,0
44.6940,5.0540,1254,0,0
44.7188,5.0822,1261,0,0
44.7436,5.0298,1248,0,0
44.7684,5.0903,1263,0,0
44.7932,5.0862,1262,0,0
44.8180,5.0580,1255,0,0
44.8428,5.0661,1257,0,0
44.8676,5.0419,1251,0,0
44.8924,5.0943,1264,0,0
44.9172,5.0540,1254,0,0
44.9420,5.0419,1251,0,0
44.9668,5.0701,1258,0,0
44.9916,5.0701,1258,0,0
45.0165,5.0661,1257,0,0
45.0413,5.0782,1260,0,0
45.0661,5.0742,1259,0,0
45.0909,5.0782,1260,0,0
45.1157,5.0661,1257,0,0
45.1405,5.0419,1251,0,0
45.1653,5.0701,1258,0,0
45.1901,5.0742,1259,0,0
45.2149,5.0661,1257,0,0
45.2397,5.0419,1251,0,0
45.2645,5.0862,1262,0,0
45.2893,5.0056,1242,0,0
45.3141,5.0379,1250,0,0
45.3389,5.0903,1263,0,0
45.3637,5.0742,1259,0,0
45.3885,5.0338,1249,0,0
45.4133,5.0419,1251,0,0
45.4381,5.0862,1262,0,0
45.4629,5.0379,1250,0,0
45.4877,5.0862,1262,0,0
45.5125,5.0782,1260,0,0
45.5373,5.0782,1260,0,0
45.5621,5.0419,1251,0,0
45.5869,5.0742,1259,0,0
45.6117,5.0782,1260,0,0
45.6365,5.0661,1257,0,0
45.6613,5.0822,1261,0,0
45.6861,5.0661,1257,0,0
45.7109,5.0782,1260,0,0
45.7357,5.0903,1263,0,0
45.7605,5.0419,1251,0,0
45.7853,5.0379,1250,0,0
45.8101,5.0338,1249,0,0
45.8349,5.0742,1259,0,0
45.8597,5.0782,1260,0,0
45.8845,5.0742,1259,0,0
45.9093,5.0782,1260,0,0
45.9341,5.0701,1258,0,0
45.9589,5.0298,1248,0,0
45.9837,5.0742,1259,0,0
46.0085,5.0782,1260,0,0
46.0334,5.0742,1259,0,0
46.0582,5.0661,1257,0,0
46.0830,5.0500,1253,0,0
46.1078,5.0822,1261,0,0
46.1326,5.0782,1260,0,0
46.1574,5.1346,1274,0,0
46.1822,5.0379,1250,0,0
46.2070,5.0782,1260,0,0
46.2318,5.0419,1251,0,0
46.2566,5.0338,1249,0,0
46.2814,5.0379,1250,0,0
46.3062,5.0298,1248,0,0
46.3310,5.0742,1259,0,0
46.3558,5.0782,1260,0,0
46.3806,5.0500,1253,0,0
46.4054,5.0661,1257,0,0
46.4302,5.0782,1260,0,0
46.4550,5.0298,1248,0,0
46.4798,5.0782,1260,0,0
46.5046,5.0742,1259,0,0
46.5294,5.0782,1260,0,0
46.5542,5.0298,1248,0,0
46.5790,5.0742,1259,0,0
46.6038,5.0661,1257,0,0
46.6286,5.0379,1250,0,0
46.6534,5.0419,1251,0,0
46.6782,5.0782,1260,0,0
46.7030,5.0742,1259,0,0
46.7278,5.0661,1257,0,0
46.7526,5.0338,1249,0,0
46.7774,5.1024,1266,0,0
46.8022,5.0661,1257,0,0
46.8270,5.0379,1250,0,0
46.8518,5.0661,1257,0,0
46.8766,5.0661,1257,0,0
46.9014,5.0782,1260,0,0
46.9262,5.0298,1248,0,0
46.9510,5.0177,1245,0,0
46.9758,5.0540,1254,0,0
47.0006,5.0943,1264,0,0
47.0254,5.0580,1255,0,0
47.0503,5.0742,1259,0,0
47.0751,5.0862,1262,0,0
47.0999,5.0298,1248,0,0
47.1247,5.0701,1258,0,0
47.1495,5.0661,1257,0,0
47.1743,5.0500,1253,0,0
47.1991,5.0661,1257,0,0
47.2239,5.0782,1260,0,0
47.2487,5.0661,1257,0,0
47.2735,5.0742,1259,0,0
47.2983,5.0338,1249,0,0
47.3231,5.0500,1253,0,0
47.3479,5.0903,1263,0,0
47.3727,5.0782,1260,0,0
47.3975,5.0661,1257,0,0
47.4223,5.0701,1258,0,0
47.4471,5.0580,1255,0,0
47.4719,5.0742,1259,0,0
47.4967,5.0943,1264,0,0
47.5215,5.0500,1253,0,0
47.5463,5.0701,1258,0,0
47.5711,5.0782,1260,0,0
47.5959,5.0943,1264,0,0
47.6207,5.0742,1259,0,0
47.6455,5.0097,1243,0,0
47.6703,5.0782,1260,0,0
47.6951,5.0862,1262,0,0
47.7199,5.0661,1257,0,0
47.7447,5.0338,1249,0,0
47.7695,5.0661,1257,0,0
47.7943,5.0782,1260,0,0
47.8191,5.0742,1259,0,0
47.8439,5.0661,1257,0,0
47.8687,5.0903,1263,0,0
47.8935,4.9855,1237,0,0
47.9183,5.0379,1250,0,0
47.9431,5.0540,1254,0,0
47.9679,5.0742,1259,0,0
47.9927,5.0782,1260,0,0
48.0175,5.0218,1246,0,0
48.0424,5.0782,1260,0,0
48.0672,5.0742,1259,0,0
48.0920,5.0782,1260,0,0
48.1168,5.0701,1258,0,0
48.1416,5.0338,1249,0,0
48.1664,5.0782,1260,0,0
48.1912,5.0903,1263,0,0
48.2160,5.0500,1253,0,0
48.2408,5.0419,1251,0,0
48.2656,5.0782,1260,0,0
48.2904,5.0782,1260,0,0
48.3152,5.0661,1257,0,0
48.3400,5.0661,1257,0,0
48.3648,5.0661,1257,0,0
48.3896,5.0943,1264,0,0
48.4144,5.0782,1260,0,0
48.4392,5.0742,1259,0,0
48.4640,5.0500,1253,0,0
48.4888,5.0862,1262,0,0
48.5136,5.0742,1259,0,0
48.5384,5.0862,1262,0,0
48.5632,5.0661,1257,0,0
48.5880,5.0419,1251,0,0
48.6128,5.0782,1260,0,0
48.6376,5.0338,1249,0,0
48.6624,5.0661,1257,0,0
48.6872,5.0419,1251,0,0
48.7120,5.0661,1257,0,0
48.7368,5.0782,1260,0,0
48.7616,5.0742,1259,0,0
48.7864,5.0742,1259,0,0
48.8112,5.0862,1262,0,0
48.8360,5.0742,1259,0,0
48.8608,5.0661,1257,0,0
48.8856,5.0782,1260,0,0
48.9104,5.0822,1261,0,0
48.9352,5.0661,1257,0,0
48.9600,5.0379,1250,0,0
48.9848,5.0862,1262,0,0
49.0096,5.0983,1265,0,0
49.0344,5.0742,1259,0,0
49.0592,5.0338,1249,0,0
49.0841,5.0379,1250,0,0
49.1089,5.0379,1250,0,0
49.1337,5.0862,1262,0,0
49.1585,5.0742,1259,0,0
49.1833,5.0379,1250,0,0
49.2081,5.0862,1262,0,0
49.2329,5.0419,1251,0,0
49.2577,5.0338,1249,0,0
49.2825,5.0661,1257,0,0
49.3073,5.0419,1251,0,0
49.3321,5.0822,1261,0,0
49.3569,5.0500,1253,0,0
49.3817,5.0379,1250,0,0
49.4065,5.0862,1262,0,0
49.4313,5.0782,1260,0,0
49.4561,5.0419,1251,0,0
49.4809,5.0379,1250,0,0
49.5057,5.0742,1259,0,0
49.5305,5.0782,1260,0,0
49.5553,5.0661,1257,0,0
49.5801,5.0822,1261,0,0
49.6049,5.0822,1261,0,0
49.6297,5.0903,1263,0,0
49.6545,5.0701,1258,0,0
49.6793,5.0500,1253,0,0
49.7041,5.0701,1258,0,0
49.7289,5.0943,1264,0,0
49.7537,5.0862,1262,0,0
49.7785,5.0298,1248,0,0
49.8033,5.0379,1250,0,0
49.8281,5.0822,1261,0,0
49.8529,5.0742,1259,0,0
49.8777,5.0782,1260,0,0
49.9025,5.0742,1259,0,0
49.9273,5.0782,1260,0,0
49.9521,5.0701,1258,0,0
49.9769,5.0742,1259,0,0
50.0017,5.0661,1257,0,0
50.0265,5.0419,1251,0,0
50.0513,5.0500,1253,0,0
50.0762,5.0419,1251,0,0
50.1010,5.0822,1261,0,0
50.1258,5.0742,1259,0,0
50.1506,5.0782,1260,0,0
50.1754,5.0782,1260,0,0
50.2002,5.0822,1261,0,0
50.2250,5.0782,1260,0,0
50.2498,5.0661,1257,0,0
50.2746,5.0419,1251,0,0
50.2994,5.0742,1259,0,0
50.3242,5.0701,1258,0,0
50.3490,5.0419,1251,0,0
50.3738,5.0822,1261,0,0
50.3986,5.0661,1257,0,0
50.4234,5.0661,1257,0,0
50.4482,5.0338,1249,0,0
50.4730,5.0742,1259,0,0
50.4978,5.0661,1257,0,0
50.5226,5.0661,1257,0,0
50.5474,5.0822,1261,0,0
50.5722,5.0419,1251,0,0
50.5970,5.0943,1264,0,0
50.6218,5.0782,1260,0,0
50.6466,5.0500,1253,0,0
50.6714,5.0822,1261,0,0
50.6962,5.0862,1262,0,0
50.7210,5.0298,1248,0,0
50.7458,5.0782,1260,0,0
50.7706,5.0379,1250,0,0
50.7954,5.0661,1257,0,0
50.8202,5.0822,1261,0,0
50.8450,5.0338,1249,0,0
50.8698,5.0782,1260,0,0
50.8946,5.0742,1259,0,0
50.9194,5.0661,1257,0,0
50.9442,5.0379,1250,0,0
50.9690,5.0862,1262,0,0
50.9938,5.0822,1261,0,0
51.0186,5.0943,1264,0,0
51.0434,5.0419,1251,0,0
51.0682,5.0943,1264,0,0
51.0931,5.0742,1259,0,0
51.1179,5.0379,1250,0,0
51.1427,5.0782,1260,0,0
51.1675,5.0782,1260,0,0
51.1923,5.0742,1259,0,0
51.2171,5.0943,1264,0,0
51.2419,5.0500,1253,0,0
51.2667,5.0943,1264,0,0
51.2915,5.0782,1260,0,0
51.3163,5.0500,1253,0,0
51.3411,5.0419,1251,0,0
51.3659,5.0742,1259,0,0
51.3907,5.0500,1253,0,0
51.4155,5.0862,1262,0,0
51.4403,5.0822,1261,0,0
51.4651,5.0822,1261,0,0
51.4899,5.0379,1250,0,0
51.5147,5.0661,1257,0,0
51.5395,5.0782,1260,0,0
51.5643,5.0661,1257,0,0
51.5891,5.0862,1262,0,0
51.6139,5.0419,1251,0,0
51.6387,5.0742,1259,0,0
51.6635,5.0782,1260,0,0
51.6883,5.0661,1257,0,0
51.7131,5.0338,1249,0,0
51.7379,5.0742,1259,0,0
51.7627,5.0661,1257,0,0
51.7875,5.0379,1250,0,0
51.8123,5.0701,1258,0,0
51.8371,5.0782,1260,0,0
51.8619,5.0903,1263,0,0
51.8867,5.0742,1259,0,0
51.9115,5.0419,1251,0,0
51.9363,5.0983,1265,0,0
51.9611,5.0822,1261,0,0
51.9859,5.0419,1251,0,0
52.0107,5.0782,1260,0,0
52.0355,5.0782,1260,0,0
52.0603,5.0782,1260,0,0
52.0852,5.0701,1258,0,0
52.1100,5.0298,1248,0,0
52.1348,5.0661,1257,0,0
52.1596,5.0862,1262,0,0
52.1844,5.0661,1257,0,0
52.2092,5.0379,1250,0,0
52.2340,5.0822,1261,0,0
52.2588,5.0701,1258,0,0
52.2836,5.0500,1253,0,0
52.3084,5.0782,1260,0,0
52.3332,5.0701,1258,0,0
52.3580,5.0742,1259,0,0
52.3828,5.0540,1254,0,0
52.4076,5.0338,1249,0,0
52.4324,5.0500,1253,0,0
52.4572,5.0419,1251,0,0
52.4820,5.0862,1262,0,0
52.5068,5.0701,1258,0,0
52.5316,5.0661,1257,0,0
52.5564,5.0782,1260,0,0
52.5812,5.0338,1249,0,0
52.6060,5.0742,1259,0,0
52.6308,5.0983,1265,0,0
52.6556,5.0782,1260,0,0
52.6804,5.0661,1257,0,0
52.7052,5.0862,1262,0,0
52.7300,5.0943,1264,0,0
52.7548,5.0742,1259,0,0
52.7796,5.0500,1253,0,0
52.8044,5.0580,1255,0,0
52.8292,5.0943,1264,0,0
52.8540,5.0943,1264,0,0
52.8788,5.0500,1253,0,0
52.9036,5.0742,1259,0,0
52.9284,5.0540,1254,0,0
52.9532,5.0943,1264,0,0
52.9780,5.0661,1257,0,0
53.0028,5.0177,1245,0,0
53.0276,5.0983,1265,0,0
53.0524,5.0701,1258,0,0
53.0772,5.0379,1250,0,0
53.1021,5.0419,1251,0,0
53.1269,5.0903,1263,0,0
53.1517,5.0943,1264,0,0
53.1765,5.0218,1246,0,0
53.2013,5.0338,1249,0,0
53.2261,5.0500,1253,0,0
53.2509,5.0500,1253,0,0
53.2757,5.0580,1255,0,0
53.3005,5.0862,1262,0,0
53.3253,5.0742,1259,0,0
53.3501,5.0943,1264,0,0
53.3749,5.0943,1264,0,0
53.3997,5.0419,1251,0,0
53.4245,5.0943,1264,0,0
53.4493,5.0419,1251,0,0
53.4741,5.0500,1253,0,0
53.4989,5.0862,1262,0,0
53.5237,5.0782,1260,0,0
53.5485,5.0500,1253,0,0
53.5733,5.0822,1261,0,0
53.5981,5.0661,1257,0,0
53.6229,5.0419,1251,0,0
53.6477,5.0943,1264,0,0
53.6725,5.0742,1259,0,0
53.6973,5.0742,1259,0,0
53.7221,5.1024,1266,0,0
53.7469,5.0782,1260,0,0
53.7717,5.0419,1251,0,0
53.7965,5.0419,1251,0,0
53.8213,5.0782,1260,0,0
53.8461,5.0338,1249,0,0
53.8709,5.0661,1257,0,0
53.8957,5.0580,1255,0,0
53.9205,5.0862,1262,0,0
53.9453,5.0661,1257,0,0
53.9701,5.0661,1257,0,0
53.9949,5.0822,1261,0,0
54.0197,5.0701,1258,0,0
54.0445,5.0500,1253,0,0
54.0693,5.0782,1260,0,0
54.0941,5.0742,1259,0,0
54.1189,5.0742,1259,0,0
54.1438,5.0298,1248,0,0
54.1686,5.0419,1251,0,0
54.1934,5.0862,1262,0,0
54.2182,5.0782,1260,0,0
54.2430,5.0742,1259,0,0
54.2678,5.0419,1251,0,0
54.2926,5.0782,1260,0,0
54.3174,5.0822,1261,0,0
54.3422,5.0701,1258,0,0
54.3670,5.0661,1257,0,0
54.3918,5.0943,1264,0,0
54.4166,5.0742,1259,0,0
54.4414,5.0379,1250,0,0
54.4662,5.0943,1264,0,0
54.4910,5.0862,1262,0,0
54.5158,5.0500,1253,0,0
54.5406,5.0742,1259,0,0
54.5654,5.0822,1261,0,0
54.5902,5.0782,1260,0,0
54.6150,5.0580,1255,0,0
54.6398,5.0379,1250,0,0
54.6646,5.0782,1260,0,0
54.6894,5.0661,1257,0,0
54.7142,5.0661,1257,0,0
54.7390,5.0379,1250,0,0
54.7638,5.0782,1260,0,0
54.7886,5.0862,1262,0,0
54.8134,5.0500,1253,0,0
54.8382,5.0822,1261,0,0
54.8630,5.0903,1263,0,0
54.8878,5.0419,1251,0,0
54.9126,5.0661,1257,0,0
54.9374,5.0782,1260,0,0
54.9622,5.0782,1260,0,0
54.9870,5.0782,1260,0,0
55.0118,5.0500,1253,0,0
55.0366,5.0943,1264,0,0
55.0614,5.0822,1261,0,0
55.0862,5.0379,1250,0,0
55.1110,5.0218,1246,0,0
55.1359,5.0943,1264,0,0
55.1607,5.0782,1260,0,0
55.1855,5.0500,1253,0,0
55.2103,5.0500,1253,0,0
55.2351,5.0782,1260,0,0
55.2599,5.0862,1262,0,0
55.2847,5.0379,1250,0,0
55.3095,5.0298,1248,0,0
55.3343,5.0379,1250,0,0
55.3591,5.0742,1259,0,0
55.3839,5.0580,1255,0,0
55.4087,5.0701,1258,0,0
55.4335,5.0742,1259,0,0
55.4583,5.0782,1260,0,0
55.4831,5.0379,1250,0,0
55.5079,5.0903,1263,0,0
55.5327,5.0943,1264,0,0
55.5575,5.0782,1260,0,0
55.5823,5.0943,1264,0,0
55.6071,5.0701,1258,0,0
55.6319,5.0862,1262,0,0
55.6567,5.0742,1259,0,0
55.6815,5.0379,1250,0,0
55.7063,5.0379,1250,0,0
55.7311,5.0782,1260,0,0
55.7559,5.0782,1260,0,0
55.7807,5.0822,1261,0,0
55.8055,5.0379,1250,0,0
55.8303,5.0782,1260,0,0
55.8551,5.0862,1262,0,0
55.8799,5.0338,1249,0,0
55.9047,5.0943,1264,0,0
55.9295,5.0661,1257,0,0
55.9543,5.0500,1253,0,0
55.9791,5.0661,1257,0,0
56.0039,5.0903,1263,0,0
56.0287,5.0661,1257,0,0
56.0535,5.0742,1259,0,0
56.0783,5.0742,1259,0,0
56.1031,5.0742,1259,0,0
56.1279,5.0540,1254,0,0
56.1528,5.0500,1253,0,0
56.1776,5.0701,1258,0,0
56.2024,5.0742,1259,0,0
56.2272,5.0379,1250,0,0
56.2520,5.0742,1259,0,0
56.2768,5.0500,1253,0,0
56.3016,5.0862,1262,0,0
56.3264,5.0782,1260,0,0
56.3512,5.0661,1257,0,0
56.3760,5.0419,1251,0,0
56.4008,5.0943,1264,0,0
56.4256,5.0742,1259,0,0
56.4504,5.0540,1254,0,0
56.4752,5.0822,1261,0,0
56.5000,5.0661,1257,0,0
56.5248,5.0379,1250,0,0
56.5496,5.0782,1260,0,0
56.5744,5.1225,1271,0,0
56.5992,5.0782,1260,0,0
56.6240,5.0742,1259,0,0
56.6488,5.0782,1260,0,0
56.6736,5.0701,1258,0,0
56.6984,5.0782,1260,0,0
56.7232,5.0782,1260,0,0
56.7480,5.0338,1249,0,0
56.7728,5.0782,1260,0,0
56.7976,5.0661,1257,0,0
56.8224,5.0742,1259,0,0
56.8472,5.0782,1260,0,0
56.8720,5.0379,1250,0,0
56.8968,5.0782,1260,0,0
56.9216,5.0742,1259,0,0
56.9464,5.0943,1264,0,0
56.9712,5.0782,1260,0,0
56.9960,5.0338,1249,0,0
57.0208,5.0379,1250,0,0
57.0456,5.0862,1262,0,0
57.0704,4.9170,1220,0,0
57.0952,5.0419,1251,0,0
57.1200,5.1064,1267,0,0
57.1449,5.0298,1248,0,0
57.1697,5.0379,1250,0,0
57.1945,5.0943,1264,0,0
57.2193,5.0782,1260,0,0
57.2441,5.0822,1261,0,0
57.2689,5.0742,1259,0,0
57.2937,5.0943,1264,0,0
57.3185,5.0862,1262,0,0
57.3433,5.0862,1262,0,0
57.3681,5.0742,1259,0,0
57.3929,5.0983,1265,0,0
57.4177,5.0338,1249,0,0
57.4425,5.0661,1257,0,0
57.4673,5.0903,1263,0,0
57.4921,5.0943,1264,0,0
57.5169,5.0419,1251,0,0
57.5417,5.0903,1263,0,0
57.5665,5.0862,1262,0,0
57.5913,5.0983,1265,0,0
57.6161,5.0661,1257,0,0
57.6409,5.0379,1250,0,0
57.6657,5.0661,1257,0,0
57.6905,5.0782,1260,0,0
57.7153,5.0701,1258,0,0
57.7401,5.1064,1267,0,0
57.7649,5.0701,1258,0,0
57.7897,5.0379,1250,0,0
57.8145,5.0419,1251,0,0
57.8393,5.1104,1268,0,0
57.8641,5.0580,1255,0,0
57.8889,5.0782,1260,0,0
57.9137,5.0983,1265,0,0
57.9385,5.0943,1264,0,0
57.9633,5.0661,1257,0,0
57.9881,5.0661,1257,0,0
58.0129,5.0419,1251,0,0
58.0377,5.0782,1260,0,0
58.0625,5.0500,1253,0,0
58.0873,5.0500,1253,0,0
58.1121,5.0822,1261,0,0
58.1369,5.0419,1251,0,0
58.1618,5.0943,1264,0,0
58.1866,5.0661,1257,0,0
58.2114,5.0419,1251,0,0
58.2362,5.0742,1259,0,0
58.2610,5.0782,1260,0,0
58.2858,5.0661,1257,0,0
58.3106,5.0742,1259,0,0
58.3354,5.0742,1259,0,0
58.3602,5.0540,1254,0,0
58.3850,5.0822,1261,0,0
58.4098,5.0419,1251,0,0
58.4346,5.0782,1260,0,0
58.4594,5.0701,1258,0,0
58.4842,5.0782,1260,0,0
58.5090,5.0742,1259,0,0
58.5338,5.0218,1246,0,0
58.5586,5.0540,1254,0,0
58.5834,5.0782,1260,0,0
58.6082,5.0782,1260,0,0
58.6330,5.0500,1253,0,0
58.6578,5.0661,1257,0,0
58.6826,5.0580,1255,0,0
58.7074,5.0983,1265,0,0
58.7322,5.0661,1257,0,0
58.7570,5.0701,1258,0,0
58.7818,5.0661,1257,0,0
58.8066,5.0822,1261,0,0
58.8314,5.1024,1266,0,0
58.8562,5.0661,1257,0,0
58.8810,5.0822,1261,0,0
58.9058,5.0862,1262,0,0
58.9306,5.0419,1251,0,0
58.9554,5.0742,1259,0,0
58.9802,5.1225,1271,0,0
59.0050,5.0661,1257,0,0
59.0298,5.0500,1253,0,0
59.0546,5.0540,1254,0,0
59.0794,5.0943,1264,0,0
59.1042,5.0540,1254,0,0
59.1290,5.0943,1264,0,0
59.1539,5.0661,1257,0,0
59.1786,5.0782,1260,0,0
59.2035,5.0661,1257,0,0
59.2283,5.0782,1260,0,0
59.2531,5.0782,1260,0,0
59.2779,5.0379,1250,0,0
59.3027,5.0661,1257,0,0
59.3275,5.0742,1259,0,0
59.3523,5.0782,1260,0,0
59.3771,5.0782,1260,0,0
59.4019,5.0218,1246,0,0
59.4267,5.0862,1262,0,0
59.4515,5.0943,1264,0,0
59.4763,5.0298,1248,0,0
59.5011,5.0943,1264,0,0
59.5259,5.0862,1262,0,0
59.5507,5.0661,1257,0,0
59.5755,5.0500,1253,0,0
59.6003,5.0742,1259,0,0
59.6251,5.0943,1264,0,0
59.6499,5.0661,1257,0,0
59.6747,5.0742,1259,0,0
59.6995,5.0943,1264,0,0
59.7243,5.0540,1254,0,0
59.7491,5.0379,1250,0,0
59.7739,5.0742,1259,0,0
59.7987,5.0822,1261,0,0
59.8235,5.0782,1260,0,0
59.8483,5.0742,1259,0,0
59.8731,5.0782,1260,0,0
59.8979,5.0943,1264,0,0
59.9227,5.0661,1257,0,0
59.9475,5.0661,1257,0,0
59.9723,5.0379,1250,0,0
59.9971,5.0782,1260,0,0
60.0219,5.0701,1258,0,0
60.0467,5.0822,1261,0,0
60.0715,5.0661,1257,0,0
60.0963,5.0822,1261,0,0
60.1211,5.0782,1260,0,0
60.1459,5.0782,1260,0,0
60.1707,5.0782,1260,0,0
60.1956,5.0701,1258,0,0
60.2204,5.0661,1257,0,0
60.2452,5.0782,1260,0,0
60.2700,5.0661,1257,0,0
60.2948,5.0500,1253,0,0
60.3196,5.0742,1259,0,0
60.3444,5.0661,1257,0,0
60.3692,5.0338,1249,0,0
60.3940,5.0419,1251,0,0
60.4188,5.0943,1264,0,0
60.4436,5.0701,1258,0,0
60.4684,5.0742,1259,0,0
60.4932,5.0903,1263,0,0
60.5180,5.0862,1262,0,0
60.5428,5.0661,1257,0,0
60.5676,5.0782,1260,0,0
60.5924,5.0661,1257,0,0
60.6172,5.0943,1264,0,0
60.6420,5.0661,1257,0,0
60.6668,5.0500,1253,0,0
60.6916,5.0782,1260,0,0
60.7164,5.1265,1272,0,0
60.7412,5.0379,1250,0,0
60.7660,5.0782,1260,0,0
60.7908,5.0943,1264,0,0
60.8156,5.0379,1250,0,0
60.8404,5.0782,1260,0,0
60.8652,5.0943,1264,0,0
60.8900,5.0580,1255,0,0
60.9148,5.0742,1259,0,0
60.9396,5.0943,1264,0,0
60.9644,5.0983,1265,0,0
60.9892,5.0782,1260,0,0
61.0140,5.0782,1260,0,0
61.0388,5.0661,1257,0,0
61.0636,5.0943,1264,0,0
61.0884,5.0782,1260,0,0
61.1132,5.0782,1260,0,0
61.1380,5.0379,1250,0,0
61.1628,5.0782,1260,0,0
61.1876,5.0782,1260,0,0
61.2125,5.0782,1260,0,0
61.2373,5.0782,1260,0,0
61.2621,5.0782,1260,0,0
61.2869,5.0701,1258,0,0
61.3117,5.0862,1262,0,0
61.3365,5.0943,1264,0,0
61.3613,5.0540,1254,0,0
61.3861,5.0742,1259,0,0
61.4109,5.0943,1264,0,0
61.4357,5.0862,1262,0,0
61.4605,5.0338,1249,0,0
61.4853,5.0782,1260,0,0
61.5101,5.0903,1263,0,0
61.5349,5.0742,1259,0,0
61.5597,5.0862,1262,0,0
61.5845,5.0862,1262,0,0
61.6093,5.0701,1258,0,0
61.6341,5.0661,1257,0,0
61.6589,5.0862,1262,0,0
61.6837,5.0782,1260,0,0
61.7085,5.0782,1260,0,0
61.7333,5.0661,1257,0,0
61.7581,5.0782,1260,0,0
61.7829,5.0782,1260,0,0
61.8077,5.0661,1257,0,0
61.8325,5.0661,1257,0,0
61.8573,5.0742,1259,0,0
61.8821,5.0782,1260,0,0
61.9069,5.0782,1260,0,0
61.9317,5.0661,1257,0,0
61.9565,5.0701,1258,0,0
61.9813,5.0661,1257,0,0
62.0061,5.0540,1254,0,0
62.0309,5.0701,1258,0,0
62.0557,5.0943,1264,0,0
62.0805,5.0661,1257,0,0
62.1053,5.0419,1251,0,0
62.1301,5.0782,1260,0,0
62.1549,5.0903,1263,0,0
62.1797,5.0701,1258,0,0
62.2046,5.0943,1264,0,0
62.2294,5.0742,1259,0,0
62.2542,5.0822,1261,0,0
62.2790,5.0540,1254,0,0
62.3038,5.0500,1253,0,0
62.3286,5.0943,1264,0,0
62.3534,5.0782,1260,0,0
62.3782,5.0419,1251,0,0
62.4030,5.0782,1260,0,0
62.4278,5.0822,1261,0,0
62.4526,5.0782,1260,0,0
62.4774,5.0500,1253,0,0
62.5022,5.0822,1261,0,0
62.5270,5.1104,1268,0,0
62.5518,5.0298,1248,0,0
62.5766,5.0661,1257,0,0
62.6014,5.0661,1257,0,0
62.6262,5.0822,1261,0,0
62.6510,5.0983,1265,0,0
62.6758,5.0742,1259,0,0
62.7006,5.0903,1263,0,0
62.7254,5.0903,1263,0,0
62.7502,5.0661,1257,0,0
62.7750,5.0742,1259,0,0
62.7998,5.1064,1267,0,0
62.8246,5.1225,1271,0,0
62.8494,5.0862,1262,0,0
62.8742,5.0661,1257,0,0
62.8990,5.0419,1251,0,0
62.9238,5.0862,1262,0,0
62.9486,5.0661,1257,0,0
62.9734,5.0661,1257,0,0
62.9982,5.0943,1264,0,0
63.0230,5.0500,1253,0,0
63.0478,5.0943,1264,0,0
63.0726,5.0661,1257,0,0
63.0974,5.1225,1271,0,0
63.1222,5.0782,1260,0,0
63.1470,5.0782,1260,0,0
63.1718,5.0822,1261,0,0
63.1966,5.1225,1271,0,0
63.2215,5.0862,1262,0,0
63.2463,5.0782,1260,0,0
63.2711,5.0742,1259,0,0
63.2959,5.0943,1264,0,0
63.3207,5.0943,1264,0,0
63.3455,5.0701,1258,0,0
63.3703,5.0782,1260,0,0
63.3951,5.0862,1262,0,0
63.4199,5.0379,1250,0,0
63.4447,5.0500,1253,0,0
63.4695,5.1024,1266,0,0
63.4943,5.0862,1262,0,0
63.5191,5.0338,1249,0,0
63.5439,5.0943,1264,0,0
63.5687,5.0943,1264,0,0
63.5935,5.1064,1267,0,0
63.6183,5.0580,1255,0,0
63.6431,5.0943,1264,0,0
63.6679,5.0782,1260,0,0
63.6927,5.0943,1264,0,0
63.7175,5.0862,1262,0,0
63.7423,5.0782,1260,0,0
63.7671,5.0903,1263,0,0
63.7919,5.0742,1259,0,0
63.8167,5.0742,1259,0,0
63.8415,5.0862,1262,0,0
63.8663,5.0862,1262,0,0
63.8911,5.0742,1259,0,0
63.9159,5.0701,1258,0,0
63.9407,5.0701,1258,0,0
63.9655,5.0540,1254,0,0
63.9903,5.0862,1262,0,0
64.0151,5.0862,1262,0,0
64.0399,5.0742,1259,0,0
64.0647,5.0742,1259,0,0
64.0895,5.0701,1258,0,0
64.1143,5.1104,1268,0,0
64.1391,5.0782,1260,0,0
64.1639,5.0661,1257,0,0
64.1887,5.0822,1261,0,0
64.2135,5.0379,1250,0,0
64.2383,5.0661,1257,0,0
64.2632,5.0782,1260,0,0
64.2880,5.0903,1263,0,0
64.3128,5.0379,1250,0,0
64.3376,5.0701,1258,0,0
64.3624,5.1064,1267,0,0
64.3872,5.0943,1264,0,0
64.4120,5.0943,1264,0,0
64.4368,5.0782,1260,0,0
64.4616,5.0903,1263,0,0
64.4864,5.1064,1267,0,0
64.5112,5.0862,1262,0,0
64.5360,5.0742,1259,0,0
64.5608,5.0782,1260,0,0
64.5856,5.0862,1262,0,0
64.6104,5.0379,1250,0,0
64.6352,5.1064,1267,0,0
64.6600,5.0742,1259,0,0
64.6848,5.0903,1263,0,0
64.7096,5.0862,1262,0,0
64.7344,5.0742,1259,0,0
64.7592,5.0701,1258,0,0
64.7840,5.0379,1250,0,0
64.8088,5.0742,1259,0,0
64.8336,5.0661,1257,0,0
64.8584,5.0701,1258,0,0
64.8832,5.0782,1260,0,0
64.9080,5.0782,1260,0,0
64.9328,5.0742,1259,0,0
64.9576,5.0782,1260,0,0
64.9824,5.0580,1255,0,0
65.0072,5.0701,1258,0,0
65.0320,5.0983,1265,0,0
65.0568,5.0943,1264,0,0
65.0816,5.0782,1260,0,0
65.1064,5.0742,1259,0,0
65.1312,5.0782,1260,0,0
65.1560,5.0862,1262,0,0
65.1808,5.0782,1260,0,0
65.2057,5.0338,1249,0,0
65.2304,5.0540,1254,0,0
65.2552,5.0943,1264,0,0
65.2801,5.0742,1259,0,0
65.3049,5.1024,1266,0,0
65.3297,5.0580,1255,0,0
65.3545,5.0903,1263,0,0
65.3793,5.0500,1253,0,0
65.4041,5.0661,1257,0,0
65.4289,5.0661,1257,0,0
65.4537,5.0782,1260,0,0
65.4785,5.0782,1260,0,0
65.5033,5.0782,1260,0,0
65.5281,5.0782,1260,0,0
65.5529,5.0419,1251,0,0
65.5777,5.0742,1259,0,0
65.6025,5.0540,1254,0,0
65.6273,5.0862,1262,0,0
65.6521,5.0782,1260,0,0
65.6769,5.0701,1258,0,0
65.7017,5.0943,1264,0,0
65.7265,5.0701,1258,0,0
65.7513,5.0379,1250,0,0
65.7761,5.0943,1264,0,0
65.8009,5.0661,1257,0,0
65.8257,5.0943,1264,0,0
65.8505,5.0742,1259,0,0
65.8753,5.0379,1250,0,0
65.9001,5.0903,1263,0,0
65.9249,5.0782,1260,0,0
65.9497,5.0862,1262,0,0
65.9745,5.0661,1257,0,0
65.9993,5.0782,1260,0,0
66.0241,5.0943,1264,0,0
66.0489,5.0943,1264,0,0
66.0737,5.0661,1257,0,0
66.0985,5.0943,1264,0,0
66.1233,5.0943,1264,0,0
66.1481,5.0742,1259,0,0
66.1729,5.0500,1253,0,0
66.1977,5.0500,1253,0,0
66.2225,5.0661,1257,0,0
66.2474,5.0943,1264,0,0
66.2722,5.0822,1261,0,0
66.2970,5.0782,1260,0,0
66.3218,5.0782,1260,0,0
66.3466,5.0782,1260,0,0
66.3714,5.0661,1257,0,0
66.3962,5.0701,1258,0,0
66.4210,5.0540,1254,0,0
66.4458,5.0862,1262,0,0
66.4706,5.0782,1260,0,0
66.4954,5.0742,1259,0,0
66.5202,5.0943,1264,0,0
66.5450,5.0661,1257,0,0
66.5698,5.0782,1260,0,0
66.5946,5.0701,1258,0,0
66.6194,5.0701,1258,0,0
66.6442,5.0782,1260,0,0
66.6690,5.0379,1250,0,0
66.6938,5.0822,1261,0,0
66.7186,5.0782,1260,0,0
66.7434,5.0701,1258,0,0
66.7682,5.0540,1254,0,0
66.7930,5.0580,1255,0,0
66.8178,5.0782,1260,0,0
66.8426,5.0983,1265,0,0
66.8674,5.0701,1258,0,0
66.8922,5.0701,1258,0,0
66.9170,5.0419,1251,0,0
66.9418,5.0661,1257,0,0
66.9666,5.0742,1259,0,0
66.9914,5.0822,1261,0,0
67.0162,5.0742,1259,0,0
67.0410,5.0862,1262,0,0
67.0658,5.0782,1260,0,0
67.0906,5.0742,1259,0,0
67.1154,5.0742,1259,0,0
67.1402,5.0943,1264,0,0
67.1650,5.0943,1264,0,0
67.1898,5.0338,1249,0,0
67.2146,5.0943,1264,0,0
67.2394,5.0782,1260,0,0
67.2643,5.0742,1259,0,0
67.2891,5.0782,1260,0,0
67.3139,5.0500,1253,0,0
67.3387,5.0742,1259,0,0
67.3635,5.0782,1260,0,0
67.3883,5.0983,1265,0,0
67.4131,5.0701,1258,0,0
67.4379,5.0862,1262,0,0
67.4627,5.0661,1257,0,0
67.4875,5.0338,1249,0,0
67.5123,5.0701,1258,0,0
67.5371,5.0742,1259,0,0
67.5619,5.0701,1258,0,0
67.5867,5.0742,1259,0,0
67.6115,5.1024,1266,0,0
67.6363,5.0782,1260,0,0
67.6611,5.0782,1260,0,0
67.6859,5.0701,1258,0,0
67.7107,5.0862,1262,0,0
67.7355,5.0782,1260,0,0
67.7603,5.0943,1264,0,0
67.7851,5.0983,1265,0,0
67.8099,5.0782,1260,0,0
67.8347,5.0782,1260,0,0
67.8595,5.0862,1262,0,0
67.8843,5.0782,1260,0,0
67.9091,5.0862,1262,0,0
67.9339,5.0580,1255,0,0
67.9587,5.0500,1253,0,0
67.9835,5.0862,1262,0,0
68.0083,5.0862,1262,0,0
68.0331,5.0742,1259,0,0
68.0579,5.0983,1265,0,0
68.0827,5.0983,1265,0,0
68.1075,5.0822,1261,0,0
68.1323,5.0540,1254,0,0
68.1571,5.0983,1265,0,0
68.1819,5.0943,1264,0,0
68.2067,5.0661,1257,0,0
68.2315,5.0862,1262,0,0
68.2563,5.0500,1253,0,0
68.2812,5.0943,1264,0,0
68.3060,5.0500,1253,0,0
68.3308,5.0661,1257,0,0
68.3556,5.0661,1257,0,0
68.3804,5.0943,1264,0,0
68.4052,5.0943,1264,0,0
68.4300,5.0338,1249,0,0
68.4548,5.0742,1259,0,0
68.4796,5.0782,1260,0,0
68.5044,5.0782,1260,0,0
68.5292,5.0580,1255,0,0
68.5540,5.0540,1254,0,0
68.5788,5.0822,1261,0,0
68.6036,5.0862,1262,0,0
68.6284,5.0742,1259,0,0
68.6532,5.0742,1259,0,0
68.6780,5.0742,1259,0,0
68.7028,5.0742,1259,0,0
68.7276,5.0782,1260,0,0
68.7524,5.0419,1251,0,0
68.7772,5.0742,1259,0,0
68.8020,5.0822,1261,0,0
68.8268,5.0742,1259,0,0
68.8516,5.0782,1260,0,0
68.8764,5.0782,1260,0,0
68.9012,5.0379,1250,0,0
68.9260,5.0782,1260,0,0
68.9508,5.0742,1259,0,0
68.9756,5.0862,1262,0,0
69.0004,5.0419,1251,0,0
69.0252,5.0782,1260,0,0
69.0500,5.1024,1266,0,0
69.0748,5.0903,1263,0,0
69.0996,5.0661,1257,0,0
69.1244,5.0782,1260,0,0
69.1492,5.0782,1260,0,0
69.1740,5.0822,1261,0,0
69.1988,5.0903,1263,0,0
69.2236,5.1064,1267,0,0
69.2484,5.0903,1263,0,0
69.2732,5.0862,1262,0,0
69.2980,5.0862,1262,0,0
69.3229,5.0822,1261,0,0
69.3477,5.0661,1257,0,0
69.3725,5.0661,1257,0,0
69.3973,5.0782,1260,0,0
69.4221,5.0379,1250,0,0
69.4469,5.0379,1250,0,0
69.4717,5.0862,1262,0,0
69.4965,5.0983,1265,0,0
69.5213,5.0419,1251,0,0
69.5461,5.0419,1251,0,0
69.5709,5.0862,1262,0,0
69.5957,5.0379,1250,0,0
69.6205,5.0701,1258,0,0
69.6453,5.0862,1262,0,0
69.6701,5.0782,1260,0,0
69.6949,5.0500,1253,0,0
69.7197,5.0943,1264,0,0
69.7445,5.0862,1262,0,0
69.7693,5.0822,1261,0,0
69.7941,5.0742,1259,0,0
69.8189,5.0782,1260,0,0
69.8437,5.1225,1271,0,0
69.8685,5.0298,1248,0,0
69.8933,5.0782,1260,0,0
69.9181,5.0943,1264,0,0
69.9429,5.0661,1257,0,0
69.9677,5.0701,1258,0,0
69.9925,5.0701,1258,0,0
70.0173,5.0822,1261,0,0
70.0421,5.0782,1260,0,0
70.0669,5.0822,1261,0,0
70.0917,5.0862,1262,0,0
70.1165,5.0500,1253,0,0
70.1413,5.0701,1258,0,0
70.1661,5.0661,1257,0,0
70.1909,5.0742,1259,0,0
70.2157,5.0500,1253,0,0
70.2405,5.0862,1262,0,0
70.2654,5.0862,1262,0,0
70.2902,5.0742,1259,0,0
70.3149,5.0943,1264,0,0
70.3398,5.1225,1271,0,0
70.3646,5.0822,1261,0,0
70.3894,5.0500,1253,0,0
70.4142,5.0661,1257,0,0
70.4390,5.1064,1267,0,0
70.4638,5.0862,1262,0,0
70.4886,5.0943,1264,0,0
70.5134,5.1104,1268,0,0
70.5382,5.0943,1264,0,0
70.5630,5.1064,1267,0,0
70.5878,5.0943,1264,0,0
70.6126,5.0943,1264,0,0
70.6374,5.0540,1254,0,0
70.6622,5.0540,1254,0,0
70.6870,5.0782,1260,0,0
70.7118,5.0500,1253,0,0
70.7366,5.0701,1258,0,0
70.7614,5.1064,1267,0,0
70.7862,5.0782,1260,0,0
70.8110,5.0742,1259,0,0
70.8358,5.0782,1260,0,0
70.8606,5.0379,1250,0,0
70.8854,5.0782,1260,0,0
70.9102,5.0782,1260,0,0
70.9350,5.0782,1260,0,0
70.9598,5.0701,1258,0,0
70.9846,5.0742,1259,0,0
71.0094,5.0943,1264,0,0
71.0342,5.0862,1262,0,0
71.0590,5.0782,1260,0,0
71.0838,5.0862,1262,0,0
71.1086,5.0862,1262,0,0
71.1334,5.0701,1258,0,0
71.1582,5.0983,1265,0,0
71.1830,5.0782,1260,0,0
71.2078,5.0500,1253,0,0
71.2326,5.0983,1265,0,0
71.2574,5.0661,1257,0,0
71.2822,5.0862,1262,0,0
71.3071,5.0661,1257,0,0
71.3319,5.0661,1257,0,0
71.3567,5.0943,1264,0,0
71.3815,5.0782,1260,0,0
71.4063,5.0782,1260,0,0
71.4311,5.0862,1262,0,0
71.4559,5.0701,1258,0,0
71.4807,5.0782,1260,0,0
71.5055,5.0782,1260,0,0
71.5303,5.0782,1260,0,0
71.5551,5.0338,1249,0,0
71.5799,5.0338,1249,0,0
71.6047,5.0943,1264,0,0
71.6295,5.1225,1271,0,0
71.6543,5.0903,1263,0,0
71.6791,5.0500,1253,0,0
71.7039,5.0742,1259,0,0
71.7287,5.0782,1260,0,0
71.7535,5.0701,1258,0,0
71.7783,5.0862,1262,0,0
71.8031,5.0742,1259,0,0
71.8279,5.0782,1260,0,0
71.8527,5.0500,1253,0,0
71.8775,5.0983,1265,0,0
71.9023,5.0782,1260,0,0
71.9271,5.0701,1258,0,0
71.9519,5.0540,1254,0,0
71.9767,5.1024,1266,0,0
72.0015,5.0661,1257,0,0
72.0263,5.0822,1261,0,0
72.0511,5.1064,1267,0,0
72.0759,5.0782,1260,0,0
72.1007,5.0822,1261,0,0
72.1255,5.0943,1264,0,0
72.1503,5.0661,1257,0,0
72.1751,5.0742,1259,0,0
72.1999,5.0782,1260,0,0
72.2247,5.0782,1260,0,0
72.2495,5.0742,1259,0,0
72.2743,5.0782,1260,0,0
72.2991,5.0983,1265,0,0
72.3240,5.0862,1262,0,0
72.3488,5.0419,1251,0,0
72.3736,5.0862,1262,0,0
72.3984,5.0822,1261,0,0
72.4232,5.0338,1249,0,0
72.4480,5.0862,1262,0,0
72.4728,5.0903,1263,0,0
72.4976,5.1225,1271,0,0
72.5224,5.0862,1262,0,0
72.5472,5.0661,1257,0,0
72.5720,5.0983,1265,0,0
72.5968,5.0742,1259,0,0
72.6216,5.0943,1264,0,0
72.6464,5.1104,1268,0,0
72.6712,5.0983,1265,0,0
72.6960,5.0742,1259,0,0
72.7208,5.0943,1264,0,0
72.7456,5.0862,1262,0,0
72.7704,5.0862,1262,0,0
72.7952,5.0943,1264,0,0
72.8200,5.0862,1262,0,0
72.8448,5.0379,1250,0,0
72.8696,5.0701,1258,0,0
72.8944,5.0983,1265,0,0
72.9192,5.0782,1260,0,0
72.9440,5.0742,1259,0,0
72.9688,5.0782,1260,0,0
72.9936,5.0822,1261,0,0
73.0184,5.0782,1260,0,0
73.0432,5.0742,1259,0,0
73.0680,5.0742,1259,0,0
73.0928,5.0822,1261,0,0
73.1176,5.0742,1259,0,0
73.1424,5.0782,1260,0,0
73.1672,5.0742,1259,0,0
73.1920,5.0338,1249,0,0
73.2168,5.0782,1260,0,0
73.2416,5.0782,1260,0,0
73.2664,5.0540,1254,0,0
73.2912,5.1104,1268,0,0
73.3160,5.0782,1260,0,0
73.3409,5.0661,1257,0,0
73.3657,5.0822,1261,0,0
73.3905,5.0822,1261,0,0
73.4153,5.0943,1264,0,0
73.4401,5.0782,1260,0,0
73.4649,5.0338,1249,0,0
73.4897,5.0742,1259,0,0
73.5145,5.0661,1257,0,0
73.5393,5.1265,1272,0,0
73.5641,5.0983,1265,0,0
73.5889,5.0742,1259,0,0
73.6137,5.0742,1259,0,0
73.6385,5.0943,1264,0,0
73.6633,5.0782,1260,0,0
73.6881,5.1225,1271,0,0
73.7129,5.1346,1274,0,0
73.7377,5.0862,1262,0,0
73.7625,5.0983,1265,0,0
73.7873,5.0943,1264,0,0
73.8121,5.0862,1262,0,0
73.8369,5.0379,1250,0,0
73.8617,5.0580,1255,0,0
73.8865,5.0983,1265,0,0
73.9113,5.0983,1265,0,0
73.9361,5.0862,1262,0,0
73.9609,5.0379,1250,0,0
73.9857,5.0782,1260,0,0
74.0105,5.0782,1260,0,0
74.0353,5.0862,1262,0,0
74.0601,5.0782,1260,0,0
74.0849,5.0862,1262,0,0
74.1097,5.1064,1267,0,0
74.1345,5.0782,1260,0,0
74.1593,5.0943,1264,0,0
74.1841,5.0903,1263,0,0
74.2089,5.0943,1264,0,0
74.2337,5.0661,1257,0,0
74.2585,5.0943,1264,0,0
74.2833,5.1064,1267,0,0
74.3081,5.0903,1263,0,0
74.3329,5.0742,1259,0,0
74.3577,5.0943,1264,0,0
74.3826,5.0782,1260,0,0
74.4074,5.0862,1262,0,0
74.4322,5.0943,1264,0,0
74.4570,5.0701,1258,0,0
74.4818,5.0540,1254,0,0
74.5066,5.0742,1259,0,0
74.5314,5.0661,1257,0,0
74.5562,5.0943,1264,0,0
74.5810,5.0862,1262,0,0
74.6058,5.0661,1257,0,0
74.6306,5.0419,1251,0,0
74.6554,5.0742,1259,0,0
74.6802,5.0701,1258,0,0
74.7050,5.0742,1259,0,0
74.7298,5.0903,1263,0,0
74.7546,5.0983,1265,0,0
74.7794,5.0862,1262,0,0
74.8042,5.0782,1260,0,0
74.8290,5.0822,1261,0,0
74.8538,5.0782,1260,0,0
74.8786,5.0862,1262,0,0
74.9034,5.0862,1262,0,0
74.9282,5.0540,1254,0,0
74.9530,5.0822,1261,0,0
74.9778,5.0862,1262,0,0
75.0026,5.0742,1259,0,0
75.0274,5.0742,1259,0,0
75.0522,5.0701,1258,0,0
75.0770,5.0782,1260,0,0
75.1018,5.0661,1257,0,0
75.1266,5.0540,1254,0,0
75.1514,5.0983,1265,0,0
75.1762,5.0742,1259,0,0
75.2010,5.0500,1253,0,0
75.2258,5.0379,1250,0,0
75.2506,5.0782,1260,0,0
75.2754,5.0782,1260,0,0
75.3002,5.0742,1259,0,0
75.3251,5.0822,1261,0,0
75.3499,5.0983,1265,0,0
75.3746,5.0983,1265,0,0
75.3995,5.0580,1255,0,0
75.4243,5.0419,1251,0,0
75.4491,5.0862,1262,0,0
75.4739,5.0943,1264,0,0
75.4987,5.0983,1265,0,0
75.5235,5.0661,1257,0,0
75.5483,5.0742,1259,0,0
75.5731,5.0782,1260,0,0
75.5979,5.0983,1265,0,0
75.6227,5.0862,1262,0,0
75.6475,5.0742,1259,0,0
75.6723,5.0742,1259,0,0
75.6971,5.0983,1265,0,0
75.7219,5.0701,1258,0,0
75.7467,5.0701,1258,0,0
75.7715,5.1104,1268,0,0
75.7963,5.0742,1259,0,0
75.8211,5.0540,1254,0,0
75.8459,5.0661,1257,0,0
75.8707,5.0540,1254,0,0
75.8955,5.0782,1260,0,0
75.9203,5.0782,1260,0,0
75.9451,5.0862,1262,0,0
75.9699,5.0742,1259,0,0
75.9947,5.0943,1264,0,0
76.0195,5.0862,1262,0,0
76.0443,5.0862,1262,0,0
76.0691,5.0782,1260,0,0
76.0939,5.0782,1260,0,0
76.1187,5.0822,1261,0,0
76.1435,5.0903,1263,0,0
76.1683,5.0943,1264,0,0
76.1931,5.0943,1264,0,0
76.2179,5.0822,1261,0,0
76.2427,5.0862,1262,0,0
76.2675,5.0862,1262,0,0
76.2923,5.0742,1259,0,0
76.3171,5.0943,1264,0,0
76.3419,5.0379,1250,0,0
76.3668,5.0983,1265,0,0
76.3916,5.0943,1264,0,0
76.4164,5.0782,1260,0,0
76.4412,5.0701,1258,0,0
76.4660,5.0338,1249,0,0
76.4908,5.0782,1260,0,0
76.5156,5.0862,1262,0,0
76.5404,5.0782,1260,0,0
76.5652,5.0943,1264,0,0
76.5900,5.1064,1267,0,0
76.6148,5.0943,1264,0,0
76.6396,5.0701,1258,0,0
76.6644,5.0862,1262,0,0
76.6892,5.0661,1257,0,0
76.7140,5.0782,1260,0,0
76.7388,5.0661,1257,0,0
76.7636,5.0661,1257,0,0
76.7884,5.0782,1260,0,0
76.8132,5.0983,1265,0,0
76.8380,5.0742,1259,0,0
76.8628,5.0862,1262,0,0
76.8876,5.0943,1264,0,0
76.9124,5.1064,1267,0,0
76.9372,5.0701,1258,0,0
76.9620,5.0742,1259,0,0
76.9868,5.0701,1258,0,0
77.0116,5.0983,1265,0,0
77.0364,5.0661,1257,0,0
77.0612,5.0661,1257,0,0
77.0860,5.0742,1259,0,0
77.1108,5.0782,1260,0,0
77.1356,5.0742,1259,0,0
77.1604,5.1064,1267,0,0
77.1852,5.0782,1260,0,0
77.2100,5.0862,1262,0,0
77.2348,5.0903,1263,0,0
77.2596,5.0943,1264,0,0
77.2844,5.0943,1264,0,0
77.3092,5.1024,1266,0,0
77.3340,5.1024,1266,0,0
77.3588,5.0862,1262,0,0
77.3837,5.0661,1257,0,0
77.4085,5.0862,1262,0,0
77.4333,5.0943,1264,0,0
77.4581,5.0742,1259,0,0
77.4829,5.0862,1262,0,0
77.5077,5.0742,1259,0,0
77.5325,5.0419,1251,0,0
77.5573,5.0500,1253,0,0
77.5821,5.0500,1253,0,0
77.6069,5.0782,1260,0,0
77.6317,5.0903,1263,0,0
77.6565,5.0862,1262,0,0
77.6813,5.0943,1264,0,0
77.7061,5.1064,1267,0,0
77.7309,5.0822,1261,0,0
77.7557,5.0742,1259,0,0
77.7805,5.0862,1262,0,0
77.8053,5.0742,1259,0,0
77.8301,5.0379,1250,0,0
77.8549,5.0862,1262,0,0
77.8797,5.0742,1259,0,0
77.9045,5.0943,1264,0,0
77.9293,5.0862,1262,0,0
77.9541,5.0661,1257,0,0
77.9789,5.1064,1267,0,0
78.0037,5.0742,1259,0,0
78.0285,5.1145,1269,0,0
78.0533,5.0742,1259,0,0
78.0781,5.0862,1262,0,0
78.1029,5.1346,1274,0,0
78.1277,5.0862,1262,0,0
78.1525,5.0903,1263,0,0
78.1773,5.0782,1260,0,0
78.2021,5.0782,1260,0,0
78.2269,5.0983,1265,0,0
78.2517,5.0661,1257,0,0
78.2765,5.0742,1259,0,0
78.3013,5.0782,1260,0,0
78.3261,5.0782,1260,0,0
78.3509,5.0782,1260,0,0
78.3757,5.0540,1254,0,0
78.4006,5.0742,1259,0,0
78.4254,5.0822,1261,0,0
78.4502,5.0419,1251,0,0
78.4750,5.0862,1262,0,0
78.4998,5.0822,1261,0,0
78.5246,5.0661,1257,0,0
78.5494,5.0782,1260,0,0
78.5742,5.0661,1257,0,0
78.5990,5.0903,1263,0,0
78.6238,5.0943,1264,0,0
78.6486,5.0943,1264,0,0
78.6734,5.0742,1259,0,0
78.6982,5.0903,1263,0,0
78.7230,5.0782,1260,0,0
78.7478,5.0943,1264,0,0
78.7726,5.0822,1261,0,0
78.7974,5.0943,1264,0,0
78.8222,5.0862,1262,0,0
78.8470,5.0701,1258,0,0
78.8718,5.0661,1257,0,0
78.8966,5.0903,1263,0,0
78.9214,5.0903,1263,0,0
78.9462,5.0419,1251,0,0
78.9710,5.0701,1258,0,0
78.9958,5.0782,1260,0,0
79.0206,5.0903,1263,0,0
79.0454,5.0661,1257,0,0
79.0702,5.0782,1260,0,0
79.0950,5.0943,1264,0,0
79.1198,5.0782,1260,0,0
79.1446,5.0903,1263,0,0
79.1694,5.0782,1260,0,0
79.1942,5.0943,1264,0,0
79.2190,5.0983,1265,0,0
79.2438,5.0782,1260,0,0
79.2686,5.0862,1262,0,0
79.2934,5.0500,1253,0,0
79.3182,5.0782,1260,0,0
79.3430,5.0782,1260,0,0
79.3679,5.0862,1262,0,0
79.3926,5.0298,1248,0,0
79.4174,5.0862,1262,0,0
79.4423,5.0742,1259,0,0
79.4671,5.0903,1263,0,0
79.4919,5.0379,1250,0,0
79.5167,5.0943,1264,0,0
79.5415,5.0943,1264,0,0
79.5663,5.0862,1262,0,0
79.5911,5.0701,1258,0,0
79.6159,5.1104,1268,0,0
79.6407,5.0943,1264,0,0
79.6655,5.0742,1259,0,0
79.6903,5.0701,1258,0,0
79.7151,5.0862,1262,0,0
79.7399,5.0661,1257,0,0
79.7647,5.0419,1251,0,0
79.7895,5.0742,1259,0,0
79.8143,5.0983,1265,0,0
79.8391,5.0943,1264,0,0
79.8639,5.0862,1262,0,0
79.8887,5.0782,1260,0,0
79.9135,5.0782,1260,0,0
79.9383,5.0782,1260,0,0
79.9631,5.0822,1261,0,0
79.9879,5.0742,1259,0,0
80.0127,5.0782,1260,0,0
80.0375,5.0862,1262,0,0
80.0623,5.0661,1257,0,0
80.0871,5.0862,1262,0,0
80.1119,5.0862,1262,0,0
80.1367,5.0943,1264,0,0
80.1615,5.0742,1259,0,0
80.1863,5.0782,1260,0,0
80.2111,5.0943,1264,0,0
80.2359,5.0983,1265,0,0
80.2607,5.0661,1257,0,0
80.2855,5.0782,1260,0,0
80.3103,5.0862,1262,0,0
80.3351,5.1064,1267,0,0
80.3599,5.0943,1264,0,0
80.3848,5.0661,1257,0,0
80.4096,5.1064,1267,0,0
80.4344,5.0943,1264,0,0
80.4592,5.0862,1262,0,0
80.4840,5.0661,1257,0,0
80.5088,5.1064,1267,0,0
80.5336,5.1064,1267,0,0
80.5584,5.0782,1260,0,0
80.5832,5.0943,1264,0,0
80.6080,5.1064,1267,0,0
80.6328,5.0661,1257,0,0
80.6576,5.0782,1260,0,0
80.6824,5.0862,1262,0,0
80.7072,5.0862,1262,0,0
80.7320,5.0983,1265,0,0
80.7568,5.0782,1260,0,0
80.7816,5.0822,1261,0,0
80.8064,5.0822,1261,0,0
80.8312,5.0983,1265,0,0
80.8560,5.0782,1260,0,0
80.8808,5.0782,1260,0,0
80.9056,5.0742,1259,0,0
80.9304,5.0903,1263,0,0
80.9552,5.0943,1264,0,0
80.9800,5.0500,1253,0,0
81.0048,5.0742,1259,0,0
81.0296,5.0903,1263,0,0
81.0544,5.0822,1261,0,0
81.0792,5.0742,1259,0,0
81.1040,5.0742,1259,0,0
81.1288,5.0983,1265,0,0
81.1536,5.0822,1261,0,0
81.1784,5.0822,1261,0,0
81.2032,5.0782,1260,0,0
81.2280,5.0943,1264,0,0
81.2528,5.0862,1262,0,0
81.2776,5.0742,1259,0,0
81.3024,5.0742,1259,0,0
81.3272,5.0943,1264,0,0
81.3520,5.1265,1272,0,0
81.3768,5.0782,1260,0,0
81.4016,5.0903,1263,0,0
81.4265,5.0742,1259,0,0
81.4513,5.0983,1265,0,0
81.4761,5.0862,1262,0,0
81.5009,5.0338,1249,0,0
81.5257,5.0903,1263,0,0
81.5505,5.0862,1262,0,0
81.5753,5.0943,1264,0,0
81.6001,5.0862,1262,0,0
81.6249,5.0782,1260,0,0
81.6497,5.0943,1264,0,0
81.6745,5.0943,1264,0,0
81.6993,5.0701,1258,0,0
81.7241,5.0943,1264,0,0
81.7489,5.0983,1265,0,0
81.7737,5.0742,1259,0,0
81.7985,5.0782,1260,0,0
81.8233,5.0419,1251,0,0
81.8481,5.0903,1263,0,0
81.8729,5.0782,1260,0,0
81.8977,5.0782,1260,0,0
81.9225,5.0862,1262,0,0
81.9473,5.0862,1262,0,0
81.9721,5.0862,1262,0,0
81.9969,5.0701,1258,0,0
82.0217,5.1104,1268,0,0
82.0465,5.0943,1264,0,0
82.0713,5.0782,1260,0,0
82.0961,5.0500,1253,0,0
82.1209,5.0943,1264,0,0
82.1457,5.0782,1260,0,0
82.1705,5.0862,1262,0,0
82.1953,5.0822,1261,0,0
82.2201,5.0782,1260,0,0
82.2449,5.0943,1264,0,0
82.2697,5.0661,1257,0,0
82.2945,5.0862,1262,0,0
82.3193,5.1024,1266,0,0
82.3441,5.0822,1261,0,0
82.3689,5.0943,1264,0,0
82.3937,5.1064,1267,0,0
82.4185,5.0943,1264,0,0
82.4434,5.0742,1259,0,0
82.4682,5.0379,1250,0,0
82.4930,5.0862,1262,0,0
82.5178,5.0943,1264,0,0
82.5426,5.0540,1254,0,0
82.5674,5.0742,1259,0,0
82.5922,5.0661,1257,0,0
82.6170,5.1265,1272,0,0
82.6418,5.0943,1264,0,0
82.6666,5.0500,1253,0,0
82.6914,5.1104,1268,0,0
82.7162,5.0943,1264,0,0
82.7410,5.0782,1260,0,0
82.7658,5.0661,1257,0,0
82.7906,5.0943,1264,0,0
82.8154,5.0903,1263,0,0
82.8402,5.1064,1267,0,0
82.8650,5.0862,1262,0,0
82.8898,5.0903,1263,0,0
82.9146,5.1064,1267,0,0
82.9394,5.0419,1251,0,0
82.9642,5.1265,1272,0,0
82.9890,5.0782,1260,0,0
83.0138,5.0943,1264,0,0
83.0386,5.0661,1257,0,0
83.0634,5.0742,1259,0,0
83.0882,5.0943,1264,0,0
83.1130,5.0983,1265,0,0
83.1378,5.0822,1261,0,0
83.1626,5.0661,1257,0,0
83.1874,5.0903,1263,0,0
83.2122,5.0379,1250,0,0
83.2370,5.0862,1262,0,0
83.2618,5.0943,1264,0,0
83.2866,5.0903,1263,0,0
83.3114,5.0782,1260,0,0
83.3362,5.0500,1253,0,0
83.3610,5.1225,1271,0,0
83.3858,5.0782,1260,0,0
83.4106,5.0782,1260,0,0
83.4354,5.0983,1265,0,0
83.4603,5.1024,1266,0,0
83.4851,5.0419,1251,0,0
83.5099,5.0903,1263,0,0
83.5347,5.0742,1259,0,0
83.5595,5.0822,1261,0,0
83.5843,5.0661,1257,0,0
83.6091,5.0661,1257,0,0
83.6339,5.1225,1271,0,0
83.6587,5.0379,1250,0,0
83.6835,5.0742,1259,0,0
83.7083,5.0903,1263,0,0
83.7331,5.0782,1260,0,0
83.7579,5.0862,1262,0,0
83.7827,5.0983,1265,0,0
83.8075,5.0822,1261,0,0
83.8323,5.0782,1260,0,0
83.8571,5.0742,1259,0,0
83.8819,5.0983,1265,0,0
83.9067,5.1064,1267,0,0
83.9315,5.0862,1262,0,0
83.9563,5.0862,1262,0,0
83.9811,5.0943,1264,0,0
84.0059,5.0943,1264,0,0
84.0307,5.0943,1264,0,0
84.0555,5.0661,1257,0,0
84.0803,5.0822,1261,0,0
84.1051,5.0862,1262,0,0
84.1299,5.0782,1260,0,0
84.1547,5.0943,1264,0,0
84.1795,5.0782,1260,0,0
84.2043,5.0782,1260,0,0
84.2291,5.0943,1264,0,0
84.2539,5.0822,1261,0,0
84.2787,5.1225,1271,0,0
84.3035,5.0742,1259,0,0
84.3283,5.0742,1259,0,0
84.3531,5.0983,1265,0,0
84.3779,5.0782,1260,0,0
84.4027,5.0782,1260,0,0
84.4276,5.0782,1260,0,0
84.4523,5.0983,1265,0,0
84.4771,5.0782,1260,0,0
84.5020,5.0782,1260,0,0
84.5268,5.1024,1266,0,0
84.5516,5.0983,1265,0,0
84.5764,5.0822,1261,0,0
84.6012,5.0419,1251,0,0
84.6260,5.0983,1265,0,0
84.6508,5.0862,1262,0,0
84.6756,5.0742,1259,0,0
84.7004,5.0943,1264,0,0
84.7252,5.0943,1264,0,0
84.7500,5.0903,1263,0,0
84.7748,5.0742,1259,0,0
84.7996,5.0903,1263,0,0
84.8244,5.0862,1262,0,0
84.8492,5.1145,1269,0,0
84.8740,5.0742,1259,0,0
84.8988,5.0943,1264,0,0
84.9236,5.0862,1262,0,0
84.9484,5.0419,1251,0,0
84.9732,5.0782,1260,0,0
84.9980,5.0943,1264,0,0
85.0228,5.0742,1259,0,0
85.0476,5.0540,1254,0,0
85.0724,5.0782,1260,0,0
85.0972,5.0782,1260,0,0
85.1220,5.0782,1260,0,0
85.1468,5.0862,1262,0,0
85.1716,5.0782,1260,0,0
85.1964,5.0862,1262,0,0
85.2212,5.0862,1262,0,0
85.2460,5.0943,1264,0,0
85.2708,5.0983,1265,0,0
85.2956,5.0701,1258,0,0
85.3204,5.0419,1251,0,0
85.3452,5.0862,1262,0,0
85.3700,5.1225,1271,0,0
85.3948,5.0862,1262,0,0
85.4196,5.0782,1260,0,0
85.4445,5.0903,1263,0,0
85.4693,5.0943,1264,0,0
85.4941,5.0943,1264,0,0
85.5189,5.0943,1264,0,0
85.5437,5.0983,1265,0,0
85.5685,5.0943,1264,0,0
85.5933,5.0782,1260,0,0
85.6181,5.0661,1257,0,0
85.6429,5.0943,1264,0,0
85.6677,5.0822,1261,0,0
85.6925,5.0782,1260,0,0
85.7173,5.0500,1253,0,0
85.7421,5.0903,1263,0,0
85.7669,5.0701,1258,0,0
85.7917,5.0983,1265,0,0
85.8165,5.0943,1264,0,0
85.8413,5.0742,1259,0,0
85.8661,5.0701,1258,0,0
85.8909,5.0903,1263,0,0
85.9157,5.0983,1265,0,0
85.9405,5.0742,1259,0,0
85.9653,5.0701,1258,0,0
85.9901,5.1064,1267,0,0
86.0149,5.0983,1265,0,0
86.0397,5.0701,1258,0,0
86.0645,5.0580,1255,0,0
86.0893,5.0862,1262,0,0
86.1141,5.0903,1263,0,0
86.1389,5.0782,1260,0,0
86.1637,5.0903,1263,0,0
86.1885,5.0862,1262,0,0
86.2133,5.0862,1262,0,0
86.2381,5.0782,1260,0,0
86.2629,5.0943,1264,0,0
86.2877,5.1064,1267,0,0
86.3125,5.0500,1253,0,0
86.3373,5.0742,1259,0,0
86.3621,5.1064,1267,0,0
86.3869,5.0862,1262,0,0
86.4117,5.0943,1264,0,0
86.4365,5.0540,1254,0,0
86.4613,5.1104,1268,0,0
86.4862,5.0782,1260,0,0
86.5110,5.0983,1265,0,0
86.5358,5.0943,1264,0,0
86.5606,5.0500,1253,0,0
86.5854,5.1024,1266,0,0
86.6102,5.0782,1260,0,0
86.6350,5.0661,1257,0,0
86.6598,5.1306,1273,0,0
86.6846,5.0540,1254,0,0
86.7094,5.0782,1260,0,0
86.7342,5.0943,1264,0,0
86.7590,5.0782,1260,0,0
86.7838,5.0742,1259,0,0
86.8086,5.0943,1264,0,0
86.8334,5.0822,1261,0,0
86.8582,5.0822,1261,0,0
86.8830,5.0500,1253,0,0
86.9078,5.0782,1260,0,0
86.9326,5.0943,1264,0,0
86.9574,5.0782,1260,0,0
86.9822,5.0742,1259,0,0
87.0070,5.0500,1253,0,0
87.0318,5.0983,1265,0,0
87.0566,5.0661,1257,0,0
87.0814,5.0903,1263,0,0
87.1062,5.0742,1259,0,0
87.1310,5.0903,1263,0,0
87.1558,5.0742,1259,0,0
87.1806,5.0742,1259,0,0
87.2054,5.0862,1262,0,0
87.2302,5.0903,1263,0,0
87.2550,5.0822,1261,0,0
87.2798,5.0782,1260,0,0
87.3046,5.0862,1262,0,0
87.3294,5.0862,1262,0,0
87.3542,5.0419,1251,0,0
87.3790,5.0379,1250,0,0
87.4038,5.0943,1264,0,0
87.4286,5.0661,1257,0,0
87.4534,5.0822,1261,0,0
87.4782,5.0782,1260,0,0
87.5031,5.0782,1260,0,0
87.5279,5.0943,1264,0,0
87.5527,5.0782,1260,0,0
87.5775,5.0943,1264,0,0
87.6023,5.0862,1262,0,0
87.6271,5.0500,1253,0,0
87.6519,5.0903,1263,0,0
87.6767,5.0782,1260,0,0
87.7015,5.0742,1259,0,0
87.7263,5.0742,1259,0,0
87.7511,5.0500,1253,0,0
87.7759,5.0862,1262,0,0
87.8007,5.0742,1259,0,0
87.8255,5.0379,1250,0,0
87.8503,5.1064,1267,0,0
87.8751,5.0782,1260,0,0
87.8999,5.0661,1257,0,0
87.9247,5.0903,1263,0,0
87.9495,5.0782,1260,0,0
87.9743,5.1064,1267,0,0
87.9991,5.0661,1257,0,0
88.0239,5.0782,1260,0,0
88.0487,5.1064,1267,0,0
88.0735,5.0822,1261,0,0
88.0983,5.0782,1260,0,0
88.1231,5.0742,1259,0,0
88.1479,5.0943,1264,0,0
88.1727,5.0338,1249,0,0
88.1975,5.0983,1265,0,0
88.2223,5.0822,1261,0,0
88.2471,5.0862,1262,0,0
88.2719,5.0742,1259,0,0
88.2967,5.0943,1264,0,0
88.3215,5.0782,1260,0,0
88.3463,5.0822,1261,0,0
88.3711,5.1064,1267,0,0
88.3959,5.0903,1263,0,0
88.4207,5.1064,1267,0,0
88.4455,5.0782,1260,0,0
88.4703,5.0782,1260,0,0
88.4951,5.0943,1264,0,0
88.5200,5.1104,1268,0,0
88.5448,5.0742,1259,0,0
88.5696,5.0862,1262,0,0
88.5944,5.0822,1261,0,0
88.6192,5.0943,1264,0,0
88.6440,5.0419,1251,0,0
88.6688,5.0983,1265,0,0
88.6936,5.0983,1265,0,0
88.7184,5.0661,1257,0,0
88.7432,5.0943,1264,0,0
88.7680,5.0822,1261,0,0
88.7928,5.1024,1266,0,0
88.8176,5.1024,1266,0,0
88.8424,5.0903,1263,0,0
88.8672,5.1104,1268,0,0
88.8920,5.1145,1269,0,0
88.9168,5.0862,1262,0,0
88.9416,5.0983,1265,0,0
88.9664,5.0822,1261,0,0
88.9912,5.0661,1257,0,0
89.0160,5.0782,1260,0,0
89.0408,5.1064,1267,0,0
89.0656,5.1104,1268,0,0
89.0904,5.0782,1260,0,0
89.1152,5.0983,1265,0,0
89.1400,5.0943,1264,0,0
89.1648,5.0782,1260,0,0
89.1896,5.0419,1251,0,0
89.2144,5.0862,1262,0,0
89.2392,5.0782,1260,0,0
89.2640,5.0983,1265,0,0
89.2888,5.0903,1263,0,0
89.3136,5.1064,1267,0,0
89.3384,5.0742,1259,0,0
89.3632,5.0822,1261,0,0
89.3880,5.0943,1264,0,0
89.4128,5.0943,1264,0,0
89.4376,5.0943,1264,0,0
89.4624,5.0701,1258,0,0
89.4873,5.0983,1265,0,0
89.5120,5.0782,1260,0,0
89.5368,5.1145,1269,0,0
89.5617,5.0782,1260,0,0
89.5865,5.0822,1261,0,0
89.6113,5.1064,1267,0,0
89.6361,5.0782,1260,0,0
89.6609,5.0742,1259,0,0
89.6857,5.0742,1259,0,0
89.7105,5.0782,1260,0,0
89.7353,5.0661,1257,0,0
89.7601,5.0983,1265,0,0
89.7849,5.0742,1259,0,0
89.8097,5.1064,1267,0,0
89.8345,5.0419,1251,0,0
89.8593,5.0782,1260,0,0
89.8841,5.1064,1267,0,0
89.9089,5.0782,1260,0,0
89.9337,5.0943,1264,0,0
89.9585,5.0661,1257,0,0
89.9833,5.0782,1260,0,0
90.0081,5.1064,1267,0,0
90.0329,5.0943,1264,0,0
90.0577,5.0742,1259,0,0
90.0825,5.0862,1262,0,0
90.1073,5.1225,1271,0,0
90.1321,5.0742,1259,0,0
90.1569,5.0862,1262,0,0
90.1817,5.0943,1264,0,0
90.2065,5.0742,1259,0,0
90.2313,5.0782,1260,0,0
90.2561,5.0983,1265,0,0
90.2809,5.0742,1259,0,0
90.3057,5.0822,1261,0,0
90.3305,5.0782,1260,0,0
90.3553,5.0983,1265,0,0
90.3801,5.0943,1264,0,0
90.4049,5.1225,1271,0,0
90.4297,5.1265,1272,0,0
90.4545,5.0862,1262,0,0
90.4793,5.1024,1266,0,0
90.5042,5.0742,1259,0,0
90.5290,5.0782,1260,0,0
90.5538,5.1104,1268,0,0
90.5786,5.0661,1257,0,0
90.6034,5.0862,1262,0,0
90.6282,5.0943,1264,0,0
90.6530,5.0782,1260,0,0
90.6778,5.0661,1257,0,0
90.7026,5.1064,1267,0,0
90.7274,5.0943,1264,0,0
90.7522,5.0782,1260,0,0
90.7770,5.0661,1257,0,0
90.8018,5.0943,1264,0,0
90.8266,5.0903,1263,0,0
90.8514,5.0782,1260,0,0
90.8762,5.0943,1264,0,0
90.9010,5.0782,1260,0,0
90.9258,5.0822,1261,0,0
90.9506,5.0661,1257,0,0
90.9754,5.0742,1259,0,0
91.0002,5.0822,1261,0,0
91.0250,5.0742,1259,0,0
91.0498,5.0742,1259,0,0
91.0746,5.0500,1253,0,0
91.0994,5.1064,1267,0,0
91.1242,5.0862,1262,0,0
91.1490,5.0862,1262,0,0
91.1738,5.0782,1260,0,0
91.1986,5.0782,1260,0,0
91.2234,5.0862,1262,0,0
91.2482,5.0661,1257,0,0
91.2730,5.1104,1268,0,0
91.2978,5.0540,1254,0,0
91.3226,5.0379,1250,0,0
91.3474,5.0742,1259,0,0
91.3722,5.0943,1264,0,0
91.3970,5.0822,1261,0,0
91.4218,5.0822,1261,0,0
91.4466,5.0379,1250,0,0
91.4714,5.1104,1268,0,0
91.4962,5.0661,1257,0,0
91.5210,5.0500,1253,0,0
91.5459,5.0782,1260,0,0
91.5707,5.0903,1263,0,0
91.5955,5.0782,1260,0,0
91.6203,5.0903,1263,0,0
91.6451,5.0862,1262,0,0
91.6699,5.0862,1262,0,0
91.6947,5.0943,1264,0,0
91.7195,5.2072,1292,0,0
91.7443,5.0782,1260,0,0
91.7691,5.0862,1262,0,0
91.7939,5.0943,1264,0,0
91.8187,5.0742,1259,0,0
91.8435,5.0782,1260,0,0
91.8683,5.0862,1262,0,0
91.8931,5.0782,1260,0,0
91.9179,5.0419,1251,0,0
91.9427,5.0903,1263,0,0
91.9675,5.0983,1265,0,0
91.9923,5.0983,1265,0,0
92.0171,5.0782,1260,0,0
92.0419,5.1024,1266,0,0
92.0667,5.0862,1262,0,0
92.0915,5.0943,1264,0,0
92.1163,5.0782,1260,0,0
92.1411,5.0943,1264,0,0
92.1659,5.0943,1264,0,0
92.1907,5.0379,1250,0,0
92.2155,5.0500,1253,0,0
92.2403,5.0943,1264,0,0
92.2651,5.0983,1265,0,0
92.2899,5.0782,1260,0,0
92.3147,5.0943,1264,0,0
92.3395,5.0943,1264,0,0
92.3643,5.0943,1264,0,0
92.3891,5.0822,1261,0,0
92.4139,5.1225,1271,0,0
92.4387,5.0782,1260,0,0
92.4635,5.0742,1259,0,0
92.4883,5.0782,1260,0,0
92.5131,5.0379,1250,0,0
92.5379,5.0661,1257,0,0
92.5628,5.0742,1259,0,0
92.5876,5.0862,1262,0,0
92.6124,5.0782,1260,0,0
92.6372,5.0782,1260,0,0
92.6620,5.0862,1262,0,0
92.6868,5.0782,1260,0,0
92.7116,5.0782,1260,0,0
92.7364,5.1064,1267,0,0
92.7612,5.0701,1258,0,0
92.7860,5.0379,1250,0,0
92.8108,5.0862,1262,0,0
92.8356,5.0943,1264,0,0
92.8604,5.0782,1260,0,0
92.8852,5.0701,1258,0,0
92.9100,5.0983,1265,0,0
92.9348,5.0782,1260,0,0
92.9596,5.0742,1259,0,0
92.9844,5.0943,1264,0,0
93.0092,5.0943,1264,0,0
93.0340,5.0742,1259,0,0
93.0588,5.0742,1259,0,0
93.0836,5.0661,1257,0,0
93.1084,5.0822,1261,0,0
93.1332,5.0742,1259,0,0
93.1580,5.0943,1264,0,0
93.1828,5.0983,1265,0,0
93.2076,5.1024,1266,0,0
93.2324,5.0943,1264,0,0
93.2572,5.0943,1264,0,0
93.2820,5.0943,1264,0,0
93.3068,5.0943,1264,0,0
93.3316,5.0983,1265,0,0
93.3564,5.0661,1257,0,0
93.3812,5.0862,1262,0,0
93.4060,5.0782,1260,0,0
93.4308,5.0943,1264,0,0
93.4556,5.1225,1271,0,0
93.4804,5.0943,1264,0,0
93.5052,5.0943,1264,0,0
93.5300,5.0822,1261,0,0
93.5548,5.0943,1264,0,0
93.5797,5.0943,1264,0,0
93.6045,5.1064,1267,0,0
93.6293,5.0379,1250,0,0
93.6541,5.0782,1260,0,0
93.6789,5.0782,1260,0,0
93.7037,5.0782,1260,0,0
93.7285,5.1145,1269,0,0
93.7533,5.0862,1262,0,0
93.7781,5.0822,1261,0,0
93.8029,5.0943,1264,0,0
93.8277,5.1024,1266,0,0
93.8525,5.0782,1260,0,0
93.8773,5.0862,1262,0,0
93.9021,5.0862,1262,0,0
93.9269,5.0782,1260,0,0
93.9517,5.0943,1264,0,0
93.9765,5.0862,1262,0,0
94.0013,5.0943,1264,0,0
94.0261,5.0742,1259,0,0
94.0509,5.1064,1267,0,0
94.0757,5.0338,1249,0,0
94.1005,5.0782,1260,0,0
94.1253,5.0862,1262,0,0
94.1501,5.0862,1262,0,0
94.1749,5.0540,1254,0,0
94.1997,5.1024,1266,0,0
94.2245,5.0862,1262,0,0
94.2493,5.0742,1259,0,0
94.2741,5.0742,1259,0,0
94.2989,5.1265,1272,0,0
94.3237,5.0943,1264,0,0
94.3485,5.0782,1260,0,0
94.3733,5.0661,1257,0,0
94.3981,5.0862,1262,0,0
94.4229,5.0862,1262,0,0
94.4477,5.0742,1259,0,0
94.4725,5.0379,1250,0,0
94.4973,5.1225,1271,0,0
94.5221,5.0742,1259,0,0
94.5470,5.0782,1260,0,0
94.5718,5.0983,1265,0,0
94.5965,5.0943,1264,0,0
94.6214,5.0943,1264,0,0
94.6462,5.0903,1263,0,0
94.6710,5.1145,1269,0,0
94.6958,5.0782,1260,0,0
94.7206,5.0782,1260,0,0
94.7454,5.0742,1259,0,0
94.7702,5.0661,1257,0,0
94.7950,5.0943,1264,0,0
94.8198,5.0782,1260,0,0
94.8446,5.0983,1265,0,0
94.8694,5.0862,1262,0,0
94.8942,5.0943,1264,0,0
94.9190,5.0661,1257,0,0
94.9438,5.0822,1261,0,0
94.9686,5.1104,1268,0,0
94.9934,5.0983,1265,0,0
95.0182,5.0742,1259,0,0
95.0430,5.0862,1262,0,0
95.0678,5.1024,1266,0,0
95.0926,5.0742,1259,0,0
95.1174,5.0379,1250,0,0
95.1422,5.1064,1267,0,0
95.1670,5.0742,1259,0,0
95.1918,5.0782,1260,0,0
95.2166,5.0782,1260,0,0
95.2414,5.0943,1264,0,0
95.2662,5.0298,1248,0,0
95.2910,5.0661,1257,0,0
95.3158,5.0943,1264,0,0
95.3406,5.1064,1267,0,0
95.3654,5.0782,1260,0,0
95.3902,5.0782,1260,0,0
95.4150,5.1265,1272,0,0
95.4398,5.0822,1261,0,0
95.4646,5.0782,1260,0,0
95.4894,5.0500,1253,0,0
95.5142,5.1427,1276,0,0
95.5390,5.0983,1265,0,0
95.5639,5.0782,1260,0,0
95.5887,5.0782,1260,0,0
95.6135,5.0943,1264,0,0
95.6383,5.0742,1259,0,0
95.6631,5.0782,1260,0,0
95.6879,5.0943,1264,0,0
95.7127,5.0903,1263,0,0
95.7375,5.0782,1260,0,0
95.7623,5.0983,1265,0,0
95.7871,5.0983,1265,0,0
95.8119,5.0661,1257,0,0
95.8367,5.0782,1260,0,0
95.8615,5.0983,1265,0,0
95.8863,5.0661,1257,0,0
95.9111,5.0782,1260,0,0
95.9359,5.0943,1264,0,0
95.9607,5.0983,1265,0,0
95.9855,5.0661,1257,0,0
96.0103,5.0943,1264,0,0
96.0351,5.0983,1265,0,0
96.0599,5.1145,1269,0,0
96.0847,5.0782,1260,0,0
96.1095,5.0661,1257,0,0
96.1343,5.0943,1264,0,0
96.1591,5.0782,1260,0,0
96.1839,5.0782,1260,0,0
96.2087,5.0822,1261,0,0
96.2335,5.0943,1264,0,0
96.2583,5.0782,1260,0,0
96.2831,5.0862,1262,0,0
96.3079,5.0983,1265,0,0
96.3327,5.0943,1264,0,0
96.3575,5.0782,1260,0,0
96.3823,5.0580,1255,0,0
96.4071,5.0943,1264,0,0
96.4319,5.0983,1265,0,0
96.4567,5.0822,1261,0,0
96.4815,5.0782,1260,0,0
96.5063,5.1064,1267,0,0
96.5311,5.0862,1262,0,0
96.5559,5.0983,1265,0,0
96.5807,5.0782,1260,0,0
96.6056,5.0701,1258,0,0
96.6304,5.0782,1260,0,0
96.6552,5.0782,1260,0,0
96.6800,5.1145,1269,0,0
96.7048,5.0782,1260,0,0
96.7296,5.0862,1262,0,0
96.7544,5.0983,1265,0,0
96.7792,5.0943,1264,0,0
96.8040,5.0782,1260,0,0
96.8288,5.0661,1257,0,0
96.8536,5.0500,1253,0,0
96.8784,5.1104,1268,0,0
96.9032,5.0742,1259,0,0
96.9280,5.0782,1260,0,0
96.9528,5.1104,1268,0,0
96.9776,5.0943,1264,0,0
97.0024,5.0943,1264,0,0
97.0272,5.0782,1260,0,0
97.0520,5.0782,1260,0,0
97.0768,5.0701,1258,0,0
97.1016,5.0742,1259,0,0
97.1264,5.0943,1264,0,0
97.1512,5.1024,1266,0,0
97.1760,5.0742,1259,0,0
97.2008,5.0862,1262,0,0
97.2256,5.0379,1250,0,0
97.2504,5.0782,1260,0,0
97.2752,5.0983,1265,0,0
97.3000,5.0822,1261,0,0
97.3248,5.0943,1264,0,0
97.3496,5.1104,1268,0,0
97.3744,5.0862,1262,0,0
97.3992,5.0822,1261,0,0
97.4240,5.0943,1264,0,0
97.4488,5.0782,1260,0,0
97.4736,5.0782,1260,0,0
97.4984,5.0661,1257,0,0
97.5232,5.1225,1271,0,0
97.5480,5.1104,1268,0,0
97.5728,5.0943,1264,0,0
97.5976,5.0742,1259,0,0
97.6225,5.0782,1260,0,0
97.6473,5.0983,1265,0,0
97.6721,5.0742,1259,0,0
97.6969,5.0862,1262,0,0
97.7217,5.1064,1267,0,0
97.7465,5.0782,1260,0,0
97.7713,5.0983,1265,0,0
97.7961,5.1064,1267,0,0
97.8209,5.0943,1264,0,0
97.8457,5.0379,1250,0,0
97.8705,5.0661,1257,0,0
97.8953,5.0782,1260,0,0
97.9201,5.0943,1264,0,0
97.9449,5.0782,1260,0,0
97.9697,5.0661,1257,0,0
97.9945,5.0943,1264,0,0
98.0193,5.1265,1272,0,0
98.0441,5.0782,1260,0,0
98.0689,5.0862,1262,0,0
98.0937,5.0862,1262,0,0
98.1185,5.0903,1263,0,0
98.1433,5.0782,1260,0,0
98.1681,5.0782,1260,0,0
98.1929,5.1265,1272,0,0
98.2177,5.0540,1254,0,0
98.2425,5.1024,1266,0,0
98.2673,5.0379,1250,0,0
98.2921,5.1225,1271,0,0
98.3169,5.0862,1262,0,0
98.3417,5.0862,1262,0,0
98.3665,5.0943,1264,0,0
98.3913,5.0862,1262,0,0
98.4161,5.0742,1259,0,0
98.4409,5.0701,1258,0,0
98.4657,5.0983,1265,0,0
98.4905,5.0943,1264,0,0
98.5153,5.0661,1257,0,0
98.5401,5.0903,1263,0,0
98.5649,5.0661,1257,0,0
98.5897,5.1064,1267,0,0
98.6145,5.0540,1254,0,0
98.6394,5.0943,1264,0,0
98.6642,5.0862,1262,0,0
98.6890,5.0661,1257,0,0
98.7138,5.0822,1261,0,0
98.7386,5.0500,1253,0,0
98.7634,5.0943,1264,0,0
98.7882,5.0742,1259,0,0
98.8130,5.0822,1261,0,0
98.8378,5.0822,1261,0,0
98.8626,5.0782,1260,0,0
98.8874,5.1064,1267,0,0
98.9122,5.1064,1267,0,0
98.9370,5.0742,1259,0,0
98.9618,5.0742,1259,0,0
98.9866,5.0943,1264,0,0
99.0114,5.0983,1265,0,0
99.0362,5.0500,1253,0,0
99.0610,5.0782,1260,0,0
99.0858,5.0862,1262,0,0
99.1106,5.0782,1260,0,0
99.1354,5.0540,1254,0,0
99.1602,5.0822,1261,0,0
99.1850,5.1265,1272,0,0
99.2098,5.0701,1258,0,0
99.2346,5.0742,1259,0,0
99.2594,5.0782,1260,0,0
99.2842,5.0943,1264,0,0
99.3090,5.0782,1260,0,0
99.3338,5.0782,1260,0,0
99.3586,5.0943,1264,0,0
99.3834,5.0862,1262,0,0
99.4082,5.0822,1261,0,0
99.4330,5.0943,1264,0,0
99.4578,5.0822,1261,0,0
99.4826,5.0862,1262,0,0
99.5074,5.0782,1260,0,0
99.5322,5.0983,1265,0,0
99.5570,5.0782,1260,0,0
99.5818,5.0822,1261,0,0
99.6067,5.0540,1254,0,0
99.6315,5.0862,1262,0,0
99.6563,5.0862,1262,0,0
99.6811,5.0701,1258,0,0
99.7059,5.1104,1268,0,0
99.7307,5.0943,1264,0,0
99.7555,5.1145,1269,0,0
99.7803,5.0983,1265,0,0
99.8051,5.0661,1257,0,0
99.8299,5.0782,1260,0,0
99.8547,5.0943,1264,0,0
99.8795,5.0782,1260,0,0
99.9043,5.0742,1259,0,0
99.9291,5.0782,1260,0,0
99.9539,5.0943,1264,0,0
99.9787,5.0822,1261,0,0
100.0035,5.0419,1251,0,0
100.0283,5.0782,1260,0,0
100.0531,5.0701,1258,0,0
100.0779,5.0701,1258,0,0
100.1027,5.0742,1259,0,0
100.1275,5.0903,1263,0,0
100.1523,5.0943,1264,0,0
100.1771,5.0822,1261,0,0
100.2019,5.1064,1267,0,0
100.2267,5.0943,1264,0,0
100.2515,5.0782,1260,0,0
100.2763,5.0903,1263,0,0
100.3011,5.0983,1265,0,0
100.3259,5.0903,1263,0,0
100.3507,5.0782,1260,0,0
100.3755,5.0782,1260,0,0
100.4003,5.0540,1254,0,0
100.4251,5.0983,1265,0,0
100.4499,5.0782,1260,0,0
100.4747,5.0701,1258,0,0
100.4995,5.0782,1260,0,0
100.5243,5.0983,1265,0,0
100.5491,5.0782,1260,0,0
100.5739,5.0742,1259,0,0
100.5987,5.0742,1259,0,0
100.6236,5.1024,1266,0,0
100.6484,5.0742,1259,0,0
100.6732,5.0500,1253,0,0
100.6980,5.0338,1249,0,0
100.7228,5.0782,1260,0,0
100.7476,5.0661,1257,0,0
100.7724,5.0782,1260,0,0
100.7972,5.0862,1262,0,0
100.8220,5.0943,1264,0,0
100.8468,5.0701,1258,0,0
100.8716,5.0782,1260,0,0
100.8964,5.0661,1257,0,0
100.9212,5.0782,1260,0,0
100.9460,5.0379,1250,0,0
100.9708,5.0742,1259,0,0
100.9956,5.0943,1264,0,0
101.0204,5.1265,1272,0,0
101.0452,5.0822,1261,0,0
101.0700,5.0661,1257,0,0
101.0948,5.1064,1267,0,0
101.1196,5.0782,1260,0,0
101.1444,5.0862,1262,0,0
101.1692,5.0862,1262,0,0
101.1940,5.0983,1265,0,0
101.2188,5.0782,1260,0,0
101.2436,5.0661,1257,0,0
101.2684,5.0862,1262,0,0
101.2932,5.1064,1267,0,0
101.3180,5.0742,1259,0,0
101.3428,5.0661,1257,0,0
101.3676,5.0943,1264,0,0
101.3924,5.0500,1253,0,0
101.4172,5.1265,1272,0,0
101.4420,5.0782,1260,0,0
101.4668,5.0862,1262,0,0
101.4916,5.0943,1264,0,0
101.5164,5.0419,1251,0,0
101.5412,5.0943,1264,0,0
101.5660,5.0943,1264,0,0
101.5908,5.0983,1265,0,0
101.6156,5.0903,1263,0,0
101.6404,5.0782,1260,0,0
101.6653,5.0903,1263,0,0
101.6901,5.0943,1264,0,0
101.7149,5.0742,1259,0,0
101.7397,5.0822,1261,0,0
101.7645,5.0379,1250,0,0
101.7893,5.0943,1264,0,0
101.8141,5.0742,1259,0,0
101.8389,5.0782,1260,0,0
101.8637,5.0782,1260,0,0
101.8885,5.0862,1262,0,0
101.9133,5.0782,1260,0,0
101.9381,5.0943,1264,0,0
101.9629,5.0943,1264,0,0
101.9877,5.0822,1261,0,0
102.0125,5.0782,1260,0,0
102.0373,5.0661,1257,0,0
102.0621,5.0782,1260,0,0
102.0869,5.0943,1264,0,0
102.1117,5.0983,1265,0,0
102.1365,5.0742,1259,0,0
102.1613,5.0338,1249,0,0
102.1861,5.1024,1266,0,0
102.2109,5.0943,1264,0,0
102.2357,5.0822,1261,0,0
102.2605,5.1064,1267,0,0
102.2853,5.0943,1264,0,0
102.3101,5.0782,1260,0,0
102.3349,5.0862,1262,0,0
102.3597,5.0661,1257,0,0
102.3845,5.0943,1264,0,0
102.4093,5.0943,1264,0,0
102.4341,5.0742,1259,0,0
102.4589,5.0782,1260,0,0
102.4837,5.1024,1266,0,0
102.5085,5.0943,1264,0,0
102.5333,5.0419,1251,0,0
102.5581,5.0782,1260,0,0
102.5829,5.0862,1262,0,0
102.6077,5.0540,1254,0,0
102.6325,5.1548,1279,0,0
102.6573,5.0822,1261,0,0
102.6822,5.0742,1259,0,0
102.7070,5.0500,1253,0,0
102.7318,5.0943,1264,0,0
102.7566,5.0782,1260,0,0
102.7814,5.0943,1264,0,0
102.8062,5.0943,1264,0,0
102.8310,5.0742,1259,0,0
102.8558,5.0943,1264,0,0
102.8806,5.0782,1260,0,0
102.9054,5.0822,1261,0,0
102.9302,5.0782,1260,0,0
102.9550,5.0862,1262,0,0
102.9798,5.0983,1265,0,0
103.0046,5.1064,1267,0,0
103.0294,5.0742,1259,0,0
103.0542,5.1024,1266,0,0
103.0790,5.0782,1260,0,0
103.1038,5.0943,1264,0,0
103.1286,5.0580,1255,0,0
103.1534,5.1064,1267,0,0
103.1782,5.0862,1262,0,0
103.2030,5.0782,1260,0,0
103.2278,5.0500,1253,0,0
103.2526,5.0742,1259,0,0
103.2774,5.0943,1264,0,0
103.3022,5.0943,1264,0,0
103.3270,5.0782,1260,0,0
103.3518,5.0943,1264,0,0
103.3766,5.0983,1265,0,0
103.4014,5.0742,1259,0,0
103.4262,5.0782,1260,0,0
103.4510,5.1104,1268,0,0
103.4758,5.0943,1264,0,0
103.5006,5.0661,1257,0,0
103.5254,5.0661,1257,0,0
103.5502,5.0782,1260,0,0
103.5750,5.0742,1259,0,0
103.5998,5.0862,1262,0,0
103.6246,5.0983,1265,0,0
103.6494,5.0983,1265,0,0
103.6742,5.0782,1260,0,0
103.6991,5.0782,1260,0,0
103.7239,5.0782,1260,0,0
103.7487,5.0943,1264,0,0
103.7735,5.0742,1259,0,0
103.7983,5.1024,1266,0,0
103.8231,5.0661,1257,0,0
103.8479,5.0782,1260,0,0
103.8727,5.0782,1260,0,0
103.8975,5.0782,1260,0,0
103.9223,5.0580,1255,0,0
103.9471,5.0943,1264,0,0
103.9719,5.0943,1264,0,0
103.9967,5.0701,1258,0,0
104.0215,5.0742,1259,0,0
104.0463,5.0943,1264,0,0
104.0711,5.0903,1263,0,0
104.0959,5.0822,1261,0,0
104.1207,5.0419,1251,0,0
104.1455,5.1225,1271,0,0
104.1703,5.0862,1262,0,0
104.1951,5.0661,1257,0,0
104.2199,5.0782,1260,0,0
104.2447,5.1024,1266,0,0
104.2695,5.0862,1262,0,0
104.2943,5.0943,1264,0,0
104.3191,5.0742,1259,0,0
104.3439,5.0943,1264,0,0
104.3687,5.0782,1260,0,0
104.3935,5.1024,1266,0,0
104.4183,5.0661,1257,0,0
104.4431,5.1104,1268,0,0
104.4679,5.0782,1260,0,0
104.4927,5.0782,1260,0,0
104.5175,5.1024,1266,0,0
104.5423,5.0540,1254,0,0
104.5671,5.0983,1265,0,0
104.5919,5.0742,1259,0,0
104.6167,5.0862,1262,0,0
104.6415,5.1024,1266,0,0
104.6664,5.0701,1258,0,0
104.6912,5.0782,1260,0,0
104.7160,5.0862,1262,0,0
104.7408,5.0903,1263,0,0
104.7656,5.0661,1257,0,0
104.7904,5.0903,1263,0,0
104.8152,5.0419,1251,0,0
104.8400,5.0782,1260,0,0
104.8648,5.0782,1260,0,0
104.8896,5.0983,1265,0,0
104.9144,5.0943,1264,0,0
104.9392,5.0822,1261,0,0
104.9640,5.0782,1260,0,0
104.9888,5.0943,1264,0,0
105.0136,5.0540,1254,0,0
105.0384,5.0782,1260,0,0
105.0632,5.0782,1260,0,0
105.0880,5.0782,1260,0,0
105.1128,5.0822,1261,0,0
105.1376,5.1064,1267,0,0
105.1624,5.0661,1257,0,0
105.1872,5.0701,1258,0,0
105.2120,5.0742,1259,0,0
105.2368,5.0822,1261,0,0
105.2616,5.0782,1260,0,0
105.2864,5.0782,1260,0,0
105.3112,5.0822,1261,0,0
105.3360,5.0983,1265,0,0
105.3608,5.0782,1260,0,0
105.3856,5.0943,1264,0,0
105.4104,5.1225,1271,0,0
105.4352,5.0983,1265,0,0
105.4600,5.0379,1250,0,0
105.4848,5.0943,1264,0,0
105.5096,5.0943,1264,0,0
105.5344,5.0862,1262,0,0
105.5592,5.0822,1261,0,0
105.5840,5.0379,1250,0,0
105.6088,5.1225,1271,0,0
105.6336,5.0943,1264,0,0
105.6584,5.0862,1262,0,0
105.6833,5.0943,1264,0,0
105.7081,5.0983,1265,0,0
105.7329,5.0338,1249,0,0
105.7577,5.0862,1262,0,0
105.7825,5.0822,1261,0,0
105.8073,5.0822,1261,0,0
105.8321,5.0701,1258,0,0
105.8569,5.0419,1251,0,0
105.8817,5.0862,1262,0,0
105.9065,5.0983,1265,0,0
105.9313,5.0742,1259,0,0
105.9561,5.0943,1264,0,0
105.9809,5.1064,1267,0,0
106.0057,5.0782,1260,0,0
106.0305,5.0661,1257,0,0
106.0553,5.0701,1258,0,0
106.0801,5.0782,1260,0,0
106.1049,5.0943,1264,0,0
106.1297,5.0742,1259,0,0
106.1545,5.0822,1261,0,0
106.1793,5.0822,1261,0,0
106.2041,5.0701,1258,0,0
106.2289,5.0943,1264,0,0
106.2537,5.0862,1262,0,0
106.2785,5.0943,1264,0,0
106.3033,5.0742,1259,0,0
106.3281,5.0701,1258,0,0
106.3529,5.0943,1264,0,0
106.3777,5.0782,1260,0,0
106.4025,5.0742,1259,0,0
106.4273,5.0903,1263,0,0
106.4521,5.0983,1265,0,0
106.4769,5.0500,1253,0,0
106.5017,5.0822,1261,0,0
106.5265,5.1064,1267,0,0
106.5513,5.0943,1264,0,0
106.5761,5.0701,1258,0,0
106.6009,5.0782,1260,0,0
106.6257,5.1225,1271,0,0
106.6505,5.1064,1267,0,0
106.6753,5.0742,1259,0,0
106.7001,5.0701,1258,0,0
106.7250,5.1265,1272,0,0
106.7498,5.0742,1259,0,0
106.7746,5.0822,1261,0,0
106.7994,5.0943,1264,0,0
106.8242,5.0903,1263,0,0
106.8490,5.0742,1259,0,0
106.8738,5.0782,1260,0,0
106.8986,5.0943,1264,0,0
106.9234,5.0822,1261,0,0
106.9482,5.0661,1257,0,0
106.9730,5.0903,1263,0,0
106.9978,5.0822,1261,0,0
107.0226,5.0862,1262,0,0
107.0474,5.0943,1264,0,0
107.0722,5.1104,1268,0,0
107.0970,5.0943,1264,0,0
107.1218,5.0983,1265,0,0
107.1466,5.0782,1260,0,0
107.1714,5.0862,1262,0,0
107.1962,5.0943,1264,0,0
107.2210,5.1145,1269,0,0
107.2458,5.0782,1260,0,0
107.2706,5.0983,1265,0,0
107.2954,5.0782,1260,0,0
107.3202,5.0782,1260,0,0
107.3450,5.0943,1264,0,0
107.3698,5.1104,1268,0,0
107.3946,5.0903,1263,0,0
107.4194,5.0822,1261,0,0
107.4442,5.0862,1262,0,0
107.4690,5.0983,1265,0,0
107.4938,5.1265,1272,0,0
107.5186,5.0782,1260,0,0
107.5434,5.0943,1264,0,0
107.5682,5.1064,1267,0,0
107.5930,5.0419,1251,0,0
107.6178,5.0742,1259,0,0
107.6426,5.1064,1267,0,0
107.6674,5.0862,1262,0,0
107.6922,5.0943,1264,0,0
107.7170,5.0943,1264,0,0
107.7419,5.0943,1264,0,0
107.7667,5.0742,1259,0,0
107.7915,5.0822,1261,0,0
107.8163,5.0862,1262,0,0
107.8411,5.0983,1265,0,0
107.8659,5.0943,1264,0,0
107.8907,5.1064,1267,0,0
107.9155,5.0903,1263,0,0
107.9403,5.1024,1266,0,0
107.9651,5.0943,1264,0,0
107.9899,5.0822,1261,0,0
108.0147,5.1064,1267,0,0
108.0395,5.0943,1264,0,0
108.0643,5.1064,1267,0,0
108.0891,5.1024,1266,0,0
108.1139,5.1024,1266,0,0
108.1387,5.1064,1267,0,0
108.1635,5.1225,1271,0,0
108.1883,5.0862,1262,0,0
108.2131,5.1104,1268,0,0
108.2379,5.0943,1264,0,0
108.2627,5.0782,1260,0,0
108.2875,5.0983,1265,0,0
108.3123,5.1064,1267,0,0
108.3371,5.0822,1261,0,0
108.3619,5.0742,1259,0,0
108.3867,5.0701,1258,0,0
108.4115,5.0782,1260,0,0
108.4363,5.0782,1260,0,0
108.4611,5.0782,1260,0,0
108.4859,5.0983,1265,0,0
108.5107,5.0782,1260,0,0
108.5355,5.0822,1261,0,0
108.5603,5.0782,1260,0,0
108.5851,5.0943,1264,0,0
108.6099,5.0943,1264,0,0
108.6347,5.0742,1259,0,0
108.6595,5.0983,1265,0,0
108.6843,5.0983,1265,0,0
108.7092,5.0782,1260,0,0
108.7339,5.0862,1262,0,0
108.7588,5.0943,1264,0,0
108.7836,5.0943,1264,0,0
108.8084,5.0943,1264,0,0
108.8332,5.0943,1264,0,0
108.8580,5.1064,1267,0,0
108.8828,5.0782,1260,0,0
108.9076,5.0782,1260,0,0
108.9324,5.0701,1258,0,0
108.9572,5.0862,1262,0,0
108.9820,5.0782,1260,0,0
109.0068,5.0701,1258,0,0
109.0316,5.0379,1250,0,0
109.0564,5.0943,1264,0,0
109.0812,5.0943,1264,0,0
109.1060,5.1064,1267,0,0
109.1308,5.0983,1265,0,0
109.1556,5.0862,1262,0,0
109.1804,5.0943,1264,0,0
109.2052,5.1064,1267,0,0
109.2300,5.0661,1257,0,0
109.2548,5.0983,1265,0,0
109.2796,5.0742,1259,0,0
109.3044,5.1265,1272,0,0
109.3292,5.1024,1266,0,0
109.3540,5.0862,1262,0,0
109.3788,5.0862,1262,0,0
109.4036,5.1265,1272,0,0
109.4284,5.1024,1266,0,0
109.4532,5.0500,1253,0,0
109.4780,5.1265,1272,0,0
109.5028,5.0419,1251,0,0
109.5276,5.0661,1257,0,0
109.5524,5.0822,1261,0,0
109.5772,5.0862,1262,0,0
109.6020,5.0983,1265,0,0
109.6268,5.1024,1266,0,0
109.6516,5.0782,1260,0,0
109.6764,5.0782,1260,0,0
109.7012,5.0862,1262,0,0
109.7261,5.0943,1264,0,0
109.7509,5.0862,1262,0,0
109.7757,5.0862,1262,0,0
109.8005,5.1145,1269,0,0
109.8253,5.0822,1261,0,0
109.8501,5.0943,1264,0,0
109.8749,5.0903,1263,0,0
109.8997,5.0701,1258,0,0
109.9245,5.0822,1261,0,0
109.9493,5.0742,1259,0,0
109.9741,5.0943,1264,0,0
109.9989,5.0822,1261,0,0
110.0237,5.0782,1260,0,0
110.0485,5.0782,1260,0,0
110.0733,5.0862,1262,0,0
110.0981,5.0782,1260,0,0
110.1229,5.0943,1264,0,0
110.1477,5.0943,1264,0,0
110.1725,5.0742,1259,0,0
110.1973,5.0742,1259,0,0
110.2221,5.0862,1262,0,0
110.2469,5.1064,1267,0,0
110.2717,5.0782,1260,0,0
110.2965,5.0943,1264,0,0
110.3213,5.0782,1260,0,0
110.3461,5.1265,1272,0,0
110.3709,5.0862,1262,0,0
110.3957,5.0701,1258,0,0
110.4205,5.1064,1267,0,0
110.4453,5.0862,1262,0,0
110.4701,5.1104,1268,0,0
110.4949,5.0782,1260,0,0
110.5197,5.0862,1262,0,0
110.5445,5.0782,1260,0,0
110.5693,5.0903,1263,0,0
110.5941,5.0661,1257,0,0
110.6189,5.1064,1267,0,0
110.6437,5.0943,1264,0,0
110.6685,5.0862,1262,0,0
110.6933,5.0782,1260,0,0
110.7181,5.0782,1260,0,0
110.7430,5.0983,1265,0,0
110.7678,5.0701,1258,0,0
110.7926,5.1024,1266,0,0
110.8174,5.0943,1264,0,0
110.8422,5.0862,1262,0,0
110.8670,5.0782,1260,0,0
110.8918,5.0943,1264,0,0
110.9166,5.1225,1271,0,0
110.9414,5.0862,1262,0,0
110.9662,5.0903,1263,0,0
110.9910,5.0742,1259,0,0
111.0158,5.0782,1260,0,0
111.0406,5.0500,1253,0,0
111.0654,5.0742,1259,0,0
111.0902,5.1104,1268,0,0
111.1150,5.0661,1257,0,0
111.1398,5.0822,1261,0,0
111.1646,5.1024,1266,0,0
111.1894,5.0742,1259,0,0
111.2142,5.0822,1261,0,0
111.2390,5.0983,1265,0,0
111.2638,5.0903,1263,0,0
111.2886,5.0943,1264,0,0
111.3134,5.0862,1262,0,0
111.3382,5.1225,1271,0,0
111.3630,5.0862,1262,0,0
111.3878,5.0862,1262,0,0
111.4126,5.0903,1263,0,0
111.4374,5.1225,1271,0,0
111.4622,5.0943,1264,0,0
111.4870,5.0701,1258,0,0
111.5118,5.1265,1272,0,0
111.5366,5.0862,1262,0,0
111.5614,5.0822,1261,0,0
111.5862,5.0862,1262,0,0
111.6110,5.0943,1264,0,0
111.6358,5.0782,1260,0,0
111.6606,5.0500,1253,0,0
111.6854,5.1024,1266,0,0
111.7102,5.0983,1265,0,0
111.7350,5.0983,1265,0,0
111.7598,5.0782,1260,0,0
111.7847,5.0943,1264,0,0
111.8095,5.1104,1268,0,0
111.8343,5.0742,1259,0,0
111.8591,5.1265,1272,0,0
111.8839,5.0782,1260,0,0
111.9087,5.0943,1264,0,0
111.9335,5.0862,1262,0,0
111.9583,5.0943,1264,0,0
111.9831,5.0943,1264,0,0
112.0079,5.0983,1265,0,0
112.0327,5.0943,1264,0,0
112.0575,5.0742,1259,0,0
112.0823,5.0943,1264,0,0
112.1071,5.0943,1264,0,0
112.1319,5.1024,1266,0,0
112.1567,5.1225,1271,0,0
112.1815,5.0822,1261,0,0
112.2063,5.0943,1264,0,0
112.2311,5.0298,1248,0,0
112.2559,5.0862,1262,0,0
112.2807,5.0903,1263,0,0
112.3055,5.0943,1264,0,0
112.3303,5.0782,1260,0,0
112.3551,5.0983,1265,0,0
112.3799,5.0862,1262,0,0
112.4047,5.1064,1267,0,0
112.4295,5.0862,1262,0,0
112.4543,5.0943,1264,0,0
112.4791,5.0943,1264,0,0
112.5039,5.0943,1264,0,0
112.5287,5.0943,1264,0,0
112.5535,5.0580,1255,0,0
112.5783,5.0661,1257,0,0
112.6031,5.0782,1260,0,0
112.6279,5.0943,1264,0,0
112.6527,5.0782,1260,0,0
112.6775,5.0661,1257,0,0
112.7023,5.0701,1258,0,0
112.7271,5.0983,1265,0,0
112.7519,5.0782,1260,0,0
112.7767,5.0419,1251,0,0
112.8016,5.0943,1264,0,0
112.8264,5.1145,1269,0,0
112.8512,5.0943,1264,0,0
112.8760,5.0661,1257,0,0
112.9008,5.0943,1264,0,0
112.9256,5.0983,1265,0,0
112.9504,5.1265,1272,0,0
112.9752,5.0983,1265,0,0
113.0000,5.0943,1264,0,0
113.0248,5.1024,1266,0,0
113.0496,5.0500,1253,0,0
113.0744,5.0943,1264,0,0
113.0992,5.0903,1263,0,0
113.1240,5.0782,1260,0,0
113.1488,5.0862,1262,0,0
113.1736,5.0943,1264,0,0
113.1984,5.0943,1264,0,0
113.2232,5.0943,1264,0,0
113.2480,5.1064,1267,0,0
113.2728,5.0782,1260,0,0
113.2976,5.1104,1268,0,0
113.3224,5.0822,1261,0,0
113.3472,5.0862,1262,0,0
113.3720,5.0782,1260,0,0
113.3968,5.0782,1260,0,0
113.4216,5.0903,1263,0,0
113.4464,5.0419,1251,0,0
113.4712,5.0943,1264,0,0
113.4960,5.0862,1262,0,0
113.5208,5.0742,1259,0,0
113.5456,5.2072,1292,0,0
113.5704,5.0862,1262,0,0
113.5952,5.0661,1257,0,0
113.6200,5.0661,1257,0,0
113.6448,5.1064,1267,0,0
113.6696,5.0862,1262,0,0
113.6944,5.0782,1260,0,0
113.7192,5.0782,1260,0,0
113.7440,5.1064,1267,0,0
113.7689,5.0782,1260,0,0
113.7936,5.0661,1257,0,0
113.8185,5.0943,1264,0,0
113.8433,5.0943,1264,0,0
113.8681,5.0661,1257,0,0
113.8929,5.0661,1257,0,0
113.9177,5.0782,1260,0,0
113.9425,5.0943,1264,0,0
113.9673,5.1064,1267,0,0
113.9921,5.0862,1262,0,0
114.0169,5.0822,1261,0,0
114.0417,5.0782,1260,0,0
114.0665,5.0903,1263,0,0
114.0913,5.1064,1267,0,0
114.1161,5.1225,1271,0,0
114.1409,5.0943,1264,0,0
114.1657,5.0862,1262,0,0
114.1905,5.0822,1261,0,0
114.2153,5.0983,1265,0,0
114.2401,5.0540,1254,0,0
114.2649,5.0540,1254,0,0
114.2897,5.0943,1264,0,0
114.3145,5.0742,1259,0,0
114.3393,5.0742,1259,0,0
114.3641,5.0661,1257,0,0
114.3889,5.0943,1264,0,0
114.4137,5.0983,1265,0,0
114.4385,5.0822,1261,0,0
114.4633,5.0943,1264,0,0
114.4881,5.0943,1264,0,0
114.5129,5.0862,1262,0,0
114.5377,5.0983,1265,0,0
114.5625,5.0983,1265,0,0
114.5873,5.0862,1262,0,0
114.6121,5.0862,1262,0,0
114.6369,5.0742,1259,0,0
114.6617,5.1024,1266,0,0
114.6865,5.1064,1267,0,0
114.7113,5.0943,1264,0,0
114.7361,5.1265,1272,0,0
114.7609,5.0943,1264,0,0
114.7858,5.0822,1261,0,0
114.8106,5.0742,1259,0,0
114.8354,5.0742,1259,0,0
114.8602,5.0862,1262,0,0
114.8850,5.0661,1257,0,0
114.9098,5.0661,1257,0,0
114.9346,5.0742,1259,0,0
114.9594,5.1024,1266,0,0
114.9842,5.1024,1266,0,0
115.0090,5.0862,1262,0,0
115.0338,5.0943,1264,0,0
115.0586,5.0983,1265,0,0
115.0834,5.0782,1260,0,0
115.1082,5.0943,1264,0,0
115.1330,5.1104,1268,0,0
115.1578,5.0943,1264,0,0
115.1826,5.1064,1267,0,0
115.2074,5.0661,1257,0,0
115.2322,5.0903,1263,0,0
115.2570,5.0862,1262,0,0
115.2818,5.0983,1265,0,0
115.3066,5.0983,1265,0,0
115.3314,5.0862,1262,0,0
115.3562,5.1064,1267,0,0
115.3810,5.0983,1265,0,0
115.4058,5.0862,1262,0,0
115.4306,5.0943,1264,0,0
115.4554,5.1024,1266,0,0
115.4802,5.0983,1265,0,0
115.5050,5.1265,1272,0,0
115.5298,5.0822,1261,0,0
115.5546,5.1064,1267,0,0
115.5794,5.0862,1262,0,0
115.6042,5.0742,1259,0,0
115.6290,5.1225,1271,0,0
115.6538,5.0943,1264,0,0
115.6786,5.0822,1261,0,0
115.7034,5.0782,1260,0,0
115.7282,5.0862,1262,0,0
115.7530,5.0943,1264,0,0
115.7778,5.0701,1258,0,0
115.8027,5.0983,1265,0,0
115.8275,5.0862,1262,0,0
115.8523,5.0862,1262,0,0
115.8771,5.1104,1268,0,0
115.9019,5.0782,1260,0,0
115.9267,5.0862,1262,0,0
115.9515,5.0903,1263,0,0
115.9763,5.0862,1262,0,0
116.0011,5.0419,1251,0,0
116.0259,5.0822,1261,0,0
116.0507,5.1064,1267,0,0
116.0755,5.0701,1258,0,0
116.1003,5.0782,1260,0,0
116.1251,5.0822,1261,0,0
116.1499,5.0782,1260,0,0
116.1747,5.0943,1264,0,0
116.1995,5.0943,1264,0,0
116.2243,5.0742,1259,0,0
116.2491,5.0822,1261,0,0
116.2739,5.0943,1264,0,0
116.2987,5.1225,1271,0,0
116.3235,5.0782,1260,0,0
116.3483,5.0903,1263,0,0
116.3731,5.0742,1259,0,0
116.3979,5.0782,1260,0,0
116.4227,5.0943,1264,0,0
116.4475,5.1104,1268,0,0
116.4723,5.0338,1249,0,0
116.4971,5.0701,1258,0,0
116.5219,5.0983,1265,0,0
116.5467,5.0943,1264,0,0
116.5715,5.0822,1261,0,0
116.5963,5.0822,1261,0,0
116.6211,5.0782,1260,0,0
116.6459,5.0862,1262,0,0
116.6707,5.0903,1263,0,0
116.6955,5.0903,1263,0,0
116.7203,5.1104,1268,0,0
116.7451,5.0862,1262,0,0
116.7699,5.0862,1262,0,0
116.7947,5.0862,1262,0,0
116.8195,5.1024,1266,0,0
116.8444,5.0742,1259,0,0
116.8692,5.0742,1259,0,0
116.8940,5.0943,1264,0,0
116.9188,5.0943,1264,0,0
116.9436,5.0580,1255,0,0
116.9684,5.0822,1261,0,0
116.9932,5.0943,1264,0,0
117.0180,5.1104,1268,0,0
117.0428,5.0782,1260,0,0
117.0676,5.0862,1262,0,0
117.0924,5.0983,1265,0,0
117.1172,5.1225,1271,0,0
117.1420,5.0419,1251,0,0
117.1668,5.0943,1264,0,0
117.1916,5.0661,1257,0,0
117.2164,5.0983,1265,0,0
117.2412,5.0943,1264,0,0
117.2660,5.0661,1257,0,0
117.2908,5.0983,1265,0,0
117.3156,5.0862,1262,0,0
117.3404,5.0983,1265,0,0
117.3652,5.1024,1266,0,0
117.3900,5.0701,1258,0,0
117.4148,5.0983,1265,0,0
117.4396,5.0782,1260,0,0
117.4644,5.1145,1269,0,0
117.4892,5.1265,1272,0,0
117.5140,5.0782,1260,0,0
117.5388,5.0862,1262,0,0
117.5636,5.0943,1264,0,0
117.5884,5.0782,1260,0,0
117.6132,5.1024,1266,0,0
117.6380,5.0822,1261,0,0
117.6628,5.0983,1265,0,0
117.6876,5.0943,1264,0,0
117.7124,5.0661,1257,0,0
117.7372,5.1064,1267,0,0
117.7620,5.0782,1260,0,0
117.7868,5.0862,1262,0,0
117.8116,5.0782,1260,0,0
117.8364,5.0862,1262,0,0
117.8613,5.1225,1271,0,0
117.8861,5.0862,1262,0,0
117.9109,5.0782,1260,0,0
117.9357,5.0782,1260,0,0
117.9605,5.0943,1264,0,0
117.9853,5.1064,1267,0,0
118.0101,5.0742,1259,0,0
118.0349,5.1064,1267,0,0
118.0597,5.1145,1269,0,0
118.0845,5.0862,1262,0,0
118.1093,5.0943,1264,0,0
118.1341,5.0862,1262,0,0
118.1589,5.1064,1267,0,0
118.1837,5.0540,1254,0,0
118.2085,5.0943,1264,0,0
118.2333,5.1064,1267,0,0
118.2581,5.0862,1262,0,0
118.2829,5.0298,1248,0,0
118.3077,5.0943,1264,0,0
118.3325,5.1265,1272,0,0
118.3573,5.0782,1260,0,0
118.3821,5.0943,1264,0,0
118.4069,5.0782,1260,0,0
118.4317,5.0983,1265,0,0
118.4565,5.0943,1264,0,0
118.4813,5.0661,1257,0,0
118.5061,5.0903,1263,0,0
118.5309,5.0983,1265,0,0
118.5557,5.0701,1258,0,0
118.5805,5.0661,1257,0,0
118.6053,5.0983,1265,0,0
118.6301,5.0701,1258,0,0
118.6549,5.0661,1257,0,0
118.6797,5.0782,1260,0,0
118.7045,5.0419,1251,0,0
118.7293,5.0943,1264,0,0
118.7541,5.0943,1264,0,0
118.7789,5.0782,1260,0,0
118.8037,5.1024,1266,0,0
118.8286,5.0903,1263,0,0
118.8534,5.0298,1248,0,0
118.8782,5.0862,1262,0,0
118.9030,5.0943,1264,0,0
118.9278,5.0701,1258,0,0
118.9526,5.0983,1265,0,0
118.9774,5.0903,1263,0,0
119.0022,5.0983,1265,0,0
119.0270,5.0943,1264,0,0
119.0518,5.0822,1261,0,0
119.0766,5.0943,1264,0,0
119.1014,5.0943,1264,0,0
119.1262,5.0943,1264,0,0
119.1510,5.0943,1264,0,0
119.1758,5.1024,1266,0,0
119.2006,5.0419,1251,0,0
119.2254,5.0701,1258,0,0
119.2502,5.0862,1262,0,0
119.2750,5.1064,1267,0,0
119.2998,5.0862,1262,0,0
119.3246,5.0661,1257,0,0
119.3494,5.0782,1260,0,0
119.3742,5.0943,1264,0,0
119.3990,5.1265,1272,0,0
119.4238,5.0742,1259,0,0
119.4486,5.0500,1253,0,0
119.4734,5.0983,1265,0,0
119.4982,5.0862,1262,0,0
119.5230,5.0500,1253,0,0
119.5478,5.0983,1265,0,0
119.5726,5.0943,1264,0,0
119.5974,5.0903,1263,0,0
119.6222,5.0862,1262,0,0
119.6470,5.0782,1260,0,0
119.6718,5.0943,1264,0,0
119.6966,5.0943,1264,0,0
119.7214,5.0742,1259,0,0
119.7462,5.0782,1260,0,0
119.7710,5.0782,1260,0,0
119.7958,5.0943,1264,0,0
119.8206,5.0862,1262,0,0
119.8455,5.0661,1257,0,0
119.8703,5.0782,1260,0,0
119.8951,5.0862,1262,0,0
119.9199,5.0742,1259,0,0
119.9447,5.0097,1243,0,0
119.9695,5.0822,1261,0,0
119.9943,5.0822,1261,0,0
120.0191,5.0661,1257,0,0
120.0439,5.1225,1271,0,0
120.0687,5.1064,1267,0,0
120.0935,5.0943,1264,0,0
120.1183,5.0580,1255,0,0
120.1431,5.0862,1262,0,0
120.1679,5.1064,1267,0,0
120.1927,5.0822,1261,0,0
120.2175,5.0661,1257,0,0
120.2423,5.0742,1259,0,0
120.2671,5.0983,1265,0,0
120.2919,5.0943,1264,0,0
120.3167,5.0943,1264,0,0
120.3415,5.0983,1265,0,0
120.3663,5.0983,1265,0,0
120.3911,5.0983,1265,0,0
120.4159,5.0742,1259,0,0
120.4407,5.0742,1259,0,0
120.4655,5.0782,1260,0,0
120.4903,5.0943,1264,0,0
120.5151,5.0822,1261,0,0
120.5399,5.0983,1265,0,0
120.5647,5.0983,1265,0,0
120.5895,5.0742,1259,0,0
120.6143,5.0742,1259,0,0
120.6391,5.0862,1262,0,0
120.6639,5.0943,1264,0,0
120.6887,5.0782,1260,0,0
120.7135,5.0419,1251,0,0
120.7383,5.0943,1264,0,0
120.7631,5.0822,1261,0,0
120.7879,5.1024,1266,0,0
120.8127,5.0500,1253,0,0
120.8375,5.0782,1260,0,0
120.8624,5.0983,1265,0,0
120.8872,5.0862,1262,0,0
120.9120,5.0943,1264,0,0
120.9368,5.0782,1260,0,0
120.9616,5.0943,1264,0,0
120.9864,5.1225,1271,0,0
121.0112,5.0701,1258,0,0
121.0360,5.0782,1260,0,0
121.0608,5.0742,1259,0,0
121.0856,5.0983,1265,0,0
121.1104,5.0983,1265,0,0
121.1352,5.0701,1258,0,0
121.1600,5.0943,1264,0,0
121.1848,5.1024,1266,0,0
121.2096,5.0782,1260,0,0
121.2344,5.0943,1264,0,0
121.2592,5.0983,1265,0,0
121.2840,5.0983,1265,0,0
121.3088,5.0943,1264,0,0
121.3336,5.1064,1267,0,0
121.3584,5.0862,1262,0,0
121.3832,5.1225,1271,0,0
121.4080,5.0661,1257,0,0
121.4328,5.0822,1261,0,0
121.4576,5.1024,1266,0,0
121.4824,5.1024,1266,0,0
121.5072,5.0661,1257,0,0
121.5320,5.0862,1262,0,0
121.5568,5.0943,1264,0,0
121.5816,5.0943,1264,0,0
121.6064,5.0983,1265,0,0
121.6312,5.0862,1262,0,0
121.6560,5.0822,1261,0,0
121.6808,5.0943,1264,0,0
121.7056,5.0862,1262,0,0
121.7304,5.0903,1263,0,0
121.7552,5.0782,1260,0,0
121.7800,5.0742,1259,0,0
121.8048,5.0782,1260,0,0
121.8296,5.0822,1261,0,0
121.8544,5.0943,1264,0,0
121.8792,5.0943,1264,0,0
121.9041,5.0661,1257,0,0
121.9289,5.0782,1260,0,0
121.9537,5.1265,1272,0,0
121.9785,5.0943,1264,0,0
122.0033,5.0822,1261,0,0
122.0281,5.0822,1261,0,0
122.0529,5.0742,1259,0,0
122.0777,5.0943,1264,0,0
122.1025,5.0742,1259,0,0
122.1273,5.0943,1264,0,0
122.1521,5.0983,1265,0,0
122.1769,5.0782,1260,0,0
122.2017,5.0661,1257,0,0
122.2265,5.0782,1260,0,0
122.2513,5.0903,1263,0,0
122.2761,5.0943,1264,0,0
122.3009,5.0742,1259,0,0
122.3257,5.1024,1266,0,0
122.3505,5.0661,1257,0,0
122.3753,5.0782,1260,0,0
122.4001,5.0822,1261,0,0
122.4249,5.0742,1259,0,0
122.4497,5.0742,1259,0,0
122.4745,5.0782,1260,0,0
122.4993,5.0661,1257,0,0
122.5241,5.0943,1264,0,0
122.5489,5.0943,1264,0,0
122.5737,5.0742,1259,0,0
122.5985,5.0782,1260,0,0
122.6233,5.0782,1260,0,0
122.6481,5.0983,1265,0,0
122.6729,5.0862,1262,0,0
122.6977,5.0500,1253,0,0
122.7225,5.0661,1257,0,0
122.7473,5.0983,1265,0,0
122.7721,5.0742,1259,0,0
122.7969,5.0943,1264,0,0
122.8217,5.0782,1260,0,0
122.8465,5.0983,1265,0,0
122.8713,5.0862,1262,0,0
122.8961,5.0943,1264,0,0
122.9210,5.0782,1260,0,0
122.9458,5.0782,1260,0,0
122.9706,5.0661,1257,0,0
122.9954,5.0782,1260,0,0
123.0202,5.0822,1261,0,0
123.0450,5.0742,1259,0,0
123.0698,5.0983,1265,0,0
123.0946,5.0943,1264,0,0
123.1194,5.0862,1262,0,0
123.1442,5.0943,1264,0,0
123.1690,5.0943,1264,0,0
123.1938,5.0903,1263,0,0
123.2186,5.1104,1268,0,0
123.2434,5.0943,1264,0,0
123.2682,5.0862,1262,0,0
123.2930,5.0782,1260,0,0
123.3178,5.0701,1258,0,0
123.3426,5.0782,1260,0,0
123.3674,5.0782,1260,0,0
123.3922,5.1024,1266,0,0
123.4170,5.0943,1264,0,0
123.4418,5.0782,1260,0,0
123.4666,5.1064,1267,0,0
123.4914,5.1064,1267,0,0
123.5162,5.0943,1264,0,0
123.5410,5.0742,1259,0,0
123.5658,5.0903,1263,0,0
123.5906,5.0338,1249,0,0
123.6154,5.0661,1257,0,0
123.6402,5.0782,1260,0,0
123.6650,5.0782,1260,0,0
123.6898,5.1064,1267,0,0
123.7146,5.0983,1265,0,0
123.7394,5.0782,1260,0,0
123.7642,5.0742,1259,0,0
123.7890,5.0983,1265,0,0
123.8138,5.0540,1254,0,0
123.8386,5.0862,1262,0,0
123.8634,5.0661,1257,0,0
123.8883,5.1507,1278,0,0
123.9131,5.0782,1260,0,0
123.9379,5.0500,1253,0,0
123.9627,5.0943,1264,0,0
123.9875,5.0822,1261,0,0
124.0123,5.0862,1262,0,0
124.0371,5.0782,1260,0,0
124.0619,5.0943,1264,0,0
124.0867,5.0943,1264,0,0
124.1115,5.0943,1264,0,0
124.1363,5.0822,1261,0,0
124.1611,5.0983,1265,0,0
124.1859,5.0862,1262,0,0
124.2107,5.0862,1262,0,0
124.2355,5.0983,1265,0,0
124.2603,5.0782,1260,0,0
124.2851,5.0782,1260,0,0
124.3099,5.0943,1264,0,0
124.3347,5.0983,1265,0,0
124.3595,5.0701,1258,0,0
124.3843,5.0862,1262,0,0
124.4091,5.1064,1267,0,0
124.4339,5.0903,1263,0,0
124.4587,5.1064,1267,0,0
124.4835,5.0782,1260,0,0
124.5083,5.0862,1262,0,0
124.5331,5.0782,1260,0,0
124.5579,5.0782,1260,0,0
124.5827,5.1064,1267,0,0
124.6075,5.1064,1267,0,0
124.6323,5.0943,1264,0,0
124.6571,5.0742,1259,0,0
124.6819,5.0903,1263,0,0
124.7067,5.1145,1269,0,0
124.7315,5.0943,1264,0,0
124.7563,5.0943,1264,0,0
124.7811,5.0782,1260,0,0
124.8059,5.0943,1264,0,0
124.8307,5.0379,1250,0,0
124.8555,5.0983,1265,0,0
124.8803,5.0862,1262,0,0
124.9052,5.0943,1264,0,0
124.9300,5.0782,1260,0,0
124.9548,5.0943,1264,0,0
124.9796,5.0822,1261,0,0
125.0044,5.0742,1259,0,0
125.0292,5.0782,1260,0,0
125.0540,5.0943,1264,0,0
125.0788,5.0903,1263,0,0
125.1036,5.0862,1262,0,0
125.1284,5.0943,1264,0,0
125.1532,5.0862,1262,0,0
125.1780,5.1225,1271,0,0
125.2028,5.0742,1259,0,0
125.2276,5.0943,1264,0,0
125.2524,5.0943,1264,0,0
125.2772,5.0742,1259,0,0
125.3020,5.0983,1265,0,0
125.3268,5.1064,1267,0,0
125.3516,5.0782,1260,0,0
125.3764,5.0782,1260,0,0
125.4012,5.0943,1264,0,0
125.4260,5.0862,1262,0,0
125.4508,5.1024,1266,0,0
125.4756,5.0862,1262,0,0
125.5004,5.0943,1264,0,0
125.5252,5.0862,1262,0,0
125.5500,5.0862,1262,0,0
125.5748,5.0661,1257,0,0
125.5996,5.0862,1262,0,0
125.6244,5.0943,1264,0,0
125.6492,5.0822,1261,0,0
125.6740,5.0862,1262,0,0
125.6988,5.0782,1260,0,0
125.7236,5.0983,1265,0,0
125.7484,5.0822,1261,0,0
125.7732,5.0862,1262,0,0
125.7980,5.0903,1263,0,0
125.8228,5.0822,1261,0,0
125.8476,5.0822,1261,0,0
125.8724,5.0782,1260,0,0
125.8972,5.0943,1264,0,0
125.9221,5.0782,1260,0,0
125.9469,5.0822,1261,0,0
125.9717,5.0661,1257,0,0
125.9965,5.1024,1266,0,0
126.0213,5.0701,1258,0,0
126.0461,5.0983,1265,0,0
126.0709,5.0782,1260,0,0
126.0957,5.0943,1264,0,0
126.1205,5.0500,1253,0,0
126.1453,5.0943,1264,0,0
126.1701,5.0742,1259,0,0
126.1949,5.0943,1264,0,0
126.2197,5.0782,1260,0,0
126.2445,5.0742,1259,0,0
126.2693,5.0943,1264,0,0
126.2941,5.0338,1249,0,0
126.3189,5.1024,1266,0,0
126.3437,5.0782,1260,0,0
126.3685,5.0701,1258,0,0
126.3933,5.1064,1267,0,0
126.4181,5.1024,1266,0,0
126.4429,5.0943,1264,0,0
126.4677,5.0943,1264,0,0
126.4925,5.0742,1259,0,0
126.5173,5.1024,1266,0,0
126.5421,5.0943,1264,0,0
126.5669,5.1064,1267,0,0
126.5917,5.1064,1267,0,0
126.6165,5.0580,1255,0,0
126.6413,5.0742,1259,0,0
126.6661,5.1265,1272,0,0
126.6909,5.0782,1260,0,0
126.7157,5.0943,1264,0,0
126.7405,5.0782,1260,0,0
126.7653,5.0983,1265,0,0
126.7901,5.0782,1260,0,0
126.8149,5.1064,1267,0,0
126.8397,5.0862,1262,0,0
126.8645,5.0742,1259,0,0
126.8893,5.0822,1261,0,0
126.9141,5.0822,1261,0,0
126.9389,5.0943,1264,0,0
126.9638,5.0862,1262,0,0
126.9886,5.0701,1258,0,0
127.0134,5.0943,1264,0,0
127.0382,5.1225,1271,0,0
127.0630,5.0943,1264,0,0
127.0878,5.0742,1259,0,0
127.1126,5.0822,1261,0,0
127.1374,5.1265,1272,0,0
127.1622,5.0943,1264,0,0
127.1870,5.0782,1260,0,0
127.2118,5.0943,1264,0,0
127.2366,5.0862,1262,0,0
127.2614,5.0983,1265,0,0
127.2862,5.0742,1259,0,0
127.3110,5.0782,1260,0,0
127.3358,5.1145,1269,0,0
127.3606,5.0742,1259,0,0
127.3854,5.0822,1261,0,0
127.4102,5.0983,1265,0,0
127.4350,5.1064,1267,0,0
127.4598,5.0862,1262,0,0
127.4846,5.0661,1257,0,0
127.5094,5.1064,1267,0,0
127.5342,5.1024,1266,0,0
127.5590,5.0943,1264,0,0
127.5838,5.0943,1264,0,0
127.6086,5.1225,1271,0,0
127.6334,5.0298,1248,0,0
127.6582,5.0862,1262,0,0
127.6830,5.0943,1264,0,0
127.7078,5.0983,1265,0,0
127.7326,5.0742,1259,0,0
127.7574,5.0822,1261,0,0
127.7822,5.0862,1262,0,0
127.8070,5.0862,1262,0,0
127.8318,5.0500,1253,0,0
127.8566,5.1225,1271,0,0
127.8814,5.0862,1262,0,0
127.9063,5.0943,1264,0,0
127.9310,5.0862,1262,0,0
127.9558,5.0782,1260,0,0
127.9807,5.0862,1262,0,0
128.0055,5.0943,1264,0,0
128.0303,5.0903,1263,0,0
128.0551,5.0983,1265,0,0
128.0799,5.0742,1259,0,0
128.1047,5.0822,1261,0,0
128.1295,5.0943,1264,0,0
128.1543,5.1024,1266,0,0
128.1791,5.0943,1264,0,0
128.2039,5.0943,1264,0,0
128.2287,5.0943,1264,0,0
128.2535,5.1104,1268,0,0
128.2783,5.0943,1264,0,0
128.3031,5.0943,1264,0,0
128.3279,5.0943,1264,0,0
128.3527,5.0943,1264,0,0
128.3775,5.0782,1260,0,0
128.4023,5.1064,1267,0,0
128.4271,5.0822,1261,0,0
128.4519,5.0903,1263,0,0
128.4767,5.0903,1263,0,0
128.5015,5.0862,1262,0,0
128.5263,5.1064,1267,0,0
128.5511,5.0742,1259,0,0
128.5759,5.0862,1262,0,0
128.6007,5.1225,1271,0,0
128.6255,5.0862,1262,0,0
128.6503,5.0782,1260,0,0
128.6751,5.1024,1266,0,0
128.6999,5.0862,1262,0,0
128.7247,5.0177,1245,0,0
128.7495,5.0983,1265,0,0
128.7743,5.0782,1260,0,0
128.7991,5.0782,1260,0,0
128.8239,5.0742,1259,0,0
128.8487,5.0742,1259,0,0
128.8735,5.0782,1260,0,0
128.8983,5.0862,1262,0,0
128.9231,5.0862,1262,0,0
128.9480,5.0782,1260,0,0
128.9727,5.0862,1262,0,0
128.9976,5.0782,1260,0,0
129.0224,5.0500,1253,0,0
129.0472,5.0943,1264,0,0
129.0720,5.0943,1264,0,0
129.0968,5.0782,1260,0,0
129.1216,5.0298,1248,0,0
129.1464,5.0782,1260,0,0
129.1712,5.0943,1264,0,0
129.1960,5.0903,1263,0,0
129.2208,5.1104,1268,0,0
129.2456,5.1064,1267,0,0
129.2704,5.0540,1254,0,0
129.2952,5.0943,1264,0,0
129.3200,5.0983,1265,0,0
129.3448,5.0862,1262,0,0
129.3696,5.0661,1257,0,0
129.3944,5.0822,1261,0,0
129.4192,5.0943,1264,0,0
129.4440,5.0822,1261,0,0
129.4688,5.0500,1253,0,0
129.4936,5.0903,1263,0,0
129.5184,5.0983,1265,0,0
129.5432,5.0943,1264,0,0
129.5680,5.0742,1259,0,0
129.5928,5.0661,1257,0,0
129.6176,5.0822,1261,0,0
129.6424,5.0862,1262,0,0
129.6672,5.0822,1261,0,0
129.6920,5.0822,1261,0,0
129.7168,5.1064,1267,0,0
129.7416,5.0782,1260,0,0
129.7664,5.0782,1260,0,0
129.7912,5.1024,1266,0,0
129.8160,5.0500,1253,0,0
129.8408,5.0983,1265,0,0
129.8656,5.0862,1262,0,0
129.8904,5.0862,1262,0,0
129.9153,5.0782,1260,0,0
129.9400,5.0943,1264,0,0
129.9648,5.0742,1259,0,0
129.9897,5.0056,1242,0,0
130.0145,5.0983,1265,0,0
130.0393,5.0782,1260,0,0
130.0641,5.0862,1262,0,0
130.0889,5.0782,1260,0,0
130.1137,5.0903,1263,0,0
130.1385,5.0822,1261,0,0
130.1633,5.0862,1262,0,0
130.1881,5.0983,1265,0,0
130.2129,5.0782,1260,0,0
130.2377,5.0742,1259,0,0
130.2625,5.0862,1262,0,0
130.2873,5.1024,1266,0,0
130.3121,5.0661,1257,0,0
130.3369,5.0943,1264,0,0
130.3617,5.0822,1261,0,0
130.3865,5.0862,1262,0,0
130.4113,5.1064,1267,0,0
130.4361,5.1024,1266,0,0
130.4609,5.0782,1260,0,0
130.4857,5.0943,1264,0,0
130.5105,5.0943,1264,0,0
130.5353,5.1064,1267,0,0
130.5601,5.0943,1264,0,0
130.5849,5.0661,1257,0,0
130.6097,5.0943,1264,0,0
130.6345,5.0983,1265,0,0
130.6593,5.0943,1264,0,0
130.6841,5.0943,1264,0,0
130.7089,5.0742,1259,0,0
130.7337,5.0782,1260,0,0
130.7585,5.0782,1260,0,0
130.7833,5.0782,1260,0,0
130.8081,5.0742,1259,0,0
130.8329,5.0943,1264,0,0
130.8577,5.1306,1273,0,0
130.8825,5.0943,1264,0,0
130.9073,5.0580,1255,0,0
130.9321,5.0782,1260,0,0
130.9570,5.1225,1271,0,0
130.9818,5.0782,1260,0,0
131.0065,5.0862,1262,0,0
131.0314,5.0943,1264,0,0
131.0562,5.0983,1265,0,0
131.0810,5.0782,1260,0,0
131.1058,5.0782,1260,0,0
131.1306,5.1064,1267,0,0
131.1554,5.1024,1266,0,0
131.1802,5.0943,1264,0,0
131.2050,5.0742,1259,0,0
131.2298,5.0943,1264,0,0
131.2546,5.0903,1263,0,0
131.2794,5.0943,1264,0,0
131.3042,5.0782,1260,0,0
131.3290,5.0943,1264,0,0
131.3538,5.0862,1262,0,0
131.3786,5.0701,1258,0,0
131.4034,5.0742,1259,0,0
131.4282,5.0943,1264,0,0
131.4530,5.1265,1272,0,0
131.4778,5.0782,1260,0,0
131.5026,5.0862,1262,0,0
131.5274,5.0782,1260,0,0
131.5522,5.0943,1264,0,0
131.5770,5.0862,1262,0,0
131.6018,5.0782,1260,0,0
131.6266,5.0943,1264,0,0
131.6514,5.0822,1261,0,0
131.6762,5.0943,1264,0,0
131.7010,5.0500,1253,0,0
131.7258,5.0782,1260,0,0
131.7506,5.0943,1264,0,0
131.7754,5.1024,1266,0,0
131.8002,5.0419,1251,0,0
131.8250,5.0862,1262,0,0
131.8498,5.0661,1257,0,0
131.8746,5.0903,1263,0,0
131.8994,5.0701,1258,0,0
131.9242,5.0782,1260,0,0
131.9491,5.0862,1262,0,0
131.9738,5.0903,1263,0,0
131.9987,5.0782,1260,0,0
132.0235,5.0943,1264,0,0
132.0483,5.0782,1260,0,0
132.0731,5.0862,1262,0,0
132.0979,5.0943,1264,0,0
132.1227,5.0943,1264,0,0
132.1475,5.0943,1264,0,0
132.1723,5.1265,1272,0,0
132.1971,5.1064,1267,0,0
132.2219,5.0943,1264,0,0
132.2467,5.0782,1260,0,0
132.2715,5.0742,1259,0,0
132.2963,5.0943,1264,0,0
132.3211,5.0822,1261,0,0
132.3459,5.0943,1264,0,0
132.3707,5.1104,1268,0,0
132.3955,5.0983,1265,0,0
132.4203,5.0983,1265,0,0
132.4451,5.1024,1266,0,0
132.4699,5.0742,1259,0,0
132.4947,5.0782,1260,0,0
132.5195,5.0943,1264,0,0
132.5443,5.0782,1260,0,0
132.5691,5.0822,1261,0,0
132.5939,5.0782,1260,0,0
132.6187,5.0943,1264,0,0
132.6435,5.1225,1271,0,0
132.6683,5.0862,1262,0,0
132.6931,5.0862,1262,0,0
132.7179,5.0983,1265,0,0
132.7427,5.0983,1265,0,0
132.7675,5.0862,1262,0,0
132.7923,5.0862,1262,0,0
132.8171,5.0903,1263,0,0
132.8419,5.1265,1272,0,0
132.8667,5.0822,1261,0,0
132.8915,5.0782,1260,0,0
132.9163,5.0782,1260,0,0
132.9411,5.0943,1264,0,0
132.9659,5.1024,1266,0,0
132.9908,5.0661,1257,0,0
133.0155,5.0903,1263,0,0
133.0404,5.0903,1263,0,0
133.0652,5.0822,1261,0,0
133.0900,5.1024,1266,0,0
133.1148,5.0661,1257,0,0
133.1396,5.0983,1265,0,0
133.1644,5.0742,1259,0,0
133.1892,5.1104,1268,0,0
133.2140,5.0822,1261,0,0
133.2388,5.1145,1269,0,0
133.2636,5.0742,1259,0,0
133.2884,5.0983,1265,0,0
133.3132,5.0862,1262,0,0
133.3380,5.0580,1255,0,0
133.3628,5.0500,1253,0,0
133.3876,5.0983,1265,0,0
133.4124,5.0983,1265,0,0
133.4372,5.0338,1249,0,0
133.4620,5.1064,1267,0,0
133.4868,5.0943,1264,0,0
133.5116,5.0862,1262,0,0
133.5364,5.0782,1260,0,0
133.5612,5.1104,1268,0,0
133.5860,5.1064,1267,0,0
133.6108,5.0742,1259,0,0
133.6356,5.0742,1259,0,0
133.6604,5.0943,1264,0,0
133.6852,5.0862,1262,0,0
133.7100,5.0822,1261,0,0
133.7348,5.1024,1266,0,0
133.7596,5.1024,1266,0,0
133.7844,5.0782,1260,0,0
133.8092,5.0862,1262,0,0
133.8340,5.0862,1262,0,0
133.8588,5.0983,1265,0,0
133.8836,5.1024,1266,0,0
133.9084,5.0862,1262,0,0
133.9332,5.0943,1264,0,0
133.9580,5.1225,1271,0,0
133.9828,5.1024,1266,0,0
134.0076,5.0983,1265,0,0
134.0325,5.0782,1260,0,0
134.0573,5.0943,1264,0,0
134.0821,5.0983,1265,0,0
134.1069,5.0782,1260,0,0
134.1317,5.0782,1260,0,0
134.1565,5.0983,1265,0,0
134.1813,5.0742,1259,0,0
134.2061,5.0943,1264,0,0
134.2309,5.0742,1259,0,0
134.2557,5.0983,1265,0,0
134.2805,5.0862,1262,0,0
134.3053,5.0661,1257,0,0
134.3301,5.0983,1265,0,0
134.3549,5.0983,1265,0,0
134.3797,5.0943,1264,0,0
134.4045,5.0782,1260,0,0
134.4293,5.0943,1264,0,0
134.4541,5.0742,1259,0,0
134.4789,5.0943,1264,0,0
134.5037,5.0862,1262,0,0
134.5285,5.0862,1262,0,0
134.5533,5.1024,1266,0,0
134.5781,5.0862,1262,0,0
134.6029,5.0782,1260,0,0
134.6277,5.0943,1264,0,0
134.6525,5.0943,1264,0,0
134.6773,5.1024,1266,0,0
134.7021,5.0661,1257,0,0
134.7269,5.0661,1257,0,0
134.7517,5.1427,1276,0,0
134.7765,5.0822,1261,0,0
134.8013,5.0862,1262,0,0
134.8261,5.0983,1265,0,0
134.8509,5.0822,1261,0,0
134.8757,5.0782,1260,0,0
134.9005,5.0983,1265,0,0
134.9253,5.0782,1260,0,0
134.9501,5.0782,1260,0,0
134.9749,5.0742,1259,0,0
134.9997,5.0742,1259,0,0
135.0246,5.1064,1267,0,0
135.0493,5.0500,1253,0,0
135.0742,5.0742,1259,0,0
135.0990,5.0782,1260,0,0
135.1238,5.0943,1264,0,0
135.1486,5.0782,1260,0,0
135.1734,5.0661,1257,0,0
135.1982,5.0822,1261,0,0
135.2230,5.0782,1260,0,0
135.2478,5.0661,1257,0,0
135.2726,5.0661,1257,0,0
135.2974,5.1265,1272,0,0
135.3222,5.0742,1259,0,0
135.3470,5.0862,1262,0,0
135.3718,5.0822,1261,0,0
135.3966,5.1064,1267,0,0
135.4214,5.1024,1266,0,0
135.4462,5.0782,1260,0,0
135.4710,5.0782,1260,0,0
135.4958,5.0782,1260,0,0
135.5206,5.0661,1257,0,0
135.5454,5.0742,1259,0,0
135.5702,5.0742,1259,0,0
135.5950,5.0943,1264,0,0
135.6198,5.0742,1259,0,0
135.6446,5.0742,1259,0,0
135.6694,5.1265,1272,0,0
135.6942,5.1346,1274,0,0
135.7190,5.0943,1264,0,0
135.7438,5.0661,1257,0,0
135.7686,5.0983,1265,0,0
135.7934,5.1024,1266,0,0
135.8182,5.0862,1262,0,0
135.8430,5.0782,1260,0,0
135.8678,5.1104,1268,0,0
135.8926,5.0943,1264,0,0
135.9174,5.0782,1260,0,0
135.9422,5.0822,1261,0,0
135.9670,5.1104,1268,0,0
135.9919,5.0782,1260,0,0
136.0166,5.0903,1263,0,0
136.0415,5.0983,1265,0,0
136.0663,5.0943,1264,0,0
136.0910,5.0943,1264,0,0
136.1159,5.0742,1259,0,0
136.1407,5.0983,1265,0,0
136.1655,5.0742,1259,0,0
136.1903,5.0661,1257,0,0
136.2151,5.0943,1264,0,0
136.2399,5.1104,1268,0,0
136.2647,5.0782,1260,0,0
136.2895,5.0661,1257,0,0
136.3143,5.0943,1264,0,0
136.3391,5.1104,1268,0,0
136.3639,5.0742,1259,0,0
136.3887,5.0701,1258,0,0
136.4135,5.0862,1262,0,0
136.4383,5.0983,1265,0,0
136.4631,5.0782,1260,0,0
136.4879,5.1225,1271,0,0
136.5127,5.0862,1262,0,0
136.5375,5.1104,1268,0,0
136.5623,5.0661,1257,0,0
136.5871,5.0742,1259,0,0
136.6119,5.0943,1264,0,0
136.6367,5.0782,1260,0,0
136.6615,5.0782,1260,0,0
136.6863,5.0742,1259,0,0
136.7111,5.1145,1269,0,0
136.7359,5.0862,1262,0,0
136.7607,5.0862,1262,0,0
136.7855,5.1024,1266,0,0
136.8103,5.1265,1272,0,0
136.8351,5.0540,1254,0,0
136.8599,5.1064,1267,0,0
136.8847,5.1104,1268,0,0
136.9095,5.0782,1260,0,0
136.9343,5.1064,1267,0,0
136.9591,5.0419,1251,0,0
136.9839,5.0862,1262,0,0
137.0087,5.0862,1262,0,0
137.0336,5.0782,1260,0,0
137.0583,5.0983,1265,0,0
137.0832,5.0943,1264,0,0
137.1080,5.0782,1260,0,0
137.1328,5.0661,1257,0,0
137.1576,5.0862,1262,0,0
137.1824,5.0782,1260,0,0
137.2072,5.0903,1263,0,0
137.2320,5.0903,1263,0,0
137.2568,5.0782,1260,0,0
137.2816,5.0862,1262,0,0
137.3064,5.0822,1261,0,0
137.3312,5.0983,1265,0,0
137.3560,5.0983,1265,0,0
137.3808,5.0862,1262,0,0
137.4056,5.0943,1264,0,0
137.4304,5.0943,1264,0,0
137.4552,5.0782,1260,0,0
137.4800,5.0903,1263,0,0
137.5048,5.0943,1264,0,0
137.5296,5.0983,1265,0,0
137.5544,5.0822,1261,0,0
137.5792,5.0742,1259,0,0
137.6040,5.0943,1264,0,0
137.6288,5.0943,1264,0,0
137.6536,5.0943,1264,0,0
137.6784,5.0782,1260,0,0
137.7032,5.0983,1265,0,0
137.7280,5.0782,1260,0,0
137.7528,5.0500,1253,0,0
137.7776,5.0943,1264,0,0
137.8024,5.1104,1268,0,0
137.8272,5.0983,1265,0,0
137.8520,5.0943,1264,0,0
137.8768,5.0782,1260,0,0
137.9016,5.0822,1261,0,0
137.9264,5.0943,1264,0,0
137.9512,5.0661,1257,0,0
137.9760,5.0500,1253,0,0
138.0008,5.0943,1264,0,0
138.0257,5.0862,1262,0,0
138.0504,5.0983,1265,0,0
138.0753,5.1225,1271,0,0
138.1001,5.0862,1262,0,0
138.1249,5.0782,1260,0,0
138.1497,5.0903,1263,0,0
138.1745,5.0822,1261,0,0
138.1993,5.0943,1264,0,0
138.2241,5.0822,1261,0,0
138.2489,5.0862,1262,0,0
138.2737,5.0983,1265,0,0
138.2985,5.0661,1257,0,0
138.3233,5.0782,1260,0,0
138.3481,5.0822,1261,0,0
138.3729,5.1064,1267,0,0
138.3977,5.0862,1262,0,0
138.4225,5.0822,1261,0,0
138.4473,5.1064,1267,0,0
138.4721,5.0862,1262,0,0
138.4969,5.0943,1264,0,0
138.5217,5.0862,1262,0,0
138.5465,5.0983,1265,0,0
138.5713,5.0742,1259,0,0
138.5961,5.0943,1264,0,0
138.6209,5.0862,1262,0,0
138.6457,5.0822,1261,0,0
138.6705,5.0983,1265,0,0
138.6953,5.0782,1260,0,0
138.7201,5.0903,1263,0,0
138.7449,5.1225,1271,0,0
138.7697,5.1507,1278,0,0
138.7945,5.0661,1257,0,0
138.8193,5.0822,1261,0,0
138.8441,5.1104,1268,0,0
138.8689,5.0903,1263,0,0
138.8937,5.0822,1261,0,0
138.9185,5.0701,1258,0,0
138.9433,5.0903,1263,0,0
138.9681,5.0903,1263,0,0
138.9930,5.1064,1267,0,0
139.0177,5.0943,1264,0,0
139.0425,5.0822,1261,0,0
139.0674,5.0943,1264,0,0
139.0921,5.0661,1257,0,0
139.1170,5.1346,1274,0,0
139.1418,5.0782,1260,0,0
139.1666,5.0218,1246,0,0
139.1914,5.0862,1262,0,0
139.2162,5.0983,1265,0,0
139.2410,5.0782,1260,0,0
139.2658,5.0782,1260,0,0
139.2906,5.0943,1264,0,0
139.3154,5.0983,1265,0,0
139.3402,5.0862,1262,0,0
139.3650,5.0742,1259,0,0
139.3898,5.0742,1259,0,0
139.4146,5.0862,1262,0,0
139.4394,5.1225,1271,0,0
139.4642,5.0701,1258,0,0
139.4890,5.0943,1264,0,0
139.5138,5.1064,1267,0,0
139.5386,5.0742,1259,0,0
139.5634,5.0943,1264,0,0
139.5882,5.0943,1264,0,0
139.6130,5.0943,1264,0,0
139.6378,5.0903,1263,0,0
139.6626,5.1265,1272,0,0
139.6874,5.0701,1258,0,0
139.7122,5.0742,1259,0,0
139.7370,5.0862,1262,0,0
139.7618,5.1024,1266,0,0
139.7866,5.0782,1260,0,0
139.8114,5.0862,1262,0,0
139.8362,5.0943,1264,0,0
139.8610,5.0943,1264,0,0
139.8858,5.1024,1266,0,0
139.9106,5.0782,1260,0,0
139.9354,5.0661,1257,0,0
139.9602,5.0862,1262,0,0
139.9850,5.1265,1272,0,0
140.0098,5.0862,1262,0,0
140.0347,5.2072,1292,0,0
140.0594,5.0943,1264,0,0
140.0842,5.0661,1257,0,0
140.1091,5.0943,1264,0,0
140.1339,5.0943,1264,0,0
140.1587,5.0822,1261,0,0
140.1835,5.0983,1265,0,0
140.2083,5.0943,1264,0,0
140.2331,5.0943,1264,0,0
140.2579,5.0983,1265,0,0
140.2827,5.1024,1266,0,0
140.3075,5.0742,1259,0,0
140.3323,5.0943,1264,0,0
140.3571,5.0983,1265,0,0
140.3819,5.1064,1267,0,0
140.4067,5.0661,1257,0,0
140.4315,5.0661,1257,0,0
140.4563,5.1064,1267,0,0
140.4811,5.0903,1263,0,0
140.5059,5.0782,1260,0,0
140.5307,5.0580,1255,0,0
140.5555,5.1064,1267,0,0
140.5803,5.0943,1264,0,0
140.6051,5.0983,1265,0,0
140.6299,5.0943,1264,0,0
140.6547,5.1064,1267,0,0
140.6795,5.0822,1261,0,0
140.7043,5.0701,1258,0,0
140.7291,5.0943,1264,0,0
140.7539,5.0983,1265,0,0
140.7787,5.0500,1253,0,0
140.8035,5.0782,1260,0,0
140.8283,5.0983,1265,0,0
140.8531,5.0943,1264,0,0
140.8779,5.0661,1257,0,0
140.9027,4.9935,1239,0,0
140.9275,5.0862,1262,0,0
140.9523,5.0862,1262,0,0
140.9771,5.0661,1257,0,0
141.0019,5.0943,1264,0,0
141.0267,5.0782,1260,0,0
141.0515,5.0742,1259,0,0
141.0764,5.0862,1262,0,0
141.1012,5.0701,1258,0,0
141.1260,5.1064,1267,0,0
141.1508,5.0742,1259,0,0
141.1756,5.0742,1259,0,0
141.2004,5.0862,1262,0,0
141.2252,5.0782,1260,0,0
141.2500,5.1265,1272,0,0
141.2748,5.0701,1258,0,0
141.2996,5.0822,1261,0,0
141.3244,5.1064,1267,0,0
141.3492,5.0862,1262,0,0
141.3740,5.0943,1264,0,0
141.3988,5.0862,1262,0,0
141.4236,5.0862,1262,0,0
141.4484,5.0983,1265,0,0
141.4732,5.0822,1261,0,0
141.4980,5.0943,1264,0,0
141.5228,5.0782,1260,0,0
141.5476,5.0500,1253,0,0
141.5724,5.0903,1263,0,0
141.5972,5.0983,1265,0,0
141.6220,5.0742,1259,0,0
141.6468,5.0903,1263,0,0
141.6716,5.0943,1264,0,0
141.6964,5.0862,1262,0,0
141.7212,5.0782,1260,0,0
141.7460,5.1064,1267,0,0
141.7708,5.0782,1260,0,0
141.7956,5.0943,1264,0,0
141.8204,5.0862,1262,0,0
141.8452,5.0862,1262,0,0
141.8700,5.1265,1272,0,0
141.8948,5.0742,1259,0,0
141.9196,5.1064,1267,0,0
141.9444,5.0862,1262,0,0
141.9692,5.0782,1260,0,0
141.9940,5.0943,1264,0,0
142.0188,5.0943,1264,0,0
142.0436,5.0862,1262,0,0
142.0685,5.0862,1262,0,0
142.0932,5.0943,1264,0,0
142.1181,5.0862,1262,0,0
142.1429,5.0903,1263,0,0
142.1677,5.0943,1264,0,0
142.1925,5.1024,1266,0,0
142.2173,5.0782,1260,0,0
142.2421,5.1064,1267,0,0
142.2669,5.0983,1265,0,0
142.2917,5.0742,1259,0,0
142.3165,5.0862,1262,0,0
142.3413,5.0782,1260,0,0
142.3661,5.0943,1264,0,0
142.3909,5.1024,1266,0,0
142.4157,5.0943,1264,0,0
142.4405,5.0862,1262,0,0
142.4653,5.0862,1262,0,0
142.4901,5.0822,1261,0,0
142.5149,5.0862,1262,0,0
142.5397,5.0782,1260,0,0
142.5645,5.0742,1259,0,0
142.5893,5.0862,1262,0,0
142.6141,5.0782,1260,0,0
142.6389,5.0943,1264,0,0
142.6637,5.1104,1268,0,0
142.6885,5.0661,1257,0,0
142.7133,5.0701,1258,0,0
142.7381,5.0943,1264,0,0
142.7629,5.0983,1265,0,0
142.7877,5.0701,1258,0,0
142.8125,5.0379,1250,0,0
142.8373,5.0661,1257,0,0
142.8621,5.1064,1267,0,0
142.8869,5.0742,1259,0,0
142.9117,5.0782,1260,0,0
142.9365,5.1024,1266,0,0
142.9613,5.0943,1264,0,0
142.9861,5.0862,1262,0,0
143.0109,5.0862,1262,0,0
143.0357,5.0862,1262,0,0
143.0605,5.0661,1257,0,0
143.0853,5.0862,1262,0,0
143.1102,5.0983,1265,0,0
143.1349,5.1265,1272,0,0
143.1598,5.0742,1259,0,0
143.1846,5.0862,1262,0,0
143.2094,5.0782,1260,0,0
143.2342,5.0862,1262,0,0
143.2590,5.0822,1261,0,0
143.2838,5.0661,1257,0,0
143.3086,5.1104,1268,0,0
143.3334,5.0943,1264,0,0
143.3582,5.0943,1264,0,0
143.3830,5.0943,1264,0,0
143.4078,5.0943,1264,0,0
143.4326,5.0983,1265,0,0
143.4574,5.0782,1260,0,0
143.4822,5.0943,1264,0,0
143.5070,5.0983,1265,0,0
143.5318,5.0943,1264,0,0
143.5566,5.0943,1264,0,0
143.5814,5.0983,1265,0,0
143.6062,5.0661,1257,0,0
143.6310,5.0822,1261,0,0
143.6558,5.1064,1267,0,0
143.6806,5.0862,1262,0,0
143.7054,5.1225,1271,0,0
143.7302,5.0862,1262,0,0
143.7550,5.0782,1260,0,0
143.7798,5.1104,1268,0,0
143.8046,5.1265,1272,0,0
143.8294,5.0661,1257,0,0
143.8542,5.0943,1264,0,0
143.8790,5.0943,1264,0,0
143.9038,5.1265,1272,0,0
143.9286,5.0943,1264,0,0
143.9534,5.0661,1257,0,0
143.9782,5.0862,1262,0,0
144.0030,5.0862,1262,0,0
144.0278,5.0782,1260,0,0
144.0526,5.0903,1263,0,0
144.0774,5.1145,1269,0,0
144.1022,5.0943,1264,0,0
144.1270,5.0943,1264,0,0
144.1519,5.0943,1264,0,0
144.1767,5.1064,1267,0,0
144.2015,5.0782,1260,0,0
144.2263,5.0782,1260,0,0
144.2511,5.0742,1259,0,0
144.2759,5.1024,1266,0,0
144.3007,5.1265,1272,0,0
144.3255,5.0742,1259,0,0
144.3503,5.0862,1262,0,0
144.3751,5.1265,1272,0,0
144.3999,5.0862,1262,0,0
144.4247,5.0943,1264,0,0
144.4495,5.1064,1267,0,0
144.4743,5.0782,1260,0,0
144.4991,5.0983,1265,0,0
144.5239,5.0862,1262,0,0
144.5487,5.0983,1265,0,0
144.5735,5.0862,1262,0,0
144.5983,5.0862,1262,0,0
144.6231,5.0701,1258,0,0
144.6479,5.1225,1271,0,0
144.6727,5.0903,1263,0,0
144.6975,5.0661,1257,0,0
144.7223,5.0822,1261,0,0
144.7471,5.1064,1267,0,0
144.7719,5.0782,1260,0,0
144.7967,5.0943,1264,0,0
144.8215,5.0782,1260,0,0
144.8463,5.1104,1268,0,0
144.8711,5.0943,1264,0,0
144.8959,5.1024,1266,0,0
144.9207,5.0862,1262,0,0
144.9455,5.0782,1260,0,0
144.9703,5.0782,1260,0,0
144.9951,5.0983,1265,0,0
145.0199,5.0903,1263,0,0
145.0447,5.0943,1264,0,0
145.0695,5.0782,1260,0,0
145.0943,5.0782,1260,0,0
145.1192,5.0862,1262,0,0
145.1440,5.0903,1263,0,0
145.1687,5.0903,1263,0,0
145.1936,5.0782,1260,0,0
145.2184,5.0943,1264,0,0
145.2432,5.0903,1263,0,0
145.2680,5.0903,1263,0,0
145.2928,5.0943,1264,0,0
145.3176,5.0782,1260,0,0
145.3424,5.0903,1263,0,0
145.3672,5.0943,1264,0,0
145.3920,5.0379,1250,0,0
145.4168,5.0862,1262,0,0
145.4416,5.1265,1272,0,0
145.4664,5.0661,1257,0,0
145.4912,5.0983,1265,0,0
145.5160,5.0862,1262,0,0
145.5408,5.0983,1265,0,0
145.5656,5.0943,1264,0,0
145.5904,5.0943,1264,0,0
145.6152,5.0742,1259,0,0
145.6400,5.1064,1267,0,0
145.6648,5.0943,1264,0,0
145.6896,5.0661,1257,0,0
145.7144,5.0782,1260,0,0
145.7392,5.0742,1259,0,0
145.7640,5.0862,1262,0,0
145.7888,5.1064,1267,0,0
145.8136,5.0983,1265,0,0
145.8384,5.0742,1259,0,0
145.8632,5.0742,1259,0,0
145.8880,5.0983,1265,0,0
145.9128,5.0782,1260,0,0
145.9376,5.0782,1260,0,0
145.9624,5.0782,1260,0,0
145.9872,5.0983,1265,0,0
146.0120,5.0862,1262,0,0
146.0368,5.0862,1262,0,0
146.0616,5.0742,1259,0,0
146.0864,5.0862,1262,0,0
146.1113,5.0822,1261,0,0
146.1360,5.0742,1259,0,0
146.1609,5.1225,1271,0,0
146.1857,5.0419,1251,0,0
146.2104,5.0943,1264,0,0
146.2353,5.0782,1260,0,0
146.2601,5.0782,1260,0,0
146.2849,5.0943,1264,0,0
146.3097,5.0983,1265,0,0
146.3345,5.0862,1262,0,0
146.3593,5.0742,1259,0,0
146.3841,5.0661,1257,0,0
146.4089,5.0943,1264,0,0
146.4337,5.1064,1267,0,0
146.4585,5.0661,1257,0,0
146.4833,5.0943,1264,0,0
146.5081,5.0097,1243,0,0
146.5329,5.1104,1268,0,0
146.5577,5.0782,1260,0,0
146.5825,5.0379,1250,0,0
146.6073,5.0782,1260,0,0
146.6321,5.0782,1260,0,0
146.6569,5.0782,1260,0,0
146.6817,5.0782,1260,0,0
146.7065,5.1024,1266,0,0
146.7313,5.0943,1264,0,0
146.7561,5.0943,1264,0,0
146.7809,5.0983,1265,0,0
146.8057,5.0983,1265,0,0
146.8305,5.0862,1262,0,0
146.8553,5.0419,1251,0,0
146.8801,5.0943,1264,0,0
146.9049,5.0943,1264,0,0
146.9297,5.0862,1262,0,0
146.9545,5.0782,1260,0,0
146.9793,5.0943,1264,0,0
147.0041,5.1064,1267,0,0
147.0289,5.0661,1257,0,0
147.0537,5.0862,1262,0,0
147.0785,5.0903,1263,0,0
147.1033,5.0822,1261,0,0
147.1281,5.0862,1262,0,0
147.1530,5.1265,1272,0,0
147.1777,5.0742,1259,0,0
147.2026,5.0379,1250,0,0
147.2274,5.0822,1261,0,0
147.2522,5.1225,1271,0,0
147.2770,5.0903,1263,0,0
147.3018,5.0862,1262,0,0
147.3266,5.0943,1264,0,0
147.3514,5.1024,1266,0,0
147.3762,5.0742,1259,0,0
147.4010,5.0782,1260,0,0
147.4258,5.0862,1262,0,0
147.4506,5.0983,1265,0,0
147.4754,5.0862,1262,0,0
147.5002,5.0742,1259,0,0
147.5250,5.0943,1264,0,0
147.5498,5.0983,1265,0,0
147.5746,5.0742,1259,0,0
147.5994,5.0782,1260,0,0
147.6242,5.0903,1263,0,0
147.6490,5.0782,1260,0,0
147.6738,5.0862,1262,0,0
147.6986,5.0782,1260,0,0
147.7234,5.0822,1261,0,0
147.7482,5.1024,1266,0,0
147.7730,5.0661,1257,0,0
147.7978,5.0943,1264,0,0
147.8226,5.0822,1261,0,0
147.8474,5.0782,1260,0,0
147.8722,5.0782,1260,0,0
147.8970,5.0742,1259,0,0
147.9218,5.0943,1264,0,0
147.9466,5.0742,1259,0,0
147.9714,5.0862,1262,0,0
147.9962,5.1225,1271,0,0
148.0210,5.0943,1264,0,0
148.0458,5.0943,1264,0,0
148.0706,5.0862,1262,0,0
148.0954,5.1024,1266,0,0
148.1202,5.0782,1260,0,0
148.1451,5.0661,1257,0,0
148.1698,5.0943,1264,0,0
148.1947,5.0782,1260,0,0
148.2195,5.1024,1266,0,0
148.2443,5.0862,1262,0,0
148.2691,5.0943,1264,0,0
148.2939,5.0782,1260,0,0
148.3187,5.0983,1265,0,0
148.3435,5.0419,1251,0,0
148.3683,5.0943,1264,0,0
148.3931,5.0822,1261,0,0
148.4179,5.0862,1262,0,0
148.4427,5.0580,1255,0,0
148.4675,5.1024,1266,0,0
148.4923,5.0943,1264,0,0
148.5171,5.0782,1260,0,0
148.5419,5.0862,1262,0,0
148.5667,5.0903,1263,0,0
148.5915,5.1265,1272,0,0
148.6163,5.0983,1265,0,0
148.6411,5.0782,1260,0,0
148.6659,5.0943,1264,0,0
148.6907,5.0822,1261,0,0
148.7155,5.1225,1271,0,0
148.7403,5.0943,1264,0,0
148.7651,5.1064,1267,0,0
148.7899,5.0742,1259,0,0
148.8147,5.1870,1287,0,0
148.8395,5.0943,1264,0,0
148.8643,5.1024,1266,0,0
148.8891,5.0822,1261,0,0
148.9139,5.0580,1255,0,0
148.9387,5.1265,1272,0,0
148.9635,5.0862,1262,0,0
148.9883,5.0983,1265,0,0
149.0131,5.0742,1259,0,0
149.0379,5.0862,1262,0,0
149.0627,5.1265,1272,0,0
149.0875,5.1024,1266,0,0
149.1124,5.1064,1267,0,0
149.1371,5.0903,1263,0,0
149.1619,5.1064,1267,0,0
149.1868,5.0782,1260,0,0
149.2115,5.0500,1253,0,0
149.2364,5.0822,1261,0,0
149.2612,5.1024,1266,0,0
149.2860,5.0862,1262,0,0
149.3108,5.0822,1261,0,0
149.3356,5.0943,1264,0,0
149.3604,5.0822,1261,0,0
149.3852,5.0862,1262,0,0
149.4100,5.0701,1258,0,0
149.4348,5.0983,1265,0,0
149.4596,5.0983,1265,0,0
149.4844,5.0742,1259,0,0
149.5092,5.0903,1263,0,0
149.5340,5.1064,1267,0,0
149.5588,5.0983,1265,0,0
149.5836,5.0782,1260,0,0
149.6084,5.1225,1271,0,0
149.6332,5.0782,1260,0,0
149.6580,5.1064,1267,0,0
149.6828,5.0943,1264,0,0
149.7076,5.0862,1262,0,0
149.7324,5.0943,1264,0,0
149.7572,5.0782,1260,0,0
149.7820,5.0701,1258,0,0
149.8068,5.0822,1261,0,0
149.8316,5.0943,1264,0,0
149.8564,5.0862,1262,0,0
149.8812,5.0782,1260,0,0
149.9060,5.0983,1265,0,0
149.9308,5.0983,1265,0,0
149.9556,5.0782,1260,0,0
149.9804,5.0661,1257,0,0
150.0052,5.0903,1263,0,0
150.0300,5.0661,1257,0,0
150.0548,5.1104,1268,0,0
150.0796,5.2072,1292,0,0
150.1044,5.1225,1271,0,0
150.1292,5.0943,1264,0,0
150.1541,5.0983,1265,0,0
150.1788,5.1064,1267,0,0
150.2036,5.0943,1264,0,0
150.2285,5.0983,1265,0,0
150.2533,5.0983,1265,0,0
150.2781,5.0903,1263,0,0
150.3029,5.0983,1265,0,0
150.3277,5.0742,1259,0,0
150.3525,5.0943,1264,0,0
150.3773,5.0903,1263,0,0
150.4021,5.1064,1267,0,0
150.4269,5.0742,1259,0,0
150.4517,5.1225,1271,0,0
150.4765,5.0500,1253,0,0
150.5013,5.0862,1262,0,0
150.5261,5.0943,1264,0,0
150.5509,5.0500,1253,0,0
150.5757,5.0742,1259,0,0
150.6005,5.0862,1262,0,0
150.6253,5.0701,1258,0,0
150.6501,5.0983,1265,0,0
150.6749,5.0862,1262,0,0
150.6997,5.0782,1260,0,0
150.7245,5.1265,1272,0,0
150.7493,5.0742,1259,0,0
150.7741,5.0862,1262,0,0
150.7989,5.1064,1267,0,0
150.8237,5.0983,1265,0,0
150.8485,5.0701,1258,0,0
150.8733,5.0419,1251,0,0
150.8981,5.1024,1266,0,0
150.9229,5.0862,1262,0,0
150.9477,5.0782,1260,0,0
150.9725,5.1225,1271,0,0
150.9973,5.0862,1262,0,0
151.0221,5.0500,1253,0,0
151.0469,5.0943,1264,0,0
151.0717,5.0983,1265,0,0
151.0965,5.0943,1264,0,0
151.1213,5.0983,1265,0,0
151.1461,5.0782,1260,0,0
151.1709,5.0379,1250,0,0
151.1958,5.0983,1265,0,0
151.2206,5.0862,1262,0,0
151.2454,5.0782,1260,0,0
151.2702,5.0782,1260,0,0
151.2950,5.0943,1264,0,0
151.3198,5.0943,1264,0,0
151.3446,5.0943,1264,0,0
151.3694,5.0782,1260,0,0
151.3942,5.0943,1264,0,0
151.4190,5.0983,1265,0,0
151.4438,5.0661,1257,0,0
151.4686,5.1104,1268,0,0
151.4934,5.1104,1268,0,0
151.5182,5.0742,1259,0,0
151.5430,5.0742,1259,0,0
151.5678,5.1064,1267,0,0
151.5926,5.0782,1260,0,0
151.6174,5.0782,1260,0,0
151.6422,5.0983,1265,0,0
151.6670,5.0742,1259,0,0
151.6918,5.0782,1260,0,0
151.7166,5.0782,1260,0,0
151.7414,5.0782,1260,0,0
151.7662,5.0943,1264,0,0
151.7910,5.1064,1267,0,0
151.8158,5.0782,1260,0,0
151.8406,5.0500,1253,0,0
151.8654,5.0983,1265,0,0
151.8902,5.0943,1264,0,0
151.9150,5.0943,1264,0,0
151.9398,5.0862,1262,0,0
151.9646,5.0862,1262,0,0
151.9894,5.0862,1262,0,0
152.0142,5.0862,1262,0,0
152.0390,5.1265,1272,0,0
152.0638,5.0822,1261,0,0
152.0886,5.0862,1262,0,0
152.1134,5.0782,1260,0,0
152.1382,5.1145,1269,0,0
152.1630,5.0983,1265,0,0
152.1879,5.0943,1264,0,0
152.2126,5.0661,1257,0,0
152.2375,5.0862,1262,0,0
152.2623,5.1024,1266,0,0
152.2871,5.0782,1260,0,0
152.3119,5.1024,1266,0,0
152.3367,5.0782,1260,0,0
152.3615,5.0782,1260,0,0
152.3863,5.0943,1264,0,0
152.4111,5.0822,1261,0,0
152.4359,5.0782,1260,0,0
152.4607,5.1064,1267,0,0
152.4855,5.0943,1264,0,0
152.5103,5.0943,1264,0,0
152.5351,5.0983,1265,0,0
152.5599,5.0782,1260,0,0
152.5847,5.1024,1266,0,0
152.6095,5.0943,1264,0,0
152.6343,5.0742,1259,0,0
152.6591,5.0943,1264,0,0
152.6839,5.0298,1248,0,0
152.7087,5.1024,1266,0,0
152.7335,5.0983,1265,0,0
152.7583,5.0983,1265,0,0
152.7831,5.0782,1260,0,0
152.8079,5.0742,1259,0,0
152.8327,5.0782,1260,0,0
152.8575,5.0983,1265,0,0
152.8823,5.1024,1266,0,0
152.9071,5.1064,1267,0,0
152.9319,5.0943,1264,0,0
152.9567,5.0862,1262,0,0
152.9815,5.0983,1265,0,0
153.0063,5.0661,1257,0,0
153.0311,5.0782,1260,0,0
153.0559,5.0782,1260,0,0
153.0807,5.0500,1253,0,0
153.1055,5.0983,1265,0,0
153.1303,5.1225,1271,0,0
153.1551,5.0742,1259,0,0
153.1799,5.0782,1260,0,0
153.2047,5.1064,1267,0,0
153.2296,5.0943,1264,0,0
153.2543,5.0742,1259,0,0
153.2792,5.0943,1264,0,0
153.3040,5.0822,1261,0,0
153.3288,5.0983,1265,0,0
153.3536,5.0661,1257,0,0
153.3784,5.0782,1260,0,0
153.4032,5.0983,1265,0,0
153.4280,5.0822,1261,0,0
153.4528,5.1064,1267,0,0
153.4776,5.0742,1259,0,0
153.5024,5.0862,1262,0,0
153.5272,5.0701,1258,0,0
153.5520,5.0943,1264,0,0
153.5768,5.0782,1260,0,0
153.6016,5.0419,1251,0,0
153.6264,5.0903,1263,0,0
153.6512,5.0983,1265,0,0
153.6760,5.0742,1259,0,0
153.7008,5.0782,1260,0,0
153.7256,5.0782,1260,0,0
153.7504,5.0943,1264,0,0
153.7752,5.0943,1264,0,0
153.8000,5.0742,1259,0,0
153.8248,5.0782,1260,0,0
153.8496,5.0782,1260,0,0
153.8744,5.0782,1260,0,0
153.8992,5.0862,1262,0,0
153.9240,5.0862,1262,0,0
153.9488,5.0782,1260,0,0
153.9736,5.0701,1258,0,0
153.9984,5.0782,1260,0,0
154.0232,5.0862,1262,0,0
154.0480,5.0943,1264,0,0
154.0728,5.0782,1260,0,0
154.0976,5.0983,1265,0,0
154.1224,5.0661,1257,0,0
154.1472,5.0742,1259,0,0
154.1720,5.0983,1265,0,0
154.1969,5.0983,1265,0,0
154.2216,5.1064,1267,0,0
154.2464,5.0500,1253,0,0
154.2713,5.0822,1261,0,0
154.2961,5.0903,1263,0,0
154.3209,5.0943,1264,0,0
154.3457,5.0862,1262,0,0
154.3705,5.0943,1264,0,0
154.3953,5.0943,1264,0,0
154.4201,5.0661,1257,0,0
154.4449,5.0742,1259,0,0
154.4697,5.0742,1259,0,0
154.4945,5.0983,1265,0,0
154.5193,5.1145,1269,0,0
154.5441,5.0822,1261,0,0
154.5689,5.0742,1259,0,0
154.5937,5.0983,1265,0,0
154.6185,5.0782,1260,0,0
154.6433,5.0782,1260,0,0
154.6681,5.0903,1263,0,0
154.6929,5.0943,1264,0,0
154.7177,5.0822,1261,0,0
154.7425,5.0419,1251,0,0
154.7673,5.1064,1267,0,0
154.7921,5.1064,1267,0,0
154.8169,5.0822,1261,0,0
154.8417,5.0862,1262,0,0
154.8665,5.0943,1264,0,0
154.8913,5.0782,1260,0,0
154.9161,5.0862,1262,0,0
154.9409,5.0862,1262,0,0
154.9657,5.1024,1266,0,0
154.9905,5.0742,1259,0,0
155.0153,5.0943,1264,0,0
155.0401,5.1225,1271,0,0
155.0649,5.0782,1260,0,0
155.0897,5.0782,1260,0,0
155.1145,5.0742,1259,0,0
155.1393,5.0983,1265,0,0
155.1641,5.0943,1264,0,0
155.1889,5.0943,1264,0,0
155.2137,5.0903,1263,0,0
155.2386,5.0782,1260,0,0
155.2634,5.1064,1267,0,0
155.2881,5.0782,1260,0,0
155.3130,5.0943,1264,0,0
155.3378,5.1024,1266,0,0
155.3626,5.0822,1261,0,0
155.3874,5.1024,1266,0,0
155.4122,5.0661,1257,0,0
155.4370,5.0822,1261,0,0
155.4618,5.0903,1263,0,0
155.4866,5.0943,1264,0,0
155.5114,5.1265,1272,0,0
155.5362,5.0903,1263,0,0
155.5610,5.0782,1260,0,0
155.5858,5.0943,1264,0,0
155.6106,5.0862,1262,0,0
155.6354,5.0742,1259,0,0
155.6602,5.0580,1255,0,0
155.6850,5.0782,1260,0,0
155.7098,5.1064,1267,0,0
155.7346,5.0862,1262,0,0
155.7594,5.0983,1265,0,0
155.7842,5.0862,1262,0,0
155.8090,5.0862,1262,0,0
155.8338,5.0862,1262,0,0
155.8586,5.0862,1262,0,0
155.8834,5.0943,1264,0,0
155.9082,5.0782,1260,0,0
155.9330,5.1064,1267,0,0
155.9578,5.0379,1250,0,0
155.9826,5.0862,1262,0,0
156.0074,5.0862,1262,0,0
156.0322,5.0983,1265,0,0
156.0570,5.0943,1264,0,0
156.0818,5.0742,1259,0,0
156.1066,5.0983,1265,0,0
156.1314,5.0943,1264,0,0
156.1562,5.0782,1260,0,0
156.1810,5.0782,1260,0,0
156.2058,5.1104,1268,0,0
156.2307,5.0782,1260,0,0
156.2554,5.0822,1261,0,0
156.2803,5.0943,1264,0,0
156.3051,5.0983,1265,0,0
156.3299,5.0903,1263,0,0
156.3547,5.0742,1259,0,0
156.3795,5.0822,1261,0,0
156.4043,5.0943,1264,0,0
156.4291,5.0943,1264,0,0
156.4539,5.0580,1255,0,0
156.4787,5.0943,1264,0,0
156.5035,5.1265,1272,0,0
156.5283,5.0782,1260,0,0
156.5531,5.0742,1259,0,0
156.5779,5.0742,1259,0,0
156.6027,5.1064,1267,0,0
156.6275,5.0983,1265,0,0
156.6523,5.0983,1265,0,0
156.6771,5.0943,1264,0,0
156.7019,5.1064,1267,0,0
156.7267,5.0742,1259,0,0
156.7515,5.0379,1250,0,0
156.7763,5.1225,1271,0,0
156.8011,5.0782,1260,0,0
156.8259,5.1225,1271,0,0
156.8507,5.0862,1262,0,0
156.8755,5.1064,1267,0,0
156.9003,5.0782,1260,0,0
156.9251,5.0822,1261,0,0
156.9499,5.0822,1261,0,0
156.9747,5.0983,1265,0,0
156.9995,5.0983,1265,0,0
157.0243,5.0782,1260,0,0
157.0491,5.1104,1268,0,0
157.0739,5.0943,1264,0,0
157.0987,5.0338,1249,0,0
157.1235,5.0943,1264,0,0
157.1483,5.0661,1257,0,0
157.1731,5.0742,1259,0,0
157.1979,5.0862,1262,0,0
157.2227,5.1225,1271,0,0
157.2475,5.1064,1267,0,0
157.2724,5.0943,1264,0,0
157.2971,5.0862,1262,0,0
157.3220,5.0943,1264,0,0
157.3468,5.0782,1260,0,0
157.3716,5.0782,1260,0,0
157.3964,5.0983,1265,0,0
157.4212,5.0862,1262,0,0
157.4460,5.0943,1264,0,0
157.4708,5.0701,1258,0,0
157.4956,5.0782,1260,0,0
157.5204,5.1024,1266,0,0
157.5452,5.0862,1262,0,0
157.5700,5.0822,1261,0,0
157.5948,5.0943,1264,0,0
157.6196,5.0782,1260,0,0
157.6444,5.0943,1264,0,0
157.6692,5.0943,1264,0,0
157.6940,5.0862,1262,0,0
157.7188,5.0661,1257,0,0
157.7436,5.0742,1259,0,0
157.7684,5.0903,1263,0,0
157.7932,5.0782,1260,0,0
157.8180,5.0943,1264,0,0
157.8428,5.0983,1265,0,0
157.8676,5.0822,1261,0,0
157.8924,5.1064,1267,0,0
157.9172,5.0661,1257,0,0
157.9420,5.0742,1259,0,0
157.9668,5.1145,1269,0,0
157.9916,5.0903,1263,0,0
158.0164,5.0379,1250,0,0
158.0412,5.0742,1259,0,0
158.0660,5.0943,1264,0,0
158.0908,5.0822,1261,0,0
158.1156,5.1064,1267,0,0
158.1404,5.0661,1257,0,0
158.1652,5.1386,1275,0,0
158.1900,5.0943,1264,0,0
158.2148,5.0742,1259,0,0
158.2396,5.0943,1264,0,0
158.2645,5.0943,1264,0,0
158.2892,5.0862,1262,0,0
158.3141,5.0903,1263,0,0
158.3389,5.0943,1264,0,0
158.3637,5.0943,1264,0,0
158.3885,5.1024,1266,0,0
158.4133,5.0782,1260,0,0
158.4381,5.0943,1264,0,0
158.4629,5.0701,1258,0,0
158.4877,5.0742,1259,0,0
158.5125,5.1265,1272,0,0
158.5373,5.0782,1260,0,0
158.5621,5.0782,1260,0,0
158.5869,5.0943,1264,0,0
158.6117,5.0903,1263,0,0
158.6365,5.0862,1262,0,0
158.6613,5.0862,1262,0,0
158.6861,5.0943,1264,0,0
158.7109,5.0782,1260,0,0
158.7357,5.0862,1262,0,0
158.7605,5.0742,1259,0,0
158.7853,5.0742,1259,0,0
158.8101,5.1024,1266,0,0
158.8349,5.1104,1268,0,0
158.8597,5.0862,1262,0,0
158.8845,5.0661,1257,0,0
158.9093,5.1024,1266,0,0
158.9341,5.0943,1264,0,0
158.9589,5.0782,1260,0,0
158.9837,5.0943,1264,0,0
159.0085,5.0903,1263,0,0
159.0333,5.0983,1265,0,0
159.0581,5.0580,1255,0,0
159.0829,5.0742,1259,0,0
159.1077,5.1104,1268,0,0
159.1325,5.0943,1264,0,0
159.1573,5.1104,1268,0,0
159.1821,5.0782,1260,0,0
159.2069,5.0822,1261,0,0
159.2318,5.1225,1271,0,0
159.2565,5.0661,1257,0,0
159.2813,5.0822,1261,0,0
159.3062,5.0742,1259,0,0
159.3309,5.0822,1261,0,0
159.3558,5.0903,1263,0,0
159.3806,5.0983,1265,0,0
159.4054,5.1265,1272,0,0
159.4302,5.0983,1265,0,0
159.4550,5.0782,1260,0,0
159.4798,5.0782,1260,0,0
159.5046,5.1104,1268,0,0
159.5294,5.0500,1253,0,0
159.5542,5.0822,1261,0,0
159.5790,5.0661,1257,0,0
159.6038,5.0661,1257,0,0
159.6286,5.0540,1254,0,0
159.6534,5.1064,1267,0,0
159.6782,5.1024,1266,0,0
159.7030,5.0903,1263,0,0
159.7278,5.0782,1260,0,0
159.7526,5.0822,1261,0,0
159.7774,5.1064,1267,0,0
159.8022,5.0701,1258,0,0
159.8270,5.1064,1267,0,0
159.8518,5.1145,1269,0,0
159.8766,5.0822,1261,0,0
159.9014,5.0983,1265,0,0
159.9262,5.0782,1260,0,0
159.9510,5.0822,1261,0,0
159.9758,5.1064,1267,0,0
160.0006,5.0782,1260,0,0
160.0254,5.0983,1265,0,0
160.0502,5.0983,1265,0,0
160.0750,5.0862,1262,0,0
160.0998,5.1265,1272,0,0
160.1246,4.9855,1237,0,0
160.1494,5.0862,1262,0,0
160.1742,5.0943,1264,0,0
160.1990,5.0822,1261,0,0
160.2238,5.0983,1265,0,0
160.2486,5.0782,1260,0,0
160.2735,5.0661,1257,0,0
160.2982,5.1024,1266,0,0
160.3231,5.0782,1260,0,0
160.3479,5.0701,1258,0,0
160.3727,5.0701,1258,0,0
160.3975,5.1064,1267,0,0
160.4223,5.0862,1262,0,0
160.4471,5.1265,1272,0,0
160.4719,5.0500,1253,0,0
160.4967,5.0983,1265,0,0
160.5215,5.0983,1265,0,0
160.5463,5.0540,1254,0,0
160.5711,5.0943,1264,0,0
160.5959,5.1427,1276,0,0
160.6207,5.1104,1268,0,0
160.6455,5.1064,1267,0,0
160.6703,5.0862,1262,0,0
160.6951,5.0862,1262,0,0
160.7199,5.0661,1257,0,0
160.7447,5.0903,1263,0,0
160.7695,5.0983,1265,0,0
160.7943,5.1064,1267,0,0
160.8191,5.0862,1262,0,0
160.8439,5.0903,1263,0,0
160.8687,5.1064,1267,0,0
160.8935,5.0661,1257,0,0
160.9183,5.0943,1264,0,0
160.9431,5.0943,1264,0,0
160.9679,5.0943,1264,0,0
160.9927,5.0822,1261,0,0
161.0175,5.0862,1262,0,0
161.0423,5.0862,1262,0,0
161.0671,5.0983,1265,0,0
161.0919,5.0943,1264,0,0
161.1167,5.0701,1258,0,0
161.1415,5.0943,1264,0,0
161.1663,5.0903,1263,0,0
161.1911,5.0782,1260,0,0
161.2159,5.0500,1253,0,0
161.2407,5.1024,1266,0,0
161.2655,5.1064,1267,0,0
161.2903,5.0742,1259,0,0
161.3152,5.0862,1262,0,0
161.3400,5.1104,1268,0,0
161.3648,5.0983,1265,0,0
161.3896,5.0742,1259,0,0
161.4144,5.0862,1262,0,0
161.4392,5.1024,1266,0,0
161.4640,5.0862,1262,0,0
161.4888,5.0983,1265,0,0
161.5136,5.1064,1267,0,0
161.5384,5.0862,1262,0,0
161.5632,5.0862,1262,0,0
161.5880,5.0862,1262,0,0
161.6128,5.0943,1264,0,0
161.6376,5.0782,1260,0,0
161.6624,5.0943,1264,0,0
161.6872,5.0903,1263,0,0
161.7120,5.0943,1264,0,0
161.7368,5.0742,1259,0,0
161.7616,5.1225,1271,0,0
161.7864,5.0903,1263,0,0
161.8112,5.0701,1258,0,0
161.8360,5.0782,1260,0,0
161.8608,5.1346,1274,0,0
161.8856,5.0943,1264,0,0
161.9104,5.0943,1264,0,0
161.9352,5.0943,1264,0,0
161.9600,5.1064,1267,0,0
161.9848,5.0862,1262,0,0
162.0096,5.0782,1260,0,0
162.0344,5.1064,1267,0,0
162.0592,5.1064,1267,0,0
162.0840,5.0983,1265,0,0
162.1088,5.1024,1266,0,0
162.1336,5.0862,1262,0,0
162.1584,5.0943,1264,0,0
162.1832,5.0742,1259,0,0
162.2080,5.0943,1264,0,0
162.2328,5.0782,1260,0,0
162.2576,5.0943,1264,0,0
162.2824,5.0661,1257,0,0
162.3073,5.1024,1266,0,0
162.3320,5.0983,1265,0,0
162.3569,5.0943,1264,0,0
162.3817,5.0943,1264,0,0
162.4065,5.0983,1265,0,0
162.4313,5.1024,1266,0,0
162.4561,5.0742,1259,0,0
162.4809,5.1024,1266,0,0
162.5057,5.0943,1264,0,0
162.5305,5.0782,1260,0,0
162.5553,5.0500,1253,0,0
162.5801,5.1265,1272,0,0
162.6049,5.1064,1267,0,0
162.6297,5.0661,1257,0,0
162.6545,5.0983,1265,0,0
162.6793,5.1145,1269,0,0
162.7041,5.0903,1263,0,0
162.7289,5.0742,1259,0,0
162.7537,5.0782,1260,0,0
162.7785,5.0943,1264,0,0
162.8033,5.0943,1264,0,0
162.8281,5.0782,1260,0,0
162.8529,5.0862,1262,0,0
162.8777,5.1346,1274,0,0
162.9025,5.0983,1265,0,0
162.9273,5.0661,1257,0,0
162.9521,5.0943,1264,0,0
162.9769,5.0742,1259,0,0
163.0017,5.0943,1264,0,0
163.0265,5.0782,1260,0,0
163.0513,5.1024,1266,0,0
163.0761,5.0742,1259,0,0
163.1009,5.0379,1250,0,0
163.1257,5.0661,1257,0,0
163.1505,5.0862,1262,0,0
163.1753,5.0742,1259,0,0
163.2001,5.0742,1259,0,0
163.2249,5.1064,1267,0,0
163.2497,5.0862,1262,0,0
163.2746,5.0742,1259,0,0
163.2993,5.0782,1260,0,0
163.3241,5.0661,1257,0,0
163.3490,5.0822,1261,0,0
163.3737,5.0742,1259,0,0
163.3986,5.1064,1267,0,0
163.4234,5.0983,1265,0,0
163.4482,5.0782,1260,0,0
163.4730,5.0983,1265,0,0
163.4978,5.0500,1253,0,0
163.5226,5.1104,1268,0,0
163.5474,5.0742,1259,0,0
163.5722,5.0943,1264,0,0
163.5970,5.0862,1262,0,0
163.6218,5.0983,1265,0,0
163.6466,5.0782,1260,0,0
163.6714,5.0983,1265,0,0
163.6962,5.0943,1264,0,0
163.7210,5.0782,1260,0,0
163.7458,5.1064,1267,0,0
163.7706,5.0862,1262,0,0
163.7954,5.1225,1271,0,0
163.8202,5.0742,1259,0,0
163.8450,5.0701,1258,0,0
163.8698,5.0822,1261,0,0
163.8946,5.0822,1261,0,0
163.9194,5.0742,1259,0,0
163.9442,5.0661,1257,0,0
163.9690,5.0862,1262,0,0
163.9938,5.0742,1259,0,0
164.0186,5.0903,1263,0,0
164.0434,5.0903,1263,0,0
164.0682,5.1064,1267,0,0
164.0930,5.0782,1260,0,0
164.1178,5.0782,1260,0,0
164.1426,5.0782,1260,0,0
164.1674,5.0943,1264,0,0
164.1922,5.0983,1265,0,0
164.2170,5.0742,1259,0,0
164.2418,5.0943,1264,0,0
164.2666,5.1064,1267,0,0
164.2914,5.0903,1263,0,0
164.3163,5.0782,1260,0,0
164.3410,5.0943,1264,0,0
164.3658,5.0943,1264,0,0
164.3907,5.0943,1264,0,0
164.4155,5.0862,1262,0,0
164.4403,5.0782,1260,0,0
164.4651,5.1024,1266,0,0
164.4899,5.0983,1265,0,0
164.5147,5.0782,1260,0,0
164.5395,5.0782,1260,0,0
164.5643,5.0983,1265,0,0
164.5891,5.1064,1267,0,0
164.6139,5.0782,1260,0,0
164.6387,5.0742,1259,0,0
164.6635,5.1306,1273,0,0
164.6883,5.0983,1265,0,0
164.7131,5.0903,1263,0,0
164.7379,5.0983,1265,0,0
164.7627,5.1024,1266,0,0
164.7875,5.0903,1263,0,0
164.8123,5.0742,1259,0,0
164.8371,5.0983,1265,0,0
164.8619,5.1104,1268,0,0
164.8867,5.0742,1259,0,0
164.9115,5.0742,1259,0,0
164.9363,5.1265,1272,0,0
164.9611,5.0943,1264,0,0
164.9859,5.1064,1267,0,0
165.0107,5.0379,1250,0,0
165.0355,5.0903,1263,0,0
165.0603,5.1064,1267,0,0
165.0851,5.0782,1260,0,0
165.1099,5.0822,1261,0,0
165.1347,5.0862,1262,0,0
165.1595,5.0782,1260,0,0
165.1843,5.0943,1264,0,0
165.2091,5.0822,1261,0,0
165.2339,5.1225,1271,0,0
165.2587,5.0862,1262,0,0
165.2835,5.0742,1259,0,0
165.3083,5.0943,1264,0,0
165.3331,5.0943,1264,0,0
165.3580,5.0862,1262,0,0
165.3828,5.0742,1259,0,0
165.4076,5.1104,1268,0,0
165.4324,5.0782,1260,0,0
165.4572,5.0742,1259,0,0
165.4820,5.0782,1260,0,0
165.5068,5.0903,1263,0,0
165.5316,5.0943,1264,0,0
165.5564,5.0782,1260,0,0
165.5812,5.0701,1258,0,0
165.6060,5.0822,1261,0,0
165.6308,5.1145,1269,0,0
165.6556,5.0943,1264,0,0
165.6804,5.0500,1253,0,0
165.7052,5.1225,1271,0,0
165.7300,5.0983,1265,0,0
165.7548,5.0862,1262,0,0
165.7796,5.0701,1258,0,0
165.8044,5.0379,1250,0,0
165.8292,5.1064,1267,0,0
165.8540,5.0943,1264,0,0
165.8788,5.0943,1264,0,0
165.9036,5.0742,1259,0,0
165.9284,5.0943,1264,0,0
165.9532,5.0782,1260,0,0
165.9780,5.0661,1257,0,0
166.0028,5.0782,1260,0,0
166.0276,5.0943,1264,0,0
166.0524,5.0782,1260,0,0
166.0772,5.0661,1257,0,0
166.1020,5.1064,1267,0,0
166.1268,5.0983,1265,0,0
166.1516,5.1024,1266,0,0
166.1764,5.1024,1266,0,0
166.2012,5.0943,1264,0,0
166.2260,5.0943,1264,0,0
166.2508,5.0742,1259,0,0
166.2756,5.0742,1259,0,0
166.3004,5.0862,1262,0,0
166.3252,5.1064,1267,0,0
166.3501,5.0822,1261,0,0
166.3748,5.0943,1264,0,0
166.3997,5.0943,1264,0,0
166.4245,5.0782,1260,0,0
166.4493,5.1064,1267,0,0
166.4741,5.0782,1260,0,0
166.4989,5.0862,1262,0,0
166.5237,5.1265,1272,0,0
166.5485,5.1225,1271,0,0
166.5733,5.0822,1261,0,0
166.5981,5.0943,1264,0,0
166.6229,5.0742,1259,0,0
166.6477,5.0822,1261,0,0
166.6725,5.0943,1264,0,0
166.6973,5.0943,1264,0,0
166.7221,5.0983,1265,0,0
166.7469,5.0782,1260,0,0
166.7717,5.0903,1263,0,0
166.7965,5.0862,1262,0,0
166.8213,5.0862,1262,0,0
166.8461,5.1306,1273,0,0
166.8709,5.0983,1265,0,0
166.8957,5.0701,1258,0,0
166.9205,5.0862,1262,0,0
166.9453,5.1064,1267,0,0
166.9701,5.0701,1258,0,0
166.9949,5.0943,1264,0,0
167.0197,5.0782,1260,0,0
167.0445,5.0862,1262,0,0
167.0693,5.0943,1264,0,0
167.0941,5.0983,1265,0,0
167.1189,5.0903,1263,0,0
167.1437,5.0943,1264,0,0
167.1685,5.0943,1264,0,0
167.1933,5.0943,1264,0,0
167.2181,5.0943,1264,0,0
167.2429,5.1064,1267,0,0
167.2677,5.0943,1264,0,0
167.2925,5.0742,1259,0,0
167.3173,5.0822,1261,0,0
167.3421,5.0983,1265,0,0
167.3669,5.0983,1265,0,0
167.3918,5.0782,1260,0,0
167.4165,5.0943,1264,0,0
167.4414,5.1346,1274,0,0
167.4662,5.0822,1261,0,0
167.4910,5.1064,1267,0,0
167.5158,5.0983,1265,0,0
167.5406,5.0983,1265,0,0
167.5654,5.0862,1262,0,0
167.5902,5.0862,1262,0,0
167.6150,5.0782,1260,0,0
167.6398,5.0782,1260,0,0
167.6646,5.0862,1262,0,0
167.6894,5.0782,1260,0,0
167.7142,5.0782,1260,0,0
167.7390,5.0983,1265,0,0
167.7638,5.1064,1267,0,0
167.7886,5.0862,1262,0,0
167.8134,5.0903,1263,0,0
167.8382,5.0862,1262,0,0
167.8630,5.0580,1255,0,0
167.8878,5.0943,1264,0,0
167.9126,5.0782,1260,0,0
167.9374,5.1225,1271,0,0
167.9622,5.0822,1261,0,0
167.9870,5.1064,1267,0,0
168.0118,5.0862,1262,0,0
168.0366,5.1145,1269,0,0
168.0614,5.0983,1265,0,0
168.0862,5.0782,1260,0,0
168.1110,5.1064,1267,0,0
168.1358,5.0983,1265,0,0
168.1606,5.0782,1260,0,0
168.1854,5.1064,1267,0,0
168.2102,5.0862,1262,0,0
168.2350,5.0943,1264,0,0
168.2598,5.0782,1260,0,0
168.2846,5.0782,1260,0,0
168.3094,5.0983,1265,0,0
168.3342,5.0983,1265,0,0
168.3590,5.0862,1262,0,0
168.3839,5.0822,1261,0,0
168.4086,5.0862,1262,0,0
168.4335,5.1104,1268,0,0
168.4583,5.0862,1262,0,0
168.4831,5.0742,1259,0,0
168.5079,5.0943,1264,0,0
168.5327,5.0903,1263,0,0
168.5575,5.0943,1264,0,0
168.5823,5.0903,1263,0,0
168.6071,5.0983,1265,0,0
168.6319,5.0701,1258,0,0
168.6567,5.0661,1257,0,0
168.6815,5.0983,1265,0,0
168.7063,5.1104,1268,0,0
168.7311,5.0822,1261,0,0
168.7559,5.0782,1260,0,0
168.7807,5.1145,1269,0,0
168.8055,5.0701,1258,0,0
168.8303,5.0782,1260,0,0
168.8551,5.1064,1267,0,0
168.8799,5.1024,1266,0,0
168.9047,5.0782,1260,0,0
168.9295,5.0580,1255,0,0
168.9543,5.0903,1263,0,0
168.9791,5.0903,1263,0,0
169.0039,5.0862,1262,0,0
169.0287,5.0862,1262,0,0
169.0535,5.0782,1260,0,0
169.0783,5.0822,1261,0,0
169.1031,5.0500,1253,0,0
169.1279,5.0379,1250,0,0
169.1527,5.0379,1250,0,0
169.1775,5.1225,1271,0,0
169.2023,5.0862,1262,0,0
169.2271,5.0983,1265,0,0
169.2519,5.1225,1271,0,0
169.2767,5.0983,1265,0,0
169.3015,5.0983,1265,0,0
169.3263,5.0661,1257,0,0
169.3512,5.0943,1264,0,0
169.3759,5.0943,1264,0,0
169.4008,5.0943,1264,0,0
169.4256,5.0782,1260,0,0
169.4503,5.1064,1267,0,0
169.4752,5.0943,1264,0,0
169.5000,5.0822,1261,0,0
169.5248,5.0983,1265,0,0
169.5496,5.0661,1257,0,0
169.5744,5.0943,1264,0,0
169.5992,5.0943,1264,0,0
169.6240,5.1064,1267,0,0
169.6488,5.0661,1257,0,0
169.6736,5.0822,1261,0,0
169.6984,5.0701,1258,0,0
169.7232,5.0862,1262,0,0
169.7480,5.1104,1268,0,0
169.7728,5.1265,1272,0,0
169.7976,5.0742,1259,0,0
169.8224,5.0943,1264,0,0
169.8472,5.0983,1265,0,0
169.8720,5.0661,1257,0,0
169.8968,5.0379,1250,0,0
169.9216,5.0862,1262,0,0
169.9464,5.0983,1265,0,0
169.9712,5.0782,1260,0,0
169.9960,5.0862,1262,0,0
170.0208,5.0782,1260,0,0
170.0456,5.0943,1264,0,0
170.0704,5.0983,1265,0,0
170.0952,5.0782,1260,0,0
170.1200,5.0742,1259,0,0
170.1448,5.0782,1260,0,0
170.1696,5.0862,1262,0,0
170.1944,5.0379,1250,0,0
170.2192,5.0822,1261,0,0
170.2440,5.0943,1264,0,0
170.2688,5.1064,1267,0,0
170.2936,5.0782,1260,0,0
170.3184,5.1064,1267,0,0
170.3432,5.0983,1265,0,0
170.3680,5.0822,1261,0,0
170.3929,5.0943,1264,0,0
170.4176,5.1265,1272,0,0
170.4425,5.0903,1263,0,0
170.4673,5.1064,1267,0,0
170.4921,5.0742,1259,0,0
170.5169,5.0983,1265,0,0
170.5417,5.0742,1259,0,0
170.5665,5.0782,1260,0,0
170.5913,5.0943,1264,0,0
170.6161,5.0862,1262,0,0
170.6409,5.0862,1262,0,0
170.6657,5.0379,1250,0,0
170.6905,5.1104,1268,0,0
170.7153,5.0822,1261,0,0
170.7401,5.0943,1264,0,0
170.7649,5.0742,1259,0,0
170.7897,5.0419,1251,0,0
170.8145,5.0782,1260,0,0
170.8393,5.0782,1260,0,0
170.8641,5.0862,1262,0,0
170.8889,5.0661,1257,0,0
170.9137,5.1225,1271,0,0
170.9385,5.0782,1260,0,0
170.9633,5.0943,1264,0,0
170.9881,5.0782,1260,0,0
171.0129,5.0943,1264,0,0
171.0377,5.0782,1260,0,0
171.0625,5.0782,1260,0,0
171.0873,5.0983,1265,0,0
171.1121,5.0983,1265,0,0
171.1369,5.0701,1258,0,0
171.1617,5.0782,1260,0,0
171.1865,5.1024,1266,0,0
171.2113,5.0661,1257,0,0
171.2361,5.0862,1262,0,0
171.2609,5.0943,1264,0,0
171.2857,5.0782,1260,0,0
171.3105,5.1225,1271,0,0
171.3353,5.0742,1259,0,0
171.3601,5.0782,1260,0,0
171.3849,5.0943,1264,0,0
171.4097,5.1104,1268,0,0
171.4346,5.0500,1253,0,0
171.4594,5.0661,1257,0,0
171.4842,5.0943,1264,0,0
171.5090,5.0983,1265,0,0
171.5338,5.0782,1260,0,0
171.5586,5.0782,1260,0,0
171.5834,5.0822,1261,0,0
171.6082,5.0903,1263,0,0
171.6330,5.1064,1267,0,0
171.6578,5.0782,1260,0,0
171.6826,5.1104,1268,0,0
171.7074,5.1104,1268,0,0
171.7322,5.0701,1258,0,0
171.7570,5.1064,1267,0,0
171.7818,5.0943,1264,0,0
171.8066,5.0943,1264,0,0
171.8314,5.0338,1249,0,0
171.8562,5.0943,1264,0,0
171.8810,5.0782,1260,0,0
171.9058,5.0822,1261,0,0
171.9306,5.0661,1257,0,0
171.9554,5.1064,1267,0,0
171.9802,5.0782,1260,0,0
172.0050,5.0782,1260,0,0
172.0298,5.0742,1259,0,0
172.0546,5.0862,1262,0,0
172.0794,5.1104,1268,0,0
172.1042,5.0862,1262,0,0
172.1290,5.0983,1265,0,0
172.1538,5.0742,1259,0,0
172.1786,5.0983,1265,0,0
172.2034,5.0661,1257,0,0
172.2282,5.0983,1265,0,0
172.2530,5.0943,1264,0,0
172.2778,5.0903,1263,0,0
172.3026,5.0379,1250,0,0
172.3274,5.0540,1254,0,0
172.3522,5.1265,1272,0,0
172.3770,5.0943,1264,0,0
172.4018,5.0903,1263,0,0
172.4267,5.0943,1264,0,0
172.4514,5.1064,1267,0,0
172.4763,5.0782,1260,0,0
172.5011,5.0903,1263,0,0
172.5259,5.0983,1265,0,0
172.5507,5.1064,1267,0,0
172.5755,5.0943,1264,0,0
172.6003,5.0500,1253,0,0
172.6251,5.0943,1264,0,0
172.6499,5.1306,1273,0,0
172.6747,5.0862,1262,0,0
172.6995,5.0862,1262,0,0
172.7243,5.0862,1262,0,0
172.7491,5.0862,1262,0,0
172.7739,5.0903,1263,0,0
172.7987,5.0822,1261,0,0
172.8235,5.0943,1264,0,0
172.8483,5.0983,1265,0,0
172.8731,5.0742,1259,0,0
172.8979,5.0943,1264,0,0
172.9227,5.0943,1264,0,0
172.9475,5.0943,1264,0,0
172.9723,5.1104,1268,0,0
172.9971,5.0782,1260,0,0
173.0219,5.0943,1264,0,0
173.0467,5.0500,1253,0,0
173.0715,5.0500,1253,0,0
173.0963,5.0983,1265,0,0
173.1211,5.0943,1264,0,0
173.1459,5.0903,1263,0,0
173.1707,5.0742,1259,0,0
173.1955,5.0661,1257,0,0
173.2203,5.0822,1261,0,0
173.2451,5.0943,1264,0,0
173.2699,5.0742,1259,0,0
173.2947,5.0943,1264,0,0
173.3195,5.0862,1262,0,0
173.3443,5.0943,1264,0,0
173.3691,5.0983,1265,0,0
173.3940,5.0903,1263,0,0
173.4187,5.0943,1264,0,0
173.4435,5.0661,1257,0,0
173.4684,5.0983,1265,0,0
173.4931,5.1225,1271,0,0
173.5180,5.0742,1259,0,0
173.5428,5.1104,1268,0,0
173.5676,5.1346,1274,0,0
173.5924,5.0782,1260,0,0
173.6172,5.0983,1265,0,0
173.6420,5.0862,1262,0,0
173.6668,5.0782,1260,0,0
173.6916,5.0943,1264,0,0
173.7164,5.0742,1259,0,0
173.7412,5.0903,1263,0,0
173.7660,5.0742,1259,0,0
173.7908,5.0742,1259,0,0
173.8156,5.0983,1265,0,0
173.8404,5.0862,1262,0,0
173.8652,5.0782,1260,0,0
173.8900,5.0782,1260,0,0
173.9148,5.0943,1264,0,0
173.9396,5.0782,1260,0,0
173.9644,5.0782,1260,0,0
173.9892,5.0782,1260,0,0
174.0140,5.1024,1266,0,0
174.0388,5.0983,1265,0,0
174.0636,5.0862,1262,0,0
174.0884,5.0862,1262,0,0
174.1132,5.0782,1260,0,0
174.1380,5.0983,1265,0,0
174.1628,5.0701,1258,0,0
174.1876,5.0782,1260,0,0
174.2124,5.0983,1265,0,0
174.2372,5.0701,1258,0,0
174.2620,5.0983,1265,0,0
174.2868,5.1024,1266,0,0
174.3116,5.0943,1264,0,0
174.3364,5.0701,1258,0,0
174.3612,5.0862,1262,0,0
174.3860,5.0943,1264,0,0
174.4108,5.0862,1262,0,0
174.4357,5.0943,1264,0,0
174.4604,5.0943,1264,0,0
174.4852,5.0943,1264,0,0
174.5101,5.0943,1264,0,0
174.5349,5.0983,1265,0,0
174.5597,5.0862,1262,0,0
174.5845,5.0822,1261,0,0
174.6093,5.0742,1259,0,0
174.6341,5.0782,1260,0,0
174.6589,5.1064,1267,0,0
174.6837,5.1064,1267,0,0
174.7085,5.0500,1253,0,0
174.7333,5.0943,1264,0,0
174.7581,5.1064,1267,0,0
174.7829,5.0943,1264,0,0
174.8077,5.0983,1265,0,0
174.8325,5.0943,1264,0,0
174.8573,5.1024,1266,0,0
174.8821,5.0903,1263,0,0
174.9069,5.0862,1262,0,0
174.9317,5.1265,1272,0,0
174.9565,5.1346,1274,0,0
174.9813,5.1225,1271,0,0
175.0061,5.0862,1262,0,0
175.0309,5.0862,1262,0,0
175.0557,5.0862,1262,0,0
175.0805,5.0862,1262,0,0
175.1053,5.0661,1257,0,0
175.1301,5.1225,1271,0,0
175.1549,5.0742,1259,0,0
175.1797,5.0379,1250,0,0
175.2045,5.1225,1271,0,0
175.2293,5.0983,1265,0,0
175.2541,5.0782,1260,0,0
175.2789,5.0862,1262,0,0
175.3037,5.0983,1265,0,0
175.3285,5.0983,1265,0,0
175.3533,5.0862,1262,0,0
175.3781,5.0661,1257,0,0
175.4029,5.0742,1259,0,0
175.4277,5.0943,1264,0,0
175.4525,5.0782,1260,0,0
175.4774,5.0983,1265,0,0
175.5022,5.0500,1253,0,0
175.5270,5.0742,1259,0,0
175.5518,5.0862,1262,0,0
175.5766,5.1064,1267,0,0
175.6014,5.1145,1269,0,0
175.6262,5.0822,1261,0,0
175.6510,5.0862,1262,0,0
175.6758,5.0862,1262,0,0
175.7006,5.0943,1264,0,0
175.7254,5.1064,1267,0,0
175.7502,5.0782,1260,0,0
175.7750,5.0862,1262,0,0
175.7998,5.0943,1264,0,0
175.8246,5.0862,1262,0,0
175.8494,5.0661,1257,0,0
175.8742,5.0862,1262,0,0
175.8990,5.0822,1261,0,0
175.9238,5.0782,1260,0,0
175.9486,5.1064,1267,0,0
175.9734,5.0983,1265,0,0
175.9982,5.0379,1250,0,0
176.0230,5.0862,1262,0,0
176.0478,5.0903,1263,0,0
176.0726,5.0742,1259,0,0
176.0974,5.0661,1257,0,0
176.1222,5.0822,1261,0,0
176.1470,5.1507,1278,0,0
176.1718,5.1024,1266,0,0
176.1966,5.0661,1257,0,0
176.2214,5.0500,1253,0,0
176.2462,5.0983,1265,0,0
176.2710,5.0862,1262,0,0
176.2958,5.0782,1260,0,0
176.3206,5.1064,1267,0,0
176.3454,5.0943,1264,0,0
176.3702,5.0822,1261,0,0
176.3950,5.0822,1261,0,0
176.4198,5.1225,1271,0,0
176.4446,5.0862,1262,0,0
176.4695,5.1104,1268,0,0
176.4942,5.0862,1262,0,0
176.5191,5.0983,1265,0,0
176.5439,5.0943,1264,0,0
176.5687,5.0338,1249,0,0
176.5935,5.1064,1267,0,0
176.6183,5.0983,1265,0,0
176.6431,5.0782,1260,0,0
176.6679,5.0943,1264,0,0
176.6927,5.1104,1268,0,0
176.7175,5.0943,1264,0,0
176.7423,5.0862,1262,0,0
176.7671,5.0943,1264,0,0
176.7919,5.1064,1267,0,0
176.8167,5.1064,1267,0,0
176.8415,5.0742,1259,0,0
176.8663,5.0943,1264,0,0
176.8911,5.0943,1264,0,0
176.9159,5.0862,1262,0,0
176.9407,5.0862,1262,0,0
176.9655,5.0943,1264,0,0
176.9903,5.0742,1259,0,0
177.0151,5.0782,1260,0,0
177.0399,5.0862,1262,0,0
177.0647,5.0943,1264,0,0
177.0895,5.1104,1268,0,0
177.1143,5.0862,1262,0,0
177.1391,5.0782,1260,0,0
177.1639,5.1024,1266,0,0
177.1887,5.1024,1266,0,0
177.2135,5.0943,1264,0,0
177.2383,5.0661,1257,0,0
177.2631,5.0983,1265,0,0
177.2879,5.0983,1265,0,0
177.3127,5.0540,1254,0,0
177.3375,5.1064,1267,0,0
177.3623,5.1104,1268,0,0
177.3871,5.0943,1264,0,0
177.4119,5.0661,1257,0,0
177.4367,5.0782,1260,0,0
177.4615,5.0943,1264,0,0
177.4863,5.0822,1261,0,0
177.5112,5.0742,1259,0,0
177.5359,5.1064,1267,0,0
177.5608,5.1064,1267,0,0
177.5856,5.0943,1264,0,0
177.6104,5.0661,1257,0,0
177.6352,5.0862,1262,0,0
177.6600,5.1225,1271,0,0
177.6848,5.0862,1262,0,0
177.7096,5.0943,1264,0,0
177.7344,5.0822,1261,0,0
177.7592,5.0903,1263,0,0
177.7840,5.0742,1259,0,0
177.8088,5.0782,1260,0,0
177.8336,5.0782,1260,0,0
177.8584,5.0862,1262,0,0
177.8832,5.0862,1262,0,0
177.9080,5.0782,1260,0,0
177.9328,5.0943,1264,0,0
177.9576,5.0742,1259,0,0
177.9824,5.0782,1260,0,0
178.0072,5.0943,1264,0,0
178.0320,5.0983,1265,0,0
178.0568,5.0661,1257,0,0
178.0816,5.0903,1263,0,0
178.1064,5.0903,1263,0,0
178.1312,5.0943,1264,0,0
178.1560,5.0983,1265,0,0
178.1808,5.0983,1265,0,0
178.2056,5.0862,1262,0,0
178.2304,5.0822,1261,0,0
178.2552,5.0862,1262,0,0
178.2800,5.1386,1275,0,0
178.3048,5.0661,1257,0,0
178.3296,5.0862,1262,0,0
178.3544,5.0822,1261,0,0
178.3792,5.1225,1271,0,0
178.4040,5.0943,1264,0,0
178.4288,5.0983,1265,0,0
178.4536,5.0983,1265,0,0
178.4785,5.1225,1271,0,0
178.5033,5.0862,1262,0,0
178.5280,5.0742,1259,0,0
178.5529,5.0822,1261,0,0
178.5777,5.0500,1253,0,0
178.6025,5.0862,1262,0,0
178.6273,5.0742,1259,0,0
178.6521,5.1104,1268,0,0
178.6769,5.0862,1262,0,0
178.7017,5.0782,1260,0,0
178.7265,5.0862,1262,0,0
178.7513,5.1104,1268,0,0
178.7761,5.0782,1260,0,0
178.8009,5.0943,1264,0,0
178.8257,5.0943,1264,0,0
178.8505,5.0822,1261,0,0
178.8753,5.0742,1259,0,0
178.9001,5.0862,1262,0,0
178.9249,5.0742,1259,0,0
178.9497,5.0903,1263,0,0
178.9745,5.0862,1262,0,0
178.9993,5.0943,1264,0,0
179.0241,5.1024,1266,0,0
179.0489,5.0862,1262,0,0
179.0737,5.0822,1261,0,0
179.0985,5.1265,1272,0,0
179.1233,5.1104,1268,0,0
179.1481,5.0742,1259,0,0
179.1729,5.0983,1265,0,0
179.1977,5.0903,1263,0,0
179.2225,5.0943,1264,0,0
179.2473,5.0943,1264,0,0
179.2721,5.0903,1263,0,0
179.2969,5.0983,1265,0,0
179.3217,5.0943,1264,0,0
179.3465,5.0782,1260,0,0
179.3713,5.0822,1261,0,0
179.3961,5.0903,1263,0,0
179.4209,5.0782,1260,0,0
179.4457,5.0782,1260,0,0
179.4706,5.1064,1267,0,0
179.4953,5.0943,1264,0,0
179.5202,5.0661,1257,0,0
179.5450,5.0943,1264,0,0
179.5697,5.0862,1262,0,0
179.5946,5.0661,1257,0,0
179.6194,5.0822,1261,0,0
179.6442,5.0862,1262,0,0
179.6690,5.0862,1262,0,0
179.6938,5.0862,1262,0,0
179.7186,5.0782,1260,0,0
179.7434,5.0943,1264,0,0
179.7682,5.0983,1265,0,0
179.7930,5.0903,1263,0,0
179.8178,5.0822,1261,0,0
179.8426,5.1104,1268,0,0
179.8674,5.1225,1271,0,0
179.8922,5.0500,1253,0,0
179.9170,5.0943,1264,0,0
179.9418,5.0943,1264,0,0
179.9666,5.0742,1259,0,0
179.9914,5.0782,1260,0,0
180.0162,5.0822,1261,0,0
180.0410,5.0862,1262,0,0
180.0658,5.0661,1257,0,0
180.0906,5.0903,1263,0,0
180.1154,5.0782,1260,0,0
180.1402,5.1064,1267,0,0
180.1650,5.0782,1260,0,0
180.1898,5.1064,1267,0,0
180.2146,5.0943,1264,0,0
180.2394,5.0862,1262,0,0
180.2642,5.0338,1249,0,0
180.2890,5.0862,1262,0,0
180.3138,5.0943,1264,0,0
180.3386,5.0782,1260,0,0
180.3634,5.0862,1262,0,0
180.3882,5.0943,1264,0,0
180.4130,5.0782,1260,0,0
180.4378,5.0782,1260,0,0
180.4626,5.0701,1258,0,0
180.4874,5.0782,1260,0,0
180.5123,5.0903,1263,0,0
180.5370,5.1225,1271,0,0
180.5619,5.0983,1265,0,0
180.5867,5.1225,1271,0,0
180.6115,5.0943,1264,0,0
180.6363,5.0862,1262,0,0
180.6611,5.0903,1263,0,0
180.6859,5.1346,1274,0,0
180.7107,5.0862,1262,0,0
180.7355,5.0661,1257,0,0
180.7603,5.0742,1259,0,0
180.7851,5.0862,1262,0,0
180.8099,5.0742,1259,0,0
180.8347,5.1024,1266,0,0
180.8595,5.0943,1264,0,0
180.8843,5.1064,1267,0,0
180.9091,5.0943,1264,0,0
180.9339,5.0782,1260,0,0
180.9587,5.0661,1257,0,0
180.9835,5.0943,1264,0,0
181.0083,5.0903,1263,0,0
181.0331,5.0782,1260,0,0
181.0579,5.0983,1265,0,0
181.0827,5.1225,1271,0,0
181.1075,5.0862,1262,0,0
181.1323,5.0943,1264,0,0
181.1571,5.0943,1264,0,0
181.1819,5.1265,1272,0,0
181.2067,5.0500,1253,0,0
181.2315,5.0862,1262,0,0
181.2563,5.0862,1262,0,0
181.2811,5.0943,1264,0,0
181.3059,5.0943,1264,0,0
181.3307,5.0822,1261,0,0
181.3555,5.0862,1262,0,0
181.3803,5.0983,1265,0,0
181.4051,5.0822,1261,0,0
181.4299,5.0822,1261,0,0
181.4547,5.0943,1264,0,0
181.4795,5.0782,1260,0,0
181.5043,5.0862,1262,0,0
181.5291,5.0822,1261,0,0
181.5540,5.0742,1259,0,0
181.5788,5.0943,1264,0,0
181.6036,5.0983,1265,0,0
181.6284,5.0943,1264,0,0
181.6532,5.1024,1266,0,0
181.6780,5.0943,1264,0,0
181.7028,5.0862,1262,0,0
181.7276,5.0500,1253,0,0
181.7524,5.0943,1264,0,0
181.7772,5.1064,1267,0,0
181.8020,5.0862,1262,0,0
181.8268,5.0862,1262,0,0
181.8516,5.0983,1265,0,0
181.8764,5.0782,1260,0,0
181.9012,5.0661,1257,0,0
181.9260,5.0983,1265,0,0
181.9508,5.0862,1262,0,0
181.9756,5.0742,1259,0,0
182.0004,5.0661,1257,0,0
182.0252,5.0661,1257,0,0
182.0500,5.1145,1269,0,0
182.0748,5.0782,1260,0,0
182.0996,5.1346,1274,0,0
182.1244,5.0782,1260,0,0
182.1492,5.0822,1261,0,0
182.1740,5.1064,1267,0,0
182.1988,5.0782,1260,0,0
182.2236,5.0742,1259,0,0
182.2484,5.1225,1271,0,0
182.2732,5.0782,1260,0,0
182.2980,5.0661,1257,0,0
182.3228,5.0822,1261,0,0
182.3476,5.0943,1264,0,0
182.3724,5.1064,1267,0,0
182.3972,5.0540,1254,0,0
182.4220,5.0862,1262,0,0
182.4468,5.0903,1263,0,0
182.4716,5.0903,1263,0,0
182.4964,5.0862,1262,0,0
182.5212,5.0943,1264,0,0
182.5461,5.0580,1255,0,0
182.5708,5.0782,1260,0,0
182.5957,5.0862,1262,0,0
182.6205,5.0701,1258,0,0
182.6453,5.0983,1265,0,0
182.6701,5.0782,1260,0,0
182.6949,5.0822,1261,0,0
182.7197,5.0661,1257,0,0
182.7445,5.1064,1267,0,0
182.7693,5.0983,1265,0,0
182.7941,5.0943,1264,0,0
182.8189,5.0782,1260,0,0
182.8437,5.0983,1265,0,0
182.8685,5.0983,1265,0,0
182.8933,5.0943,1264,0,0
182.9181,5.0862,1262,0,0
182.9429,5.0983,1265,0,0
182.9677,5.0782,1260,0,0
182.9925,5.0379,1250,0,0
183.0173,5.0943,1264,0,0
183.0421,5.1145,1269,0,0
183.0669,5.0862,1262,0,0
183.0917,5.0943,1264,0,0
183.1165,5.1064,1267,0,0
183.1413,5.0943,1264,0,0
183.1661,5.0782,1260,0,0
183.1909,5.1024,1266,0,0
183.2157,5.0862,1262,0,0
183.2405,5.0983,1265,0,0
183.2653,5.0701,1258,0,0
183.2901,5.0862,1262,0,0
183.3149,5.0298,1248,0,0
183.3397,5.0943,1264,0,0
183.3645,5.0862,1262,0,0
183.3893,5.0862,1262,0,0
183.4141,5.1104,1268,0,0
183.4389,5.0983,1265,0,0
183.4637,5.0218,1246,0,0
183.4885,5.1104,1268,0,0
183.5134,5.0822,1261,0,0
183.5381,5.0943,1264,0,0
183.5629,5.0782,1260,0,0
183.5878,5.0862,1262,0,0
183.6125,5.0862,1262,0,0
183.6374,5.0862,1262,0,0
183.6622,5.0943,1264,0,0
183.6870,5.0822,1261,0,0
183.7118,5.0822,1261,0,0
183.7366,5.0943,1264,0,0
183.7614,5.0983,1265,0,0
183.7862,5.0782,1260,0,0
183.8110,5.1225,1271,0,0
183.8358,5.0540,1254,0,0
183.8606,5.0943,1264,0,0
183.8854,5.0742,1259,0,0
183.9102,5.0822,1261,0,0
183.9350,5.0782,1260,0,0
183.9598,5.0903,1263,0,0
183.9846,5.0661,1257,0,0
184.0094,5.0983,1265,0,0
184.0342,5.0822,1261,0,0
184.0590,5.0661,1257,0,0
184.0838,5.0862,1262,0,0
184.1086,5.0943,1264,0,0
184.1334,5.0822,1261,0,0
184.1582,5.0782,1260,0,0
184.1830,5.0983,1265,0,0
184.2078,5.0782,1260,0,0
184.2326,5.0822,1261,0,0
184.2574,5.1064,1267,0,0
184.2822,5.0661,1257,0,0
184.3070,5.0701,1258,0,0
184.3318,5.0943,1264,0,0
184.3566,5.0862,1262,0,0
184.3814,5.0943,1264,0,0
184.4062,5.0782,1260,0,0
184.4310,5.0862,1262,0,0
184.4558,5.0903,1263,0,0
184.4806,5.0782,1260,0,0
184.5054,5.1306,1273,0,0
184.5302,5.0943,1264,0,0
184.5551,5.0822,1261,0,0
184.5798,5.0943,1264,0,0
184.6047,5.0862,1262,0,0
184.6295,5.0943,1264,0,0
184.6543,5.0782,1260,0,0
184.6791,5.0983,1265,0,0
184.7039,5.0943,1264,0,0
184.7287,5.0782,1260,0,0
184.7535,5.0983,1265,0,0
184.7783,5.0862,1262,0,0
184.8031,5.0943,1264,0,0
184.8279,5.0822,1261,0,0
184.8527,5.0983,1265,0,0
184.8775,5.0943,1264,0,0
184.9023,5.0862,1262,0,0
184.9271,5.1064,1267,0,0
184.9519,5.1064,1267,0,0
184.9767,5.0983,1265,0,0
185.0015,5.0782,1260,0,0
185.0263,5.1064,1267,0,0
185.0511,5.0983,1265,0,0
185.0759,5.0983,1265,0,0
185.1007,5.0903,1263,0,0
185.1255,5.0782,1260,0,0
185.1503,5.0701,1258,0,0
185.1751,5.0782,1260,0,0
185.1999,5.0661,1257,0,0
185.2247,5.0822,1261,0,0
185.2495,5.0983,1265,0,0
185.2743,5.0701,1258,0,0
185.2991,5.0822,1261,0,0
185.3239,5.0943,1264,0,0
185.3487,5.1225,1271,0,0
185.3735,5.0742,1259,0,0
185.3983,5.1024,1266,0,0
185.4231,5.0943,1264,0,0
185.4479,5.0862,1262,0,0
185.4727,5.0903,1263,0,0
185.4975,5.0782,1260,0,0
185.5223,5.0983,1265,0,0
185.5471,5.0822,1261,0,0
185.5719,5.1024,1266,0,0
185.5968,5.0943,1264,0,0
185.6216,5.1024,1266,0,0
185.6464,5.0661,1257,0,0
185.6712,5.0661,1257,0,0
185.6960,5.1225,1271,0,0
185.7208,5.0742,1259,0,0
185.7456,5.0782,1260,0,0
185.7704,5.0742,1259,0,0
185.7952,5.1024,1266,0,0
185.8200,5.0862,1262,0,0
185.8448,5.0943,1264,0,0
185.8696,5.0742,1259,0,0
185.8944,5.0701,1258,0,0
185.9192,5.0983,1265,0,0
185.9440,5.0862,1262,0,0
185.9688,5.0862,1262,0,0
185.9936,5.0903,1263,0,0
186.0184,5.0782,1260,0,0
186.0432,5.0862,1262,0,0
186.0680,5.0782,1260,0,0
186.0928,5.0862,1262,0,0
186.1176,5.0782,1260,0,0
186.1424,5.0782,1260,0,0
186.1672,5.0782,1260,0,0
186.1920,5.1024,1266,0,0
186.2168,5.0580,1255,0,0
186.2416,5.0943,1264,0,0
186.2664,5.0782,1260,0,0
186.2912,5.0983,1265,0,0
186.3160,5.0419,1251,0,0
186.3408,5.0661,1257,0,0
186.3656,5.1024,1266,0,0
186.3904,5.0701,1258,0,0
186.4152,5.0862,1262,0,0
186.4400,5.0580,1255,0,0
186.4648,5.0983,1265,0,0
186.4896,5.0903,1263,0,0
186.5144,5.0782,1260,0,0
186.5392,5.0742,1259,0,0
186.5640,5.0983,1265,0,0
186.5889,5.0661,1257,0,0
186.6136,5.0822,1261,0,0
186.6385,5.0701,1258,0,0
186.6633,5.0862,1262,0,0
186.6881,5.0701,1258,0,0
186.7129,5.0782,1260,0,0
186.7377,5.1064,1267,0,0
186.7625,5.0943,1264,0,0
186.7873,5.0782,1260,0,0
186.8121,5.0782,1260,0,0
186.8369,5.0903,1263,0,0
186.8617,5.0943,1264,0,0
186.8865,5.0822,1261,0,0
186.9113,5.0983,1265,0,0
186.9361,5.0661,1257,0,0
186.9609,5.0983,1265,0,0
186.9857,5.0742,1259,0,0
187.0105,5.0862,1262,0,0
187.0353,5.0782,1260,0,0
187.0601,5.0782,1260,0,0
187.0849,5.0782,1260,0,0
187.1097,5.0983,1265,0,0
187.1345,5.0983,1265,0,0
187.1593,5.0862,1262,0,0
187.1841,5.0862,1262,0,0
187.2089,5.0862,1262,0,0
187.2337,5.1064,1267,0,0
187.2585,5.0862,1262,0,0
187.2833,5.0782,1260,0,0
187.3081,5.0983,1265,0,0
187.3329,5.0742,1259,0,0
187.3577,5.0943,1264,0,0
187.3825,5.0862,1262,0,0
187.4073,5.1024,1266,0,0
187.4321,5.1265,1272,0,0
187.4569,5.0862,1262,0,0
187.4817,5.0943,1264,0,0
187.5065,5.0822,1261,0,0
187.5313,5.0822,1261,0,0
187.5561,5.0742,1259,0,0
187.5809,5.1346,1274,0,0
187.6057,5.1104,1268,0,0
187.6306,5.0943,1264,0,0
187.6553,5.0742,1259,0,0
187.6802,5.1265,1272,0,0
187.7050,5.1024,1266,0,0
187.7298,5.0661,1257,0,0
187.7546,5.0742,1259,0,0
187.7794,5.0862,1262,0,0
187.8042,5.0862,1262,0,0
187.8290,5.0862,1262,0,0
187.8538,5.0742,1259,0,0
187.8786,5.0983,1265,0,0
187.9034,5.0943,1264,0,0
187.9282,5.0903,1263,0,0
187.9530,5.1265,1272,0,0
187.9778,5.1225,1271,0,0
188.0026,5.0742,1259,0,0
188.0274,5.0822,1261,0,0
188.0522,5.1024,1266,0,0
188.0770,5.1265,1272,0,0
188.1018,5.0822,1261,0,0
188.1266,5.0580,1255,0,0
188.1514,5.0983,1265,0,0
188.1762,5.0742,1259,0,0
188.2010,5.0862,1262,0,0
188.2258,5.1024,1266,0,0
188.2506,5.0983,1265,0,0
188.2754,5.0983,1265,0,0
188.3002,5.0782,1260,0,0
188.3250,5.0782,1260,0,0
188.3498,5.0943,1264,0,0
188.3746,5.1225,1271,0,0
188.3994,5.0903,1263,0,0
188.4242,5.0862,1262,0,0
188.4490,5.0782,1260,0,0
188.4738,5.0943,1264,0,0
188.4986,5.0782,1260,0,0
188.5234,5.0983,1265,0,0
188.5482,5.0742,1259,0,0
188.5730,5.0782,1260,0,0
188.5979,5.0862,1262,0,0
188.6227,5.0540,1254,0,0
188.6474,5.0862,1262,0,0
188.6723,5.0701,1258,0,0
188.6971,5.0983,1265,0,0
188.7219,5.0862,1262,0,0
188.7467,5.0782,1260,0,0
188.7715,5.0943,1264,0,0
188.7963,5.0943,1264,0,0
188.8211,5.0822,1261,0,0
188.8459,5.0822,1261,0,0
188.8707,5.0983,1265,0,0
188.8955,5.0943,1264,0,0
188.9203,5.0661,1257,0,0
188.9451,5.0782,1260,0,0
188.9699,5.0943,1264,0,0
188.9947,5.0983,1265,0,0
189.0195,5.1024,1266,0,0
189.0443,5.0903,1263,0,0
189.0691,5.0983,1265,0,0
189.0939,5.1024,1266,0,0
189.1187,5.1064,1267,0,0
189.1435,5.0742,1259,0,0
189.1683,5.0822,1261,0,0
189.1931,5.0983,1265,0,0
189.2179,5.0903,1263,0,0
189.2427,5.0419,1251,0,0
189.2675,5.0742,1259,0,0
189.2923,5.0983,1265,0,0
189.3171,5.0661,1257,0,0
189.3419,5.0822,1261,0,0
189.3667,5.0943,1264,0,0
189.3915,5.0983,1265,0,0
189.4163,5.0903,1263,0,0
189.4411,5.1064,1267,0,0
189.4659,5.0943,1264,0,0
189.4907,5.0742,1259,0,0
189.5155,5.0862,1262,0,0
189.5403,5.1064,1267,0,0
189.5651,5.1265,1272,0,0
189.5900,5.0782,1260,0,0
189.6147,5.0742,1259,0,0
189.6396,5.0983,1265,0,0
189.6644,5.1024,1266,0,0
189.6891,5.0983,1265,0,0
189.7140,5.0862,1262,0,0
189.7388,5.0983,1265,0,0
189.7636,5.0983,1265,0,0
189.7884,5.0782,1260,0,0
189.8132,5.0862,1262,0,0
189.8380,5.0782,1260,0,0
189.8628,5.0943,1264,0,0
189.8876,5.0661,1257,0,0
189.9124,5.1104,1268,0,0
189.9372,5.1265,1272,0,0
189.9620,5.0822,1261,0,0
189.9868,5.0419,1251,0,0
190.0116,5.0983,1265,0,0
190.0364,5.1225,1271,0,0
190.0612,5.0862,1262,0,0
190.0860,5.0782,1260,0,0
190.1108,5.1064,1267,0,0
190.1356,5.0983,1265,0,0
190.1604,5.0943,1264,0,0
190.1852,5.0862,1262,0,0
190.2100,5.0983,1265,0,0
190.2348,5.0983,1265,0,0
190.2596,5.0782,1260,0,0
190.2844,5.1104,1268,0,0
190.3092,5.1265,1272,0,0
190.3340,5.0782,1260,0,0
190.3588,5.0983,1265,0,0
190.3836,5.0782,1260,0,0
190.4084,5.1024,1266,0,0
190.4332,5.0782,1260,0,0
190.4580,5.0742,1259,0,0
190.4828,5.0862,1262,0,0
190.5076,5.0943,1264,0,0
190.5324,5.0983,1265,0,0
190.5572,5.0903,1263,0,0
190.5820,5.0943,1264,0,0
190.6068,5.0862,1262,0,0
190.6317,5.0782,1260,0,0
190.6564,5.0862,1262,0,0
190.6813,5.0983,1265,0,0
190.7061,5.1024,1266,0,0
190.7309,5.0782,1260,0,0
190.7557,5.0862,1262,0,0
190.7805,5.1024,1266,0,0
190.8053,5.0742,1259,0,0
190.8301,5.0540,1254,0,0
190.8549,5.0742,1259,0,0
190.8797,5.0903,1263,0,0
190.9045,5.0782,1260,0,0
190.9293,5.0742,1259,0,0
190.9541,5.0943,1264,0,0
190.9789,5.0943,1264,0,0
191.0037,5.0943,1264,0,0
191.0285,5.0983,1265,0,0
191.0533,5.0742,1259,0,0
191.0781,5.0782,1260,0,0
191.1029,5.0782,1260,0,0
191.1277,5.0701,1258,0,0
191.1525,5.0943,1264,0,0
191.1773,5.0742,1259,0,0
191.2021,5.0782,1260,0,0
191.2269,5.0862,1262,0,0
191.2517,5.0903,1263,0,0
191.2765,5.0943,1264,0,0
191.3013,5.0862,1262,0,0
191.3261,5.1104,1268,0,0
191.3509,5.0943,1264,0,0
191.3757,5.0822,1261,0,0
191.4005,5.0742,1259,0,0
191.4253,5.1346,1274,0,0
191.4501,5.0782,1260,0,0
191.4749,5.0742,1259,0,0
191.4997,5.1104,1268,0,0
191.5245,5.0782,1260,0,0
191.5493,5.0943,1264,0,0
191.5741,5.0822,1261,0,0
191.5989,5.0943,1264,0,0
191.6237,5.1064,1267,0,0
191.6485,5.1064,1267,0,0
191.6734,5.0742,1259,0,0
191.6982,5.1104,1268,0,0
191.7230,5.0983,1265,0,0
191.7478,5.0903,1263,0,0
191.7726,5.0862,1262,0,0
191.7974,5.1064,1267,0,0
191.8222,5.0862,1262,0,0
191.8470,5.0903,1263,0,0
191.8718,5.0983,1265,0,0
191.8966,5.0862,1262,0,0
191.9214,5.1145,1269,0,0
191.9462,5.0500,1253,0,0
191.9710,5.0822,1261,0,0
191.9958,5.0943,1264,0,0
192.0206,5.0943,1264,0,0
192.0454,5.0580,1255,0,0
192.0702,5.0782,1260,0,0
192.0950,5.0822,1261,0,0
192.1198,5.0862,1262,0,0
192.1446,5.0782,1260,0,0
192.1694,5.0862,1262,0,0
192.1942,5.1145,1269,0,0
192.2190,5.1064,1267,0,0
192.2438,5.0742,1259,0,0
192.2686,5.0862,1262,0,0
192.2934,5.1265,1272,0,0
192.3182,5.1064,1267,0,0
192.3430,5.0742,1259,0,0
192.3678,5.0862,1262,0,0
192.3926,5.0097,1243,0,0
192.4174,5.1306,1273,0,0
192.4422,5.0983,1265,0,0
192.4670,5.0943,1264,0,0
192.4918,5.0903,1263,0,0
192.5166,5.0862,1262,0,0
192.5414,5.0943,1264,0,0
192.5662,5.0782,1260,0,0
192.5910,5.0983,1265,0,0
192.6158,5.1064,1267,0,0
192.6406,5.0782,1260,0,0
192.6655,5.0983,1265,0,0
192.6902,5.0903,1263,0,0
192.7151,5.0782,1260,0,0
192.7399,5.0822,1261,0,0
192.7647,5.0983,1265,0,0
192.7895,5.0862,1262,0,0
192.8143,5.0782,1260,0,0
192.8391,5.0742,1259,0,0
192.8639,5.0822,1261,0,0
192.8887,5.0782,1260,0,0
192.9135,5.0661,1257,0,0
192.9383,5.0782,1260,0,0
192.9631,5.0782,1260,0,0
192.9879,5.0983,1265,0,0
193.0127,5.0822,1261,0,0
193.0375,5.0661,1257,0,0
193.0623,5.1024,1266,0,0
193.0871,5.1145,1269,0,0
193.1119,5.0983,1265,0,0
193.1367,5.0782,1260,0,0
193.1615,5.1064,1267,0,0
193.1863,5.1265,1272,0,0
193.2111,5.0943,1264,0,0
193.2359,5.0862,1262,0,0
193.2607,5.1265,1272,0,0
193.2855,5.1064,1267,0,0
193.3103,5.0983,1265,0,0
193.3351,5.0943,1264,0,0
193.3599,5.0862,1262,0,0
193.3847,5.0943,1264,0,0
193.4095,5.0379,1250,0,0
193.4343,5.0903,1263,0,0
193.4591,5.0782,1260,0,0
193.4839,5.0862,1262,0,0
193.5087,5.0500,1253,0,0
193.5335,5.0782,1260,0,0
193.5583,5.1265,1272,0,0
193.5831,5.1145,1269,0,0
193.6079,5.0701,1258,0,0
193.6328,5.0822,1261,0,0
193.6575,5.0903,1263,0,0
193.6824,5.0943,1264,0,0
193.7072,5.0661,1257,0,0
193.7319,5.0661,1257,0,0
193.7568,5.1225,1271,0,0
193.7816,5.0983,1265,0,0
193.8064,5.0903,1263,0,0
193.8312,5.0742,1259,0,0
193.8560,5.0943,1264,0,0
193.8808,5.0983,1265,0,0
193.9056,5.1024,1266,0,0
193.9304,5.1064,1267,0,0
193.9552,5.0943,1264,0,0
193.9800,5.1064,1267,0,0
194.0048,5.0701,1258,0,0
194.0296,5.0862,1262,0,0
194.0544,5.0862,1262,0,0
194.0792,5.0782,1260,0,0
194.1040,5.0782,1260,0,0
194.1288,5.0903,1263,0,0
194.1536,5.1265,1272,0,0
194.1784,5.0983,1265,0,0
194.2032,5.0661,1257,0,0
194.2280,5.0782,1260,0,0
194.2528,5.0903,1263,0,0
194.2776,5.0943,1264,0,0
194.3024,5.1064,1267,0,0
194.3272,5.0943,1264,0,0
194.3520,5.0943,1264,0,0
194.3768,5.1064,1267,0,0
194.4016,5.0742,1259,0,0
194.4264,5.0983,1265,0,0
194.4512,5.0983,1265,0,0
194.4760,5.0782,1260,0,0
194.5008,5.0782,1260,0,0
194.5256,5.0862,1262,0,0
194.5504,5.0782,1260,0,0
194.5752,5.0661,1257,0,0
194.6000,5.1104,1268,0,0
194.6248,5.1104,1268,0,0
194.6496,5.1265,1272,0,0
194.6745,5.0862,1262,0,0
194.6992,5.0822,1261,0,0
194.7241,5.0983,1265,0,0
194.7489,5.0862,1262,0,0
194.7737,5.0742,1259,0,0
194.7985,5.0701,1258,0,0
194.8233,5.0943,1264,0,0
194.8481,5.0701,1258,0,0
194.8729,5.0862,1262,0,0
194.8977,5.0983,1265,0,0
194.9225,5.1064,1267,0,0
194.9473,5.0701,1258,0,0
194.9721,5.0822,1261,0,0
194.9969,5.0943,1264,0,0
195.0217,5.0862,1262,0,0
195.0465,5.0903,1263,0,0
195.0713,5.1064,1267,0,0
195.0961,5.1265,1272,0,0
195.1209,5.0983,1265,0,0
195.1457,5.0500,1253,0,0
195.1705,5.0943,1264,0,0
195.1953,5.0862,1262,0,0
195.2201,5.0782,1260,0,0
195.2449,5.0862,1262,0,0
195.2697,5.0862,1262,0,0
195.2945,5.1346,1274,0,0
195.3193,5.0782,1260,0,0
195.3441,5.0742,1259,0,0
195.3689,5.1104,1268,0,0
195.3937,5.1024,1266,0,0
195.4185,5.0862,1262,0,0
195.4433,5.0742,1259,0,0
195.4681,5.0782,1260,0,0
195.4929,5.0943,1264,0,0
195.5177,5.0862,1262,0,0
195.5425,5.0782,1260,0,0
195.5673,5.0943,1264,0,0
195.5921,5.0943,1264,0,0
195.6169,5.0822,1261,0,0
195.6417,5.1024,1266,0,0
195.6665,5.0903,1263,0,0
195.6913,5.0983,1265,0,0
195.7162,5.0742,1259,0,0
195.7410,5.0903,1263,0,0
195.7658,5.0862,1262,0,0
195.7906,5.0903,1263,0,0
195.8154,5.0379,1250,0,0
195.8402,5.1064,1267,0,0
195.8650,5.0862,1262,0,0
195.8898,5.0782,1260,0,0
195.9146,5.0701,1258,0,0
195.9394,5.1024,1266,0,0
195.9642,5.0862,1262,0,0
195.9890,5.0661,1257,0,0
196.0138,5.0943,1264,0,0
196.0386,5.0782,1260,0,0
196.0634,5.0701,1258,0,0
196.0882,5.0862,1262,0,0
196.1130,5.0943,1264,0,0
196.1378,5.0983,1265,0,0
196.1626,5.0862,1262,0,0
196.1874,5.0661,1257,0,0
196.2122,5.1225,1271,0,0
196.2370,5.0983,1265,0,0
196.2618,5.0862,1262,0,0
196.2866,5.0943,1264,0,0
196.3114,5.0782,1260,0,0
196.3362,5.0943,1264,0,0
196.3610,5.0782,1260,0,0
196.3858,5.1225,1271,0,0
196.4106,5.0862,1262,0,0
196.4354,5.0782,1260,0,0
196.4602,5.0822,1261,0,0
196.4850,5.0701,1258,0,0
196.5098,5.0943,1264,0,0
196.5346,5.1024,1266,0,0
196.5594,5.0782,1260,0,0
196.5842,5.1064,1267,0,0
196.6090,5.1064,1267,0,0
196.6338,5.0943,1264,0,0
196.6586,5.0983,1265,0,0
196.6834,5.0943,1264,0,0
196.7083,5.0822,1261,0,0
196.7330,5.1024,1266,0,0
196.7579,5.0862,1262,0,0
196.7827,5.0742,1259,0,0
196.8075,5.0943,1264,0,0
196.8323,5.0983,1265,0,0
196.8571,5.0943,1264,0,0
196.8819,5.0742,1259,0,0
196.9067,5.0661,1257,0,0
196.9315,5.0742,1259,0,0
196.9563,5.0943,1264,0,0
196.9811,5.0943,1264,0,0
197.0059,5.0782,1260,0,0
197.0307,5.0782,1260,0,0
197.0555,5.0822,1261,0,0
197.0803,5.0943,1264,0,0
197.1051,5.0862,1262,0,0
197.1299,5.0983,1265,0,0
197.1547,5.0419,1251,0,0
197.1795,5.0943,1264,0,0
197.2043,5.1064,1267,0,0
197.2291,5.1225,1271,0,0
197.2539,5.0419,1251,0,0
197.2787,5.0701,1258,0,0
197.3035,5.0782,1260,0,0
197.3283,5.1024,1266,0,0
197.3531,5.0701,1258,0,0
197.3779,5.0782,1260,0,0
197.4027,5.1306,1273,0,0
197.4275,5.1024,1266,0,0
197.4523,5.0943,1264,0,0
197.4771,5.1225,1271,0,0
197.5019,5.1265,1272,0,0
197.5267,5.0943,1264,0,0
197.5515,5.0943,1264,0,0
197.5763,5.1064,1267,0,0
197.6011,5.0943,1264,0,0
197.6259,5.0943,1264,0,0
197.6507,5.0903,1263,0,0
197.6756,5.0862,1262,0,0
197.7003,5.0822,1261,0,0
197.7251,5.0943,1264,0,0
197.7500,5.0903,1263,0,0
197.7747,5.0903,1263,0,0
197.7996,5.0943,1264,0,0
197.8244,5.0782,1260,0,0
197.8492,5.0661,1257,0,0
197.8740,5.0903,1263,0,0
197.8988,5.0943,1264,0,0
197.9236,5.0782,1260,0,0
197.9484,5.0903,1263,0,0
197.9732,5.0943,1264,0,0
197.9980,5.0862,1262,0,0
198.0228,5.0782,1260,0,0
198.0476,5.0742,1259,0,0
198.0724,5.1104,1268,0,0
198.0972,5.0822,1261,0,0
198.1220,5.0822,1261,0,0
198.1468,5.0983,1265,0,0
198.1716,5.1346,1274,0,0
198.1964,5.0701,1258,0,0
198.2212,5.0943,1264,0,0
198.2460,5.0903,1263,0,0
198.2708,5.0943,1264,0,0
198.2956,5.0862,1262,0,0
198.3204,5.0661,1257,0,0
198.3452,5.0701,1258,0,0
198.3700,5.0903,1263,0,0
198.3948,5.0822,1261,0,0
198.4196,5.1225,1271,0,0
198.4444,5.1024,1266,0,0
198.4692,5.0701,1258,0,0
198.4940,5.0742,1259,0,0
198.5188,5.0742,1259,0,0
198.5436,5.0661,1257,0,0
198.5684,5.0862,1262,0,0
198.5932,5.0419,1251,0,0
198.6180,5.0983,1265,0,0
198.6428,5.0983,1265,0,0
198.6676,5.0742,1259,0,0
198.6924,5.0983,1265,0,0
198.7173,5.0782,1260,0,0
198.7421,5.0822,1261,0,0
198.7668,5.1024,1266,0,0
198.7917,5.0983,1265,0,0
198.8165,5.0903,1263,0,0
198.8413,5.0943,1264,0,0
198.8661,5.0943,1264,0,0
198.8909,5.0782,1260,0,0
198.9157,5.1386,1275,0,0
198.9405,5.0822,1261,0,0
198.9653,5.0661,1257,0,0
198.9901,5.0862,1262,0,0
199.0149,5.0983,1265,0,0
199.0397,5.0943,1264,0,0
199.0645,5.0862,1262,0,0
199.0893,5.0782,1260,0,0
199.1141,5.0983,1265,0,0
199.1389,5.1064,1267,0,0
199.1637,5.0782,1260,0,0
199.1885,5.1024,1266,0,0
199.2133,5.0862,1262,0,0
199.2381,5.0782,1260,0,0
199.2629,5.0661,1257,0,0
199.2877,5.0742,1259,0,0
199.3125,5.0943,1264,0,0
199.3373,5.0943,1264,0,0
199.3621,5.0943,1264,0,0
199.3869,5.0983,1265,0,0
199.4117,5.0862,1262,0,0
199.4365,5.0782,1260,0,0
199.4613,5.0983,1265,0,0
199.4861,5.0983,1265,0,0
199.5109,5.0379,1250,0,0
199.5357,5.0822,1261,0,0
199.5605,5.0943,1264,0,0
199.5853,5.0903,1263,0,0
199.6101,5.0983,1265,0,0
199.6349,5.0983,1265,0,0
199.6597,5.0580,1255,0,0
199.6845,5.0983,1265,0,0
199.7094,5.0782,1260,0,0
199.7341,5.0379,1250,0,0
199.7590,5.0701,1258,0,0
199.7838,5.0943,1264,0,0
199.8086,5.0862,1262,0,0
199.8334,5.0822,1261,0,0
199.8582,5.0782,1260,0,0
199.8830,5.0782,1260,0,0
199.9078,5.0903,1263,0,0
199.9326,5.0661,1257,0,0
199.9574,5.1024,1266,0,0
199.9822,5.1225,1271,0,0
200.0070,5.0943,1264,0,0
200.0318,5.0983,1265,0,0
200.0566,5.0943,1264,0,0
200.0814,5.0943,1264,0,0
200.1062,5.0862,1262,0,0
200.1310,5.0862,1262,0,0
200.1558,5.0782,1260,0,0
200.1806,5.0943,1264,0,0
200.2054,5.0782,1260,0,0
200.2302,5.0782,1260,0,0
200.2550,5.0782,1260,0,0
200.2798,5.0903,1263,0,0
200.3046,5.0903,1263,0,0
200.3294,5.0419,1251,0,0
200.3542,5.0701,1258,0,0
200.3790,5.1265,1272,0,0
200.4038,5.0822,1261,0,0
200.4286,5.0983,1265,0,0
200.4534,5.0822,1261,0,0
200.4782,5.1064,1267,0,0
200.5030,5.0943,1264,0,0
200.5278,5.1024,1266,0,0
200.5526,5.0862,1262,0,0
200.5774,5.0742,1259,0,0
200.6022,5.0822,1261,0,0
200.6270,5.0742,1259,0,0
200.6518,5.0943,1264,0,0
200.6766,5.0742,1259,0,0
200.7014,5.1064,1267,0,0
200.7262,5.0943,1264,0,0
200.7511,5.1104,1268,0,0
200.7758,5.0742,1259,0,0
200.8007,5.0862,1262,0,0
200.8255,5.0822,1261,0,0
200.8503,5.0782,1260,0,0
200.8751,5.1225,1271,0,0
200.8999,5.0903,1263,0,0
200.9247,5.1024,1266,0,0
200.9495,5.0943,1264,0,0
200.9743,5.0903,1263,0,0
200.9991,5.0822,1261,0,0
201.0239,5.0983,1265,0,0
201.0487,5.1225,1271,0,0
201.0735,5.1064,1267,0,0
201.0983,5.1064,1267,0,0
201.1231,5.0862,1262,0,0
201.1479,5.0943,1264,0,0
201.1727,5.0822,1261,0,0
201.1975,5.0943,1264,0,0
201.2223,5.0903,1263,0,0
201.2471,5.0983,1265,0,0
201.2719,5.0943,1264,0,0
201.2967,5.0782,1260,0,0
201.3215,5.1064,1267,0,0
201.3463,5.0782,1260,0,0
201.3711,5.0862,1262,0,0
201.3959,5.0782,1260,0,0
201.4207,5.0862,1262,0,0
201.4455,5.0862,1262,0,0
201.4703,5.0742,1259,0,0
201.4951,5.0943,1264,0,0
201.5199,5.0862,1262,0,0
201.5447,5.0782,1260,0,0
201.5695,5.0862,1262,0,0
201.5943,5.0943,1264,0,0
201.6191,5.0943,1264,0,0
201.6439,5.0419,1251,0,0
201.6687,5.0701,1258,0,0
201.6935,5.0701,1258,0,0
201.7183,5.1225,1271,0,0
201.7431,5.0782,1260,0,0
201.7679,5.0540,1254,0,0
201.7928,5.1064,1267,0,0
201.8176,5.0943,1264,0,0
201.8424,5.0742,1259,0,0
201.8672,5.0903,1263,0,0
201.8920,5.0983,1265,0,0
201.9168,5.1064,1267,0,0
201.9416,5.0862,1262,0,0
201.9664,5.0943,1264,0,0
201.9912,5.0782,1260,0,0
202.0160,5.0742,1259,0,0
202.0408,5.0500,1253,0,0
202.0656,5.0742,1259,0,0
202.0904,5.0782,1260,0,0
202.1152,5.0742,1259,0,0
202.1400,5.0742,1259,0,0
202.1648,5.0943,1264,0,0
202.1896,5.0983,1265,0,0
202.2144,5.0943,1264,0,0
202.2392,5.0701,1258,0,0
202.2640,5.0943,1264,0,0
202.2888,5.0742,1259,0,0
202.3136,5.0782,1260,0,0
202.3384,5.1064,1267,0,0
202.3632,5.1064,1267,0,0
202.3880,5.0983,1265,0,0
202.4128,5.0782,1260,0,0
202.4376,5.0862,1262,0,0
202.4624,5.0983,1265,0,0
202.4872,5.0943,1264,0,0
202.5120,5.0661,1257,0,0
202.5368,5.0903,1263,0,0
202.5616,5.0943,1264,0,0
202.5864,5.0862,1262,0,0
202.6112,5.0379,1250,0,0
202.6360,5.0862,1262,0,0
202.6608,5.0862,1262,0,0
202.6856,5.0903,1263,0,0
202.7104,5.0943,1264,0,0
202.7352,5.0862,1262,0,0
202.7600,5.1145,1269,0,0
202.7849,5.0661,1257,0,0
202.8096,5.1104,1268,0,0
202.8345,5.0943,1264,0,0
202.8593,5.1346,1274,0,0
202.8841,5.0943,1264,0,0
202.9089,5.0943,1264,0,0
202.9337,5.0822,1261,0,0
202.9585,5.1104,1268,0,0
202.9833,5.1104,1268,0,0
203.0081,5.0742,1259,0,0
203.0329,5.1064,1267,0,0
203.0577,5.0943,1264,0,0
203.0825,5.0943,1264,0,0
203.1073,5.1064,1267,0,0
203.1321,5.0742,1259,0,0
203.1569,5.1024,1266,0,0
203.1817,5.0943,1264,0,0
203.2065,5.0782,1260,0,0
203.2313,5.0862,1262,0,0
203.2561,5.0943,1264,0,0
203.2809,5.0661,1257,0,0
203.3057,5.0218,1246,0,0
203.3305,5.0862,1262,0,0
203.3553,5.0943,1264,0,0
203.3801,5.0742,1259,0,0
203.4049,5.0943,1264,0,0
203.4297,5.1225,1271,0,0
203.4545,5.0983,1265,0,0
203.4793,5.0742,1259,0,0
203.5041,5.0379,1250,0,0
203.5289,5.0943,1264,0,0
203.5537,5.0661,1257,0,0
203.5785,5.0742,1259,0,0
203.6033,5.0822,1261,0,0
203.6281,5.0903,1263,0,0
203.6529,5.0943,1264,0,0
203.6777,5.0903,1263,0,0
203.7025,5.1024,1266,0,0
203.7273,5.1024,1266,0,0
203.7522,5.0862,1262,0,0
203.7769,5.0943,1264,0,0
203.8018,5.0580,1255,0,0
203.8266,5.1265,1272,0,0
203.8513,5.1225,1271,0,0
203.8762,5.0379,1250,0,0
203.9010,5.0782,1260,0,0
203.9258,5.0822,1261,0,0
203.9506,5.0661,1257,0,0
203.9754,5.0983,1265,0,0
204.0002,5.0983,1265,0,0
204.0250,5.0983,1265,0,0
204.0498,5.0943,1264,0,0
204.0746,5.0782,1260,0,0
204.0994,5.0943,1264,0,0
204.1242,5.1064,1267,0,0
204.1490,5.1225,1271,0,0
204.1738,5.0782,1260,0,0
204.1986,5.0782,1260,0,0
204.2234,5.0701,1258,0,0
204.2482,5.1064,1267,0,0
204.2730,5.0943,1264,0,0
204.2978,5.0943,1264,0,0
204.3226,5.0983,1265,0,0
204.3474,5.0862,1262,0,0
204.3722,5.0379,1250,0,0
204.3970,5.0782,1260,0,0
204.4218,5.1265,1272,0,0
204.4466,5.0943,1264,0,0
204.4714,5.0661,1257,0,0
204.4962,5.0862,1262,0,0
204.5210,5.1104,1268,0,0
204.5458,5.1225,1271,0,0
204.5706,5.0782,1260,0,0
204.5954,5.1265,1272,0,0
204.6202,5.0943,1264,0,0
204.6450,5.0983,1265,0,0
204.6698,5.0661,1257,0,0
204.6946,5.0943,1264,0,0
204.7194,5.0903,1263,0,0
204.7442,5.0943,1264,0,0
204.7690,5.0943,1264,0,0
204.7939,5.0903,1263,0,0
204.8186,5.1064,1267,0,0
204.8435,5.0862,1262,0,0
204.8683,5.0742,1259,0,0
204.8931,5.0943,1264,0,0
204.9179,5.0943,1264,0,0
204.9427,5.0782,1260,0,0
204.9675,5.0782,1260,0,0
204.9923,5.0983,1265,0,0
205.0171,5.0782,1260,0,0
205.0419,5.0943,1264,0,0
205.0667,5.0782,1260,0,0
205.0915,5.0943,1264,0,0
205.1163,5.0862,1262,0,0
205.1411,5.0943,1264,0,0
205.1659,5.0903,1263,0,0
205.1907,5.0661,1257,0,0
205.2155,5.1064,1267,0,0
205.2403,5.0782,1260,0,0
205.2651,5.0782,1260,0,0
205.2899,5.0742,1259,0,0
205.3147,5.0742,1259,0,0
205.3395,5.0903,1263,0,0
205.3643,5.1024,1266,0,0
205.3891,5.0983,1265,0,0
205.4139,5.0983,1265,0,0
205.4387,5.0943,1264,0,0
205.4635,5.0862,1262,0,0
205.4883,5.0782,1260,0,0
205.5131,5.0862,1262,0,0
205.5379,5.0983,1265,0,0
205.5627,5.0500,1253,0,0
205.5875,5.0862,1262,0,0
205.6123,5.0943,1264,0,0
205.6371,5.0742,1259,0,0
205.6619,5.0943,1264,0,0
205.6867,5.0862,1262,0,0
205.7115,5.0782,1260,0,0
205.7363,5.0419,1251,0,0
205.7611,5.0540,1254,0,0
205.7859,5.0983,1265,0,0
205.8107,5.1306,1273,0,0
205.8356,5.0943,1264,0,0
205.8604,5.0782,1260,0,0
205.8852,5.0943,1264,0,0
205.9100,5.0903,1263,0,0
205.9348,5.0782,1260,0,0
205.9596,5.0903,1263,0,0
205.9844,5.0983,1265,0,0
206.0092,5.0661,1257,0,0
206.0340,5.0782,1260,0,0
206.0588,5.0903,1263,0,0
206.0836,5.0862,1262,0,0
206.1084,5.0983,1265,0,0
206.1332,5.0782,1260,0,0
206.1580,5.0701,1258,0,0
206.1828,5.0862,1262,0,0
206.2076,5.0983,1265,0,0
206.2324,5.0862,1262,0,0
206.2572,5.0822,1261,0,0
206.2820,5.1024,1266,0,0
206.3068,5.0782,1260,0,0
206.3316,5.0782,1260,0,0
206.3564,5.0782,1260,0,0
206.3812,5.0983,1265,0,0
206.4060,5.0862,1262,0,0
206.4308,5.0742,1259,0,0
206.4556,5.1145,1269,0,0
206.4804,5.0983,1265,0,0
206.5052,5.0742,1259,0,0
206.5300,5.0983,1265,0,0
206.5548,5.1225,1271,0,0
206.5796,5.0782,1260,0,0
206.6044,5.0742,1259,0,0
206.6292,5.0983,1265,0,0
206.6540,5.0862,1262,0,0
206.6788,5.0742,1259,0,0
206.7036,5.0943,1264,0,0
206.7284,5.1104,1268,0,0
206.7533,5.0983,1265,0,0
206.7780,5.0500,1253,0,0
206.8028,5.0580,1255,0,0
206.8277,5.0862,1262,0,0
206.8524,5.1265,1272,0,0
206.8773,5.0983,1265,0,0
206.9021,5.0782,1260,0,0
206.9269,5.0943,1264,0,0
206.9517,5.0862,1262,0,0
206.9765,5.0782,1260,0,0
207.0013,5.1104,1268,0,0
207.0261,5.0943,1264,0,0
207.0509,5.0943,1264,0,0
207.0757,5.0782,1260,0,0
207.1005,5.0862,1262,0,0
207.1253,5.0943,1264,0,0
207.1501,5.0862,1262,0,0
207.1749,5.0943,1264,0,0
207.1997,5.0983,1265,0,0
207.2245,5.0782,1260,0,0
207.2493,5.0782,1260,0,0
207.2741,5.1064,1267,0,0
207.2989,5.0862,1262,0,0
207.3237,5.0903,1263,0,0
207.3485,5.0782,1260,0,0
207.3733,5.1225,1271,0,0
207.3981,5.1024,1266,0,0
207.4229,5.0862,1262,0,0
207.4477,5.0782,1260,0,0
207.4725,5.1064,1267,0,0
207.4973,5.0782,1260,0,0
207.5221,5.0983,1265,0,0
207.5469,5.0862,1262,0,0
207.5717,5.0903,1263,0,0
207.5965,5.0943,1264,0,0
207.6213,5.0983,1265,0,0
207.6461,5.0862,1262,0,0
207.6709,5.0862,1262,0,0
207.6957,5.0742,1259,0,0
207.7205,5.1225,1271,0,0
207.7453,5.0822,1261,0,0
207.7701,5.0661,1257,0,0
207.7950,5.0903,1263,0,0
207.8197,5.0943,1264,0,0
207.8445,5.0742,1259,0,0
207.8694,5.0580,1255,0,0
207.8941,5.0943,1264,0,0
207.9190,5.0943,1264,0,0
207.9438,5.1064,1267,0,0
207.9686,5.1064,1267,0,0
207.9934,5.0943,1264,0,0
208.0182,5.0701,1258,0,0
208.0430,5.0742,1259,0,0
208.0678,5.1104,1268,0,0
208.0926,5.0742,1259,0,0
208.1174,5.0500,1253,0,0
208.1422,5.1064,1267,0,0
208.1670,5.0983,1265,0,0
208.1918,5.0782,1260,0,0
208.2166,5.0943,1264,0,0
208.2414,5.0943,1264,0,0
208.2662,5.0782,1260,0,0
208.2910,5.0903,1263,0,0
208.3158,5.0822,1261,0,0
208.3406,5.1064,1267,0,0
208.3654,5.0661,1257,0,0
208.3902,5.0943,1264,0,0
208.4150,5.0903,1263,0,0
208.4398,5.0943,1264,0,0
208.4646,5.0983,1265,0,0
208.4894,5.0782,1260,0,0
208.5142,5.0782,1260,0,0
208.5390,5.0943,1264,0,0
208.5638,5.0782,1260,0,0
208.5886,5.1024,1266,0,0
208.6134,5.0419,1251,0,0
208.6382,5.0419,1251,0,0
208.6630,5.0862,1262,0,0
208.6878,5.0862,1262,0,0
208.7126,5.0903,1263,0,0
208.7374,5.0903,1263,0,0
208.7622,5.0782,1260,0,0
208.7870,5.0782,1260,0,0
208.8118,5.0943,1264,0,0
208.8367,5.0943,1264,0,0
208.8615,5.0822,1261,0,0
208.8863,5.0903,1263,0,0
208.9111,5.0782,1260,0,0
208.9359,5.0862,1262,0,0
208.9607,5.0862,1262,0,0
208.9855,5.0782,1260,0,0
209.0103,5.0983,1265,0,0
209.0351,5.0983,1265,0,0
209.0599,5.1145,1269,0,0
209.0847,5.0943,1264,0,0
209.1095,5.0862,1262,0,0
209.1343,5.0338,1249,0,0
209.1591,5.0822,1261,0,0
209.1839,5.0742,1259,0,0
209.2087,5.1024,1266,0,0
209.2335,5.1064,1267,0,0
209.2583,5.0943,1264,0,0
209.2831,5.0903,1263,0,0
209.3079,5.0943,1264,0,0
209.3327,5.0782,1260,0,0
209.3575,5.0862,1262,0,0
209.3823,5.0983,1265,0,0
209.4071,5.1225,1271,0,0
209.4319,5.1145,1269,0,0
209.4567,5.0983,1265,0,0
209.4815,5.0983,1265,0,0
209.5063,5.0862,1262,0,0
209.5311,5.0943,1264,0,0
209.5559,5.0782,1260,0,0
209.5807,5.0943,1264,0,0
209.6055,5.0903,1263,0,0
209.6303,5.0782,1260,0,0
209.6551,5.1024,1266,0,0
209.6799,5.0943,1264,0,0
209.7047,5.0822,1261,0,0
209.7295,5.0943,1264,0,0
209.7543,5.1225,1271,0,0
209.7791,5.0701,1258,0,0
209.8039,5.0943,1264,0,0
209.8288,5.0983,1265,0,0
209.8535,5.0862,1262,0,0
209.8784,5.0903,1263,0,0
209.9032,5.0782,1260,0,0
209.9280,5.0983,1265,0,0
209.9528,5.0661,1257,0,0
209.9776,5.0782,1260,0,0
210.0024,5.0983,1265,0,0
210.0272,5.0782,1260,0,0
210.0520,5.0862,1262,0,0
210.0768,5.0862,1262,0,0
210.1016,5.1064,1267,0,0
210.1264,5.0782,1260,0,0
210.1512,5.0742,1259,0,0
210.1760,5.0701,1258,0,0
210.2008,5.0943,1264,0,0
210.2256,5.1024,1266,0,0
210.2504,5.0500,1253,0,0
210.2752,5.0661,1257,0,0
210.3000,5.0782,1260,0,0
210.3248,5.0822,1261,0,0
210.3496,5.0822,1261,0,0
210.3744,5.1225,1271,0,0
210.3992,5.1064,1267,0,0
210.4240,5.0903,1263,0,0
210.4488,5.0782,1260,0,0
210.4736,5.1265,1272,0,0
210.4984,5.0943,1264,0,0
210.5232,5.0782,1260,0,0
210.5480,5.0943,1264,0,0
210.5728,5.0943,1264,0,0
210.5976,5.0983,1265,0,0
210.6224,5.0782,1260,0,0
210.6472,5.0983,1265,0,0
210.6720,5.0862,1262,0,0
210.6968,5.1104,1268,0,0
210.7216,5.0782,1260,0,0
210.7464,5.0903,1263,0,0
210.7712,5.0983,1265,0,0
210.7960,5.0782,1260,0,0
210.8208,5.1024,1266,0,0
210.8456,5.0943,1264,0,0
210.8705,5.1024,1266,0,0
210.8952,5.0822,1261,0,0
210.9201,5.0782,1260,0,0
210.9449,5.1024,1266,0,0
210.9697,5.1427,1276,0,0
210.9945,5.0782,1260,0,0
211.0193,5.0943,1264,0,0
211.0441,5.0983,1265,0,0
211.0689,5.0218,1246,0,0
211.0937,5.0862,1262,0,0
211.1185,5.1064,1267,0,0
211.1433,5.0903,1263,0,0
211.1681,5.0500,1253,0,0
211.1929,5.0943,1264,0,0
211.2177,5.0943,1264,0,0
211.2425,5.0862,1262,0,0
211.2673,5.0742,1259,0,0
211.2921,5.0943,1264,0,0
211.3169,5.1145,1269,0,0
211.3417,5.0862,1262,0,0
211.3665,5.0782,1260,0,0
211.3913,5.0862,1262,0,0
211.4161,5.1064,1267,0,0
211.4409,5.0943,1264,0,0
211.4657,5.0782,1260,0,0
211.4905,5.0903,1263,0,0
211.5153,5.0862,1262,0,0
211.5401,5.0862,1262,0,0
211.5649,5.0782,1260,0,0
211.5897,5.0903,1263,0,0
211.6145,5.1346,1274,0,0
211.6393,5.0903,1263,0,0
211.6641,5.0782,1260,0,0
211.6889,5.1306,1273,0,0
211.7137,5.0903,1263,0,0
211.7385,5.0742,1259,0,0
211.7633,5.0782,1260,0,0
211.7881,5.1225,1271,0,0
211.8129,5.0862,1262,0,0
211.8377,5.0661,1257,0,0
211.8625,5.0742,1259,0,0
211.8873,5.0822,1261,0,0
211.9122,5.1104,1268,0,0
211.9370,5.0943,1264,0,0
211.9618,5.0782,1260,0,0
211.9866,5.0862,1262,0,0
212.0114,5.0943,1264,0,0
212.0362,5.0742,1259,0,0
212.0610,5.0742,1259,0,0
212.0858,5.0943,1264,0,0
212.1106,5.0822,1261,0,0
212.1354,5.0862,1262,0,0
212.1602,5.0822,1261,0,0
212.1850,5.0862,1262,0,0
212.2098,5.0983,1265,0,0
212.2346,5.0661,1257,0,0
212.2594,5.0862,1262,0,0
212.2842,5.0903,1263,0,0
212.3090,5.0701,1258,0,0
212.3338,5.0862,1262,0,0
212.3586,5.1024,1266,0,0
212.3834,5.0661,1257,0,0
212.4082,5.1265,1272,0,0
212.4330,5.0782,1260,0,0
212.4578,5.0701,1258,0,0
212.4826,5.0903,1263,0,0
212.5074,5.0903,1263,0,0
212.5322,5.0903,1263,0,0
212.5570,5.0782,1260,0,0
212.5818,5.0782,1260,0,0
212.6066,5.0742,1259,0,0
212.6314,5.1104,1268,0,0
212.6562,5.0943,1264,0,0
212.6810,5.0782,1260,0,0
212.7058,5.0822,1261,0,0
212.7306,5.0943,1264,0,0
212.7554,5.0903,1263,0,0
212.7802,5.0701,1258,0,0
212.8050,5.0661,1257,0,0
212.8298,5.0903,1263,0,0
212.8546,5.0903,1263,0,0
212.8795,5.0661,1257,0,0
212.9043,5.0862,1262,0,0
212.9290,5.0742,1259,0,0
212.9539,5.0862,1262,0,0
212.9787,5.0379,1250,0,0
213.0035,5.0943,1264,0,0
213.0283,5.0862,1262,0,0
213.0531,5.0943,1264,0,0
213.0779,5.0862,1262,0,0
213.1027,5.0379,1250,0,0
213.1275,5.0943,1264,0,0
213.1523,5.0983,1265,0,0
213.1771,5.1265,1272,0,0
213.2019,5.0782,1260,0,0
213.2267,5.0862,1262,0,0
213.2515,5.0943,1264,0,0
213.2763,5.0943,1264,0,0
213.3011,5.0782,1260,0,0
213.3259,5.0742,1259,0,0
213.3507,5.0419,1251,0,0
213.3755,5.0983,1265,0,0
213.4003,5.1306,1273,0,0
213.4251,5.0742,1259,0,0
213.4499,5.0943,1264,0,0
213.4747,5.0943,1264,0,0
213.4995,5.0903,1263,0,0
213.5243,5.0903,1263,0,0
213.5491,5.0661,1257,0,0
213.5739,5.0862,1262,0,0
213.5987,5.1104,1268,0,0
213.6235,5.1064,1267,0,0
213.6483,5.1225,1271,0,0
213.6731,5.0943,1264,0,0
213.6979,5.0862,1262,0,0
213.7227,5.1064,1267,0,0
213.7475,5.0983,1265,0,0
213.7723,5.0943,1264,0,0
213.7971,5.0903,1263,0,0
213.8219,5.0862,1262,0,0
213.8467,5.1064,1267,0,0
213.8716,5.0903,1263,0,0
213.8963,5.0742,1259,0,0
213.9212,5.0661,1257,0,0
213.9460,5.1104,1268,0,0
213.9707,5.0782,1260,0,0
213.9956,5.0742,1259,0,0
214.0204,5.0943,1264,0,0
214.0452,5.1024,1266,0,0
214.0700,5.1265,1272,0,0
214.0948,5.0943,1264,0,0
214.1196,5.0661,1257,0,0
214.1444,5.0862,1262,0,0
214.1692,5.0983,1265,0,0
214.1940,5.1225,1271,0,0
214.2188,5.1306,1273,0,0
214.2436,5.0862,1262,0,0
214.2684,5.0862,1262,0,0
214.2932,5.0943,1264,0,0
214.3180,5.1064,1267,0,0
214.3428,5.0742,1259,0,0
214.3676,5.0862,1262,0,0
214.3924,5.0782,1260,0,0
214.4172,5.0983,1265,0,0
214.4420,5.1024,1266,0,0
214.4668,5.1346,1274,0,0
214.4916,5.0782,1260,0,0
214.5164,5.0782,1260,0,0
214.5412,5.0661,1257,0,0
214.5660,5.1265,1272,0,0
214.5908,5.0943,1264,0,0
214.6156,5.0782,1260,0,0
214.6404,5.0943,1264,0,0
214.6652,5.1346,1274,0,0
214.6900,5.0661,1257,0,0
214.7148,5.0500,1253,0,0
214.7396,5.0862,1262,0,0
214.7644,5.0943,1264,0,0
214.7892,5.0782,1260,0,0
214.8140,5.0943,1264,0,0
214.8388,5.0701,1258,0,0
214.8636,5.0500,1253,0,0
214.8884,5.0862,1262,0,0
214.9133,5.1064,1267,0,0
214.9380,5.0943,1264,0,0
214.9629,5.0782,1260,0,0
214.9877,5.0943,1264,0,0
215.0125,5.0983,1265,0,0
215.0373,5.0943,1264,0,0
215.0621,5.0661,1257,0,0
215.0869,5.0338,1249,0,0
215.1117,5.0983,1265,0,0
215.1365,5.1145,1269,0,0
215.1613,5.1064,1267,0,0
215.1861,5.0822,1261,0,0
215.2109,5.0782,1260,0,0
215.2357,5.0903,1263,0,0
215.2605,5.0782,1260,0,0
215.2853,5.1064,1267,0,0
215.3101,5.0862,1262,0,0
215.3349,5.0661,1257,0,0
215.3597,5.0862,1262,0,0
215.3845,5.0983,1265,0,0
215.4093,5.0580,1255,0,0
215.4341,5.0862,1262,0,0
215.4589,5.0943,1264,0,0
215.4837,5.0822,1261,0,0
215.5085,5.0862,1262,0,0
215.5333,5.0742,1259,0,0
215.5581,5.0742,1259,0,0
215.5829,5.1265,1272,0,0
215.6077,5.1104,1268,0,0
215.6325,5.0983,1265,0,0
215.6573,5.0540,1254,0,0
215.6821,5.1024,1266,0,0
215.7069,5.0903,1263,0,0
215.7317,5.0903,1263,0,0
215.7565,5.0862,1262,0,0
215.7813,5.0943,1264,0,0
215.8061,5.0943,1264,0,0
215.8309,5.0862,1262,0,0
215.8557,5.0943,1264,0,0
215.8805,5.0782,1260,0,0
215.9053,5.0983,1265,0,0
215.9301,5.0903,1263,0,0
215.9550,5.0903,1263,0,0
215.9798,5.0862,1262,0,0
216.0046,5.1024,1266,0,0
216.0294,5.0903,1263,0,0
216.0542,5.0782,1260,0,0
216.0790,5.0862,1262,0,0
216.1038,5.0903,1263,0,0
216.1286,5.0862,1262,0,0
216.1534,5.0862,1262,0,0
216.1782,5.0983,1265,0,0
216.2030,5.0943,1264,0,0
216.2278,5.0983,1265,0,0
216.2526,5.0742,1259,0,0
216.2774,5.1024,1266,0,0
216.3022,5.0943,1264,0,0
216.3270,5.0822,1261,0,0
216.3518,5.1104,1268,0,0
216.3766,5.0782,1260,0,0
216.4014,5.0983,1265,0,0
216.4262,5.0943,1264,0,0
216.4510,5.0822,1261,0,0
216.4758,5.0943,1264,0,0
216.5006,5.0862,1262,0,0
216.5254,5.0983,1265,0,0
216.5502,5.0943,1264,0,0
216.5750,5.0903,1263,0,0
216.5998,5.0943,1264,0,0
216.6246,5.0983,1265,0,0
216.6494,5.0782,1260,0,0
216.6742,5.0903,1263,0,0
216.6990,5.0782,1260,0,0
216.7238,5.0742,1259,0,0
216.7486,5.0782,1260,0,0
216.7734,5.0862,1262,0,0
216.7982,5.1064,1267,0,0
216.8230,5.1024,1266,0,0
216.8478,5.0782,1260,0,0
216.8727,5.0822,1261,0,0
216.8974,5.0862,1262,0,0
216.9222,5.0782,1260,0,0
216.9471,5.0943,1264,0,0
216.9718,5.1024,1266,0,0
216.9967,5.0943,1264,0,0
217.0215,5.0983,1265,0,0
217.0463,5.0862,1262,0,0
217.0711,5.0822,1261,0,0
217.0959,5.0742,1259,0,0
217.1207,5.0782,1260,0,0
217.1455,5.0903,1263,0,0
217.1703,5.0782,1260,0,0
217.1951,5.1145,1269,0,0
217.2199,5.0782,1260,0,0
217.2447,5.1225,1271,0,0
217.2695,5.0661,1257,0,0
217.2943,5.0862,1262,0,0
217.3191,5.0661,1257,0,0
217.3439,5.0742,1259,0,0
217.3687,5.0943,1264,0,0
217.3935,5.0943,1264,0,0
217.4183,5.0983,1265,0,0
217.4431,5.0862,1262,0,0
217.4679,5.0661,1257,0,0
217.4927,5.0862,1262,0,0
217.5175,5.0983,1265,0,0
217.5423,5.0943,1264,0,0
217.5671,5.1024,1266,0,0
217.5919,5.0862,1262,0,0
217.6167,5.0943,1264,0,0
217.6415,5.0661,1257,0,0
217.6663,5.0943,1264,0,0
217.6911,5.0822,1261,0,0
217.7159,5.0862,1262,0,0
217.7407,5.1265,1272,0,0
217.7655,5.0862,1262,0,0
217.7903,5.1064,1267,0,0
217.8151,5.0782,1260,0,0
217.8399,5.1346,1274,0,0
217.8647,5.1064,1267,0,0
217.8895,5.0862,1262,0,0
217.9144,5.0782,1260,0,0
217.9391,5.0782,1260,0,0
217.9640,5.0862,1262,0,0
217.9888,5.1064,1267,0,0
218.0135,5.0903,1263,0,0
218.0384,5.0862,1262,0,0
218.0632,5.0379,1250,0,0
218.0880,5.1024,1266,0,0
218.1128,5.0782,1260,0,0
218.1376,5.0742,1259,0,0
218.1624,5.0862,1262,0,0
218.1872,5.0943,1264,0,0
218.2120,5.1064,1267,0,0
218.2368,5.0943,1264,0,0
218.2616,5.0943,1264,0,0
218.2864,5.0782,1260,0,0
218.3112,5.0943,1264,0,0
218.3360,5.0782,1260,0,0
218.3608,5.1104,1268,0,0
218.3856,5.0742,1259,0,0
218.4104,5.0701,1258,0,0
218.4352,5.0862,1262,0,0
218.4600,5.1064,1267,0,0
218.4848,5.0862,1262,0,0
218.5096,5.0782,1260,0,0
218.5344,5.0943,1264,0,0
218.5592,5.0903,1263,0,0
218.5840,5.0782,1260,0,0
218.6088,5.0782,1260,0,0
218.6336,5.1104,1268,0,0
218.6584,5.0822,1261,0,0
218.6832,5.1265,1272,0,0
218.7080,5.0862,1262,0,0
218.7328,5.0862,1262,0,0
218.7576,5.0862,1262,0,0
218.7824,5.0661,1257,0,0
218.8072,5.0862,1262,0,0
218.8320,5.0983,1265,0,0
218.8568,5.0862,1262,0,0
218.8816,5.0943,1264,0,0
218.9064,5.0943,1264,0,0
218.9312,5.1064,1267,0,0
218.9561,5.0983,1265,0,0
218.9809,5.0742,1259,0,0
219.0057,5.0500,1253,0,0
219.0305,5.0862,1262,0,0
219.0553,5.0943,1264,0,0
219.0801,5.0661,1257,0,0
219.1049,5.0862,1262,0,0
219.1297,5.0742,1259,0,0
219.1545,5.0943,1264,0,0
219.1793,5.0862,1262,0,0
219.2041,5.0983,1265,0,0
219.2289,5.0862,1262,0,0
219.2537,5.0822,1261,0,0
219.2785,5.0862,1262,0,0
219.3033,5.1064,1267,0,0
219.3281,5.0943,1264,0,0
219.3529,5.0903,1263,0,0
219.3777,5.0943,1264,0,0
219.4025,5.0742,1259,0,0
219.4273,5.0983,1265,0,0
219.4521,5.0943,1264,0,0
219.4769,5.1265,1272,0,0
219.5017,5.0822,1261,0,0
219.5265,5.1265,1272,0,0
219.5513,5.0983,1265,0,0
219.5761,5.0782,1260,0,0
219.6009,5.0862,1262,0,0
219.6257,5.0862,1262,0,0
219.6505,5.0782,1260,0,0
219.6753,5.1024,1266,0,0
219.7001,5.0742,1259,0,0
219.7249,5.0943,1264,0,0
219.7497,5.0822,1261,0,0
219.7745,5.1225,1271,0,0
219.7993,5.0742,1259,0,0
219.8241,5.0822,1261,0,0
219.8489,5.0943,1264,0,0
219.8737,5.0903,1263,0,0
219.8985,5.0862,1262,0,0
219.9233,5.0742,1259,0,0
219.9482,5.0379,1250,0,0
219.9729,5.0742,1259,0,0
219.9978,5.0983,1265,0,0
220.0226,5.0903,1263,0,0
220.0474,5.0983,1265,0,0
220.0722,5.0742,1259,0,0
220.0970,5.0822,1261,0,0
220.1218,5.0782,1260,0,0
220.1466,5.0822,1261,0,0
220.1714,5.1145,1269,0,0
220.1962,5.0983,1265,0,0
220.2210,5.0742,1259,0,0
220.2458,5.0782,1260,0,0
220.2706,5.0943,1264,0,0
220.2954,5.0862,1262,0,0
220.3202,5.0862,1262,0,0
220.3450,5.0862,1262,0,0
220.3698,5.1064,1267,0,0
220.3946,5.0862,1262,0,0
220.4194,5.0822,1261,0,0
220.4442,5.0822,1261,0,0
220.4690,5.0782,1260,0,0
220.4938,5.0943,1264,0,0
220.5186,5.0903,1263,0,0
220.5434,5.0822,1261,0,0
220.5682,5.0782,1260,0,0
220.5930,5.1064,1267,0,0
220.6178,5.1265,1272,0,0
220.6426,5.0943,1264,0,0
220.6674,5.0862,1262,0,0
220.6922,5.0903,1263,0,0
220.7170,5.0943,1264,0,0
220.7418,5.1145,1269,0,0
220.7666,5.0943,1264,0,0
220.7914,5.0822,1261,0,0
220.8162,5.0862,1262,0,0
220.8410,5.0742,1259,0,0
220.8658,5.1064,1267,0,0
220.8906,5.0782,1260,0,0
220.9154,5.0419,1251,0,0
220.9402,5.0661,1257,0,0
220.9650,5.0943,1264,0,0
220.9899,5.0983,1265,0,0
221.0146,5.0903,1263,0,0
221.0395,5.0862,1262,0,0
221.0643,5.0338,1249,0,0
221.0891,5.0862,1262,0,0
221.1139,5.0782,1260,0,0
221.1387,5.1024,1266,0,0
221.1635,5.1225,1271,0,0
221.1883,5.0903,1263,0,0
221.2131,5.0782,1260,0,0
221.2379,5.0903,1263,0,0
221.2627,5.1064,1267,0,0
221.2875,5.0782,1260,0,0
221.3123,5.1346,1274,0,0
221.3371,5.0782,1260,0,0
221.3619,5.0903,1263,0,0
221.3867,5.0742,1259,0,0
221.4115,5.1145,1269,0,0
221.4363,5.0822,1261,0,0
221.4611,5.1024,1266,0,0
221.4859,5.0943,1264,0,0
221.5107,5.0943,1264,0,0
221.5355,5.0943,1264,0,0
221.5603,5.0943,1264,0,0
221.5851,5.0500,1253,0,0
221.6099,5.1104,1268,0,0
221.6347,5.0862,1262,0,0
221.6595,5.1024,1266,0,0
221.6843,5.1104,1268,0,0
221.7091,5.0862,1262,0,0
221.7339,5.0822,1261,0,0
221.7587,5.0943,1264,0,0
221.7835,5.0943,1264,0,0
221.8083,5.0943,1264,0,0
221.8331,5.0742,1259,0,0
221.8579,5.1064,1267,0,0
221.8827,5.0862,1262,0,0
221.9075,5.0661,1257,0,0
221.9323,5.0782,1260,0,0
221.9572,5.0701,1258,0,0
221.9819,5.0661,1257,0,0
222.0067,5.1265,1272,0,0
222.0316,5.0822,1261,0,0
222.0564,5.0943,1264,0,0
222.0812,5.0983,1265,0,0
222.1060,5.1024,1266,0,0
222.1308,5.0822,1261,0,0
222.1556,5.0742,1259,0,0
222.1804,5.0379,1250,0,0
222.2052,5.0862,1262,0,0
222.2300,5.0943,1264,0,0
222.2548,5.1064,1267,0,0
222.2796,5.0903,1263,0,0
222.3044,5.0983,1265,0,0
222.3292,5.0862,1262,0,0
222.3540,5.0661,1257,0,0
222.3788,5.0822,1261,0,0
222.4036,5.0701,1258,0,0
222.4284,5.0903,1263,0,0
222.4532,5.0983,1265,0,0
222.4780,5.0661,1257,0,0
222.5028,5.0943,1264,0,0
222.5276,5.0943,1264,0,0
222.5524,5.1225,1271,0,0
222.5772,5.0943,1264,0,0
222.6020,5.1064,1267,0,0
222.6268,5.0540,1254,0,0
222.6516,5.0661,1257,0,0
222.6764,5.0822,1261,0,0
222.7012,5.0661,1257,0,0
222.7260,5.0338,1249,0,0
222.7508,5.0661,1257,0,0
222.7756,5.0782,1260,0,0
222.8004,5.0983,1265,0,0
222.8252,5.1024,1266,0,0
222.8500,5.0661,1257,0,0
222.8748,5.0903,1263,0,0
222.8996,5.0943,1264,0,0
222.9244,5.0983,1265,0,0
222.9492,5.0822,1261,0,0
222.9740,5.0782,1260,0,0
222.9989,5.1024,1266,0,0
223.0237,5.0379,1250,0,0
223.0484,5.0782,1260,0,0
223.0733,5.1024,1266,0,0
223.0981,5.0943,1264,0,0
223.1229,5.0742,1259,0,0
223.1477,5.1225,1271,0,0
223.1725,5.1145,1269,0,0
223.1973,5.0903,1263,0,0
223.2221,5.1225,1271,0,0
223.2469,5.0701,1258,0,0
223.2717,5.0782,1260,0,0
223.2965,5.1024,1266,0,0
223.3213,5.0903,1263,0,0
223.3461,5.0540,1254,0,0
223.3709,5.0862,1262,0,0
223.3957,5.1870,1287,0,0
223.4205,5.0862,1262,0,0
223.4453,5.0943,1264,0,0
223.4701,5.0822,1261,0,0
223.4949,5.0943,1264,0,0
223.5197,5.0943,1264,0,0
223.5445,5.0862,1262,0,0
223.5693,5.0742,1259,0,0
223.5941,5.0862,1262,0,0
223.6189,5.0782,1260,0,0
223.6437,5.0903,1263,0,0
223.6685,5.0943,1264,0,0
223.6933,5.0983,1265,0,0
223.7181,5.0943,1264,0,0
223.7429,5.0822,1261,0,0
223.7677,5.0782,1260,0,0
223.7925,5.0782,1260,0,0
223.8173,5.0943,1264,0,0
223.8421,5.0742,1259,0,0
223.8669,5.0782,1260,0,0
223.8917,5.1024,1266,0,0
223.9165,5.0782,1260,0,0
223.9413,5.0943,1264,0,0
223.9661,5.0903,1263,0,0
223.9910,5.0943,1264,0,0
224.0157,5.0782,1260,0,0
224.0406,5.0782,1260,0,0
224.0654,5.0862,1262,0,0
224.0902,5.0742,1259,0,0
224.1150,5.0782,1260,0,0
224.1398,5.0943,1264,0,0
224.1646,5.0943,1264,0,0
224.1894,5.0862,1262,0,0
224.2142,5.0943,1264,0,0
224.2390,5.1225,1271,0,0
224.2638,5.0419,1251,0,0
224.2886,5.0661,1257,0,0
224.3134,5.0782,1260,0,0
224.3382,5.0943,1264,0,0
224.3630,5.1064,1267,0,0
224.3878,5.0943,1264,0,0
224.4126,5.0661,1257,0,0
224.4374,5.0742,1259,0,0
224.4622,5.0782,1260,0,0
224.4870,5.0862,1262,0,0
224.5118,5.0782,1260,0,0
224.5366,5.0782,1260,0,0
224.5614,5.0782,1260,0,0
224.5862,5.0983,1265,0,0
224.6110,5.0822,1261,0,0
224.6358,5.0419,1251,0,0
224.6606,5.0943,1264,0,0
224.6854,5.0379,1250,0,0
224.7102,5.0903,1263,0,0
224.7350,5.0862,1262,0,0
224.7598,5.0943,1264,0,0
224.7846,5.0742,1259,0,0
224.8094,5.0943,1264,0,0
224.8342,5.0983,1265,0,0
224.8590,5.0943,1264,0,0
224.8838,5.0862,1262,0,0
224.9086,5.0701,1258,0,0
224.9334,5.0943,1264,0,0
224.9582,5.1024,1266,0,0
224.9830,5.0983,1265,0,0
225.0078,5.0742,1259,0,0
225.0327,5.0822,1261,0,0
225.0574,5.1064,1267,0,0
225.0823,5.0983,1265,0,0
225.1071,5.0943,1264,0,0
225.1319,5.0742,1259,0,0
225.1567,5.1024,1266,0,0
225.1815,5.1064,1267,0,0
225.2063,5.0540,1254,0,0
225.2311,5.0742,1259,0,0
225.2559,5.1225,1271,0,0
225.2807,5.0943,1264,0,0
225.3055,5.0701,1258,0,0
225.3303,5.0983,1265,0,0
225.3551,5.0943,1264,0,0
225.3799,5.0701,1258,0,0
225.4047,5.0782,1260,0,0
225.4295,5.0903,1263,0,0
225.4543,5.0540,1254,0,0
225.4791,5.0943,1264,0,0
225.5039,5.0943,1264,0,0
225.5287,5.0943,1264,0,0
225.5535,5.1064,1267,0,0
225.5783,5.0943,1264,0,0
225.6031,5.0983,1265,0,0
225.6279,5.0862,1262,0,0
225.6527,5.0983,1265,0,0
225.6775,5.1306,1273,0,0
225.7023,5.0943,1264,0,0
225.7271,5.1064,1267,0,0
225.7519,5.0822,1261,0,0
225.7767,5.0943,1264,0,0
225.8015,5.0862,1262,0,0
225.8263,5.0943,1264,0,0
225.8511,5.0661,1257,0,0
225.8759,5.0782,1260,0,0
225.9007,5.0983,1265,0,0
225.9255,5.0862,1262,0,0
225.9503,5.1024,1266,0,0
225.9751,5.1265,1272,0,0
225.9999,5.0742,1259,0,0
226.0247,5.0500,1253,0,0
226.0495,5.0943,1264,0,0
226.0744,5.0862,1262,0,0
226.0992,5.0983,1265,0,0
226.1240,5.0943,1264,0,0
226.1488,5.0943,1264,0,0
226.1736,5.0862,1262,0,0
226.1984,5.0419,1251,0,0
226.2232,5.0701,1258,0,0
226.2480,5.0782,1260,0,0
226.2728,5.0903,1263,0,0
226.2976,5.0500,1253,0,0
226.3224,5.0862,1262,0,0
226.3472,5.1104,1268,0,0
226.3720,5.0983,1265,0,0
226.3968,5.0862,1262,0,0
226.4216,5.0943,1264,0,0
226.4464,5.0742,1259,0,0
226.4712,5.0701,1258,0,0
226.4960,5.1225,1271,0,0
226.5208,5.0701,1258,0,0
226.5456,5.0943,1264,0,0
226.5704,5.0782,1260,0,0
226.5952,5.0822,1261,0,0
226.6200,5.1064,1267,0,0
226.6448,5.0862,1262,0,0
226.6696,5.1064,1267,0,0
226.6944,5.0782,1260,0,0
226.7192,5.1064,1267,0,0
226.7440,5.0661,1257,0,0
226.7688,5.0742,1259,0,0
226.7936,5.1104,1268,0,0
226.8184,5.0782,1260,0,0
226.8432,5.0903,1263,0,0
226.8680,5.0903,1263,0,0
226.8928,5.0862,1262,0,0
226.9176,5.0862,1262,0,0
226.9424,5.0983,1265,0,0
226.9672,5.0822,1261,0,0
226.9921,5.0903,1263,0,0
227.0168,5.1064,1267,0,0
227.0416,5.0379,1250,0,0
227.0665,5.0782,1260,0,0
227.0912,5.0862,1262,0,0
227.1161,5.0661,1257,0,0
227.1409,5.0661,1257,0,0
227.1657,5.0983,1265,0,0
227.1905,5.0661,1257,0,0
227.2153,5.0943,1264,0,0
227.2401,5.0983,1265,0,0
227.2649,5.0782,1260,0,0
227.2897,5.0540,1254,0,0
227.3145,5.0701,1258,0,0
227.3393,5.1265,1272,0,0
227.3641,5.0742,1259,0,0
227.3889,5.0983,1265,0,0
227.4137,5.0983,1265,0,0
227.4385,5.0862,1262,0,0
227.4633,5.0943,1264,0,0
227.4881,5.0903,1263,0,0
227.5129,5.0822,1261,0,0
227.5377,5.0862,1262,0,0
227.5625,5.1064,1267,0,0
227.5873,5.0580,1255,0,0
227.6121,5.0903,1263,0,0
227.6369,5.1064,1267,0,0
227.6617,5.0943,1264,0,0
227.6865,5.1064,1267,0,0
227.7113,5.1265,1272,0,0
227.7361,5.0862,1262,0,0
227.7609,5.0782,1260,0,0
227.7857,5.0782,1260,0,0
227.8105,5.0822,1261,0,0
227.8353,5.0862,1262,0,0
227.8601,5.0903,1263,0,0
227.8849,5.0742,1259,0,0
227.9097,5.0782,1260,0,0
227.9345,5.0943,1264,0,0
227.9593,5.0862,1262,0,0
227.9841,5.0742,1259,0,0
228.0089,5.0822,1261,0,0
228.0338,5.0580,1255,0,0
228.0585,5.0782,1260,0,0
228.0834,5.0943,1264,0,0
228.1082,5.0983,1265,0,0
228.1329,5.0822,1261,0,0
228.1578,5.0822,1261,0,0
228.1826,5.0943,1264,0,0
228.2074,5.0742,1259,0,0
228.2322,5.0822,1261,0,0
228.2570,5.0943,1264,0,0
228.2818,5.1064,1267,0,0
228.3066,5.0500,1253,0,0
228.3314,5.0822,1261,0,0
228.3562,5.0862,1262,0,0
228.3810,5.0419,1251,0,0
228.4058,5.0903,1263,0,0
228.4306,5.0782,1260,0,0
228.4554,5.0943,1264,0,0
228.4802,5.0419,1251,0,0
228.5050,5.1104,1268,0,0
228.5298,5.0661,1257,0,0
228.5546,5.0822,1261,0,0
228.5794,5.0782,1260,0,0
228.6042,5.0822,1261,0,0
228.6290,5.0862,1262,0,0
228.6538,5.0782,1260,0,0
228.6786,5.0822,1261,0,0
228.7034,5.0903,1263,0,0
228.7282,5.1024,1266,0,0
228.7530,5.0862,1262,0,0
228.7778,5.0862,1262,0,0
228.8026,5.0782,1260,0,0
228.8274,5.0862,1262,0,0
228.8522,5.0943,1264,0,0
228.8770,5.0500,1253,0,0
228.9018,5.0822,1261,0,0
228.9266,5.0862,1262,0,0
228.9514,5.0903,1263,0,0
228.9762,5.0862,1262,0,0
229.0010,5.0862,1262,0,0
229.0258,5.0862,1262,0,0
229.0506,5.0903,1263,0,0
229.0755,5.0862,1262,0,0
229.1003,5.1064,1267,0,0
229.1251,5.0822,1261,0,0
229.1499,5.0943,1264,0,0
229.1747,5.0983,1265,0,0
229.1995,5.0661,1257,0,0
229.2243,5.0862,1262,0,0
229.2491,5.0782,1260,0,0
229.2739,5.0701,1258,0,0
229.2987,5.0822,1261,0,0
229.3235,5.0742,1259,0,0
229.3483,5.0862,1262,0,0
229.3731,5.0862,1262,0,0
229.3979,5.1104,1268,0,0
229.4227,5.0701,1258,0,0
229.4475,5.0862,1262,0,0
229.4723,5.0983,1265,0,0
229.4971,5.0661,1257,0,0
229.5219,5.1024,1266,0,0
229.5467,5.0822,1261,0,0
229.5715,5.0943,1264,0,0
229.5963,5.0742,1259,0,0
229.6211,5.0983,1265,0,0
229.6459,5.0782,1260,0,0
229.6707,5.0782,1260,0,0
229.6955,5.1265,1272,0,0
229.7203,5.1265,1272,0,0
229.7451,5.0943,1264,0,0
229.7699,5.0742,1259,0,0
229.7947,5.0983,1265,0,0
229.8195,5.1024,1266,0,0
229.8443,5.0822,1261,0,0
229.8691,5.0782,1260,0,0
229.8939,5.1145,1269,0,0
229.9187,5.1064,1267,0,0
229.9435,5.0943,1264,0,0
229.9683,5.0862,1262,0,0
229.9931,5.0822,1261,0,0
230.0179,5.0540,1254,0,0
230.0427,5.1145,1269,0,0
230.0676,5.0782,1260,0,0
230.0923,5.0782,1260,0,0
230.1172,5.0943,1264,0,0
230.1420,5.0782,1260,0,0
230.1668,5.0822,1261,0,0
230.1916,5.1024,1266,0,0
230.2164,5.0500,1253,0,0
230.2412,5.0983,1265,0,0
230.2660,5.1104,1268,0,0
230.2908,5.0943,1264,0,0
230.3156,5.0742,1259,0,0
230.3404,5.0943,1264,0,0
230.3652,5.0903,1263,0,0
230.3900,5.0661,1257,0,0
230.4148,5.1225,1271,0,0
230.4396,5.0862,1262,0,0
230.4644,5.0782,1260,0,0
230.4892,5.0862,1262,0,0
230.5140,5.0943,1264,0,0
230.5388,5.0580,1255,0,0
230.5636,5.0862,1262,0,0
230.5884,5.1024,1266,0,0
230.6132,5.0943,1264,0,0
230.6380,5.0822,1261,0,0
230.6628,5.0742,1259,0,0
230.6876,5.0782,1260,0,0
230.7124,5.0742,1259,0,0
230.7372,5.0862,1262,0,0
230.7620,5.1104,1268,0,0
230.7868,5.0782,1260,0,0
230.8116,5.0822,1261,0,0
230.8364,5.1064,1267,0,0
230.8612,5.0661,1257,0,0
230.8860,5.0742,1259,0,0
230.9108,5.1265,1272,0,0
230.9356,5.0903,1263,0,0
230.9604,5.0742,1259,0,0
230.9852,5.0862,1262,0,0
231.0100,5.0782,1260,0,0
231.0349,5.0903,1263,0,0
231.0596,5.0862,1262,0,0
231.0844,5.0943,1264,0,0
231.1093,5.0782,1260,0,0
231.1340,5.1104,1268,0,0
231.1589,5.1024,1266,0,0
231.1837,5.0540,1254,0,0
231.2085,5.1064,1267,0,0
231.2333,5.0862,1262,0,0
231.2581,5.0782,1260,0,0
231.2829,5.0742,1259,0,0
231.3077,5.0742,1259,0,0
231.3325,5.0661,1257,0,0
231.3573,5.1265,1272,0,0
231.3821,5.0822,1261,0,0
231.4069,5.0862,1262,0,0
231.4317,5.0862,1262,0,0
231.4565,5.0943,1264,0,0
231.4813,5.0782,1260,0,0
231.5061,5.0782,1260,0,0
231.5309,5.0862,1262,0,0
231.5557,5.0943,1264,0,0
231.5805,5.0862,1262,0,0
231.6053,5.0943,1264,0,0
231.6301,5.0782,1260,0,0
231.6549,5.0742,1259,0,0
231.6797,5.1064,1267,0,0
231.7045,5.0782,1260,0,0
231.7293,5.0943,1264,0,0
231.7541,5.0903,1263,0,0
231.7789,5.0097,1243,0,0
231.8037,5.1024,1266,0,0
231.8285,5.0782,1260,0,0
231.8533,5.0903,1263,0,0
231.8781,5.0983,1265,0,0
231.9029,5.0983,1265,0,0
231.9277,5.1145,1269,0,0
231.9525,5.0903,1263,0,0
231.9773,5.0822,1261,0,0
232.0021,5.0782,1260,0,0
232.0269,5.0742,1259,0,0
232.0517,5.0943,1264,0,0
232.0766,5.1104,1268,0,0
232.1013,5.0862,1262,0,0
232.1261,5.0782,1260,0,0
232.1510,5.0862,1262,0,0
232.1758,5.0822,1261,0,0
232.2006,5.1265,1272,0,0
232.2254,5.0782,1260,0,0
232.2502,5.0943,1264,0,0
232.2750,5.0943,1264,0,0
232.2998,5.0742,1259,0,0
232.3246,5.1024,1266,0,0
232.3494,5.0782,1260,0,0
232.3742,5.0862,1262,0,0
232.3990,5.1024,1266,0,0
232.4238,5.0943,1264,0,0
232.4486,5.1104,1268,0,0
232.4734,5.0862,1262,0,0
232.4982,5.0822,1261,0,0
232.5230,5.0782,1260,0,0
232.5478,5.0943,1264,0,0
232.5726,5.0943,1264,0,0
232.5974,5.0782,1260,0,0
232.6222,5.0943,1264,0,0
232.6470,5.1225,1271,0,0
232.6718,5.0983,1265,0,0
232.6966,5.1145,1269,0,0
232.7214,5.0943,1264,0,0
232.7462,5.0983,1265,0,0
232.7710,5.0661,1257,0,0
232.7958,5.0943,1264,0,0
232.8206,5.1064,1267,0,0
232.8454,5.0943,1264,0,0
232.8702,5.0903,1263,0,0
232.8950,5.0782,1260,0,0
232.9198,5.0742,1259,0,0
232.9446,5.0782,1260,0,0
232.9694,5.0862,1262,0,0
232.9942,5.0983,1265,0,0
233.0190,5.0943,1264,0,0
233.0438,5.0379,1250,0,0
233.0686,5.0742,1259,0,0
233.0934,5.0903,1263,0,0
233.1183,5.0782,1260,0,0
233.1431,5.0782,1260,0,0
233.1679,5.0782,1260,0,0
233.1927,5.0862,1262,0,0
233.2175,5.0500,1253,0,0
233.2423,5.1024,1266,0,0
233.2671,5.0862,1262,0,0
233.2919,5.0983,1265,0,0
233.3167,5.0943,1264,0,0
233.3415,5.1145,1269,0,0
233.3663,5.0419,1251,0,0
233.3911,5.0943,1264,0,0
233.4159,5.1064,1267,0,0
233.4407,5.0943,1264,0,0
233.4655,5.0661,1257,0,0
233.4903,5.0782,1260,0,0
233.5151,5.1427,1276,0,0
233.5399,5.0782,1260,0,0
233.5647,5.0943,1264,0,0
233.5895,5.0782,1260,0,0
233.6143,5.0943,1264,0,0
233.6391,5.0943,1264,0,0
233.6639,5.0903,1263,0,0
233.6887,5.0943,1264,0,0
233.7135,5.0742,1259,0,0
233.7383,5.0903,1263,0,0
233.7631,5.1024,1266,0,0
233.7879,5.0822,1261,0,0
233.8127,5.0943,1264,0,0
233.8375,5.0742,1259,0,0
233.8623,5.0701,1258,0,0
233.8871,5.0983,1265,0,0
233.9119,5.0943,1264,0,0
233.9367,5.1024,1266,0,0
233.9615,5.0983,1265,0,0
233.9863,5.0661,1257,0,0
234.0111,5.0983,1265,0,0
234.0359,5.0862,1262,0,0
234.0607,5.0943,1264,0,0
234.0855,5.0661,1257,0,0
234.1104,5.0862,1262,0,0
234.1351,5.0782,1260,0,0
234.1600,5.0943,1264,0,0
234.1848,5.0862,1262,0,0
234.2096,5.0862,1262,0,0
234.2344,5.0943,1264,0,0
234.2592,5.0782,1260,0,0
234.2840,5.0943,1264,0,0
234.3088,5.0661,1257,0,0
234.3336,5.0782,1260,0,0
234.3584,5.0862,1262,0,0
234.3832,5.0540,1254,0,0
234.4080,5.0983,1265,0,0
234.4328,5.1064,1267,0,0
234.4576,5.0903,1263,0,0
234.4824,5.0903,1263,0,0
234.5072,5.0782,1260,0,0
234.5320,5.0379,1250,0,0
234.5568,5.0862,1262,0,0
234.5816,5.0943,1264,0,0
234.6064,5.0943,1264,0,0
234.6312,5.0983,1265,0,0
234.6560,5.0943,1264,0,0
234.6808,5.0983,1265,0,0
234.7056,5.0983,1265,0,0
234.7304,5.0983,1265,0,0
234.7552,5.0822,1261,0,0
234.7800,5.0822,1261,0,0
234.8048,5.0943,1264,0,0
234.8296,5.0943,1264,0,0
234.8544,5.0862,1262,0,0
234.8792,5.0983,1265,0,0
234.9040,5.0943,1264,0,0
234.9288,5.0742,1259,0,0
234.9536,5.0822,1261,0,0
234.9784,5.0782,1260,0,0
235.0032,5.0500,1253,0,0
235.0280,5.0862,1262,0,0
235.0528,5.0782,1260,0,0
235.0776,5.0742,1259,0,0
235.1024,5.0782,1260,0,0
235.1272,5.0983,1265,0,0
235.1521,5.0379,1250,0,0
235.1768,5.1265,1272,0,0
235.2017,5.0661,1257,0,0
235.2265,5.0983,1265,0,0
235.2513,5.0862,1262,0,0
235.2761,5.0862,1262,0,0
235.3009,5.0943,1264,0,0
235.3257,5.0419,1251,0,0
235.3505,5.0983,1265,0,0
235.3753,5.0903,1263,0,0
235.4001,5.0862,1262,0,0
235.4249,5.0983,1265,0,0
235.4497,5.0782,1260,0,0
235.4745,5.1265,1272,0,0
235.4993,5.1225,1271,0,0
235.5241,5.0903,1263,0,0
235.5489,5.0822,1261,0,0
235.5737,5.1346,1274,0,0
235.5985,5.0822,1261,0,0
235.6233,5.0742,1259,0,0
235.6481,5.0943,1264,0,0
235.6729,5.0379,1250,0,0
235.6977,5.0661,1257,0,0
235.7225,5.0661,1257,0,0
235.7473,5.1225,1271,0,0
235.7721,5.0822,1261,0,0
235.7969,5.0419,1251,0,0
235.8217,5.0782,1260,0,0
235.8465,5.1064,1267,0,0
235.8713,5.1265,1272,0,0
235.8961,5.0943,1264,0,0
235.9209,5.0742,1259,0,0
235.9457,5.0943,1264,0,0
235.9705,5.0983,1265,0,0
235.9953,5.0782,1260,0,0
236.0201,5.1064,1267,0,0
236.0449,5.0379,1250,0,0
236.0697,5.0379,1250,0,0
236.0945,5.1265,1272,0,0
236.1193,5.1064,1267,0,0
236.1441,5.0983,1265,0,0
236.1689,5.0983,1265,0,0
236.1938,5.0983,1265,0,0
236.2186,5.0419,1251,0,0
236.2434,5.0943,1264,0,0
236.2682,5.0782,1260,0,0
236.2930,5.0943,1264,0,0
236.3178,5.1064,1267,0,0
236.3426,5.0943,1264,0,0
236.3674,5.0983,1265,0,0
236.3922,5.0782,1260,0,0
236.4170,5.0862,1262,0,0
236.4418,5.0782,1260,0,0
236.4666,5.0742,1259,0,0
236.4914,5.0782,1260,0,0
236.5162,5.1104,1268,0,0
236.5410,5.0782,1260,0,0
236.5658,5.0782,1260,0,0
236.5906,5.0943,1264,0,0
236.6154,5.0862,1262,0,0
236.6402,5.0943,1264,0,0
236.6650,5.1064,1267,0,0
236.6898,5.0862,1262,0,0
236.7146,5.0822,1261,0,0
236.7394,5.0943,1264,0,0
236.7642,5.0701,1258,0,0
236.7890,5.0661,1257,0,0
236.8138,5.0943,1264,0,0
236.8386,5.0782,1260,0,0
236.8634,5.0661,1257,0,0
236.8882,5.0943,1264,0,0
236.9130,5.0983,1265,0,0
236.9378,5.1064,1267,0,0
236.9626,5.0862,1262,0,0
236.9874,5.0862,1262,0,0
237.0122,5.0943,1264,0,0
237.0370,5.1064,1267,0,0
237.0618,5.0661,1257,0,0
237.0866,5.0782,1260,0,0
237.1115,5.0782,1260,0,0
237.1362,5.0943,1264,0,0
237.1611,5.0782,1260,0,0
237.1859,5.0862,1262,0,0
237.2106,5.0943,1264,0,0
237.2355,5.0862,1262,0,0
237.2603,5.0862,1262,0,0
237.2851,5.0903,1263,0,0
237.3099,5.0943,1264,0,0
237.3347,5.0782,1260,0,0
237.3595,5.0782,1260,0,0
237.3843,5.0782,1260,0,0
237.4091,5.0943,1264,0,0
237.4339,5.1145,1269,0,0
237.4587,5.0862,1262,0,0
237.4835,5.0943,1264,0,0
237.5083,5.0742,1259,0,0
237.5331,5.0903,1263,0,0
237.5579,5.0983,1265,0,0
237.5827,5.0742,1259,0,0
237.6075,5.0822,1261,0,0
237.6323,5.0943,1264,0,0
237.6571,5.0862,1262,0,0
237.6819,5.0701,1258,0,0
237.7067,5.0903,1263,0,0
237.7315,5.0782,1260,0,0
237.7563,5.0782,1260,0,0
237.7811,5.0903,1263,0,0
237.8059,5.1104,1268,0,0
237.8307,5.0782,1260,0,0
237.8555,5.0742,1259,0,0
237.8803,5.0742,1259,0,0
237.9051,5.0782,1260,0,0
237.9299,5.0943,1264,0,0
237.9547,5.0782,1260,0,0
237.9795,5.0701,1258,0,0
238.0043,5.0862,1262,0,0
238.0291,5.1024,1266,0,0
238.0539,5.0742,1259,0,0
238.0787,5.0862,1262,0,0
238.1035,5.0943,1264,0,0
238.1283,5.0379,1250,0,0
238.1532,5.0862,1262,0,0
238.1779,5.0782,1260,0,0
238.2028,5.0822,1261,0,0
238.2276,5.0782,1260,0,0
238.2523,5.0943,1264,0,0
238.2772,5.0983,1265,0,0
238.3020,5.0943,1264,0,0
238.3268,5.0943,1264,0,0
238.3516,5.0943,1264,0,0
238.3764,5.0742,1259,0,0
238.4012,5.0742,1259,0,0
238.4260,5.0943,1264,0,0
238.4508,5.1225,1271,0,0
238.4756,5.0379,1250,0,0
238.5004,5.0903,1263,0,0
238.5252,5.0782,1260,0,0
238.5500,5.0903,1263,0,0
238.5748,5.1024,1266,0,0
238.5996,5.0782,1260,0,0
238.6244,5.0782,1260,0,0
238.6492,5.0943,1264,0,0
238.6740,5.0943,1264,0,0
238.6988,5.1064,1267,0,0
238.7236,5.0943,1264,0,0
238.7484,5.0419,1251,0,0
238.7732,5.0983,1265,0,0
238.7980,5.0822,1261,0,0
238.8228,5.0943,1264,0,0
238.8476,5.0943,1264,0,0
238.8724,5.0822,1261,0,0
238.8972,5.0862,1262,0,0
238.9220,5.0903,1263,0,0
238.9468,5.0943,1264,0,0
238.9716,5.0782,1260,0,0
238.9964,5.1346,1274,0,0
239.0212,5.0983,1265,0,0
239.0460,5.0943,1264,0,0
239.0708,5.0983,1265,0,0
239.0956,5.1104,1268,0,0
239.1204,5.0862,1262,0,0
239.1452,5.0862,1262,0,0
239.1700,5.0742,1259,0,0
239.1949,5.0943,1264,0,0
239.2197,5.1265,1272,0,0
239.2445,5.0742,1259,0,0
239.2693,5.0782,1260,0,0
239.2941,5.0862,1262,0,0
239.3189,5.0742,1259,0,0
239.3437,5.0822,1261,0,0
239.3685,5.0419,1251,0,0
239.3933,5.0701,1258,0,0
239.4181,5.1064,1267,0,0
239.4429,5.0862,1262,0,0
239.4677,5.0903,1263,0,0
239.4925,5.0782,1260,0,0
239.5173,5.0983,1265,0,0
239.5421,5.0943,1264,0,0
239.5669,5.0822,1261,0,0
239.5917,5.0862,1262,0,0
239.6165,5.0822,1261,0,0
239.6413,5.0742,1259,0,0
239.6661,5.0782,1260,0,0
239.6909,5.0742,1259,0,0
239.7157,5.1064,1267,0,0
239.7405,5.0943,1264,0,0
239.7653,5.0903,1263,0,0
239.7901,5.1265,1272,0,0
239.8149,5.0862,1262,0,0
239.8397,5.0661,1257,0,0
239.8645,5.0943,1264,0,0
239.8893,5.0782,1260,0,0
239.9141,5.0983,1265,0,0
239.9389,5.0822,1261,0,0
239.9637,5.0862,1262,0,0
239.9885,5.0862,1262,0,0
240.0133,5.0742,1259,0,0
240.0381,5.0943,1264,0,0
240.0629,5.0782,1260,0,0
240.0877,5.1145,1269,0,0
240.1125,5.0742,1259,0,0
240.1373,5.0822,1261,0,0
240.1621,5.1265,1272,0,0
240.1870,5.0661,1257,0,0
240.2117,5.0983,1265,0,0
240.2366,5.0943,1264,0,0
240.2614,5.0983,1265,0,0
240.2862,5.0782,1260,0,0
240.3110,5.1145,1269,0,0
240.3358,5.0983,1265,0,0
240.3606,5.0983,1265,0,0
240.3854,5.0943,1264,0,0
240.4102,5.0862,1262,0,0
240.4350,5.0943,1264,0,0
240.4598,5.1024,1266,0,0
240.4846,5.0782,1260,0,0
240.5094,5.0983,1265,0,0
240.5342,5.0782,1260,0,0
240.5590,5.0983,1265,0,0
240.5838,5.0943,1264,0,0
240.6086,5.0782,1260,0,0
240.6334,5.1064,1267,0,0
240.6582,5.0782,1260,0,0
240.6830,5.0782,1260,0,0
240.7078,5.0943,1264,0,0
240.7326,5.0943,1264,0,0
240.7574,5.1104,1268,0,0
240.7822,5.0983,1265,0,0
240.8070,5.0782,1260,0,0
240.8318,5.0983,1265,0,0
240.8566,5.0862,1262,0,0
240.8814,5.0862,1262,0,0
240.9062,5.0862,1262,0,0
240.9310,5.1024,1266,0,0
240.9558,5.0983,1265,0,0
240.9806,5.1024,1266,0,0
241.0054,5.0983,1265,0,0
241.0302,5.0862,1262,0,0
241.0550,5.0742,1259,0,0
241.0798,5.0983,1265,0,0
241.1046,5.1265,1272,0,0
241.1294,5.0862,1262,0,0
241.1543,5.0822,1261,0,0
241.1790,5.1064,1267,0,0
241.2038,5.0661,1257,0,0
241.2287,5.0983,1265,0,0
241.2534,5.0661,1257,0,0
241.2783,5.0862,1262,0,0
241.3031,5.0742,1259,0,0
241.3279,5.0943,1264,0,0
241.3527,5.0903,1263,0,0
241.3775,5.0983,1265,0,0
241.4023,5.0862,1262,0,0
241.4271,5.1064,1267,0,0
241.4519,5.0943,1264,0,0
241.4767,5.0983,1265,0,0
241.5015,5.0862,1262,0,0
241.5263,5.0903,1263,0,0
241.5511,5.0782,1260,0,0
241.5759,5.1145,1269,0,0
241.6007,5.0742,1259,0,0
241.6255,5.0822,1261,0,0
241.6503,5.0742,1259,0,0
241.6751,5.0903,1263,0,0
241.6999,5.0822,1261,0,0
241.7247,5.0742,1259,0,0
241.7495,5.1024,1266,0,0
241.7743,5.0862,1262,0,0
241.7991,5.0862,1262,0,0
241.8239,5.1064,1267,0,0
241.8487,5.0782,1260,0,0
241.8735,5.0983,1265,0,0
241.8983,5.0742,1259,0,0
241.9231,5.0983,1265,0,0
241.9479,5.0862,1262,0,0
241.9727,5.0661,1257,0,0
241.9975,5.0943,1264,0,0
242.0223,5.1104,1268,0,0
242.0471,5.0903,1263,0,0
242.0719,5.0903,1263,0,0
242.0967,5.0419,1251,0,0
242.1215,5.0782,1260,0,0
242.1463,5.0661,1257,0,0
242.1711,5.0943,1264,0,0
242.1960,5.0782,1260,0,0
242.2207,5.0661,1257,0,0
242.2455,5.0661,1257,0,0
242.2704,5.0782,1260,0,0
242.2952,5.0943,1264,0,0
242.3200,5.0862,1262,0,0
242.3448,5.0862,1262,0,0
242.3696,5.0983,1265,0,0
242.3944,5.0862,1262,0,0
242.4192,5.0862,1262,0,0
242.4440,5.1104,1268,0,0
242.4688,5.0983,1265,0,0
242.4936,5.1064,1267,0,0
242.5184,5.0943,1264,0,0
242.5432,5.0943,1264,0,0
242.5680,5.0862,1262,0,0
242.5928,5.0782,1260,0,0
242.6176,5.0782,1260,0,0
242.6424,5.1104,1268,0,0
242.6672,5.0661,1257,0,0
242.6920,5.1225,1271,0,0
242.7168,5.0903,1263,0,0
242.7416,5.0822,1261,0,0
242.7664,5.0983,1265,0,0
242.7912,5.0701,1258,0,0
242.8160,5.0862,1262,0,0
242.8408,5.1064,1267,0,0
242.8656,5.0983,1265,0,0
242.8904,5.0580,1255,0,0
242.9152,5.0822,1261,0,0
242.9400,5.0742,1259,0,0
242.9648,5.0661,1257,0,0
242.9896,5.0943,1264,0,0
243.0144,5.1346,1274,0,0
243.0392,5.0983,1265,0,0
243.0640,5.0943,1264,0,0
243.0888,5.0943,1264,0,0
243.1136,5.0983,1265,0,0
243.1384,5.0943,1264,0,0
243.1632,5.1064,1267,0,0
243.1880,5.0782,1260,0,0
243.2128,5.0943,1264,0,0
243.2377,5.0943,1264,0,0
243.2625,5.0903,1263,0,0
243.2873,5.0782,1260,0,0
243.3121,5.1265,1272,0,0
243.3369,5.1024,1266,0,0
243.3617,5.0903,1263,0,0
243.3865,5.1145,1269,0,0
243.4113,5.0983,1265,0,0
243.4361,5.0822,1261,0,0
243.4609,5.0862,1262,0,0
243.4857,5.0903,1263,0,0
243.5105,5.0943,1264,0,0
243.5353,5.0822,1261,0,0
243.5601,5.1427,1276,0,0
243.5849,5.0983,1265,0,0
243.6097,5.0742,1259,0,0
243.6345,5.0822,1261,0,0
243.6593,5.0903,1263,0,0
243.6841,5.0903,1263,0,0
243.7089,5.0419,1251,0,0
243.7337,5.0661,1257,0,0
243.7585,5.1265,1272,0,0
243.7833,5.0903,1263,0,0
243.8081,5.0943,1264,0,0
243.8329,5.0742,1259,0,0
243.8577,5.0903,1263,0,0
243.8825,5.1346,1274,0,0
243.9073,5.0943,1264,0,0
243.9321,5.0782,1260,0,0
243.9569,5.0943,1264,0,0
243.9817,5.1265,1272,0,0
244.0065,5.0983,1265,0,0
244.0313,5.1265,1272,0,0
244.0561,5.0943,1264,0,0
244.0809,5.0701,1258,0,0
244.1057,5.0782,1260,0,0
244.1305,5.0782,1260,0,0
244.1553,5.0782,1260,0,0
244.1801,5.0983,1265,0,0
244.2049,5.0782,1260,0,0
244.2298,5.0943,1264,0,0
244.2545,5.0782,1260,0,0
244.2794,5.0742,1259,0,0
244.3042,5.1225,1271,0,0
244.3290,5.0822,1261,0,0
244.3538,5.0862,1262,0,0
244.3786,5.0782,1260,0,0
244.4034,5.0782,1260,0,0
244.4282,5.0943,1264,0,0
244.4530,5.0943,1264,0,0
244.4778,5.0983,1265,0,0
244.5026,5.0661,1257,0,0
244.5274,5.1145,1269,0,0
244.5522,5.0822,1261,0,0
244.5770,5.0782,1260,0,0
244.6018,5.0782,1260,0,0
244.6266,5.0943,1264,0,0
244.6514,5.0782,1260,0,0
244.6762,5.1306,1273,0,0
244.7010,5.1265,1272,0,0
244.7258,5.0862,1262,0,0
244.7506,5.1104,1268,0,0
244.7754,5.0742,1259,0,0
244.8002,5.0782,1260,0,0
244.8250,5.1145,1269,0,0
244.8498,5.0943,1264,0,0
244.8746,5.0943,1264,0,0
244.8994,5.0782,1260,0,0
244.9242,5.0742,1259,0,0
244.9490,5.0782,1260,0,0
244.9738,5.1507,1278,0,0
244.9986,5.0742,1259,0,0
245.0234,5.1225,1271,0,0
245.0482,5.0943,1264,0,0
245.0730,5.0862,1262,0,0
245.0978,5.0983,1265,0,0
245.1226,5.0822,1261,0,0
245.1474,5.0419,1251,0,0
245.1722,5.1024,1266,0,0
245.1970,5.0943,1264,0,0
245.2218,5.0218,1246,0,0
245.2466,5.0782,1260,0,0
245.2715,5.0782,1260,0,0
245.2962,5.0943,1264,0,0
245.3211,5.0943,1264,0,0
245.3459,5.1225,1271,0,0
245.3707,5.0983,1265,0,0
245.3955,5.0943,1264,0,0
245.4203,5.0822,1261,0,0
245.4451,5.0661,1257,0,0
245.4699,5.1427,1276,0,0
245.4947,5.0379,1250,0,0
245.5195,5.0862,1262,0,0
245.5443,5.0943,1264,0,0
245.5691,5.0661,1257,0,0
245.5939,5.0782,1260,0,0
245.6187,5.0943,1264,0,0
245.6435,5.0782,1260,0,0
245.6683,5.0983,1265,0,0
245.6931,5.0701,1258,0,0
245.7179,5.0983,1265,0,0
245.7427,5.0701,1258,0,0
245.7675,5.0742,1259,0,0
245.7923,5.0983,1265,0,0
245.8171,5.0943,1264,0,0
245.8419,5.1145,1269,0,0
245.8667,5.0782,1260,0,0
245.8915,5.0862,1262,0,0
245.9163,5.0943,1264,0,0
245.9411,5.0742,1259,0,0
245.9659,5.0782,1260,0,0
245.9907,5.0903,1263,0,0
246.0155,5.1104,1268,0,0
246.0403,5.0782,1260,0,0
246.0651,5.0782,1260,0,0
246.0899,5.0862,1262,0,0
246.1147,5.0661,1257,0,0
246.1395,5.1024,1266,0,0
246.1643,5.0782,1260,0,0
246.1891,5.0379,1250,0,0
246.2139,5.0822,1261,0,0
246.2388,5.0983,1265,0,0
246.2635,5.0943,1264,0,0
246.2883,5.1024,1266,0,0
246.3132,5.0943,1264,0,0
246.3380,5.1064,1267,0,0
246.3628,5.0943,1264,0,0
246.3876,5.0661,1257,0,0
246.4124,5.0782,1260,0,0
246.4372,5.0782,1260,0,0
246.4620,5.1064,1267,0,0
246.4868,5.1024,1266,0,0
246.5116,5.0862,1262,0,0
246.5364,5.0943,1264,0,0
246.5612,5.0943,1264,0,0
246.5860,5.1064,1267,0,0
246.6108,5.0782,1260,0,0
246.6356,5.0943,1264,0,0
246.6604,5.0903,1263,0,0
246.6852,5.0862,1262,0,0
246.7100,5.0540,1254,0,0
246.7348,5.0943,1264,0,0
246.7596,5.0661,1257,0,0
246.7844,5.0822,1261,0,0
246.8092,5.0782,1260,0,0
246.8340,5.0782,1260,0,0
246.8588,5.1104,1268,0,0
246.8836,5.0742,1259,0,0
246.9084,5.1104,1268,0,0
246.9332,5.0983,1265,0,0
246.9580,5.0742,1259,0,0
246.9828,5.0862,1262,0,0
247.0076,5.0782,1260,0,0
247.0324,5.1024,1266,0,0
247.0572,5.0782,1260,0,0
247.0820,5.0862,1262,0,0
247.1068,5.0862,1262,0,0
247.1316,5.0862,1262,0,0
247.1564,5.0782,1260,0,0
247.1812,5.0943,1264,0,0
247.2060,5.0782,1260,0,0
247.2309,5.1225,1271,0,0
247.2556,5.1064,1267,0,0
247.2805,5.0661,1257,0,0
247.3053,5.0862,1262,0,0
247.3300,5.0943,1264,0,0
247.3549,5.0983,1265,0,0
247.3797,5.0782,1260,0,0
247.4045,5.0943,1264,0,0
247.4293,5.0782,1260,0,0
247.4541,5.1064,1267,0,0
247.4789,5.0862,1262,0,0
247.5037,5.1265,1272,0,0
247.5285,5.0782,1260,0,0
247.5533,5.0742,1259,0,0
247.5781,5.1104,1268,0,0
247.6029,5.0903,1263,0,0
247.6277,5.0742,1259,0,0
247.6525,5.0782,1260,0,0
247.6773,5.0862,1262,0,0
247.7021,5.0943,1264,0,0
247.7269,5.0500,1253,0,0
247.7517,5.0983,1265,0,0
247.7765,5.1064,1267,0,0
247.8013,5.0661,1257,0,0
247.8261,5.0903,1263,0,0
247.8509,5.0862,1262,0,0
247.8757,5.1265,1272,0,0
247.9005,5.0943,1264,0,0
247.9253,5.0782,1260,0,0
247.9501,5.0943,1264,0,0
247.9749,5.1064,1267,0,0
247.9997,5.0419,1251,0,0
248.0245,5.0782,1260,0,0
248.0493,5.0742,1259,0,0
248.0741,5.1225,1271,0,0
248.0989,5.0983,1265,0,0
248.1237,5.0782,1260,0,0
248.1485,5.0862,1262,0,0
248.1733,5.0742,1259,0,0
248.1981,5.1024,1266,0,0
248.2229,5.0943,1264,0,0
248.2477,5.0943,1264,0,0
248.2726,5.1104,1268,0,0
248.2973,5.0943,1264,0,0
248.3222,5.0943,1264,0,0
248.3470,5.1265,1272,0,0
248.3718,5.0903,1263,0,0
248.3966,5.0661,1257,0,0
248.4214,5.0782,1260,0,0
248.4462,5.0903,1263,0,0
248.4710,5.0782,1260,0,0
248.4958,5.0983,1265,0,0
248.5206,5.0903,1263,0,0
248.5454,5.0822,1261,0,0
248.5702,5.0903,1263,0,0
248.5950,5.0661,1257,0,0
248.6198,5.1064,1267,0,0
248.6446,5.1024,1266,0,0
248.6694,5.0742,1259,0,0
248.6942,5.1225,1271,0,0
248.7190,5.1386,1275,0,0
248.7438,5.0742,1259,0,0
248.7686,5.0943,1264,0,0
248.7934,5.0862,1262,0,0
248.8182,5.0742,1259,0,0
248.8430,5.1265,1272,0,0
248.8678,5.0943,1264,0,0
248.8926,5.0983,1265,0,0
248.9174,5.1064,1267,0,0
248.9422,5.0903,1263,0,0
248.9670,5.0862,1262,0,0
248.9918,5.0782,1260,0,0
249.0166,5.0782,1260,0,0
249.0414,5.0419,1251,0,0
249.0662,5.0943,1264,0,0
249.0910,5.0943,1264,0,0
249.1158,5.1225,1271,0,0
249.1406,5.0782,1260,0,0
249.1654,5.0983,1265,0,0
249.1902,5.0862,1262,0,0
249.2150,5.0903,1263,0,0
249.2398,5.0943,1264,0,0
249.2646,5.0862,1262,0,0
249.2894,5.0742,1259,0,0
249.3143,5.0943,1264,0,0
249.3391,5.1104,1268,0,0
249.3639,5.1064,1267,0,0
249.3887,5.0782,1260,0,0
249.4135,5.0862,1262,0,0
249.4383,5.0500,1253,0,0
249.4631,5.0983,1265,0,0
249.4879,5.0862,1262,0,0
249.5127,5.0782,1260,0,0
249.5375,5.0782,1260,0,0
249.5623,5.0782,1260,0,0
249.5871,5.0862,1262,0,0
249.6119,5.0862,1262,0,0
249.6367,5.0903,1263,0,0
249.6615,5.0983,1265,0,0
249.6863,5.0943,1264,0,0
249.7111,5.0943,1264,0,0
249.7359,5.0742,1259,0,0
249.7607,5.1064,1267,0,0
249.7855,5.0701,1258,0,0
249.8103,5.0782,1260,0,0
249.8351,5.1225,1271,0,0
249.8599,5.0943,1264,0,0
249.8847,5.0782,1260,0,0
249.9095,5.0983,1265,0,0
249.9343,5.0983,1265,0,0
249.9591,5.0822,1261,0,0
249.9839,5.1064,1267,0,0
250.0087,5.0782,1260,0,0
250.0335,5.0943,1264,0,0
250.0583,5.0379,1250,0,0
250.0831,5.1346,1274,0,0
250.1079,5.0943,1264,0,0
250.1327,5.0943,1264,0,0
250.1575,5.0943,1264,0,0
250.1823,5.0701,1258,0,0
250.2071,5.0983,1265,0,0
250.2319,5.0983,1265,0,0
250.2567,5.0822,1261,0,0
250.2815,5.1225,1271,0,0
250.3064,5.0822,1261,0,0
250.3311,5.0862,1262,0,0
250.3560,5.1427,1276,0,0
250.3808,5.0903,1263,0,0
250.4056,5.1145,1269,0,0
250.4304,5.0661,1257,0,0
250.4552,5.0943,1264,0,0
250.4800,5.0862,1262,0,0
250.5048,5.1225,1271,0,0
250.5296,5.0862,1262,0,0
250.5544,5.0661,1257,0,0
250.5792,5.0943,1264,0,0
250.6040,5.0742,1259,0,0
250.6288,5.0943,1264,0,0
250.6536,5.1104,1268,0,0
250.6784,5.0782,1260,0,0
250.7032,5.1225,1271,0,0
250.7280,5.0742,1259,0,0
250.7528,5.0943,1264,0,0
250.7776,5.1024,1266,0,0
250.8024,5.0903,1263,0,0
250.8272,5.0903,1263,0,0
250.8520,5.0862,1262,0,0
250.8768,5.0661,1257,0,0
250.9016,5.0943,1264,0,0
250.9264,5.0983,1265,0,0
250.9512,5.0862,1262,0,0
250.9760,5.0943,1264,0,0
251.0008,5.1265,1272,0,0
251.0256,5.0903,1263,0,0
251.0504,5.0983,1265,0,0
251.0752,5.0943,1264,0,0
251.1000,5.0782,1260,0,0
251.1248,5.0862,1262,0,0
251.1496,5.0983,1265,0,0
251.1744,5.0862,1262,0,0
251.1992,5.0742,1259,0,0
251.2240,5.0943,1264,0,0
251.2488,5.0983,1265,0,0
251.2737,5.1024,1266,0,0
251.2984,5.0822,1261,0,0
251.3232,5.0742,1259,0,0
251.3481,5.0782,1260,0,0
251.3728,5.0822,1261,0,0
251.3977,5.0983,1265,0,0
251.4225,5.1346,1274,0,0
251.4473,5.0661,1257,0,0
251.4721,5.0782,1260,0,0
251.4969,5.0903,1263,0,0
251.5217,5.0943,1264,0,0
251.5465,5.1024,1266,0,0
251.5713,5.0500,1253,0,0
251.5961,5.0943,1264,0,0
251.6209,5.0782,1260,0,0
251.6457,5.0943,1264,0,0
251.6705,5.1064,1267,0,0
251.6953,5.0862,1262,0,0
251.7201,5.0862,1262,0,0
251.7449,5.0822,1261,0,0
251.7697,5.0782,1260,0,0
251.7945,5.0903,1263,0,0
251.8193,5.0983,1265,0,0
251.8441,5.0903,1263,0,0
251.8689,5.0822,1261,0,0
251.8937,5.0903,1263,0,0
251.9185,5.0862,1262,0,0
251.9433,5.1024,1266,0,0
251.9681,5.1024,1266,0,0
251.9929,5.0903,1263,0,0
252.0177,5.0742,1259,0,0
252.0425,5.1064,1267,0,0
252.0673,5.0742,1259,0,0
252.0921,5.0822,1261,0,0
252.1169,5.1145,1269,0,0
252.1417,5.1104,1268,0,0
252.1665,5.0782,1260,0,0
252.1913,5.0822,1261,0,0
252.2161,5.0862,1262,0,0
252.2409,5.0943,1264,0,0
252.2657,5.0903,1263,0,0
252.2905,5.0742,1259,0,0
252.3154,5.0943,1264,0,0
252.3401,5.0782,1260,0,0
252.3650,5.0943,1264,0,0
252.3898,5.0862,1262,0,0
252.4146,5.0903,1263,0,0
252.4394,5.0983,1265,0,0
252.4642,5.0701,1258,0,0
252.4890,5.0943,1264,0,0
252.5138,5.0983,1265,0,0
252.5386,5.0742,1259,0,0
252.5634,5.0701,1258,0,0
252.5882,5.0822,1261,0,0
252.6130,5.0862,1262,0,0
252.6378,5.0943,1264,0,0
252.6626,5.0943,1264,0,0
252.6874,5.0943,1264,0,0
252.7122,5.0943,1264,0,0
252.7370,5.0983,1265,0,0
252.7618,5.1064,1267,0,0
252.7866,5.0782,1260,0,0
252.8114,5.0822,1261,0,0
252.8362,5.0943,1264,0,0
252.8610,5.0782,1260,0,0
252.8858,5.0661,1257,0,0
252.9106,5.0782,1260,0,0
252.9354,5.0943,1264,0,0
252.9602,5.0822,1261,0,0
252.9850,5.0782,1260,0,0
253.0098,5.1104,1268,0,0
253.0346,5.0862,1262,0,0
253.0594,5.0742,1259,0,0
253.0842,5.0782,1260,0,0
253.1090,5.1104,1268,0,0
253.1338,5.1145,1269,0,0
253.1586,5.0782,1260,0,0
253.1834,5.1024,1266,0,0
253.2082,5.0782,1260,0,0
253.2330,5.0943,1264,0,0
253.2578,5.0943,1264,0,0
253.2826,5.0943,1264,0,0
253.3074,5.0661,1257,0,0
253.3322,5.0862,1262,0,0
253.3571,5.0943,1264,0,0
253.3819,5.1225,1271,0,0
253.4067,5.0943,1264,0,0
253.4315,5.0782,1260,0,0
253.4563,5.1064,1267,0,0
253.4811,5.0903,1263,0,0
253.5059,5.0943,1264,0,0
253.5307,5.0903,1263,0,0
253.5555,5.0943,1264,0,0
253.5803,5.0943,1264,0,0
253.6051,5.0661,1257,0,0
253.6299,5.0983,1265,0,0
253.6547,5.0782,1260,0,0
253.6795,5.0661,1257,0,0
253.7043,5.1064,1267,0,0
253.7291,5.0903,1263,0,0
253.7539,5.0661,1257,0,0
253.7787,5.0782,1260,0,0
253.8035,5.1024,1266,0,0
253.8283,5.0983,1265,0,0
253.8531,5.0782,1260,0,0
253.8779,5.0782,1260,0,0
253.9027,5.1225,1271,0,0
253.9275,5.0943,1264,0,0
253.9523,5.0943,1264,0,0
253.9771,5.0782,1260,0,0
254.0019,5.0379,1250,0,0
254.0267,5.0661,1257,0,0
254.0515,5.1225,1271,0,0
254.0763,5.1064,1267,0,0
254.1011,5.0782,1260,0,0
254.1259,5.0943,1264,0,0
254.1507,5.0862,1262,0,0
254.1755,5.0419,1251,0,0
254.2003,5.0782,1260,0,0
254.2251,5.0943,1264,0,0
254.2499,5.0903,1263,0,0
254.2747,5.0983,1265,0,0
254.2995,5.0943,1264,0,0
254.3243,5.0943,1264,0,0
254.3492,5.0983,1265,0,0
254.3739,5.0661,1257,0,0
254.3988,5.1064,1267,0,0
254.4236,5.1064,1267,0,0
254.4484,5.0943,1264,0,0
254.4732,5.0782,1260,0,0
254.4980,5.0943,1264,0,0
254.5228,5.1306,1273,0,0
254.5476,5.1064,1267,0,0
254.5724,5.0862,1262,0,0
254.5972,5.0822,1261,0,0
254.6220,5.0782,1260,0,0
254.6468,5.0862,1262,0,0
254.6716,5.0661,1257,0,0
254.6964,5.1225,1271,0,0
254.7212,5.0862,1262,0,0
254.7460,5.0943,1264,0,0
254.7708,5.0822,1261,0,0
254.7956,5.0943,1264,0,0
254.8204,5.0862,1262,0,0
254.8452,5.0943,1264,0,0
254.8700,5.0943,1264,0,0
254.8948,5.0782,1260,0,0
254.9196,5.1024,1266,0,0
254.9444,5.0782,1260,0,0
254.9692,5.0782,1260,0,0
254.9940,5.0782,1260,0,0
255.0188,5.0943,1264,0,0
255.0436,5.1064,1267,0,0
255.0684,5.0782,1260,0,0
255.0932,5.0983,1265,0,0
255.1180,5.0903,1263,0,0
255.1428,5.0701,1258,0,0
255.1676,5.0862,1262,0,0
255.1924,5.0983,1265,0,0
255.2172,5.1265,1272,0,0
255.2420,5.0742,1259,0,0
255.2668,5.0661,1257,0,0
255.2916,5.0822,1261,0,0
255.3165,5.0943,1264,0,0
255.3412,5.0862,1262,0,0
255.3660,5.0782,1260,0,0
255.3909,5.0983,1265,0,0
255.4156,5.0782,1260,0,0
255.4405,5.0862,1262,0,0
255.4653,5.1064,1267,0,0
255.4901,5.1145,1269,0,0
255.5149,5.0782,1260,0,0
255.5397,5.0943,1264,0,0
255.5645,5.0742,1259,0,0
255.5893,5.0782,1260,0,0
255.6141,5.0742,1259,0,0
255.6389,5.0943,1264,0,0
255.6637,5.0782,1260,0,0
255.6885,5.0338,1249,0,0
255.7133,5.0862,1262,0,0
255.7381,5.1265,1272,0,0
255.7629,5.0943,1264,0,0
255.7877,5.0742,1259,0,0
255.8125,5.0742,1259,0,0
255.8373,5.0742,1259,0,0
255.8621,5.0782,1260,0,0
255.8869,5.0782,1260,0,0
255.9117,5.0742,1259,0,0
255.9365,5.0983,1265,0,0
255.9613,5.1064,1267,0,0
255.9861,5.0580,1255,0,0
256.0109,5.0661,1257,0,0
256.0357,5.0862,1262,0,0
256.0605,5.0822,1261,0,0
256.0853,5.0701,1258,0,0
256.1101,5.0862,1262,0,0
256.1349,5.0782,1260,0,0
256.1597,5.0943,1264,0,0
256.1845,5.0943,1264,0,0
256.2093,5.0742,1259,0,0
256.2341,5.0782,1260,0,0
256.2589,5.0822,1261,0,0
256.2838,5.1265,1272,0,0
256.3085,5.0943,1264,0,0
256.3333,5.0943,1264,0,0
256.3582,5.1104,1268,0,0
256.3830,5.0983,1265,0,0
256.4077,5.1064,1267,0,0
256.4326,5.0943,1264,0,0
256.4574,5.0943,1264,0,0
256.4821,5.0983,1265,0,0
256.5070,5.1064,1267,0,0
256.5318,5.0862,1262,0,0
256.5566,5.0782,1260,0,0
256.5814,5.1064,1267,0,0
256.6062,5.1265,1272,0,0
256.6310,5.0742,1259,0,0
256.6558,5.0943,1264,0,0
256.6806,5.0782,1260,0,0
256.7054,5.0822,1261,0,0
256.7302,5.0822,1261,0,0
256.7550,5.0943,1264,0,0
256.7798,5.0943,1264,0,0
256.8046,5.1265,1272,0,0
256.8294,5.0661,1257,0,0
256.8542,5.0500,1253,0,0
256.8790,5.1024,1266,0,0
256.9038,5.0983,1265,0,0
256.9286,5.0742,1259,0,0
256.9534,5.0742,1259,0,0
256.9782,5.0983,1265,0,0
257.0030,5.0943,1264,0,0
257.0278,5.1064,1267,0,0
257.0526,5.1024,1266,0,0
257.0774,5.0862,1262,0,0
257.1022,5.0983,1265,0,0
257.1270,5.0943,1264,0,0
257.1518,5.1104,1268,0,0
257.1766,5.0943,1264,0,0
257.2014,5.1225,1271,0,0
257.2262,5.0742,1259,0,0
257.2510,5.0903,1263,0,0
257.2758,5.0661,1257,0,0
257.3006,5.0983,1265,0,0
257.3254,5.0943,1264,0,0
257.3503,5.0822,1261,0,0
257.3751,5.0983,1265,0,0
257.3998,5.0782,1260,0,0
257.4247,5.0943,1264,0,0
257.4495,5.0983,1265,0,0
257.4742,5.0943,1264,0,0
257.4991,5.0903,1263,0,0
257.5239,5.0903,1263,0,0
257.5487,5.1064,1267,0,0
257.5735,5.0983,1265,0,0
257.5983,5.1225,1271,0,0
257.6231,5.0782,1260,0,0
257.6479,5.0742,1259,0,0
257.6727,5.0782,1260,0,0
257.6975,5.0943,1264,0,0
257.7223,5.0742,1259,0,0
257.7471,5.0782,1260,0,0
257.7719,5.0862,1262,0,0
257.7967,5.0742,1259,0,0
257.8215,5.0943,1264,0,0
257.8463,5.1265,1272,0,0
257.8711,5.1064,1267,0,0
257.8959,5.0701,1258,0,0
257.9207,5.0943,1264,0,0
257.9455,5.0580,1255,0,0
257.9703,5.0862,1262,0,0
257.9951,5.0822,1261,0,0
258.0199,5.0943,1264,0,0
258.0447,5.0742,1259,0,0
258.0695,5.0862,1262,0,0
258.0943,5.1265,1272,0,0
258.1191,5.0742,1259,0,0
258.1439,5.1064,1267,0,0
258.1687,5.1064,1267,0,0
258.1935,5.0862,1262,0,0
258.2183,5.0943,1264,0,0
258.2431,5.1024,1266,0,0
258.2679,5.0782,1260,0,0
258.2927,5.0742,1259,0,0
258.3175,5.1145,1269,0,0
258.3423,5.0782,1260,0,0
258.3672,5.0782,1260,0,0
258.3919,5.0943,1264,0,0
258.4167,5.0943,1264,0,0
258.4416,5.0822,1261,0,0
258.4664,5.0862,1262,0,0
258.4911,5.1145,1269,0,0
258.5160,5.0782,1260,0,0
258.5408,5.1306,1273,0,0
258.5656,5.1024,1266,0,0
258.5904,5.1104,1268,0,0
258.6152,5.1024,1266,0,0
258.6400,5.1064,1267,0,0
258.6648,5.0782,1260,0,0
258.6896,5.0742,1259,0,0
258.7144,5.1024,1266,0,0
