ISO-10303-21;
HEADER;
/* Generated by software containing ST-Developer
 * from STEP Tools, Inc. (www.steptools.com)
 */

FILE_DESCRIPTION(
/* description */ (''),
/* implementation_level */ '2;1');

FILE_NAME(
/* name */ 'Castle.step',
/* time_stamp */ '2026-08-11T11:39:12-05:00',
/* author */ (''),
/* organization */ (''),
/* preprocessor_version */ 'ST-DEVELOPER v20.1',
/* originating_system */ 'Autodesk Translation Framework v15.8.0.0',
/* authorisation */ '');

FILE_SCHEMA (('AUTOMOTIVE_DESIGN { 1 0 10303 214 3 1 1 }'));
ENDSEC;

DATA;
#10=MECHANICAL_DESIGN_GEOMETRIC_PRESENTATION_REPRESENTATION('',(#13),#2506);
#11=SHAPE_REPRESENTATION_RELATIONSHIP('SRR','None',#2513,#12);
#12=ADVANCED_BREP_SHAPE_REPRESENTATION('',(#14),#2505);
#13=STYLED_ITEM('',(#2522),#14);
#14=MANIFOLD_SOLID_BREP('Body1',#1415);
#15=FACE_BOUND('',#250,.T.);
#16=CYLINDRICAL_SURFACE('',#1580,25.5);
#17=CYLINDRICAL_SURFACE('',#1582,25.5000105992902);
#18=CYLINDRICAL_SURFACE('',#1584,25.5);
#19=CYLINDRICAL_SURFACE('',#1586,25.5000105992903);
#20=CYLINDRICAL_SURFACE('',#1588,25.5);
#21=CYLINDRICAL_SURFACE('',#1590,25.500012087081);
#22=CYLINDRICAL_SURFACE('',#1592,25.5);
#23=CYLINDRICAL_SURFACE('',#1594,25.5000120639496);
#24=CYLINDRICAL_SURFACE('',#1597,25.5);
#25=CYLINDRICAL_SURFACE('',#1600,25.5000120558898);
#26=CYLINDRICAL_SURFACE('',#1603,25.5);
#27=CYLINDRICAL_SURFACE('',#1605,25.5000120639801);
#28=CYLINDRICAL_SURFACE('',#1607,27.5);
#29=PLANE('',#1435);
#30=PLANE('',#1436);
#31=PLANE('',#1437);
#32=PLANE('',#1444);
#33=PLANE('',#1445);
#34=PLANE('',#1446);
#35=PLANE('',#1454);
#36=PLANE('',#1455);
#37=PLANE('',#1456);
#38=PLANE('',#1463);
#39=PLANE('',#1464);
#40=PLANE('',#1465);
#41=PLANE('',#1473);
#42=PLANE('',#1474);
#43=PLANE('',#1475);
#44=PLANE('',#1482);
#45=PLANE('',#1483);
#46=PLANE('',#1484);
#47=PLANE('',#1492);
#48=PLANE('',#1493);
#49=PLANE('',#1494);
#50=PLANE('',#1501);
#51=PLANE('',#1502);
#52=PLANE('',#1503);
#53=PLANE('',#1510);
#54=PLANE('',#1511);
#55=PLANE('',#1512);
#56=PLANE('',#1519);
#57=PLANE('',#1520);
#58=PLANE('',#1521);
#59=PLANE('',#1529);
#60=PLANE('',#1530);
#61=PLANE('',#1531);
#62=PLANE('',#1532);
#63=PLANE('',#1535);
#64=PLANE('',#1539);
#65=PLANE('',#1542);
#66=PLANE('',#1547);
#67=PLANE('',#1550);
#68=PLANE('',#1554);
#69=PLANE('',#1557);
#70=PLANE('',#1561);
#71=PLANE('',#1564);
#72=PLANE('',#1568);
#73=PLANE('',#1577);
#74=PLANE('',#1578);
#75=PLANE('',#1579);
#76=PLANE('',#1610);
#77=PLANE('',#1611);
#78=FACE_OUTER_BOUND('',#164,.T.);
#79=FACE_OUTER_BOUND('',#165,.T.);
#80=FACE_OUTER_BOUND('',#166,.T.);
#81=FACE_OUTER_BOUND('',#167,.T.);
#82=FACE_OUTER_BOUND('',#168,.T.);
#83=FACE_OUTER_BOUND('',#169,.T.);
#84=FACE_OUTER_BOUND('',#170,.T.);
#85=FACE_OUTER_BOUND('',#171,.T.);
#86=FACE_OUTER_BOUND('',#172,.T.);
#87=FACE_OUTER_BOUND('',#173,.T.);
#88=FACE_OUTER_BOUND('',#174,.T.);
#89=FACE_OUTER_BOUND('',#175,.T.);
#90=FACE_OUTER_BOUND('',#176,.T.);
#91=FACE_OUTER_BOUND('',#177,.T.);
#92=FACE_OUTER_BOUND('',#178,.T.);
#93=FACE_OUTER_BOUND('',#179,.T.);
#94=FACE_OUTER_BOUND('',#180,.T.);
#95=FACE_OUTER_BOUND('',#181,.T.);
#96=FACE_OUTER_BOUND('',#182,.T.);
#97=FACE_OUTER_BOUND('',#183,.T.);
#98=FACE_OUTER_BOUND('',#184,.T.);
#99=FACE_OUTER_BOUND('',#185,.T.);
#100=FACE_OUTER_BOUND('',#186,.T.);
#101=FACE_OUTER_BOUND('',#187,.T.);
#102=FACE_OUTER_BOUND('',#188,.T.);
#103=FACE_OUTER_BOUND('',#189,.T.);
#104=FACE_OUTER_BOUND('',#190,.T.);
#105=FACE_OUTER_BOUND('',#191,.T.);
#106=FACE_OUTER_BOUND('',#192,.T.);
#107=FACE_OUTER_BOUND('',#193,.T.);
#108=FACE_OUTER_BOUND('',#194,.T.);
#109=FACE_OUTER_BOUND('',#195,.T.);
#110=FACE_OUTER_BOUND('',#196,.T.);
#111=FACE_OUTER_BOUND('',#197,.T.);
#112=FACE_OUTER_BOUND('',#198,.T.);
#113=FACE_OUTER_BOUND('',#199,.T.);
#114=FACE_OUTER_BOUND('',#200,.T.);
#115=FACE_OUTER_BOUND('',#201,.T.);
#116=FACE_OUTER_BOUND('',#202,.T.);
#117=FACE_OUTER_BOUND('',#203,.T.);
#118=FACE_OUTER_BOUND('',#204,.T.);
#119=FACE_OUTER_BOUND('',#205,.T.);
#120=FACE_OUTER_BOUND('',#206,.T.);
#121=FACE_OUTER_BOUND('',#207,.T.);
#122=FACE_OUTER_BOUND('',#208,.T.);
#123=FACE_OUTER_BOUND('',#209,.T.);
#124=FACE_OUTER_BOUND('',#210,.T.);
#125=FACE_OUTER_BOUND('',#211,.T.);
#126=FACE_OUTER_BOUND('',#212,.T.);
#127=FACE_OUTER_BOUND('',#213,.T.);
#128=FACE_OUTER_BOUND('',#214,.T.);
#129=FACE_OUTER_BOUND('',#215,.T.);
#130=FACE_OUTER_BOUND('',#216,.T.);
#131=FACE_OUTER_BOUND('',#217,.T.);
#132=FACE_OUTER_BOUND('',#218,.T.);
#133=FACE_OUTER_BOUND('',#219,.T.);
#134=FACE_OUTER_BOUND('',#220,.T.);
#135=FACE_OUTER_BOUND('',#221,.T.);
#136=FACE_OUTER_BOUND('',#222,.T.);
#137=FACE_OUTER_BOUND('',#223,.T.);
#138=FACE_OUTER_BOUND('',#224,.T.);
#139=FACE_OUTER_BOUND('',#225,.T.);
#140=FACE_OUTER_BOUND('',#226,.T.);
#141=FACE_OUTER_BOUND('',#227,.T.);
#142=FACE_OUTER_BOUND('',#228,.T.);
#143=FACE_OUTER_BOUND('',#229,.T.);
#144=FACE_OUTER_BOUND('',#230,.T.);
#145=FACE_OUTER_BOUND('',#231,.T.);
#146=FACE_OUTER_BOUND('',#232,.T.);
#147=FACE_OUTER_BOUND('',#233,.T.);
#148=FACE_OUTER_BOUND('',#234,.T.);
#149=FACE_OUTER_BOUND('',#235,.T.);
#150=FACE_OUTER_BOUND('',#236,.T.);
#151=FACE_OUTER_BOUND('',#237,.T.);
#152=FACE_OUTER_BOUND('',#238,.T.);
#153=FACE_OUTER_BOUND('',#239,.T.);
#154=FACE_OUTER_BOUND('',#240,.T.);
#155=FACE_OUTER_BOUND('',#241,.T.);
#156=FACE_OUTER_BOUND('',#242,.T.);
#157=FACE_OUTER_BOUND('',#243,.T.);
#158=FACE_OUTER_BOUND('',#244,.T.);
#159=FACE_OUTER_BOUND('',#245,.T.);
#160=FACE_OUTER_BOUND('',#246,.T.);
#161=FACE_OUTER_BOUND('',#247,.T.);
#162=FACE_OUTER_BOUND('',#248,.T.);
#163=FACE_OUTER_BOUND('',#249,.T.);
#164=EDGE_LOOP('',(#893,#894,#895,#896));
#165=EDGE_LOOP('',(#897,#898,#899,#900));
#166=EDGE_LOOP('',(#901,#902,#903,#904));
#167=EDGE_LOOP('',(#905,#906,#907,#908));
#168=EDGE_LOOP('',(#909,#910,#911,#912));
#169=EDGE_LOOP('',(#913,#914,#915,#916));
#170=EDGE_LOOP('',(#917,#918,#919,#920));
#171=EDGE_LOOP('',(#921,#922,#923,#924));
#172=EDGE_LOOP('',(#925,#926,#927,#928));
#173=EDGE_LOOP('',(#929,#930,#931,#932));
#174=EDGE_LOOP('',(#933,#934,#935,#936));
#175=EDGE_LOOP('',(#937,#938,#939,#940,#941));
#176=EDGE_LOOP('',(#942,#943,#944,#945));
#177=EDGE_LOOP('',(#946,#947,#948,#949));
#178=EDGE_LOOP('',(#950,#951,#952,#953));
#179=EDGE_LOOP('',(#954,#955,#956,#957));
#180=EDGE_LOOP('',(#958,#959,#960,#961));
#181=EDGE_LOOP('',(#962,#963,#964,#965));
#182=EDGE_LOOP('',(#966,#967,#968,#969));
#183=EDGE_LOOP('',(#970,#971,#972,#973));
#184=EDGE_LOOP('',(#974,#975,#976,#977));
#185=EDGE_LOOP('',(#978,#979,#980,#981,#982));
#186=EDGE_LOOP('',(#983,#984,#985,#986));
#187=EDGE_LOOP('',(#987,#988,#989,#990));
#188=EDGE_LOOP('',(#991,#992,#993,#994));
#189=EDGE_LOOP('',(#995,#996,#997,#998));
#190=EDGE_LOOP('',(#999,#1000,#1001,#1002));
#191=EDGE_LOOP('',(#1003,#1004,#1005,#1006));
#192=EDGE_LOOP('',(#1007,#1008,#1009,#1010));
#193=EDGE_LOOP('',(#1011,#1012,#1013,#1014));
#194=EDGE_LOOP('',(#1015,#1016,#1017,#1018));
#195=EDGE_LOOP('',(#1019,#1020,#1021,#1022,#1023));
#196=EDGE_LOOP('',(#1024,#1025,#1026,#1027));
#197=EDGE_LOOP('',(#1028,#1029,#1030,#1031));
#198=EDGE_LOOP('',(#1032,#1033,#1034,#1035));
#199=EDGE_LOOP('',(#1036,#1037,#1038,#1039));
#200=EDGE_LOOP('',(#1040,#1041,#1042,#1043));
#201=EDGE_LOOP('',(#1044,#1045,#1046,#1047));
#202=EDGE_LOOP('',(#1048,#1049,#1050,#1051));
#203=EDGE_LOOP('',(#1052,#1053,#1054,#1055));
#204=EDGE_LOOP('',(#1056,#1057,#1058,#1059));
#205=EDGE_LOOP('',(#1060,#1061,#1062,#1063));
#206=EDGE_LOOP('',(#1064,#1065,#1066,#1067));
#207=EDGE_LOOP('',(#1068,#1069,#1070,#1071));
#208=EDGE_LOOP('',(#1072,#1073,#1074,#1075));
#209=EDGE_LOOP('',(#1076,#1077,#1078,#1079));
#210=EDGE_LOOP('',(#1080,#1081,#1082,#1083));
#211=EDGE_LOOP('',(#1084,#1085,#1086,#1087));
#212=EDGE_LOOP('',(#1088,#1089,#1090,#1091));
#213=EDGE_LOOP('',(#1092,#1093,#1094,#1095));
#214=EDGE_LOOP('',(#1096,#1097,#1098,#1099));
#215=EDGE_LOOP('',(#1100,#1101,#1102,#1103,#1104));
#216=EDGE_LOOP('',(#1105,#1106,#1107,#1108));
#217=EDGE_LOOP('',(#1109,#1110,#1111,#1112));
#218=EDGE_LOOP('',(#1113,#1114,#1115,#1116));
#219=EDGE_LOOP('',(#1117,#1118,#1119,#1120));
#220=EDGE_LOOP('',(#1121,#1122,#1123,#1124,#1125));
#221=EDGE_LOOP('',(#1126,#1127,#1128,#1129));
#222=EDGE_LOOP('',(#1130,#1131,#1132,#1133,#1134,#1135));
#223=EDGE_LOOP('',(#1136,#1137,#1138,#1139));
#224=EDGE_LOOP('',(#1140,#1141,#1142,#1143,#1144));
#225=EDGE_LOOP('',(#1145,#1146,#1147,#1148));
#226=EDGE_LOOP('',(#1149,#1150,#1151,#1152,#1153));
#227=EDGE_LOOP('',(#1154,#1155,#1156,#1157));
#228=EDGE_LOOP('',(#1158,#1159,#1160,#1161,#1162));
#229=EDGE_LOOP('',(#1163,#1164,#1165,#1166));
#230=EDGE_LOOP('',(#1167,#1168,#1169,#1170));
#231=EDGE_LOOP('',(#1171,#1172,#1173,#1174));
#232=EDGE_LOOP('',(#1175,#1176,#1177,#1178));
#233=EDGE_LOOP('',(#1179,#1180,#1181,#1182));
#234=EDGE_LOOP('',(#1183,#1184,#1185,#1186));
#235=EDGE_LOOP('',(#1187,#1188,#1189,#1190));
#236=EDGE_LOOP('',(#1191,#1192,#1193,#1194,#1195,#1196,#1197));
#237=EDGE_LOOP('',(#1198,#1199,#1200,#1201,#1202));
#238=EDGE_LOOP('',(#1203,#1204,#1205,#1206,#1207,#1208,#1209));
#239=EDGE_LOOP('',(#1210,#1211,#1212,#1213,#1214));
#240=EDGE_LOOP('',(#1215,#1216,#1217,#1218,#1219,#1220,#1221));
#241=EDGE_LOOP('',(#1222,#1223,#1224,#1225,#1226));
#242=EDGE_LOOP('',(#1227,#1228,#1229,#1230,#1231,#1232,#1233,#1234));
#243=EDGE_LOOP('',(#1235,#1236,#1237,#1238));
#244=EDGE_LOOP('',(#1239,#1240,#1241,#1242,#1243,#1244,#1245));
#245=EDGE_LOOP('',(#1246,#1247,#1248,#1249,#1250));
#246=EDGE_LOOP('',(#1251,#1252,#1253,#1254,#1255,#1256,#1257,#1258));
#247=EDGE_LOOP('',(#1259,#1260,#1261,#1262,#1263,#1264,#1265,#1266,#1267,
#1268,#1269,#1270,#1271,#1272,#1273,#1274,#1275,#1276,#1277,#1278,#1279,
#1280,#1281,#1282,#1283,#1284,#1285));
#248=EDGE_LOOP('',(#1286,#1287,#1288,#1289,#1290,#1291));
#249=EDGE_LOOP('',(#1292));
#250=EDGE_LOOP('',(#1293,#1294,#1295,#1296,#1297,#1298,#1299,#1300,#1301,
#1302,#1303,#1304));
#251=CIRCLE('',#1430,30.0172988935303);
#252=CIRCLE('',#1431,27.5);
#253=CIRCLE('',#1433,25.5000120639496);
#254=CIRCLE('',#1434,28.0173109494209);
#255=CIRCLE('',#1439,30.0172988935303);
#256=CIRCLE('',#1440,27.5);
#257=CIRCLE('',#1442,25.5000120639496);
#258=CIRCLE('',#1443,28.0173109494209);
#259=CIRCLE('',#1448,30.0172988935303);
#260=CIRCLE('',#1449,27.5);
#261=CIRCLE('',#1451,25.5);
#262=CIRCLE('',#1452,25.500012087081);
#263=CIRCLE('',#1453,28.0173109494209);
#264=CIRCLE('',#1458,30.0172988935303);
#265=CIRCLE('',#1459,27.5);
#266=CIRCLE('',#1461,25.500012087081);
#267=CIRCLE('',#1462,28.0173109494209);
#268=CIRCLE('',#1467,30.0172988935303);
#269=CIRCLE('',#1468,27.5);
#270=CIRCLE('',#1470,25.5);
#271=CIRCLE('',#1471,25.5000105992903);
#272=CIRCLE('',#1472,28.0173109494209);
#273=CIRCLE('',#1477,30.0172988935303);
#274=CIRCLE('',#1478,27.5);
#275=CIRCLE('',#1480,25.5000105992903);
#276=CIRCLE('',#1481,28.0173109494209);
#277=CIRCLE('',#1486,30.0172988935303);
#278=CIRCLE('',#1487,27.5);
#279=CIRCLE('',#1489,25.5);
#280=CIRCLE('',#1490,25.5000105992902);
#281=CIRCLE('',#1491,28.0173109494209);
#282=CIRCLE('',#1496,30.0172988935303);
#283=CIRCLE('',#1497,27.5);
#284=CIRCLE('',#1499,25.5000105992902);
#285=CIRCLE('',#1500,28.0173109494209);
#286=CIRCLE('',#1505,30.0172988935303);
#287=CIRCLE('',#1506,27.5);
#288=CIRCLE('',#1508,25.5000120639801);
#289=CIRCLE('',#1509,28.0173109494209);
#290=CIRCLE('',#1514,30.0172988935303);
#291=CIRCLE('',#1515,27.5);
#292=CIRCLE('',#1517,25.5000120639801);
#293=CIRCLE('',#1518,28.0173109494209);
#294=CIRCLE('',#1523,30.0172988935303);
#295=CIRCLE('',#1524,27.5);
#296=CIRCLE('',#1526,25.5);
#297=CIRCLE('',#1527,25.5000120558898);
#298=CIRCLE('',#1528,28.0173109494209);
#299=CIRCLE('',#1533,25.5000120558898);
#300=CIRCLE('',#1534,27.5);
#301=CIRCLE('',#1536,25.5000120639801);
#302=CIRCLE('',#1537,25.5);
#303=CIRCLE('',#1538,27.5);
#304=CIRCLE('',#1540,25.5000120639801);
#305=CIRCLE('',#1541,27.5);
#306=CIRCLE('',#1543,25.5000105992902);
#307=CIRCLE('',#1544,25.5);
#308=CIRCLE('',#1545,25.5000120639801);
#309=CIRCLE('',#1546,27.5);
#310=CIRCLE('',#1548,25.5000105992902);
#311=CIRCLE('',#1549,27.5);
#312=CIRCLE('',#1551,25.5000105992903);
#313=CIRCLE('',#1552,25.5);
#314=CIRCLE('',#1553,27.5);
#315=CIRCLE('',#1555,25.5000105992903);
#316=CIRCLE('',#1556,27.5);
#317=CIRCLE('',#1558,25.500012087081);
#318=CIRCLE('',#1559,25.5);
#319=CIRCLE('',#1560,27.5);
#320=CIRCLE('',#1562,25.500012087081);
#321=CIRCLE('',#1563,27.5);
#322=CIRCLE('',#1565,25.5000120639496);
#323=CIRCLE('',#1566,25.5);
#324=CIRCLE('',#1567,27.5);
#325=CIRCLE('',#1569,25.5000120639496);
#326=CIRCLE('',#1570,27.5);
#327=CIRCLE('',#1572,30.0172988935303);
#328=CIRCLE('',#1573,27.5);
#329=CIRCLE('',#1575,25.5000120558898);
#330=CIRCLE('',#1576,28.0173109494209);
#331=CIRCLE('',#1581,25.5);
#332=CIRCLE('',#1583,25.5000105992902);
#333=CIRCLE('',#1585,25.5);
#334=CIRCLE('',#1587,25.5000105992903);
#335=CIRCLE('',#1589,25.5);
#336=CIRCLE('',#1591,25.500012087081);
#337=CIRCLE('',#1593,25.5);
#338=CIRCLE('',#1595,25.5000120639496);
#339=CIRCLE('',#1596,25.5000120639496);
#340=CIRCLE('',#1598,25.5);
#341=CIRCLE('',#1599,25.5);
#342=CIRCLE('',#1601,25.5000120558898);
#343=CIRCLE('',#1602,25.5000120558898);
#344=CIRCLE('',#1604,25.5);
#345=CIRCLE('',#1606,25.5000120639801);
#346=CIRCLE('',#1608,27.5);
#347=CIRCLE('',#1609,27.5);
#348=LINE('',#2093,#457);
#349=LINE('',#2097,#458);
#350=LINE('',#2102,#459);
#351=LINE('',#2106,#460);
#352=LINE('',#2109,#461);
#353=LINE('',#2110,#462);
#354=LINE('',#2112,#463);
#355=LINE('',#2114,#464);
#356=LINE('',#2118,#465);
#357=LINE('',#2122,#466);
#358=LINE('',#2127,#467);
#359=LINE('',#2131,#468);
#360=LINE('',#2134,#469);
#361=LINE('',#2135,#470);
#362=LINE('',#2137,#471);
#363=LINE('',#2139,#472);
#364=LINE('',#2143,#473);
#365=LINE('',#2147,#474);
#366=LINE('',#2152,#475);
#367=LINE('',#2158,#476);
#368=LINE('',#2161,#477);
#369=LINE('',#2162,#478);
#370=LINE('',#2164,#479);
#371=LINE('',#2166,#480);
#372=LINE('',#2170,#481);
#373=LINE('',#2174,#482);
#374=LINE('',#2179,#483);
#375=LINE('',#2183,#484);
#376=LINE('',#2186,#485);
#377=LINE('',#2187,#486);
#378=LINE('',#2189,#487);
#379=LINE('',#2191,#488);
#380=LINE('',#2195,#489);
#381=LINE('',#2199,#490);
#382=LINE('',#2204,#491);
#383=LINE('',#2210,#492);
#384=LINE('',#2213,#493);
#385=LINE('',#2214,#494);
#386=LINE('',#2216,#495);
#387=LINE('',#2218,#496);
#388=LINE('',#2222,#497);
#389=LINE('',#2226,#498);
#390=LINE('',#2231,#499);
#391=LINE('',#2235,#500);
#392=LINE('',#2238,#501);
#393=LINE('',#2239,#502);
#394=LINE('',#2241,#503);
#395=LINE('',#2243,#504);
#396=LINE('',#2247,#505);
#397=LINE('',#2251,#506);
#398=LINE('',#2256,#507);
#399=LINE('',#2262,#508);
#400=LINE('',#2265,#509);
#401=LINE('',#2266,#510);
#402=LINE('',#2268,#511);
#403=LINE('',#2270,#512);
#404=LINE('',#2274,#513);
#405=LINE('',#2278,#514);
#406=LINE('',#2283,#515);
#407=LINE('',#2287,#516);
#408=LINE('',#2290,#517);
#409=LINE('',#2291,#518);
#410=LINE('',#2293,#519);
#411=LINE('',#2295,#520);
#412=LINE('',#2299,#521);
#413=LINE('',#2303,#522);
#414=LINE('',#2308,#523);
#415=LINE('',#2312,#524);
#416=LINE('',#2315,#525);
#417=LINE('',#2316,#526);
#418=LINE('',#2318,#527);
#419=LINE('',#2320,#528);
#420=LINE('',#2324,#529);
#421=LINE('',#2328,#530);
#422=LINE('',#2333,#531);
#423=LINE('',#2337,#532);
#424=LINE('',#2340,#533);
#425=LINE('',#2341,#534);
#426=LINE('',#2343,#535);
#427=LINE('',#2345,#536);
#428=LINE('',#2349,#537);
#429=LINE('',#2353,#538);
#430=LINE('',#2358,#539);
#431=LINE('',#2364,#540);
#432=LINE('',#2367,#541);
#433=LINE('',#2368,#542);
#434=LINE('',#2370,#543);
#435=LINE('',#2372,#544);
#436=LINE('',#2377,#545);
#437=LINE('',#2423,#546);
#438=LINE('',#2427,#547);
#439=LINE('',#2431,#548);
#440=LINE('',#2435,#549);
#441=LINE('',#2438,#550);
#442=LINE('',#2439,#551);
#443=LINE('',#2441,#552);
#444=LINE('',#2447,#553);
#445=LINE('',#2448,#554);
#446=LINE('',#2452,#555);
#447=LINE('',#2456,#556);
#448=LINE('',#2460,#557);
#449=LINE('',#2464,#558);
#450=LINE('',#2468,#559);
#451=LINE('',#2472,#560);
#452=LINE('',#2478,#561);
#453=LINE('',#2484,#562);
#454=LINE('',#2489,#563);
#455=LINE('',#2493,#564);
#456=LINE('',#2499,#565);
#457=VECTOR('',#1616,10.);
#458=VECTOR('',#1619,10.);
#459=VECTOR('',#1624,10.);
#460=VECTOR('',#1627,10.);
#461=VECTOR('',#1632,10.);
#462=VECTOR('',#1633,10.);
#463=VECTOR('',#1636,10.);
#464=VECTOR('',#1639,10.);
#465=VECTOR('',#1642,10.);
#466=VECTOR('',#1645,10.);
#467=VECTOR('',#1650,10.);
#468=VECTOR('',#1653,10.);
#469=VECTOR('',#1658,10.);
#470=VECTOR('',#1659,10.);
#471=VECTOR('',#1662,10.);
#472=VECTOR('',#1665,10.);
#473=VECTOR('',#1668,10.);
#474=VECTOR('',#1671,10.);
#475=VECTOR('',#1676,10.);
#476=VECTOR('',#1681,10.);
#477=VECTOR('',#1686,10.);
#478=VECTOR('',#1687,10.);
#479=VECTOR('',#1690,10.);
#480=VECTOR('',#1693,10.);
#481=VECTOR('',#1696,10.);
#482=VECTOR('',#1699,10.);
#483=VECTOR('',#1704,10.);
#484=VECTOR('',#1707,10.);
#485=VECTOR('',#1712,10.);
#486=VECTOR('',#1713,10.);
#487=VECTOR('',#1716,10.);
#488=VECTOR('',#1719,10.);
#489=VECTOR('',#1722,10.);
#490=VECTOR('',#1725,10.);
#491=VECTOR('',#1730,10.);
#492=VECTOR('',#1735,10.);
#493=VECTOR('',#1740,10.);
#494=VECTOR('',#1741,10.);
#495=VECTOR('',#1744,10.);
#496=VECTOR('',#1747,10.);
#497=VECTOR('',#1750,10.);
#498=VECTOR('',#1753,10.);
#499=VECTOR('',#1758,10.);
#500=VECTOR('',#1761,10.);
#501=VECTOR('',#1766,10.);
#502=VECTOR('',#1767,10.);
#503=VECTOR('',#1770,10.);
#504=VECTOR('',#1773,10.);
#505=VECTOR('',#1776,10.);
#506=VECTOR('',#1779,10.);
#507=VECTOR('',#1784,10.);
#508=VECTOR('',#1789,10.);
#509=VECTOR('',#1794,10.);
#510=VECTOR('',#1795,10.);
#511=VECTOR('',#1798,10.);
#512=VECTOR('',#1801,10.);
#513=VECTOR('',#1804,10.);
#514=VECTOR('',#1807,10.);
#515=VECTOR('',#1812,10.);
#516=VECTOR('',#1815,10.);
#517=VECTOR('',#1820,10.);
#518=VECTOR('',#1821,10.);
#519=VECTOR('',#1824,10.);
#520=VECTOR('',#1827,10.);
#521=VECTOR('',#1830,10.);
#522=VECTOR('',#1833,10.);
#523=VECTOR('',#1838,10.);
#524=VECTOR('',#1841,10.);
#525=VECTOR('',#1846,10.);
#526=VECTOR('',#1847,10.);
#527=VECTOR('',#1850,10.);
#528=VECTOR('',#1853,10.);
#529=VECTOR('',#1856,10.);
#530=VECTOR('',#1859,10.);
#531=VECTOR('',#1864,10.);
#532=VECTOR('',#1867,10.);
#533=VECTOR('',#1872,10.);
#534=VECTOR('',#1873,10.);
#535=VECTOR('',#1876,10.);
#536=VECTOR('',#1879,10.);
#537=VECTOR('',#1882,10.);
#538=VECTOR('',#1885,10.);
#539=VECTOR('',#1890,10.);
#540=VECTOR('',#1895,10.);
#541=VECTOR('',#1900,10.);
#542=VECTOR('',#1901,10.);
#543=VECTOR('',#1904,10.);
#544=VECTOR('',#1907,10.);
#545=VECTOR('',#1912,10.);
#546=VECTOR('',#1989,10.);
#547=VECTOR('',#1992,10.);
#548=VECTOR('',#1997,10.);
#549=VECTOR('',#2000,10.);
#550=VECTOR('',#2005,10.);
#551=VECTOR('',#2006,10.);
#552=VECTOR('',#2009,10.);
#553=VECTOR('',#2016,10.);
#554=VECTOR('',#2017,10.);
#555=VECTOR('',#2022,10.);
#556=VECTOR('',#2027,10.);
#557=VECTOR('',#2032,10.);
#558=VECTOR('',#2037,10.);
#559=VECTOR('',#2042,10.);
#560=VECTOR('',#2047,10.);
#561=VECTOR('',#2054,10.);
#562=VECTOR('',#2061,10.);
#563=VECTOR('',#2068,10.);
#564=VECTOR('',#2073,10.);
#565=VECTOR('',#2082,27.5);
#566=VERTEX_POINT('',#2091);
#567=VERTEX_POINT('',#2092);
#568=VERTEX_POINT('',#2094);
#569=VERTEX_POINT('',#2096);
#570=VERTEX_POINT('',#2100);
#571=VERTEX_POINT('',#2101);
#572=VERTEX_POINT('',#2103);
#573=VERTEX_POINT('',#2105);
#574=VERTEX_POINT('',#2116);
#575=VERTEX_POINT('',#2117);
#576=VERTEX_POINT('',#2119);
#577=VERTEX_POINT('',#2121);
#578=VERTEX_POINT('',#2125);
#579=VERTEX_POINT('',#2126);
#580=VERTEX_POINT('',#2128);
#581=VERTEX_POINT('',#2130);
#582=VERTEX_POINT('',#2141);
#583=VERTEX_POINT('',#2142);
#584=VERTEX_POINT('',#2144);
#585=VERTEX_POINT('',#2146);
#586=VERTEX_POINT('',#2150);
#587=VERTEX_POINT('',#2151);
#588=VERTEX_POINT('',#2153);
#589=VERTEX_POINT('',#2155);
#590=VERTEX_POINT('',#2157);
#591=VERTEX_POINT('',#2168);
#592=VERTEX_POINT('',#2169);
#593=VERTEX_POINT('',#2171);
#594=VERTEX_POINT('',#2173);
#595=VERTEX_POINT('',#2177);
#596=VERTEX_POINT('',#2178);
#597=VERTEX_POINT('',#2180);
#598=VERTEX_POINT('',#2182);
#599=VERTEX_POINT('',#2193);
#600=VERTEX_POINT('',#2194);
#601=VERTEX_POINT('',#2196);
#602=VERTEX_POINT('',#2198);
#603=VERTEX_POINT('',#2202);
#604=VERTEX_POINT('',#2203);
#605=VERTEX_POINT('',#2205);
#606=VERTEX_POINT('',#2207);
#607=VERTEX_POINT('',#2209);
#608=VERTEX_POINT('',#2220);
#609=VERTEX_POINT('',#2221);
#610=VERTEX_POINT('',#2223);
#611=VERTEX_POINT('',#2225);
#612=VERTEX_POINT('',#2229);
#613=VERTEX_POINT('',#2230);
#614=VERTEX_POINT('',#2232);
#615=VERTEX_POINT('',#2234);
#616=VERTEX_POINT('',#2245);
#617=VERTEX_POINT('',#2246);
#618=VERTEX_POINT('',#2248);
#619=VERTEX_POINT('',#2250);
#620=VERTEX_POINT('',#2254);
#621=VERTEX_POINT('',#2255);
#622=VERTEX_POINT('',#2257);
#623=VERTEX_POINT('',#2259);
#624=VERTEX_POINT('',#2261);
#625=VERTEX_POINT('',#2272);
#626=VERTEX_POINT('',#2273);
#627=VERTEX_POINT('',#2275);
#628=VERTEX_POINT('',#2277);
#629=VERTEX_POINT('',#2281);
#630=VERTEX_POINT('',#2282);
#631=VERTEX_POINT('',#2284);
#632=VERTEX_POINT('',#2286);
#633=VERTEX_POINT('',#2297);
#634=VERTEX_POINT('',#2298);
#635=VERTEX_POINT('',#2300);
#636=VERTEX_POINT('',#2302);
#637=VERTEX_POINT('',#2306);
#638=VERTEX_POINT('',#2307);
#639=VERTEX_POINT('',#2309);
#640=VERTEX_POINT('',#2311);
#641=VERTEX_POINT('',#2322);
#642=VERTEX_POINT('',#2323);
#643=VERTEX_POINT('',#2325);
#644=VERTEX_POINT('',#2327);
#645=VERTEX_POINT('',#2331);
#646=VERTEX_POINT('',#2332);
#647=VERTEX_POINT('',#2334);
#648=VERTEX_POINT('',#2336);
#649=VERTEX_POINT('',#2347);
#650=VERTEX_POINT('',#2348);
#651=VERTEX_POINT('',#2350);
#652=VERTEX_POINT('',#2352);
#653=VERTEX_POINT('',#2356);
#654=VERTEX_POINT('',#2357);
#655=VERTEX_POINT('',#2359);
#656=VERTEX_POINT('',#2361);
#657=VERTEX_POINT('',#2363);
#658=VERTEX_POINT('',#2374);
#659=VERTEX_POINT('',#2376);
#660=VERTEX_POINT('',#2380);
#661=VERTEX_POINT('',#2388);
#662=VERTEX_POINT('',#2390);
#663=VERTEX_POINT('',#2398);
#664=VERTEX_POINT('',#2406);
#665=VERTEX_POINT('',#2414);
#666=VERTEX_POINT('',#2422);
#667=VERTEX_POINT('',#2424);
#668=VERTEX_POINT('',#2426);
#669=VERTEX_POINT('',#2430);
#670=VERTEX_POINT('',#2432);
#671=VERTEX_POINT('',#2434);
#672=VERTEX_POINT('',#2444);
#673=VERTEX_POINT('',#2445);
#674=VERTEX_POINT('',#2450);
#675=VERTEX_POINT('',#2454);
#676=VERTEX_POINT('',#2458);
#677=VERTEX_POINT('',#2462);
#678=VERTEX_POINT('',#2466);
#679=VERTEX_POINT('',#2470);
#680=VERTEX_POINT('',#2474);
#681=VERTEX_POINT('',#2476);
#682=VERTEX_POINT('',#2480);
#683=VERTEX_POINT('',#2482);
#684=VERTEX_POINT('',#2486);
#685=VERTEX_POINT('',#2491);
#686=VERTEX_POINT('',#2498);
#687=EDGE_CURVE('',#566,#567,#348,.T.);
#688=EDGE_CURVE('',#567,#568,#251,.T.);
#689=EDGE_CURVE('',#569,#568,#349,.T.);
#690=EDGE_CURVE('',#569,#566,#252,.T.);
#691=EDGE_CURVE('',#570,#571,#350,.T.);
#692=EDGE_CURVE('',#571,#572,#253,.T.);
#693=EDGE_CURVE('',#573,#572,#351,.T.);
#694=EDGE_CURVE('',#570,#573,#254,.T.);
#695=EDGE_CURVE('',#567,#570,#352,.T.);
#696=EDGE_CURVE('',#568,#573,#353,.T.);
#697=EDGE_CURVE('',#572,#569,#354,.T.);
#698=EDGE_CURVE('',#566,#571,#355,.T.);
#699=EDGE_CURVE('',#574,#575,#356,.T.);
#700=EDGE_CURVE('',#575,#576,#255,.T.);
#701=EDGE_CURVE('',#577,#576,#357,.T.);
#702=EDGE_CURVE('',#577,#574,#256,.T.);
#703=EDGE_CURVE('',#578,#579,#358,.T.);
#704=EDGE_CURVE('',#579,#580,#257,.T.);
#705=EDGE_CURVE('',#581,#580,#359,.T.);
#706=EDGE_CURVE('',#578,#581,#258,.T.);
#707=EDGE_CURVE('',#575,#578,#360,.T.);
#708=EDGE_CURVE('',#576,#581,#361,.T.);
#709=EDGE_CURVE('',#580,#577,#362,.T.);
#710=EDGE_CURVE('',#574,#579,#363,.T.);
#711=EDGE_CURVE('',#582,#583,#364,.T.);
#712=EDGE_CURVE('',#583,#584,#259,.T.);
#713=EDGE_CURVE('',#585,#584,#365,.T.);
#714=EDGE_CURVE('',#585,#582,#260,.T.);
#715=EDGE_CURVE('',#586,#587,#366,.T.);
#716=EDGE_CURVE('',#587,#588,#261,.T.);
#717=EDGE_CURVE('',#588,#589,#262,.T.);
#718=EDGE_CURVE('',#590,#589,#367,.T.);
#719=EDGE_CURVE('',#586,#590,#263,.T.);
#720=EDGE_CURVE('',#583,#586,#368,.T.);
#721=EDGE_CURVE('',#584,#590,#369,.T.);
#722=EDGE_CURVE('',#589,#585,#370,.T.);
#723=EDGE_CURVE('',#582,#587,#371,.T.);
#724=EDGE_CURVE('',#591,#592,#372,.T.);
#725=EDGE_CURVE('',#592,#593,#264,.T.);
#726=EDGE_CURVE('',#594,#593,#373,.T.);
#727=EDGE_CURVE('',#594,#591,#265,.T.);
#728=EDGE_CURVE('',#595,#596,#374,.T.);
#729=EDGE_CURVE('',#596,#597,#266,.T.);
#730=EDGE_CURVE('',#598,#597,#375,.T.);
#731=EDGE_CURVE('',#595,#598,#267,.T.);
#732=EDGE_CURVE('',#592,#595,#376,.T.);
#733=EDGE_CURVE('',#593,#598,#377,.T.);
#734=EDGE_CURVE('',#597,#594,#378,.T.);
#735=EDGE_CURVE('',#591,#596,#379,.T.);
#736=EDGE_CURVE('',#599,#600,#380,.T.);
#737=EDGE_CURVE('',#600,#601,#268,.T.);
#738=EDGE_CURVE('',#602,#601,#381,.T.);
#739=EDGE_CURVE('',#602,#599,#269,.T.);
#740=EDGE_CURVE('',#603,#604,#382,.T.);
#741=EDGE_CURVE('',#604,#605,#270,.T.);
#742=EDGE_CURVE('',#605,#606,#271,.T.);
#743=EDGE_CURVE('',#607,#606,#383,.T.);
#744=EDGE_CURVE('',#603,#607,#272,.T.);
#745=EDGE_CURVE('',#600,#603,#384,.T.);
#746=EDGE_CURVE('',#601,#607,#385,.T.);
#747=EDGE_CURVE('',#606,#602,#386,.T.);
#748=EDGE_CURVE('',#599,#604,#387,.T.);
#749=EDGE_CURVE('',#608,#609,#388,.T.);
#750=EDGE_CURVE('',#609,#610,#273,.T.);
#751=EDGE_CURVE('',#611,#610,#389,.T.);
#752=EDGE_CURVE('',#611,#608,#274,.T.);
#753=EDGE_CURVE('',#612,#613,#390,.T.);
#754=EDGE_CURVE('',#613,#614,#275,.T.);
#755=EDGE_CURVE('',#615,#614,#391,.T.);
#756=EDGE_CURVE('',#612,#615,#276,.T.);
#757=EDGE_CURVE('',#609,#612,#392,.T.);
#758=EDGE_CURVE('',#610,#615,#393,.T.);
#759=EDGE_CURVE('',#614,#611,#394,.T.);
#760=EDGE_CURVE('',#608,#613,#395,.T.);
#761=EDGE_CURVE('',#616,#617,#396,.T.);
#762=EDGE_CURVE('',#617,#618,#277,.T.);
#763=EDGE_CURVE('',#619,#618,#397,.T.);
#764=EDGE_CURVE('',#619,#616,#278,.T.);
#765=EDGE_CURVE('',#620,#621,#398,.T.);
#766=EDGE_CURVE('',#621,#622,#279,.T.);
#767=EDGE_CURVE('',#622,#623,#280,.T.);
#768=EDGE_CURVE('',#624,#623,#399,.T.);
#769=EDGE_CURVE('',#620,#624,#281,.T.);
#770=EDGE_CURVE('',#617,#620,#400,.T.);
#771=EDGE_CURVE('',#618,#624,#401,.T.);
#772=EDGE_CURVE('',#623,#619,#402,.T.);
#773=EDGE_CURVE('',#616,#621,#403,.T.);
#774=EDGE_CURVE('',#625,#626,#404,.T.);
#775=EDGE_CURVE('',#626,#627,#282,.T.);
#776=EDGE_CURVE('',#628,#627,#405,.T.);
#777=EDGE_CURVE('',#628,#625,#283,.T.);
#778=EDGE_CURVE('',#629,#630,#406,.T.);
#779=EDGE_CURVE('',#630,#631,#284,.T.);
#780=EDGE_CURVE('',#632,#631,#407,.T.);
#781=EDGE_CURVE('',#629,#632,#285,.T.);
#782=EDGE_CURVE('',#626,#629,#408,.T.);
#783=EDGE_CURVE('',#627,#632,#409,.T.);
#784=EDGE_CURVE('',#631,#628,#410,.T.);
#785=EDGE_CURVE('',#625,#630,#411,.T.);
#786=EDGE_CURVE('',#633,#634,#412,.T.);
#787=EDGE_CURVE('',#634,#635,#286,.T.);
#788=EDGE_CURVE('',#636,#635,#413,.T.);
#789=EDGE_CURVE('',#636,#633,#287,.T.);
#790=EDGE_CURVE('',#637,#638,#414,.T.);
#791=EDGE_CURVE('',#638,#639,#288,.T.);
#792=EDGE_CURVE('',#640,#639,#415,.T.);
#793=EDGE_CURVE('',#637,#640,#289,.T.);
#794=EDGE_CURVE('',#634,#637,#416,.T.);
#795=EDGE_CURVE('',#635,#640,#417,.T.);
#796=EDGE_CURVE('',#639,#636,#418,.T.);
#797=EDGE_CURVE('',#633,#638,#419,.T.);
#798=EDGE_CURVE('',#641,#642,#420,.T.);
#799=EDGE_CURVE('',#642,#643,#290,.T.);
#800=EDGE_CURVE('',#644,#643,#421,.T.);
#801=EDGE_CURVE('',#644,#641,#291,.T.);
#802=EDGE_CURVE('',#645,#646,#422,.T.);
#803=EDGE_CURVE('',#646,#647,#292,.T.);
#804=EDGE_CURVE('',#648,#647,#423,.T.);
#805=EDGE_CURVE('',#645,#648,#293,.T.);
#806=EDGE_CURVE('',#642,#645,#424,.T.);
#807=EDGE_CURVE('',#643,#648,#425,.T.);
#808=EDGE_CURVE('',#647,#644,#426,.T.);
#809=EDGE_CURVE('',#641,#646,#427,.T.);
#810=EDGE_CURVE('',#649,#650,#428,.T.);
#811=EDGE_CURVE('',#650,#651,#294,.T.);
#812=EDGE_CURVE('',#652,#651,#429,.T.);
#813=EDGE_CURVE('',#652,#649,#295,.T.);
#814=EDGE_CURVE('',#653,#654,#430,.T.);
#815=EDGE_CURVE('',#654,#655,#296,.T.);
#816=EDGE_CURVE('',#655,#656,#297,.T.);
#817=EDGE_CURVE('',#657,#656,#431,.T.);
#818=EDGE_CURVE('',#653,#657,#298,.T.);
#819=EDGE_CURVE('',#650,#653,#432,.T.);
#820=EDGE_CURVE('',#651,#657,#433,.T.);
#821=EDGE_CURVE('',#656,#652,#434,.T.);
#822=EDGE_CURVE('',#649,#654,#435,.T.);
#823=EDGE_CURVE('',#656,#658,#299,.T.);
#824=EDGE_CURVE('',#658,#659,#436,.T.);
#825=EDGE_CURVE('',#659,#652,#300,.T.);
#826=EDGE_CURVE('',#647,#660,#301,.T.);
#827=EDGE_CURVE('',#660,#654,#302,.T.);
#828=EDGE_CURVE('',#649,#644,#303,.T.);
#829=EDGE_CURVE('',#639,#646,#304,.T.);
#830=EDGE_CURVE('',#641,#636,#305,.T.);
#831=EDGE_CURVE('',#631,#661,#306,.T.);
#832=EDGE_CURVE('',#661,#662,#307,.T.);
#833=EDGE_CURVE('',#662,#638,#308,.T.);
#834=EDGE_CURVE('',#633,#628,#309,.T.);
#835=EDGE_CURVE('',#623,#630,#310,.T.);
#836=EDGE_CURVE('',#625,#619,#311,.T.);
#837=EDGE_CURVE('',#614,#663,#312,.T.);
#838=EDGE_CURVE('',#663,#621,#313,.T.);
#839=EDGE_CURVE('',#616,#611,#314,.T.);
#840=EDGE_CURVE('',#606,#613,#315,.T.);
#841=EDGE_CURVE('',#608,#602,#316,.T.);
#842=EDGE_CURVE('',#597,#664,#317,.T.);
#843=EDGE_CURVE('',#664,#604,#318,.T.);
#844=EDGE_CURVE('',#599,#594,#319,.T.);
#845=EDGE_CURVE('',#589,#596,#320,.T.);
#846=EDGE_CURVE('',#591,#585,#321,.T.);
#847=EDGE_CURVE('',#580,#665,#322,.T.);
#848=EDGE_CURVE('',#665,#587,#323,.T.);
#849=EDGE_CURVE('',#582,#577,#324,.T.);
#850=EDGE_CURVE('',#572,#579,#325,.T.);
#851=EDGE_CURVE('',#574,#569,#326,.T.);
#852=EDGE_CURVE('',#659,#666,#437,.T.);
#853=EDGE_CURVE('',#666,#667,#327,.T.);
#854=EDGE_CURVE('',#668,#667,#438,.T.);
#855=EDGE_CURVE('',#668,#659,#328,.T.);
#856=EDGE_CURVE('',#669,#658,#439,.T.);
#857=EDGE_CURVE('',#658,#670,#329,.T.);
#858=EDGE_CURVE('',#671,#670,#440,.T.);
#859=EDGE_CURVE('',#669,#671,#330,.T.);
#860=EDGE_CURVE('',#666,#669,#441,.T.);
#861=EDGE_CURVE('',#667,#671,#442,.T.);
#862=EDGE_CURVE('',#668,#670,#443,.T.);
#863=EDGE_CURVE('',#672,#673,#331,.T.);
#864=EDGE_CURVE('',#673,#662,#444,.T.);
#865=EDGE_CURVE('',#672,#661,#445,.T.);
#866=EDGE_CURVE('',#674,#672,#332,.T.);
#867=EDGE_CURVE('',#674,#622,#446,.T.);
#868=EDGE_CURVE('',#675,#674,#333,.T.);
#869=EDGE_CURVE('',#675,#663,#447,.T.);
#870=EDGE_CURVE('',#676,#675,#334,.T.);
#871=EDGE_CURVE('',#676,#605,#448,.T.);
#872=EDGE_CURVE('',#677,#676,#335,.T.);
#873=EDGE_CURVE('',#677,#664,#449,.T.);
#874=EDGE_CURVE('',#678,#677,#336,.T.);
#875=EDGE_CURVE('',#678,#588,#450,.T.);
#876=EDGE_CURVE('',#679,#678,#337,.T.);
#877=EDGE_CURVE('',#679,#665,#451,.T.);
#878=EDGE_CURVE('',#680,#679,#338,.T.);
#879=EDGE_CURVE('',#681,#571,#339,.T.);
#880=EDGE_CURVE('',#680,#681,#452,.T.);
#881=EDGE_CURVE('',#682,#680,#340,.T.);
#882=EDGE_CURVE('',#683,#681,#341,.T.);
#883=EDGE_CURVE('',#682,#683,#453,.T.);
#884=EDGE_CURVE('',#684,#682,#342,.T.);
#885=EDGE_CURVE('',#670,#683,#343,.T.);
#886=EDGE_CURVE('',#684,#655,#454,.T.);
#887=EDGE_CURVE('',#685,#684,#344,.T.);
#888=EDGE_CURVE('',#685,#660,#455,.T.);
#889=EDGE_CURVE('',#673,#685,#345,.T.);
#890=EDGE_CURVE('',#566,#668,#346,.T.);
#891=EDGE_CURVE('',#608,#686,#456,.T.);
#892=EDGE_CURVE('',#686,#686,#347,.T.);
#893=ORIENTED_EDGE('',*,*,#687,.T.);
#894=ORIENTED_EDGE('',*,*,#688,.T.);
#895=ORIENTED_EDGE('',*,*,#689,.F.);
#896=ORIENTED_EDGE('',*,*,#690,.T.);
#897=ORIENTED_EDGE('',*,*,#691,.T.);
#898=ORIENTED_EDGE('',*,*,#692,.T.);
#899=ORIENTED_EDGE('',*,*,#693,.F.);
#900=ORIENTED_EDGE('',*,*,#694,.F.);
#901=ORIENTED_EDGE('',*,*,#695,.T.);
#902=ORIENTED_EDGE('',*,*,#694,.T.);
#903=ORIENTED_EDGE('',*,*,#696,.F.);
#904=ORIENTED_EDGE('',*,*,#688,.F.);
#905=ORIENTED_EDGE('',*,*,#696,.T.);
#906=ORIENTED_EDGE('',*,*,#693,.T.);
#907=ORIENTED_EDGE('',*,*,#697,.T.);
#908=ORIENTED_EDGE('',*,*,#689,.T.);
#909=ORIENTED_EDGE('',*,*,#695,.F.);
#910=ORIENTED_EDGE('',*,*,#687,.F.);
#911=ORIENTED_EDGE('',*,*,#698,.T.);
#912=ORIENTED_EDGE('',*,*,#691,.F.);
#913=ORIENTED_EDGE('',*,*,#699,.T.);
#914=ORIENTED_EDGE('',*,*,#700,.T.);
#915=ORIENTED_EDGE('',*,*,#701,.F.);
#916=ORIENTED_EDGE('',*,*,#702,.T.);
#917=ORIENTED_EDGE('',*,*,#703,.T.);
#918=ORIENTED_EDGE('',*,*,#704,.T.);
#919=ORIENTED_EDGE('',*,*,#705,.F.);
#920=ORIENTED_EDGE('',*,*,#706,.F.);
#921=ORIENTED_EDGE('',*,*,#707,.T.);
#922=ORIENTED_EDGE('',*,*,#706,.T.);
#923=ORIENTED_EDGE('',*,*,#708,.F.);
#924=ORIENTED_EDGE('',*,*,#700,.F.);
#925=ORIENTED_EDGE('',*,*,#708,.T.);
#926=ORIENTED_EDGE('',*,*,#705,.T.);
#927=ORIENTED_EDGE('',*,*,#709,.T.);
#928=ORIENTED_EDGE('',*,*,#701,.T.);
#929=ORIENTED_EDGE('',*,*,#707,.F.);
#930=ORIENTED_EDGE('',*,*,#699,.F.);
#931=ORIENTED_EDGE('',*,*,#710,.T.);
#932=ORIENTED_EDGE('',*,*,#703,.F.);
#933=ORIENTED_EDGE('',*,*,#711,.T.);
#934=ORIENTED_EDGE('',*,*,#712,.T.);
#935=ORIENTED_EDGE('',*,*,#713,.F.);
#936=ORIENTED_EDGE('',*,*,#714,.T.);
#937=ORIENTED_EDGE('',*,*,#715,.T.);
#938=ORIENTED_EDGE('',*,*,#716,.T.);
#939=ORIENTED_EDGE('',*,*,#717,.T.);
#940=ORIENTED_EDGE('',*,*,#718,.F.);
#941=ORIENTED_EDGE('',*,*,#719,.F.);
#942=ORIENTED_EDGE('',*,*,#720,.T.);
#943=ORIENTED_EDGE('',*,*,#719,.T.);
#944=ORIENTED_EDGE('',*,*,#721,.F.);
#945=ORIENTED_EDGE('',*,*,#712,.F.);
#946=ORIENTED_EDGE('',*,*,#721,.T.);
#947=ORIENTED_EDGE('',*,*,#718,.T.);
#948=ORIENTED_EDGE('',*,*,#722,.T.);
#949=ORIENTED_EDGE('',*,*,#713,.T.);
#950=ORIENTED_EDGE('',*,*,#720,.F.);
#951=ORIENTED_EDGE('',*,*,#711,.F.);
#952=ORIENTED_EDGE('',*,*,#723,.T.);
#953=ORIENTED_EDGE('',*,*,#715,.F.);
#954=ORIENTED_EDGE('',*,*,#724,.T.);
#955=ORIENTED_EDGE('',*,*,#725,.T.);
#956=ORIENTED_EDGE('',*,*,#726,.F.);
#957=ORIENTED_EDGE('',*,*,#727,.T.);
#958=ORIENTED_EDGE('',*,*,#728,.T.);
#959=ORIENTED_EDGE('',*,*,#729,.T.);
#960=ORIENTED_EDGE('',*,*,#730,.F.);
#961=ORIENTED_EDGE('',*,*,#731,.F.);
#962=ORIENTED_EDGE('',*,*,#732,.T.);
#963=ORIENTED_EDGE('',*,*,#731,.T.);
#964=ORIENTED_EDGE('',*,*,#733,.F.);
#965=ORIENTED_EDGE('',*,*,#725,.F.);
#966=ORIENTED_EDGE('',*,*,#733,.T.);
#967=ORIENTED_EDGE('',*,*,#730,.T.);
#968=ORIENTED_EDGE('',*,*,#734,.T.);
#969=ORIENTED_EDGE('',*,*,#726,.T.);
#970=ORIENTED_EDGE('',*,*,#732,.F.);
#971=ORIENTED_EDGE('',*,*,#724,.F.);
#972=ORIENTED_EDGE('',*,*,#735,.T.);
#973=ORIENTED_EDGE('',*,*,#728,.F.);
#974=ORIENTED_EDGE('',*,*,#736,.T.);
#975=ORIENTED_EDGE('',*,*,#737,.T.);
#976=ORIENTED_EDGE('',*,*,#738,.F.);
#977=ORIENTED_EDGE('',*,*,#739,.T.);
#978=ORIENTED_EDGE('',*,*,#740,.T.);
#979=ORIENTED_EDGE('',*,*,#741,.T.);
#980=ORIENTED_EDGE('',*,*,#742,.T.);
#981=ORIENTED_EDGE('',*,*,#743,.F.);
#982=ORIENTED_EDGE('',*,*,#744,.F.);
#983=ORIENTED_EDGE('',*,*,#745,.T.);
#984=ORIENTED_EDGE('',*,*,#744,.T.);
#985=ORIENTED_EDGE('',*,*,#746,.F.);
#986=ORIENTED_EDGE('',*,*,#737,.F.);
#987=ORIENTED_EDGE('',*,*,#746,.T.);
#988=ORIENTED_EDGE('',*,*,#743,.T.);
#989=ORIENTED_EDGE('',*,*,#747,.T.);
#990=ORIENTED_EDGE('',*,*,#738,.T.);
#991=ORIENTED_EDGE('',*,*,#745,.F.);
#992=ORIENTED_EDGE('',*,*,#736,.F.);
#993=ORIENTED_EDGE('',*,*,#748,.T.);
#994=ORIENTED_EDGE('',*,*,#740,.F.);
#995=ORIENTED_EDGE('',*,*,#749,.T.);
#996=ORIENTED_EDGE('',*,*,#750,.T.);
#997=ORIENTED_EDGE('',*,*,#751,.F.);
#998=ORIENTED_EDGE('',*,*,#752,.T.);
#999=ORIENTED_EDGE('',*,*,#753,.T.);
#1000=ORIENTED_EDGE('',*,*,#754,.T.);
#1001=ORIENTED_EDGE('',*,*,#755,.F.);
#1002=ORIENTED_EDGE('',*,*,#756,.F.);
#1003=ORIENTED_EDGE('',*,*,#757,.T.);
#1004=ORIENTED_EDGE('',*,*,#756,.T.);
#1005=ORIENTED_EDGE('',*,*,#758,.F.);
#1006=ORIENTED_EDGE('',*,*,#750,.F.);
#1007=ORIENTED_EDGE('',*,*,#758,.T.);
#1008=ORIENTED_EDGE('',*,*,#755,.T.);
#1009=ORIENTED_EDGE('',*,*,#759,.T.);
#1010=ORIENTED_EDGE('',*,*,#751,.T.);
#1011=ORIENTED_EDGE('',*,*,#757,.F.);
#1012=ORIENTED_EDGE('',*,*,#749,.F.);
#1013=ORIENTED_EDGE('',*,*,#760,.T.);
#1014=ORIENTED_EDGE('',*,*,#753,.F.);
#1015=ORIENTED_EDGE('',*,*,#761,.T.);
#1016=ORIENTED_EDGE('',*,*,#762,.T.);
#1017=ORIENTED_EDGE('',*,*,#763,.F.);
#1018=ORIENTED_EDGE('',*,*,#764,.T.);
#1019=ORIENTED_EDGE('',*,*,#765,.T.);
#1020=ORIENTED_EDGE('',*,*,#766,.T.);
#1021=ORIENTED_EDGE('',*,*,#767,.T.);
#1022=ORIENTED_EDGE('',*,*,#768,.F.);
#1023=ORIENTED_EDGE('',*,*,#769,.F.);
#1024=ORIENTED_EDGE('',*,*,#770,.T.);
#1025=ORIENTED_EDGE('',*,*,#769,.T.);
#1026=ORIENTED_EDGE('',*,*,#771,.F.);
#1027=ORIENTED_EDGE('',*,*,#762,.F.);
#1028=ORIENTED_EDGE('',*,*,#771,.T.);
#1029=ORIENTED_EDGE('',*,*,#768,.T.);
#1030=ORIENTED_EDGE('',*,*,#772,.T.);
#1031=ORIENTED_EDGE('',*,*,#763,.T.);
#1032=ORIENTED_EDGE('',*,*,#770,.F.);
#1033=ORIENTED_EDGE('',*,*,#761,.F.);
#1034=ORIENTED_EDGE('',*,*,#773,.T.);
#1035=ORIENTED_EDGE('',*,*,#765,.F.);
#1036=ORIENTED_EDGE('',*,*,#774,.T.);
#1037=ORIENTED_EDGE('',*,*,#775,.T.);
#1038=ORIENTED_EDGE('',*,*,#776,.F.);
#1039=ORIENTED_EDGE('',*,*,#777,.T.);
#1040=ORIENTED_EDGE('',*,*,#778,.T.);
#1041=ORIENTED_EDGE('',*,*,#779,.T.);
#1042=ORIENTED_EDGE('',*,*,#780,.F.);
#1043=ORIENTED_EDGE('',*,*,#781,.F.);
#1044=ORIENTED_EDGE('',*,*,#782,.T.);
#1045=ORIENTED_EDGE('',*,*,#781,.T.);
#1046=ORIENTED_EDGE('',*,*,#783,.F.);
#1047=ORIENTED_EDGE('',*,*,#775,.F.);
#1048=ORIENTED_EDGE('',*,*,#783,.T.);
#1049=ORIENTED_EDGE('',*,*,#780,.T.);
#1050=ORIENTED_EDGE('',*,*,#784,.T.);
#1051=ORIENTED_EDGE('',*,*,#776,.T.);
#1052=ORIENTED_EDGE('',*,*,#782,.F.);
#1053=ORIENTED_EDGE('',*,*,#774,.F.);
#1054=ORIENTED_EDGE('',*,*,#785,.T.);
#1055=ORIENTED_EDGE('',*,*,#778,.F.);
#1056=ORIENTED_EDGE('',*,*,#786,.T.);
#1057=ORIENTED_EDGE('',*,*,#787,.T.);
#1058=ORIENTED_EDGE('',*,*,#788,.F.);
#1059=ORIENTED_EDGE('',*,*,#789,.T.);
#1060=ORIENTED_EDGE('',*,*,#790,.T.);
#1061=ORIENTED_EDGE('',*,*,#791,.T.);
#1062=ORIENTED_EDGE('',*,*,#792,.F.);
#1063=ORIENTED_EDGE('',*,*,#793,.F.);
#1064=ORIENTED_EDGE('',*,*,#794,.T.);
#1065=ORIENTED_EDGE('',*,*,#793,.T.);
#1066=ORIENTED_EDGE('',*,*,#795,.F.);
#1067=ORIENTED_EDGE('',*,*,#787,.F.);
#1068=ORIENTED_EDGE('',*,*,#795,.T.);
#1069=ORIENTED_EDGE('',*,*,#792,.T.);
#1070=ORIENTED_EDGE('',*,*,#796,.T.);
#1071=ORIENTED_EDGE('',*,*,#788,.T.);
#1072=ORIENTED_EDGE('',*,*,#794,.F.);
#1073=ORIENTED_EDGE('',*,*,#786,.F.);
#1074=ORIENTED_EDGE('',*,*,#797,.T.);
#1075=ORIENTED_EDGE('',*,*,#790,.F.);
#1076=ORIENTED_EDGE('',*,*,#798,.T.);
#1077=ORIENTED_EDGE('',*,*,#799,.T.);
#1078=ORIENTED_EDGE('',*,*,#800,.F.);
#1079=ORIENTED_EDGE('',*,*,#801,.T.);
#1080=ORIENTED_EDGE('',*,*,#802,.T.);
#1081=ORIENTED_EDGE('',*,*,#803,.T.);
#1082=ORIENTED_EDGE('',*,*,#804,.F.);
#1083=ORIENTED_EDGE('',*,*,#805,.F.);
#1084=ORIENTED_EDGE('',*,*,#806,.T.);
#1085=ORIENTED_EDGE('',*,*,#805,.T.);
#1086=ORIENTED_EDGE('',*,*,#807,.F.);
#1087=ORIENTED_EDGE('',*,*,#799,.F.);
#1088=ORIENTED_EDGE('',*,*,#807,.T.);
#1089=ORIENTED_EDGE('',*,*,#804,.T.);
#1090=ORIENTED_EDGE('',*,*,#808,.T.);
#1091=ORIENTED_EDGE('',*,*,#800,.T.);
#1092=ORIENTED_EDGE('',*,*,#806,.F.);
#1093=ORIENTED_EDGE('',*,*,#798,.F.);
#1094=ORIENTED_EDGE('',*,*,#809,.T.);
#1095=ORIENTED_EDGE('',*,*,#802,.F.);
#1096=ORIENTED_EDGE('',*,*,#810,.T.);
#1097=ORIENTED_EDGE('',*,*,#811,.T.);
#1098=ORIENTED_EDGE('',*,*,#812,.F.);
#1099=ORIENTED_EDGE('',*,*,#813,.T.);
#1100=ORIENTED_EDGE('',*,*,#814,.T.);
#1101=ORIENTED_EDGE('',*,*,#815,.T.);
#1102=ORIENTED_EDGE('',*,*,#816,.T.);
#1103=ORIENTED_EDGE('',*,*,#817,.F.);
#1104=ORIENTED_EDGE('',*,*,#818,.F.);
#1105=ORIENTED_EDGE('',*,*,#819,.T.);
#1106=ORIENTED_EDGE('',*,*,#818,.T.);
#1107=ORIENTED_EDGE('',*,*,#820,.F.);
#1108=ORIENTED_EDGE('',*,*,#811,.F.);
#1109=ORIENTED_EDGE('',*,*,#820,.T.);
#1110=ORIENTED_EDGE('',*,*,#817,.T.);
#1111=ORIENTED_EDGE('',*,*,#821,.T.);
#1112=ORIENTED_EDGE('',*,*,#812,.T.);
#1113=ORIENTED_EDGE('',*,*,#819,.F.);
#1114=ORIENTED_EDGE('',*,*,#810,.F.);
#1115=ORIENTED_EDGE('',*,*,#822,.T.);
#1116=ORIENTED_EDGE('',*,*,#814,.F.);
#1117=ORIENTED_EDGE('',*,*,#821,.F.);
#1118=ORIENTED_EDGE('',*,*,#823,.T.);
#1119=ORIENTED_EDGE('',*,*,#824,.T.);
#1120=ORIENTED_EDGE('',*,*,#825,.T.);
#1121=ORIENTED_EDGE('',*,*,#808,.F.);
#1122=ORIENTED_EDGE('',*,*,#826,.T.);
#1123=ORIENTED_EDGE('',*,*,#827,.T.);
#1124=ORIENTED_EDGE('',*,*,#822,.F.);
#1125=ORIENTED_EDGE('',*,*,#828,.T.);
#1126=ORIENTED_EDGE('',*,*,#796,.F.);
#1127=ORIENTED_EDGE('',*,*,#829,.T.);
#1128=ORIENTED_EDGE('',*,*,#809,.F.);
#1129=ORIENTED_EDGE('',*,*,#830,.T.);
#1130=ORIENTED_EDGE('',*,*,#784,.F.);
#1131=ORIENTED_EDGE('',*,*,#831,.T.);
#1132=ORIENTED_EDGE('',*,*,#832,.T.);
#1133=ORIENTED_EDGE('',*,*,#833,.T.);
#1134=ORIENTED_EDGE('',*,*,#797,.F.);
#1135=ORIENTED_EDGE('',*,*,#834,.T.);
#1136=ORIENTED_EDGE('',*,*,#772,.F.);
#1137=ORIENTED_EDGE('',*,*,#835,.T.);
#1138=ORIENTED_EDGE('',*,*,#785,.F.);
#1139=ORIENTED_EDGE('',*,*,#836,.T.);
#1140=ORIENTED_EDGE('',*,*,#759,.F.);
#1141=ORIENTED_EDGE('',*,*,#837,.T.);
#1142=ORIENTED_EDGE('',*,*,#838,.T.);
#1143=ORIENTED_EDGE('',*,*,#773,.F.);
#1144=ORIENTED_EDGE('',*,*,#839,.T.);
#1145=ORIENTED_EDGE('',*,*,#747,.F.);
#1146=ORIENTED_EDGE('',*,*,#840,.T.);
#1147=ORIENTED_EDGE('',*,*,#760,.F.);
#1148=ORIENTED_EDGE('',*,*,#841,.T.);
#1149=ORIENTED_EDGE('',*,*,#734,.F.);
#1150=ORIENTED_EDGE('',*,*,#842,.T.);
#1151=ORIENTED_EDGE('',*,*,#843,.T.);
#1152=ORIENTED_EDGE('',*,*,#748,.F.);
#1153=ORIENTED_EDGE('',*,*,#844,.T.);
#1154=ORIENTED_EDGE('',*,*,#722,.F.);
#1155=ORIENTED_EDGE('',*,*,#845,.T.);
#1156=ORIENTED_EDGE('',*,*,#735,.F.);
#1157=ORIENTED_EDGE('',*,*,#846,.T.);
#1158=ORIENTED_EDGE('',*,*,#709,.F.);
#1159=ORIENTED_EDGE('',*,*,#847,.T.);
#1160=ORIENTED_EDGE('',*,*,#848,.T.);
#1161=ORIENTED_EDGE('',*,*,#723,.F.);
#1162=ORIENTED_EDGE('',*,*,#849,.T.);
#1163=ORIENTED_EDGE('',*,*,#697,.F.);
#1164=ORIENTED_EDGE('',*,*,#850,.T.);
#1165=ORIENTED_EDGE('',*,*,#710,.F.);
#1166=ORIENTED_EDGE('',*,*,#851,.T.);
#1167=ORIENTED_EDGE('',*,*,#852,.T.);
#1168=ORIENTED_EDGE('',*,*,#853,.T.);
#1169=ORIENTED_EDGE('',*,*,#854,.F.);
#1170=ORIENTED_EDGE('',*,*,#855,.T.);
#1171=ORIENTED_EDGE('',*,*,#856,.T.);
#1172=ORIENTED_EDGE('',*,*,#857,.T.);
#1173=ORIENTED_EDGE('',*,*,#858,.F.);
#1174=ORIENTED_EDGE('',*,*,#859,.F.);
#1175=ORIENTED_EDGE('',*,*,#860,.T.);
#1176=ORIENTED_EDGE('',*,*,#859,.T.);
#1177=ORIENTED_EDGE('',*,*,#861,.F.);
#1178=ORIENTED_EDGE('',*,*,#853,.F.);
#1179=ORIENTED_EDGE('',*,*,#861,.T.);
#1180=ORIENTED_EDGE('',*,*,#858,.T.);
#1181=ORIENTED_EDGE('',*,*,#862,.F.);
#1182=ORIENTED_EDGE('',*,*,#854,.T.);
#1183=ORIENTED_EDGE('',*,*,#860,.F.);
#1184=ORIENTED_EDGE('',*,*,#852,.F.);
#1185=ORIENTED_EDGE('',*,*,#824,.F.);
#1186=ORIENTED_EDGE('',*,*,#856,.F.);
#1187=ORIENTED_EDGE('',*,*,#863,.T.);
#1188=ORIENTED_EDGE('',*,*,#864,.T.);
#1189=ORIENTED_EDGE('',*,*,#832,.F.);
#1190=ORIENTED_EDGE('',*,*,#865,.F.);
#1191=ORIENTED_EDGE('',*,*,#866,.T.);
#1192=ORIENTED_EDGE('',*,*,#865,.T.);
#1193=ORIENTED_EDGE('',*,*,#831,.F.);
#1194=ORIENTED_EDGE('',*,*,#779,.F.);
#1195=ORIENTED_EDGE('',*,*,#835,.F.);
#1196=ORIENTED_EDGE('',*,*,#767,.F.);
#1197=ORIENTED_EDGE('',*,*,#867,.F.);
#1198=ORIENTED_EDGE('',*,*,#868,.T.);
#1199=ORIENTED_EDGE('',*,*,#867,.T.);
#1200=ORIENTED_EDGE('',*,*,#766,.F.);
#1201=ORIENTED_EDGE('',*,*,#838,.F.);
#1202=ORIENTED_EDGE('',*,*,#869,.F.);
#1203=ORIENTED_EDGE('',*,*,#870,.T.);
#1204=ORIENTED_EDGE('',*,*,#869,.T.);
#1205=ORIENTED_EDGE('',*,*,#837,.F.);
#1206=ORIENTED_EDGE('',*,*,#754,.F.);
#1207=ORIENTED_EDGE('',*,*,#840,.F.);
#1208=ORIENTED_EDGE('',*,*,#742,.F.);
#1209=ORIENTED_EDGE('',*,*,#871,.F.);
#1210=ORIENTED_EDGE('',*,*,#872,.T.);
#1211=ORIENTED_EDGE('',*,*,#871,.T.);
#1212=ORIENTED_EDGE('',*,*,#741,.F.);
#1213=ORIENTED_EDGE('',*,*,#843,.F.);
#1214=ORIENTED_EDGE('',*,*,#873,.F.);
#1215=ORIENTED_EDGE('',*,*,#874,.T.);
#1216=ORIENTED_EDGE('',*,*,#873,.T.);
#1217=ORIENTED_EDGE('',*,*,#842,.F.);
#1218=ORIENTED_EDGE('',*,*,#729,.F.);
#1219=ORIENTED_EDGE('',*,*,#845,.F.);
#1220=ORIENTED_EDGE('',*,*,#717,.F.);
#1221=ORIENTED_EDGE('',*,*,#875,.F.);
#1222=ORIENTED_EDGE('',*,*,#876,.T.);
#1223=ORIENTED_EDGE('',*,*,#875,.T.);
#1224=ORIENTED_EDGE('',*,*,#716,.F.);
#1225=ORIENTED_EDGE('',*,*,#848,.F.);
#1226=ORIENTED_EDGE('',*,*,#877,.F.);
#1227=ORIENTED_EDGE('',*,*,#878,.T.);
#1228=ORIENTED_EDGE('',*,*,#877,.T.);
#1229=ORIENTED_EDGE('',*,*,#847,.F.);
#1230=ORIENTED_EDGE('',*,*,#704,.F.);
#1231=ORIENTED_EDGE('',*,*,#850,.F.);
#1232=ORIENTED_EDGE('',*,*,#692,.F.);
#1233=ORIENTED_EDGE('',*,*,#879,.F.);
#1234=ORIENTED_EDGE('',*,*,#880,.F.);
#1235=ORIENTED_EDGE('',*,*,#881,.T.);
#1236=ORIENTED_EDGE('',*,*,#880,.T.);
#1237=ORIENTED_EDGE('',*,*,#882,.F.);
#1238=ORIENTED_EDGE('',*,*,#883,.F.);
#1239=ORIENTED_EDGE('',*,*,#884,.T.);
#1240=ORIENTED_EDGE('',*,*,#883,.T.);
#1241=ORIENTED_EDGE('',*,*,#885,.F.);
#1242=ORIENTED_EDGE('',*,*,#857,.F.);
#1243=ORIENTED_EDGE('',*,*,#823,.F.);
#1244=ORIENTED_EDGE('',*,*,#816,.F.);
#1245=ORIENTED_EDGE('',*,*,#886,.F.);
#1246=ORIENTED_EDGE('',*,*,#887,.T.);
#1247=ORIENTED_EDGE('',*,*,#886,.T.);
#1248=ORIENTED_EDGE('',*,*,#815,.F.);
#1249=ORIENTED_EDGE('',*,*,#827,.F.);
#1250=ORIENTED_EDGE('',*,*,#888,.F.);
#1251=ORIENTED_EDGE('',*,*,#889,.T.);
#1252=ORIENTED_EDGE('',*,*,#888,.T.);
#1253=ORIENTED_EDGE('',*,*,#826,.F.);
#1254=ORIENTED_EDGE('',*,*,#803,.F.);
#1255=ORIENTED_EDGE('',*,*,#829,.F.);
#1256=ORIENTED_EDGE('',*,*,#791,.F.);
#1257=ORIENTED_EDGE('',*,*,#833,.F.);
#1258=ORIENTED_EDGE('',*,*,#864,.F.);
#1259=ORIENTED_EDGE('',*,*,#825,.F.);
#1260=ORIENTED_EDGE('',*,*,#855,.F.);
#1261=ORIENTED_EDGE('',*,*,#890,.F.);
#1262=ORIENTED_EDGE('',*,*,#690,.F.);
#1263=ORIENTED_EDGE('',*,*,#851,.F.);
#1264=ORIENTED_EDGE('',*,*,#702,.F.);
#1265=ORIENTED_EDGE('',*,*,#849,.F.);
#1266=ORIENTED_EDGE('',*,*,#714,.F.);
#1267=ORIENTED_EDGE('',*,*,#846,.F.);
#1268=ORIENTED_EDGE('',*,*,#727,.F.);
#1269=ORIENTED_EDGE('',*,*,#844,.F.);
#1270=ORIENTED_EDGE('',*,*,#739,.F.);
#1271=ORIENTED_EDGE('',*,*,#841,.F.);
#1272=ORIENTED_EDGE('',*,*,#891,.T.);
#1273=ORIENTED_EDGE('',*,*,#892,.T.);
#1274=ORIENTED_EDGE('',*,*,#891,.F.);
#1275=ORIENTED_EDGE('',*,*,#752,.F.);
#1276=ORIENTED_EDGE('',*,*,#839,.F.);
#1277=ORIENTED_EDGE('',*,*,#764,.F.);
#1278=ORIENTED_EDGE('',*,*,#836,.F.);
#1279=ORIENTED_EDGE('',*,*,#777,.F.);
#1280=ORIENTED_EDGE('',*,*,#834,.F.);
#1281=ORIENTED_EDGE('',*,*,#789,.F.);
#1282=ORIENTED_EDGE('',*,*,#830,.F.);
#1283=ORIENTED_EDGE('',*,*,#801,.F.);
#1284=ORIENTED_EDGE('',*,*,#828,.F.);
#1285=ORIENTED_EDGE('',*,*,#813,.F.);
#1286=ORIENTED_EDGE('',*,*,#698,.F.);
#1287=ORIENTED_EDGE('',*,*,#890,.T.);
#1288=ORIENTED_EDGE('',*,*,#862,.T.);
#1289=ORIENTED_EDGE('',*,*,#885,.T.);
#1290=ORIENTED_EDGE('',*,*,#882,.T.);
#1291=ORIENTED_EDGE('',*,*,#879,.T.);
#1292=ORIENTED_EDGE('',*,*,#892,.F.);
#1293=ORIENTED_EDGE('',*,*,#889,.F.);
#1294=ORIENTED_EDGE('',*,*,#863,.F.);
#1295=ORIENTED_EDGE('',*,*,#866,.F.);
#1296=ORIENTED_EDGE('',*,*,#868,.F.);
#1297=ORIENTED_EDGE('',*,*,#870,.F.);
#1298=ORIENTED_EDGE('',*,*,#872,.F.);
#1299=ORIENTED_EDGE('',*,*,#874,.F.);
#1300=ORIENTED_EDGE('',*,*,#876,.F.);
#1301=ORIENTED_EDGE('',*,*,#878,.F.);
#1302=ORIENTED_EDGE('',*,*,#881,.F.);
#1303=ORIENTED_EDGE('',*,*,#884,.F.);
#1304=ORIENTED_EDGE('',*,*,#887,.F.);
#1305=CONICAL_SURFACE('',#1429,28.7586494467659,0.698131700797734);
#1306=CONICAL_SURFACE('',#1432,26.7586615026557,0.698131700797731);
#1307=CONICAL_SURFACE('',#1438,28.7586494467659,0.698131700797734);
#1308=CONICAL_SURFACE('',#1441,26.7586615026557,0.698131700797731);
#1309=CONICAL_SURFACE('',#1447,28.7586494467659,0.698131700797734);
#1310=CONICAL_SURFACE('',#1450,26.7586615026557,0.698131700797731);
#1311=CONICAL_SURFACE('',#1457,28.7586494467659,0.698131700797734);
#1312=CONICAL_SURFACE('',#1460,26.7586615026557,0.698131700797731);
#1313=CONICAL_SURFACE('',#1466,28.7586494467659,0.698131700797734);
#1314=CONICAL_SURFACE('',#1469,26.7586615026557,0.698131700797731);
#1315=CONICAL_SURFACE('',#1476,28.7586494467659,0.698131700797734);
#1316=CONICAL_SURFACE('',#1479,26.7586615026557,0.698131700797731);
#1317=CONICAL_SURFACE('',#1485,28.7586494467659,0.698131700797734);
#1318=CONICAL_SURFACE('',#1488,26.7586615026557,0.698131700797731);
#1319=CONICAL_SURFACE('',#1495,28.7586494467659,0.698131700797734);
#1320=CONICAL_SURFACE('',#1498,26.7586615026557,0.698131700797731);
#1321=CONICAL_SURFACE('',#1504,28.7586494467659,0.698131700797734);
#1322=CONICAL_SURFACE('',#1507,26.7586615026557,0.698131700797731);
#1323=CONICAL_SURFACE('',#1513,28.7586494467659,0.698131700797734);
#1324=CONICAL_SURFACE('',#1516,26.7586615026557,0.698131700797731);
#1325=CONICAL_SURFACE('',#1522,28.7586494467659,0.698131700797734);
#1326=CONICAL_SURFACE('',#1525,26.7586615026557,0.698131700797731);
#1327=CONICAL_SURFACE('',#1571,28.7586494467659,0.698131700797734);
#1328=CONICAL_SURFACE('',#1574,26.7586615026557,0.698131700797731);
#1329=ADVANCED_FACE('',(#78),#1305,.T.);
#1330=ADVANCED_FACE('',(#79),#1306,.F.);
#1331=ADVANCED_FACE('',(#80),#29,.T.);
#1332=ADVANCED_FACE('',(#81),#30,.T.);
#1333=ADVANCED_FACE('',(#82),#31,.F.);
#1334=ADVANCED_FACE('',(#83),#1307,.T.);
#1335=ADVANCED_FACE('',(#84),#1308,.F.);
#1336=ADVANCED_FACE('',(#85),#32,.T.);
#1337=ADVANCED_FACE('',(#86),#33,.T.);
#1338=ADVANCED_FACE('',(#87),#34,.F.);
#1339=ADVANCED_FACE('',(#88),#1309,.T.);
#1340=ADVANCED_FACE('',(#89),#1310,.F.);
#1341=ADVANCED_FACE('',(#90),#35,.T.);
#1342=ADVANCED_FACE('',(#91),#36,.T.);
#1343=ADVANCED_FACE('',(#92),#37,.F.);
#1344=ADVANCED_FACE('',(#93),#1311,.T.);
#1345=ADVANCED_FACE('',(#94),#1312,.F.);
#1346=ADVANCED_FACE('',(#95),#38,.T.);
#1347=ADVANCED_FACE('',(#96),#39,.T.);
#1348=ADVANCED_FACE('',(#97),#40,.F.);
#1349=ADVANCED_FACE('',(#98),#1313,.T.);
#1350=ADVANCED_FACE('',(#99),#1314,.F.);
#1351=ADVANCED_FACE('',(#100),#41,.T.);
#1352=ADVANCED_FACE('',(#101),#42,.T.);
#1353=ADVANCED_FACE('',(#102),#43,.F.);
#1354=ADVANCED_FACE('',(#103),#1315,.T.);
#1355=ADVANCED_FACE('',(#104),#1316,.F.);
#1356=ADVANCED_FACE('',(#105),#44,.T.);
#1357=ADVANCED_FACE('',(#106),#45,.T.);
#1358=ADVANCED_FACE('',(#107),#46,.F.);
#1359=ADVANCED_FACE('',(#108),#1317,.T.);
#1360=ADVANCED_FACE('',(#109),#1318,.F.);
#1361=ADVANCED_FACE('',(#110),#47,.T.);
#1362=ADVANCED_FACE('',(#111),#48,.T.);
#1363=ADVANCED_FACE('',(#112),#49,.F.);
#1364=ADVANCED_FACE('',(#113),#1319,.T.);
#1365=ADVANCED_FACE('',(#114),#1320,.F.);
#1366=ADVANCED_FACE('',(#115),#50,.T.);
#1367=ADVANCED_FACE('',(#116),#51,.T.);
#1368=ADVANCED_FACE('',(#117),#52,.F.);
#1369=ADVANCED_FACE('',(#118),#1321,.T.);
#1370=ADVANCED_FACE('',(#119),#1322,.F.);
#1371=ADVANCED_FACE('',(#120),#53,.T.);
#1372=ADVANCED_FACE('',(#121),#54,.T.);
#1373=ADVANCED_FACE('',(#122),#55,.F.);
#1374=ADVANCED_FACE('',(#123),#1323,.T.);
#1375=ADVANCED_FACE('',(#124),#1324,.F.);
#1376=ADVANCED_FACE('',(#125),#56,.T.);
#1377=ADVANCED_FACE('',(#126),#57,.T.);
#1378=ADVANCED_FACE('',(#127),#58,.F.);
#1379=ADVANCED_FACE('',(#128),#1325,.T.);
#1380=ADVANCED_FACE('',(#129),#1326,.F.);
#1381=ADVANCED_FACE('',(#130),#59,.T.);
#1382=ADVANCED_FACE('',(#131),#60,.T.);
#1383=ADVANCED_FACE('',(#132),#61,.F.);
#1384=ADVANCED_FACE('',(#133),#62,.T.);
#1385=ADVANCED_FACE('',(#134),#63,.T.);
#1386=ADVANCED_FACE('',(#135),#64,.T.);
#1387=ADVANCED_FACE('',(#136),#65,.T.);
#1388=ADVANCED_FACE('',(#137),#66,.T.);
#1389=ADVANCED_FACE('',(#138),#67,.T.);
#1390=ADVANCED_FACE('',(#139),#68,.T.);
#1391=ADVANCED_FACE('',(#140),#69,.T.);
#1392=ADVANCED_FACE('',(#141),#70,.T.);
#1393=ADVANCED_FACE('',(#142),#71,.T.);
#1394=ADVANCED_FACE('',(#143),#72,.T.);
#1395=ADVANCED_FACE('',(#144),#1327,.T.);
#1396=ADVANCED_FACE('',(#145),#1328,.F.);
#1397=ADVANCED_FACE('',(#146),#73,.T.);
#1398=ADVANCED_FACE('',(#147),#74,.T.);
#1399=ADVANCED_FACE('',(#148),#75,.F.);
#1400=ADVANCED_FACE('',(#149),#16,.F.);
#1401=ADVANCED_FACE('',(#150),#17,.F.);
#1402=ADVANCED_FACE('',(#151),#18,.F.);
#1403=ADVANCED_FACE('',(#152),#19,.F.);
#1404=ADVANCED_FACE('',(#153),#20,.F.);
#1405=ADVANCED_FACE('',(#154),#21,.F.);
#1406=ADVANCED_FACE('',(#155),#22,.F.);
#1407=ADVANCED_FACE('',(#156),#23,.F.);
#1408=ADVANCED_FACE('',(#157),#24,.F.);
#1409=ADVANCED_FACE('',(#158),#25,.F.);
#1410=ADVANCED_FACE('',(#159),#26,.F.);
#1411=ADVANCED_FACE('',(#160),#27,.F.);
#1412=ADVANCED_FACE('',(#161),#28,.T.);
#1413=ADVANCED_FACE('',(#162),#76,.T.);
#1414=ADVANCED_FACE('',(#163,#15),#77,.F.);
#1415=CLOSED_SHELL('',(#1329,#1330,#1331,#1332,#1333,#1334,#1335,#1336,
#1337,#1338,#1339,#1340,#1341,#1342,#1343,#1344,#1345,#1346,#1347,#1348,
#1349,#1350,#1351,#1352,#1353,#1354,#1355,#1356,#1357,#1358,#1359,#1360,
#1361,#1362,#1363,#1364,#1365,#1366,#1367,#1368,#1369,#1370,#1371,#1372,
#1373,#1374,#1375,#1376,#1377,#1378,#1379,#1380,#1381,#1382,#1383,#1384,
#1385,#1386,#1387,#1388,#1389,#1390,#1391,#1392,#1393,#1394,#1395,#1396,
#1397,#1398,#1399,#1400,#1401,#1402,#1403,#1404,#1405,#1406,#1407,#1408,
#1409,#1410,#1411,#1412,#1413,#1414));
#1416=DERIVED_UNIT_ELEMENT(#1418,1.);
#1417=DERIVED_UNIT_ELEMENT(#2508,-3.);
#1418=(
MASS_UNIT()
NAMED_UNIT(*)
SI_UNIT(.KILO.,.GRAM.)
);
#1419=DERIVED_UNIT((#1416,#1417));
#1420=MEASURE_REPRESENTATION_ITEM('density measure',
POSITIVE_RATIO_MEASURE(1060.),#1419);
#1421=PROPERTY_DEFINITION_REPRESENTATION(#1426,#1423);
#1422=PROPERTY_DEFINITION_REPRESENTATION(#1427,#1424);
#1423=REPRESENTATION('material name',(#1425),#2505);
#1424=REPRESENTATION('density',(#1420),#2505);
#1425=DESCRIPTIVE_REPRESENTATION_ITEM('ABS Plastic','ABS Plastic');
#1426=PROPERTY_DEFINITION('material property','material name',#2515);
#1427=PROPERTY_DEFINITION('material property','density of part',#2515);
#1428=AXIS2_PLACEMENT_3D('',#2089,#1612,#1613);
#1429=AXIS2_PLACEMENT_3D('',#2090,#1614,#1615);
#1430=AXIS2_PLACEMENT_3D('',#2095,#1617,#1618);
#1431=AXIS2_PLACEMENT_3D('',#2098,#1620,#1621);
#1432=AXIS2_PLACEMENT_3D('',#2099,#1622,#1623);
#1433=AXIS2_PLACEMENT_3D('',#2104,#1625,#1626);
#1434=AXIS2_PLACEMENT_3D('',#2107,#1628,#1629);
#1435=AXIS2_PLACEMENT_3D('',#2108,#1630,#1631);
#1436=AXIS2_PLACEMENT_3D('',#2111,#1634,#1635);
#1437=AXIS2_PLACEMENT_3D('',#2113,#1637,#1638);
#1438=AXIS2_PLACEMENT_3D('',#2115,#1640,#1641);
#1439=AXIS2_PLACEMENT_3D('',#2120,#1643,#1644);
#1440=AXIS2_PLACEMENT_3D('',#2123,#1646,#1647);
#1441=AXIS2_PLACEMENT_3D('',#2124,#1648,#1649);
#1442=AXIS2_PLACEMENT_3D('',#2129,#1651,#1652);
#1443=AXIS2_PLACEMENT_3D('',#2132,#1654,#1655);
#1444=AXIS2_PLACEMENT_3D('',#2133,#1656,#1657);
#1445=AXIS2_PLACEMENT_3D('',#2136,#1660,#1661);
#1446=AXIS2_PLACEMENT_3D('',#2138,#1663,#1664);
#1447=AXIS2_PLACEMENT_3D('',#2140,#1666,#1667);
#1448=AXIS2_PLACEMENT_3D('',#2145,#1669,#1670);
#1449=AXIS2_PLACEMENT_3D('',#2148,#1672,#1673);
#1450=AXIS2_PLACEMENT_3D('',#2149,#1674,#1675);
#1451=AXIS2_PLACEMENT_3D('',#2154,#1677,#1678);
#1452=AXIS2_PLACEMENT_3D('',#2156,#1679,#1680);
#1453=AXIS2_PLACEMENT_3D('',#2159,#1682,#1683);
#1454=AXIS2_PLACEMENT_3D('',#2160,#1684,#1685);
#1455=AXIS2_PLACEMENT_3D('',#2163,#1688,#1689);
#1456=AXIS2_PLACEMENT_3D('',#2165,#1691,#1692);
#1457=AXIS2_PLACEMENT_3D('',#2167,#1694,#1695);
#1458=AXIS2_PLACEMENT_3D('',#2172,#1697,#1698);
#1459=AXIS2_PLACEMENT_3D('',#2175,#1700,#1701);
#1460=AXIS2_PLACEMENT_3D('',#2176,#1702,#1703);
#1461=AXIS2_PLACEMENT_3D('',#2181,#1705,#1706);
#1462=AXIS2_PLACEMENT_3D('',#2184,#1708,#1709);
#1463=AXIS2_PLACEMENT_3D('',#2185,#1710,#1711);
#1464=AXIS2_PLACEMENT_3D('',#2188,#1714,#1715);
#1465=AXIS2_PLACEMENT_3D('',#2190,#1717,#1718);
#1466=AXIS2_PLACEMENT_3D('',#2192,#1720,#1721);
#1467=AXIS2_PLACEMENT_3D('',#2197,#1723,#1724);
#1468=AXIS2_PLACEMENT_3D('',#2200,#1726,#1727);
#1469=AXIS2_PLACEMENT_3D('',#2201,#1728,#1729);
#1470=AXIS2_PLACEMENT_3D('',#2206,#1731,#1732);
#1471=AXIS2_PLACEMENT_3D('',#2208,#1733,#1734);
#1472=AXIS2_PLACEMENT_3D('',#2211,#1736,#1737);
#1473=AXIS2_PLACEMENT_3D('',#2212,#1738,#1739);
#1474=AXIS2_PLACEMENT_3D('',#2215,#1742,#1743);
#1475=AXIS2_PLACEMENT_3D('',#2217,#1745,#1746);
#1476=AXIS2_PLACEMENT_3D('',#2219,#1748,#1749);
#1477=AXIS2_PLACEMENT_3D('',#2224,#1751,#1752);
#1478=AXIS2_PLACEMENT_3D('',#2227,#1754,#1755);
#1479=AXIS2_PLACEMENT_3D('',#2228,#1756,#1757);
#1480=AXIS2_PLACEMENT_3D('',#2233,#1759,#1760);
#1481=AXIS2_PLACEMENT_3D('',#2236,#1762,#1763);
#1482=AXIS2_PLACEMENT_3D('',#2237,#1764,#1765);
#1483=AXIS2_PLACEMENT_3D('',#2240,#1768,#1769);
#1484=AXIS2_PLACEMENT_3D('',#2242,#1771,#1772);
#1485=AXIS2_PLACEMENT_3D('',#2244,#1774,#1775);
#1486=AXIS2_PLACEMENT_3D('',#2249,#1777,#1778);
#1487=AXIS2_PLACEMENT_3D('',#2252,#1780,#1781);
#1488=AXIS2_PLACEMENT_3D('',#2253,#1782,#1783);
#1489=AXIS2_PLACEMENT_3D('',#2258,#1785,#1786);
#1490=AXIS2_PLACEMENT_3D('',#2260,#1787,#1788);
#1491=AXIS2_PLACEMENT_3D('',#2263,#1790,#1791);
#1492=AXIS2_PLACEMENT_3D('',#2264,#1792,#1793);
#1493=AXIS2_PLACEMENT_3D('',#2267,#1796,#1797);
#1494=AXIS2_PLACEMENT_3D('',#2269,#1799,#1800);
#1495=AXIS2_PLACEMENT_3D('',#2271,#1802,#1803);
#1496=AXIS2_PLACEMENT_3D('',#2276,#1805,#1806);
#1497=AXIS2_PLACEMENT_3D('',#2279,#1808,#1809);
#1498=AXIS2_PLACEMENT_3D('',#2280,#1810,#1811);
#1499=AXIS2_PLACEMENT_3D('',#2285,#1813,#1814);
#1500=AXIS2_PLACEMENT_3D('',#2288,#1816,#1817);
#1501=AXIS2_PLACEMENT_3D('',#2289,#1818,#1819);
#1502=AXIS2_PLACEMENT_3D('',#2292,#1822,#1823);
#1503=AXIS2_PLACEMENT_3D('',#2294,#1825,#1826);
#1504=AXIS2_PLACEMENT_3D('',#2296,#1828,#1829);
#1505=AXIS2_PLACEMENT_3D('',#2301,#1831,#1832);
#1506=AXIS2_PLACEMENT_3D('',#2304,#1834,#1835);
#1507=AXIS2_PLACEMENT_3D('',#2305,#1836,#1837);
#1508=AXIS2_PLACEMENT_3D('',#2310,#1839,#1840);
#1509=AXIS2_PLACEMENT_3D('',#2313,#1842,#1843);
#1510=AXIS2_PLACEMENT_3D('',#2314,#1844,#1845);
#1511=AXIS2_PLACEMENT_3D('',#2317,#1848,#1849);
#1512=AXIS2_PLACEMENT_3D('',#2319,#1851,#1852);
#1513=AXIS2_PLACEMENT_3D('',#2321,#1854,#1855);
#1514=AXIS2_PLACEMENT_3D('',#2326,#1857,#1858);
#1515=AXIS2_PLACEMENT_3D('',#2329,#1860,#1861);
#1516=AXIS2_PLACEMENT_3D('',#2330,#1862,#1863);
#1517=AXIS2_PLACEMENT_3D('',#2335,#1865,#1866);
#1518=AXIS2_PLACEMENT_3D('',#2338,#1868,#1869);
#1519=AXIS2_PLACEMENT_3D('',#2339,#1870,#1871);
#1520=AXIS2_PLACEMENT_3D('',#2342,#1874,#1875);
#1521=AXIS2_PLACEMENT_3D('',#2344,#1877,#1878);
#1522=AXIS2_PLACEMENT_3D('',#2346,#1880,#1881);
#1523=AXIS2_PLACEMENT_3D('',#2351,#1883,#1884);
#1524=AXIS2_PLACEMENT_3D('',#2354,#1886,#1887);
#1525=AXIS2_PLACEMENT_3D('',#2355,#1888,#1889);
#1526=AXIS2_PLACEMENT_3D('',#2360,#1891,#1892);
#1527=AXIS2_PLACEMENT_3D('',#2362,#1893,#1894);
#1528=AXIS2_PLACEMENT_3D('',#2365,#1896,#1897);
#1529=AXIS2_PLACEMENT_3D('',#2366,#1898,#1899);
#1530=AXIS2_PLACEMENT_3D('',#2369,#1902,#1903);
#1531=AXIS2_PLACEMENT_3D('',#2371,#1905,#1906);
#1532=AXIS2_PLACEMENT_3D('',#2373,#1908,#1909);
#1533=AXIS2_PLACEMENT_3D('',#2375,#1910,#1911);
#1534=AXIS2_PLACEMENT_3D('',#2378,#1913,#1914);
#1535=AXIS2_PLACEMENT_3D('',#2379,#1915,#1916);
#1536=AXIS2_PLACEMENT_3D('',#2381,#1917,#1918);
#1537=AXIS2_PLACEMENT_3D('',#2382,#1919,#1920);
#1538=AXIS2_PLACEMENT_3D('',#2383,#1921,#1922);
#1539=AXIS2_PLACEMENT_3D('',#2384,#1923,#1924);
#1540=AXIS2_PLACEMENT_3D('',#2385,#1925,#1926);
#1541=AXIS2_PLACEMENT_3D('',#2386,#1927,#1928);
#1542=AXIS2_PLACEMENT_3D('',#2387,#1929,#1930);
#1543=AXIS2_PLACEMENT_3D('',#2389,#1931,#1932);
#1544=AXIS2_PLACEMENT_3D('',#2391,#1933,#1934);
#1545=AXIS2_PLACEMENT_3D('',#2392,#1935,#1936);
#1546=AXIS2_PLACEMENT_3D('',#2393,#1937,#1938);
#1547=AXIS2_PLACEMENT_3D('',#2394,#1939,#1940);
#1548=AXIS2_PLACEMENT_3D('',#2395,#1941,#1942);
#1549=AXIS2_PLACEMENT_3D('',#2396,#1943,#1944);
#1550=AXIS2_PLACEMENT_3D('',#2397,#1945,#1946);
#1551=AXIS2_PLACEMENT_3D('',#2399,#1947,#1948);
#1552=AXIS2_PLACEMENT_3D('',#2400,#1949,#1950);
#1553=AXIS2_PLACEMENT_3D('',#2401,#1951,#1952);
#1554=AXIS2_PLACEMENT_3D('',#2402,#1953,#1954);
#1555=AXIS2_PLACEMENT_3D('',#2403,#1955,#1956);
#1556=AXIS2_PLACEMENT_3D('',#2404,#1957,#1958);
#1557=AXIS2_PLACEMENT_3D('',#2405,#1959,#1960);
#1558=AXIS2_PLACEMENT_3D('',#2407,#1961,#1962);
#1559=AXIS2_PLACEMENT_3D('',#2408,#1963,#1964);
#1560=AXIS2_PLACEMENT_3D('',#2409,#1965,#1966);
#1561=AXIS2_PLACEMENT_3D('',#2410,#1967,#1968);
#1562=AXIS2_PLACEMENT_3D('',#2411,#1969,#1970);
#1563=AXIS2_PLACEMENT_3D('',#2412,#1971,#1972);
#1564=AXIS2_PLACEMENT_3D('',#2413,#1973,#1974);
#1565=AXIS2_PLACEMENT_3D('',#2415,#1975,#1976);
#1566=AXIS2_PLACEMENT_3D('',#2416,#1977,#1978);
#1567=AXIS2_PLACEMENT_3D('',#2417,#1979,#1980);
#1568=AXIS2_PLACEMENT_3D('',#2418,#1981,#1982);
#1569=AXIS2_PLACEMENT_3D('',#2419,#1983,#1984);
#1570=AXIS2_PLACEMENT_3D('',#2420,#1985,#1986);
#1571=AXIS2_PLACEMENT_3D('',#2421,#1987,#1988);
#1572=AXIS2_PLACEMENT_3D('',#2425,#1990,#1991);
#1573=AXIS2_PLACEMENT_3D('',#2428,#1993,#1994);
#1574=AXIS2_PLACEMENT_3D('',#2429,#1995,#1996);
#1575=AXIS2_PLACEMENT_3D('',#2433,#1998,#1999);
#1576=AXIS2_PLACEMENT_3D('',#2436,#2001,#2002);
#1577=AXIS2_PLACEMENT_3D('',#2437,#2003,#2004);
#1578=AXIS2_PLACEMENT_3D('',#2440,#2007,#2008);
#1579=AXIS2_PLACEMENT_3D('',#2442,#2010,#2011);
#1580=AXIS2_PLACEMENT_3D('',#2443,#2012,#2013);
#1581=AXIS2_PLACEMENT_3D('',#2446,#2014,#2015);
#1582=AXIS2_PLACEMENT_3D('',#2449,#2018,#2019);
#1583=AXIS2_PLACEMENT_3D('',#2451,#2020,#2021);
#1584=AXIS2_PLACEMENT_3D('',#2453,#2023,#2024);
#1585=AXIS2_PLACEMENT_3D('',#2455,#2025,#2026);
#1586=AXIS2_PLACEMENT_3D('',#2457,#2028,#2029);
#1587=AXIS2_PLACEMENT_3D('',#2459,#2030,#2031);
#1588=AXIS2_PLACEMENT_3D('',#2461,#2033,#2034);
#1589=AXIS2_PLACEMENT_3D('',#2463,#2035,#2036);
#1590=AXIS2_PLACEMENT_3D('',#2465,#2038,#2039);
#1591=AXIS2_PLACEMENT_3D('',#2467,#2040,#2041);
#1592=AXIS2_PLACEMENT_3D('',#2469,#2043,#2044);
#1593=AXIS2_PLACEMENT_3D('',#2471,#2045,#2046);
#1594=AXIS2_PLACEMENT_3D('',#2473,#2048,#2049);
#1595=AXIS2_PLACEMENT_3D('',#2475,#2050,#2051);
#1596=AXIS2_PLACEMENT_3D('',#2477,#2052,#2053);
#1597=AXIS2_PLACEMENT_3D('',#2479,#2055,#2056);
#1598=AXIS2_PLACEMENT_3D('',#2481,#2057,#2058);
#1599=AXIS2_PLACEMENT_3D('',#2483,#2059,#2060);
#1600=AXIS2_PLACEMENT_3D('',#2485,#2062,#2063);
#1601=AXIS2_PLACEMENT_3D('',#2487,#2064,#2065);
#1602=AXIS2_PLACEMENT_3D('',#2488,#2066,#2067);
#1603=AXIS2_PLACEMENT_3D('',#2490,#2069,#2070);
#1604=AXIS2_PLACEMENT_3D('',#2492,#2071,#2072);
#1605=AXIS2_PLACEMENT_3D('',#2494,#2074,#2075);
#1606=AXIS2_PLACEMENT_3D('',#2495,#2076,#2077);
#1607=AXIS2_PLACEMENT_3D('',#2496,#2078,#2079);
#1608=AXIS2_PLACEMENT_3D('',#2497,#2080,#2081);
#1609=AXIS2_PLACEMENT_3D('',#2500,#2083,#2084);
#1610=AXIS2_PLACEMENT_3D('',#2501,#2085,#2086);
#1611=AXIS2_PLACEMENT_3D('',#2502,#2087,#2088);
#1612=DIRECTION('axis',(0.,0.,1.));
#1613=DIRECTION('refdir',(1.,0.,0.));
#1614=DIRECTION('center_axis',(0.,0.,1.));
#1615=DIRECTION('ref_axis',(-0.866025403784438,0.5,0.));
#1616=DIRECTION('',(-0.556670399226421,0.321393804843271,0.766044443118976));
#1617=DIRECTION('center_axis',(0.,0.,-1.));
#1618=DIRECTION('ref_axis',(-0.86602540378444,0.499999999999997,0.));
#1619=DIRECTION('',(-0.492403876506105,0.413175911166536,0.766044443118976));
#1620=DIRECTION('center_axis',(0.,0.,1.));
#1621=DIRECTION('ref_axis',(-1.,0.,0.));
#1622=DIRECTION('center_axis',(0.,0.,1.));
#1623=DIRECTION('ref_axis',(-0.866025403784438,0.500000000000001,0.));
#1624=DIRECTION('',(0.556670399226419,-0.32139380484327,-0.766044443118979));
#1625=DIRECTION('center_axis',(0.,0.,-1.));
#1626=DIRECTION('ref_axis',(-0.0513929265984766,0.998678510380415,0.));
#1627=DIRECTION('',(0.492403876506103,-0.413175911166535,-0.766044443118979));
#1628=DIRECTION('center_axis',(0.,0.,-1.));
#1629=DIRECTION('ref_axis',(-0.86602540378444,0.499999999999998,0.));
#1630=DIRECTION('center_axis',(0.,0.,1.));
#1631=DIRECTION('ref_axis',(0.866025403784438,-0.5,0.));
#1632=DIRECTION('',(0.866025403784438,-0.5,0.));
#1633=DIRECTION('',(0.766044443118978,-0.64278760968654,0.));
#1634=DIRECTION('center_axis',(0.64278760968654,0.766044443118978,0.));
#1635=DIRECTION('ref_axis',(0.766044443118978,-0.64278760968654,0.));
#1636=DIRECTION('',(-0.766044443118978,0.64278760968654,0.));
#1637=DIRECTION('center_axis',(0.5,0.866025403784438,0.));
#1638=DIRECTION('ref_axis',(0.866025403784438,-0.5,0.));
#1639=DIRECTION('',(0.866025403784438,-0.5,0.));
#1640=DIRECTION('center_axis',(0.,0.,1.));
#1641=DIRECTION('ref_axis',(-0.499999999999999,0.866025403784439,0.));
#1642=DIRECTION('',(-0.32139380484327,0.556670399226421,0.766044443118976));
#1643=DIRECTION('center_axis',(0.,0.,-1.));
#1644=DIRECTION('ref_axis',(-0.500000000000003,0.866025403784437,0.));
#1645=DIRECTION('',(-0.219846310392954,0.604022773555056,0.766044443118976));
#1646=DIRECTION('center_axis',(0.,0.,1.));
#1647=DIRECTION('ref_axis',(-1.,0.,0.));
#1648=DIRECTION('center_axis',(0.,0.,1.));
#1649=DIRECTION('ref_axis',(-0.499999999999999,0.866025403784439,0.));
#1650=DIRECTION('',(0.321393804843269,-0.556670399226419,-0.766044443118979));
#1651=DIRECTION('center_axis',(0.,0.,-1.));
#1652=DIRECTION('ref_axis',(-0.0513929265984766,0.998678510380415,0.));
#1653=DIRECTION('',(0.219846310392953,-0.604022773555053,-0.766044443118979));
#1654=DIRECTION('center_axis',(0.,0.,-1.));
#1655=DIRECTION('ref_axis',(-0.500000000000002,0.866025403784437,0.));
#1656=DIRECTION('center_axis',(0.,0.,1.));
#1657=DIRECTION('ref_axis',(0.499999999999999,-0.866025403784439,0.));
#1658=DIRECTION('',(0.499999999999999,-0.866025403784439,0.));
#1659=DIRECTION('',(0.342020143325668,-0.939692620785909,0.));
#1660=DIRECTION('center_axis',(0.939692620785909,0.342020143325668,0.));
#1661=DIRECTION('ref_axis',(0.342020143325668,-0.939692620785909,0.));
#1662=DIRECTION('',(-0.342020143325668,0.939692620785909,0.));
#1663=DIRECTION('center_axis',(0.866025403784439,0.499999999999999,0.));
#1664=DIRECTION('ref_axis',(0.499999999999999,-0.866025403784439,0.));
#1665=DIRECTION('',(0.499999999999999,-0.866025403784439,0.));
#1666=DIRECTION('center_axis',(0.,0.,1.));
#1667=DIRECTION('ref_axis',(2.31629032513557E-16,1.,0.));
#1668=DIRECTION('',(1.11022302462516E-16,0.642787609686541,0.766044443118976));
#1669=DIRECTION('center_axis',(0.,0.,-1.));
#1670=DIRECTION('ref_axis',(-4.06847175496824E-15,1.,0.));
#1671=DIRECTION('',(0.11161889704895,0.633022221559491,0.766044443118976));
#1672=DIRECTION('center_axis',(0.,0.,1.));
#1673=DIRECTION('ref_axis',(-1.,0.,0.));
#1674=DIRECTION('center_axis',(0.,0.,1.));
#1675=DIRECTION('ref_axis',(1.65960920655911E-16,1.,0.));
#1676=DIRECTION('',(-1.11022302462516E-16,-0.642787609686539,-0.766044443118979));
#1677=DIRECTION('center_axis',(0.,0.,-1.));
#1678=DIRECTION('ref_axis',(-1.,0.,0.));
#1679=DIRECTION('center_axis',(0.,0.,-1.));
#1680=DIRECTION('ref_axis',(0.856836299822024,0.515588552343148,0.));
#1681=DIRECTION('',(-0.11161889704895,-0.633022221559488,-0.766044443118979));
#1682=DIRECTION('center_axis',(0.,0.,-1.));
#1683=DIRECTION('ref_axis',(-2.93234793198309E-15,1.,0.));
#1684=DIRECTION('center_axis',(0.,0.,1.));
#1685=DIRECTION('ref_axis',(-2.22044604925031E-16,-1.,0.));
#1686=DIRECTION('',(-2.22044604925031E-16,-1.,0.));
#1687=DIRECTION('',(-0.173648177666931,-0.984807753012208,0.));
#1688=DIRECTION('center_axis',(0.984807753012208,-0.173648177666931,0.));
#1689=DIRECTION('ref_axis',(-0.173648177666931,-0.984807753012208,0.));
#1690=DIRECTION('',(0.173648177666931,0.984807753012208,0.));
#1691=DIRECTION('center_axis',(1.,-2.22044604925031E-16,0.));
#1692=DIRECTION('ref_axis',(-2.22044604925031E-16,-1.,0.));
#1693=DIRECTION('',(-2.22044604925031E-16,-1.,0.));
#1694=DIRECTION('center_axis',(0.,0.,1.));
#1695=DIRECTION('ref_axis',(0.5,0.866025403784438,0.));
#1696=DIRECTION('',(0.321393804843271,0.556670399226421,0.766044443118976));
#1697=DIRECTION('center_axis',(0.,0.,-1.));
#1698=DIRECTION('ref_axis',(0.499999999999997,0.86602540378444,0.));
#1699=DIRECTION('',(0.413175911166536,0.492403876506105,0.766044443118976));
#1700=DIRECTION('center_axis',(0.,0.,1.));
#1701=DIRECTION('ref_axis',(-1.,0.,0.));
#1702=DIRECTION('center_axis',(0.,0.,1.));
#1703=DIRECTION('ref_axis',(0.500000000000001,0.866025403784438,0.));
#1704=DIRECTION('',(-0.32139380484327,-0.556670399226419,-0.766044443118979));
#1705=DIRECTION('center_axis',(0.,0.,-1.));
#1706=DIRECTION('ref_axis',(0.856836299822024,0.515588552343148,0.));
#1707=DIRECTION('',(-0.413175911166535,-0.492403876506103,-0.766044443118979));
#1708=DIRECTION('center_axis',(0.,0.,-1.));
#1709=DIRECTION('ref_axis',(0.499999999999998,0.86602540378444,0.));
#1710=DIRECTION('center_axis',(0.,0.,1.));
#1711=DIRECTION('ref_axis',(-0.5,-0.866025403784438,0.));
#1712=DIRECTION('',(-0.5,-0.866025403784438,0.));
#1713=DIRECTION('',(-0.64278760968654,-0.766044443118978,0.));
#1714=DIRECTION('center_axis',(0.766044443118978,-0.64278760968654,0.));
#1715=DIRECTION('ref_axis',(-0.64278760968654,-0.766044443118978,0.));
#1716=DIRECTION('',(0.64278760968654,0.766044443118978,0.));
#1717=DIRECTION('center_axis',(0.866025403784438,-0.5,0.));
#1718=DIRECTION('ref_axis',(-0.5,-0.866025403784438,0.));
#1719=DIRECTION('',(-0.5,-0.866025403784438,0.));
#1720=DIRECTION('center_axis',(0.,0.,1.));
#1721=DIRECTION('ref_axis',(0.866025403784439,0.5,0.));
#1722=DIRECTION('',(0.556670399226421,0.321393804843271,0.766044443118976));
#1723=DIRECTION('center_axis',(0.,0.,-1.));
#1724=DIRECTION('ref_axis',(0.866025403784437,0.500000000000003,0.));
#1725=DIRECTION('',(0.604022773555056,0.219846310392955,0.766044443118976));
#1726=DIRECTION('center_axis',(0.,0.,1.));
#1727=DIRECTION('ref_axis',(-1.,0.,0.));
#1728=DIRECTION('center_axis',(0.,0.,1.));
#1729=DIRECTION('ref_axis',(0.866025403784439,0.5,0.));
#1730=DIRECTION('',(-0.556670399226419,-0.321393804843269,-0.766044443118979));
#1731=DIRECTION('center_axis',(0.,0.,-1.));
#1732=DIRECTION('ref_axis',(-1.,0.,0.));
#1733=DIRECTION('center_axis',(0.,0.,-1.));
#1734=DIRECTION('ref_axis',(0.875639954506548,-0.482964460464505,0.));
#1735=DIRECTION('',(-0.604022773555053,-0.219846310392954,-0.766044443118978));
#1736=DIRECTION('center_axis',(0.,0.,-1.));
#1737=DIRECTION('ref_axis',(0.866025403784437,0.500000000000002,0.));
#1738=DIRECTION('center_axis',(0.,0.,1.));
#1739=DIRECTION('ref_axis',(-0.866025403784439,-0.5,0.));
#1740=DIRECTION('',(-0.866025403784439,-0.5,0.));
#1741=DIRECTION('',(-0.939692620785909,-0.342020143325668,0.));
#1742=DIRECTION('center_axis',(0.342020143325668,-0.939692620785909,0.));
#1743=DIRECTION('ref_axis',(-0.939692620785909,-0.342020143325668,0.));
#1744=DIRECTION('',(0.939692620785909,0.342020143325668,0.));
#1745=DIRECTION('center_axis',(0.5,-0.866025403784439,0.));
#1746=DIRECTION('ref_axis',(-0.866025403784439,-0.5,0.));
#1747=DIRECTION('',(-0.866025403784439,-0.5,0.));
#1748=DIRECTION('center_axis',(0.,0.,1.));
#1749=DIRECTION('ref_axis',(1.,-1.54419355009038E-16,0.));
#1750=DIRECTION('',(0.642787609686541,-5.55111512312578E-17,0.766044443118976));
#1751=DIRECTION('center_axis',(0.,0.,-1.));
#1752=DIRECTION('ref_axis',(1.,4.21641618242163E-15,0.));
#1753=DIRECTION('',(0.633022221559491,-0.11161889704895,0.766044443118976));
#1754=DIRECTION('center_axis',(0.,0.,1.));
#1755=DIRECTION('ref_axis',(-1.,0.,0.));
#1756=DIRECTION('center_axis',(0.,0.,1.));
#1757=DIRECTION('ref_axis',(1.,-8.29804603279557E-17,0.));
#1758=DIRECTION('',(-0.642787609686539,5.55111512312578E-17,-0.766044443118979));
#1759=DIRECTION('center_axis',(0.,0.,-1.));
#1760=DIRECTION('ref_axis',(0.875639954506548,-0.482964460464505,0.));
#1761=DIRECTION('',(-0.633022221559488,0.11161889704895,-0.766044443118979));
#1762=DIRECTION('center_axis',(0.,0.,-1.));
#1763=DIRECTION('ref_axis',(1.,2.93234793198309E-15,0.));
#1764=DIRECTION('center_axis',(0.,0.,1.));
#1765=DIRECTION('ref_axis',(-1.,1.11022302462516E-16,0.));
#1766=DIRECTION('',(-1.,1.11022302462516E-16,0.));
#1767=DIRECTION('',(-0.984807753012208,0.17364817766693,0.));
#1768=DIRECTION('center_axis',(-0.17364817766693,-0.984807753012208,0.));
#1769=DIRECTION('ref_axis',(-0.984807753012208,0.17364817766693,0.));
#1770=DIRECTION('',(0.984807753012208,-0.17364817766693,0.));
#1771=DIRECTION('center_axis',(-1.11022302462516E-16,-1.,0.));
#1772=DIRECTION('ref_axis',(-1.,1.11022302462516E-16,0.));
#1773=DIRECTION('',(-1.,1.11022302462516E-16,0.));
#1774=DIRECTION('center_axis',(0.,0.,1.));
#1775=DIRECTION('ref_axis',(0.866025403784438,-0.5,0.));
#1776=DIRECTION('',(0.556670399226421,-0.321393804843271,0.766044443118976));
#1777=DIRECTION('center_axis',(0.,0.,-1.));
#1778=DIRECTION('ref_axis',(0.866025403784441,-0.499999999999997,0.));
#1779=DIRECTION('',(0.492403876506106,-0.413175911166536,0.766044443118976));
#1780=DIRECTION('center_axis',(0.,0.,1.));
#1781=DIRECTION('ref_axis',(-1.,0.,0.));
#1782=DIRECTION('center_axis',(0.,0.,1.));
#1783=DIRECTION('ref_axis',(0.866025403784438,-0.5,0.));
#1784=DIRECTION('',(-0.556670399226419,0.32139380484327,-0.766044443118979));
#1785=DIRECTION('center_axis',(0.,0.,-1.));
#1786=DIRECTION('ref_axis',(-1.,0.,0.));
#1787=DIRECTION('center_axis',(0.,0.,-1.));
#1788=DIRECTION('ref_axis',(0.0998287032788398,-0.995004638180981,0.));
#1789=DIRECTION('',(-0.492403876506103,0.413175911166535,-0.766044443118979));
#1790=DIRECTION('center_axis',(0.,0.,-1.));
#1791=DIRECTION('ref_axis',(0.86602540378444,-0.499999999999998,0.));
#1792=DIRECTION('center_axis',(0.,0.,1.));
#1793=DIRECTION('ref_axis',(-0.866025403784438,0.5,0.));
#1794=DIRECTION('',(-0.866025403784438,0.5,0.));
#1795=DIRECTION('',(-0.766044443118978,0.64278760968654,0.));
#1796=DIRECTION('center_axis',(-0.64278760968654,-0.766044443118978,0.));
#1797=DIRECTION('ref_axis',(-0.766044443118978,0.64278760968654,0.));
#1798=DIRECTION('',(0.766044443118978,-0.64278760968654,0.));
#1799=DIRECTION('center_axis',(-0.5,-0.866025403784439,0.));
#1800=DIRECTION('ref_axis',(-0.866025403784438,0.5,0.));
#1801=DIRECTION('',(-0.866025403784438,0.5,0.));
#1802=DIRECTION('center_axis',(0.,0.,1.));
#1803=DIRECTION('ref_axis',(0.5,-0.866025403784439,0.));
#1804=DIRECTION('',(0.321393804843271,-0.556670399226421,0.766044443118976));
#1805=DIRECTION('center_axis',(0.,0.,-1.));
#1806=DIRECTION('ref_axis',(0.500000000000004,-0.866025403784437,0.));
#1807=DIRECTION('',(0.219846310392955,-0.604022773555056,0.766044443118976));
#1808=DIRECTION('center_axis',(0.,0.,1.));
#1809=DIRECTION('ref_axis',(-1.,0.,0.));
#1810=DIRECTION('center_axis',(0.,0.,1.));
#1811=DIRECTION('ref_axis',(0.5,-0.866025403784439,0.));
#1812=DIRECTION('',(-0.321393804843269,0.556670399226419,-0.766044443118979));
#1813=DIRECTION('center_axis',(0.,0.,-1.));
#1814=DIRECTION('ref_axis',(0.0998287032788398,-0.995004638180981,0.));
#1815=DIRECTION('',(-0.219846310392954,0.604022773555053,-0.766044443118979));
#1816=DIRECTION('center_axis',(0.,0.,-1.));
#1817=DIRECTION('ref_axis',(0.500000000000002,-0.866025403784437,0.));
#1818=DIRECTION('center_axis',(0.,0.,1.));
#1819=DIRECTION('ref_axis',(-0.5,0.866025403784439,0.));
#1820=DIRECTION('',(-0.5,0.866025403784439,0.));
#1821=DIRECTION('',(-0.342020143325668,0.939692620785909,0.));
#1822=DIRECTION('center_axis',(-0.939692620785909,-0.342020143325669,0.));
#1823=DIRECTION('ref_axis',(-0.342020143325668,0.939692620785909,0.));
#1824=DIRECTION('',(0.342020143325668,-0.939692620785909,0.));
#1825=DIRECTION('center_axis',(-0.866025403784439,-0.5,0.));
#1826=DIRECTION('ref_axis',(-0.5,0.866025403784439,0.));
#1827=DIRECTION('',(-0.5,0.866025403784439,0.));
#1828=DIRECTION('center_axis',(0.,0.,1.));
#1829=DIRECTION('ref_axis',(-7.72096775045191E-17,-1.,0.));
#1830=DIRECTION('',(-5.55111512312578E-17,-0.642787609686541,0.766044443118976));
#1831=DIRECTION('center_axis',(0.,0.,-1.));
#1832=DIRECTION('ref_axis',(4.29038839614832E-15,-1.,0.));
#1833=DIRECTION('',(-0.11161889704895,-0.633022221559491,0.766044443118976));
#1834=DIRECTION('center_axis',(0.,0.,1.));
#1835=DIRECTION('ref_axis',(-1.,0.,0.));
#1836=DIRECTION('center_axis',(0.,0.,1.));
#1837=DIRECTION('ref_axis',(-8.29804603279557E-17,-1.,0.));
#1838=DIRECTION('',(5.55111512312578E-17,0.642787609686539,-0.766044443118979));
#1839=DIRECTION('center_axis',(0.,0.,-1.));
#1840=DIRECTION('ref_axis',(-0.847605955366754,-0.530626181437377,0.));
#1841=DIRECTION('',(0.11161889704895,0.633022221559489,-0.766044443118979));
#1842=DIRECTION('center_axis',(0.,0.,-1.));
#1843=DIRECTION('ref_axis',(3.01160057879345E-15,-1.,0.));
#1844=DIRECTION('center_axis',(0.,0.,1.));
#1845=DIRECTION('ref_axis',(5.55111512312578E-17,1.,0.));
#1846=DIRECTION('',(5.55111512312578E-17,1.,0.));
#1847=DIRECTION('',(0.17364817766693,0.984807753012208,0.));
#1848=DIRECTION('center_axis',(-0.984807753012208,0.17364817766693,0.));
#1849=DIRECTION('ref_axis',(0.17364817766693,0.984807753012208,0.));
#1850=DIRECTION('',(-0.17364817766693,-0.984807753012208,0.));
#1851=DIRECTION('center_axis',(-1.,5.55111512312578E-17,0.));
#1852=DIRECTION('ref_axis',(5.55111512312578E-17,1.,0.));
#1853=DIRECTION('',(5.55111512312578E-17,1.,0.));
#1854=DIRECTION('center_axis',(0.,0.,1.));
#1855=DIRECTION('ref_axis',(-0.5,-0.866025403784439,0.));
#1856=DIRECTION('',(-0.321393804843271,-0.556670399226421,0.766044443118976));
#1857=DIRECTION('center_axis',(0.,0.,-1.));
#1858=DIRECTION('ref_axis',(-0.499999999999996,-0.866025403784441,0.));
#1859=DIRECTION('',(-0.413175911166536,-0.492403876506106,0.766044443118976));
#1860=DIRECTION('center_axis',(0.,0.,1.));
#1861=DIRECTION('ref_axis',(-1.,0.,0.));
#1862=DIRECTION('center_axis',(0.,0.,1.));
#1863=DIRECTION('ref_axis',(-0.5,-0.866025403784438,0.));
#1864=DIRECTION('',(0.321393804843269,0.556670399226419,-0.766044443118979));
#1865=DIRECTION('center_axis',(0.,0.,-1.));
#1866=DIRECTION('ref_axis',(-0.847605955366754,-0.530626181437377,0.));
#1867=DIRECTION('',(0.413175911166535,0.492403876506103,-0.766044443118978));
#1868=DIRECTION('center_axis',(0.,0.,-1.));
#1869=DIRECTION('ref_axis',(-0.499999999999997,-0.86602540378444,0.));
#1870=DIRECTION('center_axis',(0.,0.,1.));
#1871=DIRECTION('ref_axis',(0.5,0.866025403784439,0.));
#1872=DIRECTION('',(0.5,0.866025403784439,0.));
#1873=DIRECTION('',(0.642787609686539,0.766044443118978,0.));
#1874=DIRECTION('center_axis',(-0.766044443118978,0.642787609686539,0.));
#1875=DIRECTION('ref_axis',(0.642787609686539,0.766044443118978,0.));
#1876=DIRECTION('',(-0.642787609686539,-0.766044443118978,0.));
#1877=DIRECTION('center_axis',(-0.866025403784439,0.5,0.));
#1878=DIRECTION('ref_axis',(0.5,0.866025403784439,0.));
#1879=DIRECTION('',(0.5,0.866025403784439,0.));
#1880=DIRECTION('center_axis',(0.,0.,1.));
#1881=DIRECTION('ref_axis',(-0.866025403784439,-0.5,0.));
#1882=DIRECTION('',(-0.556670399226421,-0.321393804843271,0.766044443118976));
#1883=DIRECTION('center_axis',(0.,0.,-1.));
#1884=DIRECTION('ref_axis',(-0.866025403784436,-0.500000000000004,0.));
#1885=DIRECTION('',(-0.604022773555056,-0.219846310392955,0.766044443118976));
#1886=DIRECTION('center_axis',(0.,0.,1.));
#1887=DIRECTION('ref_axis',(-1.,0.,0.));
#1888=DIRECTION('center_axis',(0.,0.,1.));
#1889=DIRECTION('ref_axis',(-0.866025403784439,-0.5,0.));
#1890=DIRECTION('',(0.556670399226419,0.321393804843269,-0.766044443118979));
#1891=DIRECTION('center_axis',(0.,0.,-1.));
#1892=DIRECTION('ref_axis',(-1.,0.,0.));
#1893=DIRECTION('center_axis',(0.,0.,-1.));
#1894=DIRECTION('ref_axis',(-0.89952382291968,0.436871711146378,0.));
#1895=DIRECTION('',(0.604022773555053,0.219846310392954,-0.766044443118979));
#1896=DIRECTION('center_axis',(0.,0.,-1.));
#1897=DIRECTION('ref_axis',(-0.866025403784437,-0.500000000000003,0.));
#1898=DIRECTION('center_axis',(0.,0.,1.));
#1899=DIRECTION('ref_axis',(0.866025403784439,0.5,0.));
#1900=DIRECTION('',(0.866025403784439,0.5,0.));
#1901=DIRECTION('',(0.939692620785909,0.342020143325669,0.));
#1902=DIRECTION('center_axis',(-0.342020143325669,0.939692620785909,0.));
#1903=DIRECTION('ref_axis',(0.939692620785909,0.342020143325669,0.));
#1904=DIRECTION('',(-0.939692620785909,-0.342020143325669,0.));
#1905=DIRECTION('center_axis',(-0.5,0.866025403784439,0.));
#1906=DIRECTION('ref_axis',(0.866025403784439,0.5,0.));
#1907=DIRECTION('',(0.866025403784439,0.5,0.));
#1908=DIRECTION('center_axis',(0.,0.,1.));
#1909=DIRECTION('ref_axis',(-1.,0.,0.));
#1910=DIRECTION('center_axis',(0.,0.,-1.));
#1911=DIRECTION('ref_axis',(-0.89952382291968,0.436871711146378,0.));
#1912=DIRECTION('',(-1.,0.,0.));
#1913=DIRECTION('center_axis',(0.,0.,1.));
#1914=DIRECTION('ref_axis',(-1.,0.,0.));
#1915=DIRECTION('center_axis',(0.,0.,1.));
#1916=DIRECTION('ref_axis',(-1.,0.,0.));
#1917=DIRECTION('center_axis',(0.,0.,-1.));
#1918=DIRECTION('ref_axis',(-0.847605955366754,-0.530626181437377,0.));
#1919=DIRECTION('center_axis',(0.,0.,-1.));
#1920=DIRECTION('ref_axis',(-1.,0.,0.));
#1921=DIRECTION('center_axis',(0.,0.,1.));
#1922=DIRECTION('ref_axis',(-1.,0.,0.));
#1923=DIRECTION('center_axis',(0.,0.,1.));
#1924=DIRECTION('ref_axis',(-1.,0.,0.));
#1925=DIRECTION('center_axis',(0.,0.,-1.));
#1926=DIRECTION('ref_axis',(-0.847605955366754,-0.530626181437377,0.));
#1927=DIRECTION('center_axis',(0.,0.,1.));
#1928=DIRECTION('ref_axis',(-1.,0.,0.));
#1929=DIRECTION('center_axis',(0.,0.,1.));
#1930=DIRECTION('ref_axis',(-1.,0.,0.));
#1931=DIRECTION('center_axis',(0.,0.,-1.));
#1932=DIRECTION('ref_axis',(0.0998287032788398,-0.995004638180981,0.));
#1933=DIRECTION('center_axis',(0.,0.,-1.));
#1934=DIRECTION('ref_axis',(-1.,0.,0.));
#1935=DIRECTION('center_axis',(0.,0.,-1.));
#1936=DIRECTION('ref_axis',(-0.847605955366754,-0.530626181437377,0.));
#1937=DIRECTION('center_axis',(0.,0.,1.));
#1938=DIRECTION('ref_axis',(-1.,0.,0.));
#1939=DIRECTION('center_axis',(0.,0.,1.));
#1940=DIRECTION('ref_axis',(-1.,0.,0.));
#1941=DIRECTION('center_axis',(0.,0.,-1.));
#1942=DIRECTION('ref_axis',(0.0998287032788398,-0.995004638180981,0.));
#1943=DIRECTION('center_axis',(0.,0.,1.));
#1944=DIRECTION('ref_axis',(-1.,0.,0.));
#1945=DIRECTION('center_axis',(0.,0.,1.));
#1946=DIRECTION('ref_axis',(-1.,0.,0.));
#1947=DIRECTION('center_axis',(0.,0.,-1.));
#1948=DIRECTION('ref_axis',(0.875639954506548,-0.482964460464505,0.));
#1949=DIRECTION('center_axis',(0.,0.,-1.));
#1950=DIRECTION('ref_axis',(-1.,0.,0.));
#1951=DIRECTION('center_axis',(0.,0.,1.));
#1952=DIRECTION('ref_axis',(-1.,0.,0.));
#1953=DIRECTION('center_axis',(0.,0.,1.));
#1954=DIRECTION('ref_axis',(-1.,0.,0.));
#1955=DIRECTION('center_axis',(0.,0.,-1.));
#1956=DIRECTION('ref_axis',(0.875639954506548,-0.482964460464505,0.));
#1957=DIRECTION('center_axis',(0.,0.,1.));
#1958=DIRECTION('ref_axis',(-1.,0.,0.));
#1959=DIRECTION('center_axis',(0.,0.,1.));
#1960=DIRECTION('ref_axis',(-1.,0.,0.));
#1961=DIRECTION('center_axis',(0.,0.,-1.));
#1962=DIRECTION('ref_axis',(0.856836299822024,0.515588552343148,0.));
#1963=DIRECTION('center_axis',(0.,0.,-1.));
#1964=DIRECTION('ref_axis',(-1.,0.,0.));
#1965=DIRECTION('center_axis',(0.,0.,1.));
#1966=DIRECTION('ref_axis',(-1.,0.,0.));
#1967=DIRECTION('center_axis',(0.,0.,1.));
#1968=DIRECTION('ref_axis',(-1.,0.,0.));
#1969=DIRECTION('center_axis',(0.,0.,-1.));
#1970=DIRECTION('ref_axis',(0.856836299822024,0.515588552343148,0.));
#1971=DIRECTION('center_axis',(0.,0.,1.));
#1972=DIRECTION('ref_axis',(-1.,0.,0.));
#1973=DIRECTION('center_axis',(0.,0.,1.));
#1974=DIRECTION('ref_axis',(-1.,0.,0.));
#1975=DIRECTION('center_axis',(0.,0.,-1.));
#1976=DIRECTION('ref_axis',(-0.0513929265984766,0.998678510380415,0.));
#1977=DIRECTION('center_axis',(0.,0.,-1.));
#1978=DIRECTION('ref_axis',(-1.,0.,0.));
#1979=DIRECTION('center_axis',(0.,0.,1.));
#1980=DIRECTION('ref_axis',(-1.,0.,0.));
#1981=DIRECTION('center_axis',(0.,0.,1.));
#1982=DIRECTION('ref_axis',(-1.,0.,0.));
#1983=DIRECTION('center_axis',(0.,0.,-1.));
#1984=DIRECTION('ref_axis',(-0.0513929265984766,0.998678510380415,0.));
#1985=DIRECTION('center_axis',(0.,0.,1.));
#1986=DIRECTION('ref_axis',(-1.,0.,0.));
#1987=DIRECTION('center_axis',(0.,0.,1.));
#1988=DIRECTION('ref_axis',(-1.,0.,0.));
#1989=DIRECTION('',(-0.642787609686541,0.,0.766044443118976));
#1990=DIRECTION('center_axis',(0.,0.,-1.));
#1991=DIRECTION('ref_axis',(-1.,-4.34586755644334E-15,0.));
#1992=DIRECTION('',(-0.633022221559491,0.11161889704895,0.766044443118976));
#1993=DIRECTION('center_axis',(0.,0.,1.));
#1994=DIRECTION('ref_axis',(-1.,0.,0.));
#1995=DIRECTION('center_axis',(0.,0.,1.));
#1996=DIRECTION('ref_axis',(-1.,0.,0.));
#1997=DIRECTION('',(0.642787609686539,0.,-0.766044443118979));
#1998=DIRECTION('center_axis',(0.,0.,-1.));
#1999=DIRECTION('ref_axis',(-0.89952382291968,0.436871711146378,0.));
#2000=DIRECTION('',(0.633022221559488,-0.11161889704895,-0.766044443118979));
#2001=DIRECTION('center_axis',(0.,0.,-1.));
#2002=DIRECTION('ref_axis',(-1.,-3.1007598064551E-15,0.));
#2003=DIRECTION('center_axis',(0.,0.,1.));
#2004=DIRECTION('ref_axis',(1.,0.,0.));
#2005=DIRECTION('',(1.,0.,0.));
#2006=DIRECTION('',(0.984807753012208,-0.17364817766693,0.));
#2007=DIRECTION('center_axis',(0.17364817766693,0.984807753012208,0.));
#2008=DIRECTION('ref_axis',(0.984807753012208,-0.17364817766693,0.));
#2009=DIRECTION('',(0.984807753012208,-0.17364817766693,0.));
#2010=DIRECTION('center_axis',(0.,1.,0.));
#2011=DIRECTION('ref_axis',(1.,0.,0.));
#2012=DIRECTION('center_axis',(0.,0.,1.));
#2013=DIRECTION('ref_axis',(-1.,0.,0.));
#2014=DIRECTION('center_axis',(0.,0.,-1.));
#2015=DIRECTION('ref_axis',(-1.,0.,0.));
#2016=DIRECTION('',(0.,0.,1.));
#2017=DIRECTION('',(0.,0.,1.));
#2018=DIRECTION('center_axis',(0.,0.,1.));
#2019=DIRECTION('ref_axis',(0.0998287032788398,-0.995004638180981,0.));
#2020=DIRECTION('center_axis',(0.,0.,-1.));
#2021=DIRECTION('ref_axis',(0.0998287032788398,-0.995004638180981,0.));
#2022=DIRECTION('',(0.,0.,1.));
#2023=DIRECTION('center_axis',(0.,0.,1.));
#2024=DIRECTION('ref_axis',(-1.,0.,0.));
#2025=DIRECTION('center_axis',(0.,0.,-1.));
#2026=DIRECTION('ref_axis',(-1.,0.,0.));
#2027=DIRECTION('',(0.,0.,1.));
#2028=DIRECTION('center_axis',(0.,0.,1.));
#2029=DIRECTION('ref_axis',(0.875639954506548,-0.482964460464505,0.));
#2030=DIRECTION('center_axis',(0.,0.,-1.));
#2031=DIRECTION('ref_axis',(0.875639954506548,-0.482964460464505,0.));
#2032=DIRECTION('',(0.,0.,1.));
#2033=DIRECTION('center_axis',(0.,0.,1.));
#2034=DIRECTION('ref_axis',(-1.,0.,0.));
#2035=DIRECTION('center_axis',(0.,0.,-1.));
#2036=DIRECTION('ref_axis',(-1.,0.,0.));
#2037=DIRECTION('',(0.,0.,1.));
#2038=DIRECTION('center_axis',(0.,0.,1.));
#2039=DIRECTION('ref_axis',(0.856836299822024,0.515588552343148,0.));
#2040=DIRECTION('center_axis',(0.,0.,-1.));
#2041=DIRECTION('ref_axis',(0.856836299822024,0.515588552343148,0.));
#2042=DIRECTION('',(0.,0.,1.));
#2043=DIRECTION('center_axis',(0.,0.,1.));
#2044=DIRECTION('ref_axis',(-1.,0.,0.));
#2045=DIRECTION('center_axis',(0.,0.,-1.));
#2046=DIRECTION('ref_axis',(-1.,0.,0.));
#2047=DIRECTION('',(0.,0.,1.));
#2048=DIRECTION('center_axis',(0.,0.,1.));
#2049=DIRECTION('ref_axis',(-0.0513929265984766,0.998678510380415,0.));
#2050=DIRECTION('center_axis',(0.,0.,-1.));
#2051=DIRECTION('ref_axis',(-0.0513929265984766,0.998678510380415,0.));
#2052=DIRECTION('center_axis',(0.,0.,-1.));
#2053=DIRECTION('ref_axis',(-0.0513929265984766,0.998678510380415,0.));
#2054=DIRECTION('',(0.,0.,1.));
#2055=DIRECTION('center_axis',(0.,0.,1.));
#2056=DIRECTION('ref_axis',(-1.,0.,0.));
#2057=DIRECTION('center_axis',(0.,0.,-1.));
#2058=DIRECTION('ref_axis',(-1.,0.,0.));
#2059=DIRECTION('center_axis',(0.,0.,-1.));
#2060=DIRECTION('ref_axis',(-1.,0.,0.));
#2061=DIRECTION('',(0.,0.,1.));
#2062=DIRECTION('center_axis',(0.,0.,1.));
#2063=DIRECTION('ref_axis',(-0.89952382291968,0.436871711146378,0.));
#2064=DIRECTION('center_axis',(0.,0.,-1.));
#2065=DIRECTION('ref_axis',(-0.89952382291968,0.436871711146378,0.));
#2066=DIRECTION('center_axis',(0.,0.,-1.));
#2067=DIRECTION('ref_axis',(-0.89952382291968,0.436871711146378,0.));
#2068=DIRECTION('',(0.,0.,1.));
#2069=DIRECTION('center_axis',(0.,0.,1.));
#2070=DIRECTION('ref_axis',(-1.,0.,0.));
#2071=DIRECTION('center_axis',(0.,0.,-1.));
#2072=DIRECTION('ref_axis',(-1.,0.,0.));
#2073=DIRECTION('',(0.,0.,1.));
#2074=DIRECTION('center_axis',(0.,0.,1.));
#2075=DIRECTION('ref_axis',(-0.847605955366754,-0.530626181437377,0.));
#2076=DIRECTION('center_axis',(0.,0.,-1.));
#2077=DIRECTION('ref_axis',(-0.847605955366754,-0.530626181437377,0.));
#2078=DIRECTION('center_axis',(0.,0.,1.));
#2079=DIRECTION('ref_axis',(-1.,0.,0.));
#2080=DIRECTION('center_axis',(0.,0.,1.));
#2081=DIRECTION('ref_axis',(-1.,0.,0.));
#2082=DIRECTION('',(0.,0.,-1.));
#2083=DIRECTION('center_axis',(0.,0.,1.));
#2084=DIRECTION('ref_axis',(-1.,0.,0.));
#2085=DIRECTION('center_axis',(0.,0.,1.));
#2086=DIRECTION('ref_axis',(-1.,0.,0.));
#2087=DIRECTION('center_axis',(0.,0.,1.));
#2088=DIRECTION('ref_axis',(-1.,0.,0.));
#2089=CARTESIAN_POINT('',(0.,0.,0.));
#2090=CARTESIAN_POINT('Origin',(-3.0767402982137E-14,1.77635683940025E-14,
6.5));
#2091=CARTESIAN_POINT('',(-23.8156986040721,13.75,5.));
#2092=CARTESIAN_POINT('',(-25.9957433947891,15.008649446766,8.));
#2093=CARTESIAN_POINT('',(-23.8156986040721,13.75,5.));
#2094=CARTESIAN_POINT('',(-22.9945850148315,19.2947478050198,8.));
#2095=CARTESIAN_POINT('Origin',(-1.33469123299051E-12,9.21216419752149E-13,
8.));
#2096=CARTESIAN_POINT('',(-21.0662221857719,17.6766592663799,5.));
#2097=CARTESIAN_POINT('',(-21.0662221857719,17.6766592663799,5.));
#2098=CARTESIAN_POINT('Origin',(-3.5527136788005E-14,0.,5.));
#2099=CARTESIAN_POINT('Origin',(-3.0767402982137E-14,1.77635683940025E-14,
6.5));
#2100=CARTESIAN_POINT('',(-24.263703027927,14.0086554747108,8.));
#2101=CARTESIAN_POINT('',(-22.08365823721,12.7500060279449,5.));
#2102=CARTESIAN_POINT('',(-24.263703027927,14.0086554747108,8.));
#2103=CARTESIAN_POINT('',(-19.5341425348813,16.3910917963833,5.));
#2104=CARTESIAN_POINT('Origin',(-3.5527136788005E-14,0.,5.));
#2105=CARTESIAN_POINT('',(-21.4625053639409,18.0091803350232,8.));
#2106=CARTESIAN_POINT('',(-21.4625053639409,18.0091803350232,8.));
#2107=CARTESIAN_POINT('Origin',(-6.18061688277486E-13,4.57152635575811E-13,
8.));
#2108=CARTESIAN_POINT('Origin',(-25.9957433947891,15.008649446766,8.));
#2109=CARTESIAN_POINT('',(-25.9957433947891,15.008649446766,8.));
#2110=CARTESIAN_POINT('',(-22.9945850148315,19.2947478050198,8.));
#2111=CARTESIAN_POINT('Origin',(-21.2643637748564,17.8429198007016,6.5));
#2112=CARTESIAN_POINT('',(-21.0662221857719,17.6766592663799,5.));
#2113=CARTESIAN_POINT('Origin',(-24.0397008159996,13.8793277373554,6.5));
#2114=CARTESIAN_POINT('',(-23.8156986040721,13.75,5.));
#2115=CARTESIAN_POINT('Origin',(-1.77635683940025E-14,3.0767402982137E-14,
6.5));
#2116=CARTESIAN_POINT('',(-13.75,23.8156986040721,5.));
#2117=CARTESIAN_POINT('',(-15.0086494467659,25.9957433947891,8.));
#2118=CARTESIAN_POINT('',(-13.75,23.8156986040721,5.));
#2119=CARTESIAN_POINT('',(-10.2665208698152,28.2070342661769,8.));
#2120=CARTESIAN_POINT('Origin',(-6.95268304102078E-13,1.46514243838396E-12,
8.));
#2121=CARTESIAN_POINT('',(-9.40555394145589,25.8415470716125,5.));
#2122=CARTESIAN_POINT('',(-9.40555394145589,25.8415470716125,5.));
#2123=CARTESIAN_POINT('Origin',(-3.5527136788005E-14,0.,5.));
#2124=CARTESIAN_POINT('Origin',(-1.77635683940025E-14,3.0767402982137E-14,
6.5));
#2125=CARTESIAN_POINT('',(-14.0086554747108,24.263703027927,8.));
#2126=CARTESIAN_POINT('',(-12.7500060279449,22.08365823721,5.));
#2127=CARTESIAN_POINT('',(-14.0086554747108,24.263703027927,8.));
#2128=CARTESIAN_POINT('',(-8.72151777816169,23.9621731588713,5.));
#2129=CARTESIAN_POINT('Origin',(-3.5527136788005E-14,0.,5.));
#2130=CARTESIAN_POINT('',(-9.582484706521,26.3276603534357,8.));
#2131=CARTESIAN_POINT('',(-9.58248470652099,26.3276603534357,8.));
#2132=CARTESIAN_POINT('Origin',(-3.06680805366296E-13,7.04936639954406E-13,
8.));
#2133=CARTESIAN_POINT('Origin',(-15.0086494467659,25.9957433947891,8.));
#2134=CARTESIAN_POINT('',(-15.0086494467659,25.9957433947891,8.));
#2135=CARTESIAN_POINT('',(-10.2665208698152,28.2070342661769,8.));
#2136=CARTESIAN_POINT('Origin',(-9.49401932398844,26.0846037125241,6.5));
#2137=CARTESIAN_POINT('',(-9.40555394145589,25.8415470716125,5.));
#2138=CARTESIAN_POINT('Origin',(-13.8793277373554,24.0397008159996,6.5));
#2139=CARTESIAN_POINT('',(-13.75,23.8156986040721,5.));
#2140=CARTESIAN_POINT('Origin',(7.88860905221012E-30,3.5527136788005E-14,
6.5));
#2141=CARTESIAN_POINT('',(4.44089209850063E-15,27.5,5.));
#2142=CARTESIAN_POINT('',(8.88178419700125E-15,30.0172988935319,8.));
#2143=CARTESIAN_POINT('',(4.44089209850063E-15,27.5,5.));
#2144=CARTESIAN_POINT('',(5.21244925134538,29.561268674835,8.));
#2145=CARTESIAN_POINT('Origin',(1.30451205393456E-13,1.61648472385423E-12,
8.));
#2146=CARTESIAN_POINT('',(4.77532488584059,27.0822132078358,5.));
#2147=CARTESIAN_POINT('',(4.77532488584059,27.0822132078358,5.));
#2148=CARTESIAN_POINT('Origin',(-3.5527136788005E-14,0.,5.));
#2149=CARTESIAN_POINT('Origin',(7.88860905221012E-30,3.5527136788005E-14,
6.5));
#2150=CARTESIAN_POINT('',(6.66133814775094E-15,28.0173109494216,8.));
#2151=CARTESIAN_POINT('',(6.66133814775094E-15,25.5000120558898,5.));
#2152=CARTESIAN_POINT('',(6.66133814775094E-15,28.0173109494216,8.));
#2153=CARTESIAN_POINT('',(0.089290296167542,25.4998436709524,5.));
#2154=CARTESIAN_POINT('Origin',(-3.5527136788005E-14,0.,5.));
#2155=CARTESIAN_POINT('',(4.42803062399001,25.112609574545,5.));
#2156=CARTESIAN_POINT('Origin',(-3.5527136788005E-14,0.,5.));
#2157=CARTESIAN_POINT('',(4.8651549894948,27.5916650415442,8.));
#2158=CARTESIAN_POINT('',(4.8651549894948,27.5916650415442,8.));
#2159=CARTESIAN_POINT('Origin',(8.68749516769186E-14,7.63833440942108E-13,
8.));
#2160=CARTESIAN_POINT('Origin',(8.88178419700125E-15,30.0172988935319,8.));
#2161=CARTESIAN_POINT('',(8.88178419700125E-15,30.0172988935319,8.));
#2162=CARTESIAN_POINT('',(5.21244925134538,29.561268674835,8.));
#2163=CARTESIAN_POINT('Origin',(4.8202399376677,27.33693912469,6.5));
#2164=CARTESIAN_POINT('',(4.77532488584059,27.0822132078358,5.));
#2165=CARTESIAN_POINT('Origin',(6.66133814775094E-15,27.7586554747108,6.5));
#2166=CARTESIAN_POINT('',(4.44089209850063E-15,27.5,5.));
#2167=CARTESIAN_POINT('Origin',(1.77635683940025E-14,3.0767402982137E-14,
6.5));
#2168=CARTESIAN_POINT('',(13.75,23.8156986040721,5.));
#2169=CARTESIAN_POINT('',(15.008649446766,25.9957433947891,8.));
#2170=CARTESIAN_POINT('',(13.75,23.8156986040721,5.));
#2171=CARTESIAN_POINT('',(19.2947478050198,22.9945850148315,8.));
#2172=CARTESIAN_POINT('Origin',(9.21216419752149E-13,1.33469123299051E-12,
8.));
#2173=CARTESIAN_POINT('',(17.6766592663799,21.0662221857719,5.));
#2174=CARTESIAN_POINT('',(17.6766592663799,21.0662221857719,5.));
#2175=CARTESIAN_POINT('Origin',(-3.5527136788005E-14,0.,5.));
#2176=CARTESIAN_POINT('Origin',(1.77635683940025E-14,3.0767402982137E-14,
6.5));
#2177=CARTESIAN_POINT('',(14.0086554747108,24.263703027927,8.));
#2178=CARTESIAN_POINT('',(12.7500060279449,22.08365823721,5.));
#2179=CARTESIAN_POINT('',(14.0086554747108,24.263703027927,8.));
#2180=CARTESIAN_POINT('',(16.3910917963833,19.5341425348813,5.));
#2181=CARTESIAN_POINT('Origin',(-3.5527136788005E-14,0.,5.));
#2182=CARTESIAN_POINT('',(18.0091803350232,21.4625053639409,8.));
#2183=CARTESIAN_POINT('',(18.0091803350232,21.4625053639409,8.));
#2184=CARTESIAN_POINT('Origin',(4.57152635575811E-13,6.18061688277486E-13,
8.));
#2185=CARTESIAN_POINT('Origin',(15.008649446766,25.9957433947891,8.));
#2186=CARTESIAN_POINT('',(15.008649446766,25.9957433947891,8.));
#2187=CARTESIAN_POINT('',(19.2947478050198,22.9945850148315,8.));
#2188=CARTESIAN_POINT('Origin',(17.8429198007016,21.2643637748564,6.5));
#2189=CARTESIAN_POINT('',(17.6766592663799,21.0662221857719,5.));
#2190=CARTESIAN_POINT('Origin',(13.8793277373554,24.0397008159996,6.5));
#2191=CARTESIAN_POINT('',(13.75,23.8156986040721,5.));
#2192=CARTESIAN_POINT('Origin',(3.0767402982137E-14,1.77635683940025E-14,
6.5));
#2193=CARTESIAN_POINT('',(23.8156986040721,13.75,5.));
#2194=CARTESIAN_POINT('',(25.9957433947891,15.0086494467659,8.));
#2195=CARTESIAN_POINT('',(23.8156986040721,13.75,5.));
#2196=CARTESIAN_POINT('',(28.2070342661769,10.2665208698152,8.));
#2197=CARTESIAN_POINT('Origin',(1.46514243838396E-12,6.95268304102079E-13,
8.));
#2198=CARTESIAN_POINT('',(25.8415470716125,9.4055539414559,5.));
#2199=CARTESIAN_POINT('',(25.8415470716125,9.4055539414559,5.));
#2200=CARTESIAN_POINT('Origin',(-3.5527136788005E-14,0.,5.));
#2201=CARTESIAN_POINT('Origin',(3.0767402982137E-14,1.77635683940025E-14,
6.5));
#2202=CARTESIAN_POINT('',(24.263703027927,14.0086554747108,8.));
#2203=CARTESIAN_POINT('',(22.08365823721,12.7500060279449,5.));
#2204=CARTESIAN_POINT('',(24.263703027927,14.0086554747108,8.));
#2205=CARTESIAN_POINT('',(22.5485104152654,11.9085968129191,5.));
#2206=CARTESIAN_POINT('Origin',(-3.5527136788005E-14,0.,5.));
#2207=CARTESIAN_POINT('',(23.9621731588713,8.7215177781617,5.));
#2208=CARTESIAN_POINT('Origin',(-3.5527136788005E-14,0.,5.));
#2209=CARTESIAN_POINT('',(26.3276603534357,9.58248470652101,8.));
#2210=CARTESIAN_POINT('',(26.3276603534357,9.58248470652101,8.));
#2211=CARTESIAN_POINT('Origin',(7.04936639954405E-13,3.06680805366297E-13,
8.));
#2212=CARTESIAN_POINT('Origin',(25.9957433947891,15.0086494467659,8.));
#2213=CARTESIAN_POINT('',(25.9957433947891,15.0086494467659,8.));
#2214=CARTESIAN_POINT('',(28.2070342661769,10.2665208698152,8.));
#2215=CARTESIAN_POINT('Origin',(26.0846037125241,9.49401932398846,6.5));
#2216=CARTESIAN_POINT('',(25.8415470716125,9.4055539414559,5.));
#2217=CARTESIAN_POINT('Origin',(24.0397008159996,13.8793277373554,6.5));
#2218=CARTESIAN_POINT('',(23.8156986040721,13.75,5.));
#2219=CARTESIAN_POINT('Origin',(3.5527136788005E-14,-3.94430452610506E-30,
6.5));
#2220=CARTESIAN_POINT('',(27.5,-2.22044604925031E-15,5.));
#2221=CARTESIAN_POINT('',(30.0172988935319,-4.44089209850063E-15,8.));
#2222=CARTESIAN_POINT('',(27.5,-2.22044604925031E-15,5.));
#2223=CARTESIAN_POINT('',(29.561268674835,-5.21244925134538,8.));
#2224=CARTESIAN_POINT('Origin',(1.61648472385423E-12,-1.30451205393456E-13,
8.));
#2225=CARTESIAN_POINT('',(27.0822132078358,-4.77532488584059,5.));
#2226=CARTESIAN_POINT('',(27.0822132078358,-4.77532488584059,5.));
#2227=CARTESIAN_POINT('Origin',(-3.5527136788005E-14,0.,5.));
#2228=CARTESIAN_POINT('Origin',(3.5527136788005E-14,-3.94430452610506E-30,
6.5));
#2229=CARTESIAN_POINT('',(28.0173109494216,-4.44089209850063E-15,8.));
#2230=CARTESIAN_POINT('',(25.5000120558898,-4.44089209850063E-15,5.));
#2231=CARTESIAN_POINT('',(28.0173109494216,-4.44089209850063E-15,8.));
#2232=CARTESIAN_POINT('',(25.112609574545,-4.42803062399001,5.));
#2233=CARTESIAN_POINT('Origin',(-3.5527136788005E-14,0.,5.));
#2234=CARTESIAN_POINT('',(27.5916650415442,-4.8651549894948,8.));
#2235=CARTESIAN_POINT('',(27.5916650415442,-4.8651549894948,8.));
#2236=CARTESIAN_POINT('Origin',(7.63833440942108E-13,-8.68749516769186E-14,
8.));
#2237=CARTESIAN_POINT('Origin',(30.0172988935319,-4.44089209850063E-15,
8.));
#2238=CARTESIAN_POINT('',(30.0172988935319,-4.44089209850063E-15,8.));
#2239=CARTESIAN_POINT('',(29.561268674835,-5.21244925134538,8.));
#2240=CARTESIAN_POINT('Origin',(27.33693912469,-4.8202399376677,6.5));
#2241=CARTESIAN_POINT('',(27.0822132078358,-4.77532488584059,5.));
#2242=CARTESIAN_POINT('Origin',(27.7586554747108,-4.44089209850063E-15,
6.5));
#2243=CARTESIAN_POINT('',(27.5,-2.22044604925031E-15,5.));
#2244=CARTESIAN_POINT('Origin',(3.0767402982137E-14,-1.77635683940025E-14,
6.5));
#2245=CARTESIAN_POINT('',(23.8156986040721,-13.75,5.));
#2246=CARTESIAN_POINT('',(25.9957433947891,-15.008649446766,8.));
#2247=CARTESIAN_POINT('',(23.8156986040721,-13.75,5.));
#2248=CARTESIAN_POINT('',(22.9945850148316,-19.2947478050198,8.));
#2249=CARTESIAN_POINT('Origin',(1.33469123299051E-12,-9.21216419752149E-13,
8.));
#2250=CARTESIAN_POINT('',(21.0662221857719,-17.6766592663799,5.));
#2251=CARTESIAN_POINT('',(21.0662221857719,-17.6766592663799,5.));
#2252=CARTESIAN_POINT('Origin',(-3.5527136788005E-14,0.,5.));
#2253=CARTESIAN_POINT('Origin',(3.0767402982137E-14,-1.77635683940025E-14,
6.5));
#2254=CARTESIAN_POINT('',(24.263703027927,-14.0086554747108,8.));
#2255=CARTESIAN_POINT('',(22.08365823721,-12.7500060279449,5.));
#2256=CARTESIAN_POINT('',(24.263703027927,-14.0086554747108,8.));
#2257=CARTESIAN_POINT('',(21.6032963705339,-13.5479734988992,5.));
#2258=CARTESIAN_POINT('Origin',(-3.5527136788005E-14,0.,5.));
#2259=CARTESIAN_POINT('',(19.5341425348813,-16.3910917963833,5.));
#2260=CARTESIAN_POINT('Origin',(-3.5527136788005E-14,0.,5.));
#2261=CARTESIAN_POINT('',(21.4625053639409,-18.0091803350232,8.));
#2262=CARTESIAN_POINT('',(21.4625053639409,-18.0091803350232,8.));
#2263=CARTESIAN_POINT('Origin',(6.18061688277487E-13,-4.57152635575811E-13,
8.));
#2264=CARTESIAN_POINT('Origin',(25.9957433947891,-15.008649446766,8.));
#2265=CARTESIAN_POINT('',(25.9957433947891,-15.008649446766,8.));
#2266=CARTESIAN_POINT('',(22.9945850148316,-19.2947478050198,8.));
#2267=CARTESIAN_POINT('Origin',(21.2643637748564,-17.8429198007016,6.5));
#2268=CARTESIAN_POINT('',(21.0662221857719,-17.6766592663799,5.));
#2269=CARTESIAN_POINT('Origin',(24.0397008159996,-13.8793277373554,6.5));
#2270=CARTESIAN_POINT('',(23.8156986040721,-13.75,5.));
#2271=CARTESIAN_POINT('Origin',(1.77635683940025E-14,-3.0767402982137E-14,
6.5));
#2272=CARTESIAN_POINT('',(13.75,-23.8156986040721,5.));
#2273=CARTESIAN_POINT('',(15.0086494467659,-25.9957433947891,8.));
#2274=CARTESIAN_POINT('',(13.75,-23.8156986040721,5.));
#2275=CARTESIAN_POINT('',(10.2665208698152,-28.2070342661769,8.));
#2276=CARTESIAN_POINT('Origin',(6.95268304102079E-13,-1.46514243838396E-12,
8.));
#2277=CARTESIAN_POINT('',(9.4055539414559,-25.8415470716125,5.));
#2278=CARTESIAN_POINT('',(9.4055539414559,-25.8415470716125,5.));
#2279=CARTESIAN_POINT('Origin',(-3.5527136788005E-14,0.,5.));
#2280=CARTESIAN_POINT('Origin',(1.77635683940025E-14,-3.0767402982137E-14,
6.5));
#2281=CARTESIAN_POINT('',(14.0086554747108,-24.263703027927,8.));
#2282=CARTESIAN_POINT('',(12.7500060279449,-22.08365823721,5.));
#2283=CARTESIAN_POINT('',(14.0086554747108,-24.263703027927,8.));
#2284=CARTESIAN_POINT('',(8.7215177781617,-23.9621731588713,5.));
#2285=CARTESIAN_POINT('Origin',(-3.5527136788005E-14,0.,5.));
#2286=CARTESIAN_POINT('',(9.58248470652101,-26.3276603534357,8.));
#2287=CARTESIAN_POINT('',(9.58248470652101,-26.3276603534357,8.));
#2288=CARTESIAN_POINT('Origin',(3.06680805366297E-13,-7.04936639954405E-13,
8.));
#2289=CARTESIAN_POINT('Origin',(15.0086494467659,-25.9957433947891,8.));
#2290=CARTESIAN_POINT('',(15.0086494467659,-25.9957433947891,8.));
#2291=CARTESIAN_POINT('',(10.2665208698152,-28.2070342661769,8.));
#2292=CARTESIAN_POINT('Origin',(9.49401932398846,-26.0846037125241,6.5));
#2293=CARTESIAN_POINT('',(9.4055539414559,-25.8415470716125,5.));
#2294=CARTESIAN_POINT('Origin',(13.8793277373554,-24.0397008159996,6.5));
#2295=CARTESIAN_POINT('',(13.75,-23.8156986040721,5.));
#2296=CARTESIAN_POINT('Origin',(-1.97215226305253E-30,-3.5527136788005E-14,
6.5));
#2297=CARTESIAN_POINT('',(-2.22044604925031E-15,-27.5,5.));
#2298=CARTESIAN_POINT('',(-2.22044604925031E-15,-30.0172988935319,8.));
#2299=CARTESIAN_POINT('',(-2.22044604925031E-15,-27.5,5.));
#2300=CARTESIAN_POINT('',(-5.21244925134537,-29.561268674835,8.));
#2301=CARTESIAN_POINT('Origin',(-1.30451205393456E-13,-1.61648472385423E-12,
8.));
#2302=CARTESIAN_POINT('',(-4.77532488584059,-27.0822132078358,5.));
#2303=CARTESIAN_POINT('',(-4.77532488584059,-27.0822132078358,5.));
#2304=CARTESIAN_POINT('Origin',(-3.5527136788005E-14,0.,5.));
#2305=CARTESIAN_POINT('Origin',(-1.97215226305253E-30,-3.5527136788005E-14,
6.5));
#2306=CARTESIAN_POINT('',(-2.22044604925031E-15,-28.0173109494216,8.));
#2307=CARTESIAN_POINT('',(-2.22044604925031E-15,-25.5000120558898,5.));
#2308=CARTESIAN_POINT('',(-2.22044604925031E-15,-28.0173109494216,8.));
#2309=CARTESIAN_POINT('',(-4.42803062399001,-25.112609574545,5.));
#2310=CARTESIAN_POINT('Origin',(-3.5527136788005E-14,0.,5.));
#2311=CARTESIAN_POINT('',(-4.8651549894948,-27.5916650415442,8.));
#2312=CARTESIAN_POINT('',(-4.8651549894948,-27.5916650415442,8.));
#2313=CARTESIAN_POINT('Origin',(-8.68749516769186E-14,-7.63833440942108E-13,
8.));
#2314=CARTESIAN_POINT('Origin',(-2.22044604925031E-15,-30.0172988935319,
8.));
#2315=CARTESIAN_POINT('',(-2.22044604925031E-15,-30.0172988935319,8.));
#2316=CARTESIAN_POINT('',(-5.21244925134537,-29.561268674835,8.));
#2317=CARTESIAN_POINT('Origin',(-4.82023993766769,-27.33693912469,6.5));
#2318=CARTESIAN_POINT('',(-4.77532488584059,-27.0822132078358,5.));
#2319=CARTESIAN_POINT('Origin',(-2.22044604925031E-15,-27.7586554747108,
6.5));
#2320=CARTESIAN_POINT('',(-2.22044604925031E-15,-27.5,5.));
#2321=CARTESIAN_POINT('Origin',(-1.77635683940025E-14,-3.0767402982137E-14,
6.5));
#2322=CARTESIAN_POINT('',(-13.75,-23.8156986040721,5.));
#2323=CARTESIAN_POINT('',(-15.0086494467659,-25.9957433947891,8.));
#2324=CARTESIAN_POINT('',(-13.75,-23.8156986040721,5.));
#2325=CARTESIAN_POINT('',(-19.2947478050198,-22.9945850148316,8.));
#2326=CARTESIAN_POINT('Origin',(-9.21216419752149E-13,-1.33469123299051E-12,
8.));
#2327=CARTESIAN_POINT('',(-17.6766592663799,-21.0662221857719,5.));
#2328=CARTESIAN_POINT('',(-17.6766592663799,-21.0662221857719,5.));
#2329=CARTESIAN_POINT('Origin',(-3.5527136788005E-14,0.,5.));
#2330=CARTESIAN_POINT('Origin',(-1.77635683940025E-14,-3.0767402982137E-14,
6.5));
#2331=CARTESIAN_POINT('',(-14.0086554747108,-24.263703027927,8.));
#2332=CARTESIAN_POINT('',(-12.7500060279449,-22.08365823721,5.));
#2333=CARTESIAN_POINT('',(-14.0086554747108,-24.263703027927,8.));
#2334=CARTESIAN_POINT('',(-16.3910917963833,-19.5341425348813,5.));
#2335=CARTESIAN_POINT('Origin',(-3.5527136788005E-14,0.,5.));
#2336=CARTESIAN_POINT('',(-18.0091803350232,-21.4625053639409,8.));
#2337=CARTESIAN_POINT('',(-18.0091803350232,-21.4625053639409,8.));
#2338=CARTESIAN_POINT('Origin',(-4.57152635575811E-13,-6.18061688277487E-13,
8.));
#2339=CARTESIAN_POINT('Origin',(-15.0086494467659,-25.9957433947891,8.));
#2340=CARTESIAN_POINT('',(-15.0086494467659,-25.9957433947891,8.));
#2341=CARTESIAN_POINT('',(-19.2947478050198,-22.9945850148316,8.));
#2342=CARTESIAN_POINT('Origin',(-17.8429198007015,-21.2643637748564,6.5));
#2343=CARTESIAN_POINT('',(-17.6766592663799,-21.0662221857719,5.));
#2344=CARTESIAN_POINT('Origin',(-13.8793277373554,-24.0397008159996,6.5));
#2345=CARTESIAN_POINT('',(-13.75,-23.8156986040721,5.));
#2346=CARTESIAN_POINT('Origin',(-3.0767402982137E-14,-1.77635683940025E-14,
6.5));
#2347=CARTESIAN_POINT('',(-23.8156986040721,-13.75,5.));
#2348=CARTESIAN_POINT('',(-25.9957433947891,-15.0086494467659,8.));
#2349=CARTESIAN_POINT('',(-23.8156986040721,-13.75,5.));
#2350=CARTESIAN_POINT('',(-28.2070342661769,-10.2665208698152,8.));
#2351=CARTESIAN_POINT('Origin',(-1.46514243838396E-12,-6.95268304102079E-13,
8.));
#2352=CARTESIAN_POINT('',(-25.8415470716125,-9.4055539414559,5.));
#2353=CARTESIAN_POINT('',(-25.8415470716125,-9.4055539414559,5.));
#2354=CARTESIAN_POINT('Origin',(-3.5527136788005E-14,0.,5.));
#2355=CARTESIAN_POINT('Origin',(-3.0767402982137E-14,-1.77635683940025E-14,
6.5));
#2356=CARTESIAN_POINT('',(-24.263703027927,-14.0086554747108,8.));
#2357=CARTESIAN_POINT('',(-22.08365823721,-12.7500060279449,5.));
#2358=CARTESIAN_POINT('',(-24.263703027927,-14.0086554747108,8.));
#2359=CARTESIAN_POINT('',(-22.3504471580638,-12.2762987840228,5.));
#2360=CARTESIAN_POINT('Origin',(-3.5527136788005E-14,0.,5.));
#2361=CARTESIAN_POINT('',(-23.9621731588713,-8.72151777816171,5.));
#2362=CARTESIAN_POINT('Origin',(-3.5527136788005E-14,0.,5.));
#2363=CARTESIAN_POINT('',(-26.3276603534357,-9.58248470652102,8.));
#2364=CARTESIAN_POINT('',(-26.3276603534357,-9.58248470652101,8.));
#2365=CARTESIAN_POINT('Origin',(-7.04936639954405E-13,-3.06680805366297E-13,
8.));
#2366=CARTESIAN_POINT('Origin',(-25.9957433947891,-15.0086494467659,8.));
#2367=CARTESIAN_POINT('',(-25.9957433947891,-15.0086494467659,8.));
#2368=CARTESIAN_POINT('',(-28.2070342661769,-10.2665208698152,8.));
#2369=CARTESIAN_POINT('Origin',(-26.0846037125241,-9.49401932398846,6.5));
#2370=CARTESIAN_POINT('',(-25.8415470716125,-9.4055539414559,5.));
#2371=CARTESIAN_POINT('Origin',(-24.0397008159996,-13.8793277373554,6.5));
#2372=CARTESIAN_POINT('',(-23.8156986040721,-13.75,5.));
#2373=CARTESIAN_POINT('Origin',(-3.5527136788005E-14,0.,5.));
#2374=CARTESIAN_POINT('',(-25.5000120558898,0.,5.));
#2375=CARTESIAN_POINT('Origin',(-3.5527136788005E-14,0.,5.));
#2376=CARTESIAN_POINT('',(-27.5,0.,5.));
#2377=CARTESIAN_POINT('',(-13.8793277373554,0.,5.));
#2378=CARTESIAN_POINT('Origin',(-3.5527136788005E-14,0.,5.));
#2379=CARTESIAN_POINT('Origin',(-3.5527136788005E-14,0.,5.));
#2380=CARTESIAN_POINT('',(-21.6139521598378,-13.5309671506602,5.));
#2381=CARTESIAN_POINT('Origin',(-3.5527136788005E-14,0.,5.));
#2382=CARTESIAN_POINT('Origin',(-3.5527136788005E-14,0.,5.));
#2383=CARTESIAN_POINT('Origin',(-3.5527136788005E-14,0.,5.));
#2384=CARTESIAN_POINT('Origin',(-3.5527136788005E-14,0.,5.));
#2385=CARTESIAN_POINT('Origin',(-3.5527136788005E-14,0.,5.));
#2386=CARTESIAN_POINT('Origin',(-3.5527136788005E-14,0.,5.));
#2387=CARTESIAN_POINT('Origin',(-3.5527136788005E-14,0.,5.));
#2388=CARTESIAN_POINT('',(2.5456338355311,-25.3726180827955,5.));
#2389=CARTESIAN_POINT('Origin',(-3.5527136788005E-14,0.,5.));
#2390=CARTESIAN_POINT('',(1.14130130113092,-25.474458710341,5.));
#2391=CARTESIAN_POINT('Origin',(-3.5527136788005E-14,0.,5.));
#2392=CARTESIAN_POINT('Origin',(-3.5527136788005E-14,0.,5.));
#2393=CARTESIAN_POINT('Origin',(-3.5527136788005E-14,0.,5.));
#2394=CARTESIAN_POINT('Origin',(-3.5527136788005E-14,0.,5.));
#2395=CARTESIAN_POINT('Origin',(-3.5527136788005E-14,0.,5.));
#2396=CARTESIAN_POINT('Origin',(-3.5527136788005E-14,0.,5.));
#2397=CARTESIAN_POINT('Origin',(-3.5527136788005E-14,0.,5.));
#2398=CARTESIAN_POINT('',(22.3288194237759,-12.3155926832778,5.));
#2399=CARTESIAN_POINT('Origin',(-3.5527136788005E-14,0.,5.));
#2400=CARTESIAN_POINT('Origin',(-3.5527136788005E-14,0.,5.));
#2401=CARTESIAN_POINT('Origin',(-3.5527136788005E-14,0.,5.));
#2402=CARTESIAN_POINT('Origin',(-3.5527136788005E-14,0.,5.));
#2403=CARTESIAN_POINT('Origin',(-3.5527136788005E-14,0.,5.));
#2404=CARTESIAN_POINT('Origin',(-3.5527136788005E-14,0.,5.));
#2405=CARTESIAN_POINT('Origin',(-3.5527136788005E-14,0.,5.));
#2406=CARTESIAN_POINT('',(21.8493252999032,13.1475086590201,5.));
#2407=CARTESIAN_POINT('Origin',(-3.5527136788005E-14,0.,5.));
#2408=CARTESIAN_POINT('Origin',(-3.5527136788005E-14,0.,5.));
#2409=CARTESIAN_POINT('Origin',(-3.5527136788005E-14,0.,5.));
#2410=CARTESIAN_POINT('Origin',(-3.5527136788005E-14,0.,5.));
#2411=CARTESIAN_POINT('Origin',(-3.5527136788005E-14,0.,5.));
#2412=CARTESIAN_POINT('Origin',(-3.5527136788005E-14,0.,5.));
#2413=CARTESIAN_POINT('Origin',(-3.5527136788005E-14,0.,5.));
#2414=CARTESIAN_POINT('',(-1.31052148179428,25.466301919316,5.));
#2415=CARTESIAN_POINT('Origin',(-3.5527136788005E-14,0.,5.));
#2416=CARTESIAN_POINT('Origin',(-3.5527136788005E-14,0.,5.));
#2417=CARTESIAN_POINT('Origin',(-3.5527136788005E-14,0.,5.));
#2418=CARTESIAN_POINT('Origin',(-3.5527136788005E-14,0.,5.));
#2419=CARTESIAN_POINT('Origin',(-3.5527136788005E-14,0.,5.));
#2420=CARTESIAN_POINT('Origin',(-3.5527136788005E-14,0.,5.));
#2421=CARTESIAN_POINT('Origin',(-3.5527136788005E-14,0.,6.5));
#2422=CARTESIAN_POINT('',(-30.0172988935319,0.,8.));
#2423=CARTESIAN_POINT('',(-27.5,0.,5.));
#2424=CARTESIAN_POINT('',(-29.561268674835,5.21244925134537,8.));
#2425=CARTESIAN_POINT('Origin',(-1.61648472385423E-12,1.30451205393456E-13,
8.));
#2426=CARTESIAN_POINT('',(-27.0822132078358,4.77532488584059,5.));
#2427=CARTESIAN_POINT('',(-27.0822132078358,4.77532488584059,5.));
#2428=CARTESIAN_POINT('Origin',(-3.5527136788005E-14,0.,5.));
#2429=CARTESIAN_POINT('Origin',(-3.5527136788005E-14,0.,6.5));
#2430=CARTESIAN_POINT('',(-28.0173109494216,0.,8.));
#2431=CARTESIAN_POINT('',(-28.0173109494216,0.,8.));
#2432=CARTESIAN_POINT('',(-25.112609574545,4.42803062399001,5.));
#2433=CARTESIAN_POINT('Origin',(-3.5527136788005E-14,0.,5.));
#2434=CARTESIAN_POINT('',(-27.5916650415442,4.86515498949479,8.));
#2435=CARTESIAN_POINT('',(-27.5916650415442,4.86515498949479,8.));
#2436=CARTESIAN_POINT('Origin',(-7.63833440942108E-13,8.68749516769185E-14,
8.));
#2437=CARTESIAN_POINT('Origin',(-30.0172988935319,0.,8.));
#2438=CARTESIAN_POINT('',(-30.0172988935319,0.,8.));
#2439=CARTESIAN_POINT('',(-29.561268674835,5.21244925134537,8.));
#2440=CARTESIAN_POINT('Origin',(-27.33693912469,4.82023993766769,6.5));
#2441=CARTESIAN_POINT('',(-13.668469562345,2.41011996883385,5.));
#2442=CARTESIAN_POINT('Origin',(-27.7586554747108,0.,6.5));
#2443=CARTESIAN_POINT('Origin',(-3.5527136788005E-14,0.,3.));
#2444=CARTESIAN_POINT('',(2.5456329917229,-25.3726288199493,3.));
#2445=CARTESIAN_POINT('',(1.14129996244957,-25.474446694594,3.));
#2446=CARTESIAN_POINT('Origin',(-3.5527136788005E-14,0.,3.));
#2447=CARTESIAN_POINT('',(1.14129996244957,-25.474446694594,3.));
#2448=CARTESIAN_POINT('',(2.5456329917229,-25.3726288199493,3.));
#2449=CARTESIAN_POINT('Origin',(-3.5527136788005E-14,0.,3.));
#2450=CARTESIAN_POINT('',(21.6032963705339,-13.5479734988992,3.));
#2451=CARTESIAN_POINT('Origin',(-3.5527136788005E-14,0.,3.));
#2452=CARTESIAN_POINT('',(21.6032963705339,-13.5479734988992,3.));
#2453=CARTESIAN_POINT('Origin',(-3.5527136788005E-14,0.,3.));
#2454=CARTESIAN_POINT('',(22.328828121079,-12.3155988609254,3.));
#2455=CARTESIAN_POINT('Origin',(-3.5527136788005E-14,0.,3.));
#2456=CARTESIAN_POINT('',(22.328828121079,-12.3155988609254,3.));
#2457=CARTESIAN_POINT('Origin',(-3.5527136788005E-14,0.,3.));
#2458=CARTESIAN_POINT('',(22.5485104152654,11.9085968129191,3.));
#2459=CARTESIAN_POINT('Origin',(-3.5527136788005E-14,0.,3.));
#2460=CARTESIAN_POINT('',(22.5485104152654,11.9085968129191,3.));
#2461=CARTESIAN_POINT('Origin',(-3.5527136788005E-14,0.,3.));
#2462=CARTESIAN_POINT('',(21.8493360016035,13.1475143163659,3.));
#2463=CARTESIAN_POINT('Origin',(-3.5527136788005E-14,0.,3.));
#2464=CARTESIAN_POINT('',(21.8493360016035,13.1475143163659,3.));
#2465=CARTESIAN_POINT('Origin',(-3.5527136788005E-14,0.,3.));
#2466=CARTESIAN_POINT('',(0.089290296167542,25.4998436709524,3.));
#2467=CARTESIAN_POINT('Origin',(-3.5527136788005E-14,0.,3.));
#2468=CARTESIAN_POINT('',(0.089290296167542,25.4998436709524,3.));
#2469=CARTESIAN_POINT('Origin',(-3.5527136788005E-14,0.,3.));
#2470=CARTESIAN_POINT('',(-1.31052024826211,25.4663140626931,3.));
#2471=CARTESIAN_POINT('Origin',(-3.5527136788005E-14,0.,3.));
#2472=CARTESIAN_POINT('',(-1.31052024826211,25.4663140626931,3.));
#2473=CARTESIAN_POINT('Origin',(-3.5527136788005E-14,0.,3.));
#2474=CARTESIAN_POINT('',(-22.3047790959285,12.3590788282069,3.));
#2475=CARTESIAN_POINT('Origin',(-3.5527136788005E-14,0.,3.));
#2476=CARTESIAN_POINT('',(-22.304790484544,12.3590831659218,5.));
#2477=CARTESIAN_POINT('Origin',(-3.5527136788005E-14,0.,5.));
#2478=CARTESIAN_POINT('',(-22.3047790959285,12.3590788282069,3.));
#2479=CARTESIAN_POINT('Origin',(-3.5527136788005E-14,0.,3.));
#2480=CARTESIAN_POINT('',(-22.9378683279532,11.1402339018273,3.));
#2481=CARTESIAN_POINT('Origin',(-3.5527136788005E-14,0.,3.));
#2482=CARTESIAN_POINT('',(-22.9378578538347,11.1402278736692,5.));
#2483=CARTESIAN_POINT('Origin',(-3.5527136788005E-14,0.,5.));
#2484=CARTESIAN_POINT('',(-22.9378683279532,11.1402339018273,3.));
#2485=CARTESIAN_POINT('Origin',(-3.5527136788005E-14,0.,3.));
#2486=CARTESIAN_POINT('',(-22.3504471580638,-12.2762987840228,3.));
#2487=CARTESIAN_POINT('Origin',(-3.5527136788005E-14,0.,3.));
#2488=CARTESIAN_POINT('Origin',(-3.5527136788005E-14,0.,5.));
#2489=CARTESIAN_POINT('',(-22.3504471580638,-12.2762987840228,3.));
#2490=CARTESIAN_POINT('Origin',(-3.5527136788005E-14,0.,3.));
#2491=CARTESIAN_POINT('',(-21.6139620873536,-13.5309740281168,3.));
#2492=CARTESIAN_POINT('Origin',(-3.5527136788005E-14,0.,3.));
#2493=CARTESIAN_POINT('',(-21.6139620873536,-13.5309740281168,3.));
#2494=CARTESIAN_POINT('Origin',(-3.5527136788005E-14,0.,3.));
#2495=CARTESIAN_POINT('Origin',(-3.5527136788005E-14,0.,3.));
#2496=CARTESIAN_POINT('Origin',(-3.5527136788005E-14,0.,3.));
#2497=CARTESIAN_POINT('Origin',(-3.5527136788005E-14,0.,5.));
#2498=CARTESIAN_POINT('',(27.5,3.36777869765522E-15,3.));
#2499=CARTESIAN_POINT('',(27.5,3.36777869765522E-15,3.));
#2500=CARTESIAN_POINT('Origin',(-3.5527136788005E-14,0.,3.));
#2501=CARTESIAN_POINT('Origin',(-3.5527136788005E-14,0.,5.));
#2502=CARTESIAN_POINT('Origin',(-3.5527136788005E-14,0.,3.));
#2503=UNCERTAINTY_MEASURE_WITH_UNIT(LENGTH_MEASURE(0.01),#2507,
'DISTANCE_ACCURACY_VALUE',
'Maximum model space distance between geometric entities at asserted c
onnectivities');
#2504=UNCERTAINTY_MEASURE_WITH_UNIT(LENGTH_MEASURE(0.01),#2507,
'DISTANCE_ACCURACY_VALUE',
'Maximum model space distance between geometric entities at asserted c
onnectivities');
#2505=(
GEOMETRIC_REPRESENTATION_CONTEXT(3)
GLOBAL_UNCERTAINTY_ASSIGNED_CONTEXT((#2503))
GLOBAL_UNIT_ASSIGNED_CONTEXT((#2507,#2509,#2510))
REPRESENTATION_CONTEXT('','3D')
);
#2506=(
GEOMETRIC_REPRESENTATION_CONTEXT(3)
GLOBAL_UNCERTAINTY_ASSIGNED_CONTEXT((#2504))
GLOBAL_UNIT_ASSIGNED_CONTEXT((#2507,#2509,#2510))
REPRESENTATION_CONTEXT('','3D')
);
#2507=(
LENGTH_UNIT()
NAMED_UNIT(*)
SI_UNIT(.MILLI.,.METRE.)
);
#2508=(
LENGTH_UNIT()
NAMED_UNIT(*)
SI_UNIT($,.METRE.)
);
#2509=(
NAMED_UNIT(*)
PLANE_ANGLE_UNIT()
SI_UNIT($,.RADIAN.)
);
#2510=(
NAMED_UNIT(*)
SI_UNIT($,.STERADIAN.)
SOLID_ANGLE_UNIT()
);
#2511=SHAPE_DEFINITION_REPRESENTATION(#2512,#2513);
#2512=PRODUCT_DEFINITION_SHAPE('',$,#2515);
#2513=SHAPE_REPRESENTATION('',(#1428),#2505);
#2514=PRODUCT_DEFINITION_CONTEXT('part definition',#2519,'design');
#2515=PRODUCT_DEFINITION('Castle','Castle',#2516,#2514);
#2516=PRODUCT_DEFINITION_FORMATION('',$,#2521);
#2517=PRODUCT_RELATED_PRODUCT_CATEGORY('Castle','Castle',(#2521));
#2518=APPLICATION_PROTOCOL_DEFINITION('international standard',
'automotive_design',2009,#2519);
#2519=APPLICATION_CONTEXT(
'Core Data for Automotive Mechanical Design Process');
#2520=PRODUCT_CONTEXT('part definition',#2519,'mechanical');
#2521=PRODUCT('Castle','Castle',$,(#2520));
#2522=PRESENTATION_STYLE_ASSIGNMENT((#2523));
#2523=SURFACE_STYLE_USAGE(.BOTH.,#2524);
#2524=SURFACE_SIDE_STYLE('',(#2525));
#2525=SURFACE_STYLE_FILL_AREA(#2526);
#2526=FILL_AREA_STYLE('ABS (White)',(#2527));
#2527=FILL_AREA_STYLE_COLOUR('ABS (White)',#2528);
#2528=COLOUR_RGB('ABS (White)',0.964705882352941,0.964705882352941,0.952941176470588);
ENDSEC;
END-ISO-10303-21;
